OrderId,SalesChannelId,OrderNumber,CustomerId,CustomerAccountId,OrderDate,OrderStatus,SubTotal,TaxAmount,OrderTotal,PaymentMethod,IsoCurrencyCode,CreatedBy
46389a24-78c2-4d88-a666-366a42a70605,Snowflake,S300000,CID-001,CA-0002,2025-10-22,Pending,1579.96,138.25,1718.21,Discover,USD,SampleGen
417ef7d3-1b60-4673-8828-f0115f36b831,Snowflake,S300001,CID-001,CA-0002,2025-02-01,Completed,2979.95,260.75,3240.7,Discover,USD,SampleGen
7ae1b1f0-7ae7-4421-9df7-2f21139b2901,Snowflake,S300002,CID-001,CA-0002,2025-03-13,Completed,2779.95,243.25,3023.2,MC,USD,SampleGen
98385753-0965-4103-b5c9-d725ae0dfb22,Snowflake,S300003,CID-001,CA-0002,2026-01-12,Completed,3209.94,280.87,3490.81,VISA,USD,SampleGen
de898c08-78bf-4305-9932-7cad6ec8156f,Snowflake,S300004,CID-001,CA-0002,2026-03-19,Completed,1239.95,108.5,1348.45,AmEx,USD,SampleGen
56ac5800-5aec-4515-93f5-7845485ee9aa,Snowflake,S300005,CID-001,CA-0002,2025-03-08,Completed,539.96,47.25,587.21,MC,USD,SampleGen
a6b6f2e6-5b7b-4d28-95be-6823e16236db,Snowflake,S300006,CID-001,CA-0002,2026-02-18,Completed,189.99,16.62,206.61,VISA,USD,SampleGen
9b15436f-4982-4bf0-9c43-35899f59c38d,Snowflake,S300007,CID-002,CA-0004,2026-03-28,Completed,659.96,57.75,717.71,VISA,USD,SampleGen
3747844f-2c89-41ae-8b37-4671848487c1,Snowflake,S300008,CID-003,CA-0005,2026-03-02,Shipped,1729.97,151.37,1881.34,AmEx,USD,SampleGen
42e38c01-15b4-43e7-bc86-8fb124097627,Snowflake,S300009,CID-003,CA-0005,2025-01-23,Completed,2349.97,205.62,2555.59,VISA,USD,SampleGen
99d187bf-a4fd-4d5c-9881-a08369914e76,Snowflake,S300010,CID-003,CA-0005,2025-11-06,Shipped,969.95,84.87,1054.82,MC,USD,SampleGen
3e861f47-812b-4ba0-bb6e-48c768dcd20c,Snowflake,S300011,CID-004,CA-0008,2025-11-19,Shipped,1309.97,114.62,1424.59,VISA,USD,SampleGen
e7c67c14-2cf5-45c7-ac5c-4bd8ad1a8a57,Snowflake,S300012,CID-004,CA-0008,2025-09-23,Completed,1199.97,105.0,1304.97,PayPal,USD,SampleGen
d79e816d-082e-4886-9384-be2f727f2a90,Snowflake,S300013,CID-005,CA-0009,2025-11-26,Cancelled,299.98,26.25,326.23,MC,USD,SampleGen
1bcce7f4-b8c0-44c9-bfce-d5a3b3d6c0c4,Snowflake,S300014,CID-005,CA-0009,2025-02-11,Completed,2729.97,238.87,2968.84,MC,USD,SampleGen
8b40bec4-1a94-4c76-98d3-9b3f63948cc1,Snowflake,S300015,CID-006,CA-0012,2025-06-05,Pending,1419.97,124.25,1544.22,PayPal,USD,SampleGen
722ebbf2-7bf7-4bc5-8303-6a079dc12c92,Snowflake,S300016,CID-006,CA-0012,2025-07-02,Completed,2354.94,206.06,2561.0,VISA,USD,SampleGen
8e4bbd9a-2921-4230-b608-cbe918f450ad,Snowflake,S300017,CID-006,CA-0012,2026-03-15,Completed,629.94,55.12,685.06,VISA,USD,SampleGen
5a4444ea-ca3b-429c-b2a9-e2fc86a275b2,Snowflake,S300018,CID-006,CA-0012,2025-10-04,Shipped,599.98,52.5,652.48,VISA,USD,SampleGen
771531a0-a8db-4391-a0d9-c10b63d800f6,Snowflake,S300019,CID-006,CA-0012,2026-01-24,Shipped,4049.93,354.37,4404.3,VISA,USD,SampleGen
60b80ea9-9541-4336-b002-0a746c77c838,Snowflake,S300020,CID-006,CA-0012,2025-06-04,Completed,3534.95,309.31,3844.26,VISA,USD,SampleGen
3aeedd36-7765-4e95-a6a8-dd3f2627d941,Snowflake,S300021,CID-007,CA-0013,2025-03-08,Completed,2039.95,178.49,2218.44,MC,USD,SampleGen
68ee00a9-f2e8-4971-abe3-d5802e1e6c62,Snowflake,S300022,CID-007,CA-0013,2025-11-14,Cancelled,2599.98,227.5,2827.48,AmEx,USD,SampleGen
8b403627-19a3-46f4-b004-c12e06d1a8d1,Snowflake,S300023,CID-008,CA-0014,2026-01-01,Completed,979.95,85.74,1065.69,VISA,USD,SampleGen
b4cb5008-5186-4478-b32b-0db299fe8571,Snowflake,S300024,CID-008,CA-0014,2025-08-19,Pending,1309.92,114.62,1424.54,VISA,USD,SampleGen
a9497a2f-fb9e-4837-9db9-3cf6e75a7bc9,Snowflake,S300025,CID-008,CA-0014,2025-07-18,Pending,569.97,49.87,619.84,PayPal,USD,SampleGen
3ecdb5fb-5872-4b7b-8ad3-3c68611beace,Snowflake,S300026,CID-008,CA-0014,2025-12-10,Shipped,2999.95,262.5,3262.45,PayPal,USD,SampleGen
6d368892-ff19-4db3-bdc9-f9db5b3b05ba,Snowflake,S300027,CID-008,CA-0014,2026-01-27,Completed,559.96,49.0,608.96,MC,USD,SampleGen
9bf40d0c-67a3-4c34-adc5-c52e928597ec,Snowflake,S300028,CID-009,CA-0017,2025-11-09,Completed,2389.95,209.12,2599.07,AmEx,USD,SampleGen
4a2ad87f-e259-4aab-9fa8-d1c95fe0166a,Snowflake,S300029,CID-010,CA-0019,2026-01-05,Shipped,1299.98,113.75,1413.73,Discover,USD,SampleGen
d560ca35-e955-4ed1-8b1a-74a85fafad19,Snowflake,S300030,CID-010,CA-0019,2025-03-26,Shipped,2989.93,261.62,3251.55,AmEx,USD,SampleGen
f096984d-1b28-4560-b962-f401f5b8afff,Snowflake,S300031,CID-010,CA-0019,2025-09-14,Completed,1149.98,100.62,1250.6,VISA,USD,SampleGen
0c8c13e1-41e3-4ce1-ad17-1041b6f8bbd6,Snowflake,S300032,CID-010,CA-0019,2026-03-04,Pending,1499.96,131.25,1631.21,MC,USD,SampleGen
5adb5493-2546-46c4-a68e-1ef48189399e,Snowflake,S300033,CID-010,CA-0019,2025-04-15,Shipped,159.99,14.0,173.99,PayPal,USD,SampleGen
b715348d-96dd-4635-adc5-13f8c28ffb92,Snowflake,S300034,CID-010,CA-0019,2026-01-16,Completed,1599.97,140.0,1739.97,AmEx,USD,SampleGen
dca165e4-7c23-4b58-9d6e-dbb8c583c40e,Snowflake,S300035,CID-011,CA-0020,2025-06-28,Cancelled,2789.96,244.12,3034.08,MC,USD,SampleGen
6d8d32e1-29e2-486b-8aa3-aa9630cf86e1,Snowflake,S300036,CID-011,CA-0020,2025-04-03,Completed,559.95,49.0,608.95,PayPal,USD,SampleGen
90fd9d18-d9a3-4f88-994f-86abf79fe25f,Snowflake,S300037,CID-011,CA-0020,2025-12-21,Completed,1559.97,136.5,1696.47,MC,USD,SampleGen
74438f56-91f0-4b66-8996-22956feaf410,Snowflake,S300038,CID-012,CA-0023,2025-08-05,Completed,949.95,83.12,1033.07,Discover,USD,SampleGen
3dbdf412-282e-49ae-bd30-61777999da13,Snowflake,S300039,CID-012,CA-0023,2025-10-31,Completed,3749.95,328.12,4078.07,AmEx,USD,SampleGen
10871093-31ad-4ca6-9d75-9e92f4d1ad0c,Snowflake,S300040,CID-013,CA-0024,2025-03-13,Pending,1259.93,110.25,1370.18,Discover,USD,SampleGen
dee52772-ccd3-4f8f-a30a-4b46464978f6,Snowflake,S300041,CID-013,CA-0024,2025-06-06,Completed,1739.95,152.25,1892.2,MC,USD,SampleGen
5103a06d-5eb9-43d2-b31a-cc3b2991187e,Snowflake,S300042,CID-013,CA-0024,2025-02-27,Completed,2219.95,194.25,2414.2,VISA,USD,SampleGen
a58a6ec1-b993-4d3b-aed5-218971ab2a21,Snowflake,S300043,CID-013,CA-0024,2025-02-16,Completed,2649.96,231.86,2881.82,Discover,USD,SampleGen
6594c5b4-b2cf-48b8-b122-da47946867f5,Snowflake,S300044,CID-014,CA-0026,2025-12-06,Completed,749.97,65.62,815.59,PayPal,USD,SampleGen
5baf68ca-081b-4169-a0a5-2dcb3d1be44b,Snowflake,S300045,CID-015,CA-0028,2025-07-28,Completed,729.95,63.87,793.82,MC,USD,SampleGen
5a02077c-f52c-493d-8d65-752e751ee598,Snowflake,S300046,CID-016,CA-0031,2025-02-27,Cancelled,649.97,56.87,706.84,MC,USD,SampleGen
1b934306-0e75-4c45-9ce2-8a984cfb48b4,Snowflake,S300047,CID-016,CA-0031,2025-05-02,Completed,799.95,70.0,869.95,VISA,USD,SampleGen
b892676f-40d8-4c34-9369-88432f8d53fd,Snowflake,S300048,CID-017,CA-0033,2025-01-31,Completed,3899.93,341.25,4241.18,MC,USD,SampleGen
8044477f-1065-41e5-8e29-5f6820ab3f67,Snowflake,S300049,CID-017,CA-0033,2025-04-25,Completed,499.97,43.75,543.72,VISA,USD,SampleGen
b66693c2-bae2-4080-8c85-10309a77d1d2,Snowflake,S300050,CID-017,CA-0033,2025-01-09,Completed,1199.96,105.0,1304.96,AmEx,USD,SampleGen
b31218a9-46a1-44b6-95a3-9e8feb5ef09c,Snowflake,S300051,CID-017,CA-0033,2025-01-21,Completed,2799.95,245.0,3044.95,PayPal,USD,SampleGen
2f51bb3d-1468-477f-9453-2d0440ba756e,Snowflake,S300052,CID-017,CA-0033,2025-12-06,Completed,2049.95,179.37,2229.32,MC,USD,SampleGen
20b016a2-8a4f-4410-bdab-b1f643c72581,Snowflake,S300053,CID-017,CA-0033,2025-08-01,Cancelled,1489.97,130.37,1620.34,PayPal,USD,SampleGen
74378a32-3e7f-4a6d-ad85-5ff35d0edfd0,Snowflake,S300054,CID-017,CA-0033,2025-10-26,Completed,1779.92,155.75,1935.67,VISA,USD,SampleGen
e9a6de0c-592f-4ef5-8314-842865ab0768,Snowflake,S300055,CID-018,CA-0034,2025-11-18,Completed,2759.94,241.5,3001.44,AmEx,USD,SampleGen
f5546f08-d386-4d5d-a962-3d1af01d53a8,Snowflake,S300056,CID-018,CA-0034,2025-01-05,Pending,1159.98,101.5,1261.48,AmEx,USD,SampleGen
5c0d4e7b-1519-4843-9df4-f07013f7e970,Snowflake,S300057,CID-018,CA-0034,2025-11-27,Completed,79.99,7.0,86.99,MC,USD,SampleGen
7ffe0d47-6aeb-496b-8a40-7a11641719ae,Snowflake,S300058,CID-019,CA-0035,2025-01-09,Cancelled,3019.94,264.25,3284.19,VISA,USD,SampleGen
ba251a69-d844-4c02-9ebe-57257a59c2ef,Snowflake,S300059,CID-019,CA-0035,2025-10-26,Completed,1159.98,101.5,1261.48,VISA,USD,SampleGen
b378fcd2-836a-43b8-95c7-a2777da50c15,Snowflake,S300060,CID-019,CA-0035,2025-08-29,Completed,1189.96,104.12,1294.08,PayPal,USD,SampleGen
ef67209c-b09e-422a-ae9d-bdd02659666a,Snowflake,S300061,CID-019,CA-0035,2025-07-29,Shipped,79.99,7.0,86.99,Discover,USD,SampleGen
c5b7df97-1637-418d-9e47-23cebc60164e,Snowflake,S300062,CID-020,CA-0037,2025-03-11,Cancelled,1209.95,105.87,1315.82,VISA,USD,SampleGen
09aefe3b-6050-4249-9171-40201f1aa6ed,Snowflake,S300063,CID-020,CA-0037,2025-05-21,Completed,379.98,33.25,413.23,MC,USD,SampleGen
cd89e44b-ab33-41ee-9c87-674cd322c094,Snowflake,S300064,CID-020,CA-0037,2025-01-30,Completed,4999.92,437.5,5437.42,MC,USD,SampleGen
e82f8988-3581-4123-b014-6a796f7f46bd,Snowflake,S300065,CID-020,CA-0037,2025-01-26,Completed,799.97,70.0,869.97,MC,USD,SampleGen
e66ce339-ca2f-4d28-8fe1-a87965449cc6,Snowflake,S300066,CID-020,CA-0037,2025-10-28,Completed,299.99,26.25,326.24,AmEx,USD,SampleGen
11eec37c-c23b-4d4b-b2a7-a4d53d81088a,Snowflake,S300067,CID-020,CA-0037,2025-07-13,Completed,2249.96,196.87,2446.83,MC,USD,SampleGen
432d4d93-174a-4d84-ac86-6ea89f4b0964,Snowflake,S300068,CID-021,CA-0039,2025-02-26,Completed,2759.93,241.5,3001.43,MC,USD,SampleGen
f8275fba-3adc-4b9f-ad3e-a3ab512e4b29,Snowflake,S300069,CID-021,CA-0039,2026-02-05,Shipped,2599.98,227.5,2827.48,AmEx,USD,SampleGen
5959c840-b0b8-4b35-a24d-d99de0355f56,Snowflake,S300070,CID-022,CA-1480,2026-02-10,Completed,1349.94,118.12,1468.06,MC,USD,SampleGen
354f638a-3d6f-46d6-a940-55f9769c39fb,Snowflake,S300071,CID-022,CA-1480,2025-10-27,Completed,399.99,35.0,434.99,MC,USD,SampleGen
9cd0b008-be26-444c-96ae-06ccd78ae061,Snowflake,S300072,CID-022,CA-1480,2026-03-07,Completed,1969.93,172.37,2142.3,VISA,USD,SampleGen
7127d5a4-f340-4637-ac40-19fad3328969,Snowflake,S300073,CID-023,CA-0041,2026-02-14,Shipped,2449.97,214.37,2664.34,AmEx,USD,SampleGen
9135f8a7-5558-4ee1-9458-87b0949ec25d,Snowflake,S300074,CID-023,CA-0041,2025-04-22,Shipped,14.99,1.31,16.3,AmEx,USD,SampleGen
0ce7e822-a96d-44a9-b5ec-543e1e277849,Snowflake,S300075,CID-023,CA-0041,2025-11-15,Completed,439.96,38.5,478.46,VISA,USD,SampleGen
f5f19b65-f929-42fb-bc12-f2b7d218f15a,Snowflake,S300076,CID-024,CA-0044,2025-12-30,Completed,1809.95,158.37,1968.32,AmEx,USD,SampleGen
8dfca710-7589-4fa4-8fd5-fea0929593a4,Snowflake,S300077,CID-024,CA-0044,2025-12-10,Completed,2159.95,189.0,2348.95,MC,USD,SampleGen
cae338a5-7642-4e48-a92a-04b37a635672,Snowflake,S300078,CID-024,CA-0044,2025-08-30,Shipped,2234.93,195.56,2430.49,VISA,USD,SampleGen
cd65a780-bd1b-4cba-aba0-c8ebc099563c,Snowflake,S300079,CID-024,CA-0044,2025-12-16,Completed,849.97,74.37,924.34,Discover,USD,SampleGen
8eaf764e-0453-49ed-b74b-47a2b8a51053,Snowflake,S300080,CID-025,CA-1481,2026-01-05,Shipped,599.97,52.5,652.47,MC,USD,SampleGen
8721b0bf-ed6d-49b1-95f2-2b58129280e4,Snowflake,S300081,CID-026,CA-1439,2025-11-16,Completed,1419.97,124.25,1544.22,MC,USD,SampleGen
9f5448a5-2171-46e1-b30d-b05e3842019d,Snowflake,S300082,CID-026,CA-1439,2025-01-04,Completed,1609.95,140.87,1750.82,MC,USD,SampleGen
1cb65863-7739-4b9f-8e6d-8679803ef83a,Snowflake,S300083,CID-026,CA-1439,2025-05-05,Completed,1599.96,140.0,1739.96,MC,USD,SampleGen
f506c5df-05e6-4e64-8be5-e60e81756036,Snowflake,S300084,CID-026,CA-1439,2025-08-05,Completed,204.98,17.93,222.91,PayPal,USD,SampleGen
448f7f35-0ab4-4dfa-bf83-878096d32765,Snowflake,S300085,CID-027,CA-0048,2025-10-14,Shipped,849.97,74.37,924.34,PayPal,USD,SampleGen
77a69a9e-489b-4bf8-8a4f-509345499e0e,Snowflake,S300086,CID-027,CA-0048,2025-03-18,Completed,729.95,63.86,793.81,MC,USD,SampleGen
acb536ac-24f1-4077-aa1c-96013f0834c1,Snowflake,S300087,CID-028,CA-1482,2026-03-15,Completed,639.98,55.99,695.97,AmEx,USD,SampleGen
575fca3d-9a5d-4eea-bd3d-be303b13d234,Snowflake,S300088,CID-028,CA-1482,2025-09-03,Completed,299.98,26.25,326.23,VISA,USD,SampleGen
52f0e419-6625-4d1e-9be7-34df04320448,Snowflake,S300089,CID-028,CA-1482,2025-01-01,Completed,699.98,61.25,761.23,AmEx,USD,SampleGen
c017f26b-433f-4741-bea7-479097cb1b10,Snowflake,S300090,CID-028,CA-1482,2026-03-30,Completed,899.94,78.74,978.68,AmEx,USD,SampleGen
73019157-0ede-407b-ab25-29a41c889ba8,Snowflake,S300091,CID-028,CA-1482,2025-06-20,Completed,14.99,1.31,16.3,MC,USD,SampleGen
edd2232e-fe8e-4f60-ab4c-2f90eef82eee,Snowflake,S300092,CID-028,CA-1482,2026-01-15,Cancelled,2519.94,220.5,2740.44,AmEx,USD,SampleGen
5b8d279b-5423-4679-8deb-b7b5bdf3bd74,Snowflake,S300093,CID-028,CA-1482,2025-04-07,Completed,29.98,2.62,32.6,VISA,USD,SampleGen
9aba4964-7d52-463a-ba7e-57bff7d3cff6,Snowflake,S300094,CID-029,CA-0050,2025-08-12,Completed,1859.96,162.75,2022.71,MC,USD,SampleGen
d9d0a6a5-1fde-42c7-90b0-146cb719c81b,Snowflake,S300095,CID-029,CA-0050,2026-02-10,Completed,599.98,52.49,652.47,MC,USD,SampleGen
5918eba8-dee6-4b6d-9f3d-fa09057b4307,Snowflake,S300096,CID-030,CA-0052,2025-07-04,Completed,1239.97,108.5,1348.47,MC,USD,SampleGen
40d9f1b5-fe53-4579-9841-0498d66aae91,Snowflake,S300097,CID-031,CA-0053,2025-01-14,Shipped,1399.97,122.5,1522.47,VISA,USD,SampleGen
a93aa84d-754f-45f2-b8b8-d13bf9c0a40f,Snowflake,S300098,CID-031,CA-0053,2025-01-05,Completed,799.98,70.0,869.98,AmEx,USD,SampleGen
4ff850b8-0c10-4e6b-913c-09c35209ceb2,Snowflake,S300099,CID-031,CA-0053,2025-12-30,Completed,2599.98,227.5,2827.48,VISA,USD,SampleGen
666c83e8-ee64-4c56-b1cf-98e29d4ea8ae,Snowflake,S300100,CID-032,CA-0055,2025-10-23,Completed,3399.96,297.5,3697.46,MC,USD,SampleGen
65aa09e1-4382-4e7f-88b3-9b7774c09635,Snowflake,S300101,CID-032,CA-0055,2025-12-24,Pending,349.99,30.62,380.61,Discover,USD,SampleGen
f7b5305b-2c5c-4ad6-b1d4-41a186279bc2,Snowflake,S300102,CID-033,CA-0056,2026-01-04,Completed,2299.96,201.25,2501.21,MC,USD,SampleGen
5e078c49-69cd-4979-b913-94538a0ce9c8,Snowflake,S300103,CID-033,CA-0056,2026-02-17,Completed,3499.94,306.25,3806.19,MC,USD,SampleGen
850f0803-f7e4-47e6-b34d-9c152c72c3fa,Snowflake,S300104,CID-034,CA-0059,2026-03-25,Completed,499.97,43.75,543.72,Discover,USD,SampleGen
40075c10-2aa4-43b6-8451-18b32908c749,Snowflake,S300105,CID-035,CA-0060,2025-07-11,Completed,679.97,59.5,739.47,VISA,USD,SampleGen
cfa3ccc8-2ed3-41a6-ad35-8dcd5bff92c7,Snowflake,S300106,CID-035,CA-0060,2025-11-09,Completed,1479.96,129.5,1609.46,VISA,USD,SampleGen
fb76e837-8af6-47f7-9a9a-64db0c83ef14,Snowflake,S300107,CID-036,CA-0062,2026-03-24,Completed,159.99,14.0,173.99,VISA,USD,SampleGen
05097c35-b586-42ae-8a75-5cdbcfb0bbc0,Snowflake,S300108,CID-036,CA-0062,2025-10-30,Completed,3759.95,329.0,4088.95,MC,USD,SampleGen
8ba8ad2f-d84f-4c86-92c5-f8061dd197f8,Snowflake,S300109,CID-037,CA-0065,2026-02-08,Completed,914.98,80.06,995.04,VISA,USD,SampleGen
135f88c3-28b8-4e8f-9b60-c09f16f4f364,Snowflake,S300110,CID-037,CA-0065,2025-06-13,Completed,2169.93,189.87,2359.8,VISA,USD,SampleGen
d9713392-ea5f-47fa-bbf2-453818dc85ba,Snowflake,S300111,CID-038,CA-0066,2026-02-20,Pending,899.97,78.74,978.71,Discover,USD,SampleGen
71dcd05d-6b12-4005-a110-d0fad9a859ee,Snowflake,S300112,CID-038,CA-0066,2025-08-20,Completed,239.98,21.0,260.98,VISA,USD,SampleGen
c1b06956-05f2-4776-a604-5e51c04e5b30,Snowflake,S300113,CID-039,CA-0068,2025-04-28,Completed,3539.93,309.75,3849.68,AmEx,USD,SampleGen
b6a1fba6-b2ab-4de0-af7a-36d8ade87cef,Snowflake,S300114,CID-039,CA-0068,2025-10-16,Shipped,1549.97,135.62,1685.59,VISA,USD,SampleGen
9d0a8dce-03d0-463d-bd88-740c414c653b,Snowflake,S300115,CID-039,CA-0068,2025-05-31,Completed,799.97,70.0,869.97,MC,USD,SampleGen
ac340126-00a3-447f-8b58-9b09666cb6dc,Snowflake,S300116,CID-039,CA-0068,2025-08-10,Shipped,429.96,37.62,467.58,MC,USD,SampleGen
456b3e33-4a10-400a-b096-dac43f9a801c,Snowflake,S300117,CID-039,CA-0068,2025-04-27,Completed,919.97,80.49,1000.46,AmEx,USD,SampleGen
2f62a60e-4ec1-4b43-a38a-3c6ddb93a3e2,Snowflake,S300118,CID-039,CA-0068,2025-05-20,Shipped,1649.96,144.37,1794.33,MC,USD,SampleGen
92742256-48f2-4b52-8cd6-bf0eb52549cf,Snowflake,S300119,CID-039,CA-0068,2025-11-29,Completed,1889.96,165.37,2055.33,MC,USD,SampleGen
a80cca88-d9e8-452e-9c94-6e957b19e27c,Snowflake,S300120,CID-040,CA-0070,2025-02-03,Pending,2379.97,208.25,2588.22,VISA,USD,SampleGen
c141ef30-49d1-418a-b57a-818014fcb48d,Snowflake,S300121,CID-040,CA-0070,2025-07-17,Completed,519.94,45.5,565.44,MC,USD,SampleGen
ace3a2b2-457e-4ef7-bc56-23fd6be202f3,Snowflake,S300122,CID-041,CA-0072,2025-09-01,Shipped,1779.93,155.75,1935.68,AmEx,USD,SampleGen
0554aeac-b9dc-4378-b3e7-ea9b31a80047,Snowflake,S300123,CID-041,CA-0072,2025-08-18,Pending,349.97,30.62,380.59,AmEx,USD,SampleGen
037b5c1c-48da-4820-8bc8-c9c24dc8ea45,Snowflake,S300124,CID-041,CA-0072,2025-01-07,Completed,4399.96,385.0,4784.96,Discover,USD,SampleGen
f5415d81-abac-4777-b40d-fc104cb3ce63,Snowflake,S300125,CID-042,CA-0074,2025-11-19,Completed,1599.96,139.99,1739.95,VISA,USD,SampleGen
c58a616d-bdf0-4438-89c9-164bb39a7952,Snowflake,S300126,CID-042,CA-0074,2026-02-01,Completed,5399.94,472.5,5872.44,AmEx,USD,SampleGen
97611701-1c77-41bc-a8d6-69f9833d0661,Snowflake,S300127,CID-042,CA-0074,2025-06-02,Completed,419.97,36.75,456.72,VISA,USD,SampleGen
ac7ab2d5-e690-456b-b3b9-5faee60d333a,Snowflake,S300128,CID-042,CA-0074,2025-06-08,Cancelled,499.98,43.75,543.73,AmEx,USD,SampleGen
3dd91c3f-9b6b-4778-8322-a80e8ea484a3,Snowflake,S300129,CID-042,CA-0074,2025-08-14,Completed,539.96,47.24,587.2,PayPal,USD,SampleGen
b13cf4d8-1c0a-4d9e-8c52-4865b5c4cb69,Snowflake,S300130,CID-042,CA-0074,2025-02-07,Shipped,1559.94,136.5,1696.44,VISA,USD,SampleGen
5017c867-3cbb-4775-8dcc-e14b2535bd06,Snowflake,S300131,CID-042,CA-0074,2025-01-18,Cancelled,299.99,26.25,326.24,VISA,USD,SampleGen
fd3b9a4f-a10e-4390-ae23-75a0e2bd4c11,Snowflake,S300132,CID-043,CA-0077,2025-11-15,Pending,119.98,10.5,130.48,MC,USD,SampleGen
9e4c7ced-1bdb-4c6d-816a-3390c8fd4458,Snowflake,S300133,CID-043,CA-0077,2025-07-07,Completed,1499.97,131.25,1631.22,VISA,USD,SampleGen
89debd10-c224-4cf4-a507-524fdb3878aa,Snowflake,S300134,CID-044,CA-0079,2025-08-03,Completed,1059.92,92.75,1152.67,Discover,USD,SampleGen
a16f7972-6d4c-4794-aabf-a5deb1c6f9d0,Snowflake,S300135,CID-044,CA-0079,2025-10-22,Completed,939.96,82.24,1022.2,VISA,USD,SampleGen
ffe1ebbc-230e-4b21-9a19-4b9707d8a926,Snowflake,S300136,CID-045,CA-0080,2025-04-01,Completed,99.99,8.75,108.74,AmEx,USD,SampleGen
f94014b2-8ae7-4cff-bd1a-51e6d5f976d8,Snowflake,S300137,CID-045,CA-0080,2025-03-20,Completed,2599.98,227.5,2827.48,MC,USD,SampleGen
14302c2d-b892-4469-b36c-22596d5df52f,Snowflake,S300138,CID-046,CA-0081,2025-04-11,Completed,999.94,87.5,1087.44,AmEx,USD,SampleGen
cabced86-d37f-44f7-858e-a27459e8b826,Snowflake,S300139,CID-046,CA-0081,2025-02-26,Completed,2129.97,186.37,2316.34,VISA,USD,SampleGen
6f34cfb4-adf2-44b3-bc7c-e46f4249782b,Snowflake,S300140,CID-046,CA-0081,2025-11-18,Completed,159.98,14.0,173.98,AmEx,USD,SampleGen
e999735d-6501-46cb-9f1c-cc06af6d385f,Snowflake,S300141,CID-046,CA-0081,2025-04-03,Completed,3589.94,314.12,3904.06,VISA,USD,SampleGen
0d5ffb01-f7b1-4b8f-89c1-27804b264614,Snowflake,S300142,CID-047,CA-0084,2025-07-18,Shipped,1614.97,141.31,1756.28,VISA,USD,SampleGen
2d8b74ac-26b9-4f95-bdf6-6b36dae96dde,Snowflake,S300143,CID-047,CA-0084,2026-03-25,Shipped,1489.98,130.37,1620.35,VISA,USD,SampleGen
5cffd907-d415-432b-973b-b5d9f8586a44,Snowflake,S300144,CID-047,CA-0084,2025-12-23,Completed,3509.94,307.12,3817.06,VISA,USD,SampleGen
a384e7f0-1321-4a08-af26-2361256e43e0,Snowflake,S300145,CID-048,CA-0085,2026-01-23,Completed,2999.96,262.5,3262.46,MC,USD,SampleGen
e8a5b9bd-7193-4d56-baeb-9cd786c833c2,Snowflake,S300146,CID-048,CA-0085,2025-01-01,Pending,4249.95,371.87,4621.82,MC,USD,SampleGen
c74adb42-fd9b-472b-85ca-7a161d643eed,Snowflake,S300147,CID-048,CA-0085,2025-02-24,Completed,1029.95,90.11,1120.06,AmEx,USD,SampleGen
7bdf296d-b459-404d-a818-065fa1c3e3d8,Snowflake,S300148,CID-048,CA-0085,2025-02-08,Cancelled,1499.96,131.25,1631.21,AmEx,USD,SampleGen
e02061d6-7fe5-42c2-ae07-5199f76b9c4e,Snowflake,S300149,CID-049,CA-0087,2025-11-04,Completed,3159.95,276.5,3436.45,MC,USD,SampleGen
467cd585-1bb4-48d4-acac-0764a56e582b,Snowflake,S300150,CID-050,CA-0089,2025-10-19,Completed,2009.93,175.87,2185.8,PayPal,USD,SampleGen
7f8f3a56-c89e-427d-8c10-c4e135855334,Snowflake,S300151,CID-050,CA-0089,2025-07-29,Completed,809.95,70.87,880.82,AmEx,USD,SampleGen
13dc0ddb-e317-4f10-91b2-056bad5ed784,Snowflake,S300152,CID-051,CA-0091,2025-04-04,Pending,2839.94,248.5,3088.44,MC,USD,SampleGen
27abe9a4-9954-48a6-af72-26c3ce4df04d,Snowflake,S300153,CID-052,CA-0093,2025-02-16,Shipped,1299.98,113.75,1413.73,MC,USD,SampleGen
5ee0a495-c2c0-49d1-88f2-a4f04df408c0,Snowflake,S300154,CID-052,CA-0093,2025-06-05,Completed,1359.96,119.0,1478.96,VISA,USD,SampleGen
210a3819-2d5a-4236-83cb-d4f4b0e0e2da,Snowflake,S300155,CID-052,CA-0093,2025-10-03,Completed,669.95,58.62,728.57,VISA,USD,SampleGen
c05f5140-b7a9-4811-9e8d-b2b5423980d9,Snowflake,S300156,CID-052,CA-0093,2025-05-09,Completed,579.99,50.75,630.74,Discover,USD,SampleGen
26bd85fe-e16b-4625-9e3a-2c162252cd9c,Snowflake,S300157,CID-053,CA-0095,2025-01-18,Pending,2949.94,258.12,3208.06,MC,USD,SampleGen
eafd48dd-6652-4a3f-bf3e-f653969831ce,Snowflake,S300158,CID-054,CA-0096,2025-07-18,Completed,159.98,14.0,173.98,MC,USD,SampleGen
fd4062d7-1153-45cd-ac7d-dc11e1f42ea4,Snowflake,S300159,CID-054,CA-0096,2025-07-09,Completed,1879.98,164.5,2044.48,MC,USD,SampleGen
4b2f7256-a580-4f7d-9ad6-fac05cf61488,Snowflake,S300160,CID-054,CA-0096,2025-08-05,Completed,239.98,21.0,260.98,VISA,USD,SampleGen
529f6e1c-26bd-4404-ab38-0eb895795a05,Snowflake,S300161,CID-054,CA-0096,2026-01-11,Completed,1299.95,113.75,1413.7,VISA,USD,SampleGen
d2307c49-81b7-4cb1-90e5-32c28b077c74,Snowflake,S300162,CID-055,CA-0098,2025-07-12,Completed,1489.97,130.37,1620.34,VISA,USD,SampleGen
0e28ca1c-de12-427a-a0cd-549dc212cc0c,Snowflake,S300163,CID-056,CA-0099,2025-04-27,Completed,579.99,50.75,630.74,VISA,USD,SampleGen
668a6b97-804b-4acb-b04f-615901f06829,Snowflake,S300164,CID-057,CA-0102,2025-04-08,Completed,539.96,47.25,587.21,MC,USD,SampleGen
74461c20-e120-41a0-b3cb-f898dabea1ec,Snowflake,S300165,CID-058,CA-0104,2026-02-11,Completed,1589.95,139.11,1729.06,AmEx,USD,SampleGen
24689e69-e33a-40e2-a587-ccd790e3f567,Snowflake,S300166,CID-058,CA-0104,2025-07-02,Pending,849.97,74.37,924.34,VISA,USD,SampleGen
df6953c9-abfd-4d4e-8352-3bac4c5ed4b3,Snowflake,S300167,CID-058,CA-0104,2026-03-03,Completed,179.99,15.75,195.74,PayPal,USD,SampleGen
fa6ad8e5-acae-44a7-8e15-c26548025412,Snowflake,S300168,CID-059,CA-0106,2026-02-07,Completed,1949.97,170.62,2120.59,Discover,USD,SampleGen
fbeac45d-4efe-408e-b884-6b1242a4f06b,Snowflake,S300169,CID-059,CA-0106,2025-04-23,Pending,1399.94,122.5,1522.44,PayPal,USD,SampleGen
d9d18e27-e410-4e30-9f49-dff65a7c4a1d,Snowflake,S300170,CID-059,CA-0106,2025-06-05,Completed,899.98,78.75,978.73,MC,USD,SampleGen
3ef42bb5-02ce-4d30-9a39-43db0f5fbcc4,Snowflake,S300171,CID-059,CA-0106,2026-02-21,Completed,549.99,48.12,598.11,VISA,USD,SampleGen
1ffc3e0b-bf17-4b11-8c81-b870880e578f,Snowflake,S300172,CID-060,CA-0107,2025-04-04,Completed,1599.98,140.0,1739.98,AmEx,USD,SampleGen
07ecfc85-0966-4243-af27-fd9ac2e2cd26,Snowflake,S300173,CID-060,CA-0107,2025-11-08,Pending,1799.96,157.5,1957.46,VISA,USD,SampleGen
a7f376f4-a0e9-4ec3-a28a-3bc819866c5c,Snowflake,S300174,CID-061,CA-0108,2025-08-13,Completed,129.99,11.37,141.36,MC,USD,SampleGen
5d1be0ac-a93a-4534-aee2-821e1bd7fd98,Snowflake,S300175,CID-061,CA-0108,2025-09-13,Completed,189.99,16.62,206.61,PayPal,USD,SampleGen
34bb035b-6a3b-4195-83ed-02d60534bbfd,Snowflake,S300176,CID-061,CA-0108,2025-07-19,Completed,1659.95,145.24,1805.19,VISA,USD,SampleGen
10749708-bf3b-42be-96cd-a11ac60a68c5,Snowflake,S300177,CID-062,CA-0110,2026-02-19,Completed,159.99,14.0,173.99,MC,USD,SampleGen
abcfeafb-f3cf-427c-bd30-4ce8e4008784,Snowflake,S300178,CID-062,CA-0110,2025-09-23,Completed,829.98,72.62,902.6,PayPal,USD,SampleGen
efdfc464-cc67-485b-8eb1-add9447ed845,Snowflake,S300179,CID-062,CA-0110,2025-12-04,Completed,2359.95,206.5,2566.45,VISA,USD,SampleGen
175c5f34-7fcb-439e-92f5-a220e7c0dfcc,Snowflake,S300180,CID-063,CA-0112,2025-07-27,Completed,1119.96,97.99,1217.95,MC,USD,SampleGen
c6ed4990-fd6c-46f6-a079-3dad90a46d63,Snowflake,S300181,CID-063,CA-0112,2025-06-11,Completed,899.99,78.75,978.74,PayPal,USD,SampleGen
827c37ed-d427-4e7f-b591-8e6bc417711d,Snowflake,S300182,CID-063,CA-0112,2025-03-10,Completed,1219.97,106.75,1326.72,MC,USD,SampleGen
9bb8e3e0-1119-4147-9fbf-90916d31fcf9,Snowflake,S300183,CID-063,CA-0112,2025-04-06,Completed,859.97,75.25,935.22,MC,USD,SampleGen
cd820c74-139a-455e-a5ce-cb1c85543be0,Snowflake,S300184,CID-063,CA-0112,2025-05-01,Pending,149.99,13.12,163.11,AmEx,USD,SampleGen
e12738d3-3d07-432b-b56f-0f5fe24a537a,Snowflake,S300185,CID-063,CA-0112,2026-03-21,Pending,899.98,78.75,978.73,MC,USD,SampleGen
6deb767e-6836-4dad-89b1-308b8bbf04e8,Snowflake,S300186,CID-063,CA-0112,2025-05-08,Completed,1099.94,96.25,1196.19,VISA,USD,SampleGen
65f66c97-1c69-4b86-b01b-948755f716d5,Snowflake,S300187,CID-063,CA-0112,2025-01-02,Completed,2249.96,196.87,2446.83,VISA,USD,SampleGen
c78604a6-4eca-4019-b03b-1178d155b46b,Snowflake,S300188,CID-063,CA-0112,2025-04-20,Completed,2979.93,260.74,3240.67,VISA,USD,SampleGen
ef7f02f9-c119-4ed9-ab83-0b56b62316bc,Snowflake,S300189,CID-063,CA-0112,2025-01-28,Completed,4599.94,402.5,5002.44,AmEx,USD,SampleGen
16334d85-c1fb-44a2-bfe1-5b602049dcd1,Snowflake,S300190,CID-064,CA-1487,2026-03-06,Completed,919.96,80.49,1000.45,VISA,USD,SampleGen
c653d339-221d-47a2-8853-fb82cd39b3cf,Snowflake,S300191,CID-065,CA-0116,2025-12-18,Shipped,2199.98,192.5,2392.48,VISA,USD,SampleGen
182491c9-fb38-4dad-a29e-5bc9e2f5f1f0,Snowflake,S300192,CID-065,CA-0116,2025-03-23,Shipped,3369.94,294.87,3664.81,MC,USD,SampleGen
fe12df91-2ced-44a6-8677-150d373cabb7,Snowflake,S300193,CID-065,CA-0116,2025-02-22,Completed,3259.92,285.25,3545.17,VISA,USD,SampleGen
1977381c-a22d-475f-b4fa-94a571d37248,Snowflake,S300194,CID-065,CA-0116,2025-03-27,Shipped,119.99,10.5,130.49,AmEx,USD,SampleGen
cf8dd73b-b0b3-4531-b7b0-fb2e713af5d6,Snowflake,S300195,CID-066,CA-0117,2026-03-11,Pending,899.98,78.75,978.73,MC,USD,SampleGen
27bc35f5-11e1-4f29-a1bb-50828c1ab5a5,Snowflake,S300196,CID-066,CA-0117,2025-09-11,Cancelled,2909.96,254.62,3164.58,AmEx,USD,SampleGen
4503f2fe-a5ce-4ce8-9163-a09307b43d86,Snowflake,S300197,CID-066,CA-0117,2025-04-07,Completed,4109.93,359.62,4469.55,Discover,USD,SampleGen
7761d72c-b943-4200-8037-6945c7c31fa3,Snowflake,S300198,CID-067,CA-0119,2025-01-07,Completed,1849.97,161.87,2011.84,VISA,USD,SampleGen
df054f93-fea7-469a-9251-d71a6d903c0b,Snowflake,S300199,CID-067,CA-0119,2025-09-10,Completed,2059.95,180.24,2240.19,AmEx,USD,SampleGen
34f5ff76-1923-4be3-9cc0-906fba4b37d5,Snowflake,S300200,CID-068,CA-0121,2025-04-20,Completed,2119.93,185.5,2305.43,PayPal,USD,SampleGen
747c18b4-c022-442f-b426-e963857af65d,Snowflake,S300201,CID-068,CA-0121,2025-10-18,Completed,924.96,80.93,1005.89,AmEx,USD,SampleGen
1a3b35a3-d304-4f5f-b744-fb0b8875d67a,Snowflake,S300202,CID-068,CA-0121,2025-11-04,Completed,5199.94,454.99,5654.93,Discover,USD,SampleGen
1feb19ff-62ee-4d77-a19a-40dfe7f90a08,Snowflake,S300203,CID-069,CA-0123,2025-10-16,Shipped,649.99,56.87,706.86,Discover,USD,SampleGen
6b57b3f5-9b35-49bf-a5b2-5e18a7a9bd79,Snowflake,S300204,CID-069,CA-0123,2025-04-13,Completed,4599.92,402.5,5002.42,VISA,USD,SampleGen
37b8c00b-d60e-4b32-a9bd-d554b9edeb20,Snowflake,S300205,CID-069,CA-0123,2026-01-31,Completed,2079.95,181.99,2261.94,MC,USD,SampleGen
95b1eefa-6a4a-48ca-a76a-91b9562106ea,Snowflake,S300206,CID-069,CA-0123,2025-10-22,Completed,1189.94,104.12,1294.06,VISA,USD,SampleGen
d7a77649-04f5-43c2-93f4-5586ead68f2f,Snowflake,S300207,CID-069,CA-0123,2025-08-20,Completed,569.97,49.87,619.84,VISA,USD,SampleGen
ef701396-5f7b-4a5a-a383-f4430e6157e1,Snowflake,S300208,CID-069,CA-0123,2026-02-03,Completed,3919.93,343.0,4262.93,PayPal,USD,SampleGen
8e661dcf-698e-4874-ada7-c9076a9c9e31,Snowflake,S300209,CID-069,CA-0123,2025-12-11,Completed,1299.98,113.74,1413.72,MC,USD,SampleGen
fefe353e-833d-4812-a5ef-809e9aeb4282,Snowflake,S300210,CID-070,CA-1488,2025-03-29,Completed,189.99,16.62,206.61,VISA,USD,SampleGen
5ad4829d-5e44-4504-9535-a6638bd9bd79,Snowflake,S300211,CID-071,CA-0126,2025-09-07,Pending,3179.97,278.25,3458.22,VISA,USD,SampleGen
6c964fdd-0802-4b19-8f1a-d18a5433f7b3,Snowflake,S300212,CID-071,CA-0126,2025-03-31,Shipped,919.98,80.5,1000.48,MC,USD,SampleGen
58af2c1b-f06d-4fe0-96cf-81badf29b30c,Snowflake,S300213,CID-071,CA-0126,2025-11-10,Completed,399.99,35.0,434.99,MC,USD,SampleGen
dcef9ff5-5948-4a74-800a-77490f5320d5,Snowflake,S300214,CID-071,CA-0126,2025-06-27,Completed,2999.95,262.5,3262.45,Discover,USD,SampleGen
f24fac4d-ce7a-4d22-ae22-1eb8470eb832,Snowflake,S300215,CID-072,CA-1489,2025-09-14,Completed,1829.96,160.12,1990.08,Discover,USD,SampleGen
938e1d8b-332d-4f8f-b273-9273eb2e864d,Snowflake,S300216,CID-072,CA-1489,2025-05-21,Completed,159.98,14.0,173.98,PayPal,USD,SampleGen
bc9a748c-ae1c-4a40-9b77-71b1dc661b84,Snowflake,S300217,CID-073,CA-0129,2025-10-19,Completed,2159.96,189.0,2348.96,VISA,USD,SampleGen
5a5f3311-ffcf-4ec0-970f-479caf2fafa0,Snowflake,S300218,CID-074,CA-0132,2025-11-16,Completed,3199.96,280.0,3479.96,AmEx,USD,SampleGen
54b813fc-8228-48de-9621-09bd34951914,Snowflake,S300219,CID-074,CA-0132,2026-01-29,Completed,2549.95,223.12,2773.07,Discover,USD,SampleGen
8c86ccb9-0f31-4fe1-9222-d68147117f6b,Snowflake,S300220,CID-075,CA-0134,2025-01-12,Completed,1859.95,162.75,2022.7,Discover,USD,SampleGen
cb89683f-5e8c-45e1-a358-2a5526bfb5fa,Snowflake,S300221,CID-075,CA-0134,2026-03-28,Pending,239.98,21.0,260.98,AmEx,USD,SampleGen
a9d531f1-c916-4348-923d-4d155249c0cd,Snowflake,S300222,CID-075,CA-0134,2026-01-09,Pending,1579.96,138.25,1718.21,PayPal,USD,SampleGen
ab9be432-34e6-481f-814f-d7694419c4a2,Snowflake,S300223,CID-075,CA-0134,2025-04-10,Completed,3249.94,284.37,3534.31,PayPal,USD,SampleGen
b36e454f-ea03-46a1-a125-03212bac48d6,Snowflake,S300224,CID-076,CA-0135,2025-07-03,Pending,329.98,28.87,358.85,MC,USD,SampleGen
0d0408b0-c2f4-477b-a248-e079cb3f49bf,Snowflake,S300225,CID-076,CA-0135,2025-05-26,Completed,1269.95,111.12,1381.07,VISA,USD,SampleGen
4bbdfd2b-450a-493a-a842-f4d783f8128b,Snowflake,S300226,CID-076,CA-0135,2025-10-17,Completed,1339.95,117.25,1457.2,PayPal,USD,SampleGen
0368f812-9b7c-4e2b-973b-c0a88662c963,Snowflake,S300227,CID-077,CA-0137,2025-07-23,Shipped,189.99,16.62,206.61,VISA,USD,SampleGen
b6287394-be36-4bc5-acd2-383ab7300fa8,Snowflake,S300228,CID-077,CA-0137,2026-03-15,Pending,919.97,80.5,1000.47,PayPal,USD,SampleGen
3c1f9fc1-a22d-42ce-9956-d07d79987bea,Snowflake,S300229,CID-077,CA-0137,2025-06-19,Completed,719.95,63.0,782.95,AmEx,USD,SampleGen
f59b4308-1dd0-45c3-ac2d-7fef6f25358a,Snowflake,S300230,CID-077,CA-0137,2025-10-20,Completed,1559.96,136.49,1696.45,PayPal,USD,SampleGen
d5e1c8bf-c862-4e82-8fa4-566b4cafc588,Snowflake,S300231,CID-078,CA-0139,2025-09-10,Cancelled,3759.95,329.0,4088.95,VISA,USD,SampleGen
9f21d934-6607-4ef4-94c0-060418252d63,Snowflake,S300232,CID-078,CA-0139,2025-11-08,Completed,3289.94,287.87,3577.81,MC,USD,SampleGen
2d125e68-43df-4168-83ef-03c118d7b4d1,Snowflake,S300233,CID-079,CA-0141,2025-10-13,Cancelled,1629.97,142.62,1772.59,VISA,USD,SampleGen
3cf79fc6-eed1-4d06-a241-7cdcf271b463,Snowflake,S300234,CID-079,CA-0141,2025-03-01,Completed,4279.92,374.5,4654.42,MC,USD,SampleGen
5d5d13a0-020c-4556-8145-b7f9eaccc724,Snowflake,S300235,CID-079,CA-0141,2025-06-08,Completed,2129.93,186.37,2316.3,PayPal,USD,SampleGen
0f755c59-0d59-4a00-a460-008fdcd9b291,Snowflake,S300236,CID-079,CA-0141,2025-10-16,Pending,489.97,42.86,532.83,Discover,USD,SampleGen
2cb548e3-fd29-4657-8f44-b5e7181565d3,Snowflake,S300237,CID-080,CA-0144,2025-02-02,Completed,1899.96,166.25,2066.21,VISA,USD,SampleGen
f2d214c8-6797-46e0-ad4d-9ad1a4ad15de,Snowflake,S300238,CID-081,CA-1490,2025-12-20,Completed,3649.94,319.37,3969.31,MC,USD,SampleGen
96f41aff-9cf4-4be2-8694-90c903c5ec46,Snowflake,S300239,CID-081,CA-1490,2025-09-08,Completed,2159.94,189.0,2348.94,MC,USD,SampleGen
22089e62-fd7f-4bc5-ab14-aa688d394ac1,Snowflake,S300240,CID-081,CA-1490,2025-09-20,Cancelled,1229.98,107.62,1337.6,MC,USD,SampleGen
7d619d2b-79bd-46c8-bc5f-6df7e0e26136,Snowflake,S300241,CID-081,CA-1490,2025-02-21,Completed,1709.96,149.62,1859.58,MC,USD,SampleGen
563b661d-61d8-4319-9aca-bcabb5f4c1fe,Snowflake,S300242,CID-082,CA-0146,2026-01-27,Shipped,2349.95,205.62,2555.57,PayPal,USD,SampleGen
cc6d7ff8-3bd1-449b-8996-fdd609f24f39,Snowflake,S300243,CID-082,CA-0146,2025-09-15,Completed,1114.93,97.56,1212.49,MC,USD,SampleGen
ffbb6638-8f5b-45c0-af46-e75a6bc88a7f,Snowflake,S300244,CID-082,CA-0146,2025-09-13,Completed,1239.94,108.49,1348.43,PayPal,USD,SampleGen
c437a3de-e92e-4c9a-994b-2f98b68f86d6,Snowflake,S300245,CID-083,CA-0148,2025-09-01,Completed,579.99,50.75,630.74,PayPal,USD,SampleGen
ce5c6962-0b81-4c2a-a468-ecef8ccf9276,Snowflake,S300246,CID-083,CA-0148,2026-02-08,Completed,29.98,2.62,32.6,Discover,USD,SampleGen
b481279f-76dd-4a7a-bf6d-59401a07394e,Snowflake,S300247,CID-083,CA-0148,2025-03-30,Completed,609.96,53.37,663.33,PayPal,USD,SampleGen
01b725e9-397a-4cfb-af85-48e9028cc973,Snowflake,S300248,CID-083,CA-0148,2025-05-09,Completed,1949.97,170.62,2120.59,MC,USD,SampleGen
6489692d-a280-407a-804b-44d7a20374c4,Snowflake,S300249,CID-084,CA-0150,2025-08-12,Completed,1439.94,126.0,1565.94,PayPal,USD,SampleGen
02a5f472-4c0c-4932-adab-ec61d22531e3,Snowflake,S300250,CID-084,CA-0150,2025-02-26,Shipped,2059.96,180.24,2240.2,VISA,USD,SampleGen
fa1dea55-b32e-4ce7-b8ed-c5e987750354,Snowflake,S300251,CID-084,CA-0150,2025-10-23,Completed,204.98,17.93,222.91,AmEx,USD,SampleGen
bfa2feb2-7736-4cb5-b0eb-43203f800705,Snowflake,S300252,CID-085,CA-0152,2026-01-09,Completed,14.99,1.31,16.3,AmEx,USD,SampleGen
0d16a445-e476-4bf9-8c77-2c84267c9a97,Snowflake,S300253,CID-086,CA-0154,2025-07-04,Shipped,1339.95,117.25,1457.2,Discover,USD,SampleGen
34376698-555d-4300-ab8d-0468332ce941,Snowflake,S300254,CID-086,CA-0154,2025-08-18,Shipped,2219.94,194.25,2414.19,VISA,USD,SampleGen
5eab9d0b-4c67-4441-a6be-2767050d418c,Snowflake,S300255,CID-087,CA-0155,2025-10-13,Completed,2099.96,183.75,2283.71,VISA,USD,SampleGen
1f2f518c-961a-4cfd-b075-34159a327607,Snowflake,S300256,CID-087,CA-0155,2025-04-24,Completed,899.97,78.75,978.72,PayPal,USD,SampleGen
ecb2bded-d3f4-409c-8d93-cd9cb6ac5423,Snowflake,S300257,CID-087,CA-0155,2025-10-05,Completed,1349.97,118.12,1468.09,AmEx,USD,SampleGen
4f0b9edb-be91-41bb-b416-a96823a277f5,Snowflake,S300258,CID-087,CA-0155,2025-12-26,Completed,579.99,50.75,630.74,VISA,USD,SampleGen
8b423eec-da2b-41ef-9bd3-7779c2b561c3,Snowflake,S300259,CID-087,CA-0155,2026-02-11,Completed,599.98,52.5,652.48,MC,USD,SampleGen
5901ce5b-ee79-477f-9a20-5ed3c195d728,Snowflake,S300260,CID-088,CA-0157,2025-12-13,Cancelled,1799.98,157.5,1957.48,MC,USD,SampleGen
73f0fe81-35d3-4313-b03c-1a8306ee9564,Snowflake,S300261,CID-088,CA-0157,2026-03-05,Completed,819.97,71.75,891.72,AmEx,USD,SampleGen
e34da1dd-bc09-49a2-87ff-14518761136f,Snowflake,S300262,CID-089,CA-0159,2025-09-12,Completed,1189.94,104.11,1294.05,MC,USD,SampleGen
654ed39f-0815-47b0-b321-77ec3ebc3719,Snowflake,S300263,CID-089,CA-0159,2025-02-15,Completed,3039.96,265.99,3305.95,AmEx,USD,SampleGen
96e7a1d7-6cef-4f0a-9867-8e85efb7a881,Snowflake,S300264,CID-089,CA-0159,2025-02-09,Completed,4549.94,398.12,4948.06,VISA,USD,SampleGen
3d729249-9db2-458e-8b2f-1e733e1b4b2d,Snowflake,S300265,CID-090,CA-0161,2025-12-03,Pending,1249.97,109.37,1359.34,AmEx,USD,SampleGen
40ca909b-96b5-4f35-b23c-9e3c49d70b02,Snowflake,S300266,CID-091,CA-0164,2025-09-19,Cancelled,159.98,14.0,173.98,PayPal,USD,SampleGen
7acb2522-a1ae-4237-ae7a-c479b4e71e0d,Snowflake,S300267,CID-091,CA-0164,2025-03-19,Completed,679.97,59.5,739.47,VISA,USD,SampleGen
5e3d1764-4d2e-465e-8c0a-e14222f486ab,Snowflake,S300268,CID-092,CA-0165,2025-11-28,Shipped,989.96,86.62,1076.58,VISA,USD,SampleGen
3913b68d-a9ca-490c-b433-be96451cdf8d,Snowflake,S300269,CID-092,CA-0165,2025-03-13,Completed,3659.94,320.24,3980.18,MC,USD,SampleGen
ff827d09-31be-408d-847a-8dbaae8457a2,Snowflake,S300270,CID-092,CA-0165,2025-07-08,Completed,1009.96,88.37,1098.33,VISA,USD,SampleGen
09527401-9b65-461f-a279-b34865bc94fa,Snowflake,S300271,CID-092,CA-0165,2026-03-09,Completed,989.95,86.62,1076.57,PayPal,USD,SampleGen
debe4bf4-ee8d-432c-b551-143242913e8f,Snowflake,S300272,CID-092,CA-0165,2026-02-07,Completed,549.99,48.12,598.11,Discover,USD,SampleGen
3c03d911-64a5-488a-90ce-5dc25281cf96,Snowflake,S300273,CID-093,CA-0167,2025-12-30,Completed,3479.93,304.49,3784.42,PayPal,USD,SampleGen
9aa80c91-72c9-435b-beae-40e3c80807e5,Snowflake,S300274,CID-093,CA-0167,2026-01-06,Completed,1799.98,157.5,1957.48,MC,USD,SampleGen
1a4a19c4-f39a-4554-8f1c-ecf759ceaac8,Snowflake,S300275,CID-093,CA-0167,2025-02-11,Completed,699.98,61.25,761.23,PayPal,USD,SampleGen
4d278d26-8dbb-4d69-8fbc-aaf208cb5714,Snowflake,S300276,CID-093,CA-0167,2025-04-12,Completed,849.95,74.37,924.32,MC,USD,SampleGen
63629638-321f-4a31-b200-891128344fca,Snowflake,S300277,CID-093,CA-0167,2025-03-12,Completed,399.96,35.0,434.96,VISA,USD,SampleGen
2ab9f178-d1ab-4676-8401-960322eba879,Snowflake,S300278,CID-094,CA-0169,2026-02-09,Pending,1149.97,100.61,1250.58,MC,USD,SampleGen
fd10aea6-c432-463f-a338-bb3296007ddc,Snowflake,S300279,CID-094,CA-0169,2025-12-11,Completed,3459.93,302.75,3762.68,MC,USD,SampleGen
f40e5254-e7ad-4288-9f03-5ffd02cbdc61,Snowflake,S300280,CID-095,CA-0170,2025-03-24,Completed,1089.96,95.37,1185.33,VISA,USD,SampleGen
07d6a98a-e4ce-438b-be75-2df53f081e55,Snowflake,S300281,CID-095,CA-0170,2026-02-04,Completed,2999.94,262.5,3262.44,Discover,USD,SampleGen
a520cb39-3126-4b08-b19c-98c8bfa744a3,Snowflake,S300282,CID-096,CA-1444,2025-08-05,Pending,1599.98,140.0,1739.98,MC,USD,SampleGen
cfedbef6-50db-4376-b569-32eb0e4f2cda,Snowflake,S300283,CID-096,CA-1444,2026-01-10,Completed,2599.98,227.5,2827.48,MC,USD,SampleGen
df4dcc9d-d82a-422a-a679-1486e4e5a749,Snowflake,S300284,CID-096,CA-1444,2025-06-07,Completed,379.98,33.25,413.23,VISA,USD,SampleGen
69f7b955-003e-41da-965d-7b9aae1ba985,Snowflake,S300285,CID-097,CA-0174,2025-04-26,Completed,2359.94,206.5,2566.44,VISA,USD,SampleGen
87f61289-4992-4a43-9f93-98e296babc0c,Snowflake,S300286,CID-097,CA-0174,2025-07-21,Shipped,679.97,59.5,739.47,MC,USD,SampleGen
172bb895-595e-4a2f-a4b2-1b3c50714471,Snowflake,S300287,CID-097,CA-0174,2025-09-12,Completed,1799.96,157.5,1957.46,MC,USD,SampleGen
8933cec4-1bbe-4ff5-9489-aa3e70d82e80,Snowflake,S300288,CID-098,CA-0176,2026-03-04,Completed,2779.94,243.24,3023.18,VISA,USD,SampleGen
58b152da-4a34-47ed-be13-8c9e364302f5,Snowflake,S300289,CID-098,CA-0176,2025-04-23,Completed,1939.94,169.75,2109.69,PayPal,USD,SampleGen
83dc3ff8-c4b3-4af6-af90-c134d1c87682,Snowflake,S300290,CID-099,CA-0177,2026-02-14,Completed,2499.95,218.74,2718.69,VISA,USD,SampleGen
8e82e8a0-90ad-4d96-a13a-37986b94e44d,Snowflake,S300291,CID-099,CA-0177,2025-06-08,Pending,2099.94,183.75,2283.69,PayPal,USD,SampleGen
29f6eef4-c345-4847-93e5-59d0f334ad39,Snowflake,S300292,CID-099,CA-0177,2026-01-22,Pending,2249.97,196.87,2446.84,VISA,USD,SampleGen
ae7b8dff-850d-492e-8692-5f023b71d01d,Snowflake,S300293,CID-099,CA-0177,2025-12-24,Shipped,1049.97,91.87,1141.84,AmEx,USD,SampleGen
13339bec-7ab8-4e16-844d-0643df2ccb31,Snowflake,S300294,CID-100,CA-0180,2025-02-22,Completed,99.99,8.75,108.74,MC,USD,SampleGen
11a243a8-293e-46f1-89b5-db8f1ffc94c8,Snowflake,S300295,CID-100,CA-0180,2026-02-03,Completed,2149.97,188.12,2338.09,Discover,USD,SampleGen
a6077400-0b70-42a1-9d59-dca29a294310,Snowflake,S300296,CID-101,CA-0181,2025-11-24,Cancelled,4089.94,357.87,4447.81,Discover,USD,SampleGen
229b7c2d-29e1-49f3-b84d-2668d1ac9409,Snowflake,S300297,CID-102,CA-0183,2025-11-14,Shipped,1679.94,147.0,1826.94,VISA,USD,SampleGen
78defc08-37db-488f-88ea-d9bb74ae52da,Snowflake,S300298,CID-102,CA-0183,2025-09-24,Completed,1339.96,117.25,1457.21,VISA,USD,SampleGen
758d992a-3f0c-42a2-95ad-669848b0e3d5,Snowflake,S300299,CID-102,CA-0183,2025-04-16,Completed,379.98,33.24,413.22,Discover,USD,SampleGen
edeb67a7-08f8-4556-9252-4a478062f89c,Snowflake,S300300,CID-102,CA-0183,2025-02-23,Completed,4179.94,365.75,4545.69,MC,USD,SampleGen
a247170a-1f26-4f3d-82d5-d4381bc73baf,Snowflake,S300301,CID-102,CA-0183,2025-08-17,Completed,1279.96,112.0,1391.96,VISA,USD,SampleGen
05ce34af-db88-4f97-ad68-8f0c886badd4,Snowflake,S300302,CID-102,CA-0183,2025-01-11,Shipped,1149.97,100.62,1250.59,AmEx,USD,SampleGen
13c9a116-bdf4-41ef-a270-e6ea59ee96a9,Snowflake,S300303,CID-102,CA-0183,2026-03-12,Completed,1579.93,138.25,1718.18,VISA,USD,SampleGen
38ebd479-1adf-47f9-b1de-194986e4d454,Snowflake,S300304,CID-103,CA-0185,2026-03-20,Cancelled,859.94,75.24,935.18,VISA,USD,SampleGen
816d8da9-9e77-4f3e-b542-3a265e85fddf,Snowflake,S300305,CID-103,CA-0185,2025-12-03,Completed,829.96,72.62,902.58,VISA,USD,SampleGen
2b6bb654-13a0-41d6-9c1b-48a3b14fb83b,Snowflake,S300306,CID-103,CA-0185,2025-08-12,Pending,2329.96,203.87,2533.83,AmEx,USD,SampleGen
1bed418b-9594-491c-83ce-db38666f5449,Snowflake,S300307,CID-103,CA-0185,2025-10-08,Cancelled,1549.95,135.62,1685.57,VISA,USD,SampleGen
a6e3129b-5bbc-4346-a47c-6d7fb8df1e69,Snowflake,S300308,CID-103,CA-0185,2026-02-12,Completed,5599.94,489.99,6089.93,VISA,USD,SampleGen
08e7bfe5-463e-485f-85f1-dc38d9020b6a,Snowflake,S300309,CID-103,CA-0185,2026-03-15,Pending,379.98,33.25,413.23,AmEx,USD,SampleGen
611539da-ea16-410f-94b7-ad01b3b33414,Snowflake,S300310,CID-104,CA-0188,2025-04-18,Pending,3399.93,297.5,3697.43,MC,USD,SampleGen
7836d6db-63ba-401c-8b14-7f5158a32ea9,Snowflake,S300311,CID-105,CA-0190,2025-07-16,Shipped,239.98,21.0,260.98,MC,USD,SampleGen
833057af-99ea-4c32-9864-bc5066f9c702,Snowflake,S300312,CID-106,CA-0191,2025-09-11,Completed,2849.95,249.37,3099.32,PayPal,USD,SampleGen
822bdd98-64e2-436c-8116-237d485429ad,Snowflake,S300313,CID-106,CA-0191,2025-04-10,Completed,729.98,63.87,793.85,PayPal,USD,SampleGen
71dc4ef4-79b9-450e-8477-12c177f5a57b,Snowflake,S300314,CID-106,CA-0191,2025-08-24,Completed,1949.97,170.61,2120.58,MC,USD,SampleGen
d141526f-8820-43ca-bc50-7bf949ae4a29,Snowflake,S300315,CID-107,CA-0193,2025-09-21,Cancelled,1899.97,166.25,2066.22,PayPal,USD,SampleGen
5d8318a6-a6f6-455a-aa4f-a954bae87d2d,Snowflake,S300316,CID-107,CA-0193,2025-03-05,Completed,189.99,16.62,206.61,VISA,USD,SampleGen
bfd0c550-3367-4b84-8b9b-c2ed5322323f,Snowflake,S300317,CID-108,CA-1445,2025-11-29,Completed,249.99,21.87,271.86,MC,USD,SampleGen
9daf1313-2378-40aa-ac08-0920d29870f2,Snowflake,S300318,CID-108,CA-1445,2025-03-20,Completed,3399.93,297.5,3697.43,Discover,USD,SampleGen
86ac7b17-dcfc-4643-acc7-e119adca43b6,Snowflake,S300319,CID-108,CA-1445,2025-01-17,Completed,2659.97,232.75,2892.72,Discover,USD,SampleGen
342b8331-d0cf-472a-9283-47956c96f948,Snowflake,S300320,CID-109,CA-1491,2025-09-27,Completed,5299.94,463.74,5763.68,MC,USD,SampleGen
c318ec60-1c3f-4e10-a0b7-f9065caa6547,Snowflake,S300321,CID-109,CA-1491,2025-11-20,Completed,1939.94,169.74,2109.68,Discover,USD,SampleGen
14a3262e-66d8-4523-aa2e-b8a76c0d01b7,Snowflake,S300322,CID-110,CA-0197,2025-01-20,Pending,179.99,15.75,195.74,MC,USD,SampleGen
1590ffb2-08f5-403a-b0f7-17e81e3653d8,Snowflake,S300323,CID-110,CA-0197,2026-01-11,Cancelled,1049.96,91.87,1141.83,MC,USD,SampleGen
18a02c2f-7088-4586-bf76-ec8ff97cc276,Snowflake,S300324,CID-111,CA-0199,2025-09-19,Cancelled,3249.97,284.37,3534.34,MC,USD,SampleGen
a294939f-8bf3-43ed-a107-020ba45126e2,Snowflake,S300325,CID-111,CA-0199,2026-01-26,Pending,299.98,26.25,326.23,VISA,USD,SampleGen
1210b205-a724-4c26-b295-a792b981f005,Snowflake,S300326,CID-111,CA-0199,2025-03-27,Completed,1389.94,121.62,1511.56,MC,USD,SampleGen
54129b21-671f-4b11-b5a6-1cef5f321416,Snowflake,S300327,CID-111,CA-0199,2025-08-05,Completed,359.97,31.5,391.47,MC,USD,SampleGen
f313ff66-699c-437f-9d7d-9621c2268812,Snowflake,S300328,CID-112,CA-0200,2026-01-23,Completed,349.99,30.62,380.61,VISA,USD,SampleGen
e4ea80e8-ed55-4c91-a486-44d2f1c9f8bb,Snowflake,S300329,CID-112,CA-0200,2025-09-10,Completed,1939.95,169.74,2109.69,MC,USD,SampleGen
3e4e1628-74e8-4073-8fa5-5d3aa7c350e9,Snowflake,S300330,CID-112,CA-0200,2025-07-28,Completed,1599.98,140.0,1739.98,VISA,USD,SampleGen
bedbfaa8-bb87-4107-a757-3ed4cfa3eb83,Snowflake,S300331,CID-113,CA-0202,2025-08-06,Pending,489.96,42.87,532.83,MC,USD,SampleGen
11d9c52a-02c0-41b5-a884-f88f83255db2,Snowflake,S300332,CID-113,CA-0202,2025-11-13,Shipped,549.97,48.12,598.09,PayPal,USD,SampleGen
d139e229-7bb1-4f81-8a79-4dbef0dd9c89,Snowflake,S300333,CID-114,CA-0204,2025-09-14,Completed,1479.94,129.5,1609.44,MC,USD,SampleGen
884b2bde-2389-4959-9ab2-721765fd5b77,Snowflake,S300334,CID-114,CA-0204,2025-05-17,Completed,629.98,55.12,685.1,MC,USD,SampleGen
e60721d9-6d00-4b66-bdcf-d91e4f9a58da,Snowflake,S300335,CID-114,CA-0204,2026-01-22,Completed,1299.99,113.75,1413.74,AmEx,USD,SampleGen
11eb529a-302a-45ea-8626-1a85c248015a,Snowflake,S300336,CID-114,CA-0204,2025-01-27,Completed,1049.97,91.87,1141.84,MC,USD,SampleGen
47f0db2e-1baa-49f1-b2b3-2ccc0b6d3692,Snowflake,S300337,CID-114,CA-0204,2026-01-01,Completed,4399.96,385.0,4784.96,PayPal,USD,SampleGen
ba2c6ca5-14bc-42c9-b891-5d2f73799fc5,Snowflake,S300338,CID-115,CA-0206,2025-06-17,Completed,2079.92,182.0,2261.92,PayPal,USD,SampleGen
e8869371-85a7-4b54-a5b5-058545918dda,Snowflake,S300339,CID-115,CA-0206,2025-09-10,Shipped,859.96,75.25,935.21,AmEx,USD,SampleGen
58224cd5-22e3-406a-bc27-78377d4a3547,Snowflake,S300340,CID-115,CA-0206,2025-02-07,Completed,799.98,70.0,869.98,AmEx,USD,SampleGen
abc0399f-0231-4561-883e-14c4c42b5a33,Snowflake,S300341,CID-116,CA-0209,2025-09-09,Pending,759.95,66.5,826.45,PayPal,USD,SampleGen
efcf3e45-1ba0-4477-8126-151c95f9ac7d,Snowflake,S300342,CID-116,CA-0209,2025-12-28,Completed,899.98,78.75,978.73,VISA,USD,SampleGen
29960297-7201-4ea5-a0de-12f2821cebbe,Snowflake,S300343,CID-116,CA-0209,2026-03-14,Completed,499.98,43.75,543.73,MC,USD,SampleGen
4ed683a5-0b18-4899-b50d-2a41749377ef,Snowflake,S300344,CID-116,CA-0209,2026-02-13,Completed,959.96,84.0,1043.96,VISA,USD,SampleGen
4e26d94c-5483-4cc3-8354-f334a9945a03,Snowflake,S300345,CID-116,CA-0209,2025-10-05,Completed,1519.96,133.0,1652.96,AmEx,USD,SampleGen
8194246d-ed0e-4731-a695-a4864622ea45,Snowflake,S300346,CID-117,CA-0210,2025-07-01,Completed,799.99,70.0,869.99,VISA,USD,SampleGen
9ac19570-c577-4925-a929-0831a0d99fdc,Snowflake,S300347,CID-117,CA-0210,2025-08-23,Completed,1739.95,152.25,1892.2,MC,USD,SampleGen
11c94115-200b-4b09-ac52-66c865d8cdcf,Snowflake,S300348,CID-117,CA-0210,2026-01-16,Pending,1599.96,140.0,1739.96,AmEx,USD,SampleGen
ca537c69-2ec2-4e49-a2f2-4a65515a98cc,Snowflake,S300349,CID-117,CA-0210,2025-03-01,Completed,379.98,33.25,413.23,Discover,USD,SampleGen
f66f8c05-b373-49f4-b481-fda23f14262b,Snowflake,S300350,CID-118,CA-0213,2025-10-30,Completed,29.98,2.62,32.6,Discover,USD,SampleGen
5ce86da3-889b-46a6-bc87-7497398caf3c,Snowflake,S300351,CID-118,CA-0213,2025-10-14,Completed,439.97,38.5,478.47,PayPal,USD,SampleGen
d91fe391-16f4-49b5-b2c9-8686aedde2ff,Snowflake,S300352,CID-118,CA-0213,2026-03-02,Shipped,2299.94,201.25,2501.19,VISA,USD,SampleGen
67078a07-a33a-4319-9e4b-5b742b7d9fa9,Snowflake,S300353,CID-118,CA-0213,2026-01-19,Completed,2049.97,179.37,2229.34,Discover,USD,SampleGen
86478172-65eb-420d-9125-70bc144b5447,Snowflake,S300354,CID-119,CA-0214,2025-04-22,Pending,579.99,50.75,630.74,PayPal,USD,SampleGen
b3431aa8-9347-4cee-91b2-fcb7902c3e53,Snowflake,S300355,CID-119,CA-0214,2025-11-17,Completed,1339.95,117.25,1457.2,VISA,USD,SampleGen
7b1d6b27-6154-4edc-a424-71697fe051ec,Snowflake,S300356,CID-119,CA-0214,2025-02-28,Completed,799.98,70.0,869.98,VISA,USD,SampleGen
f108edd5-f9a0-461d-95e8-dfc38996ca34,Snowflake,S300357,CID-119,CA-0214,2025-07-24,Completed,1919.95,168.0,2087.95,AmEx,USD,SampleGen
1c7d18ee-601f-4b9c-9f8a-8e47d6b80d11,Snowflake,S300358,CID-120,CA-0217,2025-03-08,Completed,3219.95,281.75,3501.7,VISA,USD,SampleGen
e41e2e21-1951-4307-a736-9e65d0383fe5,Snowflake,S300359,CID-120,CA-0217,2025-10-16,Completed,449.99,39.37,489.36,AmEx,USD,SampleGen
a7577fe3-e74e-4b15-8f92-d95c8df4c875,Snowflake,S300360,CID-120,CA-0217,2025-02-06,Completed,2879.94,251.99,3131.93,VISA,USD,SampleGen
01c9b756-972d-4ad2-af0d-aca1794757f9,Snowflake,S300361,CID-120,CA-0217,2025-08-30,Completed,2219.94,194.25,2414.19,MC,USD,SampleGen
515296dd-2f33-4090-a2cf-39ba04356b20,Snowflake,S300362,CID-121,CA-0218,2025-09-17,Completed,3349.94,293.12,3643.06,PayPal,USD,SampleGen
0e7f4df0-1f20-47ce-8124-13eeac55717b,Snowflake,S300363,CID-121,CA-0218,2025-08-26,Completed,1539.96,134.75,1674.71,VISA,USD,SampleGen
2b55692d-650c-4818-b201-aa2100390374,Snowflake,S300364,CID-121,CA-0218,2025-01-31,Cancelled,2199.97,192.5,2392.47,MC,USD,SampleGen
8ff9a41e-eff8-4236-9a51-82a93a5d8371,Snowflake,S300365,CID-122,CA-0220,2025-11-26,Completed,1159.98,101.5,1261.48,AmEx,USD,SampleGen
353ae463-482c-41c3-be88-4a55712403d4,Snowflake,S300366,CID-122,CA-0220,2025-06-21,Completed,2879.94,251.99,3131.93,Discover,USD,SampleGen
3f5af2cc-8fbc-4758-985f-0ea150a8cfaa,Snowflake,S300367,CID-123,CA-0221,2025-11-19,Completed,3499.96,306.25,3806.21,MC,USD,SampleGen
90fdee00-3c00-4733-bd25-a49f44301f45,Snowflake,S300368,CID-124,CA-0224,2026-02-10,Completed,4099.92,358.75,4458.67,AmEx,USD,SampleGen
e1c98f49-336f-493d-abbc-247606112a05,Snowflake,S300369,CID-124,CA-0224,2025-08-05,Pending,2514.95,220.06,2735.01,VISA,USD,SampleGen
0e064dcc-b22a-4e4d-acc8-e28497374ad5,Snowflake,S300370,CID-124,CA-0224,2025-11-29,Completed,1349.94,118.12,1468.06,AmEx,USD,SampleGen
4a665188-5dfd-4df9-b9a6-8bf744b2317d,Snowflake,S300371,CID-125,CA-0226,2025-08-02,Completed,249.99,21.87,271.86,Discover,USD,SampleGen
823453f8-e567-4f84-8bca-5d74a18e4687,Snowflake,S300372,CID-126,CA-0227,2025-09-18,Completed,1209.96,105.87,1315.83,MC,USD,SampleGen
a215413f-413b-487d-a795-789805790abd,Snowflake,S300373,CID-126,CA-0227,2025-01-04,Shipped,749.96,65.62,815.58,MC,USD,SampleGen
194dc075-8209-45d2-a204-3f87afd77f43,Snowflake,S300374,CID-127,CA-0229,2025-07-02,Completed,2839.93,248.5,3088.43,VISA,USD,SampleGen
1614dad2-c710-4879-aa7d-9a76047d0451,Snowflake,S300375,CID-127,CA-0229,2026-03-02,Shipped,359.97,31.5,391.47,AmEx,USD,SampleGen
e61fda6c-c20f-49d6-942f-30fc5ffaa16d,Snowflake,S300376,CID-127,CA-0229,2025-05-21,Completed,669.94,58.62,728.56,AmEx,USD,SampleGen
7186f2b6-c44c-4bd6-8c6e-8a591bc60f31,Snowflake,S300377,CID-127,CA-0229,2025-01-27,Completed,4049.94,354.37,4404.31,VISA,USD,SampleGen
0fe6790d-8002-453b-acc8-a6746465e1cf,Snowflake,S300378,CID-127,CA-0229,2026-03-17,Completed,239.98,21.0,260.98,MC,USD,SampleGen
80f13fbc-c65e-4e2a-8c02-dc9a008ee24e,Snowflake,S300379,CID-128,CA-0231,2025-02-11,Completed,3999.95,350.0,4349.95,PayPal,USD,SampleGen
ad2b7d77-3e36-44d8-839b-dcacbe98b815,Snowflake,S300380,CID-128,CA-0231,2025-06-08,Completed,1639.95,143.49,1783.44,MC,USD,SampleGen
27078ce6-9d00-404e-b42f-18e677572fdd,Snowflake,S300381,CID-128,CA-0231,2025-02-21,Completed,1599.97,140.0,1739.97,PayPal,USD,SampleGen
ba454863-3aad-4582-91d3-bc7bbc74674c,Snowflake,S300382,CID-128,CA-0231,2025-11-25,Cancelled,399.99,35.0,434.99,AmEx,USD,SampleGen
47f539a1-14ed-4acd-8bbe-ec6dd62b2e6d,Snowflake,S300383,CID-128,CA-0231,2025-01-27,Pending,2399.93,210.0,2609.93,PayPal,USD,SampleGen
62414501-3721-4656-aad8-e9e0a783c8b2,Snowflake,S300384,CID-129,CA-0232,2025-01-08,Completed,599.98,52.5,652.48,MC,USD,SampleGen
583c1fbd-0f9d-4871-8ab4-4db2c3c534ab,Snowflake,S300385,CID-130,CA-0234,2025-06-02,Pending,379.98,33.25,413.23,VISA,USD,SampleGen
1c375bda-3b02-4a69-a734-4503189dc605,Snowflake,S300386,CID-130,CA-0234,2025-07-30,Completed,449.99,39.37,489.36,AmEx,USD,SampleGen
e9253888-0d05-488f-80a6-c3169b1cd61a,Snowflake,S300387,CID-131,CA-0237,2025-08-16,Completed,249.99,21.87,271.86,VISA,USD,SampleGen
4fc3968a-7b3e-440a-b825-3c687836c286,Snowflake,S300388,CID-131,CA-0237,2025-10-19,Cancelled,359.98,31.5,391.48,MC,USD,SampleGen
d16bf8a4-dc4a-45e8-a727-6fe4f79b3a09,Snowflake,S300389,CID-132,CA-0238,2025-07-17,Pending,379.98,33.25,413.23,MC,USD,SampleGen
1284b9bc-1c83-4a6a-8484-1877ee5454f4,Snowflake,S300390,CID-133,CA-0240,2026-03-29,Completed,1159.98,101.5,1261.48,AmEx,USD,SampleGen
e82fad83-eeed-4399-85a6-e004e5b924ea,Snowflake,S300391,CID-133,CA-0240,2025-08-18,Completed,909.96,79.62,989.58,PayPal,USD,SampleGen
857e333e-2352-4487-8b9e-0570938e876b,Snowflake,S300392,CID-133,CA-0240,2025-11-02,Completed,899.97,78.74,978.71,VISA,USD,SampleGen
8b2898ba-8973-4498-882e-fd7752c5b41b,Snowflake,S300393,CID-133,CA-0240,2025-05-05,Pending,849.95,74.37,924.32,PayPal,USD,SampleGen
24b931c6-316e-44b0-8849-5ad53e6bc60f,Snowflake,S300394,CID-134,CA-0242,2025-06-20,Pending,919.97,80.5,1000.47,PayPal,USD,SampleGen
36df2d2c-79e7-47ae-80bf-13e6524b74ef,Snowflake,S300395,CID-134,CA-0242,2026-01-26,Completed,579.99,50.75,630.74,AmEx,USD,SampleGen
2ff75200-3dd0-4b53-a56a-a77c4cc9cacf,Snowflake,S300396,CID-134,CA-0242,2025-11-16,Completed,979.94,85.75,1065.69,VISA,USD,SampleGen
f9a89bdf-554f-43f6-8a0d-035ce151b9cc,Snowflake,S300397,CID-134,CA-0242,2025-04-27,Completed,499.98,43.75,543.73,MC,USD,SampleGen
f998c955-a3a5-4a15-8fc8-a9fde0a1bcca,Snowflake,S300398,CID-135,CA-0244,2026-02-21,Completed,1599.97,140.0,1739.97,AmEx,USD,SampleGen
92ed760e-c6b1-4465-9cd8-96bc9c6b2055,Snowflake,S300399,CID-135,CA-0244,2025-01-30,Completed,2939.93,257.25,3197.18,Discover,USD,SampleGen
4b65f35f-d1d4-44fe-b74c-4cb214c28c95,Snowflake,S300400,CID-136,CA-0246,2025-08-12,Cancelled,1299.99,113.75,1413.74,VISA,USD,SampleGen
ed54a1b5-555a-479f-b514-d921c5461ef1,Snowflake,S300401,CID-136,CA-0246,2025-09-23,Completed,2819.93,246.75,3066.68,AmEx,USD,SampleGen
559244d2-4fd4-4801-b9d6-c56941827266,Snowflake,S300402,CID-136,CA-0246,2025-12-14,Completed,1129.95,98.87,1228.82,AmEx,USD,SampleGen
2ec86598-f9dc-40b4-b507-7bb6e94c8b55,Snowflake,S300403,CID-136,CA-0246,2025-10-25,Pending,1459.93,127.75,1587.68,AmEx,USD,SampleGen
bf63c2a1-1d9c-4d8c-ac57-e8c3fdba087b,Snowflake,S300404,CID-137,CA-0249,2025-09-14,Completed,149.99,13.12,163.11,MC,USD,SampleGen
091b2632-8012-4e40-ae52-f81e60c3c810,Snowflake,S300405,CID-137,CA-0249,2025-07-10,Completed,1299.94,113.74,1413.68,AmEx,USD,SampleGen
bb5b7cae-26c6-47ff-9d16-92735fdd305a,Snowflake,S300406,CID-137,CA-0249,2025-12-31,Completed,2129.94,186.37,2316.31,MC,USD,SampleGen
fc9ad4b2-684b-481f-9b4c-65b4a77a313e,Snowflake,S300407,CID-137,CA-0249,2025-03-18,Completed,559.96,49.0,608.96,VISA,USD,SampleGen
2df29c72-2fe7-4f8f-b52d-619a5af675f8,Snowflake,S300408,CID-138,CA-0251,2025-08-25,Shipped,2879.93,252.0,3131.93,PayPal,USD,SampleGen
3d2a99f1-f87c-467a-a759-34fd6fcb22cd,Snowflake,S300409,CID-138,CA-0251,2025-08-13,Completed,2979.96,260.75,3240.71,PayPal,USD,SampleGen
7cab8cb1-ae80-403b-882c-eaf3e6a1be64,Snowflake,S300410,CID-138,CA-0251,2025-03-31,Completed,2049.96,179.37,2229.33,VISA,USD,SampleGen
eee2190b-cd5a-4bab-a57a-7818926deccd,Snowflake,S300411,CID-139,CA-1447,2025-07-18,Completed,3629.93,317.62,3947.55,Discover,USD,SampleGen
ab755a59-5fb6-4ae5-a5af-b55b59006668,Snowflake,S300412,CID-139,CA-1447,2025-03-14,Completed,1229.96,107.62,1337.58,VISA,USD,SampleGen
84cb7531-d1b5-4afc-87cb-8c0cd6bd3f2f,Snowflake,S300413,CID-139,CA-1447,2025-11-03,Shipped,749.98,65.62,815.6,VISA,USD,SampleGen
65bd7dce-11d6-480b-afdd-dec277813b78,Snowflake,S300414,CID-140,CA-0253,2025-09-10,Completed,1579.94,138.25,1718.19,MC,USD,SampleGen
b342ec82-7626-4eff-b231-984cb45b99dd,Snowflake,S300415,CID-140,CA-0253,2026-01-16,Completed,4139.95,362.25,4502.2,AmEx,USD,SampleGen
219b0214-3bc0-404c-8cc8-09c8f077aa87,Snowflake,S300416,CID-141,CA-0256,2025-11-04,Completed,2699.97,236.25,2936.22,MC,USD,SampleGen
8579eae7-7314-465d-9608-63466e66988d,Snowflake,S300417,CID-142,CA-0257,2025-02-06,Completed,839.98,73.49,913.47,VISA,USD,SampleGen
ada0672b-9b35-46e5-85ee-1d8c711e2455,Snowflake,S300418,CID-142,CA-0257,2026-01-28,Completed,119.99,10.5,130.49,AmEx,USD,SampleGen
c8ace0b8-f05e-4dc4-b185-8608b971fbb8,Snowflake,S300419,CID-143,CA-0260,2025-07-11,Completed,1369.95,119.87,1489.82,AmEx,USD,SampleGen
e6671961-ca65-432c-a569-a22b26196d53,Snowflake,S300420,CID-143,CA-0260,2026-02-05,Completed,1399.96,122.5,1522.46,VISA,USD,SampleGen
5adfa088-d4b5-442f-a7da-3cf63b650b6b,Snowflake,S300421,CID-144,CA-0262,2026-01-14,Completed,2649.94,231.87,2881.81,MC,USD,SampleGen
12e9650f-8a78-41b3-b7ab-45d0aaef1460,Snowflake,S300422,CID-145,CA-1494,2025-09-14,Completed,649.99,56.87,706.86,AmEx,USD,SampleGen
1883dd12-9bc5-4535-ae86-63c00792fba6,Snowflake,S300423,CID-145,CA-1494,2025-10-11,Shipped,629.97,55.12,685.09,Discover,USD,SampleGen
6483565f-d1d2-41a2-bcc7-641c9c109ce1,Snowflake,S300424,CID-146,CA-0265,2025-08-09,Completed,1734.95,151.81,1886.76,Discover,USD,SampleGen
a42d3fe5-d79c-40e0-bf8d-596a405547e0,Snowflake,S300425,CID-146,CA-0265,2025-07-22,Completed,449.99,39.37,489.36,AmEx,USD,SampleGen
0fbe91ba-e0ac-43a2-bda6-cc7cfa6acec1,Snowflake,S300426,CID-147,CA-0267,2025-08-26,Completed,2899.96,253.75,3153.71,PayPal,USD,SampleGen
46b8aa5d-3993-4b9f-b7e3-6328f2d85f9a,Snowflake,S300427,CID-147,CA-0267,2025-05-21,Completed,1289.96,112.87,1402.83,AmEx,USD,SampleGen
8ef5df2a-0a57-425d-b67b-d4c0c74ae659,Snowflake,S300428,CID-148,CA-0268,2026-03-16,Completed,6069.93,531.12,6601.05,VISA,USD,SampleGen
2fa2dad8-7396-4f87-a069-d8a393f53be1,Snowflake,S300429,CID-148,CA-0268,2025-06-29,Pending,3199.96,280.0,3479.96,MC,USD,SampleGen
65fe3ec2-3aff-4693-b6fc-c969f23c42e4,Snowflake,S300430,CID-149,CA-0269,2025-05-08,Completed,399.99,35.0,434.99,AmEx,USD,SampleGen
02e5db73-d648-4e4b-889b-3c8df7a20e04,Snowflake,S300431,CID-149,CA-0269,2025-03-16,Cancelled,649.97,56.87,706.84,Discover,USD,SampleGen
3c8a3943-1ceb-408b-b6d7-78246b642c09,Snowflake,S300432,CID-149,CA-0269,2026-01-27,Completed,2799.95,245.0,3044.95,AmEx,USD,SampleGen
f7e13f44-6ea9-45d4-be04-a3efbaf8b6ce,Snowflake,S300433,CID-149,CA-0269,2025-03-12,Completed,1199.98,105.0,1304.98,MC,USD,SampleGen
9b39d973-675f-4dcf-a7ad-0bf730c68e35,Snowflake,S300434,CID-149,CA-0269,2025-04-17,Cancelled,3879.94,339.5,4219.44,VISA,USD,SampleGen
5f5dd5e9-f3cd-4ed9-9cef-c109ac872d1c,Snowflake,S300435,CID-149,CA-0269,2025-11-24,Completed,2039.96,178.5,2218.46,MC,USD,SampleGen
251f3520-4d1c-4edd-8b05-211d992af599,Snowflake,S300436,CID-149,CA-0269,2026-02-03,Completed,59.99,5.25,65.24,Discover,USD,SampleGen
00abb93c-76d4-47fe-ac2a-c6e14ada79b9,Snowflake,S300437,CID-150,CA-0272,2025-06-24,Shipped,4939.93,432.25,5372.18,Discover,USD,SampleGen
38194576-e419-42fc-ae01-63ae30b28059,Snowflake,S300438,CID-150,CA-0272,2025-04-25,Completed,199.98,17.5,217.48,MC,USD,SampleGen
e3408c14-b69e-4689-8b86-60ed13ded0fc,Snowflake,S300439,CID-150,CA-0272,2025-01-20,Completed,1699.96,148.75,1848.71,MC,USD,SampleGen
438f4867-44cd-40f7-bc62-2cd7a8fe701e,Snowflake,S300440,CID-151,CA-0274,2025-08-26,Completed,2579.94,225.75,2805.69,MC,USD,SampleGen
1c001a9c-2cc7-4f85-bf29-3fe47aa5ec1f,Snowflake,S300441,CID-151,CA-0274,2025-09-10,Completed,919.94,80.5,1000.44,PayPal,USD,SampleGen
d6bc6fa2-68a1-44c0-97cf-7795acf99f12,Snowflake,S300442,CID-152,CA-0276,2025-05-24,Cancelled,1299.98,113.75,1413.73,Discover,USD,SampleGen
30c3a1ff-33b0-4dad-aad4-0391fc76c640,Snowflake,S300443,CID-152,CA-0276,2025-05-02,Completed,1379.97,120.75,1500.72,VISA,USD,SampleGen
0e56464c-e28d-4c06-8745-97a92edadb01,Snowflake,S300444,CID-153,CA-0277,2025-12-05,Pending,129.99,11.37,141.36,AmEx,USD,SampleGen
eca0bbee-b9c1-454a-81d1-e26b028cf132,Snowflake,S300445,CID-154,CA-0279,2026-02-12,Pending,2649.95,231.87,2881.82,AmEx,USD,SampleGen
be1509e2-b519-4b5e-9e0d-6af870235518,Snowflake,S300446,CID-155,CA-1496,2025-08-01,Completed,299.99,26.25,326.24,PayPal,USD,SampleGen
4b5cdead-d142-4395-98a6-8b39deb7fa90,Snowflake,S300447,CID-156,CA-0282,2025-05-07,Completed,1459.95,127.75,1587.7,MC,USD,SampleGen
4a44e44a-9033-4d17-829f-9a18af4096d8,Snowflake,S300448,CID-156,CA-0282,2025-06-30,Completed,1709.95,149.62,1859.57,MC,USD,SampleGen
42ecf43f-1c85-46be-ab0a-dec26229a3e0,Snowflake,S300449,CID-157,CA-0284,2025-09-25,Completed,459.97,40.25,500.22,Discover,USD,SampleGen
7d461817-e64d-46b3-a73b-65cfe14b0219,Snowflake,S300450,CID-157,CA-0284,2025-09-08,Completed,119.99,10.5,130.49,PayPal,USD,SampleGen
4c324924-184f-4df6-8408-9cbeb4523c99,Snowflake,S300451,CID-158,CA-0286,2025-06-27,Completed,1309.96,114.62,1424.58,PayPal,USD,SampleGen
701f5b4c-4ad2-46cb-afce-e4651521bab4,Snowflake,S300452,CID-158,CA-0286,2025-12-22,Pending,3859.93,337.75,4197.68,MC,USD,SampleGen
b267fa0d-d145-47e9-937f-c780bbc38b8c,Snowflake,S300453,CID-158,CA-0286,2025-06-30,Completed,1619.95,141.75,1761.7,Discover,USD,SampleGen
ed946bda-d5fc-4294-b42a-c6d21e671ff9,Snowflake,S300454,CID-159,CA-0288,2025-12-05,Completed,3179.97,278.25,3458.22,AmEx,USD,SampleGen
ccab3a2c-9ff8-4810-89e4-6fc5a6bb2a09,Snowflake,S300455,CID-159,CA-0288,2025-08-11,Completed,669.97,58.62,728.59,VISA,USD,SampleGen
d1cdb05c-6af7-4407-aee1-37a79f02a20f,Snowflake,S300456,CID-159,CA-0288,2026-02-21,Completed,1829.93,160.12,1990.05,VISA,USD,SampleGen
94c3e0ff-6d16-485a-9029-e6a17daa8bc3,Snowflake,S300457,CID-159,CA-0288,2025-01-10,Completed,1149.97,100.62,1250.59,MC,USD,SampleGen
66dcdeee-bb52-4794-9200-2c98b956ab78,Snowflake,S300458,CID-159,CA-0288,2025-08-04,Completed,709.93,62.12,772.05,VISA,USD,SampleGen
d49fd82b-eeb4-41c7-a9a0-9353e61855ec,Snowflake,S300459,CID-159,CA-0288,2026-01-30,Completed,1279.95,111.99,1391.94,MC,USD,SampleGen
02273c94-b432-47e2-b8a0-b062326affb0,Snowflake,S300460,CID-160,CA-0290,2025-11-14,Pending,1209.96,105.87,1315.83,MC,USD,SampleGen
b2df8ed3-ba42-4734-9407-6ea0f6a251fd,Snowflake,S300461,CID-160,CA-0290,2025-08-11,Completed,399.96,35.0,434.96,MC,USD,SampleGen
7bcce6a5-719e-4588-84e2-d1fea5d31fcf,Snowflake,S300462,CID-160,CA-0290,2025-05-01,Cancelled,1799.98,157.5,1957.48,PayPal,USD,SampleGen
bbec328d-3c8c-4440-a0e6-cdb849010b50,Snowflake,S300463,CID-160,CA-0290,2026-02-21,Cancelled,699.98,61.25,761.23,MC,USD,SampleGen
fc205bf2-bf46-430f-b8a6-8789f22d899a,Snowflake,S300464,CID-160,CA-0290,2025-10-09,Completed,3779.92,330.75,4110.67,PayPal,USD,SampleGen
5b48e374-4253-470f-bf6e-ff47527dc44c,Snowflake,S300465,CID-161,CA-0292,2025-09-01,Completed,1049.95,91.87,1141.82,MC,USD,SampleGen
5010dae0-88ab-40b6-a99e-18c720ddfa4e,Snowflake,S300466,CID-161,CA-0292,2025-11-28,Completed,259.97,22.75,282.72,MC,USD,SampleGen
aea07c25-f280-42b2-a4e1-c902aaa7559d,Snowflake,S300467,CID-161,CA-0292,2025-10-10,Completed,2519.95,220.49,2740.44,PayPal,USD,SampleGen
60e880c8-115a-40d1-85f2-39110c4360a7,Snowflake,S300468,CID-162,CA-0293,2025-06-28,Completed,2449.94,214.37,2664.31,MC,USD,SampleGen
8512fbe0-8c28-43a5-8f4a-f2327a34be43,Snowflake,S300469,CID-163,CA-0295,2025-10-06,Shipped,349.98,30.62,380.6,VISA,USD,SampleGen
620f4e3a-f9ea-4c47-be3e-2a53b9e86ee3,Snowflake,S300470,CID-163,CA-0295,2026-03-10,Completed,569.97,49.87,619.84,VISA,USD,SampleGen
dfd78cfc-f4a7-4443-9971-6774dc597980,Snowflake,S300471,CID-163,CA-0295,2025-02-26,Completed,649.98,56.87,706.85,MC,USD,SampleGen
083dc428-1fb3-49e8-b0d4-cd0514ccd1b3,Snowflake,S300472,CID-163,CA-0295,2025-08-03,Completed,1789.97,156.62,1946.59,MC,USD,SampleGen
8faa5079-ee09-4e81-950f-83d37cb44972,Snowflake,S300473,CID-163,CA-0295,2025-11-24,Completed,2109.96,184.62,2294.58,VISA,USD,SampleGen
36095e9b-97ea-4335-a6ee-1bd5a8ec9fcb,Snowflake,S300474,CID-164,CA-1498,2026-01-10,Completed,299.99,26.25,326.24,AmEx,USD,SampleGen
b75770fc-b03f-497e-bd7f-60f80d2696b5,Snowflake,S300475,CID-164,CA-1498,2025-09-20,Shipped,1709.95,149.62,1859.57,MC,USD,SampleGen
a8a9cbff-b47a-4431-8fdd-df73f813d342,Snowflake,S300476,CID-165,CA-1499,2026-02-05,Completed,2239.95,195.99,2435.94,Discover,USD,SampleGen
a25a650d-5744-4e79-b3ea-8e6ec7154489,Snowflake,S300477,CID-165,CA-1499,2026-03-04,Completed,1099.98,96.25,1196.23,PayPal,USD,SampleGen
365f59e0-4f03-4262-acbe-08737c554780,Snowflake,S300478,CID-166,CA-0299,2025-08-11,Pending,189.99,16.62,206.61,AmEx,USD,SampleGen
998ffd23-f1d6-4d54-a34d-9785e1b3af26,Snowflake,S300479,CID-166,CA-0299,2025-12-01,Completed,1419.97,124.24,1544.21,MC,USD,SampleGen
d966e125-c500-487c-894a-1b733c55392d,Snowflake,S300480,CID-166,CA-0299,2025-07-02,Completed,749.96,65.62,815.58,VISA,USD,SampleGen
931ec6c8-eb8d-4020-856c-19bebd4c5c89,Snowflake,S300481,CID-166,CA-0299,2025-03-16,Completed,949.96,83.12,1033.08,VISA,USD,SampleGen
dfa508ef-6980-435c-87cd-99ffedc8aa09,Snowflake,S300482,CID-166,CA-0299,2026-03-11,Completed,2959.94,259.0,3218.94,VISA,USD,SampleGen
1f6907bf-8122-4239-a4cc-982d7dc6e7c8,Snowflake,S300483,CID-166,CA-0299,2025-02-21,Completed,399.98,35.0,434.98,MC,USD,SampleGen
2c174c0a-312e-45fe-82df-6faa1be8f1a4,Snowflake,S300484,CID-166,CA-0299,2025-03-15,Shipped,1919.94,168.0,2087.94,Discover,USD,SampleGen
e8377a8e-1170-4439-94fc-178b198e8f07,Snowflake,S300485,CID-166,CA-0299,2025-02-22,Completed,669.97,58.62,728.59,PayPal,USD,SampleGen
58926ad4-d1b1-49d8-93b5-7683294d3ea2,Snowflake,S300486,CID-166,CA-0299,2025-01-27,Completed,6299.93,551.25,6851.18,MC,USD,SampleGen
30a23b75-0c92-459a-ad07-6757ae5ca1d0,Snowflake,S300487,CID-167,CA-0301,2025-01-29,Completed,1749.98,153.12,1903.1,MC,USD,SampleGen
445110ba-2523-43e8-bbc3-6f3202ec6d57,Snowflake,S300488,CID-167,CA-0301,2025-10-18,Completed,1159.97,101.5,1261.47,MC,USD,SampleGen
269acd8c-c2c6-4306-a87d-a60d4e32ae3b,Snowflake,S300489,CID-167,CA-0301,2025-03-28,Shipped,499.98,43.75,543.73,PayPal,USD,SampleGen
aeaaba88-e75c-44e9-bbf0-a4421980f0d5,Snowflake,S300490,CID-167,CA-0301,2025-08-25,Shipped,739.94,64.75,804.69,AmEx,USD,SampleGen
767c5ab5-030b-48ac-8484-208669db2a7b,Snowflake,S300491,CID-167,CA-0301,2026-03-24,Completed,2679.94,234.5,2914.44,VISA,USD,SampleGen
be770c30-80e0-41c3-85a9-cea3ff46301c,Snowflake,S300492,CID-167,CA-0301,2026-03-07,Completed,2499.93,218.75,2718.68,MC,USD,SampleGen
45699bc8-2676-4266-a085-80d98a4794c0,Snowflake,S300493,CID-167,CA-0301,2025-03-21,Completed,449.99,39.37,489.36,VISA,USD,SampleGen
da7d9135-e338-4986-92cd-4e799e1e20a9,Snowflake,S300494,CID-168,CA-0302,2026-03-06,Completed,689.96,60.37,750.33,PayPal,USD,SampleGen
080fcded-bf17-47d6-ac7c-cac25a67c93f,Snowflake,S300495,CID-168,CA-0302,2025-02-03,Completed,2299.96,201.25,2501.21,AmEx,USD,SampleGen
c20ee7ab-5481-4baa-8908-0ed095643c97,Snowflake,S300496,CID-168,CA-0302,2025-05-13,Completed,149.99,13.12,163.11,MC,USD,SampleGen
5d9f215f-b329-449c-bce9-cc18d270d491,Snowflake,S300497,CID-168,CA-0302,2025-10-01,Pending,1349.95,118.12,1468.07,MC,USD,SampleGen
cc9b8ab4-dc79-4278-8c91-ccaa16734e4d,Snowflake,S300498,CID-169,CA-0303,2025-04-23,Completed,239.98,21.0,260.98,MC,USD,SampleGen
cbf8f84e-3cb8-472a-9e50-9e30d643782e,Snowflake,S300499,CID-170,CA-0305,2025-10-29,Completed,1459.97,127.75,1587.72,MC,USD,SampleGen
96df77eb-19be-4fc6-831e-539bab7eaae6,Snowflake,S300500,CID-170,CA-0305,2025-11-29,Completed,2539.94,222.24,2762.18,AmEx,USD,SampleGen
454b26ea-b4a1-4053-9c5f-86613028d7fb,Snowflake,S300501,CID-171,CA-0306,2025-02-07,Completed,2399.94,209.99,2609.93,VISA,USD,SampleGen
740d8e94-8b67-407a-8fe4-389528f9ebdd,Snowflake,S300502,CID-171,CA-0306,2025-07-21,Completed,799.99,70.0,869.99,VISA,USD,SampleGen
66e42c9f-a046-4832-81a8-58d063b03efa,Snowflake,S300503,CID-171,CA-0306,2025-12-25,Completed,1339.96,117.25,1457.21,VISA,USD,SampleGen
284bba72-9b01-4b0b-a658-c7f58eb3bbd0,Snowflake,S300504,CID-171,CA-0306,2025-02-19,Completed,349.99,30.62,380.61,MC,USD,SampleGen
b164996a-d965-44e8-9079-59815d5c9a30,Snowflake,S300505,CID-172,CA-0308,2026-03-28,Completed,1069.93,93.62,1163.55,AmEx,USD,SampleGen
796e193c-27b3-468c-86c9-f86018234524,Snowflake,S300506,CID-172,CA-0308,2025-02-15,Completed,2399.94,210.0,2609.94,VISA,USD,SampleGen
69971e5d-cd79-40c4-a5f4-65809b7b70ac,Snowflake,S300507,CID-172,CA-0308,2026-02-17,Completed,1299.98,113.75,1413.73,AmEx,USD,SampleGen
cf8d8294-e015-4469-b82c-389af5241a9b,Snowflake,S300508,CID-172,CA-0308,2026-03-10,Completed,1049.97,91.87,1141.84,MC,USD,SampleGen
51316de1-c8d8-483d-91aa-a8f62a11bcef,Snowflake,S300509,CID-173,CA-0310,2025-04-07,Completed,2109.95,184.62,2294.57,MC,USD,SampleGen
6283b9fd-a355-40aa-afb7-9971b4fce3c9,Snowflake,S300510,CID-173,CA-0310,2025-12-02,Completed,3399.96,297.5,3697.46,VISA,USD,SampleGen
0188f8af-1094-4965-b8ed-6d5cced7803e,Snowflake,S300511,CID-173,CA-0310,2025-04-01,Cancelled,1949.98,170.62,2120.6,MC,USD,SampleGen
df1afc15-f2c4-451f-8947-6fe21de59f73,Snowflake,S300512,CID-174,CA-0312,2026-01-29,Cancelled,579.97,50.75,630.72,Discover,USD,SampleGen
a3a115a4-5c85-4821-832c-3a678eb5b09a,Snowflake,S300513,CID-174,CA-0312,2025-08-30,Completed,2119.96,185.5,2305.46,VISA,USD,SampleGen
42c4d809-af34-46e9-8cc3-7669fe05b41e,Snowflake,S300514,CID-175,CA-0314,2025-03-20,Shipped,499.97,43.75,543.72,PayPal,USD,SampleGen
8e9453b0-e639-4cb9-a2ed-cf776ee51143,Snowflake,S300515,CID-176,CA-0316,2025-10-29,Shipped,1099.95,96.25,1196.2,PayPal,USD,SampleGen
c31913e1-0ce0-422e-95d2-dabef3570ccd,Snowflake,S300516,CID-176,CA-0316,2025-06-15,Completed,2369.96,207.37,2577.33,MC,USD,SampleGen
bb3988f8-4b4b-4151-b640-3d2a516ce8bb,Snowflake,S300517,CID-177,CA-0317,2025-01-11,Completed,2649.97,231.87,2881.84,VISA,USD,SampleGen
c434d9cf-1077-4a67-a5fa-96241629ebe2,Snowflake,S300518,CID-177,CA-0317,2026-02-09,Pending,399.99,35.0,434.99,MC,USD,SampleGen
d6324777-78fd-4e68-bfdf-647c3dbc38d9,Snowflake,S300519,CID-178,CA-0319,2026-03-19,Completed,379.97,33.25,413.22,MC,USD,SampleGen
75743f51-be42-43a0-886f-6c57d7f18d2d,Snowflake,S300520,CID-179,CA-0321,2026-01-02,Cancelled,3614.94,316.31,3931.25,AmEx,USD,SampleGen
bf92c17a-9b6e-4db6-9486-47f72a538c83,Snowflake,S300521,CID-179,CA-0321,2025-02-23,Completed,1829.96,160.12,1990.08,PayPal,USD,SampleGen
feaacd29-049d-4c8a-a324-0ff7e19705e2,Snowflake,S300522,CID-180,CA-0322,2025-04-03,Completed,1799.98,157.5,1957.48,MC,USD,SampleGen
23a86f59-ffb0-4842-8904-28c0a09ba1ba,Snowflake,S300523,CID-180,CA-0322,2026-03-12,Completed,649.98,56.87,706.85,AmEx,USD,SampleGen
8b1a31f5-b610-435f-844a-a445936de6a7,Snowflake,S300524,CID-180,CA-0322,2025-11-12,Shipped,549.97,48.12,598.09,AmEx,USD,SampleGen
bf96d0b3-a9a8-4f1b-8089-6975a683ea20,Snowflake,S300525,CID-181,CA-0324,2025-06-05,Completed,459.97,40.25,500.22,VISA,USD,SampleGen
909dc793-6da0-4d64-8a5e-902db412a53a,Snowflake,S300526,CID-181,CA-0324,2025-05-10,Completed,149.99,13.12,163.11,AmEx,USD,SampleGen
4f38629a-e71f-41c2-ae6d-1ff529acd10b,Snowflake,S300527,CID-182,CA-0327,2025-08-18,Pending,1699.96,148.74,1848.7,AmEx,USD,SampleGen
5df51c6a-56ac-460d-88ec-567373bf5efa,Snowflake,S300528,CID-182,CA-0327,2025-04-23,Completed,2239.95,196.0,2435.95,MC,USD,SampleGen
537e13a9-bef5-4eaf-b8b4-b20108c9c620,Snowflake,S300529,CID-183,CA-0329,2026-01-29,Shipped,1229.98,107.62,1337.6,PayPal,USD,SampleGen
d32723ff-1771-4253-b28a-9c8bb8ad7349,Snowflake,S300530,CID-184,CA-1502,2025-02-26,Shipped,1799.98,157.5,1957.48,VISA,USD,SampleGen
19f66344-0086-44d6-9621-ec55d2d2b9a2,Snowflake,S300531,CID-184,CA-1502,2025-05-19,Shipped,2039.94,178.5,2218.44,AmEx,USD,SampleGen
706ad96f-4633-4302-a4dd-dfb3154d38c1,Snowflake,S300532,CID-185,CA-0332,2025-11-01,Completed,749.97,65.62,815.59,Discover,USD,SampleGen
a0acc455-f7e0-4cc5-b7ea-f0591faa8d0d,Snowflake,S300533,CID-185,CA-0332,2025-05-18,Completed,79.99,7.0,86.99,AmEx,USD,SampleGen
59be796d-3949-4959-b445-9e0ce346c576,Snowflake,S300534,CID-185,CA-0332,2025-02-15,Completed,2799.95,244.99,3044.94,VISA,USD,SampleGen
804f9f69-5372-4b38-9cb8-ae9cdd546dd6,Snowflake,S300535,CID-185,CA-0332,2025-06-07,Completed,119.99,10.5,130.49,VISA,USD,SampleGen
cad16290-e919-4592-9aa1-7df65c2c50b0,Snowflake,S300536,CID-186,CA-0333,2025-08-01,Completed,319.98,28.0,347.98,MC,USD,SampleGen
c2e46443-83d2-4cd3-aa0a-fc014ecc522a,Snowflake,S300537,CID-187,CA-0335,2025-04-23,Completed,159.98,14.0,173.98,AmEx,USD,SampleGen
b96da88c-c23f-46df-8246-2b79ce1e9ceb,Snowflake,S300538,CID-187,CA-0335,2025-11-07,Completed,2099.97,183.75,2283.72,PayPal,USD,SampleGen
43c2dae2-5a64-4095-955f-bf32cc1155b6,Snowflake,S300539,CID-187,CA-0335,2025-11-10,Completed,579.99,50.75,630.74,VISA,USD,SampleGen
f7409368-2dce-4cf9-bcc1-3be714c50146,Snowflake,S300540,CID-188,CA-0338,2025-04-07,Completed,529.98,46.37,576.35,VISA,USD,SampleGen
ff42cbd0-26f0-4b04-9761-c5e962f9faaa,Snowflake,S300541,CID-188,CA-0338,2025-11-01,Completed,5699.94,498.75,6198.69,AmEx,USD,SampleGen
91f8c882-1909-4398-8a0b-a8e172d35420,Snowflake,S300542,CID-188,CA-0338,2025-03-30,Completed,419.98,36.75,456.73,AmEx,USD,SampleGen
212bc0d8-5ead-4652-892a-4fb445d232cf,Snowflake,S300543,CID-189,CA-0339,2026-01-24,Completed,149.99,13.12,163.11,AmEx,USD,SampleGen
d20d17a5-b80d-45b9-b0cc-cdb6c532b30c,Snowflake,S300544,CID-190,CA-1503,2025-06-14,Completed,2159.94,189.0,2348.94,Discover,USD,SampleGen
477aa952-9431-45dd-b636-841ec6babefd,Snowflake,S300545,CID-190,CA-1503,2026-03-17,Completed,2049.95,179.37,2229.32,MC,USD,SampleGen
ccdbb05d-091e-4f9b-bf6d-c164116a9177,Snowflake,S300546,CID-191,CA-1504,2026-01-25,Completed,679.96,59.5,739.46,VISA,USD,SampleGen
144fa4c4-e68f-466a-b695-ba313958e331,Snowflake,S300547,CID-191,CA-1504,2025-01-09,Completed,2449.95,214.37,2664.32,VISA,USD,SampleGen
a1c2affa-62e3-4131-a4f4-51918e75628a,Snowflake,S300548,CID-192,CA-0344,2026-03-09,Completed,419.97,36.75,456.72,MC,USD,SampleGen
9fc36625-bb27-4258-b26b-3753c052610e,Snowflake,S300549,CID-192,CA-0344,2025-07-10,Completed,1099.98,96.25,1196.23,VISA,USD,SampleGen
75cbc663-ad12-4441-9eb5-00c6ba70593d,Snowflake,S300550,CID-192,CA-0344,2025-02-19,Completed,2299.92,201.25,2501.17,AmEx,USD,SampleGen
86e03bca-0363-412a-9e17-c87b68869143,Snowflake,S300551,CID-192,CA-0344,2026-03-21,Pending,79.99,7.0,86.99,AmEx,USD,SampleGen
27dc94ed-5df3-4655-9f8b-98360ad4312b,Snowflake,S300552,CID-192,CA-0344,2025-01-05,Completed,874.94,76.56,951.5,MC,USD,SampleGen
9ce96fdb-7be1-4dc3-a93e-22dc38ffde8f,Snowflake,S300553,CID-193,CA-0345,2025-09-18,Completed,3879.93,339.5,4219.43,MC,USD,SampleGen
97527815-db80-407a-82e6-87fe831f0e7b,Snowflake,S300554,CID-194,CA-0348,2025-02-20,Completed,1159.98,101.5,1261.48,VISA,USD,SampleGen
c5f8c7b5-e8d3-4038-8553-2a31f578e3a9,Snowflake,S300555,CID-194,CA-0348,2025-08-02,Completed,1719.97,150.5,1870.47,AmEx,USD,SampleGen
11d02a8d-53e3-4b06-a595-e8765a47e15c,Snowflake,S300556,CID-195,CA-0349,2025-04-16,Completed,1599.98,140.0,1739.98,VISA,USD,SampleGen
69b8d99d-515d-40d2-b132-cb410a6ae603,Snowflake,S300557,CID-195,CA-0349,2025-07-03,Completed,189.99,16.62,206.61,PayPal,USD,SampleGen
db78abf5-2ec8-4da1-85d2-7bdb19ec2537,Snowflake,S300558,CID-196,CA-0351,2025-02-08,Completed,709.98,62.12,772.1,VISA,USD,SampleGen
beee96a9-1063-4df2-9630-7ce6f63b1061,Snowflake,S300559,CID-197,CA-0353,2026-01-10,Completed,4099.92,358.75,4458.67,AmEx,USD,SampleGen
681b6db2-fee0-46c8-b82e-51ad1177cf0e,Snowflake,S300560,CID-197,CA-0353,2025-12-31,Completed,649.99,56.87,706.86,PayPal,USD,SampleGen
ed66701d-1862-4121-a759-6323b100fbb8,Snowflake,S300561,CID-197,CA-0353,2025-03-10,Completed,749.98,65.62,815.6,MC,USD,SampleGen
4567be78-f2cd-44ae-b6c9-672071da7b06,Snowflake,S300562,CID-197,CA-0353,2025-03-08,Completed,239.98,21.0,260.98,AmEx,USD,SampleGen
57a67d6b-7243-4927-ae0a-537da00f03fe,Snowflake,S300563,CID-197,CA-0353,2025-08-30,Completed,1524.95,133.43,1658.38,MC,USD,SampleGen
3928f06d-bbb0-401f-a2ba-a6880ce76f42,Snowflake,S300564,CID-198,CA-0355,2025-01-24,Pending,1669.95,146.11,1816.06,VISA,USD,SampleGen
0a7c8c58-da1b-4952-99c0-309bf8748641,Snowflake,S300565,CID-198,CA-0355,2026-03-08,Completed,999.94,87.5,1087.44,VISA,USD,SampleGen
2ea000e5-c9ee-4186-953d-dbffc3f08206,Snowflake,S300566,CID-198,CA-0355,2025-02-12,Completed,1819.95,159.25,1979.2,VISA,USD,SampleGen
d61818d3-c1f3-4c93-988d-66066ec361f1,Snowflake,S300567,CID-198,CA-0355,2025-09-25,Completed,2799.93,245.0,3044.93,MC,USD,SampleGen
4a42afb3-b22e-45d5-bd53-ce4927e37499,Snowflake,S300568,CID-198,CA-0355,2026-03-10,Completed,299.99,26.25,326.24,VISA,USD,SampleGen
96cd1947-504a-4fcf-bbbf-318874a67a21,Snowflake,S300569,CID-198,CA-0355,2025-04-11,Completed,2359.94,206.5,2566.44,PayPal,USD,SampleGen
8927f03e-5129-4309-b422-2b5ed66f837e,Snowflake,S300570,CID-198,CA-0355,2025-09-24,Completed,1439.96,126.0,1565.96,VISA,USD,SampleGen
7e73d2f6-c26c-4ec3-9029-3c07f1a2d13e,Snowflake,S300571,CID-198,CA-0355,2026-03-13,Completed,639.96,56.0,695.96,VISA,USD,SampleGen
46fef300-9112-4def-a024-677fcc5b9277,Snowflake,S300572,CID-198,CA-0355,2025-09-22,Completed,2199.94,192.5,2392.44,PayPal,USD,SampleGen
6c88b4e2-b580-4ff3-8ec1-7bb533b67ba1,Snowflake,S300573,CID-199,CA-0356,2025-08-27,Pending,809.97,70.87,880.84,VISA,USD,SampleGen
a8209d09-9d01-4796-9373-9c1725c158c5,Snowflake,S300574,CID-199,CA-0356,2026-01-07,Completed,2299.94,201.25,2501.19,MC,USD,SampleGen
f28fe9c1-faca-40c9-9db7-95c157d1eef2,Snowflake,S300575,CID-199,CA-0356,2025-10-25,Cancelled,979.97,85.74,1065.71,Discover,USD,SampleGen
2657ac74-a782-46f1-a3a6-00adb5c175e9,Snowflake,S300576,CID-199,CA-0356,2025-05-09,Completed,989.96,86.62,1076.58,VISA,USD,SampleGen
54753afb-d612-4ea2-87c0-d12638bf2af0,Snowflake,S300577,CID-200,CA-0358,2026-01-19,Completed,359.98,31.5,391.48,VISA,USD,SampleGen
fbef7945-a36a-4134-82d8-7a9ce0ea52c6,Snowflake,S300578,CID-200,CA-0358,2026-03-12,Shipped,1299.98,113.75,1413.73,VISA,USD,SampleGen
f695d5ce-fca1-4b3b-b654-b491f1fd67f0,Snowflake,S300579,CID-200,CA-0358,2025-06-08,Completed,1979.96,173.25,2153.21,AmEx,USD,SampleGen
ce5f74ac-a7c3-4f91-acb5-75128da8645c,Snowflake,S300580,CID-200,CA-0358,2025-06-15,Completed,489.97,42.87,532.84,VISA,USD,SampleGen
b21e25a1-a2d8-4e85-97aa-a425dd9cf254,Snowflake,S300581,CID-201,CA-0361,2025-06-27,Completed,389.97,34.12,424.09,PayPal,USD,SampleGen
be038aba-686a-40e5-986b-51525b25f38d,Snowflake,S300582,CID-201,CA-0361,2025-02-12,Completed,2599.98,227.5,2827.48,VISA,USD,SampleGen
956c76a3-c04b-493e-9386-b67fa0d4ab35,Snowflake,S300583,CID-202,CA-0363,2025-11-29,Pending,599.98,52.5,652.48,VISA,USD,SampleGen
74b36be1-54c6-4943-b457-98c0edf51db6,Snowflake,S300584,CID-203,CA-1506,2025-12-18,Completed,1609.95,140.87,1750.82,AmEx,USD,SampleGen
a5393b89-3d99-4621-a417-675bca253c4b,Snowflake,S300585,CID-203,CA-1506,2025-12-09,Completed,2449.95,214.36,2664.31,MC,USD,SampleGen
5e9eac8e-347e-4fed-8a3a-97a28b6f5a2f,Snowflake,S300586,CID-203,CA-1506,2025-10-15,Completed,3899.92,341.25,4241.17,MC,USD,SampleGen
7724752d-35b4-48f2-8d72-0d6398c41081,Snowflake,S300587,CID-203,CA-1506,2025-08-26,Completed,189.99,16.62,206.61,PayPal,USD,SampleGen
b6759868-aee8-483a-b23b-36905fa9ae28,Snowflake,S300588,CID-204,CA-0366,2025-02-24,Completed,3799.94,332.5,4132.44,VISA,USD,SampleGen
ca248399-aedc-4c7b-85f5-fd35f2bd93f6,Snowflake,S300589,CID-204,CA-0366,2025-06-06,Completed,299.99,26.25,326.24,VISA,USD,SampleGen
7bd77c7e-158f-47d1-83de-5121c401a718,Snowflake,S300590,CID-204,CA-0366,2025-02-19,Pending,2199.98,192.5,2392.48,VISA,USD,SampleGen
d4b6bbf6-0ffb-47f6-8d79-dadbb1c621ec,Snowflake,S300591,CID-204,CA-0366,2025-12-22,Pending,2399.94,210.0,2609.94,AmEx,USD,SampleGen
ca875617-4844-4d30-bac6-756c061880f3,Snowflake,S300592,CID-204,CA-0366,2025-08-02,Pending,649.99,56.87,706.86,MC,USD,SampleGen
d77b8d4d-316d-498f-8dd2-9a0282d87102,Snowflake,S300593,CID-204,CA-0366,2025-10-25,Completed,1199.95,105.0,1304.95,PayPal,USD,SampleGen
14c54946-a190-4a57-86bb-d59f63d2a179,Snowflake,S300594,CID-204,CA-0366,2025-06-07,Shipped,3199.94,280.0,3479.94,MC,USD,SampleGen
ee98448b-742a-44c5-93cd-93bb2ff20543,Snowflake,S300595,CID-204,CA-0366,2025-09-23,Completed,2749.97,240.62,2990.59,MC,USD,SampleGen
01cfb3ef-1c49-4d6b-b021-341cab64233b,Snowflake,S300596,CID-204,CA-0366,2025-01-31,Completed,1299.99,113.75,1413.74,PayPal,USD,SampleGen
599e2d02-ee7e-4d84-8fc6-2d0f5733f140,Snowflake,S300597,CID-205,CA-0367,2026-02-20,Cancelled,1249.94,109.37,1359.31,VISA,USD,SampleGen
90285b9b-80f8-4221-8ba1-ad4fec1cb298,Snowflake,S300598,CID-205,CA-0367,2025-12-27,Completed,2199.98,192.5,2392.48,VISA,USD,SampleGen
834ef452-21d6-4d4c-8743-d5cf7e8e0161,Snowflake,S300599,CID-205,CA-0367,2025-05-06,Completed,1799.98,157.5,1957.48,MC,USD,SampleGen
3f774038-9d2a-4175-9575-dd84501b2363,Snowflake,S300600,CID-205,CA-0367,2025-10-26,Completed,1549.98,135.62,1685.6,VISA,USD,SampleGen
34dd8100-c82f-4678-b290-52fa342528ca,Snowflake,S300601,CID-205,CA-0367,2025-05-17,Completed,2429.94,212.62,2642.56,VISA,USD,SampleGen
c75e1a41-74d9-4d9d-bdd5-f639f5fe2ad5,Snowflake,S300602,CID-206,CA-0370,2026-03-30,Shipped,459.98,40.25,500.23,MC,USD,SampleGen
dd93851e-03f1-4964-8e04-9526a7da0d42,Snowflake,S300603,CID-207,CA-0372,2026-03-21,Completed,379.98,33.25,413.23,MC,USD,SampleGen
d16e1b8e-641e-4d4a-9fec-7262f5189feb,Snowflake,S300604,CID-207,CA-0372,2025-05-08,Pending,119.99,10.5,130.49,VISA,USD,SampleGen
c9a672b7-8e69-4e22-81b2-6cbdc22c143f,Snowflake,S300605,CID-208,CA-0373,2025-07-15,Completed,379.98,33.25,413.23,MC,USD,SampleGen
20740823-7a41-44af-82ac-7f529df3bc6d,Snowflake,S300606,CID-208,CA-0373,2025-09-29,Completed,2699.97,236.25,2936.22,VISA,USD,SampleGen
a3c2eb2e-408f-4218-a96b-f9c292d5fc35,Snowflake,S300607,CID-208,CA-0373,2025-08-01,Completed,1379.97,120.75,1500.72,Discover,USD,SampleGen
d9edc1b4-3062-4131-afe9-180db97fc2b6,Snowflake,S300608,CID-208,CA-0373,2025-11-06,Shipped,189.99,16.62,206.61,VISA,USD,SampleGen
edcf9ee6-1a67-4ac8-8a92-d98c209091b4,Snowflake,S300609,CID-208,CA-0373,2025-05-12,Completed,1989.95,174.12,2164.07,VISA,USD,SampleGen
1e3e96ee-2370-4a8c-8c5f-4592697f1998,Snowflake,S300610,CID-209,CA-0376,2025-11-14,Completed,849.97,74.37,924.34,Discover,USD,SampleGen
d10dd00f-8786-4210-b688-67b0199f3ba7,Snowflake,S300611,CID-210,CA-0378,2026-03-22,Completed,1379.94,120.75,1500.69,MC,USD,SampleGen
e5e76534-a57e-402a-82f8-7d8941dbaa3e,Snowflake,S300612,CID-211,CA-0379,2026-02-12,Pending,249.98,21.87,271.85,PayPal,USD,SampleGen
a66128ff-f7eb-4a49-a294-280aad8ecd7f,Snowflake,S300613,CID-211,CA-0379,2025-03-20,Completed,2539.92,222.25,2762.17,VISA,USD,SampleGen
524e53ff-8694-4999-8bdf-5bc99212b6ce,Snowflake,S300614,CID-211,CA-0379,2026-01-18,Completed,2299.96,201.24,2501.2,VISA,USD,SampleGen
0b6b8e7c-b020-4640-8007-a191a897f1da,Snowflake,S300615,CID-211,CA-0379,2025-09-30,Completed,2599.98,227.5,2827.48,VISA,USD,SampleGen
f66baaed-22d9-47e1-99ec-c669ff4089b0,Snowflake,S300616,CID-212,CA-0382,2025-04-03,Completed,2209.96,193.37,2403.33,MC,USD,SampleGen
a44e11ff-9cd9-43f2-bbee-c454125eaf29,Snowflake,S300617,CID-212,CA-0382,2025-10-28,Pending,259.98,22.75,282.73,MC,USD,SampleGen
35e1e671-4579-4dc9-96e2-b88ad8caa417,Snowflake,S300618,CID-212,CA-0382,2025-10-30,Completed,2609.94,228.37,2838.31,AmEx,USD,SampleGen
63091b27-752d-4044-b093-b1916e3f3cc8,Snowflake,S300619,CID-213,CA-1451,2025-12-19,Shipped,3599.95,315.0,3914.95,AmEx,USD,SampleGen
84288b1d-a2a4-48d7-b4f3-13fca826c2d6,Snowflake,S300620,CID-213,CA-1451,2025-08-08,Completed,1249.96,109.37,1359.33,MC,USD,SampleGen
b72e4c3f-ba56-4007-8bdb-418e3dc6ddae,Snowflake,S300621,CID-214,CA-0385,2025-07-01,Pending,1549.97,135.62,1685.59,PayPal,USD,SampleGen
d72f73d4-dc44-4e04-aaef-8fffea389581,Snowflake,S300622,CID-215,CA-0386,2025-11-20,Completed,899.97,78.75,978.72,VISA,USD,SampleGen
1f8789ac-c69d-44dc-88f3-e72cd3af9c90,Snowflake,S300623,CID-215,CA-0386,2025-05-21,Completed,1899.96,166.25,2066.21,PayPal,USD,SampleGen
8a677831-3375-40e0-b39b-a045c123cbaa,Snowflake,S300624,CID-215,CA-0386,2025-12-26,Completed,899.99,78.75,978.74,MC,USD,SampleGen
9f9c4ac3-be2a-4003-a8f0-a6f5fa03c063,Snowflake,S300625,CID-215,CA-0386,2025-03-15,Completed,459.96,40.25,500.21,AmEx,USD,SampleGen
06f6ca09-591e-4f58-9963-d061249110d9,Snowflake,S300626,CID-215,CA-0386,2025-03-13,Completed,259.98,22.75,282.73,VISA,USD,SampleGen
5ec2e9e4-7ecd-4bf2-9541-22835910e852,Snowflake,S300627,CID-215,CA-0386,2025-05-29,Completed,609.97,53.37,663.34,VISA,USD,SampleGen
e7a39e26-65d1-4e0b-88b5-0bdd6f4225d6,Snowflake,S300628,CID-215,CA-0386,2025-03-01,Completed,1779.95,155.75,1935.7,VISA,USD,SampleGen
194ab69d-35f4-45c6-aac9-1b861043dfaa,Snowflake,S300629,CID-216,CA-0389,2025-01-07,Completed,399.99,35.0,434.99,AmEx,USD,SampleGen
04fd1890-25ef-4d44-a196-86d7624efdf8,Snowflake,S300630,CID-217,CA-1452,2026-01-10,Pending,1299.99,113.75,1413.74,AmEx,USD,SampleGen
c3778556-6371-4df7-8586-2e54a82ea5bd,Snowflake,S300631,CID-218,CA-1507,2025-09-20,Shipped,3479.95,304.5,3784.45,VISA,USD,SampleGen
4432d42d-ad10-4f58-92d2-7ffec4cf5610,Snowflake,S300632,CID-218,CA-1507,2025-07-14,Shipped,1679.93,147.0,1826.93,VISA,USD,SampleGen
e972c0fa-8a23-48aa-bd15-bfd9df0972cd,Snowflake,S300633,CID-219,CA-0392,2025-07-07,Pending,239.97,21.0,260.97,VISA,USD,SampleGen
9534078a-75ac-4319-b5ab-875d0f0c468e,Snowflake,S300634,CID-219,CA-0392,2025-09-29,Completed,2439.92,213.5,2653.42,MC,USD,SampleGen
4e04b70c-4f1c-436c-8699-9cd954f488eb,Snowflake,S300635,CID-220,CA-1453,2026-03-28,Completed,1059.96,92.75,1152.71,VISA,USD,SampleGen
5d0da68e-e760-41f5-a423-6f9c4ca3ab3d,Snowflake,S300636,CID-220,CA-1453,2025-01-01,Completed,929.97,81.37,1011.34,Discover,USD,SampleGen
71d8a991-9339-4d4d-979a-391860bc9286,Snowflake,S300637,CID-220,CA-1453,2025-12-08,Completed,249.99,21.87,271.86,AmEx,USD,SampleGen
4b3d9ccc-18b1-438a-8a9e-6daf494b9781,Snowflake,S300638,CID-220,CA-1453,2025-11-24,Shipped,1699.96,148.75,1848.71,PayPal,USD,SampleGen
4b3c4d6d-d46f-4eba-aac4-dc47c60a76cd,Snowflake,S300639,CID-220,CA-1453,2025-11-14,Pending,1074.95,94.06,1169.01,Discover,USD,SampleGen
f1669dd7-325b-4cca-841a-48d1e66a4ddd,Snowflake,S300640,CID-220,CA-1453,2026-01-01,Completed,1199.96,105.0,1304.96,AmEx,USD,SampleGen
f6f954c3-b16c-4350-bcb1-1ff8e77f73dc,Snowflake,S300641,CID-220,CA-1453,2025-08-02,Completed,239.98,21.0,260.98,PayPal,USD,SampleGen
3ba43079-0b75-4e64-9167-730c4dd4cfc1,Snowflake,S300642,CID-220,CA-1453,2026-03-07,Completed,1539.95,134.74,1674.69,PayPal,USD,SampleGen
006bd1e3-ffdf-481f-bb9f-95be69ac6131,Snowflake,S300643,CID-221,CA-0395,2025-03-25,Completed,159.98,14.0,173.98,VISA,USD,SampleGen
b109b013-1cf8-432b-9a2d-c3977b88e893,Snowflake,S300644,CID-221,CA-0395,2025-03-03,Completed,1039.96,91.0,1130.96,VISA,USD,SampleGen
36d58fa4-9dea-40ad-b9a8-516af1b17792,Snowflake,S300645,CID-221,CA-0395,2025-04-08,Completed,2829.95,247.62,3077.57,Discover,USD,SampleGen
eccf9420-5469-42c8-8e6e-76602a98416e,Snowflake,S300646,CID-221,CA-0395,2026-01-26,Completed,2199.97,192.5,2392.47,Discover,USD,SampleGen
e8a6d221-fd05-45eb-9ba0-37d95429e5cf,Snowflake,S300647,CID-222,CA-0397,2026-03-18,Completed,239.98,21.0,260.98,VISA,USD,SampleGen
7a3b6251-92d5-4bba-b9bb-303cc8091f7a,Snowflake,S300648,CID-223,CA-0398,2025-09-03,Completed,2439.95,213.5,2653.45,AmEx,USD,SampleGen
46279214-8f16-4f66-9f39-ed451e1d26db,Snowflake,S300649,CID-223,CA-0398,2026-01-12,Completed,2249.94,196.87,2446.81,AmEx,USD,SampleGen
40d1c07e-869e-4314-9aa8-4e24d419f888,Snowflake,S300650,CID-223,CA-0398,2026-03-04,Completed,2979.96,260.75,3240.71,VISA,USD,SampleGen
80ca885b-1669-45ee-9dd4-6bea71734890,Snowflake,S300651,CID-223,CA-0398,2025-03-17,Completed,2499.95,218.75,2718.7,PayPal,USD,SampleGen
bd817b38-b805-4575-b2ee-8bf4caaa86ed,Snowflake,S300652,CID-223,CA-0398,2026-03-12,Shipped,2609.93,228.37,2838.3,VISA,USD,SampleGen
0931f218-8467-400e-9c1d-35714490930c,Snowflake,S300653,CID-224,CA-0400,2025-07-09,Completed,2319.93,203.0,2522.93,VISA,USD,SampleGen
9474271a-056a-4e14-bed3-6369d58a6b28,Snowflake,S300654,CID-225,CA-0402,2025-12-07,Completed,1079.98,94.5,1174.48,MC,USD,SampleGen
aad3368b-7e23-433e-b51e-b559ac933a73,Snowflake,S300655,CID-225,CA-0402,2025-06-25,Completed,2379.93,208.25,2588.18,MC,USD,SampleGen
b285a6f4-9ed1-4d17-a48c-70118296f61f,Snowflake,S300656,CID-226,CA-0403,2025-11-01,Cancelled,1329.95,116.37,1446.32,AmEx,USD,SampleGen
e0b413cb-1a91-457b-b37c-b69bd49549e4,Snowflake,S300657,CID-226,CA-0403,2025-10-15,Completed,3699.96,323.75,4023.71,MC,USD,SampleGen
309ac554-5588-46bd-9bdf-333428f65372,Snowflake,S300658,CID-227,CA-0405,2025-01-03,Shipped,1399.96,122.5,1522.46,VISA,USD,SampleGen
c42caac3-3c25-4214-94d7-cc5001689d17,Snowflake,S300659,CID-228,CA-0407,2026-03-29,Completed,249.99,21.87,271.86,Discover,USD,SampleGen
b123f245-d58d-445e-9ff3-d6d882b43186,Snowflake,S300660,CID-228,CA-0407,2026-01-13,Completed,4629.95,405.12,5035.07,PayPal,USD,SampleGen
d8ea8684-9b10-44d3-8067-434c99961555,Snowflake,S300661,CID-228,CA-0407,2025-11-18,Pending,379.98,33.25,413.23,MC,USD,SampleGen
4fd73a9c-f239-44ba-a5a4-1bc4db17ab8a,Snowflake,S300662,CID-229,CA-0408,2025-05-09,Completed,959.97,84.0,1043.97,Discover,USD,SampleGen
14a28a63-0606-4bf1-bc1e-b091bd952a56,Snowflake,S300663,CID-229,CA-0408,2025-11-29,Cancelled,1919.94,168.0,2087.94,AmEx,USD,SampleGen
64faaac2-a790-4914-b748-d4c08425f349,Snowflake,S300664,CID-229,CA-0408,2025-12-22,Completed,2679.95,234.5,2914.45,AmEx,USD,SampleGen
5df8e17d-3a46-414f-af80-939ea37ef1f0,Snowflake,S300665,CID-229,CA-0408,2025-01-11,Completed,449.99,39.37,489.36,MC,USD,SampleGen
dcf729cd-b6d9-4089-93ee-5cbf260fa7c7,Snowflake,S300666,CID-229,CA-0408,2026-01-28,Completed,2279.96,199.5,2479.46,VISA,USD,SampleGen
98ccd9be-1bbe-4df5-8e62-6e0c38cc6511,Snowflake,S300667,CID-230,CA-0411,2025-02-25,Completed,1999.97,175.0,2174.97,AmEx,USD,SampleGen
1776c4a8-18e1-4315-8292-76fdcaf33a97,Snowflake,S300668,CID-230,CA-0411,2025-03-27,Completed,1299.98,113.75,1413.73,VISA,USD,SampleGen
43c92e20-35fd-4fff-b72f-50f19269c76f,Snowflake,S300669,CID-230,CA-0411,2025-09-11,Completed,14.99,1.31,16.3,MC,USD,SampleGen
f45e7108-64aa-4aad-aaaf-55590398300a,Snowflake,S300670,CID-230,CA-0411,2026-03-10,Completed,2559.95,223.99,2783.94,PayPal,USD,SampleGen
4e17c776-2dca-46f6-ae69-0fde9fae2fdb,Snowflake,S300671,CID-231,CA-0413,2025-01-06,Completed,1149.97,100.62,1250.59,VISA,USD,SampleGen
bf0e5525-34ce-4c95-9314-0b3a29064e03,Snowflake,S300672,CID-231,CA-0413,2025-06-07,Completed,2329.93,203.87,2533.8,PayPal,USD,SampleGen
c2dc9eb0-8b17-417b-9976-2d2e6ec2a777,Snowflake,S300673,CID-231,CA-0413,2025-08-09,Completed,319.96,28.0,347.96,PayPal,USD,SampleGen
73288726-5198-44f8-b567-0eb5bb74ebcb,Snowflake,S300674,CID-232,CA-0414,2025-04-04,Cancelled,199.98,17.5,217.48,MC,USD,SampleGen
9b8d12de-43fc-414a-a555-570a1af097b9,Snowflake,S300675,CID-233,CA-0416,2025-02-08,Pending,1929.96,168.87,2098.83,PayPal,USD,SampleGen
f40394a1-1a13-4006-8bd0-41d9d70e9722,Snowflake,S300676,CID-233,CA-0416,2026-01-25,Completed,4479.95,392.0,4871.95,VISA,USD,SampleGen
26f91a1c-7fb6-40d8-85d9-2cb83bc0d616,Snowflake,S300677,CID-233,CA-0416,2025-08-22,Completed,1979.96,173.25,2153.21,MC,USD,SampleGen
be56dcd3-44b6-41b2-b758-6908c79d23f6,Snowflake,S300678,CID-233,CA-0416,2025-10-24,Completed,1259.96,110.24,1370.2,Discover,USD,SampleGen
76c89607-2c9e-4463-b77e-7d161cc3ca1b,Snowflake,S300679,CID-234,CA-0419,2025-10-13,Completed,3479.95,304.5,3784.45,Discover,USD,SampleGen
d4186575-da39-4fb2-b68c-a10e26953c94,Snowflake,S300680,CID-235,CA-0420,2026-03-03,Completed,119.99,10.5,130.49,PayPal,USD,SampleGen
51b65049-d942-4bd1-86a7-c8a3a16275ec,Snowflake,S300681,CID-235,CA-0420,2025-07-17,Completed,279.96,24.5,304.46,MC,USD,SampleGen
9117d0ec-5fcc-4de9-88cd-09c6f1cf1101,Snowflake,S300682,CID-236,CA-0422,2025-01-08,Completed,1299.98,113.75,1413.73,MC,USD,SampleGen
3a7c45d1-8fb3-4ed2-b131-cd4c9288aa8a,Snowflake,S300683,CID-236,CA-0422,2025-11-12,Completed,349.98,30.62,380.6,AmEx,USD,SampleGen
26fee9cf-3045-4c4d-a2fe-a1be9a12c4f7,Snowflake,S300684,CID-236,CA-0422,2025-11-30,Completed,79.99,7.0,86.99,VISA,USD,SampleGen
2b843285-9bde-4171-a051-6a81847ef566,Snowflake,S300685,CID-236,CA-0422,2026-01-25,Completed,499.98,43.75,543.73,AmEx,USD,SampleGen
4876e903-32de-4cb4-ba8c-266685481134,Snowflake,S300686,CID-236,CA-0422,2025-06-05,Pending,999.97,87.5,1087.47,PayPal,USD,SampleGen
aa48ece2-b852-4843-a2ef-cd64b460076c,Snowflake,S300687,CID-236,CA-0422,2025-08-29,Completed,2129.94,186.37,2316.31,VISA,USD,SampleGen
6d6e9b49-b44d-43db-aa2c-d48ef5d80b3b,Snowflake,S300688,CID-236,CA-0422,2025-02-22,Shipped,299.99,26.25,326.24,VISA,USD,SampleGen
76c17f5f-34b9-4e98-a381-63528fe0f69d,Snowflake,S300689,CID-236,CA-0422,2025-07-30,Completed,1919.94,168.0,2087.94,MC,USD,SampleGen
07cf4993-1997-4709-9ae1-3d12593dc549,Snowflake,S300690,CID-236,CA-0422,2025-05-22,Completed,249.99,21.87,271.86,AmEx,USD,SampleGen
a6a8c634-4280-4e72-a647-109fdd33779e,Snowflake,S300691,CID-236,CA-0422,2026-01-24,Completed,259.97,22.75,282.72,MC,USD,SampleGen
48c2cd7b-79df-4a4b-82cf-95346f9616ed,Snowflake,S300692,CID-236,CA-0422,2025-03-09,Pending,1349.97,118.12,1468.09,AmEx,USD,SampleGen
c9017afd-0a1a-40f5-84ef-6bfb55af565b,Snowflake,S300693,CID-236,CA-0422,2025-03-31,Completed,1259.95,110.25,1370.2,AmEx,USD,SampleGen
d53723ed-0b01-4cd1-9c51-94ba7fa1d652,Snowflake,S300694,CID-237,CA-0424,2025-12-21,Completed,1149.98,100.62,1250.6,MC,USD,SampleGen
8d35aff3-8fd1-438f-82d4-cc6f20016aa8,Snowflake,S300695,CID-237,CA-0424,2025-04-09,Completed,329.98,28.87,358.85,VISA,USD,SampleGen
ba7425f2-72cf-4efa-9e54-e5751f93c9f7,Snowflake,S300696,CID-237,CA-0424,2025-05-24,Completed,979.97,85.75,1065.72,AmEx,USD,SampleGen
bda28602-1414-4cad-8b92-c70e9517e0f8,Snowflake,S300697,CID-238,CA-0425,2025-02-25,Cancelled,5199.96,455.0,5654.96,VISA,USD,SampleGen
9d528629-d147-4bac-b8be-6a0570a2df11,Snowflake,S300698,CID-239,CA-0428,2025-03-17,Completed,1069.95,93.62,1163.57,AmEx,USD,SampleGen
10e237ea-1db0-4a57-9d4a-4754891cf65f,Snowflake,S300699,CID-239,CA-0428,2025-04-29,Completed,449.99,39.37,489.36,MC,USD,SampleGen
df2251d7-e40d-4809-9245-3e02aa885bbd,Snowflake,S300700,CID-239,CA-0428,2025-10-10,Completed,529.96,46.37,576.33,PayPal,USD,SampleGen
dc8a1802-e055-480f-8a50-c3eac61c55ec,Snowflake,S300701,CID-239,CA-0428,2026-03-03,Completed,549.97,48.12,598.09,VISA,USD,SampleGen
4297fbf2-928d-48bb-9170-33b4961a28e5,Snowflake,S300702,CID-240,CA-0430,2025-11-20,Completed,704.96,61.68,766.64,VISA,USD,SampleGen
8cb53714-4e11-4c8b-a6c3-c4c9071787a0,Snowflake,S300703,CID-240,CA-0430,2025-09-16,Completed,2109.96,184.62,2294.58,VISA,USD,SampleGen
51d3935d-813a-4c28-8319-3e338be8f486,Snowflake,S300704,CID-241,CA-0432,2025-04-22,Shipped,1119.96,98.0,1217.96,VISA,USD,SampleGen
49536127-1836-486a-a199-252690831dcd,Snowflake,S300705,CID-241,CA-0432,2026-02-01,Completed,299.99,26.25,326.24,PayPal,USD,SampleGen
e12c44b2-e08e-43f9-80b8-a398c6a696c3,Snowflake,S300706,CID-242,CA-0434,2025-04-13,Completed,1599.98,140.0,1739.98,VISA,USD,SampleGen
a6fae646-ac15-49cd-975f-8f972768907a,Snowflake,S300707,CID-242,CA-0434,2025-07-28,Completed,1599.97,140.0,1739.97,AmEx,USD,SampleGen
d5f3c56c-b5f1-4d3b-b650-6edeadc15f2b,Snowflake,S300708,CID-243,CA-0435,2026-03-17,Completed,299.99,26.25,326.24,MC,USD,SampleGen
6ad92538-3a12-412c-ad33-61d929a144cd,Snowflake,S300709,CID-244,CA-0437,2025-02-21,Pending,3699.95,323.75,4023.7,Discover,USD,SampleGen
1cf1be7b-e498-4d4f-a98c-0573d50bf4c9,Snowflake,S300710,CID-244,CA-0437,2025-02-19,Completed,1589.94,139.12,1729.06,AmEx,USD,SampleGen
ffe8d59c-062f-4a75-baea-7f61a358f30f,Snowflake,S300711,CID-244,CA-0437,2025-06-02,Shipped,159.98,14.0,173.98,MC,USD,SampleGen
5a741f29-47da-4829-9109-a9db4fe75e3e,Snowflake,S300712,CID-244,CA-0437,2025-10-05,Completed,449.99,39.37,489.36,AmEx,USD,SampleGen
00dc056b-19bb-43e1-9c8a-bfa230837d0e,Snowflake,S300713,CID-245,CA-0440,2025-10-19,Completed,359.98,31.5,391.48,MC,USD,SampleGen
aed6e3c6-0e1c-423b-a104-181347d7c1f0,Snowflake,S300714,CID-245,CA-0440,2025-06-12,Shipped,2599.96,227.5,2827.46,Discover,USD,SampleGen
9eb91a5f-17f0-4b11-9946-6dd5e777b286,Snowflake,S300715,CID-245,CA-0440,2025-08-03,Completed,3919.94,343.0,4262.94,Discover,USD,SampleGen
9bbf29a3-ee58-48da-8508-66a99ef2c410,Snowflake,S300716,CID-245,CA-0440,2025-02-27,Shipped,1369.95,119.87,1489.82,MC,USD,SampleGen
f73e4812-f2de-4ea9-be35-eee6da9d99fd,Snowflake,S300717,CID-247,CA-0443,2026-03-21,Pending,489.98,42.87,532.85,MC,USD,SampleGen
9c1b1cab-2e24-4335-88ad-e15a32496bca,Snowflake,S300718,CID-247,CA-0443,2025-12-14,Completed,2959.96,259.0,3218.96,MC,USD,SampleGen
d492f136-c6d4-4a32-b6c2-e69877510e0d,Snowflake,S300719,CID-248,CA-0446,2025-06-10,Shipped,1149.94,100.62,1250.56,PayPal,USD,SampleGen
0e105084-9f7d-4c8b-98e9-cd77ad8c6df1,Snowflake,S300720,CID-249,CA-0448,2026-02-05,Completed,1399.96,122.5,1522.46,MC,USD,SampleGen
487cf96c-c574-4184-9c2f-a42242f1b813,Snowflake,S300721,CID-250,CA-1455,2026-01-18,Completed,3849.94,336.87,4186.81,MC,USD,SampleGen
24a59a3d-88ef-4e1d-a3e0-8dedc851f4be,Snowflake,S300722,CID-250,CA-1455,2026-01-07,Completed,2999.95,262.5,3262.45,MC,USD,SampleGen
f7ed8804-da58-4627-9bb2-cbb10fa46245,Snowflake,S300723,CID-251,CA-0451,2025-01-24,Completed,3499.96,306.25,3806.21,MC,USD,SampleGen
d81bc7d7-baff-4e5c-9bda-06cb27b5f7df,Snowflake,S300724,CID-251,CA-0451,2025-12-04,Shipped,649.99,56.87,706.86,VISA,USD,SampleGen
203813f3-d474-4540-9669-329c3447380c,Snowflake,S300725,CID-252,CA-0452,2025-05-18,Completed,289.97,25.37,315.34,Discover,USD,SampleGen
1e59e7ec-28f5-46f9-93b6-ef814dc3c5f6,Snowflake,S300726,CID-253,CA-0453,2025-08-19,Completed,1289.96,112.87,1402.83,AmEx,USD,SampleGen
4935b5da-6812-463f-9d92-119d6f5d8912,Snowflake,S300727,CID-253,CA-0453,2025-03-13,Completed,1299.98,113.75,1413.73,AmEx,USD,SampleGen
740bd17e-cf22-4ad4-a57a-53a9dddcc610,Snowflake,S300728,CID-254,CA-0456,2026-03-11,Completed,1499.95,131.24,1631.19,AmEx,USD,SampleGen
6e2c8f41-21f5-4f23-8584-31f98a99aadc,Snowflake,S300729,CID-254,CA-0456,2026-01-26,Completed,1009.96,88.37,1098.33,VISA,USD,SampleGen
028ce310-b6cb-47f7-9fae-8ef1a9f043df,Snowflake,S300730,CID-254,CA-0456,2025-11-16,Pending,489.97,42.87,532.84,MC,USD,SampleGen
472c9ff4-5219-4012-b071-bce5e090c0a1,Snowflake,S300731,CID-254,CA-0456,2026-02-11,Completed,149.99,13.12,163.11,PayPal,USD,SampleGen
3da480e8-fb8f-4412-8afc-22656034a2fd,Snowflake,S300732,CID-255,CA-0458,2025-02-13,Shipped,3099.95,271.25,3371.2,PayPal,USD,SampleGen
ec6d6e51-c0bd-49a4-bd7a-9f7ac7afed4d,Snowflake,S300733,CID-255,CA-0458,2025-04-20,Completed,549.97,48.12,598.09,AmEx,USD,SampleGen
d5999ef2-6f4b-480c-a433-8876184e54bb,Snowflake,S300734,CID-255,CA-0458,2025-06-02,Pending,759.96,66.49,826.45,VISA,USD,SampleGen
ccb00131-bb01-427c-aa10-ff6be3b43cdf,Snowflake,S300735,CID-255,CA-0458,2026-01-05,Completed,149.99,13.12,163.11,MC,USD,SampleGen
a98d57b2-c890-4390-bbf7-5332d8099fcd,Snowflake,S300736,CID-255,CA-0458,2025-01-25,Completed,1699.96,148.75,1848.71,VISA,USD,SampleGen
e3d1622a-f286-4702-acc7-ff468d6d7633,Snowflake,S300737,CID-255,CA-0458,2025-08-06,Completed,1689.96,147.87,1837.83,VISA,USD,SampleGen
b706f54c-c230-4a7d-86c9-3f5cb6380ada,Snowflake,S300738,CID-256,CA-0459,2026-03-06,Completed,499.98,43.75,543.73,AmEx,USD,SampleGen
a99822d6-fc11-4a0c-bcef-929028916651,Snowflake,S300739,CID-257,CA-1457,2025-05-17,Completed,769.98,67.37,837.35,VISA,USD,SampleGen
a6be67c6-2f29-4d63-b0cc-ea13910c3142,Snowflake,S300740,CID-257,CA-1457,2026-03-07,Cancelled,1909.93,167.12,2077.05,Discover,USD,SampleGen
324ea465-fdd4-48d8-9ef2-e59d70d0440b,Snowflake,S300741,CID-258,CA-0462,2025-05-03,Completed,899.99,78.75,978.74,MC,USD,SampleGen
ec2e8dc2-a105-4714-a814-43feb1b4c504,Snowflake,S300742,CID-258,CA-0462,2025-10-31,Completed,359.98,31.5,391.48,VISA,USD,SampleGen
dd9d3b0e-48dc-4534-9551-49742951d981,Snowflake,S300743,CID-259,CA-0464,2025-08-17,Pending,1599.98,140.0,1739.98,PayPal,USD,SampleGen
c888b518-e419-441c-912f-997679ec889c,Snowflake,S300744,CID-259,CA-0464,2025-01-15,Completed,499.98,43.75,543.73,Discover,USD,SampleGen
510f5940-f2c6-4a11-9160-6981f759b1dc,Snowflake,S300745,CID-260,CA-0465,2025-08-29,Completed,749.97,65.62,815.59,Discover,USD,SampleGen
b037b089-a93d-45f1-9bec-cb1c80486243,Snowflake,S300746,CID-260,CA-0465,2026-01-17,Pending,899.99,78.75,978.74,MC,USD,SampleGen
7c538346-2567-40b4-8ec5-1f785c6edb73,Snowflake,S300747,CID-261,CA-0467,2026-01-15,Completed,149.99,13.12,163.11,VISA,USD,SampleGen
ee8fc16b-d6db-46d5-a3c5-e8efb7028d45,Snowflake,S300748,CID-262,CA-0469,2026-01-25,Completed,2649.94,231.87,2881.81,PayPal,USD,SampleGen
ffed100e-2b91-4bff-8849-5d7438396da6,Snowflake,S300749,CID-263,CA-0470,2025-09-12,Completed,2159.93,189.0,2348.93,MC,USD,SampleGen
fa913635-00dc-4b7a-985d-e8c949e7ac03,Snowflake,S300750,CID-264,CA-0473,2025-06-08,Completed,949.98,83.12,1033.1,MC,USD,SampleGen
768e5a16-bc6e-4917-a93d-bd48cea5cd12,Snowflake,S300751,CID-265,CA-1458,2026-01-20,Pending,2639.93,231.0,2870.93,VISA,USD,SampleGen
95f8ff18-5f03-4459-a5d8-569be1840e9f,Snowflake,S300752,CID-265,CA-1458,2025-05-20,Shipped,1969.94,172.37,2142.31,VISA,USD,SampleGen
6c694e19-3580-483c-8baf-9dd73b5b80c7,Snowflake,S300753,CID-265,CA-1458,2025-11-20,Completed,689.97,60.37,750.34,AmEx,USD,SampleGen
084fb2b5-2e69-4c01-9f84-47e705de7c60,Snowflake,S300754,CID-265,CA-1458,2026-01-16,Completed,3729.96,326.37,4056.33,VISA,USD,SampleGen
7c505c71-9e22-4a52-92de-9b62930b79fe,Snowflake,S300755,CID-265,CA-1458,2025-03-14,Completed,2899.93,253.75,3153.68,Discover,USD,SampleGen
ea7859c7-d8c9-4920-a72f-51ebf77c5986,Snowflake,S300756,CID-265,CA-1458,2025-09-11,Completed,499.98,43.75,543.73,AmEx,USD,SampleGen
818e710f-ef07-4226-9743-1ef3e92de81b,Snowflake,S300757,CID-266,CA-0475,2026-02-05,Completed,1249.97,109.37,1359.34,VISA,USD,SampleGen
0deed79d-49c7-45e3-982a-72d6c9f1de93,Snowflake,S300758,CID-266,CA-0475,2025-09-19,Completed,649.99,56.87,706.86,Discover,USD,SampleGen
f699147e-632f-4b5d-bf0f-ca8c6a8ab9bc,Snowflake,S300759,CID-266,CA-0475,2025-08-16,Completed,159.99,14.0,173.99,AmEx,USD,SampleGen
f3c31231-869d-42f9-8791-58e94acd48ab,Snowflake,S300760,CID-266,CA-0475,2025-07-08,Completed,1534.93,134.31,1669.24,Discover,USD,SampleGen
1c3d14d8-8e30-4bd9-9c85-037bcb182c70,Snowflake,S300761,CID-267,CA-1513,2025-11-24,Completed,1549.93,135.62,1685.55,MC,USD,SampleGen
c73c7ef1-4b42-4ad6-b42c-41b9561c6abb,Snowflake,S300762,CID-267,CA-1513,2026-02-06,Completed,279.98,24.49,304.47,AmEx,USD,SampleGen
0f65bb1e-1a7c-4d2c-9695-c08720f159db,Snowflake,S300763,CID-267,CA-1513,2025-04-28,Completed,699.94,61.25,761.19,PayPal,USD,SampleGen
a8a8ef43-502a-460b-b6b2-f6a87979cbb6,Snowflake,S300764,CID-268,CA-0477,2025-10-23,Completed,1659.96,145.25,1805.21,VISA,USD,SampleGen
96093a00-3f14-48eb-81ef-d97af8f4009a,Snowflake,S300765,CID-268,CA-0477,2026-02-22,Completed,2999.96,262.5,3262.46,MC,USD,SampleGen
bc74e094-87e9-4a53-9455-b385ed7b0da2,Snowflake,S300766,CID-268,CA-0477,2025-12-31,Completed,2979.95,260.75,3240.7,PayPal,USD,SampleGen
5e06fdfc-b391-4fce-ac3b-407754f56c54,Snowflake,S300767,CID-268,CA-0477,2025-11-21,Shipped,1999.95,175.0,2174.95,PayPal,USD,SampleGen
4a87be92-ae85-4f2c-ad87-e46f87d26518,Snowflake,S300768,CID-268,CA-0477,2025-08-28,Shipped,2294.94,200.81,2495.75,AmEx,USD,SampleGen
adef08cb-97d6-4f50-9106-bc2fde162cff,Snowflake,S300769,CID-268,CA-0477,2025-02-16,Completed,649.99,56.87,706.86,VISA,USD,SampleGen
392958fa-5d91-405d-9a81-9dc0cdb00cc7,Snowflake,S300770,CID-268,CA-0477,2025-06-22,Completed,499.97,43.75,543.72,VISA,USD,SampleGen
4153752b-2909-49d0-9395-bebb4b4ee35f,Snowflake,S300771,CID-269,CA-0479,2025-02-11,Completed,1799.94,157.5,1957.44,VISA,USD,SampleGen
2363f5a0-813d-45ba-83a0-49399bf867a8,Snowflake,S300772,CID-269,CA-0479,2025-11-16,Completed,1739.94,152.25,1892.19,PayPal,USD,SampleGen
8dba44a4-65f8-4241-aa99-c128832cf314,Snowflake,S300773,CID-269,CA-0479,2025-11-29,Completed,1529.94,133.87,1663.81,MC,USD,SampleGen
aad84b38-08c7-4240-89f9-63d96268ff9a,Snowflake,S300774,CID-270,CA-1460,2025-03-11,Completed,1379.97,120.75,1500.72,MC,USD,SampleGen
bfcfb766-a5d8-40a7-9bfb-df9e5bd2eef4,Snowflake,S300775,CID-270,CA-1460,2025-07-22,Completed,269.98,23.62,293.6,VISA,USD,SampleGen
2ef4f0d6-fa22-4344-9d9d-7efc993a4bcb,Snowflake,S300776,CID-271,CA-1461,2025-05-14,Completed,3199.95,280.0,3479.95,AmEx,USD,SampleGen
e825fc42-15f5-4490-bc1d-93714efb7180,Snowflake,S300777,CID-271,CA-1461,2025-08-21,Completed,269.98,23.62,293.6,PayPal,USD,SampleGen
a845b9f1-a4e4-4404-b257-b145f32ea4bf,Snowflake,S300778,CID-271,CA-1461,2026-03-03,Completed,99.99,8.75,108.74,MC,USD,SampleGen
0f17777d-7e0e-442a-a8f0-bb5e023c11a6,Snowflake,S300779,CID-271,CA-1461,2025-10-05,Completed,1399.94,122.5,1522.44,PayPal,USD,SampleGen
cd7450b2-cd36-4515-9d74-c1b8a4a29b7a,Snowflake,S300780,CID-271,CA-1461,2025-05-11,Completed,1479.96,129.5,1609.46,PayPal,USD,SampleGen
ddc6e6da-26b9-45e1-9b8e-a955277d659f,Snowflake,S300781,CID-272,CA-0483,2025-11-20,Completed,1419.95,124.24,1544.19,MC,USD,SampleGen
10af59ce-75d6-4318-a82e-83c0d9b8fed0,Snowflake,S300782,CID-272,CA-0483,2025-10-10,Completed,999.97,87.5,1087.47,AmEx,USD,SampleGen
23b5a9a9-ebca-4a35-8491-b68573415d14,Snowflake,S300783,CID-272,CA-0483,2025-12-11,Completed,1999.97,175.0,2174.97,PayPal,USD,SampleGen
a3c2cacd-fa3e-4e6b-86b3-1f19d417d6de,Snowflake,S300784,CID-273,CA-0486,2025-07-29,Completed,569.95,49.87,619.82,MC,USD,SampleGen
97087a61-e2b7-4e69-a180-f6d80e243833,Snowflake,S300785,CID-273,CA-0486,2025-07-08,Completed,2789.94,244.12,3034.06,Discover,USD,SampleGen
82b96fbd-c686-43ba-9338-7145d4e30150,Snowflake,S300786,CID-273,CA-0486,2025-06-05,Completed,2899.95,253.75,3153.7,VISA,USD,SampleGen
0ed2f9d3-97bb-483d-891a-dcb321a4556a,Snowflake,S300787,CID-273,CA-0486,2025-05-31,Completed,1549.98,135.62,1685.6,MC,USD,SampleGen
a2a34a89-edc9-477b-b511-306fa0a03a11,Snowflake,S300788,CID-273,CA-0486,2025-06-10,Completed,1299.98,113.75,1413.73,VISA,USD,SampleGen
f686aaae-8d28-4687-ab65-382172ed9886,Snowflake,S300789,CID-273,CA-0486,2025-06-03,Shipped,79.99,7.0,86.99,PayPal,USD,SampleGen
273a87e2-7c0f-4e84-959d-4b32a2805501,Snowflake,S300790,CID-273,CA-0486,2025-06-12,Pending,2189.95,191.62,2381.57,VISA,USD,SampleGen
30d9ba95-f838-483a-a28e-14a265d7f08d,Snowflake,S300791,CID-273,CA-0486,2025-07-22,Completed,119.99,10.5,130.49,PayPal,USD,SampleGen
637a2397-5375-4e49-ae43-4a97696d3aa2,Snowflake,S300792,CID-274,CA-0488,2026-01-04,Completed,149.99,13.12,163.11,MC,USD,SampleGen
bbfe4c8b-97a2-47e7-a619-daf21124f7f7,Snowflake,S300793,CID-275,CA-0489,2025-11-25,Completed,899.99,78.75,978.74,VISA,USD,SampleGen
2831acd9-d6a1-4f2d-8d57-fb1f101e0f31,Snowflake,S300794,CID-275,CA-0489,2025-07-16,Completed,229.96,20.12,250.08,VISA,USD,SampleGen
f5485858-4e91-4b21-9988-9e0fb2d47656,Snowflake,S300795,CID-276,CA-0490,2025-08-03,Shipped,769.95,67.37,837.32,VISA,USD,SampleGen
0d788b2e-9d91-4775-8726-dbe93304eb01,Snowflake,S300796,CID-276,CA-0490,2025-09-27,Cancelled,249.99,21.87,271.86,PayPal,USD,SampleGen
d8d0f2da-3d10-4159-ab0b-c03e61379fa2,Snowflake,S300797,CID-276,CA-0490,2025-03-29,Completed,879.98,77.0,956.98,AmEx,USD,SampleGen
dc526645-865b-4ef9-9b6a-f3d5f6e75c2a,Snowflake,S300798,CID-277,CA-1514,2025-03-01,Completed,1099.95,96.25,1196.2,MC,USD,SampleGen
955176a2-907d-4e80-a542-6e311f7cfae0,Snowflake,S300799,CID-277,CA-1514,2025-01-02,Completed,1299.97,113.75,1413.72,MC,USD,SampleGen
595a81e1-4223-480f-a361-373d561e5e57,Snowflake,S300800,CID-277,CA-1514,2025-12-29,Completed,1799.96,157.49,1957.45,VISA,USD,SampleGen
7339eb4c-a856-4068-a429-4e6fe9078580,Snowflake,S300801,CID-277,CA-1514,2025-11-30,Completed,3099.96,271.25,3371.21,VISA,USD,SampleGen
fc9cd4d3-14ed-4d94-a5aa-bf18c474dbe5,Snowflake,S300802,CID-277,CA-1514,2025-04-12,Completed,939.95,82.25,1022.2,AmEx,USD,SampleGen
13ef7fd3-fda9-4db2-8da1-87987b7cddaa,Snowflake,S300803,CID-277,CA-1514,2025-07-31,Completed,299.98,26.25,326.23,VISA,USD,SampleGen
96125539-6a54-44a0-9785-2fa784181564,Snowflake,S300804,CID-277,CA-1514,2025-08-09,Completed,2199.97,192.5,2392.47,MC,USD,SampleGen
34ec6c16-2e5c-49a1-8833-35287827226f,Snowflake,S300805,CID-277,CA-1514,2025-02-11,Pending,479.98,42.0,521.98,AmEx,USD,SampleGen
d2a0a645-3129-4bc0-bc5f-a257d8c4c5c4,Snowflake,S300806,CID-277,CA-1514,2026-02-03,Completed,3319.94,290.5,3610.44,PayPal,USD,SampleGen
ffedf8c9-300a-4aa9-a5ed-6cd9095a51a8,Snowflake,S300807,CID-277,CA-1514,2025-03-24,Pending,4149.95,363.12,4513.07,AmEx,USD,SampleGen
9e3a713b-3873-4851-a08a-56b7cdee0f2d,Snowflake,S300808,CID-278,CA-0494,2026-01-17,Pending,239.98,21.0,260.98,VISA,USD,SampleGen
b48e61c1-baed-48d3-b621-fdab73ea5e7f,Snowflake,S300809,CID-279,CA-0495,2026-02-14,Completed,799.98,70.0,869.98,MC,USD,SampleGen
979364a2-b5e5-4d35-b61e-4f501203fc07,Snowflake,S300810,CID-279,CA-0495,2025-02-03,Completed,1299.98,113.75,1413.73,MC,USD,SampleGen
bfb9cb96-dec8-438e-bca8-a8984a8386e1,Snowflake,S300811,CID-280,CA-0498,2025-10-28,Shipped,799.98,70.0,869.98,VISA,USD,SampleGen
ae66be53-8a9c-4727-99cc-b1f71347ba01,Snowflake,S300812,CID-280,CA-0498,2026-01-11,Completed,199.98,17.5,217.48,AmEx,USD,SampleGen
c4d46f65-6c06-483e-b99c-78b2ae06f4e6,Snowflake,S300813,CID-280,CA-0498,2025-01-13,Pending,149.99,13.12,163.11,Discover,USD,SampleGen
acff58f6-2e1d-439b-adbb-1c827a7f20c4,Snowflake,S300814,CID-280,CA-0498,2025-01-23,Completed,649.99,56.87,706.86,VISA,USD,SampleGen
e0b3939b-2eb1-40c5-9e29-a8f7c65c6bd6,Snowflake,S300815,CID-280,CA-0498,2025-08-28,Completed,2579.94,225.75,2805.69,AmEx,USD,SampleGen
7f313ebd-b161-4d67-98a8-45f6605a2e9b,Snowflake,S300816,CID-281,CA-0499,2025-11-15,Shipped,659.96,57.75,717.71,MC,USD,SampleGen
73d49899-bbc5-4fc9-9af8-9d9a9965d21f,Snowflake,S300817,CID-281,CA-0499,2026-03-27,Completed,379.96,33.25,413.21,MC,USD,SampleGen
5bf72646-f8d8-469c-9fe8-7f5ec0f83f33,Snowflake,S300818,CID-281,CA-0499,2025-08-13,Completed,2589.96,226.62,2816.58,MC,USD,SampleGen
5184e0ac-8390-4ba6-8cd6-f53eed924072,Snowflake,S300819,CID-281,CA-0499,2025-09-21,Cancelled,2099.96,183.74,2283.7,PayPal,USD,SampleGen
0f4a5062-e61b-457e-a3b8-505f1eee1134,Snowflake,S300820,CID-281,CA-0499,2025-04-27,Completed,1359.95,119.0,1478.95,VISA,USD,SampleGen
a1ab9f76-ba4d-4606-8111-e82566fa6bff,Snowflake,S300821,CID-281,CA-0499,2026-03-10,Shipped,1459.97,127.75,1587.72,MC,USD,SampleGen
87d8199d-09fa-4ebe-b9b0-90c77874d9bc,Snowflake,S300822,CID-282,CA-0501,2026-02-13,Completed,1999.94,175.0,2174.94,PayPal,USD,SampleGen
ffcaf116-ccd9-406a-a8fd-9f558a681254,Snowflake,S300823,CID-283,CA-0503,2025-02-05,Completed,2359.96,206.5,2566.46,MC,USD,SampleGen
3e4aaf23-f66f-49f2-a1f7-7357099b83ad,Snowflake,S300824,CID-283,CA-0503,2025-03-31,Completed,2159.95,189.0,2348.95,Discover,USD,SampleGen
b32747ac-5d09-4bc7-b0ba-b585e5697b84,Snowflake,S300825,CID-283,CA-0503,2026-01-16,Completed,2949.96,258.12,3208.08,AmEx,USD,SampleGen
57749106-ef18-423a-9f0b-49398b0647df,Snowflake,S300826,CID-283,CA-0503,2025-12-05,Completed,4499.94,393.74,4893.68,Discover,USD,SampleGen
bbe8395f-7f48-43ef-b2ff-ba666f5973bc,Snowflake,S300827,CID-283,CA-0503,2025-01-04,Completed,1749.94,153.12,1903.06,VISA,USD,SampleGen
dafc8925-aa73-4fed-8cd9-1af140a0b3dd,Snowflake,S300828,CID-283,CA-0503,2025-01-23,Completed,3699.93,323.75,4023.68,AmEx,USD,SampleGen
1a0586ad-b381-44c3-91e7-79a3ce9bd460,Snowflake,S300829,CID-284,CA-1463,2025-09-06,Completed,1879.96,164.5,2044.46,MC,USD,SampleGen
b0d6ce4c-9e47-4006-82d7-3a75256d8f7a,Snowflake,S300830,CID-284,CA-1463,2025-02-18,Completed,1249.97,109.37,1359.34,Discover,USD,SampleGen
182cec9b-9221-47f9-89da-16c101d87fe6,Snowflake,S300831,CID-284,CA-1463,2025-07-23,Cancelled,709.94,62.12,772.06,MC,USD,SampleGen
a73fda56-bd3e-4da2-a929-7b1043c31d52,Snowflake,S300832,CID-284,CA-1463,2026-02-07,Completed,179.99,15.75,195.74,MC,USD,SampleGen
ad426938-f547-48bc-9e6a-9447bfc82bce,Snowflake,S300833,CID-285,CA-0506,2025-07-11,Shipped,2979.95,260.75,3240.7,VISA,USD,SampleGen
36dc8f1e-d648-4049-91d8-52634185c0f7,Snowflake,S300834,CID-285,CA-0506,2025-12-26,Completed,1059.96,92.75,1152.71,AmEx,USD,SampleGen
13e5f8bd-d3e7-4bf4-ba8d-d6418ae890de,Snowflake,S300835,CID-285,CA-0506,2026-02-11,Completed,3629.95,317.62,3947.57,MC,USD,SampleGen
8cefec4a-260c-4aa3-b3d9-ccc20e9bef4c,Snowflake,S300836,CID-286,CA-0508,2025-06-21,Completed,599.98,52.5,652.48,MC,USD,SampleGen
8e4015d8-d254-4569-9902-ff92399f07ca,Snowflake,S300837,CID-286,CA-0508,2025-11-10,Pending,1129.95,98.87,1228.82,PayPal,USD,SampleGen
4da76ca9-8f2e-48d6-9c64-9edb9c9b292b,Snowflake,S300838,CID-287,CA-0510,2026-01-30,Completed,3309.96,289.62,3599.58,VISA,USD,SampleGen
86ed75c0-415c-44ed-8bca-ca7a7f8bd225,Snowflake,S300839,CID-287,CA-0510,2025-10-08,Completed,489.97,42.87,532.84,AmEx,USD,SampleGen
bfeafe92-4ce9-4c6b-98a4-552a494ab054,Snowflake,S300840,CID-287,CA-0510,2025-06-23,Completed,3249.97,284.37,3534.34,AmEx,USD,SampleGen
ac996ebf-58a7-4784-bc4c-191b809118b7,Snowflake,S300841,CID-287,CA-0510,2025-10-10,Completed,1159.95,101.5,1261.45,Discover,USD,SampleGen
4483164b-a340-4556-8f38-cd054eaa00a0,Snowflake,S300842,CID-287,CA-0510,2026-01-19,Completed,649.99,56.87,706.86,MC,USD,SampleGen
22c0d2a1-e73a-4256-936e-2d3b10c75f73,Snowflake,S300843,CID-287,CA-0510,2025-09-09,Completed,719.97,63.0,782.97,AmEx,USD,SampleGen
92501a02-a7ce-4f50-80e1-c372e72ace9b,Snowflake,S300844,CID-287,CA-0510,2026-01-13,Completed,3574.95,312.81,3887.76,MC,USD,SampleGen
af62cb9c-873d-4082-be22-82cfb492e188,Snowflake,S300845,CID-288,CA-0512,2025-02-21,Completed,4399.92,385.0,4784.92,Discover,USD,SampleGen
22c4c5db-4456-4c62-9396-483af75478bd,Snowflake,S300846,CID-288,CA-0512,2026-02-16,Completed,3279.94,286.99,3566.93,AmEx,USD,SampleGen
db275e5c-64e5-4eaa-91fe-61e3f8539b31,Snowflake,S300847,CID-288,CA-0512,2026-02-03,Completed,2099.94,183.75,2283.69,VISA,USD,SampleGen
6b931411-c222-40d9-87a1-94edb28a4125,Snowflake,S300848,CID-289,CA-1516,2026-03-06,Completed,1929.95,168.87,2098.82,VISA,USD,SampleGen
e360f8f9-657b-45f0-bb47-554a72d5403b,Snowflake,S300849,CID-289,CA-1516,2025-01-19,Completed,399.99,35.0,434.99,PayPal,USD,SampleGen
adb988c2-dc44-4f9e-8f50-007f872f094b,Snowflake,S300850,CID-290,CA-1517,2026-03-02,Pending,1599.98,140.0,1739.98,AmEx,USD,SampleGen
8a46f5ea-9f80-4204-a3ad-0efca99a1401,Snowflake,S300851,CID-290,CA-1517,2026-03-19,Shipped,2599.97,227.49,2827.46,VISA,USD,SampleGen
50d0bf1e-52ec-4c13-9c20-2cbd0657c1c6,Snowflake,S300852,CID-290,CA-1517,2025-07-24,Pending,1819.94,159.25,1979.19,PayPal,USD,SampleGen
7e7588fd-e988-4171-ac47-324cf1293479,Snowflake,S300853,CID-290,CA-1517,2026-03-28,Pending,3099.94,271.24,3371.18,MC,USD,SampleGen
ee83236b-f15a-4e55-8f3a-228e5f33ea6f,Snowflake,S300854,CID-291,CA-0515,2025-10-27,Completed,1539.96,134.75,1674.71,Discover,USD,SampleGen
2e876dae-a606-400c-ade9-3dc3a0e31662,Snowflake,S300855,CID-291,CA-0515,2025-04-21,Completed,1129.95,98.87,1228.82,PayPal,USD,SampleGen
93df1f3c-c6cd-4862-ad62-7ccee6980926,Snowflake,S300856,CID-292,CA-0517,2025-05-15,Completed,399.99,35.0,434.99,MC,USD,SampleGen
155d5266-a022-4470-8379-a54516a65810,Snowflake,S300857,CID-293,CA-0518,2025-03-20,Pending,1149.96,100.62,1250.58,VISA,USD,SampleGen
ff18f4ca-2ab2-496a-9d66-e1867aac3681,Snowflake,S300858,CID-293,CA-0518,2025-08-27,Shipped,1019.96,89.25,1109.21,VISA,USD,SampleGen
e182456b-85bc-495b-9629-4686cbe93db1,Snowflake,S300859,CID-293,CA-0518,2026-03-22,Completed,249.99,21.87,271.86,VISA,USD,SampleGen
7cc46cf3-58b8-4e0a-80d8-c1a0426253ff,Snowflake,S300860,CID-293,CA-0518,2025-01-13,Completed,5399.93,472.5,5872.43,AmEx,USD,SampleGen
b01ff4f1-415c-405c-8ca0-1d731bab1121,Snowflake,S300861,CID-293,CA-0518,2025-11-17,Completed,2559.93,224.0,2783.93,VISA,USD,SampleGen
3ec65089-8230-4214-b646-e4ed2ce42193,Snowflake,S300862,CID-293,CA-0518,2025-08-13,Completed,1299.98,113.75,1413.73,PayPal,USD,SampleGen
052d838d-89a1-4473-b64b-4ba12ae548ed,Snowflake,S300863,CID-293,CA-0518,2026-01-23,Completed,149.99,13.12,163.11,MC,USD,SampleGen
f289ba7a-e6ae-4b54-93d9-3ae70ccb7ce0,Snowflake,S300864,CID-294,CA-0520,2025-04-17,Completed,1369.95,119.87,1489.82,PayPal,USD,SampleGen
d8e6cf17-a728-4abf-bb2d-2495c592404d,Snowflake,S300865,CID-294,CA-0520,2026-01-20,Completed,2429.96,212.62,2642.58,AmEx,USD,SampleGen
cd6feafc-df1b-4be8-a03d-3adfab9fc91d,Snowflake,S300866,CID-294,CA-0520,2026-01-17,Completed,29.98,2.62,32.6,AmEx,USD,SampleGen
dd629cc7-a71d-487c-b181-c5fad4ccc441,Snowflake,S300867,CID-294,CA-0520,2026-01-09,Completed,1019.96,89.25,1109.21,AmEx,USD,SampleGen
9174dd08-a889-4e19-8c59-f8120127f4ed,Snowflake,S300868,CID-295,CA-0523,2026-02-12,Completed,1399.97,122.5,1522.47,VISA,USD,SampleGen
ab53de0f-1734-4ba9-8758-bf6db422bc9a,Snowflake,S300869,CID-295,CA-0523,2025-03-29,Shipped,519.96,45.5,565.46,VISA,USD,SampleGen
d88292ed-82cb-42f9-8e47-acf22dc3f1a7,Snowflake,S300870,CID-295,CA-0523,2025-12-09,Completed,2749.97,240.62,2990.59,PayPal,USD,SampleGen
b07a5698-be46-4c34-8837-cfb4f6e15978,Snowflake,S300871,CID-295,CA-0523,2025-01-17,Shipped,639.96,56.0,695.96,VISA,USD,SampleGen
28444d97-dcb0-4b30-868f-406552f90d67,Snowflake,S300872,CID-295,CA-0523,2025-06-03,Completed,2199.96,192.49,2392.45,VISA,USD,SampleGen
d11f631a-f227-4e70-9ab2-4671aa970f20,Snowflake,S300873,CID-296,CA-0525,2025-06-03,Pending,379.98,33.25,413.23,VISA,USD,SampleGen
870e67fd-f332-4519-8940-af86d6b032fd,Snowflake,S300874,CID-296,CA-0525,2025-08-18,Shipped,909.94,79.62,989.56,PayPal,USD,SampleGen
6a35a347-464f-4291-a681-2cbdc46366a4,Snowflake,S300875,CID-296,CA-0525,2025-10-25,Completed,2899.96,253.75,3153.71,AmEx,USD,SampleGen
82236937-223e-48b3-88f4-28e44c8b01e9,Snowflake,S300876,CID-296,CA-0525,2025-07-25,Completed,989.94,86.62,1076.56,PayPal,USD,SampleGen
bb14b8bb-28ea-466b-9aef-5147b7a91550,Snowflake,S300877,CID-297,CA-0527,2025-04-14,Cancelled,379.98,33.25,413.23,MC,USD,SampleGen
63705fa5-8729-436f-b6c0-18e3c970a328,Snowflake,S300878,CID-297,CA-0527,2025-07-08,Completed,2899.94,253.75,3153.69,Discover,USD,SampleGen
70ca7b39-95f2-4bcf-b9e5-22f4389a5751,Snowflake,S300879,CID-297,CA-0527,2025-04-01,Completed,769.98,67.37,837.35,MC,USD,SampleGen
6276ef22-47e2-4778-b274-2345966ae853,Snowflake,S300880,CID-297,CA-0527,2026-03-18,Completed,1109.95,97.12,1207.07,AmEx,USD,SampleGen
8938d84e-8a32-48bf-b820-eff441c3a96c,Snowflake,S300881,CID-297,CA-0527,2025-06-16,Completed,759.95,66.49,826.44,MC,USD,SampleGen
f7e7f34f-13af-46ab-9b87-54a112d030a6,Snowflake,S300882,CID-298,CA-0528,2025-07-13,Completed,759.94,66.5,826.44,VISA,USD,SampleGen
00849a88-adbc-4c3e-ab35-c9e9ee0733aa,Snowflake,S300883,CID-298,CA-0528,2025-04-23,Completed,79.99,7.0,86.99,VISA,USD,SampleGen
80ec16d0-bc5d-4701-9126-f72e7ecdd1bd,Snowflake,S300884,CID-298,CA-0528,2025-10-28,Completed,29.98,2.62,32.6,VISA,USD,SampleGen
12b71ebb-4364-4f9f-892f-b8f6e0f5d0d4,Snowflake,S300885,CID-298,CA-0528,2025-10-01,Completed,2759.96,241.5,3001.46,Discover,USD,SampleGen
41797894-a3d4-4352-80b9-2150e32a5ebc,Snowflake,S300886,CID-298,CA-0528,2025-03-09,Completed,159.98,14.0,173.98,MC,USD,SampleGen
f9a2eb27-896e-4fac-9ea6-7eb6e920cc84,Snowflake,S300887,CID-298,CA-0528,2025-08-09,Completed,949.98,83.12,1033.1,VISA,USD,SampleGen
e31a4cbf-5a49-4a79-9e69-cbf44a8d77d8,Snowflake,S300888,CID-299,CA-0531,2026-01-22,Completed,899.98,78.75,978.73,MC,USD,SampleGen
a4b1d7d0-db04-4f8f-a76e-ec62cb338a49,Snowflake,S300889,CID-299,CA-0531,2026-01-26,Shipped,2359.95,206.5,2566.45,VISA,USD,SampleGen
1a5f486c-9bd8-43ae-a589-eb528726ea0c,Snowflake,S300890,CID-299,CA-0531,2025-07-25,Completed,2019.94,176.74,2196.68,MC,USD,SampleGen
f0361c45-5b65-4a6e-96fa-fec67ba149cf,Snowflake,S300891,CID-299,CA-0531,2025-05-29,Completed,2069.94,181.12,2251.06,Discover,USD,SampleGen
fcb379db-b397-4c26-8f34-e918de078604,Snowflake,S300892,CID-300,CA-0533,2025-08-04,Completed,79.99,7.0,86.99,VISA,USD,SampleGen
398ae55f-55d9-49a5-9043-d00e2d1519a3,Snowflake,S300893,CID-300,CA-0533,2026-01-22,Cancelled,449.99,39.37,489.36,MC,USD,SampleGen
c9b5ad11-d6f6-49b0-888d-b65cf6df3b75,Snowflake,S300894,CID-301,CA-0534,2025-01-31,Completed,1999.97,175.0,2174.97,VISA,USD,SampleGen
c22b2658-d558-4c3c-b730-bdd14f750688,Snowflake,S300895,CID-301,CA-0534,2025-12-23,Completed,4129.94,361.37,4491.31,VISA,USD,SampleGen
9a055a6b-e615-421a-8ec8-dc403a8ea744,Snowflake,S300896,CID-301,CA-0534,2025-08-04,Completed,2639.93,231.0,2870.93,PayPal,USD,SampleGen
40b451fe-9aee-47c9-9be0-478a9bb97156,Snowflake,S300897,CID-301,CA-0534,2025-04-03,Pending,2859.94,250.25,3110.19,AmEx,USD,SampleGen
41134204-7735-4887-85e5-b8207c7b0a40,Snowflake,S300898,CID-301,CA-0534,2025-06-02,Completed,479.95,42.0,521.95,VISA,USD,SampleGen
0c732383-7f12-4d0a-bc93-116b793b580d,Snowflake,S300899,CID-301,CA-0534,2025-05-02,Completed,2859.94,250.25,3110.19,VISA,USD,SampleGen
b44f65e5-2465-47d9-a249-f1e3800cb212,Snowflake,S300900,CID-302,CA-0536,2025-03-31,Pending,619.96,54.25,674.21,MC,USD,SampleGen
5ec71a3b-4781-44c2-b37e-8147aa06b7c0,Snowflake,S300901,CID-302,CA-0536,2025-07-02,Completed,1329.95,116.37,1446.32,VISA,USD,SampleGen
e6c4ebad-7036-4be9-90f6-141ae9915ac1,Snowflake,S300902,CID-302,CA-0536,2025-08-11,Completed,299.99,26.25,326.24,PayPal,USD,SampleGen
35e5d1d9-6222-4c7d-b151-30be000550ad,Snowflake,S300903,CID-302,CA-0536,2025-05-03,Completed,1439.97,125.99,1565.96,PayPal,USD,SampleGen
f1183755-ff17-46c0-836c-909a00b6864b,Snowflake,S300904,CID-302,CA-0536,2025-12-14,Cancelled,1659.96,145.24,1805.2,PayPal,USD,SampleGen
84612cb6-82de-4425-80a6-02199c07d121,Snowflake,S300905,CID-302,CA-0536,2025-05-08,Completed,1129.96,98.87,1228.83,VISA,USD,SampleGen
ae333b0f-34ab-4ecf-830c-fdd064312074,Snowflake,S300906,CID-302,CA-0536,2025-09-02,Cancelled,319.98,28.0,347.98,VISA,USD,SampleGen
e10bb3c4-4386-4582-ab56-e965700878d8,Snowflake,S300907,CID-303,CA-1519,2025-03-30,Completed,499.98,43.75,543.73,PayPal,USD,SampleGen
d7789fad-451b-4d44-94a7-6367399f12f6,Snowflake,S300908,CID-303,CA-1519,2025-07-08,Completed,2129.96,186.37,2316.33,VISA,USD,SampleGen
5ec6bdce-3599-4fdd-bcde-685058515911,Snowflake,S300909,CID-303,CA-1519,2025-07-05,Completed,3299.93,288.75,3588.68,Discover,USD,SampleGen
9cce164f-4e8d-4a14-b75f-981a3929918f,Snowflake,S300910,CID-304,CA-0540,2025-08-05,Completed,1624.95,142.18,1767.13,PayPal,USD,SampleGen
ed591839-6826-4b34-85de-a2ca58200c78,Snowflake,S300911,CID-304,CA-0540,2025-09-07,Completed,989.95,86.62,1076.57,VISA,USD,SampleGen
b5fc9190-5664-415d-995e-f25908b55e40,Snowflake,S300912,CID-305,CA-0542,2025-02-28,Completed,1559.94,136.49,1696.43,VISA,USD,SampleGen
8694b2f5-0811-4b50-afd1-62322db801a6,Snowflake,S300913,CID-305,CA-0542,2026-01-01,Shipped,2509.95,219.61,2729.56,VISA,USD,SampleGen
a78ff5c6-c6e7-4da9-b649-3a778e8ff4c9,Snowflake,S300914,CID-306,CA-0544,2025-05-13,Completed,119.99,10.5,130.49,PayPal,USD,SampleGen
634ee607-944c-4d0f-a2fc-0c60ea0c0494,Snowflake,S300915,CID-307,CA-0546,2025-08-02,Completed,599.98,52.5,652.48,AmEx,USD,SampleGen
22511b5c-0daf-4f57-aa13-7822c1cfe875,Snowflake,S300916,CID-307,CA-0546,2025-01-15,Completed,299.98,26.25,326.23,PayPal,USD,SampleGen
6615a894-131f-46ef-a4eb-dae80dcc8030,Snowflake,S300917,CID-308,CA-0547,2025-01-08,Completed,159.98,14.0,173.98,VISA,USD,SampleGen
15748232-3c84-4a5e-8628-88ee70c66626,Snowflake,S300918,CID-308,CA-0547,2025-11-26,Cancelled,199.98,17.5,217.48,AmEx,USD,SampleGen
e9dc0664-9b59-4d4b-b552-48850f1671ad,Snowflake,S300919,CID-309,CA-0549,2025-12-26,Completed,2279.97,199.5,2479.47,MC,USD,SampleGen
33f41ea7-7553-458a-b591-a28fbca13a47,Snowflake,S300920,CID-309,CA-0549,2025-01-04,Completed,2799.96,245.0,3044.96,VISA,USD,SampleGen
e0f08591-acac-4616-a1e3-f27e6cdf864b,Snowflake,S300921,CID-309,CA-0549,2025-12-09,Completed,1199.97,104.99,1304.96,VISA,USD,SampleGen
dbed01bb-0e49-42fa-aecb-3843bd9b3b87,Snowflake,S300922,CID-309,CA-0549,2025-09-17,Completed,1809.95,158.37,1968.32,AmEx,USD,SampleGen
40052032-26e2-4a6c-86ad-ffc72fed63d2,Snowflake,S300923,CID-310,CA-0552,2025-07-05,Completed,279.98,24.5,304.48,AmEx,USD,SampleGen
c4cb2ad5-e976-485a-88da-c62219afe0bf,Snowflake,S300924,CID-310,CA-0552,2025-04-16,Completed,509.96,44.62,554.58,VISA,USD,SampleGen
9d2f457d-886e-4797-bc63-c6b0beeca427,Snowflake,S300925,CID-311,CA-0553,2026-03-11,Cancelled,1829.96,160.12,1990.08,VISA,USD,SampleGen
e16c3f74-97a0-4af2-a81c-da981507d939,Snowflake,S300926,CID-312,CA-0555,2025-10-03,Completed,819.95,71.75,891.7,MC,USD,SampleGen
70e6ebeb-ea44-4de3-a70f-6bd87acf1f71,Snowflake,S300927,CID-312,CA-0555,2025-10-26,Completed,299.99,26.25,326.24,AmEx,USD,SampleGen
2b8b81fc-284e-4831-8c28-4ab10f247994,Snowflake,S300928,CID-313,CA-0556,2026-02-01,Pending,2699.95,236.24,2936.19,PayPal,USD,SampleGen
a91ae792-a2f5-47ba-b2c7-e327594b671e,Snowflake,S300929,CID-313,CA-0556,2025-10-10,Shipped,1679.96,147.0,1826.96,MC,USD,SampleGen
cb540c69-723c-4b08-8949-d686e73d8707,Snowflake,S300930,CID-313,CA-0556,2026-02-26,Completed,2499.94,218.75,2718.69,VISA,USD,SampleGen
7160837e-3b58-4e97-a92a-f7049622a402,Snowflake,S300931,CID-313,CA-0556,2026-01-10,Completed,1799.98,157.5,1957.48,AmEx,USD,SampleGen
1916ad82-0f7b-4772-a0af-c8b09efe821f,Snowflake,S300932,CID-313,CA-0556,2025-05-28,Completed,1999.95,175.0,2174.95,VISA,USD,SampleGen
599642a5-eedd-4bd4-8f3d-2813a7e82111,Snowflake,S300933,CID-314,CA-0559,2025-06-03,Completed,439.98,38.49,478.47,Discover,USD,SampleGen
7db8da5d-613e-4641-bcb8-6edbe1f5c442,Snowflake,S300934,CID-315,CA-0561,2026-03-12,Completed,1129.96,98.87,1228.83,MC,USD,SampleGen
19bbb878-7fc6-4b32-b1dc-3603cb0559c8,Snowflake,S300935,CID-315,CA-0561,2025-12-17,Completed,3099.96,271.25,3371.21,VISA,USD,SampleGen
d71f2099-9b68-4194-a63a-2750f5db9a97,Snowflake,S300936,CID-315,CA-0561,2025-01-08,Completed,1099.98,96.24,1196.22,AmEx,USD,SampleGen
58fb01cf-63e4-4f55-8542-42741e7917e8,Snowflake,S300937,CID-315,CA-0561,2026-01-01,Completed,2849.93,249.37,3099.3,PayPal,USD,SampleGen
eee03762-d115-4873-950c-e1c74d98081b,Snowflake,S300938,CID-316,CA-0563,2025-04-30,Completed,1279.97,112.0,1391.97,MC,USD,SampleGen
45df0ec6-3d17-4e09-974e-e66d206ae658,Snowflake,S300939,CID-316,CA-0563,2025-05-14,Completed,2099.96,183.75,2283.71,PayPal,USD,SampleGen
47d568dc-5fbe-49d8-a416-2b5674004dfd,Snowflake,S300940,CID-316,CA-0563,2025-05-07,Completed,3209.92,280.87,3490.79,VISA,USD,SampleGen
0d92e9bb-b548-467b-8799-b54146073f3e,Snowflake,S300941,CID-316,CA-0563,2025-11-06,Pending,1419.95,124.25,1544.2,MC,USD,SampleGen
51056aef-3121-4189-8432-be9c55d4e8a6,Snowflake,S300942,CID-317,CA-0565,2025-07-27,Completed,909.95,79.62,989.57,AmEx,USD,SampleGen
9c5afbbd-dfd7-44b1-bc02-d638406ff605,Snowflake,S300943,CID-317,CA-0565,2025-10-23,Pending,649.99,56.87,706.86,MC,USD,SampleGen
b96973ba-ea4a-43cf-812b-beb9adacbd1f,Snowflake,S300944,CID-317,CA-0565,2025-05-21,Completed,699.94,61.25,761.19,PayPal,USD,SampleGen
e687ed54-3207-468a-afef-7a7e6030a13d,Snowflake,S300945,CID-317,CA-0565,2025-11-27,Completed,939.95,82.25,1022.2,Discover,USD,SampleGen
77d4dac4-8b37-4044-8dad-78151d6529e4,Snowflake,S300946,CID-318,CA-0566,2025-05-07,Pending,399.98,35.0,434.98,Discover,USD,SampleGen
0a51f6cb-fee0-42e3-8925-49f1e306e43f,Snowflake,S300947,CID-319,CA-0569,2025-01-14,Completed,1779.96,155.75,1935.71,MC,USD,SampleGen
a86229cd-4c93-4296-88d0-e86014eac773,Snowflake,S300948,CID-319,CA-0569,2025-07-24,Completed,2599.98,227.5,2827.48,MC,USD,SampleGen
392d5370-00c9-4e4b-b8ac-f18826cf984e,Snowflake,S300949,CID-319,CA-0569,2025-09-12,Completed,2899.94,253.75,3153.69,AmEx,USD,SampleGen
a27038c9-b96e-4bb8-bb59-e6c52b53f641,Snowflake,S300950,CID-319,CA-0569,2025-08-15,Completed,1569.97,137.37,1707.34,MC,USD,SampleGen
a643b1dc-b38d-4c35-9ed9-8e2b8b758de1,Snowflake,S300951,CID-320,CA-0570,2025-10-08,Completed,814.97,71.3,886.27,VISA,USD,SampleGen
9caa567b-dd04-4071-9741-ebf4c10a1169,Snowflake,S300952,CID-321,CA-0571,2025-08-05,Completed,1939.93,169.75,2109.68,PayPal,USD,SampleGen
408f0b7e-5c8c-461d-b8bc-908be9060694,Snowflake,S300953,CID-322,CA-0573,2025-08-14,Shipped,1719.97,150.5,1870.47,AmEx,USD,SampleGen
43683cc2-3a46-4203-aa96-90d0d818102c,Snowflake,S300954,CID-322,CA-0573,2025-08-08,Completed,1029.97,90.12,1120.09,MC,USD,SampleGen
04aea97b-627f-48db-9e31-3879b4de7fee,Snowflake,S300955,CID-323,CA-0574,2026-01-23,Pending,479.97,42.0,521.97,MC,USD,SampleGen
a3797fca-cba2-4dc7-87e9-037c42188e33,Snowflake,S300956,CID-324,CA-0576,2025-02-15,Completed,2749.97,240.62,2990.59,MC,USD,SampleGen
f6077f23-f296-42d2-89a2-19d31ce17071,Snowflake,S300957,CID-324,CA-0576,2025-07-24,Completed,219.97,19.25,239.22,Discover,USD,SampleGen
873f4e29-a818-4007-8eed-96a74e7dc45c,Snowflake,S300958,CID-324,CA-0576,2025-12-05,Cancelled,1369.96,119.87,1489.83,VISA,USD,SampleGen
a2b64b52-a250-43d5-85ed-6eb2e1371a2a,Snowflake,S300959,CID-324,CA-0576,2025-01-18,Completed,1299.99,113.75,1413.74,VISA,USD,SampleGen
26e67ea9-272a-43db-bd13-6fd9a0973b3a,Snowflake,S300960,CID-324,CA-0576,2025-09-24,Pending,1299.98,113.75,1413.73,Discover,USD,SampleGen
38fd66fd-0f9f-476e-89d2-7d5bba7d85e4,Snowflake,S300961,CID-324,CA-0576,2025-06-28,Completed,1979.96,173.25,2153.21,VISA,USD,SampleGen
edf9e988-f095-4f9d-ba6f-4552982e302b,Snowflake,S300962,CID-325,CA-0579,2025-05-10,Completed,239.98,21.0,260.98,PayPal,USD,SampleGen
62f0e1ac-e0b0-4b54-98b3-86009bb5beb7,Snowflake,S300963,CID-325,CA-0579,2025-03-08,Completed,609.97,53.37,663.34,Discover,USD,SampleGen
ea1aeeb1-3297-4823-b549-97598da6ab35,Snowflake,S300964,CID-326,CA-0581,2025-01-09,Completed,3899.94,341.25,4241.19,AmEx,USD,SampleGen
94f60539-758c-4f7b-96a7-b4b89ba9fcdf,Snowflake,S300965,CID-326,CA-0581,2025-07-29,Completed,1169.97,102.37,1272.34,MC,USD,SampleGen
a9153e13-fb93-44a9-8f84-5e5e11661c77,Snowflake,S300966,CID-326,CA-0581,2025-05-15,Completed,2309.95,202.12,2512.07,AmEx,USD,SampleGen
0fe1778a-e311-4bfd-a81b-de8a1885f8a2,Snowflake,S300967,CID-326,CA-0581,2025-10-01,Shipped,299.99,26.25,326.24,VISA,USD,SampleGen
8afacf1b-c05e-408e-837e-d148d1a58102,Snowflake,S300968,CID-327,CA-0583,2025-03-30,Shipped,799.96,70.0,869.96,VISA,USD,SampleGen
b781c2fc-7455-4edb-a2e5-fe7b1f488787,Snowflake,S300969,CID-327,CA-0583,2026-01-22,Completed,359.97,31.5,391.47,AmEx,USD,SampleGen
ad3d743c-abd2-4432-81ef-97ce8ce38b6b,Snowflake,S300970,CID-327,CA-0583,2026-01-16,Completed,449.99,39.37,489.36,VISA,USD,SampleGen
73e7c7fa-3e42-4255-bd45-0ee321a5c8ac,Snowflake,S300971,CID-327,CA-0583,2025-09-04,Shipped,99.99,8.75,108.74,MC,USD,SampleGen
1945aea7-46f5-4024-bdaa-c9373ff604be,Snowflake,S300972,CID-328,CA-0585,2025-10-18,Completed,3229.95,282.62,3512.57,VISA,USD,SampleGen
8d6dd1f1-25d8-4655-98c3-f0e42f633c46,Snowflake,S300973,CID-329,CA-0587,2025-12-02,Completed,3149.95,275.62,3425.57,PayPal,USD,SampleGen
8dc5a9e4-2665-41f8-85eb-015452531073,Snowflake,S300974,CID-329,CA-0587,2025-02-23,Completed,3009.94,263.37,3273.31,VISA,USD,SampleGen
9f51313f-4b7b-4e50-a055-1a18e81d84f0,Snowflake,S300975,CID-329,CA-0587,2025-03-30,Completed,1299.99,113.75,1413.74,VISA,USD,SampleGen
41d5434d-fdba-4a3c-9e08-f0fc00dadc2e,Snowflake,S300976,CID-329,CA-0587,2025-08-14,Completed,1259.96,110.25,1370.21,AmEx,USD,SampleGen
174f7c4a-fa56-489e-be08-0375ad84fe7e,Snowflake,S300977,CID-330,CA-0588,2025-08-02,Completed,699.98,61.25,761.23,AmEx,USD,SampleGen
2f582eb8-421e-48e1-a4f1-ad5dc26f5ec8,Snowflake,S300978,CID-330,CA-0588,2025-09-05,Completed,1079.97,94.5,1174.47,AmEx,USD,SampleGen
4cc9affa-5184-4574-b210-dc1394332ab6,Snowflake,S300979,CID-331,CA-0590,2025-11-09,Completed,159.98,14.0,173.98,PayPal,USD,SampleGen
086e5f4f-af71-4ba2-8bf9-678b40f45ac2,Snowflake,S300980,CID-331,CA-0590,2025-07-10,Completed,969.96,84.87,1054.83,VISA,USD,SampleGen
e8e676e6-c863-4ba1-968b-269161a66025,Snowflake,S300981,CID-331,CA-0590,2025-11-23,Pending,3219.95,281.74,3501.69,MC,USD,SampleGen
fca54bb1-701c-4c79-bc10-270618829f2d,Snowflake,S300982,CID-331,CA-0590,2026-01-05,Completed,1959.95,171.5,2131.45,VISA,USD,SampleGen
39e7147e-ac69-4a07-a460-965ed8de0e9c,Snowflake,S300983,CID-332,CA-0592,2026-03-15,Completed,1489.97,130.37,1620.34,AmEx,USD,SampleGen
a3ec972b-7933-4326-8858-cf108ac3ede2,Snowflake,S300984,CID-332,CA-0592,2026-03-03,Completed,879.97,77.0,956.97,MC,USD,SampleGen
8568900f-4296-4984-a563-4287f43ba899,Snowflake,S300985,CID-333,CA-1465,2025-03-30,Completed,1839.94,161.0,2000.94,MC,USD,SampleGen
847ba33a-ce53-4222-871d-e654f11d7ba2,Snowflake,S300986,CID-334,CA-0595,2025-01-05,Completed,1799.98,157.5,1957.48,Discover,USD,SampleGen
e95dc854-77fe-4ad8-9373-51facb6962c4,Snowflake,S300987,CID-334,CA-0595,2025-02-19,Completed,1799.97,157.5,1957.47,MC,USD,SampleGen
72d95a23-486c-4023-b119-7246178e25e5,Snowflake,S300988,CID-335,CA-0597,2025-08-24,Pending,1839.95,161.0,2000.95,PayPal,USD,SampleGen
5385ecfb-9348-46bc-99b8-36bfe9302637,Snowflake,S300989,CID-335,CA-0597,2025-07-13,Shipped,1839.96,161.0,2000.96,MC,USD,SampleGen
d9752e9d-778b-4212-bf01-74b331e498a0,Snowflake,S300990,CID-335,CA-0597,2025-04-27,Cancelled,1269.94,111.12,1381.06,PayPal,USD,SampleGen
2a5bc767-947d-4a98-8a88-47eb2bc98f62,Snowflake,S300991,CID-335,CA-0597,2025-06-17,Pending,2019.95,176.75,2196.7,MC,USD,SampleGen
96bd869a-9b46-4bf5-a951-f89f9d32fb49,Snowflake,S300992,CID-335,CA-0597,2025-01-31,Completed,374.96,32.81,407.77,VISA,USD,SampleGen
6338f5a9-a4bd-4ac1-b06b-12986892e5f3,Snowflake,S300993,CID-335,CA-0597,2025-08-07,Completed,619.96,54.25,674.21,VISA,USD,SampleGen
4b7e6331-6466-4d4f-ae47-ca61a468a217,Snowflake,S300994,CID-336,CA-0600,2026-03-10,Completed,1599.93,140.0,1739.93,PayPal,USD,SampleGen
3848eaa1-903b-4a71-8a53-f09c1b008a6d,Snowflake,S300995,CID-336,CA-0600,2025-09-05,Pending,1679.96,147.0,1826.96,Discover,USD,SampleGen
50190357-9a3c-4564-b4e9-b0423bc1f5f3,Snowflake,S300996,CID-336,CA-0600,2025-07-27,Completed,1079.94,94.5,1174.44,VISA,USD,SampleGen
d6d85efe-e219-4cf4-813d-203defc60d81,Snowflake,S300997,CID-336,CA-0600,2025-10-18,Pending,79.99,7.0,86.99,AmEx,USD,SampleGen
e4ba1e1f-e5ca-48ca-a308-277186a09a0a,Snowflake,S300998,CID-337,CA-0601,2025-10-25,Completed,609.96,53.37,663.33,VISA,USD,SampleGen
fd3af07d-be5b-4428-a956-553c1b874168,Snowflake,S300999,CID-337,CA-0601,2026-03-13,Completed,879.97,77.0,956.97,MC,USD,SampleGen
ff7e8a47-18aa-45f0-90b4-3c0d11aa4e7f,Snowflake,S301000,CID-337,CA-0601,2025-09-12,Shipped,499.98,43.75,543.73,PayPal,USD,SampleGen
040dd2e6-dfa0-4fae-9cc7-fd0a2c081af5,Snowflake,S301001,CID-337,CA-0601,2025-01-21,Completed,1269.95,111.12,1381.07,VISA,USD,SampleGen
08c71bab-646a-444f-914e-c3b1d14ec3d9,Snowflake,S301002,CID-337,CA-0601,2025-11-15,Shipped,1779.96,155.75,1935.71,VISA,USD,SampleGen
8fd1fb73-b49c-44ca-b2f1-25921e4d8d34,Snowflake,S301003,CID-338,CA-0604,2025-08-01,Completed,2449.93,214.37,2664.3,AmEx,USD,SampleGen
30811d13-e7f7-40c9-85a5-362eb5a4bee2,Snowflake,S301004,CID-338,CA-0604,2025-02-23,Completed,579.99,50.75,630.74,AmEx,USD,SampleGen
0b1016a8-42b3-40b8-a4cf-f737f925f016,Snowflake,S301005,CID-338,CA-0604,2025-03-20,Shipped,674.94,59.06,734.0,VISA,USD,SampleGen
caa0d64e-7427-4d27-8d4f-320fbaa6444f,Snowflake,S301006,CID-338,CA-0604,2025-07-02,Shipped,1129.95,98.87,1228.82,VISA,USD,SampleGen
68987fce-e5ac-494a-9a33-aa868b59403e,Snowflake,S301007,CID-338,CA-0604,2025-07-26,Completed,799.99,70.0,869.99,MC,USD,SampleGen
cc10991c-7b0c-400d-b5b1-ee54ebf5b857,Snowflake,S301008,CID-339,CA-1466,2026-01-18,Shipped,2999.94,262.5,3262.44,AmEx,USD,SampleGen
d148d807-beb0-4b72-83e6-1a095c9786ee,Snowflake,S301009,CID-339,CA-1466,2025-09-19,Shipped,14.99,1.31,16.3,Discover,USD,SampleGen
c23e470b-0306-4c16-8a6f-d8aff26febc2,Snowflake,S301010,CID-339,CA-1466,2025-03-03,Completed,3299.94,288.75,3588.69,Discover,USD,SampleGen
912f503e-e8e7-4c58-8075-a3b5b1e79305,Snowflake,S301011,CID-339,CA-1466,2026-02-03,Completed,3099.96,271.25,3371.21,MC,USD,SampleGen
3c71f132-3277-465b-acc1-242acaab5bae,Snowflake,S301012,CID-340,CA-0606,2025-10-10,Completed,599.98,52.5,652.48,AmEx,USD,SampleGen
8c2acb0b-e9de-44a2-acd0-36ed008ecb08,Snowflake,S301013,CID-341,CA-0609,2026-01-09,Completed,1429.97,125.12,1555.09,MC,USD,SampleGen
20275b63-9626-4621-a4cc-b30ac77899bf,Snowflake,S301014,CID-341,CA-0609,2025-08-22,Completed,1069.95,93.62,1163.57,VISA,USD,SampleGen
c187b49a-55f8-4b51-bb18-eab9aeec396f,Snowflake,S301015,CID-341,CA-0609,2025-07-30,Cancelled,1539.96,134.75,1674.71,AmEx,USD,SampleGen
78d73993-3000-42d4-8b4d-b80bdbe861f9,Snowflake,S301016,CID-341,CA-0609,2025-10-16,Shipped,1729.94,151.37,1881.31,AmEx,USD,SampleGen
ea2c9c98-a772-45d9-ac13-9527a345c9dd,Snowflake,S301017,CID-341,CA-0609,2025-01-16,Cancelled,1649.95,144.37,1794.32,PayPal,USD,SampleGen
03ced3fc-585e-4a9e-bd2e-290a298fb353,Snowflake,S301018,CID-341,CA-0609,2026-03-12,Completed,959.96,84.0,1043.96,PayPal,USD,SampleGen
9e2665f4-2375-45f4-85db-a5e181271c5e,Snowflake,S301019,CID-341,CA-0609,2026-01-03,Completed,1099.94,96.25,1196.19,AmEx,USD,SampleGen
cd41cf5f-d750-468c-896b-9eebd7c5ad2e,Snowflake,S301020,CID-342,CA-0611,2025-09-14,Shipped,1049.98,91.87,1141.85,VISA,USD,SampleGen
03fb6eb4-e4f9-4ee8-b65f-e6cabd92967d,Snowflake,S301021,CID-343,CA-0612,2025-01-15,Shipped,1299.99,113.75,1413.74,VISA,USD,SampleGen
51f21596-248d-42a4-8a31-0bb6152485d6,Snowflake,S301022,CID-343,CA-0612,2026-03-08,Completed,1519.95,132.99,1652.94,VISA,USD,SampleGen
78160158-578b-477d-9a8f-e5b17938016c,Snowflake,S301023,CID-344,CA-0615,2025-02-08,Pending,2649.96,231.87,2881.83,VISA,USD,SampleGen
038674bd-0b45-4fae-93ad-78a6ada3520c,Snowflake,S301024,CID-345,CA-0616,2025-09-28,Completed,2199.96,192.5,2392.46,VISA,USD,SampleGen
e70b5926-04a5-4e96-afe9-be48b0054454,Snowflake,S301025,CID-345,CA-0616,2025-01-20,Completed,1199.97,105.0,1304.97,VISA,USD,SampleGen
a0e09f0b-9556-4b3d-9dba-5f24465d8ad2,Snowflake,S301026,CID-346,CA-0618,2026-02-08,Completed,1459.94,127.75,1587.69,VISA,USD,SampleGen
8b4c0daa-8d85-4ea0-a920-a03fd6f18e15,Snowflake,S301027,CID-346,CA-0618,2025-08-07,Completed,1139.96,99.75,1239.71,VISA,USD,SampleGen
9e1f0cac-0ba9-4546-b19d-174b57395a1b,Snowflake,S301028,CID-346,CA-0618,2025-11-30,Completed,1209.96,105.87,1315.83,VISA,USD,SampleGen
5d1e059f-8e3d-46be-ab00-fe1e3dadf41f,Snowflake,S301029,CID-347,CA-0619,2025-07-26,Completed,919.95,80.5,1000.45,PayPal,USD,SampleGen
b01e0988-bee3-44c4-83df-eeb86e7afd98,Snowflake,S301030,CID-347,CA-0619,2026-01-25,Shipped,849.97,74.37,924.34,PayPal,USD,SampleGen
e8b4d03c-16b4-4c28-9ab7-ae17d608816c,Snowflake,S301031,CID-348,CA-0621,2025-01-07,Shipped,3369.94,294.87,3664.81,MC,USD,SampleGen
96b00a34-c31f-451b-9310-607f122fc825,Snowflake,S301032,CID-348,CA-0621,2025-07-29,Completed,899.97,78.75,978.72,MC,USD,SampleGen
6c424822-f74d-4a1a-bd16-faf20bed53f3,Snowflake,S301033,CID-349,CA-0624,2025-03-04,Shipped,1789.96,156.62,1946.58,AmEx,USD,SampleGen
cccf75ec-b8dd-42fe-8853-1434561b3fad,Snowflake,S301034,CID-349,CA-0624,2025-06-09,Completed,1659.93,145.25,1805.18,AmEx,USD,SampleGen
d097f2c6-e0bb-4000-a3cf-eba1d8c4499a,Snowflake,S301035,CID-349,CA-0624,2025-03-24,Completed,1609.96,140.87,1750.83,VISA,USD,SampleGen
9cb4558b-812f-463e-9bc8-238d880f66bd,Snowflake,S301036,CID-350,CA-0625,2025-01-08,Completed,1629.96,142.62,1772.58,VISA,USD,SampleGen
bd761c86-0bb7-40c1-b854-9696e0270a85,Snowflake,S301037,CID-350,CA-0625,2025-08-07,Pending,989.97,86.62,1076.59,VISA,USD,SampleGen
fe98d422-1f0b-4338-a8f8-2564be260bf3,Snowflake,S301038,CID-351,CA-0627,2025-04-06,Shipped,2909.93,254.62,3164.55,MC,USD,SampleGen
52047a98-b8e2-4959-9609-e680e507a826,Snowflake,S301039,CID-351,CA-0627,2025-09-27,Completed,1159.98,101.5,1261.48,MC,USD,SampleGen
5b7ae7e5-ec87-4678-9ed0-81ab39f1879e,Snowflake,S301040,CID-352,CA-0630,2025-09-27,Completed,819.97,71.75,891.72,MC,USD,SampleGen
ca366115-af49-46f2-a15f-364d3d9227b4,Snowflake,S301041,CID-352,CA-0630,2025-08-17,Pending,799.99,70.0,869.99,PayPal,USD,SampleGen
01accc14-f45c-4c0b-99c8-053232cfde9b,Snowflake,S301042,CID-353,CA-0632,2025-03-20,Completed,579.97,50.75,630.72,VISA,USD,SampleGen
c74fe831-acac-42c2-b8b3-da50b035b37d,Snowflake,S301043,CID-353,CA-0632,2025-12-11,Completed,1749.97,153.12,1903.09,MC,USD,SampleGen
2971f985-5ccb-4dc9-846b-d52c6b41abe9,Snowflake,S301044,CID-354,CA-0634,2025-11-12,Shipped,579.99,50.75,630.74,VISA,USD,SampleGen
043370a8-5f2a-4add-8ad4-248b1f7b996c,Snowflake,S301045,CID-354,CA-0634,2025-12-20,Completed,699.98,61.24,761.22,AmEx,USD,SampleGen
4d4a6038-87c1-4343-9075-ff8c56ccf3a2,Snowflake,S301046,CID-355,CA-0635,2025-07-25,Shipped,759.96,66.5,826.46,AmEx,USD,SampleGen
908d368e-1ba9-4ebe-897b-22bb26421ac9,Snowflake,S301047,CID-356,CA-0638,2025-07-04,Completed,999.96,87.5,1087.46,VISA,USD,SampleGen
e330876f-f2ca-424e-b532-0ba126bbc013,Snowflake,S301048,CID-356,CA-0638,2025-10-30,Completed,129.99,11.37,141.36,AmEx,USD,SampleGen
bc136b45-0cf6-423c-a79a-2ad53a66a581,Snowflake,S301049,CID-356,CA-0638,2025-06-13,Completed,1109.97,97.12,1207.09,VISA,USD,SampleGen
c69e7cda-d7e7-412c-adb2-34b7fbcd5e92,Snowflake,S301050,CID-357,CA-0640,2026-02-12,Shipped,5299.95,463.75,5763.7,AmEx,USD,SampleGen
00c4d903-4730-451a-832c-ea43415e294f,Snowflake,S301051,CID-357,CA-0640,2025-10-16,Completed,509.98,44.62,554.6,MC,USD,SampleGen
1fda7706-8411-4010-b2a4-584447449bd8,Snowflake,S301052,CID-357,CA-0640,2025-12-24,Completed,6599.92,577.5,7177.42,VISA,USD,SampleGen
efb5945b-c9aa-4e5b-8ea0-07991c396d67,Snowflake,S301053,CID-358,CA-0641,2026-02-21,Completed,1549.97,135.62,1685.59,PayPal,USD,SampleGen
7fa8329e-d7ce-4dd1-ad66-de097ab0a2cc,Snowflake,S301054,CID-359,CA-0644,2025-06-18,Completed,369.97,32.37,402.34,AmEx,USD,SampleGen
a288eaf8-2110-4512-841f-f55ea6c88572,Snowflake,S301055,CID-360,CA-0645,2025-06-27,Completed,3849.93,336.87,4186.8,MC,USD,SampleGen
51f9120f-dd17-415f-9f42-346d4f8a45b8,Snowflake,S301056,CID-360,CA-0645,2025-12-18,Cancelled,2599.98,227.5,2827.48,VISA,USD,SampleGen
0d931a5a-e513-420a-a016-6cae809891dd,Snowflake,S301057,CID-360,CA-0645,2025-02-24,Completed,2259.95,197.75,2457.7,MC,USD,SampleGen
fd88a651-7289-4b12-a480-b5b900582d18,Snowflake,S301058,CID-360,CA-0645,2026-03-02,Pending,2449.95,214.37,2664.32,VISA,USD,SampleGen
1aef76a3-1826-4f5c-a24a-5ce8cbf9e7a1,Snowflake,S301059,CID-361,CA-0646,2025-09-08,Completed,459.98,40.25,500.23,AmEx,USD,SampleGen
cfef5ec1-7b49-4bac-8172-b3ed6603ebad,Snowflake,S301060,CID-362,CA-0648,2025-12-30,Completed,259.98,22.75,282.73,VISA,USD,SampleGen
c54a93cc-ea5a-4ef6-b470-9ac5834bb66f,Snowflake,S301061,CID-363,CA-1524,2025-04-27,Completed,239.98,21.0,260.98,VISA,USD,SampleGen
991da68a-2f0d-430c-a0b2-50f9e7b4ff08,Snowflake,S301062,CID-363,CA-1524,2025-06-08,Completed,2329.93,203.87,2533.8,VISA,USD,SampleGen
418ee617-ec95-4ceb-8b0c-4883a4eab0ae,Snowflake,S301063,CID-364,CA-1525,2025-04-10,Completed,1099.98,96.25,1196.23,Discover,USD,SampleGen
7857bf93-283f-4863-a680-af8d46a80f80,Snowflake,S301064,CID-364,CA-1525,2026-02-22,Pending,1799.96,157.5,1957.46,PayPal,USD,SampleGen
0c7dbb72-5079-488e-b56a-c86bd5c8b56a,Snowflake,S301065,CID-364,CA-1525,2025-12-20,Completed,2549.95,223.12,2773.07,VISA,USD,SampleGen
de497541-ac9a-444c-8933-98e8b199c6bd,Snowflake,S301066,CID-364,CA-1525,2025-12-20,Completed,649.99,56.87,706.86,VISA,USD,SampleGen
204f727e-ef24-453d-856f-79f6da5ffbd4,Snowflake,S301067,CID-365,CA-1526,2026-02-21,Completed,2699.96,236.25,2936.21,PayPal,USD,SampleGen
ad6eee5e-59b2-44b7-a186-c92ad3e3dff0,Snowflake,S301068,CID-366,CA-1467,2026-02-16,Completed,299.99,26.25,326.24,MC,USD,SampleGen
72c63e27-9e21-463c-9f33-0accc6099ee1,Snowflake,S301069,CID-367,CA-0655,2026-01-19,Completed,2799.96,245.0,3044.96,MC,USD,SampleGen
c950d1fd-783d-418b-add5-3d5a40eab4c0,Snowflake,S301070,CID-367,CA-0655,2025-11-18,Completed,1209.95,105.87,1315.82,PayPal,USD,SampleGen
f38dd09e-5576-47cc-8816-1476816ad846,Snowflake,S301071,CID-368,CA-0656,2025-11-23,Completed,839.96,73.5,913.46,MC,USD,SampleGen
0b74f068-3f8e-4678-bafe-c00c6a66f9dc,Snowflake,S301072,CID-368,CA-0656,2026-02-23,Completed,2159.96,188.99,2348.95,PayPal,USD,SampleGen
8f53f974-61a4-4a1b-8a7d-04091d50313d,Snowflake,S301073,CID-369,CA-0659,2025-04-03,Completed,1219.96,106.74,1326.7,AmEx,USD,SampleGen
b4017b69-0be9-4a16-b499-339e426ce1e9,Snowflake,S301074,CID-369,CA-0659,2025-09-14,Cancelled,1809.94,158.37,1968.31,MC,USD,SampleGen
947ab186-2cbb-496c-8132-3c95112450c5,Snowflake,S301075,CID-370,CA-0660,2025-12-03,Completed,799.98,70.0,869.98,AmEx,USD,SampleGen
9a3d1448-e6a7-4706-abdb-66e2f7c11333,Snowflake,S301076,CID-370,CA-0660,2025-03-30,Pending,1999.97,175.0,2174.97,VISA,USD,SampleGen
18cc998b-6c5c-45a5-b226-31b139fae6c3,Snowflake,S301077,CID-371,CA-0661,2025-09-07,Completed,1399.96,122.5,1522.46,AmEx,USD,SampleGen
06b66fc0-71d2-42b3-9ef3-3f9457108e9e,Snowflake,S301078,CID-371,CA-0661,2025-11-09,Completed,2409.95,210.87,2620.82,AmEx,USD,SampleGen
dfbc99d8-76d0-4c73-b8e9-1b049fbf77c4,Snowflake,S301079,CID-372,CA-0663,2025-01-11,Shipped,2089.96,182.87,2272.83,MC,USD,SampleGen
f3fe6543-c4de-44b3-803b-e0adcdb7e6e7,Snowflake,S301080,CID-372,CA-0663,2025-05-18,Completed,1129.94,98.87,1228.81,PayPal,USD,SampleGen
9a30a7c3-3514-4a81-81ef-1e79050386c5,Snowflake,S301081,CID-373,CA-0665,2025-04-01,Completed,2459.93,215.25,2675.18,MC,USD,SampleGen
ada8dbde-6c82-46b7-9079-69d378aa6cee,Snowflake,S301082,CID-374,CA-0667,2025-04-16,Pending,1239.97,108.5,1348.47,VISA,USD,SampleGen
54211130-fe63-4b54-a606-381758f94f61,Snowflake,S301083,CID-374,CA-0667,2025-09-17,Completed,119.99,10.5,130.49,VISA,USD,SampleGen
6dd4b578-e26a-4cea-b6b2-e19c592946ae,Snowflake,S301084,CID-375,CA-0669,2025-10-17,Completed,2609.94,228.37,2838.31,MC,USD,SampleGen
b058ed11-4c91-49e6-b0d3-65f40bb57097,Snowflake,S301085,CID-375,CA-0669,2025-06-30,Completed,1179.93,103.25,1283.18,MC,USD,SampleGen
1b83fbb6-6be3-49df-aaaa-b1edac8086d3,Snowflake,S301086,CID-376,CA-0670,2025-03-05,Completed,649.99,56.87,706.86,VISA,USD,SampleGen
9978c06e-b07c-4d08-8838-f74a5797312b,Snowflake,S301087,CID-376,CA-0670,2025-06-18,Completed,1649.95,144.37,1794.32,MC,USD,SampleGen
8b23d335-4f53-4d07-aa51-f3a499b36e05,Snowflake,S301088,CID-377,CA-0672,2025-06-21,Completed,309.97,27.12,337.09,MC,USD,SampleGen
2887c2b4-ec5f-4583-a838-4464da128756,Snowflake,S301089,CID-377,CA-0672,2026-03-22,Cancelled,919.98,80.5,1000.48,PayPal,USD,SampleGen
08f2897a-27f9-4638-be2b-ccedbf1e6089,Snowflake,S301090,CID-377,CA-0672,2025-10-27,Completed,2299.96,201.25,2501.21,Discover,USD,SampleGen
8a7a5727-5a91-4c65-bd11-1c394d9c8132,Snowflake,S301091,CID-377,CA-0672,2025-01-09,Shipped,1969.94,172.37,2142.31,VISA,USD,SampleGen
8528561b-4c0a-4ff1-bcfc-e6b37b84190d,Snowflake,S301092,CID-377,CA-0672,2025-06-05,Completed,2279.95,199.5,2479.45,VISA,USD,SampleGen
ac3b03d0-2031-4333-88f7-3f513462c9b1,Snowflake,S301093,CID-378,CA-0675,2025-05-11,Completed,869.96,76.12,946.08,PayPal,USD,SampleGen
c3ed67a5-5374-47ed-b0c4-d8de48c0b04c,Snowflake,S301094,CID-378,CA-0675,2025-04-08,Shipped,959.96,83.99,1043.95,PayPal,USD,SampleGen
5a35e218-882d-4ed3-ad09-040c0892a9a0,Snowflake,S301095,CID-379,CA-0676,2025-12-22,Pending,649.99,56.87,706.86,MC,USD,SampleGen
73a83dd5-8ac7-4a0f-8ef5-8bfef1b442c4,Snowflake,S301096,CID-379,CA-0676,2025-04-27,Shipped,379.98,33.25,413.23,AmEx,USD,SampleGen
38060d38-676c-4911-a60e-52db5a9f7532,Snowflake,S301097,CID-379,CA-0676,2025-06-09,Completed,979.96,85.75,1065.71,PayPal,USD,SampleGen
5aed3b8d-e03f-4769-8434-294d32cdb9bb,Snowflake,S301098,CID-379,CA-0676,2025-02-12,Pending,2749.97,240.62,2990.59,Discover,USD,SampleGen
844020c0-0f46-4b35-ae96-deda4e51625d,Snowflake,S301099,CID-379,CA-0676,2025-01-07,Completed,299.98,26.25,326.23,Discover,USD,SampleGen
4b76d1b5-c373-447d-b50d-7e593a10d8a7,Snowflake,S301100,CID-379,CA-0676,2025-02-17,Shipped,3789.95,331.62,4121.57,VISA,USD,SampleGen
311f317f-5669-4f0a-ac7f-c072020b89aa,Snowflake,S301101,CID-379,CA-0676,2025-01-29,Completed,1589.93,139.12,1729.05,PayPal,USD,SampleGen
4c319581-a5a9-4051-bb86-0b09c04f96f3,Snowflake,S301102,CID-379,CA-0676,2025-10-21,Completed,349.99,30.62,380.61,AmEx,USD,SampleGen
ee6b120a-c764-4837-bb06-47a4cfa57cab,Snowflake,S301103,CID-380,CA-0679,2025-10-20,Completed,119.99,10.5,130.49,PayPal,USD,SampleGen
12b9457c-6fe5-4f6e-8ea5-93bff664b0e8,Snowflake,S301104,CID-380,CA-0679,2025-07-27,Completed,1599.97,139.99,1739.96,MC,USD,SampleGen
eef25c1f-0740-42db-81c6-c0b6b3461a05,Snowflake,S301105,CID-380,CA-0679,2025-03-01,Cancelled,239.98,21.0,260.98,VISA,USD,SampleGen
d8cda180-334f-49bd-ac22-0c695214b050,Snowflake,S301106,CID-380,CA-0679,2025-07-03,Completed,199.98,17.5,217.48,VISA,USD,SampleGen
18c06186-0799-4396-bc70-f8ca6663e5cc,Snowflake,S301107,CID-381,CA-0680,2026-01-26,Completed,549.99,48.12,598.11,Discover,USD,SampleGen
97557b05-3533-4396-9dbf-badd1d19c09f,Snowflake,S301108,CID-382,CA-0682,2026-03-06,Completed,4559.92,399.0,4958.92,MC,USD,SampleGen
8ba3c93f-3712-4711-8fac-8df6fe9f0065,Snowflake,S301109,CID-382,CA-0682,2025-10-14,Shipped,1099.98,96.25,1196.23,VISA,USD,SampleGen
e59fb5ab-ee72-454b-bd04-3e2158b2b5b5,Snowflake,S301110,CID-382,CA-0682,2025-06-15,Cancelled,1149.95,100.62,1250.57,VISA,USD,SampleGen
b9c4bb4e-86ed-4f10-af6d-af0d0b440e32,Snowflake,S301111,CID-383,CA-0684,2025-10-22,Completed,1299.98,113.75,1413.73,VISA,USD,SampleGen
e9a9f5c0-86ae-4fe0-99b3-533d57e37b40,Snowflake,S301112,CID-384,CA-0686,2025-09-28,Completed,1249.97,109.37,1359.34,VISA,USD,SampleGen
eeb903d8-a8d8-4ef3-81d9-c9c5e1f2647d,Snowflake,S301113,CID-384,CA-0686,2025-03-06,Completed,1559.94,136.5,1696.44,MC,USD,SampleGen
07aa984a-187b-4abc-8261-48730f4e98b8,Snowflake,S301114,CID-385,CA-0688,2025-12-27,Completed,2049.97,179.37,2229.34,AmEx,USD,SampleGen
fefd7324-de97-4d68-be2d-be4ed7943929,Snowflake,S301115,CID-385,CA-0688,2025-02-18,Completed,529.98,46.37,576.35,MC,USD,SampleGen
e6a37f28-aaf6-4fac-9c66-11b90392b795,Snowflake,S301116,CID-385,CA-0688,2025-05-23,Pending,1459.96,127.75,1587.71,PayPal,USD,SampleGen
f9a5b474-bb4f-4252-bdd2-5916c052b6a5,Snowflake,S301117,CID-385,CA-0688,2025-01-15,Completed,839.97,73.5,913.47,AmEx,USD,SampleGen
8a5c8339-7547-4e3e-80ce-5bc5601ef6fa,Snowflake,S301118,CID-385,CA-0688,2025-05-18,Completed,849.97,74.37,924.34,AmEx,USD,SampleGen
ef05a4a2-f0af-4573-be06-cb450a22a82b,Snowflake,S301119,CID-385,CA-0688,2025-08-20,Shipped,189.99,16.62,206.61,PayPal,USD,SampleGen
e3343c9a-1a78-4a6b-86e4-1d74ba056b6c,Snowflake,S301120,CID-386,CA-0691,2025-04-05,Completed,129.99,11.37,141.36,VISA,USD,SampleGen
23212687-ab26-4b1e-a2b5-5e2d2f8528f3,Snowflake,S301121,CID-386,CA-0691,2025-01-09,Completed,1249.97,109.37,1359.34,MC,USD,SampleGen
de7585ce-9a4a-4850-90dd-c859acbba730,Snowflake,S301122,CID-386,CA-0691,2025-05-17,Completed,1769.95,154.87,1924.82,VISA,USD,SampleGen
51a0d5c3-4c6a-45b1-8c96-0769348368bb,Snowflake,S301123,CID-386,CA-0691,2025-04-17,Pending,2339.95,204.75,2544.7,Discover,USD,SampleGen
42753dc5-11bf-4a2d-bc06-c40e11167a24,Snowflake,S301124,CID-387,CA-0692,2025-08-30,Completed,189.99,16.62,206.61,MC,USD,SampleGen
d8c47f3b-c723-45f2-99a0-bf8c6c56d151,Snowflake,S301125,CID-387,CA-0692,2026-02-08,Shipped,449.97,39.37,489.34,Discover,USD,SampleGen
77e17f0b-80b1-4a02-be56-de57e2508497,Snowflake,S301126,CID-388,CA-0695,2026-01-20,Completed,4259.94,372.75,4632.69,Discover,USD,SampleGen
7f345f9c-4cb0-4da9-a62f-867e82a10be3,Snowflake,S301127,CID-388,CA-0695,2025-09-30,Cancelled,189.99,16.62,206.61,AmEx,USD,SampleGen
fee886dd-cc11-4dab-aa6d-c6c777a8fda3,Snowflake,S301128,CID-389,CA-0697,2025-02-11,Completed,1649.96,144.37,1794.33,AmEx,USD,SampleGen
83be0173-54ae-4595-908d-d5be19c6d19e,Snowflake,S301129,CID-389,CA-0697,2025-09-28,Completed,789.97,69.12,859.09,PayPal,USD,SampleGen
1ef1d06a-9797-40ab-bd53-2bd72bdf3b4a,Snowflake,S301130,CID-389,CA-0697,2025-06-02,Pending,469.95,41.12,511.07,PayPal,USD,SampleGen
1f68f181-cfbf-4337-8a5a-ca12c58059ce,Snowflake,S301131,CID-389,CA-0697,2025-07-14,Completed,1449.98,126.87,1576.85,Discover,USD,SampleGen
4ce1ab38-0b63-4d4e-8966-6ec173dcd07c,Snowflake,S301132,CID-390,CA-0699,2025-10-25,Cancelled,1619.97,141.75,1761.72,VISA,USD,SampleGen
6b41b39d-4ef3-41c6-8c60-71e0661616e5,Snowflake,S301133,CID-390,CA-0699,2025-02-23,Completed,799.98,70.0,869.98,AmEx,USD,SampleGen
b694d3d7-d300-4c24-8a38-66638f025d2b,Snowflake,S301134,CID-390,CA-0699,2025-04-13,Completed,939.96,82.25,1022.21,VISA,USD,SampleGen
81a1a527-52ca-49c1-aa3d-8ae38291ed2d,Snowflake,S301135,CID-390,CA-0699,2025-04-30,Completed,279.97,24.5,304.47,Discover,USD,SampleGen
694606f5-b82e-40b1-804c-1dc09ee8da48,Snowflake,S301136,CID-390,CA-0699,2026-02-15,Completed,2879.94,252.0,3131.94,PayPal,USD,SampleGen
8cc5ebac-8d48-4d91-a41b-c042fc61f510,Snowflake,S301137,CID-391,CA-0701,2026-01-30,Completed,3449.93,301.87,3751.8,AmEx,USD,SampleGen
685093e1-0ea7-4b62-af6c-c904f46e7e4e,Snowflake,S301138,CID-392,CA-0703,2025-06-18,Shipped,1659.97,145.25,1805.22,VISA,USD,SampleGen
e6cd5de0-5bd3-470b-af05-6a6742e6f0c9,Snowflake,S301139,CID-393,CA-0705,2026-03-01,Completed,899.94,78.75,978.69,MC,USD,SampleGen
f5f24753-3e79-4e19-b279-1ba7ae9dd86a,Snowflake,S301140,CID-393,CA-0705,2025-08-19,Completed,1969.96,172.37,2142.33,PayPal,USD,SampleGen
a26a9a51-11ba-41d0-a578-8f7c87b1d062,Snowflake,S301141,CID-393,CA-0705,2025-04-17,Completed,1789.96,156.62,1946.58,AmEx,USD,SampleGen
dd73cad2-30d7-4ee7-b93c-70542c9833cd,Snowflake,S301142,CID-393,CA-0705,2025-09-30,Pending,2599.98,227.5,2827.48,VISA,USD,SampleGen
45afa49b-33de-44db-b409-c1169f4d9eb7,Snowflake,S301143,CID-393,CA-0705,2025-01-15,Shipped,799.98,70.0,869.98,MC,USD,SampleGen
f1cd41f2-bcf9-41de-ad1a-67f06594653a,Snowflake,S301144,CID-394,CA-0707,2025-01-30,Cancelled,1349.97,118.12,1468.09,AmEx,USD,SampleGen
5123e7c3-a0ad-4ab0-a7fd-a4e18995eec5,Snowflake,S301145,CID-394,CA-0707,2025-02-10,Pending,2599.97,227.5,2827.47,Discover,USD,SampleGen
22439651-17cc-43c4-bd93-9e9bdbc2ca44,Snowflake,S301146,CID-394,CA-0707,2025-10-17,Completed,3009.93,263.37,3273.3,AmEx,USD,SampleGen
0dda0dd0-f934-422e-b3d5-deafd6b53889,Snowflake,S301147,CID-394,CA-0707,2025-07-18,Completed,349.97,30.62,380.59,AmEx,USD,SampleGen
ee935872-ee35-4b97-8013-8a3856922239,Snowflake,S301148,CID-394,CA-0707,2025-11-11,Completed,2379.94,208.25,2588.19,MC,USD,SampleGen
eb27fd8e-a3f9-45e6-a86c-f1074310641b,Snowflake,S301149,CID-394,CA-0707,2026-01-07,Pending,1509.96,132.12,1642.08,PayPal,USD,SampleGen
87b85e5f-2455-4e89-b74c-bdd35cd6263a,Snowflake,S301150,CID-394,CA-0707,2025-03-05,Completed,299.99,26.25,326.24,PayPal,USD,SampleGen
6a325e00-6dba-4d63-a842-179519685e3d,Snowflake,S301151,CID-394,CA-0707,2025-11-30,Completed,1409.94,123.37,1533.31,AmEx,USD,SampleGen
f75241d3-5364-4675-9b80-5c780daac88c,Snowflake,S301152,CID-394,CA-0707,2025-11-16,Completed,899.96,78.75,978.71,AmEx,USD,SampleGen
2941ec0d-dc89-4b28-8559-4ce71379edf0,Snowflake,S301153,CID-395,CA-1528,2025-11-20,Completed,239.98,21.0,260.98,MC,USD,SampleGen
b9e42399-6d25-41ef-a204-cf3e77436559,Snowflake,S301154,CID-396,CA-0709,2025-12-02,Completed,909.97,79.62,989.59,AmEx,USD,SampleGen
f3c4dfd0-3cb0-4509-8c34-e40a6ea48e42,Snowflake,S301155,CID-396,CA-0709,2025-10-15,Shipped,119.99,10.5,130.49,Discover,USD,SampleGen
e7ecdf85-56da-4bde-b6d4-866375d0bae9,Snowflake,S301156,CID-397,CA-1469,2026-03-29,Pending,359.98,31.5,391.48,VISA,USD,SampleGen
bd5eb37a-c786-4705-9c46-6513cc30e29f,Snowflake,S301157,CID-397,CA-1469,2026-01-07,Pending,199.99,17.5,217.49,MC,USD,SampleGen
e616b0b5-575a-4e43-9f12-04c2fbc73f79,Snowflake,S301158,CID-397,CA-1469,2025-03-22,Completed,1869.95,163.62,2033.57,MC,USD,SampleGen
558e6228-edbc-45c8-a88f-8d5e47276ac5,Snowflake,S301159,CID-397,CA-1469,2026-02-28,Completed,1349.95,118.12,1468.07,VISA,USD,SampleGen
c662bf34-342c-402d-9776-2420bac99b23,Snowflake,S301160,CID-398,CA-0712,2025-03-28,Completed,1799.94,157.5,1957.44,PayPal,USD,SampleGen
b99ece40-32c4-4415-8e00-054b5d94d4b1,Snowflake,S301161,CID-398,CA-0712,2025-05-24,Cancelled,539.96,47.24,587.2,Discover,USD,SampleGen
3ff0c217-db11-4d32-b298-7ba97b32eaac,Snowflake,S301162,CID-398,CA-0712,2025-11-07,Completed,4749.93,415.62,5165.55,MC,USD,SampleGen
f66418b1-1e0f-4c53-8901-1ffdab09f11a,Snowflake,S301163,CID-398,CA-0712,2026-01-12,Cancelled,849.98,74.37,924.35,MC,USD,SampleGen
da495b37-214c-46c6-b904-940108a8c4c6,Snowflake,S301164,CID-399,CA-0715,2025-02-03,Completed,3679.96,322.0,4001.96,MC,USD,SampleGen
11aeb1f7-d7e4-425f-8bef-b7eb60fdcb9a,Snowflake,S301165,CID-399,CA-0715,2026-02-28,Completed,499.98,43.75,543.73,PayPal,USD,SampleGen
d86960e1-2cb7-4602-84a1-d7d3d7390953,Snowflake,S301166,CID-399,CA-0715,2025-09-07,Completed,609.97,53.37,663.34,VISA,USD,SampleGen
b1869481-8236-4c8f-ba44-ae2137822060,Snowflake,S301167,CID-400,CA-0717,2026-01-13,Pending,159.99,14.0,173.99,VISA,USD,SampleGen
9363ec9e-99b1-40d5-95f6-d7f39ba42f68,Snowflake,S301168,CID-400,CA-0717,2025-03-19,Completed,989.98,86.62,1076.6,MC,USD,SampleGen
7658aafc-285f-4a16-980c-e53bc2503191,Snowflake,S301169,CID-400,CA-0717,2025-11-15,Completed,3939.93,344.75,4284.68,VISA,USD,SampleGen
9f9c8185-48e5-40ab-bbf6-320ec9601408,Snowflake,S301170,CID-400,CA-0717,2026-02-04,Pending,849.97,74.37,924.34,PayPal,USD,SampleGen
6a51d081-97c1-4406-bd07-d53dd57b3372,Snowflake,S301171,CID-400,CA-0717,2026-03-21,Cancelled,259.98,22.75,282.73,VISA,USD,SampleGen
6b43d9ba-395c-44b7-8819-5e7d15bdf267,Snowflake,S301172,CID-400,CA-0717,2025-12-28,Completed,3159.92,276.5,3436.42,AmEx,USD,SampleGen
d2ce402f-7cab-4116-842a-6dfd61c01572,Snowflake,S301173,CID-400,CA-0717,2025-09-16,Completed,1109.95,97.12,1207.07,MC,USD,SampleGen
7100c69e-e735-41c8-af29-7b05a00cf47e,Snowflake,S301174,CID-400,CA-0717,2025-06-19,Completed,769.98,67.37,837.35,AmEx,USD,SampleGen
53fe6d9e-cecf-4de8-a815-3082e657d72a,Snowflake,S301175,CID-400,CA-0717,2025-03-03,Shipped,2099.95,183.75,2283.7,MC,USD,SampleGen
912f6b6e-8d1b-4369-9fa3-91df73e837b5,Snowflake,S301176,CID-401,CA-0719,2025-01-26,Completed,99.99,8.75,108.74,MC,USD,SampleGen
1d55f7d1-2ba2-42dc-9d2f-b0f2a1293843,Snowflake,S301177,CID-401,CA-0719,2025-02-20,Shipped,3959.94,346.5,4306.44,MC,USD,SampleGen
d72ef6bf-f404-4511-88a5-9e72b9b10972,Snowflake,S301178,CID-402,CA-0720,2025-02-08,Completed,1879.93,164.5,2044.43,VISA,USD,SampleGen
0243093c-91ee-4ac5-9fdc-afd291bb2741,Snowflake,S301179,CID-402,CA-0720,2025-08-20,Completed,1839.95,161.0,2000.95,AmEx,USD,SampleGen
d4d172e1-cf10-4157-a7e2-47454a2f9835,Snowflake,S301180,CID-403,CA-0721,2025-08-15,Completed,759.96,66.5,826.46,VISA,USD,SampleGen
fdcef5a6-e076-47ca-82bb-2f8066b524cc,Snowflake,S301181,CID-403,CA-0721,2025-11-08,Completed,499.98,43.75,543.73,VISA,USD,SampleGen
90ed9cc0-6871-4a3e-8e33-a31dd1acf452,Snowflake,S301182,CID-404,CA-0724,2025-10-14,Completed,2199.94,192.49,2392.43,MC,USD,SampleGen
4dc13061-e3db-4fba-90c1-3b4d5e108739,Snowflake,S301183,CID-404,CA-0724,2025-11-11,Pending,1959.95,171.5,2131.45,VISA,USD,SampleGen
2851ddd3-3dae-47f6-a681-2903e4759841,Snowflake,S301184,CID-405,CA-0726,2025-11-24,Completed,4739.93,414.75,5154.68,VISA,USD,SampleGen
4a1453e5-7ed5-4b67-a56d-3aa7404ae244,Snowflake,S301185,CID-405,CA-0726,2025-11-22,Completed,5199.96,455.0,5654.96,AmEx,USD,SampleGen
31993b28-fe0a-4250-a4b5-8ee5950a6583,Snowflake,S301186,CID-405,CA-0726,2025-08-31,Completed,2979.96,260.75,3240.71,PayPal,USD,SampleGen
2ee0d606-460d-4c20-ae77-445412eec09e,Snowflake,S301187,CID-405,CA-0726,2025-04-07,Completed,849.95,74.37,924.32,VISA,USD,SampleGen
ea139182-83c1-4e8a-aed9-2742b74443c9,Snowflake,S301188,CID-405,CA-0726,2025-04-16,Completed,1939.95,169.75,2109.7,MC,USD,SampleGen
6721da9c-9ef1-4c26-b748-f8d9d7cc2a65,Snowflake,S301189,CID-405,CA-0726,2025-06-16,Completed,284.97,24.93,309.9,AmEx,USD,SampleGen
eefa1237-702e-4217-b3f3-81166b974cab,Snowflake,S301190,CID-405,CA-0726,2026-03-07,Completed,2999.94,262.5,3262.44,VISA,USD,SampleGen
b1f1cb02-bb9b-4d31-8fe1-f37901be8386,Snowflake,S301191,CID-406,CA-0727,2025-08-07,Completed,1179.97,103.25,1283.22,PayPal,USD,SampleGen
b5fed48c-7b44-4a4e-9433-bbda13e84a20,Snowflake,S301192,CID-406,CA-0727,2025-03-09,Completed,379.98,33.25,413.23,Discover,USD,SampleGen
6776e7cf-3ae9-4f05-9d84-f5fa22161c81,Snowflake,S301193,CID-406,CA-0727,2025-11-01,Completed,1179.97,103.25,1283.22,MC,USD,SampleGen
91d60b99-cbe3-4b80-a833-1c52ec787b0c,Snowflake,S301194,CID-406,CA-0727,2025-10-06,Completed,2099.95,183.75,2283.7,VISA,USD,SampleGen
30445e5e-0351-4193-9752-e39d4c6f1876,Snowflake,S301195,CID-406,CA-0727,2026-03-28,Completed,1329.93,116.37,1446.3,PayPal,USD,SampleGen
ae469a7e-ccc8-40dc-bac7-c75bf1a0a7d7,Snowflake,S301196,CID-406,CA-0727,2025-10-10,Completed,499.98,43.75,543.73,VISA,USD,SampleGen
0755648e-eb1b-494f-872f-bdad4d38ff85,Snowflake,S301197,CID-406,CA-0727,2025-12-01,Completed,5709.93,499.62,6209.55,MC,USD,SampleGen
78620eda-b4ad-4175-93cd-f0e3b931a236,Snowflake,S301198,CID-406,CA-0727,2025-04-25,Completed,2359.94,206.5,2566.44,PayPal,USD,SampleGen
9f3e1007-93a3-41b4-8a3a-bb0e0f7d1abc,Snowflake,S301199,CID-406,CA-0727,2025-04-27,Completed,129.99,11.37,141.36,AmEx,USD,SampleGen
a46f5a58-7bcb-4572-af0e-f759962ed0d4,Snowflake,S301200,CID-407,CA-0729,2025-01-25,Completed,1409.97,123.37,1533.34,VISA,USD,SampleGen
973e16ae-6eb6-4385-910e-9d4b21503ab5,Snowflake,S301201,CID-407,CA-0729,2025-09-15,Completed,1529.95,133.87,1663.82,AmEx,USD,SampleGen
95a1cd5b-ab64-4d09-bda2-bb241d675222,Snowflake,S301202,CID-408,CA-0732,2025-09-17,Completed,1529.93,133.87,1663.8,VISA,USD,SampleGen
c0aabd39-e486-4ae3-ba56-ee9651580c3f,Snowflake,S301203,CID-408,CA-0732,2025-06-26,Completed,119.98,10.5,130.48,AmEx,USD,SampleGen
529f7702-13ee-45c0-9fec-a46c4270f2a4,Snowflake,S301204,CID-408,CA-0732,2025-02-15,Cancelled,879.95,76.99,956.94,VISA,USD,SampleGen
3df07937-6214-4bf3-a82c-2d0f16985194,Snowflake,S301205,CID-408,CA-0732,2026-01-20,Completed,2149.97,188.12,2338.09,VISA,USD,SampleGen
7bd17ab4-c858-42cf-af03-0c1d314deb7f,Snowflake,S301206,CID-408,CA-0732,2025-05-06,Completed,159.98,14.0,173.98,AmEx,USD,SampleGen
75d60342-ad8b-44eb-9383-000b060ac513,Snowflake,S301207,CID-408,CA-0732,2025-01-27,Completed,2829.96,247.62,3077.58,MC,USD,SampleGen
76c16738-bd3d-4b4a-8987-c0d87b1b9241,Snowflake,S301208,CID-408,CA-0732,2025-05-25,Completed,2699.96,236.25,2936.21,VISA,USD,SampleGen
8fa8fafc-5dcd-4756-9d76-490501098b1a,Snowflake,S301209,CID-409,CA-0734,2025-10-29,Completed,1429.96,125.12,1555.08,MC,USD,SampleGen
e85664f5-2847-4fdd-8310-4470994c54f0,Snowflake,S301210,CID-409,CA-0734,2026-01-03,Cancelled,1764.96,154.43,1919.39,MC,USD,SampleGen
9b9934c8-0123-419d-81b0-998bdeed5ba6,Snowflake,S301211,CID-410,CA-0736,2025-08-19,Completed,599.98,52.5,652.48,Discover,USD,SampleGen
1892502e-e39b-44ed-b4a8-d04af4da2364,Snowflake,S301212,CID-410,CA-0736,2026-02-27,Completed,5399.92,472.5,5872.42,AmEx,USD,SampleGen
3163c6f7-83a3-4bd7-a322-7561dc3dc287,Snowflake,S301213,CID-410,CA-0736,2025-03-23,Completed,1449.96,126.87,1576.83,Discover,USD,SampleGen
010c90d2-97e0-4094-ba9c-ade6b7de5955,Snowflake,S301214,CID-411,CA-0737,2025-07-09,Completed,409.97,35.87,445.84,PayPal,USD,SampleGen
415c11c4-2171-47c3-9c3e-c9b029b25345,Snowflake,S301215,CID-411,CA-0737,2026-01-16,Cancelled,359.98,31.5,391.48,MC,USD,SampleGen
a28e80e6-255e-4761-92a7-3784dd09d334,Snowflake,S301216,CID-412,CA-0740,2026-03-11,Completed,1729.95,151.37,1881.32,AmEx,USD,SampleGen
c777e00a-b66f-4d91-aa9d-67a27f8df585,Snowflake,S301217,CID-413,CA-0742,2025-11-10,Completed,3599.96,315.0,3914.96,AmEx,USD,SampleGen
3ad59146-1aac-4c76-a78d-11367b9a3fe8,Snowflake,S301218,CID-413,CA-0742,2026-02-14,Completed,999.98,87.49,1087.47,VISA,USD,SampleGen
f03fd32f-af5c-4826-b674-a2c1dfae457a,Snowflake,S301219,CID-414,CA-0743,2025-09-19,Completed,2349.95,205.62,2555.57,VISA,USD,SampleGen
d82249d3-9ce3-4fbf-b512-a1faa66a6510,Snowflake,S301220,CID-414,CA-0743,2025-08-19,Completed,379.98,33.25,413.23,PayPal,USD,SampleGen
7d8572cd-8861-4151-9281-0d93ec98e365,Snowflake,S301221,CID-415,CA-0746,2026-03-10,Completed,3214.95,281.31,3496.26,MC,USD,SampleGen
2de276fb-d13c-4274-a80b-214766a437ba,Snowflake,S301222,CID-415,CA-0746,2025-11-05,Shipped,129.99,11.37,141.36,Discover,USD,SampleGen
1687b282-2c69-4c76-95df-13a59bb91153,Snowflake,S301223,CID-415,CA-0746,2025-06-16,Shipped,1299.99,113.75,1413.74,MC,USD,SampleGen
3cd44838-1f98-46e8-8df2-604bb473f77d,Snowflake,S301224,CID-416,CA-0747,2025-08-06,Completed,299.99,26.25,326.24,VISA,USD,SampleGen
8292f55e-4e95-416c-a586-ab293ed309b8,Snowflake,S301225,CID-416,CA-0747,2026-02-24,Completed,2599.96,227.5,2827.46,AmEx,USD,SampleGen
4a52a7ed-caaf-44a7-95ae-5962306c98a7,Snowflake,S301226,CID-416,CA-0747,2025-09-21,Completed,2639.95,231.0,2870.95,VISA,USD,SampleGen
f050809a-479b-4974-ac79-273a81b9e617,Snowflake,S301227,CID-416,CA-0747,2025-04-28,Completed,819.94,71.75,891.69,MC,USD,SampleGen
6aee48a1-955f-4939-9c5b-181f2c9eb6ad,Snowflake,S301228,CID-417,CA-0750,2025-05-13,Completed,499.98,43.75,543.73,VISA,USD,SampleGen
f0a475e2-4fd1-405d-80c4-998b2412646e,Snowflake,S301229,CID-417,CA-0750,2025-03-01,Completed,2039.94,178.49,2218.43,AmEx,USD,SampleGen
05d327d8-2d04-4fb7-b5a9-91a83b441d72,Snowflake,S301230,CID-418,CA-0751,2025-11-15,Completed,1749.97,153.12,1903.09,VISA,USD,SampleGen
304a0645-ad36-4489-aa4b-f98e97cbd4aa,Snowflake,S301231,CID-418,CA-0751,2026-02-22,Completed,3679.95,322.0,4001.95,AmEx,USD,SampleGen
99738fa4-3876-4dba-898c-551265f3fbfe,Snowflake,S301232,CID-419,CA-0753,2025-04-12,Completed,239.98,21.0,260.98,PayPal,USD,SampleGen
714cab89-618c-4b5e-b628-7a7af6c95e68,Snowflake,S301233,CID-419,CA-0753,2025-10-03,Completed,589.97,51.61,641.58,VISA,USD,SampleGen
698fbb14-7e5a-400d-ac5c-a6f3f63d0084,Snowflake,S301234,CID-420,CA-0755,2025-10-18,Pending,119.99,10.5,130.49,VISA,USD,SampleGen
1256be6c-89bb-47fa-865d-4ee838ab80ef,Snowflake,S301235,CID-420,CA-0755,2026-01-25,Completed,1429.93,125.12,1555.05,VISA,USD,SampleGen
04563110-5745-4ace-825e-bfc3bbe5aa9e,Snowflake,S301236,CID-420,CA-0755,2025-08-26,Completed,379.98,33.25,413.23,VISA,USD,SampleGen
673c2cb3-4e95-4f09-93e2-66de370a7757,Snowflake,S301237,CID-420,CA-0755,2025-07-31,Completed,1229.98,107.62,1337.6,VISA,USD,SampleGen
54c08f75-bc50-4332-a856-a79efcb5d2b3,Snowflake,S301238,CID-420,CA-0755,2025-09-30,Completed,3699.93,323.75,4023.68,MC,USD,SampleGen
ae97cb12-4a60-4cd1-8ea4-9b12de8590fb,Snowflake,S301239,CID-420,CA-0755,2025-09-11,Completed,1159.98,101.5,1261.48,MC,USD,SampleGen
aaf57331-d742-4301-9f88-9f31467f73c0,Snowflake,S301240,CID-421,CA-0758,2025-09-28,Completed,429.97,37.62,467.59,VISA,USD,SampleGen
591e87aa-b615-44cf-a4cf-76132114bf7b,Snowflake,S301241,CID-421,CA-0758,2025-03-05,Completed,1029.96,90.12,1120.08,PayPal,USD,SampleGen
d9479fe8-3394-4290-b90f-def2f8e554d4,Snowflake,S301242,CID-422,CA-0759,2025-07-17,Completed,439.95,38.5,478.45,PayPal,USD,SampleGen
c6f4d4de-0ede-4724-868c-daaa5e254c54,Snowflake,S301243,CID-422,CA-0759,2025-04-19,Completed,1599.98,140.0,1739.98,PayPal,USD,SampleGen
c1f3b7c9-12c3-4fe9-86c9-eaa484ed6c33,Snowflake,S301244,CID-422,CA-0759,2025-05-25,Completed,2449.94,214.37,2664.31,MC,USD,SampleGen
56d3fdc0-1262-4e04-9cd9-c85c81485246,Snowflake,S301245,CID-423,CA-0762,2026-01-06,Shipped,3899.97,341.25,4241.22,AmEx,USD,SampleGen
64864f60-2a1c-42b5-aee1-91b392a777d5,Snowflake,S301246,CID-423,CA-0762,2026-01-25,Completed,1209.96,105.87,1315.83,MC,USD,SampleGen
804a4d5e-e2ed-4ddd-af4e-38ba8c00ad58,Snowflake,S301247,CID-424,CA-0764,2025-06-06,Completed,2079.95,182.0,2261.95,MC,USD,SampleGen
0e123a4f-7d98-4f18-9993-38cb908c3fce,Snowflake,S301248,CID-424,CA-0764,2025-08-09,Shipped,789.97,69.12,859.09,VISA,USD,SampleGen
39fc3583-220c-4919-bf00-58986073f9cd,Snowflake,S301249,CID-425,CA-0765,2026-01-19,Completed,699.98,61.24,761.22,Discover,USD,SampleGen
4e80a8f8-40fd-4237-89c4-73bbdc3a57b1,Snowflake,S301250,CID-425,CA-0765,2026-03-16,Completed,1699.96,148.74,1848.7,AmEx,USD,SampleGen
64841b29-40b5-4ce3-b7f5-a04aa542a383,Snowflake,S301251,CID-425,CA-0765,2025-10-23,Completed,899.99,78.75,978.74,AmEx,USD,SampleGen
4b53fee0-40de-4e9e-a658-7f616d3e97b9,Snowflake,S301252,CID-425,CA-0765,2025-10-02,Completed,1459.95,127.74,1587.69,MC,USD,SampleGen
7ee2f6cd-3b1a-4e6f-b6e3-8506fb5fa1ad,Snowflake,S301253,CID-426,CA-0767,2025-02-02,Shipped,3449.94,301.87,3751.81,MC,USD,SampleGen
7802626c-4ef9-4ee1-b5f3-222eca34fb78,Snowflake,S301254,CID-427,CA-0770,2025-11-19,Completed,579.99,50.75,630.74,Discover,USD,SampleGen
df341efb-067a-4927-8820-5489e44566fd,Snowflake,S301255,CID-427,CA-0770,2025-12-26,Pending,3749.96,328.12,4078.08,AmEx,USD,SampleGen
4956683c-8dbd-4e45-a617-500bc544b4ca,Snowflake,S301256,CID-428,CA-0771,2026-02-11,Completed,1759.94,153.99,1913.93,MC,USD,SampleGen
11b27dd9-d020-4d33-ae66-2540e3385499,Snowflake,S301257,CID-428,CA-0771,2025-10-18,Completed,2099.97,183.75,2283.72,VISA,USD,SampleGen
dfd347d7-9394-4cb5-a378-09c911b96d5a,Snowflake,S301258,CID-428,CA-0771,2026-02-13,Completed,979.97,85.74,1065.71,VISA,USD,SampleGen
d6359622-fd18-41d6-a104-eb7ccfe56f8b,Snowflake,S301259,CID-428,CA-0771,2025-04-18,Completed,2029.93,177.62,2207.55,AmEx,USD,SampleGen
bdbee506-1a43-439b-857e-3dca3ce4c9df,Snowflake,S301260,CID-429,CA-0773,2025-01-07,Completed,549.99,48.12,598.11,PayPal,USD,SampleGen
78dbccd8-1ee3-433c-ae85-8a6b82b1ca3c,Snowflake,S301261,CID-429,CA-0773,2025-07-05,Completed,2919.93,255.5,3175.43,MC,USD,SampleGen
ebcf21ab-25ae-4538-a1ff-279d529d7561,Snowflake,S301262,CID-430,CA-0775,2025-08-28,Pending,379.98,33.25,413.23,MC,USD,SampleGen
e32e4457-200a-4b80-92da-611267ad6bd8,Snowflake,S301263,CID-430,CA-0775,2025-11-11,Pending,2189.96,191.62,2381.58,VISA,USD,SampleGen
755d0bb4-6ae7-4890-a7f3-a5140f083038,Snowflake,S301264,CID-431,CA-0777,2025-11-30,Completed,379.98,33.25,413.23,Discover,USD,SampleGen
b82feca5-a9c6-43db-9b24-8853a225e874,Snowflake,S301265,CID-431,CA-0777,2025-01-01,Completed,779.97,68.25,848.22,AmEx,USD,SampleGen
438f96e7-e1ea-499f-af6d-180989fe1cca,Snowflake,S301266,CID-431,CA-0777,2025-12-19,Completed,2999.94,262.5,3262.44,VISA,USD,SampleGen
801ad1a6-26d0-4d96-adcf-89cf78d27e19,Snowflake,S301267,CID-432,CA-1529,2025-06-05,Completed,2779.95,243.25,3023.2,Discover,USD,SampleGen
df76c47b-bca9-4f21-a190-cc0912845b0b,Snowflake,S301268,CID-432,CA-1529,2025-04-02,Completed,649.99,56.87,706.86,AmEx,USD,SampleGen
00f1c04d-d9c7-46d3-9dea-1514aaa30a5d,Snowflake,S301269,CID-432,CA-1529,2025-09-07,Completed,1099.96,96.24,1196.2,MC,USD,SampleGen
48c2fe8d-4e40-4ecf-9afa-920aeb760ebd,Snowflake,S301270,CID-433,CA-0781,2025-04-19,Completed,159.98,14.0,173.98,VISA,USD,SampleGen
98f8de5d-e9b5-425b-b827-6479cb607e9e,Snowflake,S301271,CID-434,CA-0783,2025-01-26,Pending,1099.97,96.25,1196.22,VISA,USD,SampleGen
d2634b4f-8020-4d97-95bd-4f2f2267d64d,Snowflake,S301272,CID-435,CA-0785,2025-03-10,Completed,1169.95,102.36,1272.31,MC,USD,SampleGen
73a9373b-f7a7-4122-915f-001c5b9b8c4d,Snowflake,S301273,CID-435,CA-0785,2025-12-24,Completed,249.99,21.87,271.86,VISA,USD,SampleGen
740fd36f-170e-4cdf-bd27-4cf3dbf560fe,Snowflake,S301274,CID-435,CA-0785,2025-06-25,Completed,269.98,23.62,293.6,AmEx,USD,SampleGen
375a6088-cb08-4eee-9a10-4913ba80e3e6,Snowflake,S301275,CID-436,CA-1530,2026-03-29,Completed,909.96,79.62,989.58,MC,USD,SampleGen
c720db43-6ef7-4240-aff9-7c7f76c315cc,Snowflake,S301276,CID-436,CA-1530,2025-01-12,Completed,2139.94,187.25,2327.19,Discover,USD,SampleGen
28dec607-3e2d-4efb-be3f-6ffa96143c69,Snowflake,S301277,CID-436,CA-1530,2025-05-13,Completed,159.98,14.0,173.98,Discover,USD,SampleGen
d9026543-0bb5-4bda-9594-e28d87da2163,Snowflake,S301278,CID-436,CA-1530,2025-09-06,Completed,819.96,71.75,891.71,MC,USD,SampleGen
c84d75b7-65a2-46fd-8ac5-dd6409e846ab,Snowflake,S301279,CID-436,CA-1530,2025-01-03,Completed,3499.94,306.24,3806.18,VISA,USD,SampleGen
f2b17eda-c69e-472b-b9d2-5f0b47044c37,Snowflake,S301280,CID-436,CA-1530,2026-02-14,Completed,5319.93,465.5,5785.43,MC,USD,SampleGen
64957f34-77b1-44fa-aaa3-5741b97e0112,Snowflake,S301281,CID-436,CA-1530,2025-10-22,Completed,449.99,39.37,489.36,MC,USD,SampleGen
807c0c57-47e5-4e8a-bb45-9960b5e4c1f3,Snowflake,S301282,CID-436,CA-1530,2025-05-26,Completed,429.95,37.62,467.57,AmEx,USD,SampleGen
1e128c76-6a73-4afe-af2c-4cc4b57806c9,Snowflake,S301283,CID-436,CA-1530,2025-12-06,Pending,1699.93,148.75,1848.68,PayPal,USD,SampleGen
cbb54e92-79e7-4540-85c8-d622794057c1,Snowflake,S301284,CID-437,CA-0787,2025-07-11,Completed,2889.95,252.87,3142.82,VISA,USD,SampleGen
9208a5e5-e752-4f11-8a92-bd3d7e7a80c9,Snowflake,S301285,CID-437,CA-0787,2025-05-01,Shipped,1039.96,91.0,1130.96,Discover,USD,SampleGen
17a64ae6-7118-4f47-b31f-a65c3a47db00,Snowflake,S301286,CID-437,CA-0787,2025-11-28,Completed,1444.95,126.43,1571.38,AmEx,USD,SampleGen
a120cbea-28d6-43e9-9efd-a6248568b669,Snowflake,S301287,CID-437,CA-0787,2025-03-30,Completed,379.98,33.25,413.23,MC,USD,SampleGen
4cf96106-e7d9-4f7d-833a-f0faa26d0300,Snowflake,S301288,CID-438,CA-0789,2025-10-07,Shipped,1559.94,136.49,1696.43,VISA,USD,SampleGen
f9986f0d-8e89-476c-a8d9-3f8343b9f2cc,Snowflake,S301289,CID-438,CA-0789,2025-09-13,Completed,449.99,39.37,489.36,MC,USD,SampleGen
ad5eb20d-f0f1-4876-806f-965b2c07bae0,Snowflake,S301290,CID-438,CA-0789,2026-03-02,Shipped,479.96,42.0,521.96,VISA,USD,SampleGen
24ca811d-e218-437e-b07b-0bd0924af200,Snowflake,S301291,CID-438,CA-0789,2026-03-07,Shipped,1039.96,90.99,1130.95,AmEx,USD,SampleGen
6e6d9403-cba0-49fc-8bad-72a2adbec4ba,Snowflake,S301292,CID-438,CA-0789,2025-05-29,Completed,879.96,77.0,956.96,AmEx,USD,SampleGen
c06f543c-49a4-402a-844b-a0ee629a5a8e,Snowflake,S301293,CID-439,CA-0791,2025-04-09,Completed,2449.95,214.37,2664.32,MC,USD,SampleGen
db2ab700-ef25-40bb-8c9d-843c32f7ee3d,Snowflake,S301294,CID-439,CA-0791,2025-11-30,Completed,1569.96,137.37,1707.33,MC,USD,SampleGen
59777ef8-4f44-4391-97b1-52f082e60cc1,Snowflake,S301295,CID-439,CA-0791,2026-01-17,Completed,1739.96,152.25,1892.21,PayPal,USD,SampleGen
b2fc3fc8-aaee-4dc5-80ab-1fa1d069ba51,Snowflake,S301296,CID-439,CA-0791,2025-06-17,Completed,159.98,14.0,173.98,PayPal,USD,SampleGen
ce8b0ed2-a7b3-4a61-a104-36c4cccaa3f2,Snowflake,S301297,CID-439,CA-0791,2025-09-13,Completed,1809.97,158.37,1968.34,VISA,USD,SampleGen
34b1e78a-451e-4cd7-899a-da87965263a8,Snowflake,S301298,CID-439,CA-0791,2026-02-12,Completed,2849.96,249.37,3099.33,VISA,USD,SampleGen
87013404-ee3d-4468-9f2b-2d2aa365c982,Snowflake,S301299,CID-439,CA-0791,2025-12-07,Completed,899.97,78.75,978.72,VISA,USD,SampleGen
a3c5d003-8306-44c7-a7ff-955784683753,Snowflake,S301300,CID-439,CA-0791,2025-12-27,Completed,1849.97,161.87,2011.84,AmEx,USD,SampleGen
b6f20db6-dc4d-4b52-978f-a0de544a67bf,Snowflake,S301301,CID-440,CA-0793,2025-07-25,Completed,604.97,52.93,657.9,MC,USD,SampleGen
9899a5a6-f3b0-43bf-9235-164544288aa0,Snowflake,S301302,CID-440,CA-0793,2026-02-21,Completed,1769.96,154.87,1924.83,VISA,USD,SampleGen
f1d1fd2c-30f6-439b-b76f-a9cfe82eebb5,Snowflake,S301303,CID-441,CA-0795,2026-02-06,Completed,449.99,39.37,489.36,PayPal,USD,SampleGen
712cf7d6-a16c-484d-8f66-85968252a875,Snowflake,S301304,CID-441,CA-0795,2025-02-03,Completed,1299.98,113.75,1413.73,VISA,USD,SampleGen
9c0213e5-a8e3-4c47-adec-851271d8448f,Snowflake,S301305,CID-441,CA-0795,2026-03-01,Completed,609.97,53.37,663.34,VISA,USD,SampleGen
98d6f1f8-7f3e-4fbc-b426-74e8450aaa0e,Snowflake,S301306,CID-442,CA-0796,2025-05-04,Completed,199.98,17.5,217.48,PayPal,USD,SampleGen
c87a6917-e803-486a-8d38-c133f274910f,Snowflake,S301307,CID-442,CA-0796,2025-12-17,Pending,1879.96,164.5,2044.46,AmEx,USD,SampleGen
cf121137-e00f-422e-94fb-176bdfeabfca,Snowflake,S301308,CID-443,CA-0799,2026-02-20,Cancelled,499.98,43.75,543.73,MC,USD,SampleGen
557380d2-577c-4fe6-9077-7872d616c6c9,Snowflake,S301309,CID-443,CA-0799,2026-03-24,Completed,189.99,16.62,206.61,VISA,USD,SampleGen
a247d1fb-d69e-445d-86a6-b0b67e019bcc,Snowflake,S301310,CID-444,CA-0800,2025-10-22,Completed,799.98,70.0,869.98,AmEx,USD,SampleGen
ebde8d20-49c0-484e-a095-71b1f9a6589a,Snowflake,S301311,CID-444,CA-0800,2025-06-24,Completed,539.96,47.25,587.21,PayPal,USD,SampleGen
7394fe01-eeab-493e-aad5-b8d3b0cb5d4f,Snowflake,S301312,CID-444,CA-0800,2025-08-18,Completed,1379.98,120.75,1500.73,PayPal,USD,SampleGen
418b9fa0-a4ad-4bc5-8060-63f57d320a09,Snowflake,S301313,CID-445,CA-0803,2025-02-01,Shipped,949.97,83.12,1033.09,MC,USD,SampleGen
388254d3-0a48-4a68-a433-d08ac36fbb01,Snowflake,S301314,CID-445,CA-0803,2025-05-19,Completed,189.99,16.62,206.61,Discover,USD,SampleGen
a7a04f4f-4314-4082-a0a8-a4604e9fee4e,Snowflake,S301315,CID-446,CA-0805,2025-03-30,Completed,1379.94,120.75,1500.69,PayPal,USD,SampleGen
24a2ab52-4dba-4773-b581-59753bcfcd2f,Snowflake,S301316,CID-446,CA-0805,2025-12-01,Completed,639.96,56.0,695.96,VISA,USD,SampleGen
aa93c9e3-333a-4ff2-9f5d-12c38d242bf1,Snowflake,S301317,CID-447,CA-0806,2025-07-27,Completed,2729.95,238.87,2968.82,MC,USD,SampleGen
4ff54f23-e3a8-40d1-a675-4519ea3055f6,Snowflake,S301318,CID-447,CA-0806,2025-10-18,Completed,1299.95,113.74,1413.69,AmEx,USD,SampleGen
8d472742-ce81-4449-92c5-9a23d9e6e563,Snowflake,S301319,CID-448,CA-0808,2025-10-31,Completed,2129.95,186.36,2316.31,VISA,USD,SampleGen
e8920e97-e991-498d-a3fe-64c460cfa6c6,Snowflake,S301320,CID-448,CA-0808,2025-01-11,Completed,2649.94,231.87,2881.81,VISA,USD,SampleGen
98255cd8-00cf-484e-95d2-de7e477980e4,Snowflake,S301321,CID-448,CA-0808,2025-09-11,Completed,1739.97,152.25,1892.22,MC,USD,SampleGen
824394a6-71cf-4c62-bab6-2185034942ac,Snowflake,S301322,CID-449,CA-0811,2026-01-20,Completed,4049.94,354.37,4404.31,MC,USD,SampleGen
d7cf242e-0c6b-44cd-b3ef-9e48eff3f12d,Snowflake,S301323,CID-449,CA-0811,2025-03-26,Completed,79.99,7.0,86.99,PayPal,USD,SampleGen
4b5b258b-0b5f-4c67-88d5-4c2bb549f6ef,Snowflake,S301324,CID-449,CA-0811,2026-01-06,Completed,1339.97,117.25,1457.22,PayPal,USD,SampleGen
5310205b-3e03-40b8-a653-2cede8b40716,Snowflake,S301325,CID-449,CA-0811,2026-01-13,Completed,899.96,78.75,978.71,MC,USD,SampleGen
fbd36c65-80fc-45d2-bbd8-5968901ca4c5,Snowflake,S301326,CID-450,CA-0812,2025-05-18,Cancelled,2179.96,190.75,2370.71,MC,USD,SampleGen
5923e18e-b43d-4376-8cf5-c6d2dd9f6eff,Snowflake,S301327,CID-451,CA-0815,2025-01-28,Completed,899.96,78.75,978.71,MC,USD,SampleGen
071c2f6c-38a5-4fd1-b4f4-7363181411eb,Snowflake,S301328,CID-451,CA-0815,2025-01-02,Completed,3229.94,282.62,3512.56,Discover,USD,SampleGen
5c03f715-3170-4b2f-990d-dbdabf1902ea,Snowflake,S301329,CID-451,CA-0815,2025-09-04,Completed,1249.97,109.37,1359.34,PayPal,USD,SampleGen
7e589dde-e7a8-49af-92b2-fa1b7c8a33ba,Snowflake,S301330,CID-451,CA-0815,2026-01-02,Completed,2059.95,180.25,2240.2,AmEx,USD,SampleGen
eb7fcef5-c53a-4252-a9dc-50282d9e54d7,Snowflake,S301331,CID-451,CA-0815,2026-01-15,Completed,1099.96,96.25,1196.21,Discover,USD,SampleGen
63a3c29d-5710-4449-a318-fbb1193481de,Snowflake,S301332,CID-452,CA-0816,2025-01-03,Completed,599.98,52.5,652.48,AmEx,USD,SampleGen
b1d2e02c-e37b-472d-a9e6-9db052a09fcb,Snowflake,S301333,CID-452,CA-0816,2026-03-26,Completed,299.98,26.25,326.23,VISA,USD,SampleGen
57e2c81a-be6f-4bfd-a328-2d215c27cf0c,Snowflake,S301334,CID-453,CA-0818,2025-03-15,Shipped,629.98,55.12,685.1,AmEx,USD,SampleGen
1ee9b751-7b4a-4aa4-b650-b2f517527664,Snowflake,S301335,CID-454,CA-0820,2025-07-01,Completed,2899.96,253.75,3153.71,Discover,USD,SampleGen
ca63b07d-6b20-4f47-867a-2b55db251246,Snowflake,S301336,CID-455,CA-0821,2025-08-11,Completed,159.98,14.0,173.98,PayPal,USD,SampleGen
bef7224d-49ad-4f9b-a996-7bda94bb3d07,Snowflake,S301337,CID-456,CA-0823,2025-06-16,Completed,1534.95,134.31,1669.26,MC,USD,SampleGen
9676988b-9ac2-4021-8ebd-65a563df72e1,Snowflake,S301338,CID-456,CA-0823,2026-01-10,Completed,2089.96,182.87,2272.83,PayPal,USD,SampleGen
b4d615f5-c6cf-496f-93bd-e6dfd10d522b,Snowflake,S301339,CID-457,CA-0825,2026-01-31,Completed,1049.96,91.87,1141.83,AmEx,USD,SampleGen
c7756323-a2b9-403b-aaa1-83fc68709584,Snowflake,S301340,CID-457,CA-0825,2025-09-20,Pending,1239.95,108.5,1348.45,VISA,USD,SampleGen
adc145db-0a05-4726-a236-f33cdbcfe57e,Snowflake,S301341,CID-457,CA-0825,2025-09-21,Completed,699.98,61.24,761.22,VISA,USD,SampleGen
f1e2fb8d-dce3-4cfd-86a6-27785748390a,Snowflake,S301342,CID-457,CA-0825,2025-12-30,Completed,2569.94,224.87,2794.81,VISA,USD,SampleGen
dabe6a7b-c143-4a53-b8a2-b4bb5191cb4b,Snowflake,S301343,CID-458,CA-0827,2025-07-16,Completed,799.98,70.0,869.98,MC,USD,SampleGen
0220d3f0-65b7-483c-8726-8415ac6c84de,Snowflake,S301344,CID-458,CA-0827,2025-03-25,Completed,2059.93,180.25,2240.18,VISA,USD,SampleGen
35774dab-d377-4a5a-a604-71e222ff8cc7,Snowflake,S301345,CID-458,CA-0827,2025-07-12,Completed,1059.97,92.74,1152.71,VISA,USD,SampleGen
caa9ee0a-84dc-4899-900e-17d1ede31243,Snowflake,S301346,CID-458,CA-0827,2025-02-15,Cancelled,2089.94,182.87,2272.81,Discover,USD,SampleGen
6f7ede24-eab7-4298-8280-49c12647e7b5,Snowflake,S301347,CID-459,CA-1532,2025-08-14,Completed,199.98,17.5,217.48,AmEx,USD,SampleGen
90f83e20-3d67-482f-a6f9-772e8a49ef30,Snowflake,S301348,CID-459,CA-1532,2025-08-21,Pending,679.97,59.5,739.47,PayPal,USD,SampleGen
c498bdad-8096-4fe1-a27f-16d22a54e191,Snowflake,S301349,CID-459,CA-1532,2026-01-31,Completed,2089.95,182.87,2272.82,PayPal,USD,SampleGen
25bf1055-bcf6-4177-b2b0-16d0ce6272fe,Snowflake,S301350,CID-459,CA-1532,2026-01-13,Completed,449.98,39.37,489.35,PayPal,USD,SampleGen
151333f4-e6e3-4aa4-aba1-2f484dc08ce4,Snowflake,S301351,CID-460,CA-0831,2025-08-03,Completed,2169.94,189.87,2359.81,MC,USD,SampleGen
e7654358-0023-486b-91a3-0fbb95059594,Snowflake,S301352,CID-460,CA-0831,2026-03-25,Completed,479.97,42.0,521.97,VISA,USD,SampleGen
15c02ab6-f5c2-40b4-bfb7-66889b8ed727,Snowflake,S301353,CID-460,CA-0831,2026-01-19,Completed,1369.96,119.87,1489.83,VISA,USD,SampleGen
7566bbb5-e1ec-4bd9-abf5-dfad0b5af452,Snowflake,S301354,CID-461,CA-0832,2025-08-27,Pending,1009.96,88.37,1098.33,MC,USD,SampleGen
3c783c37-4a01-4860-bbfe-58ae096944da,Snowflake,S301355,CID-462,CA-0835,2026-01-29,Cancelled,3619.92,316.75,3936.67,VISA,USD,SampleGen
e53b096e-a4d3-4e1b-b045-b8905aaadbbb,Snowflake,S301356,CID-462,CA-0835,2026-02-26,Completed,2899.97,253.75,3153.72,Discover,USD,SampleGen
b1324bb4-48ba-4876-924e-b10315386b33,Snowflake,S301357,CID-463,CA-0836,2025-03-09,Completed,1159.98,101.5,1261.48,Discover,USD,SampleGen
747ac75b-8c66-40d0-9535-fb0625af9b81,Snowflake,S301358,CID-463,CA-0836,2025-08-18,Pending,569.97,49.87,619.84,VISA,USD,SampleGen
2e29e437-8d95-495b-b362-16ed1726e42f,Snowflake,S301359,CID-463,CA-0836,2025-07-31,Completed,699.95,61.24,761.19,VISA,USD,SampleGen
7716abb2-03b4-4db4-a272-2639a624627e,Snowflake,S301360,CID-463,CA-0836,2025-05-18,Pending,449.97,39.37,489.34,VISA,USD,SampleGen
f3e39dd1-b0eb-49e3-8d6d-c54cbbe54f3a,Snowflake,S301361,CID-464,CA-0839,2026-03-12,Completed,2979.96,260.75,3240.71,PayPal,USD,SampleGen
98f5f15b-7f42-411b-9f03-1f6748dc9d38,Snowflake,S301362,CID-464,CA-0839,2025-06-18,Completed,379.98,33.25,413.23,VISA,USD,SampleGen
90910431-09a2-4116-a504-3b4c5e70cd34,Snowflake,S301363,CID-465,CA-0841,2026-01-18,Completed,2719.92,238.0,2957.92,MC,USD,SampleGen
878f3853-add6-4ab2-9f8c-10b321f50582,Snowflake,S301364,CID-465,CA-0841,2025-05-02,Completed,799.96,70.0,869.96,PayPal,USD,SampleGen
deeb79dc-e42c-47c5-ae6e-f07f4a6fd55e,Snowflake,S301365,CID-466,CA-0842,2025-10-04,Completed,839.98,73.49,913.47,AmEx,USD,SampleGen
650e459c-a36a-4d12-8296-3c25fed14cbd,Snowflake,S301366,CID-466,CA-0842,2025-07-16,Completed,3579.94,313.25,3893.19,VISA,USD,SampleGen
da4282c1-9524-45db-a99a-91d4b3a4a730,Snowflake,S301367,CID-466,CA-0842,2025-01-09,Completed,2849.96,249.37,3099.33,Discover,USD,SampleGen
bdc0013a-8f49-47bb-a4d6-b97716267847,Snowflake,S301368,CID-466,CA-0842,2025-05-02,Completed,1569.94,137.37,1707.31,VISA,USD,SampleGen
c69fbd78-74d9-49e4-b4da-83289abef9e4,Snowflake,S301369,CID-467,CA-0844,2025-03-12,Completed,1549.93,135.62,1685.55,PayPal,USD,SampleGen
2e7a1e5d-eca4-443f-8c85-503d512c58d6,Snowflake,S301370,CID-467,CA-0844,2026-01-07,Completed,1399.96,122.49,1522.45,VISA,USD,SampleGen
2b4b496f-b053-4747-a50a-2951aca2d87a,Snowflake,S301371,CID-467,CA-0844,2025-07-28,Completed,659.97,57.75,717.72,Discover,USD,SampleGen
85f9af17-086e-43aa-9707-39e68444ec72,Snowflake,S301372,CID-467,CA-0844,2025-10-08,Completed,739.96,64.75,804.71,Discover,USD,SampleGen
323835d4-a94b-479a-92c8-9de1d4ce75ec,Snowflake,S301373,CID-468,CA-0845,2025-09-07,Completed,99.99,8.75,108.74,PayPal,USD,SampleGen
279dc592-38a3-4017-a02e-5db4c4fea4a2,Snowflake,S301374,CID-468,CA-0845,2026-01-23,Completed,979.98,85.75,1065.73,Discover,USD,SampleGen
ab0d7976-97d3-4584-b026-2a615204f957,Snowflake,S301375,CID-469,CA-0846,2026-01-23,Pending,2319.95,203.0,2522.95,Discover,USD,SampleGen
47b4115d-bfbe-4b52-aace-b4fb6ca747ad,Snowflake,S301376,CID-469,CA-0846,2025-03-20,Pending,3709.94,324.62,4034.56,PayPal,USD,SampleGen
f79a344d-ec3f-4330-8110-a3def479ca59,Snowflake,S301377,CID-470,CA-0848,2025-10-02,Shipped,2959.96,259.0,3218.96,VISA,USD,SampleGen
739ce510-e827-478b-b7b9-4c280938134b,Snowflake,S301378,CID-471,CA-0851,2025-07-21,Completed,4619.92,404.25,5024.17,VISA,USD,SampleGen
b1abd0e0-4265-4699-962d-70d1c05de9db,Snowflake,S301379,CID-471,CA-0851,2025-06-30,Completed,1599.98,140.0,1739.98,Discover,USD,SampleGen
4771132f-e616-4308-ba69-0c408b0e6673,Snowflake,S301380,CID-472,CA-0853,2026-01-05,Completed,799.98,70.0,869.98,AmEx,USD,SampleGen
76add277-6ffc-4cea-b227-310fc3ea679a,Snowflake,S301381,CID-473,CA-0855,2025-12-09,Completed,449.99,39.37,489.36,MC,USD,SampleGen
8af07e63-81fb-4cbc-b164-bdd761f6c73c,Snowflake,S301382,CID-473,CA-0855,2025-11-03,Completed,2979.95,260.75,3240.7,PayPal,USD,SampleGen
375a5e8f-74cb-493b-9289-0406a0266ae7,Snowflake,S301383,CID-474,CA-0856,2025-12-23,Completed,1499.94,131.25,1631.19,VISA,USD,SampleGen
80241626-0e38-4a14-bfe6-625ea2cd034d,Snowflake,S301384,CID-474,CA-0856,2025-02-08,Completed,959.96,84.0,1043.96,AmEx,USD,SampleGen
cd9023d2-36f2-4bdc-a019-9299ed1476fd,Snowflake,S301385,CID-474,CA-0856,2025-08-23,Completed,1139.97,99.75,1239.72,PayPal,USD,SampleGen
47294aac-835b-486b-8c0d-52959b69a6be,Snowflake,S301386,CID-474,CA-0856,2025-03-19,Completed,2209.93,193.37,2403.3,AmEx,USD,SampleGen
405bbb56-8bd9-472c-8f23-a6a5c3fa0c1d,Snowflake,S301387,CID-474,CA-0856,2025-06-18,Shipped,2199.96,192.49,2392.45,VISA,USD,SampleGen
7b97c00f-ae9d-4f2a-80c2-cad9fed4e097,Snowflake,S301388,CID-474,CA-0856,2025-02-12,Completed,2399.96,210.0,2609.96,AmEx,USD,SampleGen
fa98a9d1-d15d-47bc-af4a-9e7899ebf860,Snowflake,S301389,CID-474,CA-0856,2025-08-29,Pending,399.96,34.99,434.95,VISA,USD,SampleGen
67bc7ca6-49b6-4230-bc88-ca96af2931de,Snowflake,S301390,CID-474,CA-0856,2025-08-25,Completed,1019.93,89.25,1109.18,Discover,USD,SampleGen
b618cdd6-799a-4747-a279-3036b085cabe,Snowflake,S301391,CID-474,CA-0856,2025-07-06,Pending,149.97,13.12,163.09,MC,USD,SampleGen
c93da0be-9efa-494a-b157-aa3426ce1fe7,Snowflake,S301392,CID-475,CA-0857,2025-07-06,Completed,1679.96,146.99,1826.95,MC,USD,SampleGen
71605bf3-93ce-4347-af6f-c1d5098795dc,Snowflake,S301393,CID-475,CA-0857,2025-06-12,Cancelled,779.97,68.25,848.22,MC,USD,SampleGen
fc2fe909-3433-487e-a896-f09020cb62a1,Snowflake,S301394,CID-476,CA-0859,2025-03-06,Completed,1959.95,171.5,2131.45,VISA,USD,SampleGen
4db13e8b-9a98-45cf-b612-33139c3edca6,Snowflake,S301395,CID-476,CA-0859,2026-03-05,Completed,1139.97,99.75,1239.72,VISA,USD,SampleGen
64856325-028b-44b7-ac4b-a80f494e90e0,Snowflake,S301396,CID-477,CA-0860,2025-08-28,Pending,1599.98,140.0,1739.98,VISA,USD,SampleGen
7e91685d-c912-4c34-9331-d8d85d8229a2,Snowflake,S301397,CID-477,CA-0860,2025-04-17,Completed,239.98,21.0,260.98,MC,USD,SampleGen
4cc0c5e9-a1e6-42ab-bb35-b2709c16f443,Snowflake,S301398,CID-477,CA-0860,2025-10-22,Completed,1599.96,139.99,1739.95,VISA,USD,SampleGen
13a7392c-7ecd-4888-ad27-3343dffeabf2,Snowflake,S301399,CID-477,CA-0860,2025-05-13,Completed,1919.93,168.0,2087.93,AmEx,USD,SampleGen
b0eb10da-0af5-4cfe-a98b-c81cd76c509c,Snowflake,S301400,CID-478,CA-0861,2026-03-27,Completed,3299.92,288.75,3588.67,MC,USD,SampleGen
46077eb8-40ab-47db-bc71-188d1f0e396f,Snowflake,S301401,CID-478,CA-0861,2025-06-02,Completed,1299.98,113.75,1413.73,AmEx,USD,SampleGen
b0ac30b0-fe9e-41bf-96c7-ecf1e2b9547f,Snowflake,S301402,CID-479,CA-0864,2026-03-04,Completed,1379.97,120.75,1500.72,PayPal,USD,SampleGen
f7e645c6-0953-4d25-b156-2d07ed6b4991,Snowflake,S301403,CID-480,CA-1535,2025-04-29,Completed,979.96,85.74,1065.7,MC,USD,SampleGen
8d4b0be9-57e6-45b0-b1f4-66b21ca85493,Snowflake,S301404,CID-481,CA-1536,2025-10-09,Cancelled,749.96,65.62,815.58,MC,USD,SampleGen
d472de2c-b389-4ee6-99e5-91e5138f2d8c,Snowflake,S301405,CID-481,CA-1536,2025-06-15,Completed,379.96,33.25,413.21,MC,USD,SampleGen
2de9fd2b-1387-4eb3-88d9-34ed11d31898,Snowflake,S301406,CID-481,CA-1536,2025-12-10,Completed,3299.96,288.75,3588.71,Discover,USD,SampleGen
43ece2de-ed6d-4932-aaae-bfb6b2642188,Snowflake,S301407,CID-481,CA-1536,2025-11-15,Completed,1089.95,95.37,1185.32,PayPal,USD,SampleGen
efc42259-e4bc-4127-a261-e70c7782e896,Snowflake,S301408,CID-482,CA-0867,2025-01-24,Cancelled,999.97,87.5,1087.47,MC,USD,SampleGen
52e193b9-5f31-478d-bb3c-9a3a822ebcbf,Snowflake,S301409,CID-482,CA-0867,2025-01-17,Completed,4109.94,359.62,4469.56,PayPal,USD,SampleGen
e87efd6d-09d4-48d3-bb79-0717c898950d,Snowflake,S301410,CID-483,CA-0869,2025-10-23,Completed,1799.94,157.5,1957.44,VISA,USD,SampleGen
325330b5-1902-4031-a10e-5ac7fb22d68b,Snowflake,S301411,CID-484,CA-0871,2025-07-05,Pending,459.97,40.25,500.22,MC,USD,SampleGen
030194f9-eb24-4262-8075-526bf72601a2,Snowflake,S301412,CID-484,CA-0871,2025-08-25,Completed,649.96,56.87,706.83,MC,USD,SampleGen
f28136f1-f986-4599-8255-f365d161159a,Snowflake,S301413,CID-484,CA-0871,2026-02-11,Completed,899.97,78.75,978.72,VISA,USD,SampleGen
df4a6712-296c-4cf9-b467-0e881b03b089,Snowflake,S301414,CID-484,CA-0871,2025-06-05,Completed,809.97,70.87,880.84,AmEx,USD,SampleGen
27d63782-df29-4482-b5ef-543f11f5a67a,Snowflake,S301415,CID-484,CA-0871,2026-03-02,Completed,179.99,15.75,195.74,MC,USD,SampleGen
b4047b2e-a9eb-400c-8129-70ab9b37ef0b,Snowflake,S301416,CID-484,CA-0871,2025-09-24,Completed,1679.96,146.99,1826.95,VISA,USD,SampleGen
94e7c44d-8802-4a8a-99c7-f0d8d7a9d89b,Snowflake,S301417,CID-485,CA-0874,2025-09-29,Completed,3489.94,305.37,3795.31,AmEx,USD,SampleGen
9b1bc568-304e-4836-9ace-98c93bf4555d,Snowflake,S301418,CID-486,CA-0875,2025-11-23,Shipped,2109.93,184.62,2294.55,VISA,USD,SampleGen
0122b97d-bbcc-4e23-9694-21fb088b9a48,Snowflake,S301419,CID-487,CA-0877,2025-02-20,Shipped,599.98,52.5,652.48,VISA,USD,SampleGen
6bbbd9e6-a526-4ae3-a02e-699dc833dcca,Snowflake,S301420,CID-487,CA-0877,2025-08-26,Completed,1059.95,92.73,1152.68,Discover,USD,SampleGen
bf2e6ea1-0415-4415-80fd-a5c1423e5086,Snowflake,S301421,CID-488,CA-1537,2025-09-07,Completed,119.99,10.5,130.49,AmEx,USD,SampleGen
a798fe43-e578-4482-a9c0-f053a60368d2,Snowflake,S301422,CID-488,CA-1537,2026-02-03,Completed,2849.96,249.37,3099.33,AmEx,USD,SampleGen
3dfc579c-b590-4b6f-9e55-c819fcbfce41,Snowflake,S301423,CID-489,CA-0880,2025-08-19,Completed,2229.94,195.12,2425.06,AmEx,USD,SampleGen
21dc695a-28a6-4fe6-b1d3-2b0eb3829032,Snowflake,S301424,CID-489,CA-0880,2026-03-30,Completed,2479.93,217.0,2696.93,VISA,USD,SampleGen
70589c88-a021-4f8c-bc40-f79a0e4efa6d,Snowflake,S301425,CID-490,CA-0882,2025-01-29,Completed,2969.93,259.87,3229.8,VISA,USD,SampleGen
a673d93a-ec6d-478a-bcbc-a110a4982d71,Snowflake,S301426,CID-490,CA-0882,2025-09-27,Pending,3319.93,290.5,3610.43,VISA,USD,SampleGen
1fbfeb14-b474-448b-a2b2-bcc6dbbd54da,Snowflake,S301427,CID-490,CA-0882,2026-03-12,Completed,1089.98,95.37,1185.35,MC,USD,SampleGen
260341ca-315d-4a1a-851a-6690ee3a22e5,Snowflake,S301428,CID-490,CA-0882,2025-01-17,Cancelled,3909.93,342.12,4252.05,MC,USD,SampleGen
7c0b625d-936c-4537-b3c2-67dfa368cdb8,Snowflake,S301429,CID-490,CA-0882,2025-04-28,Completed,599.95,52.5,652.45,PayPal,USD,SampleGen
507b3289-6ec6-4217-b9f9-fe0b81c857e9,Snowflake,S301430,CID-490,CA-0882,2026-02-19,Shipped,1099.96,96.25,1196.21,VISA,USD,SampleGen
161860ae-24ba-4fa1-ab38-5380f7c08faa,Snowflake,S301431,CID-491,CA-0883,2025-07-28,Shipped,2719.95,237.99,2957.94,MC,USD,SampleGen
6b02194d-5835-418d-8e85-3e612c982b78,Snowflake,S301432,CID-491,CA-0883,2025-08-17,Completed,2599.92,227.5,2827.42,PayPal,USD,SampleGen
9ab0dc1d-7034-4a38-88d9-7ae07eb8ec62,Snowflake,S301433,CID-491,CA-0883,2025-08-12,Completed,1029.95,90.12,1120.07,VISA,USD,SampleGen
056358ef-0741-4026-b25f-f305996b5eff,Snowflake,S301434,CID-492,CA-0885,2025-03-08,Pending,139.98,12.25,152.23,MC,USD,SampleGen
96fb12a6-0a1a-4f6b-8968-1ee0329988d4,Snowflake,S301435,CID-492,CA-0885,2025-08-02,Completed,379.98,33.25,413.23,VISA,USD,SampleGen
0d2dacc9-1514-486c-b2c4-e19cd5b14a2c,Snowflake,S301436,CID-492,CA-0885,2025-09-07,Pending,829.98,72.62,902.6,AmEx,USD,SampleGen
70c41ed2-6b04-42a0-a66f-87ce8b69bc17,Snowflake,S301437,CID-492,CA-0885,2025-09-18,Completed,1639.94,143.49,1783.43,Discover,USD,SampleGen
190ccc0d-a1fd-4aef-818c-27545a397629,Snowflake,S301438,CID-493,CA-1538,2026-01-23,Pending,1059.96,92.74,1152.7,PayPal,USD,SampleGen
f9c2155c-646c-41b4-b55a-138edc5535be,Snowflake,S301439,CID-493,CA-1538,2026-02-24,Completed,59.99,5.25,65.24,AmEx,USD,SampleGen
c157d71e-d0dd-43dd-bb88-7ebbbfc033f7,Snowflake,S301440,CID-494,CA-0889,2025-09-18,Completed,1159.98,101.5,1261.48,VISA,USD,SampleGen
4a28013b-8b33-4c87-a235-6f2453f9e9c4,Snowflake,S301441,CID-494,CA-0889,2026-01-15,Completed,999.97,87.5,1087.47,VISA,USD,SampleGen
5cc7160a-cc08-47f9-8bb2-db02729f5849,Snowflake,S301442,CID-494,CA-0889,2025-05-12,Completed,1239.97,108.49,1348.46,AmEx,USD,SampleGen
de1353cf-6e80-4956-9f39-5ac5ab253f82,Snowflake,S301443,CID-495,CA-0891,2025-02-11,Completed,2259.96,197.75,2457.71,PayPal,USD,SampleGen
41ed2ae2-5c21-4cda-a629-3d865477124c,Snowflake,S301444,CID-495,CA-0891,2025-02-21,Completed,2459.96,215.25,2675.21,VISA,USD,SampleGen
05f0ac96-5dc8-4369-974d-0980c95e2034,Snowflake,S301445,CID-496,CA-0893,2025-09-09,Completed,3029.94,265.12,3295.06,PayPal,USD,SampleGen
69d5b3bd-d66a-4394-bca3-bec0fe5de148,Snowflake,S301446,CID-497,CA-0894,2025-04-14,Shipped,1129.96,98.87,1228.83,VISA,USD,SampleGen
9e5ab069-bf87-4551-8a7b-8bdd8f07add7,Snowflake,S301447,CID-497,CA-0894,2025-03-22,Completed,659.96,57.75,717.71,AmEx,USD,SampleGen
c2eb4a4f-2e95-44b2-b0d5-fa28811cb1c3,Snowflake,S301448,CID-498,CA-0896,2026-03-29,Cancelled,399.96,35.0,434.96,AmEx,USD,SampleGen
7c3795e2-c4a7-433d-b674-3e49c47c65c0,Snowflake,S301449,CID-498,CA-0896,2025-04-12,Completed,1299.98,113.75,1413.73,PayPal,USD,SampleGen
afb32724-30ff-42cf-aeb3-b697e0390d01,Snowflake,S301450,CID-501,CA-0900,2025-04-29,Completed,2489.93,217.87,2707.8,MC,USD,SampleGen
c0431911-d279-45ac-8b33-aa7193b16bea,Snowflake,S301451,CID-502,CA-0903,2026-01-26,Completed,549.98,48.12,598.1,VISA,USD,SampleGen
507d2921-66f9-4810-bffe-1cf533ac3fdd,Snowflake,S301452,CID-502,CA-0903,2025-04-16,Pending,899.98,78.75,978.73,PayPal,USD,SampleGen
b7b57363-e2a3-4014-bb13-e0a9ddea8045,Snowflake,S301453,CID-503,CA-0905,2025-10-22,Pending,1739.94,152.25,1892.19,MC,USD,SampleGen
e0eb3879-9a9d-49e9-ac7d-a22ed093edd1,Snowflake,S301454,CID-503,CA-0905,2025-09-11,Completed,3099.94,271.25,3371.19,VISA,USD,SampleGen
9156a531-98e4-43c3-89b7-6430ee113741,Snowflake,S301455,CID-503,CA-0905,2025-08-20,Completed,669.96,58.62,728.58,MC,USD,SampleGen
7a7696eb-fec8-4518-801b-ab6fa0993b25,Snowflake,S301456,CID-504,CA-0907,2025-11-22,Completed,2779.96,243.25,3023.21,VISA,USD,SampleGen
f446ef0f-e7f8-48b9-944b-abb9d2cccbb1,Snowflake,S301457,CID-504,CA-0907,2025-07-06,Completed,1879.97,164.5,2044.47,PayPal,USD,SampleGen
cf188ab2-2e85-4a59-b05d-dc0b08835dd5,Snowflake,S301458,CID-505,CA-0909,2026-01-15,Completed,2099.95,183.75,2283.7,PayPal,USD,SampleGen
72216a0c-e562-49ef-83a4-492bac2c8c1c,Snowflake,S301459,CID-505,CA-0909,2025-03-15,Pending,919.96,80.49,1000.45,AmEx,USD,SampleGen
7855bd49-589c-426b-ab48-0a3baf582397,Snowflake,S301460,CID-505,CA-0909,2025-02-19,Cancelled,949.97,83.12,1033.09,AmEx,USD,SampleGen
84af76ba-8ba9-4a67-b8ac-44d8d9d9686a,Snowflake,S301461,CID-506,CA-0910,2025-06-09,Completed,79.99,7.0,86.99,VISA,USD,SampleGen
847e6764-e535-44ec-90b0-59943582c9a9,Snowflake,S301462,CID-506,CA-0910,2025-05-27,Shipped,1779.93,155.75,1935.68,VISA,USD,SampleGen
816a1fa0-5f67-477a-b343-9a13776c41e9,Snowflake,S301463,CID-506,CA-0910,2025-03-25,Shipped,1994.94,174.56,2169.5,Discover,USD,SampleGen
b632bbc2-1b45-44d2-8e5f-f35bd800a151,Snowflake,S301464,CID-506,CA-0910,2025-07-18,Shipped,439.96,38.5,478.46,AmEx,USD,SampleGen
c5aaf3d4-7167-42d9-bdae-d96f718ec12a,Snowflake,S301465,CID-506,CA-0910,2025-04-05,Completed,1299.98,113.75,1413.73,Discover,USD,SampleGen
c65874bb-c34e-457d-8314-2acd11a1aceb,Snowflake,S301466,CID-506,CA-0910,2025-02-26,Completed,779.98,68.24,848.22,VISA,USD,SampleGen
4a706ac1-22be-46e8-a5a0-15c8428d73de,Snowflake,S301467,CID-506,CA-0910,2025-01-16,Completed,359.98,31.5,391.48,MC,USD,SampleGen
2b65cc04-fccf-4b19-b54a-9dc02b2a7fdf,Snowflake,S301468,CID-507,CA-0912,2025-11-11,Completed,699.97,61.25,761.22,MC,USD,SampleGen
bc4be5ba-9765-4ffd-ba6b-b33eececc368,Snowflake,S301469,CID-507,CA-0912,2025-12-02,Completed,129.99,11.37,141.36,AmEx,USD,SampleGen
1fe8085a-0615-4256-b2e8-dbb66c74e457,Snowflake,S301470,CID-508,CA-0915,2025-07-30,Shipped,2109.95,184.62,2294.57,MC,USD,SampleGen
557eccc5-a4fb-4669-a069-57e26e49138e,Snowflake,S301471,CID-508,CA-0915,2025-08-30,Pending,609.97,53.37,663.34,VISA,USD,SampleGen
52437237-40bc-49b9-ac72-079f7e82da55,Snowflake,S301472,CID-508,CA-0915,2025-04-30,Shipped,699.94,61.25,761.19,Discover,USD,SampleGen
64326816-1367-4597-8e1b-a877b203a9d1,Snowflake,S301473,CID-508,CA-0915,2026-03-07,Completed,759.96,66.5,826.46,VISA,USD,SampleGen
a8857c36-6bf3-485e-b5ce-3f906411ffa3,Snowflake,S301474,CID-508,CA-0915,2025-06-10,Shipped,1489.95,130.37,1620.32,MC,USD,SampleGen
b71e07d0-078e-41d9-9190-6b9cb4028c1a,Snowflake,S301475,CID-508,CA-0915,2025-11-12,Completed,579.99,50.75,630.74,MC,USD,SampleGen
f02fce15-e878-4e58-a584-9c45620bfae2,Snowflake,S301476,CID-509,CA-0916,2026-03-27,Shipped,259.98,22.75,282.73,VISA,USD,SampleGen
d7fd344f-3c5f-4957-944e-672ef76a6f46,Snowflake,S301477,CID-510,CA-0919,2025-05-02,Completed,1179.97,103.25,1283.22,VISA,USD,SampleGen
faee69dc-d2e5-4c92-adb0-c42a19361196,Snowflake,S301478,CID-510,CA-0919,2026-02-17,Completed,2999.96,262.5,3262.46,MC,USD,SampleGen
820e4918-5651-4700-90bf-a1812169a15c,Snowflake,S301479,CID-510,CA-0919,2025-09-20,Completed,2049.96,179.37,2229.33,PayPal,USD,SampleGen
281cd38a-2358-4c16-bd5e-0f5911f7edb2,Snowflake,S301480,CID-510,CA-0919,2025-12-13,Completed,2249.96,196.87,2446.83,VISA,USD,SampleGen
08ea072b-2329-422b-bd2e-a10e00bbf1e5,Snowflake,S301481,CID-510,CA-0919,2025-04-27,Completed,959.97,84.0,1043.97,Discover,USD,SampleGen
5acbf425-b63a-4f12-a283-f093e191eead,Snowflake,S301482,CID-510,CA-0919,2025-05-19,Completed,3159.94,276.5,3436.44,AmEx,USD,SampleGen
0a400c1a-ed66-4985-8ae8-bb9e0b7809de,Snowflake,S301483,CID-510,CA-0919,2025-03-10,Completed,829.98,72.62,902.6,MC,USD,SampleGen
df116e3a-e003-4338-aa38-a2a1f923e4e6,Snowflake,S301484,CID-511,CA-0920,2025-05-07,Shipped,929.94,81.37,1011.31,VISA,USD,SampleGen
cdeb0f75-8580-433a-900d-91a4647c8e5e,Snowflake,S301485,CID-511,CA-0920,2025-09-22,Shipped,929.97,81.37,1011.34,AmEx,USD,SampleGen
4206c030-d798-41b5-9777-76069b08514e,Snowflake,S301486,CID-511,CA-0920,2025-06-04,Completed,2199.96,192.5,2392.46,MC,USD,SampleGen
52d66561-74d8-498a-8935-e5d80954f6ea,Snowflake,S301487,CID-511,CA-0920,2025-02-09,Completed,3499.94,306.24,3806.18,MC,USD,SampleGen
bb69dd8a-85b7-4f0b-af1a-c8114237ee50,Snowflake,S301488,CID-511,CA-0920,2025-04-10,Pending,879.96,77.0,956.96,PayPal,USD,SampleGen
434e6cb2-58a7-40ed-81b7-716ac872010c,Snowflake,S301489,CID-512,CA-0922,2026-01-12,Completed,3199.94,279.99,3479.93,MC,USD,SampleGen
748fff33-8f1a-4b34-9501-e2596e06f021,Snowflake,S301490,CID-512,CA-0922,2026-02-21,Cancelled,849.97,74.37,924.34,Discover,USD,SampleGen
42624550-4e75-49e0-9f70-59d681efa84a,Snowflake,S301491,CID-512,CA-0922,2025-06-18,Completed,289.97,25.37,315.34,PayPal,USD,SampleGen
3239be37-8824-4a6f-8e9c-5f0d1514bfdb,Snowflake,S301492,CID-512,CA-0922,2025-08-19,Completed,1419.97,124.25,1544.22,VISA,USD,SampleGen
cedb7cf7-07ad-4ea4-905c-b35f77d2a9e1,Snowflake,S301493,CID-512,CA-0922,2025-09-08,Completed,2109.96,184.62,2294.58,MC,USD,SampleGen
a4684d3d-2c8b-4c97-b190-e883ae17b8b1,Snowflake,S301494,CID-513,CA-0924,2025-04-25,Completed,2399.92,210.0,2609.92,PayPal,USD,SampleGen
