OrderId,PaymentMethod,TransactionId
f846821f-dcad-4bd7-bae0-3c0edce09097,PayPal,be030c72-fbc2-433a-aec7-d18a6c0bb973
7f2dae78-951f-431e-a170-6948777274de,MC,cfbc43ff-5866-4c85-b554-b6e4c90c95db
1311017a-8b4f-4527-aff4-4654f4c56dff,MC,36c66561-5125-4155-948c-9c0f9cc490ee
80230d9a-01e4-418b-9540-82f072f39a81,AmEx,b3d057db-1279-4f2b-96dd-0a38e417bf3d
7ee17265-202a-4170-ae1b-c8baf41e8237,Discover,45dc268d-241f-4888-a4ff-7f0c68ec937d
6f0cbc03-91ff-41f2-a220-72549e3f926b,MC,d7518747-a9d2-4b5d-91a7-312c194ba906
5bfbe6f4-c1fc-41aa-9124-915c3a996e76,MC,d34f651c-5bd0-4d56-889a-3ae6a3d391bf
28959e3b-6f98-44a3-a70d-fe5d24a7c5a9,PayPal,2aefb687-95a5-4915-8ec4-e17d2b4723b9
6d651ff6-35ee-45a1-b4d6-800a3def989c,PayPal,faa5d246-7fcd-4396-bc6e-a357cb571adb
ea91ca43-b833-4655-8322-5c56f01b87a7,VISA,84a5f50e-2d92-4db7-a665-b1e98b0354d6
7b42047d-0607-4749-a861-668a51c44b46,MC,9f7f6aa4-151a-4461-972c-1c31154e1498
a1cea997-9388-4fe4-aaf4-cf945136d301,Discover,0871f7d8-8dc8-4624-b4a3-d4686897331b
e2738dde-48d6-4f4d-a24d-cea74fa50d01,MC,5f8f4496-9a87-4b93-be3e-ba50c3ec6309
27e1e74c-f996-4a63-b644-e4111e45ca9b,AmEx,4d32b74c-e79a-4a66-a3cc-b91b04dbfff4
569077cd-f3e0-436c-ae11-de19f823a811,MC,849a0caa-6c79-47f1-b307-a85d634ab37c
ab841c5a-2f5f-4dcd-8549-6a004679b85f,VISA,73e0e2ed-a6da-41ef-ad08-566a5d8f9f58
5f76f3d7-2383-4127-8021-532df570aab1,VISA,11a15a3f-0ec3-408a-8fdb-f68b553cd52f
e06eb67d-6f8e-4777-8a96-8ee0f21dfc11,VISA,336e20a2-002f-453b-ba42-53b1e52bac21
204f8d31-9af7-4009-ba9d-9161efa194e6,AmEx,f10fdaec-1eeb-4aa2-96e8-4c8b3c6c322c
a038c90e-6b25-4417-bcf8-4bb6c5e77275,VISA,81538d14-33b8-4b33-a8ef-7f0db79f4fd8
9e4e1593-6af1-44bc-b6f8-d189d08ab063,VISA,cd17bcb0-31a7-47f6-ab64-25a0c7f68af9
ace02db3-38eb-4a59-9f14-1ec85fa6e799,VISA,6f41b933-384d-4443-8437-ec67c668c8b9
ef4a9a66-6b86-44b8-825d-506ee54f1b8c,AmEx,a596d9e9-59c5-44dc-9789-952c291fe1bb
5307e218-a467-4ba0-a5f1-35df2395ad16,Discover,5fc6c694-a8fd-4fc2-9447-fb36cff9c6c1
70948b73-2ac1-4802-bf49-fd855f7e7a01,VISA,ae9bec78-0361-46c6-a059-b4afd1293683
8527a22a-52df-43fa-b0d8-b88dba3632e0,PayPal,6116996e-f5e1-4d04-a06f-179dc2f18062
0a4c0853-94af-450d-8472-814069d3e232,MC,9a5b1f7a-5ec0-497e-8f77-fc2a6937db35
af6b3179-afec-48e3-9ee4-6ec36dba213a,AmEx,18bd314e-fef6-412e-b996-be4e4dd5d0fb
71cb117f-0fec-4a05-8610-e430384ca25b,Discover,58e45e0b-3364-43ac-9890-25df49e642ae
1b711b63-181e-4d30-aa28-bf4e789d11c4,VISA,c42d6383-9b41-4514-ad7e-fea53cd8fbb1
019a1a03-860d-432f-9369-c0cf7c5c89ba,AmEx,9639b081-96cc-479e-ba0b-7a28c6e7506c
5fbbc023-111a-4560-b60f-eb687e3bf43e,VISA,973d676e-03c4-45d7-8bd8-4e0a1eeee118
78b78e0f-825a-41f5-a8e8-517a3a6e6fac,Discover,18b772e6-4b54-4c68-97e0-b4b888139d8f
30d790c4-4c9c-41fc-8f76-b19ca8213491,VISA,067e3386-cdd0-4d39-ac4a-e2c5c97a042b
1c092476-d0d0-49e3-8fa0-500a43362601,MC,c7778622-75bc-4b48-a9f6-75207857f6da
174b2d8e-05fe-4412-bb16-e988028a2e1d,AmEx,ab5fa2bd-025c-4b0e-ab02-e584d0fb9f92
7cccc58f-4f93-43b3-8406-8a258710c2c5,VISA,45125bb7-2d9b-4400-aea4-713ac78a88a2
b206f201-d3f0-4737-acec-984ffc6e02de,VISA,d449f388-fd05-440d-9415-29576b91f113
9980f528-d4d0-481d-81ba-5a93b35938a1,VISA,9afcceb0-3eab-4373-aec6-d3a04ed28c00
a3d1e500-aa2b-4759-856c-9f0ea6a8bfaf,VISA,061ff01c-9760-4baf-886a-d7564ee41674
c2e831b4-fb40-499d-846e-14c44b892517,VISA,9efdfa95-2c0d-4bcb-bd01-81dd1d23188c
b872c525-9e76-4f73-9a24-135eebad75af,AmEx,fdede6dd-36a4-4085-9357-58e724366287
d87566e2-f31e-4589-a7c8-8fe301c2bc3a,AmEx,6fac61ee-5378-4655-a384-c68037239a04
7ec9f496-7250-442e-ba12-5ef0e2e55373,MC,5d97c6f5-5a42-430e-8dac-d1e7cc313195
1a36b890-1acd-4dda-9fa5-fa7b86ef78d2,MC,005ecf25-d00b-4459-9fce-2f9c6ca25e70
4355e387-9343-4198-8eee-6a9eb00542ce,Discover,6046b36a-442a-4cea-94bb-420ae1445909
37bd28c7-b1a9-4e93-b6a3-cb291ef5f15a,AmEx,a7d8a672-1073-48bf-aca0-db612acfdc82
e1e11116-4cb1-4b21-b880-f040b5d422db,VISA,40dd0c8d-b47a-442e-a13c-492468ab56db
2735f940-d89e-4ee7-a51d-ee7e3474a7c1,VISA,b3cbe32e-b3c0-4691-85b0-6ac17dba68b6
ff568d6d-d100-47a6-b9b4-b65f4016ab9a,VISA,e4c2c3f1-8a1c-42d9-85c8-e505bb2eaab7
fde2ce51-2028-4de0-a775-080ef819e3ba,VISA,8c3a3e3b-09d9-4d85-8237-d3db4e89d026
97113baf-b60c-498f-a095-baec1e05776c,AmEx,6aa8ba4a-064a-4bb0-a7dc-59838ef05e85
0e9873b9-70cd-4981-b300-17d3088ae14a,VISA,c08b7126-31aa-4522-81c9-5f416ee968b2
985769d9-d187-4dac-b2ff-2a1c9e8a82d7,VISA,ac5851e1-f956-437c-922f-7464ec563e23
5f2144dd-447f-4d3e-92d4-78e39f205acf,VISA,4b9cde20-1634-4786-b52f-e9cd1f264576
d406ce63-7c74-4f80-bccd-eb4ea28423a8,PayPal,5194cf67-f4b6-4478-b86f-6c7a646b2479
1e4335e9-e2a3-4a9e-8064-c7f74dd9cc9b,PayPal,e08848c4-090c-4ff3-b323-88072513266e
bf5c8c91-e6c8-4405-aaec-af27e94878f0,AmEx,a39c4ab4-a867-450c-9836-23f1e13ab6c8
d6ec56df-6eb2-4ff2-aa6e-7fe9afd07986,Discover,806ffbac-7871-4fe4-9fd3-065c91b4c59d
b35dd90c-c33e-4063-baf3-9f5d90fe64a3,VISA,7a0d2936-6193-4ca1-a29a-cba15460f81f
84f55b82-f6cb-4545-9ca2-3b9382fb88b0,PayPal,7bcc50cf-53a0-40a3-8643-422302f72ed5
cfedd301-26e6-4fb9-970d-81c21bb45a31,MC,589872fa-7152-4262-9d0d-85fb633ddf19
833069de-cbbf-46e9-b06c-fd42548b973e,MC,c7eab18e-a810-4fd4-9a9e-1ee2afba6585
3da0695c-7e95-4f83-bf07-33eb01f54d56,AmEx,feca78fa-572d-4e10-aa97-6cace1917e88
696f2a01-b998-45d1-8adf-6867d150ad3e,VISA,1555e1f8-d11c-4b4b-9516-1fe5b7890cbb
df66dfb1-8c4c-4b57-8277-b126a0315e2a,MC,80354b1b-ea67-4a52-bbdc-0d49f1c3deec
f3b41372-ad27-4433-b607-78b53261eb09,MC,721c9889-8fd7-49c5-84ab-3827ea9d98c4
09eaeb06-9958-4695-8206-27965c553ff5,AmEx,44bf8342-d0f4-406e-a0d8-379be2ee67d0
773c0b4c-c909-4233-abb7-ccf152b07931,Discover,c3d1fed5-df63-44cd-8e1c-224c94402b8d
b6b4c3cf-79c2-4c34-bde7-0f4b22fe937a,VISA,27f7ff90-ba7c-4a26-b8e7-884d42c97c47
bd9f58af-0707-4e5c-8a08-5274e25a6119,MC,9c81d06d-ef32-47d8-b66f-95fdac8b771f
45bd991a-adbc-42da-8f93-d27ccfdb0dc8,AmEx,b86428b5-2926-4233-86f0-9eb140e96684
f636a5e1-6301-485b-8eae-81d48a881a02,MC,5df5df8d-b953-46b5-966b-5d8d405cb53e
9b6fe87b-8522-45a6-b2c1-02d77d11cafa,AmEx,8fba299c-52e3-4b16-93c5-b25dbf4581dc
19e7f911-6d0e-4e3e-b619-571766633ba0,VISA,f3c3dedc-45b7-4a5a-aa5e-e97abfb27043
24852e62-8f24-48ac-94aa-45b79522f4e4,VISA,b71ca1d4-19c5-4b6f-9ed1-8b6f7f7b11b1
b28fc72a-bb18-4977-b97e-3cb99698087b,VISA,88e6be56-b445-4f54-811d-4a916ca137c3
b830c9f1-5e5d-42ec-82b8-16ee45ce3351,VISA,1f7cdd26-a33d-4254-9f80-4e6a946a8236
853e6b44-cdad-4589-baf5-a64eeecb49a2,AmEx,7c500437-803d-4096-b7c0-8ad1b2ce5fb8
d626738d-633a-44c6-b453-809237d65ac1,MC,8f3891a3-b952-446b-b498-5e120737b40f
5c7a74b4-37d9-453c-86f9-48ea8783ac41,Discover,aa6d1f8b-3f70-4ff3-803a-981180650ce0
e6bf3768-578b-42a5-9dc5-d967c9f6231e,AmEx,56f05a9e-3078-4d02-8e68-311c00ef0218
ed3519d9-c2ce-406e-8547-99cd1a7fb11c,VISA,d03612e2-97bf-41ce-b790-344264569803
fc709847-34c1-4c5c-850c-c5ac6284c4f8,AmEx,d355a086-b89a-49a6-84d9-9dbfbaeada11
a85ffa8b-7964-48b5-a5c6-73fa01956fa2,VISA,c6a233f0-c22d-4e0f-83f1-26d0981870b3
a4b27837-d347-4180-a3cb-fe0b5d0142d9,MC,7ba7416a-3de6-4d24-9a90-d73afbab914a
0f01d318-6a9e-4348-9f1d-d92ced64e62f,VISA,2cd3e4a7-3797-4d70-8e57-e7d3694a589f
15319ef6-8cc7-4b91-8a94-d4486cd336d6,MC,5ae3ea39-77e0-4c27-b350-94a9dda636ce
8ae35a18-22a2-4e99-86e4-1cc6b3690abc,Discover,8fef8648-561d-4422-8260-26cc4257de3f
4e793a3d-a506-457e-9ceb-a3184ae35f95,PayPal,dc92c24a-d67f-4e41-9a99-988b5b64b0cc
83a2bd65-c292-4316-88a2-cecf46c0c923,MC,8630491e-dcc9-48e9-a9f7-941eca1ddaec
bab7232f-6a2a-4141-a53b-2a2a19a0ece4,MC,05365560-cffc-4323-9ca0-75e5ab97521c
e524d9eb-1de4-42a4-bf47-34a20c458022,VISA,1402dd5f-f29b-40dd-8963-2bc68bd6c700
3e56a8cd-4496-460b-961b-a08c98232b01,MC,c310971e-856d-469b-9753-d854689e8458
f24956da-df2b-4a89-830d-f5ed9791daa8,MC,f8b8e8bd-2622-4f6a-b974-920adee778d8
86360a4e-6f5b-4d42-944c-dae1d8ab4260,VISA,45c5b080-569c-43e2-b289-60e04171204e
cca96ba7-c151-4734-9e7b-c8f87cab759a,VISA,ffc7fd6f-201c-437a-be6a-dda19384fa2c
4e6c959c-73a0-4ed1-aac4-557ff1e26765,VISA,33913f02-4d22-466c-adaf-a10e3d7bb792
04982572-a51c-42d5-8b8d-28ccab714fac,MC,6c912a1a-de20-4c42-a1db-f34b60197bbc
ebc03f85-88d0-4ef3-a885-4fbee2b3ac4c,VISA,54aecafa-0b70-4545-96c3-5ea80c64506a
9ea96f24-5073-4037-bf64-05fb43ee3d60,VISA,a2f18a21-fd0a-43fd-b0cf-269270ed1af1
6cafb1c5-44a8-466a-ab3c-16700873ee1d,MC,63928d0a-5c06-492e-86b3-90ef5a74767b
9a4fec55-eccf-4942-9682-00b3b5ee678a,VISA,8a8e4e3f-11f8-4e52-af8d-2e05e829f41b
11e9fb5b-dab8-4d84-aa13-e03bcc3cc4b0,VISA,b969a063-2f53-4a70-8bf2-ea2e9362ccba
564c8c4c-0464-4104-986d-a86d523e2b38,MC,7379cc4e-0ee7-422d-bdbd-2f9d44ab64a4
1c35f6d4-a65e-44a6-9cdd-b2ba214aea71,Discover,b007677d-12bb-404c-af14-85f64e3915e1
ad59ef11-da9c-4935-adf9-f2cae888e4fc,Discover,ecb27dc8-d034-4a42-a59b-ea597f83c274
2356b559-9a82-4a07-bfec-9a86a5309c41,MC,3d3f29bb-ac83-402a-862a-093f350299f6
0785e079-04e9-4fd4-b4aa-2493ca68e00d,MC,2cc7e562-b818-4648-9a14-0a047156dda5
6ba2f903-5379-4938-abe6-f83602c0037b,AmEx,27358863-149c-40fc-8cf2-0382a4ca2155
e3310984-9d33-4b83-ad2a-a948a17c80c8,MC,dd275921-f2c5-41bf-aab2-a13188bbbfca
258d2be7-21b4-4352-b4f8-d5d8be46d326,VISA,dff933b8-cf46-4828-b10e-a37005128232
d99eea6f-e007-40a8-9ae3-979b3569aa12,AmEx,601f4a6c-34ba-49f4-81f3-032c9febb3e6
1318950b-4f72-477a-b810-25e80936f261,PayPal,24fce3c8-8923-4234-8c7b-1d49b8a893ec
6fe15b4d-f07a-4625-bd51-fbefd31c72d6,MC,4d6fc000-4cda-4599-bcd6-9a167091de26
7785198a-932c-44e7-b0c8-5d092707977f,VISA,9a2216b1-d7c5-4612-8d0a-2aa1efa75aea
ef73bd83-1ad1-4d3e-8895-0d17b55514dd,MC,93848118-d852-491f-bcf7-6f212c6ef13f
aced6e19-a57e-482d-a29f-09a075efaeb3,VISA,bc7e6764-85b5-4f34-8205-b9606f32caa2
50e5a2ad-7c7d-41be-80e6-52a934397162,MC,61fc5ee3-a9da-420a-8864-cdd8a9062b7e
7c86df7e-36a6-4927-8806-5a26fe6ebf1b,AmEx,45923872-02a7-4de3-b9ac-e0b91ccc29b4
890856b4-75c8-4cc9-869b-b8b5aa9a1370,VISA,7c3d8c9a-7fe7-4cbe-8ced-eb1532d81f1c
7f5cfc26-5e62-4e9e-8cc5-86f7937e4caa,MC,b6d4dcf3-992c-4e65-825a-6282fe4b0895
b06784d9-27ad-49e8-acd6-40444abed7f9,Discover,9166b70f-4774-4b78-b1fb-b7934e44e36c
117b5cda-5265-4dda-80e7-dea6bb30db17,PayPal,059eae72-0dfe-4360-9f1d-987fef0f4f8c
992374ea-7f6f-4aa1-8137-28e490dd28b4,MC,4e9be729-d050-436d-ab28-e32409b49b7c
b689ad95-d19e-4337-a22f-59ab87b2444d,AmEx,63efddd2-1aba-4369-9857-bd9316d95fb9
ddd8cb40-cc18-44a9-ba29-1a980aef7e9c,MC,b5f132dd-2ac5-4c52-828d-ba41a9a93797
86f7fb0f-6a74-4046-8c5e-e9ce68e4499a,VISA,308e0372-7226-42fb-a6f5-39d8a81e95b6
e941d078-6938-4f74-b30b-3c7df2914700,VISA,e95282d8-0bf3-4165-bd0a-68ea83f1a77e
e1902324-40d9-462c-8421-5bbee241ffe2,Discover,91b3dc8d-e267-4ef3-b5c1-a7ba149b6674
c9d514e0-ffc4-4850-9951-e3c95df8e631,Discover,47e8410a-89e6-46dd-8058-c0deccb0786e
1ab3cefa-b34f-4d30-a163-250d4c21f432,VISA,b878a437-4e76-4662-861d-3d5763f8db12
539a8dca-9954-46d8-9724-6e0c8881e4a2,AmEx,1f6c51c2-0744-4782-94b2-fd887612d3ac
3f566ec2-dff9-4a96-8d74-3ff579991451,AmEx,be0c408c-7b0a-4fcc-af41-7e294f500005
ace01ea7-b096-44c1-8e5e-ecf66992dfb0,VISA,3b7f3d7b-40b7-41b8-8492-e980c629c639
8502f7a6-614a-4179-a62b-37acc4845620,VISA,297a5fe2-0a5a-4896-bf6b-013eaf80f9f6
368bc595-9be6-42cb-9842-f90b6ef70a64,MC,c240b262-87b3-4369-81b3-5e26bd0f9483
886f6560-ea58-4a0c-886d-74f4628f725c,VISA,aed1e2bd-e9c6-4781-b459-7c8913c4c393
86e5563b-9c86-4f17-8b23-f9fdb2d83517,MC,9858de2b-5959-4a6e-9927-b6c64204a850
70deb4d5-b280-4b43-80b2-1734e128d2f5,PayPal,5867953b-b29f-48f7-a6b1-25bf5d542a8a
68c151f4-a379-463a-b295-97f7687032f0,PayPal,e76a8ac6-e553-4688-8392-bc8ff972e6f0
601eae43-1218-44d3-a065-86e35d05d973,VISA,982b72ed-7861-4942-9ec2-506850ac98eb
58edbf60-308e-4cc1-ac78-ca974975f9f0,PayPal,a436f675-2afd-4328-8b51-7d0b6fb94b87
6b838e5a-251f-4282-b845-c9e8d452dae5,Discover,5f957fd4-434f-4fb9-bce1-b8aa65644ca4
c251e039-3755-4c5d-91c7-3201c15674a1,VISA,c38c08eb-ea95-41b0-b8fa-1cb429c4ce9e
0211eea7-7137-44af-bea1-f4fdb163a667,VISA,0c7d06e4-319a-4e15-a8f4-e650a42dd7e8
78c8b20f-c34b-49ce-8e53-04facff730c6,MC,ebed6cb4-29f2-428d-92a4-85c2e87cd414
0a714f2d-caf3-4e62-8b95-519929500ede,PayPal,9b424f81-bb8c-4d86-af94-1e5be09d5590
fe10ce63-3677-4e49-9c9a-e1e40bf5d44a,Discover,c2ea297e-e248-41de-82e7-4d9c40bc72ab
e2d851eb-7317-4174-bc25-f95b2d6f149d,MC,d680fb2c-dea4-427d-affb-baf58470f9df
149b237b-0d4e-4e95-9c8d-7cb9090f2572,VISA,f9ca3e18-8b89-4d2c-a350-d06774221a68
08b08cc7-6707-45e7-9ab7-eca8d4810100,VISA,b5c1fbfe-9c49-4e42-ae21-f604478de3e4
5c28eda2-b6ee-4451-9b81-b5c4dfcbf5f4,Discover,9c938b9f-fd51-4c7e-8cd0-18b5bfc67828
584e9458-e9ad-487c-ac53-e30f6079de80,Discover,5d18bd67-665f-43b7-94d8-d11d53f8e3d6
50dc0000-7422-469d-af90-00c38dcc3431,AmEx,81fe44db-9345-4fd5-8657-434e1f10055d
bac1a5cc-8b03-4d51-a847-cbc2e8d9ecb3,VISA,21c40769-84a3-439f-8d9e-5a3ffad24c41
8153e21f-6c5f-4cf2-a86c-a306bce98008,PayPal,b975e6b8-d96b-45d5-8f29-9fcd769fdf36
577276cb-256f-4a8e-a3c4-81a4bac4b5a0,PayPal,8b15e2fd-0516-41fd-a83c-8b6c8f9bc737
e26a4a71-4a5a-46db-88c7-dd80e7abdb51,MC,c942124f-3455-46d5-8328-bc8fbfe38dc3
7bb10004-ddce-4103-b635-3b717d974f55,VISA,4e9c929c-932c-41b3-a653-08b63504344c
940d892b-7679-4266-87b1-64aa1c04eda6,MC,1ac6a7b2-37c5-4c53-9e2d-53301fd1a0d3
2b009668-87c0-409a-a849-e3bbccf1956e,VISA,8acf0287-1bc7-43e4-bcdc-2deb1997a762
1d2b0d1f-9ea2-4be3-937a-acf90d65a169,MC,0541bcee-c047-491a-ad6f-1b4dba8b0f79
2155516b-3b5c-4e0a-870f-b7b0539d48a4,AmEx,7d4894a9-e77c-47ed-8a85-fbd393e1a3cd
3484d66a-2eb0-4815-b89e-1596b4eada17,MC,d50381ac-e784-459f-ac48-0048d011a6c5
f2d9f6c9-37c1-4692-bdd2-d8b9f8b09c4c,Discover,87ea642b-c946-44f7-bb67-88cb075df456
4116509e-1fd4-406c-b511-6c08802a394d,Discover,0195894e-e7d9-46b6-8418-a4845eefab29
4e8b2794-b2be-4818-8f98-edb0bf62ffa1,VISA,92d76f1c-d377-4052-987a-a9ef763e25d0
cb047955-2676-4b32-9b50-aea054950aee,MC,5f389dc9-71c2-42c9-b15f-ad14423719ff
33630501-2726-4af0-a56c-7509a1cb4f9b,MC,c98881b7-3362-443e-bf9a-0ee73b0d4373
1bd49f18-0b2e-464a-8669-60a902781588,PayPal,728acfa2-ac86-44f5-b179-f89749bf7113
159936ae-9d3d-48ae-92ad-91e2d8bc752a,VISA,c5e46baf-6a3a-4e6d-928d-aa48568b99b8
6cb0d1b1-66fc-4167-8267-34d609287fd2,MC,121f26ce-49bf-4510-a69e-55bc8c6dd704
cb09ebac-9876-4fb8-a7ed-d23e1252b3c9,PayPal,4f41d072-120c-4543-a3ce-09f86c393cd8
e63f1221-ab1a-4dc2-bf14-2a08e2737026,AmEx,d0e55bdf-c28a-4910-8132-f99d08dab186
d72287bb-da3c-4078-a2c3-ea9e73bb2ef3,MC,f96897f2-38f9-4027-a8db-10512fede948
609998cb-8fa1-4d21-a0ae-87f002e88823,VISA,9bef07ac-8f9b-4737-8b48-02ed8cf25425
35f79b38-b899-4d2f-83a9-53efbf41b2db,Discover,075c8c52-911b-46e9-a015-4b60e12f934c
5ed42b13-130b-47c2-8f92-94246e3ad94c,VISA,4a2aead4-e965-4ce4-8613-066988e91e04
2852f4b9-ec04-4ef5-851b-e7bfe7d340df,VISA,0645cf1c-bd1a-4f71-a688-0b9473e77fcf
c4383156-fb79-4d32-97f6-fd970af726db,VISA,409f1876-1f21-46a0-972b-5c5a4d02f485
e8ff009d-7a7c-4004-a109-5edc2a9565f0,VISA,1a9a7e78-270d-4bae-bad5-1deb87f2b796
c4727376-f9e6-45cd-9b38-e4b60afcf37d,VISA,f4c2009d-735c-47f4-8ce3-2de6cb92fb2a
eb2ee898-82f1-493b-972c-047b9cb446a5,MC,5a7afc25-9482-4b5f-9e6f-b2a514ec8dde
4cb3d60c-58c9-4c1d-84fb-43bf7dc5e54a,AmEx,182cd41c-e6dd-49b0-9576-97b1f3df0a46
18676ed4-aa60-4b78-96ec-c4ca9b1606e1,AmEx,e0d0c418-cdde-48a5-8db0-e21f253569a9
7320317d-c963-40de-b0dd-5e45f28cfe9e,AmEx,d9ee4042-139a-4a90-a673-1ed76de0af2e
b259337e-1248-40a4-b4b0-b3bf3f706436,MC,0810aab4-3463-43e8-9b45-c9cdbb2d5dec
72a20b00-6503-4a01-a232-6a1f52a85101,AmEx,5af3bcc2-97a7-47e4-a9e3-1329ac8907da
7979252d-6155-4f61-969e-f3086523551a,VISA,47caf7d2-6e5b-4791-8437-db64e59b2aa7
a85f27d8-2d27-45d8-b854-cd5e641adda6,AmEx,17aa9ebd-7208-4010-b82a-257c5e4eed8c
be1d5863-cd24-4b7e-bebd-2b34c77b055d,MC,004296e1-2801-47b7-ad7d-39db647acdc4
7124c390-d188-45ed-9580-9cf776b062d2,VISA,91a5270f-eda1-4e2c-98a0-4b272da27a66
e4bfbb78-dc6a-4522-9f43-aac2769cb08c,Discover,71a9f94d-881a-42da-97d2-59369fb9ecc2
d62b574b-a296-4bd0-9cb9-801d1ede8f81,VISA,bccffdd8-d781-4452-8c90-621e0938cc63
48ae24db-a297-45ab-9898-7205f695f3e0,VISA,92f83c0e-92ee-461e-b777-b320a763432f
9d0b9bf3-a362-4237-8457-6bc592686dd0,Discover,fad94426-1b09-41c1-915b-42b28a5560de
d3a112a6-05a1-4393-ab01-899ada0b8e74,VISA,d1d24371-e503-4adc-9290-029d14589ab7
9bef22d0-08d2-4807-ae59-05f1787aad93,MC,bc3daf9b-f11a-4a5c-b4e1-4c6e62afe0fa
ddee4a90-1234-4b10-bc9c-699b61df4875,AmEx,a9dedd2a-ce12-4b8d-8b0d-011160f43d82
6ddad29e-d531-4f4a-9d8d-419d05572fc6,VISA,31a94229-17eb-4caf-aba6-c9c507ea8577
59676016-70d5-4096-b34f-e8e2d87d4d1c,VISA,1c8b8ad4-5162-4df4-8ffc-6419e2ae802b
71965bdd-dc1a-44cb-8e47-5774d2620179,VISA,d5824f3a-82ac-4c45-bbe3-4b0c8c44d0c5
f162c27f-93f6-4d30-85e1-8e7f5bd405c5,VISA,b594607e-791c-48d9-9014-f36d981eab37
0f8a2370-19b9-469b-a010-d269773e7638,Discover,9d2fcdb9-d487-4f29-9332-a7bb79f43e7b
2ab699bd-d584-4db2-95b2-faa14edb00c1,Discover,fed6ec39-5b49-41e0-9178-7d5fa1d455c9
90f4af3f-9380-4981-b931-2ea53ef4cdd8,VISA,3e4fe771-cf14-474d-ab0a-ef4b58d81ed3
7c7dc667-d5f0-4910-a05a-0f8ff5a8d39b,VISA,12f71796-f685-4ed8-94be-7c4d30ab39a7
f4d9b536-0cfe-4112-b8b0-bfa71c636c78,VISA,654bac50-cf8f-4681-9a73-036319a78e19
f7deb17d-b844-4e53-8d34-60aa84d04ed4,AmEx,1ab97138-848e-4421-be4b-f3699ad3209b
1e3eb158-29f8-4b9a-935e-6ebf20f284fe,PayPal,02dec9bd-9706-43e4-ad13-2bc6fa115d2f
bdd40d50-94ab-4ad1-a20d-f81dfaa0fab4,VISA,2e45789c-969b-4bdb-a184-faa14e4fcd09
2202447c-1016-4d7d-91b2-129ee49722a8,VISA,1683c39f-7633-4bfc-8fb6-1625f7649c10
d17c9c94-2042-4551-8650-2e0feb2bf023,Discover,c6cdc53e-c3e8-442f-a4f4-353638f0d32a
6b745a8f-fc23-4684-99b8-61cd0025cc6f,MC,5cfa7380-ef78-4d2b-8ac4-787fd27157b6
4b26e977-13f0-4160-b224-19990d076190,VISA,46b09d51-41dc-4f6d-942f-b90957f2e146
03a3ff08-59f6-4518-86b7-b3043280e485,VISA,80eb0823-0d3d-417e-bb14-eafada2ccec9
0d733d33-331b-4bd7-b766-72f7435d9be5,VISA,b74188d9-8fc1-4ce6-a0a5-1249d9ee2350
97ce171a-49e0-4c62-ae2a-60ef4d235ff8,VISA,a1f6432d-e621-4f62-a069-40577cb58c81
da37e909-e835-4c65-872d-f7270efdba65,Discover,82ff06c5-f6df-409d-8285-15e9c1fa5106
1133a8b3-297f-4ed6-97d6-b357e04949ee,AmEx,39acdad0-881a-45b3-abe3-76d82400b787
37bc6510-e44d-4cc2-be65-78e43e908bde,PayPal,ddf1dd8b-0ef6-49f8-af5e-4d46b18f72f6
7faaf6ee-54d5-47b4-851b-aa14559dc28c,VISA,7ccdc568-3242-48ba-8c4d-d0cb6960f3df
397ac93b-3325-4f50-9d48-b16736d21600,Discover,133b6c61-c194-4153-9bcd-782a4c348949
052c2d82-0f9f-4abd-a12e-df3ef9389f91,MC,3ad5b606-559e-4853-a59f-5ccc59a12c50
f8b57356-be6c-4219-abee-1e34080c2b35,PayPal,997766ac-677c-4591-9ae4-e1aae77b13aa
e909a42a-a400-48cd-b5d8-a780f2ea2373,Discover,3b99fd98-4aa5-46cd-a5eb-48d5a8386a06
a4a2c4c1-59a6-4da7-9880-a3b50c6410ac,Discover,e035bc84-7bf7-4a85-bd03-87081b0f0bd3
77ab1a13-6af1-4c92-bd0b-b10163179732,PayPal,e340ffc2-d1be-48be-8c34-1c4d0f89e379
3bc48c39-d539-433e-83da-c3b9b2172370,VISA,74a0228e-7597-44d1-aa25-c1d40501b362
9dfa5564-c681-4bfd-b643-084a2c9244ca,VISA,9d8bfbb2-0b5c-448f-8a0a-5a041083fd42
7ce2ee1e-6924-47eb-a678-57551a58d629,VISA,971aa5e9-b297-41f0-b917-325cabbcc1fe
02fcbef1-22f1-4ac3-b7e2-0c9e9f18b476,MC,acf246a0-9a6f-4ea9-873a-a18cc8f30067
d2e1d7fa-d863-4d87-84fc-10c238ad51bc,VISA,9ae9efea-5157-489c-b15b-a84fdbda36ed
34a99ca7-5393-42f2-a459-f7deca83efd1,Discover,c627c20a-be54-4aa8-b099-d651ce87badd
501effb4-2186-4468-8abe-3f9ac536347e,VISA,97d2b3d8-59d8-423b-bace-b0b7669a5e94
ebef296b-877a-44cf-b091-96afac302129,VISA,b28b7e66-886e-4e2a-9fe8-f7d9d695f850
8b2c0e88-b14e-4abc-9f63-86895defba77,PayPal,d5159b10-1e9f-45b0-ae46-b3425d5182a3
0903f1f9-b2f6-46c1-a0a2-f90cadaf863a,VISA,1e088a64-d57c-4246-a19f-bd7b648c934c
76e49fcb-84a9-4fb0-bf92-256c22f9a857,PayPal,7b387429-4109-4858-9fcf-c34753d6b059
ccc39664-4151-4066-bbe9-e0d0912f4d0e,VISA,77b944e3-378d-457a-9341-bd593c44e1f2
228a1e30-44df-4600-a66b-24a1119b8337,MC,0bfc3832-6cb8-431e-ad2f-d1e85808e81c
160aa157-e4c7-488a-953c-ce105edc2b92,AmEx,97f64775-b1c4-4a3a-824f-3a8ac70090c8
0d897608-a63f-49aa-bb16-b6ef0ab4773b,MC,fb12e551-a8df-43a2-b611-cb3202c96927
8a22c19c-f8ef-4221-bf34-6775ae139509,MC,40de65c3-0526-419e-a058-f92b211132ad
c653ad91-cfea-4d24-a8fd-beb9a29e0dc8,VISA,922a32b0-65a4-43eb-9008-90ed2c2d0a10
b8d7ed14-7bb8-4ff6-92dc-6c1dc43ea393,VISA,ddf3103c-5ea1-4936-8b21-a1bfc873573e
e87b0a7f-346b-4245-ac45-6e49b8b9bbba,Discover,d5e23332-34e3-4033-b094-bfdb5d151aab
3e609df1-d387-4138-8e6d-8b5a82b18e3c,VISA,c45b11be-1d37-4e2d-8070-55f03ac93841
225a638c-7aa6-4ca1-bdab-a040e3b2ce64,Discover,ab05a6ae-1159-474a-a4cb-c7b25c21f896
0b142c79-de62-4af1-822a-663619f96923,VISA,406bc3cb-a30a-4465-aa3c-52e70c1d5074
3a4b05ad-8c66-4f3b-8aa3-3f6bcfea0143,AmEx,ef677448-0d5d-4337-958a-76ddeadb4405
d2c6cf56-8f13-4bcd-a0fb-5523cd0c8d9b,VISA,e22eda44-5b71-41ba-b316-d0df2019f892
77642993-62ff-4760-908c-85fc3f053119,VISA,5fbd0fdf-0f0a-4053-9699-f68688d39708
8f7ddad6-b862-4c37-a7d8-e7eb7fe3fbab,MC,0e3bf603-0eb7-4d40-897b-c1dc28107776
10b543a5-e442-46b3-b033-50583e7c4ce3,VISA,118b0d88-10b5-4f79-8aa1-b4ac648c9b01
6bab74eb-f9fb-4165-9ddb-9783d447f0d5,Discover,103fe772-9eb5-4fd2-9b26-ecdb0ee8e40f
0ee3c768-5692-4e2a-9c0c-1bcb32636b8a,VISA,cfd689a6-3ec8-43a3-8e1d-574ecb4e5f1f
3c825ce9-5a47-4969-a901-ce64ce82c25b,VISA,47144cc8-d564-4b9d-8190-37ce706ec222
3135e0dc-94eb-41d4-9d3e-3057cbd370fe,PayPal,69a09fe7-922c-4159-8ab4-4bdec125e2cf
e01e1fd0-3222-41f5-b19a-6f008db5dbe8,VISA,88b2c70c-c081-4eef-a2d7-97378ee78f16
27e33307-ee34-4413-9792-04feab55e9f2,AmEx,8037468e-16d3-4b5a-99b5-b5e086e10c4f
73ced6dc-99bf-4e47-af85-97adf84c881a,VISA,12e3ad87-f1bb-417c-bf88-be3f152ffa9f
3f93f412-6208-4926-beff-a79bc05f2d0f,MC,901b97d0-7795-42e4-8dda-2aa2ff4241b7
1fd25baf-9ed8-4735-b6c1-818683539c38,MC,19a5eef0-b457-4059-9f1f-f29812f4c1dd
5e3d49e9-efa9-4bd2-9b21-412028750b31,Discover,969d1948-4d78-467d-9efc-cdb20fa4c8c8
aafc2cca-4b40-45af-ada8-50b61d728e4a,VISA,0359157e-4bb5-430e-8e19-a0e8f0547cb0
fcacb3f0-74cf-49c0-af6a-1d37251a44a7,PayPal,72191d88-fc45-496c-bfd8-370c83dafa2c
66b8bb69-b2fa-4254-b980-dc9642ede28b,PayPal,4b33707e-ae42-4ee5-8869-fcfdfc16dd75
1a628c69-06b5-4c07-b4ba-1c8e1c50fe82,PayPal,3bd0e885-5623-43cc-9cdf-159ae549a736
295f2be5-66a0-4aee-b6b3-2623f5fdc240,Discover,4dd680ca-1078-43cf-b946-2d84c50bd29d
f16c61da-3331-4bca-aa0b-47809badde97,VISA,b1a67f2b-13e8-4b46-aeb4-2316b06091ab
a58f5d7b-de5d-49bd-934c-c6758c0d5262,VISA,0a7d4440-41fd-4a52-b64f-6f3b16b928d1
6ea86193-ebd0-4595-a374-3e083000c35d,VISA,8e79e8b5-421f-47ff-bc15-d1986c728853
556f128c-53f8-4072-b53c-580776101458,AmEx,571da36b-f43d-4484-ab9b-9fc820ed60ae
28c12ec4-4145-44dc-893e-52aaf157122d,VISA,b7d8d2a0-7c74-4ec6-9002-4b8dba98aa37
3b1e5321-98af-4f98-b133-7182e5f95ba3,VISA,637dfac5-c6ee-41c2-ae7e-048a14b35333
769a3d7f-d3a9-4da6-9a2e-7b9516a89b56,MC,d850967e-68d6-40fe-8a4c-6311224e10a2
f20a0785-ab36-483a-ba1e-5bc39d995fd4,VISA,e9349aef-aaa9-477a-b730-12cbf8a9bf36
e5efdc5c-6b30-46f7-858c-936a9ecc0dd9,VISA,913e6764-7d79-4ce0-ac58-9b92ca3d4c70
c0e43b7a-79aa-4798-bf5b-6e1d2fe7a424,AmEx,fc64505d-3d94-4453-a4ee-a463572b55c3
04386b57-13eb-4fb1-983c-d23c432bb8ea,VISA,669986be-d591-4879-96a7-9ced449da345
3d317709-f316-49bf-97aa-edd433848076,VISA,5127ec2b-38aa-41fa-8f7e-82996cf745ca
d292f293-16fd-46aa-876a-90a7791b91ab,MC,1d5de924-ba4f-4422-a3a3-3ae6406ec2ca
cfe53b8c-4607-4df5-83f4-b3765ca88a6c,VISA,6fa53453-342c-46e9-8e05-687b95b44988
c4acf771-3622-4c42-acb3-57812944eb99,AmEx,3df32a08-97e7-4c7a-8925-edf33a8b1c15
c19b450f-1c6a-4797-8040-4d5235f37860,MC,d4f8186f-babd-4bac-b26d-9499ff302231
9497757a-f40e-4cca-9121-dbe08a192965,Discover,d37aa5d9-6bf0-4ab9-b418-f8ba106478be
8a1ba723-0945-4557-8935-fef6636d819d,PayPal,55074402-f212-48e8-9dc6-04d1896cfc37
4976e24b-c3a2-4448-bd7e-08846d866a50,MC,7b6624d7-d3e0-48ed-bc49-c4f85c8c5b80
3f8e8985-ce15-479a-a761-8da94fcbd1bd,VISA,1a03c138-08a7-4eed-b7e0-64398a785095
9e0bccb4-325f-4502-85f9-e5d7672cddb4,VISA,d4c780eb-91f5-46f7-ab08-92285b565774
af61cd54-407a-46dd-bd7e-8e5ec05f20fd,AmEx,ddcaebab-7380-4129-a493-ec64ca429dc8
cad11f30-7938-436d-b12f-af4e1a7f9026,VISA,ae78eb1e-fc1a-443a-ab1b-dd1af2f29c1a
2ce1f3c0-a354-47da-9fc8-09143d1c57cd,MC,1ffac84d-9dc9-4146-b10b-89d386bc32cc
cc268c33-eb83-4f49-949e-4d1f81f26b4c,VISA,5f21512b-dadd-4abf-8c14-e5dda6218638
eca47fa0-ad32-4674-a54f-08b84a871e82,PayPal,b485848d-20b2-4d42-b6f8-46e95df73bcd
6648402d-ffa4-4c6c-884b-f0fb77890400,MC,39f09f5a-810d-4223-b7a7-04cb69d37cf5
e7535d4a-570e-4d5d-aff4-a41347a36a6a,AmEx,00746392-ecbb-4de6-a543-53285c8b76d1
ecaa73f0-df50-4627-ae8c-e26151502827,Discover,37e4499a-230b-49fd-b7a3-be09c48d6bfa
f3c2839a-be2f-46ea-9db8-0cfaca7cd7ab,Discover,1e8edb8f-c913-4244-bfe5-00c149355dc1
bc174e58-5717-4512-99d3-1f0d16378bed,VISA,7c87641c-0ab8-445f-9414-deee3adbcdf6
446b0506-2621-4d1e-82a0-2a7d3392fe97,Discover,d261d9e0-6279-4d6e-a9ae-2badf7459763
5cce9411-92bb-4e9b-8a59-48b639449d23,Discover,f2c21314-7f25-4e2c-bfd6-09ba1f678f77
70e2b5e7-c617-47da-9454-55b785aee41d,VISA,d597665a-5f6c-4da1-abcb-203b0ecbe007
a43cc376-20e6-4445-ad6e-abf5318660c9,VISA,1e4fbd41-41b1-4437-9951-0cacb68ab8f3
98b02639-11a1-4b06-a642-58bd07ba1005,VISA,1b3a7c46-1c81-422d-a08e-9d3489d784b4
cba94fa1-a7a9-472c-a3ae-ef729538340f,AmEx,9a427917-ca4c-4127-90cf-0d4780bbb960
2b810507-9f8c-4adb-b287-0afa2c33d3d3,VISA,350c3203-525d-45e8-904d-23077d654458
0e7a15fc-9ed2-4655-a906-09bf741f7d1c,Discover,7178b670-00d6-43f5-83c5-ffa192479db6
266dfc89-8f6c-4539-aa6b-0e6d97d0a2a2,VISA,7e5c0636-b558-4d1f-bda4-0c2b9916d102
632d967f-a8ed-41c6-8fe5-ad1c1f94de82,VISA,46199898-0f50-4879-96f9-80e4f62c0f34
b74ef0f3-55a7-4630-893d-1fc7d590551b,MC,39668080-fb7e-4c8e-9321-7df5678fa0f7
632ac5c0-4691-4390-91fd-4cb76197a61a,MC,5fd9a4c1-6a7b-4ced-8915-887663ac59d4
7091584c-0bac-4f06-9222-0555129dcf7a,MC,b4f9b45c-b4ce-44e9-86af-42769db60e71
02ed5f89-3a4e-4ec3-b56a-bca8b3ad1043,VISA,59242ff1-872b-44de-9632-b6308a7075e2
bee161e1-ddca-4ada-89a1-434ec5c6f914,MC,d06e36f4-d291-40ca-bea7-a312df162a5e
f0349ac9-f70c-4130-ba1a-2e3616c9f0f6,PayPal,aeac9a27-c3cc-4c3c-ab48-2b7934cea73f
4dd68759-619d-41b6-a753-72e874449e55,VISA,8ce2df26-ee8e-4333-b109-70c50fca2cef
5acc2325-aa15-4482-bef3-5b2184839ba7,VISA,f17afced-640f-48e3-8698-5cb53bc30731
83123283-ed8f-48a7-a5e2-819dd96669c2,VISA,8d2a1e8c-b178-40eb-b773-689c9412f4ef
2f09e5df-1445-4c6c-a14b-ee109db93d6f,VISA,9abe521f-bd77-4cf9-a7ad-7e91623998af
90282521-019c-4324-b9f6-e3853bb1341b,VISA,82f86520-1187-46e9-ba0d-d0df9acc4f32
9aca585b-991a-4f3f-981f-f0ff0af65d0b,Discover,86cf2dac-30ee-4350-8de2-f584ae02a87a
95babcab-ad3b-4d77-a52d-5e6b79e7c2ba,Discover,587a444d-2cc4-4322-8fc3-b6232abdce79
ae1a673f-9094-4f9d-974e-ce9432831ed0,AmEx,5067f0b4-b742-4b4e-a182-111a7699a16d
e0258fa4-9f1b-4ee3-b6cb-d3b37244d2c5,MC,2d12c4d1-b448-4ae0-a345-8ec8c1893013
b7405a14-be2f-4a5c-83d1-db57a618aacd,VISA,f0d094dc-bca4-4110-bcfc-4a7710d49a63
2fd7c54d-f94e-4536-b456-ad1d6bbac4f3,MC,e79f2d5b-0892-48b2-a1f7-293ffaef80a4
1834f1af-8289-4459-b1cd-215368ec5b9c,VISA,da7f1351-09ce-4907-b1dc-64e3c2f0b2d3
5e7fb5cf-c485-48ac-8b66-54cddbf858ab,AmEx,0df08379-74f8-48ee-9b3a-a62db166535f
4c268f90-455c-4b04-8334-50dab17448f9,MC,97264fe8-2543-4684-90e5-9e19fed1ce9e
fb2d0fe0-6f55-4706-b577-0995b94cc120,VISA,3f553a7d-9d2c-4bd4-957f-ab42657c3a95
451dfe0b-3c62-4e40-ad72-ee9cd4b26683,MC,a5e46ad4-6d75-4eb4-97c5-53277d675e64
c467907d-356d-4025-8999-e7e0bfc4501c,AmEx,68955547-9e55-434f-9b7f-d545bf6e8dd7
7ffa417d-4f1c-4519-b058-629ae96aa952,PayPal,0d62ab41-cb1a-43d8-a813-afba2c7635b8
9f851157-67f3-4cd4-9b18-ab6ab078a1b6,Discover,ef7cc43d-0098-421f-87ad-260981c540f9
dab890c4-9c07-4599-abe7-c068ed3ca6e0,AmEx,6c31e61b-352e-4c38-8e74-0eb79588275c
23d1182d-fcdc-4f99-8c96-8f78ff0c0102,AmEx,40bf5e92-b5cb-4d7c-bd85-622268187108
aad276c0-275e-4cb5-8ed4-74c036b138d5,VISA,1236ce9a-095c-4969-a6ee-1f426701c6f5
65c202fd-5d9a-4b03-b3dd-fab688a867db,VISA,6f3a17ca-6b3e-4317-8eca-840fc39c2f34
8593ae0e-e737-432e-8cb9-881a6cc55567,VISA,b00ad4f1-3306-42e9-af51-5187b02aa8ea
459e6991-2a50-45a3-b032-90ab201f5b5d,AmEx,98de9129-3b60-4288-bbfa-b9da50783f43
b1491d1f-b792-44e6-866b-da4b680999d4,PayPal,58d6227f-eda4-4826-932d-9daa90349518
ac682bce-0242-4b4a-9f4a-7bcee2891702,VISA,5512bd6f-5baa-44ad-ba9b-ced77036ba6c
2c2c4dff-6725-4791-9cec-e48055792a4a,AmEx,cc0e1376-5b3d-48f0-8957-d553d26bae6a
6560b253-b0ec-4a6c-ae5b-c13edb3ca99d,VISA,f0adf5ac-bebe-4243-8510-0f22b3409d20
62749863-2c34-4916-bb36-cbc78e12997b,VISA,dfefc3f0-6898-462a-a39a-b8ef1571e4cc
f7c5e0b8-0fb1-4720-9819-6324d91c957c,AmEx,33f5b392-b311-4e7e-b9ed-3246b0648e0c
86e5be6f-e11d-480e-9f79-fdb322a871b9,VISA,5b5fbef1-7497-41a3-8450-a3c20a043585
348932d8-a7b1-445a-a01b-20883e540cc8,Discover,ba8bbf8a-febd-431f-908c-eefc5d14c9e0
84c61799-86ba-43e4-843a-7f70d92c0b35,MC,9c52958c-b671-442f-95bf-23ef6c5e7f12
3e0f1a21-0760-4ea2-85de-a975c851de60,Discover,cf1cbd30-c9b3-4ad5-9c70-4fa42feaca6c
85ce122c-1e93-40f7-af8b-7d16e9323a61,PayPal,b694c045-b8d3-499e-956a-9fd51d8222a8
e053d7d1-0085-4a2b-8ba0-aee18e455dee,MC,514e18fb-c0ef-4d9a-b8f4-6c8bd37f7873
146cc3b0-4f63-4188-b156-4410f27e7b9d,VISA,623a1b7c-42cf-4e4f-b888-fab69e69bc6f
42171bbc-7a7f-4c62-a168-a2064ab8c653,VISA,cff191ec-3114-4fe6-a049-230d490ed6f2
ffc1e200-1631-4818-aa6e-5e07debcfbc8,MC,ba75b41d-c812-4797-918a-52e5a12b27e9
3e763e53-8e67-439a-8a2b-4685ecef910e,Discover,5efee6fa-9460-4765-9b5a-7f45c392295d
d9a4fbbb-3b70-4329-a6d0-bfafb701faf7,AmEx,9f76eed8-f309-4d2c-90c1-8207a713cab2
6a01c325-754c-42c8-8490-674b9a4fe1cf,MC,284c29ef-0de7-4c09-ad01-f2fd0fce6181
d6d27504-1922-483e-bc91-c420f9199286,AmEx,f8516628-9f0a-4049-9912-3bf2c4df04c1
a1eb0c22-03b2-4d8d-bed4-13453dfd14d0,VISA,7e6dc92c-8835-4a6c-b690-42e3d84ed596
5a531e62-6ea4-4077-9201-bc65118db483,AmEx,1bf927f2-1215-4275-addf-87631b7eef0c
e171d5b6-0ca2-46fe-bebf-6e07109e4e7c,Discover,766cc494-71bf-42b9-aeae-0af9f16da3d5
1df8ec76-c0f5-4a65-a611-8c875f3645f9,VISA,f646e52e-5083-472f-9452-b80b8fd96bb1
f140aca1-a78e-460d-b5ec-92ae28c607f4,AmEx,a1df5b0f-7330-4a8d-a602-dada82eb8b92
5651ebd2-5db9-450a-9f18-a76e5ee8f80e,MC,77ad54a8-b3b9-41af-8813-6389a0b00317
5ee84248-a63c-4d71-8b04-06203e50738b,VISA,eadfa2af-b548-46b1-a4b2-64eaeab94644
7c5b3a98-5cbb-46ac-bcc6-49e0e7d995ba,Discover,1fdb3691-4842-4fb5-af62-20f19c5c11bc
b8a49d6b-4422-459f-ab95-1e93b0f8294c,PayPal,e4fbd683-41fe-4179-bb38-31efd6f44c9d
e249104f-afef-4784-9348-51bb98a921c9,PayPal,749c6d88-8c37-4de5-913b-2fbb64f2c841
67ed676f-7a32-47bc-96c8-decf894d96b4,VISA,7e525f34-1ffb-480d-ac1d-e9ba32e25f71
85fe1ed0-304b-43bf-840d-6a7105a97db7,VISA,1592b126-ed2b-48e7-940c-61877af45c45
0bd0846c-dd4d-447e-9174-9a08d5d29e6a,Discover,56e70794-737d-4ab4-82aa-2b170d4348fe
5b9aa5d4-79b1-4e4c-9ecc-89edbe6e40e3,MC,7c97506d-31dc-4da8-9acf-9e936444ecfe
b9a95841-8323-4b5c-9b35-682f604d0122,AmEx,47cd06da-b44b-4a86-99ef-2984f51d2f15
a3e5f9e1-90f9-4603-a0a5-5958410c22f9,PayPal,5204dc49-83c0-4e8c-91e5-89ae0e0d95af
443732fa-c8ee-4e7a-8b26-1955dcf9e68f,PayPal,ae06390f-df21-4ecb-bfa3-dcd65d7f38a9
a49a6648-fddf-4d95-a617-1cf78e129b27,VISA,cc688113-0343-4659-9ee0-1498ff0eb17c
7a9f53a4-dbec-4b0f-ab95-fad1b658c3b7,VISA,892f580c-29d8-4796-91df-1279b902b6a0
e79dd75a-87ed-407c-ac9b-c4a6435c4ada,Discover,b9f90c40-9c34-4cf3-9bbe-70b574d84057
bed70b25-586c-438e-a5d4-b7bfa94abd92,PayPal,e6177d16-ad47-40a7-a649-b27a7e49d530
cb864396-a91a-47d8-b9d2-3e898b22bafb,VISA,f611445f-cf34-4c39-a20b-f1f3c69803c9
9fbe2d72-d564-436d-88f0-d20bab5715fe,MC,54804932-e8ac-443d-be9b-156e6edefd20
5ab8e01d-b445-4c86-aa85-835dd34294ef,VISA,bf469ee9-36fa-446b-80dd-ea04066410f6
5eefc71f-e954-4934-8e9b-1c1f4d766dd7,VISA,3cb48403-57cb-4806-b7a4-d0a985de9c90
da6a0baa-4e14-4bc3-a4ef-fc5a62e94f08,PayPal,9eb23753-308a-4117-8f75-353e3d44da75
5557f65f-b840-4039-8daf-6bc99ddd3cec,MC,ef1f9ab8-e693-4737-8686-dc12895063ae
38e32c91-fb75-4ece-bf9a-385e0ae391ed,VISA,a623f777-4a0f-474f-ab18-0f5304bdeb96
d36ad4c8-ddd8-4b89-88d9-2b8a86cf7bdd,VISA,d9cf0d9d-fa9f-4fee-8eea-886b7b138784
e49ff75a-b130-46b9-8e98-52d29bd3e7e1,Discover,6944753a-f10d-4b3f-a977-23f3b7075b4c
7cbc018b-90f0-4de1-a6f2-14f1a211564c,VISA,f0ee1b91-17f3-400d-9fd9-1ed39c9a43cb
4bb06b0e-0c88-4693-96f2-cc101f8f425c,MC,50c67178-370d-4874-a6c0-c9af1037caa9
47d148a1-d42f-46bd-a9dd-e2c99fcd4eb6,PayPal,3bf1f576-ad89-4e7e-8455-a7622b2b00d6
411643ad-0c52-4f06-ae56-a3ff9c55ec9a,AmEx,f216f7dd-fae6-4ef3-919e-172b93854a98
aff93874-651a-43d0-8ba8-598b4e44ab2a,AmEx,fa665f05-aa9d-41f3-be26-7ff9e3a70d8c
08fb9e95-b5ed-4f08-a0e8-ae52d7fc1616,VISA,6d9c0354-d798-4280-b359-78ef7600e333
dba14eee-d795-4fdc-b176-fa655b7acdc6,Discover,e9c702e9-c883-4a2c-8d52-df03138f9145
d4031539-8229-4bc1-9970-ceb6bd105e31,AmEx,f0be9f59-e603-4c5d-9b37-22b7ee2f504d
c12bd839-1bfa-44d3-93f3-4466d307c473,VISA,d21abc66-813c-4c9e-85eb-5bf84341d177
f7d353cb-beea-4b1e-9b4f-25bce6bbd780,Discover,de0f54a8-ff77-44d1-bcbc-cb3702c99e04
94750f14-b6f6-44a3-8315-6a8c88ac616a,VISA,4b2b7d18-f3b1-4ad6-bf0a-735d1eb3fe06
cb865e4c-fdbf-463a-be6c-11273361293d,VISA,7ffb3b73-c99a-44e2-86d2-6c387516697f
f5a2df24-4428-44cc-9066-fa04044d9507,VISA,f4c971ec-e160-4bb5-9620-0b0b844158ab
38062bc8-12b9-4f3a-b968-55c8b0b10b99,VISA,54e4671f-025c-4f1d-bc85-a6f4620a25c3
7ac2283a-b44f-42b7-b84d-3d551a40502b,VISA,fb276caa-102d-4816-a597-83a2bb72d8e1
bc941e71-3ac3-4de8-ac40-3e7e837738f0,AmEx,a522d15c-ec3f-4ce8-a6dc-3e81e993aaef
0fb2d2e1-c6ba-44a1-945a-7c65fd7e9aee,MC,a8b915d7-c54a-4444-9b55-224c40897fd3
71f9c4a1-5d0d-437d-80b1-5af22d70bcca,Discover,912e958c-d7c5-47d0-865e-bc6bbfad5aa3
33677470-0e8a-42d1-b0f5-c1dc190517c4,VISA,ea02e62e-0797-4677-8856-60c9f93bb059
f67ec0dc-bd95-4896-9b18-d5f825c661ab,VISA,43776976-dc30-4797-84f0-c3e9dc357760
41f281a0-f61c-47c4-86d4-70b66e59de92,MC,9b400c91-6913-4661-a8ec-e70ac00d2cc1
3a46cc53-4672-47fc-9e69-ea0edea4c465,VISA,fccfa26e-928c-4516-bd86-bf5a42bbc02a
8a07a00a-cd35-4402-bf35-f4b18fa3d3e1,Discover,112e6bd9-9227-456d-bb86-db8dd4e86095
f92bfb0e-ffb8-4d10-a0b9-56be913d607e,VISA,d7f7d37b-b8a0-40ca-876c-3fad32211cfc
48f48372-eb54-4fc1-b1e5-af31286ec37d,MC,f9e25386-f82b-49de-b3ee-e19495daf76d
a58182f7-adef-453d-9b73-307095df8725,AmEx,be186863-b9c3-49af-98b5-e4d62836d64a
45dd5533-f701-41ac-bdb5-2acd93ed7a0c,AmEx,a8a7a85b-4a52-40e0-b1f5-ae6600fb7793
a8847c34-de2e-4b76-8397-07d934ad8e90,MC,347e54c3-3d9b-4366-8857-ab2919cd9c08
2fa3960c-67eb-458f-801f-13aa4ebe0d64,AmEx,7d577b58-3acb-47ca-9b2f-600c3e86d99d
82d65dd7-af6d-4550-a90b-fe1ccbb73035,MC,10d58a9a-3743-46b7-a7e5-dbe258a0b0ea
538ad73d-5403-494e-94a9-9c27ca38e7ee,AmEx,75d3fce3-2258-4dfc-9431-97b6543b3249
f68f4540-9f44-49ff-ac82-773e5e51a3ff,Discover,fc61d0b4-fc56-44d8-9647-46e16235eb1c
ab1adabc-a230-4c08-87b5-c4da7fbda80e,PayPal,225990a9-19fd-4837-aa1c-80a9fe6559fe
87bbe91c-9635-4919-aec1-12398c909af4,MC,1d639ae1-4e9a-4c94-8e32-9fd4e0e51e90
280984cf-7968-46dd-b391-166a2518f7c1,PayPal,88c85db8-a71b-4d99-88c4-41ab0cf5cd39
33e4bf7a-1a43-4f16-85e0-cb5615ac4181,MC,776ac4d0-5063-4bbf-8fee-d2e48d925b95
d4793c45-dc41-47ef-bd43-857bb2b17563,PayPal,dee3e1ea-19e1-466e-821c-3d72bfa8e603
9dc3f317-b03f-45ff-a125-ac5b1ab2c63d,Discover,c81e538f-5093-4e64-bc9b-e8947678fa0d
bbaf9e6d-db73-49a6-b64f-90b4397b2e32,VISA,529584e4-6865-4b10-9b93-42cea6dd6acd
abc7afda-df9a-49f9-9587-5fa498358d92,MC,9ae558dc-dc94-4403-b88f-ec7f0ecc92e8
7de606e4-25a5-4370-bcc6-de1cb44fad78,AmEx,a5d085b6-5c4a-4a65-b4b4-da6021299585
f8dff497-7a4d-497d-b938-aa9b48c5e317,VISA,3ea2d0d1-b964-4188-a684-4a96af142543
38cf03b1-4421-478e-9956-2ec5e62e736d,MC,6456310c-f6d0-4d6a-b36a-8fc91f2ec2b2
a54ec154-938f-46cc-a29c-39a91c2dbf74,MC,75fb94eb-4dd0-449d-97ef-ff410c5ae1b8
e67cab7d-b0fc-4098-b6c1-18c96af65029,Discover,0b53e307-58cd-48d8-b54b-4fe3f4bd63f4
42f2c347-422e-4969-9d4c-667f8b2b76a4,VISA,d5a52937-af4c-4c7f-b6ec-2fff766e7508
75a0f41a-4a3a-44d6-8ffc-14113d17ffe7,VISA,64420a9f-8f2f-4c43-9566-005530ba74fe
f5bcfca7-a57f-4ac1-8646-f9ec0d2506bc,Discover,b4db40b2-7c6b-49e0-a3e0-a202032ddcca
3670ecc1-6205-4852-ad11-3bae687f1f24,AmEx,a090b5d9-36c7-4726-88be-46806b7b647f
4b35de66-80c4-49a6-a6d6-c04ac2a17e85,VISA,e236a6bb-24cf-41c6-bdc9-8a37c662ad13
5eee4b69-1d51-40ad-8f42-429da41f5bf5,VISA,0689af5f-1b93-4df8-ad33-e06a04c483c4
062bf4b5-31f6-4670-a697-e16ea169bd62,VISA,16f4727f-48ff-4d71-a7b6-b50e5e1999a5
58d28478-329e-47f4-b776-3fa7b1692eeb,VISA,533c4fd6-c1ab-45e6-aae8-7878b4d4232f
56e488b9-4fcd-4bbe-8ffc-e248e87d893e,VISA,ace8d3e7-5d26-435b-a9d3-3f107c12882e
b5c16f57-d82c-447e-9591-538a01db5919,VISA,c1283ea5-3a4c-4ddf-bf04-5e480b7709c6
df31ddd7-142c-4faa-93be-edd28126491d,Discover,d602b8ee-75d7-4609-8d84-d2b53d1b9dc2
ee53921b-4961-44b2-8f89-4c420b00c9c1,VISA,6817838b-8f7e-4b47-a699-9c9cf954d337
0bb50587-37fe-4ace-9c56-4001255464a1,MC,4ed8b215-b2f6-4a0f-bafd-543e9b287869
bf0c182c-7592-4150-b866-83fc3f8aea78,MC,2ac2159f-ebfb-463f-a4e3-687c3141b9f9
8ea17bf1-ee0f-4dbe-9cd5-1a21ad36bc47,VISA,c55cf160-f5aa-4d36-8c40-1eb460238f7f
46d27646-e045-4db6-a5aa-cb393d20890d,Discover,579b4f40-d86e-44b4-8e8a-65ec748d2e4b
c8638ea2-ea53-4868-8035-b76c00c5a194,MC,9c3569b7-58f6-4c1e-ba22-d090b40c1986
94a80d4a-01c9-4716-ac91-9603a1353989,MC,cbdd27dc-e324-49fb-8173-988141eb989c
0f35da69-73eb-4f04-83be-292bd0dc20c6,MC,0fb6d5ae-cb02-4ac6-9c4e-98e556d09812
d5d8ab4e-9aef-44e9-a9f9-e019efe7949b,VISA,87d7ef12-ed01-4020-b232-366e30f67578
54658953-cb9d-42c9-9223-c9238acbb8bd,VISA,1cc56bc6-a3b0-4e4a-9267-d3fed313e63c
8ad8e146-480e-4af7-9dee-ef2d4d6bcd15,MC,fe35b830-0b0e-40e4-ad75-c42575ca110c
9dc876cf-0449-413d-906f-86682a3fe243,VISA,bd709887-f9c4-410b-83b0-616d18836a95
fdb2190e-11de-4e8e-9413-98a0899af10a,AmEx,1df9bbc6-9913-4574-9be2-367c06b602e9
317eb1a5-4973-49a7-afd0-bcc0e94b73bd,PayPal,656a9d5b-6566-46d2-8bd8-61e290885052
921a24fc-db06-412e-a077-177bf3b3d76b,AmEx,769ec1a3-779a-4eed-a2ae-cfe9bdaa3bc0
d4d6ded3-8482-422e-8adf-ae598f4d5f65,VISA,d636e4dc-8ffb-4c52-a942-50d9c6eebe36
d97e550a-a00b-43ea-8da0-a317b6408165,VISA,4065ffa4-a90f-4f6a-a61e-14498a5eae2a
e199acc9-ad92-4a57-8877-c0a0d8a4d1f2,PayPal,26e9c9c2-eea1-48c3-b57f-c8b8a469208e
894977af-46fe-4bd8-9523-5f6493cfb7f8,Discover,14bf1c72-458e-48d2-a6f2-98458e7ed8f8
8e509782-63dc-4aa0-8140-dc1f844d62c0,Discover,91327848-889b-4429-b9aa-882856c91906
58bc5a24-ecd7-4765-9fb9-1c1b7f131d90,AmEx,cf7177bf-5cd1-4c9b-b51d-d4a159afa025
ed35bd88-ab75-45f1-9b18-5d98929143e3,PayPal,bd1facc3-79c0-4f4f-90d0-67837d3d65db
f7b76eeb-f1cb-4d69-9feb-b0a251d4f7ab,PayPal,72838ef2-6320-4e0c-bf1b-11a9f52f62f8
28ed1aab-2dd5-4bbe-b56b-73a329964205,AmEx,8a52bf55-064e-4ba8-8071-99aac4fc180d
51e4f1c4-48fc-40ba-acc3-b894ba439bb5,Discover,4468cd29-125a-460f-b12d-055479418e14
83afde05-5c0d-4fb3-8494-61f280af7ba2,Discover,e1eeafb6-365f-4ec0-8fb8-39117467777c
e63bdfd1-7de8-438f-8ed8-83538cfd635c,VISA,4bc73406-b2b4-4327-8dd5-31bf00f4aad4
5d647a24-f1a4-4820-a278-50c0789974df,VISA,d98279ca-7775-43f5-b062-3ec1a8373760
4831e3b2-79cf-40f7-a505-4c98d39e1d0a,AmEx,22963f91-eea8-4472-b8d2-2d86ba22f805
913a6158-c40d-48a9-b92f-cc5df4bfb2b1,AmEx,a70a7935-baa5-480f-a287-87f9b6d6688e
8595e1c3-6c3d-4a96-80a2-a2e4e1cb685c,Discover,3b83e53c-2da4-4390-8b75-c21a15f50e5c
af0a94ef-26bf-4f54-afe2-2c809c23f96c,VISA,16914238-7ea0-4ea2-9a02-2555774022f3
90408df3-66c1-4596-80db-4d871207c445,Discover,7b99b32a-54fc-4501-b05f-a3629f143665
29d731a9-5e8b-4a01-a691-951d88550a38,MC,04a58ecc-78cd-41b7-bf4c-d0c809d1762c
a3fbefce-f25a-406d-8ead-7afe48455e07,MC,5093d61e-6ead-4dc4-8064-b8d370515eb5
fc9168c8-9e08-4207-95b5-c8a899b2ae4f,VISA,4be98a48-dfa0-47de-9e90-e783353c2c85
da10544c-9ca5-43bd-a2b2-2626c6adba13,PayPal,bacca9a0-6938-468e-b197-2f9df992f301
7d36058f-2f55-4fba-a3a6-5abaf63eef02,VISA,d68083fa-aabe-4f08-97b4-9675e41cb4b4
21e02b19-94c7-497d-b38f-3e33f13cd48b,PayPal,e3495fd2-1ea7-47bc-a7b0-6805511ba090
5346c97d-083a-4577-90d1-91674c6fb548,PayPal,5b4bbc30-1610-46d8-9b98-ae86399d988b
14628132-aecf-4822-a762-6a7c3e1493d3,PayPal,a691930f-0fcd-484b-9173-fbd199bfdc38
2ee5611b-23f5-4a70-8773-4d6adda5bf41,AmEx,7c964708-f4a8-4fa0-a770-945462242662
59416e87-cb41-4ce0-ac98-207f510b5755,AmEx,f99b6d65-9bba-4d62-a4b5-3df55324eeec
a6025873-65f9-41ba-a324-5c7d26e2a29e,PayPal,7a00d36f-b7e0-4f1f-8b28-8a3dea269a1e
c2fdbe23-4e42-499b-a34d-dc595afd5d36,Discover,c479958e-e466-4840-a106-33d8490be4bd
46caabf8-1f9e-49f9-904e-482200d4ca1f,MC,dc4bb070-53b1-4bfc-b3fb-5c53a308b646
b7621ebf-bb18-413b-be38-85a5208c1121,VISA,c9f3019a-7dc0-4aba-b63b-91e826da1d85
d3085565-a900-448f-b659-0794842079fd,PayPal,5c3b0044-0c27-4c82-82aa-d582a093df35
56cb8c33-913b-455e-a0f0-b79449405673,VISA,f86cc250-da10-4ad2-a9a1-414a721f096d
5906722f-e013-4c60-ad67-0401dca284f6,VISA,21c02a05-6811-47b4-a807-2ea800b5f3ef
b67b3740-3796-4d9d-87a6-ced44782a1eb,AmEx,37c635a5-c108-4355-9de4-f049a9ee67e9
358c5ffe-74ad-4814-b110-73cc186137e7,MC,5b309a0b-68b3-45d2-9675-3a776662a952
4dfe281f-9ad2-4756-b179-0402dc974d2f,VISA,6332c962-26da-4314-805c-6df92960b3f3
22537e5b-3691-4798-ae47-230da979b4c6,VISA,6e7f6f1f-6afd-4400-bd50-6b3621c3f37a
d561343e-86b4-47d1-94c1-119fbb0c4cad,MC,96deb1e5-8964-4625-bec1-7a7cbbb53924
238e995a-d070-4c6b-9353-8c39e2fcbe5b,MC,73e20b73-40e2-430f-a096-045fc6d3201d
885e7968-5f21-42c9-b51f-974c43b64e8b,PayPal,9aab217c-1e58-4e4f-b10f-6375a09724b1
e4ec19f8-ab54-4d4b-b68f-1208f58a3b3e,Discover,2e14ac82-499b-4cd9-94e6-b376299e0f65
fe40e8d3-4987-4c91-9856-3277d003a88c,PayPal,40571826-269e-4487-8c91-833f5a2a4930
66c582d0-a81f-495a-b784-87ff067f848b,MC,35ca5d1e-9bd0-41b4-9ea1-553e333b19f9
1b2b939f-903c-47b8-bb13-d56ce572d501,AmEx,091a0e27-1e7b-457e-a52f-91532e9d3281
c7794cf6-adc3-49d9-b389-83fa8d4c748f,VISA,23e924e6-eaa1-494f-9f36-15f85bd6e747
c32d8f45-441c-41d9-b5ab-09e40d0cfaf6,VISA,eb01d9d7-53f0-4e6a-8737-446690c27eb0
9ce4c77b-ebda-4cb8-8b7e-a1ba25a3a19f,MC,f55e6b27-8622-47ce-912a-dd2f35413a18
67e3e300-dae5-472e-9f5f-f22f288381a0,AmEx,b078c356-79c5-467d-b85e-4a2fa18dfbf8
5c7c9595-a791-4944-a538-7bac90282611,VISA,d7d7d525-d6f4-42dd-82da-d41d5302a526
ae2614ee-214c-4e33-b9dd-367a5394882c,VISA,995baa1c-a516-4158-ae4b-52e358f8a686
acf454b5-c3b5-40eb-979c-a27a9eea0806,VISA,5cffed1c-2678-4764-998c-ddd9237be8e1
fede75d6-ddd4-40c9-a159-b7228490836a,VISA,b4e6023a-c1a9-4539-987c-f51966ee8ec0
cbc6899a-0b1a-4faa-b46a-01f673f465d3,VISA,79d95110-b80c-4e03-9b37-16086ba6fbee
db2412c8-3c81-4bd9-924d-1049527af4db,VISA,95462797-bfeb-4812-b4e8-5f68f762f87c
3c67056c-5c73-4669-a086-637738de777c,AmEx,bf582860-2d66-497b-afd1-c577374bbcca
259cf4a2-35a6-4a88-aa15-f6a88df9c018,AmEx,58afcfe7-7b48-4de4-9eb2-a060fb8e3b0f
49cf8502-f896-4158-8595-438cc9c4ce1e,AmEx,56975c86-0ee7-4d66-a636-672c2ca77701
0812f7c1-6fea-4fe2-a9bc-20368e7c97f2,AmEx,9d62258d-c776-42c8-af87-d759093dac86
dcf8c9ba-5bde-4a9a-a3b5-9044cc085451,AmEx,af72d453-26aa-4b78-ba84-1e838a5db2ab
e6086361-0cc1-4d44-9493-0b761a4157fc,MC,8682260d-0774-42fb-b567-ac9484018000
d885f69b-549d-435c-b147-02e7ca12e6e2,MC,c04e968f-f24a-456a-ac1e-09966094f7d3
74755cf0-5c38-45fe-a261-93fdb70d9fbb,MC,08d51c35-ff55-4c36-87c5-92d5c16a491c
7c4922a0-f647-4c38-a755-0fde8f626769,MC,22f5d708-d290-4fac-a632-be38d372ab5b
2839be19-86c5-4f07-bd31-8a0130b8fb0b,VISA,1223bb97-30bc-4bf3-978f-35272fa94a1f
a51e7b37-3bbb-4712-b131-ec8d53196e93,MC,e29f43a5-3e88-4f5b-94f6-2788a2de6415
ef6ce10e-c334-4c21-a52f-a000b925a55e,MC,1349d462-b7df-4195-b945-18c6244d1619
8895dced-cd74-4ad3-8f16-2324ecdda08e,Discover,2c8977ce-97cd-40ce-8798-343ca49882d5
3fc9929f-8b0e-47c1-b923-a27fd8597c0e,MC,f9d7e804-2ff2-4144-bf30-3940634b06e8
336acd3f-a9a3-40e4-90c5-6c6a82a8128e,VISA,a20a34da-ae2e-476f-9e37-a0efc87814ed
e9f9716a-2a47-4699-a311-5453118afbd3,VISA,a4c14dcf-698f-4ac3-b6f2-7f22e2cc2ed8
3d63b03a-aa7b-4b85-853c-24f14268dabb,Discover,b896fd0e-b855-4530-9bc4-853fb9550657
ffd9ba30-e1b2-4425-8128-31a7bf797cdd,AmEx,a1ee94c2-1649-4a1b-baeb-d3f456610676
6a97e822-4e42-4830-a050-48de1397c340,VISA,bdb98323-67af-4178-9341-9b551317577e
e01c5282-43d7-4956-9f41-2cf6ae6956f4,Discover,b6ed53c2-129e-4581-840d-70363d2ecfe8
abec5979-e12d-4276-ab36-d447cc277730,VISA,d49a47be-630b-40b4-9671-dad34fac983a
dd095fbf-46f1-4750-9ef3-e32bbed78f37,MC,e0a5dbdf-9285-4168-b87e-a6fad0e75622
4249a001-de6e-4ecf-8b39-cf13b4dbbafa,MC,2d4d4945-d7d9-4887-a70b-358fea0e4e1b
107d3590-0115-41d2-aeb4-a2631bf7cc26,PayPal,bdf8bbbe-84cd-4738-b011-921c9fb9d042
da0facc7-ffd2-4fb3-8af8-d291b721eb8a,MC,cbf5e6d6-5bd0-40bf-a147-b51a14eaa0f5
25548abe-2ec4-458f-a545-7683f763da86,VISA,1a47ffdd-7e69-405a-b2c0-8a4205d83b1d
08f241e7-7ace-463f-821e-2e838441ecd9,AmEx,2c33d3aa-032c-4a8f-a8de-a4a8e69b21d0
7fbbb539-ab16-42ed-a55a-0dad6c156af7,MC,61755d65-4ad8-43e7-85d5-573f8478ac82
87172fa0-87c7-420c-b950-03c576196d0d,AmEx,36a1658b-1082-4f98-a0ac-04851180e73d
d290635b-5568-47b8-ad8d-52c37e291a1d,VISA,472790c8-3972-4105-811c-0edbda08d65c
5d2451c7-2e22-46b6-aa11-f89890714a45,MC,8264ed12-1dd9-4434-8c12-e4da0c8aa98e
dc982091-d472-4328-9511-f94e4ad0655c,VISA,37af42dc-c0b7-4cb8-a175-86a20fc9e93e
6a4451d6-9386-48ea-9c85-0934b79ff4e6,VISA,c2937670-a40b-45c6-bc9f-e10be3d748bc
90cdd6c6-6850-4446-bc1d-55a52332fa43,PayPal,75ad4396-2f5a-40df-bfc6-9bf3ec1e7893
eecd5781-2b54-4468-ad73-0e96f6558c02,MC,0e88e799-908b-4e7d-840a-b9048a8f16b6
cba68cd5-5219-4f61-b56c-d32106b2c033,VISA,49fb99ca-5474-4267-a8d5-b3a1b770d1d3
125cd0d5-633e-4036-8f33-ac252f20d867,AmEx,28942f9f-3db6-41c8-b18d-b28f08199185
550b3554-e692-4e48-9720-d24fbff929cf,Discover,a4818f35-0c4a-4be5-8e9b-b493813e739f
4c8545f1-76ce-4ee2-ba3f-265099aff5bc,VISA,85c6ccdd-8faf-4bdf-9234-e05292823743
78d5b964-591d-4dcf-8bac-fd1fc4b56f40,AmEx,7259410c-5722-48ac-92a9-148c85e1bb52
a3470baf-aa9d-495e-a2f2-692c5eb6adc6,AmEx,a0387c86-9333-4f7a-b050-fed7f7254e73
3a1a4fb9-151e-45b3-a7e4-c1e39ea8b4d5,PayPal,1f2a955a-6d71-40e5-8144-74df5454ff14
3e2f9bca-6c84-447d-ab61-1f2c9011441a,VISA,37987199-eb31-4282-8a93-5d48adcf1692
840cbfb3-47d4-4877-8e3d-e8fad7c8ff0c,MC,5e59bed0-7831-470e-ac64-b255a8812c0d
7113724f-9a7c-4eb9-970f-9a6702d84879,MC,2f6b100d-1dbd-4ebe-b142-492581489cc9
d8c9b5ac-6f8b-4d5f-9274-0f5aa9956238,VISA,472d87b4-f991-4cdc-a851-35203e8a65b0
09b8c6df-60fe-4fcc-9aeb-df9afe05bdf3,VISA,ce5784a6-fdb6-47ec-b1fe-e9657bbcb9d2
3b940e62-fdef-418c-b537-aa9cdc225ef4,PayPal,1931a47e-472e-4a8a-b2e4-8e8d433f2d93
84502ad8-1265-4427-9aaa-2710ca0dfab3,VISA,7975f352-da7d-4ab4-912c-e9fd3b461446
b156bf86-ab70-4c29-aee9-c09aaef3e739,Discover,c59f9567-1882-4a51-8aff-e72fa8d1d476
1fb430fc-3212-4b51-af27-a8603f7ace12,PayPal,ae4228c6-2892-4d2b-aedf-2498d670cbb6
f8be881a-3e2c-477a-ae72-10f6fca21b5a,PayPal,2781f766-6650-4df7-af05-796cbbf4d9a5
c494a8c4-3d58-4426-9c30-f3be08b182d3,VISA,489ebfa6-7c7e-45f9-a3b9-17ccf9408ef8
50f9aa00-de34-443e-b8ba-9a555514dc8d,VISA,9563b57e-e42c-47a3-953e-4327aedd3ead
60c6b90d-ae63-4766-9a3c-aba0a1ea1159,Discover,6e428069-c431-4c22-a363-72d0401341fc
e21f9285-2e7d-4031-82b3-7b46e65b32e3,PayPal,757b8cf7-748f-4d22-8a2c-95309af498c1
77ca0ce8-3c55-4554-9b94-34c04b220f62,VISA,257d6b2a-5755-4490-8707-817650c9a3ef
d752e1b2-e461-4b5a-83cd-215c19a164cf,VISA,f46c0d48-04c5-45b3-8b47-57c8cb4606aa
61a233c2-5963-4420-8674-649bfb3a3cf9,AmEx,fefa5b3c-db86-4e2e-a639-d0c913f0b3a0
49e611c0-6648-4e15-9fcf-dbbb7e80982b,MC,0e612063-02c4-4556-9e5a-a64ef54eec9f
8eaf39f7-e9b2-444a-9d63-19d270c7de56,MC,2bfea489-7537-4784-a305-5e873640092a
c7696393-83b5-4df2-bd3d-a43599f859e6,VISA,6026a73a-9517-4a0e-b459-260b13720d75
67a51812-d2f0-46d3-9025-2eefd90ee44e,VISA,01ac1519-564a-4401-b390-eb6c725074d0
3c6f1992-e18b-4a94-9ea5-9f4276f64cef,VISA,e586866e-ea00-4514-a6f3-1e79ee034376
2fdac022-f6d5-4e96-8784-6e52d6a57eda,VISA,abffedb0-4800-4697-89e7-21a067785cd0
8120846f-3f5a-4dab-a928-c4c010430a77,VISA,52c8a01b-2373-4239-9b15-365ddc438eb2
9293aa33-e99e-414a-9f9b-5d86f81ebc69,AmEx,985a40ad-29e6-47de-80f0-7bf557496bce
e274455b-cbc6-4517-ad2e-126b322d7c2d,VISA,bfe694b7-51ea-49a0-9bca-65ff93d6014a
0651ad71-1eb4-4cf7-9eae-2180b5c9fe2b,AmEx,5d660199-d8cc-4f93-a8c5-71932d57ecbd
b5c78cc5-5271-4521-a0cb-8979da8c3dc3,VISA,5bc63816-64f1-45c5-8de6-0af545b26ab8
3b0d887e-0995-4cd2-8a5f-fbae72da2fc8,AmEx,ed63152f-8212-459a-b134-a64460c2e0da
77368aba-b92e-48ca-a512-f6caf130b5dc,PayPal,1f74ac4a-809e-4121-a980-92205bfc3300
e919e277-0f2a-4809-8e5a-fba260045d03,MC,d7b652c5-4e86-409f-bfb3-191d8b8eb4b5
910cb520-2536-4a7f-8ee0-12f493f265bc,VISA,7b0d8794-304f-44e6-966c-6333b3a25a52
17346333-0802-47d3-841d-3789ee5cba31,MC,60e39384-b7fd-4882-aa67-01974f3e2286
e1348d80-33d3-467a-8e0b-17a7cadb1363,VISA,9424a7f4-4ba2-4544-9092-e709975e63b9
9122ffbc-51d7-47af-8a71-ef77ef21d0b7,VISA,092a655a-8ed1-4a4c-9765-950f2f0062d0
f718ae1c-2a5b-4caa-b0a0-58f2941b2c26,Discover,c79587e1-a3f9-45c9-af9a-71ee83fe9461
6ea8a389-3bbb-49b3-941f-9f63389b6a42,AmEx,4509dff2-cbf8-4789-8e98-0ab31f0bfbde
25bafd97-a02f-419f-89c5-3bebc9a92c5b,Discover,edc84451-878f-4a62-8329-c627062052f5
ee644dc4-ee61-481b-87c8-09dbdb0e20c4,VISA,3dec7434-73eb-4eaf-b359-b2cc5b554454
f2ad8490-f825-4792-8bdf-8347711b273b,VISA,fa0932d6-25d4-403c-9447-54a054ccf707
6dbeb553-d9ad-4d60-8591-ccdd0c4b4469,PayPal,0f9b1ef6-149f-469d-b9ec-3249b3108dcb
b11696c1-4a04-47ee-b08c-0213c0a24fe7,Discover,5026df53-5625-4469-bedf-59c804add659
f6cbd61d-95f1-4c53-805f-04d422736094,MC,1ec06e0b-a48d-4881-b03d-f8fddc1d56ac
87cd6b1b-0d1e-4a15-869e-40bfd614e1c8,VISA,9fd7d96c-ac8f-43ce-8d55-c2af17bd5167
f3a41adc-9b4b-42ac-9808-eacb01d822e6,VISA,6ef961f0-1a81-445d-b601-dfc0e4f31de5
c60f6368-055a-4c94-9700-1174d74ca961,VISA,aeacac45-92c7-4d11-80b3-f20ba5943c4e
acf949e2-49b6-4c81-87d4-5f655a9cf905,VISA,18350efb-3bc4-4ba2-9e02-5487db654efb
5b04e5e9-bd55-485f-8264-d67ce72ce9f8,VISA,d9a1f69b-9a9b-44d5-b923-4c357486890f
1a890742-add3-4026-8f05-f8bc91e7ce6f,MC,c02801ee-616c-4884-8c1d-2162ff4ed81a
957d2e49-0474-4c63-8c25-4826c72a2103,PayPal,0eba625f-d5f2-4454-b22b-1bafdfe2a331
e9383306-114d-422c-857b-3fdc874f31d4,Discover,014bba52-6c95-497f-bec9-6b9a2fadf8e8
c5947235-cb79-4a98-881f-329d93c277d8,PayPal,dd87005e-ed55-40ab-b381-a693ccb0ccd4
f378b8a6-3c31-4eaa-a7d6-46de8825f159,PayPal,4758d365-807f-4c44-843a-9c0c3d740e58
a7ff683f-eca4-4b20-be8c-a23e39bf1b73,AmEx,8f725a5f-9fe9-497e-8c0f-5976c47de5e6
37a5437f-f74f-4493-a893-d4f39683b80a,VISA,04bd5eb0-39ee-45f6-9410-43a6d72e58a8
6b94fa78-2896-479c-98ff-0b549cf432bc,Discover,6e529257-fae7-490d-b283-63da8b7b964e
c69e78ba-a9d6-4fa4-98b6-406a13f1f6e0,VISA,849c6575-d02b-438a-81d1-b30d1e04803c
82cca58c-d3ce-4de8-9013-b7159edf1753,MC,06439154-b855-49ec-901c-e97e4d58682b
f9fb4125-dab3-449c-aedf-b1f45e330070,MC,b44373e0-0b7d-4340-8de0-14726264bf12
75f91b75-d0df-4c09-b8d4-edeb86547b84,Discover,86673c8a-52ba-4c14-958d-c43731dd56c8
b85a914d-68cc-4891-81f0-6cd7936e2ae4,AmEx,0585709e-4acf-420a-971f-bcd29eb2578b
2f540f2d-9378-46bf-a909-f1734d59530e,PayPal,40b24c71-1b49-483b-9c0f-017ffc8a4300
73237564-64fc-4979-a752-d8cf0f30a901,VISA,f104dc03-40f0-4633-97c9-ad70700024d2
f704b633-369a-4b8f-8a7a-cd76a6e9b5a3,AmEx,ac9795d9-afe9-461f-9b7c-79eb9f5565c5
74b43aeb-b73c-48c8-a85b-b80a5366fac2,AmEx,2d410810-0d78-4dc1-a332-dae1c77b4c52
ee77493c-d7f0-4ba8-816b-a9aa65cc75eb,Discover,c268c57d-fde9-43ae-b120-86e9e31b9fd6
7799561e-cc43-4951-be44-b1468a255a16,AmEx,5fb87497-4665-4d4e-a41f-5312fe75fbf5
f940dc88-5543-46a4-aab7-d0ccc5b477af,MC,0df5f73e-68b9-4a81-a34f-8f51b7e1a741
b7eec5a3-1cbc-478e-80d7-044fdbffa992,VISA,18077851-f83b-4aa7-9075-3926673f17d7
710d34b7-dc06-4ded-9506-7b49e54535b7,MC,359f192f-5e86-4e81-a023-e9a687e70866
572805c6-6a3d-4e1d-a623-4b833282824e,VISA,87a6df2a-d24b-4641-963c-f3113a205c47
0e9fdbb9-a2f7-4792-a6b8-78b37e964a87,MC,ddc35864-eded-4877-8b74-1225c04aa443
19aa890a-fc59-476a-920a-873f9abb3cf0,VISA,e2ed19ce-d29f-44c2-9782-524f2203c331
589ee1be-9156-4a18-8f43-631ed1e67c56,PayPal,a5ace9a5-d4f1-46aa-aa60-054406c0ac42
11b13272-17ce-47a3-9daf-5df686a89a12,AmEx,48733d43-4079-45d4-a33f-eea8621f9ca3
fc17fb09-0666-44c8-a8bb-3ec9bc6053eb,AmEx,6d0430f1-cea0-45ef-97e8-cbb2e91067a7
e429996a-7280-4be8-a8c9-1cc17a114bec,MC,a7e78efd-bb51-4fb7-b7c9-4a39ff95bdc8
cce84f8c-6452-4160-a22f-fc88179b497c,MC,31b4fdbd-b9a1-441f-8a4a-bd5ffe3af6d1
2f396bbe-ffa2-47dd-b25d-b35a52fbb2ce,VISA,ed327af5-755a-4ed1-926e-76c37fc4f084
6fd83a99-aa7f-4f97-a861-db2bd289a12d,VISA,570f1200-db7e-4714-917b-4a8305b6fc55
74ff4ef9-7f1c-4c11-9fd8-9c6f927e64fd,VISA,fec7d007-8a88-45fe-85c0-f3cbc720b404
512af237-c2dd-4496-9b53-a42f9b5267e6,Discover,1903cb6b-22d3-40b7-a463-6fc21172d924
41b26b7c-2150-40ca-9a04-0321a5e51f67,VISA,bbec2030-1f57-4e24-a038-10d8f67ce779
2c24cf17-f5a9-45f9-81e0-0bd11712a3ac,AmEx,7f1532ad-6347-4753-97c1-67ae5c69facc
c0db1de0-cb93-4c18-aca9-5ce19aefaee6,MC,35c63927-1b48-45d3-9c19-4734ba9860fc
a11d4570-fa0d-4e1a-af2c-f38037a55e67,MC,ca9f64a9-f5f0-42c3-9be3-23308d335455
93c3c4c7-8ca9-48dd-9db2-464f2ada99b6,VISA,81296d44-8bbb-40d3-9c34-5c46f573c8c4
c8f835e9-def3-468e-831c-91e0636e9cb8,VISA,8a1244f7-1e82-449a-b969-a26741fdcd0a
edd75dab-a307-4319-8182-8198f8ebb7b9,MC,37b97bdb-5fb0-47f9-9a8a-ef9857323cc1
03e63cfc-0dbb-4b39-98e8-66a95f3f10b3,VISA,6351ef1e-4509-4812-b5f6-11296aae2f02
cf8feb01-d2e1-4860-8a77-77dcbdb4cb7d,AmEx,b3880fe0-ff4c-4b6c-956e-41078a788da6
aa879162-1f69-438a-bfac-de22bdd0bf1e,AmEx,a2a51f31-9984-4230-8490-933f3d5cf4dc
686d6e3e-cace-42ab-abd8-426f05407abd,AmEx,b9feddc3-29a1-49b3-8909-d2718dbc5333
5c02d21e-39e7-4604-a210-3856d66c6fa4,MC,c747cf8c-bf85-4b08-9a6a-a77d1b5ba78d
7c2bf158-88ba-4a20-990d-6466f15045ae,VISA,f5eaac47-4e0c-4d10-af7b-9cb46df3160d
0271a963-3a9f-4d67-a72d-7b2b50d06ace,MC,1faf1d59-49f0-41a9-afbd-d04999fc11e4
c70a9088-2ff2-401a-8264-a8ea69eef6cc,PayPal,1e534fcf-afba-4cb0-abcc-c8e3f4c18bf4
4a3c0baa-f4dc-4029-a91f-8f7e33bb494e,AmEx,79677d32-495a-4f67-8247-16a1a7fc4a9c
6380fd41-2158-46ea-97ef-b69e5a8c4f95,PayPal,5270d5a6-6ce5-4afd-b9a4-d24a693c480c
56832bf8-c338-4a35-b07e-1f823d0e61a9,VISA,0667867f-c089-404a-8bfd-7757f5904fb5
72ef3fae-ad10-459e-8a15-e316a7e4588a,VISA,74b4421e-203f-43f1-b26b-ecea39ef6fa6
5f1aab82-2ceb-49ae-89a5-3129907437b4,VISA,5b8e233c-043b-46f1-8eb7-0dead5d30244
0deca382-047c-4b35-b363-934286f0cbca,PayPal,1d630ece-0072-4907-9e8a-d3ffe4d07974
6ea53048-48d6-49df-942f-532ec2302d1d,MC,c76a88aa-58d6-4a00-bac3-c8ea57730a76
254ff70c-e3c2-47ac-80e8-7eb8aabb55fc,PayPal,50168746-4681-4078-8801-bfe2dffdf088
364b9403-9d27-40b2-b81b-281c27cca818,MC,28ec017b-46b4-4eaa-ba49-dce3c902268a
01f330c7-ed10-4af4-8f8e-a1b7e1129512,VISA,692cce58-65b7-4e7d-abcd-3864592d43c7
4a1d5b94-eef6-495c-8652-a2163b731603,AmEx,3f1e82df-2e34-4664-b440-3391c9ab496d
ceabcd93-d4ea-4d9e-a9d2-682541d5dae6,VISA,f3dc0231-0c95-4603-ada4-967c230dd05f
10df6d39-f1ec-47b4-bb60-8e76330c444a,MC,5880e48d-e8f8-44c6-bb80-0fa896198a61
168bcfc7-3d04-4229-93d5-d1c09421525f,MC,79b4f4e5-5ca7-4c3f-a6aa-77244f2a39d2
fe8d216c-fff9-460c-96cc-166a8f07ae9c,VISA,85d85965-d4c1-4efa-b35c-bad2a00f4c2e
6a3e69d0-c777-4897-8ffd-6ef62ab66462,PayPal,d72b9c61-5a76-43f1-be1f-6a80a6b3b140
be29acff-4ac2-4f3e-a346-4d500ffdf50a,VISA,a14bd591-bb58-4a14-894a-e470ed144cf7
bce0c830-50e2-4011-9919-9ba46507ef78,VISA,39904c17-641e-434d-b103-98ce538112f5
c56386e1-8b58-445d-b5d0-281cce71e4e2,VISA,ee5ea0f7-9541-481d-9671-ae1afe0f65e1
aba85769-2076-498c-b252-efa31d3e3c0e,AmEx,0b560e63-5a3d-474d-b5e7-5e7011631a38
99aec1b0-4cd3-4797-9b44-0ae76793e4c3,MC,139ff7ea-a415-4328-9bb0-7a1e23409c8a
1686e2e6-e85b-4052-bd83-5b3c0ba4b337,Discover,6c3834c3-e790-4be5-8592-bd9b09d2dae6
f991d694-40b2-44f4-b5b5-c8b415ba6775,Discover,6f481cd9-edff-4a36-9c42-3762d8fef236
892b8ecf-fea2-4c87-b15b-d38f2a276684,VISA,23f29dc7-f098-4e48-a8f0-b114892b1412
5b0a624d-95e5-442c-997a-3e8b9240c6bf,PayPal,b291abc9-f7f2-49be-aaa4-a16795cb5da4
eb70732b-7ea0-469a-9700-33fe6ce59690,MC,a3839ab7-7cf6-404e-a26d-7800766c5472
461c2bc0-74ff-41ec-8f67-2a0de8227b49,PayPal,5da26e20-300b-4b08-b34e-d133f533cd3a
9bc13de6-ac66-46c0-a90b-373718dfc513,Discover,f6864715-9697-46b3-aca7-f9d8bbe75c9b
dcf8cc3a-a8ab-45ea-905e-0628136ab38c,VISA,ad58c529-1e9d-471a-8022-5e78218c07dd
1093e748-4d7b-4849-96aa-83125cfacdd0,VISA,2fb46fad-e0d6-4766-b0d7-58cabfb89125
64b1211f-da2e-4f26-bd5d-0830236a0991,AmEx,1a4f31b3-5d27-464b-8514-0191f8798fbe
a5a10a34-9cb1-4a37-8729-b810ce357936,VISA,14174576-88a5-4b3e-b82f-f7811de58b87
f4a1a89f-4a95-41e1-8447-81bcc7f7cd86,MC,4fc526f7-71ed-4374-b964-f443a24b29a1
0107428f-8813-4f05-84ca-fded053bfdb2,VISA,42dd872f-ac79-4a0a-bb89-97de9988c6d3
8b479ce0-b4b0-4a6e-8a22-b372723d9c76,PayPal,9eddc69c-deb6-413a-b4f8-2d0de8e1384f
10a5462e-d299-4ad1-8bad-0f16c99674b4,VISA,0ef75f48-dec3-471e-a1f8-181bbdc3c5bf
80cd4dfd-72fb-4a66-87c2-40f319662f83,AmEx,039508d2-3613-46c9-b135-3c17064d6a05
ac4d718b-37a2-44e0-b9fe-26604c6e1d38,PayPal,388a8522-338c-4590-a04c-a05f62b75b69
00c1248d-5981-4fc0-b3d1-83134b5bca8b,MC,152213dc-263c-472c-b023-3767afa96994
7591c493-4674-4121-9c85-b6da2b01a46e,AmEx,daf877e4-3897-4a9b-bb7f-ffac144bf012
3899e890-266f-4f3b-9ee3-4d7a4f40e6a1,VISA,ffe94ff8-1f81-4927-a171-2eb6b82acc86
0e943339-5c0a-4417-bdbd-10d7c463b866,Discover,77be5de1-9ff1-413a-8e60-b22ac64d9d7b
07adb642-95a0-4ab2-8466-3861b48cade0,AmEx,949989ad-c86e-4c52-9b22-7e66a26aca04
c5019960-2e49-4ccd-938d-4571f85783c0,AmEx,182b8b2c-2eea-4541-9b03-71a4c0d67c64
c3a71783-a55b-46e6-8a9a-28983a2f3477,VISA,f61eb0de-79c8-467e-996b-0336de38df16
443fbb9a-62c1-43ce-8f66-a12e8507a0ed,Discover,f1d32e23-e1a8-4f16-a2fa-0656cd92f683
3e6d10ce-cc4a-447e-b507-441ca4393ea2,AmEx,48b13237-92d6-43d5-b174-87fa27f72949
2295805c-2293-4577-bc4f-22b670f13469,Discover,40934418-ef66-4cb9-a5e1-88dd8542df76
5aadf195-3a1d-4550-88b4-2ceba2c77f3f,AmEx,8c35a6be-a699-41a4-975e-da2f99ed5783
656139c7-5109-423b-91a1-8ef5a8ff9658,VISA,81275524-b2cf-4aa4-9b99-7791d90d81c8
b70a4c28-885e-4888-bf69-5009517f9353,AmEx,072956fa-f792-4efb-90f3-014465899248
bb5caabc-ae0d-468f-8032-c8da0f20c4f3,Discover,c5ec7b1d-273e-4d6c-9918-67012062d94c
3ed389c3-0a37-423f-8faf-1145bef30127,PayPal,f96db0b1-874a-424d-838d-3659c1d5fd1f
82ca6ed0-0e68-4452-ab58-27805981bda7,VISA,c2d72fd7-db12-4615-8bd7-15d46d69723e
8204a892-3c7c-4a03-ac8a-2cadd1493bef,MC,71a2ff0c-e933-4d9a-aeb7-6a90d0927ac6
95e3b19c-ac43-499c-a745-1202bd430c02,VISA,783365f5-ccba-49f5-b0db-9aeff3afe5cc
335e7edc-1c9b-4237-836e-56ed6cf33cf3,PayPal,8a3c8c51-c47d-4c70-bd9a-9fd983da6258
11ca9123-2ee1-4c88-87c4-460199819708,VISA,51736749-c829-4973-979d-845e9694e665
ac356b69-e8e2-418c-9bdf-bf3cfcee1055,VISA,2034edb8-c480-43a3-8201-218c0e61ec16
360f804b-1031-4813-8393-12c98f29ce36,VISA,df040b8b-d737-4856-b077-3d94d448b551
c355a008-d9e9-409d-8bc1-ee8f50185544,PayPal,fa8bfdc2-56d1-49fc-92f8-600d79a47a29
938abf31-7eea-4c2c-82f3-cf931a893f90,VISA,ce078c85-bab3-403c-af65-739b07207426
879252b5-d275-42ea-a697-1eb28a6e19d5,MC,379fb9fc-a746-4ac6-b0a7-da9084c5d9f5
bd34968b-7e7d-41c6-b860-7e6a916f4e11,VISA,085b93ca-a0c5-4fbe-b938-0648884879a6
75eaede6-430d-47a3-8215-d32f8eedefe5,AmEx,30208f88-cc4d-4a93-9c34-cece5bf645ab
4ca95645-f478-4a04-aa34-41cac1aeec52,AmEx,c2990136-c322-4d5c-ba08-72bdb74e05db
bc61d59c-9bf8-4540-b3ca-3d9d24c908ab,PayPal,6c37e12d-9e7f-4517-b026-23b0db1d9663
05428b72-86ad-4e86-8a48-81522a325354,AmEx,e866c68f-ed10-4c7a-97d5-795e60050b90
e71eed5b-7362-4ffb-898e-8e941d51dc17,VISA,22d1a735-5d6a-45f9-b73b-7cf7483bf11f
bf94d17f-e6a7-4f3f-96e1-9512ed493644,Discover,0e6aeb08-f7a5-4c12-a2dd-f2cac5c4d105
1b5de683-618b-4e8a-999d-5c7f5333a144,PayPal,87f45b9e-f2b7-4126-99db-bb410e475f7e
866330b3-9c03-441b-83f9-e2d9068e6c3a,MC,e58eaf32-ea97-41ac-9adb-ed7176978c4d
136a60c8-7a6f-46cc-9263-30a96936ed5f,PayPal,04296936-18f6-4e5c-9c2d-4025ed0d26af
155d57ef-ae3e-4018-b5a9-3a39181cd23b,MC,5474ac96-b678-43b0-92fb-3900e4b06128
1166fb4d-12be-4670-98f9-1cd61aff8afe,PayPal,cdeaa4ff-a4ae-4930-8a6b-e55930e0c3e1
c4728986-00bb-4ef7-aa7e-f4a272d65a81,Discover,dbb64991-b3de-4a8d-bb57-56e7bbe5c356
0a108335-1692-400d-a3d6-d2ee5ab0f99f,Discover,bc09ee30-0866-4eef-80ef-895ea8f62b01
6b12bff1-f6f1-496f-8ba6-97b09a8c96dd,Discover,258007c6-344e-41d0-887e-b91e6e88eed4
759dc5ed-f28c-4a1b-812b-afff35044504,Discover,199745fb-3cbf-4bbc-907a-faea8618d916
41fbd8a5-bfdb-44fe-aa66-9a785b28cf9b,AmEx,a77087b8-4ab3-410d-8818-e3a66685ff12
62b0cdc1-ced5-484f-9151-b2e9b68f9ec4,Discover,bc17d485-8a34-4f43-9d3f-11af47879b74
fc55b1b1-7291-4f3d-a49c-d51f87b26c64,VISA,49cfe1aa-84d7-4a79-9483-78104d6bb834
79fda3b6-16f3-455f-bef9-c499e424ebda,VISA,9816c12f-7002-4924-a339-ee69c2ee224c
ad7fee68-2571-42dc-9bbe-0d5370d9bba8,MC,5e52f65d-95ce-4db9-88c3-2c39c0a2e272
2703bd23-daba-4730-9513-cf4976713754,VISA,2ec28fe3-8242-4ae5-836d-95e0a33583e2
e5d761b1-3562-4c33-9c90-86789fb203cb,VISA,6688d54b-5509-433b-85f2-cf624eb69f37
b8b78d8d-4222-4e4c-9854-3fbfe574750d,MC,b5589a03-afc2-4cfb-9018-eb195a7cec47
94311d8d-2ce3-4f39-9d9c-eab80aa9a2a8,VISA,54cdf975-19db-49bc-885b-7f253f28ba07
2b556698-8c8f-41fd-9c69-7f7be5ba56cf,VISA,6b2fee5d-9c76-4e89-850e-5165d59bb4f5
1afaa963-1b3f-4084-8b2e-21659f925f71,VISA,26ce4cd3-6ce0-43ec-a698-5babb6a86015
85739b2c-ee9d-4139-ba7f-ab49404f5b8b,MC,1e3f0add-b048-4aa1-a060-cb91cac79fd5
3b70e2ff-2559-4883-8bb0-f656a3c5de8b,VISA,cf634fb8-6d6a-4885-94f7-9c05a9b0dadd
b48b3180-7471-4953-ad81-3de5ace64ebd,MC,34c33fa5-a48f-4c7a-b575-186e04602f17
1c895716-a7f1-409d-ac02-1a020a0e198b,AmEx,dcd1bba0-78db-443d-a8b8-55bb4f6394d7
4f761c5b-e5c0-465b-b35d-e64ad603e44a,VISA,38360be7-159c-4460-b961-778d44a682e3
9ebce087-a960-4573-a3d7-1d644884395f,VISA,37442078-4545-4af5-a7f5-ca72a29b096f
be3db805-c4f2-4110-8c2c-f4e26c479d82,VISA,d0d71525-096e-4531-8067-dc581f316ba8
f6829f26-d087-4318-a4a8-d572823aa4f2,VISA,99033f06-01b2-491d-8644-07bf46d17d6a
4f431e39-d6c8-478a-845c-f1e76e3b179e,AmEx,9576a832-9216-487c-995b-f8a7df0a4399
992677bf-9f83-4ea4-9f98-a1b64b9e63b0,AmEx,89d1b71a-c0a6-4037-9880-edfee756b556
08c7f5bd-12d0-4f93-9606-4f0430eb964d,VISA,92761b17-a76c-4d49-8fa6-6691479ac422
e2fbc1b8-9644-4817-b587-0419f71e0d76,VISA,66b80973-9d72-4894-ab93-4df3f2011ab0
b6de87c3-bb58-4915-8d8e-7a33afcf802d,AmEx,79160c0b-1ea2-4fa9-9d9c-c08a782783ef
ed49b2e8-a502-4ce8-bc32-ff6d9f703222,Discover,6872aa56-7e84-4d17-9540-e2ae934f7271
5f51cde3-5893-4fb3-b245-6738045fd11a,VISA,f7dbef86-bb22-43ee-9729-b6c15c641a04
e2dc3ed1-05f2-4b3a-a92a-10ae3a423d2f,MC,a45f532f-a107-42c6-a4cc-e3a88d9e0ac0
c26211fc-e4b8-49ae-8388-adc7dfe8a692,PayPal,e15dd848-ea02-44ec-9d6c-0432d323f40b
8086bee3-740a-41a5-b197-0a793608baf0,AmEx,97350331-1963-499d-8be9-0f1f6cf81511
8403cd12-7196-4473-aea5-ce2f08ea6827,MC,9825b04e-8ec6-447e-861f-01f27ebf4bb2
c8c8a1db-2eab-4a04-aa13-a64c7284d53b,AmEx,fac96fbe-b70d-443d-84c5-65dfc6fbc5a0
6ca0dca7-5a69-40e1-a84e-40a893074e94,Discover,2ffdc304-335a-4706-b458-e41dc9a0d2cb
6c16be93-3cbf-471f-a9cb-d0b9f79c190e,VISA,cd87cef8-d305-4e9a-b101-98658ea79a8e
344878a5-6d94-4db2-afc6-94eb8433d76f,Discover,a10d0dbf-682c-4918-82e8-505c73ce2fe2
d7c78f7b-9ecb-4e0a-a15d-2f3314e97b18,MC,54b21ca8-a138-44e7-a414-24d4d86ff01d
6368b1f7-177b-46f2-a430-75decbf7d174,Discover,7c2835fc-f205-4f2e-be69-4d9062d41ea6
7656d248-d9f2-4bf4-b14f-2703918635bd,AmEx,f33b0319-1905-4014-8e85-73ab0287a002
b2417e3b-edc9-4639-8e3d-07489577c0a3,AmEx,2dbdf12c-5dc4-4c31-a1a1-1127d4c5de25
d40571bf-fdde-4f77-97f2-17e1b8935c5f,Discover,db81ee5c-2dae-46d5-9020-3ee6f91850e8
afa103b4-f284-4440-8a8a-8f9c945452df,VISA,47626fb0-f29e-4eec-b0a7-3f17cc3ae41f
114ea64a-21fc-4c3a-9fdc-c26904b4c193,VISA,dcc98692-f667-48e7-a32a-5901e014c595
f44ecebe-4b9a-433b-8969-109d03bc577f,VISA,e33d368b-7013-495e-bb41-7921926564ef
f47329a2-6c68-4a0f-92fb-e656fccc8ab3,MC,0c77daad-90d1-4629-8b7c-af8ba9bf30bc
2490caa1-eb29-45df-a4b2-12ff13aaff08,VISA,8d290c5e-f37e-4e3e-a83e-5977990f4d00
a3c5d43a-f5ad-4cf7-86af-1c2994e73787,MC,827ed6f8-20da-4038-9a36-6cb83e9c9daa
885677db-ecbd-4630-af8c-de2b0baae7b6,PayPal,3cd83452-15ab-413b-9181-03bcbab97c60
3bd84b23-0b68-46f2-91a9-2f73ad9187d6,PayPal,ba3ae838-18a6-47e0-aa0a-6a7e9ae85e5a
32c19d6f-4eb5-4568-bd13-8b73e6e42549,VISA,9eb4b8b0-9b01-48e4-ae4e-27374ea682bf
558d2fad-5a92-484a-be82-6c3c39f611f5,VISA,b295e68b-0f8f-4485-9e9c-00ca981546b8
75786eae-a54a-4fed-bd3a-1edc20ce43fa,VISA,7f3e8f5d-5bb1-4f83-862f-51f061762e41
118fc34b-7bc1-4e47-82cb-f79a19b9b468,MC,f3a9d99b-4c7a-4e50-9589-092f56e9111d
09909022-f17f-41dd-9d10-f2f84262e247,AmEx,bc13fd11-8521-4f28-9cce-4f70bc3fa3ed
5dac51e7-514c-46d4-9822-5e10484d257d,VISA,3d8c33a1-ae9e-4f97-ad95-71f582e36e9f
432dad52-b670-4746-a31a-df42cdf03e9f,VISA,8cd6c37e-be9e-4555-8483-1a71153d2027
ecdea4ba-401a-4051-af34-c9f7bdcb76ba,MC,db97d735-2ca8-4cce-aedb-2beb5c5d03a1
c8c375a8-df33-4361-97d8-9314ca98df2d,PayPal,1e7f237c-a2ed-4197-9834-1484761a35f6
77b231a9-53d4-4595-ac09-6ed84f7dd291,MC,1fc9b451-4e61-4804-bd45-6217a1793227
40121ae1-5db3-4098-843c-ca13cd7d9fcd,AmEx,de9a5cb9-70e7-4aeb-9fc5-ddbef6c65e1b
627ad960-12bd-4948-af48-858aced74ced,MC,212f6264-0f9e-4977-b489-3593caac556a
eabeaed3-b0fd-4642-a8a1-a479b51bcdbd,Discover,dc86f153-5ddc-4b5d-a542-d281e08dd0e3
cac7dea2-51f8-41f7-a84a-823a362f6a8d,VISA,0dbff189-da4a-4273-8a02-8e5917dc6c78
709d9c5d-ed85-4875-8c70-c1c1f5ce0e4c,VISA,868cd35e-2b51-4ca0-8135-174041ab3f22
0c29f6c6-b2bc-4d93-8268-da381731bc24,VISA,713ea425-86b1-4891-ae53-0aff13189234
510828b0-67e6-4771-91c1-f4603916c77a,AmEx,831c1c3a-1a1f-4d15-a5e1-734dd73d29f7
ce4ea98c-59ec-48df-a087-363354871815,MC,faeef756-d266-4a54-8d9d-e32252074a28
03b29fbf-e610-452c-9a9c-18a662d34e49,VISA,cf862b33-d4d3-4755-a15d-43629e8d53a5
f9520916-1583-4c89-9306-d5347e63e0e7,MC,1fabe91e-966e-45a0-adfa-eb7107eff37e
d48e9651-f744-4473-9264-bc0232db6726,VISA,c650602f-5149-4478-b3c1-1f241019bd6d
d4a8eb27-7d7f-47b1-9f03-b5b7023ba641,AmEx,0d1e60d0-894e-43d2-813f-8989c78f3c97
8ee701fe-20e0-4279-a6f2-3bfbf469ff34,MC,1ced03b7-566a-4d43-92d1-6053cb27c31c
f43e4110-ee5e-4fa1-aece-e217b05cbd97,MC,669990d8-96cf-4f71-967d-f57e4fc46d2e
3df7a0a3-f737-42ee-8692-64bf3103027e,VISA,207fa3c3-bb24-4abb-bdf3-fea1ddb488e4
0acf74c6-1e15-4f3f-8a52-b3401321a310,VISA,1292f54c-a7ac-421c-8913-d0c2befffe40
b226d360-9192-4132-b0ce-afdbcff3e274,PayPal,ae4f2cc2-3b28-4c49-9f4c-37368866a015
0c890410-5c7f-4845-be4d-a070b217f06b,MC,7aa8f3ba-eaa1-47bb-8e7d-a0a19f6bb3f9
0d0681a0-e340-44d5-b196-d081554e38f2,Discover,3298ff57-de1e-4040-a5c6-5dc3df8fe8e8
8043be35-da1d-4dd3-b785-af0d17272502,PayPal,b0e1bf3d-46e6-4061-b406-e748b93c5546
be0f322c-68b7-421a-af79-e7a002eae6b2,MC,0e288a53-b495-47e9-9eac-35ea23b2317e
5a3db76e-9346-4801-a122-2b1699bde0c9,VISA,e099177c-235c-49dd-b737-38399a2e868b
ff1918fb-c89c-4d9f-afc7-9cc49393d0ea,VISA,38436711-9521-4623-943a-a85927d63e38
be20c74b-621f-429d-96ae-d6633d864afa,Discover,1475e632-2bca-4f50-b165-86039a6f882d
7eb04c6b-e5e0-4688-bcbe-52d134648545,PayPal,23009510-5526-4e79-9014-74b9f294949c
9acaede3-b17a-4e97-8a44-aca8ed07a3ab,AmEx,7c3db804-911a-48e6-b36d-d568dfdde823
df4badf1-bf43-40b6-8557-490d99bb126d,Discover,70013843-dee3-4364-b9c8-df1d8d01de07
50b5bfd2-4a15-45b4-8292-c50acc52018e,VISA,83ec6235-74c7-4c65-90b0-e4f40f3a13a9
947a955e-82f0-48cf-8eb8-018a7f69c73e,AmEx,c2d47c64-a885-4695-83e2-aaefbf565280
4975ec88-e42c-4302-bf9b-ca19bdd9f10d,PayPal,d5efefe9-270c-4ced-893b-9367076a7962
bd28a7d5-7ef3-456c-8295-b3f3f4a19e4c,MC,bf048f3a-6f84-4b2d-99c1-bdfefdf0be97
657fcbaf-0451-465f-a124-d30ff87de0fe,VISA,fcdd740e-79d8-4e5d-a484-416cfa2c038b
89891cae-2c95-43b9-932d-6126a8dcefb7,Discover,d4ac18bb-1cf3-4098-af7a-8062a84187cb
ef0207bf-c437-464e-a13f-06461e78a70b,MC,f3591c5d-94fb-4626-befd-f00e9f97f47e
893c49d4-4b28-458f-97c9-c0c34e812b20,VISA,818e22ba-bcd4-439b-8c45-a38ccb30dc4c
7279f5f0-637d-4192-b246-5bcbb2ca0090,AmEx,be4edf03-4c54-40d5-b899-df026ce8bccd
95536cda-6499-4de1-953e-9aca39aeb656,Discover,8b7ea161-a576-46f2-915d-9ac60a3507b9
9587e328-4fe4-435d-b24e-3985bf7f7fd6,VISA,207ab620-ab73-4e01-b03a-c16452120e94
c193e248-2a3b-4fb4-8598-eb5506f6ef77,MC,28e7513a-78a3-4d7a-894c-0d6ada1b7e7a
4ec20586-35d1-4051-9f15-8eaf319effcb,Discover,5edf4686-129c-4415-94ba-9d382b5e92ca
df43501a-c01f-41c5-89f3-3dcd32819303,VISA,65c6d9be-4b10-4485-ae65-4673ecbc58f8
a403bd02-104b-4485-af59-6490b91300ee,VISA,fc947d2b-46c5-4997-971a-cfe3dea66f80
1996935b-6348-4d7a-b932-97335e9ab05b,AmEx,b10c97fb-0a11-417d-a09d-cdb5f34b0538
2a36e520-8066-4227-b2ce-3a8659749007,PayPal,bef28266-c2a9-4294-9d92-973094881569
62a85125-ac4f-437c-b749-bd1b5002325e,PayPal,f6ba909f-8073-4e46-877b-972e87bedd55
929133ce-481b-4981-bb9b-9665fbc66d55,VISA,8a74c020-642e-4d30-8598-57f2b8f15786
00b33a60-11d3-4224-b983-f0909f72a49e,VISA,5a0ad5ce-5b78-42ca-b9f6-585816f001b3
73a922d3-8b2d-4c30-aabc-1d68fd18afa5,MC,6df33e19-2bbf-4fe9-8adc-26a67b0090e4
6cb93b98-654b-48fd-a82c-156b7e45841a,PayPal,6ad23aea-111a-4d2e-a158-8eb0319861b2
4aabf50f-4f31-479e-bdde-bf0bff0c7349,VISA,2f60a862-b50b-463b-951b-99a45aced695
96dcfd76-2692-4e87-83f8-397d64498577,VISA,1ae6eae7-1728-46d1-be5c-c7b6d29b6584
9f93cb98-3af9-4d35-8394-be89bf05edc8,VISA,ef2d62a8-92c6-4c4d-9ef2-c719a90a2d0a
b4bdc152-3f0d-4696-9e05-7e38f05ad505,AmEx,27ec036c-d8aa-45c0-adb2-759fd4bdfc42
d7c54f9f-8861-486c-b42d-f73c0c2a4e19,VISA,9bb1710e-4093-4f93-a069-2f5b26a9ce60
1141f8cc-e0fb-4c70-b5d9-5ddd074737c6,VISA,61acabc3-c337-41c6-8622-642c09f3980d
03dde1c0-dfa4-4c41-97b3-f9d367040c04,VISA,70441a8b-7298-4613-80c6-5c12a9ec3e26
a9db524a-dbd3-4d3e-a987-d84fcbf05336,MC,10ec6eb2-e2ff-41d4-85d3-d0355b1cbda4
2c42cb8e-4366-400a-9dcf-456f50f51ab1,AmEx,def1ec7d-64ff-43e6-bc1f-1f0cf52370c3
4a65c80e-897b-4981-99ff-7944fc4eb704,VISA,864ee98d-fc49-4937-9d33-ba8d22220ccb
923df144-54ee-41bd-9e63-39b3ccef71a4,Discover,b2144ba5-2942-4ad6-b307-71c0cc85f556
438e83b7-6f72-46e4-be24-626309a78457,AmEx,7d828ca5-b276-4b77-94e4-f8d589d55235
2e89ba4e-1372-455c-9936-867fa7f82cea,MC,064ab545-74ac-442c-945e-bac7e23fed2c
3deeb21b-9f95-46b3-9619-bae74f780ae3,MC,9427e7b6-b8a4-40ae-8456-86939c420d79
c85d6aec-06a7-4578-94df-3b0242b542b1,VISA,54c9fa92-cb16-4701-8ff5-0d724b016cfd
a4afeb54-1d1b-4c5c-a9e2-96da12b90b4a,VISA,457b656d-c1d5-4456-a69b-6addabb2f391
034aa93f-5726-4583-9e16-09e6b327235f,Discover,9edeac2b-f20f-4c2c-854e-0371490e0e5f
dea4cd65-3ecd-42b0-96c1-a0a31e9e8ff1,VISA,2824bceb-6ffd-4235-919a-02d795f26b95
ebdc80b7-5bff-4391-b166-1cc7bc83d7dc,AmEx,a7d14dca-d0a5-48e3-82d2-4924dfc041da
02618449-c070-4926-9e8e-bb01f0fbf6a0,VISA,957021f3-916e-4bc8-815d-c4cdf7a152d6
1ab0fc11-1964-4faf-a29a-e74fc06b251e,VISA,9ad81c34-b4e5-4424-bbe2-fb015a4951a2
fd1a9119-f972-46f0-b29c-6621bd4243d1,MC,457f6798-869d-4e97-8d26-f84685455408
2313f2b6-1a10-45c8-a397-f6eef84d1287,AmEx,48afafef-77bc-4049-9e28-a6d0179c98d7
794e184e-0e2b-4be2-8235-97bbd783fe5a,VISA,b9176811-6399-4e6e-a796-de10a7a9d2c6
db38e44a-c74a-47e6-b6b4-b9e72affa102,MC,dfcb2e19-8b0e-44b5-8674-c574956255a5
2179599d-84f3-4dc1-aa7c-c69f45ea96c8,MC,a76a2587-c530-41d9-a90f-5b224b8360f1
4ba9dab3-ee29-4043-a5b7-aa79b6cc0d8e,MC,bf55977c-cf3d-46df-b477-405054d87515
6ebe730c-38e6-4c56-94f2-87fec3811f48,Discover,2a0b7862-abd0-4057-88b3-6df41dcfea6e
45d150d3-c741-41ff-bb9d-b31dbe105d1a,MC,4366defa-9b31-4f54-868a-6a1b94dbbf1c
720abca7-71f2-48b1-a78c-b1271ce4ea4f,VISA,daa91283-3ff4-49ab-b58d-f2dc11506c4b
8a2c8c06-e534-4a28-88b1-44e478845818,VISA,061cf8a0-faf7-4d5c-89ac-938669623aef
cc5e326b-5b90-4e4d-8073-9219f6f18a23,VISA,b3316d5a-67de-461c-887d-507141f90d6f
8e543290-4224-4061-9a46-af8414e5c71c,VISA,6b4f47d5-9df2-4d71-be2a-bc1bf54a0f99
3e0849a7-4dcd-4aaa-98e7-8615b7d91539,AmEx,28af8e9f-1ff9-45fe-8617-fb2b4a4d848a
b879d0c0-8c2b-4ffc-b793-53a3e8524cdc,VISA,7bea6396-3210-4494-bb25-a5cc767ca4f1
b5b41107-3e71-4cc4-91bf-a554642c51b0,VISA,4777369a-4065-41ce-b931-828f3853d82b
17927b19-3f10-45f9-b933-70efe1f7b5eb,AmEx,0b3503e0-4ead-4d14-bd8f-26df75ac2d34
a9dc56e9-f692-4aa4-ae6c-90089ab57553,AmEx,131afcae-7d48-4140-b01e-2286abe18ba1
e5c6cab9-1632-44e1-98b3-900e9eddbefb,MC,6dd7114f-602e-43a5-b44d-c8e7e8928769
654f2c6b-c8a2-4b39-885c-a67aaa8e6d5b,VISA,c54d3401-2ce4-45d2-8254-8484e61c8d2b
5bd57aa4-6390-4f4c-985d-f2b0f2876fd5,Discover,973092da-3557-47a4-9bb1-75dff8241d56
30446811-0703-4891-94b0-9f35bd30127f,PayPal,1846bf3e-2aaf-4ea9-947c-df90e963505a
ec4896b4-519c-4d99-8a72-33a4d8054a8d,MC,453a6a0e-2063-4d5f-9d51-27216519ebdc
3627f0ac-fc84-4f70-b240-1e22e3e32f2b,VISA,e0b43e42-cef1-4078-9a8e-703ed90980c6
f85bda2a-b1aa-4426-b6b4-5ced881577cb,MC,e959b305-c17a-43f8-850b-06bd52ad959d
496be5df-8cde-4665-91fb-dc368041026f,MC,efe1fd9b-521e-4cf1-bf3f-1f11e6ff3416
165c6179-9d5b-4d62-9461-24da74bbb5a2,MC,b9ae5bd1-36f7-4a91-b034-b9d74ecccdf4
1e68e935-24d4-4c5a-968e-e1cbccaa9507,MC,0ae7b53a-7747-46d4-b1cd-7b5decfb38fc
9229abb6-9e6f-4748-a0ae-12fa2f77a1f2,VISA,bde5b25c-7370-4817-a92e-6bea89823617
6c2f4611-248e-4dd0-9efc-5a67cd9c69cc,MC,5928ff39-f41b-4037-8186-f4157ff70f64
f6a1c300-e261-4d77-9567-d4e6e3e7677f,VISA,32b54eae-6918-4087-99c2-0286fe8e1e61
04e74c5c-3168-4a95-b297-6dcdbc3fd382,AmEx,00ff42cb-8e31-4749-9ca5-36c515b9d34a
ca495795-8f7b-440a-b820-010cfd9c0adf,VISA,0c859480-2823-4ce8-ab6f-586eeb0db117
3f04fd79-2b96-43dc-bf31-754dc7d541b7,AmEx,5e74d9a0-7652-456f-aaf2-962e40d4b7c9
9c53e3b6-fd91-4cc3-8dca-070da6f08528,VISA,bbae4049-cf21-4692-90d3-df461b8a7b05
dbe2ee99-5223-430d-8206-da6888db604b,MC,52887a75-ccbc-4726-9669-e6e8479c5b7e
9ae13ba9-11f0-4225-a6f1-94e96dfaf91e,VISA,85e5e62f-49f6-4557-9269-12a8bd123552
77b4c85e-f019-4e31-85ea-3e147acf1caf,VISA,8e997548-a821-4412-a700-9d483a5444c2
0b3f8646-07ea-4ca1-89e7-583063cc5171,MC,9cf91cca-869c-4ed3-bbc2-0dac108eece2
952ef1b0-de88-4070-a583-ec39a82309e0,MC,0727acde-47b3-4ac0-830f-de4bc7987b2b
36097bae-54fc-45da-ac40-bf4b134b94d7,AmEx,0f8db398-6a4c-4de7-af85-1c32ccddb739
29011ad5-ff81-4753-929a-0a472fe08cdf,PayPal,27321bb1-bcc6-417c-a0d7-c4a691233dcb
334d7231-87f6-463e-8113-38235b874640,MC,a9ca1f07-6c15-4033-b13d-37ccaf71ed23
46557070-90ec-4c78-b4b2-1d82ada8947f,VISA,7751ee94-53f1-4f31-9868-d39f64b29dd2
527fca8c-c98b-4888-ac6d-d18f16d2a448,MC,e5a75ef7-7682-43ea-8e10-fac49fc64f4e
6927a823-61b4-4a55-8171-f6479eec744c,PayPal,27eafcd5-d690-4e12-b8cc-cf5cddf23446
c4df30fc-8c9a-4c58-baaa-92feae79dc53,MC,11894379-5b12-4d20-ad8d-d01128a7c1aa
310ff786-625c-460c-bf84-077cdf9aa282,Discover,3ae37845-dccc-4cc0-afe8-ab36beb60451
90ea334e-d4dd-4af4-afe5-7f6f317e0d6b,PayPal,8853b131-dea7-4758-a437-94f3e0c2fa20
05274502-26c7-4f50-a2f2-62a8614047cb,VISA,5bf1cc89-d123-44f0-a47f-00a874c2feab
7decccc1-b5c5-4f61-8fc7-bac43c8116d2,VISA,0c1879b2-6045-4b3e-b6a9-d3973e7994dc
1cd95d1d-475a-46f5-a4c4-fb5710711f7e,MC,0e2ae266-0803-434e-81ac-2238a22984f6
2850298f-64c8-4281-8922-97cd311aa137,AmEx,f090eaac-b8ff-4867-a7a4-3ea4ad8f8316
3c89c9b2-6184-4027-8315-9ae5359ae69a,MC,a59e8606-86cc-4500-a3bc-84ec3567be36
fc2173c5-f4dc-4059-a1b4-c6d55da5a00a,Discover,133f7ea3-5c31-4ddf-a292-42ba7ec8135a
f66d9ef1-6849-474b-8641-56f186601d81,Discover,a7e5d799-8e6b-487f-8bce-cebc2c80cbcf
a11e50d7-3247-40b0-9659-6fab43b1af95,VISA,23161c58-a016-4fb6-9c98-1464a5ca55ef
ad77efc0-dcb4-414f-a8e8-a591906b774f,VISA,10e4c745-4fd2-47cb-ba1d-2d91c89de5bb
61a2fc0f-e1a5-4cdb-bd81-9392d5569a50,Discover,0651e06f-5ce7-41d7-8ef1-37d945ebded7
9dd97a6b-cc8d-4350-b22a-237ee4f2d610,PayPal,c2689cf5-268b-4e33-8db8-2a94b3a23622
e846cf5d-9571-4bbb-bf2e-76fb8b5e148e,AmEx,e84854fc-7957-40d9-b488-7978e3bf9761
a44c04da-eaea-4e53-a3c1-bed236321243,MC,0f75337d-2fb8-4f66-90ee-4f284748f94f
f0fa5f9c-58d9-4ae7-a053-a72cb10e90fc,PayPal,d7d9aea9-b354-4c83-9a57-6b79a8c956a1
d78eee73-077e-4707-bf38-7393ff98fd8a,VISA,e0706096-3505-40e9-9eb7-1a10bc9b20cc
ef0dffd2-4906-4bc4-949a-935acf504824,VISA,6f07f573-4da3-4a04-94ec-60a468d181a8
d7b94c82-afc8-48fd-b594-d9c8c61f278d,VISA,894a88ee-a9d4-4402-a445-33e767c1331e
0573fd5b-889c-40a7-92c1-50b441d044ce,VISA,955d2ac7-16ed-463e-9432-2c08b46db7c9
c26534d1-4d7f-4e30-a17c-6f15aff10556,MC,ce6c4de2-f3bd-4ec2-9ed0-84322bde474e
d7e94d7d-5dff-4954-95d2-e806b7b788aa,Discover,5debfb75-2639-4b99-ac8e-bfc859c61105
fad5b33e-c337-461f-9d8c-e4501cc99860,AmEx,dd1064be-c204-4191-9de2-1abb1076a7b0
8b8b54e5-d834-4354-a92c-e5a475520937,VISA,5cf6035c-01fa-4320-bed9-a27e01e0eb32
46019174-1de4-48d9-b003-4c9aa83ea629,Discover,fbd680c6-872b-4be3-b113-f44adf26d9d5
da45b21f-6902-4cda-84d8-93050787a156,Discover,ad7e0855-9ca7-4f55-9648-5993e7227e63
147a9490-f376-4d65-a370-51e2dfab9520,MC,05ac9714-accc-40e6-99ad-d48fcbd0fe51
e55b6ea6-9f6a-4cd2-8f0e-07eb071a8f8c,AmEx,2044a895-55ab-46a2-8646-c057783f5580
0004b402-0a23-42c7-b112-515080be9d43,MC,c471beb4-b2ec-4a49-894c-ac9914c81302
c647fba8-aaa3-4c77-8c10-35db35484377,VISA,2edf3c9c-0c1c-4079-97ad-32d9615aee49
b13aeaac-87d9-4593-a825-acafb61c275d,MC,dc5a3689-a48d-4d22-b694-554817e373c4
af934a06-ef74-4289-994b-5b8d2dd052a7,VISA,60a0a54b-b812-44f7-9e15-78dd83e1609c
56bf3858-5bc7-4243-bbe2-87d21f64e187,MC,1a5ab16f-b240-4de4-b656-a6fd76e26731
f08b9980-7ba5-4faf-9167-83ac8a467c3a,VISA,9c995c3a-7fc3-46b3-8b5f-51af44fdc489
f7059c9e-5bbb-408f-983d-2bf6e3454200,AmEx,a9c6b2ce-61c4-4dfb-acc0-fdd31db3a263
e280d4ae-587d-4456-8a03-31ed678111d5,MC,72e6f8ae-8ccc-4c6c-b057-f3c3cd8f3299
9ea0f349-f6a9-4bc7-b95c-97ee6cc1fe7f,VISA,8d8c8918-0b0a-4a00-a696-d17e74b3fe95
bd2b9d9b-b6e4-4e58-b6e1-567b0132b8f5,VISA,bac91d0a-ac8a-4646-9c5c-0fbf212699d8
8abae0f6-a51c-4ecc-91d6-9593be0d1b73,VISA,c05de952-51f8-441b-86af-2c9c9c65d5c9
7e5b2d47-e8d7-4b16-b0a0-8f6506bdf2a2,Discover,d0d59ac7-14f8-4f0b-819e-10024ecfcbea
73168c71-2b82-402b-a757-1ddbb89a18d5,VISA,c5a42a8d-3bf9-4fd3-b145-8cbbf613890f
e8032bb5-5669-4bf8-8cf3-c778fbf83bf3,AmEx,2d65f9ec-c847-415c-b20b-44d985e812da
3f8cee04-77db-4350-812d-40deffec1468,VISA,431f7197-e739-4897-b329-31ace0fc7a4d
e4e7e8a9-40fd-4f1a-bae3-c6f47be12702,AmEx,36e060f7-43d1-4d34-a4c2-629fea7a3e5d
a27f90dc-9777-42f8-b310-a86eb7b0034a,MC,1918d194-66cd-4f96-8b30-3b97dc10e19b
f4cd5648-d014-4936-ab45-a0976d435e44,AmEx,2f6a7839-9c53-4eee-8535-2fe6de5d14dd
ae689478-5aaa-4317-b36f-6d201473ba0e,AmEx,983d2b28-f42e-4898-9f97-1d473b69e5da
8f10c2b1-0326-4d9e-a0b1-dc0397574d2e,MC,9df6d8e5-a671-4c62-9783-6090f25f0e39
8871ccc3-8e2e-4127-a910-b7620b9d37da,MC,762aa754-490f-47ba-bfe6-859556b371e3
9c6eb119-b974-44b5-be04-3865e1a65049,PayPal,c9cb90aa-11fe-4056-b00d-5f69ae5194f4
d75927f6-98e4-4970-ad13-3079422124e1,VISA,6b39312a-d8ac-4466-a3c9-d3c41eed97be
19c1b58c-0491-4d8d-bdf7-946cfa75acad,VISA,ea39f2b6-6b1a-48b1-bffd-5cfa1a7550d2
85ad749d-b7a4-4462-818f-8b59cdd8e260,AmEx,7a0c35ad-2830-4925-b002-79b105e35327
be1dc865-812d-47e0-9924-10de9ea0408e,VISA,5e8f62c1-1075-433a-b591-5a92815fc6fd
d9e942b7-ddd3-4fc4-bbf9-3eac40f1120e,MC,ed64a825-b72f-457c-9b85-2f02dd444146
51c0ccd2-98b5-4cfd-a84b-ad0c4660b76b,VISA,d20e7858-478c-4519-9833-37816521f745
2f9f5ba9-6e3d-4607-a2f8-67fa83468973,MC,fd32778e-c434-4907-a8bf-a0238a481106
59bc2f3f-44d2-4fdc-af1a-b51a8409f1b7,PayPal,c028ff71-6a3c-4f0f-aa54-23ebeb8a7f02
0e26cb90-270f-45e0-9f5e-f504c85d2bc4,VISA,e703bd9c-52e4-4886-98c7-0fd2cfe264be
42f2e0c9-c39f-486e-8d82-0531adf9ff94,AmEx,c587c8bb-a5af-40df-baa6-027b2a9bb0de
c74d104e-2af3-49e2-a5d3-dd778389402a,VISA,7af2227c-cb2a-4937-98f2-beef8e840442
49e36edb-e68d-4887-b6b4-f6ae089925f1,MC,530778a2-9486-4e91-b83d-7251a33a514b
15bd3d11-b104-47ae-96bc-cc67434fa01d,VISA,f1b0d252-2066-4abc-b6a4-fcc18823835f
9533f093-48ee-46d2-aa7a-aa7b16a76290,MC,45b6e724-8630-46c5-bce4-3a71195b15ac
28453e02-8e14-4208-9376-6e2a444706ec,VISA,41a329bc-2b6d-45f2-b514-553d02cbf86d
93d13c6a-216e-4c0d-ae7d-eec6a9535f4f,AmEx,4a635ce0-85a0-412b-a0bb-39c00de22fc4
5257e72a-0772-48ac-a637-04f33bad0004,VISA,5badd084-1148-4f79-94e7-cb7d5eaaa5b6
b6aefbb4-40c8-4632-8b63-2615b30712a5,PayPal,9df2fb8b-aaa5-458e-8958-0daab939619e
f8723f9b-994d-4e42-af91-3f856b52ebbe,PayPal,f4dc0a15-9f2d-4c3c-9e40-ac5f73ac0fc2
f375fb05-aebd-4c93-a341-86872aa0702b,MC,4399ebaa-0c7d-4b88-be17-428022b08a9a
9af81c4a-5986-4fb9-98a3-14433e55aa0a,MC,5360a563-fa06-4c6d-abfe-559e7eb2510f
2495992f-5d76-45b6-b83d-065513edbc77,VISA,ae7260f4-62f9-4c5a-ab17-3cccc956e94e
e7223203-b144-4cc4-8d85-228bb6248720,VISA,6c854489-4a86-499e-be84-a0f6c9e9485e
665da667-dc08-4115-81d5-8fd9c2dd002c,MC,db328f32-5b34-403b-b2b3-c21621fe7bdf
5c70cbbd-9013-4cd9-bf9f-53e4287da830,VISA,b3fbe0e7-0866-49ce-8a31-15f6d7a1e9cb
2934964f-5e3d-4ffb-9ac8-b2b609016f85,VISA,107d6eba-c15b-4164-bd10-25e6d3b84cf8
920da8c9-10ac-4ef4-bd47-83cfa2fe08e1,VISA,bde91fa0-3123-47ee-949c-facedab48a7f
f16f842f-830f-4be7-852a-6f3fb5c0f018,PayPal,486f8d8c-370a-4583-b8fd-a1a7a2f326a6
b4a50ccf-9dfd-498b-a502-f01f13d09ca4,MC,0b1fb674-5283-427e-925c-adcdbadfaacf
e1c2bf21-8fe2-46b2-a6b1-af6fc5d494d2,PayPal,c33fc67e-8fac-4539-abc9-371e1c3b9c45
ac95642b-812f-4bf5-8983-6b338158d591,VISA,38d7e037-dbd6-4214-bbd2-0373a11a8000
d31e8b55-d047-472a-aef9-15e0c030f1cb,MC,425a115b-3121-4498-8cac-ee7e4403f5ee
dc4c5056-cf15-4151-822b-9b5829512a39,VISA,a343f8bc-7de5-41eb-b063-0cd6e4be2f72
c5185a4b-059a-4009-94ca-65eda0484e76,AmEx,c679220c-f2c6-47fe-b01b-478b1594abd2
30922468-59c4-4efc-b545-68860bc0a210,MC,9d26502c-87c8-4b9a-b466-a6501dbdfd1c
384f9e78-3265-4631-a833-1a1c4919c050,VISA,cd2734bd-be70-4c95-94c7-6b1d017fd39c
19292c8f-eaf0-48e3-b456-bb1c4d5faaf4,MC,6f45b535-27db-4830-aca4-15948816fe7a
fc6ddde3-89d9-4e7c-9b23-d7d9104006f6,VISA,247d9c78-a42a-4466-906e-24ea3320c1ad
3a028a52-93b6-4ccd-bf09-e7332a04f731,VISA,c531b653-d681-4212-8746-04c17a321e0c
4383b1c5-9a6c-452b-ab78-067f71148e1a,PayPal,4ec01228-316d-4aa0-9c62-aa939888eeec
5179772a-8893-49c2-8c23-77b6ac860e60,MC,5a944776-aa08-4425-81cd-6707ddbe8772
40cc15ff-d7ff-4461-bc6d-3779528012e6,VISA,651a8ea7-45fd-46c5-b0f4-1e3c82ddf3dd
7e834b4c-8284-4b35-b34b-7dd39b94c651,AmEx,9cbc76da-3854-42ec-80c3-8be36c733e11
d6432105-d626-472a-8e32-1b223a1554d4,VISA,397f6b14-7090-45e9-a616-16e7a9b3829d
dc619afe-e8dd-4967-b03c-8b6dfeceb1c1,AmEx,2147fbab-d7dc-4550-a4a5-8cd0d0d6bd9b
594f8e3e-e0fa-4a22-903b-4c6edf9a8247,PayPal,d6921e13-f761-45c7-8f6c-9e52474eec4b
e397f762-968d-4e66-969c-3dd9708f6a8c,Discover,b7d4635c-3708-4771-b21f-0a2d41e4139d
42c6cd04-7482-40ee-91b2-facc962fce8f,PayPal,68e0262f-1f20-47a1-8a9a-28440fb86f6d
c94fe50e-c233-4660-af3a-e0cfaef8cde5,VISA,283d7c4f-5b5a-46bc-935e-dbeacf9b7674
fea2f566-f359-440b-9123-fe2bea96a67e,VISA,f1b04596-f578-4109-bfd8-0ed5d118a830
c49c2af1-09c8-4b23-a136-5d200f38cfd4,MC,4a6eed31-dc63-455c-bc6e-5bbfebb8a974
cd199bc9-a74e-45e1-8ea3-ed071c1dc322,PayPal,5280e489-07dd-40b9-8fe3-3bbd89d573fd
eaefad7f-4f57-4d70-968a-59d244d0d43c,MC,b6f33786-9cee-4bdc-8364-3d408985adaa
5cd0f337-ad3e-4055-ad24-6e1406181ce0,MC,ddaf451b-c046-4782-9705-123176120073
9466c49a-77e8-4580-920c-42dc0884871b,AmEx,c6f15a1a-29dc-4d67-b827-9cd549292d75
18815402-1cdf-4acc-a3e8-54ec811ea383,VISA,ac4ae05c-0e8b-4cf1-89c9-a17330a5f0d9
f24ccff2-b9bb-44a2-9e1a-3c6ad8f6aa88,PayPal,4b2dfcee-1fda-4008-b37f-b05e85b66c17
989f1d03-017c-4d07-8e88-e263572174cf,Discover,baec7af7-3732-487b-b2e6-984fca3ba930
25835d39-5bdf-473f-9b61-cb1596c9871c,MC,7c862e33-c98b-4f07-b91c-1b733aa17e0e
93ddc41c-9e1b-4321-a2fe-3397e43651a3,VISA,d6882096-1c14-4fdb-92d6-e721e373a1f3
989f2bd8-7e98-4093-baae-be5f535725d0,MC,8f325c88-cceb-43da-a5e2-8e4f594a6037
a335d924-052a-4ddf-819f-ec3873ac5ca8,MC,df913b18-4adc-4f9b-95f0-91902ec8f432
7c5d7443-177b-48a6-9aa3-2bc08f977b0a,VISA,35cbb6d9-299e-4c99-a073-4e09f8551a01
6d9fcfcc-4512-4048-b880-253d116883f0,AmEx,86dbe319-a278-41b6-b2fa-4b1401c69eae
b802ed21-6f09-40bb-8b52-60c5b9ffbe5c,MC,57d34227-a89a-4f2f-a4f4-dca14206758f
f000e0b0-07cf-4cc1-be5d-59bdfd743f40,AmEx,92c32016-bffb-417b-ba82-ad18a6f6ed2c
f80429b3-6e36-4976-9da2-b0fdd8771c7f,MC,031520ae-38be-4568-8989-b8369838c73a
e157120b-aab5-4246-84fd-c2476ad85879,VISA,8ae4e427-32ad-4a21-939c-3427595327e7
edb8c972-f4ee-4815-8a6b-35ed330a76fb,VISA,13f2aa1a-5fc4-49ab-8829-5d1aceb69f77
4cc293d5-f1a8-42bf-9d72-df556a98ec57,VISA,125bd9bf-5066-4f0d-b2e7-56740fce6aa6
1a6a5474-9fcb-4ab1-9a78-b8a0a6810a26,VISA,b81caa43-27f1-4e4a-b828-ca727be42cb3
c10c5738-ae0d-4cce-8309-3e51bf2fc0e3,VISA,aa016da8-b4a0-4bad-b650-4186b9d3a572
28dbb6b2-4cdd-44b4-bd86-4ae9759cbcf5,MC,5e98ab63-a349-430a-a8c9-d067b46183f7
e874c9a4-6dc2-4ef5-8f38-2703650060ce,MC,a98a1b3e-0197-4722-8afe-ca10223045dd
e30969db-c8bd-454a-99e7-1a78ddc4b03c,AmEx,1b7ad40d-31d3-493a-ba01-71aa088615bc
c8721b01-709c-45cf-8bee-bf32cc83b39c,Discover,f54ac8af-1863-48ed-a8f4-f09eb1bc8271
494b1dfb-32b7-485c-aae9-bc112086678e,AmEx,fc463b59-89dc-410a-8778-a70748ded026
a178dd30-2866-41e7-b1a2-deebe6850836,VISA,19657a47-5bf6-4f34-adb1-d6086f87b369
391cd6d1-c388-4b18-b36f-63c3517a2353,AmEx,0a50d9f9-1331-4ad1-b82c-805682fb7145
63edc835-d3fc-45f9-9eed-40c5bb56820d,VISA,944318be-057f-4617-9958-ecf15e794269
10e27fcd-3cc5-4f9a-a39f-837e25a27a93,MC,1252bb63-90d8-49f5-9862-b1b411d95a3d
e3b8e2b5-aa95-45ef-9eb0-de3122cd1268,AmEx,7c91275c-ccc4-40ad-870e-983e2223ec59
8f1fde9b-1fba-4117-b76d-6ce2fdf4d6e1,MC,d46545b3-9570-45bf-bc11-5f3252db7491
0c265a49-50c8-4933-956b-87ba11aa5f36,VISA,5b5ff8c0-0aef-4c99-a2c9-c7f2595f623a
eda01150-aded-4f79-a0bd-e5ee268b17e5,AmEx,0a928aa8-8ab6-46c5-a554-600e61a1ecf1
410bbc40-93f2-4738-84a4-2171c942422e,VISA,6ebed995-1b4b-4ae6-8f6d-9827cc4ffb93
67714498-b136-4ca4-b7da-3f1a46b99948,VISA,d26b1589-dfb9-4247-ad5b-2570b9f75df7
7a393995-bdce-407d-882a-ad6c532cf496,PayPal,5e82312c-bf8b-4203-b2fd-d01a961c4244
2c222421-25c8-4b82-955c-9140534ee8f8,AmEx,802212d6-50d8-47dd-a0b1-b179ae2b8edb
2679173d-3201-49a4-93f8-a27931afe848,Discover,ad01ed6c-0965-437c-8bac-5f2cf8290dfe
e0e81339-f9bc-40e4-9fc5-c25833e76c49,MC,79765f53-cf97-4045-9514-aa9ad49e69b8
60a02577-3926-42ed-ad9f-a7b77ccac90c,AmEx,e2347419-0754-44bb-9a03-0ac0463e5985
595aac33-c93b-43b6-b0fb-818eda8ec59a,MC,38403d20-ca0d-45c0-9a41-c50c307d06c1
3029c29b-e440-47f0-a32c-0f11c8bfe80d,Discover,6b2f85c7-bc9e-439b-acf0-6fd307043917
617858d4-64f1-45b7-8fc5-316c29006bca,MC,05118e9f-d65f-4126-9d39-e47fc85ef44d
63a82fed-1a03-4085-a836-7e3bb728a495,PayPal,775de920-1eb5-4906-aa84-08cba306afbe
bfd4f7df-0e68-4140-ac57-e0147a570784,VISA,13df366a-fd18-490f-ad47-f9405506d8ac
706a558c-418d-42fe-b45c-79041244f4e5,Discover,d055a504-f1cf-4752-b29b-0747daa613af
71bd50af-ea2b-4bc4-a685-1529d16f2ec1,VISA,bbc59dbf-ce06-473d-bf16-47e1164ce068
1c2bee0d-f745-42a3-8f0e-1d930185f851,Discover,ddba9afb-ab5f-4f78-993a-ec36d0f92088
4af1f2ad-affc-49f1-ad88-dab6a575c094,AmEx,05a19613-746c-44b8-9ca3-4a63830f039e
0dfd8da4-6941-4019-89f0-e0f82c770a7b,VISA,9deb14ac-8396-4e51-82fc-2e3ad2ca6b96
77f920a6-1abe-42d5-a619-ed4dc36b4768,Discover,7fb761bd-40d6-4881-9c0d-c4af825d0647
14c4ab0f-e46e-48ce-9e54-b003cd7e94d6,VISA,fbf1632d-89c0-494a-9bb0-fc71bdae2e37
0091ebe2-89ea-4bff-9f35-52104117c3a1,VISA,becba90a-bf83-40af-89f1-3002540a3aa9
32bfa14b-eae7-4429-a18e-eae58edf1691,MC,ab57fef5-3037-4138-b7d4-5f10d5b60ebe
b0405276-0c1c-4b28-8879-f3370bc7604b,MC,03ed043a-3e69-4509-8f71-427cbc2d8b57
84f5c03b-0a50-4f84-a1ec-8f9d17430bc5,VISA,ffe7b331-0f65-4c8b-a9f7-4e0964a547c5
7e45e8e6-ce16-4f0d-9ae6-d27c62671bc3,Discover,e0546add-d516-4a2a-a57a-16023e7bd9e7
3dce258d-5e76-4296-8346-13d78133a95b,AmEx,c62e8dfa-1d1d-48c0-ac07-c2808e7ac517
54525bc5-3cc6-44c7-80c0-038b45b3b9e6,VISA,f69ff0d1-2719-4a85-b7df-6037c414f241
352c922b-eedd-4814-a273-1893961736d5,PayPal,221fc2e7-5cb6-43b7-a0f5-dfbfbdd828e9
c597a2ff-1856-4bd7-a226-0f19ad42b90d,PayPal,c488bd2d-7475-4a7c-a645-4e1a8a4ba070
a94189bb-0a15-427a-81ac-86ff303ac502,VISA,9650f0be-fdd9-4661-a351-5ecff240920b
c69b2b6f-9997-4aaa-9864-0f4d344b3d85,Discover,5ae195d4-50d1-4e2e-a09b-986bea989177
b3b9051f-5ede-4c5b-93be-f8ef28b1ab7f,Discover,039d66cf-6333-4647-b90d-934035b34c5c
bcf988dd-dfb2-47f8-9fd4-dddba764c4fe,AmEx,90bf3b0d-7708-4c54-a1c1-95050bb5c3d0
758331fc-927f-4f61-b56a-2ba99e3e6eb3,PayPal,d7d89cde-ffcf-45c3-82ab-204c6ce8da64
a9f973f2-a37d-420d-a2e2-f2c5dd5f3f8a,VISA,20865a73-899b-489d-9b98-c24a9249aef0
e343afa7-f3f7-4618-a148-0f4e91fdf666,VISA,d0ab7165-8010-4f10-ba46-ce0ded602506
6a29cb48-c552-4b8e-af3c-f33b5113e4dc,MC,b24fd340-7109-4e1e-86f1-f2b9729932c8
e8d7050c-91ac-4865-9202-b8339ecb359d,Discover,406df834-c523-4917-a6de-360073b1be06
bf75fca6-9e4a-4060-92a3-908779008e39,VISA,c15398fe-391a-4b69-8e06-ed64a8432722
68d965f8-8934-4709-b57f-9d3ecddde2e2,VISA,38dc4b58-5839-4780-b361-c717852c9fe7
d4537aff-0c62-4d96-a479-afaa140d5b6f,MC,ccd04b76-a22b-47f8-983d-e13f241ec1c2
bc810967-ed00-48d1-9783-b38955ed55a8,VISA,a752c40a-2cc0-4f2a-93cf-e427a6368f43
20eb74eb-7fec-4251-9124-e78514ad0ef5,VISA,dac18816-a33d-4e2e-8ae5-91505e78aa08
184390a5-6558-4fc3-8b6a-afd11f3aa108,AmEx,9f0fa5c0-81c1-4be7-b556-9d754b63e374
554b444a-c91c-422d-a012-51c5449b27db,AmEx,57ec750b-72fe-472e-8f4e-8fd9b56181f0
f2c3ab6e-f665-44a8-ada3-1c67f0f01638,AmEx,bc9b2097-ffca-4271-8ea5-785321b0d66c
932a3e3e-e2d6-4251-b892-f96fdc9a581e,VISA,4469b312-5ec5-494b-ae56-0ee965a99a70
822acf61-4f2b-4610-93e0-00494124224f,VISA,763f9021-4c24-42dc-89ae-bc396fcf2068
ce3d78bf-d22b-4a25-b750-f7620037eccd,AmEx,e389c29f-4312-4825-b578-25c5f97381a8
99cccf0f-dbef-4f0a-88d4-06a8ba4b4ec1,VISA,9f72c3b4-62ac-4f29-9b6a-946811a61fc7
1e647c66-b784-4e91-996c-e4371a0e6408,PayPal,087e27b0-bbc2-48d7-be96-0a7a418fcaa7
8164b99f-1523-45a3-9d3d-21fbf1ad8e10,VISA,0d7860be-0bf6-4e1a-b404-2972a2ecddf8
d1ce9522-5882-4b2f-8c42-f92526c8fb38,MC,6fcdf396-c179-4a8b-8046-89b1828c3229
4dd9092f-1f29-4b08-ad4a-0ffdc1374eea,AmEx,7d022bb4-6beb-435c-a642-67f2c4cc6aaa
9d5cc8eb-dd87-4179-af44-e850afb53af5,VISA,8aaee5af-9d55-4014-a76a-6665c2442bc1
628660d6-1443-475e-a6d0-9506226133bd,VISA,dd9e7ffb-fe0a-4ca4-b294-04ab8fd18e31
d02f663f-904d-4901-8235-0b3b9d7ee06d,VISA,6ba00bf6-260c-41aa-b991-acdd059777e5
8efffa6e-9e77-4ee3-a7c1-3ae170ab1d8a,MC,92d790d2-9f1b-4b08-ba4b-131dd97a556e
d57e14fd-7c86-4bfc-830b-965d242bdead,MC,3d2ee6c8-d091-493d-ae8f-51f5d67a5a08
764964a8-d03d-485a-b3c3-d4ea006f9aec,VISA,0b282ad7-9716-4d47-aee7-915e35536f25
409f6320-bd8f-49f5-9389-3a9e2a94648f,MC,7e1d3fdf-a417-4897-be25-e03dba923b51
88994cc7-fe1d-4dfe-9679-8332ef0455b9,VISA,b9ab6877-39d3-4e48-b2dd-9443137ba822
08c479b8-e588-4251-a1bd-8791a844f83c,VISA,623d6b1f-cc8b-46b3-8344-c777bbb7e157
312f93ec-bf1e-415b-87b9-3661b4b0ee8d,MC,ce2d5a88-4f84-47bd-8cb6-0c609e999017
c0d7394d-250f-4fbb-8971-d9ab6ec054dd,VISA,4f5e80a1-d8dc-4c78-9e17-be884f251193
ea5e2ab9-fbdd-41bb-ad55-f0ac1cc4b058,VISA,96dba3a2-e8b3-4f3c-8435-663167df2187
e3105d32-bb18-4e22-b49f-57d37a75ddb8,AmEx,ff577d0f-d6a9-41a8-904e-f30c90b962d7
6d1f98fd-33f2-43a5-8233-8186bde5ecd7,AmEx,fd1917e7-cb57-4a95-875e-f314e8f231d4
05a52aeb-051f-4faf-9939-d7d48039126a,VISA,58cd5e72-8d85-4c7d-aa0b-aed31e536b80
8fbb2386-13a9-4286-a392-5e9d4ca59be2,MC,a17108cc-747c-4a25-ac2a-b46ccf44261a
33f750d9-206b-4407-b895-bbf6b1638476,AmEx,cf30b164-da4b-462a-983e-eb19e679bbae
531c77e4-7ce4-411c-bfaf-3fd7da9cb363,VISA,726fdd0f-b1b5-44b7-87db-0f1330365411
459ad749-f0c7-4d15-99e1-c6348f80337e,VISA,57cb7e2c-bfa7-42ce-bf55-d0cbaf108189
85c9644f-3ccf-4b99-afa9-17d2ef6af1b4,VISA,3cd095a5-9b16-4f8d-9c1d-4811911699cf
ee33af51-5001-4367-b831-1d23b4091e0e,MC,4057b9c8-2b8e-4bc4-ab06-2387562e998d
a3ec7f43-e023-4a94-8a4c-a414bef8fbe0,VISA,0ad4278d-bbc4-4549-a86c-53dd051fd4dc
bbcb1cab-ab88-48d5-bc60-1baf3d138785,VISA,396143ec-9da8-4067-bb9f-c755910f4f31
77dea63b-80af-40d1-a058-0e5320d6fa38,AmEx,70201dac-95c3-40aa-99c8-a68bb94d77cd
32ce9ec6-b1da-44ae-b295-f2c03f64bc8b,MC,0e63edee-5e1d-47dd-be9d-d6cdab6232d0
fe73db74-c5a7-40be-9193-66f1a575c913,PayPal,ed10d1eb-2974-40b9-8231-9418077cb699
b7b08f55-0c33-4230-8285-3fad6d90fde4,MC,8a0958e6-25cf-44a6-9e78-d62a35f8faa7
442baf20-67e1-4f75-a2c0-4d3a9da32af9,VISA,ec93311c-3af7-409d-a41d-8f7d4d664beb
020702a9-dac3-4d3a-8b3a-820136948e92,VISA,52278c2f-942d-493a-9cf5-ce4f89053805
3ca02eab-c029-4faa-bc7f-b4c85a288332,VISA,590aaf5e-5aaa-4b5c-9f0b-5d106aae287c
dfb3d4a5-5622-4548-a146-b1e85b051637,PayPal,31419ec5-7707-4258-9bc1-c9b165713696
ed3628d4-efe4-47c4-a432-9d5e145c34db,MC,5efda825-47b6-4c87-9ce5-16b7b8b89ca0
b2c1555b-f5bc-4400-95df-adfc0b1efb8c,AmEx,cd4f2585-0d02-4420-b8e7-c9929d1ca644
cd42baf0-dc61-4fb3-a619-0e560779bbeb,Discover,fd326902-0942-454f-a7e3-90f8e34b28a6
c523b9c5-4f75-49d5-99d4-e5ebf7a845c2,PayPal,ba7be33c-c0f6-40e2-8241-a1c49386c572
c8b409f1-742b-4c26-884e-b8e9a2b93547,VISA,fc2561ee-9785-4729-ab54-4b94ed1ab3fb
55ab9613-51cc-488a-835e-6b640190450d,Discover,1e400ea4-7f18-4bda-8b61-99dcfdb0f0c6
77004f4d-4223-4c3c-8d77-79b3781cf46d,PayPal,1060f7a3-b363-4cbb-bba2-b88a47cfd7b2
62433b55-9c2f-4a38-9c26-e905695bba38,MC,f258216d-b642-41a0-b070-edc16f391013
8f532e5e-a513-4961-8045-4e0e01d753d3,VISA,8a427da6-c68b-4001-924c-aa4967f8a242
1a6d7ecc-dd1e-4be4-85ea-f206b30866fe,VISA,02a7f522-a964-4830-a501-490d2bc4ecc4
30db9e4c-5d7e-480a-a7a0-b0bb6cd2ab86,VISA,330d995c-a642-43aa-a7c6-2f645a45217b
043d181b-3410-469d-bc6d-bd0235a9d41f,PayPal,e6a5bd4e-ee42-4f73-9702-f60bf4ebcd7b
d0bc8cdc-ce26-4545-a8c8-50b7c93ce406,VISA,4bb43a8e-332a-45d1-aa2e-80fbb7f4f36a
4e79f9b8-07da-467a-8804-fa2833b95363,Discover,1fedfaeb-ee8d-4f1a-aed4-2c8ed936c192
7f62e1a4-b594-4543-a03e-09e8c5b0e2a4,MC,cecb8b7d-42a4-4799-a13f-5084afba0afc
3096a8e9-9d62-4e78-a676-c05942ee2bef,PayPal,519c9fa3-ec1d-4789-b7a5-ffc8479fc1c6
ce00faa9-7165-4e55-b75c-ad5072b68238,MC,168c7c4f-c3ed-4ca2-b113-6b71d0ef38df
28095038-05ae-456c-946f-2fe359f85caf,PayPal,45439fd9-8a87-45ff-9b72-3154d097fd86
3bfe1ed1-f024-419d-82ec-40873b10ff9a,MC,c877f55b-14dd-4d8b-8f35-d56765574db8
9d945c98-0bf8-4336-b747-9e0adee0070d,Discover,f7d775b1-2040-4067-94ca-83aeea809a2e
7f66bae6-9236-4f69-ae3e-8a8548275d0c,VISA,9588834b-a6b7-4e1f-8746-b7bcbd930d3f
21fb1e19-b442-40eb-9ba5-8c974a9b6950,PayPal,1be4f6da-b8ee-4923-a669-0add68656419
b4f4a6f4-3e43-485c-a09f-2e0d8a6d34fe,VISA,91ed525c-7351-48d9-96bb-2eb972c80c91
ed0ef974-73f0-4a7f-b4b5-35b769c8a034,MC,1bc4985c-d0a3-4587-99d4-0d59acc51216
402706e6-d86d-4078-809e-e930d7167f12,VISA,aa83cbc7-dd81-41f2-9c21-05d6b271bca2
9cc0935a-a291-435c-a1fe-fa5c172ac2b8,VISA,2f5fdeec-bea1-43b7-8ab5-b2baaa5d41d7
da9f6ba4-541f-4445-b3ae-91b1045452c5,MC,8f71b6b4-965a-43d7-b301-e628833cf1ef
a9ca2eea-e46b-4b77-8cd8-25ee457829e4,MC,05709fab-4e76-4dc5-9e9f-9e6d341a122d
63b61f32-194f-42cf-aaaf-dc3785a7c028,VISA,9960032d-1f02-4d06-88a0-22a325d0169f
ede346ce-5ddb-4e2f-8a3c-7ede5aadffbd,AmEx,e848c011-eef8-4996-a7a2-288cf56763b6
495b0a25-7d9a-46be-887b-f14bc7db1f2e,MC,abaa29b3-e804-4d61-af94-1c7c5ebd6782
388a4e6f-bb27-48f5-8e6b-f93c7ad16a7b,VISA,7ffe4e2a-6931-4a0c-9b21-62be5d7ba4d2
062e82ec-2291-44e2-93e8-843b3fa83025,MC,62c2a54a-b8dc-4b05-9968-33e55a8cafbb
1db8f08a-e4d3-4da3-907a-2ade939e1945,VISA,b2780dd0-8bb6-4102-9418-bda5e426cf00
ff538347-c6b5-4c1e-b067-32c610fc6b04,VISA,d40ce209-9d9f-4a04-9237-132f643b726d
7374d584-691f-4617-97e4-05ad5f42ed0b,AmEx,fd543ce7-9af3-4c55-abbf-cba433bbda99
e71bb619-f44b-491f-83da-1e2f8fe24b5d,PayPal,8c706d53-b561-4d80-8bbe-893e0dc4d99f
35530b6c-aee2-465d-a5c2-4f64b15bfb21,PayPal,8f4da2e6-0541-45f6-be99-48e1e0017a29
b85dce1a-c8ac-4d88-bf6b-614156b61946,VISA,6024b648-a43b-4bcd-adcf-655925941256
33652281-b911-480b-8897-1169aa633b27,VISA,e8b05e4a-53a9-4a68-aff4-93919d05f186
c918698e-f9fa-43b3-80eb-124d307d7a1c,VISA,f02d21e1-863f-4bcb-9542-7ab0350cfe56
59d8f46e-5c62-44c6-af05-9d83b04cbf47,VISA,a38c2407-9e2a-4be2-8f81-8a20660fca69
e9ade6e3-f390-40b3-b5fc-5f65b8e134b2,AmEx,d6347959-8c2d-4d6f-ab14-f18489325de5
8aac6447-b5b0-4243-aa9e-13509b7dc597,VISA,46be4d52-f019-478f-99e4-89994b5befab
97f68472-52c3-4c1d-9e88-ffeb231c4475,VISA,66b79c68-6bdb-4f7f-b6c6-5abef3252168
4c9c4f27-5cdb-480a-aaab-c0eea8f51693,Discover,983e0950-85f4-43d4-ac7f-5dfdf9af5139
ba14f37f-3a55-4da8-badc-0425fbdacb4d,VISA,d3d6b2e8-2204-4752-a766-c03b22d0c410
28551aeb-f0fc-4710-bfe8-56fc0767a14a,MC,50ffba41-287f-45b7-911f-8082a898f50b
ae6f8f09-65dd-4060-ab4b-a1e736235924,VISA,c98d653e-8c32-4af9-958c-b8ce0211fa9e
4c03a24c-a824-4a84-b442-de2d7e0f19ea,Discover,9b4ba3a5-b126-49de-a8f8-f574f785da5c
6a3721d3-1649-46dc-b106-5f7d88775d5b,PayPal,5a6dbdc9-2b86-4b1c-a1c4-5770d3f4bf0b
d434d9af-986d-4156-8999-5ea5f23773e5,VISA,e8aea748-cb3d-4e97-8c99-6bef21f6f53a
9a20f936-ce69-49f6-b133-cc2b7724b326,MC,fd811ae3-2f28-460f-a5a1-003d791a63e2
5ce0064a-db73-4d17-9b17-bd3854b676cb,VISA,e52b404b-35b0-4d58-9779-e2c7dfcd9504
695d7214-273a-4cd8-acfc-0565fbee916f,Discover,5f0dac75-544c-4bb9-9d29-12d958fcaa85
9bd44e62-7f4e-4fe7-a827-99d356c27b75,MC,e072583b-848e-4b44-bd89-18f360d99cb2
1e5d4c26-3f8c-4328-ad5b-9937452bdcb0,VISA,87b8e570-10e4-4466-a53d-fe8b60b7a41f
afa5d824-7697-4ba4-8523-e1b35d1a2ce4,MC,f643ea48-3405-483c-bbd3-13f648210a4a
03c0cbbe-3ba4-407e-afe5-0e089e8ffeaa,AmEx,900b4800-4d88-4e6a-a57e-095e900d6401
fd8b3271-bcba-40b0-93c4-d3d3d28de437,AmEx,7b8c5ee1-2ee5-46c3-96e6-135e72457b2d
6cc24edb-e685-4f2f-a3b3-c28b35204c7d,VISA,2f844a28-76bd-42cc-bf04-a59a4ea56f8a
5045d1a4-05ba-4667-bbd7-dbb7fbf0a95a,VISA,f6858e03-54d3-4cf1-9d84-059d385e15db
6a2bb486-8474-4134-9b78-da0a42f1c1f0,AmEx,84e8e8a5-7ae5-4ed8-9f1b-a74a809fdea0
adf57be0-3739-488c-9c7a-5fded0395a21,VISA,5d55a75a-58fe-447c-b872-d9090ee10042
7085f315-0b29-4e7b-a1cd-1a089beb96fb,VISA,519dd874-e37b-439f-b09d-3030a6beee68
0a14d0bb-f61a-4249-aefb-6992bfbc02c3,Discover,9cd674a9-8773-47e2-91bf-387b3c76cfa9
c5d854d6-5ca3-43c3-9837-1484f4af83d3,MC,7ec67edb-c4aa-4475-a5b0-cac5ed27fbfd
91a8cb14-137e-44bd-9a85-7c29d3adee93,AmEx,b8667911-57b5-4f46-ab0a-3da738d23a1a
464e9fe7-8a29-43de-baee-9537cd24673e,PayPal,264484a2-9d39-45b2-b4d7-eca1330fe0ba
7401acff-dfb6-4ec8-b771-97c1b0fa4dbf,VISA,b3b5a27f-b20e-4b30-8a80-acfbe8462e18
a4bb6428-a3dc-46fd-815e-fbbd73b3159b,MC,99bf9136-3a6c-4e4a-8998-9a25f24f5bab
fda25583-edff-4c68-b9c0-e6e54ba3dec2,AmEx,38a4c22d-753e-4b5c-966f-d861cb5837eb
60ca7235-85b9-40d9-98a1-2fbec490985e,MC,3fe8941f-67b5-47c9-a2b8-761c9a813233
2e4c7e90-7b7f-48cb-bcb6-0a7d4c2696c8,Discover,2b6f5231-8093-4b8a-905d-c5ab1771ab7b
c875195d-3734-44a2-a838-cc84b423d30a,Discover,dedc39fd-ff7d-4587-8dda-7e963c04f352
94b467f8-57c2-4e4f-8d75-325758b61e39,AmEx,ec92995a-1008-478b-a086-d39db2c4bc10
2581b766-ff4b-4144-afa7-5ad3e12781db,VISA,ec652e19-bddf-409a-ad75-7f2637c59914
edb5199f-6b0b-443f-ae7a-295c5622de18,AmEx,9326fb9e-3ecd-48b1-8fa6-5ae25a513558
f70cd50a-47a5-4a9d-a3fd-4d3bf4fe0e95,VISA,fd2fbe64-e042-4546-a697-ae6dccf4babb
191efad5-3de1-44c4-a1e9-3d367f658eed,Discover,a01c7a94-eec9-4580-bc77-8b3fbc2f4e3b
d44ae6ee-b1fb-4588-b2f0-4da3a420c950,VISA,64ad3b57-128b-4c7e-bc55-06588aba8d7c
2317cd26-3779-428e-9d32-31aec061740c,VISA,269d5e92-cf6a-4fd7-9ea2-d2c1fb7f1b4b
a612a2d0-4640-4b4a-9973-15345fa56f4b,VISA,a1a5c07c-78b5-41e2-ab19-18cc7c40a510
bbc15a9b-fd15-4daa-b21c-4e61fac0e89e,AmEx,ad52c2c3-91bb-404a-bf16-fec024280f02
2ebca35c-ec6e-438a-b374-5c572d1ee3db,VISA,c106080c-732c-4f8f-9fc1-d2ac52ff3924
f3ff52d1-a25e-4e0b-b6c1-d05489f6c927,AmEx,a8e3a1fc-1067-46f1-aa7b-6a6ecefb6ac1
546b7fd1-1a35-4f11-9e87-7a77e61a5a05,VISA,99e6618b-4dba-48dc-b592-97f44d0de456
80e856b0-7a46-4cfd-a533-28701dd6e7cf,MC,7185ae8c-cd25-4ec8-9128-ced48f0fbf28
36663787-05da-4b56-861c-7874db16ac7a,MC,c13971fb-e10b-4c4e-b2c6-44481ddef42b
ee7f55a2-90fe-4598-82ce-cf4692edd152,VISA,3c143cc5-ec2c-4ae1-ac95-6a5c6579fe3f
e2e6af5a-b844-4fa9-a63b-daa4475e89df,MC,f69dfa88-0676-4f0e-9d50-633b79a372a8
f52bb293-958a-4d55-aa98-f4ad3670836f,AmEx,1b205336-8c7d-474d-a17f-0bcf4fd3a3f4
f41c59b6-05a1-40c1-8b75-ac6add4f0e9e,VISA,2bed8fe6-282d-4925-9955-10a8606a8f54
4bf80c4e-e6db-4326-85e0-23ea6e48a4cd,VISA,ecb8c08c-80b5-4212-851e-2e1385eb1bc2
1fd6d7c7-38bb-4368-85f2-34b4f16b3068,PayPal,b4d2007c-ba55-4082-9219-6a313bf24dcd
f2b015d4-9965-469b-bad4-c42195ead44c,VISA,aed5c9c2-9942-4e1d-bbe8-a2ed0adce60d
8a5729fe-e363-4b48-b3e1-f746197da7d5,VISA,fcc4451d-1265-49d7-b28b-35e741f4062d
56b1a719-3f24-4a78-ba35-e250343db16a,VISA,528e5ce3-577d-42d8-872f-18fdcad8e2a5
e2647c9f-6386-4d28-885e-891a7b184583,VISA,5034cc62-a0d2-4207-8088-e1b421aedc12
13e7e50f-e544-4049-9e20-36001122cf77,Discover,b351cf78-9679-40b0-8b76-dbac0edd2fbb
d7060f8e-8f05-4c5a-a244-b3e7e53edf3a,MC,e6be52dd-b454-4191-867d-ae7ded62b2a4
14878772-13bf-4e3c-8706-cb41e2486900,VISA,e2098c8a-c2d4-4d9b-913d-898e6d0d828b
32137484-97e2-4fa8-8984-4393191666d4,MC,6fe2409f-87b3-4caa-9a68-112fa04a41c7
b3b3652e-9333-4916-8533-03d34b178198,AmEx,143284ee-b86b-4b2e-a857-2d44ef5913f7
809bd4e7-d21a-470e-af3f-d39626b98526,VISA,62a5eb2b-c3c7-4501-ba53-faf873441aa2
969c2c81-f218-43ef-b585-307706701562,MC,e04944b3-99a3-4b51-99c2-abfe4017fae1
45ca748c-3ad3-464a-9e69-e3052baf8f0b,AmEx,e4cade3e-e822-4307-b354-57ef93e0c0ba
da9c68ed-bf9e-4610-b467-737335907539,AmEx,78597f4c-b0d1-4ec3-9657-49259331924d
482b64f1-36f1-49fc-878a-45efe543b729,VISA,01e730d5-7b52-4b92-8717-c7396759ff3e
d2e142f1-8da1-48eb-a5cd-98b3d6a1b813,VISA,245b297f-1969-4863-9ff8-f688378fb906
be4bb1a7-2fea-4666-9b0b-0f2e778a45e4,AmEx,835383aa-907a-4777-8269-3c800ac58706
a267d994-3fed-457b-8ccc-5f80ef740c32,Discover,6802aae2-50f2-4a11-95f5-77a1e3d3af59
3b6384ec-9308-43d9-a9fe-e3c8431237f4,VISA,8c0468c2-aed7-4b73-ae24-464216e0558b
460d7a5e-0bc3-4640-8661-c884dea96bd3,VISA,b4270f85-3b60-496f-9dd6-7607be269c29
6d883f74-ec9d-48bc-8fb9-be6347f91a83,MC,723acddf-e1d2-4dde-932b-5a88399db337
275fe8cb-8f13-470f-b133-10f2df87e486,VISA,d1fd6b91-4042-46cf-ada3-a25b920678ee
32b627d8-f9fa-402a-a2db-00bdd4882219,VISA,9c6aabda-486a-40b0-8dee-f9f4d8ab9e93
851b4b08-6388-42ec-ac6c-059f5af4d396,MC,fb671b86-ba06-4b48-97c2-3331a1858728
7abbbf38-12c3-495e-b5b0-d1fa331c3b98,VISA,5e4f2374-77fe-498c-aded-396af0d8618c
a862083b-0dcb-460b-84f6-61f666504e87,MC,477dac08-c77e-4564-b3f3-5958784c6277
d1b9af70-8f96-44cb-9d63-8f51a119a2e8,Discover,f7fced90-147d-4373-8a72-d7f4bbe8e2de
cd219209-0411-42e9-adcc-9c062b4c8008,PayPal,027daa9c-5d5a-497c-a6a1-48efa5316cfa
246c8815-bada-40cf-9433-0181488c383a,PayPal,1fe6838d-831b-4439-b66a-02d722a1cc56
7bf415d6-a445-45f5-9098-d031ff2df4e2,AmEx,9691470c-2b33-46f4-bfe1-0ed8d546bd02
df6984c5-dfe8-4c9a-ac47-c82b19b6138f,MC,2c98695b-fea4-4141-b5b3-3244d180c3df
93ec5bfa-4099-4b6e-b421-fcdc4a032496,MC,f853cce2-8456-42ea-a6ae-11eb939f063e
e2592cd2-4832-4568-95d7-8cad41643a10,MC,3ca7b7a1-a175-4655-8a54-db7afd356f54
1b747c09-1372-4f62-8ece-d636f8a9891f,MC,fd2a50c3-b21e-4ceb-adfb-96a66e9322e1
b5cd2ca7-d547-4170-a3fb-a15edbca858d,Discover,3954bd3e-7815-4a52-95c1-a6a241104af7
fd1d6851-8819-46b4-b97d-533f9e5e2e3b,Discover,66b1cd9e-57e1-456d-9940-459267ad83a6
66f76e5a-eaf4-403c-b084-f82dc36c04cd,VISA,1eab4d4a-ca57-412c-a6b7-dd60c1bd3e6f
bd85e96a-f439-4010-bfc4-1ea0eedf8b55,VISA,4a23f279-14f3-43ac-bbe0-fa75d67d1666
561e069e-9c6e-46f9-9e2d-97479ce5a891,AmEx,62686c0e-4b7f-41f0-af5e-4ceb41713f43
45dd8a36-efc1-4cca-809e-d80ec122e748,AmEx,7341ea91-5b01-461e-aee3-f6cc131ec272
bce87c38-ffe1-4e92-8d90-0f44866c845e,PayPal,0a2013ba-2923-4cde-b77c-d8beeac2a5cd
3d69301c-4b32-43f1-9e3f-09b77aa3dad1,Discover,8c07e0c3-cb70-4034-b1d5-e20873a10c79
d9050ffc-273d-4225-96dd-5efee7c64d6a,VISA,74c6aa78-dcce-4a76-94f9-3a3ee1f610e4
325d0881-5e52-4c07-bf55-d668d14060f3,MC,b529c227-1117-4f89-b3b1-0e86ea22ab6c
faad7aee-6276-45f8-867f-4cb46e425a24,VISA,ed24a139-fb71-439a-8192-a9ac1b2bfae6
e993403f-93e3-4e9c-8104-66195f03c5b8,MC,5e173a2f-8221-47ce-8f29-5d5cb896b424
2901da32-9d70-4e1b-9dc0-a095ae6581d6,Discover,f38a8313-b8ce-49a4-985a-88c16c26dc96
9909fee6-4bcd-4f1c-a6e8-08ae05608d48,VISA,e53b4495-37fb-438e-bf34-ff7fd0db4f07
4e1fccb8-97cf-45a3-9cf3-85086dda5983,MC,b4505233-3d56-4537-a035-5ff71ddba779
ff07a12d-aca0-4838-8b22-05aa2fb3416a,VISA,86127728-4bc4-4f5e-b1c0-be835f70f15b
6f712ac7-6383-4972-98a1-eba2890ce607,VISA,215612ac-80b3-42b4-88fb-507cf7243a5c
e76a16db-8d86-4e8c-adcc-fc089ad2d942,MC,573087cd-6a8b-4120-8c51-4888116d6b39
ccedec35-a16a-4c7a-971b-a3882defcd4e,VISA,ef9419b4-7c78-4571-afd3-47aac486e7df
4d083895-c200-450e-9593-d52876a71351,VISA,50604ad4-a576-44fe-bb37-8ef492d4c657
d68ff830-7c6f-42fd-ac8b-142f3a63853e,VISA,2f473652-0863-4d6f-8bcd-1d5ef0e067b9
62fed12b-40fc-4a60-8bfe-187a804c7422,AmEx,1356e21c-ad67-430d-a891-dd5a73ae0355
58a19f06-8163-4e42-85a1-2588b588d255,VISA,293d8fea-643a-46fc-b686-c4e8d958241c
2e6b30dc-0afa-4efd-a7fc-a343cc00b850,AmEx,3cc6cb49-9ac3-4b1a-b3b9-d0f6ffffcd1f
77506414-3ade-4678-a338-2d5b11b6cdec,AmEx,e39ae55f-019a-43cc-9027-edb8da2a626a
6c8daace-8822-4859-b990-e317cfdd7e0a,VISA,772c5404-fba2-412c-a333-b0141f93be62
8e36ad81-8a50-4c75-ba99-baa88714c407,VISA,049da2fa-4992-4687-90ad-357b9a4589b4
551951b3-2170-41bf-9294-cb6522775dc0,Discover,e0d4413a-eb4a-4361-b718-ce94f37fcb3f
485803aa-4fa8-4cc9-9fe5-7bb104ee5a0c,MC,f8f9f958-742c-4707-b1a3-d2a68b80fa69
f964c72b-5af5-4092-8f83-81b986c2ad7a,Discover,8e04aaec-a8ca-408d-a9ec-fac6c37b8c69
de8cfd75-d85e-4af7-9cb7-a40a2328c9f4,AmEx,0434cdb6-fc20-4e30-ab20-c61b168e12c4
87325a72-91bf-48f5-8e8f-20d40832dfdd,MC,73c2a568-849d-4b74-ab6d-d3b6ff5e8d74
33857197-8628-447b-97d8-d1ee44f881d0,MC,822cb7b9-bf73-4374-9c29-209dbeb8440b
9ec8643b-388c-4e20-93fa-a5f0558b4273,MC,d74862da-d374-4cc4-a162-e0a5811514e9
f7317526-5a43-4821-b1b1-53938f38d37b,AmEx,474f3e2e-139d-43f4-bf6b-99e5b094279f
5725d698-a867-4c58-a5ab-97cbf2c64b9a,VISA,73246bb8-fd25-4bd3-827a-5381c95e7ec0
02f96f08-7268-4d43-a427-b57e98e44788,MC,0f38dd10-9a80-4e9f-b40b-89bb48c60113
0c838248-b115-4610-8e15-839c869e6a77,MC,7ab83aad-8784-4b79-b6f2-9e70404fedb9
97a6cc2d-b709-46a6-8fe3-6f639fd265b0,AmEx,fdb80fe6-6eff-4d0b-9f5f-1f33dce0a249
9cfd9f81-89b5-4a8a-95cb-d4d4714468b1,AmEx,bc308cdb-9ea0-4fdd-8899-5925cbc42a18
7407ddae-a59a-425f-90af-558b9a024437,VISA,c2b69ac1-a5c5-4410-81a7-1424da4384ca
80b10e7d-fc5d-478f-ad75-db3c7b552888,PayPal,4ea6a707-5c87-41d4-a2c1-00e001a4ce22
0e4ebea5-a082-4570-b222-7cb0443143cb,VISA,dc277a6b-d240-4e11-a3d1-2b3c8041355a
3de32873-aefd-40ac-814d-357fc246f327,VISA,a74752c2-71be-4a53-b866-c2e03cccf857
23088581-3321-4f2f-8d02-1c55a4c0ec26,Discover,43bdb367-f8eb-4fb8-bba0-b3611deb3fda
8b51fc1f-b9dd-47fc-a01f-dfc61a45ee9b,MC,b8e59889-1bce-4c0d-8177-5abc3a728c81
2d2dbc55-4ca6-4ca3-b9e9-241ff86e4aa2,MC,28983d98-fe83-4865-adae-c96be51af156
a5e771c3-a8ac-4d22-8dac-1875125e0eb9,MC,026f2e61-1c53-4201-9216-4d69295fe3d0
d0b8cf94-83b2-41f4-9af5-bf0070d741a6,Discover,72ecc03b-8847-494a-aa65-cbf4d6ccbc55
72c02cef-9a2a-49bc-820c-d72fb9938c99,Discover,9cf90c2f-224a-4784-b9d5-a7b53c248184
7dbe0e0d-3012-4cba-8b0b-6c4d8caca24c,AmEx,93cdf8e3-af3b-4320-93cc-0af8e3501e46
84d53089-2718-49b7-95ff-708ff1ed8171,PayPal,1782b67a-01e0-44be-a8b0-4c0e3ff2ba38
e9c8421d-e2ca-4723-9047-0fdfa7bf6e64,MC,2772cbea-9071-462c-ae56-a75638d767bb
cad3b192-8540-424a-a616-9a58ebd6fbb5,AmEx,05a521b5-d47a-4578-bb92-5279bdf0dfaf
b870314a-ddb6-4f87-bac8-5fdd91bd8efb,MC,c5c8dd1b-1feb-4d7e-8764-551645f8a42f
5343fb53-1bd0-449b-9be1-f12832b3d0d7,VISA,8a50e3d4-f053-477b-a51a-8f9e976c53ee
a6abdf7a-77fd-498b-a4ff-1e68b2e341e3,VISA,aa17d675-9acf-4cdf-abdf-f02a0a8ef96d
37902da2-1636-4b1b-9006-39a0e736a583,AmEx,27e1b2d8-c2c7-4e37-aba4-0440d6e31df7
9b9b5836-bdca-4e39-87d9-e90d7153f306,VISA,4351ed94-c706-4a24-a7eb-b6f7d5f888e0
232026c2-9a08-40f3-bca0-657dd50ce0e5,MC,9b0fd12e-46a1-4884-b5bb-78aec222e738
0494f401-428f-462d-bc49-2a3d69b05da8,MC,c8b6436f-6e80-4be4-b02e-9ef06c88e6c1
34def342-ad9d-48ce-bb31-26fcc7338a7f,MC,084eae66-b07b-4508-8828-be5d17df8867
175c97fa-bc4d-4745-8577-b6e19a0228af,AmEx,24e13eae-8762-4f51-9b3d-4bd5aa269a64
79f973a5-1e61-4ff4-8cd3-c0b617d42ada,MC,aab8a6b3-ea5b-4881-826b-4c99830446e5
0d3a9904-5471-4054-8fdf-a7ac0af0e5dd,VISA,dbcf744c-aee0-4737-b446-40e769a755f5
8721c61b-c7f7-4d16-9436-f2381d750c8c,VISA,410a241c-d14b-467d-907b-823eedcc73fa
83796c8e-7875-44e4-a222-17b4d9658f8e,MC,6ecf2941-a00f-4a89-a6ae-7f349589c39f
77115def-1bf4-45de-9214-3f2ce0f3e95c,Discover,baa2b722-1210-48d8-b55e-f10932a073e8
f201c0f5-52f1-41db-995a-ba679ee42a80,AmEx,fa86b570-716d-478c-b103-3f8fe7426457
30c971d1-0b7c-4901-b7a9-3127846ffc1b,MC,31ba8e93-664f-4ec2-a0b4-bd1b8ea829d8
94583825-d48c-458d-9d16-f0efdb087c83,AmEx,24e8117f-2671-4d00-90c1-ee96e58972b7
e5dc8d2f-93b8-450e-bf57-1678c2db6965,PayPal,2752378d-57b1-43f4-a7bd-246e74c28247
ba0e6cb6-3004-4525-b9ea-ccd87e6bb540,MC,1a1d9d5e-3c35-4996-b38d-a3e49f3df6cf
7b11024e-9669-40f3-a383-108741d6d84c,VISA,b8032697-3dc6-4399-9329-307a2927fa41
ddd06aa9-acd6-4f6d-b2bc-1a915d8880de,VISA,9012c570-0191-4329-93a6-8a3a78ae5987
e7c49bf7-0c6c-471a-b9ba-d85a3ac7db4d,VISA,29ada5ff-ae6f-4b51-8127-4ce3eda41b4d
54e02319-d13b-417b-995c-dfb8604293ba,AmEx,23fde7e7-bd0b-4980-8c29-63860a03202d
bd1448a3-b385-4568-977a-d17d86a9e9f0,MC,b46a90e6-4028-40c8-878f-0a89b595e5ca
79094bcf-2911-4726-abb0-33dae7fdb207,AmEx,fb6f986e-a64d-4c25-a334-43d0d5685019
fb2830f7-6fe0-422f-9499-c2ae960a604c,VISA,a449b4b0-ac81-4563-9d7a-e831a4157123
0428c463-4ce3-4734-99c2-49f30bf831c6,MC,56bfc1ac-a83f-4a15-9b66-cac6f3cf2fee
cd415c3b-7e75-486b-aa73-1de1a3d17b2a,MC,1ac59189-765d-4933-bcd7-bc789c661215
5dcfb0d1-d649-467e-bc98-46b8d38ef601,MC,cd89cd82-2033-48c7-b4b6-cba977511fe1
53f486dd-0474-494a-a029-7b52aeebc8bd,VISA,0f181e19-a347-40d3-9708-9571967d7314
afcf89d8-9555-467d-8f1f-dcdfb0b01599,VISA,3cc0cf65-adac-473e-a480-fe99accd7d70
dac9dbbc-345c-4652-a033-2584ead8f9e7,MC,dde41035-4940-4dec-81d7-100f3c346a3d
1630ccda-061b-4ef6-9573-970d4b1229ef,MC,2fbf1f4f-423b-42a4-ba24-22da27b6ebf0
a22fc194-ec5f-45f1-8546-04f5ddcdb2c8,VISA,5694f313-2a98-4aec-8d2d-565fdeb19245
e382d36b-1ac8-4c08-8316-c2f62d58fc70,MC,75f76323-2baa-4559-a7cd-5d5dceeeefff
77763171-f5e3-4add-a596-067cfb09b04b,PayPal,b86b33fd-4d7e-437a-a16f-f53524fb1dc4
bba9abce-2086-4636-8788-ed56df360854,MC,751e4164-ab08-415a-a8f3-2ddf330817a5
deec60df-890b-4b75-8070-3f9bc90f0675,VISA,2ff5452f-880e-4e26-8a04-262e0235e0a4
eb45550a-d682-461c-a7ba-4bbf260ddbaf,MC,3cbdcd84-71b3-4388-ae99-b986dcf2a6aa
d2003432-4c5c-4846-b5b2-6629b86a4633,VISA,142339a7-1128-4aae-b844-47a14f1a6eee
0258ef21-1de1-4469-918c-b10a96136679,VISA,d26be5ec-9f61-476c-aafc-60ef8c9621eb
e95da276-766c-453b-ab49-56e8485bb91d,PayPal,a51396da-bff9-44c7-9617-561151048559
885e637c-41da-467b-9f06-f40fa93acf51,VISA,d0fdf48d-c6c9-4e0b-a36c-152fa7f5f622
08a26cdc-af68-47fe-9475-f2e7a3e12d98,MC,502268fc-2f9d-4b12-a8cf-225575f5ccf5
e2da46ba-d44a-4ee0-b9ff-37dd0ebc05c0,VISA,0793bdee-e0f4-40a8-8ea7-a2eac8ee85f1
a7120c5f-f6fa-40b5-9e69-25593b61bd58,VISA,4e2a51a2-d6aa-4fef-9a9e-2079974f65c8
00be0cd9-c196-4c60-915a-630664469755,PayPal,6735b6f3-56b4-4df4-b347-8e8d308ba028
a52af57d-4444-47b0-b2f8-1d807a840e02,VISA,396115be-2375-4af1-9bdf-6505ffeb73bd
6faa2f99-4d13-4d3e-a303-11aacbcfe1d8,AmEx,41752e95-a6ae-4b59-92cd-4349d33f83a8
fcbe44fc-b681-4e9f-951b-df43e7785081,MC,da704d9f-9a30-4f26-b2c4-57867d5d1567
09d81f55-ad28-4f4f-9e89-10c4aec88a05,VISA,b8e6ff47-54f3-4d8b-920c-15e74ddc0455
0eb5f650-743e-4cb4-b604-c5a35922e009,Discover,285e0295-b1d9-4e0b-8936-b68e064d8dca
6082bd41-dad8-4c5b-87a0-75014668d1a2,MC,b2caab7a-0a86-4536-b046-b3a46f799dbd
b4d7c984-e99e-41e3-9a20-bbbf00928ec8,MC,8c3c7ad1-69b0-4fd0-b158-d986e95384b4
c8cd320b-e5b8-4aba-995e-0a5f6ad68361,AmEx,018f7b7c-3140-4a12-8c3c-d266c2f11f14
116a29b7-d9c8-4cd3-9c56-13a38e0986ba,MC,c50485ef-eddb-4e85-b535-38f8e08b834a
70d40663-c69d-4eac-aa1d-6e5522697962,VISA,1ee75056-09b9-4b52-8321-cd2d86ceedab
4bf46e83-9c6d-40f0-ae0b-326ea1dd0ed4,VISA,bbda183d-dc4f-43ce-bcdd-264f1fca3a65
41754731-7c2d-4481-9fff-60e4611e14d0,MC,0789b934-1af9-4769-8174-6c4d9c252473
33c85868-1118-42d5-9237-43427212a30a,VISA,a32d9009-2ccb-4b28-b175-dedb060d41a9
8a115d57-378d-4136-a38a-6a548f4e3e90,MC,7a3be839-36b1-4c5a-8eee-6010fa663efb
51024413-bfe2-47eb-ac81-c57a8cbaf961,VISA,c35d5c9a-b891-402a-9b31-c01ebc44d386
8e0fd0f1-9c3e-4884-a3c9-27661cb98b7b,AmEx,6d06ff44-74db-4ce9-9742-c51e7d405dfa
13cc6496-9c12-4970-ba74-918985e9ccd1,VISA,e9f8c44d-397a-41e4-8775-c8c16ed81eb7
9fe382e2-c4f9-49cd-bdbb-711660596fcd,VISA,f6f2241c-73ed-4c16-bd9e-adf72b0791e1
9d6fe9af-bf47-4f5a-8253-28ce07565152,PayPal,7fa6948b-a25e-47df-8656-094bd44b7dd9
73d888de-fcad-4333-a16b-336f2407845e,VISA,b7560682-c32e-4197-8070-ef76e7f952bf
eee9a602-4211-4f7f-9e6d-c457c9b17287,VISA,1a9edb4c-33a9-4df6-b41b-db11278dfcb2
4e414284-84e5-431b-8859-46453e8679d9,PayPal,f93d6ea3-63ce-4f40-bb29-91f3dc260863
03db2b35-0477-4742-9684-bb2d6f8e395d,MC,75688c83-43a9-4d0a-9659-a6049b01a353
2959d417-6858-4930-a8e0-a526de880e95,Discover,186fb813-0302-4f50-b289-7342e21e6123
0ea05e3f-b55c-41e3-876a-cdab544c40a5,Discover,1246f7e9-dc97-47c3-b3e5-8fa8bc74d8b1
ec839d0d-3b03-4ed3-a037-5e16ba0d10d0,MC,a9d231fe-3aab-42c9-92cf-e1b000c951ce
0370d4a4-8ecf-4086-92b2-0bf1123fff33,PayPal,172deeae-d187-41da-993a-a7b8915c2c9a
96477a61-a2aa-4a31-82be-ffcd3c6c3e90,AmEx,ab19a407-eb83-45ad-8ab4-20f09a7d109c
c4a5b89e-b176-4fd0-98de-bddb94818cbe,VISA,26d78339-d243-4686-a31c-a6a679d92f10
96431213-e2a4-4a99-b91e-9e5f544920e9,MC,5bb2373d-9e8d-486e-9899-0ac833c3a2c4
d2c4d0a6-3aa7-4544-a360-4f168168165a,Discover,2f2f511b-4fe8-4c48-b01d-a3f50d028d02
12f34638-28d3-4ab4-80f1-59c02ba9e4e4,VISA,04eb761a-b29b-4f0f-920b-c23c87386666
e30cb21c-35f7-4e4f-9fba-6e2879a3ede9,VISA,6e4ee92b-6cbb-4280-8742-234116187a07
0eba9fcb-de47-485f-8d2f-be93f6d58cb9,MC,6c33b834-d7e2-4786-80fe-309f5bf24bf5
8899a46f-e083-4bcc-ad4d-18178415742f,AmEx,441c02fe-ba1e-4b89-a094-eba75e844764
faf9981a-dfe5-4d73-afe5-62d8771ca43b,AmEx,65abe8f9-57fc-43d4-84a2-6758ded3459b
05a183cb-5d91-4f04-aaf3-43b91a73b7f6,PayPal,704f7268-d2d3-474e-8f24-c72f762a7d6c
516700e0-ad39-40e0-9383-7ba17ec37866,MC,14db29c3-fc87-446b-81c2-f8ddd58ed4f1
0a6bf657-af78-4f8f-a83a-aba8466df4d0,VISA,f38c6abc-99b3-4a11-ac92-b4325a3c91d5
fda58291-e1fb-48dd-b3dc-5a96efd6c165,VISA,5b9f694b-eac1-4ccc-80d8-32545f03dbf0
1b202921-df9a-4bda-9c53-48a1cb51a00f,MC,49aa8554-de00-431d-9a8e-c2c626c4de58
b5d1e8b4-d526-4a57-b9f3-241ce7092836,Discover,3f191571-0b5a-4c0d-aa69-e68d4a2cfd7c
a6f7de20-30d3-4de9-8a15-9d8564afd2f9,VISA,fcfb7a2c-12f2-4fba-ab16-7cdfb4a7b515
41c3a7ad-bdbd-467b-bd5e-f912d694f90d,Discover,33b74363-b827-4a24-9b05-890548a06348
dc1e8289-2e6a-4052-af29-5023741d224a,VISA,7a684763-8ae4-471b-8549-ace0cfd7a5ce
21f2888d-43e1-46f4-8d53-1ed952923ba6,AmEx,600f45bb-9a5c-4a45-b2d5-bbfb5594b0ea
8decda09-c7d9-47a2-920e-f7242c368864,MC,93cc0f30-11b7-4e72-af18-e509e7fe0d63
31ff2cc4-2f7b-4c67-829e-381942aec8ca,PayPal,6ccb3905-6dbd-4284-8fc5-3fc0dc7a59b4
bca86676-3caa-4d58-95ac-a5422ddce279,MC,fb7def0e-27da-49a7-a884-73748ce928dc
76a3d7e7-8902-4fad-a4a0-3a8d7b3caa32,VISA,02d107b1-a2b0-4ba2-985d-3c50946494c3
d695a155-9032-4aed-bb38-3ed3caa222a9,MC,d676ec03-f603-4512-aac0-167c2ef0656b
3ab0127c-162a-4e87-8100-2c80f1a00fdd,MC,1e3416b7-dc52-4bf4-8af4-188504b34538
0010a039-f1c7-4953-b3b5-5344e1ad98f1,VISA,58fc968b-6d6d-42f1-8339-99963ce5b1d8
d7e6c32a-08c4-4517-a4d4-e95f5081226c,VISA,848f3a6f-0b8c-4fc4-b664-40cd2f6070d5
865cd665-19c7-450b-ad6b-704ef9dc1a19,MC,284bad06-1484-4002-afd4-1ac4328606df
cd6b2f40-215f-46d7-9e0a-e1eab6fdabbc,VISA,c868e43b-8330-409f-bcb4-a19e6038b531
26a23472-2715-446a-a27e-6595408db7e0,PayPal,39f9584c-7e9b-4388-a5ac-0d01345862c6
81ef6837-4e21-4aa0-a9c9-28a2d327cb9e,Discover,a8d537dc-6ac8-4d8b-886c-341b3071f97d
66e5ba6d-6440-4a50-816d-171440a55c66,VISA,85890935-c24c-435b-91ad-cfd862efc8fd
2d9624ad-7d20-43dd-9edb-a7e0217099c0,MC,566eafda-aadc-4a9d-a0ed-f407f76e0607
a74c817a-673a-4b84-9fa6-0a278af92b46,VISA,5a9fe85d-c31c-40f8-b674-2ca717856868
2bd5fe92-0e2a-4166-b134-b35fc130ef23,VISA,8f197240-0253-4e82-af6a-22a08fbaafdc
28a74128-2a0e-4d66-9447-249a311b7853,VISA,2a5f5b51-a614-468b-817e-463b35af6c00
df845428-40f0-4367-9a0a-c7073d96086c,MC,67030a83-5d27-4b24-b67f-aca511a00977
d0b9ba63-2578-4930-b13d-cd8bd36ddee0,VISA,7a0905ed-e22d-40ab-a9ac-42022e973744
7f5c750e-69ee-4c92-82e5-664fa370428f,VISA,695fde4e-6dc1-4fdf-9e3c-edd71cd0f9c7
eb986069-5206-4f5d-b3ef-3d7ec8a5936b,AmEx,8b1236c2-0bd6-4519-b576-5d4726333de0
7552993a-f4d1-41d0-8bb9-2b8958e897aa,PayPal,8f14a920-92fa-4735-9229-f034f4f0866e
8a62b125-aef6-4f6b-aed8-c961df1b369b,MC,3332ad07-aca5-42b8-ac15-8931a36fd5ed
af3b9d04-3c1e-4953-8522-5ecfce1406eb,VISA,a960843c-4f3f-421a-8240-09a3ce201270
a432e5c5-eb6d-4a52-bf73-83f00e4f6ee9,VISA,170d4ebe-7fd8-4809-b691-7ef001287d41
01bf7371-64b4-49a4-96ea-19be0fa19d4d,AmEx,2a15703f-8b79-4108-afa8-0799ce822972
5ed7c20c-5a50-4a7c-a557-e31c2800593a,MC,fd5ebb1f-ccea-4827-aea3-2690249d0d72
12719d3b-7c64-4202-af1e-62e1b5484a83,PayPal,a483544b-d589-4319-a597-ae602aed7782
dfc245dd-a134-4edf-88dd-bca8f43e519e,MC,fdea0fb8-a6f0-4e9d-9484-a77a4dc3c4d9
7008cf41-9a5c-461e-b57b-5b3419213305,MC,5f5b5b2b-6780-426f-99a4-8df2180ddd7c
1a75e5de-27dc-429c-8c14-2b0cc2fb8a45,MC,01e28580-74eb-4c16-a428-b7a1506def40
d066c21f-eaa9-49ef-baca-46923a47d3b4,AmEx,db20e5fa-7f13-4621-b2a8-cf8b8c8174c4
001ad41b-05ea-4ee6-80a8-13beb7df7d99,VISA,162eac6f-f48a-460c-8306-303dc9126e4e
4f25e02a-a17b-4753-a8f8-31e7c06cf6bc,MC,e84869ca-ec3c-47f2-8b77-3ea88792d143
0200ec1c-f6ae-4773-800a-7f0960e6d167,AmEx,beb92a5a-bbab-4658-82e9-983ff5d3c146
4ba6b0a0-0b2d-41dc-927e-b7d6fb181c7b,VISA,4cda43f9-d633-48bf-9940-7c471771813e
788b746e-5cd1-4cc6-85bd-6eb93508c396,VISA,bea7b458-52df-44f4-8254-3aa8ebaa03b2
b9b48366-8645-4198-a9dc-c4377383fc31,PayPal,22b936b8-6f75-442b-8d0d-93aa77cec31f
e822faa6-cbc3-4837-b1a5-d831725f9aee,MC,3234ee19-6cf4-4f02-9866-3ff1d4489dab
7c751785-1e19-4a68-967c-2c4446082100,PayPal,9bdc9c26-3668-4bdb-bb61-f8611547b62d
770dacba-77d4-479e-89a8-a83daec5bc3f,VISA,b554ef48-fe05-4ac5-a7dc-04ba1b1804e1
e76463e3-c5de-455b-a40b-a95481a4ffe2,VISA,f5f763ef-e120-4360-a5f1-fb778b559e42
a8b9405a-1f35-4f97-8244-02b6d4b25a27,AmEx,c914925d-6121-4fb4-9b38-de40d2871f58
aad55343-7914-44a7-af62-ce0f00b42b5f,MC,02c4cf47-6869-4290-9ca4-472d6ab42172
a3993f97-f217-465b-a7a2-5166e0b449f8,AmEx,27d84238-9fa8-4111-a182-2a26ac9ada5a
6b6f0565-41cb-41ad-b6d3-56e633d3251e,VISA,f3a37f8e-d95b-4d3c-ae46-38a00f821c18
49d4cde3-6fb3-4ca9-b2cc-09859a7566fa,AmEx,5e9b7eae-632c-45a5-85f6-19af639abaaf
fae9ca0d-eb28-4b17-a444-eebce82fa15e,PayPal,3c5d056e-99c5-4dcf-8de8-d2654eedd5da
33e8bddb-1010-445e-90f5-0f6ee35b810c,VISA,99ee2485-6890-4b6c-8bef-e7e921c93c04
bca19ee8-d225-43c1-88b1-1d31e3b34c80,VISA,e64fc3a7-f500-43c8-a86e-04fcf0d7cb23
9ba73985-3c76-46a7-bbd4-35b73f9e87c1,VISA,1fb43a81-87b6-4512-bea4-44651011ca3c
9d57fa54-a906-4475-8214-f687da43b15b,MC,0e4f9665-11dc-45f4-ae4e-7b98c3f0a82b
4b7a05cf-ca38-45cf-a269-1be57fb2d8fa,AmEx,c9f95f80-4da4-48f4-9b09-5658be3ccea7
45c3f28c-d265-401f-9083-a9da9944ddf6,VISA,31feac77-f1c9-44d4-a0d7-1e8595332afe
25812ea2-7339-465e-add9-f6c44149a1de,PayPal,879dce75-d20b-4fd1-9494-747c7fde396e
410fae32-dd4f-4ed1-a1d4-6e8e63d9d8c9,VISA,6030fabd-ac4c-4c41-a5c8-bb5e520c0594
24a7964d-aca7-480d-97a2-bec4b3a5293a,VISA,5e2d26c2-9c28-472c-af36-40aa65b8dc48
ae9a45ef-d355-4323-ac17-ce14befdbb68,AmEx,ff89cd1d-13ca-4ddb-933d-e84a169cfb41
bbc2a892-7cc7-4e71-a581-6e3433226e29,VISA,059fd429-81e5-4227-bbee-2ed7df2548e8
9c435223-a675-4dd6-b402-1b47553bb89d,VISA,517d51e3-202e-4f4d-b5ea-06a7bc3c361b
ec2e81f9-35eb-4e39-ae13-5c799e16ca14,VISA,4eefc248-ce4e-4b3e-99e2-d36a43fab69b
22424458-b77e-4cd3-84f9-f6249dd06df1,VISA,8cb1fabc-d66f-4963-a7a4-53984c22149e
e0b352d9-1a7d-4b83-9acc-af8987cf1fbe,VISA,5ec9315b-e715-4925-b7b1-6427b68c6efc
9e364db9-0a7e-4b9d-b20e-042cf7979ffc,VISA,7d5f8150-ac1d-4002-8913-0c020201cdf6
e741e7aa-bc99-450b-b620-a91db529274d,MC,06a6dfbb-d377-4e3e-bfd9-dd348259b208
90c40248-677b-4e02-b6d5-02f80bcabf51,Discover,6a197b60-1846-4825-8c78-e3edc1e96bb5
32e930ce-46df-41f6-85ea-cc8619b69c94,VISA,bcad13b3-a0db-45f8-a035-1fb2948d9f41
a4873329-9fa3-433d-81db-f7bde9c7e4c2,VISA,b1bb0e8f-1278-409f-979f-03cad2b09759
8fd467e9-3536-45e4-9e52-531b69351d2e,MC,c6b8b209-0043-46bd-a6f6-8a3a42ad4d6c
c369fd5c-513d-41b8-afe3-697534d96260,VISA,6e575077-3646-4273-ad1b-7151eddf9c06
3f9822fb-5526-4a8c-9bf3-11066c82b47b,Discover,2c00690e-65d2-4013-956d-6cab9127f98e
28f62959-9528-4ad8-a26d-75426648cf94,MC,81091054-20b0-499e-85d4-177eb1ef2923
36a85e76-45e7-40ba-85f2-ba25e0363882,VISA,af84eeeb-d5ab-425b-8b7f-c6ff3bd7a2e7
081b9fe8-a1fa-49c4-a10c-9d08bcabef94,PayPal,bd6fe7c6-16b3-4d23-acd4-9ca974427587
15a32a73-94e8-4b60-826d-6a548eefe21d,AmEx,ee15fb2b-af17-4075-9718-1971ff40ef97
75a1f3ba-1daf-45bb-8558-944422990dd5,VISA,03b70470-d87b-4fb8-ac67-b1947cded5b5
3621bd8a-3bc7-4ae7-a5a8-6f90f2e91bb0,Discover,d2fd1e22-7827-4ca0-9bf6-9bf9d9029f8e
31424240-1272-460a-8437-5b5a99178499,MC,ea919fbf-478c-4ff7-8f42-980080362ab9
39313051-7dac-4cb6-b9dd-3448e60758c2,VISA,b4b434e8-161a-4edc-b5d1-599f923a8689
a63bf444-37ba-4c1d-86d1-8c0ef1cadddc,PayPal,e5af2084-848a-4f92-a3ed-5677fdb25673
d3e7e700-0fe9-4572-83bd-375fd6b13931,MC,d42c8592-b6af-4c7a-9ce2-f704446a76ac
d7f1d419-7d41-4f96-b9c8-a23fcde9a970,Discover,8f6c3bc1-ec66-42e1-b742-abbe1849dd12
8d9bb961-a664-4a1f-899e-16b697a9483c,MC,b46de149-d167-44fb-a62e-8aa9157612b2
1b657a07-ec57-4413-b091-c41938d9ff00,MC,358a65bc-cde2-462d-a28d-6f42ed0e2a85
b1547be6-7059-49b1-b39d-a027a0ee9df1,VISA,0e224534-ed6b-4cc8-ac41-4c6ed933a7de
8d47268d-17b2-4061-bfd7-9f0b8507953b,AmEx,65755ffc-5f48-4898-a46b-97d0326f4f12
08c12c03-b1ea-4524-b428-55d9564019c1,MC,f7d6b2c1-8367-422c-be6a-c20a5ee6fbbd
7a5a5110-aafb-4e20-a90f-73685fbcd004,PayPal,c584c52e-656d-4df5-9a37-892d14b73ce9
05ad38b1-3b97-486d-b256-97294cea95e9,MC,f7d6baa2-b274-4960-ad02-c8751b4518a8
d2f64c24-ba38-4353-9385-7ef90ffd47d2,AmEx,b50f0f8b-864b-4959-a99e-37341bc41162
b73b8e2b-ed62-4402-928e-befebbc41344,VISA,528e811e-bd7e-4af6-828f-e1ac11e7e181
70218d0a-552c-4b54-bb2e-4b9ade01f3c0,VISA,b467c219-b037-4e0d-94f3-24ae6249c1b2
7f558374-aebe-4e82-a0aa-52221e320820,MC,fad5c1b1-5cf9-4c93-8836-b02eb33786d9
a4a136bc-5d88-45fa-90f9-87d92daf5fd3,VISA,aad355a0-890b-4c87-84c4-6f18a4742cf0
a7548ba5-b16d-444d-8ee2-0cef3a9b1d1d,AmEx,7d06090d-5410-4669-82cf-08714371455f
903c6198-6b21-400f-86e5-7a0099e76a18,MC,59d47bf4-f4dd-4771-af4e-1a8e1c757060
3bb9e4a9-aa3b-4665-bc6c-7174a5d57a9f,PayPal,c7522043-8cbc-4e9a-8c85-80437f498dc1
a2d7579a-e107-4dee-94d4-cf1258872a2c,AmEx,b25868a5-03ed-4ddd-b5c4-388cb2c2ad6b
a8d5eca8-9b82-4ee6-a9a9-faf37b03c847,VISA,5fe4a5de-6c75-412f-b99e-cd59692b76c6
255041d1-4a5b-46d3-b5af-d93ac690ebc5,VISA,d2f53c0e-da71-42e3-8a1e-aa9d99576dc4
39087705-d921-4227-b5c2-064ea0a5e0e7,MC,a2109f71-cf82-4ffd-87d6-a0b1d87df559
846785df-4327-4d96-978f-df57e28f2c07,VISA,96fa954d-9369-4325-b40a-2d611436ad05
d50ef76d-183d-4599-93e9-0693a8e6c363,MC,89688b2b-8836-400d-a0b5-f0bd67e5860b
c2459b83-0bb4-4d96-ac4d-13eda4c698ee,MC,f3a0f5c2-1069-40e1-afb5-66018314872e
895d8fe8-0ff6-4933-9549-322f21ec7dfe,MC,1c55ddd6-1708-4630-a911-f2e9ceb12eb3
5e67f207-d69f-4890-ad02-ae08c309e623,VISA,a61521b2-b19a-4acb-a29e-0ce72e7780ae
6b0bcf8a-dfdb-4953-938d-71569fa2abd5,VISA,3b05f0d8-4f55-4584-93be-0920b7d61b78
5260f979-1fbf-40fd-9ae8-bd38ded302d8,MC,149479da-4069-485d-aec8-0db74009d2a6
88574015-02b9-4149-986b-8d4d10e0f8ff,PayPal,c40a4c6a-be52-479b-8287-7903f859dab4
5af7b60d-9297-4f1d-b4a8-189d5e0b1776,VISA,23f81a68-0a41-4641-a453-5d9a225dad66
1ff3c948-8ba5-4867-aceb-164d43de0939,MC,e8675716-7f01-4a81-bf21-0a532bceb17c
b527d830-a47b-4a2a-9a43-cfaf1916881d,VISA,065a8f2d-f913-4cf1-89b6-78600081dfe7
0160eb22-4184-4315-a242-ed1ef8d49988,AmEx,1d43b3d9-4f12-4545-ad75-43c751f3fdb0
97207974-e54a-4dfc-8ec9-e26c9ee23835,PayPal,55bdf4fc-53da-46df-9e41-d33973bd7535
a00050a4-477b-4aeb-ac4e-f8a98a4b32c4,MC,652ed460-88bc-4d8c-95f7-b0bc570f1df4
b6c1cc09-1a42-491b-a897-4dd39712f936,VISA,0f364aca-71da-4e8c-81ee-c5b188d70d79
843f0617-aee4-432f-bd06-600e1c82bb99,AmEx,bfd2a203-667b-43b5-9339-56657764afd8
26faaa02-d156-4b00-929b-9e16fece22d2,PayPal,296a7ee5-f587-4e62-bbb1-bd079121b015
7620a786-f7d0-4a4d-94cf-9884f3b03567,AmEx,77500209-a2bc-479e-87e7-335fc13a4667
ce20fbe4-383c-4f44-9a42-4077d8a44883,VISA,0190a0dd-b3fc-4b05-b8a3-cae5b3e8798d
c56a82a1-9232-4e08-8090-136515d7ff1a,MC,922fbde1-22e7-429d-aa3a-c6e0f56b9cef
18b4a9e1-a907-4e15-890a-18750916ec20,VISA,1551f1af-0279-4b05-bf38-0e6534ad718e
bea18a47-0517-459c-acdd-be02a7a71391,PayPal,e53af24b-2ae7-4128-b8bc-7b470f9f974f
dd19f41d-891a-4c9f-9800-58a4b1d18643,VISA,37caacfd-f4f3-4248-99aa-147ff69a2486
77a85a6a-c00f-40a4-9ddb-744d24a5fcc7,MC,bbbd553f-94df-452b-8e5e-7c2cbb1f94b7
5169a619-0466-4eef-9a3d-72862a4c1661,VISA,204b1c90-0223-47c6-8a9c-6eaf1608b191
c01851a6-f68e-4648-9023-a2aebb737f94,MC,a04dfe2c-a1bc-4be2-a04a-1cc610333f4e
80971c9f-bc3f-4f74-8855-ee13216b6a3b,Discover,30237ab6-e323-4335-9d57-dc788bc26a09
f810cbeb-9960-4081-a4fc-193823b6b70f,AmEx,ff7bb992-f3a5-4631-b27b-2bd9af1964e5
fabcc180-9e56-40ac-ae80-9f40cc8a78ab,PayPal,01b5a00d-4d4b-4cac-a671-458bf6cd9b11
f8eef134-1a8b-43e3-b965-6de7bc5702db,MC,93bf4d96-b605-40cc-9eed-7516ea7bd3ea
7802bb5c-2013-44f4-b4f1-bf779e40c8a5,VISA,fe2bc865-e1ae-4d4c-9494-20408c6522a9
0a98a0a8-114d-42bb-8036-567168b19b2c,VISA,6aaba1c6-eaaf-45b4-96e3-50b1fc6d9855
0aca5ccf-6d66-4e78-8445-d1f399e7a16b,AmEx,d5dc63b6-cd52-45c7-86be-3c8ee0c505f5
3aabf889-6cbf-4983-a809-c5a9162a38f0,AmEx,d952d4d8-f26f-48ad-b691-1f0cf5050179
3998e293-a6b7-42a1-94ba-460aa2672424,Discover,70de56f0-2f5d-4cd8-8474-bb0edb39e8f9
6f4d6d19-3803-4526-8b39-87fb38241022,AmEx,59c4991e-9899-4248-8646-933f4d6ffabb
b7ebaa39-aadc-469f-960f-b4428373324a,MC,245e3897-24d3-4b25-b364-76eb2644a0b4
45c2ad0a-233f-4bce-9465-c7ec43d9596a,VISA,9b759c57-277a-4ce6-87f6-c552b59dbe8f
e5ad25b7-bdb7-4a57-b0e8-0a9557879582,MC,654dd0b2-7c31-4de3-9e22-f95ead067037
5ed2fcae-c856-4a32-ac71-a3ee608805e0,PayPal,175c0701-34ee-4d19-bad7-ed7b61cd26a3
38e3be99-a3d4-45b0-b1ba-16543352b8ae,PayPal,cd896228-6056-4e3f-ac9b-2ba3c85e8409
57978b84-f313-4b95-b5d7-872d1ad83789,MC,cae592a8-cd97-4b2d-b511-fad133016eee
3f392366-d31d-4665-bd82-f94346ddd3c2,VISA,1f635608-c182-4725-9f14-0e9e5fb5bc77
a5308f5f-18b2-44bf-8208-42792255a1d8,Discover,027f21c7-7d5c-484b-b4c0-035d9c74023c
123c5120-8af8-4989-8295-1f3c5c0596c5,VISA,c65170cf-881a-49a4-b378-74eaeb060e33
b99ef68a-7a29-4ec4-889e-08ff8f813fac,MC,c11b60f0-ef12-4319-b06c-be0ce4c49762
38c0018d-3003-42fb-bd8b-f506d152ef8b,MC,915ba800-ed5c-40d9-9e17-d37adb90b205
bc0d8a65-328a-474f-bda5-4e47bcbd7cb1,Discover,9465b873-a084-4527-8304-2e2a08a755e2
0a00e217-c4fb-4e94-9cd2-041ccf82f0ab,Discover,6d5f1551-e9e3-4084-871d-c17e812bd19c
04a73299-c88a-48dd-8af4-68ccd9bb64d7,AmEx,1c0de5a6-8bc6-4a1b-a558-6051a9afa7c2
6938619a-2da4-472c-9d1f-1f77376361f1,PayPal,6e1d8da4-5590-4b31-a6a1-9eb2c2e763c3
bad538a1-ebc4-4f19-8b15-adf90fa2f7af,Discover,362d3723-69a0-4d16-b148-852987ba3200
dfe2f06f-92a8-4030-8fbf-083359b90dbe,AmEx,9ebe04c3-626b-49e5-9534-20c435b344e7
70ea66c3-9fc0-4779-bb4f-5f17bc3780dc,AmEx,28b69d66-dcd0-4d34-bfe3-0dc5bdc1b5e7
951ded75-ecfc-4bff-857d-47dd6a0fc594,Discover,a7fc2287-02b2-4f99-94cf-99880b3533ce
2594cd03-cdbd-41d2-a2d1-0e28029c0356,PayPal,7515f523-74ea-425b-9a08-d43242de5135
36e1d5d5-57f6-47a5-abb3-1a3595361267,VISA,d35a37d2-6b6b-4055-8d3e-5f81710e68e6
ef888ed7-184e-4e8e-b8fc-baf18c127c0a,MC,1d34ee84-9270-47f9-a13b-080ef0cb8ea6
ea60d74d-c06e-406b-808f-a62e07b6eb9c,VISA,79c205e5-4a4c-46a2-8f4e-dd9feda1ae9f
1ccfb80a-3491-42d9-b7db-95118c528f9f,MC,825cb20c-d334-4b51-bbda-e9e7b499dffe
a4025e12-1cac-44b4-8fde-2c315047a607,MC,7a82cc5a-60b7-4b62-bada-8abc6c5ca1e2
d60a60ec-2c92-4f99-9b91-5ebd72f9efb5,VISA,2760e2a0-8986-4ad5-8a9f-b077de2e83c4
309dfc00-7b77-4484-b442-03264e854b24,VISA,b8185a79-844c-4c95-9f64-610eb7e3367d
b9530fc2-9ce9-43d3-aed3-82ca26739ca9,AmEx,76511704-ca8f-448a-8bc2-9a03a64741a9
71e737d3-492a-4a0b-8629-738aef9727d3,AmEx,fa26a645-09b6-4a20-94fe-3a03f210f755
19da6bbf-b923-430e-b417-d933ea70b177,VISA,52900bb5-eb2d-4a85-bfe8-6941f1dc9709
d094f11e-82cb-4314-bda9-f9cf5aac83af,MC,21f29e85-048d-4e9b-a7e2-379a44259533
230933d0-51b4-4ac6-893d-41223d471619,MC,93ae19a6-4eee-4167-a1b0-6805ec8c308d
949d1a18-2768-411f-a726-9749b103618d,MC,cc033880-ba62-40fa-99be-6f667f9f990f
30a92a5a-0c5e-4c38-96d6-ab2a7c269c5a,VISA,b82e1a75-f34d-414c-a171-3eeeb65c4fa9
47d21af3-d837-4758-98f1-7a4974196f51,PayPal,4ac4d719-5432-49ca-91eb-33fdcccd7c59
535812f8-84e1-4bcc-ab05-f4cb0124118c,PayPal,270b445d-bbbc-423d-8ebf-bf8accd9a42d
89d1a140-51a1-4cdb-a932-08d8d95e7955,VISA,c36e80f2-1611-4af3-bc0e-f20c7a144780
21e06066-b422-4ff2-9ba9-25c07ee3ecb5,VISA,8f54915c-27da-4d0b-8644-a1493dd31aac
089ec2f8-5faf-4682-9726-da5c02d3cc31,VISA,57e2aea7-0a1e-49c9-bea6-6812483b76b0
98a28d33-6edd-4a06-830d-3e81ab4ab0ef,MC,9cbc7331-1c32-4be8-a8c1-fc8bc214a4ec
052e8745-80d0-4457-874a-27644fc1ff33,VISA,dc9bb3ba-4bc0-48db-ac66-a1a8490b6d8a
8659e7a9-dde8-4dd1-abe6-57aceb44b7bc,MC,4c6b4406-5204-4971-9c00-3e639e1025b0
75ed2431-027a-476e-8158-7c52d5865177,VISA,7bd4801a-6ab2-4880-90e0-ed66235bca23
67236ec6-2ef3-4ed4-a676-5758377f956a,MC,1044010a-6f18-4ca8-86a4-b68990c53609
dd277484-9f85-43ae-9b18-f0157666a7af,VISA,00861ca9-3632-4e4b-a554-0be6660927dc
36d4b9c3-16d1-4f0a-884c-20c68dba9c64,VISA,b91ed69b-722c-442f-afe3-ea14b268ce7d
7e83c150-59fa-436e-a10a-3e631bb58bd6,MC,6fa835d6-f77b-4618-aa20-4444778fddd0
a55f4f0c-ac3b-4f38-b22e-d04bacca2a55,VISA,1e60322a-c871-437a-a1ee-8439436b9f60
47669046-9460-477d-ae13-d75246c0511e,MC,f697940c-0ec0-4af4-9795-6ee130877058
6a2aa9c4-6caa-4270-8557-713a706622c0,VISA,a12f1c03-7efc-41ce-b8d0-52bba4654bc8
7f1dc271-0a64-4cd5-b8ad-06b6847f61ce,VISA,d1496e9d-3aeb-4243-91b9-2394526b8ac8
af1bd65d-2239-467c-b4e6-c756af434125,MC,f7decefc-55cf-47ea-b288-6d35af018b05
1f7f3318-461c-4950-abd5-4ca07f3271f9,VISA,da39fa48-8d98-4d6d-b4a4-bc54b482ad4c
0bc25d3c-940b-40b9-87a5-9e5d9191b994,PayPal,1f3d696a-ea2e-4b6b-a788-7c204d093505
4e2496c2-508a-4a5f-9fbc-acfe69f90b8c,VISA,bb710928-9b4d-4f53-b1e8-4f1afe02e878
d3c91cd1-d1f1-43f4-bf67-41c0a8cfa277,AmEx,1f18596a-51eb-4489-aca3-d4b05c8b7f8c
6135b6b1-a8e0-43aa-b7a4-c7e5a0eb09eb,VISA,adf8d22e-8018-4f37-9b28-c72c154b4dba
63f6380d-c4e0-497c-969d-80243a2e23d1,MC,5fc13865-e144-4a5a-9c84-f52479a5bc12
c94ca463-8203-4845-becc-8810aa7e3189,PayPal,3440d08b-daea-44a0-a874-3128567d49bd
b596615b-708c-4d2d-8c50-9951434d654d,MC,8e54cb5e-4b14-4dfd-993b-4d9ecad48872
6a2af4c4-2184-45af-afda-c0b0c8fb34b8,AmEx,c5f44b14-9125-40d3-9418-8183380ca7d9
1d3e1404-2e59-46d9-afb3-0983ab6d9fe4,VISA,c7c97ebc-614d-4cc1-8ee5-047718cccb46
de336415-4a66-4e14-9273-8e1065932bc1,VISA,389a318c-dc33-4e66-bf32-0ff9ec180c29
ae6bd2db-8c8d-482b-a0d4-c48e92913338,MC,23a27f58-64e5-4cf8-ada9-05e1ed94ae1f
e515f862-64de-4959-a360-0c2d215f8a4e,VISA,63d3ee67-8f29-4224-9df7-c8bf3e58c1b6
2e42059b-c992-4062-a567-26c6b6f38b58,PayPal,91cb0485-c7b1-4b01-85b1-7f5b6ea08365
496d5777-fec9-464f-94e0-059c1453a437,AmEx,7f04275c-7664-4f80-a991-c5fd0eb1ce1a
ea98cfe8-f6c9-4cf0-96ea-0f91b36c2b33,VISA,2d086d4c-8149-43a1-9880-23469241ad6e
e4cedbb9-e703-4a96-8e27-bcad9aadaad4,VISA,3c7886e7-b64c-4610-90e0-acab4bb44341
f57f7c81-4aa2-4df0-95e0-401a28609e54,Discover,166ad1fe-fe89-4220-af45-d9afc70ee338
0312a626-dfeb-40c2-b79e-14ce48533fa3,MC,463a60f5-ef9d-4e5b-bd3e-a975e9061eb8
22eef8f9-fa46-4320-b859-cd1247c5db00,PayPal,ee2346a5-c7bd-44bd-b70e-5ad3c00d732f
e1348cbb-6c81-4abc-bb76-b86b0140857a,VISA,7861f146-3825-401c-8058-9d18b80411e9
8ec8abcd-19ac-4d76-8dcf-975008fcede5,MC,08046cd0-c7af-4a12-8d53-2b68fc6ceea8
da5a1c27-cb13-44b6-a97d-2e8b50439ee1,MC,0288a6e3-f0eb-4a03-88b6-87c3f92b0215
b2909d85-7d66-48a2-bb98-d3498ce10a25,VISA,e01b2235-32a9-4799-a7ad-e1ff51f1be97
443007d9-d886-43be-bb72-cdf813fd277f,VISA,e00b06dd-75ae-47a4-8cca-2221fd28a5de
3a83a029-c41d-4418-80f4-5b8967d196bd,VISA,edc39cf7-87b6-4e51-a2a6-0a3cd27558e3
44b7174a-1f0e-4b7a-9a9d-6daa7ee3324d,MC,02b5cbb0-3407-4b04-91d2-f6db503a9bb4
34a59633-806c-43f5-99df-10152cc31872,PayPal,be11d5fa-4f70-41ba-9b18-6a88dd82e81e
9eb82ce1-9bc0-4d97-a86d-79ea2bfd402a,MC,0c4bc4d7-bd45-481f-ab3d-e320c09022f9
0856d3ea-1d69-4412-83a9-146fec08b35f,PayPal,e1730a7f-ed50-4fe5-8aa3-caf4e54eccef
7ca2ccdd-70f0-4663-b796-b55e6e0351d6,VISA,ed993782-c07f-47d8-90a0-43fdc00ca5c2
c3d0bbfc-48ba-402b-946e-cb78f5a8a755,AmEx,5553fc4a-39a1-4e4a-9abd-5eb5a222cc27
5979252e-bae8-4b1a-bbbc-2e7fcc76816a,VISA,76af8fb8-c9aa-485f-bf4b-a60ac0590609
d9326d6f-2a6b-4225-89ed-cccee98cd6f0,PayPal,2d062cc5-26ee-44fb-8b94-c4deadead832
33818e28-dbbf-4f03-b705-6aa38cca0356,VISA,97cb0ede-6613-4e20-bbe1-6a37b4f29837
56cf3b55-b165-467c-a9bd-f0be1e465753,AmEx,f70bb8b5-86cf-4941-a8b0-a588378aff64
4c27ff2c-b807-4a31-9a39-6d8c4a20b25a,VISA,0ccefeae-bdf8-4e77-a90b-a5d0dc6a80a2
611a0e59-f778-439a-8e96-5309b950f186,MC,1eaa1794-7f51-4c79-a8cc-c9f782ad1f60
57a56341-bab4-48e1-bac3-af87e1692489,VISA,77cd37b2-8f2c-4658-bbd1-a272ef6d7fde
9d18aac9-1fc8-4472-85d1-3c6bfc5fbace,AmEx,93762e0a-9b23-4ffc-a803-b36a19653510
5e9a667c-ab67-4a40-964e-6525c0ecf4ed,MC,62b5ed10-9168-4d3c-a1a9-e7a2357d0c2c
49c2b715-4576-4377-8cb1-7aeaf4f91220,VISA,21fa6a0f-9bbb-4b51-946a-33e6257d812e
3e60bc6f-31d0-412f-9a88-93fd9154e673,MC,afa02b69-8631-4acf-9411-23a5b64c287d
7e5ec8d5-db48-4939-8775-d4f11389f3e9,MC,6a68f1c4-1082-45a5-976d-2f2f3af1d65f
4d377d81-f90d-45ab-ae50-fa5cb0821b8e,MC,00b63ceb-f3dd-4ad7-b48c-17e582093002
d4d750cf-e3b7-4c03-8384-07a4cb9e4f8d,Discover,87c78dae-79ac-47eb-912c-6f3d85bc53f8
88f80a94-3a34-4d9e-b7aa-688aa03c1972,Discover,4f3454ec-0710-4a78-861b-35265ac5a61f
b1e40c2d-9e8c-46bb-b8f3-b7ceaec5c8ee,MC,a8c391a1-dbfa-4b8b-b1a9-e699bbcb491b
12e8825a-b4b8-4fa5-adfd-31b6059e8d54,VISA,01a1faf9-f5e6-441e-9685-1bc625aaf138
e3056fd7-2420-453a-82f7-86ae139a09e9,AmEx,104ad9f1-2bab-4431-821b-e8dfc661a95a
04e13fb5-dc34-405a-aae6-efa2ada6bc6d,Discover,872d74a6-9295-4a50-a383-f7ebab14ada0
2934631f-1e99-4d4a-9b15-31e1ddef117d,PayPal,9dd1a4b0-c647-4aca-bb06-c3b9d96bd353
3defee86-5df5-40ec-9894-145c3ab90bcc,VISA,a789c31c-4f37-4aa9-b11f-aede9dadb69f
b206cc4f-cb30-40ea-bb48-98fabb8d67ea,AmEx,f514fadf-8bb8-4b4b-86be-1bea5c04dc00
c1eb0d02-3184-45e8-82cd-f003588ea8a4,MC,7a344f9f-857b-4fd4-a67b-d6d63bb9a2e4
e5a91754-ee7d-479a-a084-6847472c64ff,AmEx,bf82ac29-4e2c-4d12-8114-28ad7839dc81
7fae9415-b9ad-45b1-83e8-db9eb7c59ecb,VISA,fc5f476f-4207-4d15-a51d-33043fb94b51
a84a945f-7a6d-4156-9665-72ccec2ae99a,MC,d3ff3038-8658-4cd3-8bfe-87f8a27cab8f
4d2c490d-cd21-45da-909e-b59773db688a,VISA,61d22c70-6781-452e-96e6-89cb33e141b2
1ecac8d1-e62b-4872-874a-4b8abcb8f265,AmEx,5eb069fc-e52d-4f9e-87ce-783ec72bef3a
e16094d4-3f26-4e80-b357-7aef16aae5b2,AmEx,04c193e2-8f5d-4928-a091-f7e092c1e6d1
36612e1d-f7bb-4899-9df6-d153c32287c3,VISA,184fcda1-067e-4c2b-acd9-8bc37f6d0e36
f317ffba-e04b-40fb-bd38-bbb037ab1a2c,VISA,5c27858d-51a7-4bae-83e5-2390d112ecc4
c0d789a2-939f-449b-8c86-d93f95f25dac,VISA,7680c8b9-3e71-40bd-8a1e-f2185737e3fd
8165e5d5-1386-4296-99fc-d5f13f208dc4,Discover,48449828-9ef5-4627-b124-40dba316079e
4c77ceb5-6565-437e-b3c3-9e144ec8a2a8,AmEx,776b3a17-9770-497b-b7f7-5701d55af956
7d22d096-9423-4261-9bfc-3d2f50cf1f3f,MC,d9a0d7c7-4a11-47e7-9824-3fc9c853e7e6
c8dd324a-306f-4295-b8ac-c1310297b1fc,MC,bcdb322e-94e4-4d00-8343-f67af4f4c437
7a7374ca-aeca-47c5-b45e-d2422e55a1a6,MC,79162263-406b-4fcd-87e6-dce1c5dbf761
1453c177-f382-4809-aa40-4f40dd62f5a9,MC,8b1c6d49-0174-449d-a132-9612d7cee173
6ac12992-2d50-43e1-ba81-8cb4cda9623a,VISA,13f073ad-052e-4074-903f-83783642828e
64a12bc1-c5ec-4a03-b35c-488d776bf752,VISA,43c37a3e-7d08-4738-8a8d-15670b4a2029
1f4ac661-4d83-4154-b6d1-fd0f646a411f,AmEx,2c7539b1-3df2-4ab7-81c7-5ebaedebc1fe
bbd36951-6892-468f-a0a0-98eddbefe38a,PayPal,25399b21-4e63-46ce-8ab5-a9c9cb74c4a4
67195ff9-ef8e-447e-a894-00ac46442121,VISA,82f06ef2-f1d2-46cd-90a8-924aa1f85941
597cfa2f-7a69-40a5-844c-92c6f78066ef,AmEx,5d533bc2-347c-44de-8437-fc853b99621e
63c0a196-3661-447b-865a-324a816ca349,MC,882d72b0-e07f-48dd-8258-c79c56071899
87c8aed1-46ed-413e-8357-4b017ae187e7,MC,a4b0e4c0-3bae-4aeb-a5ec-cd78f1e8b922
5953aec0-ea93-4b3e-a18a-9a5f57e2cd70,MC,afa962a8-2df3-4db0-bf35-12a66a83c19c
d9595b8f-3bcd-4611-88f5-94431956e403,MC,396c1d57-f854-47cb-a8f2-be5ae9743d94
e939341a-6abb-4961-b5c4-797aa6dc6676,VISA,9206c802-d641-4122-9560-a125ed376aa6
2f643d9c-c0b8-4bb4-a9cc-ca5bfc6b947b,PayPal,19d13744-6be4-451d-a011-e4f148504d0a
41a8fa06-773a-4a18-af95-237475c74dec,VISA,5e9990dd-f9c8-4b87-ab8d-36f2b9cfc061
a5758afc-35f9-4365-88d3-a08d97b4b5f8,VISA,a84d13aa-3430-4430-a998-3afffe7f4f01
65643451-640a-48e6-9673-40c294cd39be,VISA,58d4cdcf-9e65-48c5-a6af-716561158942
d66853bd-42a1-487e-8b1f-6916b6aec207,MC,9f6e252c-8ff2-4217-8769-dd6ad38e3092
42e6873a-1832-4600-8852-4fc5f59126b5,Discover,9d24c3d6-56ad-407f-881c-28414b24739b
fec4742c-1104-400a-b03c-986b42e56b1f,AmEx,de920487-ff00-4b0d-9220-a2014db2e896
d080adce-27a0-4886-a528-078bdd68bb10,AmEx,624c72c6-bd59-40bd-aa5e-1ec5ee271a22
5501d843-e623-4fb8-a499-9310dd0ac8fe,MC,89fd2645-86b4-4415-ac80-d01e895e6198
5bf776fd-e866-40b6-861c-7f92e2063eb7,Discover,df51429f-e7c5-48a5-9381-b10995c44c64
07fb12a7-44c7-4eb8-8f2a-1fe08ebfa910,VISA,c25d1eaa-6669-4d23-a44d-d887bee0cd34
4ab6ae59-84a4-42c2-a788-2475a009ab99,AmEx,7fed2c11-b658-412c-9b52-7f0a3431883e
b5f21e17-91a3-42a7-a67a-67c882e572cd,MC,3738fcd4-5684-4a0b-a2d4-06a69bee562f
7386a343-8340-4400-8ae6-76e52a247c46,Discover,52cde8df-5612-4416-bb1e-386b2fdfea21
58c7788c-658e-4b32-b363-b104a3485628,MC,62d0b1d7-9d4e-4c89-af44-49bc8686ab2c
75cfe186-3316-4eef-b3fa-ca686ff880f5,VISA,97398a79-e979-4120-94f3-a794dbc2b3b7
afa6b61b-cfd1-48df-a78b-d2d9144abeaa,MC,b7d12bac-40ed-4bb6-9ffd-b66ef0b5d26f
81047316-1d9e-460c-a546-6385e48b4150,VISA,a25f41ad-4e81-4f90-ad63-efe3f5b3c9f2
aab6a2a7-ea6e-4848-a825-2f40a4a8eb43,AmEx,c3d8c5db-1267-4f17-af12-37acbbe819c0
af96432c-ad6c-4304-909a-cc4f9590cc39,VISA,27f01cc8-5240-469f-86d6-d08f970d9658
1c90b291-fbfa-4a44-9a54-1ae322630b65,VISA,603c8473-4f09-44d9-895e-49c16e67fbbf
567568ce-7c41-4487-8c63-ded2795fdf96,MC,5dd7320f-66e2-4188-a12d-5269ea9899cf
faa8795b-939f-458f-b887-9a7a52924390,MC,32eb5e94-4f8d-4ecd-be08-94e44975a014
5ce7f0f0-1212-403b-9d85-d1b28dde6725,AmEx,33e22a0e-aa65-42ad-969b-6e38e5538cda
a973c0b3-ab1c-4481-9c95-cf4581ba2a99,Discover,cf0ab1a7-6586-4c34-98b1-aa69129765b1
a3f557dd-1ac2-4364-b228-f356e613ac58,VISA,c4cf44a1-a5de-4814-a8db-a34b3ebdcd8a
91524239-cdb2-4ece-a367-1324071c8a9a,VISA,e74c8110-2b8c-44f7-b00b-676c8190c866
2d7a0b96-0d37-4384-9aef-c0c78a148ebc,PayPal,b980e9f7-17e2-4837-b6b6-2f2be98ccfd5
7af576d5-3106-4cdd-b862-38f745830984,AmEx,4cdfec88-dbb5-4ec9-9adb-48180da97e51
6dac2221-62a4-438f-8d98-6ab6db3ca5a5,AmEx,069d809c-11a6-4768-b7d4-d17e19f24864
b36e6901-be87-417c-970a-9fd39d322fc0,MC,a0f3fe7e-2cc3-45b3-83b8-e7fc1a51f50e
772126a9-e8ce-4ebb-b5ac-17b64d7497f9,VISA,1c1cd75d-c79b-442e-8086-b52ed9c322d8
8805a339-c8ee-4027-a8fd-b68941972ad8,VISA,4ab5803a-7718-4ef1-96db-ba0acf476696
19e60118-15c9-4931-8278-04a1408bd65f,VISA,1195f9b3-5963-4c92-b633-e62dac622957
b781fb13-3809-4b43-bff8-b129fab8c39b,VISA,6165c5b0-0596-446b-8f1b-86603e726148
c8093b53-08a1-4698-af31-d358d6976fc4,VISA,a39b7ae1-d525-4884-8436-2d1f18c05bdd
665094df-0776-4672-9730-e4bf3a1771fa,VISA,d19d29d8-b2ce-41f7-a2bb-7e68b66ebf0d
e5f3bcb7-2996-4f89-a0bc-f13e2c55c0d5,VISA,50095136-8478-4f94-9f99-a974487c8e6b
627280df-e8be-43ac-b99d-92c4e0e9dc0f,VISA,9e5b0112-7015-48f8-ac3a-fc8d0ad2b3b1
6c9bb21d-aedd-4a15-a454-18f096791825,AmEx,8ec64392-31d6-49d9-b156-08c97c40cb92
71645ef4-c9c3-4eb4-96fb-16a862ff7b33,VISA,c9b3a256-8e9f-4503-ae49-fa6ae80d8d01
e34ff17d-843f-4056-9467-9bbac6f1fd57,Discover,ba9f4b8f-2869-47b2-a05f-da1d1326b992
5e7f270e-0e5a-4097-b332-d217d26803d7,VISA,5d95e729-cc8d-4e35-8970-4b2cf3b35507
bf0dd6f2-1c50-4ab4-897f-c36e08c7fa04,Discover,165c84bb-9c5c-4d3e-ada2-dfe41755e491
67e6bfd2-9f9a-4409-9245-5222934d0680,AmEx,296de6ba-1f08-4e2d-9bb1-58a55521b97e
62bd43cf-c9f9-4b9c-a4b2-350ec49403b0,VISA,52a57302-0092-4a12-b8e7-e48331a4cf2b
7c106340-5b04-4536-94c0-c22021937c14,Discover,40d15588-5fbf-4d6e-a537-248484a835b3
faf74cd8-5889-46a4-b011-3bfa9f38d2e0,AmEx,b6bdb715-0dfb-4f48-ad66-6bea91f3f083
e355d8b7-7b7b-46e0-8fb9-01fd58882f3a,PayPal,b778d8db-6fe5-41e6-ac39-d7eeaa1d213f
d4362e7f-b744-45ab-9201-0e2519b98909,AmEx,48092b93-d9ee-4436-952a-61d865022b7f
96d1e6bf-5fad-41d2-ba36-848ea1f93bee,VISA,d76fe135-7f71-4627-9a9c-baa79df644ed
3cecad92-9ae9-4744-b364-84f3bd853115,MC,74ffb600-c4fa-4599-802d-58cc5d887400
2efa0f93-e9f4-4534-aee8-bd0f9213ef45,VISA,7495d87a-8c62-40c0-b6df-acd0753a70ce
3c11d954-60b5-4d9a-b541-732b7a62e065,Discover,3c6907a3-ad10-43e9-9f84-08e36bcc1b9e
5acec09e-c475-4e0b-b843-6a85f9ac5b3b,MC,6919535a-c2f0-4fe3-921c-4b6d365547cf
f84d376b-4606-4c45-a818-8e7b9b8d1994,MC,2c80831e-63f6-4b03-ba34-85df3c0f6aa8
99cd539f-5ad2-49b2-a87d-151eff823d59,PayPal,4f68a5d2-a34f-4fb7-9c16-a04c0b763c5f
3d48884c-846a-4d23-82ae-a3895c077855,AmEx,a773f775-5b6f-4f47-a08e-41df8838a73c
41564195-3c21-4636-af95-ef13ad034163,PayPal,0ec68d01-35f9-4c22-95e3-480ad6704d84
ce10d124-9cdf-45a0-90d9-103738da827f,AmEx,cac34f20-0363-44b0-87ba-1f8deffdb572
43395f7a-be35-4684-865a-7e4860d33128,VISA,9aedcf92-003f-4794-a35d-96b12f8b9418
9f53dca7-290f-4b14-ba2b-39db9a65946b,Discover,3577b38a-7342-4b74-a0b2-e2efccc4e35e
07cf4d8b-8f94-4da0-9efc-c6189a59391c,Discover,528a00bc-8698-467e-be5b-ca06285f0458
9e408596-0bf2-4192-8980-4152547a70f1,MC,09a4daa4-541a-42f2-8a68-c2472f648916
d1cd86bc-2c7c-4a4d-82ec-a07a20670c02,AmEx,ad173a1a-5530-4b0a-84d2-1d7c0deb7227
96d4e305-5c86-448f-8405-a52da73d642d,VISA,f469c4f5-6844-4f7e-9770-9771b5533001
c8eaf76a-b86e-4d86-a7fa-e038d683a3be,MC,5ac72b2c-d95b-4f39-9c31-8cbf86d62c98
79d51fc5-aaa7-4131-b069-47b5eb9bf07f,MC,792070c6-901a-44bf-8301-cc0f3476d1af
ed6da957-45ac-4503-a1f6-68ccc6b6468b,Discover,1dc47093-5d3f-486d-8423-2decce4075b7
2c162d89-cf93-46b2-af94-d2531c85fbc2,MC,7d132271-fdd6-475a-9187-e20fd66567fb
3a024aed-aaa0-4589-8a4a-a49fa798b31a,VISA,6b228e25-5f35-4323-9741-c0ffd7a061cc
1c92a8b3-f26d-4cd3-a600-6546c7e41a60,MC,271b2c61-533b-48e1-bb94-ba74e829495c
f93376dd-c4fd-4cdc-9c63-d7f601f892b0,VISA,d270eb71-0ce4-4396-af94-972c81159d3f
d754ed16-e4dc-49a0-aa76-e30c3e5cc44b,VISA,1561c969-adc1-427b-a4b1-9257802aa267
6a02871a-f305-4b6f-9a85-05c115bc8aec,VISA,3ada31a6-2afe-43d5-91cf-426e5c5d0eed
2b4dc108-f0de-44d1-bf1d-37218d74dad1,VISA,b4f40798-e309-4525-8f5f-d59df60dcd52
086a9fca-0433-4c83-8291-6af2dca7d501,Discover,bf546e6f-d352-4d19-a80e-44e6d4aea670
9df7ccb6-dd47-405b-ad55-57432995d1e1,AmEx,c6b9f2ca-69ec-4b69-b0a9-92f3fbd8e430
4463720f-7fc6-4c9b-ae6a-df3722ec21b1,VISA,c250cd9f-54eb-4738-ab6a-41128e7d8829
db4600e4-9f15-47ae-845c-2fba177ef61c,AmEx,ef310851-350b-4bdc-aa69-6129b8b81a0a
863c59da-bf13-41b9-b600-6d753dae52e8,MC,1faaef73-8fce-4292-9a1d-e080ba146af0
07490953-8492-423e-8bde-57a138b082ee,MC,3bf9e506-d1d3-46f1-9dd7-427497e2d92f
18a6c695-68ad-4772-b985-f76884c2e9af,MC,dbfbd190-e3b4-4375-a103-e897638b7651
3346e873-1c3a-46f8-a3a1-cb749a239047,MC,91ea0cb5-e53d-4dca-92b9-382e2ac2b773
2d2f6d4b-bd24-4e2d-80a6-543840283afc,Discover,d48d8db0-c945-4482-9f37-6921579a17a6
dadccd77-88dd-49b1-91fd-b165ed1a2c4b,VISA,70df26b0-0bef-42ff-ad05-751fa8fd434d
89567731-1daf-4224-b43b-38cdb6d6d54b,MC,ef04c66f-728d-416b-bdf6-bab8a5739fff
237c45d2-d0d9-45cf-ac6f-a5bb89ce3b10,VISA,36f75fe3-83c7-4e84-9abd-a941ca891fad
36095749-3b87-4baf-bb25-01ab8a0e560f,AmEx,14ada73f-ad72-4b7f-b1cc-404038538cbc
4cc878e9-bce9-4731-a7dc-7acdaf0bf059,VISA,0d60737e-3fec-4462-aa6b-9c57602c3eeb
10afe932-e7b9-4cf4-b734-8310fce8bf69,PayPal,2d92730a-e02f-4a21-96ef-d1f919adffca
774acec1-c375-4a70-9292-3137733daeab,VISA,f4b4cc7c-7e2a-4eee-ad90-b4411caff55d
6663734d-49c3-4a18-bf5d-0df95097cde3,AmEx,1c948754-9133-4a6d-9aec-01e26438444e
f690c024-be4d-41bf-bce1-3f9e8742f090,AmEx,2eadd019-a28e-49f1-8046-7bd17588d2bc
f3138a24-c48f-4c84-82af-39ccfd7d23b7,PayPal,d7e6be35-13b3-49f9-9efc-4c1bf80a3d08
b673dcaf-b706-4ed3-9769-d28d96457173,AmEx,d3904708-230d-4583-bed1-873c93302858
787ee163-79b0-41ed-b16f-90ce59552a83,VISA,bb639407-8ebd-4f0f-bcef-c085545f52ab
411e0a17-72c4-4d42-86c1-4c19d10f99ef,VISA,5195abb4-1702-4d95-9c01-e80c86889a12
9f4e42da-20c5-4e9a-8771-195c98aed9fb,VISA,8321329f-356d-44b6-b49d-faefa6093b93
3dd550f0-93ae-4d84-8a85-aa16693b6287,MC,f25d1a11-3202-4915-a5e4-17ef6d360ef1
54d3f36d-7f0f-49cf-ada0-b74b01c0456b,VISA,dc47b51a-ffe8-47fb-be74-3df81649a1a6
08c97686-c4ce-449a-8b3e-7872d935d6c5,VISA,18effadc-7862-4cf8-9b38-5420733c18aa
28677c49-56be-4867-96ef-3318bb63ee0f,MC,47fd441b-546a-4ed9-b710-37966041d06b
633a37d8-63ca-486d-8297-adc1b289ac83,PayPal,8d5ccbb1-e35a-4b80-b6b2-ce810bcd0d01
81cc6447-e582-40fb-9c17-2f1f4b3de56e,MC,c06a5c47-9d2a-4d22-b547-66ed5d7a3994
390f097d-b14a-49ef-af9d-9e0b0002faf3,PayPal,76d62cb9-bf19-436c-8121-b3ac331176cd
082b00f7-ec3f-4ab0-80a6-a9bfaf1ca75a,AmEx,2ffd84bd-1bbf-4659-822b-f7a141b34bec
7ab9904d-9207-4053-8315-2f045b3628ae,VISA,4972076b-36d1-4b90-86d5-61827bbfb87d
9f447963-c5c9-4662-884f-a72d71cbaea9,VISA,66177250-c825-42e5-a289-5558eef4d382
e65294cd-404a-493b-b805-fc7021f640df,MC,aac2f3a9-147c-44a1-8601-0109d310843a
1620aa35-ecdb-4482-a51c-730344c061bc,AmEx,1fc98edc-071d-49f0-97e8-0cd3e70b612a
a3db8bb8-b29e-47c7-9e4e-0c7aa2924d25,PayPal,944cd501-8a8a-4295-8d21-be60907e8946
8df455c1-073e-400a-9925-f8746bf7ec38,Discover,2b8db569-b5fd-4506-a3a7-15607d256ad8
0bcfdc17-9ae0-4402-8b41-592fffa82c9c,MC,85adab32-1dbe-4424-80a4-0cb2e8be5eeb
45ed6e18-de19-4bdd-ad4e-7abedd0fc1d9,VISA,b15117e6-b532-4345-a239-187233a50902
8593961f-9883-449c-a8d0-e84f66372102,AmEx,f714d1b2-2eb3-4815-a122-31e19a3b9459
81d085a9-3b7f-4ca4-a22b-99daaa333dd5,AmEx,f9e20585-18c9-439b-979a-8e5ea7c2e8c9
c3841886-9e77-4072-bfee-786c527d8d36,AmEx,c65aa11c-e281-4eda-a669-aa639a5838df
dcf0b4f6-b78a-4ddd-ad21-be3e7f6ca3cb,MC,67fe5355-5f98-4d7c-80ca-7a490999e25d
c495fb62-303c-4851-93f5-9e323f565737,VISA,5212234f-2714-43fa-9075-ea8f306cafd7
f1964e31-d6a9-4bec-8360-c891a06547ff,VISA,47101087-99ff-48f7-b00f-ad551a8d8d84
74488b1e-1259-4708-8fbd-1c4a13b7417e,VISA,141d5c91-d56e-4eff-8e54-b514c71a75eb
6531d9ac-ad87-4cbc-8ff2-c121fbd81666,AmEx,5ee90bd9-3380-42e7-ab6e-2c5b885a60b2
c4b89146-8add-42f1-aa26-36c76123ae54,VISA,82a7ff3c-be30-48c3-99e4-2b00ddddff27
82348e40-8891-484a-9ec4-f107e7920e73,VISA,07947069-b902-4463-81e3-f0d305cede7d
2a3d4a69-1bd0-4164-bfbe-f526baa0969d,AmEx,06f8cc39-e4b3-4e91-8504-d963b210083c
6ae4d6ed-54da-4588-a420-910df0d3ab1a,MC,26c9c075-1690-45dd-bd94-8f9af947ad0c
c89ebc6c-4f5c-420d-b11f-7a3ffb87f10d,AmEx,d6a174ec-c75b-469b-85be-4d64b497c3e7
25b81e16-212e-451f-8a1d-35716fe499c9,Discover,654c3bba-1cb6-4430-9803-1734dacbcb0c
30dcaf57-5a6f-4945-94a7-d856a852b6d0,VISA,b9491792-1b17-4aca-8267-522621109fbb
0b8bb56b-c703-4aea-be4a-ee4b9e69bb3b,VISA,32fe8465-a7f0-40e2-b444-16ad755ff6e6
1d1aec44-0fab-41be-bd77-1d0d6c6c771e,Discover,aebfad96-c603-43a9-aa63-1f4b3cecc461
a8f5f47b-9c1e-4eb3-9df0-61fc7c0bd56f,AmEx,48783f74-6756-40d6-bd6d-74a81114b981
6bc4ef44-089f-4c9d-80ae-3366e33a893c,VISA,487fffa9-304e-4731-a74d-a07515afcd66
c69e26cc-2a64-4703-b0b9-044024ea3703,MC,df9b9d7f-08ad-492b-87c0-6910b13c3e40
1af08aaf-95fa-4688-98e3-e9f08a05902a,MC,c229fbdd-39ab-4aa5-9ce4-4caf6b3b569b
b39d208c-6fec-46df-a09b-4cdbe1456dd9,MC,ab6efa7d-28b6-494f-ae59-911bd5c37f87
970d4860-b03f-473a-9097-29eea55f717d,MC,131352d5-a7b4-47bc-8a62-c6bd384933cd
0e294cda-9d15-4fda-83e0-8dd00c8380d2,AmEx,1ffdedf6-97a6-45dd-979c-e266a8a42078
f89679ac-a3fe-4108-b557-522253a03026,PayPal,00a83cd1-1b4c-4914-be01-f58766f3b264
e4b6a900-aa2b-4fd7-9db9-b56b9b31dae3,AmEx,89d23e98-a9dc-4dc2-a148-73039e782617
42542abc-8341-40d4-abb4-536ec11becff,MC,55aecbed-5539-4b20-a332-3fe4b1f9e22a
c547e173-ccd5-44b4-aea7-912dd58f3bb0,VISA,27411318-baa4-4ae9-87fb-0f99bec13881
e6e885b1-54dd-43b9-98e5-6ca2bfbda5c9,MC,21977942-fcb2-4ee2-9a2b-51ed36c487d8
25bbb38f-331f-47f6-8764-541291fc2b6a,VISA,6a2d1b09-1b14-4743-8aad-02ba9b7fcce8
4cc8ad05-d6f2-42af-a182-d4c8bfccc0d5,VISA,236e6bff-724b-4610-b6ab-2cd43d43e88f
75fd05bd-856f-4fa5-8302-3623206e2fed,AmEx,00c61f6c-5166-463b-b3e5-2570d865874e
81a88037-2c37-4c12-a3c4-4bc0257384fa,MC,79f63a25-07b2-4aac-a5f2-2cfc1ffe6fc6
da57cd56-9374-4ae5-8119-2879d939c042,MC,8b0392d3-91a3-487e-b378-bbfaf0923e5c
9dde1ff6-3f16-458a-9015-bc6b9d0b4720,VISA,0c71dabe-5acd-4ca4-9450-619506a44d2a
aae62cfb-0e2e-47c8-8a6c-682533a6ede2,Discover,ddb187b8-3448-4a36-bc3f-6ac78788c9f3
a9c789db-9d48-4150-a900-8f9e239cc6e7,PayPal,b3fa8ecc-9eab-44e4-9cbb-9d0992716fbc
1ab82ff2-4812-4c30-a111-8a1b6b84d590,VISA,7e61d091-cfa8-457a-9679-568e720f0556
f9889f65-cac8-484b-be38-ede19b748cd3,MC,69bd44ff-bc5d-4dae-bbc7-28bd292c4f0f
239866f7-020c-44b7-b03b-034b5419fa4a,VISA,7b146f65-4329-4632-9a4f-1ca37c6186e0
01d3f7df-785c-4687-9898-e30ec1bcdfe9,Discover,2fc6ec53-7f38-4a63-9021-4a1f28a897a5
f92f0a64-b28e-4701-a701-b15413155e43,AmEx,aa762eca-fb73-4bf3-8ca0-02c72a82fccd
b7a7b2d2-d815-4079-869d-94ba7e74ec33,Discover,0324ad8b-86ec-4b8c-a6bd-a6d02652f2fc
d4048808-532e-4893-abd2-297e1937a874,VISA,44c7d276-830a-4464-84dd-5bd19614802d
231addf5-7b0d-49cf-bdd8-e0fb8f3abc91,VISA,6988f6da-04a0-42ea-b238-ab27c803b67e
2c04c147-8787-455b-8b75-ba5e846d7d4a,MC,9e227958-02c9-49ed-88b6-c5b9a069064b
34d54873-4413-4358-bea0-98981944156f,PayPal,af6dfff6-ba70-40c7-ab7f-95e395b657a2
bffa0ce7-adfe-43b2-a598-bc9801a496c7,VISA,6024bc37-f8ba-4cbb-8632-5b05e3922967
f348762b-e932-43ee-aba5-e6c14704b379,VISA,fc9b50e5-7542-4ae4-9335-765e7f1f10e9
295c28ee-d0d5-4252-ac23-bf2fc9aae1f0,MC,ff01c45e-af2b-4d5c-adfc-98f1a2c28d8e
b8ca2a99-46dc-4396-8e31-7ac11bf72648,PayPal,42919ae5-6a85-48f0-9b73-1c9054272c4f
37daa41a-0fad-4e18-8428-0229cb7d86f4,Discover,0453ea7a-d4ac-4eb0-88a3-78cc36b5c3bf
e6ef6109-86a9-46ad-aca3-256190a1ccd9,AmEx,5026174e-77c2-4b9c-bb8a-583ec49c8672
0411bafb-e92e-4678-b94f-6bbc75b88456,PayPal,43d26bd5-21e7-4d6f-bd00-b21e46144ee3
2c91dcf3-3a95-4dc4-b210-2caa3f64fc74,PayPal,e0573827-8b3c-404d-9a6b-e49e3a1f8614
5050db40-3ab8-47e3-beea-ff4c43447381,MC,6ca6d993-d82e-4fd0-8c3c-bfe18e1cb05c
3ed20c04-37fe-4326-95b0-0838cc94e71e,VISA,62596e39-40b3-4151-bf92-d7ea686c0bee
b666ebd3-0ca2-4444-8dd7-d05116ec7979,VISA,d72ea05c-1f3c-4237-ad83-1500998a9427
30a76096-d376-4d47-8b48-b504707273f5,MC,375e2773-e3b8-4cf0-bad2-3ba003aa5149
bd60675c-8f6c-4b4e-9d1d-204a42d61de8,PayPal,b8b0914f-625d-4510-819d-e54adf41c949
4c025f87-78af-427c-bc7c-bd9c173d35c7,VISA,6f2b97e6-5f1f-4191-96d0-dc003c31a823
e68a6f20-3e36-4131-b87a-1ea9adc0e579,AmEx,1b77e3c8-96ff-416f-b459-23e66fe2d7b1
a23252db-8102-4d39-b36d-541095bd5ab7,Discover,3ba9a3ea-4aff-40b8-bfd3-871bf34a9489
e37be560-617d-410e-9173-eaa65a6b037d,MC,1682e380-d4f6-4732-a0f9-998a3929c214
45715ed6-f0b3-4bd5-b908-18fe2b4ffdd5,MC,162d3a23-29bf-4894-ac79-ae2ca2d00de5
23012a60-5347-430c-be6d-42be2385c4a1,MC,1bcf00c0-6ec5-4fa3-85ed-fe4c08147d65
f1c08580-50e1-4df0-8871-7b8dfd4ea22b,AmEx,fc895c12-ed3c-4f10-bea3-6cd85f083ce6
9b6b83d5-90e2-4695-a698-ac0e30787581,MC,c29e18ab-0b51-48b4-b2f3-ae843c5edcf0
a23fa38a-c0f0-4289-a05f-1ea419763079,VISA,19171408-f819-4281-90a4-e2b16278a2f0
66303e12-9ec3-43c0-b389-46d9153c0019,PayPal,00ebec59-90de-446f-be70-5f50f41a2698
ac7282c7-dbfa-4397-832a-c82c9fdb59b2,Discover,d4d7fdc4-18a0-4c73-8316-b29e3c8d7721
18312dc8-ca3c-40c6-90bd-cc052e0c266c,MC,aab05c90-f290-48cc-8b89-8283ef19c994
115aa8ad-7c22-4d57-823e-8557adf5e14d,Discover,17ec9362-12a5-4a38-a6d0-df40873278e8
dc310551-e8a0-460f-92a5-04ae67c240ab,VISA,b4f2cc69-dd9d-4e1a-9d4c-3ec2eb7d5ff6
e14fa088-6015-49d5-bba9-37e0b2eac6c4,PayPal,a50e31e0-5c93-4574-8861-58d4e44beff9
618a9d72-58aa-4cc8-9e45-0c7f98794f08,PayPal,56dc14be-68e3-47de-adeb-d6f7d8748a77
a9bc4799-56ef-4434-981c-a9909b9f0312,VISA,bcb5817c-afb6-4107-9371-ed6a2948321d
feddc15e-a837-4901-8f8a-7eaf18b1dd28,VISA,cc38671a-9363-41c2-9ab5-5a4af8094edb
9832ba7f-de55-4dd9-bccf-899ccacd30e4,MC,d74c6ffc-09a8-404a-9bbc-88f2e14d435b
baaaa9fa-1f24-43db-9777-5e535008dbe7,MC,ec8418f0-ada9-45fa-81b7-efd9651421c3
349ea3eb-e15d-4e5a-b7db-1414102ae325,PayPal,c3d5eb64-67f4-40f0-800e-5fd4dacf402f
bbb28b87-dfc3-4783-ad05-bdb013a9a32e,PayPal,f02c6a10-4efa-4a5d-909b-b22fa085c21e
5d0028d2-4e3d-4c6a-bc53-8e580ad6ba07,Discover,359ead6c-513d-4667-a820-4ed2a20946d1
ac00e0ba-a655-4db7-b07e-4d26763ce161,MC,10a27769-4837-42d9-bfdb-fc1a6cfe6dbd
2672fcd0-a9dc-4b33-8759-6b8b3f0e41af,PayPal,f51f9a60-c60b-49b0-bcce-55334d2d84c6
91bafa2c-afe7-4587-bb4a-6095895f5b44,MC,8dbf5583-985c-4f21-8fc2-ea303b41066f
4df91a08-8cc0-439e-9420-2734a2c788be,AmEx,4126b2b2-e179-4d7b-9660-de1b7cc98a1a
5aedae43-5523-4810-9729-81c1b6ea70d1,AmEx,b96b6ea5-e84d-40b2-bb50-11f9f1ba3993
e0d2937f-a574-4812-a577-fcc0fecbc4b5,MC,4888e724-d57e-4103-9f5a-8ff5daa6b4cc
a201d3e4-0b58-4014-b07c-1c81fd538173,AmEx,273f41c0-92fa-4a48-bf49-523a8e73dc18
b5320ef7-a111-4bd4-8d36-5dc1eb587946,PayPal,e03c8821-ea4e-47c6-be4d-af70bcd919e4
65819e5b-9d5f-4e8f-997b-97ce3e375c3f,AmEx,8bceed65-ae45-4818-a117-5eb354d2ebd0
ea668b4e-7e57-4fa0-8bce-ccf2df3064cd,VISA,60ae5118-381e-4557-a713-cb13e95d1c7e
5cbce3b3-178d-4f02-bf96-c81f53e00140,MC,28e570c2-adf1-42d2-84c9-eb2ad9af8e9a
308ed2b6-bdc5-4ff3-b6aa-727c79fa2908,MC,02f516d9-c5d9-4abe-b3e0-740b3fb04f1e
4df2b7ba-7f92-4e63-8a67-393363ea6e32,PayPal,7cf5285a-8d2e-4616-befd-b23448a01d04
c452757a-c73d-4690-a493-9821c2f0a47e,VISA,74f29101-4eee-430a-8fe4-df28f9687076
7c2496e3-0241-4a71-a557-8677780629ef,VISA,80474bc1-e481-4ad3-a7c6-5c5af6fdb4fd
d0186a28-6675-4432-8a06-cef4c0194353,Discover,4924f3cb-9e70-4bfd-a245-946f6919f914
e75bea2f-a7bd-47f1-9d10-7d233f53d773,Discover,76482e55-b1ad-4848-9b89-85f0b15d2943
a5b4eb3a-9a23-4e8e-ac85-9bb725d3f31c,VISA,d7932487-f76e-481d-84df-0487dbf037de
16ce818c-daea-4e47-8eab-5b4564e4d9f7,VISA,4a704970-af36-4de1-9f61-b2356072821b
5da67e90-6e9f-4dfc-b28f-bd4433301657,PayPal,8c057562-1bb0-46b2-b6c6-b00a79087bfe
ff0e853a-abf5-4810-a2cf-5277609922a2,MC,77c9a484-3db4-483f-90db-1c2bf5ddf54b
3f072d98-20cf-42ca-b676-42b8a79e5244,Discover,cc31d5ca-530d-40a2-880f-4a1fc44a8d4e
ed042eca-f5fb-4e6e-a06d-4d648391a8db,VISA,5b152aa3-91fd-4321-b86c-34fa4ef3a5c3
e5a86bb1-1b44-4f95-b4f4-418ec45d2663,MC,2f0c1eab-e4f3-40c6-9064-1e2387449cc0
14785b4f-b4e2-457a-af76-1e51d605b144,VISA,b1d02a14-1ae8-448c-acd6-2e06ade5cb62
91251b62-f270-48a4-af16-f9434cbef0c9,PayPal,62715c63-bbdc-4e78-8ffc-0c60d49175c9
d4920060-b718-4282-b475-e729e3ed286a,AmEx,bf14639b-ca7f-4ace-a752-9b3669d8b0d5
2eaf54d2-a6d0-41e1-b724-8cca33011143,VISA,2b17ac19-41cc-4d40-b41d-32084a5e0535
5a4389d0-6465-4e90-b7fc-8704e4287553,MC,b8696dbe-8bf9-44b0-b6c5-22f4f1eeb448
8126480a-62cc-4c02-ac4b-78ddde98722d,VISA,7f6b36bf-cc29-4c6b-a6bd-c7855345f655
5903f7dd-5ad1-4ec0-bcb4-ba3e6bebedb6,VISA,3c3f0710-5b66-4da6-bee8-c5e4554a0e65
6b886419-90bb-4802-8ef5-26263b744e35,Discover,2d001d75-6fbe-458e-a89d-b1bb1542e700
277793b6-f51d-4f52-b82f-9c81e121d0be,AmEx,2796fe7c-4035-4fc9-a475-f33594507052
203d62eb-7539-4ed3-a390-373c3f3adb29,Discover,6db36488-35bf-4f11-9bf1-b8aefe1bf2e7
d1b551cc-75b2-4d85-a33e-4cbde24b413f,Discover,a770d170-f719-4e86-9f52-400ead777ea5
4765df53-c35c-4e98-a01b-0afa2a1fe3e1,MC,af85cbdf-29d7-435f-acf0-16185d5f0c67
e46a7124-8f60-4825-a261-7f6cfe4de147,VISA,dc98bd2e-44a1-45a2-8162-65077e4b9c9c
4b28dc98-a800-44dc-88d3-7c99fcd4fa8b,VISA,808e26ce-cbb7-4f8e-8fcb-9f6fcb882765
ff1346d7-3f21-4d13-b4b9-f5983a301624,VISA,191524e2-57e5-47ea-b99d-9d06ca301186
ee6c76cd-0138-4ca4-ad72-c5e2300594f8,VISA,641f2e8a-5d9d-495a-a4e9-178d14f12439
8d5e698f-0795-4ab4-b44f-fcb94c9631fb,MC,c6afadb6-ab70-477d-a3bf-4e5cdd514585
ad751fe4-8e10-4e0c-9933-4f31d6c9fe05,MC,56c73206-3c00-41e3-be98-210267659f6c
76e93e14-4744-4202-b1a0-09d796271f85,MC,ae5a0acd-4fee-49fd-a1f2-3427e4a710fb
7b58c596-6fef-4164-8ceb-2defb6e20395,PayPal,74ec62bf-ceef-483f-ac1d-8ca84b68acbb
c3b87c52-ac76-45e1-ba9f-693436616491,AmEx,a8a45c76-c5b5-470d-87db-7d1923e13c75
c1e9c5d8-5ed0-4155-8241-95f98733dd7e,VISA,8c57626c-3546-4764-a502-ad2c2d19e0c9
0c5c6afc-ee0a-4df9-bcc0-de0319d43018,MC,f528e416-c18e-4c97-8aa9-9fd00f3d58b4
65da97b9-584e-4bf6-aa33-8064d67d6459,MC,7942ead2-3e5b-4ce7-95db-8b2c74297d3d
1818c63c-d744-413a-b523-2e3a35b06a55,Discover,c0bcb0eb-ba01-404b-a688-3e4558c25e60
0d233cc5-3953-4a6e-b673-18741038f57d,PayPal,8b6d633d-0b55-424e-91bb-39dc8eb77b63
1c95ff80-2449-422c-8027-5d402212bf2a,MC,bc219241-59a1-467e-9e57-ef0e0514534c
679fc632-128a-441a-a118-fb042225670c,VISA,aa405bbb-127e-40fa-85d8-620ce5c8aa67
36cc2def-c977-483a-a562-3ab1c93c07e4,Discover,f49e1e0b-3fe1-4df8-8114-2d7ceede565a
a7c41547-cec8-4683-a7c8-a9e9775fcbaa,AmEx,ab7f125a-f649-45b4-add7-46a581f21d1e
ba912e92-77f0-4e60-85ac-47258f6dbcab,VISA,3420d7b4-3079-4ec0-b3d6-1992230ebd83
4fb8140f-564c-48b6-8edd-147d0564f1ac,VISA,30efa2f8-02ee-49be-a07e-d8a495d4fbde
830f840b-b6f8-40d1-ada5-0fb1253d9e48,VISA,c0331d88-04a5-4a8f-9df4-37cdcff7c975
93d425d6-e2a5-4f04-b5d9-649551c9ab32,VISA,4c166394-beee-47ae-b4d0-2b8246be178c
32c073fe-a73b-4df2-94a8-6a65a5a9d628,VISA,79457ceb-e63c-46eb-b758-16f293af6ced
1a8df346-f67d-4629-b24e-de62b20ada1f,MC,57d08f09-4578-42b1-b31b-6fa913d4abc2
3c8afd23-2f94-4471-8f91-d533ba0f2c28,VISA,d5614942-99c6-4970-9afd-4fc850c04380
f6240a67-2dad-4c2e-a351-a60902ea2d24,PayPal,f07fcc87-7715-4da8-af28-539941c59f78
94512223-205a-407c-b65d-af117b8b8ace,VISA,cba453a0-f94b-4b31-9678-9bb9296045f4
20755059-ee0b-401d-95e9-2177bad0a2fc,Discover,2ffcd652-398f-4104-81f5-004b69a1a648
6d2f3b70-8d97-4c32-b740-940810e19361,VISA,2c84f890-ed41-4d3a-8938-66b85bf5d96c
507fbd00-0c25-42ea-8ba8-d63a7b25abed,AmEx,e65b5f44-2721-488b-8270-d530c28983b4
6417f49a-c646-47d2-a342-3045cb945ae1,VISA,69ee2af2-f1b4-4d0b-903d-3c9d2451ddb6
cc3af6cf-b372-4f05-8905-37166c94dc60,Discover,271b1e24-2905-4759-81fe-b18afd06077b
722ef720-a96b-4665-862c-c9d421a2d313,VISA,ed6114a5-f27f-49fa-93b8-2f1dd30d3051
fe67ee64-dce3-4fe1-bcfc-51a23d139f1b,MC,ca29273b-4b52-48a5-bbb6-3879ccadc10d
31ccb798-7c63-40e8-b5eb-816b47485981,AmEx,427b8145-e940-4fd0-8f2a-03447ceeca5d
74ca53f9-da90-4402-b615-493b4868163d,VISA,bbd2d294-5b8c-413d-a0e6-594fa63c7505
8b3464b9-88b3-488f-ad53-9a21d37b5625,VISA,10c3d876-5958-46e0-940d-3ca0cd1a4a05
847429ba-2607-440c-8832-78c0dd765662,AmEx,3fb7cd26-fb19-4156-a935-94120488018e
783f9edc-f162-41aa-af02-f70edf05c2c0,AmEx,e2817222-d9ee-4252-8453-e2d13067cd61
b2b1644c-28e4-407f-9608-08ee21d73599,MC,0233390c-cd33-4461-8388-2aa1507e9a9d
96711e49-8ea1-44d1-90f6-519cc7d9f7e0,AmEx,fdd89ccc-d357-4bfb-a101-997513f8a21e
6efa68bb-ea4e-48ff-bae4-9443c6969c4c,AmEx,ac30b5aa-4c26-4cea-90ea-79c25b2707e8
860b5651-c8fc-45bd-a301-f75d61e2a2dd,VISA,66ad185a-1dae-45fd-b8eb-4cb0e5bb67b2
90dcb3bb-4427-4024-a956-9b8dfe7ac13a,VISA,a5e2c16a-2386-482f-854c-d9795340c0f0
fe408e67-e018-42a1-bd4d-24728533a80a,MC,6a2e7987-f35a-423e-bde8-dbcd34a2ae0d
e26e1368-5f8b-4512-b14c-9c59d975c2bb,VISA,6043889d-2a10-4b6f-a9cf-d6c7158aa0fc
18285c4b-aa7e-41bf-8a11-43ae7732ef74,VISA,d80e3a55-dce3-4624-83a6-13c00cf3493f
fa43ef98-db3c-4ce9-91c9-82c7d466b838,Discover,4fcc195a-eac3-4f4a-8f2d-e60c8d21834d
eeb6f6fd-3a2f-4818-9d4a-c99e1c658554,MC,aa09dcbc-7d49-4674-8cba-518695ce0d92
da21ae2f-c326-4fc7-beda-3bb0df72346b,VISA,4b69cbf8-2cf9-42dc-87fb-6c05d434e42c
042b444b-f542-4e37-931d-7c04507bfeb9,Discover,292252ca-1c63-48c2-af50-8aa14569dc8e
2978e1ab-a558-450d-a630-f3bddd0ebb5b,VISA,b92cf2e1-66e1-4ad7-9e8b-23baa72af183
65cc6f43-968c-4fc0-9a39-921f79a88050,PayPal,a6f7f062-a159-4ba8-ae14-b7aceee92ca8
9a45fb7e-7aa7-44e9-b0db-d1214c32a90e,VISA,e7b0e3d4-a083-4c9c-bb91-afcc8eb83549
91b9a6c6-f488-4187-85e6-3dc77c66eedd,VISA,7bbcbfb2-9949-4a32-b108-82376fe51422
578bb515-07c4-49b7-b00f-8289284ac227,VISA,2923b22d-5d9d-4cef-ad3e-8b6113a1bc09
84b15f5d-0452-4ff1-8812-c95f8f94ab65,VISA,d03af869-ce48-4fd4-902d-c751b3e99b25
88aeaf3e-04c8-4c9a-b26e-7225af14e2be,MC,3a933a5e-2ace-47bb-85db-cdb6b7baef6a
20bdb996-f584-430d-b87e-a644773a7b63,VISA,f63fe888-2381-4207-80e8-70c01a9f2f94
b3fa9b5f-ff38-46a8-918a-a0737a67d4f0,VISA,9028dcb1-e139-4a5e-995c-de3c73527e53
51c2649c-598b-4ff2-bdb5-89d06c89ab00,VISA,26648790-82f7-4631-9b0b-69c03372ec3c
f9a549a6-c4fc-4599-893f-c184d2973b5d,Discover,809d11f3-94b3-4705-9a97-2d2837ebd7dc
bcd67461-fd1e-42b8-a569-a26c39798568,MC,8820dae2-dcbb-45e3-bd1c-1c39da0d0f62
4ab3279e-6dec-4eb6-9ea9-3026579bc7b0,MC,4dea9937-2ddc-4c11-8be3-413a6d3f5563
613e1630-233b-4522-a0e0-db713a29fbdd,VISA,bed1c54a-c427-44cf-b939-2c48b25c7a04
caba4e79-2cee-45ed-b41f-da7a662b91af,VISA,08692b1b-5d59-4299-a228-ad04c04c488d
dca19dd2-f04c-43ce-8f48-6c531202e1a2,VISA,2f2bb317-24b4-4f3d-a204-485d68a49268
681a4ef6-17c0-42c1-b72f-548524ef0942,VISA,ac00fb8e-9d5c-4577-9d4c-79f9df2bc881
63e905e4-f492-4015-bb63-06b81d658051,PayPal,f1880aad-dab5-4e65-bf8b-6ea064c8a54f
51b82bb3-68bc-4c86-bca4-d8e7d62bc8c2,MC,373f4488-3105-4535-bb58-0b29f534bb15
7f3aa0f6-e161-43af-8951-108505089575,VISA,f331a0ab-08ab-4fce-a8f6-40f0017366c4
32cecf78-5772-4968-8c4a-19e30ea4d3c3,VISA,e1ad1f3c-9258-42da-ae3f-6d2877f8bcb5
4d8ce0be-5567-4f48-8046-050e3c4a36a9,MC,121c9fd8-f4b6-4740-9100-36933f2b276d
fb6892be-9856-4109-adc8-85a815843232,PayPal,7a4ffa89-2787-4eb3-ad92-5a5e9327d469
0816b2af-67d3-488e-bb86-88b4d2347d9a,MC,b1dda5b6-65e1-4627-aa9f-01f6dc846eec
b3567baf-d0c8-432c-88b6-5d0299ea36e9,VISA,0a4fe4cd-39b1-4910-8b4e-5070c632a6fa
2f7848b7-549f-45af-8683-33a82de430c5,Discover,fadfc477-b7b8-4620-b507-7508e16daf2e
7012ab51-132f-4776-8950-b9e7a9de5390,MC,f0b59a9b-7426-49b8-b03f-a850bf0cd6cf
7b34c6a5-3589-4840-a2dd-fc941c8f9501,VISA,85ca7b78-fc5d-4b13-8062-453f112ffe75
f8c0c4c8-0be3-480a-980c-5883f0da474e,Discover,2e7ef1c2-a867-47f0-a757-58dfb2fe2222
68ed5870-b5c0-4be8-9d74-4004a0d28ed8,Discover,043b50a3-59a8-4910-808c-a9633dbe41ef
6e6d38a2-2268-4c6a-a9c7-d1442773aef8,VISA,fbd7ea51-c1a5-4847-84dd-50936acc42f4
e86af19d-4611-4ac8-8d79-446deb1a5b9d,PayPal,38f556a7-9edd-4dd9-8198-abb84e4808f6
da71d228-62cb-48f6-8762-61d240ffa475,VISA,c63087d8-d952-4e2a-8c0a-893d84afb02e
8c5038b0-45cf-42ee-97de-4e779ba17976,MC,92414bf0-6eae-4ead-949a-f485e74662bc
73f28f28-4c33-416a-8634-e8c417c660c6,MC,5e6a55e0-4700-4f22-b561-777c796ca5e1
38fdeab1-28a0-4619-a4f3-50e9607bb0b8,VISA,7683b4d1-eb64-42c4-8f0d-65ee36b7530a
61986a8a-7182-4543-8c5b-96c5aaeb8211,AmEx,eb0dcf7f-c515-4e3e-bfb2-c5580fb4c391
1282ee36-86f6-433d-b2ea-3605895dcb5e,AmEx,10b8e71c-c4ca-4fac-ab16-e9c24e4d4283
8fa81072-ccf7-4c88-9449-1f45f8419bfd,VISA,73aeab6c-464a-4078-930b-16a5bd4e3101
097d7905-de66-43ef-b628-995acdddaeb0,PayPal,d35fa6f4-4ddc-403f-a796-e3fb1312d170
963b5a4c-2540-4f75-a8a0-a0963d50f780,AmEx,c1e4c86f-6500-4e08-873a-6e15c7d0c7d2
d116d2c1-ad51-427f-bdfd-4cb3796021e6,Discover,71a04ba9-2373-4703-8908-e370491f5d5c
d2df0d3e-76da-4a57-b98e-11bb5da3c89f,VISA,d9ec9422-70b0-49c9-b025-f59ae42f59f9
dbb4f4a7-af4a-452a-a38b-766428ec24cc,VISA,b1c528cb-ad91-4039-af9d-9af900bb5127
c140fea2-ab3c-4fd6-843b-940f81f77c01,Discover,150867b3-c406-451c-ada8-8bf2dcca35c8
dfa67784-4b0a-4177-92f5-029b3a560b5c,AmEx,d6bac7ec-fcdd-48bf-be57-3c7e287d8655
006d4e38-6f32-4dff-83e3-3e63126b5f0c,MC,d156a815-ca07-49ca-95d2-ecf88fc4cda8
cdbbaf7a-457c-4f24-86f5-a38b42504137,MC,3f45af5e-d5f7-43fa-b704-cec0a5a0334e
c9e47401-cc7b-44e1-9115-b9acc64d0042,AmEx,365557ad-b1ff-43ef-95bf-98b25bd37238
35be2cb7-6d2d-43eb-aa36-310246c819ac,VISA,fd9b70f5-e53c-4c3a-9061-fd46f0d30ab8
a5d62432-cba7-4e2f-8766-96bd3d9ea2b2,MC,edb3f5fd-98e2-4ee4-9cf1-6c6041d35bb5
356825ed-a000-4245-a6a1-45d6c0f637d9,PayPal,5ac6a964-46f1-4b6e-a1ff-e2eb9ba0c3b6
d05e4757-8a56-4caa-a7bd-c755916bc473,VISA,917099ab-3315-4555-b695-21fdd88adb25
d2b713d6-ad90-4a2e-bc69-80b7333cbf26,VISA,f1015bb0-c5fd-477a-b19f-2cfe5c1c1444
83a598c4-7567-4ddc-b133-76f6693a34ec,Discover,91bc4f96-7f68-4a2c-a54f-694d450fa58d
0c2a313b-6eca-4eea-9762-e5c370d25b94,Discover,d826f40c-73ec-41f5-b795-1a2bb0e58835
eb3942b8-9e38-475e-8a04-846483790419,MC,2ce6147e-d59a-42bc-b405-be3f0c5f929c
32e9e2a3-fa05-4c86-9765-06ec0f5d5172,PayPal,177e4d03-d065-4bcf-a3f6-f6d678d8ef88
de17b534-649c-4211-b1c3-3d0ce00d0263,VISA,d785feb9-f554-40d7-af95-1f02e463a248
c3261ec2-7454-426e-9aab-45dbbfef04d0,VISA,1c419690-c7a6-46fe-8259-6ac6c04789c7
27d68e74-0006-4c79-9df9-a5bc3798cf61,VISA,b526d6f8-b6e4-4552-800e-8a5c0222915e
ade140d9-7e6c-444f-ad72-fa78082f8bd1,AmEx,94ff6633-0ab0-44b8-a783-315d2e6bb4ab
c0107454-eba2-4d2e-bb5e-d0a99b782648,Discover,c8fa7a56-7216-40b6-a31e-9bbb2fc837c1
160e4075-ded4-409d-92d4-72c593494f5f,VISA,d2c9f35a-f79e-4d6d-ad5c-95b970fe8b72
7739d315-8a8d-4bf4-9a3d-ca2f3d5ac7ba,VISA,a265bc97-2a17-48e0-9f01-da8faf7a6fe9
66247d4e-6df5-48f2-b87d-30bdc26c6bfd,AmEx,8f399bcb-d474-4e88-a499-6e0191c5fb39
4bac9652-3a32-4843-b86d-790aa8b39f22,AmEx,fec648c0-2411-4be1-9cc8-373412d6c58b
632e5601-6abf-4ed6-bf63-0659d148dcd9,PayPal,9ee5018b-e7e0-4cfd-826a-f497a397406d
2d32610a-b511-4cbf-b842-c1f2fbcdf90f,PayPal,b3c9a2ed-5f9e-4a0a-99c4-f212a09d49d4
7ffe0a8e-f86c-416d-a50d-283715c388fb,MC,dbbe5f14-26a3-4399-94f5-b15b5b5d52ad
2bfdab41-ba93-4870-bff6-dd9cafa73c1b,MC,a5a3cebd-5095-4819-81d2-7310be3a86d2
27dcc4a4-4486-4a3c-8c0a-83c0860ce4df,VISA,e54c9395-e139-46ab-af9d-16c96910381f
50f838ba-3998-4c47-b188-7db26438fdf0,VISA,782983c9-3b74-421c-ab33-aaf095962252
48c8f37a-ed2e-4713-9933-591f17ce778a,MC,5a8f6375-eb82-46f2-98fd-4ee3d6d3a233
e9377193-92e7-4128-a28b-4cdd7145c620,Discover,fef8c128-80fa-4c98-9bea-30eda06783ad
06c97979-b4c7-4056-aba5-7a45c9e6e868,AmEx,d0a95b78-5f86-4aa8-a1ed-17aeb8dcc95b
03bc039e-9159-4d1a-8b6b-f7cf06fa900a,VISA,00f2bb9e-da5d-4930-9e1b-70afaf8810ee
62f61647-6f7b-4554-8548-8e24327f996d,Discover,876e93fc-d6ef-4187-ab7d-f4540d5f9803
938cc119-70be-4f3b-b46a-3348cf9b6bb4,MC,68f0a0c3-7835-4c4a-96c8-d567f1ba411c
aa123506-817a-4834-9b5e-6a7f7897dfc2,Discover,d5236b08-bc91-4e7f-b508-6048dddc7351
2256ac7c-0911-4ede-86ef-9d6cfae1935c,PayPal,bc89bcd5-512e-4001-bafc-5eafa537e8e5
4421fa5c-7f8d-4986-91b5-6a2f56a6aaea,MC,30a038cd-7b66-4ad3-8899-da82aa13edfd
174a3696-34f1-4826-8c1f-221e70670a6e,VISA,03b3a7be-3cdb-4646-800f-8fc740082b9c
925f1f7f-29e9-42a1-9e9f-11668f83d526,Discover,953012c8-092d-4919-9b61-be522677b6e1
284a6f2c-98af-4b72-a328-13336fcdc8e1,AmEx,1f4a6df2-c0a0-4d33-8611-edf4489e8c20
5aed041a-3383-4363-91da-0b1c73efd887,AmEx,431a00f8-ff7d-43df-816f-67e3e0a57602
ecc9f022-4c0f-4cbf-aefe-56f7adc3a3fc,PayPal,a7c2e413-b524-4cb3-b2d0-7011ccfb1c48
abcc055f-8558-4255-a321-c05a72e54e18,Discover,db2de2e7-c0fd-4eaf-8fa7-d3f0c3d06de3
edcddfd8-bd60-4daf-b315-7e255539cbb5,VISA,1bcda26e-893d-4b9d-8bc4-d59fdfc52098
10cd6311-c069-4906-a360-dcc5f59e1f77,MC,ed63575a-6de9-49af-81dc-0acf0a4637f1
ab4aebb9-8bcb-47ba-b89a-9cebeb645f21,MC,f2a4214e-b345-4971-ab31-660a0e30cd45
c84f24b0-a98c-4616-9212-b16be230fe8a,VISA,e7a69b33-fac7-4dd5-9112-483e26af49ec
6e8816b7-3f1d-4d34-a03f-d54b7f2e3d37,VISA,f629e6fb-4117-4f5e-ae35-ac5b438a2359
a3d01436-c806-4704-b182-3d74bfc5ed65,PayPal,126316fc-0950-45e8-825f-8791f364cdac
d83ea376-7f5e-4f24-ae89-638ec4baad50,PayPal,f9b80b41-ad2a-419d-85cb-1cd479545368
1f3acb46-cb73-4229-a461-4fe72385e865,VISA,f9641447-40b0-4298-b17a-2d23b3263113
18bd085b-3aad-4515-b4d4-56e5521c0211,VISA,92e9c998-c31b-45a7-9aa5-afb87cc721c2
18fc2124-183c-4e3a-9c1f-72b39b38bdd8,AmEx,70cbb6e5-e0ef-424e-a738-7847d49678df
6668d5ff-4412-4507-989f-ed1d33e4e885,AmEx,f376c535-6394-4c09-828b-32ed549b7863
d6f4c3c9-2717-4b20-ae3a-7be0bb5110a2,VISA,2675685f-af66-4b50-94ac-c4d51b991ba5
ddfc40d8-c0fc-46b5-96f9-4501bb4a51da,MC,30db390f-1ddd-4b93-b787-225a1e2b7918
3c732f33-c4bc-49b6-85f5-8cb5fc2b89ce,VISA,18707e0f-ce76-4641-8a48-70cc13ada1d7
9b3142f8-0324-4dc6-ac34-112605dbba31,Discover,e16a02f9-838b-4b29-8100-b28a1eba612f
60b980da-ee1c-40cd-9bda-22d074cfbffe,VISA,3d1bb1ed-3947-4b13-a781-7aa7e3326d5c
e49647c0-13ff-44f2-87ee-6b2ff3ed83ac,Discover,0a148eec-4e59-4d5a-86ee-6a59d206f9cf
8d283d54-dadf-49d8-9aae-67a76c58489f,MC,17cc1b3f-5b14-4379-a56e-37d4a37cca26
6d27b757-5692-434c-888e-75c5cddf948d,VISA,d0c0d5fe-e73d-437d-8a33-c6c02fa13c43
ec0327af-107d-4c15-b117-c3f4683d78c0,MC,a18a54aa-6345-4f7a-8d3b-5d1dd5e607d5
193652cb-f379-4902-b085-46ba9461059e,MC,3b6b8518-049a-4d34-be67-73a259e3694c
ed10ccb1-d192-4efb-a069-7c57026557c8,PayPal,13a6b9c2-ec5c-407d-b3d0-cd8e2257eb9b
0b6f0adf-419a-41bb-9d6b-833469fae247,AmEx,b427bb5d-ba41-4589-89ea-b32187447a3d
c18f93c9-69c8-409d-a487-62f345c77d15,PayPal,b89832f5-cd0c-4068-b167-c846365868ce
827f2e6a-e58a-4703-ab4f-da24717d5aad,Discover,51ceaec3-7734-4b2b-82fe-bebe8c581c5b
98ae958d-bc40-4e97-9bde-82fcecc4cc6c,MC,ad61d85e-56ea-4875-808c-f986013e080b
0a6c18f1-6088-41fa-b23c-8b2a18720958,AmEx,8a2ef0ce-6b20-4844-a3de-a9343cb4ae57
47bb993f-cee2-4e85-a045-ee9cb4304ee8,VISA,fae034d0-7922-46d4-ba26-a8957614bebb
ff691734-01e4-498f-9b18-f3d730ca65cd,VISA,597af24f-643d-4e9a-a998-b76804ba325e
fdc1a7d1-3faa-4b9b-9453-e7b465f60a1d,VISA,f59147c5-b37e-4d48-a6c4-3e57323eb989
3dc4667e-3194-4197-8d10-7e8032dc0528,AmEx,e92ff739-fdad-403e-88ce-bc76dfa93cad
794a1809-0f70-48d6-939b-450d055ecd98,Discover,0c0aa986-6274-4eb0-b3e3-1ea6f25ab004
12d1d69b-eafa-4f55-9b5b-b7c890ebce0a,PayPal,d00471fc-0abe-4981-94c8-3211432fc85e
a7f2f0de-6aec-4bc2-ba3f-76f0afe7df74,VISA,f178dd67-26d4-4bfa-823e-dd1c2b97b414
58157341-06f4-444c-af03-e0bc7fe9e2f7,AmEx,0b6cb2ba-ddd1-4035-8884-9d58df655ce2
cf24ad2a-3330-4c89-bb70-28057dc0ad40,VISA,56f499cf-5cac-474a-9e60-6bc89a9dd7b3
66e79060-091b-43b4-b792-0899109232a5,MC,997d4b5f-c70d-415e-ba70-e5134f550ed6
9ac35344-e736-4f6f-90e7-1868e38ea9bb,MC,9e920ba6-c922-44af-bc8f-371a85e462cf
5e09d51c-26d5-4f59-978b-2234f39ed596,MC,1324a961-0268-486d-be40-7991483786b9
34708bde-713f-4a7b-92b8-6269c972226b,AmEx,dcfb7a44-f316-4ada-90f7-7dc5397dd48c
50dd2d84-9da4-491d-9d51-f5cc119dfe36,VISA,8bc6ca1f-48fc-4b73-98ce-3b6fe30ead9e
4d823bd1-85aa-4469-92bc-8a66bc98c944,AmEx,2e7a7e13-78db-4023-a874-d50c0d80c67f
0f0e23ff-4853-447f-a126-32bcd555ed4b,PayPal,3f2b2782-9c68-4aaa-9346-8f542d166342
8e6916d0-91e2-4010-a221-b48e4f2974b4,VISA,9af5c70b-ad83-40fa-84a3-951c4e5ebe48
7bfa4edf-c0a0-4411-901b-2ecdcee9aac0,MC,f574843a-bc47-4c01-9d5c-f576e220cf86
42190aaa-3863-4b93-b0d2-87f1381f8a88,VISA,d01a973b-2f53-4d6f-a361-290bb02f4bb9
6e8310f1-43fa-4deb-8ab1-514b2f06bdf7,VISA,8ce67bc2-1f07-4e2d-a302-3125c2394514
82152b81-b038-48c2-9a62-d530d03992c4,VISA,d36690a8-1096-4721-93c3-401d23bed3db
e527c968-b5c2-49ba-b024-9698e1f5d004,Discover,71d5b9de-0829-41f1-854f-7e8389c083dc
cdd80bd3-0526-435a-8ee8-8a6a48e718e2,VISA,47a911d3-54e2-4edc-935d-03d944aa68ab
76553b12-9981-4b58-9588-828932bdacd7,Discover,ec033c78-c65b-4c17-8997-20cec394f4eb
ef208672-d0c6-4ab7-90dc-1374c4d56091,MC,e72cbdee-c0a4-43b4-9b9d-a419eca3c834
00676b95-2315-4fb1-ae8e-6205eaacad15,MC,68337463-e1f4-4939-af09-8e1c68636cbe
6a403984-a31c-4035-ab09-c36c458b5133,VISA,14bf507c-3f65-4c3c-a043-d7031f11c906
a69a92de-ed9f-4074-87d2-5bf5a42c8869,VISA,4c2b2672-9f97-44ab-931b-b272e912419a
6ffd99b9-ba69-4e40-9286-d4d651ce1495,VISA,51b30067-9b7d-419d-8b11-babb6dfc5add
f3821363-adc8-4448-985c-4dc9a757161f,PayPal,08c00ec3-27dd-47e6-afc1-551da1f0a27a
e3f25188-0070-413c-8329-38e97a2966b0,VISA,cb09280b-47f6-4b58-89ff-9eda2bb314f5
932ba26e-98f4-40b3-bab1-610c22acd7ad,VISA,eddbbbca-011c-45be-a8a9-a9069005b8a5
c6b088c4-d909-4a47-a195-bc5be7a8cba0,MC,feb68da5-68b5-43f0-a455-ee42070e175d
7e621102-3c78-4f88-8b84-d969235a99c3,AmEx,dcc0c30d-a415-488c-9900-303f9ac3e8c4
3937688b-a81c-49de-a66a-62e3a1565028,Discover,4c8f29b4-9790-414e-a58a-7a4553559d69
5298b0f1-5fae-40b9-a708-c3d64e8b770b,AmEx,98815b4f-6dd5-4cb1-b6fd-0f2be528f2e6
295814c9-6959-4d27-9107-4b9745c62eab,AmEx,320303f7-ac78-41dc-920f-38fe092cfaa3
4dd9dbe5-5b23-470d-83e6-852799e540ac,VISA,0bd5b642-9182-4d9c-ae70-fcbdb64b2283
8e40229e-bbb1-4719-8823-a89aa5dd68e4,AmEx,74a53be1-0d0f-4ab4-8b1b-10c5764d5010
29593cee-a918-4cd4-a7d3-537d60e7f5ff,AmEx,6f29a448-9fd3-448a-89d3-ecd3b46fa9e2
615773ae-c9f4-4423-ba49-a7baa385d6ea,MC,d7d65ff7-4b9e-4422-b73a-b5b2473d7c2c
d0241c6d-5dd1-4d6c-abb8-c4c19fe9abd6,MC,70669154-589c-499c-b7f7-83294d35ce39
026d5653-6a93-4ed8-8868-e5608d18eac2,VISA,164bae89-9870-4aab-b890-40f863b4dbcd
36ca0045-537c-4c86-9548-d0fabae2c3b8,Discover,ab33cb61-6803-4918-834e-61c30ae10b70
13a4779a-c020-47c8-993a-a5042f8f9b6c,MC,0a22bacb-ecbb-41fd-9f5b-768fd94f0814
e992c31e-724c-4d0d-8cc3-8ccfd73f1060,VISA,4442ffb5-b1d5-4645-ab01-fa24d941ee4f
f0723736-f89a-4a06-8069-1d7f8a0ec25a,MC,cf97484b-5180-4aa8-8223-083f2f467a24
1b5dd184-1e9b-431f-82d4-ac8dc7635643,AmEx,ae767e8b-7066-4d6c-a057-1e500762afd3
9c167faf-d467-4337-8253-2fc8509a7960,AmEx,73d00749-859a-4a0e-9560-fee2252c8783
2fbe0309-cf30-4c0d-8591-9a2dc2f70ce3,MC,87dc6688-43a8-4c7c-8466-a51a5123a492
f676c08a-1abb-46ab-8611-a65cd222993f,Discover,7e57a1ea-07fa-4166-890a-4d99369a4490
8c258d09-4422-4c94-bc4f-12e6e9b37ab8,Discover,8e1af77b-2b4e-4ec6-bee7-5e5d08874c71
a8a5d045-a6f2-44d9-90ec-d27435b2c2dd,AmEx,9641e4bc-6437-44cd-9d55-5391ffac69a6
cc426357-8965-43d2-b7bd-c24a8d1a2112,VISA,3204e59f-d3e4-4822-ab84-6f0422d26d34
5ff85e2e-708c-440f-8865-8ffb64c129a9,VISA,7b96169c-e303-46be-943a-043528857b3f
b1b647d0-2054-4ca1-af18-f6b84cac75a7,Discover,3cc5fdb7-75c7-4eb0-8f03-63c839746bc2
bbe8044e-5ae2-4e04-90eb-9fb90cd33d62,VISA,f153a1fd-7611-41f9-8a3c-02e448ebd4d8
1f2b1b2e-e830-4f9c-b77a-ee1a754acd07,PayPal,36a75e23-4702-469a-9968-d2ae68c4d9b0
27627e5b-971d-4f21-bc31-dc827849b284,VISA,a14b6963-3555-41f4-8f19-2701a67893f1
6e6510ed-9fc8-4ff9-9d37-2aac091dd75e,MC,73dffae2-68ff-46e3-af1f-0eb5e5308a9a
dc5e1229-7914-4726-bb2f-d0d362f0f124,VISA,6a916b52-341d-4339-8004-1858e23dbf3f
91dabd70-e4f8-4797-8ab8-058fabbd3da6,VISA,bca30408-8192-4477-a97b-db372e8e1946
ee92d6d5-81dc-4fc8-abf7-7f137e9eb44d,VISA,cafb453a-40ea-41fb-a767-b5390b90e69f
dbe57dda-43a1-44bc-9db5-864cce28981a,MC,8bf06927-8441-4761-aa05-70ae301daf4f
f6ee2c23-831e-4900-9f14-47f4b16400d5,VISA,bad76ef8-c861-4151-b87e-5ade1dbd1695
ec967e2d-2274-43a4-9caa-21a15b5cd9e6,MC,4063519d-6bcd-40eb-a1e7-6ba99d582784
92c352f3-cb70-45e7-802e-0d84c3c44a4b,VISA,9b5c93e3-8265-4b0a-bcf5-cf8cb962717b
d5e4413e-c76f-4a84-ac26-116bd1fea7f6,MC,ff6d4e74-f752-4c6d-bdc7-e37aad9d879c
8f473e12-a8df-4611-8cb0-041038093017,MC,882b2ca9-7823-4759-8bd3-96b7c1b9588d
869f8ab6-0b4d-43e4-b8f2-a0af659865c9,VISA,6ce4a31f-26de-4b26-b061-eace3ada9f82
bcf9de6a-b3b6-41ef-9206-9bfced309c52,VISA,a3b35af5-4486-4f9f-a29c-f0511a8394e0
1ecad491-58dd-4d75-acc8-317292f19514,Discover,a73e8bbf-06eb-4562-97dc-3be8eee966c6
121196c2-eaf6-4a9a-9e86-a3f3a2a51c95,VISA,885286d4-eb45-4b3e-b23b-ab4ad7e3b337
9da1b682-4cc2-4e62-a1bd-2894f2eae5e9,VISA,7ed90758-1796-4808-9410-a5dc43c8035c
7f775ef8-66be-4681-9e20-70b7000350ed,MC,518ffaa0-e6da-44e2-a9ba-7577b58eab24
6ac34313-1722-4ea1-ad95-256f29feacd8,MC,7a2991d8-b2af-4978-a8c7-421001529e3d
e8587117-2cee-48cc-b626-a90e6c383b2e,VISA,947e17c3-48fe-481e-81bb-b0b1d85741f2
ab10bacc-608c-423d-aeda-bdd9bc69752c,MC,55101948-04af-43b6-8b25-b830c21930b0
f3c53354-f85f-47b5-bf80-7cfabd830b4d,VISA,0dfda224-ef42-4a1b-9cea-2a68c704a981
d5bfcdbb-1c23-458d-9ad3-dcfa91663ff7,AmEx,a8e92e3b-bcf6-4f3b-bbb7-f5d9795baa3b
0d34e3a6-089b-4648-a4f1-c2ea093778e4,AmEx,0175c894-a874-48d2-ab0a-8cafc0b97c3a
8706def2-4277-45f7-af4f-406b67d62d02,AmEx,8a2b735d-e82f-4558-b675-ff1111621d1b
a386c692-b3d8-4098-9e5c-193907f40058,PayPal,ad4cba37-d677-4b45-af35-48a815fa1f2c
29d120be-496d-4f6d-b729-e10e73805f93,VISA,9a4ac069-75d5-4699-8d6e-a6c77f9c1c08
59ebd34d-4a35-436b-b04a-e14937e641a1,VISA,5cbf4960-f226-4cde-9691-40691d74771e
66adb862-55d5-466e-9a21-1b1290dc5781,MC,7eb17a27-454a-4d8d-8e26-deb8e85489d5
3489ac98-b882-4a0d-93a7-e3089e199d3f,VISA,e8c529ea-e9d5-4544-8e1b-88dd6827db5c
9776c687-aa4a-4edf-8b73-82e2e454fe1e,Discover,00028b02-031b-43d1-a7dc-460a7f7ed30f
d47c0774-3ba0-4a6d-b4c2-cbbc0e82a687,VISA,9d0c152d-8afd-4e76-8fef-5e6089731f7a
6b11d3c5-b056-49da-8d95-a2cf88a835b8,PayPal,bb0f09b8-5a1b-457f-9b59-f77a782f9f92
cb14606a-77bc-43c4-98a2-7ef9fb22496e,AmEx,c7135e8f-b846-49bc-8d1f-28b66dacf130
297b6138-69aa-456b-b5c4-457f988f1e3f,MC,a44cf5cf-248d-4454-8af4-a56b1aaab5f3
74ed4e91-9d81-411d-ba34-305f12fc10db,VISA,1e443328-5db5-4a3a-bf8f-869c431918df
7ab927c9-54fe-4466-a1d0-ee86e2ffdae6,AmEx,9e84cc16-efc9-4d9e-9377-7b24ec1791d4
75e0f05d-11ba-4c9e-8b25-f5f1da5099b9,Discover,26d239f7-9473-4f4b-a24d-5006596addae
9640128e-9f54-4c5b-9bd7-86f1b3e8c8c3,AmEx,88058c1c-27e7-4465-9bf7-bdae001ed15b
deba9941-f70d-4915-965c-7597b15b2bb1,VISA,c8a7261b-fa7f-4957-be89-127936243f47
878b233d-5d34-4a35-8ea3-2c297ebf340d,MC,178456a3-34ea-4c95-9690-ea17ec079932
9b8b2318-68a5-4368-a1c7-513285412863,MC,63c875b7-b619-4db6-8107-b9f67667dc28
ea01609b-6d7a-47c2-8311-a810596f2fbd,MC,29a632ad-879c-4428-acec-0abee5f4ac1d
6c69e645-a299-4e4f-bb80-4408ba48c4b6,PayPal,6d51816f-b7cb-48cd-8884-9ceaf54422e0
4899e994-3670-4dc5-ae16-154f3beeff25,VISA,06890742-2d8b-4a74-be7f-fc08befa3ba5
d156289c-08c9-4e6a-bc17-7f62c4053fd4,MC,8c27d400-edb2-4880-9620-e3499fad05db
c5192b66-cdfa-4ff4-9b41-d95d4c6af3af,AmEx,4ffda072-c218-4cdd-881a-b46b312ae867
9ea7c3c2-5b10-403a-a587-f1c7261951fe,VISA,5742bc68-ad61-4780-ae67-6a81b2662d8f
4a95f1d6-0826-41d5-bc04-0e117ea18292,AmEx,9547e5b1-8d4c-430e-a1b2-bb00713c7c71
73955eac-566c-478f-8ae8-183c0d0cb2e9,VISA,e225de91-f051-40c8-8fe9-e7e83cb9d86d
d58e76e5-8b54-49a2-8538-bc2bd42ff020,MC,02081784-0a50-42e8-beb2-eeb631031f42
4eb9faff-ce31-4b1b-94dd-f03767f24b50,VISA,2a9c6f4d-65ac-49b6-9941-2dc6596405c1
b77d2fd7-b10b-4a5b-8d41-668fa7c4b19c,AmEx,5f9fefb1-2450-4455-9dfd-1b45c184f7d2
3bd15a75-8638-4dd4-b5e7-6b91a1420c40,MC,bd452e81-5295-4a49-91cd-ac29c5fe0177
269bcf4e-4a96-40bb-8ce8-53b082295ac2,VISA,c17f82ce-8e20-4bf0-8855-2f054313c5c8
d0b39583-bc4e-40a6-9c11-550f828bbb7d,VISA,1a2bacfe-0765-4db6-93fe-ab4bc92ed420
75c9def2-e4f7-4122-906d-03ad3ad464b2,VISA,542881e5-fd70-40e0-9d32-238884e1371f
cc1d4ee3-5f48-4b26-b0d9-a58170ef7cde,VISA,964aff42-8f5a-4367-afaa-3362065a99a2
82cb5ccf-c151-4a77-ac2f-ff50cdc5e2d6,PayPal,4777f370-2450-4d7b-ab19-b033e3863eed
b44c0420-ac56-442b-8d4d-fcdd92854d84,Discover,23281c6b-ecb2-4375-b080-e0634999ddab
a90bb659-acb4-401f-b43f-fb52039294ef,VISA,48e278d6-7136-46ce-8d88-38e0bb9de99d
c8083702-d0b2-4c08-b5ab-3a3f472a3505,VISA,2177747c-274c-44ff-9fd8-e74fedf00145
6112562e-ce4c-499c-a573-bd86f98db703,AmEx,eba1e477-19c5-4831-8335-c018b5d03eef
f2a11b9e-a320-4c82-8e44-26c746542686,VISA,051e0f48-4b7b-449e-959f-56c47826d6b4
0722ec5f-31b5-4937-97e9-4dcc4f7faea3,VISA,368e3be1-2c55-4c89-99ea-b3bee6ca4bc1
ad6b9999-db37-4838-89d1-74b122ae8a91,MC,913163be-3979-4583-9842-21399dc8c633
239eef65-23d6-4d63-a1e5-b08dc88a70fe,AmEx,3df66ecf-cfbf-4ff8-9394-f90157d6ec52
d47cca0d-b0a2-4b01-9843-30aac6121c27,AmEx,79e49e93-bf6e-47a8-bc6b-f05e93231f97
f3e6be5e-5640-4938-aa40-8675a50a4c11,MC,5bde6f8f-91c9-4fbc-8a66-dd77c2dfbde7
5baa40fc-65cc-461c-82b7-f7233a6e8c9c,VISA,8366469c-8e90-46e2-84e4-a30931890f7f
a25e440b-c3e1-44e5-b4ac-322488b24e07,MC,e84d466d-e7db-4a3c-8f27-5cd06f05971e
04235872-9432-492a-9f62-0042e11ebb3d,VISA,c60f8bca-aac4-4449-b924-da42f3cd2bb6
318d8408-1803-4536-8082-3d8ec91bb148,VISA,496eaf6c-234f-42ca-a1d7-f0a7f619ef1a
280970c0-9f08-482a-9fd3-144688215d3c,Discover,018c8d23-35cb-4d9b-8c2a-a1e814ae9a77
1011888e-a824-498d-ab7c-c7423fdff581,AmEx,49b4ac68-22c1-4e22-9014-9e7c29b45b8d
f87c68a9-b0a1-49ee-8ebf-2a28b3646d90,VISA,f7d660e0-ea4d-49ec-8a7e-7f6ff06ccd7f
b23f2fc1-c7ad-4852-b1af-de83fa99d85e,VISA,0fadd1f8-5356-42aa-b54e-c98d183e74c9
e0eaa282-b735-4d6a-bb10-8e45e4e5b259,PayPal,25284e13-a808-4756-9f14-7c967f68b19d
ed0d0b9a-b631-4d3a-b27d-4b19a48cf0cf,Discover,ea47fc83-1a64-41fa-be89-4ba501c0dadb
22d1be82-95aa-404e-9314-8c4cdbe8e520,VISA,9c0d34b6-4758-48a1-98d5-17fd05495dcb
5ed5aba6-3993-47af-b9a9-f497423184fc,VISA,c11319a3-fb0d-4950-b6fe-dcad8cb54b96
582664fe-7a77-439c-8ffb-7c7ae41523de,VISA,31d6ad47-0637-4f69-bf0c-627360636caa
accf5e18-6538-415c-be01-20b2e53327cc,VISA,83ad8514-1d42-4d43-84f8-61f6a209d288
21f7aec1-d92b-4bf5-b791-e7b833e31edc,AmEx,34956ae1-88f9-4c83-80ef-1dfb8c705a92
3ba6ca84-e1e8-48ea-b8e0-289eb1c1bf57,VISA,98878a56-5519-47f8-af7d-641a4b3ed4e0
989b32d0-3d82-46ec-9d7a-502853491a7c,AmEx,e4fed0d8-5546-475d-9882-1fb9f62991a3
4ce8d790-cf05-4ff9-934c-fb86a12468ed,VISA,ee22ddeb-4c62-40a4-ad6f-5aa5fee0a497
17523609-5776-40a3-a0cf-ece308430582,MC,92c5ad1c-c578-47c6-9b8f-fe20c3115856
99e82159-4c70-4eea-a3e2-f621b6def63b,VISA,ffb8c986-adaf-4f17-abfb-8abd3d094f18
ed7c94f5-7ca4-423e-91b7-73c1b7e5df6a,MC,90f45053-bd44-4db3-9abb-821e638bdd8a
f9c95f95-4c37-42ce-8b0e-20bc39a6750e,VISA,a88b9056-45c3-421b-8f23-6bd4804fe70f
66e56404-e97c-4f4c-ac0e-6c7896ad741c,VISA,afcbaf4e-218a-4a68-90cb-6c5533b493c3
0854f548-1148-4a36-9768-92973bda178d,Discover,f3f03458-b1c5-4990-b859-42824366533a
418838cc-b47a-47ec-8058-1bc6822c18c5,Discover,f15d45fa-55c7-4206-9ae5-dce68ae3621c
d4ced464-1ef9-427c-8c1f-a03b93282b96,VISA,1b4460ae-a8f2-4cc5-a682-180d14e992e7
df979428-fd8c-4521-a5d1-81f16d503d88,MC,71522805-b4fc-4784-b931-7bd25fd2173d
9c9da8b3-9494-40fe-b124-1793d122b7c0,AmEx,6b7b45c8-e343-4a3f-826c-b8c3ef48498c
c4bff3a0-0f0e-497f-a2a5-e3547ed07d62,VISA,ede64c83-fe46-414b-b9e2-2e70b11b313f
72e74b7f-2cb5-46ed-bb0b-014089dc7c84,AmEx,47be6182-f685-4a10-9744-02096879530b
e66cc20f-fac2-43ea-8cda-92db95a440ba,AmEx,09b5dac2-6a3b-454e-93a6-19532e5ae42d
36d7a94e-97f7-4a0a-a1d8-807898347350,AmEx,27c1d4d2-6fb0-486e-8e9c-7d04add7a08b
5d112d6f-9f3f-4754-8832-139080cd8500,VISA,39e3b00c-e8d3-4c6a-9882-92f02ac7a99d
663989a9-174c-4602-85d7-6c2171a15cea,MC,383cc138-780f-41e2-904f-172dc1bc86b2
918f57ff-c604-46d7-b516-26e630157f85,AmEx,ca1d3ef1-34f3-404f-b0a1-9bf8b79e38bc
5bee23c5-da3b-4097-903f-952b677689de,PayPal,461ea0da-2b03-43f3-aaee-9929fc2b104a
56ed13a4-b151-40d8-9bb3-605ad9f17ac2,Discover,d4a469c0-e9c3-4d35-ab04-2bf8145d2f6b
9448c25a-26f0-41c5-ad25-d63282200e73,MC,364cf9fe-7e80-4818-ab81-8cfb33a66a93
6dcaf21d-b818-45b3-8dad-6ff0160fcece,Discover,99f02c0e-b091-4c5b-ab18-2dc88edb7e19
03bf9c62-6ca7-4fc1-a84a-02f08acdd571,VISA,4628cefb-30f7-49be-bfa8-5aac8ccb0aaf
d2cb4e26-0f41-4aa4-8cca-c530c86a4178,MC,5369c2c2-d13d-4bab-9485-f33efca0dfb0
3c9f975d-f912-49ca-a580-07fd617488ca,MC,12c4601b-ee0c-4019-8f8f-f6753d94272e
939c0893-5219-4774-8ad0-c17518efbb84,MC,e679e883-798b-447d-85f8-4f2503076168
42b5ef7b-6f24-4e20-ab89-a391fe7b1507,VISA,614a4a67-894d-463b-a2ac-704366f2306f
b2188528-a480-43fa-95d3-fa0ec90c73e7,VISA,451f2a6d-3741-4a66-8da3-6b114b7a2217
a05110f1-5f0c-4509-b48a-9784441ce48b,MC,ed03e3bc-c8e3-4345-b3a5-611531af9b9a
fd592f22-614d-4ff3-94fe-e36624e3eaa6,AmEx,961a4913-5417-40b4-8a70-e33507f1a7db
c3c4244c-5bfd-4453-bd76-be6c0170d8d9,AmEx,c9644137-0f65-4e4d-8c02-eeaca1ebf177
733f2a37-44e7-4f62-a981-53f9623d0d24,VISA,1e4037f5-dd51-4276-9e7c-2602cfc1694b
9c52692f-7e66-4bd3-b51c-93d860c914b3,VISA,bf3a444d-8216-4c98-b914-d6bb479af41a
85f7c0fb-0a74-46e2-9829-9866eaab8ce2,VISA,8bcc2ecc-c06b-433f-b14a-35526c94cd40
947db587-1f8b-4986-9c88-f996a270fd99,Discover,cb5f2dac-bee9-4ec4-8ce2-107d5054dd29
5f135093-9cae-464b-a05e-29972962176e,MC,331ac010-fc1e-4660-9039-6218ce4ec77d
1f394321-0fd2-443f-acba-e6789267430c,VISA,c6a7ef2c-72c0-4622-ba02-2feecf2c6ff9
64a516eb-0b57-4dc3-b409-baeb9efd149e,MC,16e5c7b5-f529-4d12-897a-d73d0943bbea
7c9a8dc3-4c8a-42f9-a428-4543650fe5fb,MC,24822139-aa4c-4183-9830-d56085ac3e6c
056ae01d-3824-49d2-9743-563e0dba1b3a,PayPal,f3551a49-b506-4974-b91c-ed45684880be
2d4716b7-9067-4c78-bbae-a6b4d1da06da,MC,54b51d3c-92c7-4a65-8b08-6ae0db44862e
23cdb22d-72d4-4a0a-94e0-f4a5a10cd35f,Discover,8c82da2d-d6f9-47a2-9e54-2d6a98a1cbac
d6b6dac0-e576-4ca6-92f9-20c50f507517,VISA,fe4182fd-0a62-4973-959e-543e9c54517a
ff5d42c4-4b75-4c30-9266-2e81a9e08963,PayPal,ea6e0722-c03f-431f-9357-a808e8c74ce8
b57a981c-66bd-42a2-9e00-e4faacb91aa3,AmEx,2d710b6e-3c15-40a6-9f1d-2d46c0197b88
8f54e447-a77f-4593-aa0a-b6ba60941467,VISA,36ffcd54-cd3d-4654-b798-3fd7e4040ee1
2c97323e-c64b-42d4-8c12-3f182489da97,VISA,d2a4d987-afb7-465e-adad-ca6fc0a10ccb
422db77b-a7b4-437e-a8e7-aa649518062c,VISA,672201cc-9652-4ce4-89d7-82d2d1c56de1
18237a7b-f77f-4fd7-a278-6a058206c1d2,VISA,e111eb11-8a55-4655-8a63-8a015694b6e5
ace16d9e-de93-4f24-8959-bac3a33f8d65,PayPal,7cac560c-484a-4f61-8b7d-edbfa5ec1da2
601dc1f7-9fd2-433c-8eae-847b7abcdb01,Discover,1c4ff34c-6c3c-4d4a-8a88-941c74d2ad04
b322b187-b4c2-47f0-b3c7-458f7c6bab4a,Discover,02a8e44c-0255-4a81-a274-bf496bf7dab5
3bdcdaf9-d84d-40af-8d17-1cfc8f493f50,MC,0fe5eb20-1fde-4081-acba-6d5cc7454766
db8c528d-588b-48ec-9e84-94302f372e13,MC,124b4050-15a3-456f-882d-831a6089ccdc
ae45e19b-d551-4584-b778-736f554eb0a5,AmEx,1c6881e2-73e8-4d3c-90e5-e7c896fc2b5e
85d7da9f-9094-453c-8a94-55c5d594ec17,PayPal,b68aa7a4-a72d-4f51-9e5a-1a6ced2bd3a2
f1719502-7f6b-45b2-8d3a-7cfbd4ca53c8,AmEx,41916c3c-3619-4ef1-8900-1ee27ad79913
65a37156-b0db-4aa1-afc3-1d210b811bdc,VISA,908a2369-6293-43f0-bd27-dce75e4670ce
c7982909-3099-46b8-81ae-900d8521047c,MC,21ae49a4-dc42-4e01-9e37-3e172a08c223
dfe707a2-75d7-492e-9af9-21e0c0a5f5b8,Discover,d7f61870-9d9d-4df1-80ef-5a8668aaef3c
8c601ce4-63ef-44d7-930a-5e703910e5c5,VISA,82d7063a-1b3a-42ec-88c6-0762d612af3b
f2b33c06-ef8a-40d8-96be-9a71bd110704,VISA,f5023147-43fb-4b4d-832b-6986f0dc8c1a
622e6cb3-61f1-46e5-a3f6-12e8d9ba1945,MC,491725e6-c54a-48f7-a109-42c5a8c425b0
883fd12d-1714-4029-ae43-ee87c0bda2ad,VISA,5af4ff3c-ca3b-48c9-b305-3561e06f0e83
3b4815ff-b16c-41b8-b3a6-835f0d1073f4,AmEx,bd6ee115-48a8-47aa-9b5b-2ad4c5a323b5
84d676c4-921f-4dfa-9b3d-e38169e2026c,MC,464cfca6-bf98-4cdf-9c91-1a9935cb5a02
fc1c15b2-3eaf-4686-b832-c6329297c558,Discover,ee12b15d-0931-4bf8-81b2-af3ff47d66f5
2304c8c5-2e43-4153-9231-01095ec5dac1,AmEx,c702c80b-7b21-4383-b7b6-356073ed0a7a
f4a0e562-b530-45bb-ad31-dc462fe102a1,MC,f3dcd53d-1e90-45d3-8491-4419bdccbd4b
fce720c0-3176-4ff7-a0ac-6769776bb45f,VISA,07d17bbc-8303-4038-a3d5-f6924b7b9812
439d1003-2c08-4529-a63b-b25eff71c0de,VISA,9a962a02-b54c-4280-a625-7587ffc62ca2
a45af4a7-09e5-4975-8fea-10975e871344,PayPal,80b86208-9db5-4c37-8434-c61b62bc1ab6
8cf7201c-ed11-4043-ba1a-99cbc82d7708,VISA,8ad1ed08-f73b-469e-98b5-4a5d48205d1e
bab45cd4-5001-48f0-be48-43718d45be18,MC,2b408c4e-d86f-41f3-be28-3df80132bfea
23a51249-a44d-48a8-ac6f-1e7397e26b01,MC,3a6c80d0-8fb8-4c00-8ea2-de1bfaf89f2a
5de88fda-0017-4cca-adb4-ca90b0f29772,VISA,d22ef168-3990-490f-a614-6cb795d8212d
016b8528-fd77-4d63-ad8a-426e27650e46,AmEx,98984a8e-421c-442f-b93c-f7afa712926b
aeceab08-b68d-4b79-83ae-7268134faeca,VISA,8efeb1ab-cd79-4579-af62-9c5314722803
60b683de-0f0f-4205-88ba-33860b0be22c,VISA,29e62239-b332-4fae-9dd9-47d77e03f3eb
d517f6ef-a837-4279-b839-f3961f2e0aae,VISA,05a51116-c31f-43ce-9f74-032f7550bd09
55a24cf0-e5c3-4a47-93d9-244bbcfb45e2,VISA,f552428e-a8fc-4b88-8623-5232117108fa
74da91ab-931d-4b34-846e-359c5332b3a7,Discover,03dfbf2f-bcd1-42c3-9817-b02915e8f917
179d72c4-92f5-4e7a-9d41-124a2256e35c,PayPal,b11abe28-0f80-4012-8ad9-0f343afcba71
852d7ef6-277b-4bfc-9cbb-459c026aecda,MC,e9bd963c-f598-49bd-b1cb-f314893d7dde
38a96958-1d16-4d61-bfe1-d62431ad0195,VISA,f823c906-1a14-4135-ad9b-c835b6f7d092
67c33fa8-0db1-4429-857d-f08e837ca8b3,AmEx,311d45a9-f063-4320-819b-741ae4e01f93
7a4b1bb9-7018-425f-8a54-f92be476bcf4,MC,2d8d093b-7b70-4f86-a55d-b17a42b85ae5
8e286f0f-8870-49b1-bc99-6a5148c8a0fe,VISA,d23a3ce6-248b-42ac-bf88-d31a6864acaf
bf8d96ed-1dd4-4f0b-8beb-1e1ff6017f15,AmEx,6a9e0134-9076-4276-b074-6778c9a5a3bc
944e2df6-5d6c-44a4-a24d-2ce627312b58,VISA,52c4ba11-0eb6-4f86-913b-c10a60efdff2
93178f75-9b86-4749-9ea2-74c7f355f81a,MC,222cce84-67b8-40f9-b1d7-36fc8dfa14dc
3a6d1d31-8120-4a38-b381-b3089eb859c5,MC,cc7936bf-f7c6-41f3-8129-dc5febd78743
6cfea944-3139-4ddf-a917-4459b3001ace,AmEx,91b79137-95eb-451a-a375-40fd73e480cd
7010ebbc-27a1-490b-9b8b-98b16a38a5f1,AmEx,a79aac66-5361-4bb0-b7c5-f4bec145f94f
f677cd24-9ee6-4c4e-a7f8-06db76531b02,MC,305d0d26-e526-485e-b0d7-56bdf47a2dbe
e8bd1c1f-dac8-4cb3-a63c-8c9fd91ce963,AmEx,6a152a0c-cefc-43c9-b770-78ad98c14a4b
a5e66f5d-a9b1-404d-810e-792569b057bb,MC,9794e473-f0af-4a4b-9df8-e4ba0c4f8e21
fd0bbe1a-a2bc-4448-af81-f401fb3e13ab,Discover,444a8105-17d3-45ac-86f7-d03d25229649
efdeabbd-86ca-47c7-8b01-c6acb232da7b,MC,b0b850d4-d48f-4503-ac13-af42a0370ad2
85f34b61-12a4-425c-8a78-3b123700a931,VISA,c9ee9130-d5f9-460a-8df2-fc26a5af0c03
c293e6e6-561f-439b-9f37-a1acdfa4b1da,AmEx,59f9c045-c674-41d5-b643-35b3463b3943
7c948b80-85db-4525-b04a-0580e9848500,VISA,daad5646-c9d7-4d76-aeb4-52d1d1d903e4
a64a993e-ad54-46d6-ab14-5a991a60c4c8,AmEx,b4b3af48-d8f6-403b-88a3-73c51fcabea7
aae9baa1-74a1-4a08-b616-623f3539de59,MC,1012005d-6da8-468b-96d9-4d7f6f82eb48
26efaaea-4fb1-4929-89eb-4be8a31dc765,MC,ccd7fb13-4fd8-4639-9244-ae73cc5b797d
ac93a896-ea51-459c-9fbb-9c58f952f925,VISA,6fd53375-4156-446e-83bc-463f03819862
015150f1-a14b-4d3b-af65-c37fc5b00784,AmEx,bc3dd708-eb81-40e0-950c-e5628f269f67
8551e197-36d0-4400-901e-b543c9250933,AmEx,c32ae723-e694-4356-a796-e97244f491a5
aa513f1b-ada7-4b47-ad3f-2b054c4f280b,VISA,90ed3204-0117-4e62-8512-d92b9861ce51
d6a81af4-c4f7-469e-a6a9-660a88a3c7de,MC,e2199bdd-0a5f-4ba0-a555-c1bce27abc12
dc5fbda1-ff15-4b59-b37c-b70f6581445e,Discover,c22ff9a9-a320-4301-bd68-3a8b80763264
7493754a-42b7-4b5a-a53b-5fddbe0cea4c,MC,23f2a214-0834-4544-baa8-27ec973322ec
88e9e9cb-1701-4078-863e-b86f05eb0a82,AmEx,d63b88ca-ce57-4683-8d75-eb58d6170759
077738b4-ef62-40df-bed5-6e3d6533f6dd,AmEx,474e9a01-4b76-45df-9567-75b7c163a52c
9c7e2238-be45-4256-ba0b-15bcd055a7ee,MC,f471c7d0-35ef-4b83-8b43-906b620668d4
27672ed0-9b41-46ce-b9a9-583a413c1c3a,MC,6df0d7e4-f01b-465f-abdc-432b988d977f
8c9aac02-f3a5-455c-8d52-24d86234ab4b,VISA,352554e3-a529-4e26-b515-4c595ae47471
eb824098-0d38-400c-a1cd-ff6385efa474,MC,8c1767d9-3539-42ab-998e-4cf26931be63
c568ecab-1a7a-47f4-bada-33f2e34c87f3,VISA,e26bfffa-f1fb-4789-8b67-b140e2194d28
ea61cb70-135a-4a4c-91cd-55a6bbc4fa4a,MC,18ca4848-88d1-4835-97b5-538ca359dd0a
e716e6f6-388c-459a-8f05-b843570fe36d,Discover,2e38988b-36af-47b7-951d-3616a30ab96f
37fe25f5-2317-4228-bde2-122423f8ab69,AmEx,9ca787ae-6c0a-4c1b-a879-8b12916a640e
c9c06630-95e5-49ec-b6d6-613f34831717,VISA,2361dd3e-2966-473f-b5f2-72df9e2bc83a
380a6de4-42ce-46e1-9487-b58c2fc3d07b,VISA,b8e53cca-e434-4f75-88b1-7285bce31318
18883e8b-e85d-45fb-9d38-a34da2d64a86,PayPal,cc9b791d-77d6-43df-8ecf-667bcc80c7fb
b9ba89f9-1a06-4946-84ff-25cb79ab6dd5,VISA,7948f330-bc3c-483d-945e-f4bb0ee927fc
989b53f4-3d81-4627-84af-cec818c7dcf2,VISA,25f91aca-283c-4984-aa56-821586862a61
aea5a46e-7dd8-4d54-88c8-9ae20c659362,PayPal,d712724e-e7b1-471c-b778-9c116d338cd1
592af1ec-83c5-4ae2-b949-99a0ad599ed0,AmEx,4a956369-b7e8-4c55-b823-997e3bd50b83
c793c2ff-8d7e-4261-b92a-4779499aaa93,MC,f79d95c3-6c41-4097-8c16-dd2570d07c4a
d78ae4f7-5b64-401f-b245-4be15c51ef66,VISA,7f5c3bc6-be2b-4cec-bd0c-a5739443afce
26400bfe-3df2-4a6d-92d4-4ae0952fa86e,AmEx,b2243ce5-d576-4015-a71f-852e4f433ce7
69a3151b-ab92-400d-aa77-76b5ad89cf8c,PayPal,7230ed11-407f-45a8-bf81-13329e0e3792
ebea86d9-7529-4f99-8fad-4f5531793e6a,VISA,caef6921-4658-403e-98bf-44c3d75c8b89
a2eaa714-e0ca-4ba7-a16c-af42c2919a32,AmEx,681ac40a-87e1-425e-99f9-11ec99b0c81c
dbab1726-f6c1-4247-80d7-c683bbd231ab,AmEx,411f2ade-72d1-4024-93be-f85c19afd79e
e3b5fbc5-4eea-4b20-a71f-2ed9dc845250,VISA,f3fe730c-bac4-4578-a8fd-032503fb6d28
38c5f0a7-a3f3-4277-a19e-bb44ac3f9070,VISA,af1d1c14-26c2-46ff-8e58-4b8ba438265e
e38510b0-e12b-4b67-a4f9-20dfa32b8225,MC,0947f156-8929-46f0-ac48-2a3941eae781
da79cecc-a51c-48f9-ad08-0e703d4196dc,PayPal,ac5b0f5f-3f32-46fd-8800-1cbdca675a52
0de2006f-ab79-4018-9fd5-e508ada965f4,VISA,719f3fbe-302f-495c-a512-fd2c09007d55
53fb6b7c-2711-4b26-b9e7-ebb7118782a7,AmEx,6eb37d92-4f7d-47d0-b6e8-01e84794b348
5037c0fb-e151-4cf3-bd59-73165c120fd3,Discover,69e18fe4-0ff3-4775-a743-9bb8cb1c1c41
ba45e890-633d-4351-af43-411be316a220,PayPal,3454300f-e104-4fb2-bd79-acd4a4b2b50d
4e0a7f6f-24a9-4b71-8fed-f6458729f22c,MC,3cf6079a-0872-468b-acf8-c4f3706f8ac1
51055414-20a6-4491-9604-1978b3e2e109,AmEx,2591312c-3fa6-4723-a08b-396a1ea0d8fd
65c50d2f-20a2-49c8-b242-6cfbe5c4dfdc,AmEx,53015505-413e-4506-90f5-ae2678afbeee
9467b5f4-92ff-4ad3-8d34-49ab50bc8d14,AmEx,58b32cc3-b792-49f8-b6e2-700e7d7cf6bf
dbc3d971-f9fc-44c1-8a3c-6e8564acf828,MC,1472b29f-c95b-4f1a-8cac-45f29214e04b
048af55c-9e5b-45f0-a62b-af750838696f,VISA,fbc01e81-26c7-491a-9674-8a63f990df93
9a25d4b8-be65-42b0-a960-04670ecf3ba8,VISA,9ecfeecc-7ce9-484f-b7dd-7876b8b9ef43
8bd6f7b6-5c65-49e3-9821-1278a3a1f821,VISA,fe466f5b-ede6-4c25-b4a0-4c5e92cc7067
3d3772f6-ddec-4823-b169-788423cc81dc,VISA,d3f0f147-1b29-4acc-821f-4999614a1328
e9b91ecc-9eb3-4927-994a-21eae6844145,VISA,aeecef34-9506-4f1b-88af-5f010e910bcd
11057b33-c68a-469f-9071-53721b102cb9,MC,1f3c6a95-4581-43cf-86e3-484335fa9988
15545f46-27be-449b-a89a-ece144e2415b,VISA,1b00e36f-96e5-4fdb-891e-dc698d96dbf3
59c6cd4d-ece9-4205-9b3c-9ee50eeb5e65,Discover,2b579ae7-bb0b-477e-a6dd-7922ac33f4f0
977a1386-9c36-4769-b001-bb89f9a7fdfb,Discover,15b5efd3-edfb-4d5c-9739-3e4b247c43a5
64f940b7-ab64-4834-b112-526cff910274,MC,d510e448-f307-4fa3-a260-0e857a749fdf
82aab94a-095a-4841-b0c7-e54e23c413a4,AmEx,c6de8e6a-6de0-4307-b8d7-505f245470d5
12430620-de67-4518-ac3e-5031f82609e4,PayPal,f75c7d62-3bb5-493b-9fe8-d118805764df
00c06afb-4bff-4efd-b537-18850c2bad2e,AmEx,8d0bd426-a2d7-4401-b09c-b21f1533d85c
a7cbb57c-2ac5-4cec-967a-01566a2de788,Discover,41096311-6455-4266-8aec-fb29b1d49012
a34bfbea-4ab6-446e-98c2-5a63e70325d7,VISA,02e71946-5860-4555-9e5c-d1d5016ebcc6
eea01d9f-e686-4aee-aaec-14fad42ce87f,VISA,7995d255-5f85-47c3-b3f6-fdb403e6b552
0df681d3-eb75-45e0-883a-2ff3fca55879,VISA,a4f7bcef-179f-4359-920e-8b3bdb5ced11
4db9abe4-127a-4367-8b42-65135d7c379c,MC,18061913-73e7-4a99-97c2-1bbb7a96eb91
fae0813b-0ee9-4585-b4e2-88fbdd65aa59,VISA,08c5d841-d14a-449b-9c8f-615be2f975e3
b8750754-e3de-4821-b1b9-ce81a313c16a,MC,b7446870-4198-45ad-a5bb-3a0b78b6263c
0b93b459-9b52-4c53-a0d4-19880f942555,MC,483c4147-5216-423f-a6ce-07f4a28e33d7
b17a100b-178c-4aec-9177-1f02436115ea,MC,4beaf274-adc2-4d0a-8b62-26b0ee9431d4
0fedfd7e-cbb7-4569-bf7a-50058464da9f,MC,033a317e-e9bb-4270-86a7-8d1be4ee5e51
33dfee90-6eb9-481a-a2f8-eac0fcd87624,Discover,15258590-b63c-40b7-98ae-cafb7dd20b46
20e76b9d-f385-4cc2-a9d5-d0d150c6ddea,Discover,45ced1b0-b0a7-46d2-bbef-05489d66d6a9
93b96139-6f58-429a-843a-9c685e8f2acf,VISA,fde09adc-d609-421e-a96c-45816b36da85
24b1fcf6-9f76-4b71-b84f-fe23ccd3bda9,PayPal,4e256d7d-94ea-4d5e-9ce8-22ee5ab7d4b3
124578a6-d9c6-458b-acb1-be628f828dfa,VISA,d3eb1dc5-c077-468f-b987-172a8201848c
91e0f8d6-bb95-4d1a-8278-33ee70954878,AmEx,dd4d3263-62f1-4425-af5b-3051dc8e6802
5ba6c6a3-0bf2-45be-881c-54a2bead32fd,MC,3c93b975-e32a-4f80-b43d-efede6eb751e
86d4ad41-c781-48d8-ba65-01088fc897c4,VISA,c3245a73-6383-45cd-90d9-6f66700ab9b3
862427e8-aabc-4ae9-80e9-33a82ddb3fe0,MC,58fee68a-9311-4e78-b53d-f32b5e3e3459
dd4c56d6-324e-42af-863b-f0c34e694713,Discover,572768e5-3c83-4455-bad3-117e401bcf59
939c714b-cd8e-457e-8f78-5709b157c22e,MC,1c9e8a30-a070-4dc5-a130-e4f6f882b42a
134fc807-3259-41ab-955e-2628dff5ae45,PayPal,c5d4d3fa-2fca-4277-9ccf-59288063d728
b0a4bb5b-067d-4fc5-b0b4-5950bce3ee3e,VISA,69aebbfe-6bf3-4dbf-9297-e5f6b6f0ed5d
2afeaad9-39a3-4b2e-af21-31c300588bfe,MC,b56bd36e-ccd1-418a-b845-151f7ca814a6
c0d53469-9081-4691-b0bc-4eea0a11f6c2,VISA,635f30b0-721d-48fe-b5cf-70a89ade8334
e77aca33-3aae-418e-b87d-3a08d95ddb0a,PayPal,80da8869-9de1-48d4-af67-30cf2a264704
50494a32-9a27-43e1-91ec-36ede40a59f5,VISA,9876517e-ef5c-4311-812c-e96dc3700d13
d973339c-5ba7-4d34-9101-968df5d4e99c,VISA,2977bc41-5f10-4697-b9d5-46be7bcc4acc
ab909e43-496b-4bfd-8230-e28ccb232555,MC,ac3527b1-2c85-4291-851f-bc1be5a9e936
8801888a-3d47-4ba5-8dc9-a83de897310c,AmEx,d7bc61b4-b0db-41c0-9d9d-b466d0fdfb5c
a6f72956-ba9c-4661-a752-9d8c838af334,PayPal,0a9544e1-68dc-47c0-a3b5-09f429725b62
a792f792-eca9-4b2a-be50-428391beb632,MC,b7d63255-dfbf-4b37-997d-feae09741caf
1a707c83-d111-44e3-8d83-43e1f1424d7d,MC,18be8a6a-f5a9-4b7a-aa8a-c7d5ffbf7e4d
eb65d196-3652-455b-a380-3a7e59cc016b,Discover,fccb8811-04ea-4803-bbe5-e482dbfe4498
2850d22f-ac77-4cd9-a117-9044cb2a36dc,MC,8121299e-5c2c-4d74-a68f-11b4b484f70d
8cc6134a-5ee3-4acf-bd7d-cd92c7425d5b,MC,1b496eb0-b76b-4e03-98be-bd08d5235ec1
fad3d22b-6020-4a43-aec0-a1199614f9f1,VISA,90eb5e96-b042-4819-bdf7-0c780220b504
15b928ed-c395-4a0d-81ab-ae5b4e9cdf1f,VISA,6a24b795-f71a-4426-9b8f-e75c96ef1ad8
9a8ec45c-6f38-44ac-a8c8-93306759bc6e,VISA,96433e60-8833-444e-99ef-56b1e87d02c0
5e584b74-0b35-4695-919c-b5c2fc8df416,PayPal,cc76e23d-8507-441d-bb95-558e7b369a80
3a3129cd-8f54-482b-bbbd-4c840c0c179d,MC,ce910267-ab93-43a3-b06e-df888c83cbd4
10b47446-d282-46c8-8edc-bb1d3d797315,MC,957fb4c9-927a-4ef2-b57f-7563c365a143
0c7beb17-c944-42e9-bb8a-6dbe24cc62d4,PayPal,d2f3d251-1e03-42c2-87fb-cda5e1e4bda3
67147e70-47d2-4824-b612-1c0da7dcb33e,AmEx,2ce6a603-1108-40a6-8c8d-7e4c6d7fe08a
48e2d243-4c10-4285-93de-c32c9b3163d6,VISA,bdd1e744-68dd-4d6f-876b-1be04be15bb0
b4dd9a75-8efc-4015-b583-2ca5fb39abeb,MC,f808f0a2-71a2-4441-8753-4231ed944af7
b67d8ca8-bc71-4227-8d1e-ac86237d4bb6,VISA,2d016b75-3a4b-4a49-847f-566200fb8d2a
bbbc57c1-1e1c-486b-8b90-92d49ea334cd,AmEx,b9bae728-ec9e-413b-b018-051962b5aa77
ef82cf71-42af-48af-9770-d53dbb150134,AmEx,8a390540-2ac1-40c3-aa16-8c7a711c6540
2d6c0b3d-6cb9-481d-8557-d9c327e4ea33,Discover,b4554feb-602a-46ec-9a01-c1c9727c9e02
25d99b52-ad77-4d95-bbff-dd9435c3520b,MC,c80ab04e-5ebd-4f71-835a-9bd7fcd2bc8b
37523c0e-1000-45a8-8a05-960d29abbe01,MC,71d2473a-9e34-4dd0-993d-517620bff955
dc9ef288-3535-49dc-9fce-528dd4cca50e,AmEx,b6ecd570-d484-44a1-848a-0710b77c5b0a
34dc8f9b-926b-4ccf-823c-be7ae5bc523c,VISA,084bcfea-9805-4784-abd7-81e8b22abcd4
64dd36ff-b1ef-489c-b0f1-f8dd59e03b5b,AmEx,51b592a8-e61e-49b5-bf53-0b8828829b9d
e492f5cb-7af7-4b24-b91d-7aaa916cbc02,PayPal,52e89067-4374-4cae-b2f1-8e542a6af625
0b74ac6b-dbf5-4e9c-b6e6-7759f133761c,PayPal,b351cc52-39d2-48ab-83aa-a9d924dca627
d233ad1d-4d00-4dca-ba0d-167269a544d1,MC,840d932f-a5b3-4836-b9e6-8fbb8ae2adad
912c005f-f25a-484d-a3ca-cfd1fa689bd2,PayPal,fc3c04e4-1bc3-44d2-a346-10d625581b9d
7c2827f4-2d9f-4aa3-a239-4f3c6f6e49a5,VISA,b04b9d22-db68-4d66-b6d5-ca09af1c866c
5524cf47-f8dd-434e-95b5-c629549e6264,Discover,ce024e94-21ec-4903-a991-5de02bceb8b4
73080f6b-20f9-4317-8a82-2d0de0f2119c,MC,0fa46ef0-6803-4a24-9f95-300b32160612
f2741cc2-36e4-4838-842f-a71097e2a177,MC,58c7ecd6-f2f9-4ca0-89e7-f0ca48c45bdb
584d3de8-124a-4aeb-a8c8-9528f1e56e3c,VISA,b0c0d1df-1da4-4902-a968-55e4122da9e6
6b5bb926-6c30-4586-a166-82fd64c9fa52,PayPal,4a141b49-0626-47ea-91ac-428644db20f0
bbaffff2-33c9-4e1b-a549-1b472e86842a,PayPal,3753ec7b-8b1b-499d-b4bc-6bc2d7bbacff
de3c52d8-7ad3-456d-a80a-abfbc063c579,VISA,cc93bd4d-b214-44f0-966e-d3de5f0e0c84
61ed3040-26db-41a9-9fb7-68bb118e1bd6,MC,a6244db4-dbf6-450d-8e9f-8f67f222f81e
dc186f35-b9ca-4535-a681-39afa131ffe5,VISA,f4106eca-bcab-43d9-9d6a-d538026072b4
a028c8b6-77ee-4c63-b901-537de7cdbff7,VISA,96fbc11a-315f-4b55-863e-30e4468156e7
9e3e67d0-e6d5-4533-a456-9d64d22fd58d,VISA,f5452206-2cc7-4621-a18f-9d21fb73085a
6c7ef6d4-b6f6-4f26-8b36-dd85255dc276,MC,f94c8644-45ba-46b9-b2ef-bb7f66bad583
c0ed51be-2001-4dbd-aa3d-c567eda5f4da,MC,85ac7877-238b-44be-86f1-7253c691215d
92844ed7-dfd1-41e7-a34e-b7dcaafec230,MC,55b332c3-d9ef-4369-b64c-1f266a171bcb
3059f451-ed1e-4735-bd64-9d3a0e18bbde,MC,2b0f20c5-4d65-49d4-b162-7d7622fe0d49
b79e6e0f-7741-44f8-9226-9aa0158bf5ba,VISA,ebb5cd76-d318-4b08-a629-1cbd262ae9d4
5d1a926d-b48f-4cdd-bfab-65caa6b7e536,AmEx,e837ce3d-c37b-4942-a8c0-4373e303676e
b8eef617-d625-4821-90a3-b178eef6df1c,Discover,7193037e-2dd4-48ae-a9e4-9b4794fbce9a
38b031ac-929f-441b-b8d0-7af24ed30eac,VISA,305097b1-7d43-4b8b-9446-3c490a200bd8
db6707b8-3473-4d58-a785-324aa8c28d74,VISA,1fc6b33e-03e7-4f9b-96ad-5b4eb939f303
a12f1637-10f5-4304-8fc1-ca8e0213175f,Discover,cf1597c2-a10d-4a46-a8e0-551afd562bed
d11731f0-9001-44d0-a3fe-11ab8468e83a,MC,ab5e50f8-c3d1-4286-8ca7-28cb4a97799d
64afc0a7-8156-4b62-82e8-6781cf8e1e0f,VISA,fca5ddcc-20e1-4215-8318-ec750e48d4f0
d0cc5d16-5981-44f0-8893-166d4f11150c,AmEx,16015bdf-393a-4b6d-ae08-7300b88aea43
02ce807f-22f2-4f88-867e-b5c1a65414a4,Discover,f1f8098a-b2b5-45bc-809d-4bcc0faa97cb
2a5cc336-4c7e-42cb-b25f-7c3bea3d21f9,AmEx,d430980f-332f-48b7-92d1-0ee858de1b8e
b1b7b7eb-890c-484f-be64-4af87d2724d8,PayPal,5eb4fd51-7916-4315-90ce-c44e7d04ac41
3687a38c-f680-4edf-a4a5-35f149a24369,VISA,a6825d9f-43c3-47be-997f-4cb7c47f4c0b
fdc61c96-ba7d-4dbd-ae00-6d50c8aaccde,AmEx,2206678d-4cd5-4803-ab4b-6be2b49e9f04
90f3fd59-30df-4530-b0c8-09318cd5f0de,VISA,19e8a327-24ad-4ace-89fc-4fd32008c8fa
7e0f4d82-5773-4be7-9eda-cac608a3bc10,MC,d5dfe619-bf23-43b4-89ca-9a7901f0d9a2
1b9d1e6e-983b-4712-9e0a-f845abfaddc7,AmEx,4510ad90-ff04-4b5d-bf9c-2d2fca172ba4
7344268b-0bcd-4f7d-ac85-336874080095,Discover,bd1ced4e-2504-4fce-bcb1-1c2953981b42
16ec020f-af98-4585-b1ab-8028f870ea42,MC,4010d8b4-d1e1-456b-85f2-7884aeec0dc3
cf6c2280-5b3a-4c60-bd6a-d169667e6fe4,VISA,ecf5d754-de7b-4513-ab96-0371a26af8c0
799ca369-c68d-4383-abfa-97ae9955def9,VISA,1b6b0cd0-73fa-48aa-a5d3-06f61de7d9f6
677ba530-eee7-4cda-8a7b-ee3f1b643d75,VISA,a01d251d-047b-46f6-b5f0-ce07a628a8f0
7aae476a-1666-4ce8-9772-77c9dd69e2d5,AmEx,69db88e0-322b-4722-b17a-f75dbb334a65
b33217b3-0288-4152-9b7a-bea71c83581f,VISA,9909f1c3-e9a4-4541-a855-20be1253be11
c6b40625-59e9-437f-940a-7ac12d670870,MC,c2a2519b-e3f6-4b82-bb1b-834ce1495958
f777b37e-8382-49c9-a3c0-bcdd1c521376,MC,b6a50d92-4c54-4e10-8a2c-939fddafb97a
bb6a5858-0c56-4473-a3ac-f14b76fc00cc,MC,299e976e-5147-45ac-bb7d-dc4433bf1a9e
deebf703-34c4-4461-8ba1-7243d5c19c29,Discover,29c06d39-124c-4f9f-b67a-5d602f3f5289
00232dc4-18b9-470c-b8a5-0ff78417d0bc,Discover,325c4919-4f7d-4213-8036-3eea1dc2bc37
78a51abb-56a8-4f0f-92c4-0a63d2ef8de1,VISA,db4709c0-29fc-4840-bd42-d285b01f0a2f
3c13cf2c-8236-4fcd-8199-d9354d9f883e,Discover,de73236b-4996-4271-927c-99d6163e1553
315d7a56-8aa1-4841-bf56-d00efd444f2b,MC,0139ecdd-4858-4421-9521-67423aab8f84
7894842c-3f6b-4d75-84a0-90b55284f384,PayPal,449c4474-d0aa-4886-892b-b081c1ac7842
efda0313-cdbe-4ecf-9a72-4b2429e0f139,AmEx,49c5416c-ef33-4648-afbf-00b4c63dd190
5b99ac0c-9b02-4222-aa0e-64f3383d6dc2,AmEx,2c938c83-423c-4c76-88f5-f5cfdcba2913
4b229850-de3c-4526-860d-df63d69c62d8,MC,1c85161e-5696-474e-afb8-ed310599aff9
38a9ec70-51e9-41aa-9c49-5c52c9f8d923,VISA,0ee1fbbb-412a-48fb-8b03-7d873bac178c
527a0a20-a090-418c-957c-3043bb7b6ea7,VISA,c7ba7349-a609-4621-8188-489b45d231c8
aad6ab77-ab11-4d18-a077-48e5e5d515e8,Discover,9d62c397-5f84-48ac-bfab-ce37d966f170
d6f8e6a7-ee07-4b1f-8b77-130053518d39,AmEx,bafc0def-a555-4b6d-bea5-ff4b9084d98a
b513bc81-13d0-4436-a73b-c889ef37f401,VISA,21ff4960-a88a-41a8-9a95-b528e13abaca
86850750-a29b-40ce-9863-b18b0bb31983,VISA,832b8c3e-db50-43f3-ae26-b4c696317b9e
038cc934-95ba-47a6-9946-10fdd3344643,VISA,2fe6f7fa-618f-4d14-9968-c7aadf0a9696
654a3f00-58d6-415c-bd69-e816b2c0c001,PayPal,d030fa38-7ca9-43df-a3a0-06b8ef4cd74d
45c98d02-b79b-43a6-93c2-fd903cdd7aa9,AmEx,b5ba40fd-d599-4ca3-886c-d50396c6aaf2
a5ec01ec-bec1-4b21-860e-5cf062625bce,VISA,487cd991-4a24-408f-b6af-0dc818f81a80
37c3aaa3-4f7b-491d-8f8b-bfb8048bc90a,VISA,ae558a1b-db57-4310-8592-958e8153a9bf
34a764cc-b271-47ea-987c-caaf3bc845dc,AmEx,8aee706b-f096-4823-8e5f-5cbe19a84420
a6af593c-faf3-468a-bd11-4a18f81d5669,Discover,2fbd0908-0885-4740-97ea-b18ad678fe97
14af4648-291a-4a7d-a442-f4851bb36b51,AmEx,1dd8a2bd-bff8-41ec-9c8e-411cba83ff93
36a6e8c3-3c19-4b59-92b8-d77e971a3411,Discover,d4e70b59-d95c-4e45-951d-70a0651b9194
d2f6b15f-7d36-486a-b624-a138191c5da7,VISA,6c89227f-6560-46f8-aa8b-5120e1f966be
ed3afed4-3de0-4435-8dfc-3cffa7462eb5,AmEx,989a6075-b727-4377-ab8b-e0ad7796f239
fa67c0cb-2c29-4a44-82d0-289c34464ea6,VISA,f55b2a8f-b15a-4c05-a119-d80bfc796823
9ff50249-b254-4546-8dee-39b919418827,PayPal,836dcb79-f8db-41ca-a4c2-62ebe3620f05
da9b9047-c69c-4802-b52f-d266139fdb74,MC,d2e0c20d-4f10-47bc-883a-64e8a542c0e7
f38f86f9-b5cd-415d-8926-6e2280fcbd7f,MC,a6878b73-c68d-4db9-8e75-614b67211767
593b6ef6-1a82-4438-becc-3df05f57ab3e,AmEx,1dbe10c7-4eed-487a-829a-ad77ec24a097
13e1845c-1591-4636-a699-5e010e65d362,Discover,f717e056-1240-4767-9aaf-40b441999de3
d13b1c9c-9d54-46b0-95c8-bc85247cccac,MC,f670473e-2b51-480a-82b4-ff07b3a8118f
8114a773-f3ab-499d-8abd-f989e5912de9,MC,ee9cda0d-3c06-4c6b-a433-8cad8140874e
55efc410-e232-4ad3-9644-4aaf2635a451,MC,734ec9bc-3027-432c-b63c-bed4e26c05d4
bb5fe58e-8f0b-449f-8142-9e21aa184d21,Discover,74eed543-774f-44c6-9cd5-b1f6fb2a73b9
b093253c-b3ff-42e3-bd94-a034cca68fd2,VISA,0167076b-ce58-4b75-bca8-efd788368ecb
5434510b-8942-49a6-a999-0509fc813266,MC,c4573611-da29-4793-a704-f1ef62d8a4cf
098aab5c-fa96-47a7-be0c-15fd233ba2bc,MC,88a66f5b-4647-47a4-ba49-5d7a6ef5f5cb
bede7b04-ed38-4e43-bfd1-03fdad529e86,VISA,d41126ba-62c3-4542-9838-1e0751ec56de
1b394c2f-3837-4b50-a732-30a5472e4066,AmEx,7496469e-9525-4ce1-8ec6-8ea2c32684c3
ec3f2124-b729-4f68-af0b-167ce4273073,VISA,60172264-8376-4346-87b2-74d9c4d30e1c
76bffb4f-999a-4ed7-ba50-c89005b941ea,Discover,d2793d9a-bbb1-4abf-a896-d30546930cfe
60daa083-0101-440d-8c5e-1a5ff6fe6698,VISA,cee33b23-515a-4a46-896a-3d31bc603dac
8c8492c8-6c1c-4ead-bcee-ab04472a2cd2,MC,45a4f4f0-9a36-4f47-955c-84ce13d4b64f
48af8d72-b851-41c9-93fc-61fff6e0c512,MC,d5f4f2e0-fc40-4925-b099-5ae1fe6ae7bb
aafcd129-afd6-47d9-b861-216b3abe763c,PayPal,707afde6-42c3-474f-9ba8-74ae66abd458
6be8ccec-1df0-4ebc-89d6-dcc622cacd69,AmEx,d135723c-3dc1-4e4b-8e56-03c3c6d39dcf
e514e9d3-313d-4baa-90f3-3ef9803652d9,VISA,0e8bf911-5171-4f80-abb7-173e3ada8d5d
efd01e03-922c-406d-bd7e-d151107115a6,VISA,4b9ed0ab-7c7c-43e1-98ee-f88b3fdaa67d
a8d0a841-7ee9-4261-9e48-38c165df0339,Discover,c95acf15-25d2-477e-a71d-3aaae67107df
93ee2883-1d83-4a34-abbb-95dd09a34e84,VISA,eb84cd2a-10fc-46ff-bf21-f1451b9835ed
e1f5c37a-f161-48ac-ab3d-c861f6b90286,VISA,e77dd7ee-bad5-4a1a-8660-53c481d60517
04115a7f-1974-4550-a48d-63ab46a67e69,AmEx,c4c97b88-a5c9-4631-9699-e1e4a49847c1
80c1c4ef-beed-4e98-bc2d-90975a5cadea,VISA,486f65e9-6bed-4a71-acbc-5b4f7ab5d3ea
6d15ee01-070d-4de0-83db-06ad4a091746,MC,140efc1a-ef03-4da1-bad7-0e0846d1ae3e
42b406f8-2588-4ba3-a7c5-2f022de1536b,VISA,21cdf43b-5619-47b5-a849-007e330a4c01
66b089ed-30e7-4acf-b85d-28992db7028e,VISA,b94f3656-7c6b-493e-86cf-344527681b9e
99173606-2677-417f-a584-87a8183d4acf,AmEx,ba5acb2b-f200-4f78-befd-9560f9b11892
7e9764b7-7b1f-4312-8fe8-61297daea0f3,Discover,b88349b5-7958-4958-8370-17790f2ca895
778d008b-8083-439a-a786-f2a7db76b781,VISA,496f8ca7-1520-4b48-8283-38611c2dc68b
e0a255ac-9198-4dca-a7ef-074d06b4c214,MC,9f0bbeff-0bb8-4dee-b736-94814018b8f6
c815709c-bcb7-47ba-aafd-d89d1baa2a63,VISA,003565f7-456c-4391-b7d6-e55eba5a4568
efbb3a85-a9dd-41d7-8117-859b1c6f5774,AmEx,c17942a1-d63d-478b-ab4c-96063ae97c0c
8dbd4639-1074-43c4-af64-df50b1291b4b,VISA,767d7d25-3d7d-4b5e-99c9-7194acf70e0a
1d0149a8-ed84-419c-abe0-88a3b882a0c2,Discover,1be1b09c-cea4-4030-891e-b7b2959cb256
bda2ce6c-5859-41f6-a91f-2e3090d9793f,VISA,47ec5321-685c-458c-9eed-e54021d56560
19697d59-7c68-4118-ade2-9ccfb1ce6a30,VISA,10019d18-0831-44c3-a8a8-c130f2c6a82b
1f7bbf34-2d6b-46fc-a778-6211828fa756,MC,7147889e-0cf2-4991-90a8-5407f5f0f069
c40f9f1f-af0b-4712-84be-d56c82aadeb6,Discover,a68442ca-b8da-4d6c-a322-bf2d90d3c9dc
33b87fd4-208d-4e7b-8043-9f97769ba1f6,PayPal,8daf1e0c-eaa0-4fda-852a-d47ee0b4a5fd
60896fe9-d99e-4f20-b0ed-43d645eb20ce,VISA,8d7eadbf-c486-4819-a69f-a4f0507f1b61
5dcc0c83-f6a0-4b4c-8235-1433b657bde2,VISA,782f7101-24d0-4850-bd92-6b1dd1d60840
2b9cf738-e102-44c5-a11f-4e12ba28e17f,Discover,959c431b-6d20-4ed0-9663-5e3ccfe7c59f
487b41b6-7d55-426f-a472-cd7bd0e573ab,AmEx,a26cd82f-242a-4f01-8e85-c5839644ff96
b8c93727-5770-49bb-896c-940c195acb5e,AmEx,ef2b1ef6-67b1-4d4f-99f8-bf0a2a5126db
5a45b8d5-f590-43af-bc7f-303e7d4969f5,AmEx,e2d3609c-9c0d-43f3-8b28-fd09cb301667
75676352-cc8a-4d4d-8a33-21000af473e8,MC,b4b6b542-3b77-4427-baea-bfd012a54d34
694ed54e-4e09-42da-b7aa-67d4a290af7f,AmEx,76795ea3-7161-4cb9-a2ff-19cdcda90342
0912708f-c98d-410b-b485-b2f0161f3a6a,VISA,8e3acd24-070b-4c90-a72c-d4519acb28cb
0d160574-3c9e-4fa3-ad9c-85806f19e718,Discover,e9bc4389-ff44-4f33-ad84-bba250fcf320
80d8022f-ed19-4108-b8e8-4a545e87e48e,VISA,ab320b6e-7e83-4025-b261-95c1b0ef2c3c
ae1e23c0-d9aa-420b-9203-aa92d0ac9d1e,VISA,f889962b-ef38-4e40-bb5b-5b7c649508cd
3d281ea3-f83c-4c3c-a439-2cc741928329,PayPal,63e166dd-05ac-4b45-9427-7376f3615563
363e6a5f-fd48-44d2-be3c-d1cd17400d60,VISA,83eaf1b9-b981-4bbf-92d2-4300231d2d20
a4c4302e-c5e0-400e-801c-7210a67926b1,MC,5306aca1-53bf-4c39-88de-8b5839fc08d0
09af9c4e-7dc4-4034-8552-c217b6c20262,VISA,afcc73d3-24c2-4f5a-91a4-cc2dd8a92b1e
04d6ad63-c041-44fb-b5f4-af55191097c3,PayPal,f0615520-b112-4cd8-8249-0753ece1cada
9740651a-98a8-45e0-8a0c-9318a13c6fb5,MC,9abd015b-676f-4b1f-9447-14fa32e4e1f6
f98b9706-eebd-4393-91e6-fcea30a65107,VISA,0f8375fa-0b6e-4d81-91c9-1deba70e4668
310835ed-ead3-4577-854e-277f321906fd,MC,eabc59ac-61b7-4af8-8c7a-0d5e27c0359a
8ee16556-2734-41b0-97ef-84f66f2f40e7,AmEx,18e4c8b5-d62c-46c1-8d5d-a3a65e5952f8
fe643656-d8bd-4792-84a2-6077143d6d28,MC,8b0bf068-13f3-4b73-baa0-04e5343c2130
50665f39-7e5d-4194-8d63-b1d6a2dcac49,VISA,638a4d75-6a36-4c2c-a125-82300fd93ce5
b7ca386c-e21d-49a5-b7b0-ff06b27d88c3,VISA,d060699c-a1ee-42ed-9597-d66095bbfb84
7240d07c-65fd-48e5-ac2e-e22d35b6842a,VISA,84af3a54-1ef7-451e-b0f6-c3e40259c038
c557f28c-448c-4bd0-9cc1-6bc0c8b276a1,MC,a9044f79-f462-468c-ba69-292854d10297
05c32eea-e66d-4d2a-8468-14b86fd0a897,VISA,1d3e9f1e-04af-4dfc-bf15-443d485b5b33
9b41bf27-2164-423f-9315-c3ae58a83aa6,VISA,bad79dec-b564-4511-adb5-72d9bf4d99d7
8cb4c23f-fa50-4867-b5b7-0a04e4a3be34,AmEx,5a9c7ddd-19b0-41d3-9a46-8f00a882886e
dc805421-7e2c-46d3-a22b-700d43c36422,VISA,2fbefaeb-0f97-4c47-8a0c-5a91011de35d
f181261e-8280-4d7f-ad9a-16b7e85286f0,VISA,9ce903e6-5a3d-4522-b711-bc639c950d0c
64d39c0a-1fbe-44c0-8c80-ea2a4289b0f3,Discover,17c4a35e-5a0f-40d7-bee4-fbfdf9945215
c6dfad66-b40b-4f67-ab94-0a93838a9e35,PayPal,150d1799-8277-4e9b-82f2-d557d0ef6960
7467082d-966b-41d4-9161-57fd04209bd6,MC,422c19cb-84c6-4a6f-b912-1b6ebed83b12
11e3736d-0970-4f0f-a6d4-b7a17c174f51,MC,31d0ec97-56c3-4462-8d74-3ec1fe3931e4
ab8e38bb-46c6-49ec-a311-194f5fc4d386,VISA,02cafca5-70bc-465c-a983-e59d48e615cc
50187034-5058-484a-b386-71517417314c,Discover,eb55083b-932c-40de-bc3a-c0ae3ceb4b0a
907db7a5-7361-4862-a9c3-09c159a0c7f6,VISA,8893704d-baaa-4fc1-bb70-b05f14af1cad
a3b8b69a-8bdc-4f75-ba1a-a56dce555c2c,VISA,ca7e0bfa-ab9a-4850-b166-fbc90a9e9bb8
180bdb2a-2475-4bb5-ac9a-dd86eed921da,MC,522ee914-c037-408e-9ab8-90f512df36e6
f9667b14-2624-44e0-879b-b7cb4334529b,MC,40d36c4f-7c32-4517-9622-c6e6ee4558e2
d16cbb16-8d93-4587-897d-15d1d1e6bfff,MC,3480cee0-6d66-46fa-a644-c49589b396dc
58b72d6c-ecd6-4688-b97a-42435503300e,Discover,2835aacb-9dcf-4f8f-b013-da15fd13245c
d3d33d0c-1121-4be2-9509-3738ffb13a60,MC,6290b9e0-e388-42d1-b405-c5d47baaed79
78ef2789-e0f2-4d9c-928d-2621193a9a5a,AmEx,1af5cf6c-3b45-465b-bade-4077334a2cfa
b12da86e-36e0-4de0-8efa-e5889b1b10c3,MC,27105adf-e2d6-4de3-8741-0916d774a35a
39fc5cbf-036b-49dd-b5dd-7e8ed3dd76e6,MC,6a3bfbc2-fd60-49a0-ad27-8f4a19d24a8d
14960afc-2059-48b1-966a-a44bec4b4ef9,AmEx,c4bd14eb-1556-4f7d-8eb9-f974ff85251b
72758e1a-4fc7-4392-ac62-88c9ed741912,VISA,33b176ec-bb0b-4822-a172-f2a8e4d280fa
6b025ab7-df68-48ef-b791-3c885e1a051f,VISA,54a91b51-2ac6-4d36-96bd-e0ad73adaadd
82b19f2d-008a-4be9-81df-0f4bdc312ab7,VISA,26e65bb3-281f-4070-b93f-68a92650afa1
7b781d46-faa0-41d2-93a4-ec9c1e104615,MC,a6e86a44-24c3-45d6-977a-70c193d3fb26
34651817-943b-47f2-9a28-a1a361b7d038,VISA,f14a1bec-de20-4450-bb42-466f7c7b8493
c00521e7-1aff-429d-bd43-f6932463ac67,AmEx,1ae58f77-e5e9-437a-8bcc-35fedd5f1d33
fe8f6819-f5f1-4b66-b0fc-ed859be5abb1,VISA,3d579c51-6367-4fad-84fa-e152fa69aebc
7b9b4184-9eb2-4dc1-81f9-5a8416fb405b,AmEx,529cfe0c-77d8-4e93-9d94-b9e077fb190f
8c5ba11f-0220-4a2b-98b3-38636248a332,VISA,0a0d1394-11bc-4629-aa98-f89dbd7dbb1e
1e2af1aa-eb18-46eb-8d1f-adc7603b7a9b,MC,9be31dcb-0799-4e2b-80aa-da710f4e32f5
175936eb-5ba6-4672-88e5-775f6b1bd642,AmEx,99fb9011-6dd1-4de0-882b-f368c1d2f6fb
37a3de09-263d-4115-a482-3b65ea82fef3,VISA,6dfd64db-fb44-45ab-bc0d-aa2b72de244a
fc25f274-9bd4-42d5-b86e-b15ad3e84c64,MC,b795f22b-2a56-408a-9dd0-493f7bcdc502
dd76f99a-54e5-475e-b42a-b792fd35c7df,MC,63a9d722-dbc1-422b-ae31-962e248ed4d9
51936511-49d8-4621-940f-710d39270efe,VISA,7f7a2f98-41f2-4f45-86c3-c1b0dc32710c
e9209086-3536-4028-ad30-0cb0fd64cbd0,MC,da3c32a7-c564-4ac0-9203-14185dbe7683
84813c96-7a82-403e-9c69-f3ba43c728d0,MC,fb9f13f1-0c15-49b9-9758-d839ea74336f
6dc50fc7-2846-42c8-b772-fe1cdfa36392,Discover,227bbcea-1b47-4308-aad9-b44540eed4ef
30eedcd3-cb1d-4d99-9bf3-5768b22dd89b,AmEx,c3769573-7e56-473e-b99c-d2609d7f7a27
5a5a03b5-cd84-4913-8aaf-f9a9cabda32d,AmEx,5573a4fb-1f7e-4089-9287-490c1a30fa3e
848cc1a1-e514-4abd-9499-7cf82f72c161,AmEx,08ed87e1-5fce-49f8-aa3f-857e7b1bc1e0
302c249b-a278-475b-8ed7-f96967023755,Discover,6ab0633c-d293-417d-9732-b112584ec524
79a80200-b6ef-45db-8a45-faaa2795a1d7,MC,aec978e6-1530-4804-9506-1bb6862d28b2
7727c36a-0264-4ffe-af7d-401331b308c2,Discover,499a0e4b-95c8-459c-87f5-c97ea31c6620
8f26582e-625c-4148-82f2-ae9e621d17d7,MC,ab18573a-2b6a-44be-8d77-5507a30e59a6
eec8097a-12f7-4566-86c0-6c8d33dd6a4e,MC,1ea5633b-e0d4-49c2-87fa-701405fc6766
b773328e-7cd8-4cb5-81b6-ccd0270b75c3,VISA,3ee6d322-9213-4e36-b730-5609896e39f3
091aaacb-1f80-43b4-8349-91f3f6a998ca,VISA,3f6170a4-bf79-4c42-9b75-61f0b16b1358
5be16ec1-dcc4-440e-b7ba-dc9febaa693c,MC,81acb4ca-d466-4839-b850-beeab26db6e5
548734a7-1a16-4fe9-978a-ced4d9c61774,VISA,a730fd00-31e2-49d8-ae96-f92b7e1d52d5
060823b4-0538-4244-a8f2-f47345996c1b,VISA,974b0edc-5c6c-46a5-b64a-13690f0c8567
79a67057-f1b7-4be7-8eb5-e7795c249505,VISA,479f4983-f194-4d9b-975a-b13c786d26a3
9b601560-db39-449a-9c83-fd2523d3f216,Discover,2065db33-7f35-45ed-a010-0a642a3fcfe7
a814491c-8784-4f74-8727-487700437c7e,MC,119ce319-5dbf-4172-b041-54f0090bdca7
c941acc5-b73a-4cd3-aa95-c2024bb967e9,AmEx,3550aef7-f03a-4d9e-bf6a-b117322b81c9
107e5617-657f-4db3-8cf3-1fddba8f4bfc,VISA,79ac9aab-8dc4-4019-8e90-779b64a8e2c3
bfa53598-c8f2-418a-89c8-b21bf562b6af,MC,6dcb2d3f-9988-43cd-bf52-4bcba48fa8d8
9aa8c12c-6b09-44f9-87b1-541489611996,VISA,9b6ca829-08a4-4162-8e84-99ed10a19046
cb111336-8383-4368-9396-eabc4e39ba1e,MC,1e14f72a-5e7e-4215-a481-3bbb110aa1a4
9ba84466-93b5-4e92-aec4-8ee21f36d9f0,MC,41205f89-01df-4996-bb9d-fc7f0bdf2506
308f8c49-ffb4-43b7-bdfc-261f25c400bc,AmEx,22a5acb4-ff5e-4288-8da5-b2c2acb81b46
583f2d39-8c94-4a2a-b7e3-0a3ca9daa683,AmEx,448987bd-6e14-4346-aff5-8317a3a59865
6ef9a816-c3fc-44ac-83e6-a6c5088a470f,Discover,5bb0e714-3669-4719-9c48-3368559ce328
2f1442c3-ffda-407a-abec-afed95101b9d,MC,b937a944-2079-4bb1-a5ba-1f0c1ff2a2a5
675d0e0f-4992-4b37-a6a0-baa1cb3929e6,VISA,5bc5bcf7-0784-40ae-9720-17d8680facdd
477ba414-067b-45c8-9a94-d9b0a7d6e85f,PayPal,84c347f7-e7b3-4b1b-a564-a6dee2fa74d6
75cf981d-3708-47b2-b727-89795d29871d,MC,4e5569c5-d077-4f3d-b22f-15dbe60edb15
92357b5b-f0f0-4b95-88e8-4f5d5b71ec7f,PayPal,3424d16e-6865-41ff-92b9-73c3fee8b353
acf48015-28d7-4636-b3d3-01aab57fe8ec,PayPal,aa32ffd6-314a-4c15-aca8-a7d01dce1125
0d48e93c-58b7-4753-9923-f30bd9582d3c,VISA,908b79c8-7108-4e4b-90d4-bb99edd4c0ee
3171bdc7-cf2d-4e5d-b91b-a5117d63c171,VISA,2f67cd76-7d45-4352-ab11-26158e694964
3fae3835-237d-4eca-a788-937156775041,AmEx,8e8c9f40-adf5-4644-8b92-30fbebb1f453
14f82e12-4808-4f4b-83e9-47348ceb028d,AmEx,6f3fd20c-861d-4e3a-8d50-4c9992860e23
af306bc4-5c1b-42e8-8e4b-d9fb9b2e39f2,AmEx,42680459-782b-48a5-832c-081dd378ce4f
51482add-b040-41b3-abb0-b63c82a47545,PayPal,0a48e784-03dc-4eb3-90a3-bb673b041a0d
31b1e08e-b851-4ef3-8ed4-87cb0d922eec,Discover,4ff280f4-7ac8-4fb4-baf5-6b78c8e5d9ed
1e864ad9-51f5-439b-aa8a-3ba820bb2d29,Discover,87a6f6ba-82b9-4e48-a741-f79aac25a2a2
f7daac00-24e4-47fc-bcb5-3e6243459647,VISA,e4cf2edd-189d-4283-9bfe-6450503ccac3
0acf8f92-59bb-487f-928f-2b7f726b321e,Discover,ab8f1b42-0fec-42f9-a992-7f9a2d60aaf9
f13a07c0-9427-472b-8298-fc8ec37adea3,AmEx,3515bfd3-69c8-4889-a62a-adec764fec7b
a6ef7211-1267-4f65-816e-535cc0d9172e,Discover,d7750fad-460b-4705-ada3-d319e621791b
41726ae9-8231-45b7-ad24-0b3ac1caddaf,MC,b9034ea1-377f-4914-83fc-4a24683200ee
40072cd6-196b-42f4-996a-a8ecacf0c5de,AmEx,eb799503-3e1b-41e0-9bca-94df6710b88c
d7112ef5-88a7-446d-bd32-fb14649b3861,Discover,1331ceaf-9eab-4375-b51d-14d2028201f9
7da14c4d-9671-42b5-8f3f-27ceaeb65fd4,MC,4fa70961-0814-44ca-8b41-9cdb3cc3c954
36d32e5a-8ce6-473f-8efb-f956edc75d1f,AmEx,381a2d15-b2fd-4bf2-865c-6b334d546414
1715d99d-eedd-4c58-913b-e54dae9096f4,VISA,0b4ce1bf-6ad4-4176-ac5c-bd3d0f2866e8
367a5a72-e6f2-4425-9b29-69a04e8535f6,MC,6e362b8b-b63f-4712-a002-feb8bf2b73e0
e38f5235-499e-4d2b-b328-984a2eaf90bd,MC,7f1e975f-1201-4b4e-9b64-f0aaca77330b
5065fad0-18c8-480c-8607-cae6cdd40acc,MC,8fafc78e-f839-430a-899e-c9266b47892e
41ae0f22-2d06-49f1-b1e1-c43cd3c9e35f,VISA,c1364bdb-1d56-45c7-8972-745db26a64a2
8a09d6c5-131b-41cf-a5ad-45bed4c2293c,VISA,57085510-9e1f-423e-8b52-abc957d78bcd
27152981-32a2-40a0-9bed-1c38c777f8a5,VISA,31c51f99-a75b-4b02-9430-ccf307335f61
3811c37a-26b8-4c12-8ec5-2d9be3c7446b,MC,786b993f-a715-4cf7-b348-bdb5ce2dad89
1df4b3b8-2d0c-4772-b0ae-4a21b4596570,MC,a39929f4-ef1d-4dba-b804-e93412bdeae9
078a8ff2-0efc-4a94-b2dd-bd9f4aa6606d,AmEx,4a3ebb8d-357a-443d-9bb9-9a4747db2736
8c04ff27-52ef-4b70-b1d5-da3a89c2d2f7,PayPal,24c4f948-d720-428f-94b3-3af851ec6ba1
fea2e9af-e762-4f3c-af42-fafd200e054d,MC,9bd33212-9e16-4e1e-857d-7048eb5d3eab
ccabf39c-e73b-4b87-ad87-e2ed78856383,PayPal,21caa734-ee0e-4989-9c2a-db8757fc1254
75b4b3ad-0580-4e35-9429-c15290979cc7,VISA,072fa9ad-7818-4528-9243-039ca040b2b1
dc37ad80-4541-4cc5-bc3b-2764fd5299ee,VISA,46bce308-dcbd-4744-b8f1-f1c3acefe676
382aa269-f502-4219-983b-c9e7bc06f4ce,MC,945060c7-8706-4552-95a9-f6885fd6a3f5
a99893c4-7ced-4c85-bcc0-7298871e5b48,VISA,05114ed3-0359-482c-828d-02feaf57b465
3a6c02dd-feb8-4a9c-94e7-c73a9f37c8b5,MC,38c09551-2119-4e5f-b98e-695bef3d35f6
7689898b-83c2-4972-a513-bd9a578e6a02,MC,ae9b8bef-d4ab-43a2-8b41-3a5470f53380
6226786e-7ba7-42f0-b297-47420f4bcffd,MC,97614b45-ca8a-4801-a134-8624f3232efb
607de444-1047-4020-ac1d-1257c5ffd055,VISA,3c5f6cb6-7357-49f7-bb38-bc74be617129
1f84d075-30e6-4502-8207-cb1c14255452,MC,5c468671-26bb-4f72-9165-0b121d6542a8
264eb40f-e5ff-46c1-8dd9-4a0b04669e2b,MC,3fa0392d-4b91-4c64-b22b-7ce29091ad79
b06f1902-a35e-43a6-b24f-7ea90e7d4f66,VISA,b89ace72-7a2b-42fb-bd05-96f9bfc56497
8586f443-b646-4990-8e82-c3af5ac13b39,VISA,e4f54c37-a1e9-4c23-8894-80e04f10f2d0
fdde3fc4-1883-4fd9-baf6-ad3bc85e378d,VISA,251286d1-e936-4653-809f-049f1e4e0db4
7a59c39f-66ba-4c9a-a852-26c976fd9fef,VISA,b45a8fa4-b054-49ae-886d-4584d8a1e389
8a8cbf58-d402-43b7-a095-89b1ee8c6eff,MC,43f8e811-ae7c-4ced-ac2c-65d1ad7d3bc5
3dfc6c18-c860-4273-ae22-2ae5835fd62c,MC,8c316d3f-6088-476b-84e7-4e193fb38d6d
c1fc603b-3087-4fa4-8a59-0a0cc464969e,AmEx,e0d177fd-b067-4da7-984c-603bc4135cf9
d03dda0a-2928-47f5-bded-2384832f8855,Discover,aa436d49-eb7a-4c62-b9a6-5ff19b7ece70
39f40ed9-2922-4251-b3f4-ef66f96c7232,PayPal,bd979141-ca1a-4edd-a907-66c629f355b5
fa1f8d85-d3e5-4578-bcb1-e171b034bc7f,Discover,7fe20d1b-d212-4bfc-9db5-5424766f899e
72ac8ce7-3903-429a-a575-573012e49059,VISA,0dc091de-6d1d-40cc-a449-1ff277125ca1
d31a452a-1326-495f-b2ba-c979e7826b14,VISA,70a68858-638d-44f3-a6db-4553b5f37e92
7416f417-b434-48d4-a3bd-ffea8205634a,VISA,8055e02b-49d9-41fc-ae40-7ef1d66c6a27
4d41da51-32a1-4312-86ec-82a3660da193,MC,9194f152-20e9-4f3b-a441-605d95d55c07
7a2fdbbf-6dd1-4337-936d-1e39c50abc7a,MC,5a9f3495-e6fe-4744-9375-006dbb0348ed
855163db-c011-4336-8b79-33d7d6eebf2d,VISA,c43a6b89-87ea-47d6-be77-a8cb3d08cbcf
dbac1d0f-babf-4662-809c-fe038afacf9f,PayPal,64d742e9-5982-48d5-9e1d-2f819eae2804
16efc3e6-6598-43f5-ba22-f72e6311cfb7,MC,ca4d9b42-e536-4c58-bdd3-6073da06e581
ff31b133-0a91-4a41-bc03-be67edc8416d,PayPal,60f72a66-f746-439b-9f21-62936604d483
0cc988e0-bc5f-4c26-8db6-a67b972ffcc6,Discover,57a798e0-0c2e-4f47-83d2-d42e686d46b9
8c5fca7b-b09f-4e04-8c26-8d13ecc867ff,AmEx,ca26826f-a631-4c87-91e9-875d413c6d8d
8d77d571-51e1-475a-b65b-e0999edabacc,Discover,f37d42b4-4d67-46ae-a7c6-4e548a846057
1fd50520-c2a1-4b46-a2bb-d1d1387c65ad,Discover,6a535bcd-5e65-47a0-a064-0b08a539fd9a
2bfc909f-9f06-4f48-8d77-7e85ef2ca74f,MC,a265d996-7d1e-4939-967e-0d4ecd64e01f
beb84d5b-1849-47dd-87bd-3bc9d9a9de85,PayPal,fc5bdb3a-7cb4-412c-a4ed-5f4d224936b6
c49bf08f-755f-4a03-ac41-3b2763f057ca,PayPal,eeab0e6f-9f56-4b60-8fad-6d0f05c56b9a
846c69b3-1761-427b-9461-4d7b807917ed,Discover,ee68d589-fccb-4266-ac67-dc66954537db
8121e1c2-b2d5-47f3-a27f-0067e9d8a632,Discover,d351235a-5713-4c14-82de-d73e9ee4783d
29ce430f-22d9-420d-a719-481b6290c20a,MC,6db3af75-84b4-45b4-9c6e-fdaf41a9ec17
5531160b-b02a-46ec-b5e9-78751f5be08c,MC,51d801be-9306-431d-9f92-b62e14cc979a
7a4b84f1-5bf7-4903-9229-ad9e70ec4539,AmEx,e8b45c29-60f5-451a-a0fe-8a338292e689
cf15f97b-38bb-4ba4-841d-292ae1b2fa48,AmEx,d7d9777f-0ef9-40d0-ba31-3f2053d36c65
604001dd-3392-423b-887d-e6f1dcc83ed0,VISA,7f520cd7-0570-4f95-b3a3-b1376d9a39d8
8f0600c5-29f6-4774-b020-2de0e216d4fd,MC,cf7958dc-e244-4db3-8b25-da99f3f11077
b131b02e-534b-43ac-954e-6fad5184eaa1,PayPal,01c91091-a250-40ba-be9a-bee244568c2b
7e203e35-e498-4695-bfd3-719579302332,Discover,90974226-e842-45d4-b8dd-e7ce6d46cb6f
e8262949-b71e-4a16-83ac-eba839e23514,AmEx,f948b93c-0518-477b-8c30-c471315965e1
b83e72e8-9194-489c-a091-7b5528ad1272,VISA,4e841a91-0763-440b-89b7-b57d0d5e09c8
f370e028-f456-4b68-ae65-df29fe0e1c68,VISA,2fd0c524-ec76-4ab1-b89b-57cab010c4c3
5c0ec2f8-673a-4874-bf25-9829df82c3fa,MC,7730c7b3-656b-4ac4-9471-3177a8fa8a97
76ca3208-416b-44c1-95ac-fb093c7f19a1,Discover,4ff0f4aa-f6a9-439e-8d9d-a451339689ee
363eeb4d-7bfe-4b88-95e6-aff85dd697a1,VISA,d1a78847-a89c-4dbc-81d5-8254522648ec
5c6550dc-b462-47bd-b02d-384e69d34dda,Discover,aa3dc5d8-bc9a-45ae-8b48-6d16062c2894
6429134f-167d-4eef-a04b-757ea946f956,VISA,134b4017-9d38-40cd-90a7-dafb295cebed
313448f4-9761-411b-bdf4-69fd698ee4f9,MC,ec4adb1a-b44a-4707-874e-250c15237532
fb5f24c9-eaad-47be-8a3e-5e26823b7ee6,MC,adfa2160-7a77-49eb-bb72-12a609325dd4
d3d1437b-7479-4eee-85ce-b3d0582c9fd2,VISA,54d71b47-f69b-461f-a52e-1ab43b133de7
dc093697-a79f-4f7b-8dc8-862965406946,VISA,e96544d7-998b-4a33-9ab3-9126ae2eb0d8
52e664c3-5a51-4d52-99e0-923a380ce772,VISA,795a1954-b28a-424c-b9c4-c5d77828d936
96bec1dd-7650-4266-b581-0dad55e51969,VISA,ea0e23e4-770f-4f24-a6b3-79e3d591c2f2
d85963dc-82b8-4b8e-883a-7e30dd603e9e,MC,07a43965-980f-4f48-8f32-e7617a11d9f5
616f1c44-47ef-402d-84ee-7cabf7217643,AmEx,4c21fab3-d078-4de8-9872-42efc214da87
4a23b67d-7964-4a58-84fd-04f9024b22e1,VISA,5d5144ca-1f5c-4ead-9019-cabb56feae87
b38df44e-ba56-4091-b1c5-624ed96d1e1a,MC,78e326fc-6ad6-4256-a9ff-0901824c5089
15d35b74-0739-48c5-8ece-1dd0917b3b49,VISA,83364161-75b4-4707-b161-ea8ea1ef7b77
a047ccaf-26b3-41be-8e43-a5dd091563dd,MC,71a2d4d1-e388-4518-8288-d1e1c69c2185
ee2c6c71-c463-4c94-8598-af397ae2515e,VISA,5baded1a-890c-44a5-a5f8-8fe0bbb47610
b2cd6d01-4051-4d0c-9185-66201b167b9f,VISA,2a904258-cb91-46c1-9795-e53089cadde4
b8362762-4afa-421a-a4f6-7836e88b19cc,MC,1c7baf03-f4a1-4b37-a8c8-125bad353a4a
d8526b09-06a9-42f0-a63b-cf9373827b52,MC,c647676d-02cd-4a98-9cde-f61a0ae5516a
f3ed5bc1-3b58-47b7-9c56-133f61166d56,MC,24a57cb5-b9cb-44ef-9236-1c6303be3a32
e20f3d22-379a-48d2-a865-1ec4dabf50a7,MC,bca08fc3-9020-4a2e-b3f1-122982f992b5
c9e1fa32-8585-4318-8a64-4bd45656e8ae,VISA,40d447ea-87cc-4485-8690-3e08696fd8f1
44f92224-e403-47e6-a893-5a9cb4fbddbc,MC,b006b50d-a96f-4f83-8e56-564183335fea
822b1437-8e32-4c30-aa8a-3a73ab874ffb,AmEx,b9bcb7e9-7a15-4edc-af79-53abdad677ad
26e76223-5269-4788-b746-3824b3cb074c,VISA,ecf756bf-59c4-4031-b036-82a92df9c4e6
e37597ee-6c91-452b-b755-771e501388f1,MC,3dfc8312-52b6-482e-bfd1-0393c94b556f
16133276-6233-415d-abb4-32b9ac3274c9,VISA,375df602-3f2a-479c-8369-ed2660e249b7
d1ccff95-eabc-4266-9f31-6faa148ddeb3,PayPal,826c63db-6579-4b90-a167-471973127aee
9f0f7a47-e46b-4257-bdd3-c4987dedf4b3,PayPal,0a1f9d28-e85d-46de-a5e2-e28c8f8e7e11
d4096b14-0496-47ca-b6d7-16cd6189fb92,MC,889a6fc4-1d53-4ddd-8c48-185770db86e3
d8159cd2-4e2b-405b-9097-1eeb62f46469,VISA,819bf535-314a-4aa6-85b8-70bc55ea81f8
b9f19ee9-48be-4675-a269-7825c640aeae,MC,dcbb8680-db07-41bf-904a-c3e131204f73
d49cade2-8d84-4240-9196-6d90ff1ff405,VISA,df3939fd-3ef2-405d-9dc3-468f0af222fb
e376895a-4fe8-447e-92e1-20d74bd6d894,VISA,3339c434-b4d4-4346-b723-926b794a9619
b1884c9c-5a15-42e8-87af-832c0b9a8c9b,AmEx,521f8d26-245b-4bc8-bdea-0c946657a507
20e10b8a-a35e-405c-b029-7f491b5ae6da,VISA,cb97f341-063b-48a4-95b8-98144e35a975
29672601-9ebf-4c35-8706-5fd07f165b49,VISA,1b284631-c838-4993-8399-15ff1d0084c8
01abe905-65af-4093-93a7-c0b22ebff482,PayPal,8305c415-9412-4d9e-8675-cca60082117a
acae6561-7b4a-4da4-a2da-ba347c05175b,AmEx,26c2268c-4b6d-4dbc-8510-3f099faf6219
4a319d56-09a6-4848-9dfc-26af2b1485d9,PayPal,85531b21-e78e-4d59-9ad7-d58a8e2774ec
632d1fd1-4a61-4df2-b68c-23b814bcbc54,Discover,a929d32e-e74f-41fe-bf9a-107dfa08d497
38c64fb6-3123-4391-ad41-b8d3a83fc9bd,MC,5cbc1580-b892-431e-8fa5-08e8fb8dc947
88765156-5723-4091-972f-8e3fdf132cb4,MC,c68bcc64-513e-4908-abb2-7e1869c83d82
04962c18-e52d-4e0a-90d8-47fda80e183d,VISA,3df9421f-bf88-4de7-94f7-9a897225996d
7b2d3630-6b69-4ca8-ae3b-2e173ce34b3a,VISA,bc91c220-8223-4639-96a2-e9025ae7296c
cc65e8bc-43a5-4cbd-b092-e0db968ec4e4,PayPal,925fe44d-f0d4-47aa-86a4-ca1a99d10fc9
cd906531-a799-45b2-8702-b86b44f12e1b,PayPal,56b4ef71-07ea-4de3-bb15-df9a2a60b043
f6d7a602-c97e-41d7-8fd0-90d1832a256f,VISA,12e2985d-0760-4f97-af39-0121bb733abc
00dbfa7a-be9b-4147-9622-ba1bd6fca076,VISA,7e57b090-57da-4a29-b320-0233355ab0fe
8f7a7d41-9dc5-4085-958a-adb9e2d67935,MC,c26d1294-657a-484f-891d-c3488c9c2769
c812c405-404f-408f-a1ed-af616f0372e4,Discover,754a5aee-28a7-4fba-96f8-5c841d28bfdd
8e69e709-dfd3-4e0c-b634-d51e0e57dd74,MC,6e61e0dc-866d-4c74-8208-54417d17ca13
b1b39a96-07ec-4ee8-bd83-12de015f6b7c,VISA,77157659-7e65-49b9-a46d-5b3ebc550449
7007eb69-dd4a-49c2-88d5-4faf7d67b694,MC,c6095dbf-2ac6-449e-a705-86f8f9879883
1f66c767-041d-4869-a4ea-d8dc0387c161,VISA,9d2680ce-1f6d-4b27-a5de-7510b92d80a6
bf91acc0-6bd3-4acd-968a-25db27effcc5,Discover,f3fa9e85-470a-4b47-b7d6-c9a741bf23a8
be872adb-779b-4b7d-a0b7-2e3ef041e81c,VISA,d5cd319a-74c2-404d-b4c1-db38912b20a5
0c40f07e-04dc-49eb-a21f-c7fd05659deb,PayPal,5b7bd526-b358-47e9-89e7-81b3aa932043
d5ce65f9-aff1-446f-b75d-8d84388cfc17,VISA,7c94619f-a4a5-47e6-bec8-0cbc31e7b793
36875651-bcce-4823-a2a0-f15935abb764,VISA,5e490d83-f4eb-4cf7-84e2-da1b445afda5
3935a7df-c1b1-4336-aebd-49c683ead585,AmEx,47337434-7c10-4239-8a4c-50aee3d5ba42
13e88af3-0610-4f55-bce1-d32c78a6cddf,VISA,6f1aaf90-9d19-454c-8f5d-2db253d56d23
f8301903-6310-4135-a3fd-5f2e2bdc0974,AmEx,e3e13173-9f81-49b9-9bef-5309d37e5186
76dd6bff-d55d-4b2f-b0f8-5a713793640c,MC,5c6ec45d-dd2b-4fda-83f1-4f6a53bc6208
06ea7213-5c37-485f-b401-d29db6802d33,VISA,4fd3c816-cbb6-4a23-abef-4647634ed4a2
d4442e0e-accd-4be4-9e43-be57c9c18b1f,MC,e2e24fb4-71c0-470f-9ed5-969d80d60beb
2ee5a24f-e05b-49b6-a341-9ed11bb30cf2,VISA,ebd8f3b3-d35a-4f79-a809-dbbc39190ead
464e1122-af45-480c-85c4-63baa0b5150f,MC,b2af9efc-8c44-4219-af19-0db74c390bec
a5c2a82c-e798-43c2-ae87-0085532fceb3,Discover,e2a2d2f1-f8b1-401d-aea1-435042af69bb
d8069a0c-38e2-47a3-af69-298ecc6ace04,VISA,5652c785-1898-4a45-a07a-1ae94480fe4f
4f219c83-8836-4ec9-92b4-9ce18bccd985,VISA,fff7e371-735e-4583-b5f7-1252347c4250
ec1b8a32-662a-48a9-88a6-998567dac868,MC,917cbc45-bbc5-4e7b-a13f-af625d22c1ac
67f24bbf-3363-48fc-921d-e8270efa17a2,Discover,4dc5dd55-cf44-4993-945f-73ecfcce4f9c
f660d151-afec-4a98-ad84-782b1c17ffdc,VISA,0ddc8b72-6308-4417-9767-601967720b43
3b6180e7-be0f-49cf-a1ac-32ae3587539a,MC,b1bcff54-080e-46e0-ab94-b135cf29cd4e
249d5f46-0670-4f6e-9622-90c0de354dc7,MC,f61d279a-2305-4a7f-a7de-b6c3ccc9d452
95df0b60-8817-41ea-a99d-6a86d9a25942,MC,388d3106-2328-4bfe-a51e-87a4a8a5d8de
e5db1ba4-4d01-436d-aec5-35c8259c4be4,VISA,31650aaa-3d62-4809-9959-ee3d697ba150
d8225871-c0d3-4390-9f2b-5b920a73831d,Discover,b76c089a-5096-4fd2-80be-78062ec271ef
17fa4027-2fe2-422d-80d0-44b130ed2b36,Discover,735cfd78-c02c-46ba-99a7-53019d7be274
c9139391-6cf6-4b6c-9b84-628e865fd0db,VISA,475dfce4-bcf3-4397-ad69-274232826ecb
454e7c08-70be-40cd-99b8-0534e5989be7,MC,f887ff7c-3df1-43a8-a3ad-50b5393d3351
1894844d-9e74-4faf-bbf8-0746b5d5980c,VISA,d5a01aa5-0039-43bf-a7dd-2371fbe2a768
d5c877d6-32bc-4e22-b8f1-9b35dbaadd08,Discover,94e8b9b5-498a-4bb4-a922-b3a459149fcd
64789d43-1af9-4538-91f0-0f913f7e4ae6,MC,2f3ad083-64e2-4b30-921e-4d3b7b817909
b1cc4bfa-30d5-41ff-81d4-c4acf151862a,PayPal,1f4cd523-b041-43f9-8820-4e8580f1c3ad
7b7127c3-73c5-4e42-a303-15d75fe8c8df,VISA,db88e04b-cbee-4237-b2f5-4b88f13e46e4
2661bf91-9485-4d41-b2ea-032e8fa9b931,MC,4ea0a806-1c3d-44b7-89d6-94d46c579c03
33677aa8-60e6-4ff9-bc18-ec8f823cacf8,VISA,9cc73c9f-49f2-4682-82de-53d4924482c8
cf07ace2-540c-455e-93f5-017514e8626e,VISA,20f6ff2c-2033-44cc-bfb4-03c95da92b7b
7660313a-721f-40ee-9869-2abb022cbbf1,MC,208589f8-5763-4f01-9dc6-af77d78e67ae
35836ced-7559-4dea-9899-ea546e9b4266,MC,92061f89-e8da-433b-819c-ce90a770dca9
daa21484-7af7-4f64-a4e5-73fdf590e10e,AmEx,aaa4ca0f-8769-44f2-a1b2-64b097753c3c
20f9bc4e-bf96-497c-b990-767973880bad,MC,b9846c78-cac7-4e15-967d-4d4e1b79ea07
b2f50f62-cf4b-4723-ad85-674cb2032b2d,MC,83d74d71-08e6-4ef0-aa76-330ccf37bb5e
ac6b1199-dc43-4978-b401-2cd403bba8c2,MC,0227dd61-4f63-473e-8e93-50efc3f8d35a
fe7709a4-2d36-4081-865f-57ddcc0b8305,VISA,8bd11402-cfbb-41a2-83cc-f43d0891694d
71030f20-8b0c-4827-bb1e-2ae3319fa7d1,VISA,a9ef3830-b9c6-4e38-8e58-dfd7b01fbdec
c52794e2-0386-4ce8-9e92-1cc0fc206de3,VISA,8c854c0a-f094-4480-b2dc-68979ff2bc7a
36b8724b-8919-47b0-820d-8d60a24f1ce3,MC,60e72d7e-5314-4700-8aed-01918d5384e2
b5e30b52-8816-4fdc-93de-ccdb29c90576,PayPal,66ce6468-5cfa-4970-89d9-a41982840686
8a83b649-2353-412b-8784-5efdd6b35550,VISA,c2adc3d4-5ac1-44f6-934a-d91b4baa2e17
9d9e7133-eece-426b-a52b-c6fa5b69d11c,VISA,e63ae76d-3059-4cb1-af39-6748e7a22a92
67910c6c-f23f-43f2-a508-ff2ebe8d8738,MC,f1d2370a-b608-4f05-9917-fb384597b67c
124989bb-9ac4-4d9b-b993-bfd8053540b9,MC,73bbf392-0e0e-48df-b1d7-a8f4ad52e3f2
ff87885a-0a92-445f-b86c-37d23771ea2b,Discover,50729dd4-4551-4fcf-9f42-1ed2e6b4dc1c
43fd7518-baf1-456c-b70f-4994d76f942a,VISA,92c5f333-d325-433a-b43e-cca5a6406880
27a9eb17-d8bf-4981-8485-8778a929d97a,PayPal,fe6ce799-dc7d-4bba-93dc-ac71fe3e3b98
b8ed4b9b-cb8e-4992-9229-0b196ec724fa,Discover,57858f99-cee1-4c56-970d-e13de28c0016
05ac7eb0-e168-4739-9be8-ad8977f1adec,VISA,40660ce7-cea9-41fd-a11f-97c1b5c9bdb5
d8ee0a4a-44dc-42b1-aba2-2017881fc87c,VISA,a7ddd8e6-9379-4d5f-b9d6-2537fd43852e
6703161c-e1de-48d4-952c-5583288cd102,VISA,b8cc84d9-e6f1-489a-91f5-549616550e65
9e7307c4-e48a-43c6-8695-277f51cdb88b,Discover,d989ed55-5aa1-46ab-b8ee-06b12029dd90
5653ec75-f727-4f5b-8036-79925ea567b1,AmEx,4b1afdfa-0265-47c1-bba2-6981feeab7f5
47cf9661-332c-4cf3-81de-6f1360c8d78d,MC,97f5f590-e187-462e-8b4f-b04b20cefd90
70ce11b6-0d2b-4431-a9ac-911ac80576ce,VISA,ef6697b9-aae9-4b47-9dc2-7d892b74b7ba
005d3652-1ee3-4e79-ad7f-416627632db6,MC,df620133-11f3-43fe-bc6b-778839ca9a14
86885f33-6d1c-4ea7-87e2-1d88a9a6785e,AmEx,d5ace928-b031-4670-8eef-44dbf2692b7c
e59965bd-3cf3-4292-b144-4c61bdf58cc3,VISA,da71bcf9-f8fe-45a8-9c9c-d71ece6de4ed
737ca2f4-85aa-4ccd-aed3-d287f55738f9,VISA,ce7f2caf-a803-489c-b462-62bb97fbb72a
2e54c6b7-567c-4429-8c3f-15d1ac100c8c,VISA,abd1fce6-1f32-4561-82e8-a7c2400a6b4d
b88b0cdb-b18b-4cec-b379-39c07490d79d,AmEx,e7d49f37-abc3-48e1-9dc6-91db7a9b8a9c
6da9bf2c-b39a-4a1d-b57b-bdf2d68cba0a,AmEx,04d07530-69f2-4d16-89ef-85def300b7bf
89799498-447c-4d2b-a006-66de86e1715f,MC,a3f21df4-edf9-48f0-9154-9293068a2274
cb78df08-a4e3-405b-aecc-9452e60cb0ac,MC,f07b410b-c6ce-44aa-96b8-95b6dd5d0869
11579f14-3fd3-4d0b-8ab5-e7cb17cc669f,VISA,fa865c80-e079-445e-8741-5fd498b468f0
49871f2b-ad95-4c0b-82c7-13b19621c7a4,Discover,efd54537-36d2-4f4e-a26e-2add00eb0557
8974ad7b-211a-4391-a523-5fb1f2358f14,AmEx,bed0e45b-6f81-4897-931e-65ccfe054c36
0b312b21-86c8-4baf-9b91-b7224b155545,MC,9802de31-62bc-4621-a83f-5610a9089529
85137a14-2585-4c72-af66-3a2ae5da95bb,VISA,cc0c31a7-5d49-4de9-8b72-24dc749a1132
43caf32f-819c-4d99-bf1f-7ccb67e75b90,VISA,d5855227-92c4-4ebd-bc77-e63463eb03f9
ab96c86e-1d3a-407a-831f-22b0a045f608,Discover,fa00daf2-edf7-4a57-9c5a-a4b0d5141b6e
1a3241d0-9804-44a1-824d-763d3c64e888,VISA,f5fca27e-f9f2-4906-910e-ffdd3c341fdf
f46d361a-1ee6-4a03-8dc1-e8bd554f96e6,PayPal,5ca436b4-dd41-4df1-ba12-8f7043f1d347
720d4e1a-3deb-426e-9e18-9563bf1fbcc4,PayPal,59e970d6-4871-4500-85ec-aa193455dc50
2d3b23a0-81d6-4566-807b-e4c45ef867e5,MC,71576f7f-a7c8-4fb7-94b3-bfa156f28934
c75f01e4-f0b8-44dd-aaed-2db9e66a7fa9,PayPal,712fc022-32dc-4014-a0ee-78b1a7f95102
d9b6c5d6-0489-4ca8-b35e-a7a59f9c9592,VISA,29c1fffe-14e0-4fd2-9889-e357aa235af5
699a0c19-7833-4176-b1a0-bed7f8127eaa,VISA,a901a220-d924-4b4e-b33c-e4814eef661d
d025ca1d-771f-43b0-96e9-37d52765ac3f,VISA,b9d9b4f7-ef02-469f-b636-5f66d2b2ccb9
35fce9cb-26b2-4ca1-9fef-752523184794,VISA,ba03166c-d13c-454f-9bb7-18f267a5e68e
dbe2c165-8ee3-4541-aa98-d82c9364994d,VISA,fed5b4e5-81e1-4f93-8023-400129f18b3d
5f5b1a90-e73d-4010-b834-3b37e7508678,AmEx,04e1a51b-7fb4-4faf-9a27-59893d54bd8c
847068ee-aa48-4e4d-9c75-a48099c2aa28,AmEx,304e92e9-6036-48e4-b220-342a84299ca3
75657835-bc28-4ee3-9835-60ee4dbc850e,PayPal,089e9569-2a41-445d-837f-d533201c2409
eec00273-7bef-4f6b-87d1-00efda620fad,VISA,3857c933-a58c-48ac-9fd6-2496dfb7a3e6
ef14f945-808d-4ffd-b92a-51f3ac0a765a,MC,63611bfd-e3d8-46e9-a185-f7f958d704f6
7b63bd42-95af-4e4f-9490-e0753a128832,AmEx,5786c759-bd12-4213-b909-ea9c4f432618
6c01dbba-7b0f-44d4-95fa-49d6f61853e5,AmEx,2dc259a5-0d8b-4fb2-bddc-1f56a495b253
48820a7e-a0ce-4b96-9ec4-e4f019756704,AmEx,1e722ada-df0e-41fa-9674-806ca39f40bc
b9a59cc2-84da-4717-aa16-a4e6967e85be,PayPal,56db035f-a767-4322-b420-a9c80c3144e6
6979b920-405a-4709-9f12-8640a0ab7a52,Discover,7bbabdf9-1e89-4ef8-9038-bda5e3655208
bb36109f-5840-4265-8e7b-807e6734ebc3,VISA,2d1ec84e-a9d7-4be0-a1f3-759237528f37
4b1cb091-e9c3-47bb-8d91-23d07e49c0d2,MC,bb69cca3-1fbc-427d-8a26-330aacfaacfc
705b1848-ae2f-4f3c-a843-aeabd1fd3b19,MC,188ea1b8-2f46-4605-8ebf-5c6a3b2b5ded
b79bae2f-0528-461c-b085-118c297bca5c,VISA,2d0f54c7-4f21-4e67-802e-63dcd8d10183
5d27a96f-ae46-4417-8538-2ccc2b2469da,VISA,fa65963c-79b8-49a2-9463-4c99e5d87644
1df2d0d5-3190-4bcd-befa-7a0315141daa,MC,d768ab3d-5731-4a67-bd73-5f99d273f8f9
97f9e461-fc0d-4e6d-be3d-a0a929f50fde,AmEx,4d55c781-7ac3-403f-a16c-debbea829f26
f8f22d75-2349-4747-b6a0-c9937e70157e,VISA,2e7561a9-f294-462e-be36-446f2609df5e
697e8db1-0d20-4d2c-81be-7c50e0690744,PayPal,b940cadd-9296-4cf6-9a08-088b3c1e43c5
f2db973e-83de-4f4d-ba39-c730b19a2fc1,AmEx,7dab1042-ee1f-443f-b3a0-1c2a07d8cf0c
aa133dc5-2c2a-4351-b054-8af062647774,PayPal,442dff79-bda6-4cba-acae-dbeff6871729
41ecc9fb-c427-4037-a279-18fde863396f,AmEx,cb3343a8-d0d8-46f2-a6a1-7edc850406c7
55433d13-4e37-452f-a31c-c9a4432397b1,VISA,c7a5090d-8329-43f5-9ad9-d6c63cc84d74
de895529-158a-46d6-8fc0-8594710262aa,PayPal,51dbdd6b-40db-407d-a177-00fbcb8c8c2d
e801f4d9-8e9c-4b5e-a4f3-17a0025fd868,VISA,4808cef4-5d0d-4a63-ad68-3c87ba171857
0b74ab5e-c2fc-442d-bfcb-5c53182a202c,VISA,3e62b881-195a-455a-b84c-152dfc8e741e
a5235c7d-b530-452f-84ec-1eaf364ab0e8,VISA,2747afd9-1778-4540-9726-aaf1fc445b1e
f9718d74-d194-446d-ac58-d5eff8ea0a4b,MC,fdff0b60-c3fe-485a-87bd-23b556464a7c
9edb1f58-423b-4995-a706-2352b2f9d0fe,VISA,a8307461-753d-48f3-b6c5-8cd0de192a01
dee8a1fc-9409-40e1-8f5a-1b2507f922e7,Discover,45ed27d5-5395-4871-bedb-7b7a6d14e766
df37d6de-6bbe-48cb-bf7e-08a675e7fe5c,AmEx,1d5e0755-41dc-4091-9ebb-7a3e39765364
2d309839-9f73-4c29-ad06-fd2a46723b80,MC,c20e9677-06c8-4315-babc-4694dd251e45
c0a72b44-73c2-4307-a0dd-7ddcfdcddd5f,MC,557ebf4f-eb28-4cbf-b59b-674dd7a818f1
92bc65b1-192d-4b4d-9828-334cb3213922,AmEx,43126561-005e-4dd8-85b8-8d8b933e4a74
c6f61af7-1971-44b5-9b4b-4093fadd53fd,VISA,f6335ef9-83a3-4223-9aee-25875422c45b
fa8ab53a-786e-428b-94ae-30d5c7d65957,VISA,3a19e9ee-6522-40da-a946-903e3445e0d2
d27921ff-4753-480d-a0dd-ba006324e785,PayPal,6224f479-5733-49d5-bf6a-b923ddb1cd8a
db0fc59d-84af-4198-ae1d-b95da66ce2b8,VISA,f34b7dd6-88bd-4da6-aef4-28972ea16878
ae4b4f66-42b6-4451-9601-cc67b57228d8,AmEx,f801761b-1a3b-43a7-8a96-a042d2a683e7
5715ed55-9436-4e0a-8df0-184dc9ec12c6,MC,cdcd2d83-ff4b-40de-9c10-5fa5622a5f44
dea8965f-8d33-436d-bbfe-ddebbc8ec369,VISA,0e8e0e72-b156-4a49-903e-a80681457669
14cc22a3-0609-4b77-8f90-80332f597ce4,Discover,71979ce7-67fa-436d-bac9-027bdfcff489
30c95b29-76c6-457e-8c74-8ae419dac313,MC,102688db-02a5-4b94-8ba6-7c45819936e7
aea2dc34-3064-4239-82ef-34f193f9b446,Discover,904b08f6-055d-4ffa-be95-66dfaaf9fe1a
a1c5878d-7536-4d04-a899-9408b0c91232,MC,a7e93ebf-1c85-45e1-bc6e-2346278ada46
f02cd609-a24e-4096-87e5-59470f4175fa,MC,efb2150a-996a-4e99-a80b-d2ac0e10feba
4ee2800c-1144-4b46-9265-a2d5a7726000,AmEx,91b1b410-70fb-4eee-8479-df9ef81ebed5
67805c53-b5e4-4c52-bfb5-d01c19a5f889,VISA,2540ee1a-e81e-47bf-b645-b0a40a5ee9c5
31578457-7563-4e0b-8dea-a129eb16859c,MC,7bf2e0d0-733f-4c80-bfb7-443ce4f953ad
3a2f74d1-5e74-435e-aac7-3fa21925ffe9,Discover,b12d26ba-d480-43a6-af0a-6949795fb4f6
9a384592-e7a6-4f6f-9e14-e240369e7018,AmEx,c4af75c1-b28c-4b06-88b4-4de840336ded
cb22d79f-b21c-48f5-91a4-3553c21c1e21,VISA,b53b537c-71ff-4d9d-881c-b51f5fd6a5c7
ca99b000-1b34-4620-898e-b25e6f867ecd,MC,8cdc33da-b046-4248-9f0e-56909175503d
e949c95b-cb9f-4cf7-84f1-6625a9b048a2,PayPal,eba16843-e9a6-4a25-ba4d-e8b213bc7d41
b52dbab0-ff04-40ec-a044-36111c215ada,PayPal,f8be47fa-ae12-44a2-9a44-59bf3a092632
b5b0d2d8-f96e-4bd7-8d87-cd11371f8f27,Discover,b5f90191-5669-469e-a0e6-b1aa72a8e91e
0b9971fe-8e4e-4e5b-b020-e52d90972dd9,AmEx,0fd95c65-580f-4f4d-892a-d380f49b48c6
c818f599-c987-48aa-8e6c-af70276f2a1f,Discover,4d010ec9-2f2d-462a-9bf4-82c91af6c12a
b863a2c6-f3ce-43e3-99e4-a1be58b700f9,VISA,2165e95b-f8ed-43d1-af17-abf0fdabfea8
96304bb3-b436-45c8-8872-e63a481c67f2,PayPal,4a36d634-e0be-42d9-b64e-75e44cd7d519
1a211a39-d745-431d-939c-59eb99c8894d,VISA,51621c1f-c23e-4179-a41a-8a91e8d25ae7
8807d096-6a8c-4bde-bf9b-5fd1889ff336,VISA,74f54c6d-8843-4127-9afa-d9a61be43765
03ac3eff-aad4-4f5e-ab86-967fa54bcf93,MC,b73479ba-3243-4f23-8731-bc32ad5087c0
d76adf36-d707-420f-82a5-7dc6c271fc9c,MC,23958cde-59cd-4134-988d-8732e9496a0b
03b6f776-2800-473c-9ba3-6a4ce92f6248,MC,9b36d0f4-f094-495a-81ac-45a7db1a92e7
feeb40a2-ce96-4bad-bf2b-2b2481e1be8e,VISA,b6a13d01-352f-442d-83a5-1621f60f764f
990d73be-9b5d-434b-b266-c83b0aa50794,MC,2d0648d2-4c50-406a-940a-49675a669bac
3c68ecaa-039e-47e6-8ce3-601217190146,MC,c8f1c1a3-1f89-4315-a369-a79ce1fc1747
904043a8-4283-4e89-af95-23173b2f52b2,MC,04c077f0-a8c2-454a-aee5-edaf1f5fc35f
9ca8c60b-af93-46da-a6b8-78fe572fdc8d,PayPal,b40e4ef9-35a2-433d-b8d3-f12332536c39
5961aabf-c5e1-43ee-8b89-1b32cbcfc100,MC,0720f278-8f3d-4816-8d65-b307d2339c8b
b7851957-228e-41b6-aaa6-119ae4188d5a,VISA,de7c0708-1592-4632-9bff-cf0df8f46125
599295ee-f5f9-4f38-a01c-5ac37c751037,VISA,a5a7a158-941f-46af-9d88-604c4734be9f
67a6d63d-1313-4311-8a50-18931bcfd092,AmEx,28e71a37-b38e-444c-af92-f1672e412022
0b4b4ba6-40e3-4699-a957-24300ed818d0,Discover,cc940092-138f-42f2-9a25-95f5ab4d3670
cc1b9fe9-3b8a-484d-9c89-e6edd7123b7f,MC,afc3cbfd-9960-4e6a-a298-bdc1c94d2812
c598d068-6d71-45c3-978d-1a0d9fcbb730,MC,641f208f-5bf5-45c0-9e26-3bffdf36c27d
e2d8312f-315c-49b6-982f-de9d4c98c694,MC,28f6f184-b521-4b79-84fb-0b01a23528f1
35f665da-d142-474f-87c4-8e1e274332c5,PayPal,409f434c-1b22-42f4-99c8-9d608981b888
af4d4640-1d91-4676-b790-147d680e6780,VISA,0f9efe19-bbba-4d73-baa6-37fe23869ce9
abe7e97b-8826-435d-9527-f25b1632949c,AmEx,a27fbb0f-b974-472a-bb92-9ff3854b0b3f
6ef9d8e2-3804-4af2-bb06-cc9f64255421,VISA,bb767a5a-e902-44d6-a52b-e3fe3046cdf0
bcc48a53-497e-425f-b040-d3a700f2dcdc,VISA,96c140fb-0eb4-4d5f-ad5b-72d128953c69
60d6e40c-7bdd-4034-b5e4-d6940826a4a9,MC,b9e82622-67f7-4f50-b2d7-9caaf618e62c
4dad3c3f-32e7-428f-a9e8-3eb14b19f4a3,VISA,61f455ed-8d46-4095-9bad-0ad74f6a0567
40a62be4-a568-40f5-97c8-afec55803e38,MC,5e4aabb1-42ec-4984-8a20-71130e598087
a8cb367f-963b-411f-8daf-3b8b3464e55a,PayPal,a7ad086d-671e-4b2c-a01d-0a49d2954602
7f2b6e12-5cd4-4a31-b3ce-e07d0867d34c,Discover,fc43ae72-5362-4c3d-864e-6bd6aab68279
2b05303b-236b-426c-b123-687022dc34aa,VISA,28c19b6d-88e7-45d6-a240-9390d01cfc1a
5d85ae64-0b54-4ec9-8d94-760009aeb881,MC,cbf41f8f-581f-468d-90a9-68cecb8ebc91
3325c9c2-3084-4523-8ff1-71549406e68e,PayPal,42710278-f756-423e-9653-b67b6ebfd011
c4e7ada3-431a-4b9a-b969-16af1a61d654,VISA,b787c17e-e4be-477a-8e85-f2526fdee263
981c36e3-dc82-4473-b582-76f60c77c1c4,PayPal,f132a513-6e5f-4631-a8d7-968ceb6daa98
55341bec-c199-48d8-8109-1e70022eabeb,Discover,9ecfae3f-1831-412a-bf36-29e4e2e395b3
a03281db-de65-4041-a023-fb6bb8741158,VISA,95b9ee14-e1cf-477e-90bb-3fdcd8bfa940
5222fbe0-d4a9-4c55-872a-2cf72a6d65e7,VISA,b8726706-0723-4972-91dd-f80543ca95e0
4143f764-baf7-44a9-99a0-ec97723de874,VISA,e8fa2e3e-4979-45bf-8348-e6faeb605777
4d54a7d9-36db-43a4-983b-0c7eaf411f62,VISA,0fe78c4e-3a24-4750-a738-b0501e73ae09
8e93b611-3d88-42c7-86b4-ce206b1d4e49,MC,a1210f3a-de60-4180-b4ed-810a067267d6
0402458e-7526-4102-924f-dd1c44ebf92b,MC,4e6580ad-f845-4486-97d8-08ff56a8403a
56ef4c2b-cc11-4587-8a30-539a719a2a5f,MC,4ff2f0e2-e120-4f80-a4bb-c77fd91b00f0
cd4b4983-00e1-4227-b228-e5f5d433648b,MC,9281c2df-ea69-4697-a580-6255b3dfdfd5
fa19386b-40ee-4517-af38-ae2cf178b87f,AmEx,76506b53-9b96-40b0-bf4d-bc8b55dcf2fd
21048993-f72b-4b3d-9379-2975fa2b289c,PayPal,3daf6bff-bf26-40b4-a607-91941a1550b1
381b87d5-0d24-4247-9f31-6f0435939da6,AmEx,e750819b-692b-46b6-8654-f38cdbd37fd1
111f76af-7ccb-473a-a93c-9c5e56052b65,MC,26a89321-de00-4a33-b4d3-59a846def76c
7b06f909-d01d-452f-a7bf-fe7db9ebc806,VISA,6ddd997c-5397-4fe6-9079-cc2b8a659da9
5cf50b39-b7d6-4ae5-a225-149e4d9c7531,PayPal,d4ae4041-40f9-4c5a-922a-d33622d524d4
b2d2c67f-c5ad-4411-b62a-fbe889a3f61c,VISA,c99089b0-396b-4e3f-9680-e8f0ece69333
f34b9ee9-017e-4af2-b5a6-f065f4386264,AmEx,46d7d240-ead8-40d0-bc16-87870d727f2b
eb9a7069-b95b-4ccc-8ece-c53c3ec5f941,VISA,eb363691-9cef-4919-a332-2a6067615bcc
efc2db97-f610-40de-a9a7-f04f38f5f0b5,VISA,68867e24-cf8a-4359-93dc-f234addd0af1
22b5fb85-4890-43ea-981c-7d37a59da6e4,VISA,d3bdaa3d-fca3-45c5-a0c8-3c16f4fba159
6a015fd7-72d7-4735-ada9-4df3f22f2776,VISA,760e4c83-7ad3-4e53-acf5-9f94ebd12921
89d6ae60-48a2-4ed9-90d9-1185e3e97932,PayPal,282b3617-5cb6-435c-a4f7-26a353307d9e
affe5c4e-db74-40a0-aacb-bb4ed0512ee8,VISA,9a296406-2440-4b7f-96c1-6724a22dd78f
ccb0e2cd-89e2-42d6-ac02-082503ce8344,PayPal,4768b5f6-5ce4-41bc-9e93-6e5485d7fb10
5641511a-8cf3-4c32-ab94-85757f3607be,PayPal,9d1b87e6-20f4-4e80-8e63-526134a9ba53
b98ac948-7260-4b1f-89ad-45cfac14a7c7,VISA,c89c31b6-6ff6-4a3d-87a9-180807d0c783
9272013e-cf55-420b-8363-dc1a739163b1,VISA,bb723683-8f1c-4814-a8b1-37a795f95fb8
b9a5151b-5539-42fd-b64f-189edee723d3,VISA,e4cbebe2-1a4c-46b3-859c-505f100f26f2
b6f49056-5b30-481f-ab50-6e6fc44b380c,MC,4fe75954-452b-47b1-8d80-f7e9377d496a
70447a4e-71fc-4443-a7d3-de1009a7f8d4,AmEx,f2b621b5-0330-47eb-bfa8-b1503c012db8
e448e7ac-eaa1-4d2e-ba87-ac962959f352,Discover,10d17420-b3a7-4eab-a664-e61d33d3adc0
8f6942fc-4b8e-4f11-9f57-c81b8097ca13,MC,c3cfba77-4e3f-40dd-a4cd-a169d88e1683
36f2f4c9-34e7-483e-a392-cbd236a9495e,VISA,2a35de89-1ee7-4c81-8017-6c4b3f867492
ccccfabe-42f5-4412-90cc-68f25309b0ff,VISA,9110e104-7619-4b18-b848-fbeb8fb986fa
bb8647c3-7005-4d2d-b71d-2ab95079eb6f,AmEx,f34902c3-a582-4095-9382-23ba7d7e071f
32654211-95d1-47a3-81b0-dfbce5ed59f3,Discover,43de20e4-0a8e-49f2-9593-fe5359212414
1c0baac1-7902-43a4-8c2b-00e2761803c9,VISA,e2f66ff6-7640-4a43-bb15-21d636827059
38a3d991-dd4f-418c-b1b3-1d2e0c3431d3,AmEx,bad4c9cd-0f1f-4598-9f91-24ca7afc17c9
0fc539c4-6a37-4386-b67d-336e20cbe36c,VISA,f431d353-5ad6-41e1-b944-0fc8b9dafed7
d48e6463-0fca-4586-ae13-959ea1e1042e,AmEx,eb5298d4-ab3c-4830-a292-d2dbb04663f9
1de7fb9e-870c-4823-9097-124cf84694ae,AmEx,0f0c8428-bdfb-4689-8722-cf23a3d8ed97
b6672b7e-da0a-48af-9867-c9b670feb278,VISA,50f75e08-9ac7-4afc-823d-b4e0ab2994bd
07f11ee4-1af9-4ff0-b1a2-807c8091a0c0,AmEx,01810192-5af5-4635-826f-f72c3f3e03c8
67a70ba4-18cb-4e77-a116-2360a9bc39ea,AmEx,efcfc9a8-db2f-4b40-8268-5e9c16b07130
50f67edf-d607-4b12-a376-fbf010077816,VISA,5bbdedd0-69d6-4a4a-bd17-0d2d61331ed8
8c17fbd1-9249-4ffc-86ce-2a8ae262b616,AmEx,89956725-eb06-4a20-9e39-83219e88f683
9ba1321f-46df-4b11-8607-28b7ad4ac5a0,VISA,d5030150-7fcc-4b11-a4ca-015c1e040b2d
cfde645c-b4dc-465d-8f02-3cf0f8241856,PayPal,38417b2f-7c88-4180-a028-ad3a1aa92e42
e7dad846-0c2f-4104-9c5f-393c8ed316a7,VISA,d7aafb07-c460-4de6-ba70-abf1742c3537
8b02a126-c7ed-4d54-9014-4fdce29a94fe,MC,8eff7611-7803-4630-a9ab-7fa50bec74f6
0ec1c46a-39cf-4e46-85ed-a6a42e3a3874,AmEx,c160c297-8d06-48ac-9038-8b7e5ff74b67
3d1c72ef-2502-494c-a77b-02e8cdef09c8,PayPal,56c7b562-adca-4c37-81f6-f857c74080d2
5fdd2acf-badb-42d9-9d3f-e483c56a9ebd,MC,8fc08342-932d-4649-aff9-828bed41e640
48e54fa4-7a65-4d28-92da-ff776d3c2bfd,AmEx,088ade99-9043-4b84-9e6c-7b3e8aa491e9
b825eae6-70a6-4d2b-bc3f-dd6dbcdbd216,VISA,43c22311-6e81-4e4e-8858-6484e6052f94
d3c2dbc5-4d37-4db2-aff5-6273cd9efd90,Discover,ff6d6858-236e-42d6-9445-54e48ee06f89
e75f04a7-4b37-4db6-bd3e-41a6b5b1f78c,PayPal,f70d0d0f-d67b-4702-8c01-d9f4ba17156e
9a3034a6-9512-4bf5-bab9-ca6bfe29c847,AmEx,7274f9df-eb2b-4e55-a126-47cadaf5f57b
3bef4315-7df6-490d-9a67-ae7e2caee3d6,Discover,741cc19e-da4c-4087-961e-ed71109a926b
1a83350f-f741-4fff-808e-890fa55931a1,Discover,94a3b5e3-83ba-494e-94ff-3ea5439fc86d
d0eacf93-2aa9-4a51-b210-9d6432b54a33,MC,e6534156-f3e6-4cc6-a3f9-54e812934b60
4194274d-4680-4c9d-99bd-d596b9d0999d,VISA,92d684a0-45e8-4a15-98a6-de25ae2e8f92
c3242f5f-36b7-4e75-9723-aa166e27b8d7,VISA,ce820463-a141-4c17-bac7-3f9828adcc64
16e57c66-3291-471a-8266-f15ae89dd7ee,AmEx,d53fa130-3130-4139-9bc8-5cc993666bb7
f45ac795-35f6-41c1-bc58-7540dabe4627,Discover,ce1b3024-7962-4d75-a858-8fef13c2fbdd
ffff6791-ed0a-4769-ba1c-0c3ef93ee192,AmEx,a296b9b8-0a23-48a9-a3db-6de703eb9acf
ce8ac5dd-b23c-4729-b581-c8679da26383,AmEx,69dcd9d2-6dc5-4734-b0fa-9bbf0a6f208b
f7611672-9748-40b1-8172-826c61fc79e4,AmEx,36896d5c-6d9e-4cb2-ade7-ce793d87ba75
8427caf8-b8d7-42d8-9458-4f215c102a9b,VISA,567c0f05-8ebd-46f8-bc77-dc8aeebd9960
1567fcfc-17ac-4d51-b8b5-d728743ac218,MC,693d6614-17ea-49a6-b33d-76e6a58e6785
eda2cd43-7d4f-4ecf-88a4-6e8dd03355ce,VISA,8bdcf480-2019-40b8-82b0-072de9e5c37d
c28c3747-a03b-46b3-8df6-801d09e5879c,VISA,fca131d4-b830-472e-8559-7e01684bd2d5
b49c8dcb-5637-4956-90dc-c07051309e8b,VISA,e0c358a4-19d8-409c-82b2-383e081c5e2d
eae5eeb1-f496-4a28-8024-53582fb84cb9,Discover,cdd3c71e-afff-4095-9284-33124df77f10
f99621f8-44be-49d4-a117-22be56f0eeb9,Discover,90da357d-eed8-47f1-9ab9-f809698aefe1
91b5da4d-2990-4342-ad34-f7229bca5c17,VISA,b699f9d2-4d11-477c-ba73-24353384bd84
b07c2535-8b90-4adf-ad9a-170e3767bb5f,VISA,210ac896-243c-4b7f-8935-84a9c23c22e4
d6c9a80c-72d2-4fa0-8006-7f19d6a3afe0,AmEx,0fc7fcdc-0262-4d32-9856-a10a4cb294f4
a3810c94-69bb-44d3-af25-3ac5d913fa7a,Discover,bce4284c-a53a-4ad4-9f0c-fdf0ff7b592b
5db5df1b-7019-4f7b-8a57-9e0e1244c362,AmEx,e2ff1ac1-e805-4314-ae8a-64471f8549c6
e2e5a291-85ed-4040-a7cb-a8c619a0387d,VISA,4249d4fe-b3e8-4e21-b125-8f337a4110f8
d01d1084-7ffa-4063-ba09-92c5e8303409,VISA,9bdb5d50-a571-4b5e-9621-faa7ec3908d6
243ea830-155e-4603-9749-1ea977312c21,AmEx,c2ee068d-3b91-4761-bcc5-0d741a60f0b0
c8f742da-ce8c-460f-a0f3-5a44e854f6d9,PayPal,4219e2c8-d56b-4081-abe4-f4c44b162a41
f40337e8-25d4-44e6-9f75-458a2cd1bad6,MC,39751f60-6ad5-4d36-8da7-af613aae15bb
52100f1e-3def-4407-809e-2e256829a98f,MC,015c93c2-6cd5-4eed-b9a9-0a3d1e336d75
4e6644ee-d905-422e-a7b8-726cc29bd172,VISA,95f49ae9-5103-4902-8596-6f6ccdc514d7
5a39b895-8aed-4d31-ba1c-a778e89557ef,VISA,1ae00829-fcfb-4c68-b29d-962550284b7f
52950aaf-8d45-4947-8410-d9e228e4b9dd,VISA,2c37abfe-78b3-4757-851f-da03bd0af2c1
4a470814-5ef6-4512-a7d8-2564141b94ab,MC,58fc1fc9-7fef-49d8-b5c8-1c078a2bef33
b1eca070-97d1-4acc-a55b-cefef4f3c3e5,PayPal,d403273d-8c68-450c-b616-cdac65068adb
150012db-4db6-4eac-8e6f-2e70b9aca2cf,MC,3336a7b5-e84d-4e41-be6f-ea7ae9823596
b584e8d8-99a5-4c9a-a856-4d4af386252c,VISA,ba5beb9b-b6b2-4b13-be80-202969049066
5b308641-0e10-4708-98a0-c258e4741633,MC,676b9a53-a96d-4528-b3f6-59b5e65c39ad
209f1c06-cd40-43cc-83d9-079c01182433,AmEx,19004c0c-b552-44c1-a731-d9b7fcbe34f9
86f59aa4-032d-49a1-864c-c01755bdff51,PayPal,99047ffe-0615-411c-a55b-acebeecd56ad
c3e1374a-68a3-4d9a-a277-ae539053addd,VISA,e51bcb41-7dfc-4ca9-bd70-73bba6f19cc0
b233ed93-6e49-495a-9074-ca38efc12952,VISA,c4da6133-3f43-4800-b54c-0107d74ce662
f71267cc-802c-4fb2-ba8a-a2a62a0dfd9c,VISA,926fefeb-2840-4894-b9b0-d5afa9343d76
97d899ef-b06b-44f8-a49a-8d870e8d1ea4,MC,75ac95fe-6b58-4ebc-9632-cf2b259ae9e9
a66b93dc-b296-4f42-bb36-4b4eeff32e6c,PayPal,f47258cc-cf91-4bd2-b515-267d8b8e02b2
d237f363-73aa-41f5-bb6c-e0c8ae89767a,VISA,e1eb9b9f-1d27-4a06-96cf-9b3ba4716efb
5a94dfc6-9701-40c4-aab5-2365ffb8070d,MC,0e3b9f45-fec9-493f-8e7f-8639653ccd58
6a1ec235-511e-4c27-9dd8-a62daff2977c,MC,358d900a-93da-412a-a761-8ff756158c39
6546b01a-2a10-4ae4-ac13-75969058401d,MC,4ec5424f-480e-43b0-8114-7e2d42e9d3d6
e248e7cf-9c6b-4944-8c53-73ba1957dacc,MC,bf874c2c-52fa-42ba-9cb2-444e5be8038f
f39f2e49-a19d-42ed-a1b1-84eac48c661e,VISA,37176d36-bc38-4e7f-8b2c-1e1bca4ebbe3
b9347bb0-8ff2-427c-8d57-a7b6c1424621,Discover,c9f84a87-e06d-42f7-8c43-2bad45d75dc9
6690eaf7-c846-4a08-8422-57698aae4966,AmEx,27409fe6-2caf-45c8-ab1e-9d9a9eacd6f3
86d0bbe7-9b6c-42b6-9d89-b25b7521015d,Discover,138a4575-f8aa-4fb2-98af-d8b6a222da7c
32fab369-e7cf-4001-9235-70d45b715c6e,MC,a277fec1-2493-41a9-8be2-3b7a69ae492e
4cee6497-06a3-4fa2-b9cf-33101305119e,PayPal,615da1b7-3cea-4822-aa1c-b37756d5ab4f
c9519adc-08b8-469a-a341-decdb51060b4,VISA,a347060f-d1fd-4f1c-9c1f-3346086dc142
ba79fd40-9f66-4ee7-a3d5-3a1bd6c1ae6a,Discover,19a4fe5f-760f-45c2-a3d9-bd006fd465f1
4ab8d01e-8450-453c-b0d1-ac664bb61d58,VISA,5bf550c1-d98b-4e95-9f87-01f79610c7dc
5601a2c3-0f3e-4c0d-9d89-6e934facd0eb,MC,59190080-8e0b-478e-8acc-6c656cfece78
316a2e89-ae4a-4fd6-b5cd-d4d3bacb2df3,MC,1b33ac7c-2ace-4dff-81a9-30583492f7f6
b809e321-ddb4-4710-8f28-988d60833871,MC,52e15775-aa37-43f4-83b2-9df1b4c83f4a
061e9117-d094-4d12-a49f-6a97d7dc9aa3,MC,23153da2-67ce-4ff3-b4ab-cecf17fa15fb
de42fb97-c587-45cf-9d5a-bcfbaedcc4a3,Discover,eeb6ee55-8e11-46e9-8469-261f45eae4a9
23c2d86c-dac7-41ef-b2d1-306914758588,MC,fe89d9da-39ad-4469-9c6f-c5d761e34ef2
42064493-5d06-41ad-9098-b74944724ac9,Discover,15548cdf-67b6-4d7d-84fe-3c8173cea4d7
21908de1-340e-4f4d-8345-9d79f87e30e6,AmEx,b1306c0f-4835-4ef4-9458-fe6be2da52f1
45ccf18e-09f3-4bed-b7ef-c764f8ee1ff7,VISA,8e9ca043-f604-42fa-a79d-d40974ede678
ddf640b6-9e39-4da9-9196-60398cee2b74,VISA,4d7c4612-770a-43f9-91db-2c834d2b6eaa
9084e61d-74d3-4d05-8b6b-59430f438b96,MC,5b0fc4a9-e08b-43da-8f95-5d6cebbc7d3f
4e15cafc-3df2-402b-acb5-13a816101248,MC,b33c180e-ec0b-4b40-9990-872f917eab4a
c409ef0c-26bf-411a-a5b6-505698d54e2f,AmEx,6f1663bd-1df8-407e-9150-36e43d58d1c8
e4a1bcd6-bc23-4a48-941b-fdf7af446208,VISA,a95b8425-57a9-4f2b-9bd7-63fa3f09741b
a5af9ef5-1835-4e80-b825-9d09d95c9c8d,MC,aead317c-7652-4162-9cb0-1388fdad3908
e9be4f27-7a24-498a-ae3b-64f4270ba2e0,MC,19faad96-9f69-40b3-80d5-9ffa5aede03c
d0885ab5-cfa6-4a30-9cb8-445c86c91d8f,MC,e314761c-a119-47da-af5e-265c7374a282
4a423b61-db1e-4246-8272-d6313056b0f1,VISA,3041cd02-1845-46c6-8e11-1217ac2591fe
faf8386c-9c6b-4bf5-80c1-edc39d67a37e,VISA,16162252-9dae-408e-a74a-a9a047c906d1
5374f2d1-4bc0-4fe3-9f5b-9887580664ef,PayPal,3a21835d-ae80-4d51-9716-52db5e68929c
5b037724-e9f2-4746-b729-5502223816c6,AmEx,5164414a-dba7-498c-b94b-eb578bd7361b
2089bdbd-9a51-4f52-8ee1-54d83a085e07,VISA,5875dd60-660a-4554-a45a-81a1cc447108
205ac7be-a06f-44e1-95a6-ec9993fabeeb,MC,78845723-12e2-4777-aec7-87122f945749
332b3215-0524-4770-a4b5-3803a1983bea,AmEx,84a917ad-b55c-4ff8-a000-38347deea297
c6a9b6c6-29d5-4f70-aab7-51466cfc5eed,VISA,55744aa2-4fca-4dea-a910-19553374d076
c65ca5e4-a18e-48f8-a5fe-fe6888c7c17d,PayPal,6f92ec15-6ce4-41e3-b2f1-7ea1537a8b6c
48878612-a662-4d5d-93c3-7e36aff1280a,MC,96b8da8f-1874-45be-b6e0-13c6c704982a
b43283b3-7eeb-4356-9c86-bb7368faa5e8,AmEx,175e0f58-bda8-4bbd-9313-1a99f0e3ae16
f84b73ca-c398-4e15-8d8d-891e55482e54,VISA,9b2157a1-50bc-45f0-bcdd-80e476199ce8
d66cad4b-4cc5-4f7e-84d1-cf8b3f6f5663,MC,cd79d490-b8ab-4cd7-8582-fa00f5e566e7
05c22906-2576-4e0c-8096-6326e64e17ee,VISA,617acd89-ee8b-4945-887f-a1121c6d9f94
ade9f39a-91c6-41f2-a7bf-45b754e747fc,MC,bc2bcd93-c13b-48a1-9e7d-42554c7d5862
1994151f-28c4-4a99-8d57-2dbf3a1c3089,Discover,b1509b17-2f96-44a4-98b9-e0a4882308d2
f9128f41-26c3-4462-8a56-f0d666405c9f,AmEx,4f488ab3-576d-4e40-b130-e4e068185c7f
f57944ec-16fe-4924-bbf3-ab63e420179b,VISA,03a6d8ca-b818-49e9-b316-9e47f3243bc2
60ee03cc-523c-4a0c-8f41-5d37d69b0cce,PayPal,96b8e345-462a-475f-8deb-58a2a2decbff
34272b3e-bffd-4477-874e-2f4e31bf1392,MC,843daffc-4ade-45f9-bb36-214f57c3e459
4b4f8ddd-f60d-4e71-a62b-bf9369d9cc05,MC,d07a03a2-bc09-4b93-94ac-40f431252962
e44340bd-127c-4019-9eb5-95e098ed97eb,PayPal,15272c84-69fb-43fc-8911-bf7a60d85e11
89ad5713-9339-4940-a417-ea8e2f984eab,MC,693d2110-5950-4d60-a674-071dd2d7911a
1f9790ec-8958-4e16-beae-ee8da41b5c50,VISA,e7e57f71-39fe-40df-a419-6dd059b31759
963fec59-1399-4332-9194-aa2cb5f30bfb,Discover,99287a15-c140-4dc4-9916-5747b2a1efe7
bf03acc6-85ba-4221-874f-1c02266a52d2,MC,614acaf2-ccd6-494f-9b05-bcced8c83084
de2f4bd1-09a9-4147-85fa-b237d0f92135,MC,97a98a22-9d74-4830-8e45-2e0d4c3a0629
d918b115-3d80-4dff-8fc9-3ba5d1ab6be3,AmEx,2eef511c-5308-4932-adb8-b73a01dbc1ce
f8915c43-ab49-48c9-a78e-a1ed071879f6,Discover,709f6549-b95f-43a9-8626-7c6ad0782e0b
0ad823cb-f0a6-4f4c-8c0b-5baa804353f7,MC,bde842cf-9b56-4859-acb4-227f686296de
72654f9b-1591-48f1-a061-f8b8f118620e,AmEx,2227629b-1886-4e18-9eef-6e7fc39b2fbe
dc21ed45-e748-44b1-b1e9-8e1dd827ae12,VISA,2dbcba09-48a5-4ed5-a233-b1c5bf939bf8
6570e413-c8f1-45a3-b926-4f30973d4553,VISA,e679fec7-21b5-4a3e-abce-77043c247756
de8301e3-0a6a-4859-9380-e2c48d727c65,VISA,22e11126-2218-402c-85ec-c0a0f6177028
bc1c7f7e-bc5a-4c78-84db-9c49380f99d5,AmEx,56688295-5ec7-4ccb-8185-1ca1e40e5244
1e168a5c-a2a8-436f-86b0-c1c5a25cf073,MC,bb129e45-a811-44ef-af5d-790ad62e2ec1
961ab8f4-a4d2-4b20-a67a-b2c50baf665c,VISA,8f989d37-3eb6-4574-842b-072161c0f579
be7e5d56-b89c-44bc-a5f0-5cfde04216d9,MC,879d1bb7-d2c8-4240-85a8-9b9f2381f035
5c545ec1-b9b5-45a7-af03-3e0ddb3d4f9d,MC,cf81e0fd-d833-4bbd-a471-d24c4de7115e
d4b319c3-fe1d-433c-b7fd-1bc687064c9d,AmEx,9296df6d-0683-411d-b6e3-4cff20705a8e
9bc22040-0811-4c0e-9254-17f33f6ee7dc,MC,6eb10aac-9a5f-40a7-af40-9b501699c301
a8579dce-07d6-4c8c-8a82-90def6382e46,MC,b551c133-dc91-427b-8b6f-361e2284b041
35e98a0e-2db2-4695-ba3d-0637eaecf41d,VISA,642ecea4-6440-4093-bd49-2a2d80e9498a
1c81e16a-be50-42fb-b1fc-dda5aac082e2,AmEx,e875a96c-c15e-4138-8043-100b0b38c493
7df1f473-a6bc-4020-95d0-74e36569c634,Discover,7c14ed04-0e70-4893-a458-ceae066ad116
3c27acc5-71aa-4984-9ffd-2d52fb4d58e5,Discover,a6e57790-1275-4949-9f87-e22d7ca76cb9
f51dd9ab-d1b9-46fa-90ae-37dc25697a28,VISA,15e4a5da-9ea0-4708-a8c4-ae7e8fb4ef03
cedf052e-6e5b-446a-a10c-b96c3abcebb9,VISA,80ff2d8d-fbd1-4faa-adee-080bc0c77989
01d6196d-6be7-442a-9552-d58c58a6f90f,VISA,c057e096-7fe8-4e4c-919e-1ae65f92a409
9f988c06-d3bd-4145-a002-2348875223cb,VISA,95668229-72bf-4a1b-a5cf-c83b090ecac4
ae45b5b9-bbe2-42d2-a72b-5d4e7dfc3094,AmEx,e8bcbae9-e453-48d2-9389-ee42e6c4398b
62ac7b69-fefd-40d1-892a-fef1c4f9c2da,MC,ff831bdd-c6f5-49cf-bc13-26a6568938f2
7a675b1f-cebe-4951-870e-19ba4d758f2b,VISA,8016e980-dd69-4850-b08e-4bf925110366
6179206e-2ba9-49c5-9c72-899870478fb8,AmEx,70338e73-a38a-4895-975c-c1b3a0abe188
6e7ecba2-105f-4f2f-8a21-849f5a7f897a,AmEx,c3836dcd-1ae0-436d-9c79-dd768f0db882
204ecbf8-6215-405a-8a56-b13c93c14709,VISA,781db04c-6ed5-4795-a607-b31605d262ba
782d7208-0a12-4df6-963d-ee29ee8a40a3,MC,ada21a5b-5263-4825-8718-0bcb33f5b93b
40c207f1-b03c-415c-83ad-9d436f72957d,PayPal,ee179fa5-b212-4e96-8d6a-f03ef266172e
df67c66c-74c2-4b16-ba1c-03f253dd0bd7,AmEx,22b8ef41-bd69-462e-a899-cb728f56007a
ee1fe126-b9fc-4024-8563-e57781ba586c,VISA,36e64165-3ffb-480c-94d4-c8b8e5ee8cdf
10a08daa-974a-408c-8cc2-a7aeadfd9e09,Discover,3db7b78e-be5b-427f-a85e-5efc6d9def39
5dd43b73-4538-47b9-a4ff-6f1f596884dc,VISA,c31f0edb-c942-4006-976e-70008db5bcd2
43161f6c-ea54-46f5-b345-050e680c0e88,MC,3c2c1fd0-9470-4183-9e40-9287726ff146
40ef1e28-4583-4dd5-8472-79b13d5b04f9,MC,cb4500e6-5e11-49e5-91c7-1319819fcf1e
c57391a5-b7e2-448d-b78b-20b8ee91e035,Discover,4f59cf00-78db-4af2-babe-f89faff3599f
f4466e0a-39bd-4df5-9a62-dcb0dbcc7351,Discover,15d6f0d3-5b94-4246-affc-813ea8fe6d89
d6512124-1952-4290-ae3c-046c7a8d1505,PayPal,8897a351-d6a8-4fab-ad0c-77b421402b27
6b939b86-044b-4834-b1a9-f24e86a56899,MC,7508b63c-fef9-4b31-9554-d9fec9ba9ba7
f41cb2ef-7cb9-4c29-9269-bb2d08b23253,MC,508a34f1-6bb3-44a5-b639-90773001bfbf
cebadd19-1e05-4d19-9252-402250e97e0d,MC,5f7570e4-816f-47bd-bdee-9484d1fed580
7d36219a-966b-43d4-b4a5-95f27fc436db,MC,5a9deabd-4786-454f-938d-7065b6c28a6f
ebcb593c-35d5-4a4b-b44d-ec5e1dfb5378,Discover,b34048b4-be28-4507-b8e3-1a681277acca
11752bb1-2282-45f6-9409-025cc584a1e9,VISA,dfb680dd-5b7b-4888-98e6-df18265446d9
7f958af9-36d5-4d40-a6bd-cade89ac9e53,MC,3f97d775-607d-4b1c-95a6-f72710eeee44
c260e89e-f9eb-4cbe-a02e-079a1ee7b1ff,MC,d5f0e5ce-4000-4ef5-942e-3ac1e314f701
27b42851-f9af-4cc7-a454-aa2894c5f33d,AmEx,d2167fd0-5ecc-4434-bd93-44135dc13f46
4516dd62-a1a0-4a04-9716-e2d5b35e129e,VISA,c40bd21c-ce99-49a4-b27f-703f3caede01
fe0d0059-3569-40ef-a422-eb4d26f073b5,PayPal,86d54731-7b0f-4586-befe-c0a50707f1bc
94df833c-3146-4a34-bb23-9904fa9f31e2,VISA,a05f72b1-d29b-457a-a28b-4803e6832684
0b90efa8-1648-455e-8da4-ce28737c95f3,MC,0ae83b42-5ad1-4ad3-bd22-31ba5082bfd3
826da8d8-a8bc-49b8-bfc7-e907fae43d54,PayPal,aa31a6f5-bffd-47d5-9eb7-90458d0f54a8
75a776fd-0ca1-4611-b9f4-13762e5bd877,MC,b26edea5-8005-4524-91c1-cf1450cc5b6c
e9387f7b-c4d7-4774-a92e-e28db18f207c,VISA,fef791a8-f7a8-41cd-b0f0-dc382700feb5
09ffc727-165d-4b0a-870e-cd7e38dc6653,VISA,e0f4916b-9576-4297-8705-4fe9ed529178
ce7f6902-7a72-41ba-9c32-d3910bb35caa,VISA,c490f8e9-c5a7-4b44-a2c3-8a5e5fd85f56
9125f46f-bb5d-4716-8a15-f54342f1fc59,VISA,961d6eea-4eac-4086-8817-8ceeb583bf38
8b74d02e-8826-42b7-a6fb-dd6543a7d1c9,PayPal,edd4f553-c0eb-4f7d-bd8f-eedc5d74d3bb
da106405-9bfd-4ae2-aeb3-331b48e9130b,AmEx,f5718baa-6168-4856-ada6-4ffaef215dde
a9b3c283-cc4d-45e6-a74e-566c01d643b1,AmEx,2c2e58f5-48f7-43cf-b6c1-40fcc902f635
657f8891-5498-4de3-a24b-7f9a1effbf6b,PayPal,a5e0d33b-bf86-4316-8e41-aa28fcef35c4
0db1dea1-2555-4224-b4f3-113008532ee8,AmEx,966e958e-1ed2-4b1a-ba68-e0162da494aa
8ecba2f0-f76f-4da2-8d7b-aa21e02520a4,Discover,2d1e6eda-f314-450d-8d6e-42b7387024b3
b090a976-4999-4df0-9e47-008b7036f4d5,MC,2ed67daa-0411-4c97-9db7-f52ccadc71c2
e8adda71-16fb-4790-b979-24756c5e546b,VISA,c3dbb00b-fbef-4a95-8bcc-0f1aec751df3
051ae7ab-fd10-446d-bb04-0c8192ebf171,VISA,53ea72eb-6398-4af8-a78d-f1ed29546a8e
c9a1c82f-e287-4811-832b-a82963416b46,VISA,29cfc407-9b88-4c3c-9bd5-af431db6439e
c77ff50c-66bd-4f11-aadc-302ee0125feb,MC,09053de3-f121-4ce7-bced-3070ce2b2c62
cd4e5dd5-3f08-4411-9cf2-1f71c36b80d5,PayPal,75165945-22b5-48d3-9c17-18351f6ec967
b06e6b51-525b-41ef-ad5d-13cdcd104167,MC,1a3fae68-cab4-4a08-81fc-b5142ab5a270
2d8456e9-7081-4b8b-bc00-f374eb90b17a,Discover,72bcaa0f-3261-469e-ad50-226af9908257
507d30ed-536e-465c-aa05-8afd803fdf44,AmEx,0551b419-b08b-4d03-9ff2-d2ad962e1b96
ab4c91ba-62a5-4f19-a866-1f46eae6aba0,MC,dbf83b7e-63cc-439b-b978-afde1ce666d1
beef8872-01d7-41f0-87cf-b1a918e98dba,PayPal,797b2f53-aee2-4fc4-88c2-919d509f3826
19021379-a2c4-4ca1-86f1-24433ad0cbf5,AmEx,9d3a023c-c203-4757-8b21-e09fc742c5e0
7818a4da-4fbe-432e-9677-4cc939a2431e,VISA,38abe0d0-5560-43d9-9813-ebd9e6ebc1d1
2a5e3054-f5c7-46ca-afd5-bf599926a9ac,VISA,abbf002f-0765-4beb-b21e-01763d2adac3
940d1d01-0f97-44b2-a0be-86891cbbd191,VISA,4e8dd642-1a55-48c3-b164-95e3ee2a30b3
b494a608-cb63-4aa8-a154-74bf1cd55172,MC,448571c0-06e4-4dfc-b085-1a6e1287100d
ccdc4bb0-8ef2-4292-b468-d80db3f1e1e8,Discover,71551517-08e5-4c45-8409-7c443568b82a
afe7a823-a95f-4451-b754-49438b9a9cbb,VISA,5409213c-eb13-4ced-8e62-bd2737391f1b
f0e408e5-c4e3-4eb9-9fe6-743f52c8441c,PayPal,89584a38-fc84-4f78-8668-5c65f3618419
04a25bce-31b4-41a7-86da-a3750e3134fa,VISA,988bb1ff-28a2-487f-8c1f-cd9c604726be
9958abfe-8955-46af-95fb-da778f77ae92,MC,2497243f-d840-4b7e-999e-bc2a7ae32799
19c20143-1959-4d03-b954-44aee5cdb132,MC,0669053b-2fba-438a-818f-a5efa88f1a0a
fe30f6ad-3e8f-44ac-b7b4-01181e2c41ea,PayPal,67a8f1ca-b1dc-445f-83bb-4d5d60a81417
3b60c60a-657b-4fd8-acaf-3bb3568135a4,Discover,2f8c1793-d69a-47be-8f0c-71c4b93f63ed
455250bd-e374-49f8-919a-68bfba4e0bf7,MC,694441c8-7aa5-4e58-87b4-f74a606a964b
2011e3c0-88e8-482a-90ef-8c19844ac852,VISA,55ad79f7-478e-4377-9b97-97fdd9b3e8ae
16fbefd1-b321-4b51-8b23-a787df2cd9b4,MC,a3701e8c-006a-40bb-bb77-5ad3077d2fbe
513f53d1-9cf2-408c-a38f-d4e8a43f9619,VISA,32bec20d-3e28-4f30-9f77-bdbc146ad47f
9e796673-596a-4abc-b98b-5ea85f447414,PayPal,6119ff55-0323-465a-9670-44b82f237bb2
0d9274b5-ebbe-423c-b6b3-d9239f76da07,MC,e72a39b5-c198-4a91-b091-24cae9aeaa23
b0d45cf2-ce06-466e-8956-e87728c46bcd,Discover,9482ba99-eb4b-4ecd-b4d8-c34b5e5829e4
6152989c-61df-4c17-92a8-09dd236e243f,PayPal,85821d8f-3d7a-4cdc-8e71-ec4ce7d4c171
fc843f43-8165-43e4-bd13-8d1aeeca7c9f,MC,9c3cfda7-7eb2-4d13-8f79-0f99377b7834
94010e3d-caa3-4479-b8f0-cc248bc171b9,AmEx,cd3672c7-480d-4d6e-a073-8297d41711a3
a58f1bf7-e05b-46d4-aa50-98c3405e57b4,PayPal,ceff54a4-79ab-4988-b3e8-39fe3d63b50e
d456692e-0d00-4dcc-bf1b-660647da3cfb,PayPal,6a386d6a-6ae4-4fbc-bb21-daaaa7fde3ad
c816a607-d01d-412a-ad5c-6873815e1d0b,VISA,ebd7ae5a-a0d8-424e-b472-6d211cd8d342
cbe01d62-b967-4de2-bb67-74cc85f871b0,VISA,921b9370-356e-485a-94f5-4bba0fd1d464
e379693d-7aba-4c9e-9a08-1c40a0141b05,VISA,982d7312-901c-40c6-843e-2c1fc44dd252
44334b30-70ab-4aff-809d-7d7886cb94bf,MC,589c73e8-fd24-4d88-9e5e-de674c2a8d76
7aa43636-bdd1-4312-8fc7-42ebc2c37831,VISA,2712a59e-628f-4389-9cbd-dbf269f4b150
810d434f-8f51-4306-ab38-89eb3e8223bf,VISA,70d51615-c388-435f-bddf-b8cc048d1d44
104c10ea-eb0f-4984-97d5-7af191f71580,MC,e35b4eed-3268-4cd9-9d85-e1867d6a0a72
f7026c8d-e451-4b6a-b69c-91f0cbf393d1,MC,2b00795c-d266-40c4-b93c-385261d3f9cf
1b9eb5d0-384d-4ac1-a017-0c1a0a886fd0,VISA,a59d466f-1c8d-4579-b314-087b02c40fca
5afa64df-f9c8-4316-8608-3a5f8807c2d4,AmEx,8c4f6fa6-efe2-47d7-8590-1d4f9c0904b9
e8e6f640-7502-46cb-a0e9-0f9019766e0a,VISA,d8454f04-acf3-46bd-948c-4e3112aaf845
76a5d5f9-9489-4f7b-bb81-09283585b62a,VISA,ed6e5cfe-6584-4d2c-a540-e5f064dbf25e
97b98e97-bdcb-4851-8a25-7c397329660d,VISA,a2eacbab-c505-470f-bad9-70f13e31aa13
94bae898-cbaa-4aa1-8ee7-b579a5c84993,MC,77f7a871-e9fa-4ad3-a619-a583767e947b
4d8147b6-7583-40a2-b106-6d26b4b21d9a,Discover,b1e9d0f6-f3c9-4889-854f-9d6f82d5ccd3
30dae96d-cca7-40fb-90ae-9ce8265c7ca7,VISA,ed70780f-2a55-4727-bb0b-0e7403eea480
d4c5a038-d05c-4c3b-a92a-64800707ca85,AmEx,e2b9033f-e6c3-4226-82a4-a8b1c5257339
67283d82-ec09-4dcd-825c-f2cf36d0b745,VISA,585e80d2-7df5-4764-b15f-166971f96e00
c6f8817b-2c00-4161-a375-037d71df502e,VISA,1e98443d-57ac-4bd1-bfef-522e9c7f7b53
bdf5f751-a91b-41fd-840d-00199cf29f9e,AmEx,c25c25b7-6876-478f-9df7-cda3e305a452
28e77ee9-8516-4d75-ad8a-7d145cff2c6f,VISA,a4750846-6785-4b1e-a60a-fda976a86bec
b7a7f304-423d-42d7-a397-507eba659151,MC,32431388-82fa-475f-8ef8-0834479a26ec
cf34bc44-2aa7-407d-8a61-86d3b3f35c54,AmEx,61183e36-0c51-47be-aab7-626a5694739a
f53ebfa9-8b59-4695-9fdb-317a2e930ae3,Discover,28464085-84b6-428a-8616-dd6d94abc402
007f0500-c65a-4e6b-afd5-d27596eb094b,VISA,0cf096ae-ddbc-44b5-a500-765494b2f660
b973c4a3-848a-4c7e-855e-0e8aedd21b1c,VISA,e983f24d-87d1-425b-ae2a-e195cfc74036
d38bdf0d-8031-407a-a987-14bb72ed605a,MC,acb6ef7f-142e-4b06-add8-87af6bb7395c
a287692c-7e39-4090-80ce-8d5a657afde2,MC,b88ed583-4fb6-4c5b-93bc-a3e8f9e6662b
13bacf2a-f0d8-4987-85a8-9135b5726b7a,VISA,ade759e0-4094-49bc-b9d8-482e9c8dbbef
47e8cb10-ef7b-446f-9ad4-b9ac478c023a,VISA,85270566-6a76-4215-a3f8-0760345b2db5
bed3f106-da77-4ed9-8461-9b914d296b32,PayPal,81c8a5dc-6218-4431-b4f1-167a8a6bc9a7
ab76172a-1ea9-4423-8d0b-665efff05ab9,AmEx,197236eb-3d3b-40a4-a8bd-2d6dab0dc11b
9e0b7977-7e5c-47b5-82f5-ff1905f0ef52,MC,966f2afa-e03f-4e23-8e46-27b20866e738
78884954-5e4f-4b72-99a7-0798068b7795,AmEx,ac9dd706-4b0a-4ea3-a622-bc53b82cecf9
ea17cdd1-7fbf-424a-90a1-c0196fea0a0b,MC,7f8abdb9-c6a0-4a06-9319-70e9a20e56b0
ac0d2b68-a249-4f18-82c8-ac435f306b9b,VISA,375385e6-e95f-4981-9993-acafb40c5e16
d9e4194f-6733-4dd4-bc29-e74f2aa2f725,VISA,5cc51520-22b3-433b-b22e-a3b13282cd5b
7db81671-f127-4c8b-9da8-7b605ac2a5f1,VISA,2704aed6-2beb-4656-bbad-2d9fd2dea43e
d5c93350-86b2-423d-8c6d-9bce3ac3823d,AmEx,d7521759-b0d7-4bb5-915a-5890546b906b
3e38042f-ace7-438a-bfe2-93818bf6ca3f,AmEx,44a2b3cc-e540-4b08-9645-4f259e19b95d
56c1c961-2d88-4a84-b4e1-496e24ecf9c3,MC,ae82937d-304a-45e0-80f9-38636ccc8074
19082bd1-087a-4ae2-a4b8-2b035e18ed68,PayPal,a33149d4-b699-4cd1-b8c1-c625ce3d6766
f9340086-2df2-494c-b54c-287626b080e0,VISA,24dd5d43-12f3-4da7-9f5b-42bf643a3197
f5448e67-87ca-48eb-a850-b91124476b60,AmEx,cbb2237e-a6ff-4ad1-bcb7-4b3b58a4a799
32867702-b5c0-42f5-a81e-ab724d33a447,VISA,f23b400c-0b5e-42a3-a32c-adc970e71e2e
7d8e2636-25e1-4e65-bde2-a9383033f847,Discover,904e5090-642e-471b-b64e-e396fbc6c375
97eb4083-594f-47b7-9566-e923201986d1,AmEx,6dec2d94-1271-4ec4-a667-ec3f8bc91b56
7cf13acb-0fa0-4784-8c98-ddca49c51dc8,Discover,79d1151a-2d28-4dfe-9907-34f6fceb15da
8b4cbdb0-548e-4754-9b67-2c41d1b616fa,VISA,d523b4c9-fb69-4a1a-8b06-236b7e3561df
228328cd-580d-4726-8b2d-e9e928f6e7dd,AmEx,85712e6e-a83c-40fd-8fab-ebdf315cf7d5
ff9184da-a3eb-4cd8-9e76-5efcedbf2f8a,MC,51916aae-263f-4a4d-a8e8-47331ff307c0
4c375b5f-bb9a-464e-85e3-d3fb9a739f04,PayPal,ee28d1fd-9217-4b07-8b30-a399de7c9f0e
6cbe0476-b46a-402c-8684-dcf38f5137bc,MC,b7e9753f-1071-4f0d-a566-9f129f76e55d
a0967823-e77c-4b98-b087-4548005366dc,VISA,9c1ef275-8046-40f7-b6d7-22678c36ba38
f0d315e5-5176-41a7-933d-29e0d8b2f9e0,VISA,12a50c2f-7b9b-45a3-a349-1baf16110525
4a4eec4d-e1a6-48d5-b6da-54d460ff68f4,VISA,e294cbd7-5b81-48a7-bf77-8bcebc9aec84
f6719846-dd3d-42c5-a54a-23dde3ef422a,VISA,23a31b83-1d0b-425b-936b-522ccd86d349
3d09fb65-1308-4c9e-a832-22f1803fc7b4,AmEx,485276c9-0f30-49c6-ad00-b29dc5b9945d
c611d06e-298b-4779-acda-3ba89591ac27,AmEx,096f12e9-90ca-4240-be8e-e303e00bcb86
4759e1d9-aeb8-4273-8361-2352c4dfe000,MC,1d139585-bcb7-4d8e-8a4f-2c0b876b3683
87f81cb4-8151-459f-bed3-b5d41b5181c0,VISA,033697e0-437b-449e-9321-ef511d1f1e2b
b57e1c64-c521-4fa0-b53a-b26ecde72bac,VISA,9883ba23-6ddb-420d-92a5-798b68133519
f5b2a005-dfa0-4293-b464-2cb5d17a7779,VISA,b0fe709e-2d85-44fa-b616-c38b29cc2a92
4dee5ca0-c630-431c-8027-19e42d774bf8,VISA,3159078e-8d1b-44a1-9bf0-3c86a26c0a74
56813df2-8976-439d-a86e-2951fcc51a02,MC,147f9aca-8da9-4476-bfd0-2fa7f83d1610
93ce458f-eeaa-419e-9fad-6d3b4f421bdc,VISA,41167f0e-e958-4a72-b3da-613b0527a763
95ba3b8a-6c76-4f86-9773-48e19740e377,MC,8769f1d2-165f-4c7c-9108-c08e461195e0
5dd6732b-a182-4d24-9fec-d39faf09252d,VISA,b95848ed-5bfc-40d4-8646-289ee95c81eb
586da769-30f6-4fe6-9ba1-dde966bd3e85,PayPal,18f97b4d-bdf6-4e4b-bd58-2fbf84fe382f
a87987e5-1847-4130-8cc0-4f387875c18b,VISA,ab1c1653-5573-4cd3-be02-7462a2566c0b
77439319-62e6-468e-a92e-b94440e010c2,AmEx,346a3476-383b-44dc-8641-bddb71e02ed2
b8fe6eb8-4c3a-4cc7-8a1c-81e4e5a8aafc,AmEx,6a3be7e9-8622-4244-9fce-5d6768364582
d42745c1-0139-4501-a0f6-f7753a16c0b9,MC,fd28c914-7ecd-45c0-84a7-dacf06b4e6c5
4c4b9fb0-9a96-4d89-bb3f-fb83f35817d0,VISA,8b11cd07-8fb2-4d19-b9ed-f0c63037cc00
2f17d639-c22f-4a07-a163-55a5b9e87435,VISA,94747aa8-d2e2-4679-b8f7-7a4d6d4b3fe3
1c9fd430-c08c-496d-867a-eaa4ecbad025,PayPal,245a808f-9470-4b5c-bea7-2714ffd2ad15
e838f132-6cc7-4288-99f4-ea3371c58275,VISA,5e5a6b0c-566c-426e-aab3-34d5e922571e
2e12f388-daef-4569-8262-493eb755d542,MC,4519ee81-cfd2-484b-a5c0-8db7602b95c9
df64395e-1822-46f5-af43-6e3d4b4061c0,MC,44ff0ebc-1902-4d8a-a5fb-3bf7a1d0bf3f
59510b2c-56b9-4784-8fa4-bcc3e64c3ad1,VISA,1c028ad6-ab27-4cfc-a022-fbad26be4455
a2db1b0d-53bd-4ec2-9466-b359666912bb,AmEx,0de74b88-aa32-4e77-a23f-cb1cfe81a39e
9699a784-fb9b-4ec0-9d54-61f6ad9cfd6c,Discover,267453c1-e0eb-465e-a574-cf11e45f0357
c9bdea83-a536-45cb-8b32-854b27337568,VISA,1b9c3d92-70aa-4630-817c-800e22ccb92e
37b488c3-4232-4a5d-b743-ab973f9bb84c,MC,9bb54143-a8ff-4750-a14c-68adae03dcfd
a43e4698-d22b-4aee-baed-574b3fb38761,VISA,fc9ecdf4-46f9-401f-8724-cb3e3bf66701
49e18cb7-ef70-4b5b-b225-994a8022587d,AmEx,f0e99446-6641-4ada-b67f-7732c3fedd68
d8ed6b0d-e99e-477e-b213-c9abc16635d1,MC,d7afe749-a1cd-4347-b00e-4c7a02f3a7ae
33f72003-7e31-4f2d-8455-1763d8569f0e,VISA,4e218d5c-529b-4478-baae-15fb2270dded
5cbfad52-e13b-4b7e-a162-e48fbbe19486,VISA,832ad798-aa3e-49c4-a14f-6863fc7122c0
34a7001c-9f42-4cf7-856f-d0f90b7c6845,MC,e2190442-7fcf-4fbb-bfd5-42a399cd7f6b
09135c16-5109-43c3-bf44-265e597ebe61,Discover,0c866605-535e-4b24-9ec5-f536915f0bfd
b808a908-57ce-4e69-8f33-37636c11d9fb,MC,7520c2ea-b33b-47c8-ad19-9616418ddd0a
0547e411-4f4a-4c46-91d7-3d3785ce978a,MC,619b89ab-5901-46c5-8821-8d519ed68621
a4887e28-7ba7-4587-9f67-b566e413bf58,VISA,63db1662-c0b0-4af6-b573-567ac31c33f3
73ea08d9-2fbd-4018-a800-0c0cc7b714fe,VISA,302de4ab-9567-4241-9a24-d43985d3f8aa
db0f5cfa-db85-4006-850a-afdba7474865,AmEx,b75497ef-0744-4e55-98d7-3d8f2882686f
a985fa62-9703-484b-84c3-70e91cff9b09,VISA,681b7de1-8bc3-4103-a82f-27b093c6f38f
f5072045-bcc7-43b3-af79-8c62bc7b5892,MC,8ecee642-96a1-467b-bc28-349ae3fa6ac3
7ba2cd80-13ff-4dd5-8b12-f147c2dd52ad,MC,7e1e5633-948d-49b5-8a5c-10d098e589a6
d770b89e-f491-4be4-b25e-d9abbce9f31c,VISA,68734a4a-7da5-4cfe-9b1c-ccd1bd7cedba
4c281595-792a-4d5d-92d1-8be556e34e45,MC,2acf762e-82ec-4b33-9afb-79836d0e2c28
c8a76070-b17b-4500-9dbf-92a5897b8373,AmEx,129075c4-79fa-4cba-b322-08841e488189
7d262006-7f46-43ed-b5ba-1790619a4bf0,VISA,474144b2-8887-40a9-8d30-9f3e4f75da8e
daaae16c-4e7f-4c86-a3e3-a85f10f38e02,AmEx,eea0b7f0-7414-41d9-9327-3fc61233834a
6d5f45c0-f731-4664-88c5-618e6b396e64,Discover,7108db1e-23b9-44ac-bec8-e9d4084ec29d
c4ee046e-781d-42b5-877c-8c497eb1cef8,AmEx,7465667e-bea9-418b-b260-8b68255cad62
d63c794a-5a7a-4705-b600-250ab7c8448d,MC,d2aae2b3-8a1c-42a1-bddb-5570b604009d
88b28223-a69a-47ad-99aa-9711eaa354d7,AmEx,d345add4-e3a6-4f80-8b81-4c85ff6571b8
32a10bcd-1383-432c-9873-53c79d2ecbe4,PayPal,67b0e68c-efa3-4fe8-ac01-b77c6033ea39
b7703f40-28fa-4220-b9ef-8ff793922c68,PayPal,0216627f-9d7b-4f89-b3e8-2f2fccf90e13
5e10d9ef-5c77-49c0-a297-27cb00899e8f,AmEx,b7feeaa7-b802-4fde-8aa2-f75e5bb18115
e45a4c0b-528a-47a2-85e6-e679bc85c058,VISA,fc082083-dffc-4e65-8162-162bbaead44e
752a1569-360f-470c-8df1-3da045325c10,MC,c0b37eb2-f9b5-4100-8e98-a15fbf439e3c
d2ef2e6c-a27c-47e2-84a9-0d587f4edd1e,AmEx,325ff6c6-e8e1-491b-b960-a74214173de2
635df391-718f-44a9-88da-e336ddb8c89c,VISA,db90bdc0-69d1-4698-bce9-b81d742c5b2a
0530b58b-ce70-42ac-ab07-087cb6dbbc97,Discover,925f735e-ea31-4a76-bb27-4811a558ee2b
006aabe7-adcd-43c4-9764-2a61605bfd0e,Discover,ca6568cb-1053-423e-b9e6-ed6a45ddf43c
d34c56df-f9c9-4351-92e9-3c0b491cd8ee,MC,4e798f41-53e1-4cba-b656-6b5dc69f80ad
6b675b81-6d9c-4ebb-bd56-3343540f8f8f,PayPal,b3605b8c-b04e-4385-89e0-234b3cd340ff
fb9420bf-1fb3-408b-91be-9ae00d4b9e50,VISA,d4093397-f030-4683-ad45-f2010392a4de
968a8e05-d5fd-48b1-a062-c21ac56702b5,Discover,f4d75d79-38f3-4c8f-bf74-85bfba16fa79
a5e13513-0724-4162-ad2e-fb753eb99328,Discover,ca6762d5-27b6-4937-ac71-7ae20cf80fa6
3ef2b455-14d9-4bd0-bde1-18da92e29b67,Discover,5ca943f7-a5be-4d78-8b36-0b897c537d27
848084be-5cd4-4804-9e89-338bf4e9dbd1,VISA,4c122333-4c3b-40d3-996b-ac0d2596b64d
eaa57a1e-4aba-4bbe-8f5e-37d6e57888e2,VISA,7e5fb500-e10a-4e3a-a2c1-e736c6665750
fec0b3f5-42b8-4c38-8ad3-fbd9136d582e,VISA,b08dbb88-5441-4bbb-89b4-0052923f6a57
6e92dd50-4f50-4a91-b372-7fd39905ce85,MC,908c6d05-d7ca-4a02-a450-8a9e9397306f
69a76b59-ed06-4c6c-865a-6014550f4881,MC,ad5d3a06-fe9c-46aa-9896-cfbf49b5aea6
7c589fca-798d-4922-bc93-5149b1f873f2,MC,bd4de5e9-8539-4143-96a9-3f8c56ff1e12
1da77902-dda2-4a9a-b4ea-2b76690cc2cb,AmEx,b374a5df-8970-452e-914b-e685b175176c
18b0277d-e5d4-4edf-a4eb-eb6c2e5a6ab6,MC,46d9d6dd-eb3e-4653-888b-805878727b97
6b6930fd-3aab-4649-9351-3fa0552c3526,VISA,ed795aef-4ec4-4554-a052-2b8c745512a5
242511cd-28dd-4929-8613-698843ef5e33,Discover,773c6b6b-9239-4830-9806-fcf4cc0b6a14
c7813adb-134c-487c-8574-b15dae7061c9,VISA,12157160-3a2a-4669-b44a-406aa7be18e3
60207d44-9fd2-4e72-af30-6764190819b1,PayPal,4198af86-cd33-40c2-8d67-9ad5856c38c2
b3935e6b-87ba-40ee-be7d-dc04b682a13c,VISA,c9d7738d-9369-4a2c-b661-ade3fb8a7912
8631cdb7-412d-409c-997c-8cf2d2258754,VISA,4bce9b89-2648-485b-97bd-35717b5dae57
5227deeb-02e9-46db-aa73-c6f00eac9d3b,VISA,c434a94e-ed96-4a82-9f5f-e799e346bdf0
140a804b-6f57-425f-a39f-cb8f820ffe65,VISA,96209bd3-53fc-488a-a80c-577e62fc8926
5477e76e-692a-4457-8344-806c41dec68a,VISA,ddf6f996-5fd8-439e-a861-b32903c9e316
e7bca3e8-d753-4751-ba3c-991b8e8cb87c,MC,1f11195d-6ff7-4d50-a415-46f0229ab6e3
ddfc90d6-22f9-47f6-be7f-820eede6035a,VISA,719f3341-4822-4060-a283-41365e880012
b86154ea-4785-4a03-a99d-300d4b619f53,VISA,7c9576f3-dc41-40b0-bb11-1016be715112
b458ee3c-4248-47de-86f1-6c33904bd340,PayPal,2d03a416-8a85-4939-88f3-6f934b4fdd69
2d21ae2d-5c47-491f-8307-a0e113909990,VISA,3c7b1490-2028-4f1e-a0ac-fb81dbccc96c
76e74999-b755-410a-af6c-0d7eb317eb5b,Discover,4c36c773-01e5-4016-8f7d-09f3c98429f4
49186b75-0594-4a1e-9eaf-6756ad95b797,AmEx,408106f3-4a9a-4c1d-8cf5-be54cf9ed694
61bf5f09-2cbd-44fe-8424-ee76760c6013,PayPal,b4ec51a1-79cf-47f6-aa2d-a54acec5504a
f1cd04c0-fb38-402d-a6c4-ca886e6dd304,AmEx,3bac38bf-6938-4ac1-af2e-00d5fffa3529
b44054bb-23f6-4c35-b1eb-e31b34249875,Discover,a670df76-9ab8-4850-97a7-40ddb1989d1c
6cfcda6c-3189-464a-905e-6885bfc225ce,MC,8445b46f-87e3-4582-81d4-748dfd436e2d
afd5aa6f-1e6e-4eb3-b688-15bc8f401c08,VISA,95ce5456-a238-434b-ad4c-2fd3b823ce3c
58f61552-ca2f-497f-965c-39cc466b4409,PayPal,8981b86c-c4be-4053-b139-18d1c8bac18e
d5983229-0be7-45e3-a996-e2183e38c322,VISA,e4dfe793-4817-47e7-8609-cabdbd96aabb
d2a16d74-222c-4d93-813d-2833dbc456bf,VISA,5373d6f2-3c7c-4b82-9e48-a88eea0c0330
a8809af2-d86e-498f-b478-6b380981db2c,MC,8428f299-0af5-43b6-9d95-0d7996f4dc89
d30b41d9-0a5b-4a10-b828-721d61f57579,AmEx,8bcf9fc1-50df-4aa9-abd5-2a609bd50fde
54518f66-7903-42e7-81ad-4436afd3dcf9,Discover,8351f71a-1be6-4368-8018-64898c47315b
3083a52b-3bcb-4b20-8068-0dd2f78fb198,MC,4d13c1b0-c613-4a97-a72d-b00cd1b0b24c
3799a7df-065e-4dc2-9318-eb5227eef651,MC,06339b82-8ce7-47c3-b0a4-c438f9495b43
ddd973b8-726b-4541-b58c-55dd6e041425,VISA,b92c190b-9ea3-4568-a41d-822dc12b13cd
102dc45a-2be6-4a06-b871-7cfed7e89bd0,Discover,c35cd7a6-b97d-4173-9002-0fbf357b2694
5ee01383-2b3f-4655-a787-bccea4233902,VISA,23404e76-8918-4e79-a27e-f5a73374bbeb
206bf39f-0ff1-4dd7-83d1-3a670eb96278,VISA,7ebbfb6e-9c3e-4516-aa19-d6197a2024cc
becf4671-4513-4954-a26a-3b070237359b,VISA,9c3e7768-8ce8-487d-98bb-0cbdc9b9e96f
0921d1d0-4781-44fe-814e-e1336c66a4e5,VISA,286a4ea3-afbf-48f0-b840-a9fb0805f03a
4bed1420-b27a-4990-9dae-78a91b40c88b,VISA,5dce2a7d-b3b4-4587-a845-3a6ac29771a9
9123f806-e8b3-4363-9475-1285f1565679,VISA,d7404580-ca51-4929-b846-78f3dc014d2c
dbaf8aea-7dd3-4f84-ad79-769a673d563c,VISA,eb851969-3110-4044-9675-72229f578514
66b334b4-a4cd-42a6-b4b0-47f0bc9e2b96,MC,fa7d809a-3797-4cfd-a6ca-2091b32fdc71
57b7dbe6-a612-4dd7-ae47-8393a8bac41a,VISA,49871555-de8e-4917-8b0f-d21cb84b35cb
149ac419-8783-4de3-962a-4c0d13ad8c2f,PayPal,db015dcb-8812-4d6e-8d45-f9dd1f84bbf3
e11f01bd-4aad-42cb-9432-2fbe3d633ab2,Discover,d3ad6907-61bc-43b6-91db-3fd8eef77fbe
88f911d5-6190-45f9-a16b-dabd914a5302,VISA,7e6435c4-a05d-40bf-932c-0c9e7ee3a264
1dc3b368-f9a8-43fb-9d17-4b42930063b8,MC,d84140a9-d7f5-4809-b68d-c6f055a1ef1a
74bfe389-d1e3-469f-b4af-91e99e1700f0,MC,7f45c220-fb53-4e07-84c9-920fe1e5ff94
af502df1-c49b-4da3-8e53-773270dd74b8,MC,7762c8a2-5efa-4d80-a677-1541b6c43bc1
cc0e3e4a-a66a-4872-9e35-3b158b0f7ccd,VISA,771a38ec-1ff5-4bec-b0b6-329ee717f65e
730ae795-33b0-4559-b889-c1906d47ad5e,AmEx,339a0f87-667b-4bf6-ac3a-1a4aedfb82c6
52a7f0a1-bbc3-443b-a632-b293eaa7a58b,AmEx,888a2ff7-3928-40a2-a023-b7360b42f933
0ad5e924-22af-4a23-8ce6-684c9ddf9d10,PayPal,9644823d-9f7d-427d-a841-dd2ca45abc87
874d1265-3180-454e-a8ab-6556a97d858f,MC,5b98925a-9835-443b-9c37-cccf3851f4ee
5dd96b3e-425e-4cdb-910f-768538bc0ea5,PayPal,159f1965-935e-4955-89fb-686103636e74
e6c63d00-862e-459b-bbe5-7c397f1a5dee,VISA,d01d484a-8602-4c24-a43d-ff533772fcb7
b67231f8-8871-41ea-b853-e37f85e76684,Discover,103a4ec8-a589-443a-8e3f-319367df4a31
527f438e-0872-4062-b3ee-ef295f5d5bb7,MC,335109c2-a4c3-439c-93e6-88e750e45717
7af769b6-4f5b-472c-b5b5-55fcb08aac70,VISA,d06c0f4b-6d58-49f8-af92-37a8f2bc73f4
b77c23b7-2d80-47c3-a839-f6a6f0a444f8,VISA,bd621426-6c00-4521-9be8-d7c3e2439d16
fecafd86-6c38-4499-83fd-934c0e7c6e8b,Discover,7c846781-8e70-4b2d-bc8f-a84712b12611
97584f90-0877-4063-be95-35e88aad489e,AmEx,5e631647-6b69-4cec-9bb8-739ad8d00b6f
19bac2b4-c5ed-4206-a833-9b7487da9f44,MC,ba182eba-b52f-464e-9d4d-8f7844e46ac0
f3ec3d47-8e7b-457e-b34b-eaa51d95326e,MC,81bff526-4968-41ca-91e6-330f66524934
0af10298-2736-4cee-b276-c779de9c6a4a,VISA,9c2ae109-3e33-481c-97c6-564a16981366
0b89c2d6-9074-4521-8447-bfb9b843e580,VISA,0722fc5b-112f-4b91-aafb-8e003fcab4d3
979637df-2658-4820-b25b-de00e47e0452,Discover,528913ae-779b-4ff6-bf28-4c7bd2aeab91
694f27fa-727d-48bd-8d8f-bd29dac5fc20,AmEx,920fb1c3-4a98-47e5-940f-938b44fe8b67
9a2a8cea-6bb2-46f4-ad05-5a22cf0dd2dd,MC,7f736007-241a-41d0-8046-a1f0a0e2be10
ec883a66-c1ce-4c02-86f9-d86520dc452f,AmEx,57b4fa64-48f6-4579-bfb1-447edb3c0473
2ea9deb7-54a7-4624-aaba-ba393fcf0126,VISA,c1a4ffe1-2dc5-42f9-89ce-17e1fe4d0221
cf749212-5c05-462d-896b-28aa75bc3774,Discover,d91fe1a6-c44b-4b14-9ba7-d616eb31c8ce
cef9911d-78ee-4a1e-acd5-1e4d4ac47228,AmEx,d5536146-a99f-4787-9e71-2cff3e691808
dc6bd5e6-ef2c-451d-8065-90eb91681199,PayPal,bb2e646e-e894-4a81-92fb-d6050c78313e
d77b8308-21b1-4b13-b640-ffea1987bdbd,PayPal,b4d74a8f-b177-4c34-a88f-ca06557b3bd7
5e7c49bf-64ae-4237-8a99-5eda61006f51,AmEx,5f5df875-fc96-41fa-8f0e-c24e6be17de6
38405ce1-52bc-4e2d-bde9-028d7b04e7b5,VISA,4dff2cf2-21bf-4bbd-a0af-35ae1c2d9135
144a8214-45bb-42cc-ba59-da0baf998d0d,Discover,2640d963-ddef-41f0-9647-2048b172d200
1ff31ddc-6ad6-4502-9c70-319c8c3365a4,AmEx,8fa04c24-bf75-4287-a0e7-328ff6a77e6a
05964ee7-5e09-4d05-93e2-0f687f94dbc0,AmEx,4800a699-c0ce-41dd-b7a2-a7594fe4fc81
2854e696-f801-40ff-99c3-5c516339e9cb,VISA,00d10fe3-511f-4dbc-9bcf-fc901fdfa9ac
18c32101-cfd6-4fce-915a-f5a941357112,AmEx,16d3b198-4a36-4bc8-8409-e1dc5af73cb1
18c69d17-f05f-4cb5-8fac-95f871cb9b6c,VISA,578f7c50-1918-42b9-b2c2-4c8163987b3d
103481b2-7019-48a8-b41b-bb223ac2850e,AmEx,f5bd2a43-c32e-44cb-85b3-f8b4afa24b3c
ffc2dd89-4fc8-4e86-b05b-e075238fb665,PayPal,0531e4ba-4e68-4a4b-9d9c-3213dc35c122
547be7a8-00cc-4506-b583-1c304bf0d8b2,MC,f41db6a9-7cac-4dc1-8861-bcdc311e7fc6
dfca9be3-8177-4583-9c90-79178781e098,Discover,d35d8b19-341f-4627-8cc8-42a4d9107525
121e225f-aadd-45b9-bcbf-9cf3ce7946cd,VISA,dd1ed908-ac6f-4362-a583-0ecbd1cac2d3
307c8076-6852-445b-a952-47dfb863defd,MC,58df90bc-0436-4f3b-9e4b-041b86cd25f7
f3f17194-8cb4-40cf-8257-aac08589706d,MC,19a4fc61-6e54-4701-8f70-87fa2d6a38d9
400a5f3b-fdf2-41c2-8639-aa9d19302e7f,VISA,95314589-986a-4611-a551-097a2939f104
5ec92ddd-d1a3-48d9-9213-f44759e299ad,PayPal,3443833c-f0bd-4679-ba7d-4af3d4603f1b
0e78d16f-f34c-4a9d-a340-ff451b1b8afa,AmEx,61bc8365-dc88-4b3f-bb4a-85313ceba7d1
84650563-2013-4e46-bf27-fe234f8d3eae,MC,df988d84-8e2a-454e-8cd0-f9e0c618e52d
acb34c60-9dd9-4e12-be6b-c9b9998a741e,PayPal,2ced747e-29ea-4dbe-bad7-883d6d6bffc9
4842c0b1-03ef-491d-badf-71e7b504e68a,AmEx,d8589a87-1f18-41a0-bf10-726e84fcce17
c4b6752d-9718-486a-a9ea-21cb54cebf03,VISA,9aa51141-2bca-4206-897e-1eb40fdea7c6
2b01b19a-672e-4568-93c0-390551e1352a,VISA,168958a8-fff5-40a1-8b93-1a40fa6191ed
ef333668-8a15-43e7-a5ba-5cab14e3ed64,PayPal,3a4b338d-4a2b-4218-a04f-683269142af3
97f60d6d-44b3-46a9-a5a8-60bcd55d09c5,MC,f10319ac-a6de-45ca-81a6-12ac0737f8e7
73abfa47-7e03-48b7-be34-c2c9df78090e,MC,40ac338f-2a9c-4d3e-bbe3-481248c2e22c
828a3041-4c8d-4451-b383-0c7938f97287,VISA,996de5a4-17a7-4869-b456-5d24f355b566
a2a1a2db-2774-462a-8484-1d4f33f210f1,MC,81244c79-0cf3-4a40-8fca-93616c9e08fc
81c6bb6c-f684-46bd-bd8d-42aa1077e72e,MC,3235a3c9-181b-4887-8f87-e0d92cee5b6b
dc9f022d-a20b-4dbd-b930-a5a74513fe23,MC,16628c23-55fb-411f-a910-b385af93ba54
e3f5698c-c789-42b1-b38f-e9498cd96872,MC,d7388c0b-aa5f-461a-b3c6-41fcefcc8e8e
f355d6bd-10e4-4e49-a385-508a9704af06,MC,80ff305a-8abb-41f8-b8c6-c4caa6e0bb7e
2e85b631-ab7b-4025-8355-f2fd08d9c348,AmEx,614acb8d-3ca4-45f8-b50b-8c5fccda7413
46339885-b451-493c-8799-bfa8682aadc0,MC,a9c7a9cd-a0b1-4f36-9487-aa4ad542adfa
0f534c59-b707-4982-a256-ad8588dd9dd8,AmEx,f35e13c5-0338-4a38-81e2-f85f766220ea
ae5f40b2-f1bb-40d0-9905-286f511ea1e6,PayPal,50a5c0d4-bec6-4f97-b342-844c619d2735
1b59aaee-0dd9-4c0d-ac98-8cdf0b7eee39,MC,fdcf5352-d0ae-42df-a40f-33737d3c8bc1
b9bb6ab4-b3e4-4957-9032-b01e3d25a491,VISA,6cbc7dc6-2328-49a5-8520-e19d16bf2289
2332649e-c6ef-448a-b8a5-b3f1521c7986,MC,3bfe3a6e-71a6-46cb-a51b-c0adf6e0044c
ed0b6120-d398-40de-a40c-940f11057a2c,VISA,38abaf72-3ce5-4da6-8577-acd07cc8c0aa
d43c6788-b227-45b3-87c8-31c430556d65,VISA,fe08e4e5-0a74-4dcb-ad1d-f8b9ab11968f
745f7fb3-9f31-426f-9ce9-06f9a2ca44cb,VISA,060dc439-e97f-4ea9-bda0-485ff015c52f
7ef4d4da-0324-4bd0-b779-9c7493aea2b9,AmEx,f9f1cd50-e5d4-4044-b10d-76277137029f
57ac7ed0-c8f1-4ce4-ae01-68aedcb55d53,AmEx,06521494-6ba0-468c-a134-dcbe520beaa3
7a36b2b1-07a9-46e7-9332-41b0ae514c42,VISA,9014d5c2-afc6-4a2c-9123-288b61a7b3b0
90a40ce8-c621-45d7-af0b-eef13ab3708e,MC,e04f43b1-3479-4d25-a8e9-2e0cfc3c3e8a
da8bbcdb-147e-4f9a-a959-cc3220e81ba8,VISA,a6c49b33-f037-46dd-a900-359eafbe70ae
2e6039ac-4d04-4226-9ded-3b53223f4591,MC,5c17a92d-97d9-4d3c-974d-320c84287775
6110d946-07ff-4097-b7e0-d2973f0d3830,AmEx,885fa08e-a4f8-48bf-8ba9-c78fd8ec4741
7b40d8de-6c88-4535-92f4-84fae71c80e6,VISA,40bcbc08-9fe4-491b-8fe5-bb76a5952a06
294b041f-145c-459e-99c8-ff981c32c072,VISA,a6bd246a-54e9-40e6-a2a6-2c7016d22051
49234876-7bd0-4c27-b211-1b7cd1a28671,VISA,405aeebe-9f14-4772-ae00-ed1b9cb6b5e6
b0301869-2055-4d27-b685-772bcae315e3,PayPal,ba51b214-7438-46b7-8c75-9e23617124b1
c0e75f80-296c-4460-a36c-0fa2febaba81,MC,e87a3088-b126-44dd-b876-73954a619e4f
df0e66a9-3514-4760-9d01-c5a42000559d,VISA,0c5060c2-fefa-4579-9b61-7fcf2a947080
b0b86e1c-b69a-47c5-819a-d655c15e741c,Discover,a4c20ebe-ac9d-48ce-bd20-16f743b092c6
3ba11093-67d4-41cc-8c11-189b2e685849,AmEx,00176f15-9de8-4daa-a4a8-cda5dc3ee336
10371491-6b0f-47a1-8d6d-d8b866eaa9ae,PayPal,752dd787-02ec-49a2-9161-053d9e5987f1
67827112-1272-495b-9d29-ddc4a9c1cd32,Discover,4d6389ff-37d1-49b7-bd25-9a7c9c834115
9273528c-2e7e-4aa4-83fc-46d950fee907,VISA,9871335d-2367-49d3-9ad6-acc686365d07
45acca05-a159-4ebf-8413-4f14019148bd,AmEx,b655e20c-836c-4ef4-a510-56d26de271b0
42db01e7-5bb3-41e4-b9f7-4fb19e99bd0b,MC,acee6ff6-4fd3-48e3-a1d2-99892abdb285
d90f7a79-f4b7-4793-84ad-917936020350,VISA,3d940723-80a3-407c-852b-2d88e3599e9e
40f0bef9-5d42-451d-988b-cf434d8af835,MC,312d7454-c75b-4828-ab3e-dd6bea427726
6a3b312f-8e7e-46ee-a5de-6ce8c0fcaec4,PayPal,3948f33f-5ba4-4873-95e2-0a08cfb797ad
b910f0a5-befb-4dd2-943a-e6c9f7a304c0,AmEx,4f156031-cf5e-42e4-9625-142711a73dc4
734b7eaa-4017-4f7e-936f-1acceabb7fed,PayPal,06c8970e-e101-4936-80fe-0ad1cf3ed2a6
5bf9f2f1-9158-4238-afe3-e5956583126e,PayPal,81d03fc2-2402-4724-b9ad-9d93141bcdce
67828866-89d6-48e3-b213-10f7c28ca286,VISA,07a4d07b-0d13-4760-84ad-cff813791f03
9d2cda14-7279-4730-adf2-24f3ceba2bf3,AmEx,1b84afab-9df5-4c13-9e44-d9860a1a7c31
daea9aa5-6eec-4439-a337-1735e58cd58b,AmEx,25bba5bc-9e8b-4b52-95a5-28c5a7d0b2a1
718788e3-6b20-41a1-ab14-35670196f176,AmEx,94b698a3-424e-4fa5-a8dd-d3850f3273fb
1af84d94-ebcb-4c77-8c51-196a7d1d60de,VISA,b8cbc508-ea41-4e4c-ae8a-3ee1d5483070
d03ea86a-113c-4454-bb40-f847efc98f14,VISA,9c0b9e3b-a61e-4eba-bfce-cfaa81a1d19b
d806c772-cbbf-43f1-a46e-345324e989a0,VISA,e033a2b3-7a2d-4d8d-85a5-756946df9d27
1c138291-3bf3-4321-aa2a-b9af67ae0a1a,MC,94b92c19-42af-4d0b-922f-2e291be4a088
12d862d8-9609-44f3-8c4b-0198b3bfd956,PayPal,04a7e8fe-36b4-4717-bb25-32056fd4dfad
2a1a60f0-ac3f-4cee-9f14-8f41c10a27d4,VISA,47fea893-6851-4efb-a96f-03d5250a5c8a
776e4c49-74c9-400b-bf6b-579ac3453baa,VISA,46790d37-b9af-4648-930d-90fb04d23703
6de78d71-9fc4-42c4-9eec-8f8d4fa75480,VISA,e6dd56c0-0e74-482b-ada2-46bbb80ccbe9
43fbff4e-9cd2-4c0f-be37-2240c656e68f,VISA,a638b0b6-9baf-4f50-bed8-8f1a1af3efe3
52c2a821-03c3-4970-b01f-0bff157eab5d,PayPal,51d544a6-fdb9-4b77-9aff-f7eaedaffb22
eafffc83-e573-492a-810e-62cc56fcddce,AmEx,e28e52b1-0215-4b61-81dc-9ce5933c0a07
83505c41-18c8-4a97-a0db-2dacda4490c4,VISA,970dc3f1-447b-48bd-a24b-1f24956788f1
e370289c-d51f-42c6-944f-3d7814e23672,MC,3097787e-009e-4333-ab2b-6c09b6b2e9f1
bf4c5e58-cf53-4c6d-8275-d131a84303f8,MC,c23d1149-0106-4792-8ffd-89382f82133b
7d2fd3e9-2d78-4915-9354-ae4cec08ae6c,VISA,24d53683-aaf7-4bd5-ad10-fea294a0c1dd
88d11e84-e159-40ab-af70-2c2d4a9e07c5,MC,439e5462-681b-40fb-9ac6-f9af1e6f84ca
e028e842-bd83-4296-8a88-e8c2677b99a5,PayPal,76962b77-d206-4946-b7ce-1394a1bdd4c9
6d7700af-1916-4f8f-9c65-961282089afd,Discover,2b1bb334-b4a8-4f54-bc8d-9bd4ce1994cd
49d887a6-700e-4afa-b04a-0305dc8bdb25,VISA,5bfeb672-033c-4826-9685-ef3c1c508983
f0b10c07-b405-455d-a30f-f7596f4442eb,Discover,373e81eb-1184-4316-b213-3731088ef503
2c27fb6c-bd97-415c-9e6e-3aaae47f13fc,VISA,bb7b6659-4a50-4571-89cb-59e514ff7d57
741a3152-1391-4fd3-9edf-1c7ad1a6eac5,MC,9efb18d2-5999-47b6-bc2a-5434f39bedef
6208925c-f667-4cfb-8d94-0d6102ca8671,AmEx,a34ef79d-2960-44a7-8252-5068d8a1e40f
941e420e-1968-472e-832c-f0a0274f4846,VISA,c106c32e-f860-4d52-86c6-937a84a70b1b
49740e40-3c5b-4bdb-9250-fdd4069379bb,VISA,5ab9a7cb-d5e3-4072-943e-bd334c8583e9
c7ab1ae2-5a16-4529-a206-021e6fd17fa5,VISA,53f6ad5a-c98b-4f3e-9741-e36de0ba08a3
e3c7c272-0cee-43e9-88ff-ee95544a3674,VISA,9567bb33-dd6b-4d0d-b704-e059c4c40411
3cc0024e-c97e-447a-b3ca-81c56db5c0d9,PayPal,4c441534-671b-4e57-ae23-ee671d7a96f3
0c3ee1a2-21ac-46e2-be20-28da06061b61,VISA,4a672656-4e29-4390-b71b-3ae6b919a2a3
e1d1b3b0-10e5-4e24-a3c4-b94e24beceb0,VISA,7ceff4ac-2ef0-44f4-9645-53260850b939
a82a0d63-9678-4ef8-bc61-2e4494f0e62c,VISA,c7eb361f-a3ae-4104-8497-ca2b937ca8ee
2c4c21c0-92e4-4547-8615-57e231d20073,MC,bbf21890-f610-40d4-b254-bc72c5c9200f
46b6101b-3318-4834-b3f9-1bf4ec9e6bc1,AmEx,34cb610a-df23-47b2-8881-fb2e1098bdf3
a5224e11-00a8-4254-98c9-cf8ce7d9965a,MC,cb25e611-4665-496c-8e54-6ae738e6755b
abdddc2a-0843-4c44-b4a9-52c64257b8f5,VISA,f665c198-e841-4d8e-b505-27de0ccf71c6
e302534c-1d8f-496c-b236-435dbf85623c,PayPal,6f8416f4-8560-46d5-a3f7-96b277ce1400
c8e2952a-8511-4bf4-9204-35907aa02d2d,AmEx,85ed4be9-0eca-448e-950a-7c89b7a38cca
deb247e0-3a81-45e3-9a23-8dcc763ce22d,AmEx,2eef957e-8f73-4418-bb5c-6686f742928c
de3ae9c7-4d2d-4d0b-97a9-c7f4688d2380,MC,e3bf5ddc-329c-454a-8d57-0ae312d27562
2e1cd995-0447-40ad-9f9b-206e7048feea,AmEx,48820cda-5480-4d48-926f-7f98975e1665
c25d4e1b-1293-470c-8515-75d5eca6fda0,VISA,4cf95631-9259-47d5-91f8-cc5dc45b913d
296df639-55fa-4f62-9fc0-b89f3c2daf65,AmEx,eca1c7ef-98b0-4f88-a810-ff72ab2341ed
4edabf5c-2f3f-486d-abdf-7e5b96395085,VISA,508007b5-0749-4182-8a34-f9dd5160d6fd
ade415e3-dcb6-4318-968a-4e0b9037d7a0,VISA,1d4032e5-b61c-4df5-a660-8ead30e06929
e07db40d-bbb5-4af3-88c5-f31b8af3b0a4,VISA,43d55dbd-59e3-4bd1-b705-5e57fab03c5b
f4490ffa-5acc-4c4a-8202-8e918118b125,VISA,c9753685-a2ea-432a-83a2-0c31268041cb
22a9fb0a-1a97-4190-8e1a-197c13104223,MC,1b686bb0-a0d2-496d-a15d-d7384a98f621
d770c518-0da2-4af4-8e12-4a42ba147a0d,MC,fe5b38a6-d164-41c2-a448-33a61fbb8ba0
3fef98ca-88a4-4f2f-a462-15c8b6487e7c,VISA,c5845a6a-2fcd-4d8b-8d4b-3d0c33451137
555a86b2-43e7-4804-9939-575f71b7f98e,VISA,e2d886ee-934b-4cb0-b789-24f712cf7be7
2974661b-e8a5-4f88-9056-42954cb51330,VISA,10883be9-90d6-4d5b-9cba-61b34fa1bd66
9bcecff9-6af6-451f-bcff-cca0306e9d4f,AmEx,68c9da27-a743-4a65-999b-0d92a8866add
68425192-17ca-4729-ac5c-fc897f8ff03a,AmEx,d1e4aba6-180d-48ed-b980-8eb2baade890
38cd2935-5ecf-4adf-98f4-5a7473ac170e,MC,dfafe0d8-9838-4b6b-96e3-f7346b2a5549
5880c4b4-95a5-4564-b7c5-fd6b3bb4b6e6,MC,c4d0aa34-fe53-41a5-a14f-fb0bbeade272
dadbf627-9186-4d43-a027-8998799ece6f,MC,fb2448c4-3cd1-4600-93e6-d990d5d67ab2
c742d158-108f-4f25-a055-65fb026830aa,AmEx,aa2e3c41-c804-4700-9c25-9c1b9cdbbe29
66b8e6c7-e6d4-460b-a549-31f50724ba98,MC,bdcb0c36-d7b1-4acb-ade6-c9dcdd698474
ed985e04-ce70-4052-afbc-1f1c0e8c00d3,VISA,8c89fc42-850e-41d5-8719-47269309af8f
0bb3141a-8cae-44be-a8a9-02e173389c85,VISA,f77ef4c6-0f1c-43c0-88c9-dc4a8851291f
2d9188a4-f3ab-451a-b339-69ebe4ed2f88,PayPal,1d722b6b-00fe-4008-8d0f-06b5cc77c8e9
db1a3d59-e35f-4a74-8c21-8552f679eccf,VISA,c1223ddc-8c73-483e-9d2f-9aba3eea3391
2c794b87-26c2-4b77-8f43-778312042baa,VISA,a81d8b1b-92ce-4729-9aac-3eb44d1021ef
977dad36-8c34-43fa-b4e8-001c06346bf3,PayPal,828a1986-3db6-4cc3-9628-5810e6ed03d4
c46fc42b-99dd-41df-844a-2cafae933165,MC,99a4f155-5180-405f-b836-857717870e93
cd2f6d19-8cdd-49c4-a578-3e26ef685d77,VISA,0eab23f0-8d5c-4994-8235-55f86c435650
f511979f-7357-4530-819d-21ebacb06503,AmEx,eece8e3d-0747-4acc-a78e-e199fcc6329b
2c258b77-f302-4a47-8146-ccbda36bdd1e,VISA,9689be05-be0d-477d-95e5-6d616e9f5c8c
49c689dc-8e96-4df4-b3d5-5f02e13d5521,VISA,f5aa08cc-0420-4218-bee7-d19d07bac793
e5e4fcc4-51ae-4d5f-ae15-ce0a3f10a841,MC,70ef580d-2510-417f-8ca7-546baa84e65d
e09f0431-1311-4197-be76-47ad90ed8a8d,Discover,fd0d5af4-9f49-41f7-8f3c-748d5d3ee541
541d785a-ba62-411b-8420-06f90fd035a9,MC,f67d6ad4-b5fe-4c4f-8127-7c8431d38571
f30281b8-15d4-45fb-a3b2-b32fae1997c0,VISA,7ba201ee-ff5f-4cdc-8f1d-d483f9883dc4
1f933db5-ac7b-4c77-a884-ec472aef2494,MC,0db2c6ca-9b8f-4f42-9146-50f91556af30
24482892-3ee7-4a46-822a-c69674533833,VISA,802ddcaf-76da-47f8-8116-6c6c11a92cce
c442e165-1166-4ae1-9e37-27598c84dc12,PayPal,ba9757fb-ec9c-49bf-b83d-31f78a59805c
e2693e5d-257a-40d0-8b6f-787b2776218b,VISA,2579ef99-3377-44db-afcd-086b5244478c
3d362277-6121-47c7-9401-719b7f7f3dbb,PayPal,9049794d-68cc-4504-8752-74230486c955
c14e62c2-58dc-4fdb-8267-c6e6882f0251,MC,d0061db5-898f-48c2-bd82-b04282d1d235
aa9e31ca-e07a-4d8e-a5be-61239a27e980,Discover,2450fd3e-8fb2-4404-9f1f-8fed2ea911ed
660e5028-8983-4ac8-bef9-b9a36a048b3d,AmEx,0bc31e79-9fd2-4261-ad73-23a14b6bc387
112c3dac-ccef-443e-bdd2-cb2a65ae6510,VISA,0e4901d0-4884-44cc-a3ea-6f3fd582db45
c6085493-c926-4b65-b892-9258e9bbfe9f,PayPal,11ca13a1-6c42-4a43-bef7-541cc323fc8b
27a69816-655a-4a29-a953-85b01ddbed38,Discover,bac94112-28d9-4c34-a9c2-c39b88a1cc67
27865c9f-09f0-4b5f-96cc-fd92b2a6161f,AmEx,07b49a9c-02ba-4a78-8438-f99d794c7f42
42c155d6-d87c-4715-bd2a-151b41bbcf02,MC,23aa7287-92ec-4013-bed0-fd4c7dfa6aa5
893e8276-5f12-4848-be82-eb1742e6ef59,AmEx,440f278e-7040-4868-9d40-083f2c1f6094
fd943fd8-1670-47bb-8a7c-2654f0ba9365,Discover,898ce6ee-044c-4856-8d1f-243a87f6e519
228cdf58-a049-4491-8a61-7adaf35144ca,PayPal,5972bb89-ef5c-41b8-8161-0a42a3905844
85a79fae-160f-43f2-b9d0-1ddb0a236eee,MC,e41ec850-8551-4b5a-8bc6-553e5360ad05
d3fb6b73-4544-476f-aa72-673a3cbcb806,MC,626a7b7b-a142-43c6-ac76-f369df211e7a
014e13bb-dde0-4328-859e-46310a19ac73,VISA,649bd382-7165-423e-807b-e61737247c9d
058de4c1-7cb5-4cf1-ba43-f7aa4c28d887,PayPal,6d6ad37b-de90-40f6-823a-950b3fd57828
80e39e1e-36af-42c3-baee-df7903847582,MC,d396bb41-a98c-4a90-bcde-1945f8d134f1
95bb3c31-34a1-4e95-a612-024b20803796,VISA,7ea65ee6-a694-4ac2-84e1-3f211b277f76
0e26da44-76d4-4a55-8010-9eb3c67a5ac2,MC,a6ef9931-a047-42e5-a233-e383538606a5
fa3381f7-9d31-4817-b639-ce4bef8a2cd0,MC,5e178d13-475e-402e-8226-9744a6c20ae2
1995a03a-331e-4ecd-a852-b3fc4475ee66,VISA,044bdc2c-fc29-4c39-bd3c-55b9d7ac264e
b28a77d5-68f9-4b4e-a9c4-d584d648df73,AmEx,e9178fcb-fb62-4c06-a24d-3bee61dddb08
d30f0276-5806-49bf-b717-4f79db92d935,VISA,e1b58cef-a130-47ef-9816-815ae09fb5fd
b44fac08-6e76-438d-acf4-e7399483ea81,VISA,bd106450-9f40-46ec-aa8b-5621343cb464
341b927f-738d-4538-99f9-aaa7b87d4c53,PayPal,693ff14b-e05a-45fd-b694-ef7e22642331
8e9fdbf7-f56f-441b-a2d4-cc667b796878,Discover,c6b80756-e831-4d70-8143-0707db1402f5
888c3c0c-2509-4f6c-a93e-e1679f76b189,MC,f2932e4f-75d0-4add-8790-5b78145f47a6
2d138377-363f-4818-bcb3-9b25e02e0490,VISA,4f52f148-cc85-4eb6-8711-8d196c488310
d964558f-e01c-4869-b204-89b9208de4d4,PayPal,5146edd6-eede-43bb-9eac-1b81fe331575
71245ce8-2deb-4eca-82a3-5e330ae72d95,MC,e5c572d3-e435-4a5e-959f-aa632597ea85
152180e8-90a1-4606-a378-8e220a465d82,VISA,e6639a60-77ba-42e6-a6d1-8d15a1d59f0e
7443986f-b313-4e9b-ad31-cd4cc7755e9a,MC,abd9c5b6-f5cf-4628-ba0a-2c80b255ff05
194f45e9-0532-42d3-af41-4ac229784018,VISA,f4543648-53c7-4404-946f-be128a2c87d3
c8eb2eb4-20fa-4b0d-b01e-941090283967,VISA,54646ffc-20a5-4395-82f5-2d3249f2d878
e4a52337-d03a-4f6c-9c43-46d869787b64,VISA,1a575e0b-81b7-49d7-b66c-690c4cac93df
04215709-c9f8-4f9e-99dc-f5bbcee4c8a2,PayPal,1b40db8b-a7ec-4e1f-8622-573a846bd1c6
571c9f2e-e3ce-430f-98f2-1f15c1784b6f,AmEx,2bb857ee-6b1d-4f9c-bbc5-883ce4d3c83a
6ee115da-5220-4524-91cb-a6c86066060d,VISA,3ac37902-07c8-41ea-9196-212434536883
fa427428-deac-4d0a-8d01-ba0f5c43c5a1,Discover,08ba2baf-a9b3-45eb-b035-9c5c6a0166ed
a7e6ca78-c76e-4f9a-a0a1-96d368093d70,MC,b5cf3346-ec39-4adc-a628-b0377e0851a5
dd979a95-4688-4a5b-aa99-302c030d57a1,VISA,a6e632db-adbf-4e38-80f6-185a8621e4e6
e604bd05-bc03-4892-bec4-1ea41edbecbd,VISA,bae6fa15-e493-425e-b106-d5d8c97d2324
8549c383-c7bb-4993-9284-fc4ad791d0f7,Discover,ed59d0e4-ce08-49f2-92cd-329ad60ab588
aa193a7a-04ed-4250-b3db-11721e0f2fbc,AmEx,8b42e856-e129-4ca8-9ee5-788bd4c0b4b5
ea2ea514-8a49-4424-81b7-6de5b51d9d4f,PayPal,771bccd3-fe6e-4b5a-ade8-5ed49c629192
8433212c-0212-4492-98ad-07ef8249672f,MC,1923c810-d6fa-4f61-8655-2763d0a7db88
a69ac7f9-9a36-4812-866b-b6f3a0ee6f35,Discover,b4dbf12a-9895-4595-900a-fcea7abd7f3f
5e33947d-0142-4d41-8f38-754deb06dd63,PayPal,f1ff35da-727f-4f8d-a4f1-fddd77c5a07d
d83e870e-2896-40f3-855f-3235da4ff883,AmEx,8f562601-db17-4fa6-a37e-f16f203dac3c
b84c824b-4287-4143-b42f-df0a54e91e93,VISA,7488f994-85d9-4eef-9f24-6bbf20de1de0
be7ebf07-cce8-4625-8709-84936241d3f9,AmEx,54f8bcd1-27b7-487f-bad7-da4f33008fde
0e53a46e-d3a6-4890-8b82-cab2e9c8a2e3,MC,54dfdd2f-2d43-4a43-bb45-8c21a5c6f544
6780840e-ae56-42d9-a2bc-88146f892c8b,MC,5b9d4829-a461-4368-a6a0-72ede61608ed
e2b19d71-2f91-4d5c-b99f-2971fb6aabb4,VISA,f50d5b78-cc8a-4194-b708-071884699126
ff341b4c-8075-44e2-876d-1ffd14bb2d93,VISA,3c0d7afc-3937-4f80-b426-6952199a5b75
94bcb44c-18e5-406a-b141-d866c3b7789d,VISA,b7138963-1a1a-4d00-bc71-de757e6239b4
36fa74cf-c5ea-413e-8951-21992fb96c09,VISA,20c695e8-0dee-41e0-ac9f-362c4760baf0
de51b1dc-6390-428d-ad58-dc25201e5319,PayPal,bd39704f-372d-4a3d-9d60-e6cb4fc8183d
f242fb2e-d1e1-4dfa-89fc-f3ad54962a15,VISA,6ab5213b-68d7-4852-928a-ef1ca3a1f451
24eec831-2c7a-4df8-a443-9794e6670743,MC,29efae3d-3b1a-46f4-a3ad-1e9edfaf0816
9beb54fb-fd04-4d28-bb7e-5d4f45c4d71d,MC,1b33364b-66fa-43ca-8dcc-33366d3ef66e
0be22b1e-b666-4fe6-add5-8bffa6749ea9,AmEx,a93f5567-39e8-4572-b021-a3f8b2be8a1c
9805abba-5c0d-436f-8b57-1e3c342fa9ed,Discover,3a7f40f0-44c4-4119-8951-169527230a42
7c930ba8-38d3-479d-865e-bdca31b7d6d4,VISA,579a9457-63db-4c4b-b8b5-fef9c92b5d53
1d4338cb-d900-4687-a838-e093eaf64744,AmEx,382fb304-b053-4ba6-89f4-0200d5b86a03
edbb9048-138b-4c5c-987c-48adc106b3d6,VISA,5b6a2815-ce54-4538-84c0-a8f69786e1f2
998846d6-6ede-4165-b040-bc5c19d15496,MC,c309a186-44bc-47a3-959d-5fb6244a7388
7d1eba30-5a3d-4d54-9e12-7229cda785bc,AmEx,93419c66-80d3-43bf-83bb-9d42de796c1e
78b1fbc5-3db8-41d8-a741-faa4453d9ca8,VISA,99c75f6a-8417-4930-a4b2-b9f7ca0848aa
14048cca-34a7-43ef-9677-546121322146,PayPal,f33fe413-edab-4a30-a9f2-2944483093e0
ae953f7e-7153-4989-bb85-f7cb23277509,Discover,fc023596-ef32-4767-b015-74cce37d26b7
aab39d46-689c-474a-875a-ab087317a21b,VISA,714aece4-c0a7-43c7-98a5-f559aa13c90b
4abb4237-7761-49a4-abb0-f929b0cd0985,MC,98cebd51-efbf-4a89-af44-a636578a1dec
da97f102-74f3-487e-8bc0-0cc1a3d07c88,VISA,51694892-d267-4ade-9eb8-b11e2263b605
b48cd8a1-1ab8-4396-9b60-f409ba1a0678,VISA,41f9fab5-2b66-4470-ab7a-c71869b69d71
99d678de-0f1a-4587-b1ed-e29859db1eed,MC,fec83e91-7777-4768-b9d0-8d8a61a0fb0a
904e347a-3e86-4295-a4ec-c0d19cb635c7,VISA,ae9e3989-d834-45c2-90ab-6a144a8eaf83
784d2e81-5064-441f-a267-0d423e6b1421,AmEx,5b01eadb-fa73-4517-9170-c58a7497f37a
0309e107-2789-4466-ac30-1f1363bd4d47,PayPal,ed5e77ef-2ad5-49d6-9753-d45b536a5664
96471485-00cb-44aa-b8cc-ecc4bbd77e94,VISA,2d698b00-0e32-428d-bb25-226ed2f473aa
bdd51f02-a72f-4f27-9ba5-bad640cdabba,Discover,4af3a6e4-316a-4601-bec9-66317d21ba00
8f470b26-b3f7-4431-9f68-35e9e7d7cd36,AmEx,1893722f-83dd-45c9-8b03-4512dd04d451
c2e5112b-49a0-4f29-b286-fbaa3b1eeb09,PayPal,3cd61a51-e047-4a2a-9fa7-0074db087222
ae1c300a-08e6-47f1-ac97-703d37a14791,MC,decae35d-56c8-41c8-a92f-0119c96bbcc8
c71660dd-3c15-4e51-8523-ed556858361b,AmEx,90133175-ba73-44e6-81c0-1927a86f45d3
9f381b1f-b743-4ff5-8b6e-b30e071b1265,MC,423b83ab-39c2-4e5e-b775-86520782b7ea
5cbd46df-63cb-4b6f-8fbd-3025da9265ce,VISA,239f096f-d5c4-4dc3-ad51-1c8fc2d3eba7
a8438f72-bb7f-4728-b633-8c55f7a26993,VISA,649a3896-1b55-4e85-8244-d17c3796ac3c
1fcb61df-88f9-417e-864a-99c6a94c07bb,VISA,62e52e34-92c1-41e6-990f-538bafbe0b17
6c39c4dd-ea6c-4702-96c8-3c1bca75397a,PayPal,abc2e8bb-c55e-4903-b865-2719c29d8914
53da0948-1d5a-418d-a296-cbcc258a94c9,VISA,19f64a42-c9d2-4bf1-abd5-743ece06c329
96580ace-1d6c-4916-9d95-25203159319d,VISA,fdd2ba3d-568a-4288-ba04-510ed7fc9b2d
10fb1292-9eb2-4435-9012-10a348c35a5d,VISA,365924ec-87b0-4a1d-8b1c-918c7a4f08ef
b59d6bd8-c921-42e1-b149-91d53bdfb5a0,MC,480090c5-0a12-4eb4-a2c6-265130d48f48
33c5e580-de4d-457a-b556-badd9246ddd7,AmEx,d00e393c-64b2-49db-b1af-11da541cc97d
d02958b9-a512-4f48-accf-f034f3947074,Discover,122cc8b6-2bb4-49ed-9183-45984088ab42
8edd3895-dc42-446c-bb59-dc9e537a40a0,VISA,5b1d52f9-5687-4a48-a2b1-ac690430c1cc
fd87de5f-2cf7-4304-84b0-2d2dc7d19682,VISA,c9f11081-b54a-4bcc-a631-e9325131ef33
88543ba2-7ec5-4047-8344-34375d3f0f7a,PayPal,01b160b4-481b-4461-abf8-ef425e40d171
2a56ab56-7dab-43bf-929d-35c18a2c1302,MC,f88fd613-3d19-4a2a-bc06-dc8c5a7b9b65
d72dd76b-7872-434e-8ca7-ebafab97cce8,VISA,41206698-f996-4277-aea6-e41631a83b89
5cdd401e-e436-45f5-be13-b2f90e32820d,PayPal,7cdfdee1-55be-4a5c-a0a9-6a1dd0ec56c9
66a36997-7ded-4363-a100-10b6af1d8c58,MC,b46f4df8-5de0-4a55-942d-78b12a09cd14
1c568aec-0016-4880-88eb-c4a2b1f0e4d2,VISA,83cf8309-af02-44a8-951b-8972fce61a3d
3d504e5d-6913-446a-9789-1f51cd4e9f1d,MC,2fe91a4b-bbde-47bd-a740-39b08f4ec575
222a3d6d-ac0a-4c8d-9aa9-081168c5c909,VISA,43fda295-63f0-475c-969d-7fb092412d47
6cde529f-2060-4e22-92a2-fa339f80db02,MC,79a55784-a93d-4391-bf4f-d2c3cb978e8c
ff2f69b3-8594-4983-9d86-c7d4be842497,MC,38505af8-e167-43ec-ba88-d61a50d5e1dc
f0a4ef53-0eb6-42d9-bf50-792428a6d5c3,MC,b6bce966-1ac9-420b-ba9a-e8ee3edc3e2c
27c1ae7e-b7ed-44d3-96c0-cc5bdc5c3b3c,PayPal,d7f7056b-2346-4faf-ac9b-0f523f794c56
a152d26a-a3f2-4f1c-ab4a-0b2da9614d5b,VISA,69eb0320-800f-40a7-a78b-e5c26c9d446d
797ae40f-cb67-4fdb-9c46-a02309ec1ac3,AmEx,65c905a8-432b-4bf0-a4a4-4304714608d7
2ae7b959-5ce1-41cc-8fb9-95098b4e85d7,MC,211ced3b-199c-404b-b93c-ee5e37de3f05
c7c22cb8-a933-4d84-885a-11887c3588df,VISA,9768a91f-9ba3-4f02-94cf-b45ceef693c3
58788d3c-43e8-4b9c-8bf9-3bd8979ff979,VISA,b354f566-2a17-4535-a3c2-9bee635fff60
c35b9dbc-a73a-44d2-8395-9231071b5e40,VISA,5881842d-f122-47c9-9037-23e94038fb79
1f2e754e-cd2e-4c01-816c-9db1553565fa,PayPal,8bd57854-b734-4f92-8233-71ef014077d2
c64054a2-f185-4acc-b069-1f2bfd913711,VISA,a7a0b007-3ea4-49f3-b88c-5ff54ee917c1
54af61df-4bb7-472c-bb09-60104368fb65,VISA,b93b5558-cf22-428a-b9b0-fbed31ad0769
43624a73-fba2-4ff4-b09e-32bbf9d43ba9,VISA,2bbf5505-ca7f-4211-990a-3d4bf6b315c5
2106cb40-a7e8-4b54-8c8b-03416c61658b,PayPal,f10d713f-1be2-4189-8c5b-4798f02a5a45
0c1d0588-7219-4ca8-bf08-4c2069eb0151,VISA,8e4db217-5db0-4b25-bf89-1d636210a22a
dbcf65cc-5a9e-4103-b282-a6667745ea01,Discover,afacc551-daf4-48f6-a352-68bb0f064dd4
01e39766-95ff-404a-b0ab-93b12457cf21,MC,b9263008-fb80-4183-943e-8db0e1a71b9a
ec4d637d-7ae2-4c86-9a95-33bb76401f23,MC,653fdc9a-600a-4210-892c-57fb7dd231e1
8c9eab4c-e704-42eb-a938-0af835546120,AmEx,fc0df7a2-88ea-4898-ab58-70a62ca1e8cf
90363a7b-1193-4724-a773-65cd9d59a28e,PayPal,0141b812-78eb-4360-b9d9-d7e9c8b3b366
3d07b1c8-6773-4951-aeec-904dbcb50225,PayPal,cf147b54-83b5-41b4-8a3d-42ad0f87953c
b8572724-43bf-4dea-9b96-369c64fa4b0f,MC,e2b2feb1-e4e2-449c-892f-9ccb6958008b
a55fd924-5c6b-4ceb-84f0-98b9ea1402e6,VISA,ca7b81f1-6196-4fe4-84e7-55d9a2cd4e31
bc035d7e-f5f3-45e4-8765-55b490797824,AmEx,59efb348-e696-4ea9-adcd-8ad2073b7d52
c2cda8ac-1d03-438a-a507-24e6d56a84e6,VISA,8957dfbe-f9cf-4d3f-aca7-a651c7b5ba56
40eab080-af7a-41a9-a560-80be5021acae,VISA,f89e3bd7-9e7d-416d-9195-8ee39a9ab314
7b5025bb-d88b-4c16-bacc-8bde249b3dad,AmEx,d12e55b6-a0ca-468a-9481-270754f9e1eb
29b84efc-c3b7-411c-8f4b-a4644d03b068,Discover,39322551-7511-453e-b49c-b76398ca55dd
80d20a5c-1b6f-4343-9749-1526662e279a,Discover,c486081f-39c7-4a29-8a18-4542117456f7
77dd6d0e-b9ad-4613-acbf-55960ffab155,VISA,7a9a9880-0d9f-4597-bddd-898192bce516
6c7a7454-0508-4d44-8547-05ce0107f616,PayPal,191bd264-9eeb-4a3e-93c9-647b797b3e08
62526755-ec2a-4f40-9c59-18bf4b8e056b,Discover,f83bf672-282b-49ab-b34f-dc10018b146e
c198db6b-eefe-459d-bdc7-ba01f1cc18ab,MC,35643be3-8ae8-41e9-bbe2-509be2496b12
0179f525-fa88-4177-8733-8c4c673a3241,Discover,01a08667-8d31-4d6f-8099-eec60315f888
a64d4216-5ffa-44f5-b679-ca6910d67b18,PayPal,4066e22b-3fb9-4cd0-9980-12ea2471b923
348079d2-6c19-4ee5-b022-bbc3d08ddff0,VISA,c9b764fc-cf3f-4ee0-84dc-37421a94c948
59f673a0-55c5-458b-8d66-252831ec3229,VISA,70ce349c-886b-4e1f-adcb-52849ba72059
a53bfd45-804c-46b7-a249-fee10a52a126,MC,64c0c7f0-3867-44e0-b47c-a826c1aab143
911d569a-d675-46d9-b0dc-ccac4ced49c8,PayPal,8ee6b43f-ff58-4688-b773-817c29ac3e1c
175affb4-e997-4a1d-b9d5-fdb47c611ea8,VISA,36907139-0ef4-47d4-90dd-6e3c2dafe5c6
b0918eeb-16cc-4f67-89a9-7c1b1a797541,AmEx,2f766f95-fcab-4377-aa04-f24ff0ea1aae
16181ed9-3f70-4083-84cb-14d99ef59236,VISA,2f7807f8-8153-4976-a7e9-1c39995de97e
097cd97e-57e2-4da0-a2a0-f1eb78234de8,VISA,db26bc80-1729-48e5-8929-7222a4f896fd
97ab5f9e-f691-4718-8a80-df305c829eb9,AmEx,938946ec-5e24-412d-8088-4890f7e3d95f
b8512150-9c32-492e-8abc-773b793d964f,VISA,6c35681b-4940-40e7-b3ee-e562eee8addd
76393ce6-5872-48d3-9884-e5b6f35c5836,AmEx,269e3e40-7437-40b3-875d-2e6c3d663ae7
9c36b204-0707-4aed-b15d-37d5078c0305,VISA,5169332e-2459-4485-809d-e501429d755e
949049cd-0f9c-4d5c-b0dd-7a7a735d5712,AmEx,b16c3918-e21e-4885-adf4-3a148adad101
090c6e12-5600-4ef1-a887-d11d3375f831,Discover,409cfc75-ba8a-436b-a772-5bfcd5cead62
32be4de0-6865-4413-be0a-0fc8d86e8557,AmEx,2cd98146-0102-4208-a7e0-8c6828c4d1ea
b719b7b3-c6ac-4d81-8208-567da53b1ae0,VISA,248e647d-420f-4b33-80fe-38e2e7bae7de
7f51abb9-221e-47b9-b057-586d34715629,MC,44340a68-0153-41dd-93d6-b4baa48c6ab1
a941c050-0c47-4f32-9768-ec30d913d217,VISA,46d3d81a-463b-43c7-a2b0-d302c4f5398c
ba47cce3-c2c3-487b-b7bb-e26d2ff16bcd,MC,705354f3-532e-43e1-9765-7e20799de231
97e21743-e06b-4b05-9a36-36d7d9fcfe55,Discover,2493be9d-4047-4d46-99eb-5e30780173a3
2fccdc41-9230-4fe8-aa12-4f3d9f45688d,MC,05f2143b-968a-4715-9f78-b87a614f8c3a
47e240ae-fe25-4ca9-a174-35d2692ebf4c,VISA,207c093d-7262-4f5a-9600-e88538bfc08e
8fc71108-2caa-4096-a96c-71d2c377b449,VISA,f41aeca4-c59d-4787-861b-24838c1b79d9
ffd6e0ee-b812-4d6e-a235-50d86c042a2e,VISA,dbf7ea03-075b-4a74-b322-aea79b074f97
9e4c2b2d-5808-45e4-92da-fda35e5c606c,MC,f60aa050-5073-4bbf-b14d-c82b01a54b13
5e459cd7-3ebe-4b94-9d7d-33028062be59,Discover,91b21138-7053-45b3-9a46-13b87c9af08e
476876d3-8123-49b8-9405-9aa3bc970c9a,MC,c6f73a71-f22a-47a1-92cd-78643c06db69
6d95f3b5-6eb4-4aaf-a6a1-567a7a5a9060,AmEx,298764c9-6cdc-4fe3-b9ac-8a0982405458
6020563a-4d60-438c-b364-d1a20145d59c,MC,3ae25fc6-7932-4145-a09d-7f8a44fc4b95
24880038-28c6-421a-8a40-b40252ddb74d,MC,996c6c34-4b77-4c1d-9715-c31f93022d44
92a0c9fd-8ad9-45ae-9701-64a879c53c8a,Discover,cd188bcc-f366-4597-a2b7-1ba1101fc1a2
2f4eb880-d326-4d40-9bd3-dcc83659163f,VISA,2cabf08c-5390-4d22-8b31-720b1f7e0480
744fe1a3-4210-4b88-97fe-69e5ee8dd2b6,MC,fc2da798-8631-4686-8a97-66eaa3e2490d
6b1d5491-259a-4152-863c-fe40711f825a,MC,2c74551b-a81c-4668-807b-45ae2f8fbfd4
86b281cd-ac60-4c1c-a43d-df98a688b030,PayPal,2e98bd64-815f-4a7b-9d49-22dff4f72842
804e75ee-b243-4303-abd1-67bb065a95f8,AmEx,4ac62b56-fdf2-4e81-afd0-f24bc19e4e17
fffe6cf2-e86f-4294-83ee-28330e7eabb3,Discover,1ed254ae-1d65-42f3-a5d2-77a8eecaefba
ff12bc3e-faed-4b46-8d9d-54fa71be4f90,Discover,b69ddc2d-037d-4a90-a7fc-6f2ea09ab042
3fde440d-49b2-41eb-ac84-ffcbc4bd72f5,MC,56b01b9e-37b3-4e10-b5f9-4d9d80412b06
b9864116-8264-4e85-bf49-1155a61e3a00,PayPal,c99de4b5-ee8d-4f95-8248-dde5928bb846
e2197a3b-663b-4f3e-bfa8-d957f2154526,VISA,3febb84e-e4ad-4b0e-95de-5054098aaf6c
4007691d-b6fe-43d4-aec0-fe2c6a3cd2e7,Discover,4981153a-a9c8-4645-a0d0-d44063482b10
edfac260-faeb-423a-9989-19c1daf8f796,VISA,2114a0f4-ab76-4763-af6c-3fd9a90cb625
48f83ed1-f09e-47ad-9f32-234ef47083d5,VISA,b1a5158d-d1fb-4de0-af78-83ce172fd10c
1f7643b5-c688-4e79-8133-08a3f978e49c,Discover,0c197e4f-e8bf-433d-97d0-6d96f902a1b0
df8e2701-9ea6-4a49-aa08-94fd6218c59c,MC,bfc4d60e-de03-4ef1-a240-ad24d8737a97
f40474b7-5d69-4dff-a5fe-2aa98273fdb4,MC,207f6044-a2b7-4847-8b0f-29f2bbefbff7
73351c44-0300-4b65-9656-6eb6b093c728,AmEx,2bf18ad2-a1b4-4f86-a12d-f6f05c983890
eb63ba24-3837-4a78-9782-cb91ec1c5719,VISA,4f8857f0-b0fc-47a5-9967-971052a9952e
c7789bb5-9a2a-45be-8e66-bb306f37b99f,VISA,1f46b02a-cfbe-4bcc-a4b6-0ef09e3a9abd
16224f6a-11a2-4a2c-9db4-43d703bb804a,VISA,6f88e3a6-f38a-4de2-aff1-15f676760439
370cad17-8556-4fa8-a638-b15a05179932,VISA,4d218da9-538e-4bd0-8148-f64feef5b898
68a2571f-cf50-4a5e-882d-d9a36807784e,MC,a46c65c7-5a6d-4ada-bc5c-ec560638e0fb
d154e721-0913-435d-a2d5-1a1b3f173420,VISA,50b5c7cb-eaf0-4644-a34e-1f6185a1b36b
de2fba45-3c9f-4e95-bc07-d96095fbaddd,VISA,960aa924-4be3-4dfe-b742-1b97ce679f74
22427124-7d2a-4f5d-be4b-12a5b2d66ad1,PayPal,8c741be5-0b69-4626-9e7d-ff4a81ef8faa
f74ce3a2-46a9-42a9-a3e7-09f55def68a0,MC,0c70d301-43f6-4f1d-a9ab-a8a19fceb8dc
b54b46fe-44f1-4b12-b18b-fd14d61f3626,VISA,704e81b4-c8e1-4019-9a61-ab29d21d82c7
be5639ec-c401-4ec3-aa70-02dc38678fbb,PayPal,623bea85-9572-4eda-b0dd-797bfabb70ec
b206a098-66e6-4aac-96e2-b6a0e41ac8d0,Discover,8e498b43-cc7d-451d-9524-58f5005d9f6a
2cd316c4-4d4c-4be3-937a-7cb2daae1708,AmEx,7ca00318-e47e-4e2f-8770-d35e2fcd4bfb
b3f50a1a-1d5c-4f5a-9de4-69b13b3d033a,AmEx,55daa2e2-1f41-4cae-bfa1-a23b5bfa58bf
0d676276-3077-48ad-a46c-fd928a523a5d,MC,6e749e59-d3e1-4a3b-b3e1-b8a8396e3456
79104235-1c3e-40de-840e-b6f70d1e7422,Discover,3a29dafa-4b63-4059-b480-179b1af0d6c9
1390a7c2-e3ff-4e20-b713-ca7c8753fb58,VISA,7f738600-9b63-4a9d-9d85-2fdc6eef0ad0
7de39a1c-ea71-498d-a677-3d265fecd925,AmEx,48110322-d170-4554-93a8-2260389c4044
29ab0d75-38dd-4254-8280-accd62b57f5a,AmEx,86804028-d09b-40c0-9d5c-1666a7427edc
9f9952c5-1956-4a4c-888c-49c6a54d7524,MC,e0f9773b-f768-4fe8-a567-a51946700bc0
47c733cb-44b6-459b-88df-a7807b965117,MC,2f2f9130-253c-46a0-b283-e7e269279ad1
f9f8ea70-ee7b-4858-9825-1b8c516da1cc,VISA,064408ea-ebcc-4689-9650-79cd94488fbf
0e1a36c6-c5f2-4e74-b820-3cdac547c907,VISA,6b68bde6-54a3-412d-9c4a-2bda8865f834
b5ae0a63-029c-41e2-9331-a651d44b390e,VISA,c62101c0-2c84-459b-98d5-43c80b97c9d0
870fd2db-6e66-4c98-8c55-0cab463513fb,MC,dc33cd6b-0aff-47cf-9341-b6cb1726cdf3
4e1ddbdf-fe7d-4f16-bc72-07469ea17c2e,VISA,02a38b03-ed4f-4a49-b807-7a681ff976a9
8584fc17-d931-49c5-9c27-5fa7dbf12ec4,PayPal,23c374f0-e656-4141-b068-8344b246c6d3
1d561274-cf7d-4d87-bc12-dc6e41df5c28,VISA,4e184523-f1f9-4da3-9d79-4cf6a542fc0a
d3196e4d-e4b9-4b8b-bc40-ef5129e21cd0,Discover,9df85562-ea14-45fd-8e20-f69626f89701
b1811624-f02e-4a97-8935-8973297cd598,Discover,fcb04b46-5c24-4399-ad02-c83c6c3d2930
b2a06412-71f8-4180-a21f-73911cef3035,MC,326f0149-5149-497d-b68d-56473a9acc1a
6159a94f-3d09-45eb-8e58-fbef154902d8,AmEx,b3f97c3f-a0e9-499e-aa6b-4ce8751e96f4
862304f5-3ff7-4124-9c2f-b4abd18df399,PayPal,9a556441-8d9d-4087-b440-0ba54ad6fbea
5c7d98b2-46f8-4819-9714-2efb4988f07e,MC,fcace5df-a387-4f32-85e3-e6407c1ff0b0
768f704a-7cd2-44c3-8b2d-b48691de746f,MC,46c748fe-1d7e-4ad2-9bc1-92a37cc2968d
40c941f5-476c-493c-a3ea-7c1a6843ee02,AmEx,6cc5197a-aa02-4a4d-902d-ddd9da627704
78bdecfa-7d66-4f0c-9e38-767628ff5648,MC,307f89d1-b483-4a2f-bb89-023f9b26fae6
a13784d8-8d63-47c8-9180-2e40cdfcb505,VISA,f8eb33b9-a5ad-4f3d-95f6-edc383630908
ac8ffd4f-172b-4e6d-9622-09b27228195b,VISA,1c5c3ee9-2ed8-4272-a72c-b23de37df09f
996199d5-a46a-4e30-a45a-9aa6f5abb768,MC,73500372-3f87-4f73-a39b-5e99e8431d0f
502bbdeb-4e1b-48a8-93b6-56138ce7213c,Discover,349bd254-7ed0-4f73-882e-06e556372ad2
2545ef71-eb7f-4158-9a10-94de02110207,VISA,4fafb00e-6606-41ad-ad76-e2736936fb97
c24f2ce1-45a2-4814-8da7-6f2f45a1371e,VISA,a8d2b992-32bc-4a68-9e27-bf1bc146df4e
ec3f3938-2c9d-45ac-a7a7-2783ff90cfea,MC,619bba67-b5b2-4a2c-a02f-0773c76b44cf
cd88b471-cc5a-4852-b710-a48b4f90792f,MC,5e1a682c-bb93-45a1-b83f-4a8db786eb7e
5e7c0f28-8022-4a76-a9fe-dbe9bc79719f,AmEx,19e1c126-ce95-4df0-b0de-1a7c21e759a1
e3a263b6-cf4a-4b42-ab03-1633c03c16bb,VISA,fe8599f7-6bd8-416b-b50a-014303db874b
f2b752b2-6c13-4e1e-8e73-933773afe523,MC,fd882bd4-8dda-4d18-953a-84ec0f00359f
c51b35ef-b00b-40da-8bb4-9025cfaa71c2,MC,cae7521d-3ab9-4aa5-a811-f8ca5a6a9f6a
b6a01ec1-fcbf-479e-9392-f1560552436b,MC,7e34e69b-19c8-44da-9088-5a8da992aa22
6a4b8594-64a6-4455-af47-3e3a52176f7f,MC,597c8b60-8d85-472d-b150-a3a1cba8c0ab
92dd9581-6f24-46d3-992a-b34e1a56601a,MC,bc3b83e2-0dda-4f96-9434-374835d1d46d
6d2a7fe1-f174-4a1e-831d-db3a39a0ce88,PayPal,ad6af88e-73d7-4e72-bdc9-dcd279409224
4de9bd52-2620-4bbd-9532-cf1520a52908,MC,571904ee-6d24-4bf2-8bf7-599debc6c085
c6e376b8-effa-485a-bc74-f0889880a882,MC,edb4dae3-f596-47b1-b29e-611be50e7e51
3363ac6b-6872-43da-b0c0-79a4ceb29689,VISA,743056cc-d6c6-4832-b690-48dfc493573a
a2084ea4-4163-4b9d-897f-2eae1f8328ea,VISA,f23e2b4c-c217-49b0-8052-44fa5f6ec1f4
84feeab9-bf69-4aa5-a380-ea9beddc0cf1,AmEx,fd07a498-2b0d-413d-a586-12581998adce
fce189b8-b9a4-42a8-9d52-044719594a03,MC,2678c8a8-dfb0-476a-937a-4ddcf1b5a1bf
8c824bdd-d988-4030-bb55-c5df0704514e,MC,8ce88697-a3e5-46c7-8950-181eef69801a
aabcd35f-bd46-4e73-9694-b119cf098412,VISA,061b9adb-324c-4fb7-8e45-646849ef848f
1a71558a-86a2-4606-83d9-00249bf85298,VISA,9af15282-4884-469c-99ee-1b24d9a379b0
6a2a600d-3c0c-4e10-a6cc-dfce78395573,PayPal,713c9090-bba4-4ab6-9500-d46acc40453e
5ad590b1-1147-4ec5-959e-5bbfc7639b13,PayPal,35b7eb6d-a656-4156-a7aa-cf8ead5dce08
5c7d0b3b-ded5-451d-be56-45ae75da5540,Discover,a872343b-df94-4e53-9529-2d0d96a9173d
547e4519-daf3-4425-bfad-a1c1174be7e0,MC,529cde4e-c52b-4e74-88b6-e8d1b1caa12e
2c6c98c3-91e5-4168-8035-a72dbedef0d1,VISA,70eeb3f6-2298-4c25-af45-d4eeef10f910
28e25499-7fbb-417b-a60a-6cda80e8506a,PayPal,d4126d15-76fa-4962-964f-ada189bd3397
db93b1b7-30a4-4269-8f99-30684fb9469c,Discover,6487e3d6-d251-4e28-8c67-6be276f6e02d
1916bff8-b4c1-4572-84e8-9936b940356e,VISA,b3755ce2-a57c-4eaf-8bbc-3f335b4649ab
0658286e-a74c-4944-be5d-18f41b8465dc,PayPal,d231f333-1b64-4f49-8873-132e7a5f0135
829969c2-210b-4ee5-80bf-95e42545567f,AmEx,146488a3-998c-461a-8b54-07146e4ee52a
1b931486-747e-49f1-b1a9-bd6e5f752a0d,AmEx,1898c507-216e-4989-a873-7eb9a8be1b5a
d33631e3-d031-4a41-97ef-fffcb89fb5cb,MC,c87d0bfb-8ce5-42bd-9914-5df1d75b943a
d4ace3d5-cca5-4292-928d-ae246895c13e,AmEx,5712c879-509d-43fd-9ccb-4fc7c0acf61c
759132ee-b4d7-4ab9-b6c9-fa2907e8aa7f,MC,bb94c406-1bb6-4bb8-a89e-956fa956ba46
3ebb59be-75bf-477c-8024-5e2a5871c27b,MC,056549f7-e5af-4987-b618-c63b96e3adb4
e1f26784-02d7-4caf-a4f3-5dfb4aee01fb,MC,4e19135e-22a0-4e48-b55b-a8d45a04d5f2
693b7263-db5a-46e2-a355-e28cd8959d14,AmEx,5b4f9a41-f775-4554-bf51-72d20d9171a4
7442635c-4792-45da-8c78-9de1a3ee342c,Discover,f4c878a3-4855-4e80-9ddf-4274fb54dc75
cdedcb66-b909-423e-b0ee-4bc7e60c9e72,AmEx,32967663-7801-4b1d-8ae7-2d2aaa066a3e
60c6e8c3-fbf1-45e6-99aa-0191bf2ecb5e,AmEx,2327f32e-4bac-462e-a1b2-666330ddbb65
9c3297ba-0905-41b4-9a94-4b7e9c3ceb5c,AmEx,df974609-6739-434d-a8b8-7b5b090077bc
ddd22c6d-bd73-4a1c-a344-cbc90fe66c84,VISA,e3f58c79-49dc-44e6-ba03-0ae45be5fc81
bceeecfe-4154-4a57-ac10-7ea4be8bd00a,AmEx,8eeedffd-2920-41fb-9a31-a5171d2329e7
4b78954d-609a-4804-98a6-6cd82e4f02e1,Discover,f582ea7b-5276-4cb0-a10e-9d0bc6bfa58f
53e38a14-9b7a-42de-b175-05ccb92fb24e,MC,00da7213-0898-451a-8ae9-7579b14c027c
88e7dcfa-3115-4686-88b3-c745e76865ea,MC,4faddbd3-4fe2-4cd6-a43f-864d82d73a4c
0e0d2934-0a7b-4b5e-81ae-fd7160d22b51,PayPal,8c62068b-f578-4659-b6f8-a3c283964d30
28a43250-eb5c-4768-8eb5-6ea96a2e5850,MC,7598057f-e87a-4b33-bd25-0e2aab75d631
9ac54c65-1ff4-4f04-8fd3-6e3999326635,AmEx,011e6cca-acd9-4cfc-87b1-772e7a416c5b
831371b9-2f2e-4a75-a71e-8a8ab999f280,VISA,28b4361c-3eca-4e00-b70c-daecd66414db
ed630887-31ef-4afc-bcc5-499ee68f9e80,VISA,b4f3ce94-d357-4583-8071-890ea5323b69
209e328c-31c1-4691-b66b-20f488701110,MC,6f000bbc-60e4-47dc-9c8c-5a4fb3334d8d
a7823618-3719-4943-b5e8-261322380cef,PayPal,5555aa79-35ec-4d71-b6d8-137c32c5e2a7
31be8766-8878-443b-960b-db6c92ca833b,MC,d3065091-ce02-4ffd-8e88-37edc019b804
cda17335-9b90-4a1c-b019-313962fe33d6,VISA,ac186215-c0df-4ca1-8567-a1da87b1988e
6c4493a1-e495-4386-b89f-00897e7c1bee,MC,2acfbe61-10ad-4f6a-bd2c-125266ec78fe
710de339-8fee-4748-b998-beeb4c85d980,VISA,e612aebe-a42f-497f-af7e-ec2c509994fb
fbb86ecf-5b6e-4d74-8c64-07cc407f6102,VISA,f3a08660-9f38-45cf-b269-3083e619e79d
064f1e33-e319-4999-8167-4e6843d0c094,Discover,93651f25-dff6-4b12-a409-fe444bc03cf3
507f15a2-736b-4945-bb07-116381be32bc,AmEx,0821ed00-ffff-45a3-850c-46ca9b63571f
cdf45684-03c5-48c9-afef-e8b7dcd13c27,MC,1c62171b-4cf6-43a2-88ce-d0405403d64b
f6f413d5-0660-423d-abf4-a3ed88328388,MC,ec18bfbf-1ddf-4f70-8724-d6e207cfe250
2cf48139-9a57-4f9d-b171-79f26a2ad2b7,VISA,437496ec-b552-4763-8540-abdcefc2cb90
3a238960-f435-4b80-a7f9-914a2e4c13e3,VISA,f6919456-b077-4d33-b935-229fba37753f
0d5fd606-30ca-4a37-9ae1-acbc5d0e4a21,MC,2f09f926-4862-408a-b36f-49edd8c6fd8b
cc4dbad9-bc43-4d38-ba9a-4044a77d3343,VISA,3ca5e34d-dab8-4d8d-99d1-363bbf36ed27
79a7bc9c-b089-45d1-9098-fea463aa2194,Discover,52ba66fb-1a66-42ae-993f-783ffe4da9df
92992c24-fe0a-4090-a36b-ccfb3c530227,VISA,e8fe9ce9-0897-4deb-85c0-35c9a173668e
c5f22df0-04e4-46e2-8e32-6048e59f4d96,MC,d091514e-76b7-452e-adb0-7f87c6eb20ce
9bede576-304d-4fb7-b036-8a12d48914cf,VISA,f730815d-9a73-4833-ae7a-41af94421110
da51c746-29ae-4dfe-842a-04d380569ccf,VISA,5d80b13f-5008-4110-93ed-70707aedcbd5
5af2119b-6d04-4d15-8583-e88731f9a299,VISA,01b93311-edd2-45a6-aea6-22ef1d975b80
b88fb8eb-86bd-4b9c-9476-9732296501f3,MC,3ef27203-4c9a-4c41-8a57-5865cd990d44
12f23416-9a22-49b6-8359-37fda65b3923,AmEx,8853d3b2-e6ca-46d4-80aa-c049c5707ebd
2b34108a-f655-4558-aa41-6fcf544120ef,PayPal,d772cfb0-18f5-4f8e-bd37-59fc55149c5a
0e040119-d0c1-4ea2-b375-992b7f905830,MC,96668868-e3b8-47ae-81fc-ebf2a02f6def
5c1fdd00-70b3-4133-80d4-491b42707871,MC,3a022402-5e17-40da-8896-28fa4e292bab
f0461ee8-133c-405d-9a21-fb8098cf051d,MC,a3c26a6a-7c4e-4ebc-8977-dda550891cca
7083d685-2a00-417c-9ff8-c7ebd9a8e238,VISA,8b076cd0-3e9e-4322-aab7-76f55aa90039
d5891c9d-8aed-4eeb-a092-0267c4cabd98,VISA,0d09ff05-8bda-4bca-b488-1dc1bb7a58d2
bf23a42d-6004-4a7f-b17c-9c36cd913e17,VISA,5d7341d1-729e-4583-b5a9-f8828c62d0cf
7810bca3-e9d5-46f4-bb6f-ac5f46111c7b,AmEx,d21bf164-b806-41ce-ab8d-c67edc7250fb
96c3b1c6-3c2b-4a1f-ab56-35bb211e5ebd,MC,3d061320-df22-4e25-9242-17feca3c5344
30e4935e-9007-44b8-a53d-06ca175509ce,VISA,4e1c164e-2460-414e-a013-215ee37c9562
333beaa9-fbd2-48bb-bfbd-e5462991c6f5,PayPal,530b62e4-e00a-4e5e-b6af-5553d8c148f0
c106202e-c014-4813-8836-b6cb2896f297,AmEx,af2f8a50-bcca-4211-a2f6-3864676f894d
11c67552-1247-4d18-9f78-9e56a424668a,Discover,5ca7357f-99e4-4fd7-8a40-fdfc6cd722a2
d25b35a6-5c79-4ccb-bcba-3d060198768c,PayPal,962cc55b-655a-4039-b63b-04fd615a59d3
6e9f3dfc-1227-4a06-92bc-e82c4c4cb473,PayPal,6e810549-f170-42e3-8112-3ba1d3e26c50
dcb778db-dfa0-4ec0-877b-612aded41b6b,VISA,00330581-615b-42f7-97f3-a12af76111d3
4dce93bf-87aa-4026-96a1-1102c780d774,MC,75aed4b9-61fa-4f7f-a46c-4378cb54011f
c3e92f85-5131-4bfe-89a2-67fb452af013,VISA,0159803f-5645-4291-b1d6-57b919e62203
d82c2881-820f-4606-9c43-a4a60624b44e,AmEx,62a429be-71ec-44b0-94a2-c9187de7c016
0b6a4c24-102c-4a6b-9de2-1c60e54d1e83,MC,51e149c1-841f-4873-aacf-849956351441
d50a8aa6-b21a-4f4e-a45d-71a16a7dcac0,VISA,35c4d4a8-3691-464b-a1cc-9b53360a423a
9ed665ae-b883-433b-95bc-c26de14aeb9b,AmEx,698b320a-d359-42c2-a15d-c3d2ecdfa365
6e856d6c-570e-40bd-b747-a335d8c92b65,MC,219fe5a3-6668-4f9d-8ca4-7681964a049b
10448437-0317-4a65-8ba7-7dc0e12b40fc,MC,80b868e2-a01d-4b58-8452-88833467f384
ffa36d06-73fb-435e-85db-242ba926e307,VISA,bed05612-5a66-450e-8330-bdeacc5cb342
b636605b-1bce-4ec0-aa19-45c2d472de9a,VISA,e28d3539-022a-4f54-b715-efd6b797cb6c
acecc11c-baee-48e3-81b7-783f063f40b7,VISA,f49e9c5d-6685-4a14-b548-c91f0a4741e4
ef11692c-d0e3-4ac6-9084-f123806b681e,VISA,56bc242e-32b4-4cd3-80d8-9f8558a8ffec
7a1171cd-3827-4a7b-a2af-9221150abe32,AmEx,35466d6e-1c54-413a-b9c7-a8077facfca7
b9aa599c-2f4a-4e24-ab5d-bdfe4d32b790,MC,4638de6d-183d-404a-b067-de4c02630d33
7dfd065f-7060-4679-beea-16a405dc4344,AmEx,6ef3b1d8-93da-42c3-a794-0dbaf0891448
fc48cd21-2216-4a78-a767-4e682bdad2ef,Discover,0e9a1387-4d73-42a4-af90-199926d494d0
5568ff7a-725b-4e52-af0c-624b3706e0ff,VISA,2e8c635c-a9c3-4eb5-a0d9-0d7493ed2855
3be20cc3-6258-4767-8c24-b0d75c2379cd,PayPal,6f2ed69b-d9b0-4c64-8117-5615bbfdfd84
4c1021d2-14be-4b2d-b375-43a9b8e32ac7,PayPal,1121eff5-a6dd-458f-a8a8-9c051bdd3d54
08e61205-d743-43b3-bfb9-84407ae2d6a3,AmEx,7fb5bca8-a0ff-4154-bf83-c6a99121d283
32d556e5-a98f-4cb4-9521-978634480c94,VISA,031fe652-ce69-4d04-a37a-add7455debcd
cca9e7df-ce51-4ccc-8c15-935af9019623,VISA,53258862-276c-4c16-afa0-e2f13b5b9d28
42334e14-f814-4f78-b5fc-584e684779e8,VISA,7cd1c681-b2ae-45c8-a175-990060866f96
9ff9aa35-9f34-445a-a66d-9c61c7b50a6a,PayPal,1e747d32-0028-4348-8aeb-0bd26de677c0
0408da73-2b8f-47d6-87c4-5c28ef13d3ac,Discover,0e894014-d91a-42a0-9027-a0b9b93161f7
297d8a9a-4c46-4f75-a506-abc029f05a4a,PayPal,b677b990-4405-49bd-897f-29b2230592e8
f7088021-10b1-402a-906d-40ef8bcf7ad0,AmEx,546b1019-8610-430e-af6f-8b2319ad4d2f
9f8c5945-6964-44b1-aab7-98eb73c894df,AmEx,d2c25048-26bd-4028-8282-c8fd32f14556
41775096-e85a-449d-b784-b2d4811ffbda,VISA,c024cc58-a036-4325-82a8-3f4044e5bd6b
57645e3b-e649-46df-b03e-ff90e6273a4a,VISA,f59a7aa7-ae6e-4cee-842b-6092ce6e144c
2d935577-0dd8-4650-98fe-edf1f6fe16f7,VISA,72c806f8-9ace-4aff-844d-87a6328626c6
25718295-1891-4386-a844-c25c24b3d206,MC,13d29648-87a3-4823-bb80-39b0f4a78c2b
9aefc065-4b3d-46c5-937d-a1dcd8a05097,VISA,22894ac4-f708-401d-9ac3-8288f57211ea
9d06faf5-ddd5-49d0-a823-8867d06a7a9e,Discover,9dde665b-c6bf-41d7-a2d8-2287e40693ef
78cf02fa-b13a-4792-a0d2-ba4f4cb0cc2c,PayPal,8df1e83f-fbcc-4103-adc9-7f2afe498976
ce3f37b3-ca40-4ce2-87e0-dac1938d276c,Discover,f72a80f0-03d3-4386-9c0a-dc7a90d1e6ed
c2850b59-f835-4d5a-8537-8ad85aa05a77,Discover,cfbf4684-aa28-45c2-aa80-1bd9d6557b32
679aa1e2-72d8-4370-aad3-a595e7eb3e8f,VISA,28530fed-3414-49bf-ad42-d228580a67b7
12883275-0a11-4b9b-959e-9e37984f459b,MC,1582db48-740a-4664-a9cc-3530f7479dfc
4ec89230-fc42-46f1-9d9f-c72aa1752d44,VISA,a1e5a237-5a4c-4e3e-b627-254c14ceb352
2b992c01-21b9-4ee9-8019-a3fb5174830b,PayPal,932baf39-510a-47aa-b2c4-413fd6e0a5dd
68c39229-b97f-4fb6-a9d7-f73f4f8d0d61,MC,a996a9bf-a0f7-4563-9c19-6d194136b3ad
cc9a885b-cd7d-481a-975b-12d7c86b3065,AmEx,1da9ec66-ecfb-4d4b-bbff-fb78ddfd2d1f
27e5501c-fd26-42a1-8ed6-0d33de968076,VISA,91916d65-c943-459b-90c0-250efc15daae
c27d9de8-6789-4d0e-bb4e-59a250fb9b68,AmEx,54be9c86-14bb-4dee-bc1a-c6c6c39b8629
eb59a693-ee12-4c21-84b2-9923324712a4,MC,a2e06bfd-b38c-4f43-a0ec-125f42e23f9a
0b0fe6fd-476d-4222-8e61-c8f671042c7f,Discover,b32270de-8345-4995-8207-c29bfc481c03
bb0f5df0-7754-4741-99a8-3906557e14ab,Discover,6e3eced0-fd1a-462d-b80c-92c58745ec92
b5cabc86-54f5-417c-8c88-56ba69c04da2,MC,31717fc3-1d22-4ef2-8a89-9a6534ad90e6
283b2a51-7623-4df7-8a41-92350f406d0e,AmEx,2b6a7376-1313-4d86-8a5c-c20e10ce4eb5
245ed414-237e-4b06-849d-8342b7339698,PayPal,b2c738a5-7961-4a6a-beeb-b59e4e4042a3
4215faf9-451f-4ebd-b4e4-02084c93557c,MC,5d91d9f8-c63f-49bc-92a1-9e4f59dba3ca
93a9aae6-75d1-4b07-8252-bf8e9eb2b0f4,AmEx,c1f6727e-1ebe-46f8-a887-149e6e58cb0f
065fb535-2868-4631-a7cb-99d8b85cdd85,MC,f407d25b-2d20-47fb-9e8c-d7647ecf5b9b
58e277ec-5d0c-4ac8-901d-2ab63c852d9b,VISA,f79f76f0-3596-4675-b099-142a3f9c70e3
2e01e301-9e2e-4930-9a0a-f508161cab65,VISA,d08161a2-801e-484e-9385-57719a67e4ea
407a5496-42c6-489e-a0a4-05698eef77eb,VISA,d9f574af-b94d-4ff6-b205-1d2967bfb9bc
11568849-56f1-4a7d-b83c-76c132cfd3ea,MC,816020e3-07ef-49de-8dbb-58316eab3393
48007928-e3cb-4aee-b73a-647ae23ae959,VISA,ef38352e-a527-4054-a98e-4d4ac108ebc8
1462854e-f962-42eb-bd83-8951d30091e3,PayPal,aa68609e-d908-4f35-a956-39ddd166a780
e3e4cec1-4550-4b28-ad15-f33c6983fa44,MC,51a3f150-edc1-4a67-a81a-73128cabc224
ab24910a-98d3-4548-87c7-2faf4aa3172a,AmEx,da41ea96-007a-4db6-ab5e-6322c6ae94d4
ab6401cf-b066-4b5c-84ff-4f751e883243,MC,13213291-f376-4005-b3eb-d58458755d23
dbffa740-7f52-495f-a41c-9e9cfb22b405,Discover,7f036d08-23cc-48eb-9d61-f46649ae2352
686d17d8-e75f-4660-b641-49c1f7b6430d,AmEx,515cb27f-2f78-49c7-88f6-07587c664d64
22ec3aa3-2a26-49dc-b781-1a5332926f2b,PayPal,131d6a12-d304-4961-8a6f-9c8c49f6092b
96953dfe-fe01-476f-93bc-66bfe8981e56,PayPal,2beb0e6f-2eb8-449a-9004-30e65f1d5d85
dd27fe93-8ca0-4d23-93e2-1fe2b2600b53,MC,77201bf1-7348-4660-8d03-14fad586e071
738937f4-6736-4d70-b0c2-ac8187fbff6d,VISA,fdcf0abe-93cb-479f-bd56-372cadf7e74f
27c6f98b-f0ee-4043-95ab-3ea1cb564ca3,PayPal,8a5689d1-cd11-419a-b344-f05371bf5f96
2ab3efbd-9291-4d8b-afa4-ee538da963ed,MC,51e431cf-8335-4c9f-9772-8b4792b20bca
d38687ec-8a88-4436-a0c9-6e454d996570,MC,54740e38-351d-4c16-8686-ddfa043f66d6
b15f1a10-29d4-4753-ab78-9a564cd9075c,AmEx,8adf6f22-4149-4a33-b9a0-191f46a42353
85a0d869-a22c-4ff5-b425-5da5e9f7cf43,VISA,47862f63-c1d3-42bc-b18c-899bd411f878
bafde104-5f47-4bf5-9e3f-6a027f2f741a,MC,e53ac9b6-4e90-44b0-983e-e58e57622aa3
3d31f8fd-b974-4630-8bf9-2296ec5b00b8,MC,576818cc-61cd-4e09-8575-1aa66567ef36
e7b0eb07-6289-411a-a86d-7e7c98f42964,AmEx,52491960-8595-440c-bfa8-9a487fcd932c
e7ad8547-e6bf-4eaf-873f-48d2731ecef7,PayPal,b11b0797-a1df-4c05-a402-dea3abb0ec54
b657668d-3168-499d-8a30-f906b56cda83,MC,618ce67c-74d9-4c34-911f-7a275dc9c220
57c7ca17-6244-4301-8058-f3a9c0294972,PayPal,7c721e32-3682-4a28-9e81-4c2c5a0fcb20
ed208091-44d0-4310-8e24-2636e8ca2870,VISA,90acef0f-ee16-4ed1-8d79-5ca332b2eb7c
72c5c3a1-1f32-4410-808f-a981e94b3a8f,VISA,506b7647-5814-4e71-a821-dcd2b3e0a34c
7ffce87f-43c3-4b34-8f1e-6e9c6f394c59,MC,ef00cef0-dfdc-4dea-9d50-f2c0afd3ddf5
2245b377-875f-42f3-9896-f9cd238e62cc,MC,e632fea8-37ce-42e6-af42-817b9c65f251
a1457ea0-9d2f-4ef7-8a26-de2e4125d5e0,MC,46295217-cde1-459e-b25e-2d52da5f3cc2
be81a84b-b3bf-49dd-b0cd-8c28b106f00f,VISA,0f2d08d2-d656-4eac-9902-b9d04621b9dd
d25efdde-ae1e-40d4-93c8-7c72ce96ab38,MC,b5cc3481-da49-422d-baf1-a6ca6321f956
dd57b5ef-b423-468c-aec1-90591f98e2a8,MC,7c9cbe94-865b-4a67-bb54-d30ca250d4d5
987fc67f-a350-4c30-86f0-a8499ba11d99,AmEx,01c4e4bd-1927-4870-a4a4-93e2836c2c52
aeedc56c-1bb0-4bbd-863c-82bbf14581b8,VISA,b49f124d-7428-4552-9a6a-3887e6be04ba
4199345a-9788-47bd-9b44-4a5a7d10b45a,PayPal,1eb76068-28f9-4ec7-8e48-e6506e14c417
8f4bfdb2-57a3-4025-9b64-fa155b5c28cc,VISA,2cafbcec-4631-4d0a-a81c-b7d9bd5cfab0
f5f43167-6abc-44c2-9f6b-7766c6b81183,VISA,41daf8b9-4250-48e6-9d4c-767fcba817dd
a17bca5c-41f6-47bf-a425-9f31997cd3dd,MC,9bf70e87-2498-4b25-9de3-b48940f5c807
33a07e3b-59e0-45ef-a8a6-45ae68014b39,MC,ee0e74b0-8414-4543-b14c-8aaa436f0601
4d5f23c3-314e-4508-8fc0-4028bff8be42,VISA,b350c0c7-a2aa-4953-a4bb-100c51295d86
52c765fd-6730-441e-b688-32fbbe69e5fe,VISA,c1156a40-2bdf-4035-b050-63c379e98154
70470e1b-4039-4152-bba9-7d70ba28bf86,VISA,ae3034cb-4bbd-41c2-a226-daac555390d5
0b8d2788-340e-4d28-a03d-20962de3f21d,PayPal,28a2d93b-cf5d-4026-8a6a-95d554838bec
2a736437-a394-453f-bf55-4084d9b7a84f,MC,a38b0761-8750-4bda-8da8-2813cbddca3e
c3466780-92e7-4dde-8b61-b595237bc9be,Discover,6b69cfd0-e2e3-41dd-912b-3f8aa886d459
728e801c-24d6-43f2-81d2-d5a7fff986b0,VISA,4fb3c9cc-8d5c-4813-9963-8a8b9dcae60c
fd046a33-ab71-4f7d-96a7-4d18c0a97d80,MC,fa6dd1b4-8600-432c-977e-0666e192e13c
88d88313-9450-47f7-90e6-0faaee165edb,MC,d786c24b-391a-437b-a0d2-0c8d8037a111
6fe9b259-b60d-45a4-b1ab-d44d75c12496,MC,09d21edd-7250-43eb-a40c-50f91696d992
e6acdc77-50ae-45fd-acce-910355485bfd,VISA,00d8bb66-f54a-4eeb-9b10-ecde095d3d51
c3f469cb-9a91-4c3d-b9bc-c83977a43118,MC,93add0b4-00d5-4239-8bb8-2c506d5a7aec
09c73564-cd31-4792-b3fe-a4ae8cfdc3c4,AmEx,0464a1f6-d8c1-4b4c-bb2b-462058be2839
89735f9a-32f8-49bd-9eb9-2bc19f833ab0,VISA,14ba8d3d-5da4-4e31-b9f7-24fcb37b3557
2162fa4d-0a35-41b1-bda2-427e0e6d45d8,AmEx,5660ec49-be0f-40e2-bf4c-29376183c08c
cab31236-518d-42f1-a9b8-c8d4d1c1e434,MC,80f39031-cc9b-4bb2-84bd-272ef3484089
5d8ef9ae-9f76-4d2c-8347-3828b2b1c1f0,MC,c05771b1-f508-4095-a039-bf02e665811a
d9910e57-cf1b-4ce7-9fd1-72f1089093a2,AmEx,777ee734-b7f3-4b75-bc05-60d58cfa8922
44697fca-2246-45f9-a457-9cc8b83dff63,Discover,f91c694c-cd15-41dc-9758-3178073be053
308ad4a9-80fc-46f5-9d39-bc3569872f72,VISA,3e0b38d4-14a4-4bfd-8191-2001f0ce9579
3260db11-3117-426a-94e8-8d30427cf472,VISA,2d1e62dd-4063-42be-b5de-1a85c252db6d
2d7c455c-8b57-4075-827f-ac1003f1fce2,Discover,5a111ebd-5584-4dd6-ae44-ab36078adb12
867d2eac-c552-4a66-8163-5cb28e449278,VISA,6cf42fb5-a7c2-43e9-a208-cc7c52a99fc1
10da0b5d-6fd9-4748-ba0d-9ade657a62a4,VISA,b2248c30-2797-41f3-8901-53c85c20f683
1c90ecca-8ec0-453f-9366-a6843a6c7aec,MC,b7c04aaf-fd3f-4084-adc9-d1470f121448
188a89c5-c76b-4910-84c5-91fa7dc5e6e0,MC,fdf672ce-ed17-4db6-9ff2-5a77ae67d0eb
bf7eddb3-5328-4003-bd14-4feb594dbc71,VISA,bdb195b8-a46c-4fc3-b4e2-7685ae0c96ad
79ac25f5-cae1-425e-9805-94d0e492cba6,Discover,9c023b28-84f6-40bd-b708-f4d4cc22ea4f
15aa35f9-a039-4dd3-8fc5-dd406ccdd2f1,MC,2222f943-14ed-4a57-bfd8-eff215c279ef
1f86e7a0-9e45-47fb-9284-0fcadaf93e5b,PayPal,6c19b62a-3d40-4dbd-a4cc-394824adac93
1b0805d9-0eb6-4a65-be91-2b72c510a562,Discover,ed8f906e-fd51-48ea-a257-27c58f7d8514
06c26c5f-8a22-42e4-a4df-87aac1c3e373,VISA,a437700b-f7a2-4340-a3a2-94c431747209
a84e738d-c7b1-4e05-bb43-abd58fc84e81,Discover,22241e39-df51-4f29-a619-4a24d62a1282
5d28eed8-bcc1-4874-9010-33bef41f9ab9,VISA,21c3a386-22aa-4fd0-8749-46dcded98f63
fc283c13-cac7-4135-bfba-b1f161bb6736,VISA,b726dec8-e016-4707-9ab9-40e3224d846e
8d216515-57d8-4b4e-b4d5-b877be7dfe46,VISA,fc931b1a-1037-4134-83ec-4b8a39e01511
0d56b300-5b24-4126-94e9-28f97a4047bb,MC,deafaa12-9be6-4046-b7c4-fdb8e9439d54
8d11024e-2ccf-4c85-b001-06b49faf8178,MC,911ebe83-796c-4916-ac44-9b1c2dae7978
908d32fd-a89c-4412-ba2c-eb3e616ab5c9,VISA,2df0a93e-0d75-4367-9c9b-22dcdbcb909b
875a0876-a472-46d8-9ff1-1d5e2abbf3cc,PayPal,82a0b72e-515c-40c2-8e32-a8c90645a59c
11b58c95-83dc-45d6-8bad-92d131f3cf3f,VISA,681fbf12-f1ab-45d3-ae7d-57e6f8256e52
827a81c2-09c4-4ab4-982b-8b58a86a4f34,PayPal,70959482-92d3-4530-aab9-2a9bf8bfa94d
3c8c30f8-1137-4d3e-b435-13fd35243bde,MC,7bc08280-dd9a-45c8-8273-15cb92afb75a
087b1987-5355-48bd-992a-2e60f5c1108a,VISA,f7b96f63-9075-4338-8b2f-0862862cb985
79921be9-4460-4edf-be07-4c1440f298bc,VISA,0acb85f6-5a1d-428f-8ec1-434b65d951c5
11a98dbb-3e99-4846-8332-aaa06a948497,MC,1627b69b-98be-4b4f-a0a4-64a218b58e97
f483f02a-acaa-474f-bcd2-7ab01e0f0f6d,MC,1bdbbf10-b444-4d62-90a1-447ec0355fc6
6b5fb55a-d8a1-464d-8d35-b7c97544176c,VISA,c5cb1c6a-6f74-4855-8542-359a3d112868
ae07ad7a-319d-458e-87e4-b9c5236433e1,VISA,cc1b2105-8e57-4f0f-b900-869ab5fdc35c
3939cc3a-494d-40ff-88a0-7844dbcac95a,AmEx,c6bd37f9-b680-4bd8-9bfa-d16cbe1757c0
ef5682e9-b711-4e71-b3a6-a91ef67bb37c,MC,07fa904b-881c-401b-86fe-d182719a69e5
b2299411-81ce-4e44-bd88-9655ca8a36e5,Discover,acb7c648-e042-4509-9bcb-a6ab10c66cf1
d181a776-0dcd-4059-82dd-9b68b4639069,VISA,cf015e6e-a418-4036-8366-d227cd2e7993
163f1ad1-5afa-4f40-8d00-dc765434a407,MC,958f0ca1-34e5-4a23-b70c-57e5929448ab
01d40a26-9d4a-444e-82cc-96cf4f57ebd6,MC,c7e83c23-c19d-4992-b756-a7df041bb57a
fb296dfa-aded-4493-aa7b-d6e981b99b5d,VISA,d59ca147-0021-42f1-af13-8631915132ef
0be3e912-42d5-44a6-bfe9-0b8ca5963923,MC,9cbff230-9f64-4c0c-b1d1-256eef0f8e24
ff230aed-41d1-4fe9-a6e3-411e7451eaab,MC,729a2520-eb1f-456a-b1a9-48772e365992
72c8561d-2ca2-4b7b-9dda-59df649fb4ff,VISA,2f21894f-2ab6-4c24-a4f4-a07c628da127
80e8e36d-23f4-4ff4-857f-4b304a8dadfa,MC,eb3ac5da-54cd-481a-96be-b5279ee22abc
3e4aaed7-8b63-407f-a972-8517bdda304f,AmEx,70a1366d-2657-4145-ade0-7f1f51e8f231
1d15c52c-8fa0-4484-97ac-2f51e5a55318,VISA,f7243002-b73a-4662-95dc-b1909753aac6
6418e5dd-c9a0-4efa-8b21-55c6efffc2db,VISA,9ae0fc49-23ae-42ff-87f8-ac6b721337ac
3505476c-bf0b-4aed-97da-e986b58ff07e,MC,c090c09e-b5e0-4eba-9d76-aec77beb5750
c10b1b71-e676-404d-b621-982153534a96,MC,65e1a870-ae42-418d-bcbe-69a05749675a
567c5a7d-855f-434e-999f-3261b54a35f7,VISA,99fc5caa-0464-4ca7-9a66-84be5a0289a4
952bdaa6-f53d-4716-8364-4c8fe6512268,Discover,21e053c6-a47d-4cb3-9396-974f0be834bd
4da449c6-ad19-432d-9860-9b2f374a8d79,AmEx,2cff8762-bed3-404c-952f-8407fdcf3098
828f6fee-7d94-485e-bf85-d0d397ae9c10,MC,a47e3137-7acc-48eb-80ac-ec71a56c9951
2017295e-8bfe-4e08-9e6b-b9a058731acc,MC,c0e20ced-718c-44d3-b1b7-d4062a442471
7dedec31-c0f7-4e34-908b-e42f7e4cfaa7,VISA,9c0947ef-578f-4ffa-88cc-670884bc521f
3a52677b-8905-4391-afda-90cd9ea6121d,MC,c4ef4d21-0f00-40f4-a128-7d03ba21c728
ab9f3ec5-e1c2-49fd-b398-bd3df8dd2024,MC,88c6d5dd-ec4f-4104-a939-1da7e857d90f
0b7b6fce-ee7f-4079-8ad6-58e46f13b94b,VISA,ed98ff3b-96b8-4df1-a7f0-5ab05d88ee98
689abcdf-41d8-4e29-803b-c0d471f5d498,MC,717040d8-a094-4838-8c2e-619a72be63c8
b672b5f3-8408-44b2-89b5-b2713f345991,VISA,c2187f51-9b26-41f2-bcf7-a01bb65f2231
763a93bb-e5f4-4511-bee1-2d1d0adcff6b,VISA,fe98fe59-2673-4179-97f8-4e8aef376dd1
dc9404a8-a83a-4979-a2ba-648f66f59954,VISA,9bf08de6-8a79-40bb-90b6-03567d09a1fb
d21c8b90-2101-444f-a978-9c837ee7e124,VISA,1d70329a-117f-4a06-a648-f77eacc5c0c8
418abae7-b245-44c2-ae9b-19bb5bcf75c3,MC,8221d80d-f4b7-43da-97fe-ec75947908bb
b5f242be-6149-4afb-9a2b-23caf9c9e03b,VISA,39087525-e5b2-4b01-b96e-5a179baedde1
32a3f5e2-f73f-486e-a991-2c72ae70a400,Discover,fe024545-e56a-406c-b57e-a449f98f844a
d617f123-3bab-4b5e-92ac-3492431075aa,VISA,9f7d6935-ca5a-4410-95e0-cb072a0b0f11
fffd91a4-d808-48f7-bd9d-7d5c5dea135f,VISA,730ec3bb-a24e-4958-92da-760fe22c097f
eb10dd1d-9b31-4be6-97eb-39bcff08833c,PayPal,e38111c4-53bb-4836-bfbf-9d4fd671070f
4ed94e82-041c-4261-ae00-f87c32f28726,VISA,6e7a7560-9b76-47fc-a5b1-e4b63a42f6d7
70808389-2da8-4c17-b177-ab567ee96738,MC,8b4d5de8-994d-4c32-8a28-cc9f4852b1d0
e37a1553-7bc2-40fe-be7b-6025036698bf,VISA,daa23670-5689-48e4-a854-7ed90b513918
262a5760-0c78-4393-be66-0fb99f9df0c3,VISA,3f812bb8-ba68-4fd5-ab07-d24e820e2226
269b3ce7-f195-421d-8023-dc1e57d0647a,VISA,ddd61045-644a-4748-acd7-a30213863bb1
2c40622a-ed37-4025-b0ad-dcc45c23750f,PayPal,68e87ddc-d9c9-45a3-b415-fe86e1b75d72
623972c3-1720-4527-bcef-db204ea9f654,Discover,f076f1d7-a64f-4069-9f54-278f05cf033d
ba642a85-c58c-4c2c-964b-a3079298c4b4,VISA,90317952-aa70-4332-988b-e71ad55ca00c
c30b6c23-9bc6-456c-b742-aad35f35c2aa,MC,f50fe288-74b1-43ca-ab96-84dba4e7e39c
223db95c-9f03-41fc-a4b2-1504d827650b,PayPal,f653f660-3904-46b1-aabc-275f16c90f38
75c29308-1f69-4a05-bebb-b694ec31723e,MC,a4feaf93-21e7-4a67-8eda-1d1de8137209
0d8304a3-d2dd-47c3-ba97-bb6b3991f3a0,PayPal,73932484-eff0-4523-9efb-24503c49f68b
6c814f1d-e0d9-4b81-9881-d57294e4da91,PayPal,17c8c864-a152-4525-a494-7a6e5fed7393
46951562-298d-4c5c-87e0-ab082e3974ea,VISA,95f5f27b-bc77-49d0-bc7f-3c15ea354778
eb05c032-769a-4870-be9b-950dce0c9e93,PayPal,39a59a49-9adb-4780-88d0-3a2e242f64a9
92e00e9d-2eb5-42b9-b91c-37f106c9bbb8,AmEx,c2325051-e098-41ae-b957-8401477f4bda
e49cf9ba-57a0-4534-9b7b-193d729ea70c,VISA,b20f49c4-a6ca-4dc6-98d5-61641f466e7f
580e0175-c8c5-4dc7-b435-242c156530e1,VISA,d9776607-581b-4465-9119-80aca28cd8f9
257f81a8-d864-421c-8a27-3dcb4a927c5f,VISA,80a02b0f-1a70-4950-84a1-d276e6b16857
e0f65348-2eed-42b5-a53d-73f9fa908240,AmEx,d8c5ab5d-b69b-4377-abd1-44e65fd46659
cacbdaf3-2f62-441a-afb5-8f4a0d8b97ae,VISA,b411270e-5102-4c0b-9295-24fc03c9ceaa
8b463047-3da7-43c6-b095-de9d1d6d3b06,Discover,dca752bf-cb2d-4986-bb7f-7dcc324d7af6
203f47d3-f769-4ebd-88a8-ce08da957114,AmEx,cf17ae20-fd40-430c-8a6d-760d3ed2400d
caf2e978-0a74-437d-ad54-2fbfa516da48,Discover,03d29afc-e526-48e0-aebc-447e48b2c593
85cacdfe-3a63-4302-a03b-ef4e7693fd56,MC,771e4066-0cc2-4718-b4e2-3b348a4974a9
96b5f967-3e73-4239-b5b6-3ff9c3bc4f4e,AmEx,09a94600-18cf-4038-9ff8-f7c4b438da89
077d45a6-8067-49c1-b8ea-0496f93eee0e,PayPal,c7f6cfc3-4084-4e2a-8ef5-3f377a944e54
02586607-3c8f-46d3-8a16-227b8d81b611,Discover,3a10e983-d9b1-448e-9a82-182eba6f636a
b4e3c64a-0af4-4244-bdb6-be38e8083f65,MC,f4d2055f-a749-474d-bd18-d795cc82ca22
5693fe43-56cf-4d1b-9e0e-7b198e7c9c2f,AmEx,b9a9a91e-1c81-420c-a7d4-b70c158bf6e7
3848b31e-7945-457b-b99d-14527fb14395,AmEx,194ae95d-a0c2-44bc-aa4b-337e64cf92df
5b574b2c-1411-447a-925a-66905c3ff930,MC,44b0c3c3-14e6-4de6-918d-ad3d97ad1cec
811d1497-116d-4708-89a2-5e00a3127f10,VISA,6e81db28-d4a6-439b-aa74-514b3f1824fc
334d7fec-7858-4f21-96ec-10feba225d02,AmEx,f2aab822-2ebd-4187-8295-c86dfee285fd
f1a0708f-1b0d-42d6-b96e-7ce0c818a4ec,AmEx,d5e230b9-46c8-40cd-a02b-b7ec18a97fa5
e98e37d0-fca5-44c5-b305-3970fd354648,Discover,f6b9e587-d013-433a-a0e3-86d441eca3ee
33d02975-c6f7-4fbe-8aa1-0e00aba718e8,VISA,dbe20208-3d1e-46ca-906a-e690ca42f772
ed2a1b14-39a6-4b39-9cd9-f8f7d9a0c63d,PayPal,182b177e-7686-4d4d-acdb-91ff92f7c66c
07e3f4ce-54d5-4b92-9973-e6f166c674c3,Discover,028727c0-f270-47ad-bcc5-fa12b08c8d67
16a90f12-c898-4485-8593-75e51ac4744a,Discover,12ca20e5-b28a-4db0-8fe9-b95f5945fb76
2b52fa6a-91a2-4c17-be43-f72a1f236e08,MC,58ace48a-dfc0-4d4b-bf5c-a5aafb825336
41e56573-f50f-4be1-bff9-2aa0d3443f4b,VISA,59d1dc09-7bee-4d84-8f47-bd5ffaeccd2a
1df59c08-d99f-4383-9ac6-55fc07a28655,Discover,759fa6aa-2e01-4cfc-a363-22ceab383a66
b01422cb-e2e3-474e-90e2-a11dcf4e22ed,Discover,3a246b8a-6e35-46af-afab-9b6e6f18bb26
8d73740f-c191-40de-a489-4d78f6c46f80,VISA,4d5ce8b2-5e95-4c50-8e76-745dd97b0962
82840ed4-5436-4b2d-9cb7-b30816bd1567,MC,5b9bf4bb-93b1-4dfd-aabc-391d19a14b3e
cd8d63af-17b8-4eca-967f-c89528cb4b82,PayPal,00f3b207-7714-450a-854e-82eeec9d9954
db7633c4-e5d9-4674-a558-e66563e7b6e5,VISA,dbe58526-bd5e-4058-bd2e-99dc29722de8
21b75ce8-4cc2-491f-a1d4-f7cea81a8034,MC,c4a7c8d1-0f55-4820-836e-cc41f6c68a40
3456d0a8-392b-4b98-b667-abbc2a4b1e30,VISA,fb97ccab-6d2b-4a80-9cfc-d0be4b55cddf
67b4a4b0-b106-4f97-a091-e8836aa8ce08,MC,725b0d62-4cd0-4c77-9efb-d6a8bc7948ea
065a7f2c-ce1a-4bdc-8432-e708c7d3aba7,Discover,d0a706a1-7583-4e3d-bd0b-873fc945638c
c1229006-c362-4108-873b-6ad185f0f08a,MC,508cef95-e113-4cf2-85ef-9ac8e3c3e8c6
bad60319-6c10-4473-98c0-f86cfe5c9681,VISA,54a23b4a-0e6b-4897-a51f-6e887c066478
4102f2dc-7ee9-4531-848b-03a5803ccc74,VISA,fe0a359b-a40e-409a-aedf-61cf98e96ba6
ed5e947d-6228-4b3d-8032-98434cb8772e,VISA,b4a0f085-81cd-41a9-8dba-f599c0b584a4
765aa6e2-f82d-473a-a3c6-947c0d701041,AmEx,174c9428-5635-4e03-aa2d-9bc7f1fe9b66
97760c8e-0766-49e4-9d74-08b82d71da84,Discover,c6744d1e-9802-4fb3-a18f-1fcd5cde65b8
0181b0e1-5ccc-46fb-a1fc-2f6c24fad3ac,VISA,ee46f74e-904f-4e64-b0f2-b929cacd3876
3ff648fc-4bbe-4660-9e1c-5e6b36dca220,AmEx,8eb421a2-5f7a-4de9-8487-863be491c014
571657fb-26a7-4e9e-a970-d52b6ed393ff,VISA,e0874158-17f2-4a17-b85d-3d0638dadce6
d37143cb-5300-4ee4-941c-5677ce84980e,MC,385eadd1-6442-496e-a800-4d61f4e513c1
723f3428-e902-417d-a88a-d7e340fa0c4a,PayPal,78cbebde-bf05-4b6d-b853-78d3e2a22d66
bd025de6-d427-48de-87c9-a79eb438586f,MC,db89c440-e5ef-43c8-b0b4-c925cc18d0f1
0b168cab-4c1d-4406-b803-f8ca0940f774,VISA,d3331485-9e27-4381-b3b1-ddcc32ff700a
9a30e6c9-fad3-42bd-bef9-042f37bf121c,VISA,629aba8b-da6c-4f17-8242-209d5ebfda20
7acc9464-d3c8-4fd0-8ed5-7a942230350e,PayPal,8707ead5-af01-4edd-9bbb-ee6884ba100d
9ef6d62f-f45c-4a7b-8025-3a9797d488ff,Discover,b398a733-6296-44b2-9e8e-1eafdfb0eeb8
1a8c5ea8-48d6-4b93-87a0-89286babd246,Discover,2c8f2519-b8de-408c-bfdb-540600431f1f
9a40c4a9-32fd-43dd-bb6d-4146d21b43a5,MC,f3974af0-7672-4a21-9204-e5796fb02412
61e99cde-95ba-4288-a382-0097ba94d73f,VISA,9627b184-d7a0-474b-a1f0-155344abf774
59bc1697-bc0d-4c28-a166-4451aafb5c25,MC,f10d0794-295b-41be-98e5-494c97f27199
8ec72896-5310-49cf-85a0-b17f6a44afb7,PayPal,1b47cd2e-6378-466e-9056-19480ff5c89b
065d3ad4-089c-4a01-baf0-83fdbe43e63b,PayPal,25c76720-7a1a-4d15-b842-a3f6655704f3
e8d7aaf6-df00-4a55-b27d-700050c4cb90,VISA,1afc0519-816d-493c-b5b3-4620b1991ba6
6c15cfdf-4a14-4508-b9fa-bbe1795ce892,VISA,901d4781-277b-44d8-8d15-bcc5e435711f
9a59e902-3d57-4071-8588-278b39d40ba1,AmEx,37c073ca-1629-4835-82c2-9c1299decbbc
a79f2fde-cbe5-4f02-8ecb-d96741647b0c,AmEx,e9041b3e-82b4-443f-a4c7-5303fc393a21
9c8881f6-4b2d-4edb-9ce8-b98bbfe1c0a7,VISA,55526ba5-7207-4893-8ede-d747ff8284d3
38eb6475-21a3-4e34-9c27-d15f4f298fe2,MC,66bf30e6-32eb-460b-a0b5-0241e5144a8c
1a20ba40-c835-40f6-8563-7186d36fe7ed,AmEx,0592dfde-1877-43e1-b7cd-bc59f3a2cc5e
3204aded-4116-4861-8479-5cf3ceb1fa70,VISA,b5fbadbf-79e5-41a3-86f7-f603fff63ef3
211b978f-31d7-4a82-aa86-f3b8fce1307f,MC,bfc77820-1511-4582-8c3b-75033884002b
cf7f1aea-2ea4-491b-85a8-4a16649524c5,AmEx,24fc31a2-9c35-41c0-8259-49349a0633b7
3ab9ce86-f160-4c4d-9eb9-a8104eae54d8,VISA,735e3531-f793-44db-8256-e29e9a487a51
2d477f23-1342-47dd-ad4d-11e9c0be3af1,MC,90ab1d7a-67fa-4dee-bd08-ef8861aee78c
96cf7d4f-4284-4d48-9620-c98aeab51f42,MC,3e14ebc0-14c3-44a8-816e-138b454d6911
cc9e36f0-3b86-4ee4-8ebc-906e55fa4f3a,PayPal,e0c6913e-97e5-46e0-b275-3e8cfe755232
63058f20-00f8-485f-84f7-59f787049aab,PayPal,4a2dd929-798f-4901-8d55-e3266d6a49d9
f2b161dd-860f-4e38-b494-13b899bb76ea,PayPal,8edaead9-3dfc-4c1e-9d7c-99fc90d96a4b
db428e3a-4a43-4c92-8051-b8725af6076d,MC,c08fb357-23e0-4ab9-aff5-58c536b06a4f
8f0d42a8-9027-48fd-b74f-368e6c57110f,VISA,5e2df2c1-e517-43dc-a4ca-c2c7eb349726
433efb78-62b3-47b3-b6ee-6032cb1db953,MC,da91ce8c-6aff-440b-803e-bb6eddc40281
58f1ac87-4b47-4aff-ba6b-dfa442ff3051,AmEx,a6d958f0-9105-4cc9-9df6-33a1113fb54b
1704ed72-1ce8-4ab3-ab65-233910dea289,VISA,a4a85fb1-e42d-47ed-98c1-bcd91838e8af
c02f7203-fd30-4082-af0f-7476b5cba5a6,VISA,1dfc0214-5a77-47a9-9ce8-d7828faec7fa
fd2a2864-a283-4074-90c9-908412b96197,VISA,51da60f3-28f0-4ff1-9f26-28f3aba3d0cc
3e1f1774-de78-430a-825b-dd831a58eeac,PayPal,7acfb1a3-4475-434c-9366-2f200911b5fa
a5e13543-ebf6-4dea-8793-a2f30bcabf6c,PayPal,07545f4a-7e2b-4468-a0f9-ea5e494490c8
05484474-80bf-4be0-9138-349bff9a036e,Discover,9b791d40-3e82-44c0-8c0d-0d82074fab29
f46605fd-a1e4-4edd-8855-1d8cb5df20a0,VISA,10d35b71-ba28-4d2d-bf9c-ba2fc55f48a2
48cbdb45-d5ac-49de-a0e2-8ad2efa53e90,VISA,29216d09-d7f5-4509-be92-18e85712071b
65f93bd4-309e-4919-9844-28721dc5274a,AmEx,82b504fc-d74e-4fbb-94f7-85b78de543ca
fd7495ed-64a3-4558-b0d3-c5add12244ec,VISA,d881e05e-bbd5-4c8d-b4ce-1ca68676e4f7
c4cb0669-fd7b-4f73-9995-0eade57bf10e,VISA,9bfd4775-dbd7-423e-b030-e68193757dc3
022aa5b5-e58d-44b9-a4bb-01103e76bfee,VISA,77e9df4f-58bb-4536-9f33-370a95aed5f1
30cdf7bf-5f40-464f-9d47-34aefce7c5e1,AmEx,a20a6854-a4c5-473b-bed8-0c2ef57ce5bd
f5317051-2e57-4321-9050-1aabdc4bb39a,VISA,f054a943-af29-44f5-a44b-cbc310602dc5
350b132f-6d20-4b49-8acc-5f89dcf9df0b,MC,aab29e9b-3346-4591-a0e6-c2a4a89ac1dc
e78ebba6-ea72-4fa5-9d40-b47045c51c96,Discover,16b31f03-9ba1-44c1-bde0-01cd920c649a
4999f398-e756-4322-9561-ccb853520362,MC,e76d2ef8-8530-46d9-8f1f-62849e039a52
32a865f4-0f1a-4999-9d6b-6d42d52d51ac,Discover,e3a99894-bfce-49c6-a0d5-aecb152184dc
8f2a44e7-a357-4995-bb25-a1a2a94dd949,VISA,e251210a-cff5-44dc-b49e-a002cf1f587a
c082d3d1-908c-4c23-8596-1c5b7d8214b0,VISA,c693c1d3-1678-4716-8df1-f4078c3b4180
819ce229-eb4a-4931-b99e-e13aab7e56ce,Discover,be09d487-a434-4cca-8d0c-da1d4a772f93
302752c4-1c98-4ad5-ab57-14e4c9d244b4,AmEx,32e302b5-c1cc-4642-a352-f2961a82804c
d20b2835-b2bc-4d7b-9307-712c04aa63ec,PayPal,bb08e841-24a4-4074-8387-f70af6c78dd7
cd95c569-432e-4cee-81d7-6fa380276048,AmEx,f441aee4-a0cb-4e94-9e3d-1a519180f0a0
99423e48-c28d-4bff-b201-433bf4e1f0d2,MC,234c40e6-87a1-4be5-8981-fa239a179d00
d78edab0-29b6-4277-b675-1a0993ed3f89,VISA,59074e14-e674-473e-824c-b4ee8104ede4
4de4cfc3-5881-4868-b462-ed46b3566b5a,VISA,d2318dcd-5874-4b97-bce1-a44af222a073
13f74df4-fc97-4d19-a08d-3b38722dd340,AmEx,86b6c6d8-c6f1-42ec-ab12-e04118981fdf
ade94035-1121-4079-8f2d-01d514e450c9,VISA,8230bcf9-0593-41da-bd10-ecdbb1f10685
e9c9b031-3a73-406c-b75a-71befd5952f7,AmEx,077c24cf-3892-46df-84c4-6353a9e56b71
8cd2287d-58e5-492c-a47d-938bb808e542,VISA,6b9914f0-30a7-4f10-873a-c88a846133c8
4f20ba7d-3392-4e09-ae8e-890ef2202d98,VISA,42102b4e-2950-4813-ad3f-f1dce8877c41
3a96947c-6e5d-40ce-85e9-e6015e6f58d8,MC,4d1e0308-6cbd-4722-b73d-249661be2d43
c2b43d9e-f63e-4402-873b-0211e2292435,Discover,238c9edb-2d1b-4c20-aad6-1e04437f4e2b
94aba159-e235-4040-837f-a74811a1c41c,VISA,9f39239b-7e04-4192-8f8a-938a02319d52
8d55b025-ccd7-4902-9a32-30665347753d,PayPal,f8497585-ce66-48ef-b84c-fc35472a56d2
519a13c9-4ac5-455e-9d37-1f29d82ed5d7,VISA,0bb5e5aa-5801-4b61-94cb-e80a78d4ccb7
53e72187-ff36-42b5-9bcd-1348289d3b85,VISA,94487815-0554-442d-a62c-1a2b36bd1d6b
f7f01f1d-937f-417b-a74b-4d011f5d5ddb,VISA,0e7536eb-f2fe-4f27-9192-0c97fb2d05ae
6f84874e-aa75-4e7f-a270-4be407a01b64,PayPal,411014f6-0e74-476e-bae3-668f4cc1d03d
3230497f-ba71-443a-8946-c440eabafa00,MC,671dd253-f0dc-4f94-95ba-2e090d8376eb
cbd5b40b-2ee0-4212-8f23-26a5d371ffcf,MC,495974b3-8bb3-49c6-bab2-2a638655d77d
6cbb5a9f-a801-4fd0-b21b-fb3ae8a98048,MC,b9ce7e0c-d042-4890-83a3-77c5b0961201
191c5583-9348-471a-9292-36564bf42ee9,VISA,44c3078e-87c8-4abe-beb4-8cc1ec483520
f3eff0d6-de55-4eb3-8921-0cfd19e7d376,PayPal,7a72d195-7a63-4299-b42f-2f71282c088c
7dc350d1-a5ee-4c04-939e-230e41bdab1e,VISA,5b32d514-f7d1-4a4c-9052-ab29f5009bb6
88dd292a-72b0-4675-98df-184b07ba5f49,MC,441afa14-256a-4c7c-8d57-9a7e69fbf5ba
3ed74341-f1c9-4826-9366-1cf6018aec52,VISA,4a6b0c7b-fe01-4067-81e1-8f7f643618f8
9836d933-dee0-4bc2-8f00-df67602698aa,MC,401784d7-6db7-4d31-b922-1f846dd10032
6cd480eb-5630-4a42-bb17-2362420c3e4f,AmEx,68d1e15f-505e-40e7-89e2-5f75517a7e4a
29269dba-f3dc-4dbb-a92f-5043953a13a9,MC,abee1080-afea-4f84-8905-077710b0667e
c0bed70e-9240-4c7e-8012-5b602112bc49,VISA,8c3103c8-f55e-42f7-828d-b96471af50dc
b0f6f928-2aca-4c1f-97a9-247f96935bc5,AmEx,b7fe3f64-dbb5-463a-ae52-7c5a5bee6590
fc4de1c0-d1e6-4264-a12a-9b996407109a,AmEx,7b372271-2d3a-48e1-8e09-f2d9cabd5aef
7246a30d-a48b-48c6-bb9a-2bf8a90ace19,PayPal,31b1feb4-88b7-4e4c-a5f1-6436b7130975
7f0e6f7a-3075-4321-ba1a-bf65cee4564f,MC,74c8e24f-b904-482e-b049-0743288e9173
5f2e17c6-cc76-4167-922e-b2d437b081a5,VISA,717ef096-4bf2-435d-96e2-24fb7de1b330
b28e5a9d-dff6-47aa-8a0f-44617657c835,Discover,2c011cfc-b6f4-4be5-ba49-47e50a8d01ac
0e20136d-b0f6-466c-81bd-f0aa05f1d396,AmEx,69c19637-13ef-49c4-a5f4-d1beab7fadc8
a1048ea1-c750-4a1f-bb09-be70a84a5012,VISA,b9c86403-4baf-45ed-aca2-b2012b038b68
23a6a7a9-4952-4016-badb-367c97db9a12,MC,85ef9be5-fb14-47b9-89ff-b7290c23cc43
377162f8-0989-436b-b874-e85f90b3c7a5,MC,56a2576a-78d6-455d-a558-ecdad267439e
c002444e-b734-406f-9694-e1055af58163,AmEx,0e842c47-3425-4c35-a684-d132512568db
04e9d511-b9a1-4fe5-80f0-10d95343f914,VISA,0af4ae54-bca1-4c97-b3ce-57a407ce5e2c
77ac403a-7426-4804-882d-4766f122aae2,AmEx,89955974-2039-4d93-bf7b-c57e1e032013
c089d9c0-235e-407d-b6a1-04d648106eb1,VISA,4e7cfd6a-eb05-461b-b6ee-4fc4d298c4e0
639ae095-d672-46f9-8c13-e06c126c9bd6,MC,c2d18ff1-6986-4350-8dd1-b209a7140866
6bc4296d-5590-433b-82af-824b141dbd99,VISA,e962282f-dabe-494e-8583-1cc1948601c6
7f33470d-fe75-4873-8787-335238976e2b,VISA,c9c06b93-c5c1-49a7-9b09-10c070d6cac5
e7435edb-271f-4dda-94b5-dde3bf159355,AmEx,2acad1f7-818d-4b49-ad36-4c64cbf0154e
f93822a5-38b7-4ec3-bab7-88e498076de2,MC,49a94e59-b01d-4e28-8923-6fb8fd44ba7c
7791838d-884b-4235-a02d-0036cc9f0e9c,MC,133f72b0-01c4-43be-acc6-56a89375fcad
eb5c0cac-2ea6-4b24-a41b-0d0a84874596,Discover,ca6fcf05-4c67-4eb3-8e14-d3a1baad6ed6
f9be4e75-0223-4525-bc78-2a5688355903,AmEx,0081b9c5-a8a0-4876-a61e-c7c9226a0483
3754ad99-af58-4a3f-a373-3ba683278776,MC,6cab2e20-1ef2-479f-956a-8628e4cc2534
13207901-109d-4efc-aad4-852fd48742ed,MC,9b7a151b-d985-4e4c-a5cb-aa4d97937af3
91a0918f-f969-4d1b-a6e0-f50bd2f88474,VISA,7d72ddea-ba84-4c02-89e3-1d1c96d634f3
e2d5843d-461e-46c8-97fb-38c414da2edf,VISA,985c883c-d9ad-4936-927d-b68d649646d4
6cd3bcf0-7c6f-47f7-aab6-4f2fe3a6397b,Discover,9dcb8368-ba4e-48e8-84ac-fde647659810
24d7669d-10e5-4e45-8887-b27036d49f38,VISA,7021e7d5-5325-4697-97af-33f8034ee801
837d3c62-f306-4a80-a7f9-b39c6bf0d74d,VISA,a629090e-38c3-4f53-87c2-a21d089f7d70
ec7b130f-9f26-46ee-a8f6-5281be11e9ee,VISA,9c3d5d0d-99f1-491c-95d7-37da3526a892
9737b33c-e384-4bc6-a78e-4746b010f996,PayPal,dbe92887-6387-4faf-a158-0ecb465a708f
befb6976-30c1-48e6-9138-55258854037d,VISA,b267df27-0c46-49ad-aa64-9b222678cc26
790fd1f5-dc05-480b-bf83-f0bb55da046e,MC,6d269183-6b70-4833-abd3-a01434329745
fcd1ac57-f920-414b-a897-824556e16bd0,VISA,add53cb9-6329-4862-9587-3787676d56d5
552c60e9-50d7-40a3-a379-40d613d86788,PayPal,77eacdb6-65a1-48b9-9ff5-da3b1f0fcbd9
df77ac5d-2dfc-47c8-9b79-1005e3b4dcb2,MC,d50a7349-e220-4297-83a0-7501d80c8918
ddaf135d-f581-4438-8e4c-00ede2510c1a,AmEx,10ba90af-5df1-4ec6-b6fa-e3c325914433
bb374f2a-a986-4e30-958c-d4af9d9ec65d,VISA,290b40f6-abde-4843-9016-87d8baaeb68a
6ca1acf5-5d15-4876-a40a-9a8311ddc1a8,VISA,7c87b28d-99de-4e25-87b5-bd3402054415
54295e07-be5d-4e14-b428-ef7385838d8c,AmEx,01db60a7-6de9-49c3-971c-c1805fe395fc
5bb37e25-cbd0-4e39-b5b4-71a62add5837,PayPal,06948981-fbbf-4306-8086-7f5b396c8154
8ecc0d53-cc2c-4111-8658-ae86b5e903cc,VISA,7bab1729-94dd-4428-abe9-6d9f45bbe6aa
67bdd59d-2f05-4269-ab01-464865c5f695,MC,c81dc211-f974-4c44-8166-33335c259c37
548b5fe1-1067-4a2d-a858-89108c9927bb,MC,d0a51b4f-734e-45c2-8ac7-d736cd3af4bf
3e49cff7-036d-4048-85c7-d7e1786dcce8,VISA,08a71930-cbbc-4a44-bac5-d92f20586523
7624843a-8aea-4ccf-8a73-e4c9fa5f5407,VISA,f308b519-f8fc-4370-a5df-e130b3c2327e
65242de8-4dc8-4144-a225-271f8b0a5b13,PayPal,b1920aaf-9d67-4303-9adb-4c44609a785d
2fd16a48-0a07-4556-8a1b-56b65b757084,MC,178c6016-a1b8-4148-b4ad-ea9341666542
546e46f8-c478-4469-8cde-af424182cb2f,PayPal,76fc20e8-ca55-4a62-887e-6883f0e14575
81e1e184-e91d-4aff-aafd-3811e75906b9,PayPal,b4f303c2-c906-4233-876d-2b57ebd66119
878f750a-2a4d-4023-9399-64576e8d8536,VISA,698c0cd0-156a-4dcf-803a-1e370d7e27cc
c798900e-e42f-458c-9685-c01937d61ef2,Discover,bae58e3a-b0ce-40d1-a4bb-f39062c31bb4
4c1cbc47-f4b8-4779-b2eb-bcce5fbb28eb,MC,9fe36ac3-681f-4c90-b4bf-5873df41f02a
928e3ab2-c494-4b87-81c1-b4440eb7fe5c,VISA,6847e68a-efed-4731-be58-969aa1566e65
6e234d9b-45cb-4f31-a87a-86e5d49e7da2,MC,71ce85c9-5430-40ca-b40c-d9fbb5c07dad
06ce4479-7931-4797-857f-976ea684fb3e,VISA,f2918d38-d369-4841-a3f7-a0bfa030eef7
903a819f-540c-4f91-88da-0fb93ab5f19f,AmEx,b7c05e76-6fe4-4822-9e59-74f970400ebd
913eb016-efa4-4d13-a963-cf7de48df032,AmEx,e00bb548-4ab0-405e-95e2-a38ae5bf9934
ee75ffd3-e672-498a-ac4f-e6d6cab5446f,VISA,b72131fc-2391-4fc9-9bef-c1535acdac29
bef07f5a-7269-45ef-a32c-65093332a2d4,VISA,731cd648-8e9b-4616-bc7a-f136e5b2a04d
fcbe61e5-8f83-4882-b21d-012d72b68e0c,MC,1703ed86-9b67-4fd2-800b-9715c2fc332a
07e354b0-1beb-4416-b0fa-4d2fa7811962,MC,cf464684-5ddb-4150-8233-225cfdfc7c0d
17051f89-1276-4ca8-a833-1c42b89bb8d8,MC,23b3e04c-11de-4fb5-86fc-b6ca45128956
d9f517fe-58e0-4c44-a7af-fbff3f3617ad,VISA,a873707d-7b84-485e-b197-19d1036daf29
20a75b75-a92a-4e25-9d4b-3c553e99d070,VISA,804bfa8f-242c-4287-b3ea-62f914c86684
c8957ab9-0b04-4ff8-977d-b44d12612a0c,VISA,04a6a48c-c9a4-4a54-ae13-2fbbf1d63091
4e8b7e52-e50e-4021-b6c7-6a815c5cd49c,VISA,353f05d7-057f-433e-8eae-46d0372eec16
ad1fab18-4877-4bc7-ba5c-88057e7f5277,AmEx,6e8bc583-9efd-4582-9d65-1426461434da
ad55f8f1-dad9-4d5a-be68-f8072bfc99f4,VISA,cd8a91a6-3050-4ea1-baf9-5a2700e7149e
634182dc-0b2e-41bb-bb29-be415dd1bd28,MC,4b08f891-ccb7-4ce2-be49-0f034ecc5f21
c5ba0194-7e42-4ca9-bd56-2dd627936d9f,Discover,2c224e71-2b97-4929-b697-5cb485189fef
e6101226-0075-4a56-9f6b-34aca70297af,MC,308ff4bb-73eb-4046-92d2-2278c989aeb4
1f34ed49-d410-4b46-be34-b75f1d78211a,MC,a6f2e1aa-90fe-42c2-bc11-7e0f2eec32df
ed51bb03-66ba-4518-9703-81eae92e2018,MC,bc19b768-79e2-438c-9997-6a60531609d3
e08d6069-48c6-42db-b18d-f8030f2577e5,MC,347067be-74ca-44b2-912b-b355ae595c0d
6303fe7d-ff07-4fe7-a503-fbe02aa6b28c,PayPal,34878b79-d81d-45c9-8096-11582a77a8f0
623ec1c8-a827-4df2-8cfd-616d70c0be63,PayPal,18ee27b3-ab35-4da2-9945-e0ed34ef28fc
54f48b1f-df50-4e02-a306-816d263729c4,VISA,a8247cf1-e1cd-4d22-ac1a-ea7e57388991
1c564b21-a280-4d29-8647-cb06ad65c9b6,MC,fd077e24-413d-48f5-a3e7-8719140a33e6
317d79fd-6e6a-406d-8127-9970774bc003,AmEx,21b5a72c-6567-4a12-91f5-3696316351d9
3ad45b55-7852-4980-baba-d433634b6372,PayPal,f540fc93-12cb-406a-8d4e-3e76cbab18bf
df4aa008-2eed-47b3-aa9c-ebe206ae22f9,MC,8010b701-a440-4835-b2f3-5d84c6a20acf
9e5b1ed1-87e9-4ad3-b6f9-bc3d6beae269,MC,686e9d1c-139e-4ea4-97bd-500eb05b52dc
8d74784e-f784-41a9-961f-5d5ab11162bb,MC,21bc7132-22e0-40db-a14e-3306a767bfff
b39a1db3-671e-465e-b466-751209f361a9,AmEx,6a1d61e9-9ecb-4f0f-b175-68aa7c29bedb
9a324d43-5554-47ad-836b-97586378ac7e,MC,cd072800-8cad-4a38-9cfa-29ab913f2746
20a8b536-1cf7-4e20-9a9d-909e7c685fcd,VISA,62fc91c2-d6b5-4141-a75f-2ff497e88167
37eb8473-17ca-410b-ad1d-b2f8f8d70c77,PayPal,66f244d1-67f2-4ec2-abc4-0853a22744f8
0dd23468-7017-43c4-a7b5-b5ceba6f4f8a,MC,0b132fa0-1b44-41b0-b7ab-d3a6e875e2d4
0121b426-53c2-4757-a085-e2e579579e82,VISA,ebc90a8d-280a-4361-968d-e05443d337f7
47c60dfd-47f3-4f48-954e-8746ef8ceb3a,AmEx,6987ff75-05aa-462e-bb6a-0aabd971b107
4b0c06f4-f81c-4e06-94f4-37e891a4d3b0,VISA,54e9fdb7-390e-4298-a883-95839a86a66e
5eda9e6f-3159-4a9b-a4d2-5d4356a5c309,VISA,563c5ed4-2713-4d95-b0f6-9a43ab93b0ff
30f79e79-bf2d-47c7-8681-ed9457901de1,MC,2be903cf-7e0c-4029-bd5b-15edcbc454bc
02b9ede9-67e1-479e-962f-59b9ab8e10a4,AmEx,0dbba989-adde-4ceb-8340-b8cc4eeeed22
66f261d0-a2db-475c-b09d-ae5bc54ef5d5,VISA,9a02bf76-8a20-4ad1-bb7f-ad0b2bddbe50
0801c3d4-73df-49b1-9499-bd36fab21eeb,MC,56336003-20a0-414f-a0b8-df34bdc362d9
8926ded7-1148-4717-9f4e-e63e9d324c79,PayPal,c38cf4ca-7cc6-4d6a-977f-7552bd470763
2851c16b-ab29-41eb-85bc-31677101a76d,VISA,601a87b9-902c-4bbd-88da-44e4f890606b
70112a61-e126-40dd-81cc-d86ad9b3bdef,MC,1b8653e6-70d1-46f0-abb6-0a24f9801cf9
378b53c1-5d74-41ec-ac03-d8882c227223,Discover,cfa72e48-ca4d-4ca1-a124-9a6e35750873
6d9c26d8-ebcc-4387-994c-c5426fb1fc83,MC,ef14c9de-4267-4dc6-a4a6-8ff52c6a132c
126c84fa-2b17-4ae0-8234-8bc02c744256,VISA,bb414478-ea1e-443e-b5d2-043fcc6c346a
31e5a09d-e52b-409b-8105-a8d704a313e7,Discover,e0e7c9ae-0b4d-447a-9875-4b79f34a8841
c2a1e783-222b-4a75-957f-87266511e2e9,VISA,166efc8b-fbfd-451a-bca3-a18eb77e1f84
6f1b32af-2805-4f98-99e7-b68a81099834,MC,b3c10980-305e-488c-a2b7-e8c341d036eb
2191747a-c824-4923-a0c6-980a6f532e7d,AmEx,06ad6edc-32e8-4cd1-bf5c-c813e4c02752
715215d4-d1cd-4395-86dd-603135b60e53,AmEx,7bba4367-4df4-45ed-9b17-c30ee1cf3457
d55a349d-fecb-4e3b-a51f-3c1cb0e52572,MC,38141d7a-709b-4215-a04e-92edddac196d
4af8bf5e-a1ea-4700-a95d-1d76a1f15dbf,VISA,74d8f582-d30a-497b-a96d-e11cf318877c
6e911481-cb86-4e11-83a4-b04b57b1315f,MC,9d1dc7ff-79eb-4300-a037-685bcb760121
93c6b1ac-adfe-4cbd-ae77-401dc1d3666d,VISA,b0f47685-4e6e-4c05-8244-0cebc4c4d06f
1da8f4ce-26bc-459c-b639-f87689b2d279,AmEx,711d35b1-7e12-4e8c-a513-1b01d521c3d0
c1732319-9616-4458-a07b-5cd6dd2c077a,VISA,a781cf82-d554-46d5-9963-6e61c33c1b28
1132856a-349c-4038-b08e-b64e39963b9a,VISA,a71aabd0-e255-416b-a074-0c6f98c51b93
a94911ae-762e-4cbd-a310-200934f75486,Discover,c3428bb8-a277-4b38-88e3-938a98e60096
8e56f02d-38c0-423f-b271-3eca1b2e8001,PayPal,798f0ad3-c3d8-4723-9b3b-fef1782469c0
cbbe08a3-e11a-4b36-ac08-6f3da171d835,MC,213095b6-24a0-437a-a082-dbc333cd547c
27e7900e-bc1c-4e79-b57c-a6acbdb4164b,AmEx,5feaa697-0d61-4835-80a1-7a85b3560ae7
23728a27-3c93-4bba-ae7b-e728567dac20,Discover,67e9fb07-e050-4bd6-8a9b-e9571ccc7a09
e1228b7a-4760-4361-9248-f4154a998e26,VISA,500b8a18-fd45-4cf9-a38a-177a0f73c263
cb7fa349-0dac-4165-bafd-0e277a523328,VISA,ac011c26-bdfa-46bf-89da-bfca36309507
54209412-d33a-46f8-8976-a6fe37590e3c,VISA,c473ccae-054e-4265-93b7-2eb8a5d84bf2
8826ebb2-4bd6-433c-9da1-6d7d76ff03cb,PayPal,fce72660-0de5-4e50-908a-9680070934ce
3e2e253c-d374-4c9e-bb8d-19bca1707328,VISA,b20554d2-0846-4e8b-84cf-448cfa9f2dfd
1a5e984e-bdd4-4e06-849a-eedd7a8db4c7,VISA,6af94572-2bbe-4947-a97e-8558d6be67c9
6c8f8d31-87d3-40ff-8197-55eef12317af,VISA,60f92115-f541-4b82-b3ae-61090d98a30b
a3b22f34-d34f-4915-9e38-da8408fbc53c,Discover,d2dff1e6-fa51-4d10-a2db-d9babb8343d5
c805b37d-a3e8-4cab-99ad-d2b1861ec9ae,Discover,6cc27dd0-ded3-4078-b9b3-574519ea061e
bc68503f-b398-41fb-994a-d9680f1985c3,MC,fb2ad1a8-fc9f-4e46-a16e-6d13e0eba350
6ec512cc-ec74-4d0d-86ef-50fb4b21cdc5,MC,5c1a6481-172d-4059-a7da-18b7020571d3
8f5977c4-4623-4394-b0db-519964718d23,AmEx,cb42dac8-ebe7-4494-b7da-555ed17e4414
93fbc85e-0f56-4130-8a13-16e113385afe,VISA,cc047278-945e-4af2-adb3-187454804628
6d5516ff-56a0-4f32-9b82-37dbba782509,AmEx,8286b762-de17-4ccd-a8fc-897f1644c468
2dde6183-f7e9-4bcb-ad24-8e50fbc3dbe7,VISA,db6d16c8-0b2a-4566-bd16-77299f6eb826
ad529efe-4983-43f7-b1e2-59be48b1cf64,MC,e6470f0a-da2d-49aa-a280-7e43c06e5c41
84d6096e-d211-4034-82ce-5c348aa6e2f3,AmEx,9bad44c7-16ca-4d48-8eb6-b82e39a87918
1cf99f64-8c3d-4d2f-bdda-5e080d5bda51,VISA,04e4fbf7-6aa5-49ba-acbf-94aaf2d7d735
84e5e069-ade4-4412-b734-7d789a37ecfe,AmEx,43cda8e7-1e4b-43a1-9394-5ba7c6674700
0363ebfd-279f-432d-989d-6415f25d663e,AmEx,ab69a2cb-46d6-448f-ada2-ac03f9d0432f
01195e0a-5d0f-4c0a-a754-5470aaff9b9d,Discover,49fe2e7e-ef4a-4dce-b8b8-f7b0af299816
e6f941d6-ed3a-4115-835c-5d23c9bf63dd,MC,3694dfdb-29ac-40f9-a72a-498171c574b8
a9abfa11-a4a9-48d3-9e53-683bdf3c5955,VISA,7b388fb3-b090-49c3-8c92-f6975c7572b6
62dba9bd-c513-4aa9-8b2e-51923944f6d4,MC,524fdfb0-dd19-45e1-9484-b87b8fe7c372
0c91cef5-203b-4f0f-9daa-14ed8186c872,VISA,a8343b39-3ad1-4b43-aeff-18b15f3ecac8
c6b5d6c2-c14f-454e-830e-0be2a99749ae,VISA,9f287a0b-bfa3-4185-889d-922bdf06b8b5
0c7df4cc-703d-4174-9ea6-9c89d4f38b31,MC,3f4f2c48-97f9-4bab-a0a7-db29ec4884e4
cf3a4696-7de8-489e-b627-0f7af6f3cb91,VISA,7521ebd3-ff33-4c16-8774-2c22ba3ee6de
328cdc1a-3cdd-4832-8cd9-3fc8ea9f40d2,VISA,5f4957bc-b8af-4d86-a2aa-ed2a2db871ef
288ec370-6947-4738-a298-41b9acec0c10,VISA,b3d5bfd1-90fb-4b9b-8602-da29fbfa5191
357e2107-8352-46e4-b70b-2f12a4ed87d9,MC,a0f088e9-923b-4ae9-93c2-a76b26d09929
3289068e-2dfc-4dc4-8443-15101a31045c,MC,4e3b58ed-49da-4f1f-b320-670a43dba3c6
e526a283-31d2-430d-b67a-a900894a2cc8,AmEx,323c699a-9c95-40e0-a5e7-fc56f5db3898
6de535f1-9a90-4ab3-bf4d-3df446b80184,VISA,7f9d23c1-17f7-4a1a-9e28-92f69989ebcf
70bbdb1d-ad5b-4982-8c73-83eee78e0774,MC,28755266-95cd-46d1-8c15-5ef2fc075198
784db1e5-0457-491a-b589-35c386366515,VISA,80528663-806d-4da7-8aaa-7e09519fc0fc
473f46e6-f2a7-470b-b1b8-3a3f99bce8a8,VISA,88529e3b-3fc8-4b80-be35-7ee9bb407c33
147e62e3-c597-4b7a-aa35-70c5b577ce38,VISA,894a01c6-6e0b-4b79-9922-8776cccff908
67af48ae-8952-41a2-8917-17716f39f61e,VISA,04110010-e929-447c-8a79-3aa873aae1c7
5770d8eb-72cf-49ce-8b71-a0fb688f9ea5,VISA,3ee809c5-3f89-47e9-b3a2-cca32f29f0bd
099ad15f-d6c2-4011-91f2-8774e9e15857,MC,ccc3ba3f-de7e-4c8f-b4df-a7903275f287
84aa16af-aa36-4303-817e-060ea0f139fb,Discover,c071ee33-200c-4a50-b042-be2f265c061c
6ddfb6e9-a929-444c-a5eb-198eb2268708,VISA,c304bb35-8bf7-4afc-b27f-8d1324c3523b
6bb86039-7ccb-4658-9ba6-c7c8fa91dfbb,AmEx,aa2e62e4-6610-4ccf-8f72-12df00d79dde
2e81c4f4-4ba0-49cd-a849-bf1bafc803f7,PayPal,ee4a6285-55d3-4bf6-ad26-82b7800ecf38
af22c107-8065-428a-9dc6-879a049c990b,MC,2bf02323-2780-422d-804b-614dbb421cf9
dd88cb1b-aa3f-4ddb-b745-c335874bb0c0,VISA,91a3c556-54cd-495d-9539-6c3755fd2bb5
6f7744e4-c3f0-4734-938b-f75ac58aed90,AmEx,cdda9d1f-d392-4bc5-a5a5-6fe86b2f58db
513291b8-4aa6-45e5-91c9-c66a1898d59b,VISA,b539224c-b2e2-4a02-81f6-d44d255fa011
cd2b21da-cd41-423f-b62a-086d364fcdbf,AmEx,a254bb51-3157-477f-a2b1-c09b94821a32
17021a77-20c1-40ca-a9c2-47182b622648,VISA,5578c3d0-5060-48cf-adad-4205926ea6bd
07ded50b-d862-4a6e-ae19-d67fbf740018,AmEx,ab9c2adb-a68e-438a-82c2-4874b74a27fc
591d0aee-e998-4c23-a59f-2aa27aa8e0e6,VISA,6e7acc0a-f737-4fae-bbe4-660700b53543
51fd3b23-ab59-41ee-aea8-273f615aa516,Discover,b0447c83-3c00-43b3-9216-78eed96af9c7
55ec3758-af93-40fd-9837-27cd8613b78b,MC,b8c22bbe-20bc-471e-9c58-345a1b5acec2
95285c6c-fe4e-4573-9062-698b7bb13aa5,MC,b4b919cd-705d-4f4e-a66a-7aaad1b6fe8b
545026d0-2d08-453f-8b9f-b91f1e499980,MC,bba087d8-4be3-4a6f-9c4f-38c418ad44a5
8c76f123-28a4-48ea-b049-30b6660a7bc3,MC,77dd4c06-3e0c-4792-98c8-e4970347b390
ee06ff14-6308-4ada-b717-aa2950ed0c37,VISA,28a6b763-abca-47fb-8809-ce3a7c4020d3
8ef0bc39-fb06-4cd7-8f61-1afb5447530c,VISA,fc1d55fc-2c3c-48a9-92bd-db3d54968d70
04600c15-638b-4c40-8067-f9a08185d8c0,VISA,f8042b59-5880-4226-a51d-672b6361bd45
11f5deaf-9c08-42ee-baf4-30c0703ccf8b,AmEx,53eaa623-e4d2-4959-8017-3204a10b0d4a
e6b3042f-9794-46fb-bf70-37c4f196cadf,MC,d58581d1-0ffb-4500-a703-5b7d8ac0c617
0674edc5-e093-4603-b503-1056b7881829,VISA,dab5c377-150f-4d63-8d91-27d24999cf3f
76ec6c83-badd-49ff-809e-b4532ad2dc7b,Discover,0342f863-d3ab-442f-a575-22d1694a18a2
f6135181-282d-4fa4-9387-45ccfd0c090f,Discover,1c1f4298-1c17-4467-be95-55b3992e5690
65f5dff7-fb7c-4bf9-b907-e49d97cb9c35,MC,7fe4e929-f74c-4561-88e0-1a765bdf1671
acbe160a-cc3d-49ef-b220-b68c93a4cff1,VISA,65bd0fca-675a-44e5-90d3-5d7e8603813f
8d496bd8-31eb-4fe4-b853-c005ab2cbaa3,AmEx,f566bd9d-395d-4345-98af-517888a2d08b
620161b2-65d0-4e7d-85aa-a91cf75031cb,VISA,ae6e6dda-ac3f-456d-85ea-b813eb778c32
1cd5d411-42d6-4f04-ab21-3a914f64257d,VISA,885970bc-5ffd-47bb-ae8a-2eff582a44aa
da3f1e3b-8eab-4ccf-ae00-fdafd08711ee,VISA,0b5d306a-8a62-420c-9c8f-936f0aeef899
fb24fe14-8f40-4552-a54e-a2b1485fb43a,MC,9c79b0ed-9e36-44d5-8fb0-db0fc9f9a650
4ab28c01-027d-457f-9381-73e743a8d0ae,VISA,d1078726-ad86-4943-981b-f86cb2ade551
ad67cfcf-4ec9-47bf-b7d1-7e87bcf633b5,MC,23278c5b-4b3b-4985-ac43-a91aad217123
e7c62e59-0c67-480a-847e-2e15fa531f32,VISA,2d3629cf-af81-449f-8cc3-4a898a0d8876
fda27f5d-f1bd-4f2f-b134-c5aab0ccef6d,VISA,ab37254e-c2f6-42ac-ad0b-fec311591d4e
7738f036-a4e4-4bb1-8d35-4393709d474e,Discover,ae34a83e-2f50-4691-9a85-094a12ce2f9c
0732624a-60dd-4897-b1c5-160a1f6b1e64,PayPal,5665ccf0-6788-4f63-8f69-dd95d4751e48
a199081b-f72f-4dbc-9f7f-9d33a5dbe3fa,Discover,302298cc-fb88-44ec-84d5-21a56d128bea
bdb2e6c4-bdaf-49dd-9cfb-5d060385ddf8,MC,b0a0a8ba-c78d-4b02-8350-e710504e3433
29619cc8-b1df-4fab-9149-7e19e57e6074,AmEx,69d26302-f59c-4822-8542-c56bb1d338f6
6e83605c-d041-4a32-b842-9a1e010c5082,MC,92257934-3f3a-425b-987e-fec9e20932a8
b532c98d-f302-45a5-9402-ffdfda361647,PayPal,aae34d22-291d-417a-a163-819a51275495
bffa0e66-f19d-4b6c-8f41-cd158387e4fc,Discover,ac36ff93-9598-4f67-bb3e-3360b418de21
8fb6c922-0f0b-40c2-b997-667b530c2da9,VISA,54c4ea0b-75c3-4c76-8d79-ebdfdb6353c3
922505aa-1fd8-42a7-8533-bc2234f5e91f,AmEx,309f012a-6136-4f56-bf53-d057ca803167
bb20bcc1-472d-42b8-847c-4cae5127cad4,VISA,fd725827-fdf1-4013-8535-1d6a1c732bfe
9244dcfd-31e7-4831-a689-2329f20797ba,VISA,6bcefe3d-f9aa-4f90-8f41-4ab06b417fc1
a0a9740d-4080-412e-94ae-3cc4f8d70dc2,MC,2b44d4f9-f40e-4209-a8ed-de366f919a52
e1475a50-fe07-410e-a3b2-ce87f22565b3,VISA,a5ea6729-24aa-4c3c-a76b-840a8ada6add
12262913-4c06-4bb3-b233-88b61c947b0a,AmEx,b80feac6-2ec6-462a-899b-adffab1bf11e
90b082b5-0541-4271-bbd2-1eaf4208a19e,VISA,42b5a8f4-35eb-41d6-8986-554b88942c02
9b691fa6-e235-4974-859d-55c81ecdf9bf,VISA,e4b889f8-835c-441f-a896-e6a5f7c1450f
59eca098-9fd0-4320-bf89-4252718847c7,AmEx,ec501797-d8f1-4536-99f0-b5eb46adaa55
40f1b8b5-f9d3-43d6-81dc-20a07d4ddb0c,VISA,56614f70-b969-4235-a98b-a7bd9477242a
ed77425b-d8b3-4369-88d1-2e7586bced2d,Discover,93d0b511-5f5c-4a68-acdf-b79e1b40ff33
a2ff4ab7-7fa8-4da9-a3a2-8913a01614cd,VISA,4fbdef14-819b-4835-82a9-9044c78f16d7
05b8c049-1d8f-4ac3-a625-c7d07ef0f73d,MC,5ddd3905-9956-424d-b4ae-f41a62bc1f5d
be7fc38c-48a6-42d4-8283-eedcadd6e932,VISA,1a849730-b1ec-4243-95d8-0848fa3d9dc5
2847b8ef-0b56-49df-ac49-0a5d570311fc,AmEx,2ffad646-2cc7-4ae3-b2de-650c3f72b12c
ab490dd2-c7f6-4a46-b46d-8a50e92ad980,MC,542c4002-9e12-4df1-ae6d-896f26ffd9e9
982af70b-2517-4ba2-a4f5-66b5d0830b24,VISA,a6798213-726b-4842-a0a8-d819f9e324e1
8b541877-0059-41a5-b08e-b55af49bbc57,VISA,2a9e7595-8412-4b82-bc1b-3b5335ed3fe9
bc098104-bcf8-42de-8e87-ed46b82d03bd,MC,15adcdd8-9445-4cd9-a8b1-ddeadb46f358
75d9d541-30c0-4720-b19e-c4534cfe3c32,MC,392f8d62-87ed-4a62-8be5-c3611d32bc7e
df3ad46e-64aa-49e3-8595-0503017ead42,VISA,db9d1bdf-f256-42b1-a920-e0d1b29f81b1
4b0000cb-fb44-44e8-8a79-e5c71bc8f466,Discover,9949f4d0-319e-448e-b91d-66debffae462
6aa25031-e6dc-4243-ad46-dcbc05869914,VISA,5f3bb120-9dcf-4f44-ba6e-91840bd3c35b
99499daa-a8ff-4e57-8d75-34f535f907c4,VISA,2b7454b3-6e86-40a9-8cf1-51705b7f4ff2
2d95e04e-032b-4698-8a18-0e68fb779067,VISA,2d11c48b-dfaa-41d8-b28b-572e38534cc7
eb2dca84-1c4e-432b-9573-b340ed773d33,VISA,606a72aa-efbf-4e4b-8bb2-380713fe38c4
24bb50ad-180f-464e-b8ee-28b468a1e091,PayPal,6939d878-16fd-4e30-a2b2-4ad359466254
088e4093-4350-413a-828b-c8bde62573e1,AmEx,8c4aea6b-9c5a-48a1-8755-248dcec69ef2
1b68df7e-f9e9-4992-94d1-8c3b3cc94164,VISA,88b617c8-f30a-41a6-8aa2-7562fbddc12a
f9cc0740-dd12-4568-ac76-cdacb838e1d5,PayPal,2f47ca92-6779-4089-8911-325a207fab3a
eba405e0-e239-4751-a1e0-f2763d3b0473,AmEx,f05b6ce1-b2ed-4b61-808c-c3d61240d9e2
9a278625-daf6-45c6-8287-f9c75de939bb,Discover,660dd361-aa4e-4b67-9b9a-ddf0f48cb9f7
ad614783-d075-44a5-960a-6c2693f5fac4,VISA,70d7ffaa-0e8b-4107-9b3f-5ec89187db76
88a2381e-0bfe-4f48-9b25-6f40ff349be3,MC,626d7f48-88a0-4438-9651-638003cc9286
0154a81a-79c9-48c9-9333-c286eb60d44a,AmEx,97510d5c-03b4-4946-b1bf-5b5a25663194
2f58d0b2-d041-4146-8149-abc89d754f19,Discover,56ef6d15-4ee2-4f09-9150-9bfd0a331987
434439fa-fbb4-40f8-a469-890702226548,VISA,5e4c1f9e-e592-4dcc-9164-663f4e262ab8
4bc2e857-bfbc-471b-a9fa-65b6a6006353,VISA,e914feae-e3a2-4bc9-b997-447fd34d0111
10021155-fc15-4f8f-830c-a1def8203ea6,Discover,2d6544a6-5107-4434-8bec-9ced4bb9febb
c8711d47-324a-4b8c-85c1-8940eecf0b75,MC,8869b997-da05-45ef-b714-c38980e5a296
164ed379-e757-44de-8104-1c407c945e20,VISA,0ff7cc5e-0637-4ae5-a5d6-2c206d37b15c
c2101726-ce32-4ce1-9190-c9f3150dc022,MC,14a8c3ce-52fb-413d-a459-0c94fa3d95c6
b6a4717c-4431-449b-991a-c427fdfb0c20,AmEx,270563d8-6551-4c96-a7ad-49bb3aa38d0e
f07fa403-4d85-45ed-92e0-38326b6d9e99,AmEx,b03567de-b574-45fe-b710-cfae88b42cf1
d1fb33e5-322d-4d95-bdbe-404510a5b220,Discover,d2a48819-8537-4a0d-abb5-5f5788954f0f
1ae0bb11-101b-4a6b-8f17-42008742c298,MC,25712663-04ec-47e9-9629-819d263207a4
a431a610-61c3-4f4e-9e83-c00897203ae6,VISA,6aa6bb82-b32e-4c8a-9379-17ffa253e5f8
08fd82f3-344a-4a75-93de-ac82c9f5f91f,VISA,7bc8d1d7-d2d4-4e54-b314-447d6c5e4976
7a6a83c7-025e-4fcd-baf3-ae767ada4240,AmEx,cc85216d-2694-47e5-93a6-8fb101926e6b
0995e763-7466-4362-ab6f-3e22d09b89b9,MC,d2e054e5-8728-44d1-99c5-1705a1a097a3
48c27a4a-2f73-44b7-ae3c-48d561aadbf0,Discover,e8b89967-06d2-4900-9e59-5e958de65d23
852dc086-b41b-4f82-81c6-193400420038,VISA,fcaf8807-c901-4bb5-b9c1-6bc3f36aa6b6
d64d26d9-0d3c-484a-b9b5-e866eeb55066,VISA,9a060c3d-5e62-4afa-9211-fcd598b64e55
0a80e5e0-71a5-4068-969a-4fad52604bdb,VISA,4f7c6a2a-b8e2-4032-853f-bb3c9294aa89
f0f15ed6-175f-4bdb-9c17-877c8afe5bc7,VISA,91b66e3b-7de8-42db-8e52-4d7ad3463d53
80477aa0-15d8-4ee5-ae5f-85474ddff222,PayPal,f1b5455c-18b1-49cd-b6ff-76c9fb422ffd
9fbafa67-c361-4cc8-b887-96aeb0acbbe6,VISA,e769a6fe-7b9c-4ac1-afc2-b540231dd03f
d05ff83c-6bbb-4c91-957d-ce30f4ab5c4e,VISA,e349bbc7-2ecd-4469-9da8-0f7b59f511d1
2ef4d822-e209-4f14-8aca-d97a4f85d59d,AmEx,292a10ba-735c-46dd-acd9-2559e6a5fde6
df6ccb54-8a4b-4805-aa8f-f4be6f0a361f,MC,863ecef6-cf08-41f7-b553-d841437c3f9d
1ffbd80f-6fd4-4f2a-a7f6-fbc78d381eab,MC,d584557f-85a2-443b-8aa1-55c9ee3d60f9
d06466cb-7ea1-4ed0-ac6f-4a3c64bc0f92,VISA,38251847-94af-4c74-83c3-77040be3d4af
d0891f15-fdec-4394-a708-62c680b5f649,VISA,27482613-633a-4ae9-82af-86f88baebc1a
6c545276-e3e8-4c76-9d17-e0822b06cd8a,AmEx,3a845afb-c96c-409f-b802-1abf8bd227c2
3c86132d-cf4d-47b4-be8d-677bc6f56bc8,VISA,27951b9d-91bd-4601-8b7e-70cb3dc933c8
d5d142e3-db1b-4e0c-94a3-110b19af94e9,AmEx,b377b756-51ad-489d-869d-26805c4824cd
6f82f60f-6a6d-4024-8dff-a78e4e85ecd5,MC,b878b8bc-325f-4844-926e-34b930c6ecb0
a338a362-77f7-4c26-ad7e-b0ae2c5d7765,MC,d9ca00e4-cd7f-453e-a122-80da02ef65b6
05d9bb21-27da-48e1-a17d-bc4d4db586c1,VISA,eb17ba1d-efce-4810-b645-4cab1c1449dc
14f48eef-2f8c-4cee-80f7-c9c37b1ae2f1,VISA,6c357e72-7f1d-46fa-8526-648814fee744
dbd63e0f-b1dd-4589-a237-6102b1408b30,VISA,61effb6c-89cd-42fb-862a-f9c1ecad8e07
5c3b36e0-3992-4b50-b771-6b128f24c365,MC,d0c1e599-28a6-40ff-a5d4-beab30e4b1d2
795d2c80-47a9-4883-ae87-fc7cd948e3e0,VISA,8693b702-942c-4054-ac1a-023763207aba
8f94e14c-a866-458d-a6f2-4592adbbfddb,VISA,08088697-ef86-4719-843a-484d02609bc9
de873177-701f-4d62-9600-02ea69ed3af3,VISA,b7421294-c27f-4a0d-adbf-f4664353a6d0
3719a2c2-a8fc-4fbf-a4fc-87fc1d9a5c9b,VISA,dbfd7ffa-bedb-49ff-be63-e94f5d8a8168
b7940937-a0ad-43b8-95d0-17540d1c20a0,MC,17b1c7af-425a-4bcc-930b-3da6cb11428b
19406f22-bae8-464c-b22a-3f6565b97a4a,VISA,bd9227d7-4182-42ae-a1fb-61b9928f6d97
baefe867-ca12-4c86-bd73-0829cb24db57,VISA,6e0efed1-8f7c-4a85-9fa8-24bb5cc381e5
bc784ac3-d949-4058-9920-94c1a2389d5a,Discover,76ae54a9-156f-41a2-96f7-7400416c171c
f4b78a29-0c17-4266-b210-51f89ce6f4dc,MC,465278fb-21ce-437f-9659-809ac77900cf
b8746180-137b-46ab-b1a1-fed9bc83f048,VISA,bfb5f8e5-c37b-4637-bec7-217ef41de7de
fd9065ae-3d41-47f3-bbd7-14dab1c3758f,VISA,7d714eb1-7f98-4006-95fd-86cdb78653d2
3d7e7c2f-9c34-4100-ace1-fb5dcaf96630,AmEx,c0fc6221-b578-426d-838e-2fee6e161757
c85d27b1-5fa4-4503-b705-b80271935acb,Discover,5bab4f1f-3504-41c4-a9cc-ed2c55a62891
5f581085-d8eb-4b5f-8a70-cf05dd7c2d0c,MC,2152dc29-3ae6-4741-845a-345db0c4df06
22a859f8-904d-4f09-89d4-7939b45f10ee,AmEx,b1436e84-f4c8-473c-8fe8-993294f9877e
6f6b9956-2f42-4646-97b0-0e8fe6a55c53,MC,26310b3c-38a4-438e-a8f9-b8efa6a6c93f
734abaf7-8360-4c85-92d2-a3880d2cf645,VISA,01555135-903a-4674-a6c0-e80725607e85
67e5c0d7-20bb-433f-a640-ddcb6d66361b,VISA,70ded090-47b7-49a5-9356-e702a1866c5c
eed788a8-67d7-4a51-8561-c55a75dfaaa3,PayPal,7f3dbd5f-a4a7-426d-a327-079f5ebcf329
ebb43910-dd48-4487-9c2a-77553a55d0ca,VISA,942fb7e5-a224-413c-af94-90de8ce32794
fc321d2f-bb7a-42ea-9b02-8fc6ce03c1bf,VISA,61c64a36-7c35-4b66-b262-2cf15b91a5c3
6de3c21e-bddb-44a9-b375-4969e3e64ecf,AmEx,54c743bc-e29c-46dc-9393-2f04c48efe5b
cea80b29-ee23-44ef-8268-bbe583870d89,MC,70a4d0ce-0a99-451f-b25f-119b840b828e
f31d22c2-cd20-47a5-ad40-19c74ef64590,MC,d25f0326-93c1-48d9-b310-b92b0f59e26f
52968f15-2bff-4b97-9a32-915449129709,VISA,f913163e-a464-4cd1-8783-9babe3730a17
b318f741-3b4c-4f70-b273-759ca5695ac6,Discover,3f62e638-02b2-4203-98d8-581c9c6418a4
bb7ad4cd-eb30-4ffe-a5c9-dc12d63de8d5,Discover,f9f47c08-dae3-4015-9d02-42cac87b44dc
163e3aab-3065-4a49-bb99-5e0adc9b2ea5,PayPal,463796f9-b3a3-4f44-912e-f239e724f370
f7422ecb-417b-46aa-a1a8-4c479e131bdc,PayPal,0ef633dc-5a45-4b34-9771-f6f47132a55f
0433a7e2-44c6-4561-862e-2f3027dfc669,Discover,39fff1ba-a2cc-41c1-a0ac-9b744decf23a
fd6f8dae-2d0e-4a70-951b-1a5ca25ac55a,MC,65af0140-dd43-4b6f-8ffd-0d23f4dc6e5e
902a08d8-3872-43ed-ae77-4595a97f73bc,VISA,879d6513-3fd4-4783-8a3b-682d0d485180
1c3634ee-d2fd-4362-a7e7-03dd6fbe97af,MC,f3a816d4-4488-4d03-87e7-c0429b214bdc
35bdae2a-ceb7-4d4e-bb24-b73a44dfd865,PayPal,b54348d3-1189-4640-8c70-acf93b0d1e4a
5face41b-8613-4298-b8d6-3808d337e350,VISA,02f81f1d-a58e-4bcb-8732-5cbbe308301f
1a88abf0-5747-48a2-9597-42e01a83231a,Discover,d732fa81-91f8-4c13-be42-11011fd82824
0d00d4cd-69a9-440c-b82d-65718b8a3796,MC,b0c4c00d-e47a-4a35-89a0-f825a83e1756
7a6e9035-df50-420d-b346-b9bc3cb10a44,AmEx,dbd64e50-ea9f-4e4f-9d6e-c9bc857ee4be
dbdf3c4c-b16a-4fbb-87d7-4f7c02b4fb18,VISA,408b537b-19d9-4065-89ae-a6bbc6ff6ddf
cc21900a-9bb6-4320-9ca2-d8728eee93ec,MC,8ce9e435-9a92-44c4-ae15-112bcd608aca
029655aa-baf2-4ce3-8a01-2c22ff9586b4,PayPal,99f95c5d-82c3-47c5-a7b6-7df6d8a9629b
44cd5496-57da-48af-8795-a5171d4934ce,MC,a8beb1d4-ac40-462b-91cf-f2e5aa405625
de736afa-b8ca-4052-b50f-d5c655ea0d0c,VISA,61853822-2a16-4717-b476-04ee0bb79420
2504ff38-6517-4de1-b065-fe215ff6558e,AmEx,de65e7cf-b8a2-4f4c-98ae-97492f8e6939
2527ad4a-967d-43af-a512-5187335f2d67,AmEx,938cac29-fba9-476f-84b8-bc0aa62d65ed
d6f53bd7-0ab7-45f9-8823-143da5e0ab9c,MC,978bcdfa-e416-4339-8f2a-b98c5583f245
d5386c3a-76f0-4a10-9b3d-b6031b655e66,VISA,c3c9352c-6bd4-4b3b-8ab6-efb525140d5a
ce863229-996d-458e-91d5-e7b61349c098,VISA,8b13950c-d14a-4daf-903a-0328fbdca1cb
31fe6457-4f7d-4a8a-a7d9-3922d5e36ace,VISA,f0afe4c5-ae1e-487b-a1de-39ff4baad038
97fa8eb1-45f2-44dc-8020-520e8f48d66a,VISA,e95dfdcd-d714-4220-bae3-2fc08fdf6b49
874ffa6e-d760-42f5-84a0-c0dc937d6d9f,VISA,2a889e1d-43a1-47c8-9a7f-bd3f207227bf
f00c7e38-303b-4dff-849d-59314c322a6e,AmEx,89818ac6-8c84-48be-893b-24f802c33de5
07a61c76-d7af-44f9-85ac-62077bd5d393,VISA,1c7335c5-8b20-4a5a-92de-0292e5e483d8
4aec5b82-3893-49d6-89b8-be67dd336d80,Discover,b1c0b05a-ec39-4daa-82a4-e53807df094f
f153c7cf-f864-44df-b738-37a4a58f90a7,MC,29b9d6d9-3143-4948-9670-9f94d0d8543b
0f679013-563c-4f35-9789-626be4d3ed20,VISA,c22a3330-6d5b-4f3e-83b1-e41267c60f43
90751439-f2a5-41e4-b55b-77b66a98bf7c,MC,10d8953b-33ec-409b-8ca8-278ae335eccb
bbbe02dd-cc25-4e17-83eb-1066abcc0271,MC,bb26029e-40a3-4bc3-a774-aa8e0d854d4b
6b808e31-ba6c-4224-96e2-65b1a876776b,VISA,89b06182-31a9-471b-aa25-ece39a2550cb
a9f75fa4-99d8-4664-bb31-2b75bd736f69,AmEx,5cbed7d6-a672-4377-ab25-2250506e8586
649dd9cf-8fe8-4997-9eee-3b2b7d333809,MC,18b84369-826d-4f64-96f7-310a4f54018a
09b37e22-fa59-4cc1-802f-4035410655bc,Discover,510dd198-0fd7-4f13-88ee-4ad8eee2abc9
c418e8be-e103-4cee-81a8-d1c73d116eaf,AmEx,cd5aba2d-784f-42b3-a33d-c6e1d5d375f6
b645d0e8-f9cf-47ce-94dd-eeb3ebd3c88e,PayPal,16f7ac23-4cb3-431c-932f-94a9adb60cf7
7b673784-18f6-4f4e-818b-6914368bc579,MC,bf62a680-0253-4086-b449-25f7a9a40a32
bba2d965-137b-4a2b-a8f6-f6995e08928c,VISA,7dcbe352-3794-4c33-b54d-b2d987d7688c
4ecc9304-4dd6-495e-b34b-87c965796ebc,VISA,225a56fd-b699-40e2-91cd-a733b9e20261
3770143b-efb1-4783-80e3-abe23c6b4407,VISA,b52e67d5-820c-4101-85f4-33971d950134
6e827a99-4087-4804-b5a9-23926f1a63d1,PayPal,e6902d37-5a3a-42c9-bd8a-f26106d79014
58ae89c2-91cf-40fa-a579-927452693998,VISA,0dec46ed-671e-4973-a2ce-814f1bde3ac0
b546f5d8-45ad-4ac5-93fe-be35580e1435,MC,084aac1f-032f-435b-833f-92920bf7dc5e
a02a26f2-73de-4ffa-a4b9-6dd227e30283,Discover,4005f441-352d-453f-b739-ecdc9fdc0f10
77d50779-3a3d-4f71-a1c3-27fb7ad30c8a,PayPal,accd54a3-0fcd-4e6d-92b7-d7e38bf41cbc
06b39044-524d-46fd-899b-6402d567ce6d,VISA,ce4bfcf7-6fd9-4d16-ae51-02516d8f2947
e12948bb-5947-45e2-88dc-88c3e3e3d897,MC,f34853e2-6cd5-40ff-b53b-80400e219ffc
d1556888-1523-4534-8aac-0eff6b0c4636,VISA,a5c2593c-d972-4312-9321-d4abc211f469
096e61eb-7b37-48f4-b073-55abe01f5158,VISA,27db891c-03e9-4720-863c-e4c61739b617
80b01ada-6098-4cac-82c7-738ed4cf602d,VISA,88d678d9-e1b9-425f-9f2b-cfe81079cd9e
37caf831-6b82-4233-afda-ae5d62ed063e,AmEx,103e5329-3417-418b-b64f-8d2c4a2b0d66
b588138b-299a-46e5-8a14-862582bf4b9e,AmEx,8eb473f1-64d9-4094-8166-acb16d0d1b60
1176651a-9677-48d0-8150-05f022452c58,PayPal,97735359-61dd-46bf-95fc-1bcbffd211d1
c58dbebe-ed37-4f93-b9e0-25150f11eaa8,PayPal,1f9a3e77-46d4-4e25-8499-eeac71f3c573
caa52f24-a479-40f3-b96e-3fa273196eab,VISA,d644b696-9357-440d-8a0c-f9680cfb00c3
24ae1a1f-2323-4b52-ae35-4625e07c8789,MC,4fd18d3d-7d37-4303-b743-16fa6ccc3098
b51ad299-b8e8-4e8c-bf4b-176cdb14b704,MC,4f1a02b9-3256-41a4-9495-9eb9085c16d6
02c1d780-49ae-46bc-9c61-6ee1b2281624,VISA,151e5b44-b90a-4df9-93e4-eb72a32215a8
5dadc588-e3e5-4396-b948-04a0a4c0c56d,AmEx,2f523a6b-8bcb-4dc5-bb1e-bf63b7a084cc
8b26b184-050d-4f2e-ae0b-a3640c0abfe5,VISA,f2a03cf9-c689-44c5-952a-d5045782ec8f
7181a8b8-5f34-4eba-8d30-f6776178e8e9,MC,cf0e94d8-3ecc-481b-bd77-b1722cf201e6
a1c87691-31d5-404a-b09c-8c70cc45b5ed,Discover,62e4e073-6d2c-4824-82f3-4ddb60b334ee
ff0c47ee-e239-4d24-9d5d-a044c26dde04,VISA,51293d4c-2bc8-4ee4-8ab2-b17a76235b9f
b4162f56-18c8-4ad2-beda-6738443bfc4a,MC,0220f382-a708-448c-9776-9be6ad8697e0
b312a1d8-b4e8-491f-b658-fc56060d8bdf,VISA,3e1472ab-9c0e-455b-9c37-53c9f7a98581
f5074e0c-246b-425d-9887-ea13dc2b55ac,Discover,149839ba-08e4-420f-a805-c7a875f20925
11d6a2fa-061c-4516-aa40-65a1f2addd24,VISA,afae3929-466a-42e5-b2d4-91d4bf1cf632
25755e68-534d-4f84-985b-5f484d203889,Discover,29a540f5-8781-43b1-8226-d66102de2d76
a83a180f-9b6a-4dbe-be54-46af7e8d2938,MC,f52e262f-b0ea-4c8b-bf3e-70c2f646374f
cad72279-92d0-49cb-af95-3b5d0c4a8385,AmEx,97a09197-7f93-4e95-9f10-22ef13ce2207
ca7a3191-eb2c-41aa-8d74-9b72bd9320c6,VISA,45c78dbc-f2cb-4c67-9298-494cf0bc3991
e2f0deab-22ed-4aeb-a6cd-2ff30acc4c69,Discover,4b2d88ce-117e-4126-85fb-e283c1f83648
4dfd9c99-0206-4d8a-ad57-7a8068368883,VISA,25ccbe4e-93aa-4a2c-a352-1903c03e4ff3
e63967aa-c214-4330-bd20-c95f998a32d2,MC,a3bdb527-1cd6-40cb-91bd-2533d9987809
19a29216-d8f0-4e31-8318-54c970cf49aa,MC,248079bc-5b34-4a2d-8e1f-a4747ce6fe2d
a7fbe0d2-0f0f-4cf6-bb9a-3383536ed20c,VISA,34a170f2-4bd4-4113-9df1-cbcaa77e0636
07bf947c-28eb-4b3b-8b97-134027f1e438,PayPal,f3f1e653-f72c-4ec6-b954-4ae82cf54d81
30d50c48-dc53-4e0d-81a5-77a61d96d9ed,PayPal,00cb9464-fc81-4197-9439-f23b3a950282
03aa60a3-08fe-4f3a-bc9d-92d2f096fc48,MC,295358d8-df83-418a-8c1c-10a410eb3512
72be79d2-6000-4b50-8d1d-7d0a4444d874,AmEx,54608db3-0d0f-4196-a52d-ef95314c10aa
83adfeea-96a2-4257-93b7-4701a0d4acb3,AmEx,87b20bc6-cb87-4f87-ac37-fe1ed717951e
3e92b175-d6c6-45d1-96ec-7bd12a0e143a,MC,e54e94e7-0553-475c-973c-531b093ac419
e7a23bcb-61b2-4780-a4e1-3315a2a0c434,PayPal,19a02e6d-1431-4c79-a38d-6eb8a6c10d24
97cdfd02-2549-4e30-b327-7e57df297eea,VISA,887527a9-8656-46d1-b7b0-706aa6aa7e55
ff02b996-9ec0-413a-9965-3983d4438edb,Discover,156c8958-dc67-44fc-bb3b-99544bc8f3ea
5e9fb01e-c825-4af0-8355-253efa70499d,MC,57dc143f-b57a-42bc-a64e-ed880244471e
d0cf198e-c1e6-4470-98db-b331f35d4236,MC,c07ecf14-e2f9-43af-a1c6-d7943cac2a5e
0ea7b6ba-b4df-4d28-a982-7abe33972c69,AmEx,879e412a-4f5e-4040-b79c-7ed112167d72
1008ce1a-6bc5-42ef-9efe-b1be73a52945,MC,04c050be-a785-494b-a2b2-35e226c06ae1
c30af87f-385f-4432-8c9f-812d90bfef16,AmEx,bfaefcf6-25f4-40a4-99e7-37c098ee6ec0
63d05957-3f42-4b7f-aa0b-96a01d18f981,Discover,7d578c50-d604-4836-9a09-03524bdecf78
e4bc000f-e3bb-4cb9-90e7-f5b829cbf6d3,VISA,4bd10862-610c-4586-9a7e-2ef47782a8c4
4695b44d-38e2-4774-8881-a76efb41bb26,VISA,4ab5eed8-e121-4c8b-8f33-e7ecc5a4087d
ef798108-af79-4365-a217-6be9d829d807,VISA,bc9c4f22-aa28-45fa-96ef-eaa8b42b2714
cd414eab-7e63-4a0b-ad75-7e553d65d50c,AmEx,5f02859a-8c6b-4bf9-8e5d-bc450f7b0c9a
3b56e75c-9b20-435b-bde0-f7f686cb4b30,Discover,fda81842-4c19-46b7-984b-102987914aef
99c6e37b-8e17-4990-873b-186efd2816f5,AmEx,cf1e1b4a-0710-4dae-8d2f-2702b18ed73e
637f659e-3dc3-4f6b-8937-ec217852c685,VISA,252df499-c183-455c-b7f0-8b07e14befa0
51fd6343-5602-4909-8b49-dde758d6b3ba,PayPal,6c485bb5-1c38-403b-86a0-af54a9193840
3b54882d-e1c2-4fc8-bc69-3cc96b2bd7e7,MC,0914440e-b396-4e20-bd73-8682b0711620
732486df-927d-4e8c-974b-53de3ce117f2,MC,9c24cda4-6e00-4ff3-a579-19916b9533ce
792c1418-72bb-4c67-bbb6-67d1206bd637,VISA,5c2bafae-3c6f-48c9-bdfc-c949e9038048
9c529564-9bf8-4f99-9d1c-b868347f746e,Discover,43612cd5-a3dc-4ab4-b30e-0642aaa9bead
93c3cc0c-8abe-43ee-b3ae-4d23c1cfb448,VISA,8bca367d-c038-4167-9dd9-6cb8d71490f7
89cbb086-ce53-49dc-a24d-70d7939b088a,VISA,4d4096d0-dff4-4422-9bbd-af50666ce823
ec5713fd-3127-41a9-a670-3bc65b862b74,VISA,170a1bd4-eca9-4e47-81da-6a3c037b111e
6ddb47b5-884d-4f1b-9e98-c3c73184f1ce,MC,8d0c5c59-16ad-4a68-bf48-306fd91e942f
96625f2a-a452-44a4-830d-10413718ee79,MC,58bc737d-4104-4eba-acd0-ef097166b455
4af01143-e60e-4ca8-bdd0-29ebe04e990c,VISA,9002e4c3-f274-4341-98df-08ee37e83231
f1d14ce1-fa4a-43a3-98d8-87d1791ee8d9,VISA,44cf6ed8-2d8e-4d30-ac3b-591873bcf378
c643156e-9713-4abc-b363-538000805b08,MC,15c471f0-e221-4995-86bf-9dcef565c51b
9adf822f-a9ea-472a-a181-899a75661e3e,Discover,1417f4e4-3923-4628-a5ea-2a49aa34a4f0
4860c454-06e1-480a-9462-1e36f1b01c89,VISA,94402383-a6df-4236-a215-86b26aaee34f
c8cb6c4c-cde3-4925-8b39-d68f2199ef15,VISA,16bf99bf-34b9-493e-acb3-519a94d8a892
b1687cb3-226c-4b1c-8b5f-a52498b8c34b,PayPal,95a7f6b9-ac04-4d5b-ba15-82bfd15ff1d8
d29ed130-2371-4d35-ae13-a3e72e91e3b7,Discover,f7fbdcfe-368d-4d75-be58-4f4fc7cdff54
907c1bda-1328-499c-9e81-bcf7b8f5c7c7,PayPal,4ffcd1df-1012-455d-a467-5704f06f7fd0
c5015144-b203-44e7-9ae8-0b07882435f3,MC,6c6e87f3-9176-41db-a5db-d34787376aed
faf085bf-283a-472a-9ddb-37b2be3013b3,VISA,bb001333-8ea4-4efe-8dd9-4c10874e19a4
55a473f2-31a1-4220-8e8f-3bcdd2855b5e,PayPal,b392711b-0b8e-49b5-8175-ff9202a1068a
fc8ff46a-1667-46ef-8284-287f6569ca95,AmEx,bcce5c3d-7e91-4f28-a265-99ceaffa21cb
c5627cb7-6c80-4b72-ac9a-471ec7f59910,PayPal,ac6ce203-1147-4578-a517-cb76660067bb
c4418e65-a4cd-4657-b9a3-6b832f0067fa,VISA,fbc4e338-efa0-4d14-9585-d3ce4503116b
86564951-44d4-4614-8284-698d1a1b2071,MC,355c897d-7814-4df4-ad74-a010f190e937
6948fd5c-5d6c-4fb3-986a-6a8e39e55295,PayPal,b38b8a9b-84da-421f-9837-7ba74aa0f0d1
f4a8740b-f5e3-4c22-8536-5bc49e64b6d7,MC,60404c8e-d620-4a59-adfa-3e48306a884c
9285509d-6a74-4d31-a2f8-3d9fd63f2703,MC,29c23327-9240-474b-bef3-d8209d5810e9
a722936b-71e1-4e61-abba-255a37ee1cb2,AmEx,01d786ad-df12-4dc1-bc0b-337eb27a6c50
f09447fc-a4ed-4e1e-b0d0-2b7205513ad0,PayPal,afebea30-08ed-4bf9-afa3-8ea1a8c597fe
d04954b2-05d8-43a2-b113-a0d117627c85,MC,281c7b24-f43d-4693-9bd3-3321fdca7ae4
6504481c-9826-4865-8820-90b72be4b6c3,Discover,dd9868f8-dd14-47b6-9df9-748b1bcd644b
31527f17-5f65-4250-af5c-595fd029c7a9,AmEx,0b27eee9-09b1-47c7-a8e9-1a27f2b4cf1b
b3659f42-a4e0-4cfd-8b55-9385296d1f32,PayPal,a12c38ed-4834-480d-a097-396cdf52e7bf
b94c47cc-864f-470f-b58c-31cc28b99710,VISA,8e136916-03de-4bee-8f72-d49d4b1d8040
c7eaccfb-e95a-464b-8b9d-f02caa0ca6c7,VISA,4a58a8ed-7089-40b8-aafd-27ccf17ecf96
f03f3ba4-bd57-48c7-b11d-974927c21276,VISA,a03da9ef-ae33-476c-8031-ac46b73f0257
b78a8224-ae97-43ab-a4e9-989c22e3530f,VISA,8befb61e-2a23-421e-b340-25414ccfc7fa
b023562c-8920-4abd-afa8-2ac3962e6524,PayPal,d17b412b-5b2c-4fdb-a0f5-1e304298196c
cfac04b1-707c-44cb-b3d5-ad4833eee893,MC,1bceb854-0a86-4f4a-80b9-d879a0e53568
a845a56c-5e0d-4e3b-afa3-dc2af8d1e755,MC,597df973-f0a6-4ac1-b505-ad94b283b2fb
5a3f441d-a2e7-4411-ba06-6495243422f4,VISA,a9e4f4d0-2015-4dd4-9b7b-6c568af63dd7
093ec64c-4b81-45c2-8dfb-514c8edcf4d2,VISA,6c601a62-1229-4916-b8c9-9fa7088e862a
1b0cf92b-d632-4835-9423-f79505f36165,MC,48a99567-c320-420b-bcb1-88e4c7d247dc
5ff3ee97-7410-435f-a3b7-5e2031ed03df,VISA,44fbf9a9-c1fd-4974-956a-73896239460a
96f079ea-1b5a-468a-a18b-61121c8f4e25,MC,82fd3390-9b8e-4d68-a13f-14cce4fc1f6f
5540affd-bd05-4455-984f-83ee9566dcae,MC,7f8c0662-165d-419b-94cf-d4279ffc4de8
a5f4a372-b0a1-460a-9051-278073b1ae50,Discover,59c1db49-cdf8-42ea-aff0-e797d1b3e1c1
538ad502-f684-4039-80a4-f2ebaa54a560,AmEx,bf728c41-c735-4033-8f75-dac00e628a15
668684ac-160e-4434-a563-528bff0aa2b7,VISA,2a056e68-27c3-4b16-b188-b4a48faf90a3
54717851-54a5-486e-ad48-592d68bbcdeb,VISA,a35461a0-97ae-412b-aa0a-7e9a5e3963b4
9a76038e-6687-47e9-b5dd-a30ae253c71f,VISA,c4843dec-37e7-4be8-8baf-eabec42e67e3
b168920c-1ba6-471b-87f8-1868f68f3895,PayPal,7de07a9a-1710-41c0-8db4-b955ad7d7663
4a4ca820-a30d-43fc-a8d3-74747c205ac1,VISA,7c9bc30e-0e76-44e3-bfdc-c9a356c4e064
ea3afd95-fc54-4266-9871-0801fa806b08,AmEx,37d2f2a1-f3dd-41da-88b3-a7e5daedc652
4d88b44a-9c8e-4380-a7a4-d35660d8ccfa,MC,fdc70b44-0074-433a-989d-a9d524852650
5b22c0c5-4f3b-4565-a864-d53e86bf7970,Discover,af9ef63b-7e02-448f-bcab-7bfafaf082cc
51977923-2841-4ae7-9f86-a867c884946f,AmEx,30c2b038-b6f1-4484-8132-3784085f57e7
264178bd-611a-4309-b37d-70fa89aad13e,Discover,480e97de-6524-47dc-af57-0b33e7a59c6d
36e4d8b2-bf26-4a6d-b2d5-4c7e95ab1d75,VISA,7db657f9-4ed8-4e2c-b298-b904eeb4fea5
f07a33b8-15f9-4505-a35c-e1c2787649e7,VISA,c3f9ed87-95ec-4244-87da-0e41abeb6f36
c354b6f4-1cab-43bb-bb0e-66792dae9cd7,VISA,09f49743-5817-43d1-897d-dd498adc7519
ded8e99f-347a-4647-97e2-548a59e0eb95,AmEx,c90c375f-1578-4e6b-9358-003d815e5273
d4503b8f-5b46-45ab-b7f6-b571e7557b53,Discover,52cdb70a-5911-47b3-8fe5-e5dd2a14fa33
bf4cb1c4-1dec-4ff3-abf3-927005b6febe,VISA,a930016e-b75c-4f2a-ab80-0fa69bf3590e
7b49c0ee-05ab-45d8-b109-b58b24ab1587,MC,ad5c4596-d8ae-4e66-b3f7-0b5766fee230
8b275671-1368-4474-aea3-7db8f34e2593,VISA,581340a0-5ef4-4fe4-8095-f664761912bc
0ad70be9-766f-469b-a278-52dfc3392912,PayPal,2ed02617-093f-4cae-a9b5-7e7bdf68435a
5ea9f4f6-a16d-4d5d-a91c-e7d563318e7b,PayPal,efb1a1a8-5350-42fc-8ebf-ab4e06d750e9
ca4297f6-547f-4246-81ba-fd58431d8753,VISA,65beb350-1501-4edf-a578-fdd3fbc543f7
f2aa7bfa-bc0d-4502-bd38-5b8a8c250b55,VISA,f50fb283-ecdb-4234-801c-132aceafc823
2ab1fe29-98d7-4f6d-87b3-22c7800615ab,Discover,bdd44069-c2f3-467f-92ae-0f8dcc9d6002
b3bd5c83-f5a0-4b87-b02c-a8b20ba4659f,VISA,14689b44-e1c8-4df9-8bb8-6321ae12f8f8
99df71aa-b052-44c7-9274-c7a272603549,MC,8bde5180-68df-471e-a769-4f2bdfdb937d
d03ad16b-548d-42cf-8119-f0be4e71b046,AmEx,cae78023-8aed-4834-99ee-45448ca5850e
50fb6a7d-5cda-4a55-b764-98859d1f355f,MC,24b0e57d-8fa1-4cc9-ac39-7a92e74521dd
c2eb1496-0290-4bd6-b8d4-dd7ede5e2d56,VISA,1fb7c80c-14e1-414e-a824-b94fdd31f165
5ce99a24-6e68-45c2-8851-2b570ff17bd1,Discover,fba215ce-efad-4a5f-bde2-f13044dea38a
28bad2e2-8189-4fc2-83f7-5d09b983733d,VISA,80b1ab2b-a42e-4f78-8a8b-6e147b60ff0f
f40d6dd3-8922-4794-85ba-ff018fb97699,VISA,a12499f5-de11-42a0-83ae-609a520dd04e
62b52f77-fe86-4ab5-92c7-3295f944bd92,MC,892108c2-52bb-489f-a699-cd649cbabe1d
0ea3d827-bc97-4ce7-9150-2c745992fa55,VISA,6814e3d4-1d5f-426a-9d4b-e4eaa6ad2094
5d50a8aa-051d-4a33-a895-935c1425b9e2,MC,0003845e-b06a-4b14-bcac-cbe215ab00bd
e02e664c-c10c-44ca-8777-811a4e9c8bfe,Discover,e0dcb91a-381a-4a0f-87ed-ee7ec4bbc7a9
400c5a54-712b-4609-a0cb-a99a73f1a112,MC,e507243f-f6e2-4f7f-b938-00dd0da22511
08669d74-c6a8-4526-853b-0f1e28b5de64,MC,1af903ea-93d1-4e3c-81c4-745f3779a84c
4552caca-7a78-49fb-8f3b-7d84f281cc33,MC,614aef80-c647-47a0-868f-b0b0c27bb036
a063ceb6-65e4-4e39-b581-c21f54f46ee0,MC,24cf61fb-55ca-4979-a172-8a96bf21f1f0
11095f45-f8f5-4deb-a074-4faaddbfcda6,AmEx,d4f16bb2-d7c4-44d7-9665-44c1128cfc19
953e9f65-f2e8-481d-aeb7-eeaf407323a9,PayPal,bad18022-0e96-479c-8598-dbab9edf965d
79bc3548-69ae-4e8b-b606-4bbc147f8e5b,VISA,3f48d954-7c88-4108-9a95-be53c30f4991
c825c163-131d-476f-8073-7fd998da9666,MC,3b7e15a4-e882-452b-94d6-a788804578c4
9a723c6f-246b-447f-9d8f-3333d14dde0e,VISA,592238f3-24e3-466c-9389-68eebf5bdaac
09d208b1-b26a-47fb-9274-ba1cea0a3f8c,MC,3b15e4d0-1fa6-4280-bc39-9f28d522bd9e
4d8f5496-1a57-4cab-9269-c8971926275b,VISA,488b94c4-84fd-4559-bcf2-0151f1541a11
068bf321-b1fb-4028-904e-58ce221fcf14,AmEx,36565e88-1d2b-4547-9cf4-15d99f41524c
82629834-1fda-47af-bce7-348a1943d1a7,VISA,00268103-9f7b-469c-9bff-d3180ae6ecb7
f0f96246-8964-4992-a1bc-120cc7ff26f8,MC,e999039b-4ea6-490c-be37-2970be34221a
f0a2136c-2c34-4194-bd07-52989e472e9e,VISA,e8499cc4-3bc1-4099-8e66-063d76b91399
99fefc24-6eed-4fc6-bab5-376bb5bc1cc1,VISA,e54b6f35-4b76-4787-af06-429a01e23676
74515ed3-7973-4b7a-9f7c-7d6147a65225,MC,c23e2fe0-2493-47a2-9c51-abab91cbf199
8263a775-d308-4e4f-9670-2c0652ea55aa,AmEx,a6340df6-ec69-4e7a-90b0-74b1a490f552
527763b0-5133-49df-b841-1eb1461931c9,VISA,9bd1b46c-bc38-465a-974e-4eba75cbbf8b
a900ccb1-d756-4cea-abcf-64ccc0439e9b,VISA,368a70fd-4e77-4865-882b-3d03ffdf8b4b
e2ec5e7e-9f4b-40a7-8281-8846b78308fd,PayPal,5786a582-556a-4db7-8270-60eb678f1756
90e6bea8-4af8-41c0-a876-e28cc35ea4c2,AmEx,6c09a9be-53a1-4069-a2bb-8716b0b9bcde
35e0d3cd-4429-46a1-9c47-1517d2b7cde1,MC,c78cf228-4312-49c6-9379-387fefd5bfde
35d298a5-9b2a-457b-9edf-a5a20cc1ff40,VISA,ea12916a-0450-433d-8f03-b633de8670ee
c3c1c3f4-4ca1-4838-a7ba-dd7c1e0536d5,MC,33f8d00b-82cb-4bd3-ba6a-e6d9abdc8217
facd9329-4b09-424f-941b-f520cbfa0877,Discover,9301bb87-b8cb-4237-9790-3250de7eb6b4
9e051439-744d-4e4e-880b-f29ff54e541c,MC,bffc4e5b-f3c8-4f3c-a846-10660285cc01
6b51356a-bf26-4fc2-85d9-3978170e96f0,MC,e30aca65-533e-4147-a8ac-ba1400758f82
50eca8e9-b723-4c86-aebf-22f25e9d5d71,AmEx,403c73b0-5c06-46a5-95a7-3ffcc1d0d362
aea6aa0a-78bf-4b0a-a323-6bd1f5256c57,MC,b5368a2d-e868-4478-9c03-d7ec8c89df7d
94eb8fb9-e071-42dc-a2d6-0f6c1f7dab61,MC,1c113fd3-3027-40a3-86dc-440e0a7a84ef
4dd2c6df-8030-4eda-9354-29b18ef0eaeb,VISA,06d6ec6b-6aa2-4d96-a138-f48608f88a3f
5d2fc97e-b50e-411a-be06-6d690b476379,MC,65606899-299e-4b45-aaf5-ca265bc0a5b4
1ec5dd16-59b1-4425-94e0-bcc03a7798c1,MC,88b4a634-ec76-4f05-b76c-c8dcd867547d
b9c47b8f-560e-41d1-9162-6184134469d1,AmEx,25e9a657-ccb8-48af-8aa7-971c5a266139
708c5875-7031-4c15-b298-d4cf6263bb7b,MC,3df1388a-ea40-4fa3-b534-070c8bead329
6e9b4f17-23a7-4a8d-9b0e-662c525883af,Discover,b3f0721a-ba7e-41af-82b4-6a7de6206197
46229b8b-6711-4825-afbb-aedbc9cd384d,VISA,c6faf47c-1dcc-4012-a224-34dc1a86217f
bc451cc6-2304-4b1b-9ebc-c8128851a25c,MC,e73ab8af-60fc-4480-a241-96c08b3ef269
9a1d5f36-1f00-4a32-9d98-2f02bd0ebd01,VISA,53e01650-a55b-4ccc-8ca4-b17b1b8d2723
94af23ae-fa0f-4b17-ae07-d340bf891127,Discover,4ce44ead-87b3-4fb2-a415-f41d9dbff6b6
6092a20e-4464-44bd-bffe-b2375070843f,Discover,0a5ec4f0-a341-4c33-be6c-7eb0831d2c8d
b5406752-f5f6-4dd3-87ce-56366d39b7fe,VISA,a07c469e-7409-4935-93bf-3dbc8faa79d7
5e713bb4-0464-44d3-be23-0e7383792fae,PayPal,bf40f928-a05c-442d-b980-caab83c4b22c
baaa3054-a11d-4c3b-83eb-21046fbf7984,MC,c3a26ba4-560d-4118-8ca6-f6b1d2d2896d
c9e8d1ea-30e2-4d2e-a775-de801096eb3b,MC,c5ead8c2-77d2-449e-ab7b-41ec9b773118
65d1a656-7190-42b3-8d53-4f9ba179a21e,MC,58044efd-70d7-4359-922c-d89d00ff1914
85350d70-4132-473b-9728-df5813825a46,VISA,18db9e9f-aebf-46d3-b1a3-c1d628e23da6
d874bcb1-8444-479d-9fd0-cedb1d393640,VISA,a72f4d59-df74-4ba1-b9a1-c3904eb8dc36
8167edf1-d6c4-4c37-86d5-1369fb0f44ea,VISA,66e10ded-d34c-4c09-a270-4fda749f864e
8cb3928a-872b-44ee-aeb2-b0bbf810dbd1,VISA,f0a103aa-60de-45b3-906e-bf3a24773f4e
0bd118d0-b737-4232-8283-2ee578c49342,MC,eba83e3e-7005-49dd-92ad-18fc905943f5
2a674275-bc2a-4ca0-8780-ac1c3c7844a1,AmEx,f390c53f-4723-4a6c-94be-45bcd4e082af
03bcbc63-26b0-4538-af8b-218248c63ad9,AmEx,6931b8e5-b244-4e73-b3a0-afe723fa4e24
cad486ff-588a-45a4-9d61-f00279d56e9d,PayPal,4450d79e-bde0-479b-b021-4451e62daeaf
bdb80622-f854-44f8-b11e-e8a11511a998,VISA,8b9cb0cd-bf22-4cef-b3d6-4b018ee346d4
daf0b442-b08b-4fc8-a9d9-da129dbd00c9,Discover,b2a9518e-1021-4a65-8c22-6bdf14a9efb0
acaeb3eb-dd0a-4429-bebe-2b06e36465fd,MC,b28aed7c-0b3e-41c4-a1c8-f364ab90fbf0
4ad02818-4885-489a-bdd7-0a69db68ba39,VISA,0bac796f-11e6-4195-adf9-a3d58caee001
316bc437-51b2-4f7e-b327-af8ec7d049fa,MC,cd3a5056-a733-45e5-839d-6f1cb1929499
8a263d8a-489c-468b-aad2-3ab5e9dd1e2e,MC,f21a7336-ca40-4b1b-a824-d27601858afa
2aa80da6-361b-432b-a5cb-5dde216f922f,AmEx,f15fcce6-b6f3-48c8-9b96-bca130199085
07ca3762-54d7-4414-b768-4364fd9efb6f,MC,8d008374-5ae4-4f7e-ba66-3506546cdb65
41eb36bf-78ea-468c-b722-4295d2440afc,AmEx,efefbc62-8099-40e6-90ba-6fe0e1ba51a2
1854399d-ae2d-44af-8894-3b324bc8d9b4,VISA,f6867de4-97af-43d9-b31d-902a7c1ab247
bb10e75f-a758-4944-ab02-24a89f838ce7,MC,e8387aa2-97e7-4a53-b6a9-56d11830123e
699e5ba4-e2cd-408e-b847-bedb8eb93375,VISA,982bd999-b4a5-4d01-ba8e-442daa44d837
5c317faa-efa1-4f81-a9ed-8381667e7b7b,AmEx,0211164b-4f90-4a1e-b633-beef09f5e2bc
04c8d780-264c-4844-a2a6-798efd38e5cd,VISA,db75d32d-182d-495a-bfaa-4ecafe8b6afc
aadd193e-378e-4664-8e4a-ae85f76562b6,VISA,0ed41686-5e99-43ba-ab0a-d531a4b96e46
44b5be83-a2fb-471c-8103-09dbeaf81f33,VISA,9dcbc494-47fd-4d45-93e6-3e250e8d34cd
1f1aeb53-2469-449d-848b-d5ea07b6aa1c,MC,ca93c11f-95a5-456b-90b1-15ee1751a90b
5d1daf0a-2cf9-40cc-a57e-681a0f726fe8,Discover,baf58fa8-6b86-4421-949f-6c81683e514e
022d4c36-dcb2-4e53-8868-34aa9facfe57,VISA,d7d21e59-a8a1-4556-9559-9478888b5ed2
11f214ca-ccd9-48e6-9a30-9ccd890a0301,VISA,c3b6fbcd-bf06-47e9-b7a9-1d16272349ed
9f6ce6e8-3f6f-4174-a4a9-7e8c1afcbaba,VISA,cda5a23f-02f1-49db-ae21-0e4a055b27bf
0b68d0ac-dc6b-4a2e-8fa7-1fc8980cba67,VISA,255a3bf3-3c50-4763-9937-e50f92a45d06
0e42e344-03b6-47a7-b1ae-66e81982780e,MC,721e032e-6264-4152-96a3-1c4f8b923e0a
ec1013fd-17b2-401a-a9ce-d2c8cd75ea8f,AmEx,b17ea947-1c74-4b2a-bb42-8bdd8b7f4505
43fe1924-d6c0-4070-938f-3584b5a34be8,AmEx,69e6278a-1609-4be0-b30a-461589de6f93
46166b17-e806-4f24-a6f0-11839571cf76,VISA,6dd897a4-94d1-47d7-b615-f7661f7919ba
8a170ae9-d8ee-468c-92c7-906425ea44b9,AmEx,a8cf8eb3-765a-49df-a751-444414d50124
294e5132-bb47-4720-8e36-f6ed0f788a9d,VISA,2e5c0ad5-f074-4e2d-b142-426402a82ce4
11f31c45-984f-42df-a16a-b410f30e664e,VISA,247c6f9c-dff2-403e-9bb5-dc3bea47fd26
4c0c94d9-9282-435a-82d7-96b8d6ca4647,MC,2676594b-c169-41f4-a6a1-d810f6b8edcc
50606c83-c953-4fae-85e9-e7a9910e219a,Discover,16519f24-15e6-4647-82a8-838c1578892c
c4048a36-841d-4dc3-b5bb-036a730fe423,MC,74932d8f-c1d6-4084-a72b-7d419b57325b
fd672118-e8e3-41f8-9224-c00ba72784f0,VISA,09c346ae-d9fd-4a0d-ad61-a35e697cd410
07de6b64-ce3e-440c-bf16-83a4c3d7341b,AmEx,615e3006-67d4-48fb-a187-c37a9b535f71
577129d0-c344-41b8-b14b-fa6af3ab4256,MC,423930a5-0cee-40b8-af41-728d9c3f929d
67698c48-e787-4415-bd3d-d909a6584fa7,PayPal,45fb560b-110d-4209-a56d-59fbc32ce2e0
2f0d135d-0b82-4122-b6f2-0257a5702697,VISA,33d37997-ca00-4f2e-b171-6949cfeada7b
8d276924-758c-4b72-9e11-45103a0d4f54,AmEx,0e9a554a-1919-4469-96b5-e27dbdcfbfb0
b513f3d7-41ed-4d6a-bbaa-335bfa1453e8,VISA,7f8cfb9b-629a-4705-aef7-2f58424c1221
8a6d4a42-a528-48ef-b5ba-5ff5e342a9d8,VISA,95666d76-f0d1-436d-b098-c7be4160470c
5a195eb0-24eb-4c8a-9291-1db517ac3429,AmEx,5dd04e10-c89d-4da1-a933-5f84e4f55698
da62ae82-abe8-4cc5-b55c-5e16b4e23187,VISA,4e0d4f17-31b3-4886-b1ed-5faa4c09887a
daa71eb3-9161-4f51-acd7-8c232b23fa50,AmEx,210e1b9c-0398-487a-acc1-037b73c7b11e
9f2b9125-9323-481b-ac26-007fd38112a0,MC,5b5aab9d-76b7-4140-ab1b-e8144d1dc1f4
7f16b700-4a35-47e6-9334-50a17b794e6f,VISA,4ee5d900-f524-4284-89e3-e752b1d61a9e
3b770382-44d8-4527-aa2b-7bfb75806f11,AmEx,ac11afac-4f49-4277-8bbc-a891d571a327
b9864ad5-f474-4115-8441-733d4accf412,VISA,2f079a47-aff3-42fb-8998-2fe69df5005c
2139be57-a4ad-42e6-9484-0e8f158266ce,VISA,9d9e903d-b369-4aa7-8628-9c1f9e6018ce
4eeb9757-5fbf-4cac-bc8e-a6d06872e7e9,MC,6f4ebccc-d2f0-4257-bd36-d174187ed530
d9b132a6-dc38-48ee-8bba-1fc94b61da2f,Discover,c99089bc-6613-442d-81e2-ade1c0c01358
3df6c8d3-f6b4-4061-8ba5-4bc8326b2e10,PayPal,352bfc8a-ffe6-4f34-99f9-67d5f025afe3
469b25b3-d021-4c6a-805e-2dfc90dd39c9,MC,55c021bf-f3d3-4861-b4e5-8dd94bf1e6e7
219d9b09-6f9b-4551-8104-e7062572816a,AmEx,e747645f-c2aa-48c6-ba40-43602e7f84ad
3257d03f-9ca3-4507-b946-b4e81a340538,VISA,416be0de-235b-4c7b-9840-972896bd35bc
fc166932-2a8f-44aa-9cbf-4f777f658389,VISA,f8a9eb98-d698-4e2c-a52a-ca90217c91e2
0e358b4e-abe9-4d0c-938e-ce289372ab2f,PayPal,b135b30e-4634-4b37-8220-0181efc78338
09029f62-3638-4062-954c-1d80e9ff92d3,VISA,c2e8f523-60d1-4ce8-9466-2ec68e5deaea
9b8c0c79-a821-414f-8ee3-171c6f28f505,VISA,21b307df-d893-4ffb-8988-acd7c1f40df8
e262f767-30fa-4e64-9848-4cf04c44bb49,VISA,6a41dda2-6698-4cf4-9308-12a95c43aa20
f9208995-01ba-42a8-bcd3-de840d01e267,MC,3bec88a9-e07e-4c45-8369-7d6741ea2bb3
bb9fc587-dfba-4019-9eef-773a45db3475,VISA,86e4100f-0711-4c22-ba9f-ae47b322d9e2
7d47274a-4e2d-4f16-8655-13446aa4e294,VISA,c4380719-266e-483a-9143-48d6a8255726
6b785ae4-d51e-4163-8073-3cea3d2c2ac8,VISA,99d9d9ef-ed1f-47c2-ab17-ce66ffb9ba0b
75444f86-7526-4275-8d4c-d03759d67fef,PayPal,934b4456-8022-44ef-98f2-36aa48295c88
3bf05172-e106-421d-a934-003218a7c072,VISA,a2b6fe53-f2cb-4c52-902a-708689049a1a
7cfba410-7d3a-407e-b1b2-137466004396,PayPal,75e6976c-fc6f-4ec4-9b8c-102e181c0930
8940bff7-82b3-4a93-8155-18b7f9db9846,PayPal,e3561b01-aeb0-41ac-9f93-add8f44ebf85
cb3f7f1a-8f08-46bb-9c39-dfc383130747,PayPal,b3843940-3793-4374-af6b-84f6ff03f192
15fa11f8-ec56-4caa-adf4-da06820632c3,VISA,3ffe86df-20d8-407b-b746-acee86ced4d0
538fc866-e9cb-4903-9b20-60a0927473c8,Discover,37f217a5-66ae-4c7f-90bb-c2444e0aab5d
cce8aad8-73b3-4eb5-87cc-0ea5babf0278,VISA,b6d64fef-e91b-4eac-92c1-eaa4c22556cc
fb539323-dc0b-4100-bdfb-48aec3e41bc5,MC,37debaba-2458-4531-82c7-f4bf2b3f5340
bdafff85-344d-4873-b9d4-a5bc9597184e,VISA,97c9adf8-a797-4821-b6e2-d977dbfde5b4
42a4a36a-8828-4eb0-bf47-f669099704fa,VISA,a8a31ec2-8de4-44a1-8378-cac1e932d10c
84007e9a-865f-4bb6-9ee3-4d8d3d78e7b1,AmEx,df254cd5-7d9a-4224-be4e-6289fd372360
679666f7-900e-42b8-80c0-d3f70a74180f,MC,85f36530-0175-4424-be9f-f3d73f093717
87f4aa3f-af38-4ba4-8640-86d460a6f53e,Discover,eb28b836-1ffc-4ce7-8c89-889931336fb3
e4ea96eb-811e-42e7-b213-9c48be8eafef,VISA,14105a5b-d38b-4f95-8655-db10847edcb5
5371b696-d457-4153-8513-b14339ba52b2,PayPal,e4886213-6314-48aa-8a82-6213a1fb0549
c5d2bbbf-f7b3-432f-9a92-46ffd0cfa546,VISA,c7076a65-00fa-4227-ac8d-a9ef747bf1f9
066d2056-c21b-484d-baf7-c55bf32045a4,MC,d2d219fb-4f10-46d8-aeaf-0f3580d519ec
e933612b-4d72-42d7-97d6-8b3af7c0402b,MC,157956f7-7d13-4c1b-824e-23c943fd1130
8c296bd2-a40f-40f8-bbad-1ab434306c10,MC,b455a9b9-24b6-47fa-8b7f-f780dd90ee98
a9629815-12e3-40ea-880b-8a5f7927d3ad,MC,f8676f9e-1d18-433c-803d-0f9ef652aeaa
bcdc3fec-2e9f-481d-8300-d65d2ad7c4f2,VISA,a6e3c3db-ed9f-440f-8f29-6932959e0627
5520fb09-4ff9-41a9-8e7c-7742fca3e8d2,AmEx,eddeb891-436d-4b8d-987a-956de8769db3
e3420544-2be6-4654-99ff-99ca27fd632a,PayPal,37c90bde-8ba8-4948-bdb5-ea7efc04c669
5b4ef6b6-1a3d-4f59-b09f-eb9db55eadf4,AmEx,5a4ab0cd-4555-46ce-b101-eb81ac63abac
e0dd1c72-5802-4e08-9046-87ac7c13f815,VISA,578adf73-a6d9-48c8-931e-e75ddf7849ec
9309b836-bd6e-4d20-806b-3641f15d4c07,Discover,f76af3f5-4c15-4449-a057-a44e343c30ad
84469597-756d-466d-b8a8-558bd97baf7f,AmEx,3338fb3a-236c-47ea-bf4f-f4c72bf3bdd3
d88b57eb-bcb7-4d01-a58c-e666e42ae200,VISA,a47e533c-25fb-4928-8efd-309b221ccf5b
213de0ca-0e6e-4092-a029-68158ac37c9c,Discover,f09fc633-4eda-4583-a8c6-3f05112f513a
a57cdde6-848f-4ba3-a526-36f5552aaa8d,VISA,45b6f3ea-a8ac-4f3d-86e9-e82a92fdab0f
79b314b6-d65c-49d2-95af-5044e6d332d5,VISA,e42b4fe8-a9da-4902-b381-0f98a1a155dc
7bf79538-4d50-4a92-8703-d94082977e51,MC,27ad6183-cabd-4b4d-b6c5-18afedb7ed13
2cacd8a8-4b5a-4d7a-9819-923e8881e0a6,Discover,26ab941e-1b60-43cf-aa07-3077c1cdadc2
1b2c58b3-5965-47fe-9e8d-8674af3a6bba,MC,21db7dcb-810c-4c13-9bba-8a66bd89200c
b9447251-d985-42f9-a7f3-3763eeb4f0e8,MC,d6213aef-0585-42d4-9577-57f6e149a7d4
66b1fbc4-36a9-40b9-add4-be67417fa40f,MC,855a0734-7f4c-4437-b6b8-f9c06bdeebf7
f1b239c7-d93d-4bb7-850b-41403d5c5110,AmEx,e50580aa-ec00-4ed0-89ba-d21603a3d092
d13cd18a-9833-4a0c-ada9-c657983ef508,VISA,3295350f-2315-4f69-a31d-9a1c572d034d
daf58645-f49a-4ecb-81b5-285c84f7e698,PayPal,ec6dbcc8-fa39-4af8-b06a-8cb769465b1d
c14c886f-1411-4121-9ad7-be0a00e913b4,VISA,333f0e94-76b3-4cf1-81c1-65685d695dc9
9f3eff4e-2f67-49b3-b7aa-3d59b919a591,MC,b992c23c-b69f-47af-a18d-4d5a52b3fd27
12e7656f-ac59-4f3f-942b-2f82145219ac,MC,ea59a706-cf6d-4da1-9b2a-e7a9b574e50b
6f8363b6-e2a3-463f-aa86-1dc520a4c332,MC,557c7ed7-4934-4850-ae9f-afb6f0d1b38e
385353d0-9c4f-4072-9e56-58d7352d381a,AmEx,2aae08c0-9fa8-4d01-be9b-87f9e7948797
a47f6fdc-7111-474a-ba5b-27b645713cfc,Discover,1229a720-8585-46f4-a0fa-a47f099bf468
625c7c49-aed7-4c04-9a23-fdc1db1c4066,VISA,59393506-9daa-4080-85f3-589f65c7d614
163769ba-48e6-41ab-9a86-a75de2244dd4,VISA,5aafbcc8-1871-4d5f-b4e2-8cb7a757edea
fc8f1c17-bb4b-478c-bcee-7238da7350d3,MC,a39299c0-ccdb-4c9e-92d8-9c3b7c72ae1f
a7cb49cb-2c69-4ed2-9ddd-b6f2d2229265,VISA,694d091e-0e08-4172-81f1-a0619be8f233
5f05eae5-74b2-4bae-97ec-c90580546739,MC,eebe0b53-33e0-4697-84a5-63e00b89fd63
5daaca30-4bb9-49e3-87d7-8baa5ab1b00c,MC,ed2ad6a7-5e92-4dc7-b507-2ad345854e4d
2a68400c-6859-44d1-bcbb-e29040ba8bf5,MC,12b75253-9771-4887-8724-881ef39db01a
eec1e9dd-54a3-4f01-907d-47f69570119a,AmEx,ae70ddeb-1119-475b-9260-a5cbbc2671e1
26099ec5-b0b8-4a09-93b6-e43fc1036b66,AmEx,7e4e1245-13e7-4b0e-ba84-e6def72edd89
393adb2e-92b7-4af1-b06c-cc81550165b5,VISA,de773efa-deb2-4e37-afde-7e46b266401d
a0b82caf-c6f2-4a45-a36a-080ffe6b3aba,Discover,8b034094-03b5-4b27-ac02-a397277f54a1
a946dc23-2218-4df8-8857-bc48bb6096f3,PayPal,a13e9341-c16c-4397-8e1b-403db8b47497
f8782c71-5224-46cc-a9eb-34e9f6aff579,VISA,388f2c58-6b2d-4882-99a0-0f6a7cf5130c
07c560ae-3f53-487b-809e-dee2a2cef191,Discover,1e4d73ec-1534-4d19-b670-f6a89474c2f6
3ce2ae23-8f6a-4be3-ae06-ecb5bb56e082,Discover,87b255f8-bd7a-434e-ad36-95ee08099fd2
8ffe360f-b392-4dc7-8b6c-137b6cd0a27a,Discover,778237b6-3e4b-48b3-a0a7-4f51d8a55f72
adf5e423-7ff2-4734-a1eb-8b8e11845dde,MC,c96cf821-5941-469b-833d-e116ad2bd2ae
c408a1f3-f3e6-4cb6-bc34-ae342dea4972,Discover,5e8065f2-6d6e-4d44-ab53-b1ae6880f8b5
0a126365-2ae2-444f-ab10-4a95c221279f,VISA,c147acec-f2ca-4d4e-96d4-7e8a18900119
a53de076-cf4b-4f7a-a85d-00be8b92371b,Discover,1f124041-8e82-483b-8ef4-4c88eda4b63f
c61bc8d0-eac7-41fc-97e6-23d2ac6c5962,MC,7692468d-7c71-439c-b31a-0507b32551f9
c966692b-d5d9-4835-b301-12da5bc2aa4a,Discover,a4ea9601-8feb-489b-8617-c0ed9cd3b5a4
8d5b08a4-076f-4839-af0d-cb9fa50a8bf3,MC,51b1c262-f15d-4995-aed2-f92af71faace
2bbc2843-0967-4373-99ca-602f8d66f3de,PayPal,c67d8b78-eca6-45c3-8840-f303ae5f34ff
7f083d79-a3d5-4bc9-a302-92126e279c31,MC,608bdcc7-9a3f-4689-8a4f-c597a059ee6c
3971fbd2-f80c-459b-8a3d-06e181932181,MC,338f372a-6160-4fe9-836d-f07d647543ea
1f2a75c4-7b29-4137-b7ee-11e2a9b18f7a,MC,cf4d9741-98ab-40e2-889a-f7a72b1a4df0
74b2954c-7f9a-4e6a-a68e-79cfa366d937,AmEx,596e016b-c2f4-4cfd-9add-61de3f28848f
af7a11d8-0a1f-4635-843c-c6743cb0c9c7,VISA,75f55956-63ae-4178-9bae-2ff264ddbcc6
0c0a0823-d0f7-4b1d-b58e-7441fbc17238,MC,1e02b2f7-44ce-43e3-9110-10d6104f5c27
e2aeb4be-9ab2-455d-b0e6-1b8eb4710606,AmEx,b3578c31-1b28-4190-a569-99018e77a17d
a7c4b3fe-3787-4183-b486-953e6a5e8287,VISA,e1426779-2c8d-4d4c-9f29-08fd136480bc
5f86b555-3bef-42c8-a2ab-485099e20ecc,AmEx,cabb01e6-294b-4e7c-ab4b-bfaaca42369d
ca0b39ca-3441-4a1a-9c9e-aac174c308f2,PayPal,b91c87ec-05e8-4781-bc04-48b75df70d28
42c6515f-6e45-434f-adde-4429ea195f83,VISA,f64b7f82-a4f1-48e0-b826-dc9a6e697fdb
59503bb4-18e1-4ee8-9dbc-3cdda3879f03,VISA,4e482e93-6773-44e2-afbd-3f72654a163e
6b9c15f5-c6a8-4764-bc34-58d81b52eba7,MC,f1d7ed0e-d1d5-4b35-83f2-58306e5ac06e
7b01d3f0-885c-4b80-a27a-bbbd321cd81e,Discover,10353f34-c86e-4098-927e-a7ea6ce9c7a8
e425362e-5aa4-4abd-9951-b71cf4fabc42,VISA,ab983fec-1c1e-4d20-8767-3e1ea0f206ee
e577d984-565d-4384-a326-cf59d8104d0c,Discover,a16d6c04-e961-4cac-956f-c304134fa26e
71aa089a-6cfd-47be-97c2-d15db5a3e813,VISA,08284bf0-a684-4ccb-aa15-609e20e48631
4111139b-3af2-4b6e-9a0b-c4353dd861a4,MC,6fe261d9-c4da-4601-9cfd-97c578193e53
6c0fece1-3da2-4cbb-9432-1af30408b6a4,VISA,ed2d5161-18a7-46c5-8811-44954e959485
fccf7403-e67f-41a6-b246-451d1a7e4061,VISA,78162a3a-9abe-45af-a999-c9f7c34d0b1b
61daae35-ab8f-426b-9f76-a68b723f6b2a,MC,d37e96b2-290c-4dff-b31a-7cb9e64ca18b
4568a486-49c8-40c6-9d35-19d90bc0cf55,AmEx,74d76bb5-7089-4f09-aaab-383c9abc8858
183d0d9b-de24-4c2e-b42f-04adc7c6b977,Discover,0e7c1354-4272-4759-9194-3dfcf9db24a1
cc514496-6ee2-4f24-a771-de9cb9301572,MC,0e5d7231-6d91-4d3d-a25a-10df7c1301fa
5f02faeb-86dc-426e-a90c-1383e70427d6,MC,dade5187-3071-4c69-b5ad-41ac19ed9713
6d2cfc0d-2fd9-4a01-8666-936e68f6e900,MC,55fa4227-7ccf-46d1-a072-3a8543ceb22c
ddd0506d-e819-4568-95f0-9db4a185936d,VISA,e98708d1-7e3a-4983-a33f-128c3c3d8bdb
f038ccc3-7b91-4330-a55d-42d2bdc28160,MC,24142854-4742-4d8f-b2b5-ef8cf97b79ab
cf3762bb-12ab-41ca-bd6f-94246f7b3f09,VISA,78c8ece5-5284-4051-bdac-b3c58cd6e9e3
7af60ec9-730e-480d-9dd8-df59bfd2e5b4,AmEx,2de5083e-5228-4274-9149-ad351fd03ce3
c38f078d-6fc9-45d2-87ed-cc103a53ead2,VISA,1ec192eb-16d7-4d55-819f-7b53021c339b
0da9c6d3-0eb1-4ade-b453-4f246072e7cc,VISA,8a784c98-4c9f-4cef-b7f5-2bb155d16062
f3ec9601-8210-405c-bf33-7683c2fca269,MC,8a5a1f52-9ab3-47dd-8172-84fee0b2bdc9
d2900bcf-1064-4dc2-a84e-e18d8e1e311b,MC,96d31b3b-dbae-47b8-af37-83446c600b92
119eeb98-2531-4031-8ff3-84fe881d0553,AmEx,7b83edf2-dba8-42d6-838d-919e2f70edd8
a73ce433-d3d3-43ec-b8c7-bc817f324043,AmEx,3d6cb071-51de-4e87-833e-f05120555137
d8cb4b02-6f1d-47f8-9503-87f0df16dc91,Discover,dcbc3292-72fe-4e65-a7a8-7980affb26a3
b7c6576e-f49d-4287-83b8-666e89c404c2,AmEx,50d48ada-5c54-40f3-8513-7babd9b7db02
dbb9779f-00ec-4f7b-a875-2f00add0b935,PayPal,d430f37e-c34b-4dbc-9f79-a12a3b0e223d
999ee31d-da33-489f-9b68-cf1358fd7eb2,MC,bfba6e5a-b120-45fe-92b5-340922a6fe99
433fb3c4-f123-43b4-a83e-e8954d0957fd,VISA,4708beac-8b56-418d-95af-504171f6766c
69e99934-12e9-4cb5-91d1-d5e725eeb48f,Discover,6f020d62-d10b-4f85-b5cf-c73f2acb084f
6f538aa2-cb7e-4d52-b92b-5123a5db9d9b,PayPal,a2919cba-2a21-46d0-b0ab-5a9b46ae4ec4
bccd8d48-0e59-4e00-a4b8-21f86f90793b,MC,b718833c-2ae9-4608-94c1-996f9bd116ff
96a8760d-0861-461f-a38c-8bc68acd7470,VISA,330fa3e8-d0ac-4a99-9db5-4fdeed083cb0
81f65e3f-0e99-42d4-8aec-9e25a8936037,VISA,1d53f3a0-02d2-4bb2-a759-bd155ca510e5
05d31899-f97a-43be-9a67-3b14626cdb8f,MC,f75ba566-c9b2-4d49-8a65-24420406c2c6
04241cd3-77b8-437d-a7c5-0893464c79e1,Discover,f3bb1ec4-5b12-496f-83e9-2a6140966864
b7afc0be-6a1e-4641-9a2f-6c0b9469fcf6,AmEx,4e354b51-b20d-45cf-98e5-11160ec60790
cac78ca6-343c-4159-a330-31b69e77fcb2,VISA,fcec2be3-e819-44e0-aa32-12f252d7bb36
9fed0fa9-6bf8-41d5-b706-6bcafe513f61,AmEx,d527effc-c9d0-4c68-b5d7-479eac34e4b4
a2bae322-64f0-4cc8-b4ed-0669140d1c27,VISA,0d262577-b4d8-448e-aebe-bc0a19f3d764
78bcd300-2fee-4a3b-a319-1ccace4c66cf,MC,1e0ef538-b617-4a65-a6c8-3d86bb47b5be
8b9a9f9f-249c-40fa-99b9-de53f18093ab,MC,48b5cae8-c04d-4b9c-b541-f6a2e6166c73
aa5365de-6a38-4785-b6b5-6a2d802960ab,MC,ee6a818b-0d96-480f-b6e9-c34d52d9f426
8965ac64-1c71-4220-805d-1154fa49d52e,Discover,0a861df5-f7ca-43b8-873d-141b03cc1df7
7a207484-7abc-4880-b877-b18718214643,VISA,415c535d-a538-4e91-b5b0-04223bd9a613
aab27536-9d46-45a7-ae4f-17ca8978ceb9,Discover,a28bd777-cb19-4e5e-b81c-3e1f636c4ab8
4804a0ec-e378-44a6-a9b2-42fde9ae7131,PayPal,00e76e55-78f6-4b20-9360-b116ed6b184b
e367da11-2305-4c3b-bb7b-5ab94deb12ed,PayPal,6a0f1e79-64dc-4abe-bbad-966f6cb6d9bb
b4b69839-d769-41b0-a7a7-6d3c8ff1557d,MC,5016e7ab-70fe-4e4c-b33b-56983bb50df2
a5d28f8c-c198-4749-a97c-a21d3d555538,MC,47afc0c1-3613-48b3-bd35-b4ae94053e6e
49b8decc-1062-4b36-8852-ba057281240a,AmEx,dd4e6a15-2e1c-488e-8800-ba767f79f565
32ccca68-824d-4de5-9867-c36d3cb1142c,VISA,5c063236-f107-4f0a-a58a-cdc4e695f8e5
d3d8cd8b-d3b9-4a80-99b1-3f33ff59c769,Discover,21a705a7-c5ce-4be9-b3a5-57069e5a169a
957f5473-08b9-4048-ac84-a0e7654c8251,VISA,8570936c-16ae-45d5-8e17-1c1fdae4af24
c244e381-92b8-45ed-9ccf-567dca346b9e,VISA,b9907e90-4728-4441-8cb6-22633ba534a9
b920db72-53ed-4f3a-a34e-e42b5e681fad,Discover,9c09cc7a-1190-44b8-86d5-26654c2a2ca8
2dd2b546-12f5-497f-b424-b24d60ccbfa5,MC,c5bcfa54-d4b6-4e43-9f6d-dde4e051876c
405f7140-be25-47af-85d2-9d0f0e6a27b5,VISA,c6d6f0c3-acf5-4f70-b73d-a5bbeab96e5a
a189abf2-5c5e-4f6b-b342-2a750367ea84,MC,309c4bef-d201-44ae-985b-1d4deb9d85a5
ff8a95ae-4443-4979-9931-a4b2bda77ef9,VISA,381a8a08-9b15-4208-8aeb-f48ef09c6bb9
48f6e6d7-ba5f-41bb-90f8-2bf88d13a89f,MC,adf8ea8c-ce65-44c6-9080-f17839566b4d
153f5207-502c-4090-aeaa-0f9b2e12c4eb,Discover,5dd9e5f5-0701-409e-bc4c-d641cc422e73
8fe5962a-3ad6-455e-aa02-e44fc4824f91,VISA,7ac10ef3-bca5-4e70-b860-bc5323711266
30448fea-9839-4b14-a53c-f476215bc168,AmEx,ee839d82-493d-43d8-abbf-2f6d8ea6a022
9cd42d61-8c92-43f6-bb5f-645bda43e1e5,MC,a44e8087-b5b1-45c5-b619-87595cb504de
95d1ffbd-cd70-4fd1-8623-7895d42e2c1f,MC,317849e6-58be-4b50-8df3-ce43d0f0a026
f5e2e744-169d-4a52-86a9-f403d302baf0,VISA,36e7b060-764c-43d7-a811-e2031908f151
94dc121b-94ba-4fa5-8434-0c8095933b04,VISA,50653e26-0e24-4643-9796-baa3e6ee6618
8b8469e9-ab22-49ae-83ea-e19984cfe6e1,MC,2de0bff4-663c-47ea-b951-cf885f9a8a75
5b7641e1-f40e-47d8-b156-d88199c28282,AmEx,5d10e6f3-4247-4424-83cd-427f06698dd5
5383351b-8df2-45db-80cc-5aaa98fad150,PayPal,d21a8301-1632-4240-bf24-05ddfc9d59e9
57cf8dd6-5447-4a93-80a7-243bcc0443c6,AmEx,50af8458-b9ae-477f-9690-46ce4a99e5aa
a4d46b59-cd8a-4575-86ff-d5ad6b9fcd7b,VISA,f52652a3-bb39-4ead-8a1a-c63a21dd5c8c
dff47c2e-0a97-465a-84a9-b4f9c9854029,PayPal,3e7c9e67-258e-48fe-995e-40bc0481ed4f
1b0accd5-cde8-4644-ab58-dc73c7dbd7fb,AmEx,4a88cd88-9c2c-4e24-b7dd-bbc8e3963bc7
e6bd6ded-ab8c-4849-a9da-2368215efac9,VISA,ffc0e7d2-4d10-4b5b-a052-ae45b2b9fca0
b0fa8dc7-af00-476b-8973-14e37899d8d3,VISA,712c3222-52e1-418c-9079-c0c213fe2b67
424dab53-a9ca-436a-aa68-a0a3084d8fe1,MC,8754b408-dd7c-4323-b31c-0d9b627dfcc1
73231e9c-64fa-4741-ad72-04c81ce8bf0a,VISA,6c269643-6179-42f0-8782-3ad153138cb1
a75d2a07-97b7-418b-8ad5-37130600ca26,PayPal,48337da6-f053-41b3-957a-84871fcdddaf
a0136c90-a4a7-431e-849e-4d425a47ed0d,AmEx,ec0e900d-9136-4f45-83dc-2bb9e131cf58
103f0f00-5391-45cc-a32a-870fd18d9e1f,PayPal,34c414c2-82ec-4816-bd58-290038888948
55a93502-00dd-4279-bd43-739f358b6983,MC,cc365afc-7f51-47d2-8c87-0273e1e5d572
72f94776-73e6-493f-b3b8-7bb9d6c4c27c,MC,3b3bd579-a373-456b-98b9-c66571d90939
d3f14b8d-131e-4320-aead-db0a506c270c,MC,c4f77e34-ba4a-4e34-b1ab-2e9670305c0a
d34f7009-a555-481f-9f8c-911d0590949f,PayPal,65d3c061-5a88-4c12-add9-084d433052ac
852de583-f3c7-4ef1-96f7-66424069ad72,VISA,4d1804c1-61c5-4a44-a273-3e065d93a783
adc3e968-6d73-40ca-9b18-4521f172fc33,VISA,531e1dc4-c3ee-4eb1-9f9b-336d47c91932
530461eb-b07f-40ea-b170-5d38f77b66a2,MC,49613fa9-5fe8-450b-85f8-b7892dd888c3
4fe164af-22c5-4ab6-bb8b-0fc4bff5d3cc,VISA,0bf7019c-9678-498c-8219-05a635756db1
95c9b4f6-7b3a-48d8-a22c-19371af6235c,AmEx,a81c38f5-da82-4596-ad2d-6f088025b1d4
17be5fc2-f930-48a6-aeeb-a763664c286b,MC,0e550f4b-f30e-47d9-a9d9-28c98fcfffcc
fb03410b-6f38-4aac-b26c-56b16096ceed,PayPal,6a1d9089-86ac-437f-8822-c83ab058b262
35fafc20-dd52-4061-bcb1-0b0967565036,Discover,c3793cb4-699f-4b20-8b2e-f69d1e6ff9fc
3ceb0d0c-ba1d-4fdd-a581-ae1fdb50faef,MC,80f8e142-92a7-4474-acdb-e34ceff32af5
75490824-8216-4b6d-aa1c-efd2e6243723,MC,d68320ca-99cc-4e15-84f7-b013aa95b084
1c2f8cc3-642e-408d-93b9-d85eec86ddb4,VISA,98a94490-3a26-4f5a-97c0-2df2dcc5d02d
3c29cb01-5c60-4496-b32d-162777bdc1d9,PayPal,43ef731b-c89d-4f6f-bca3-a289e8921d7f
b585e9fa-c8b5-474c-a908-071c60e427a3,MC,56a8e58c-4f09-4451-a804-fe61d792dab4
0d5f8cff-7196-4ca4-90de-00ce9fb34707,VISA,5d576f0a-b6cc-44da-b58a-796da21d46db
c01154ef-0062-4468-8195-84e6ad68fb1b,MC,8a22c26b-750d-46c4-a48c-e3c3f96f9dd3
374d5e0b-d9b6-4334-81cc-4fcb6e055fde,MC,2a71a301-ef56-4937-8c3b-86313d9a2b23
d330fb54-7a41-40c9-8549-b16cac3318ba,AmEx,a71aeae0-85e2-467c-9a39-6d16d6758dc0
a6c60949-0660-468f-b501-e1dd1f9efd7c,VISA,e48e3a33-32f8-4183-ad8d-b121e14e0ce4
e5ee0bc5-5847-4311-b242-91f1eeb1a1e9,PayPal,5e9662fe-de18-44ec-a331-e7b0880c19a0
880158b0-3651-4779-970e-9b51ac3c238f,MC,3bbcd183-8a97-4817-92cd-f1305f9c229f
feb056d4-db78-441f-8bb6-73470901edf4,AmEx,9d30959d-ea37-4fed-81ed-87e3990a763f
a07e3a38-8d9c-4ddd-8add-0a6410ead96d,MC,5ec5851c-2027-4edb-91a1-4241b4045122
ea12ddef-b365-422d-b742-21b3997c7e74,VISA,59a94f6c-bda7-434b-bf84-bfd0079af73b
c2698dc4-1e81-476c-82c1-50d50fd58948,Discover,7b3823ef-8087-4d25-87c4-d88174c7a389
99f89ef9-9d40-4137-b1e0-e7ca58cd2697,MC,a19ae35f-1388-465c-a1c2-2a937508571d
4a6199d3-d55d-4662-afa8-7aa8714470fc,PayPal,da0f9e08-6ce8-4ce7-ac2b-5638fd63ff77
731ca99d-c6a1-415e-867f-dd0eefc8cf31,PayPal,133055fd-ff2e-4891-964b-443bf7235671
0edf4474-71da-41ec-8fcf-493e70264e21,AmEx,c845fc58-fe0a-4304-ad95-5cebecf91a36
085b1506-3bb4-4ce9-8a0a-595179e77cb1,MC,ba119cf5-cf9c-420c-9ebf-4e976887c855
0a1b6fb5-4219-44b9-8a93-ed26f7de6fb4,MC,7c50cf07-540a-45aa-96dc-2eabd5b1d870
4868afe4-6c8f-4d21-b858-f741c8c1bd3d,MC,46a63271-3b56-4b57-985e-21ee703e669b
87c118a2-26ad-4e73-a1f9-a42aac826410,AmEx,abf28e87-20e6-436c-81e8-13897658ce9b
3e52ebd6-c176-4e27-b5dc-2c00844a3a41,AmEx,c09a63dd-14c9-4706-ab56-b002d4e93297
e8335823-b3b4-43bb-8b8d-02204e9b9344,VISA,a4aa701c-be4f-473a-9a53-f2bc15cdffa2
5c417c5d-6f61-40dd-a3ea-6e6bea35a22f,VISA,804bfb1f-9057-4a86-83c9-15ed9bd04f3c
3c76afec-b330-494d-9159-7d2ae14aee7e,MC,b92d7186-f2ce-4791-9967-9e67cec7f2c9
52297926-0181-4fdc-b41e-f28d726c903b,Discover,bc5aaadb-7626-46f4-bcc3-15c20ca69fdf
d7b462cb-7ce3-4349-b058-4bd48535d026,VISA,0a108333-42df-4cd6-b019-5c4f219b561f
7fd7b073-86c7-4982-b0aa-f6f172eb71ae,VISA,c6e96b8a-203b-49ff-98ab-1714b9268a0a
d7a70048-d81a-4ec7-95ce-3ede244e38ab,PayPal,97e42610-b33f-4a47-8c3d-e9238b893216
cab658e8-d135-46ea-a5fb-334ea0e1efbc,PayPal,110004db-d426-4d45-8f9b-02497cfc74b2
41fed4f4-b00e-4c31-9329-176484e4d93e,MC,b28d90e9-baa9-4ffc-b94a-db333b2144f8
0597bc1b-ac47-4f62-8bc1-0e80ca6d632f,MC,b7c056eb-2a84-43a9-9fd7-0e95d448ff5b
ad973503-14ab-4b1d-b78c-72f44cd7b9d9,VISA,fed13676-226e-4f39-9242-67f2e819dbf3
4af746fb-1f3f-4abb-868a-3752f65df495,AmEx,fb8100d6-c58b-4ac6-a7ed-2d9381ff9c57
7690520a-7692-487c-b7a0-2b058c18fbfd,VISA,8c0ee9ed-4d81-431c-a554-271f665ec31d
beeecdad-47a5-440c-b21b-ed281712ba1d,Discover,5f3aa05f-23b1-45f8-a53d-15ecc1f567c8
580ab4e5-bc7a-4347-a753-d8d303fa1c33,PayPal,49ebc922-b237-439b-bcab-d5060d873dc2
30752053-673c-4031-a5c5-8c8c488d60e8,VISA,637e2e6b-d2bd-4428-8273-40d6c0277926
ff43d672-8888-45c8-86e9-8a545975ec27,AmEx,910763f3-496c-474f-978e-a9a1e2b16944
1fc3b84f-dece-41fc-9343-03b255b2f157,PayPal,0b68677e-dac3-4692-af22-adba3b3767cf
0c07b1de-6426-472c-b056-5b1beccf4d5f,PayPal,ef1d6457-677d-4c13-810e-126cebf69585
0cd7544a-fb6b-4291-9ccc-ec0636a00b6a,VISA,3b57abbd-086d-4874-aaf3-4e56155260d1
3e79e008-3a8d-422d-ab00-8a64b31c5a5b,MC,8a4fbda3-1bf3-4501-af6e-e811a03f7272
4721732a-0dc4-40c6-a211-c3cc2c005b21,MC,d4d70c62-8e29-4dd9-ac65-02cec03a2a4e
d04517cf-8764-4ff1-a993-00c9966716ae,MC,83ba04cd-af15-44f9-b577-69d3c5b2c5e6
a2dbb690-417f-43a2-9753-707ee48bfa4c,VISA,0775db6a-5280-404b-b972-533d397a4d8b
b6ee5873-fd29-46b9-bd05-14c7ab5d23bf,MC,fbe26f51-eca4-4618-a0ce-2fc9ea937080
f1630e2d-2ecf-4a7e-834f-327eecf7b451,MC,c62a0f42-d55a-4f17-b32f-467e53f03fa8
a3757beb-7c6b-47ea-95b0-890741dfa662,MC,afc7dda2-9e29-4709-9391-12764e4de859
fc565d0f-2cd5-45b2-aac6-ba419b4a06f3,VISA,3266e5de-413d-449d-a219-e831167e98cf
ea97f1a4-bf9c-46c3-9055-f72230075930,VISA,aa2d9518-2973-4519-80d4-7ffada1b1f00
28531c2b-4987-495b-9601-ace4929c34d7,Discover,f937b5f5-d59a-4783-8745-bdbfdcd303a0
95f2903a-e834-4982-a1fa-e5cf40aed9d1,VISA,799bd8f5-f78e-439d-ac22-6b7d77ed0d39
1afa9149-9ea9-4335-922f-b9fa90fb6624,AmEx,68e23147-8ebc-4b67-9f33-ab3345fa8ea8
983dae30-3f6b-417a-8e69-4db206a3c94a,VISA,cf926b4d-670d-44af-9031-3334ca6c282f
0b91fedb-809c-4c1c-b855-5741372058d5,VISA,c8477a6c-8027-4f6d-b73d-e8d0a88c1b85
81ca630a-f104-4eba-9725-3e038d3025d3,MC,82c10fe3-76d9-470a-81d8-66084744564d
698a7a5a-e4e4-470d-8578-f01bc8f6e457,VISA,9e34b6c2-c9d7-4bac-ab02-d60deb514f54
c9562bcb-e5e9-413d-8a61-c037646c4064,PayPal,2da3b030-a778-45dd-8805-f3fe11866673
f5a01769-636b-4c7e-94a3-69440fb30e0f,VISA,078daa67-9def-4812-8a77-fccaa0800787
a33e742f-2e3a-491e-bbd2-df408c1e23f7,MC,5a135150-ef28-4ceb-bc88-46957b76b7d2
5edaef45-9b91-471d-9cc0-eb9b1f60483d,VISA,c20171b5-5f05-4530-8030-f4ec851e5088
dd2eaeb0-f6ab-456a-bc6f-bca7325c61c1,VISA,64750967-fcb2-4608-ba57-fb551a188ba0
1e62bf9a-b086-4eb4-953d-e296af3e86ff,VISA,0ed23c86-89fd-4a4b-a4a7-2313886a1b8a
eca2c76d-db83-4829-b3a6-7a3e5b9925a0,Discover,64052cb1-8035-4fbe-bd26-6422b5972028
400c461b-7a85-47e3-b930-6eb28169745c,MC,f87b6252-efa9-4f72-954b-63f49c566b4d
aebec92d-c13d-4bac-94a6-5a57510bcb8b,VISA,f32b6b67-021c-4eee-bc8e-f991343a167f
67e9bce9-737b-4a1e-ba61-ee16a629308f,MC,141950b1-00d1-425c-b7a5-96f8ebfd38cc
9601b6ff-8dec-48ad-835b-b250099cbe2e,VISA,b987b6c1-0787-4f4d-8263-7ddb0a819999
eb7b4153-3bcc-4574-a55c-5a084019bde7,MC,72487434-b600-42a5-b862-19bde932e16e
4b36b4c6-3c99-4326-b326-02b42e623a5e,PayPal,a02291be-e7f0-4db4-88a7-e04cee2f2cfd
8b124f6b-3c0e-4a28-a283-b3d396726aa3,MC,24d51990-7a73-400a-b5b6-0280f9f3c997
50f3a4fb-3a37-47d2-926a-1efa139e1a52,Discover,befb273b-e210-4dcc-9533-fd15e41e26eb
b74e0856-42c7-497c-9c09-365012c6f873,PayPal,d394c555-fdf3-4c52-abe7-0eb5abd7db3f
b8d477e2-abcd-444f-bf1c-972c5321be9a,VISA,a1e987ad-5c49-4d39-adbc-3b93edf21d44
3d98065d-de2f-428b-9b5d-3ab0e920ee11,VISA,f8564795-284c-4a37-bcd7-5b3f7af45cd6
478eaeae-1167-4e44-9083-e8ccc3c35a50,Discover,dec579aa-09c8-4071-b761-3478cf2e7dab
240111ab-4746-4dda-9135-fede99aae139,VISA,f3a4738e-b1b6-4b44-9da6-9eacf0813a8f
e540c469-fc8e-4dd6-8945-0d8f037d5910,MC,679058c2-e5a1-48ca-b5fa-3685ad8f048e
6275d8e5-1dbb-427e-9242-ef0651ec7cc2,Discover,93c2881e-6416-4433-b172-e608afedd219
b880a88c-979c-4950-9173-b5b009a33711,VISA,e7ddfb63-478e-4927-bd5c-49d6ae962f37
027d053b-a625-4574-9f63-9d291f679446,VISA,52544771-3ad7-4851-a4bf-b20d2b8eba22
3034d716-5444-43c9-bdb7-0ab75b885164,VISA,13b54f7c-8803-4ac6-b6a0-df1dc6d51a15
5f609396-ecb5-4b7a-b5b4-53870972877b,AmEx,88575412-c3d8-4e77-bc9b-7f17806a2522
c06170a1-1b8d-4335-81fb-cfc467a9b46a,VISA,9da83397-6165-4ec0-9814-a19ba43a2615
97557cc0-05ee-49cf-9842-4aa60746eadd,Discover,7e62ea07-2d47-437c-a407-3b4024f798bd
0b5a2e96-7388-478f-8751-22d208fc3d71,MC,c9204e4d-4158-41ac-8ed2-4ed5775eae4f
dfb7941a-e292-4734-b583-dcb9a3405a21,VISA,f002c4de-1eb2-4f3a-ad68-dca6a179750b
70f6b435-15ed-4c6a-9211-e3e26d58956b,VISA,b5dce6a8-6309-415e-bc04-6998e2353f4a
ed0c1113-3d9f-4b33-b2c1-35adf83b43f3,PayPal,e47e6a4a-3041-4727-a243-2e63e5581286
e90e830c-e6c9-4ead-a485-138ab89b6104,Discover,8a448062-5f9f-4e56-a860-65319d86e3f2
9f59e3cb-06a3-4af2-82c9-7c18767bfba7,VISA,5fc8f52d-9228-4167-abf6-09c469bda83a
5dd782f2-c5fe-4b21-ae0a-05c05a9ceb2a,AmEx,e6bd9485-71f3-4309-917c-b899045541f2
eb18ee72-626e-4cde-bf04-c496f0e8b8aa,VISA,e5dfb4c0-80c6-4163-a087-b3bc5ef80b09
34454fe9-d4eb-4e54-8707-a6fc5f2fd381,MC,10417db7-c1dc-478f-894e-5de340a846be
b7a547e7-3279-482d-bace-eabe1d7ec003,AmEx,25229724-a7ab-426a-98ba-504fc530fc35
b5a09dfb-31b1-4d69-b1b3-7b9ea15e0168,MC,d44331df-efbf-4efe-8341-03ebc0d39df8
616175f5-2c95-4881-8684-4c1e0baaf9be,AmEx,4bac140e-7e3c-4688-8ed1-94044fdc789b
25f98e81-19ee-45fa-b5f3-d61675efbb8b,PayPal,75cd9f98-ff9c-49a0-a517-9f2cc5d3c199
3848098a-f0b9-41c4-820d-8367eae2c4a7,PayPal,1ee6e752-5669-40bc-ac56-942fdc1f2d3d
2e9e0877-a817-4d12-8eea-691cceb10202,PayPal,926f3614-2793-47bd-a5f6-d9bd12f7695e
5a282567-a88e-4ba9-82ea-2a649f7fdf58,VISA,c59470b7-edff-4001-9fd9-65f6ebe98bf2
0c666a27-246a-4bce-8049-f5eae699ad84,VISA,0805628d-5926-4b27-af20-0f7787fffbd1
cd8d14b9-7105-422c-99c0-0cb8e7ef33e0,VISA,f3c2549a-cef9-49d6-be3e-17b878c00088
332e1580-7b92-493e-a461-4d584aa81a24,MC,a6651327-8d50-4f3b-9670-8586dabc76ec
300cf165-197f-477a-9567-f520de96703e,VISA,c3dda9d3-1b9d-4878-89d4-eb9d7701a62b
b91ccd48-470a-4515-adfd-0519f25dfc35,AmEx,8d9acb72-89e7-4144-bf5e-d2bd8010976c
c704a7c1-223b-4a3f-abf4-29030fd760d3,AmEx,61a63d8d-c52d-4fb9-b1fd-3ea977b8cce4
00663096-822c-483d-a9ad-6efb59175937,VISA,530e47a9-6df5-4e8d-bbb9-262b25498d85
71eea460-a605-4592-97c9-f411311a41c4,PayPal,c02276ea-12c9-4bdf-8d4b-7bf8635f6e9f
c4353f2e-6e21-49eb-a238-af8449492bf6,Discover,8065d9d9-0b98-4794-8db3-f81c53a690b5
b50db3e9-5a6f-4361-9c89-7da5a00d372e,Discover,354945b9-d55e-4412-850b-d961d7339734
33e8ff67-acee-403e-8dc2-3028b7847b83,AmEx,f2e1b01f-6376-41a8-bae4-f75a404fd6d6
7baf747b-e989-4a21-b6ee-57d91fc02822,MC,52365759-208b-45b8-a50d-e8fd18a51ff3
54f73399-3672-4aa0-aeb5-dd798e4cc3ac,MC,8920eafe-fb3d-41ff-9415-240152de77cb
8141822c-fdfa-4f53-9539-5e9ea817fee3,AmEx,ef58e4bf-70ae-4421-9bdb-b42cbceb28e4
4854e67b-369c-4112-98d7-c2c857393653,VISA,ec636d7c-866a-40c8-891c-25496887853b
843fa9ae-dbc1-4e53-9b58-7f4ad4dcb057,AmEx,3e181928-ce47-4aba-acbe-01b167a863fe
a37066c4-dabf-4680-b728-957d95e50d04,MC,155d2015-af82-400b-95c3-8acadf7b01f2
2f44d233-8907-4960-9e6c-27af9f0da1ed,VISA,91a2d7b6-b0e4-45c9-9747-6ba34b5c4848
d842f930-59f4-4073-bf33-2d3704bbf9fc,Discover,2d1854a9-b289-4039-8020-fbc6d5063b6e
361846bf-ce4e-420a-a28a-6863191695c0,MC,a924acca-6074-48c4-a26e-eb225e24bff2
648422c5-ddef-459b-b84d-aa5505929f2b,VISA,1149a7b9-6b2f-480d-b62f-27c8c5880023
ab612e99-bb9a-45b3-ae6e-bcd621ff8ad4,MC,0b083fff-7c9f-404c-a6a9-6faf7aebd0a0
8cd6a5fe-18f8-4d37-9b60-a4ae9f79c3df,PayPal,7fff067c-f264-49a0-bb18-dbbc7e97836e
975ac52d-b0e5-4ff4-af07-75a36585447e,MC,cfdd2f85-8b8c-43cb-b400-56b136c2c05c
af8150fa-08bd-426c-bb9a-4167f622d60f,Discover,6ff92ef7-2a38-41bd-a54c-a0b1fa8ad669
a2caf02d-f8b8-4d76-88bc-f78c7ec2d774,Discover,159221c6-626f-4844-b743-6196ee0501ad
d2f02ba5-5880-4481-9fed-a8819c8c686e,Discover,86ae250d-e9b7-4509-b8b1-f967b12cc8f7
a2db45cb-31fc-4183-b60c-0377dc7a90d5,VISA,3b0b5fc1-5eb4-4def-8608-8f1c0ffb983c
626ac20f-7bbd-486b-a0d6-efbf2c5a863e,AmEx,36ef0c3f-64d3-4fb8-a26c-13cfa34f19fc
9b01ec90-7bf2-4cbb-be43-00671dd32a01,AmEx,2156e774-571c-4ee4-a661-d2d3ab8c2078
060e7207-08d1-481f-b224-624c70eda66c,VISA,e4ff8b10-3413-42be-affe-cd62bc55c15b
ff8bcb0b-ebc4-4bc5-8d77-6e2da3f56dbf,VISA,878d598c-1f2a-41e2-b582-b66e4d624c82
702f1766-b843-48a8-8174-facb5eb11a6f,Discover,f1cb6f42-badc-48da-bfc5-d2ebfb4f8008
5511db09-0fb0-40e7-985a-4e646bba0f41,Discover,0d00062e-ed15-4647-bd3e-8e492afe4f1e
890fb30f-4298-4a8b-8113-2ccce3c696f8,MC,2e250f95-0307-4a6e-a1b8-062072593b6d
5989cbe4-dec9-484e-9e29-9e2bc2527a46,VISA,1838282a-47f7-484c-bea1-35cc8cdf8e2d
9ee6ec5e-711a-47ba-b5fa-f4630e22af6d,AmEx,80d27552-c1dd-4c15-9a25-b7eefff2eb67
7ce0a37f-5979-4e4a-b8dd-c510bd0b2c85,MC,ed14b197-7866-47cf-8e62-0ebce8f1d81a
f2ce124e-3b20-4674-9044-69a6a740f469,VISA,91423d95-32e7-4028-ba63-3cd24988960f
b4d2aabd-61f6-4645-b27f-16a3e63b4d1a,VISA,1acd4352-d400-4ad7-b290-89c8699e1483
41b7bb6f-fae3-4fa0-b4df-40e36a408689,VISA,79c904b8-252d-49cf-9449-269b68a5501b
73f661f9-2086-42cd-95d1-2f1c37a28d12,VISA,4af35ced-fb58-4cd0-afcf-4b95cba771e0
fcc7c2c1-88aa-422a-bb60-a248470e2bfc,VISA,6fce34f7-35da-43cb-a3ab-ebaef2f5cd2d
76c4c662-06b9-4fcf-9fda-4e588b18ce2b,MC,0b2c5701-acae-4784-9901-2e6b1bda7972
c7fb5b77-4348-4df0-aba8-9f543aa86190,MC,3f6ce6ab-d796-4d16-9fd0-adbc92e5fafc
3871875d-a556-46e2-bd83-35728b1f1fd3,AmEx,016b84e9-3b87-40db-8494-8f252e97cc1c
9bef50a7-2a9f-4b5c-81f9-3a4398744fb0,VISA,86ba9c6a-6bcd-4b70-af1d-4e2c5ad6c810
f202d0ef-028f-478e-9fcf-8e2cb0d07797,AmEx,b172bbeb-cf56-4501-a3b7-96fab1f96612
13f19342-4c90-44db-93ed-c6d58b685345,AmEx,7dcfe636-5a29-4677-99a2-461ddbdbd833
83914f21-e37c-4ff4-9ad7-c73d49d17ec2,MC,4d491e32-b35a-42e8-8fe4-0c96626c71e0
bbc5c096-9063-48b5-a255-e622d5e2a732,MC,da948645-bc05-4021-bb60-ffa9fc707b71
7e483277-92f2-42c4-98bf-12ee9ca60c4d,VISA,a1fa03d6-8779-4755-85b8-408b72e280b7
05eb3b1c-b98a-412b-b705-955ef739397c,VISA,92e08136-dfa8-4435-b011-2650ce36a108
8fcce9fb-beee-4b73-97fa-7951c124e7ac,VISA,05e57a63-db92-4d1c-8973-058c8fd719ca
2a997629-106a-4803-a246-0db70f4c93a7,PayPal,b4bf8bee-31b4-4b45-bfab-5b2db6849f14
443a6112-23d6-4070-b0b5-ed5c33b392c0,PayPal,4a710684-531d-4221-b44b-0190db477bbb
928b9982-1b45-435d-ac2c-92ac206b3b54,MC,874eecc7-bcbf-4f63-b8e8-ee818b35d5c0
17e2623d-fb18-4a57-95fa-f53c6ba29e25,PayPal,c9fdfb8b-ed55-4cb6-a5b1-87041c2e922e
e7f09592-35c0-4c44-ad31-153d1f35a968,VISA,daf07048-2bd4-467d-8d72-848a7f2dbdf6
d741bdab-c499-47b0-94eb-7cefcd37a39a,PayPal,5698e058-a55e-47be-80d9-35c77411b6bd
a7d963fa-1843-4b87-b529-529aeadce5db,VISA,04a21831-6654-4fe6-9dad-c69880d6fec7
da4e482b-598d-46b2-badb-1d5346e4f4a1,Discover,8fda6836-16e3-4870-b8eb-09b20818b72a
26089e09-61e3-4926-a15f-018bd3ae19e2,VISA,01c4c7d0-6d8b-4fd2-9c70-52610e01997b
462b49d6-9bfb-43c0-b32f-c2946c92e31b,MC,8f7b0878-7470-473f-9da1-5263e2d38879
0df4f849-d4dc-4a74-8060-03ecc2a6b320,VISA,cefd390f-c3b5-401d-ad27-d4610cac2156
3b7897c2-08cd-4e76-8c98-8adb676f72f0,Discover,ef8843e2-7c23-4dc8-8792-1bdbc4789ab0
292216c0-d793-459d-93dc-e2587132264e,Discover,fb337b1f-0c36-4e20-87ac-e7896f802a84
0deff829-4ab5-4638-99e9-d95eb4e22cf0,Discover,d6f80f65-ddb8-41f2-b6ce-396769716257
7fe8be01-e883-4ac1-b41d-9e870a745c8b,AmEx,b1407f90-7839-44db-a5a2-29889c2f8ebf
427bb2b8-458f-4330-bbe5-fae27c729334,MC,0401d033-47ef-4b05-8452-79367a81346f
3f6b8bb9-2ae6-4b47-8e68-362717856067,MC,1031cc64-8172-4e01-b4e0-495ad68efdcf
1b58f0e0-e749-41d1-ba60-b6288ed541a0,MC,f4ba32ed-4d11-49d6-a162-1fcc0a21fc00
56b66278-c410-4e91-aa25-6a1e7784662d,Discover,f5e0d90f-3d30-4f68-b676-bb1e912da176
8c5511a0-f2ed-4d9d-9057-d72bd40363f9,VISA,aed4735e-79e1-4e15-b4b2-a3c738018620
de6749fa-aa31-4e9d-aef2-e85ab2efc503,AmEx,2ac63d03-bf61-449f-8fa4-b1b3515d2ded
03f770d6-2990-4099-9ad3-9908eb3704c9,VISA,4af4167b-1dac-4916-8618-dc00beeebd57
08d69472-88e1-440b-8e8c-a430f2bade38,VISA,900b4b69-b97b-4077-a836-36f33e063f6b
5dec2089-c3ee-4123-a7fd-1e0cd5fababe,VISA,1c9e4670-7c62-4d44-92f0-6497b7dba941
2b20157b-0266-4988-a74f-72346247252c,VISA,5b187669-ccbe-43b7-9667-d10ea4f49d04
4ebb67b7-fdd9-4e62-b18e-ca4e3fc459ed,AmEx,d892e02c-1060-48a2-9d41-0c1e10aee243
36f1eb07-56ce-4e0b-969c-2e88d9a00652,MC,6b0275a2-2d74-480f-8a68-1a837fc237f4
a52c3f16-b1c5-482b-8776-92830ae14192,VISA,0270eb97-a6dd-4d5c-a373-75f2a2579328
e5e75fb1-2f4a-4a9f-a42a-d0c5f76df9ef,MC,02d2e5ca-a7da-4a38-9d9b-d23ed0dcc1cf
541a24f5-84fb-4e29-b8bb-8db31e80ba9d,VISA,d765d0d5-f1ab-49cf-bf89-517e80975ad5
ce519aa5-6331-4f34-a88d-4cea46b9ce49,VISA,7fd46cf3-058e-4802-82f0-201c80f4e09c
40d3a9ea-d355-4052-be17-7784eeb9bf32,Discover,fac99f24-2c96-47bf-bc2c-292fa6832f24
3c26d6e7-18cf-4b0b-aaae-ba4c9a97155e,VISA,081a423e-6485-4c9a-bea5-d62c727dfeba
6f084c88-ec95-4b98-a965-e2ed73bcd58a,MC,52456556-4ac3-4544-ad8d-275b63ae0340
72db3c7f-5874-4892-8811-5990bba3f144,AmEx,6880cc12-a710-477e-8ea2-259353a37f7e
af655da3-fb27-4a85-a1d0-8aa2ad9f3438,AmEx,b420dc8d-7b26-4eca-915e-171cbd413a8c
2256481f-673a-4b8e-99f4-934efcdb4745,VISA,3eb61c20-76e6-4020-b66c-a8eb65e0c76e
c109a5f0-8877-4120-bffd-60faa4240c95,MC,59272d1e-5832-4ffc-8245-2179e7a4a7cb
cff068be-3724-4e9f-b341-f6dc2e8a052a,MC,d5911db4-f0f3-417f-9692-8e289200d63c
a9a9d840-674c-4b39-9a00-ffdc561a66f7,MC,1bd825ff-8169-4810-835b-530956339694
861ec34c-57f9-48b9-821c-03806899ba18,VISA,ada85a2d-3685-43f6-8422-c6c2323184e9
01158d5a-6d3d-4c6e-976b-b98ce0491c69,AmEx,87862253-615d-4ce2-815b-7551e7013d5a
1c6f2e22-6256-4e53-b28c-9836732a5641,PayPal,95a5e0dc-3e4e-4d13-a97d-49b0ebb9ff31
da0c4187-9c26-4d0f-9c0d-6a316c32c035,AmEx,f9d8be55-ecc8-45f7-b41b-507016ee6c3f
69454b4e-0871-47b3-a8db-7d5db58d3127,VISA,63e2cde7-9e68-4586-bae4-2f79bb9a8901
c30d4c55-5a76-471d-b316-086bff52d70f,VISA,b5775129-19a8-40ec-b742-4cab4eee8285
b9b6071b-caad-48e1-b30a-70c0feb20476,Discover,fd11d2db-5c6a-4422-a250-361de0ad5e4c
fbb2779c-5b90-402f-b892-36a187b1e172,MC,e80a8391-1f3c-4290-9da3-e82a2b999cba
519812c1-e70e-4d2c-8639-dc4ec17d330b,PayPal,a22c525e-b5ac-44e3-9a34-13265195c406
7d79cc93-e2f5-47de-a6dc-54c85c527721,AmEx,c725e2e6-be3e-4e57-9fb9-58e49d0183a5
fd233302-14dc-43f3-b130-fa1d2293cb4c,VISA,fd985ef6-0d00-48c6-a3c3-a8e8c432c5c6
3542fe82-f307-44e2-b9e2-17f7712c1c73,MC,7303de70-9464-474d-b883-3beb12bf55ae
2c3dbc09-d822-495d-a029-cb10b9c907ea,Discover,2d5d18b8-5a0d-4642-a204-11f713fe0427
5b58bf88-9065-4c77-a799-80ad548f373d,MC,0f7bbc12-944e-4bc9-9cb6-0e9817f5544d
5cd94bc3-570d-4023-a272-5e61b75eb26f,VISA,ab58bf5f-c046-464f-8546-8c834e22a368
43bfba7e-c4d8-47cf-a5de-6abeffcd596b,PayPal,b607d56a-33f5-4139-a3b4-1d3611fe2145
f7383ba8-79b1-48b1-b9ac-163759ef7ce9,AmEx,6d25a9a7-ca6e-4da7-b41e-1e301ec4aa7c
73e33a82-e1f8-42a6-bbe1-d6d690d3e03f,MC,e23d5064-7e33-4779-9522-55f94f1ed51a
c7368d4b-e633-4752-a663-14989f4ee4f9,Discover,5e8cf6d4-0f7a-4984-9067-81acbfe513c4
89c2253b-72fe-4cf8-a847-44eb9dcba3f7,PayPal,64990d2d-5c4f-47fd-a331-6872a2fd372a
ffa2f4e2-f57a-4c7c-b7a4-e95d7b857442,VISA,ccdafd28-78c1-45bf-ba59-52650be02b54
f005688e-fdf3-4635-962a-bd52526f4858,AmEx,67ef2324-fdfe-4038-a228-ba2dc4178e0e
c9463c8b-7592-4470-ac68-a3ca0f4ea899,AmEx,2054f0be-ee9e-450c-9cf0-b2ecebfff30a
c64705ad-45ec-46b6-a71d-afbc90d40576,VISA,4b259aa2-e0e3-4810-b002-2486cccadd06
3b07c01d-40c3-4618-b04f-84a95311074f,MC,588b8a7c-cf96-43a1-aeb0-9b37ff982318
d8ca9175-58c8-4926-8467-d129feacc82c,AmEx,5bc1fcf6-17f1-4a36-b79b-7b310c7be991
00e4f44c-e271-428c-ad24-243b694cc0ec,MC,50d2b413-954e-4f69-bc25-9f37c22fab9a
b5d5a160-240f-4b19-ae28-f7d2441d4d02,VISA,053c5ec1-0d52-4c68-8980-3ebb37500b94
167fc840-4f58-4434-a95a-4171e35dfab1,AmEx,44a3cc03-0985-4ca3-be0d-7329e0cb17fd
f1b25c91-0447-4b08-ad10-aca6c8b2b917,VISA,70a92838-d7ff-40ed-b6e2-3c7784c06f5c
cdcd0f4e-b2b3-47c1-82a9-ca40ab4a10ea,VISA,278d6754-d69c-4594-95f5-4de4e593cefc
e2f8a125-39e7-477e-8d09-52b2e9e76028,Discover,34d75457-efe2-4445-8d52-d65506bdc833
9dc613a5-0c98-4928-8d81-98a4380a9092,Discover,388e533c-db4c-441f-bfc8-5fd7d0ce72e0
4226dd9b-7931-4a02-8e88-02bf61a98a8f,Discover,94fe705a-8398-4c07-af13-e5e432fa3b69
73bb0381-7d93-4aa5-a7fc-9e82984aee83,MC,f777ccdf-09d5-47cb-8dd3-9d5e951632cb
7db1e5b7-2728-4537-93d3-f43e3eb4b8a3,MC,8e3dd972-6bfc-4361-964b-7808bc529ea2
020ccfb1-8284-41ce-8dbd-a12cacbdec23,MC,b8483ea8-0ab2-4f79-b210-693814c09b5a
fbefb489-cfce-4c84-896b-666d17db69cc,MC,b626b61d-7018-488e-b294-2f98fab60687
cc2697a4-aedb-4396-a16e-72e7891cea1e,VISA,a6276866-9c79-43f0-a075-2dade9c0b631
bd788100-e1f9-44e5-a1f5-eee180392a9d,MC,b53d23cb-cc54-46ac-bd72-5d2ebff67b79
6464e0cd-2647-42fa-b3d8-fba7909a9d46,VISA,657e2f49-39bc-4383-aff4-16414b2bc744
8b7d488c-80c8-4986-bb09-8f42569bcbe5,MC,b562ae2f-da9f-46bc-a515-e77cb855bbf5
9bd11598-e3f6-4d61-90d5-781a4090bc72,Discover,d893778c-c34f-43de-b7cf-55ea170b13a4
6e6bcae7-5dfc-4f0e-9245-f3e8123db2c5,VISA,a3f176e0-2956-4e6e-9f7b-58e4c0faf2b5
9bc2fbfe-f336-4f0a-80a7-ee1e4f9caf86,PayPal,212f4ac6-0705-4358-9574-03324cdaec97
a63adbc8-a348-4745-a561-e4ae9ee10fe4,Discover,5d529e80-2e79-44cc-8921-924802fbf6e8
d82a4409-043c-4197-af43-275289ee04db,VISA,ff4acdd1-54bb-4e79-9ad1-4788c656615b
2c7470a6-9bbb-4772-bdb6-bf82d1b71c33,PayPal,420b91d8-3c0e-4199-af31-99cbe19dc135
6db4ac6c-0816-463a-ba6f-7ca4bc18fc04,MC,07f0a2e1-aed0-4c5f-b094-5dad0025ada8
f44d63d0-34a0-4357-a34f-ab714e904a17,VISA,85b43d89-9cb4-46cc-8f3c-5cb4322568af
a59e34c9-90b8-4dac-a12b-d4dcbe508844,VISA,719ab444-7b8f-4cf7-984e-090b864c5adf
3b65315b-6d7c-44d4-aef9-3d79117adda4,VISA,a89ed95e-cc87-4ef2-a6ee-a578b87ed70b
47aff5db-670b-46e8-aa50-17cd4ab12eae,VISA,aedd50bc-7605-43ee-a381-ca324657674f
9d575c02-43cd-49e1-98a9-37ed5a035043,VISA,44ab3924-b664-44e2-91d6-cb29b6cf8bef
e3a9f069-52c8-4690-a2c0-89622d3eafb3,VISA,c7534365-7505-4c4f-959d-0930221ef374
114be493-14d1-4ab3-96b8-5069e96584ea,VISA,0ac968a8-ef2f-472f-93d7-2269d21d6593
615b1b84-f6a4-4c90-8831-c18df4bcaf6d,Discover,77f310ef-41eb-4c16-adeb-b65e9f0b76c4
12f8be35-65b6-4b61-8177-a0b9e66b39d4,VISA,5958897b-09d0-4fb9-92ec-e1b7adc92a31
0cca0ef2-1b29-485d-a808-ed86d613af5a,VISA,b275d740-7fab-4d41-8357-ba11d787c320
9b670198-c80f-4499-99e5-e0605aa56400,VISA,61033db9-c37a-48c3-b939-7e5b85aed62b
8a08f1f5-27de-4aab-86ff-f6f7f7b7fb03,MC,9d740609-3cf3-4d43-ad0e-051548e7e4fa
fa5ed2fb-a712-4191-9def-d9d8842b9cec,VISA,106438c0-1e17-4fe0-ad9f-0abe8576d638
e68491a6-acc3-4e27-886e-5d31ccd2f8a0,PayPal,b22d8235-c64d-4408-a9b5-e29319c79bd5
a54fe3d7-51fe-4971-80d5-8659c0b2060e,MC,72923798-e14c-46b8-84e1-8fb1a7c56e74
c638f6c5-79a4-4c84-98ea-63bbb8010051,PayPal,230d98b6-dec5-4373-9d74-a50488497a52
a717ce1e-20c0-4efc-a171-46099af35495,AmEx,e870bf79-afb3-40ef-819e-a28e0f259a5e
b4c5dec5-0a73-424e-8be5-f345ee2c161a,PayPal,0e7f8d30-f4ab-4e51-9904-46189fbfdf64
f44ed52b-3947-47e0-b295-5186bfa2c708,MC,e0186d2a-8ee6-4418-9b81-0b8d2b308291
3642641e-afa1-4139-86f2-e27bb9bfb971,VISA,5b9e23d8-acd9-4bbd-bfa6-78cd2330cc60
d993d957-00c5-4cf8-b4a3-df6952976ff9,PayPal,44a160c0-18ce-48b1-9fd9-1b6988ad77c3
bb2a30bf-40c2-4d29-8e71-b268cbb4fdc6,PayPal,47027269-20b9-40fa-9865-589b59221080
6a61fa9e-9734-4af7-ac22-997997cd90fe,VISA,ad30cd20-58fd-46ba-9adb-711b02fd6133
6b1c8ae2-eb33-4ec7-9512-34eccf52bd40,Discover,4ab9a0a1-994f-40b6-8f59-b38e55712353
6aa0b35a-c894-4148-91f8-a199c1669620,PayPal,40a8f6ea-172e-4470-93d7-520cc1be5a49
ec7b4e67-b9ed-4556-b73e-1dbb0f681202,MC,c378eef9-9e82-47a7-a281-dec12caac8f9
02867b8d-4737-421f-bd43-52f26fa55824,VISA,f32f8d45-935e-4ecc-835f-bb191793e505
3fbf4f59-702d-4ea9-b8fc-ff16f181ce62,VISA,33bdec9e-8057-49dd-8e7c-d080e1325783
92582afb-56f9-456b-bbe6-63bb12d315f0,Discover,fc9b4dd7-cd8f-4900-afe2-f2c759abd508
27d6d3a5-d751-4ae8-979d-ffdd0d8248b9,PayPal,b8ef9f2f-b252-4641-86c3-d1a68371c4c8
85c3193d-9af0-4a65-aa07-4bb0f2c040c8,MC,5e93e4bb-f453-4ab1-a8be-a6c0a47f2cd2
ca1bf79b-5ab0-4066-b7e6-deaee8745ec6,MC,a79055db-4dec-4044-a977-b240442ad341
8bf3ad3d-f375-4776-972e-d868f64de797,PayPal,5a9e8570-885f-4276-a65b-eb05bbad91bf
5d87d2d4-bda1-4418-89e6-9e994cb964a6,VISA,f492e25e-dbcd-41e4-8313-a9ed5503b8cd
47a28f31-d626-40c9-b173-ba2b1a53e87e,VISA,3e58bdf4-4732-4602-9c6f-54d07b91d673
e9253b06-bd67-4a71-807b-335a872a384f,MC,f30c03e7-6aa3-474b-a697-425d0cd41b9f
0676def4-d867-4ad3-840e-0b154fba187e,MC,2bce5c5d-5f9a-4b27-9cb4-6a44bd406a6c
d7cb54df-ab9b-4825-a2f8-1b78488088a2,MC,e8edde58-5fbb-4adb-978c-ccfad50b2907
00541342-aca7-4ea2-8126-81f5ab9efdca,VISA,7a10f9d9-3ef8-4345-908f-66aa39d38e1d
d670d8ba-c85b-48cb-817e-fe62eb40ae48,Discover,ed8f8df4-5dac-4989-8552-476fc8319b9c
42a92e6e-d653-4d62-b180-d2f12a6dea3e,MC,d81b8d8c-0c67-4f48-a99a-a287ed16981d
7ccfddc5-3dc7-4f8a-a66d-74db8cd6bf3d,MC,f9c78f32-9730-4add-bcf9-d605d11807fd
c0475083-a583-4e8b-bdfe-9133688c7a2a,MC,615fab20-2c41-44b4-96de-d2a4bc9998b2
ca3e2449-1ede-487d-bcae-49f138886768,MC,94374fb6-46ff-4ff3-945e-6dee1e66932e
dcd76986-d407-47d8-9cbb-0b8a5c458e62,MC,9485a760-3870-4434-a514-501831b2d880
def07c70-c213-4257-a973-9a1ad1b20690,MC,93f58ca6-d1f1-4542-969b-2ac9e3b4a6b9
a398c8dc-0960-4d84-aefe-9f76dfe5818c,VISA,a84bab2e-404d-4a7c-a137-515ed4bfa38d
87613951-25e9-4aca-b0ba-8d69bc3895aa,MC,9bc143e0-8cb2-4cad-a2a7-1d9f2eff92e8
05d08207-de86-4a40-9015-93b94f8cfcb7,MC,2c1b39a7-36b7-459a-8370-a17c6c319ec0
f5926cbc-1bf4-4f2a-af1b-0d4c358b35c8,AmEx,ecf7e47a-9ed7-4244-a6f8-fc4733dee911
6a2f0cd1-aa05-44c8-8e4d-f84ff35e4a84,MC,1aade032-08c4-49fb-810b-f5889f7ca319
4517c7cf-2bf6-4bfc-849e-2de661037f99,MC,ffd92c97-7c73-46a2-b305-16da4f8f717e
431d7f62-e902-4960-ba34-832e95f71d28,PayPal,0108032a-3a08-41d8-99bb-7094b3dba766
aa156011-06b1-46ce-b543-eaf48ffe110e,VISA,bdd1d484-a9ea-4697-9c60-c2216e075ddf
c4d204a4-9cdb-4cd8-bd9e-64ba828524ca,VISA,c0b3b4aa-b2ba-4f3d-8c76-04f3cba3814e
86e3376b-1195-4c6a-b826-5c7d80f8a474,MC,78819517-5fa3-41f9-8fee-ba37386d56f0
3e53701e-9117-4107-bf6f-1c494424a1a5,MC,eb63e97d-df68-468a-a360-74f813ffcd87
95aea7d3-c9ba-4c80-84db-abf291656e88,MC,bce0dd5a-1a80-40b0-8360-166657d6e1f4
40f18582-1cae-4a44-ae82-78969415710e,AmEx,f671a6a9-0764-4283-9b02-8c9360239e70
9957b5c1-930d-4e02-878f-bff28ef1280a,VISA,f42fa22a-6397-4585-85dc-f8643d794c65
efac21d7-5b7c-4afb-a5cc-dc0fc5a5e8f7,Discover,71c5c631-05e7-4efa-ac26-7fd3f2095d9b
787412d6-bc0c-4861-89a0-ec29dea60029,AmEx,45422536-8555-4148-82c4-880ba4a9d00a
517e4d8d-3aee-4e63-ad3c-fdf5a1822166,PayPal,d826ed4d-a7e2-4a8d-a360-a79a7a271e7d
b33770a0-4c16-45e0-b466-ede010ec5e27,MC,b221c4a4-74df-4c74-b3bd-472cb52a22d9
5b1cd37f-3563-4e29-a40f-eeff53370cfc,VISA,469513fb-6066-4124-a41c-ecc6afe906fb
4cc32832-b131-4336-aef6-af2f57dd7e9b,VISA,01326d91-663a-459c-9f14-c138474b708e
818ec6ae-2187-4582-88aa-747d1c1709a6,PayPal,37c27014-3824-4516-b908-c7169d788ff8
3b3ee22a-69f0-47d4-9df7-9c1b9683cec6,VISA,7aa0c3c3-ee85-4dbf-b15e-9547373e2afe
281dfd04-b9a2-4b08-b831-bb62b6b0e9ae,VISA,75ecbd95-d5a8-436d-b987-afb6c9e6d885
164be08e-a7be-440e-b781-6653c579e470,MC,0fc61b3c-b1e0-41bb-aa21-2065c576fdfa
9183cded-eed9-4e10-9012-2cbb71b6c192,Discover,acec5f06-3e49-4cdb-88af-e727747bc276
98eca2c2-1440-4a0b-8d69-4560a749d3b4,MC,ac594a33-9d85-451f-8d51-28f9c52b093a
8f614640-24db-49ce-8bd2-914873d17c3b,MC,7c9a9f3a-30ed-4b38-9d8a-6b61dcec7bb0
949545c0-d230-4910-b911-9021c44ecca2,PayPal,cd995d4a-65dc-4f8f-b786-784c9cc6e147
0a7b8c1d-7b85-4a8b-85f4-9ec0577c5a29,VISA,6369141c-93ce-4180-9d18-508608365b32
241960fd-33e5-4e12-b48d-1845b4e5bb2e,MC,a036562b-f21c-4e0c-85d8-eeafe2438203
9194664a-ce07-4afa-b994-7309732c8273,VISA,a77bd101-167b-412d-ba73-e5e74f20748c
c0cb2104-123d-41c8-850f-10fa1e9e951a,VISA,0e9c7f75-1564-4e67-99b2-6024962b84e3
5b2d2636-6cc9-468f-9e97-40f5db00c967,MC,00b273c5-b6c5-44f6-a233-96fd3d964eb4
f5370250-e27d-49bf-9c56-05359b7b2e21,PayPal,9a322b0f-0e1c-4e57-98b9-18d71f574efc
fe0f2f9d-6878-4a4d-9423-aa71d747f068,VISA,72bd37e8-5b42-4ce6-9206-fe306473b4e0
e070d701-afb3-4912-8f3e-02e435297cc4,Discover,9cdf2316-ce08-4786-8ff9-0c2633401992
a121ba85-e02b-497a-86ca-b0366dd869b9,Discover,a7b19f03-68ea-46ed-afc4-aeee78a125b8
9113c817-a130-4132-8ca3-599e8b2aab2d,VISA,d3d63fc0-4b1f-4185-a626-2c8aeee7ace8
78268d7c-f289-4b02-9529-6610b339282e,Discover,0fa14874-2371-4715-b7b4-a5ba08791cff
975dbb1d-82c7-4925-9957-258cd7c53113,VISA,49c18074-2c17-4e6b-bbc4-0137f20e78c8
19539490-7e32-468a-b740-7d80cd634463,MC,5d57c66b-f55c-4c5a-8459-a4544a274a76
66b9ba51-944d-4ac4-a078-a0a5a0f2ec1d,AmEx,e2a6cd35-0ba9-4cd9-8e16-aa397de3433c
0795fcbf-b366-4092-b1ac-e81298fc6f47,PayPal,7ff306ba-f281-4ee1-8c69-d8eebabcaa6d
62051834-f20e-4245-a744-38adbcfdbf94,VISA,a04e5fd4-5a58-42a9-a858-0013c98d6969
adaeef96-3401-4c10-8dbe-8e6d3a42cf34,PayPal,955e9e18-c633-46b2-8d6a-c7b4265d1256
d969c3fd-b7c8-4aa4-af4f-d6eec5354760,VISA,a4d05023-34c4-493c-836b-1ffb9e568e14
97d4158e-90c9-46e7-846f-185ac90f123a,MC,85d7fb9a-7108-4460-b437-c538d69df76a
4e985940-4972-4af7-bb8e-a1499b431571,Discover,8e322a17-07d0-438d-932e-4a70e8f80e7c
9d6cbc2c-4d7a-4638-a95e-0e34b1ca4005,AmEx,e611fdaa-4b27-4c9d-ba4f-63cf3f5db85c
0660c22a-c981-4909-9009-7b52cb91253e,VISA,f637b1c6-06f4-482a-8acf-9cc843ecd22b
39dba08d-ae30-45f3-9380-715102b52e24,VISA,3ff95df2-00c3-4af0-b0d9-fc39859dbb5c
508c4db9-2ea9-44b2-b04b-d23ca9121759,VISA,9a040f46-d5a0-411b-a43e-ec329a5e020f
f9077a56-3015-4238-b028-7784abd8cc14,Discover,733f265c-d071-4d58-a528-c1fb5359d678
6055aec8-c621-4895-88f1-f8d819a61efc,MC,232ae2b7-c4fa-49b3-a7f4-2a2ac488e598
be7c7f19-30ac-4c1f-af06-65999ba74e17,VISA,c4648b12-626c-47ce-a0d5-0a2c86c0abd8
3f896e4a-9890-42fa-b97d-6a42bd95bb67,VISA,f8ccf5f8-cda8-4ab7-977a-99a319d989f0
a74afe5d-4906-4d87-b58c-e37fc772bba7,MC,3f457623-22e5-4b11-b3d0-26f0ce5e30bd
58cc0696-acfa-418b-af47-9b5ea0ccfb68,VISA,811598b1-5b73-4211-851b-ef276e8f4ef2
1132e0cf-8152-4ee5-ac03-573f0c677156,PayPal,edf7429f-ef39-48e7-8e85-8bb27c88ca40
e7f825f6-4c12-46f2-82be-f0809184f441,VISA,1205f90c-ae4c-4940-9114-6e6e3bb416c8
34c0d7c6-fa58-4beb-b664-8af14d4a978e,VISA,a5465350-8aa6-4684-b17a-8b447d5f4ab9
4a385f44-0018-487e-826b-f91dacc47643,VISA,d2bcff3d-4341-4c28-8bba-edd728d46ad1
e1137b86-6f20-45b2-a972-13a1a1621a92,VISA,46345780-9a20-4e1e-a0db-c1976284d62c
9edcb07d-e7fb-4c7b-be00-e11b475976d0,VISA,cdfebbf2-96c6-4f67-9997-1a2ee24d1fab
7bacbc56-6158-448d-b098-b11b70573676,AmEx,9eac541f-7ab6-4992-ad20-e6a45bcfb8d3
b3d3805d-f80f-4dea-a3c8-360ce91c2887,VISA,d489ae23-ca5e-4d30-940b-93c4a54db809
dded1403-db29-4370-8146-da79a7684701,VISA,f28b3049-bbca-4d26-a9e3-c8631d9a79ba
b031a22b-1254-4d9b-a536-061b498f46da,Discover,c109fa5d-74d3-4e55-b6d4-db1e14971fcf
e42b9739-748a-4d30-9e3d-d4c0f179babd,Discover,18ee022e-fd2b-4c99-92fd-1ad0e450e80e
1d462225-ee3e-47e8-8bb1-11ef666941e7,VISA,b4746790-c590-4a6c-81bd-ab876da0a76b
0182b942-0747-4a44-b220-4b4a4c830d07,VISA,6e8a2b2e-a694-460b-aa35-374e26c97746
76179e03-5597-4a82-aee7-05a5e0f4631e,MC,1591fd86-b3ea-4133-9a05-378ee658281e
ee7b5755-0afd-4642-8dba-8f8afc2f1d76,Discover,7e2edf7a-d30d-4988-96f5-a63bed824af9
9a763472-1185-4c83-90aa-a96c91da8d8c,AmEx,526729f4-ce86-40bd-b3c8-201087773d9c
d8ea9e9d-4203-48de-8010-39a90588808d,Discover,dc0ce0a1-ad1f-44bc-9acf-ad54fdf777a1
a0e4a7b1-1a94-4629-b71c-6d3d303658ad,MC,124cc369-7143-4196-bb24-8216b97640e9
4afdf4d7-b916-48a0-8f5c-de81b66964c7,PayPal,16279617-3e58-4555-9b84-a25db3bca52b
fd5f1bb3-3b94-408a-a78f-9551e88b2abd,VISA,24a13c3d-9969-4f74-848c-86124fdc502e
b87ae28c-627e-4f11-8b48-323fa67b24be,AmEx,7faf6696-5c20-447f-a857-59fc61f6cc5a
236ddee8-6c41-4534-b5e5-bb754cd32b9b,VISA,5360952e-7239-4a34-9900-4de58ce9e3d9
7204eea1-d2bb-4b8f-9ba1-2a9d386afcd2,MC,cfa45545-7a60-4a89-84da-0473dfa8ff07
ed1863b5-9488-4c80-9e9f-44ce86a33ec2,Discover,41a9c5d6-cb11-4973-964e-a79aa35f7447
5337e3de-767d-432e-85cd-eb798ac44f91,Discover,c40dc8a7-6f4e-4d2b-831c-b318830d4bfc
13c8073d-82f6-46ab-a058-18944cfe11a5,VISA,afb93be6-6fa1-436f-9b49-2ce3dd92569a
9691ce1c-83d6-4d14-9dec-99dee2255802,Discover,5b80f7b0-99e3-45c8-aca8-478a448ab0d8
9e5c22fc-e2d4-42eb-9baf-a977d3cc9abe,VISA,bda5f8f3-4332-432d-b380-fb75d85e2d6a
423aa12d-c51c-4388-b5f4-7247d1117929,AmEx,f001fcc0-621e-41eb-a9dc-4d603ad4295e
c05ed33b-ca90-434f-98a0-951572f99d7b,VISA,63f3343f-4721-465c-8ce1-43290551f560
bb24ad79-1e15-431c-9c9d-414c746f93d4,MC,a11c70de-baba-4d87-b64e-f18fe994cf84
658d0c9e-f5f8-489f-99eb-33a26319aa45,MC,add45ab7-7d96-4442-8ba4-c21b5b9a58a4
74bd3dc3-74dc-4dd4-97fb-d72bf9ff3a2d,VISA,b2cc8940-c4d6-4c29-8e49-86013d2800e1
5689d875-a043-43f8-ad25-c6f778044c7a,MC,1f452550-bb10-4575-8393-dc5fd669b6ea
c2f7832e-2efd-4025-9218-b715f7e52a43,AmEx,a40ff4a0-a281-4b3e-938d-f0a34da79e01
736dc270-9977-4597-8825-bde4978201bd,AmEx,e94128e9-abc9-4f99-b63e-ba6f399fe040
c4da9273-96e0-4cd1-836c-e8c8f1329cbc,PayPal,28daa8f6-24ae-4fa3-a31f-a83a186b2963
533f4a3f-ec5e-4b44-ba5a-83778815a6ed,AmEx,762f1edc-0e3a-4abf-9895-e784529043c7
fd5029e8-6917-4612-a257-bb0df9d5e8aa,MC,ac02623d-afbd-4bc1-b627-3c15b444a46f
787fb420-ddae-4c49-9a59-974d0fe1b096,Discover,cd1ea52f-a09b-4314-898d-fd449f01c958
d22e7ffd-0eca-47d2-9174-a5486ec9e970,PayPal,3738c21b-a2f7-4d1a-a3b4-e93902fdaeb6
5f9f1ba2-7706-4cc6-ae20-e80c50a97026,MC,79ea1ad7-bbf2-4763-b7aa-bdc45479961f
b663c344-5180-4d66-b266-c0239a6c0c8b,Discover,4187d165-94c4-4153-8567-539167ec9988
5dae617c-af1a-458e-91c1-b59094e2f89f,VISA,2721e141-8f0f-421f-b18f-c0d44d4fc275
fe697429-111e-428d-9089-5c43a864960d,VISA,e15b3e95-33cc-4195-9fd6-89997ec132d0
8a355f25-360a-4702-9828-e89f54b7a0cf,MC,19b968d5-a013-4855-9966-eb32ddbe0b92
53e4b92f-3dab-4f34-a5ac-659682455c16,VISA,65cdc23a-a557-4652-863c-55b958ce85fe
4d5e5205-bf2c-49bd-b27e-8412f999a6f9,VISA,e56a57a5-3624-4780-81bd-2afaeb66dacf
2b29bb40-56bb-477c-a73a-eb5512e3a422,VISA,8c238d0e-88df-474c-8ee5-605a1b85b1ce
659add91-7a1f-4741-bf61-6f6656979db5,MC,3dda58ce-0897-4380-92eb-ea85b77a202d
e21e8b34-056b-47e5-ab96-e6dfbc0196a5,AmEx,137bf20e-3794-4a98-8e0c-8683c89d2fbd
f2378886-b914-4b65-9e30-63371cba1553,AmEx,34aac4f3-b282-4c06-b333-cc25848c1630
31c2afda-db60-4e2f-8884-990aed8ca7c0,AmEx,56b47fc3-7387-4eda-b678-33773a40a226
ce8f4561-f5b6-4860-95ee-97b9195dad45,VISA,2a0aa83b-b4c0-4ea6-9f75-e859d10bd78c
8b1b5a24-3bc0-413d-b8dc-a6c89a66363e,VISA,e331b10d-1eb7-4821-9d9c-4711783d0883
ad865337-383a-42ae-a178-101e5728f82e,MC,f290c4bf-2697-4626-ba51-e613ba098140
1982587f-f0bf-45d0-83c3-a5bf71981cd0,MC,a04ba9a1-dd61-4fde-a837-8f1ce18f3f7c
1923b987-413d-4695-9881-c9698495ef0b,Discover,5b9237ad-b1bd-486d-9aa3-28d8b11277c8
ceb9fcb1-5fd9-4d41-a70e-c82365598b45,VISA,91e523f5-8a37-4582-9e63-079913b7923e
ff19202f-b6d5-4c91-9490-94930963dbe1,MC,d6641b20-0c51-4696-8da3-d6e9fd512e84
805493b6-4a0c-473e-921f-881f94635fdb,AmEx,1cbc7012-f024-40c6-8d4c-04fb02c859eb
cb48c3ed-e5a7-4348-b051-3f64fceb5990,AmEx,578d3d6c-697c-4a15-b291-cf1df9223263
e7c1471b-8506-405c-bd7e-8d526431c5a1,PayPal,1b665507-241a-45af-ad01-7a8918332071
96596027-4caa-4a7a-b5cb-3c9393a8dc3f,AmEx,c5bba7d7-51fd-4cc4-8c41-f5a91ef96df1
bd226253-b095-4cae-a94f-ba767eda2285,VISA,f8d5a3ec-b148-4f16-92d2-d9abc1b12a30
ab46b82f-2430-495a-bf6f-fe68765fe415,Discover,6768a9f2-7b02-4fd6-aaaa-d4c9d265fb4f
1e1294e0-e9ba-4bc7-8157-f856a32ee02b,AmEx,0d93d89a-b0bc-4d9f-9bb5-916a2bae6786
1905243a-8aef-46ec-be61-97376953fb8d,VISA,58a9044d-cb85-4394-9d44-9ece650e1c1f
6c0586a9-7e1b-46b8-a953-4ce613bf6207,Discover,64515049-473c-419a-bfbc-68fc761b34de
b4ed31df-486d-42b4-b5fb-c7c91b4572d1,MC,e8afe2b7-5951-4f79-bc1b-3b59f2d42fcc
4f0e2ea1-7b87-48d2-bdd3-9c726e7510df,VISA,ca7ea005-5f1e-48ed-89e1-14af1ac3aac1
6479426f-5ed7-41e7-9ba9-cf3aadf2d9b2,VISA,3ba59404-ba70-4c3c-83f9-ad29f1efe1fd
2257bcbe-9337-4ebd-a945-990b36f671b5,VISA,fbe653db-5a20-468f-92ee-c307132e6552
a18a9f85-0623-491c-8adc-bb518b06e1be,MC,4cd45b08-d26c-4dff-adeb-10bc93bf6c8f
1d376a8d-a94d-4c9e-b803-5e8b498b3a7a,Discover,cd820720-aab3-4ca3-996b-be155f198cf6
6126d700-49be-4b4b-8f0f-25aefa233f2b,VISA,709ccde3-efb8-40a1-8309-92c31a89fb6f
584ed743-5df8-4fe3-9b30-5de19fda83d7,AmEx,f0004fd1-1538-4867-a864-d15708aee721
fd399a82-ac93-4953-88c3-46f1420857e0,MC,e1eb262e-3294-43cd-a6a3-60737d9e1eaa
7a833d34-eba8-4485-aef9-89c18cac8310,VISA,4d6b3046-b95a-4c70-9902-649511fea068
a5e46b18-dcb7-4c2c-b413-eef5fd276de5,Discover,16b914d3-3bc6-4831-9bdc-8abf3fe19c1c
a230e182-4b80-43b8-828d-baee8a854636,MC,f2186e7a-fa74-41d8-a5f5-3c92e5f0b2cf
a6177721-8e2c-4eea-9fec-e348feff7009,VISA,f29b616b-dcdd-41e5-92e3-9f631bb09d82
294a8a4e-6750-480f-88fb-4e76ca491886,VISA,3a74ceb1-8dc0-4526-a8bc-82f76b9feecc
33e9cd72-4c01-4468-a095-b2a1be42aa05,AmEx,d43e357c-7029-4271-be91-ce2061c2964a
34973703-c3a6-4bd1-a220-7cb9d58b6170,PayPal,1c3abc65-1fb5-438a-96f0-5420ce4d8ce3
34e73a0a-1f3e-4379-97ca-d138b7bac3c5,VISA,fadd0cab-5c58-4dd2-af7f-d4f4928004b6
4316b813-05f3-4be3-bea8-0c79827281e8,VISA,2bb19b2c-1464-4a03-bdcc-8bbc455f1657
177dc0a3-9a02-464f-a5b2-55a6b0e87ac1,MC,09a125ec-8003-475a-800e-5e6d7e572276
823c4a3d-c9b2-4eb9-8ec2-ed8a161fe044,Discover,af14cf07-3ade-47d0-b306-68f8b3042cc2
148987e7-10ca-442a-a2a6-9ebaf14f6dbd,MC,1395f81a-1dc6-4be8-bbc8-47e79f5e8be6
b7b18312-726c-4e49-80bb-cc19d04c1e2f,Discover,32a4f519-4f1a-469b-a466-5a21e9d9c083
c7ae6575-9391-4137-8424-50d385daa975,PayPal,2b102ee8-ef72-4008-a190-55c83ff1e7a2
7ecd1d0e-ba07-47c4-bc61-3c7e7068183f,VISA,45eec362-d4d1-4e34-b621-38023dacee22
c94e71cc-7e99-4a87-9c1f-04335436f367,Discover,117cdb3b-bc86-4d2b-8c3d-7f1af1bd89eb
09565d23-1fdc-400d-86ee-2d497e927b3b,VISA,caba0748-1710-4c38-8715-f7ff3e8e6e1b
977b8478-7a24-4dfc-bb9c-39596e2077b1,PayPal,4ba56441-739b-45b7-bf64-c32fffadef91
6dc18a00-81d2-4e84-8da7-294aa1de48a5,PayPal,db4b25a8-5ae8-4b36-a342-c6066b11d449
57f951a6-3646-482c-b446-1aea5f301668,VISA,52775bcd-9b2c-423f-93e3-332e3a468d88
149c5572-400b-4827-bbf0-536dc584ced3,AmEx,ad147425-191b-4a6d-a8c8-f55770c09ea7
ea041a6f-b1a0-400c-9d43-fe8e6de217bf,VISA,3b5d4870-c5c0-4d33-b5d1-ceeacf5c33c3
174fcc91-34dd-4dfd-9e37-30caf20c3405,PayPal,53e939f8-b905-46eb-83cc-2793ecb1d809
369086b0-8e4a-4702-a704-1766177173cb,MC,d60ab971-82d3-46cb-aca2-30743916e9b4
e0875d10-870a-494c-bb5f-b019e5b7c168,VISA,7fb8fa1a-60fa-447f-ae55-00dea747a1c7
9dec17c1-b284-4bcd-8c12-ac6f313b0f9c,VISA,4f4fdac8-3bac-4811-85d0-c3d23ee7d6b5
ba0229ba-6087-4b89-9a2a-e2682b51cf5f,AmEx,5e1b54be-3796-4c17-9640-6a0f35ed81e3
2b09c28c-bd04-4290-9b00-d5a7c98518b3,MC,3c85fe3e-4725-4d99-ae5a-e9f0ef9438d4
c57a24a0-15ab-427b-b7d4-d89e3e8fbbca,VISA,055ea136-f666-4c73-8ece-50a41de88328
22fdba7c-d76d-4428-9d0c-e73edc54aed2,PayPal,d93581bc-7036-4003-a951-4c3ef622ec91
4e766d39-2950-4f45-aa55-25a8f059a020,VISA,e17cc3ed-c00d-421c-88eb-aff3fe81e33b
6e2d9675-64af-43ec-b375-7cbd20199538,MC,3b110b8e-6e2a-4525-93de-c879863c829a
c8fa1b81-7da2-4b92-bf43-9f76d47d4cd9,VISA,a02146e3-4d43-4f52-99ee-c04742adefdc
28968f65-bdb8-4622-b6f9-27ec44d66694,MC,b5990a6a-fcf2-4f3b-86c8-e5b7915f8021
488810e8-ca94-4723-bd70-bb6bf8612843,MC,3d056b33-989c-4e1e-9db5-db618a66b3cf
21fb9893-705b-490a-a5d2-cd06c2f5ac18,Discover,bf9f0aa0-e053-476e-a249-19060166261a
e66d667a-0b99-4d32-9e40-1975d7a20ec5,VISA,4b706b47-dba7-4221-874a-5578af19368b
686ea23d-58ee-4ac8-b2a1-8aa32dd606ac,Discover,3a4eb233-825b-42f9-aa80-27fe1229e552
8d569276-3c9e-497f-bf16-bbd9e4477602,PayPal,994a1515-ed58-42a2-958e-7b58a3f5f81a
46333dd8-a4e6-4904-a1e8-43b29b16f7e2,AmEx,e38e8d7c-e86d-4e7c-bf9d-67fb2da6a0ab
a73bc46a-e371-42a8-a14c-cedb0e5aae04,AmEx,3ee53089-5fb2-4866-aeee-34c4455e0a92
aa752620-8582-494d-bd8a-007b9c95399f,MC,471f3ba2-a678-46ee-b7f3-1899cb422938
f2f3c8b4-8e3c-4fdd-86cf-b5d1fd0cbdf0,VISA,145973a9-383c-4e93-8b65-f4e8ea4e97e7
7dcf0fa5-019c-4182-b7f8-8954717d5e0d,VISA,1bcb9186-643d-47b9-b89d-45e065e7b98d
b1e30af9-4767-4065-a3f9-efb418619d62,MC,019ecbca-75fa-4a85-8b13-0bdd44a4ff30
2c76f56a-5d35-4854-8a8f-5051918860c3,Discover,002ddbe4-9dab-486b-9332-f63608b8f6a0
1136872e-9472-42b1-944e-37189a73d47a,VISA,d495bea6-1599-444d-af2e-61ab1b0e68ac
88902c2e-43bb-4d44-8f5a-8b37f25a599f,MC,03cf9ac6-083d-44b1-9eb2-56adf239e0aa
d2f711a8-20c1-4fcf-9ea5-c44fc56bf5ae,VISA,2769430f-0c02-44a2-bcb7-5c026a812657
4050fa95-27e8-4dd4-8004-6a592c824b2a,VISA,4f95e228-838c-4504-b777-2683764b77bb
86667b12-9a70-4023-b986-d27589547ee7,MC,3d8bbb18-4abe-4b68-9794-64ddd28f520a
ce5b4926-7034-4f67-8f16-5b1715c56c13,MC,708976a7-9afe-47df-a84e-feb2406ebb0c
e3951e1a-cdb9-441b-ab6d-04e0124b7701,MC,e5827aae-bf29-43ab-81bc-3dcee90c6e96
8329b1f4-545f-404b-a5e7-4901b8a23a39,MC,b728ed26-b303-41cd-b9bc-89645c798a15
71a76f59-4e34-4fd2-ab17-14f8004aed70,PayPal,342491c2-9543-4241-ab52-c462eba15948
e709e951-3999-46c0-8534-3b040a3442e9,VISA,c7ca3d79-0d83-450e-9124-ca0e6ba1d123
0604b80b-f356-46a1-bbbd-037411e63f4b,VISA,ef27db7e-62e3-4dcd-b469-47baea1fc474
72e36de7-dcb4-4635-933c-e16e6ca3def1,MC,e3eeb098-892f-4ad4-80cd-c220d2963201
1a2f9197-388d-4ff0-b05a-68ced7e2b11a,AmEx,91c571d2-341d-4dbc-a30b-9723b0580ae7
0009ff3a-d351-44a0-a581-38099bb71cc5,PayPal,5347f832-eab8-4c3e-a324-fb0271a5e710
97ba39a6-4f64-4094-b7cb-4865cb60c393,VISA,0fe8017a-85a7-4e0f-a58c-6a84c3e9376e
888c320a-2464-4805-9b10-cff8476d1ed8,MC,2d0acb70-d97b-40bb-a643-2e1b2afebcc9
1d1ae2c9-7690-47ae-85e0-a960b9d1dcdf,MC,17693497-f472-4d38-a138-685c63db7d71
d39dc109-9814-4bbf-992e-280486880ac1,VISA,bcbbabcd-13df-4f00-85bd-f82232849a1d
4b2ef305-69e3-43f8-8e23-901c6ec87265,VISA,dd5ce0a8-f425-422d-887a-3b973e45de6f
699db12b-1609-4696-b865-c2cb6a57846f,AmEx,06ff2cfa-0620-4921-919d-74f1892c3be0
223a7e91-edb7-4698-b3a0-125842942fb0,PayPal,d116e7b5-d9f3-404c-a036-94507a16cd1b
987f1165-d6f9-494c-96e4-50e1c1f47fc0,MC,241b887f-b700-4597-95a7-fa12bfab1a43
6beb7256-6685-4849-bd8b-5834a4e7184e,MC,20d91fda-ae33-4e4a-b7df-8f8f078f2e7e
6325a184-dd8a-4ac3-b739-539bea3b5228,MC,6a9c6124-cbdf-4325-b7a4-28ea2b32abcb
ddef507f-ded6-4090-8f93-be0b58d89ba6,AmEx,1a97e87b-628c-4dfe-8b12-80d2088463fc
85badfbe-5987-4e68-9959-d403c4094e1d,MC,15c20052-2b60-47df-a45a-0d997a2fbf9c
00234c40-68e2-45db-9044-62e66ad396c0,MC,88f7c00f-70cb-4b1c-8efe-784ed42f52d0
3b323ee1-d43a-42b4-9931-dbee074e2910,MC,b535000a-a2b7-4205-8d7f-c23a28967a13
da99ce85-8c20-40c2-b746-fba2ea0389ec,VISA,45876c03-2a59-40b8-a0e7-a72f8df716be
415c9271-2e20-461c-8467-aa519028a9fb,VISA,d535cdcf-8feb-40e4-ac82-af721136e2af
7088d7f8-70c2-4e94-ba39-d9327941ec88,Discover,6ccf113d-0164-4717-a617-9d37d0ffac8e
00aec761-6a3c-4f77-9cb9-023932d86331,VISA,4bb934db-9dc6-4c56-a4f9-fa83de5850fa
57c7a163-ec2b-4c71-9639-e6a6a556a0bc,VISA,96dc126e-eb39-4357-9547-d74cfc51e7a2
180636fe-3e7a-4fcb-ab3a-61ad528c6318,AmEx,94641f79-1679-4e5b-b51b-0d69538d245b
93509538-5e0e-4581-a7c5-b21a6b6aeb52,VISA,6d8e5664-3fe9-421b-8147-827f42646c37
468b52a4-5586-475a-aa43-42519de85df8,PayPal,91ed3819-31f0-49d8-ae3b-d51fa2832581
f82f5a6c-3a9d-4826-a1a7-2f941f335fcc,AmEx,659ae144-615e-4cb5-a414-7ffebe5b3609
aeae9edd-4524-4112-adef-ee78406d2375,MC,60400db6-7728-4735-b104-ae6ec00474b0
3fabf2bb-13de-4b80-90e2-8728b2beec69,VISA,e9e2460f-4cfe-4f40-9103-e56e667fe094
a88be84c-b0cf-4b21-8d84-dbf101459807,VISA,0d9eeaae-8026-4aaa-a4dd-37a4ab3a1b5f
63477006-0159-4fee-90db-f5ff5b330866,VISA,3121176f-8744-4f0e-a185-e922f6f94a4b
5d910868-16bb-4723-8bba-06b43d7f2780,MC,0ea1301a-b746-4cdc-bb8f-667b22ae6fd4
14159f2b-fb32-4a79-8cf1-fde680576e63,VISA,06303d64-eda0-402c-8068-777bff5e5c64
dc9e9ee3-3ae7-44dc-93c2-c77183988e9c,MC,fd89942e-2336-49dc-9e6b-718eb95e8f82
39dfb3bb-e5dc-4500-a5b8-00999e8989cb,PayPal,b6e127d4-b463-44c5-821f-3672ed2bb301
356f890d-5b9b-4dff-8106-c023201490eb,VISA,d6044626-d7b4-4efb-a985-2d8143792cfb
b18a1f2d-6fde-4138-b3ab-106687f67424,AmEx,de3ba510-1315-4868-abc6-c287ff26c2b6
01a3f553-c699-44ed-a1b1-e92112fa1359,MC,2e96c955-f065-450d-b8a1-85f9c20095e2
30514872-1b97-4f66-b7c5-7e7aca95e464,AmEx,b8f0afdf-425d-4785-98c4-48aa0bd087d2
e174452c-8499-493e-b261-a7c3fc8c187e,MC,906c1fce-16a0-432f-ad14-0bd8ed6c1c57
37e7e525-1399-47ee-8242-3e82d2bf327b,VISA,ccee97cd-130f-407f-b38c-abefa66426c4
5f4c5038-3c80-4a34-9f5b-82726681153c,AmEx,4d6221bf-b946-4788-a33a-31da6c5cd9ab
ce911b34-50f5-4705-9a44-4ed5184e0889,VISA,b671ab37-6e45-4939-ae59-8fd384f0e15b
86188c2a-4502-4c77-a78c-60d8853a65b2,MC,32a66b2c-306f-4c76-878a-cdd66afd059f
cc4da823-658f-44cc-a5c1-cc95f79be630,Discover,dc79175b-b546-466b-940c-422c6ef24ac7
6a0504d9-577a-4d88-b95d-c686b279c1ac,MC,8f533524-2013-4bed-9f1d-54d25f8add65
8dedc248-3afa-42b3-aff4-3fa4e71269f4,AmEx,70dbddb2-8745-497c-89cf-8daa73604ed9
a1f48753-a026-4e3f-a87f-0ed0072fa69e,Discover,b93d38e8-5af4-47a0-a5eb-e0f3a3a81847
f0b130bb-e672-46a6-a0f0-7c7da87814fd,PayPal,6c76eb32-e4ac-4614-a9ff-dc2e94b336e0
b8b9be66-189d-421e-8923-f23fc99bd072,PayPal,0687ba64-0701-4758-b7eb-b2e8097440b8
acdbb0e6-f88b-410e-90f9-658e35b86edf,Discover,8394107b-9255-4a60-ba05-4c8428637b9f
876074b8-304c-461f-b76a-6310db9cf32e,PayPal,6de28a2c-0ee8-42d7-b6dd-22dd4dd6a4b4
a1406f06-0c16-4038-ae7d-86e23a4a82b3,VISA,074181db-5bca-42ab-af7d-ab9b75928001
5961d71c-b2e5-47ec-9eaf-dabc39a1a0a5,VISA,c531ab9c-3606-4da2-aab3-1ffee254ed27
71f04512-1737-4bb0-b761-90f524f881be,VISA,fee5b750-9417-43bf-9263-36126929ca62
d7cba72e-155c-4eab-a432-02c3e57f8b74,AmEx,8c6a07ba-d7bd-40f0-8de4-e8481a21dee3
3df3a18d-8f10-4423-a74e-75d509cfcc54,VISA,805fcfec-eeae-43a4-b697-72c363a6fa89
0fe730c0-e831-44ba-9776-2afe0843b59e,VISA,9f703bf4-948e-4373-b701-63b15e71f0f8
4a341fce-df02-4d6e-9d12-17f977f98855,AmEx,d57b0fb6-ad1f-4f18-a811-e9087466cf23
466d0232-e8e2-4aad-8525-1e6d11d61933,VISA,aee07af2-c743-494e-912a-b9eb7387356e
1d63597d-26b8-49b8-b37b-384ae8a7f649,VISA,1c185980-faec-4d25-baca-203e88cf3d59
06260382-e115-4eda-8d43-71d6bbaaff37,VISA,60ef9a19-c54d-41cd-a3ef-e7a00a64372e
45dad132-b0cd-45b0-8db3-62b0335720e6,VISA,03ca785c-413a-4012-b15f-9ad8833b8023
3de80f9d-7cf6-447a-a2ca-597703e043cb,MC,d66d6827-116a-4374-aa50-f061b18c2b2e
a792383e-a954-4cfa-80cf-874da97d7791,VISA,e3b118b2-3a2f-4c17-9802-42b01c8f5b9a
e9e3f1a1-b010-4afd-8016-d253c4fd4a9a,MC,8e05372b-ac67-4ae9-8e9c-40edc3e6e947
3b7fae12-47f2-4aaf-9799-5ac3da6dbb8f,AmEx,c5eb82af-00e9-4de3-a067-41cc6f7c52a7
20b818ec-6d3d-4c89-870d-5ed876c3b068,VISA,a3ae4088-1a42-4a86-9f4d-ee9c9147910a
a8a916cb-e951-4d78-a3ea-e6455d7db61a,VISA,d03ac5ed-6647-4729-9134-d8049627c5fe
9ce9d880-593c-4b2a-aa5b-6181b6c2b04a,MC,e4603515-0ff5-4d64-883d-c53895ccd947
e3b4eb6d-4d67-41a1-a4b4-2f2978d83224,AmEx,a95f7274-2aef-4764-8676-33d80766537c
ae18c5e0-565e-4635-9827-59ebdb94dbcf,Discover,a91bd6aa-7472-4603-bb2e-423556c8f7fb
3f866da5-a5d4-4fa8-acf3-36426515355d,MC,168429a1-86fa-45fa-9a5f-e4d20dd5673a
05ccf2cf-f84b-4338-859e-faa84c5d7cd3,Discover,3a144d39-b27d-415a-a481-b22ed8cb2e4d
8094b140-2c03-4b5c-a41e-21690bee3728,Discover,60218e77-9175-4e68-b274-5fefe00be73a
8b215b78-9f00-41bc-9b22-551e9ea4d3c9,VISA,e954b625-3e5f-4179-940c-eb64b77e8a31
ffcb4346-71c0-4f83-bbda-d56dd17561e0,MC,9ac88ebd-42c6-4b89-bd09-e3614ff417a9
fad9f5ad-5b2b-41ec-b201-ce8a88b3fece,Discover,b2922e2a-e901-4e59-abf3-041e73b29e60
b93d4499-6bde-458e-94c7-7ee882ef9be7,VISA,21888fee-a2c9-4e13-a1c8-fd48722342f1
01000a39-2bda-4801-a0f9-66828f7044d8,Discover,27b7bc60-fcbb-4971-acfa-1e31d8ac12ab
cf897490-d590-4e49-8d7d-aac7305ef0bd,AmEx,a8c27f2f-51fe-4be3-8c7a-32cb6f41c34a
d543339c-a02f-4e27-b1e6-83e5ca41c732,MC,3ac01875-acb9-47e1-a9b2-57e53c0149de
a0b1e108-ae51-492f-a60b-ed65796e3c9f,MC,0c079e0a-3f66-43eb-96c3-1ad4120f9fee
342aed38-a50c-4f9e-bc40-d942ef841bd3,VISA,2932fe0e-6e51-43ac-942f-001876ef2fce
8c87881b-e4ad-497c-80cb-f5e52c025836,VISA,bdc8758f-b4c2-47a8-b6b6-ac376bd30508
b3622f90-cdad-49a4-a137-17bbabd85f25,MC,6fc55324-6ef2-465f-937c-ede0af70201f
6d5adf8e-5cd0-4ca7-9202-891d0cafc1cd,MC,424a7dce-b8a5-43fa-9cb7-805ffeb8d32a
39f28214-47ee-421f-97da-6107cfd341d5,MC,3a5604a5-59a5-4c7d-a2c1-b88d9663fb0f
b2b6cd5d-e45e-45da-9027-8bc3b9d1e265,VISA,465e6cd2-fbbd-4ff4-a677-d062eac42a0b
f6ab49f0-9a30-4fe6-94a3-e48e18d199f4,VISA,aa96149e-aaea-4390-b90f-b3441ac670d8
fd719d0b-f529-4e50-b9b8-2204771f0a9b,AmEx,674a8586-438f-4e9e-b304-940730ff8fc2
46fbcf74-59d7-4de0-9eec-f7bbef407481,PayPal,3bc628c4-f50b-4e8f-acec-4e910b09e3a8
3987137b-14a9-4138-8621-2fb5d88686b2,VISA,c995af99-2aae-4720-a36f-9f313c3ba61d
82b22332-60fb-4a66-8c7d-4a1c5e70fa4f,VISA,83209505-7019-4b01-aa75-097bdae8f703
ff71e1d2-dcdf-4a63-af26-12826e3c02c8,PayPal,ad0b9ab6-8104-4150-8d18-48ce64f0eaf7
3af18a48-6e4e-4926-815a-526047de50c3,VISA,46cd8d04-a2d0-45da-a436-1a458fa04d21
080860b8-541e-4142-b47d-8228d2ee6904,Discover,736c62d8-fe54-4b0d-881b-bd2a84d7982a
9bfed71e-ff5d-4b11-b4b2-928f6a765d42,AmEx,ab855b75-6442-4456-ad88-480456a87a22
32ef1def-eaac-49e2-a4ac-f5b335e1babf,PayPal,798982c8-edeb-499e-bfbb-6bbff6c9ad7c
130256da-8877-43c4-a5bd-ecbef21b23ec,PayPal,e47f0996-84d7-46ef-9150-7e89b11c00f8
500cbcc1-a8f2-4a06-8874-d64bc34b0904,VISA,816a0b5f-2f10-444f-bda6-0dcfba062fbf
4347bb05-9c07-486e-b17d-12e5ad3de020,MC,e2fffb4f-edeb-4f4d-ab58-665f36e4128e
52fcc644-eec1-465a-867c-da02eeb0bafb,VISA,4280045b-6578-49c0-9152-80930326e839
33149714-483e-4e8a-8bbd-963333b222c7,Discover,30fe2c1d-1a41-4bb7-99c9-a4dd19af875e
a3932612-5112-42c4-9096-ad52f7b59b44,VISA,9f3e394f-d80e-40ad-84e1-b3b0d2a9ae77
bc344c48-cdbc-4c3a-9527-ad0ee5e5bcac,Discover,5a21df64-342c-4119-8585-9d4998fa20ea
7f8b8120-6d98-43d9-bc6a-fc4e6cc60ff4,VISA,1152cbad-154b-40ca-b9d3-1b4dd8484f68
9d26b2ab-427d-4f83-884e-2ead12fb0d18,Discover,88bf9b42-0561-4e35-b484-5359312f0d6d
a3f180e4-be6b-4794-9d36-30bcb9f74102,VISA,e56f925d-488f-47e9-a234-fa8b9d814418
c4905be7-3250-4d37-8e83-99bd5bcd8a0b,PayPal,7525e49a-2133-4c12-8a41-1b1ae0adffdd
141bc202-ee29-4aca-a4ee-82f8b7d575de,Discover,6087d5a0-c6e5-4207-9b02-6213bf6c2ee2
5be47d9f-2093-4f51-b9bd-5a938f7cfc8f,MC,2ec630f0-ae8a-4989-a410-e98662f65bd3
613bd416-e2fd-466b-9276-c5c3a913ccf4,VISA,d5e2942b-5fb0-4423-a7b3-993796b86749
2961800b-72d2-443b-a8e3-8ebf5aab30a2,Discover,4a0b33ea-7159-4896-a936-36e9df0639ae
4e807919-ee90-47ef-8868-4a1cd3d10272,VISA,27cedcd7-c316-43d1-b32b-b70e823a7609
2617d047-c1bf-484d-b69f-9b818dc3f383,VISA,e3424067-57ee-417e-89d0-3b3a8c715295
ca07a4d4-3b8b-452a-a834-108eb475a78e,VISA,b25fb781-0975-4b03-be9b-0d35ebdd7953
e83600c8-5f0c-45dd-b882-e612c4686d68,VISA,1e34acc7-332d-4555-b213-dc4e1baab8da
796b7cce-4c94-4b0a-8c79-58b5ac213fd4,MC,4bf68b28-ff33-476a-8b5a-856141a0ee16
22533ade-a4ac-454c-8d15-55d1eb85774f,MC,d37118e0-a3f6-4106-85ce-8e35c3351c70
57418206-28e9-4649-9734-17086275c452,MC,87807976-de2d-4fdf-b58e-995a734fc103
50cb13de-17fc-4e99-b641-ef2d53895a80,MC,383c44b5-c641-4f70-8d5a-67e3739e9c99
b67db263-2cdb-4254-8121-041bf94d653b,AmEx,65981835-e95f-4efc-a530-3c2dd11629ef
652fd6d8-bee3-4b0d-b1be-e8978323e869,PayPal,0794b929-d9b0-4810-b0ee-8756ebf4b258
0e7a1c48-2dd6-4c5d-a721-20184ceaa3eb,VISA,df8a4196-abfd-4d93-8561-b6129e403eae
d6ddcb46-dceb-4afa-95cc-65a4413d1c43,MC,13a6dc87-27ff-440b-b4df-cfb1913327ec
9e7b26d7-7c0e-4f10-84cc-0d6c45300cdb,VISA,8da553d6-bacb-47f4-b96b-16af96ed4188
67ec3625-b565-4b39-b3a7-aad3cf9f278d,PayPal,9d46a7ec-f412-474f-ac28-392ff48ef5a6
04aba899-d896-48d6-ae28-ac403b1f8c2e,MC,dcd88110-5ce7-4273-a7b3-02a9b376e3e3
91355383-fc75-4cb5-8589-3b87e8949830,VISA,cf5b2d8d-d118-4518-a65a-80f15c38b835
437d7d50-bafe-43ab-8707-b80a3a459474,Discover,852748b5-3f2e-4fbe-b864-e6f6fdd4f522
dba41d34-a74f-45a4-8a36-0bcb69d3df9d,VISA,d2ba484e-15d1-4d04-ace8-d7debf4a47b0
c76e84cc-82ea-41d5-ac4b-deabbca699bf,Discover,7b10ce71-0739-4be2-8767-0a1ddd2c7913
5c035e04-1189-4f8b-9a80-dff6923b029e,AmEx,c944e3fa-5948-4595-bec8-cdad1201e564
8980ac30-fa45-4d5b-a1e4-6a14f21d9429,MC,63147bdd-237a-43b7-a098-5f39385f316b
100eef54-dd85-461d-95bf-fdc4d102d510,MC,2de458d0-cac3-48ea-b4f7-8da2df75d25a
ae9b4778-5779-4038-8777-c1f83612fd13,VISA,70bc8b7a-bf0b-4aeb-bf45-00c3b9bdfa4f
755b0f69-212f-4404-9c71-63f6deb0de74,Discover,617d612c-c321-4867-8800-3f6b293ac3bf
9b6c53ac-4b07-43e6-a994-0f8d5c026e33,Discover,3ad27024-5686-42c2-b61e-61c09aa8619f
626c0df6-5128-44ac-8896-938e52e67ee1,PayPal,faa65fae-88b8-441d-8c0b-fa95a7c02dbf
9575fd9c-d551-4a87-8455-ad7580becf58,VISA,845b207a-18e5-4347-b3d4-b3d7e701ded8
11462df9-03ac-4c9e-ba84-7829ce05a0ad,VISA,2139a663-f952-46ff-92e7-96094dd396b7
feb47368-1dd6-410c-bf98-42458d0bd9f8,VISA,eea6006b-55eb-4529-9d2a-4f930fafe7a6
b19d6517-8878-40db-93da-006a9264961d,AmEx,956e80d8-b49b-4c78-b954-8dbdee8b09a7
b34362ef-814e-4c21-b0af-4b716b866173,VISA,60b62805-c532-40eb-9c34-7c3d2b68478c
c1af77a6-8736-4dab-8a98-e4a7e8b024f0,Discover,a177832d-4865-49c4-95c7-901ac716064c
923244dd-eacd-4236-ac38-9f77f6400105,AmEx,0ab267b0-999e-4df1-a12c-2144d71de2f0
ec9de4d0-a700-4476-b948-e2be62938960,VISA,793faa44-e7f5-4bfa-85dd-6b5bc2b0d696
dc25cfbf-77b1-4958-9773-bad7aac53af6,AmEx,eea3450b-67d8-49a7-b2dd-cd1106240683
8e93305e-2d56-4aca-9fb8-f5459f2dd007,Discover,ad6d45b4-a932-4050-963d-dd6894dd386a
b701dd4e-8c2f-4886-8f41-cb6a3d27b016,VISA,4d7cabed-7fd6-4feb-9cb4-66815f0021a6
1bb722d6-e47f-45e7-b01d-f82fdb6a4c11,MC,e4f68bb4-e66b-4889-be1f-1133b2b3cc1e
31915435-c791-4053-9d90-ee9eb1fa26a2,VISA,e0ad6151-489f-4e39-a5a5-40e8efa0e015
68fd69e5-77fe-4e21-a880-ffcdbab6707c,MC,1cd1d098-4be5-460d-8455-382b62a4981c
215dbab6-e28a-4e09-8ab1-8f13be34ee41,MC,8633e3a0-bca3-4455-92af-a29becab093c
7b42d9c7-936f-410f-bfe9-acfa149a9e5e,MC,6a15cf8b-0d46-4bc3-81c7-7f04be4e4a94
26cdb853-6742-4216-8202-a7cc5d8e090e,AmEx,5d6b48a0-ec48-4748-b8ab-192c1689fdad
998e705f-49b0-432d-944b-1f4f068d2c65,VISA,ccd5e0e3-f2ae-4013-aeae-9b59006c33bf
6bd66785-ae68-474f-aeda-d85f78b416f1,VISA,86d62024-37df-4503-bd6a-c2d849deab9b
d6ffa484-69d2-4f84-b249-1dfd6d4f1ddb,AmEx,6247f032-99f9-41d7-8411-ea6e6605d743
e9d9f00a-4c11-4b29-8db8-4c30c58b77f5,VISA,02a3ae8a-7cca-4a3e-832a-f3869c9108a4
1b089b53-d0a9-4db5-81fc-1dcf56feb757,Discover,051c94bd-3d1e-4f90-a7f0-e1ed393c0db5
dfbd3605-342c-49e5-a72f-68db6cd79844,VISA,c9212a74-8c2d-42f4-83ce-ab63181edf2f
7bcf683c-c03d-4336-bab9-3111db251823,MC,2559833c-3d15-490e-869d-d62f2f7d4493
3a670ae4-a89b-406a-b753-e9303d826a66,VISA,ad19621f-daa4-47a3-a241-dd2bbd98847e
270ed917-2f21-4709-a27a-e8074c847f94,VISA,5d0d83b3-3e95-4ee2-842d-567ce49a2f50
93791e40-6e1e-4c6a-b1fd-35ab9e2df0b2,Discover,6a0f0add-7535-420c-951c-5c7b19227ddb
2178fd27-7902-4cd0-bd0f-015a7e582e09,VISA,d4ce7519-fc9b-4967-ba92-063dfc1a0207
2b6ae479-cd5b-47bb-bf13-ff12afca5a1e,VISA,df29d13d-84cb-431c-882c-82d6d53cac7e
9dd73028-563b-4e1d-89f7-4bfe2551b7e2,MC,7fcd8a4e-d5df-43d3-9996-7e615b3a1ba6
06e65119-b36a-484f-b3b0-eb41473a9039,Discover,7a063767-08c0-4cd6-a88d-8d6db0e65b83
d87e0a72-7071-4ca1-8632-0e2243a9c8df,VISA,d0fecfa9-4978-42b1-a26f-8fac1ae08548
8b6fe15e-786d-438c-8a9b-04f6e65cbda8,Discover,ce68a23e-62a7-4522-8281-8da30078c8bd
5e5c9112-2779-4830-a7d6-7b63669de1b9,MC,7d8d3d1d-7c74-43da-b8c3-c5383c62e3da
514a94ff-444b-4bf3-a8da-cf7746cb01a0,MC,4f4f2fd8-69ed-4a5d-902b-36739dc2c6be
fc46340a-b19b-49c5-9253-94bc73687da4,MC,df5b7b55-2898-405c-8498-6f7ef55f760a
ae499772-8781-4f04-8364-942c1a37512e,VISA,a9578987-198d-4a3a-9c42-ee71a9bc46d7
816a1d0c-d6ef-4b4a-9894-d7ce00c2a619,AmEx,bbd1f4c4-af1d-498b-ab9f-2d426a11f491
43dcd2fd-0197-4693-be86-f709f8fcad0d,Discover,15893ed0-bb12-4543-bf08-c22dac37c691
9593e2ae-48c8-4978-b6ed-1d752204da9f,AmEx,b2064024-02a6-470b-a909-4b27b1f8d095
2b0905fc-a097-4072-8793-fc42092b338b,MC,6a83544f-d2bf-4452-ab3a-9cd1765eea7a
ce964a2b-0a5a-4cb9-b0a8-dd3ea089f35f,VISA,c0c9526c-f9cd-4143-bd60-93053e026a84
0eef1e33-cadf-44e2-82e7-34eac8cdb59f,VISA,997f0e50-c72f-4f0c-b543-af4ad19b4482
da754ab5-8d19-4a73-aacc-808d81a6eac9,MC,a92419f8-c939-4db0-afbb-aa81cb054c56
79c6091c-c867-4b33-baca-5077b4597d76,PayPal,2f882c07-0f61-4dcc-9dc1-24f5a565ed9f
78687b3e-b47c-4821-9549-1ba605519da8,Discover,a66fbabd-c22f-4716-8175-0a2784e8bbb9
6889e9b7-bfa9-43c8-b021-c167f4baf8c3,VISA,f92b04c1-c18e-4330-b85a-c6a64a17ddab
5a3dc41e-7e27-449c-b4ed-deffd16cee95,PayPal,6f00c674-55b8-4b0c-bddd-fabde87e2241
163e0f3d-3968-49fe-adbc-5993692e5c0f,MC,53e69708-078f-4190-9dce-64302596c225
6c42486f-9b0b-4e00-afb6-a5fd85d53a83,PayPal,ca579853-57b8-49ba-a93a-18cb9a07c5ff
e17b71c0-d4a3-4eaa-aaf3-c555375d97e2,MC,694ba29e-ba7b-46d7-af51-0ae2852768c9
a40d62d4-ed34-4adc-ba95-9b71ed373f59,Discover,2a574bfc-b4b9-4759-be1d-2f2c3b928f55
ccccc414-32d7-4765-b711-9e826614d2ca,MC,fe6afdfe-c34b-42d9-86b6-d4cf41f16da1
fe2e915a-2ddb-4275-9afc-d7bae57715c0,MC,71eaf0c7-4d95-485f-bd38-41aecc96cfd5
92bd2fa3-52da-4357-96f6-7d440cb141d1,VISA,13dd31dd-1189-45d7-bde6-a54d5bace2db
f40b0aa6-7c1d-4583-9f83-7293e0cddaa7,AmEx,b0e346a7-6c36-4afd-81aa-db28196311f2
8a479e62-f1fc-4faf-a5d8-26653aa9fe04,Discover,20800791-a935-4cf1-b5fd-e417afc45b0d
786307db-fe92-47fe-82ba-98f00fd0a7f6,PayPal,44bee0b0-5012-4b61-9343-bd4a4b9d2f7c
a3206cc2-fe99-4e2a-b773-63aa7c5a0e6a,VISA,637f7e98-80e2-4801-b3b4-9a124afa37da
5596d238-1aa5-4098-adba-d999e4025811,MC,94a497d2-c027-4e27-a887-d402486c0974
e8038fd1-1cf2-4393-9251-744573b9bae9,VISA,f6b91e92-b951-4f8c-9405-cbbe4fb34545
869edc2d-3507-4e06-8ecb-16559f8e0e36,MC,a28f9e79-f6fe-4abe-b012-c31e8a8c78be
a1e79976-4c8d-4949-b2e2-c4b5edabb280,Discover,6fd9c341-5e53-4dea-b3b4-2113ed89605c
0a1af885-a711-4090-a2a1-12b1c4250d1f,Discover,cb9ef8b2-1233-4993-87f1-adb98e0f7888
97723642-bed9-48f7-aef5-bc790bb532f2,VISA,ea44e84e-ad62-4018-b770-e7def330091b
a1cdc835-94e3-434e-b7b4-0bfb6079e799,VISA,1fcf9b7d-cd48-40b0-94d9-713e8f67caa6
b0ee2f62-51ea-4d42-b93a-a8c91b7464ed,VISA,85fbc30c-5ebb-44ff-8407-4ae8e25db45e
da38ce24-3f06-48a7-b2e8-399fdf3f85c4,PayPal,dae0408c-f01b-42ff-b550-758b082dd6b3
46e56acc-b347-4e07-b523-5a06ae578ab3,VISA,5889aea9-3561-49c7-b93d-b4480a6498b3
421385b6-dc10-4bf9-a4c2-5167e50563f9,MC,d943e395-492a-4cac-aca8-f4adaa8b1ba2
4cf1bfe1-f2c9-463c-ad6b-af3df474276e,VISA,ef3e564e-44e7-4ed2-be68-e9899b105ee9
9656c901-d559-4c3b-bf0a-9ce6933d41a8,MC,1d5aa4f3-a147-4182-9c56-1e5f8383aaa7
ee331031-a69e-488a-b72f-98275f14d89a,MC,9c3b0268-65ef-4d79-9f66-f3a53e3d2a1a
1b99ca22-81ef-412c-8bcf-f9ad49c127ec,VISA,a94c0041-af38-4f5d-9fb2-216af2434ad8
753cca8b-c4bf-4de9-9ae3-2964d5e03471,AmEx,5e7ba0aa-20fa-4a66-b12d-2d22ae27ba42
0856e193-dcc5-4765-a713-2c7f241be520,Discover,3252f26c-c9e1-4a99-8d99-932cdc492160
a39319c4-e329-48e8-9faa-be339521c1e0,AmEx,ef6aa995-2849-47d2-bc11-e869bf108d9e
da0e61aa-bbf4-4920-8036-45345dd9b6c6,VISA,969389bc-25d4-4352-a0de-88fc3da073c5
0b69464d-0de0-4587-822e-35086c28f42a,PayPal,e2f6cc97-8ce2-4967-989c-da99e0e0f7ea
c4e7376b-3e76-476a-a226-46b42452fb69,Discover,fe8d9a95-5b0d-4523-8474-1525dde7c858
75be8aa0-6e4b-4c92-95a6-222d47a156d5,VISA,194a0b37-9c3e-4abe-9ace-9c77eaf7330a
3caff0ee-d3d2-44ce-b372-18247676b03e,MC,44899577-7a4c-4411-a007-18e34de79634
ddd56331-6357-4f9b-97ab-566c91522a61,VISA,384ad5a4-53cc-424c-84db-51e256e68cbe
9931a67c-cc66-4dab-8f5c-38c07fcfa59a,Discover,fd4fa624-b3b0-4522-adea-cf6133cbc888
a83f0fc7-98c3-48f8-814b-0ac8be9a2860,PayPal,0f0a0497-85bf-4fa9-93cf-73ff85b9e73f
8e74c3ef-f432-4d53-9835-09cf3f184e10,MC,f673fef9-3678-49c4-ae27-e295c85bfc44
af7801b0-defc-48ca-9b2a-c46fa96d1ef0,VISA,f0e85780-44d3-473c-95ed-7e5b340aa112
d8b6c751-7aaa-4b83-abd0-8a0e71a9149d,MC,1805238b-4da3-4703-8760-4f635020c900
3fac71e4-bc0a-40bb-9aca-367353abaae8,VISA,2da07f4c-057e-4e49-b4d9-5b445c75a5e0
33ad0d9b-d7c6-4d4a-8379-78dda9fa4cda,VISA,a259e201-0e3d-44c5-8c50-c8a8df39c184
56623fef-510a-469b-ac07-982ebe657354,PayPal,b205c4ad-6fcc-4091-b951-1def77c68d69
71516484-6db8-44de-8014-c2c6a6e16137,VISA,acaca20e-0e9d-49c0-b14d-080b6490af0c
5a4165e0-68c1-4171-ac14-d0eedd02b608,MC,e9b57f0c-62a5-4337-b60d-c9128a77fb42
2801436f-e908-4027-95e1-cd49a0ce576d,MC,17a16d82-3a5b-49f4-84d7-a4c06a5d3def
699aa725-7f07-4b24-bf39-1177cbe42b01,VISA,ba72df63-0413-4dd6-8ad8-c3244c78f3fb
92cb4b15-2070-470a-84c7-048734c80dc4,MC,91b82cb4-0c23-4138-b1ea-66357f03f108
041bdd3a-42ae-46cd-900f-9d2368409397,MC,5bef3e0b-f0cc-49d7-a464-7fe5196c3435
d6e309e3-8f1b-4c11-99c0-a68c340a5411,AmEx,64ecbe4c-84d0-410b-9518-a1d244ef2b16
f8091d09-599d-460a-9588-98c02d422dff,AmEx,b6f378be-6471-44e4-b8c4-3914db6b345d
6622c6c2-08b5-4136-9ab0-0c2c401540e5,VISA,883445c0-4c9c-42e2-8473-25b06717bd38
52befdb2-4a0a-4ad8-a52e-05d400a66a04,VISA,a3f818c9-292f-4446-8788-58650d4839f3
a3c730cb-96d1-4c54-ae04-c36b8f616780,MC,9a94d85a-2a55-4af3-addc-e3d5a03552c0
29aee1cf-4e31-439d-96aa-8e7c20e975ba,MC,cf1c2c8b-e3ac-4d13-80fc-15d1b0b7c92c
d0dc9194-bd85-477b-a0fd-5a8238b96d3f,MC,187e6007-c9ca-434f-ac2f-fe43281395c4
13cd2061-b7ed-40d5-b41d-f41a6680a251,MC,639e38f1-0105-4967-84d5-f8c91edfd0ee
039ab4f6-940b-43a5-be53-ff7cd50cf4f8,VISA,79b8832e-84a4-4c95-a007-9126717844e8
d782eb60-8585-4caf-ba18-130fc6255784,AmEx,21bcb3d8-b289-43dd-9b16-f0efc9832557
bd75950e-1cf4-4cb7-a9fa-2c5788d91a3a,VISA,bdb37bc8-1c6e-4a35-8449-74977de76638
7b0a68a1-a05d-4fe2-86c0-c455b776624d,VISA,b695a9fb-2c27-4184-b4e3-c9ffe7aaecf7
3c2ce77d-4df4-486f-9fa3-a9765ea3a0e0,VISA,a8641a88-b882-466d-af89-fc20856a289c
11844ea9-6231-40e5-8076-69b32fe622da,Discover,88809cd8-5fca-4556-9d0d-9140c378fec8
3a7eed18-236f-4393-9d74-8d7ea3ffe715,MC,6979627e-82b0-478d-b65b-37daff859f73
395a0c51-d07b-4435-b38f-f530fce75f35,AmEx,38b5eafc-f45b-460b-99c2-b5fa3a3fce94
9f6501f1-f029-4f8c-9b7d-d1f64ed50dc1,MC,0a666990-d482-481f-896a-7b4197ff6469
6a069aa8-aec9-424e-a6bc-79ad86b82f15,AmEx,6a15003c-ed3f-4e09-88fd-c8535b0e0e34
9b6b1c1c-23b8-4df0-9e65-bc06469f87f6,AmEx,b7afeee2-974a-48e0-aa90-3bcf07614ce1
0dc13704-5215-43df-9ea2-b128ee7b1223,MC,042b0cda-5a51-4ef0-a08f-4355221c24c3
feeec97f-b0de-4f29-8712-c1b1a6d14965,AmEx,d42cacc0-fee3-4f6e-a6e9-27bd5cc4b3ba
d3db1d73-7543-4ed0-aa06-1681e05c530c,MC,1e59d224-68b0-46cf-b030-be6862358c0e
6cb3447c-9b57-41e5-b3de-f8165785d6fb,MC,c0bc0fef-5d45-42d3-8a77-732f0a35233e
7b2dcef4-501a-4972-a67e-77535c51d5dc,VISA,cf655b33-16ae-43da-95ae-6de8144ed73f
55e5615f-a74c-46f8-a984-c6d3c1d98e72,AmEx,b671eaa5-c065-4351-a082-5db9a9c71e9d
d6ab29ce-b245-4f3e-9530-57b55a1119e6,MC,f0116034-dac9-4e8b-a9fa-9266fdb7e3bd
22e782c9-36c5-42cd-aa7e-5566adf771b9,PayPal,02877644-bef3-40d4-bd17-04d452ab896f
04111739-ee55-416f-ae88-d17a7bae7633,MC,07559cd7-b52c-440e-ad41-7995030ee7d8
4ddfe8f2-5bb1-4df9-979e-26e7846b7456,VISA,1518de73-3e69-4c14-a7da-9e39f52c2bb6
56353a73-367c-4b17-a5ff-051472c211c9,MC,dedd8815-fadc-4657-982d-61a402d4626c
c9e52e0c-4f45-4281-a90e-3baf3c2bc301,AmEx,c7393984-a90e-469a-a33b-7622f15c215a
03213925-da1c-4a77-ab1e-6bf944c1a5e9,VISA,c5b1c53b-6cc4-447e-806b-31e08c866fba
f78ef338-940f-4638-9c7b-f5545345c24d,Discover,0e533020-8178-457f-8287-a648811107d9
43815103-857d-4294-b741-a662b3e48d97,AmEx,7e31e163-f46c-4a42-b8f2-9bf2cf76f2cc
8af7427e-b950-4117-b2c0-99565001165a,VISA,fd0b2e20-e578-4631-8e6c-7aca3c1e6682
b14c3f27-d2d2-4ab7-8bfa-2f3a31227649,PayPal,ff6ae3d7-b4df-40a3-8ce9-48dbab8aae9a
f8e38a74-f32c-43ef-b565-d6899f080d02,MC,e4614a26-21be-43e2-afcc-7a6188c54ec9
e4b67dba-951e-4fb2-b18d-4e1b8055c519,MC,f779d57d-9195-4ff3-9562-25deb72c4d86
125192d9-192e-4561-81e4-9edf7f3e6442,AmEx,148b39ed-9236-402e-a658-2dc2c5c72807
348f81e4-ffb0-4573-8af6-9ad1d8a0186e,VISA,733a5455-a491-4c7f-97f0-788a2f50c3ec
bd364368-810a-42dc-a446-4a5772f433b3,AmEx,8556d087-679a-4167-bf2e-0984bb50a58f
3e5c4ad2-5d5b-4399-bf57-fc7735cc8dee,MC,bb04535b-f5cd-4997-931f-06649013b81a
61828dd1-0907-4baf-9cda-ebf8a7e0878f,Discover,227e0e05-50bd-4a76-b1d8-65778bdc3b0f
cf697f41-6f04-49e5-98a3-0dd8c4c344b7,VISA,122a25c4-aa0e-48d2-a202-13f584e163df
4c85aff7-eaaf-41f2-818a-b09e06832b36,VISA,9c749dfe-6340-41eb-80c4-3be8be6019d9
a6509436-2ab5-4353-b3f9-f4b7081eef63,PayPal,ca50fecd-33e2-4138-83b3-afd3df51bcc2
c39fbb30-f276-4548-8c92-901a6a0f54e8,VISA,4a1c5965-4ef7-439d-bb28-85b26dbbd523
21a62b4f-d3bc-4493-9151-4242e30cb30a,Discover,ec7c401e-49c0-4270-9c14-ee217311a32c
9c708409-6a6f-4448-81ac-bcbf198e6b8e,VISA,e14bc4e1-9cfd-4910-b313-11d6253ee010
fa3a1c29-4fca-41ac-b2c4-b5f3d3a80449,VISA,0ea08c4f-a4c0-489d-abea-0962d938c19f
4a7ce419-30bf-4efe-a7c9-550cf9375017,Discover,0596ddfc-cef3-435a-bdc8-bb1aa54d6595
9e500173-124e-4bca-bf69-4d3d7088c840,VISA,f189bcb0-e966-41ee-8c8f-c4ac6107204c
85933c1a-cfde-4611-bc1b-53c0e1d8070c,MC,0798452c-710a-4e20-955a-02b2f630fec1
54ec1c26-153d-4f67-8a46-67ff120f60d4,VISA,f32b4226-2060-40db-8a1b-41f80315053e
65d9916a-037f-4784-a76b-3fc64c5bb9e6,VISA,21902c8e-6165-4f96-959a-4675aff192db
14c1f3a6-12b1-4057-a2fe-06e7ae7a6d9f,AmEx,894f136e-e71b-4c8e-991b-55eb6be2f4e4
edd02221-6f20-4036-b39a-4da5263042c6,VISA,5205b8e9-8713-4524-8d53-4ce4fb66511a
c3e454fa-9d47-49b3-848a-8d133a469c46,VISA,ac16a33e-3a31-4e2f-9622-be2227a35a77
bde2a60b-522d-4e86-8f18-7430be3a8dd0,VISA,9950c8fe-da48-4b2d-b074-869cf918cb75
79f797ec-205d-48f9-8221-07cd6be23b4b,VISA,98a74222-d481-419a-bd2a-ba75727b8600
6d767b94-de2e-4a5c-9a90-152d92d51a69,VISA,b75f4100-90fb-4e6a-b1c3-4fa5a84ee0d1
d7b7675a-1b91-4e72-8557-e5bb715e7ce1,Discover,05d9feee-9c91-4a54-9f30-0c6b4efaf366
dd7c1225-1090-463b-ae0b-079284db9b86,PayPal,6acacf62-20e7-4692-bdba-2d78b6bbf70e
c524661a-0098-479a-bebb-c9b0c765d362,AmEx,e46d9a93-6229-40f9-a42b-bd236f67e00d
1b52c313-ebcf-496d-b6f8-dc026a16a41f,VISA,7881c99f-d5f1-49af-8779-75bb0cda8e31
32eca2ac-5204-498b-ac5b-b66de4447d0f,AmEx,686ea470-1d93-4f55-87b5-9e3e29566933
c248c625-bb96-436f-9409-a0348ebf99b4,AmEx,076430fb-9526-47dd-aab3-c2b9467b16f6
11e67edc-792a-4ede-9c41-e1e4eb17c52d,VISA,853c14e8-7f03-4575-8ec2-0b92ffce28b3
9945080f-73ce-4f9a-957d-e8a037f86231,Discover,6fcc4189-fe44-46ef-bf9f-2a6f55353ef6
df22228a-5cf8-41f4-9107-b8d08bcb69ed,MC,c57adb6f-50fe-42fb-941c-3720807dfb90
aae7b294-1188-4f0a-9a6a-e458f098db79,VISA,46d0e1c5-b0be-417d-91f0-f2db6977fe50
b38e4643-a19f-4249-b11f-85ba41e2dd6c,PayPal,6b7e024b-6fa7-492b-a74a-fa5172abd8ab
5e2b54e9-d7b9-47dc-b03a-e9989d12264f,Discover,92b347ea-4b99-4ca8-bbe1-19148da270a6
da0dcc96-3964-4f1c-83f7-5d0d87db5c16,AmEx,5e765f3c-b2b2-44f1-b1af-61d37dcef451
cb6f8b1e-3b0b-43c4-8c4d-2316a2fd2275,MC,9a03d959-da9e-48cc-a6bd-2472616e80e8
83fb99ff-1a38-4db5-8480-3f49ae150c2d,MC,96f4e017-cb73-4d0a-b7b6-79bd7d680b03
6f4c301b-2c0f-4ef2-a4a0-2fc6b98b89da,VISA,7b0c7c79-b4d0-4a7f-85db-98beafc1c5c6
e60da050-9622-436f-9fb6-9bbdf868c11c,MC,7a1e2bea-20ee-455f-a9e1-caa272577d60
ac8c2ec5-9192-4492-80f7-369a14b4caf8,Discover,1a0bf448-1038-4fde-8514-c6b9a20b012c
7f9b827f-6bda-414c-bc10-622494e066d8,Discover,4aaa8ba6-5e7f-4ca3-a2d4-e6370e6ddf9a
16b83390-8d98-406d-8672-6b8a1a97df41,PayPal,2a58d0a8-effc-414c-93f6-04a24fa6dc1d
cc4d4bc9-2c0b-4900-b0d6-fbd30b52d783,MC,8ac9e8de-5a16-4cbd-b8c8-0d0bec1b7730
50614a11-a98b-40de-a337-c28cfbfcfc27,VISA,7bc50273-ab14-4c63-a30f-0dd43cb1aee3
33283199-3fb6-4ce4-8449-9e3358800eb4,VISA,e0aea4b4-918c-4f3d-a4fe-5813d998c981
2b5e97b7-2198-4405-8ad1-4cff6a55ec9f,VISA,917f50fe-a1d5-4b84-87a4-af18e8de4993
229091a1-e7fc-4837-b34e-73150c7129ea,AmEx,a50302c6-72fc-4c89-889f-af22d7470cde
1508ae2b-a489-48ec-8502-530b1cd9c6ff,MC,802841e1-7a68-4dd6-a198-257bc7cb2be6
879a918f-9d00-4c3d-a0bd-9cfe9668e324,VISA,476b3580-57f0-4d1d-ae35-a6134c58e2a8
344ded3d-fb99-4f43-a0eb-8e76a2de3979,VISA,e8b08a84-6f05-44ec-99fe-23b81655aa33
ad4cb454-4b46-4189-90a9-a252054bdcda,VISA,d18256e7-f251-45a9-b9a7-3ab307f98a45
439107e3-880a-4d14-8909-5ccd000cb961,MC,d6d09944-1567-4baf-9060-c9bc97307dff
c899e515-d8f3-47e9-b168-635be96d4e33,MC,0ed9238e-d751-4408-bcff-c71347cbbf79
9fc11037-a535-4a23-ae52-41d457746836,Discover,99a840f7-69ce-4062-9d22-edd55eeee235
19c665ef-0118-4ab8-b640-6f4962a4e95c,VISA,0dc91981-689d-4066-82fa-e912077d18fc
310a9ecb-9181-4d58-a541-6329c966ca5e,VISA,29f8a631-af80-4c6f-aa6f-3e18b568e892
ae9e063a-4334-4f10-9490-3eb5ae45567d,VISA,bdd036f3-821e-4539-9909-5892f735f94f
4ecaf6aa-3ccd-410a-8c3f-48322b4df1c7,VISA,46c0d700-1d1c-4f1e-a88a-dcc7012da883
4d5761fd-4fc6-4feb-b79f-bc2cb663a068,AmEx,0e05e738-27af-4773-85b9-477edfa4b350
a51b067a-a373-46ec-841f-3da2ee0a81f1,Discover,c8e91f8b-1298-4b38-bbff-c399a5f25998
b1aca519-3979-4d71-a3af-c3462cbf3bc2,VISA,7810b790-79b6-4fa2-bc02-8569b92a4b37
f96ed470-974c-4fb9-b3a7-e0596f196640,AmEx,10e8acd3-b705-4b11-b5a2-deaea3e4c38a
53320a93-2b78-497a-b112-1fffa7c50691,VISA,2bf040bc-7ecf-4d48-8f7e-aa26e0fba226
f3102c12-7c56-491d-b10d-6314cbfe241c,MC,beb9034e-86b4-4d4f-86ad-d44e3dbc48f1
ba3032b7-94b6-4ccf-9327-06a8ef083486,VISA,1c1cfdd5-9dbc-483f-9b07-fc98a25f98c7
92cb0414-b991-4ab7-8225-3161e90447ea,AmEx,29fc2a86-7ad5-4344-8b13-9d384f7e9c9e
749541fb-8c38-4ccf-a115-5578911626c7,VISA,0afebe89-fb8a-495c-aad7-81c15ba4da3f
b81f9818-59c2-4fff-b7a4-0def0a062ba9,VISA,93746039-7672-4817-b3d9-13e6733f8a76
47020fef-57c5-4770-ad23-97817b6a8c35,PayPal,ffb6fd1b-da5e-4a8b-8e8b-302bddc4de85
00ebaa1c-60b3-463f-a5a1-207dbc7a53c2,VISA,2cb785a5-4f87-4604-ac0f-d0c899435d73
6310b5b7-4dde-487d-9c5c-441b74d38042,AmEx,f184fb4b-bf18-45a0-97f9-d72876eec11b
882f5e79-d8b5-432d-a30f-49643a41a533,AmEx,80297c5c-833f-492c-a016-d4599f23c4ed
da6d6368-e648-495c-96ac-f53c6b2d22a8,VISA,612a189f-2143-4e0c-bdca-a9159613200b
a508391a-bc6f-445d-bced-313ede0929ac,VISA,342c8909-e686-499f-b75e-2fa0f5f54921
81c70d4d-a17c-468e-802c-708bc7a11845,MC,f9457b4e-5850-482f-9c33-935c7867c30d
f52494ea-bb04-4c91-bb4e-05b087a8679a,MC,56906710-08d8-4aa9-9a3e-4d32ea6f492e
e83cc622-0baa-42bc-9331-dac47939ba29,VISA,9a4abce7-09f7-4764-a19f-f44b8db4e1f3
87bd1891-4cef-4623-baea-7a301f72742e,AmEx,1df1c69b-e4ff-40a8-a2b5-6bf4d2a1977b
9de02e8f-0608-4997-9b49-f2cb514b1278,MC,52f91d75-e759-4181-8ca7-3b66ba776c0d
9b997a1b-3200-4d9d-ac43-53c50cb02717,MC,88ef4301-7abb-4443-be6e-80f5e35b0e35
36c98fe0-4578-48ae-a763-0aa190de5d0d,VISA,6933b31a-6cf9-4278-8152-a83426a75bde
9ce58acb-7508-45c9-87d4-be827d0a34ef,MC,883c277d-0e83-4ecc-b013-6cd9057c7476
724b737f-59a1-46f7-a5cb-ebf2c0675657,VISA,4880d94a-22fe-46f5-bbda-1c995a896578
212180ee-52a4-4ec3-956e-b89c18af91e2,MC,cd300678-38ce-473b-ac56-3629d78d463f
54d9279d-5d04-4be6-aab3-fa82a1e8128a,VISA,01b22148-2824-4ef7-949e-c657d53a1ecd
3199c508-6f37-4947-9a77-cc1293e14646,Discover,9373065d-39a9-4fcb-908f-008dad8d3277
5e13c67a-12c4-4758-a9c3-94131a22d70a,AmEx,bbc63684-2e77-43e2-ab66-6c876ee51739
b0953566-f1c1-4667-ab96-4d19d11b5a50,MC,7222c873-9e6b-4820-b4e8-70c107f717d2
1481896b-f964-4a03-9433-664c7c849e43,VISA,96289d82-98ec-4015-9060-b0d67fbc8aa9
8b19f19c-717a-4ca6-b51a-9ebd62a372f1,VISA,dfd60eb2-4b8a-44a5-b692-e1efe2ba316f
2c6da94c-ea0b-4ba3-bd5c-9b45b5a5c3b9,MC,21b7d26c-c566-44f0-9179-0625065b9cbe
552c5efd-37f4-4177-8be3-80f704c3c2f3,MC,cf75a647-2e79-4a5e-b858-71201c274b68
74039dde-5326-49e6-8026-c4c3c4920e44,VISA,f2dbd40f-7b12-4b8a-8265-ba0708282fd0
1b987823-1710-4375-9a4e-be5e93502518,MC,b069c89d-4b31-4001-a12a-fee25e359926
5356fd95-d503-479b-bed5-eaa1e6019312,VISA,e7508a9c-7060-477b-95bb-3c3f84a1ce3b
e0453059-e3f2-4f80-9f5a-5c523e589507,Discover,de0d605c-378e-4f2c-b91d-8631c34abbcf
6fbce60e-2625-48ff-9d10-76913910240c,VISA,0e3d64fe-9f24-4f34-aff7-bcf0e3c52c50
2cd7aff6-18c0-42ca-982f-9a07f00fa32e,AmEx,b74d2463-2e1a-4aff-8cc1-d4e1cde00d86
83a7e262-d547-4bdd-827c-03f204e05778,MC,fea352f6-126e-44c9-91d0-f47c72be85e4
02d29031-2646-432f-b91d-3533217b840b,VISA,14cf9b41-e8fc-4854-9322-5ad04d530a9f
97bf9853-aac7-4b1e-aa97-fa19cbd2f0c8,VISA,4a9b285a-ff34-4876-b569-c48138fda924
bbe69646-a646-44d7-ba8f-864eaae3a6d1,PayPal,21d148d5-3020-44ce-9c30-27f23892760c
1d499bfb-b54a-44e1-8fb1-f102426f0d3b,VISA,04f64693-a6cb-49fb-a3ec-bdbcdaa92dec
567ad15b-70b3-410d-b3b3-2b39e8e9f43b,AmEx,0c4a6f86-77ea-42f8-9589-2b74aab636cc
80b7db01-81b5-4170-857c-639898835a9a,MC,f964381b-1477-451f-adbf-d0f1884cb097
0f659f6d-f3eb-473e-aa9e-13c11d63cdca,MC,ee9095f7-1fdf-499f-ac8f-9d789cc2df1c
f1faf2e4-5f1e-4039-99c3-32e98878ad64,VISA,a974b91a-b2e3-4df9-a79c-645e19d29325
891e1f55-dfe3-4843-909e-d72353cb6b8b,VISA,fd42c31c-00f0-495f-b790-867ac2d8afe8
1929dba7-75cc-4bab-ab76-2b847ecdf658,VISA,bf1c42c6-ec69-4b50-b6d3-5470c639fbbc
44f93324-e57f-45bb-9edc-4662e45d1d61,MC,0f9ba87d-ef3f-4845-a9e0-c0fe2b18c033
91842cd1-77a6-43ea-bf7c-3b97b977574b,MC,f52492fd-cec0-4d16-9cb5-d5204e4bcb6c
4255fd54-128c-4456-8ecb-8a49da65b265,VISA,2935e87c-8858-418f-841b-d012ed7cbdf9
81e3645b-e78a-4b69-9ee4-5445e2d51826,MC,1262151e-d5fe-40f1-a466-7dd7a8372260
2d884585-99ae-4bfc-973a-de7e300a91a5,PayPal,ed94e515-c160-41b7-be1c-b1bae9d5dda1
b960557f-5097-4181-9173-21009bc7b8d1,VISA,8663ab7b-6765-4ce0-95d0-317067d50c76
ff36f4e5-e6e2-4fc7-b8b3-5a494c7376fc,Discover,a502856e-e9ed-482e-ad8c-d2f5ee49d880
11b9fc6c-e14f-4710-913c-43bea659d45e,VISA,d55bc4fa-0c02-483e-b36c-d5a6ba382cc0
adf2dc2d-c39d-4a8f-9ac1-8c5c8110339a,PayPal,3dbffbfe-eb9a-4b22-a38c-b84411fd0f68
cde90fa1-2ca2-4776-a7a6-f99214887a0d,VISA,ff5dd2fe-a2ae-473f-8add-47b77b89d57f
50d4d0f6-14f8-4644-8779-f26f9e5f633d,AmEx,75fc60ee-0a8f-4257-b571-f51b9e0b7aa3
a7826fb4-5fe5-45ea-ac6f-07449ee6b5d3,Discover,765fd5e8-6552-4112-969a-f8f2fe2cf49b
f2bf68f3-4e66-4050-b475-5f5d55c8efd3,AmEx,68dc7371-7860-40b3-9fc2-9bd9f6cbb903
f01cd8ed-1405-4309-99dd-4dee93bbd5fa,MC,90177181-20f7-44be-8966-09416b1971ba
70638ee8-198c-4dd2-816d-22607658630a,Discover,3d1da2be-07e1-407d-93b2-fe0a3b12a21c
d755f916-c430-402c-a458-3894ec9cc91a,MC,199d36e2-bed0-40f1-8c46-7a532707bd00
684a47d9-66f9-41ae-a3d8-8de337c919de,VISA,eb6580fc-4483-4706-9772-ba6acc01ba26
05087ab1-712b-444b-8f28-44e181d7c4c4,VISA,3eb21ea8-46a9-459e-b454-a8434dfe125a
da6e0649-b3bc-4f6a-b077-46b111e8fe64,VISA,bf2680d7-9688-46e0-9c7a-413ccdb6b30a
c9b8edd7-3a83-49e4-b3f8-a5674d5bd0bf,AmEx,f474fb98-61fc-4f58-9e00-bb84ec9e2b09
02646ddc-564c-4048-8df6-466f42970ee6,VISA,b4e4ff96-0db8-46d5-b12e-f9c9dd8bafbb
1eeacd0f-73b1-455a-a35f-0350b121216c,Discover,1f190e5d-7364-409e-ae0a-177491f384a5
65c2d634-13eb-437d-a20d-a5ebc211eb1d,AmEx,72a7a0d9-5b17-476b-9627-7ef274816e0e
b08f19a0-557f-4440-b312-e95c9c142035,VISA,cb6535e4-7180-4fbb-aa0a-640f83caaa2b
b3fe2184-8225-4af1-82a4-d517d05f785a,MC,5595d41c-32bc-4a11-8698-2373e3ff4b38
c9a617ba-8bae-4fbd-93d0-92865cd6aab5,AmEx,437ece93-d4f9-410c-84cb-5d49327d2dc0
4b25fb53-4121-4815-bdd3-f4af1e303a88,VISA,246d72f4-ab03-4361-87a8-f2864b9daf10
7f02e90f-2f6d-4b09-bdd8-3dd1f8ba33a7,AmEx,8fca1d7a-70c1-47aa-aec0-e6068dd8b824
58802fa5-2f99-4b4b-90fe-e4ca9ebb9d50,Discover,54082d83-1545-40ef-ab48-196eba468c14
1178fc92-d179-482a-855d-9984ba1a2436,Discover,c4ee609e-1c42-4318-bc40-c45b3dc2eab7
0329afa5-0ee2-45a1-b4cc-53885bf5dd56,MC,f9866ba2-34eb-4c5b-b2b2-6ad31a4dedfe
ef9755c1-3497-4327-967c-8c0e52864f18,PayPal,d4021460-3b0f-46ad-81a5-a84345f6af3e
964f31c1-e7fe-4e1a-b738-93b2ac25aa30,PayPal,edc46af6-e9a8-4f1c-ad79-9939420fecb5
4ffad49d-fedc-4664-8905-d2ccf41fe65e,Discover,029b6bd9-3bd6-410f-8ace-93097bd50833
0d068a8c-a08f-424c-8ab5-be37126dd92d,VISA,614c0e53-4ef5-4e9d-a782-d904e7351a86
08ec9cb9-95d9-4a5a-b66e-0bffc826c7c2,AmEx,cfd01b3e-0805-4941-a76f-ee344ba37bde
9395c8a9-f63d-4dfc-bf18-3f7931e255af,VISA,5e307125-9cfd-43da-9390-426cc8982c22
5589d5e6-51b8-446d-b22f-ee4eb81c7c0f,VISA,6c1e4293-f3e5-4c46-b8e2-5244c0eabad3
2565b8ae-7bfc-4b56-b3ca-5820040c69f3,Discover,894a4490-cbbb-4095-9487-cfc585be2a60
77e60b26-c3ca-404b-8394-59979367f5f5,VISA,7b1233ae-6fc4-4291-944a-db290cb5d0a5
65c5f6f6-c93f-4d3e-90a2-103979814fa0,VISA,d3145010-5b5d-499f-b643-c076153388d7
a2047129-e7b7-4b6d-8c75-58e64b60314e,MC,386d69b3-3b18-4399-a222-a42c45d81f81
e05eb345-e6d8-4aa4-a911-4740b9ac239e,VISA,643324e5-15bf-4035-878e-a7ac019ea5a5
af5925a7-567d-47ef-b175-7ca5222a1f0f,Discover,1c063d52-edbb-4b94-927c-edbeb2129033
a7d322fc-ec8b-4600-b81d-8b2b414bf80e,Discover,427b8cb2-5b10-4c96-9a7b-140a05d09164
69d07c3d-970a-4e95-92a1-b84a63ddd4f4,MC,2b652d2e-b579-47e5-a0cf-bededc1ae0f1
e8e5f761-c9d0-4314-add1-11bbca34599d,VISA,f5ba82c8-2df1-4ff0-9353-e9e608d6f636
9bf5f9ea-8a3d-486d-8ca9-d1f8f6475d27,PayPal,26ec0cad-f70a-4575-84dd-114df336b272
9d02b43a-c2f2-456f-9fa1-7934a8b5b6b4,PayPal,22d90957-634b-4b50-9d92-c1f5298d75a8
6ac406ee-9adc-45cb-8f5e-f6f933617ef1,PayPal,accbcc7d-9bfa-4835-bec0-8f6df8c71e41
9129400a-2b2c-4831-b8c3-113dd74df660,MC,d6fc13e2-2cb6-4426-9d1e-0da938d856d3
0b03da49-dfdb-4c44-a10a-bcc99c9f6938,Discover,501d2106-ef5c-4005-9241-1b833b128f7c
9ba8c22c-c343-47c3-9a87-77f7e47e10ed,Discover,33a93363-6286-4e38-87a9-371f451dc366
142d7f1d-d4ba-49ef-91f6-5f2f0936f45f,MC,235b588f-66c9-408e-aa16-89c9297fe0c6
c4d359a8-d5cd-4fec-a83e-431c5892ef08,VISA,f882d98d-9fc1-4c77-b250-a5e573f55cc9
d39956da-5f10-4dae-9d50-ba9cae1b3832,VISA,66d12dc9-9092-4b6d-9f44-586e03c0d277
15bfa335-2c3a-4308-9179-b588f59dd766,AmEx,040757cb-5d3e-4dfa-b3ab-12df913ae6f3
29891080-5c99-40d4-8265-8da337547d71,VISA,01e14f31-ef2b-4145-b80f-2047af8993f8
144687eb-a453-4fa9-a7ab-60ffbb6d069c,MC,d2d5ff23-4621-4ebe-9ec9-d928d99ccba3
bedf8728-53d7-42e3-b59e-7f9e62dc29c6,MC,698d6604-2851-4101-bef5-f33bf550a646
7dd7a52b-1b1a-429e-8c1a-55f3e1e761f7,PayPal,b806bcae-0b19-477a-a379-400705cf2396
a85700a7-f997-4c0a-b5fa-c5703073b014,MC,ef423e69-4c0e-4973-8766-1cf6f76b1e8d
d0ff0fd7-a507-4b48-9acb-912acf3f2d05,VISA,5660ed68-b85f-4579-a3c4-e886ef14776a
6759153a-efc3-435e-aea3-33a7e3017c65,AmEx,406457bc-690a-4d40-9955-4a01e6c5c161
7d2e2624-dd9d-4f89-a7d1-769f343be74a,Discover,9435b91f-d33b-4ba8-9623-b9af3c6d6349
474b2b1f-4ac8-4df7-80bf-9bc1aa06f6e6,Discover,760ef1b8-593e-4cc7-bd8e-1687027962b2
76023086-0818-4610-8faa-f322a1ce7d7c,VISA,21616d9f-ec11-49a6-99ff-133185cb3aa4
f716b782-e392-4eeb-90ed-96164bd397e4,Discover,54b90095-cb1f-4642-ab20-1514ef44bd75
321ee94b-3752-42db-8226-768bee68637c,VISA,d558cf5e-5498-432a-88b2-96ec43154e26
cf69096c-9f1c-452b-92c0-2b04de72c55f,AmEx,fdb4631c-a8ff-414f-9706-6804a4edf567
efce0e15-3967-4439-978c-aa056cb2be9f,MC,8f210035-e846-4bf9-9062-196b6a53719e
e90a455b-5fec-4f51-950b-d719b213a7ca,Discover,be93a829-4301-40e2-a513-60ace3b8418c
2f000814-0fe2-4500-b9a2-76cd648ad417,AmEx,96969c11-5baa-4f66-914f-3a30b21885ed
c7d989fa-a86d-4f5b-804d-8da70f0d3d80,MC,fb9296e8-1015-4284-b323-a777c8f913f3
93a12f95-a92a-447b-b593-5bf3215af439,VISA,afefad68-4d5e-43db-ba8e-cdf86d70b3c6
b2faf746-03b6-49bc-86a3-66001d8665ba,VISA,5ded7b20-0e6b-49e2-86aa-fd0482807755
49fdd81d-f1c2-432c-82aa-1176f14e0398,MC,148facce-58fa-44a9-9c36-3f11546e842e
499a6954-9de6-42e2-912c-a2907a51b24f,VISA,3749ea62-1486-44ef-ad09-4a09fbb67366
5ec7fa92-6421-40b3-a221-e7414d40e80f,AmEx,da3cbda9-9fec-43a6-a557-fba26c1b2e4e
df3ff73c-4573-4951-8232-10df374acb12,PayPal,0b83a631-70bf-432a-bb32-b74d7683ec2f
ee108581-2a18-4792-a596-f01a32a328c9,AmEx,63d14d5a-5c23-43cf-9502-232550e0eeb6
427ec26e-abe6-4872-aac9-77cf38e9f5ac,MC,dc92ad49-544b-41d5-9cdb-66cb425779c9
4ba1e018-7aac-4b49-bd46-b599d69d67e6,Discover,cbe3f0c8-647b-4d5f-847d-fb9bd4761eea
43bf191d-986e-4dce-b96a-5286c1a97bb9,AmEx,bf6630eb-e123-46ba-9552-7a30bec3c2ee
1cb96fc0-3a62-4fda-8a24-e6fe2501ae2f,VISA,c582d915-c39e-4513-bfa0-e709c5bb8d21
1f939ca9-0f7a-48b5-b54e-0fa778d7b067,AmEx,abf7d545-856d-409c-889f-09049825ce15
00d12780-29ce-401b-a3cc-3e1d35e66875,VISA,1a2ae5a4-5afd-402f-b7ba-37f708924a4c
a8879226-6535-413e-b2ce-8055575f059e,MC,0749a888-2ee0-4540-b33c-c17f17227aa3
33f1de4d-e285-4a58-8add-b638a3c90c4e,Discover,03e093a7-8034-465f-a39c-f7edd9cd55d0
ee67328b-9cdf-48be-87cd-d5d307e37bef,VISA,16b25c06-e0b4-4896-9d39-c50f605ff5ba
dbd97cf5-6763-432d-a142-12360db795bf,VISA,a32d27a8-6d3c-4ce7-8462-bd23c913152f
d946d6ed-a903-4021-aa71-fa014c0a52a3,AmEx,1a3249c1-8d35-4a02-9685-ee03623fee64
506b3fd6-b2c8-4866-91be-57c0fcd5ff2a,MC,e15904a1-3438-41e2-9219-c669939058d7
ff0a787a-7da9-4ef0-abf2-23e8f6494568,VISA,abae4dd5-4a9f-4648-aba5-3a63c4d0de7c
1d4fa85a-e4b9-4b3d-9168-81d42121bd25,MC,a0d34fc5-2b50-467a-85e3-8cb872992c70
144e5de8-8dce-48fa-a003-053ddd5c065e,VISA,3b6919f5-a3b4-43d4-a9ad-103882a3a812
3aed8bb0-5cec-45e8-aee8-af30a179d35f,AmEx,ad264fd4-c976-4009-8ba5-d40e2a7a5545
4382b05c-024c-4b9f-8ea8-73c266c0cb22,MC,e8cda02e-2ce1-4912-9298-67f6aa3dd003
73c6780c-6f15-4979-8f08-c7c931a46ae6,Discover,0ca5c75e-c041-4f55-badc-7fc6e6697360
6f2a6159-e83c-4270-94a2-40088888b258,AmEx,a486b794-78fe-411b-b209-b1aca41f1593
333a9846-5634-44e0-ab6c-d0a00c55da5c,VISA,c60b60d4-bb70-4caa-9312-0ea1ca8fe5ee
3fc39fa4-9a51-46d2-b88e-cbbf67f317a6,VISA,6a7a2a5e-5d2f-49c1-b88b-bbaa07b8bb33
dda5faa5-9102-4ab1-8b25-99e4790400b3,Discover,66596b86-0aed-4d53-8235-f46922745b56
5c3bdcbc-ed12-4e31-83dd-6dc442acf561,MC,4e9c9068-18a8-4156-8bb1-29a3634fedad
1759d6d2-c53f-442f-8646-d1cfd5a58189,MC,be682a9d-d4e8-420c-b537-ce506300d4ad
fc8dfaba-87c5-428d-98ee-8d424ba1f3e0,VISA,f98dda3c-4dc8-41f6-bf1a-7c4152cfdf43
4a232859-19e2-4c6d-bf0a-3f492abd84f7,PayPal,4ba7b2d1-492b-43e7-8918-6dd6e7a70d7d
7cf8ea34-e9b1-49ef-aa84-ef8df4414b49,AmEx,d9e3088d-d3c2-44c2-86f5-c771f41db496
1e5899ed-2424-4943-9a17-8428643a822b,MC,9ed23982-c094-4333-81be-65cfe48c5e30
ae9f5836-c3d0-4cb7-b800-328c21fbd7d6,MC,fa07e6d5-281f-4030-9056-54debd792b02
4f156d72-aa68-4f43-be82-f1b57fd8f374,Discover,552410fb-e81e-40f7-a07e-59b625183f6d
8b7f796f-cdf1-4925-8204-d65e1ed50a18,Discover,4e33d9d6-e977-49c4-a6d0-bece66ab6a1a
2036fc89-fa98-4d40-b7c5-fc3c2fde3d36,Discover,2cc9bb24-ebca-416f-84f3-b52d5664eab0
f7c24dc2-78ae-463f-9642-c667d5033751,AmEx,63ddb589-bdc2-447f-9f6e-92345c6c4d2f
67de0f0b-c165-4d21-9622-ad2f2f469716,AmEx,1fe61be0-4e7c-4f63-a767-f92773e6c092
771db461-3417-49b7-8647-953b6fc932b4,MC,4b167fb7-1871-4010-a4af-0ecf81e7bf67
052f111a-40f5-4f5b-9964-ecd2406cefd7,PayPal,69405ac9-d47c-4444-94cb-df47b388d5ae
9cfaa641-0abd-42c8-be0f-4337a8d7d850,VISA,a9aa266d-90ed-4034-b832-dbe522efad45
d9ed86c2-a713-4545-81d5-35b2747ba2fa,VISA,77a5a08a-4262-4070-9ff8-f74c400af100
4fd97515-123a-40c2-83f9-7d96c056624a,VISA,d53b7031-9b9f-42f1-bcf7-6a39302b0165
91d00bbf-f7b8-4697-b3e8-011024779944,VISA,9ed8ee14-00fa-4203-a344-3bc814306954
f8d73245-7cc4-44f1-ae4b-cff09241ff0f,VISA,9ded8b7d-fa66-4b31-a20f-9c84eeef1c86
cab13366-4f54-4c51-8ca9-75968a30b6ac,AmEx,9b37739f-72d9-4b8e-bd9e-d25da5fc91ee
482d517f-2709-4351-a9ac-32312c156180,AmEx,5f060252-6438-48d7-a4f2-e903d8cfa8ad
f853898f-b985-4f22-a804-ac01b4f9317f,AmEx,69d32f89-654d-490f-8387-fd72a7030343
18aec221-154e-47a1-8e56-00c5666acd4d,PayPal,5f415890-3b9f-4cec-968f-3deb73649382
72d50ba8-62b7-4159-a785-8daabef16da7,VISA,9a072b3c-1003-4879-83e4-31de2b7b1b0d
25c94ea9-9c25-4c50-bea5-5781807e7756,Discover,09371d0a-0593-4b03-9228-7aa696266f3c
8779bce3-23c6-443f-ba62-ae7f2c45463e,VISA,9357c57b-08f3-4780-b700-651efafb9620
ff8de3dd-5026-4792-88c0-99265ce8b18a,MC,a1850941-55a3-400e-9cc5-8699077e1297
bcb5d0b1-e515-4a43-843a-2f6df23a2407,VISA,dee4472b-1976-4d57-9a52-0ca8e995af52
158b0c10-1337-4774-a04e-0e00b5ac0e5a,Discover,e4a905a9-95bd-4240-99f6-f289d774b7fc
b4da1172-1cdb-467b-ab58-7d463125185b,VISA,ff8f8fe7-be07-4633-90c4-1f784245e0be
0132ca0a-f9b1-441a-b15a-9147a7d5dfa7,AmEx,d1b433e1-650b-443e-8205-c26f8bee87ed
f73e21d8-186f-4d98-bc53-54b3f8ca5078,VISA,b0a9df12-bcb3-4c3a-80dc-21c69eafbd17
097a4e14-154d-4485-b967-ff4ff8c011eb,VISA,8a23c0e7-bd19-4677-a35d-f3c524973cc0
85837ad5-e0c7-440d-805b-8afdf52d855c,VISA,9913f12b-cce9-49b9-81ae-0d54c5fc8913
ae04f607-bead-4ef6-bd47-82848bdacaa2,VISA,f9bd6c9d-5797-47df-bc73-62dad037e709
75466089-a54d-46c4-bc68-68f57691264c,AmEx,613d931c-4c2c-4a61-8f9a-3a4b75e5c97e
39c7ffec-25cc-4905-be66-c4534668aa6e,MC,cadb2ed8-cdf8-4e8c-92d6-7ff05cadc320
5d4b0297-b426-49c1-8c54-bdea7248c56c,MC,26a4f73e-bf5d-4c01-8758-77c3e46ec054
43461c88-deb9-43b2-af3b-a8fa815ee1eb,Discover,65afe746-9476-4a3f-aae1-86ffdf7d8a03
77de1d25-55ab-49fd-8548-a0bab1321708,VISA,4352fcae-745e-41cd-b29c-1ebac87f9ce4
a56555ce-9a7b-4d66-b326-cb4f85e4e9e6,PayPal,844858e2-38af-42ab-86c0-1301016c86aa
eb19adf4-5760-42bb-8f82-fee5f7e31555,PayPal,1fc23acc-fbd1-4364-9c6f-7ccc9750ed16
1ca0ac73-0026-4983-a632-d19a9995c667,Discover,b70d774b-f322-4d71-8d2c-4283720ac926
4520f8d1-3ff2-49fb-ac24-e83acbcdd7ed,MC,69891e53-8664-49f5-a7dc-e3fe4eb4b0b5
cb868233-80af-4f98-ad20-0c932d196a6b,PayPal,7e17c787-70fb-441f-8773-1ba70f203b0b
b15d232d-f942-42cc-9dae-ee54282185b9,VISA,eb677cb0-15a4-4b66-bd44-42a4f7cce5ef
4c9e72b6-e604-416c-97ef-04d3f4e0868d,VISA,70d97fa9-b6f5-4fa1-82ab-97ed51d425db
9a01316d-776f-42da-93df-c8383ae4e84e,MC,acb9883b-a849-4ef6-ba40-7411a3d92e03
29ed03dd-db1e-4f41-8e62-69c24351556e,Discover,97f23c32-7b08-4840-a65f-f8b9762f3cb8
b2fc055a-e945-42b1-ba1f-dc9f62a7b7c0,VISA,2120ac85-9b90-463d-8560-f53bd667dccc
686b5ffb-71a6-42b5-a347-df48c6bcd745,MC,1fd7a38d-9d4d-446a-921d-f2433777696d
003d10b4-9557-4aa5-a826-5561333f1d22,MC,946aa921-091e-4916-84fb-e1ce6cb3757f
c0c10882-03bd-445c-b61b-6d1815bee311,AmEx,6ff9ca57-cf48-4e86-bd46-6d655f6517c2
6f778e8b-384d-4f20-9c3e-2f7cea09f873,VISA,fbe13ff8-6464-4ac1-8705-4bb8dad4aba8
55393990-04b5-43ac-9164-3e651734e608,MC,c862fc96-f138-48e7-8e4b-cb6c6fcdf3a8
ee5d48f2-7e1e-4874-b375-1461d8e92cd1,VISA,8d7408e6-7a72-4f46-9ce7-35bf74ca1ba4
d21304b7-8e65-4dad-a2b1-1e16dccbeea1,VISA,a7ad336f-0e86-4347-9c26-560d85f144f2
18a68ba3-d375-47b7-8098-a489d52066ef,MC,be11cd4e-2246-42a4-ab64-72424effd46e
55744732-f248-4940-af38-44c1485302d7,AmEx,5ee73de9-50ec-4166-9d9d-da63f3b8ad8e
e12d3d9f-253f-4b52-ae95-19955478cd50,Discover,2d8807d7-ec4d-4048-aa42-a84e8da9e6ed
21a7cf21-31e8-4d28-bc9a-b8ac2bb6c04e,PayPal,be52b2fd-6bfe-4355-8317-e34141d2d3ef
134593a4-3b29-48ce-80bd-fb0bf4518c2a,MC,2c8bd94e-abd1-4857-a347-3be33e092e96
5d91beba-956a-4138-ad23-584fa8443c66,PayPal,f41b6770-e911-4187-bdee-7ca5bf6470f8
6f0d4d8f-78a5-4e6b-806e-201fd618fba4,VISA,08ed3d46-d3e8-476f-92fa-88cb4be4f9dd
70a77663-391e-4007-910b-3d93bdddd290,MC,d1596af5-428a-42d0-bd9e-ca855b03a10d
c8349527-442f-4dce-a54b-b755880013ad,MC,336d075f-9a75-486f-9f1c-409ae840f91e
3a4c8b07-4e01-4d73-a6c5-aec9b341e79d,PayPal,f8a9d191-95b1-40c5-88a6-7ffe42bad017
148ef116-1d64-4496-98d8-55e04236c2fc,MC,074bb8d0-7eeb-4f74-9ec8-e6c01db41588
d147f8bc-2a14-4b01-9746-3b80869fc26b,AmEx,4154932b-75f6-4a1d-9b85-9e66adbafd44
ac9c78d8-6320-4855-96ca-f250b851ced9,VISA,84f1513c-25af-4f3e-861b-aa8ccd0c5a3c
fcff2e09-5a00-4821-bb96-2d73bb061253,AmEx,7922a9f6-c91e-4d45-9a32-811c338579c7
13ba822a-5ffc-4aa3-9f83-7b32d7e437fc,MC,d1580323-8134-44db-8ef0-17a231a00124
94686f76-08f6-4c99-a57f-c53c5096ac63,MC,3724590f-f50a-43d5-b1f0-50a5f9f59f43
2079317e-8429-41bc-bc7a-ee3efb43fe5c,PayPal,c5e0995c-1da2-4b39-a417-f5bf3d2aad50
874ef934-8fbe-4f3e-aed7-b35acacd47c9,VISA,5dde54b5-6ea8-42b0-b4df-ea2adf428422
41b40663-a3e0-4d9c-b654-08d52ea0d891,MC,acd23348-eab0-4785-ad9c-9d78a33b602c
464b759e-b910-49bc-8b77-d68cb3cacf8e,MC,c4695920-7c9e-4546-8a55-67c09397951d
5b23c16b-88f2-4dad-a416-54bb9cef97b4,VISA,ebb6e7e2-6907-4123-8640-bfca61f751be
3a7b6779-825a-4347-9395-8e4cbea2a0b4,MC,d3f1f25a-fac0-426e-b913-a863ce04889c
db5d210b-5162-46f6-9a48-c6f8b819ba6a,VISA,61d92c50-1a93-409a-b41e-9de69b39476b
a5cadab6-0b01-4cdc-a9ce-ac73e241a6c0,MC,4812ef82-b3a0-4ac3-860f-423ef49b8474
6d2cfa6e-d720-426a-bb1e-4d389e20db44,VISA,a8e98410-33e1-44e5-9f3e-939f2069be42
423a73d7-64f0-4d61-a0c4-629262b07817,VISA,13ea505d-ff25-4e40-8a32-5f74a0135c80
9b01ae18-5111-4f9e-8f8f-1b02b0529b29,VISA,0e9788a6-5ed2-4334-a340-e586f11ec1a2
716608d9-6432-4589-921c-aafb3901a454,VISA,10b8ba63-85e9-4818-af1d-8f77e7236aa1
837efd5b-bf65-4308-b97c-22487418092f,MC,b5e36214-1f53-495f-bd84-71938e7b01b2
a177182c-27a4-441e-a143-2f30dbb04904,AmEx,0e1cc18c-ca05-49e2-b762-0344504695b9
51544369-80c0-45f4-8b3b-9ecff90b5df2,PayPal,2bca51aa-1b6e-4c80-a0a7-45f9bd5629c8
b29a9ef9-082a-4379-a747-cfba71c996f9,VISA,c238a0af-dcac-4bf6-8ef5-3b59906c8a78
7df44626-1a7b-4582-96f0-12b27acb70a0,VISA,0fd3f1ee-949d-4806-a7c8-ef8202bf6d2e
ec07c5c3-dc57-4543-8dfc-bc8d6fd4658f,VISA,5fd7b3fa-b3a3-4508-8c5c-e1610e47ad94
3557138e-40a4-4052-8a1b-205120a20881,VISA,4b5f13ce-21eb-4ee7-8d2e-9a3a2ef4501f
791a2319-de4f-4358-b47b-2896266d6071,VISA,d0559890-3423-4dda-849a-c8a6e8a9e647
5042b06e-4d89-4265-a317-c91b01322416,MC,246cfc77-84cf-456b-8f06-bd6750934df5
6f3c9570-5810-49e2-a29c-910f3552d37c,AmEx,dc9f6718-6587-4536-abff-9db52e05987c
9b71270b-f1a8-4c74-8569-c6ce7cada041,MC,bbedf457-4540-4e10-8743-b51e10792597
3bd57dbe-5d1c-4fa1-a18e-0d542fb29dc0,VISA,202e502e-c1b0-4b5e-9ad0-0f785c03823c
31cf71ef-bd32-4cee-820b-63052e159ff5,AmEx,23bf9605-23a2-4b37-baf6-fd5e384ea92f
2bcae7e7-3cc7-4fbd-a8ec-32f349f4a5da,AmEx,0b267683-0711-4a09-951d-7ea4b3ccf0e8
88c88313-0eee-4122-80ca-a82b18ed9533,VISA,96f2a45e-d8e2-4924-b28f-3a9d9cb877ad
9eb1de8e-a83c-4acd-a149-ed1677a555ce,MC,828f5516-e10b-4cf2-bb3d-328e16149906
d26aacca-0684-4da8-a37a-e198c855f443,VISA,ea274fe2-701b-47aa-90ce-b3c84b4fc865
4dd12355-ded7-41ea-8916-8fa1c69337d8,VISA,4c1c0640-6f94-4a17-b621-836323eb57ea
b3a62565-7393-4f7f-9e87-a85016b7c1b4,MC,0a6dda75-bb64-48d1-933a-3823da2e51de
5e6938b7-93a7-4a3f-a135-983268df1e25,VISA,a03693cc-5aa5-41d5-9a24-18bc036efc25
83611c27-aa54-45e9-ba93-9594d391453c,VISA,10bd4c2d-f47f-4734-bd5b-2f624286b786
0c42131c-78c8-4e9c-98bb-044055dc2d4f,MC,bc538ecb-a653-4862-8748-412a20495eca
ae6b1966-f3d9-49a3-bed0-aaabe3c20b74,MC,d13b6ac1-7e9e-48dc-8574-5b961118c459
d9cb8f88-02e1-4b5c-9a89-2197e2043810,AmEx,aa842340-4dec-4d5d-ad4a-35c6002f78c9
5fb80433-9a92-42a7-b377-a38ee91b0849,PayPal,f698eab4-a9f8-400a-bfd5-a751efb98f9f
739f7322-13dc-493c-8eb8-c317c1be57f4,Discover,e3ec8cac-5bfd-4f14-9f78-a40bf06680f4
80b34790-86b4-4133-92c8-28ce28fa086f,VISA,ed17f569-a0d1-46a3-9b0e-dc13eb04c460
a3eee98a-66e0-415a-9d97-76b96ddbe669,VISA,3ff52c58-5f43-4a50-a9cc-4c63471d4285
8e8aa511-8dbf-4105-a945-a9cf1e2089a0,MC,d76b7829-8544-48b7-b850-d5abe6658ee1
45962b65-fa97-47f0-9074-5be4c18ed9d7,MC,5a92b1fc-3b00-40a8-99d6-3f237c176e0d
67ca81b7-84ea-495d-83e9-b0621db3180c,MC,9375964c-d221-4b9a-b5c6-04ae3383138e
b5d62d1f-feb4-45e1-b194-ba33f2504e62,Discover,28839f91-0329-4968-9856-be457d2550af
46347c28-470a-4237-871a-ac7f7056bf4e,VISA,23a02e2d-1508-4006-af9b-8ad910acde43
98809ba2-14c8-401d-8c2b-c4f7613a852c,AmEx,85750f30-fdbd-44af-82ba-8beafa3bb60d
7b8a6197-be9e-4966-aa43-208c18876020,MC,dda62ac9-10b2-4953-9292-35191979aefb
48d8f45b-9792-4365-bfc2-3509dfa02da7,MC,ea9e73da-24f0-4658-a905-cf99f2cae1fb
ceaf751e-fcd5-4f3a-8799-5999f4441d1d,MC,93d5993a-08de-46ee-adcf-629d02faecc8
e1ae1137-71e0-4aae-8e8f-d254974be80b,MC,aee61c40-bb02-4f05-b907-3befab2b5c68
f9734ee4-9f56-463c-9e0e-32066e8a9d58,MC,529535b4-0536-4c4d-996b-e17e7e2e4824
9d509dec-18a9-45d9-a324-2a7f34dea12e,VISA,3aad4f75-24a8-4172-bfc5-a23a5aec3697
ffaea5a4-d773-4aee-8992-48ff96af64de,VISA,cbdc2b2e-32bc-4330-a31f-d3c2eb9b108d
d95fd7b6-23ff-42d6-b67d-7022db95eb49,VISA,87eee9ea-ef1b-42e2-8fd9-22b5855c7eca
14830d2b-a63f-4a1d-8e7f-c4ac4491716d,AmEx,ba5989c4-3c8b-4b70-b28d-5b7476a797a2
87c0b46f-9847-4564-922c-a186f9b3bfd0,MC,f0657ee9-2c13-4913-bbe5-abe7303c90b1
d69687b9-ea36-40eb-bce7-bd70d434f3b9,PayPal,83b12831-d2bf-4971-a2aa-1d1b4aebc31e
4f81fbfd-08b9-4bae-906a-a43b15332c05,VISA,2df334cc-712f-4595-8cc8-3bd8084f51f9
caad1a2c-0512-4621-ac3a-dd115290ab6a,Discover,4403220c-b550-4e60-a0b5-8ff2e0cc98e2
994aaaf5-20e6-4a72-a236-fa5722510750,VISA,a72c1fee-0aa6-49fd-a935-155d7c1fc287
91a7007e-525c-480f-9e35-5e74f35bfad7,AmEx,391ea601-c115-450a-acd1-ea28b9ee1e5a
e98c0920-4f91-41fc-8a1e-b249c24fb51f,MC,949e2287-c77d-40e2-bf16-ff02e9dfe7cf
2fcdec4a-36f5-4e19-b764-d8d86ee356f7,AmEx,aff4d6b6-8ff2-41ae-926a-55c36f7993db
7e707b80-fd16-4fbc-bf9a-f3b1cded1c77,MC,ca7d6f03-488c-48de-aac5-8b8eeb505ed6
25acd667-57e1-43c6-9c95-d256ed26ea96,MC,22fd3237-c2d7-4124-9c75-c1bf03b6b020
afcafae7-2261-4b61-a3bd-730376e078da,VISA,23a39c27-0110-4710-81b8-ae4596d93f16
e96dbf35-c087-4a65-a8e2-3d7fcd885c69,VISA,00a61bb4-ea3e-4687-8e5c-a001d4c0228c
4372f974-8ef6-4295-893e-3e08c987f318,VISA,e1905d7f-6d3e-40df-8e02-a791defd0110
959ab11c-fec6-4e4b-a8c3-8e94fbd0f872,VISA,d4130dfb-b6aa-4060-b3ed-3ded57fc30f5
a732aa5f-47b8-45d5-9dab-b72ad17423bf,Discover,371a836a-23bf-4e8e-9cad-e428960dea4f
b88d074c-93a6-4d05-b622-b431f1d6afd4,PayPal,dcde22fe-b929-42ff-98a1-60e856708cb4
a6a2033f-97ec-4be1-9ac2-a278b882af7b,MC,eacd297e-d934-42ac-addc-9218a77ca62d
a9b8afd3-60d8-4082-94c6-cbb51a01b65f,Discover,05b1c91d-2296-4244-8d72-a1eab2747bf2
87463fc4-60fe-4f9c-ac89-f4d380c50b4a,PayPal,0ef6e72d-e484-4099-96cb-c8dafc4bb3e5
2799592f-e9eb-4121-acb8-b8fe0c247cb8,VISA,62d56f50-f051-43a1-a129-74cb52dbf77e
7714e266-e92a-4226-927c-e112e67057a8,VISA,a97631d0-7d6f-401a-b724-2df320b2aeb5
27388ff6-f33d-4601-ab8c-67a1ca54ba73,VISA,eaf1645c-13a0-472d-b6a5-a355ba87471b
cc8ece91-7f84-4312-92da-042ce7109bb0,PayPal,2ddee446-e627-401e-b1a7-82f7c8fe4511
244bae19-be0f-4d1c-bcb1-0d182ab35d65,VISA,6d6e1779-4bed-4651-9392-2b0cee9c5f67
0f311dac-1119-4d7f-a187-9853bc96064c,VISA,f34b9ef7-d789-4fea-ab2f-cf9ecbe00092
2f26e708-5542-4132-9939-f524d84bda8a,MC,2e83adc3-af19-475e-b564-2ad75df05422
b5787270-f73c-432c-876b-3770bd2c8cc9,VISA,84cff97f-ae9c-41ae-8ddd-e095aac6554d
2183458d-7074-4b08-8d59-867cd197e610,MC,8817ece5-f803-40bf-8458-5c58b5d259b0
89f51671-a480-487f-ae6d-f2c3d8788278,AmEx,b49010e6-0bf6-4ce5-b1fb-29049bb721a0
0cc4990f-b236-4505-8ccf-37487d81653a,Discover,422c7b00-04fb-4c8d-a445-8ccb76648080
93c2a539-a8ce-48d1-90e9-e8277f893fab,MC,d57c6881-3c4e-44f1-9b16-f4a607c04fc0
a6faba20-cbd8-4bb1-b87a-125b044bdb61,VISA,39ba644c-ca05-43e6-b887-78c6250975a8
181896b4-3b5b-492a-8bfc-b93df358e5ba,AmEx,3fa88da8-d0d2-4d53-a4a2-e4359b9ff787
2632fc69-c8ea-491d-bc53-d7b4f9401b25,VISA,5416f544-2300-4ba5-9ae2-a9daf5968b15
b5650c7d-5c54-467f-99dd-612ffecf8b9b,MC,97b7eee1-9ec6-4863-b182-b02b20f2aa38
ed34d9fb-f493-4067-a310-4de48f474f5e,Discover,3e1e23eb-a95f-4f3d-b77e-c31a4cac386c
281ef1a2-9683-4312-84a6-4976aa3669f2,MC,09b8390a-c1fe-4877-882c-9ebf4a20f071
5fe62018-26fd-4049-bc4e-9d303c080d48,VISA,6f61ad54-ce68-45b3-9937-a7f4aae77f07
81f1ca67-ff7e-49c5-aa4e-0d6160563459,MC,8a5c9eaa-f829-41c3-99fc-b756e87dccaf
674f7c74-ebd1-4b8b-b001-be181d203641,AmEx,a7e1c827-b090-4161-8c5e-6d0774fe8891
5c180939-8633-42ea-a591-9009cc5ceab5,AmEx,78bbccca-4f57-4c29-96cf-45b9c5fb778b
8c3e6702-8a45-470e-86a2-7e1fa87fa271,VISA,03434eae-3e83-4abd-ba15-9f75ffb3de17
c94c5908-7689-48ae-b9ec-80e7f6c93eae,VISA,f1c222c8-1f72-44d5-9b6f-940efd84305c
db8ec88b-47fc-4cbf-a4e9-72064ebf96b6,MC,0ec52418-ce3f-4c50-84f3-86a8e193710d
9a2217ff-10c3-47a8-b90d-f3b7430cc082,AmEx,93fd7031-6054-4ef5-abb3-23e385047332
5c574a5a-d200-47e0-ae9c-0cb7ecf397b5,AmEx,d090f1a1-0e0f-4a1b-9eec-2c004bdc8801
5c37dc1e-5c81-4e13-89ab-ba1b522e7f85,MC,e76aa00d-7ec5-4797-a228-0a24fa10b43c
848a1684-7ffa-4ab1-aa53-c2d0d12efe54,MC,877e49d1-3567-4e5a-a939-8c65ab648c74
4c95ad2b-6cea-4526-8641-41f6fbd73ba4,MC,88df704c-8a8c-4c1e-8005-879ce091592e
08b9a341-8238-4bff-a7c8-6f84c1760498,AmEx,87b1ed27-b389-40b4-91b1-0fdb9610b391
bfa2c3a6-8da3-405a-b0f7-ec2fdbd2b0c6,VISA,0fbad12d-806b-4139-9388-1dfed952d4b0
c11a2916-8abe-40a7-a9f7-961a7a0ff2b3,MC,faab2371-241e-490f-9cdb-77f65d0f203f
d4b874b0-aaca-4767-8787-23026558ac15,MC,8a25774a-67ae-4a1b-a3ad-616cdcc25460
44f6676c-8037-47c4-b48b-330fa076b69e,VISA,f507a37f-d282-426b-be73-766cee0359d2
7c3c4539-a5e7-429c-bc30-5b78cbe37229,PayPal,e5abb09d-a6b6-4635-8d77-86759bd49972
bfa7aec8-2376-46cc-bf91-7ea5c7690bc0,MC,13071d3f-3d21-45da-81c0-78a2fa813f99
e5654839-b818-4bce-89ff-c48435e0f2ba,VISA,0a03a28a-6909-4916-b19d-2c6f683a8c9b
0f621afa-a549-4e39-8a9a-c747a13df742,AmEx,14390a60-dd67-44a3-9852-d75c1cec3383
cbcd4177-2759-4bda-bcfd-6b8d20a73f71,AmEx,2f79c55e-4f02-4c18-8e2d-8762420fee03
9860e04c-8a36-4b6f-9eff-a9e4b5505cee,PayPal,e88e0ceb-68b4-481f-9e2b-bfb5eb89e744
50513bbb-0cc5-46e6-9f15-a98d045d7f04,VISA,90ef5330-b7ba-422d-ab97-2e8ef7303059
34a27ffc-2dee-481f-b011-8b25685297b1,VISA,d663ee9b-3a67-49ea-9b6e-eb4f0ba896ed
ec27bfc5-e0f1-4352-8d02-8d099bcca23c,MC,8ecc2794-a92d-495a-9a27-e2d050be34a2
f0768962-a390-4aa3-8841-499327f054cc,Discover,6bd211b3-14e4-4f86-b651-6a909a71f4f4
2af40c3d-da8c-4877-bd19-245b7748bc04,PayPal,65ce63ab-0f89-408b-b5e3-e5191f3ef05a
ba744d60-18cf-40fa-b6d8-80e5a74d3703,AmEx,18f82043-cf80-4145-b0f9-991c5ead9b2c
cae73e2b-8336-49d7-bb2c-d716b85a2875,VISA,6a4f3570-ae0f-4302-b056-669579c827b7
32b972e6-6724-46b6-a7a4-dc59eb04d776,Discover,87ef4924-2c1a-44bb-818d-5b81920b972b
0a65b291-2f38-4ebb-b4c3-6d27a19aa3f8,PayPal,e96a6da6-bd47-4140-8a06-a163532c6e2a
dafad286-d8d6-4940-82e9-91e2d7665201,MC,0e0a8bd7-4826-4c60-ad78-b7b5e8b6908d
f739558b-20de-4dd5-932f-3a8cef3cdcb2,VISA,c33c2ab1-a677-4a5b-bc6a-664f272e92cd
aefaaf70-eeae-4608-ae72-82966dee662e,Discover,dfa8cba8-6402-4977-b973-4231c346106a
49e6e8ff-428f-4f0e-82c7-ab46b91eaecc,AmEx,90b5846f-2abb-42e9-8483-203a56d3de5b
37b09d34-bece-4584-b381-2599529b022d,VISA,6fc7b848-3ed9-4ffe-ba80-5278a0dcac76
6f7841a1-49f2-4b14-8956-5212e8d4ca38,AmEx,eda10603-74b4-4a8a-8c7e-206d1d7a5081
18c881c9-e3b3-4c9a-8b1b-70cf72317711,MC,f54ede2b-f1df-48c8-8e1c-4e086c467e02
3c11f100-e8b2-4cfd-90d3-0d13b7261524,AmEx,84b60e6a-2e9a-4795-ad9f-25eb2b0f37d8
ae0bee43-1055-48e0-afe7-104e3428c68d,VISA,cd87a239-c1cc-422b-a967-cc01caf832c6
91c1b64c-2d77-4805-b226-e1a8fa0f0716,VISA,0e3d74ab-8c9b-466d-9e87-b5a340073779
b4f91138-6cd2-42f4-9a1f-5a98c7924024,AmEx,af6d522c-eb3f-4054-8f14-889df2a5c930
a52cc7be-f8c0-4b13-a316-9e6e9659fb06,MC,1e07c9f8-43d4-44a8-9f0f-a5f0c2dd56d7
0107f5d4-207d-4022-8f26-6c44a85b1b3e,VISA,87a5bddc-3f8e-4aa3-8931-8b42b2620cb9
42e94dd1-a8d2-41f9-b726-aada62cf7ebe,MC,108a9e6e-85c8-455b-9df3-9f1921e3b91f
3a99674a-ebfa-4836-8ff0-2f031fb6e498,VISA,e7d85ad3-840d-4d9a-b49b-3386db7c7e8d
f7738871-b9e4-4eeb-a3c3-cba540cb0876,MC,1a28ea67-bd9c-44ba-8419-20ee6e5f10cc
7f0fd953-86d0-4824-86c7-7ad0e888a8ba,MC,02f945db-5515-49bc-8c88-965223f7dd1f
fef73cb7-e3ed-493d-bc92-23ffc28d561d,AmEx,aed3e668-23d8-4428-a10c-c4e723e5fcea
735ac5f9-b88e-4a99-bf62-279213d48ac2,VISA,fef567ba-eb3f-41fb-8d81-9902f2f2b40a
5ac23ee2-7844-49e2-b8a5-a8e47892d6c2,MC,177a07e5-4894-4d66-9615-d9e422d042b4
23718f90-4032-4c84-ad58-d5aeaf721297,Discover,bd3e92c3-13fd-442a-9255-4dc3979be874
98cdcc29-ae77-4c90-ac0a-032b6fe902f9,PayPal,e7ef06f4-a57b-46c3-8439-e73917bee974
e8a92367-8853-4d2e-ac9e-21a0ad145c5a,AmEx,f397825a-626c-4f1b-b613-16d78bbd43b1
98e9973a-9d31-4633-b9eb-23a609a6728e,MC,599b38ae-2a3d-4c41-b8e4-76da7f4e29b7
daffaa67-2c43-494a-b688-da2c8eeb389d,VISA,188ce4f9-3174-49f7-a574-1e1f2347be5e
d4c3929b-6f49-4c8a-874a-671aba45124a,MC,e77539e0-b343-4930-bb77-0430d5dd8db6
422fda1b-7140-4a4c-a250-2ab6f7185a9c,VISA,3f0b3d23-06f9-4862-88e9-59a091214010
5ccd26d6-5a22-4543-98ec-8b0f09dd3aea,VISA,b1122e2d-10dc-4c29-80c1-163d421e1a8e
ab1aa10d-49a6-422b-a8ef-d5eafc05cbd8,Discover,af8f03ad-edb7-4f65-8db6-c3edf38646b5
0b725967-142b-464d-ab02-0deea8da8b53,PayPal,74234376-ebbe-4d76-8516-671f669f40da
0dc54068-f92d-4c59-8bb1-48fc1e2c9120,VISA,b2000486-3c73-4020-8e22-72496ef6500f
6ce7a393-3ab0-4a5d-9d27-9cc1f0fa43fb,VISA,c7c2c10c-81f8-41e3-ba8a-48bed66e5d30
8e0e6a2a-1768-4915-911d-0e371361e8cb,AmEx,95bf2d4c-ac5c-4125-8db3-dc624d45d8e2
23990f7c-2ba5-4647-baf4-ed4af77f7a97,PayPal,cac7ca3d-f261-4760-aa0d-a5ed79018674
c7ae2c07-4f6e-4e6a-8ac0-79bc95600638,PayPal,035e578a-9dc5-49a5-8a92-e02a7ac41e43
7a3db8ea-9b2f-4592-92ab-6b84927547e5,VISA,273cfe2c-fa6d-41ae-85a1-0bc9cd5f74b2
06e5bd2a-c617-47ef-a761-7ae470ba76f9,MC,4ccdb07a-098f-423a-883b-ebb70ae4735e
0a591b88-7c9e-4489-b3ae-5448483666d0,Discover,3c9de5d3-eade-49e5-a87a-e633dead23f5
e8d852f5-851f-45b9-9bf3-81562af9464f,MC,8cfb6847-ac5f-425a-926e-ea3cdab12b5e
ec02b132-9457-42c9-9285-c8f58183e262,VISA,2d556ee9-a27f-4620-9d4b-d2825e5d8c91
43d0c813-811f-43b3-a1cf-91ac1de4be6e,VISA,211ced07-2230-4930-ba35-bf50a3962c4f
3101d8c8-546b-476d-b2c6-aa407a076e4a,Discover,7f77f3fb-4df9-4ad2-8e5b-f419f008a331
a1c01f46-8d98-47db-9319-b6c8a73d109e,PayPal,01a65aee-2842-411a-b976-a28a506e1909
815f6402-42ed-48ff-9d9f-5a89b432f195,VISA,74017dd1-3fb7-48ec-b40d-fc2a68e381b9
a5e48547-54e2-44de-9382-ab8126810602,VISA,a48228b6-a6ac-42ed-ade8-1a77a1c32b05
e5e67994-75ef-4fdd-8cb1-b129f55d3cc9,AmEx,7ccf8d66-0627-440a-82e5-e334d9f8527f
b444f547-df13-4104-891e-02c3a37fb818,Discover,0746573f-139a-4d7f-b078-b47db11c6b3f
ffdcedce-2936-443b-a6c2-4397cf39e9f2,Discover,f0af572d-92c4-4d86-9d25-fe7744a2efd5
29495ad8-a417-4c6f-8181-c79e66aba7fe,MC,24f8989f-4278-4833-8665-ae35370d5051
b2ff07d1-39d8-4251-b94c-61ba02665917,VISA,fe7af982-d254-4b38-8154-94f75b15fd97
91e4eebd-2b0d-41fb-be36-c4a1c1eea46c,MC,30782a95-79e4-452b-a10a-cc9b55d629e1
ac3581dc-0219-4fe8-9cea-4aa6d57d25fe,AmEx,ee7bccfb-0ae0-41fa-b65a-c080032ff9e9
ce0509df-8f52-4934-992a-bba9da25f36b,AmEx,4fc9725f-bc88-4e87-8fc1-b37686d4cc8c
d3d4fb8d-3ff6-4fd9-a4a5-8517714f59cd,Discover,d8aceb04-42fb-4c04-a954-1726b59730f5
a9655062-1832-42d3-b016-b0a0c0105cd8,MC,b92c477f-2133-43d5-a4e9-0742950e525d
e46df717-cf0c-49d2-ab42-a6b95b273249,VISA,e35604b7-b99b-4032-9a33-c23b9ef626f0
127138ed-9d43-4c88-a31c-658fd7e37f42,MC,8d8c59e9-c0a8-49d4-b0e4-83ca482dba41
310470ce-5765-4c38-aeab-d17c7789a0d0,AmEx,9c4525ba-1d59-4b96-8a7e-e3923bfe2b7d
104638ed-b59c-4914-a222-e3897fe0fd0d,VISA,2271b530-d857-434b-8d72-7247431b51a5
1c92c12b-f29a-4f42-9d21-31a3fbfedee3,Discover,79cc8df3-f5df-49d4-91db-7b66486f8967
c0c6a88a-41ae-479e-840e-beed124d703e,VISA,05e6c08f-f97d-45f9-9216-bde853c6aa5a
d0f32ae1-6439-4a00-9e03-b6b6d4cf04fc,PayPal,e8104db5-65f0-474a-9634-fe17f03a089f
a7c53948-58e5-4dc3-a955-51a71f7ff0cb,MC,9cec9b42-dde5-4c3d-8b60-946ed1ebf34d
9b5fcd6d-d399-49e2-8068-bcb69232ad9d,PayPal,fc7d052c-bf37-4223-b75e-d1fa5da3ac64
c0af469f-7b17-479f-90d5-3a8c33520001,AmEx,6e0156a1-e484-4184-a21d-707ce67589eb
813ced37-0563-4731-b74e-4b344c10bce7,AmEx,b367947c-c31d-4f55-b878-21697989fbaa
76ff4b5a-727f-4c03-89e0-967006121551,VISA,b6a433e8-ab28-4edd-82ef-081042b32710
d2ddb9cf-76de-4302-b86b-9b90f91a0a7f,MC,83cd5aa4-9e0e-4e05-8105-df3862442c03
3b072872-a6ec-4929-b7a7-93dcfaa746cd,MC,4da51a01-0df2-479d-9c58-cf0537d7beb5
79f1875f-1197-4df4-b404-beb3c9eb7d90,VISA,58b88ac1-3b67-443e-8d60-132233e377a7
163b93b0-4408-4db4-a49b-d4a262887045,AmEx,ef65ac98-8e10-495b-9562-f03b01aeebbf
8d5d5410-177f-421d-859c-b11025af3341,PayPal,086bdf8f-ed7e-4e5f-8d26-66f622e6a4d1
7aa660e8-6531-47ab-ad59-cb4c640d97c8,AmEx,7cc7cba3-1615-41d8-a498-fe422ae8449f
c5d5b161-fdb6-4a01-a816-02d069feb3d6,MC,05863cc8-6658-48b0-8cf9-e6f044753639
1cc94c2f-887f-4179-8bef-bbff97b28c87,PayPal,1d28c10e-6bb1-427c-9d9e-1416a36ffeae
5b397046-8318-4a27-bb66-734e45389084,MC,c40fee12-50d4-44ea-8fd1-6adb158c5039
b26fdcfe-995c-41e0-b4dd-0128f82511b6,MC,6a79ea7d-0207-4e43-a953-b1c8d5c09913
0905d749-f1ae-46dc-98ca-e24cfad1f485,Discover,910e4d15-f7bd-4ada-9c1d-76024d1c02b8
ac3e5a83-3181-4984-9611-5a29ce258634,VISA,5ffe3465-c932-43cf-a095-d2cd13a93597
cfbf4610-8177-46e6-98a6-8095ea97849a,PayPal,3162fdfa-6c5f-48c5-bcc3-c1305371bef6
97b3d6d1-67ed-42b8-8a4c-598ae18a5892,VISA,8de2c199-9167-4fde-89af-303ed59046ce
809c20d4-0925-42bd-826e-d9a2b6f4bc8c,Discover,191a6332-bb47-4d20-a484-0356146d5dd4
5304fdc4-1b09-4a54-9451-6c64c96b4029,MC,746fbaaa-c6cd-4f93-85e7-ce5c02ce5aa2
63e71306-d05d-4a6e-9234-17b88db96c85,MC,fc41e43b-6390-43e8-8a98-b7829a568ef6
8c24b8b7-93bc-4cf6-a5e0-4162ae85daf8,VISA,fba0c396-0638-4d57-94c9-41d3a98796bf
ddbfbcff-dc93-43f6-a311-531825d38259,MC,b1aa28fc-5783-441e-94fd-9bfe9e64950a
7da92458-04e4-4a30-adbc-8868b7c17bc9,Discover,0927dd39-00e5-411c-9757-be99e0b5059f
bbd80b00-1f53-41a1-806e-63181228df85,MC,81f93907-beda-47be-8d22-4429db6ab310
578497e9-2a8c-4761-a990-113b4ba8872a,Discover,93f620a6-4ad4-46a1-b98b-7985e86bb126
29c3140e-a71a-46f0-b38e-7f68f7fe4a28,VISA,e8d48d2c-6d1f-4382-bc59-51fb24ff4976
f1477e5e-8633-4def-90e1-75465bc738b0,MC,41728da3-d24b-4b75-ae18-509bdddcf6ab
4bdf0d7c-6cc8-4d94-ae86-f17d9f3cdb7d,MC,c0d02dbb-5c90-4081-bd3c-bd5a8908c226
d19df215-6b06-4014-aa91-fcda603dc40a,MC,cc9ac413-f670-4ae6-9af7-3c16ab9300a2
beb7b973-6fb5-4032-8150-8dcc3adaf328,PayPal,d531ce6c-31c2-46dd-a056-2eca2beab749
f79494c4-e981-4d8e-9d91-0ca590200854,MC,5cbee900-0b7b-45e3-8033-7a25aaeab1ab
70518af7-a59c-4609-a261-e87e8d4d0ce9,Discover,750a3705-82c5-458e-8c77-43328c1b5aaf
9667ef70-9d64-479c-9eed-6413536c0da5,PayPal,527f8ced-6abf-4e35-a913-437cfb9736f4
b39e1052-484b-4131-9f3d-1ffec8eb4021,Discover,eb1da3ed-011e-4c06-8c9b-1739ec4a51be
c718305f-3ed2-420f-ac8f-7c3d6f0f34ab,MC,c3f2f8b9-99e9-47d4-bdc6-d3c5f5fd29f4
e6add299-e7ae-473e-917e-bfbaeaa07829,MC,c9bb7e81-750c-4b4c-8e4d-c7f6241be093
0782b476-8a28-454d-b0e4-05d8a0ba2b55,VISA,ffef2a98-1fad-4b34-af39-5a82d516b495
b0ba76cf-5fc4-41c4-ba1d-f9dead670101,AmEx,a118a9e8-e267-478c-ab92-d2824b39d91b
03a910b8-72ff-4165-ae06-5b57ee7ecd22,VISA,6cef230b-cfd1-4cd0-b561-777ce0849b0f
277706b7-6b7f-45be-97bb-f4739a90cb35,MC,769f83a0-7d19-42aa-b230-9f4ad18ad961
4a153b25-d326-4aa5-8a3c-7b1e09a16885,MC,5885c42e-199a-4dd9-9fca-03fbac7e0586
c84a72e8-d9ab-4784-8838-62b6be1c3fbf,MC,2d882f66-7031-41a9-8fea-5b3d0fcdc0ca
17e5d5d3-8168-4d7e-a23d-2347be989944,Discover,95004ee0-553d-4b06-bf83-8d2c9e99b384
52e6de53-fb0d-4052-a2d9-822c26bf7550,Discover,247d5c83-0b4b-477b-9053-687046131762
c068cc93-7199-4c6c-9da9-8fc9b1bf403d,AmEx,05dc2203-8ef2-41e5-9ae1-706eb9a78c17
947c5ecd-8951-4c74-83de-a27c0dbb7c09,MC,c7d4b6e7-cd12-421b-b830-fb0076ea91b8
989881da-91d0-4487-ad5b-d0def9964419,Discover,d96a724d-2157-4ffe-95ca-b4322aa14181
8c03c3d2-f3f6-4fca-8579-b49dbfd7c59f,PayPal,010c91d2-a63d-470b-9ca0-2ab804b21acc
b94aad0e-bf0d-4940-b3d1-a6f941fb8ef3,VISA,cb7d8b23-52de-4f8b-a8dc-dffcf40840f4
fe66e8cf-690c-4fab-8342-5e3f175e44b8,VISA,7e5a2d3b-4d6e-4cf6-8f97-0c3cd7ef9933
7d31998a-1220-41ba-93bc-985458adadea,MC,b2c98698-87ea-4553-96a3-d41be3bf9a39
80719cf7-e5fc-4709-bdf5-1619fd3090e3,MC,d3565269-e358-4e6a-9d00-b672df70d99e
d7ce6500-d02d-4b61-af70-c05bfd751c02,MC,f21e119b-ecee-4ee6-b088-a595d22491f9
ece7507d-ef22-40cc-99f5-4eb62a86864b,MC,0d6deefe-a3e5-4387-bde2-51bbfbe4fb69
d5035ced-3b9f-413e-a9f4-6e25af11b265,AmEx,b2b2d650-21b4-46aa-b960-9cf3606c3f33
13cc1846-7bf3-4c1f-bf49-d77975fcf725,VISA,4da6a243-f258-40f5-9f72-d27bc3b456dd
87f596cc-45cf-45bc-9f47-94d2bc3b02fb,MC,c8c99050-dbef-420c-b271-8937739c375b
874b265b-483c-4e2d-af67-b42ab1eb76e6,VISA,aca23f8d-5fef-4ba1-b52d-39726d413478
708a665b-7d45-499b-896d-b5e7116dfe57,MC,0be608d2-09ae-405a-acf8-afcb6b1f6e53
2be46823-5bb6-407a-ba39-7924c6c7719a,PayPal,dc25fa99-612d-4129-a9d7-66b2673c5243
1767af98-ab4d-40aa-a578-75cb9e5a9499,VISA,2d955b99-a5e9-4f0d-a1b9-13b63e3c0f6f
01192d83-f27a-4847-9652-7137f235e54f,PayPal,0aa5ec0c-a4fb-4644-a2a5-2e0b6fed40f7
1ea9f338-9e9a-4e22-b13d-531b6878f86f,MC,48cb4e83-258c-4ac8-8689-b7363ed91756
64f52463-2c13-4971-be83-252bcced3397,AmEx,5a04365d-7d63-4f78-bfbe-a22e78a343e9
868cf392-3de8-4160-bbb1-49002b6ab074,Discover,10dc3777-2ec5-498a-be79-0320f9ee2319
8c66e457-89ab-46e2-9fb0-b8a23d6fd608,VISA,4ee57641-a981-4aa5-876b-9b201142c79d
aa8f47a7-a4b7-464d-b2d4-d3b9b6d64d63,PayPal,036eb468-509f-4c3b-9964-258e20a418b1
696e16a9-2d19-48fc-a0cb-14869900b1e8,Discover,1243035e-90bb-497e-b4c7-0baf97c02a25
18eefb9a-9879-4f00-a805-12a1a43bfb32,Discover,0e05e543-ca5d-41db-bd61-cdf73135ba5d
810a730c-a820-4a14-a506-bc139f5937b7,VISA,116b3757-ef31-40de-8bc1-098e846ed492
d6883c2c-0c0a-462c-9c6c-17024a2b4c32,VISA,4a0b89d3-eb86-444c-9920-a160dcdb0b86
2325dc7a-193e-43cf-8789-bdd5ea9fdc85,Discover,765e31b0-478c-4c27-a343-59c2d77ddff3
fea83375-971f-4325-9ff5-23cc47b54e43,Discover,555bbc84-cf47-4180-ac22-c51f2464887d
b8fcd6c7-820a-4fc8-b7f4-dbc4b6c3a389,VISA,99652d97-3d8a-41a8-b49d-6d0abdb8addf
63176741-53bb-4c4e-a5e1-d14623799203,VISA,925804a4-0f49-4cf5-b11a-5ef77ce17877
d71423c0-78b7-4544-8e37-808e508c3117,PayPal,1fa7d42b-f917-4eef-8d48-b1f895219bcc
0bce8d3d-708d-4146-9b1a-58d2644bc4e6,VISA,d65236eb-3d90-40f4-850e-abb744c9fcd0
dfe0d49a-eabc-4aac-aad4-d345a4ed1e2b,PayPal,d19e803c-0794-4fd7-b992-97fa193bf202
832c9d03-9de0-4e68-80fe-9ce278d96b78,VISA,e9883e9e-ff28-46c5-96d0-040a251f1097
daafade1-be25-48b0-b1a9-eb6ec9e595e1,PayPal,1e42fdcd-6c68-46d0-a8c9-0e6452449e7f
3843cca2-a251-49a2-b1e2-aaa3f4cda9e0,MC,6ea239c2-5f00-44a3-a0b1-7ba3d77d31b4
1229eeca-3ad8-4980-b674-c28810bb627a,AmEx,39d3b6a9-e4e5-4f75-92e9-bb97426ef351
caeba0b3-8f25-410d-a162-44ad793fe61f,MC,c2585316-664f-4ebf-a075-574065c2066a
8dad0ccf-31be-4fde-9035-24527df37f6b,MC,d1a392f2-399c-4d28-803f-d9bb22431646
366ab1b3-d9cf-4dc4-a5cc-dd413889f353,AmEx,3e8b78d1-9daf-491e-9bd2-9a7d5a81690e
d7b3918c-2086-4a07-9198-a9cf0b9e5d4b,MC,ce639790-400f-48c0-bb0b-0e37f4abd502
a0b95a7c-321e-4d9c-acf0-760180767edd,VISA,b3b4a205-54f3-4ed4-9349-f541b766bb5b
d9d16a92-0358-42fd-bb77-1036e51ee6f8,VISA,155c659f-b0e7-44f6-9b48-e0cccb43b5b4
9e9e35f9-1d13-4b8d-8eb1-92aeaaecc9d4,MC,22b17b07-064d-42a2-84d1-9a4795f141af
6ebbd07e-2305-453d-9d79-0dbdbacb3896,Discover,2aa467d6-2602-4752-9271-ec2faf3a7342
7d3d9548-ce37-40d7-ad33-5c44c113bb85,PayPal,46913185-442c-4220-9c8b-17bfc14d10f3
3a038c75-ece0-4747-b66e-d45d9679f911,MC,d26577fc-6825-4c1f-8b63-47bb105bf129
3f69add4-5c18-457a-aa40-ef6cd02f269d,MC,194b86bd-a990-41ea-91b2-d5442ba38f32
2d15962b-1f03-4ce3-9b0f-a3ae8b9e6d3a,VISA,ce10ed6a-b27c-4f48-bbbd-da282bfc8746
dc975032-a2c4-49e2-8e28-64c29d966de3,AmEx,8ca40d94-2a27-4abf-b06e-0abba75bc76c
730bfd90-3e9e-4bc1-a1d9-ed3a71d2fd3f,MC,3efbda7b-2679-4000-a1c5-f876a9c17856
b7af0099-db31-4109-97ce-46c38cc5e718,MC,b30ddd8f-dbce-49b1-8d0c-d3c43bcb2310
b78bd1ff-42ae-48a1-ab2b-419c237251e3,AmEx,120fbedf-d4e5-46c7-ae6b-c37c6a997ad4
ef1757fb-4ce2-4625-9bff-921985109ad8,VISA,005e07b2-85aa-4f8e-9385-a43525719eab
3bf3d25b-dafe-4e84-9b73-d5d28890b971,Discover,17c9847d-233a-422c-a140-3324c2cec5ea
aa6ce2ca-5dfd-4665-a40e-498962d76b24,VISA,5a76eee8-d5fb-49ed-8cc9-76ec8442fd42
db505006-0705-46bb-8505-b1f471a51d55,VISA,ad5ceaed-493c-4ded-98d4-cd44cf4186fa
b2467c60-48a4-4223-9ebd-b9c7b8e1a1f2,VISA,656f373d-ba85-44e3-97f1-da26878f9b84
59d86cfd-f878-4bcd-868d-c765be3a8f06,Discover,e54326c8-b31c-45aa-b63f-c4d8d589ce33
e6a6ad0c-866f-422b-b69e-cddda75a76ef,AmEx,cf763287-eb15-427d-b1f1-3538368ef71c
0a9805e6-7772-4494-bb8e-5ffbdff5b5f2,VISA,86e06933-952e-48fe-a0b5-20970ee1df10
7d148f55-4a46-4b68-bba1-e1093d1075b4,VISA,04e4eed2-2883-4d62-893a-ff25ea6f40eb
b03f6700-cc41-4d05-8bfb-da373e789af6,VISA,6a02afbc-4053-438f-8349-2d5652469cb9
c2d9a1eb-a1e5-4e0d-bcc3-5a4dd6db2d42,VISA,87073551-e60b-46e7-bdcd-c3cd5a79b566
08669845-9737-47a2-8938-31faf6235d74,Discover,b55c737a-f7ac-4831-b9d0-699b030ede31
8625c89e-24e1-451b-9c8a-cadab3ae2f12,AmEx,0fa385e4-5824-47e4-988e-5e44133b01d8
6bd957a5-c8bc-44ff-8b1a-79e6304a4d31,MC,66162892-b2bf-4751-9dbb-96eb73ccd69d
7c6031d6-945a-4354-8509-38c05f98c59c,MC,4e1b658c-e534-4faa-b719-883aee9f7c4e
8b823d89-c215-4085-b89b-969b5b249c6d,AmEx,03f4cdad-4e36-4d09-bd01-4e98faeb175b
df9c8f4d-1435-426d-9a24-786ed654d9a6,VISA,ca8e6d7e-a60a-40a1-84a1-7b629279f93e
ffa83540-02e4-4df8-8b06-609b9df7b1bf,AmEx,d8e1aa03-9301-4d14-98b4-c910887a9870
341c8219-533a-4779-8df1-6093cbcf335e,VISA,87beda21-0ad6-45b5-a557-b14308b99782
0ee323fc-d62f-4ea1-9499-d8bca526f6fd,PayPal,1e39cf9c-7bdd-47f0-afbb-d2d1cb9db19f
3a13724f-bb0e-4d9c-8093-70e87ca71f24,Discover,09df54b9-0912-4d1e-b585-f35ea415e10c
7e8c596a-04f6-4b29-8194-096f9ce8e533,MC,efcee362-1006-4956-83b7-b2ecbc358183
7f2244e5-e271-4af1-86a9-17da87e7baeb,VISA,c789635f-913a-4eb2-8529-bd8a5c5f989b
f3e4b2bc-cb85-4838-930e-acc59db9056a,VISA,50b103e2-3a1c-4315-8a37-4dbec1e61447
c5745f22-5988-4c73-ade3-0ddf82d9ccde,Discover,729bcf3e-a453-47c8-8b7b-765dc4ca3113
6fc978c2-da2b-4881-8ad4-4b1d8a2345c0,MC,30dc9143-ead3-4058-b028-3e9a7bb007e5
40f96a12-62c8-41de-8836-f86e9dfbf70d,VISA,d9331bbf-147d-4f1c-a6b2-7899af6e7dfa
9831d70a-c92b-48b6-aa50-8606b4ad0711,VISA,97df5799-30e4-48a4-b5bf-ed91975fd1df
8e375902-e602-4246-8ea9-ff4fcc8f24ee,PayPal,9b20df66-c6ed-469b-b794-1b6dd245bd3d
a11b75c5-e37d-42a3-b2b3-2a5d462664cf,MC,c6985a4b-6541-4011-b069-c22e62059f50
e58d90e8-9546-42fc-97db-25557ba3299a,MC,0ecd5f9b-7b3e-461e-b635-0ae2a4ba31ee
dab1e9d0-1f03-4f7a-b142-265e5eb5ddab,MC,50c8fe9c-8da0-4d35-a719-87d80071eb49
2a74fe11-1bd2-4976-a236-5d2c29e33c6f,VISA,0f2a1a7b-50c3-41a9-b9fe-4a5bc9f74f9f
b500d23c-acc9-4d92-957a-28e2818a3b7d,VISA,197be317-73a5-4010-a392-31bd2d8df4b5
d09024d9-f129-47e9-a8b3-eb148ac3bdc6,MC,c18b96f0-0512-4f39-bce7-b082e7d12f51
0c2d628a-96b5-49d4-8a26-e5bc40ee5d72,AmEx,050aa71c-fb95-46a7-8bf0-3e64e17147ff
197c7e15-d043-4c08-a304-b454e43958dd,MC,d3438b2d-2130-497f-9202-f09246017f53
695cfd26-7ffa-4428-8043-edd1fad666cd,MC,2f1f4d7f-b042-4761-a846-3b447a4b4d48
ae2df79b-88ed-4da7-aaba-d58fbd737b22,AmEx,c8795d37-0ee2-4040-adfb-820c62c6243b
48357a17-9776-47d9-8823-f948cb795803,MC,8d28738e-53cf-4aaf-a38f-d0c8912ddc10
1e1be700-4208-4a22-8b61-0a18d350afbf,AmEx,a2e8339f-57f7-44ef-87b0-ec899b6fe07a
50a22144-a3ee-4081-985d-987c98a9636b,MC,4a1f2328-1981-47c1-a4d8-fbb681e9cc4c
2597485a-63d9-4f1d-8785-f14a7542f1de,MC,c9a2e270-3101-42c5-86bc-5aea75fccf87
47dbf48d-c677-47e2-9af6-5a3be2df9f55,VISA,1d0d1757-4039-4ad5-a22d-b85975a29393
1120eb47-8e45-44db-97a1-4075460eded1,VISA,00fc67de-f14a-4a27-91b5-88adf028fbfc
3c54c65f-e0fd-4217-8df1-5c720cd708e1,VISA,27f32d6d-5d2c-4a36-b27f-6f2ff8b0d23f
91698ac7-b682-480f-aceb-88e2e3aabe9b,VISA,ec5ac30d-ac43-4159-bbb7-cdcfc7d09325
dcf58db7-0b0e-4690-9f07-7a3e98e46db5,VISA,4efb745d-f56c-44f3-80c8-44dba90c9086
59ba20f3-5726-4a17-b6ab-f87f923d5126,VISA,52333a32-f008-4616-ad65-4cab0a0b1d7f
08e0b37a-4e9a-4088-992b-315b9078524c,VISA,0d88c7f2-8ab8-47bb-ae60-16230096ebd5
5249d6ff-fe90-4110-b0c9-2ae4308f8647,VISA,b3545cca-dd59-483c-b630-74e575132f2e
e89f812b-83af-4972-8645-11ce4a817166,PayPal,354dcc35-8fee-49c7-95ad-0b062a550469
5f749034-1777-4df6-83af-61e1c611fc66,AmEx,0e80d2a5-ca05-4d29-a76c-adab1bd0bd86
3d0fd949-e6ec-460d-ab5a-0330e003328e,MC,a3593a70-c17b-4d09-ad2e-4d5bdda70387
b0adf135-4f66-46da-b153-737b3ef93dc3,PayPal,c4aaf8ea-a6ff-4394-838f-a7d3b15496ea
bd95e2e7-d1e6-4c15-bb55-ad9b86bffd7d,VISA,6f1793d5-81bc-42a4-9cbd-e8c30177102c
4fb80f63-847f-4af2-a10c-dd974b590fda,PayPal,68ff4946-74c4-49eb-87cc-8f7666aa9d26
8ce5cb53-c26b-4faf-9b4b-554d99ce12b8,VISA,774798ec-1d6f-49bc-ab6d-24a7d4988e83
f4771376-41af-4e5b-810e-684dcd562955,VISA,da6da15a-1081-4f96-957e-e3938f2e3a08
284d356c-4c49-42dd-a4ad-606216bdf926,MC,0d16fc54-2281-4afe-a360-e29602401859
2fe89212-c94e-4af4-8a22-cda1b49aaab7,Discover,db1f86e0-c82c-4068-ae19-37897987f1c2
66876c6d-59fa-4237-96be-94f79e931c26,VISA,50c63784-5fed-4a1a-88d6-35f418d823f7
f19a21d8-5d8c-485c-8e5e-9695956482fb,VISA,55107a13-bc87-4004-bce3-e85e1fd85e4c
ba236e8b-ee62-4de6-a22c-3fb5513f8b88,Discover,30ef7030-f0b7-4824-9c74-221684973a94
9b0d49e4-8da8-4627-985e-6cbe97b1e1d2,AmEx,8ef06081-2fbe-493b-8117-e01ede992331
22cd9638-5a60-4d62-ac8a-143fca46fefb,MC,decb64d1-d675-492d-95ae-d829a98bc20a
43f6aaad-0d83-4bf6-b7cb-ca8df15dd66b,VISA,f60e61aa-c0e0-4de0-9f1f-1f586fb6f178
32fce107-6ad8-4399-a8e6-9ed8399f7f0f,Discover,e336522a-e9bb-46dd-ad77-9c390539eb4e
12edfb49-7473-49ee-9b1a-499c31bb6a7b,AmEx,424d4cf5-6f58-4a16-9ee1-0a307253366f
3238a3f2-1f9e-49a4-a88b-6bab46b2f17e,MC,8370c341-4a1e-421c-9b79-5cfa5d9eb2ca
8c23949b-b034-4924-8cc1-a5dc50c5ff82,VISA,2d0cacfa-282e-40c0-bec5-d56fc0877a45
d85da638-f389-45a8-ace7-64bce76b487d,VISA,de8f7ff6-0fe4-4e91-a2bc-8a0d0c4a6c52
02006b2f-72a4-4810-9d27-764f9abd1f20,VISA,445bb28c-1413-456a-9ad1-fa6d56f5593a
5e2cce9a-bf3c-4097-a946-b435a744b375,PayPal,449a136f-1715-4345-9b45-3e23e91f0eac
945e02ee-3580-42fb-baf4-fc05e421ca08,VISA,19b61f0f-2f41-4348-bf46-f684ba01cdcb
ac844d6e-a737-41de-b5ba-3707a873f452,AmEx,1a134ef3-a9e4-4238-b136-ca93533b2b08
47e9dfa5-44eb-4259-b0a1-98ff9de625c9,MC,9f7885cd-4678-4245-9bd9-b941849faf10
0b1af1df-2a2d-464a-a859-616dafc75545,VISA,3c495322-8220-4804-8169-09292c3944e8
942c5423-6e45-4512-89e2-60fc1a5dd8a6,MC,32438914-a6db-4f03-9162-b7beead3379e
06a6e8d5-69ab-4c51-b08f-b4a752cc3c47,PayPal,a5327562-49db-4ad8-afb0-8da96d3ac203
aa825425-9411-4e07-b4b4-2d85556ce561,MC,85612f4e-ffae-4080-ac1a-9a1d7036f347
e458d1a6-1afd-440b-9d5b-485369e8338c,MC,bd713795-2c90-4b1c-8689-a033f26c0d1b
dd882124-f538-40fb-9aa8-5482eaf1b96f,VISA,c8f2f4d7-f1e8-4dc9-90e4-3e412007e0c4
fcb45d37-e43d-49ea-9741-62467b2d1d9b,Discover,f4725220-ad98-489a-ace5-354845e562a4
4bb4ce1d-9b62-4775-8ce4-63927b22d907,VISA,41fb2589-21eb-4343-aa6b-734e198eabf3
5b04055f-b314-473d-aa56-4271e01566a3,VISA,92470ef4-9133-4db5-a5b3-d54ab0e55adb
8f6c94e8-a6a3-47ed-9c53-73272b98d76c,MC,aafd2344-ec60-422e-8626-7768f8fee0b6
de7dd78b-b33b-4b8d-94d6-3fd5ecee8555,MC,d6804841-ce51-4749-ae03-d4858803aee8
3c7c4323-f9ad-4edc-b67f-5d201fe0c568,PayPal,a209c409-88a9-498c-85b9-acf1f1768cf7
5be7fdee-3da1-468e-b50a-03f24d69844b,VISA,3b4cd0bb-d812-4520-8a81-bf32698529f5
c64c2b32-5bfd-4105-ab4f-1b9a06a3f69a,AmEx,0ba99d51-0137-4001-8587-f6b99c185adf
44452f62-da1a-4c61-a639-3b2345fa7460,MC,a9a235fa-7f4e-4d76-b450-17a577d779f6
07cbecba-c029-4fca-9fab-a5ad4b275373,PayPal,4bbb48a2-0544-419b-8661-cb0cd3ed12d6
2611c3c9-c51c-44f5-88ff-05db06e1e871,VISA,e8da8d02-3b2e-4c0d-9c26-58bd5793e376
e234254d-f9f6-4fda-93fd-cc8654377589,VISA,5d4177fe-3094-4ae9-9a61-a6125c555901
1c1fdf41-eb6d-45cb-a67b-a5122e7febdf,AmEx,f43938ab-fc7c-4004-9e70-4d2a243205c0
f2dd6acc-4849-4054-8611-92e48c318ce0,VISA,74d0265e-b05f-45de-90e5-f7b88c1c4037
262040b9-e950-44a2-8965-0cd5970b7032,AmEx,f2642f08-0341-4958-91c9-5c3b7ae34547
afa0069e-fae9-445b-b549-d392e1f12a19,VISA,1c44cc62-9961-4400-834d-d0f2a14b3c22
c17dfb1d-41e0-45c3-9b48-23677f0f92b6,MC,cd449cc4-98ab-479a-a25f-8bdc1767668d
5e12d839-15af-49ba-8d88-f69de233f95c,VISA,d93e59f4-78bf-47b7-bd91-40f8efa5100f
c0231403-07ab-485f-82ac-0af6d0ef138d,MC,4c5ad672-01be-4ec8-9934-7f940b73d5d9
65108677-b2e8-43a2-8787-edf73d99fc8c,VISA,151e7e62-c4f1-4168-8d2b-1b2fd98aa3f8
6ae46ea4-e8d1-42b4-987a-d67237a58b93,Discover,fe845c26-a537-42d4-b9aa-80932657bf5d
73d04ac7-8543-4a00-95d8-325df7a71773,VISA,d25477e7-9869-4a89-969a-dd0f3809c92a
e7e6b878-b7cc-4896-a020-d63b0a1a9ec7,MC,f3e1c7f3-b81c-4806-801c-9c26ba14ea05
72b19f66-dced-4370-8c8d-6d7972fce0bb,MC,891e4353-88a0-4b4a-9cbf-0cca35713fd4
b054a39e-6ef6-4271-aa62-9935e959040c,VISA,ec7f85c0-ab53-437d-9d08-abaa7216404c
5530b185-a8a1-4742-b85c-eee7a761435c,PayPal,21a8c723-5cca-4e02-8800-f34a436291fb
74d5afd0-261f-4701-90ff-fda6bc604516,MC,8f441771-ac15-4234-bae0-5db9a3660615
b8857176-0aa9-4f09-bf07-5b7fe74f8b73,MC,8336e86d-9375-4b4c-874c-b8c67e63282e
9b9342ca-b44d-4d52-a673-d456ea885c23,VISA,109c5504-23e9-4290-93df-bcf1a7c5675d
819dc9d9-ee55-4bb4-a8d4-7dc1cae69072,VISA,0f720a04-5f75-4474-be37-0c4804702d4c
a8e03a5d-2ee7-45f7-9795-ec5e5b5f4d97,MC,67cadbf2-afa4-4e47-91ff-cdbb2fbf82f7
a4fb7bef-d677-4681-81e1-ed24ec9dcf12,MC,dd385c66-bf0a-422a-874d-25fafdc8acf9
3781705b-b409-4409-b821-31c20dfaf09d,VISA,ea1715bf-f0ba-466f-bef2-c4524079c9db
c198b59e-29a3-4d22-ba08-602cc52656bb,Discover,6db45775-eacb-4aff-941d-f686a9095a3c
432233c6-de64-4562-8129-e152abe362fb,AmEx,4b5ee1d2-7892-4254-80ff-70219a57ce12
d425396b-3d4d-4069-91a3-8b67c98570d3,AmEx,62741dc0-458b-4217-9e8f-a3c987a38783
8efceb71-9b18-4980-a3ee-bcb7cc9d2958,VISA,84df8c11-3a31-4d1a-b200-ef6d025e9fa0
4bbed147-7913-4cd5-8cc6-da1067a607c4,VISA,7d274561-2b0e-4565-8b92-d366d79fdd91
ba882dde-5c69-4f06-8153-d00f3c5b70ab,PayPal,62a91738-3b06-423a-ad86-6ca671215f6b
7a89670a-45d0-4db4-a8a1-afba4c997828,Discover,687559c9-1ee9-49a1-8005-010c9de5e23b
d515bebc-b824-4b96-ab94-bacfd9f54837,VISA,660891d1-a775-456e-bd9b-ffb0739823f6
dd6d2c95-7eb9-43bf-a096-193b60a0c1fc,Discover,f9dd3552-7b46-4b3b-afc2-25f0440fbcb7
f965def3-f30b-49ae-b619-1b5d9ebd3a08,AmEx,866b7fdd-0cd0-41eb-809e-5079a3b55ec7
f36585d6-f19f-41e2-984d-7f40a3bceb86,Discover,ff431991-0448-4deb-9adb-8ab29c8a14c6
f481cbaa-12f1-4356-8907-7cef3516dfa1,Discover,1222bb6a-1fd5-4ce9-b431-b9b040ef315d
7535ab66-fa93-408d-997a-ae140ff27941,AmEx,7d0050e6-f0be-4e8b-b4b4-9719d6b7aabb
d465e7d8-a1f8-4b7d-9379-4c533cb96915,MC,0994ca56-3d71-4dbf-b451-1af43ae0b21a
28bca724-304f-4108-8e74-fd1315655fed,AmEx,4b5e0aa3-a5b8-41f8-90e0-132282e5caea
f7831b04-6e56-48f8-9cd0-f75d7183f12c,MC,c90b0034-3b66-471f-b928-016fbecc56e8
b2939898-ed03-49ca-ac0f-f62cfcffd58c,VISA,25e18823-941c-4115-8e4e-9ca086c0acf0
8bf5ac63-ceeb-4ffb-965d-9fa1689cf51c,MC,735b5b08-6a97-4a69-abd3-fc3f48db31d7
8bcb1e66-7ddd-408a-b8bf-cb3c0616257d,VISA,26d53f59-c442-4b4f-a917-a27fdb39c6da
67443687-257d-4450-b8a1-dc323b03e49a,VISA,f095cb50-c99b-4b09-b426-1265280a81c9
d337c1d3-0ab8-4f3e-aa8d-46ebd20ebcca,MC,27b73a56-355f-4686-930c-5795ad4baab4
88ab681e-697a-4f7c-95f3-82dc46513001,VISA,2ed1570f-4b10-4c05-95c7-90e5599366a0
ec4dc98e-ebbe-4bab-affe-5e0da474e846,VISA,485db658-c376-46d8-b3ce-b62cab622cda
73b326ec-55a0-4c05-a607-0358c2a33703,AmEx,3ef9f299-e14d-4886-b2eb-55f1689d324b
c59e1307-477f-4739-8df7-f50c66a530cc,Discover,8cce5075-c019-4a39-b3be-beea3de07ffe
66e19a78-e75d-451e-beb0-61d059cd3acd,VISA,1441cb7a-4bb2-44ce-b55b-6e9723b410d9
7772f1d0-8728-468b-aefa-0cd433eb9dba,AmEx,2d0e084f-f664-4993-ae72-65ccc4707506
908ccb02-c313-41b6-9fae-5f3243b06a2e,AmEx,2ba5d03e-5754-45aa-8005-16a2af5a342c
707cc2da-cfcf-4b5c-81c4-7d7637e51b2c,MC,c9bd2ed3-c93a-4bee-9195-12f30aaeb42b
e7e86695-ab43-430d-b0cf-41f844f8bebc,MC,f4ad54fc-073e-4d8c-ac78-f480cdcd7466
1b221a46-bc19-443a-bf75-b002a04ab143,Discover,a590c515-5c79-4596-b549-2f854533937a
36442c4a-b7a4-412d-a53a-f69575db81d9,AmEx,8fa5ad5a-2ef0-4118-92e4-743c82734e72
1ce706ba-d26d-45d7-a4c4-048a47d428ca,Discover,5773a1a9-0555-4a03-8b1a-1846ac9b58cf
b19e89c1-3c34-4ce8-99e2-f3ec50fc7a65,Discover,dffbb652-f07e-4ed4-a4bd-0cd0c78a5f29
e0bbdc51-9960-43a2-aada-d5abda4a6724,AmEx,97eff791-17e4-40f1-bf49-71cfd7589a2d
472dedd7-9e14-437b-95f4-53907fa1ec38,Discover,9c003199-4647-4e26-b27a-571ebc0fc0f8
aa5f5482-580c-474c-a241-524c0e6f4c03,AmEx,76828223-ebe2-44b0-a91e-fb812a3b5f32
99314439-97fe-4910-bee9-38f607e10f59,MC,daa11816-fc21-4696-b4da-b4ce7c1a7395
2a9a2c2d-a75c-4f1b-bfd6-983ae02dd914,VISA,ffe0b3f5-dcd2-4dab-ad12-9f491103719f
b2c488fe-c2d2-41c0-90ac-56955e796587,VISA,20a05aca-5b28-4564-97cc-bfcd189ab16d
b56f2eff-0a0c-4697-8c6c-064a53e592c1,VISA,aeb7dbeb-adde-40da-a49e-2f91f27e1a6c
156ac935-b468-4a64-ba2d-c9049aef485f,Discover,3a6ca66d-fa2b-4e6b-92cc-a175077f62ac
0effc1a8-276b-42b2-a27a-649fba69cf67,Discover,063ed72e-99a4-4292-af41-f2e82b72a93b
cced046e-36cb-410b-838d-b4861957d2b8,PayPal,480d09e2-95c8-4657-8f03-d300be0e7d33
47702155-b2ef-4972-a7c6-24d98dd36dc1,VISA,edca51e4-c53c-4598-821a-15169d967744
c9d44955-8ec8-4215-8ef6-e006b543fd13,AmEx,6371cfc5-1e67-4fe1-8bb2-ef133d1126bc
ffbaa597-b457-4898-a5c2-2619928ee814,Discover,fa7a0a84-5f2f-483e-933f-476760d3101a
08ff28ff-9a17-4608-8a10-8abc29b1a04f,MC,5123e86d-aa7c-4fb2-88ec-510bd94d5e17
6bc1bc6f-f92d-4dde-acb5-d03235c02866,MC,76a562d6-3278-4ba1-bee7-568071de8695
4070e809-dc85-48aa-a8fa-4347d09e686a,VISA,4f9a1c07-2c91-4d3e-84e6-973d45070c48
1844defd-1201-4350-b109-08840e0cc157,PayPal,3783beaf-48ce-4088-8a2c-243bf40cae17
2d03eb2e-6ae5-4cf5-a8c2-b67bd5867ee2,PayPal,3545513d-fe3c-418e-a825-8e6520726337
bf6ff001-4d95-4623-9655-66c1a37d20e8,AmEx,a26234e7-cd41-45fd-b556-b6be1463995c
9ab3e2ff-e831-48f4-9432-ccdd89bb551f,VISA,f0cdef1a-1c7c-4282-bd4b-5a218315fd56
19cad07f-d836-4a41-84bc-0f2dc581cc5b,MC,9874e595-a552-462a-8a6f-2a33116ab857
e6d50c0c-fca8-48f1-adb2-a4ce8142ca63,VISA,8d77bf8a-2d06-428d-af3e-22a577135683
e8633978-4d11-4a35-a05c-e24ac9425622,VISA,bab5dc59-24fb-496d-9f83-d01a0900e949
4ae2d4ea-0f72-42b7-a710-de4d5f15d7a0,VISA,db1706ed-f2b5-4120-93f1-b79e82c8ab9c
49f1ae15-de50-4dff-910c-3527654b0448,VISA,4fcbb76c-479b-41b7-a62a-f8e18a981803
1c8e5b74-a059-4ad8-b323-7f4a22fd5e6d,VISA,86743802-3885-485e-b205-998c46af0185
c0136464-25c1-433d-9b6a-a051eb9dc7cd,PayPal,7067300b-1954-4928-a6f9-b8a530f64af9
52d05e65-3324-43a2-8751-c6c6d7ae6f00,VISA,59793886-fe60-4d33-be58-2561245d69f5
74cd9b19-6c24-4921-861f-318f51944f2f,MC,23aad0bf-acd7-4e1f-a1e9-e23b9dec0c9b
6039e551-178e-4891-bc68-7a9782bc4953,Discover,c6dd6f67-f264-4be7-a24f-528c4a0a63fb
91325c80-72b8-42a1-acd5-b6cb701714ed,VISA,35a8e96d-050b-4d99-839f-1b1cec02717e
36baddb9-ae6f-46bc-8789-b08b842a3ef4,Discover,8f04144e-0ce3-425d-a83f-f7657ce393f2
9d5458fb-ee52-464b-86f1-3cbc4c6a8a64,VISA,93c18c8c-6c99-4cd8-b755-c53015221ec7
70991b60-6ee6-4d1a-a52e-5ffed78d5ebf,AmEx,e084adaa-c154-46d0-a09d-8c371eee7584
4f20baf9-8d14-44b5-a9f9-9c351fbcccad,MC,56647f9c-d62a-4d3f-97d5-aa39541ee04b
0f500044-31fb-4833-b0ca-cf183643091d,Discover,5f7c1167-d64d-40f7-af61-9d4187cc2727
93f74f30-3214-40b5-a9e6-04ce5b6a35d5,VISA,46998f09-3a92-4c68-b80a-f358284557fc
20774414-dfef-4d13-ac95-8ea62506f1e2,MC,d4a9a8e3-aacb-4c95-bfb7-0da49e232872
1a53ba97-1f36-4f2c-b41c-fd3c62228ed6,Discover,89e354da-fa96-4511-a7a1-24a683eea8d5
29a846c6-ba69-42ae-a564-0c898cbe31ce,MC,bb03c423-599b-49aa-b4b0-4f523065287b
da32275b-d209-4569-a92c-78a94281a05b,VISA,daf371fb-dd59-413b-ba12-aae363917bf1
4f1c682b-a798-4609-976d-02b4ab81759f,MC,dea71c46-db89-46a7-b60f-59d49783e579
4e35d470-5fc8-46a9-84e0-6dbdc9924e6f,VISA,c47e7b8e-dd16-450d-b958-465b399019b0
d51f5848-59ac-4f84-8ba9-d9d6607b9dfa,MC,22aa042a-0dd7-4249-9174-709cf70da87d
85a9b29e-02ad-4dd8-948e-591235bb5cdc,VISA,760701e3-de45-4aea-b701-ff75134aa0f5
03f5e0d7-719b-4882-a409-03767f9419b6,Discover,a2f4e848-7e5f-4223-92a4-fcab4c48919b
e14a9da8-e476-444b-b5aa-e90de66f2ea8,MC,8de400de-5bb8-4345-950c-56bcff06aded
0bf92dcd-55df-4909-9d3c-74c26bbb6d78,Discover,29b5dce8-0f81-4d1b-a6fc-a5a1947bbd05
72e0cb9f-c02b-45ff-a7ee-544f849fb1c4,MC,3e81e7e3-85be-4b43-ae0a-ddfc1ac5b023
531cfc10-5746-4b9a-8323-b93c52606ff1,MC,dc066c9c-11ab-45f1-ad1c-b6199b1f608d
e9320491-2a9d-4068-8043-22530a2afdca,PayPal,4d71181a-2384-48be-87d6-85f7e8ad9559
49ce7b54-3df7-419a-acf8-ee01971b36f9,VISA,34a89c48-c5b7-40cb-b992-c28e21c6eefe
3a333b50-5376-49af-8a12-46191ffb7952,PayPal,9f7f7aa1-410d-4a1f-b736-48d33e5e4953
fa66bb36-e005-4ed8-8e1f-772a234ddb1d,Discover,9f07576c-d902-430d-a3e9-6928c3451b7d
b480906f-ed20-4423-a6b8-4b56ab8792b2,VISA,deb97beb-399e-44ed-bbdc-8e597d0f4a0e
9c6facf8-9e1a-42d9-91cb-8366f4dd45c0,VISA,2926c946-e77c-44e3-bbb2-b7a7b9a18434
9327c37e-86ce-4f7e-8799-782075d7cd2e,MC,34f7e1b8-8e35-450f-9544-284653fc9faf
19f4d178-4c57-41c2-9957-747f887a1e6c,VISA,cef97180-7dee-4ab3-ab9b-f993f4811233
1d2097bf-807f-4e71-b0c7-bdd8c0ea7d47,VISA,578b1dce-7770-453f-bbfe-8ec9ab9037dd
5cda7511-8cf1-4fdc-86d6-0ae434f497ee,PayPal,bca503a4-58ae-4ff4-8f07-e33ab319ed17
97a62036-c6e5-4eee-aa8f-ba739a70e9f6,VISA,4d18ed64-5ba8-4050-8321-4027fb7f9de2
5381a446-aca6-40b4-992f-7c6ea6e06f04,AmEx,6b44e885-79e3-4dbb-afa9-d6f088d06d57
d70657c8-087b-4068-8c5a-34e1e8530ffa,VISA,2c86c5d9-8230-433d-a23a-56c035f89163
2fe1be38-087e-4001-91e2-a6094e908873,MC,b12c2b88-b591-415a-a972-255aead11e66
c1b764cc-c612-4993-ad38-0219249ac539,AmEx,c7064918-4ae7-45e3-a299-41670ab4e74e
7f7bfbdc-2656-4304-a55f-50742cdbe006,VISA,79aa5233-8676-4987-92b8-f253db707efe
556e375f-5898-4acb-81cd-40156b97ab85,VISA,08a18ec8-bc1b-453d-a5a8-86126e81367a
4229b2d3-c207-4ea0-85e5-8a26102b08b5,PayPal,c3e8e17a-ae0a-4d74-9833-34a1c8ff74e6
ca9d1063-975f-4338-8a72-b9c60839d69e,MC,e4a61482-3356-44b4-b201-88219c505364
c37e2c24-c5e7-4f76-b542-16cb9e531edf,PayPal,cbcc3229-9cee-4c1c-b7a5-247270ec7de5
05155827-4d6e-4388-a92a-0a13522050df,AmEx,1ec7e575-7dcc-4687-add4-75458ae7787b
39084a06-be3b-4f1a-986b-84a6317e4c50,Discover,00956a91-3032-47c8-96af-5b4745b67173
513f8d04-2193-4759-a284-08677f3f0eae,MC,7d1ccd7a-b4f9-4820-a507-7ffb31f9a987
9fad28b2-01b2-4cc7-9cb1-a481f978dde2,MC,cab8ada0-808f-4a0a-9eb0-8b58b0362d7e
62e279fe-0982-42ad-ba71-bddbd845146c,MC,ed5d9a99-7ba8-42ec-a8d2-9ff4c8da452c
bbfabd97-cadf-4c1b-94a3-b2bb50243fe1,MC,34c8e793-69a5-410c-b391-f17a79d53edb
26c843f1-59e1-40d1-8b9f-1628d648aaeb,AmEx,87dc5c53-ffd6-4f42-95a8-65859b1cf5a2
ab10c6f7-1c95-4ddb-b48c-f63859c47ce7,AmEx,a3a99fd4-387d-4239-98b5-b1850430c761
fc34daa5-f1da-4bdb-b4ff-b944787b27d6,VISA,1c956b7c-fd64-420e-a31e-49207a0f9128
ef2f2ca0-0175-4867-a221-a82f848b156b,PayPal,7c9d6e97-8466-4836-942a-62d38787c861
e141fcc1-bdd0-45a0-a6bb-b993724fd691,Discover,c365db6f-62c5-48cc-9173-e74214f6736a
d9ae5f60-0e82-4698-8935-cf75a62b8efa,VISA,ea82b61a-46a1-4ed4-9d5e-878180f0608f
ef0894f1-3182-49f1-b4e5-b0841a23dcd9,MC,59d24ecb-3be6-48cf-ba16-53af3ac17fbf
6b5ffbcc-1aa3-4663-9e02-86e28e9a9f11,VISA,ca20938b-ac3f-41aa-96a8-c80478d92ba5
17a732e3-812e-4e35-8f88-5eac72df0563,VISA,fe14423e-c357-4d77-86ff-124df8a63f09
fde617e3-59dc-4afa-addf-75d7d4eccb23,MC,900b8811-e41c-4f67-96b6-8a6b62875db2
2f9439cc-483c-451a-bd8b-c7a47b8481a8,VISA,6aad3de6-405c-4452-b08a-4e11297950ea
e81122d3-9666-4b34-ad22-f1f1bb926421,VISA,9c91dd01-1806-498e-95bc-4e277351c298
13140f82-1e70-467c-92fa-a7f8065d07c6,MC,84516196-4f06-4ab6-b80f-5c3ecc90a4a1
91e02dc7-9227-4621-ad3a-2e4f93aed298,PayPal,ce22d9fc-6a64-45c3-af41-ca6bb6dac007
bdb0e14d-05f5-40c2-b6f7-692061d29722,MC,c5c2702d-4a26-49c6-acb1-a7d74ce92b40
ab3d7151-7604-4e29-9bd0-b9cf268fb73c,MC,1b8f4804-0b14-414e-8c59-7199bab6a7fc
8564746b-820d-443c-82c5-090a896bf1ad,MC,480ff16a-e8fa-490f-9d18-67610112e2bc
c29e0f49-60fb-4668-8ea4-b997e87f126b,VISA,41853fd7-1fda-4044-8057-ef3463cd363b
c9b66219-c164-4384-8070-a62bbb15e32d,MC,a37c1ef2-5912-4b73-984b-7a90eddf2256
af197f6c-4e54-4e33-886f-f7d5ce747b59,VISA,7d0f6d78-e322-438d-b770-967bce652483
5785213a-4b55-4de7-bf87-009b40089079,VISA,4054ccb4-ad71-437a-975b-2992040c30c8
abee40f3-feb3-4871-aec5-997fb7674290,VISA,2add4d64-bc57-4ddc-99a6-a2e8d6263bc9
850f44be-99b3-4b29-abb5-15521f04b40e,VISA,270c5932-aa97-4ffb-a891-9d3b08b13ac8
0b2d9600-2b07-4efe-803f-8c2b1121c635,MC,20dee573-0667-4156-83eb-23af7e65e7c2
5ae1b0e9-6e21-4574-b047-9ee1fb9fd9ec,VISA,0bbfc591-c67b-4da1-8ea5-c5fe64e14297
5933750d-d1df-4c8d-98df-0478b8fb35bd,PayPal,c5a1b4cf-0aff-4092-a127-60c7b9f5efde
51e00a57-fab9-456b-8eab-fb7de8e78374,VISA,4e9db77d-1cad-45e9-9988-c05e01b37ef1
f6ebc04b-7c82-48e5-8200-4b0f139670bd,Discover,a96eb922-61c0-44d9-b13c-157af49c1be3
a26e45c3-5b48-4508-a6ff-beaea768df80,VISA,ae987817-d9dc-48e0-843a-7977cc5bcb5e
d4db0b48-069c-4c8e-af79-e7305efe05f2,VISA,ad79b791-8bf0-49c7-98a2-17486fe5b29c
854570d9-0580-4b81-9a6e-23bc3a68d75d,VISA,f5c53bb8-152d-414f-ac83-2d03718dc051
90d1bf37-7b8b-4316-8bd4-9ec19216e73b,VISA,7c16b662-9997-4200-a5f8-5bdea8ae882b
893822a4-e8f0-4c3c-ab30-aa86fb860183,Discover,e0450772-69ac-4cea-87d0-4e7e815f1b69
6641f46b-02aa-4df8-8f27-6674632b8c54,Discover,4a27bbb2-19d6-4bba-8b8d-29c8cba59ff1
710876bd-cc3b-4a96-bd79-58fe96ff5da6,MC,69a9c401-af69-4b30-81c0-e81c56ef101b
043f059c-6b1d-4cd5-af5c-72cd19cfe1ae,PayPal,77acea09-0787-4b79-81f6-363a05681a1a
12fb2cbc-fc06-4e07-b485-bd88f06948e2,PayPal,c020e78a-1ee4-4ea0-a225-e45deb19352f
8c749cdd-baca-423c-8a83-36cc75cedbcb,PayPal,d41ae557-e320-4ca8-bcb7-fb225af47636
2e5d3cc6-960b-49d5-8f16-11952d5108a1,Discover,c4bad6f2-dd2d-44de-89d2-020efec49cc5
939e090c-9627-41df-b304-e07b290fc0e5,MC,30963304-b1a1-404e-8faf-fbfae708bb1a
f9e15c59-a12d-43e6-8ec4-ef2c56285720,MC,53afaa34-f825-448c-8a24-105a2017d015
f07a7adc-2b72-4fcc-93e9-87c09717070b,VISA,ae9e75a4-c602-4103-b742-94912896d83b
8fe9a757-c9ab-4f30-8ab9-53903b864587,VISA,427d2477-b7e5-4b04-9bcf-69a70ce5c3df
98d2f3fb-12f6-4253-992b-c7562edef956,VISA,b827017f-13fd-4a08-8510-11d464f904b5
14dbcd7b-7571-4526-8e9c-d9ace7358afe,VISA,2b6d89cd-7069-4193-8404-a01b267030e5
c057853d-d388-4f3d-954d-52f934049f29,VISA,16c740d2-9181-4fd0-8d06-4390712ac210
56d88098-e57f-4ea8-a37e-a95d252319df,VISA,e19fc8e9-0167-480f-b6c7-7bf03b805d4a
2db8d131-4973-4444-b227-49da0dec221e,VISA,cf8e5062-67e1-49ce-948e-601bed0b1872
bb070df7-6f15-4b2b-9f3d-f9cadf5a3e5e,PayPal,82f3317a-5876-4d79-949c-0febaa9a3d8b
ed37a808-861b-407b-bbf4-20b1186a9453,MC,adb2ced8-8050-4881-8d51-ba9c4464d944
4e419e70-e026-4cf7-b5c1-6d595feead48,VISA,4a4f9785-2ef8-4184-92ba-102936cb5f27
9b1f5bf7-b7fd-44d4-9bbf-7ac9068e18ec,AmEx,b8adde4a-ecd6-44d2-bf49-ee954c2b9a42
bcb46244-370b-4e57-aa2b-98e2a008603c,AmEx,72b21c81-a0c5-47cc-a958-45bd26c18a30
51ec8110-f3ea-4c6b-b2d2-7e6576b713da,VISA,0ffd38a6-4f63-4e79-9280-772979bfce3e
61af394d-1bf5-4b94-859e-46223d7c5bb2,AmEx,ebb4a459-d1de-4307-b76a-6cc48dd1e37e
34925969-98fe-488f-985f-e938c12e60ad,VISA,f91b8c93-4aa2-48bd-8054-7c0237d04be1
e8b3738d-7433-40ec-bd17-867953ae22fd,PayPal,4045562a-88cb-4443-98fa-17dfe9b8e35c
339e9d90-9239-4acc-8205-4071cccacc74,MC,d2dc3bb6-6b6f-4e04-8935-0ae823b0183a
6f80212f-4896-4346-9b23-bc1bc2fddf51,MC,88e966e7-6855-40fb-9151-3d15805f0ae8
4fc84716-7d13-44c8-abd1-c28662f82e4c,AmEx,7f76fb7d-052c-4f60-8e77-5a951ff64cb6
514c4e75-004d-4506-bb06-1efd4c2164d8,MC,858d7340-10bb-4ae4-86f7-d049a1cdf4b9
914c8b3d-521e-4013-89bc-dd7dcd2ba8ac,VISA,0038c9f9-6144-4d08-a014-b16878c10c10
da0005ca-5bc2-4372-abdb-ce7e1d92b44f,VISA,3b7864fe-d42c-4136-9a89-ccde50b8b52e
e6ae0b14-7a01-4573-8195-a19d79c4aa4e,PayPal,ae522540-a019-42d4-8c1f-a49a416301e9
b40530b9-baed-46de-b071-d127f9a14c7f,AmEx,dbaf4016-3dee-4ee3-9b5c-c5cba0c94ff8
e71ec6bf-f70a-486f-884e-8f68825431f8,MC,9b4d3270-d911-4f2e-9077-08e0f27d83e3
6b4317c7-1e9d-4ead-938b-818f38a27108,MC,d813eaa5-7144-4625-b539-833e2f3e70bb
68c7a2d3-a9bd-4652-bd31-4b13176ad987,Discover,afb571bd-4ed4-4cc9-8664-4a3819ea92ec
f2c85fc6-e681-4373-ad4a-5926e685b7fb,Discover,5aefedeb-c51b-4eb8-a0ff-06593f1e84f2
e3209396-6f2f-4c83-a6f3-3972f5e8d47b,VISA,01ff5f92-6482-46c0-beb0-194faf445f8e
758bdd6b-07cc-4689-819a-5089e4957a1f,VISA,42006c79-71a4-45a1-98d4-adfc2f487010
655032b5-68bd-4d92-878e-ccdf436e363f,MC,ff305b01-8edf-4011-88e1-e088a4dd3a4f
70995234-e5d7-47e2-91db-1ec4278ecf4d,MC,5c88d286-4b5c-4e11-b60a-f48806440115
e38e34c2-eeba-4d6a-87cc-6ffdb88e74da,VISA,baa6dda3-34fa-4809-86c9-aa1288912f45
95d921f2-ef0b-4f69-87f5-0cbda8c239d2,AmEx,72e1b730-601b-4461-b81d-1a20f5371c38
a34a1809-3a77-49f5-beca-e1a54a85ce41,VISA,18f36b25-9f95-4cfd-87c9-819222e0fe43
34686124-7e16-4769-b794-a8f38c0d492c,MC,4b991569-5457-4c00-95a4-869e94ffd23a
0b1fdfba-50e7-4986-9cca-9ae9d4e4c154,MC,ce483fe6-869e-43d1-8c83-59d342b141c5
f9f7d153-392c-4547-ba0a-5f769e89eeaa,VISA,8630733e-e98e-4646-bd3f-99957615a3c3
0fcf896b-9ca6-45e1-8c85-58009c857821,MC,b66c178e-c704-4f70-ad09-20c11be63fbc
7839360a-821b-4c37-accc-9c12d48b95dc,VISA,cb8b184c-b772-490a-86f9-0684a28ab3c1
cde55adc-6c7a-4ae8-b79b-85aa254b37c3,MC,a817c6ae-9580-4ed6-9f6b-c072c5156092
a6128d81-b29c-40eb-862c-d2c9b449af77,PayPal,e34ae3d3-cf20-40e9-9bb4-4ce37cf3a0ae
423d42a4-f595-4276-88e7-c830c5d16e52,MC,6ea9f349-6cdd-4bc4-80ef-2d24f7b942a7
7cf077ad-b6a4-4041-8f65-2766cfd3c963,MC,6d3b434d-d8eb-4966-9c0c-27cefcdd0dba
34881d78-208f-442c-9e90-74cdba91199f,PayPal,c0adaf0a-05f7-4418-8e06-8e347f925deb
5dd1aa6c-04b0-4283-b7b7-c235fcbf91ec,Discover,5c6594d4-7c8d-4e14-90d5-060c2c5dc86a
b091cc2a-7542-47a9-9654-b9e2d512a03f,PayPal,ee053ae6-360a-4352-9383-aed6dfca7a17
36a2b019-7ca1-427e-9fd4-5ad55e8c0d01,Discover,05a956d0-09e4-4c02-9986-53d5de3c0320
8dd88635-031c-4b02-8de7-8c1c1c017ccb,MC,8889f82d-7852-409b-9f7b-7bd55d1d422e
c7536955-18e1-4439-8d99-cf8b6bb6d7f1,PayPal,01e96cd5-a51d-4e65-b9b4-e05fb1c8fdd7
6cd9a309-cce1-4598-9899-763a4127d91b,VISA,be8b13a1-08ff-4e71-8b47-ba3a04afa14e
b8418c31-dbbd-4d1e-9c86-5afd2ce07eee,VISA,96afffe9-726a-4c02-be47-65547315c331
b870674f-19e6-4840-81da-446c3668a23b,VISA,cea61da0-8828-4aa0-8906-4b28682629de
9bcb355f-91f8-4038-9002-246d46c975a6,VISA,dfba2df1-3ac7-4ff3-977e-5e500dbd94c1
7c7aa60c-45cd-4683-9f97-641c2e326542,AmEx,b3ac7ca4-2efd-4ec0-84f9-0cd1af7d0829
3c7f6612-6786-4a08-8050-7f58705c670f,AmEx,1cdbe340-fd5e-44d9-88b0-bd6cbbe435d4
ece20d9f-e421-4df1-a3c3-6a00d3e6c346,PayPal,a3dfb632-e1d4-4c8b-931e-7a6094afd6f3
a523ee2d-b375-4309-a415-a9da5935064e,AmEx,f1a6c0ad-77e3-487a-9363-a9808087ea32
440195ee-24be-4841-a0b8-c18c692c3d7e,AmEx,d0fa9c00-b653-4045-9bca-be4af99d20b8
cfde93b4-7758-419e-94d3-9f6e67fe4bb0,MC,1a88ee2a-d69a-4a7e-938b-b126c498433d
5e55a52c-0c54-4035-886d-9e5910900a4a,MC,e490ae9e-dd91-45ae-bebf-af8acfdb7716
9bf2a7d5-a8f5-46ce-b853-df613f14ff84,MC,9fb9c853-388e-4082-b693-ecd91ecfe0d8
65acb669-bdff-4af6-9864-8be6ebd4d6f5,PayPal,6822a8fd-12d2-4440-9a95-f49c9c34b2b2
c2b6a6c7-8ac6-48c7-aec4-9c060bdc340e,VISA,3d7d83e9-d464-48d9-88d3-88622251f88c
1686de42-391b-4ed5-b731-dd94a76f2836,Discover,aecf502f-f19a-4c0e-a55a-16519f8d7e04
fa38210a-7d52-4aad-828c-903b44f1a130,MC,505e5449-74f8-403a-80d7-88f3cccc6c5c
79f79cb2-2058-4264-bd0c-09c3f9155337,MC,49f55c94-2197-4c46-8248-2927b4dce4f8
f36d5ab8-9152-4994-8216-fe98816456e0,MC,c5e07ca6-43e4-441e-b567-0bae14e302af
b3495aff-eba8-47e9-bd37-04a286ee30c2,VISA,f85a268d-6bd5-471f-95f6-690a36dd4bb5
6e16e3ef-52cf-498e-8e53-257e77232a06,PayPal,cdf4e0b0-de85-48c9-b472-b18cf794ddeb
55a4a2c9-900d-4f51-be0f-1ba58851aca0,VISA,ea368f93-086c-4b0c-b560-a60685acce53
bd63b775-2fe1-48c8-8a46-cc70f0a7ddae,VISA,f2dafb2e-7608-4d58-8ea6-acbb727f739d
6427e6f4-180e-462d-9d16-cb69687e6ae2,MC,3a6273bc-a08f-4872-a28e-af674c21baf9
96b97e38-f782-4daa-964c-62acf236b46c,AmEx,a8179824-5cb7-4f3d-9fdb-ed47cb6e2192
1d845b41-83d5-42e4-b883-1b21e869dc6d,AmEx,eaa6e19b-9965-4ffa-b2d7-986cd27ccbb0
6202a783-2f7b-4f7c-8535-9e0c5cb89871,VISA,2876a2e3-b54a-4bde-bffd-a02c4366acb5
3d9f64a0-002e-4f32-b8f7-a6a2864432e1,VISA,37a2235b-982d-432b-b666-a1bfc4036bcb
c5ca6dc1-375c-497b-b5cf-7bb8cc90ef26,Discover,cd55cbe8-0bd8-468b-8ab4-577804bf90b8
6c0a96a7-56b4-4dd0-b007-648bfb4a029e,MC,ca17c68e-3034-47b8-b212-1f0a2326ca2a
54578d93-cd4b-4c91-a245-4cacc65ae88e,MC,2ababa37-3ad5-4e5c-9803-31a20e205533
55d0d433-b279-4b62-a904-d8d800b7c67f,MC,a06a3732-694a-45e0-a800-2373f4721ecf
158e308c-5651-4436-8f7a-a6ef72fb28a5,MC,1d21683b-c00c-4d3e-9b51-0ac5a8c42ea6
9cbcf868-4ef2-4dac-98d6-a8c838d90f6a,MC,0d2924b1-dcbf-4a1e-81d2-08c58d27f51f
e6fcbaae-4112-4c94-875e-39ff94ea47e2,MC,af6cdbc9-bed9-4368-8d55-e32bf2a2c5de
1e10afe9-b4c2-4dc6-8a3a-77b693771b4e,MC,4d8e8ecb-53a5-4d97-aa10-ea517f915643
39902ff0-e7c8-4096-9c55-21686782a6d5,MC,5a55c763-3eaf-4c34-abfc-0901cfb988f2
eae3f48b-32d6-446e-a7d9-fa410bb1ed67,AmEx,fb8293a0-12c8-443a-b7b4-2b9b66b0972e
ab42b538-67f4-42a7-bbf8-948f4d51b538,PayPal,d1c6f924-0a4b-433d-b2de-d8b2d593a662
4ebc76a7-b040-4f76-b845-0ec812873e11,VISA,1fbaf0e1-97ae-4e66-9bfe-679d055cbc37
b95d3ad6-4f1d-4a5c-922d-ad4ef9fbef16,VISA,9f8c8e52-6c25-4908-a6a5-788c84a7c00e
ea346f64-a54b-47ac-b1e9-004189aa5e5c,AmEx,12a8cdd8-e2e8-4e4f-8c78-9daf28464d7c
965a90ef-075d-435c-bc66-18b03f696067,MC,b771dd72-eeee-4687-b8a0-e9e3ed192514
78849b9f-ae49-4160-9709-83695d2655b7,MC,c47e01d6-da89-48cb-bf63-9de44c404f8b
b2eb6482-4c97-4a9a-9a2a-52b63ff5f6c2,VISA,2f436f01-0ace-47a5-8255-5a6511b6db1f
e611b924-52a4-4e73-b011-ec3297d9de8e,VISA,3bff47e8-99fc-4ba4-a0b1-b2adaa9db4ec
d2e85f6d-f987-4f4b-8884-699175cc3638,Discover,3532681e-9706-4219-a5f0-210b431871cc
97049d84-86de-4a77-8eb4-1350b17eb9c5,VISA,c0c4a0a7-2e80-4f8f-98dc-c7279917feb4
10c39b8d-c6e4-4736-bb8b-84d79fca7a7b,PayPal,ddea3868-325b-4adc-a8a6-e0155ef6091f
66a8dba8-31da-4800-ad78-a646bf20474a,AmEx,6f2f3bfc-1cef-45c3-9238-602c86068200
f400f4be-a512-4347-8509-8ffb177f40e7,VISA,270c053b-9562-43d3-85ab-416d64725513
b7f34795-93b9-40c5-8d96-0170ee86d596,MC,39ef66e0-42f3-4fac-a3b6-47d358580671
643fc99e-5f59-46ab-9aac-7b52a4b21db5,PayPal,26bae947-1283-4746-a5cf-e978a18f8be8
23cd8f53-92e6-4813-bd45-9f8ab763b38d,VISA,64ae3b16-80d4-4652-8670-1f2a1440694e
ac084b6f-9145-430e-9549-3d236c804a82,VISA,9b07ab1c-493e-44c5-844f-c6db6cf8f5ad
5bfc9e90-b6f5-4b1a-b7ba-08a8a8316656,PayPal,14c3974b-b03e-4318-8fc2-7545f9e8af3b
cfd3fc07-17a2-4dee-a611-b0ecb08af5b4,AmEx,f8c51526-0403-4de6-839d-95ee2c96a9fa
afb3edff-21d4-4fd2-ad05-f1ae88e368c4,AmEx,70bf6c71-c1dd-4882-8d03-f46be98ee3c6
3509c98f-729c-4157-828e-c5be6e3093ce,MC,2d5b9aef-c207-4e5a-b980-6102e945f3c8
8e6e5f84-1272-4c78-9fef-6571c5988780,PayPal,b809d0b7-2fb7-464c-bde0-b2c313ca6d65
f96a1470-c124-404f-9830-e499a93be3c5,PayPal,8eb44195-3852-4c40-abd1-81141fc06f8a
9692ef6b-7939-4227-af4b-db972339be48,VISA,ffc0ce2e-804f-4105-b9f9-e495fc83457b
c70af9f8-a90e-4572-aa57-b8071bb6eaff,Discover,c4b96051-1673-498d-a2b9-a2daaccf5bbb
0a7dd369-d61e-4cb4-83a8-e52328a0e250,VISA,5c464298-84c8-4f1b-9501-28558144efd3
a813c66e-2026-4e2d-acfa-60bf3665fa45,AmEx,16bc7c77-8b89-45d3-8147-293b89ef0371
824f0214-2b7c-4ffa-8640-fb23290e0452,AmEx,e173fdc7-c0b2-421c-b965-c765164e5298
52e3931a-eb59-4336-9ee5-7f5d576262cb,VISA,5d00f818-07e5-41db-a643-ba8f8e6af493
af4b4fd0-12d8-422a-8efe-aaf6018e818b,MC,74194acc-c850-4dee-8dd2-40b72fcb2c47
0e19dbd6-ed79-4d35-b096-7259e9706940,MC,9b285143-5a06-47be-a0c9-e1344e476eeb
2e1a0c83-4248-423c-af9b-6cde819faced,AmEx,80e9a476-e4ce-479a-b4ee-1b95f191382e
80522697-d47c-4cc4-b5f5-ecf63281e1ee,PayPal,304ee574-a276-4a06-8a64-ff483559bf59
6c68419c-33ea-4b52-bca7-4cb2593eee31,VISA,92d4d6a5-a818-43af-9dee-a00cdd0119ba
8d16a150-f5f1-4816-9a01-0bebab7611ba,MC,eaf83535-019a-4dc3-bdf2-05f8bb504cb7
df0c7a9c-34b1-456d-ba6a-3a93329c69e6,PayPal,eba0b17a-cac7-41d5-86d7-02ad5444c19f
74e96da5-5680-4a7e-8224-e12865be3bbb,AmEx,058f2ce3-cf0f-4b9b-a659-666486ad7bec
6221e57b-7628-456c-b0c5-9a8956404660,PayPal,795fd1d1-f0eb-472f-8a4b-ed3ee26e442e
83ed6aad-a41e-43fb-821b-4832f5ba3d44,VISA,b8ed45aa-ea2b-41dc-8f20-96ea00021637
b114e325-bca6-4d21-81ce-4b2c076eb58e,AmEx,cebfc309-05ec-4f21-bae5-120edd50adc4
2572467d-be35-4dad-bded-22aa6e8689b5,PayPal,50497078-29f9-4fe5-9cff-76163d3cb4b4
0a6930ee-9413-4ff3-8534-1d0f64fce6ea,Discover,bb1d7e7c-cc68-4b5f-a51c-30e632e77ad5
72219195-24f0-4913-92ad-56707b5d2f14,Discover,ed0b2c4e-fe4f-4c64-8074-4226c61b075d
1c401d0c-c449-4205-8ea7-0a5d34215519,VISA,e2ee73c5-5e3a-40ab-88c1-dad22fcbe497
4eb85ec6-1c3f-4174-890e-ca0ddc93381b,VISA,4e27bd03-5f7f-47e2-9890-3564fd3ce182
fc03cefa-9d45-41d0-975d-e40595f00ad9,VISA,263f60a9-9f7f-4bc3-880c-2200c3d88c2c
8c0c6225-7571-4b7b-a43a-49343745fdf3,AmEx,1481b098-5bfe-4b09-8313-7f83e73c4e91
c58ae95a-6e9a-4397-852b-d05a6884d915,MC,0d91dde1-a068-4852-b4b3-2f9f9075bc8a
d0626e6f-d7bb-4b89-969f-6bef7cf70aaa,VISA,13a0c245-f5a0-4088-9462-2e2c389cf78d
aaa3728f-6fc5-4122-be57-1c27acd98e56,VISA,62456e88-3d8a-477f-8964-a17b14cd055c
8dab11c9-17cc-4515-82e8-b8fc262d9e5e,MC,66d4ea10-598b-45e5-8294-8f09ce953609
95974f18-92e6-4d33-b138-6b1cd21090be,VISA,cfeca484-1f16-46fc-97ba-8cbec21c54a7
1da0e661-5020-4730-86c7-986f3c833a1f,VISA,120ed880-67ce-4f50-a0b4-adbd939e1c32
0a7c8ede-c0c8-4abd-ae7d-0b8b3d8b0c4f,VISA,5dd2d5e1-00eb-40d9-98b3-c4297427ddd0
85e5ecc1-9cbd-44a7-91ee-5a3f08d6a252,VISA,f7fab918-0033-48ce-862e-e59f5085134c
18ede982-bc9d-4565-b812-cdd619fea53d,VISA,4fb7de67-d46f-4007-9852-d9243f302125
8f0a190f-c741-489c-8425-52fb5c9182db,VISA,86477ea7-117b-40dc-a4d9-b8bfa87d9ac9
fe6c43f6-830a-4ff3-9eec-7b4023b12d83,VISA,07da7c79-d539-4159-8e01-753496328ffb
38bbcf00-1aab-47e4-8269-535caeb8a0f1,Discover,ea8cbb95-3536-48cf-bcfa-ce5a77a48688
3ac95615-ec36-4a6f-9453-50ffb4f4ac4e,PayPal,2569bd3d-90b0-43cf-9e4a-2d501c374e52
ba2f4a2e-715a-4157-ab7e-c0be6a0a7e33,VISA,045f5e27-45d1-4af2-85ee-08b9111cf4c9
9ceec7cb-d355-4f51-9de8-aa57159a13a8,PayPal,d490fa15-ed0c-4f11-b211-12367de1f742
73e71217-751e-4b84-ae9a-b094fba3019d,MC,c9decb73-88e2-4b7a-8dca-2902c41f0347
ab0b5b95-fb50-49cb-8387-10f06686fa09,PayPal,1ed3ac8f-3d0d-4fcc-bae9-4a31e0ea653c
7aa2c7e0-6621-41f1-94de-9aef31d9766b,PayPal,3e89a4db-35bc-4aca-93ab-ee9932054ba8
08b87d34-1744-4865-847e-ea740d7c33dd,VISA,6aedbbf6-8973-463d-ad0d-ee5bba905abf
66c3c2b0-3356-4ae7-89aa-175ff3bf36b7,MC,01e7aa7c-a196-4458-bf37-5fbe3bd2c198
8ce981e4-a29c-427b-a654-0d91442250b7,VISA,1a57ba92-e1ec-4c90-8734-5c87b78bdae2
272c165e-60df-455e-9d1b-d42b63acf541,VISA,72b84b5d-69e0-46b4-bd9f-3c505223e44b
27035b37-796f-4d9b-93f0-ece3dcf3fa84,VISA,3b00f695-4673-4602-b4e0-cda6a4d73c94
d9c0198a-c077-4b8e-986c-f26f5c3fb11d,VISA,bed4c18f-3898-45db-a7d9-513f08075e79
4e86bf43-102d-467c-9bc1-c1977fd9036a,VISA,ca33f843-ff04-4dac-8a5a-731c22019b6d
6c96da7c-16df-4063-8818-2bcc22d0265d,AmEx,d1f0db0b-c633-4dda-919e-85c77bf3dcf2
669014dd-081c-4041-8677-018810033c3f,Discover,7d5b6a8a-1afd-4b75-95c5-1b7df9a35286
65f9fdd0-9c0c-4ea9-9470-887ff827fbaa,VISA,ac608962-e406-4d3c-90f6-a1c383b7f072
863e58cc-3721-4add-bfc2-eb80198519d0,VISA,497bae7c-7775-43c4-bf0f-dd97ff363431
cd634449-5396-4e62-a5f1-02cbbaaa21db,VISA,88b54854-319e-4166-8d6f-f5c7eff5f039
5fe2d224-5a2c-4600-8721-e63a738b87f3,AmEx,52e28ad4-90f6-4068-a7e5-556d8820eb24
4451b1ef-10c6-46aa-8901-48758b8947ba,PayPal,9a30e819-c087-4204-b29f-c89ab042f68a
0f372c3f-a3cb-413d-b02e-2a27539cff7c,VISA,35552f57-1dcc-4067-bb77-6f827d0f6eca
9ff8ff12-276b-4801-9c00-4c53ce65efe5,PayPal,01b2d514-b3a1-4e84-8eec-b745cd328e05
e3772e11-0edd-4b56-bd0a-b3e71e3245ff,VISA,0c78184f-3a84-4162-b7e6-20c27d908a40
384f090f-56f0-4f61-8828-951e20c4e988,MC,46790681-d99d-40bc-b6db-c9e3fb90a32d
36f08cdf-135f-4aa9-95a2-0c4932567f5b,VISA,0432df96-ed6c-49c5-baef-e036db9c1689
368022a9-3800-4c71-8a09-4c787384a722,MC,1db4ca06-3ce4-4a68-8a87-588a80d27e18
362f02ec-8072-4672-b4d1-f61f01d5fa3f,Discover,7774595d-b7b4-4f8d-b5bb-11d257ecadbd
2228a8da-7cbb-407a-b443-ebee6a98615b,MC,76f476a6-959d-4160-bdd4-c299062f26f2
5db0aa18-76ec-4491-8787-159425fb5d94,VISA,1c6caa63-4765-4fb6-87ae-87b7f04cb1db
04adf758-e42c-4fd4-91c1-61b7347c7d94,AmEx,412c9452-7661-427d-b1d0-b3784333dc7a
3edf4a78-c004-46cb-85d5-d421b806b845,Discover,8e503d5b-5fd5-4f8c-8e91-747f71683c18
caf074eb-7d30-4ed7-bf9c-7c5dc75f28d5,AmEx,0cdc6ece-26b8-401b-8af2-7468dc85626a
63f37ac3-4527-4372-8552-87b320718053,VISA,ed676ecd-ff37-4ec3-8bd4-51c8f7161161
b1b07449-11b5-4c2f-b3fb-758210f289fc,PayPal,e6df4cc7-d538-43cf-a6a5-6c0e6f4fd138
1db3b377-36f5-463b-ac27-5b93e245ba5c,Discover,794cf038-442d-4e41-b2e5-d4f781d35b3f
a1ec23e2-e8bd-45f9-b245-bf26fee103c9,VISA,b4166c36-346d-45cd-872c-9bac746e9250
cab9ce5a-841d-48c5-b63b-b582ff20c214,AmEx,3e9cf8a9-03b4-4adb-88d2-fe2ab158f729
592011d7-dd62-4bdb-b8f8-880bf0f237a3,MC,62a1d9d6-0d38-4820-9b8e-a419e50793e9
018f58df-f35c-47e7-be41-55684049a021,MC,32c6338e-1f96-406b-a65b-67f6f7460920
b635c1f3-434e-40f8-a330-f129c0c7393c,MC,a162b6e1-5049-431e-966f-83c5b2e9d2b4
1ed7bdf0-c500-4ff1-813c-cb784ee4fb23,VISA,6f81c6f1-180a-419f-9df2-f54193360cc9
6057133e-af16-4581-891f-925df9727e41,PayPal,a2be5ba1-9342-43fd-bad5-d25e71275437
872b516c-fa5c-4ec9-9c6f-068f13fbcb83,MC,62c9da3d-ae66-4e15-8284-fd2fe60c82fb
0670268d-1cbd-4611-95de-6600f1c246c1,MC,3f573ca4-8998-46e6-a4cf-46acd12bd488
5e33b611-3921-4b3d-bbd5-5331308fb9fe,MC,9c884d84-ea1f-4ffc-817d-2405bc7ecaee
7d5cd371-7489-453f-8c60-213ffee8ad24,AmEx,afea8332-9839-4fc6-8ead-e7b4e8d79165
d8b04212-8dbb-415a-b224-ae20d63c490a,MC,3326f632-1a21-4f38-b364-0bd97438c544
24066143-20e0-4295-a8d8-e8bdbd144e5e,AmEx,93c51dd5-fef6-461a-886f-0e1251a2edec
b53ce5f7-af74-4e9d-a6f3-ab4cb5c974af,AmEx,ff85db84-b138-44f4-9739-f6b8cf1d3a01
66ae93b4-2ede-4646-8972-12e60d300a95,MC,e45f48bf-7059-4f5b-9abb-cbf6c26768c2
b0874f4f-4804-4ba7-a6df-ac6dc6416a8c,VISA,97ec4346-b7d5-45db-8c8e-7a58beefc4fc
d8c89061-785c-4741-b30d-9e9397cd1faa,VISA,1dd5f690-66d3-469b-bc20-a90a11ce36e9
674b9701-6f9b-4eb6-a7c9-c8a85617d00f,AmEx,706f1613-f178-472c-ac39-a1c4361b0821
3746e4ff-eb4a-428d-83d0-13e78f9a2036,VISA,648fe3f2-120c-4553-a2e3-e55c3e7d2a9b
aaad75c8-a9c4-48f5-8753-6e36cdf6b85a,VISA,cd3a839b-b6b6-4744-8bfb-9b15f75c58c2
2656484f-b514-4488-836a-c46cae934706,VISA,a49435ff-100c-45c3-92c9-7745cf28357e
7408a6f0-1f92-4ea1-a447-d84aabb9cda7,MC,176ad4fa-44f5-40c4-9703-de914857b3a1
176147a0-5f19-497f-9a7e-325c4a6dcbdf,PayPal,2599c279-273e-4628-b87f-01f4bd1aa42f
adce515e-9d2f-4cc4-b5ab-9b0881d28961,MC,871a0ab4-fdf6-4f4f-9b07-226671deee87
96fadbe3-d207-4d07-97ab-f1cdab41faa6,AmEx,dabf40be-47c9-433a-91dd-3c3e5a4426a7
4b8728e3-9360-43a8-a37e-ceb439b0cc5b,AmEx,b4915469-c729-4f1e-821c-6e0bed9898f0
c6d6aca8-d1dc-424a-8b73-cc31350bde72,PayPal,5ab49efd-d0d2-4fd1-9b15-eded646a76b9
7e34c744-6972-40a4-b9cc-30734c5dc8f3,MC,722deb4f-da48-4883-af99-fb58bf388576
88d02906-481c-4ee0-ace1-19b0f757b56e,VISA,2ef6d0e0-f57e-49af-ae67-78b5d71acd88
dff94a7b-b8c6-4d86-8338-2a6e8161cb82,MC,524d0c6b-7bd8-49b2-87a9-ee0619ff1c80
ea1cbef2-4f2b-49a7-abbf-7bdbdcfc8f62,AmEx,a02458e0-54b9-4d67-91c1-e3349385e98d
61ac60b1-7e35-4076-ba1d-5cc4e68d0e7e,AmEx,27d5e454-5724-4b68-9bde-2d7a0ee2bd37
b1b32ed6-1b3c-4d9c-bb7f-1225bcca6fce,Discover,0d68a1e0-2276-4a43-b8d0-ea245ef055d7
1da5e288-431c-48db-a62f-57ffc560979a,Discover,8da8728c-6f48-4821-89bc-e671c56cbe51
36168610-9606-49e4-95e6-3f5d2b937993,MC,f683f751-ba90-4a2e-9e04-0b12b370fc62
8e6e79bd-1678-41b9-a387-d6746c25d8da,MC,c67146dc-e745-40e7-b5b9-056ae6d1d030
fcb1e38e-d0c0-42f1-a471-600ec35da93e,MC,19150b50-61df-462d-8636-ad071c80abe2
9b867f43-da4d-499f-866e-59bb1eaeb18c,VISA,bb96b990-9c12-4168-82b1-2a3ae8fe8248
3e721f44-8d65-41a7-9304-770a7cea4bc5,MC,d0adbd32-8f0d-4384-b4c2-45e551c7d287
502d639a-982e-4578-a3ae-e03c51e2bc4e,AmEx,428fef99-40f0-4ca2-bedf-babda39d0030
1176142f-b454-4a87-92c3-b90a2430615f,VISA,cdafc865-32a9-423d-a381-cc4c693cfc13
64d10e63-a289-4bb0-9882-7bcf21dc3996,VISA,4899c044-374b-450c-84d0-c0e6c0fde7e4
d257db16-c1aa-4e7c-beb6-537878499d91,PayPal,24616746-3451-4071-a9a1-d9ee9e4d4ad2
4f9bef23-986e-4292-be57-579634c7a090,VISA,f51f7fbc-116f-4c81-992f-c781f08666fc
a301c1d3-b9cd-4d1b-9d41-ed2e0c7335d6,VISA,887aa7a7-67ba-4442-81e0-d5c03448074a
2875c3ae-14dc-453b-9a55-d145dcfb6dc6,VISA,fbe90f6f-9db8-47d6-afe5-3164b6e9b6da
c20a31b9-e51a-42ad-80a3-00623b75b959,Discover,5b3a1af6-86cb-4235-8c58-9b96d96f62f5
0422b182-bf51-46be-b034-52cc5479f6d4,VISA,71788ad0-358f-4c29-ae81-4fd4b177d168
e35b1512-a84e-4864-a5db-a13734facc69,VISA,6e84967d-9b6c-42d8-8ed1-e27925dde504
97ad210d-07d6-4f63-a479-91cff924baa3,VISA,95a52a78-cb5c-481e-ade3-82efb32e3fe0
40811140-d0ba-4c97-946a-d0ec66786f8b,MC,305fd487-22fd-4c7d-a5d0-aca2c4e3d7cf
a8ad8937-59d8-4c8e-b285-a8e17148f952,AmEx,6470ea76-9500-4433-ab3c-e320bc95bddf
4b9b0168-d7ba-411a-8096-df3dae2adc8a,Discover,157a557c-1496-4582-beef-c09920689fed
30fc5cfd-3d7b-4c18-a135-7eecc493c6e9,MC,8f4bbd1d-09b4-40cd-8e3d-0434e4eb68b9
ea420bd3-34d3-4d1b-9851-d18b8875c0ac,MC,4a8408dd-6588-42e5-8390-1139a7ef3919
1ffc6bc5-be7d-422d-9e7d-998a8c1dc45d,MC,c96b04ae-c098-42b4-8f38-7bd1ebce64dd
09793ba7-2474-444c-bac7-409f375ed71c,MC,c705153e-b3ed-4903-b613-8ebdfee88a08
0664a3fe-e885-4b34-b18e-dc916ca40476,VISA,9ce78be2-5c8c-4f8f-b8e2-4802b2219d1f
1467900f-4047-4323-8a45-214544d65b8b,MC,b0c92dca-295e-4804-9a85-11526841a2ba
67acfbf4-3d7d-43d5-aa57-cb3fabefb85f,AmEx,793bcb5d-5bce-4f2c-8af8-91ee18c50c90
cebdb67a-e508-4f33-b013-c2cc5d69e745,PayPal,383fc9a0-0727-4b2e-abcb-f642dfc80e20
31431f80-4c15-47fb-b0ae-9733a11e7712,VISA,52523f21-edca-407f-aecf-0a710426f3fe
e15bb774-c39f-40e5-bdb4-34d004393f72,PayPal,d5355939-b847-482e-b3ef-ad66d341fe34
06b4afca-5270-4737-9d96-78bff59c60fb,PayPal,793deea8-b011-4904-aeaf-e7efb8ddcddd
fac4832b-4734-4de7-9a4b-3eaf5c189b03,VISA,5a80de7b-6e92-4a6e-9b63-ac6b51ff1eee
e11e5f1f-e68e-43ce-8240-edafb50addc4,AmEx,74051267-e3e1-4404-9c31-e2ac9da8c6ed
4b2f3db6-5a45-439f-a22e-6c1d40b5e83e,VISA,198d0ff4-7849-4bee-ae37-974b84d51b81
b994bb11-2035-4581-9007-8e8813aa46d8,Discover,6a62a583-6222-485c-aa4a-a4e0e69547b2
8c1d71a7-a809-40ff-b7d7-a7bfcc0882ff,AmEx,dd879cce-799a-4b3a-9d79-251c6907dd1d
40a7c5c5-7f0e-460e-b106-0679585e802d,VISA,db0c4f76-b22d-4085-9910-b9159fe78432
af914481-f6a2-47e8-b25e-2f777bc19d23,VISA,03115a7b-e2f0-4b95-83ca-1575622c4642
b3ec2e3d-badb-45c4-81ce-eb912ee0ddfc,Discover,57f53192-0093-4566-bc7b-14cbe18c9697
7a06641f-513a-4c8e-84a9-64c414394b27,VISA,ca5ccf85-1b8f-4394-bde8-123bb4901b6a
b3f2a696-c838-4a21-a02c-7b953602ef85,MC,2b588b57-ac3d-4f46-8cab-0cb878d3ead3
f6e1a6be-a8eb-43eb-bd66-23effaa5b318,AmEx,0d83fdff-74f1-4532-b7fb-163b347d6ca6
92d8865e-aa81-49b9-89da-953abbf6088d,MC,c0d8b7ad-e26c-4818-a2e2-670979d14afd
a33abff7-4cf7-4687-abd9-3fd94af4b5c2,MC,6914f4b4-808f-4ded-a0ff-863f73663bbe
87feb36e-3efb-4080-b845-b78a6cdfa617,MC,89667e8a-af05-48c1-ba2b-fe7c5c6bb3e8
30f96772-029b-4033-b05d-0a1bc0b08447,VISA,fd784739-702c-47df-80c0-71433b9fa873
97d6f201-124a-489c-b5b0-46495686cdd3,MC,bf2422e7-ece6-4d18-814b-b65b8eac43ac
80c1787c-f2cb-4d6a-a9a5-d583c7b9dec7,MC,a944ee7d-d180-48e5-9165-7e4a9afe1234
73c6f4ed-b59b-4b65-85f1-2f8349a8e719,AmEx,6d8fedee-9485-445f-b5eb-a68b812a0fac
d34d72cf-069d-418a-98ed-94f4066e8dcb,MC,5f9d5376-0e9f-4dc6-a90a-3ed636d7ec71
ae593bd3-bb8e-4408-b2c4-a83175ac33c0,MC,dafce82d-240d-46d7-acb9-f4cfeb059b03
64209a38-57d2-4b0e-80d4-910091fd4cc8,AmEx,6a756272-b9e2-4298-aad7-402002c5fc8e
90e81da7-99ad-4f96-9536-ba9fae04118f,VISA,21184c57-b1ef-4042-8a1b-58c016be3473
1abc812f-4d5b-44ba-ab67-84a748435493,AmEx,e5e2492a-f869-4819-85c2-16fc1dddb8d9
5a347f99-2380-4671-92ca-11803ba23e19,Discover,783a4072-cbfd-4548-a403-51a4b7cba0cf
b8fb5bd9-6cdf-46e5-88a5-c5b228d63f50,AmEx,8cb5f114-2163-4d8f-986e-29f206e003a5
2cc83955-dd04-4f67-afb2-c4b1fb43e6d3,MC,969ec6f5-8082-49f6-94fc-d18b009fe22c
61108045-3780-4694-a685-b5f88aa96d66,MC,8250910b-8876-4077-9f0a-4c0b72ae6497
adb6c1ac-be21-417b-8c52-a8512b4e34fc,VISA,13b721c4-440d-4cc9-b23e-4cb0dfe36cf5
fcf3b8c8-91f6-4c55-bcad-bfbc16c7b856,VISA,295a26e4-e8d8-4a2b-a37e-104d0684c6a9
f8e185bc-bd2f-4fa7-9512-b15975e00c61,AmEx,eaf7f4d4-b38d-4b3c-a469-72e65c2fa60d
97f49cad-e1bb-4937-b2f7-58efa9734f54,AmEx,67b11f62-7f5f-4b99-a109-04608ae95dd6
a3ef186c-f227-431c-a79e-ba615605e169,VISA,5d9f5402-9e59-4bf4-aa93-217d5d6dc561
b6df92e4-3552-4593-8989-793d19c3a6b7,VISA,846307d7-3595-41d8-8c3e-d4b92195c756
f82f9cd1-8115-49a6-ba44-1dca9c8788e4,VISA,88764d66-0b3e-45e9-b7ad-f1e6e4ea40d5
74ed34c5-7921-4480-8e22-819e15e9e21e,PayPal,c3bd98dc-b324-4cd9-976f-fcf09d47b37f
715e1bf2-137b-49df-b614-462e09b6a5d7,VISA,c93b4ccd-40dd-427e-aa2b-1ade825d3eca
cde598c5-7812-4c6f-8a18-f9842a9db133,VISA,a201042c-67f9-4c17-9bbb-019c6ec3a7bd
554f398f-3cb8-4cf7-858d-f37cf289f47b,Discover,f9c92e23-4103-4592-b750-081b4577336e
412d7c17-33dd-4f0a-ba89-6b95dd1b0f3e,VISA,df6f4282-1f44-458a-b5e0-9c30ebeefa55
70762420-d563-424c-97fb-bf73dc51de88,PayPal,c4f866a3-5c83-47be-8175-7be18fa2bc86
fc630786-c2aa-4111-9f1e-099b1b70e3a5,VISA,22f150c1-ef47-4fba-8354-09b405087c5e
c9d455d0-125c-43af-86f9-217d1cc4bd97,AmEx,6f737501-0488-4faa-8b9c-32ddae5cdfec
95cc99cc-30e3-49ed-a48e-80285c1c8410,VISA,2560df69-1c26-4a3d-a5a7-b9428e816104
6a93cf4f-4c14-4d2a-929f-a95892593826,VISA,0dd781cd-daa4-4793-9f71-ac193925c101
7a037a9e-dd75-4bd8-8632-f15d12ee06bf,VISA,f533efb7-2ec2-45ef-9457-516f503ca935
ae1a9f3e-7ac1-49c9-aff1-dfd351d5a817,VISA,7a3b0c83-fa07-4787-9e77-05aa6025df85
bf28aacb-f363-4523-900d-d3d0fc637423,VISA,86fe0bd4-9dc0-48e8-b6ef-feb1e967d6fe
995271c0-8957-47a3-8fe3-31c20934f47a,VISA,d7dd138d-9c42-45ea-843d-84d87711b4e3
c6ddf850-0ce2-4b24-8732-d75b33a0aefc,PayPal,278b3d90-7b91-4f47-99bc-71652fabdce5
99d4ba0b-d0a3-4afe-86d3-93d78804387e,AmEx,6a1b24b5-9658-4584-941a-887cdbee8b00
909101e0-2273-4d16-99ab-159f6bfbfe43,VISA,6d72be8d-9fdd-4374-9572-3306330ab214
e7e1e7ba-d9c7-44ed-91a8-b8e3ec357c3a,VISA,c9faf0d1-4341-46bb-9ea9-929ed9480650
7b7f31b7-da00-4806-a6be-38fa45203d67,PayPal,d4e8e8b9-8551-451c-8913-5107f1586af6
7494be93-f585-4e74-8140-e5957305f7ec,Discover,41897786-a5d6-479a-9c79-0cc0ac659952
1ed8bb7a-2bfc-42e6-80fb-879600046c27,MC,ff757b07-f07a-4300-ac4c-a470cd760919
7b12a645-3742-4ac8-8e1e-9e6b615d5cb9,AmEx,ff5a08c7-0714-41a9-a65b-07220bbc2bbb
fa35b0e7-444d-4cc6-9ebf-688142ea8193,VISA,c2bc94f6-9952-4d4f-8cf1-9a3bbb539b23
3a7ab3de-af82-4bdd-a132-e4c06a1368e6,MC,36833101-b021-4f7a-8800-88b52314a7da
c7a52715-fbbc-4247-957a-85ee235f48eb,VISA,03cbc281-d2a3-44dc-a13c-bb2cbb0bede1
32907175-b31e-4f2c-9128-f2852e236c73,Discover,b20f2dd2-31c4-4618-940c-d4f849fb52f9
d50b3bec-dc26-4649-a608-9971ff659c29,AmEx,26a054bc-ce55-4008-bef2-b494b08bac8f
69700808-1951-4a15-a509-d22cb9f48665,VISA,10ca5f27-a13b-49a6-8a4d-57cecb29426f
73a02185-6416-4f35-a952-69b4c7417f16,VISA,56549299-71ba-4915-9938-b3902df42396
64567434-e016-4ad4-bd5d-39b9880355fe,MC,803aa2c4-c727-497d-9f07-795e16014287
af2e8b1d-5962-42b7-b5bf-9627d56dac5c,VISA,9af7f650-2cbe-4c22-b251-60e5b30349a0
9afe08d5-8340-4710-ae26-4856c95b85d4,VISA,98349843-cc07-4a5a-9735-cff1d9ea9099
5250f84a-4ae0-46bb-9a13-935cefe926d9,VISA,c4a3e68f-e34a-4699-803d-4a9d70c8cfbf
1b634061-63a1-4995-963c-9748f497522b,AmEx,26cfdb87-3616-4d14-9375-b1ab7a584820
f66d042d-3ac3-4dda-8bce-db780d5db0a8,AmEx,28cfc158-08c7-42ce-bf63-94526b247c08
c09a749c-804e-4698-9ee8-872b9ebb9cb4,VISA,7bafa1bc-fa76-492c-b77d-f521c5d809a2
8d50ccc8-16d1-4392-9c29-eba4efcd5fa7,MC,0f37c1df-c91c-4a33-a635-dd632b5fbb36
b1bb25c7-7ef8-43aa-bafe-344d81dbdfbf,AmEx,1a71ae08-c64e-429d-b4f2-8d14bd69a092
86938092-9c02-4048-a2ac-50205ffdd30f,MC,97cc48d7-08d9-489c-838c-388834b5be62
e67a75f4-c6d7-4310-bb1e-83a5a16d7d08,Discover,4ee4c123-04b0-451d-9511-c6bfdcfd6387
c690a99b-7ba5-4e21-b1cb-c9010596b495,VISA,ab320b97-fa97-4732-a70f-20884b041924
ca5dbbc1-ae46-4b6f-89ef-ce5d73aa02a7,VISA,c563819f-665d-4b9a-878c-e36b15d65a68
0505e8a0-9a3e-4420-8d58-315556544288,AmEx,55c7e5c1-5e20-4977-be90-f74fe18b55cb
8856140b-1586-4aa1-ad82-f6a468509b80,Discover,3cd92fa0-d670-4cd2-ae1a-05f956ce2f66
dac1586d-37fe-43a8-9283-939eb390f311,VISA,9dc6ce15-946e-4f6d-8e05-0704f8007606
24cf1cd3-65a4-41e7-9c6c-65a3de328b5f,AmEx,ff8227a7-ac30-45be-96c1-a3e760649e03
8875f9c0-2650-430f-975a-098188321361,AmEx,47f1627a-9930-41b6-b655-998e40a3dcc0
22e06a66-86cd-4148-a7f7-3543ad638291,VISA,b198f197-fbb8-4b21-8e82-91553370f0f7
e24be71c-db51-4c69-950c-ad565ceaf7c9,VISA,9725d49c-755c-430d-9003-85dd73ecd29f
f2514e10-4770-43d7-90f7-cf2ef676ac0f,VISA,3227aadc-7385-46db-8a1e-a8f4621e14d6
7188ca05-2c19-4de8-b4b2-edabd5457640,MC,a8240858-2e48-43d0-a3a7-29561bcd4010
b8dec146-ad80-4150-9926-26d01420f171,MC,c6953761-f753-48cc-981d-2197c82019a3
cd57b9a3-8252-4b3c-9caa-d3b4d9159b24,AmEx,4accfab6-5f1a-45c1-9fc6-dbc5a93df884
ebe64782-a70b-4f2a-bc04-f482c0646215,VISA,07cab12b-6f73-415d-8377-43ffa380d59f
a2a34219-80f1-4456-9e4c-e14c5e44800f,PayPal,54968c6e-ba39-47b8-a0be-969a3f046021
c1a487db-9780-4f9b-83ca-10fd00eed801,MC,ce534cad-90a3-4e7d-aaad-00db4f9f0abb
f4cfdd82-6027-4c00-949d-2b7797052703,AmEx,fc1f8a0b-bbd2-4e3e-aaaa-a7e59821c345
bb664368-d3a7-444c-8b5e-f8ea783f3bd9,MC,97f64de4-1a22-495e-b883-6f6b67eb2243
78db63ae-fd5f-415e-b20f-e9373a5858f9,Discover,fa1c7990-c420-40f8-9fc8-d05f62964f9a
c77751ce-ad47-4829-9d3e-512dbd10c164,MC,5e6a7a28-d63c-4d74-b807-b4c0eec5dbb9
40a6916e-6af0-4b38-b546-24c9423e8e5c,VISA,ecd69646-7d4a-4004-bfed-7e31fc301f3a
436ae928-562f-47d8-9fbd-944a97cff08a,VISA,670286f3-d9c2-4497-be5e-345e9f51a3b7
edcce1d8-281d-40a0-bd74-806225ed0932,MC,00a51d7c-ef14-4834-9a6b-2ff7cfaa5a18
d8dcfa79-1bfe-4caa-a3ae-ae57dfd0e7f2,VISA,64e689d1-e39e-4e66-815a-f31af92e9be9
d5304ec2-ab9c-442a-b97a-116d2232bfcb,VISA,e59ed76e-6657-407a-b3e4-a8115e29653e
e56d7c5b-f30e-4431-8718-9c7053e74646,VISA,46134eb9-48f9-476f-91ef-fb6d77ea340f
ffba9215-2e2c-4ac2-87e9-e0b783592d73,MC,6cad07d7-bab7-44c1-a4f1-ea5927d7ca47
51eec487-1735-4849-8498-7654317ab3d5,MC,390e2bdf-6180-4105-9e11-15b52bcf9342
76b02aae-315b-4caf-815a-f804274c71f1,VISA,fd37b44d-cb18-4e7a-9387-497fe50b3830
ec73edd0-8e58-4621-afde-062ee4076c3f,VISA,5ba43a6e-ab98-4114-aaea-dc413206c8d9
28e16ce2-ebc6-40e0-afb7-0460aa1ad283,VISA,0d439ebb-71d6-4f35-9ac9-516e765aeb5e
f22b7eac-1153-44eb-ad62-ed75b1fde4a6,AmEx,f8fe3ad4-a898-4bb5-b50f-2750f534ef8f
8114516b-b7d4-4f44-8077-6d0a5022c6c0,MC,38d5abca-f1e3-489c-9a6e-8279358c92b5
eaaa4537-41d3-470a-b15b-25caa69319ca,VISA,3cbd23e6-fb0b-4344-9271-78d6eecf938b
07888e6d-8511-45de-afbd-b37e11309448,VISA,264f4842-2ce2-4acd-a6ea-2113f7a4764b
c124e103-a22f-4aa1-b235-0b3d3358d3a2,VISA,f9a84c4f-770e-42d8-a88a-eb37a5c396a1
023df48d-9579-47e5-aa9b-266299477d59,Discover,d245bbf9-7210-48e5-b57d-f22d9c3bbcd2
9ff36b32-3a78-414e-97f4-cd70030f4a45,MC,26fbc0c8-14a3-4950-b407-2202e69f4e3e
b3d79f07-e127-4f5c-963a-06450c989502,AmEx,3ffba4bd-f1c1-4806-887d-41222454c86f
495119ac-f471-47ac-be8d-eba08aee4a23,VISA,270f51ac-0e01-45b7-8ecc-d469c2cc8b9c
1266f4cd-7df4-4668-a32f-80e9bcf8041f,VISA,1344f146-33ea-43d4-b2bb-ee56ba5d522e
77731a3a-81ce-444c-98c4-b5f9322cf0bb,Discover,3fabb57d-1289-4bc4-b656-9d1ee8886cd4
994724ad-b95b-4f19-bef8-9ff86b2d475e,VISA,aa8aaacb-6d11-4555-ac2d-9627f34714c2
8decece5-fa35-4252-bdf2-2af5f3229dcc,MC,7e03a538-592b-458d-a199-f957e1897f54
a7ca412e-3f88-4f4e-a689-1e5b8be9100a,VISA,0c31607b-4c66-46fc-bdfe-6b9e3cb7d8a2
4e6d88c7-8db4-4315-bf41-4a6e0e8e45d2,PayPal,a07d02e1-fb70-4521-a4ec-e2300a6b38fe
e6ade2f5-0fb0-4e09-80e1-f76c02d4e9f9,VISA,b52e3e7a-64b4-4fad-9c65-96fe96c36b30
0712f1c2-ea38-4f2b-a1c1-8742637d5d9a,MC,fc2fe684-63ef-494a-b1e8-646afb4db6d7
d3025886-df8b-4be3-872b-d92ef742e6bd,MC,fb71098a-fc4c-482e-ab24-8f62471ade47
40991573-9153-4ecd-a4f4-8c2bbea17f69,PayPal,7dc80e9a-d9e1-4cea-93a4-6e63882f807e
35465c36-8520-4725-9eaf-764d7355cec8,VISA,11a0d7ec-43bd-4935-9723-2f92abaa8594
b77c3903-d2ae-4407-bd3f-d7a04a9df944,VISA,9434c1de-de90-4101-a0ca-bc1f3c713ee2
a4e07563-bcd9-435d-8818-fcf5b7868bdb,VISA,1fdeac07-4451-4f82-b54e-383d7ef10dba
68b07536-c1f1-4dc9-8973-e43895f51d0b,AmEx,351c305e-3861-4ad1-ac68-303a6b4136b3
ccc1d909-0dc4-495d-8dce-c011501359b9,VISA,4cb80528-b3e4-4fea-b5f9-b6ab40a61c52
6e15f9a5-9844-4406-8e63-1a2a3c817fcd,MC,95138a96-c626-4f5d-b78b-80d4c33fd1c6
69f20d16-161c-4099-9fd3-61becbd58b11,MC,daf7d8f3-8cc4-4f6c-bb49-610bec711a2c
0ce7028e-a230-4d1d-a2fc-bf37a974fef4,VISA,dec3f342-f384-4562-9269-b88aff6fff66
bd248755-84fb-4187-a68a-26664537d836,VISA,369c422a-d680-4779-a442-c7b2c0a53eef
74fbcbaf-cb9e-4ec4-89e9-8bf6b2fce3f5,MC,376a7ac3-21ea-43a8-bcf8-d5c106867853
a54b0901-375f-40e8-827a-b34c74db4201,VISA,9304e838-e9cc-40d9-bef4-48a3e158264b
ff933965-5c6f-40f7-b121-d742b6dfd83d,MC,1f32a4c1-c3e7-49f2-98ee-e03f9a8d7190
0e319c68-43ff-4a7a-b7fe-9147885d1c9b,VISA,efe91b63-da29-4171-a428-b1c5cc3ca8fa
40afdca4-d46b-4be1-8b4f-aa1ee5bfd7ee,PayPal,a7849c09-73cc-4993-b2b9-bcf0b4201583
c8f66b37-1866-471a-b59c-6f6a2876e554,MC,dd23b17e-82d9-40f2-84cf-e12a6a15d673
99a7d812-82c7-448e-a339-08657e9a4a61,MC,16bb6f3e-d685-4a64-bf77-5396de315eb2
83a61781-9470-4237-a1be-88de049c5395,AmEx,ba0d402e-c0cb-4c19-b174-5d6f95bf92d1
1cec43af-2e38-4a7b-a520-1cff70947dc0,VISA,c699b628-4083-4a13-98e4-be6a2e0fe140
4184ccd0-fc5d-44cd-8281-847d44d40cc1,VISA,7cb40d59-ffde-4fb4-9789-847d1f498f32
f568b6bc-de4e-46b6-bd42-fd0e2fdc4e3f,AmEx,2d73322d-fa5e-4f53-9224-6d2de205bb74
475fe7fe-13fd-41e2-90fd-fd966085fc8a,VISA,fbf5177f-20be-4755-a35c-0d1b461f0d21
e7d00182-6b8b-4b43-b950-5017c7b01de8,MC,9ade7908-dcd6-4a04-a9cd-9f476a68908b
251f1811-c092-4057-bc63-93f27a9dee22,AmEx,4a63ce39-3bee-4e22-a50b-a0182b35aef8
1c9526a0-660f-4883-843c-e3ec4a9bffff,AmEx,d1809163-264e-42c2-8be0-f5efbafa43de
16e81657-cc4a-4008-91fb-822dbe7f08a4,PayPal,8d197ede-2581-495c-895e-9e8d509bd8bc
4089cb13-56b1-41a3-8843-4431a00e6f81,VISA,9a541201-91b8-4249-96a4-617030e93219
d8fcd1ac-4770-47ee-be6c-ccf42bad7d01,VISA,96d3bb7a-c4f0-432b-9caa-f0c694d1a8f0
f83d9be3-2103-4bfa-8ac5-13eec08a4172,AmEx,d5d516e7-87c8-4270-a62f-593c652320c4
62a0422f-dc4a-4467-b891-bf403daf0f37,AmEx,3f033092-763f-4b5b-adee-d723ca044bde
76144ed6-256a-4c9e-ab78-8047d8a2e7c3,PayPal,5d35eb52-5e66-448e-a5a1-d6948d718f9c
0522eeaa-8e45-4852-8912-ab50ef5ce018,AmEx,459216bd-e237-4f08-81f1-3eea87c72443
f98ed53f-c176-48f1-be94-4c4857910161,MC,3a265cc8-1991-4b71-82c4-bfb5993c143c
e06992ef-102f-44c8-9e3b-7abf81bc6018,AmEx,22ffdea4-e902-4295-bced-41f7cc5c8b24
2f9fc1bc-86f0-41db-b7de-a9840ffb3554,MC,90f3dfe9-14b7-483d-b5f5-8061f14705b2
3d748601-fb79-4714-bbea-9b2116418168,PayPal,cb7e2a1c-d13b-46d1-8ebb-6c17a04ee8ae
a9d388bf-a894-4a16-9734-55a7f107643f,VISA,f8829936-b62b-4e44-8b7a-d6915e4606de
94cf6d10-d1cb-4eeb-bc92-3b2889d5f8b9,AmEx,ad1b367e-9b63-4e7a-ab02-afc824aad7d1
a58a6cf4-8350-4c08-a52a-b42e26161c8b,VISA,fcd13d45-c47f-4955-aa3a-7ffb4c8288b0
b3455bc0-7cee-48be-9112-1f8a5584fe5d,MC,84c243e7-1bd0-4929-aac5-e36732f9e68d
eb40d59c-1802-4073-bb63-429cbf0485c2,AmEx,f4f3e061-a678-4a80-94df-eed6c2872c2c
9d9ecb05-b248-4b6b-b4ac-41f9afe82e10,VISA,162485cd-9750-4db1-9ae7-976ed88ff023
251f15b0-8862-4492-87d4-f4d57d6f14db,VISA,8bbc11d1-25bf-4043-b181-7612b2aaf654
d27d9609-5b49-43c5-9b7b-4170cacf60e6,VISA,c8f98f9f-8021-415d-b6ed-4bfb51843d75
e1017cb7-fe67-4006-9e8e-0b589cb1b5af,PayPal,8be7b974-051f-4c41-a712-a9ff9a887167
3205a1f9-74f4-4066-b742-898cb4cba9b3,MC,7152534a-eb54-40bc-b1cc-f3f7f2a4b73e
399cb16f-36cd-45b8-a67b-ef5771498c1e,AmEx,9a035512-f634-48a7-bed4-f99db61f89f1
8b2471ed-1df1-430a-9318-198657b97f78,VISA,fcf9fe9e-8b9e-4f2d-ab29-0b2ccd8274e6
92890e6c-87ec-4464-a60e-58f14a8397af,MC,579bc349-de9e-4f3a-99c7-68d350e24b34
1f6518d4-3a99-4ac8-abc9-769b43cb3ee0,PayPal,4db044f0-4e7f-4604-96af-ea397a42fa30
79a825a5-b0d6-44a1-8752-d7afad6f8a2c,VISA,266e8087-e27e-428f-b24b-2a3f6724a69f
b893bd3e-aac9-4d88-af53-c52e0c5f0462,VISA,bbe9e0df-05ac-4962-8cc7-b9d6f5cdf45c
d1ea6391-2d8f-4fa8-970f-76a9cf3de6ab,PayPal,7ae24120-2224-4f82-ae53-cd1232bc1273
d97301f7-1f39-4540-8e94-82b9e679c276,VISA,f4543d40-c86e-4dfa-a0a2-599257b8b9ac
b9140b0c-9b9e-4af8-bb89-14756c453445,MC,923699bd-3602-4bb0-924c-1795015a5bbf
76ac79e3-e2ac-4e8a-a13a-ace0d9f2d28d,VISA,fd54327f-f980-4beb-b1a4-fb27eb2cbd18
871bc0a4-dfa6-42f6-bf2f-4be2fe333419,AmEx,3ba874e9-8109-4c97-86dd-cba593ab8858
a5c7faf6-d9df-41bc-b689-8c8cbebeed00,VISA,5fabf605-cae0-4404-af00-9c14cf2367b7
08653d36-24b3-4982-acb2-4eb7bdf515fd,MC,785effca-eafd-44c5-97d0-52a03dacfe82
b937f851-6596-4241-b5d6-14717b2f8c4b,MC,76866d40-2b67-4d34-b0f4-f1395e8f5fe7
ad7ad7a4-5aa3-4ee4-b035-49aeb8809f3b,MC,450e075e-ed87-4157-b32b-91036fd330ec
50100350-629c-4b1f-b5c6-dc4ba0a5188d,PayPal,3e94cf5b-e9df-4cfe-ba98-913e81d52e60
c4ce2772-59c5-4d9b-b1aa-be71fe9beb48,MC,1e130889-4058-4f80-9fef-90593db78d41
c0cacd00-a646-495c-8c75-475cc3f9a8b8,AmEx,6181d740-8ca2-49eb-a9ac-2a6b21753a52
e564ed07-8457-4db2-9952-875e0d340b67,MC,377857ea-5039-40d3-acd0-9414701d6913
8cf9fe5a-7f6c-4716-bf71-4e772770af06,VISA,37fc87a8-77a4-4dfb-8a94-46976812f83e
ee156439-aed2-4bb5-9d4f-71605191185f,Discover,eeca41f3-bb2a-4e37-ba94-db40407258bc
6a3c0f3d-5c00-43a5-a9e5-ca590e3b7420,MC,3e94a3e3-dff5-4d96-ae48-5714780cbf91
82722118-2412-4742-bb4c-cbb688df44ac,Discover,135a8e3f-ab00-43d3-8665-4b933fbdf97e
a27e4f59-c6fa-41b1-bd7e-3fe35dc42a83,MC,dbe1ca94-cb9d-47c7-a567-61123f6a9183
ed9481e4-1d70-4a9e-bc00-23011c55a84c,PayPal,a51d8c0c-a396-47ca-9f1d-8477acfde7f2
dd964ad4-8a8b-41a4-a6b5-cb690b04a2f5,AmEx,6e139ae6-3821-47f6-91bf-d2df528210b7
7bc8718d-b35d-4c83-8740-112ed47ca68f,Discover,5fe39d68-7ba5-44b2-a2f9-fa619cac88aa
a0bbdd4d-a21c-452e-8733-4d4a3dbeaa66,VISA,6c789917-242d-444f-a42c-dd0e54d4fa3f
5ba2df27-7562-46ac-9d84-f69c64e76fbf,AmEx,e9148da3-83de-4089-832b-6541d7f17f11
625b39d4-9569-486f-a84a-948dac7ae79e,VISA,0e6148a8-200e-4269-ae15-3221be0e3ac1
58069fcf-5b5d-466f-840a-53a10cdc160a,MC,86419e7b-c31f-428b-9cf9-38acc0acb9b3
24855dd8-b384-43e2-ac94-436d6fd24407,MC,d3aa4f8b-a91d-44b2-84a3-1a98df1f136b
38971095-cdec-45c2-a7b8-79d268ddd1d5,MC,94da2d99-1da0-4561-aeda-9799bca1afc8
0e3ba359-788c-499d-9b59-888fe46e80a5,MC,3884198d-5717-492c-b0d0-b7db802829ff
93855151-5322-403d-b298-002d403cd622,MC,bcdb0720-b30b-47d5-8a01-c3041af89dcc
514fb3a9-1cda-4c6f-a218-31e9e1fa244e,MC,da5792bb-efee-4484-9817-86e87896b4e0
e92c4fac-1ac4-4ece-b70a-0935e747fc02,MC,5e69a0bf-3518-497e-8c81-53a173c64ca3
57f209c0-fa03-4664-a59e-34addf2e8308,VISA,283e49b2-a799-44d1-b7b7-769f46f46fa5
d5b19bbf-e5f3-4f88-ad84-9e8eea97b2bf,MC,7a1b6cd1-1743-4600-b841-85fe7b572d8c
5d6c7bfd-3162-4d95-acbe-e1a791686dfb,MC,eed1745d-9a87-437b-9d03-d0855413ece6
05ac72bd-b1a7-4122-887e-77d666ea43ea,MC,c39e361f-2be9-4026-94b7-0578e6cba321
b1619394-6cc8-43f5-a5d3-c2c8079258ed,PayPal,8f924f41-4f8d-4563-8a6e-1b86567d1248
2125490b-2f78-4f68-abbf-702132b306cb,MC,a4435489-3138-4de1-b2c1-89174885e086
a628bd7f-3000-4e14-83da-8b1fbbde2b79,MC,4ded8a16-3d3f-49e5-b2fc-7a96567679e6
75e5619d-e469-43d0-ab89-dfc13bed3afb,Discover,82cc793f-00ad-4fac-95c6-c85028f58eb0
e423215c-c720-4558-9dc2-adefef9cdb08,Discover,a625af26-824b-48a9-ad2f-3d7b97e452ac
91635e36-15bd-488f-9a02-0c7bc1f829bd,Discover,0e0f5a8d-0df5-4c61-90dd-f5c6ff59777e
ccd74584-c637-464d-993c-31c624a3b3f5,MC,d5ab75a8-1037-4e12-bd6b-07d9291dd0d7
a602bd83-94f6-40ed-b8e2-7d68fc22643c,Discover,144277ec-32e9-42af-a1f9-b09a0f8e33fd
de788694-e6d8-48e8-9927-955420f49295,Discover,635b8221-fa3f-49fb-b241-f467b92859f6
b3be638d-36a8-4f5f-a15e-b9b5fbcb9dd2,MC,75b7d712-030f-4562-a1b1-4870cbffc340
b69ed678-2709-4b8c-bab6-7a7c359cb4fb,MC,f0049392-0f73-4157-b9af-20ba27d9bec1
80f486f5-329a-4c2d-b7ff-2cde68433d24,AmEx,4cf7d25c-0110-4926-823a-64f996c4d431
1428197d-5d6c-489f-b7c6-6592d5a3b071,Discover,e72a5f6c-3808-456f-9720-4e2838e649af
a43b45ca-c343-4cef-a195-8dfec0504a4b,MC,e96f4bd3-0d00-4542-a647-574380894d13
d20f8b39-da6b-4b84-8250-9cdbbcc337a2,VISA,70b70c22-c27e-4318-b7db-893c4a34e466
2f588e6a-9e0d-49eb-81d2-a09954d7d0e1,MC,08675adf-a6b5-4a3f-b30f-ab88457cf866
33081873-ee00-4d99-9f32-8831c3f47047,PayPal,c127caac-70be-49e2-aadf-ebcacae075b5
882c7024-f703-4d53-93b3-bff50fa3a523,Discover,9e63a7ca-4e80-4511-8ac1-432260b22049
46fa671a-ad88-4867-a3ce-941cbca314a6,PayPal,3fbc0c45-8fdc-4417-85fc-470679f4038b
3f3edb8c-c3a8-457c-874f-0ef8d015b71d,VISA,fd033739-1275-4e56-864d-69bfb83ab3b2
2d66c21f-836d-4049-a46e-6a5fc72f970f,MC,2127c181-b656-4439-9cb1-c6e77a785881
d06c1ae0-c469-47ac-9b7e-4c80a8059d50,AmEx,b87cf72f-4026-495d-a85c-13b259cf1cdd
ee4c2455-6861-4c11-900c-bd995fab32d2,MC,3580d7de-5f98-40ff-96b4-b3baea4bc71c
4c2990ff-b90b-42f5-9251-a43260e7f295,MC,6ebd5218-8f55-4cf7-9fe4-d2fe8d540ea1
e50fcbe2-56c4-4a0f-9f10-e1bafbab671a,MC,62d5347f-8f56-486a-a94f-890bc11a75e1
0d6dac56-726d-48a4-a627-79c4e02c2282,VISA,04f1d245-4787-40c1-bf44-c53bb1a90962
3f1ef25f-0201-4163-a84f-470f5e62172f,PayPal,947fc1fe-a2b7-4b0e-b33a-7e0341eb4af8
ee5892eb-6eeb-4b7b-88fd-d43f5401a5ed,MC,58242523-858d-4c72-93df-8fa330e45277
135b875b-1428-467f-8f20-92d98e2fc94e,MC,a3fbf70a-7077-4437-bd19-03d13e804de0
0d87267a-8d58-45e4-8c13-583df1d5c03d,AmEx,52c3b833-5525-4312-a2b9-b765b1752aa3
7d86f561-f61f-4264-8daf-2ee8425978a9,VISA,f76752b2-62b7-49b0-b319-7c77a8a4125d
42050bc1-097b-4ffe-99d3-0b4ea7f1170a,Discover,88e303b1-27e1-44d9-bace-5306aae33cb9
b255b22e-4dee-48c6-8ede-2472633ed8d9,VISA,7c53261b-fb69-47c4-8a0c-7626f61ebff7
3b9054ce-506e-486b-b64d-11ea8e46c7f1,VISA,ef6328a6-d1f3-4123-9c63-4b8510c76228
d5faa897-873f-42b5-a076-e3f97a17941f,AmEx,e904e01e-bbb1-4943-b34c-0c662542c9cc
420094c9-c410-454f-b1d0-9581f690bb58,VISA,58875023-fc49-4f56-a659-62609d882b8f
61fb5f4c-4093-4ada-a396-b02bfa599590,MC,c23351d0-32b8-4cc4-8b60-bd72ebc450a1
17090016-e672-44d2-8afa-52efe8fbefad,AmEx,c5cd8f1b-51b2-4c48-b843-69a03ddc3ee6
3e53ee39-87b0-48ea-85c3-99d8e5a08658,AmEx,8437d61b-a68e-4a0b-8e7c-69d639f7a8b4
d56a170b-1cf3-4d29-a14d-f2d4a988e3f5,MC,0cf8024a-c021-4d60-8317-6f6fb30649c1
a9a6a11b-3c5f-4456-a222-ca435b9f1ab1,VISA,e3eb11b8-7b24-4a39-b37f-717e874b3db6
c4280376-78f4-4641-b904-c6ccf27ad4e8,PayPal,d622ee6f-18a4-4dd1-8e5c-74779dcc47f5
bbc65276-5c7f-4cdb-982c-61a391fac539,VISA,fb4cefe5-eee7-410e-a4d5-36521a60c357
cca5690e-0d90-4fb1-9f2c-d424855bfa02,Discover,4c1db309-84d1-4a42-b447-835b0d2d394a
62be67fe-e796-4b1b-b2a4-cdd1b2fa5e71,PayPal,07b5722e-830d-4972-8455-10c1022542df
77e92a36-8683-42ef-b7cf-0b1851719c25,PayPal,5397f355-1e9f-4388-8b5a-fffb290fd77d
9e475c33-a437-4ab8-a7db-8fe8a02f8d78,PayPal,8e87d2bc-0ab9-4f9f-a2a1-05e7a558d606
f042d10a-cbad-4ef7-9ba8-ecb2278dd5be,Discover,eb3864ac-f0ba-4111-b3a6-d7f2bb9fbdd6
e9371ebb-5888-4223-a79e-f5ebc7410255,AmEx,d96f23f4-6619-4b37-9946-f036629a236a
1f975ba3-3a67-4797-873f-a719a7ef3db9,VISA,d41b7603-a85f-425b-a288-ef14e3c92f35
53052f0a-cea5-4752-9b2d-ea1b95c64a46,VISA,4ecd117f-eff1-48a3-a46a-1f993154f5d3
3f1cefa3-a067-4ccc-97ee-a50d8acb5df8,VISA,d5097ef9-0ab6-4d1f-8339-1afe87c0cdbd
6074181e-83ed-4b63-b604-ca1beaf7709a,VISA,8315d268-df3d-4ff6-b468-a0ec38f6d121
d2d98110-d19d-438b-a7bd-1da5e88880c9,MC,84b362fc-2600-4344-ae8f-9543d51de1ac
31c67d15-7cbb-419b-98ba-f3c92335e313,VISA,1c5b288a-aabc-42e4-8cdc-18192707f2cf
51f76ff5-5d16-4815-a8e9-d9385ae5442e,PayPal,ca154399-551e-420a-9c3d-4c06cbc10e9d
049b4782-b488-47e7-a6bd-a173a296f00b,PayPal,672f5cdc-97a9-4f8f-a104-a0fe7dcc0aeb
04df8309-8687-422a-9d28-55f91e0a8165,MC,42cb5802-09d9-440d-91a1-f77f96aa4467
2e03f9b2-4e77-4a34-b105-b9c6de46d51e,Discover,2a7eb9c0-a711-479e-9237-610a90edcf59
3188d22c-b8b3-47be-9a86-0b2614d3ee4f,MC,f8ab63b8-2069-4e04-b7de-2a3354b07e77
842c12fa-c8ee-479a-a75f-727ea8201534,PayPal,18ed0c48-2464-47f7-99a8-68ba7371a324
2df36e5c-185a-4b26-a2ab-d96892c67511,PayPal,6ce1e893-bfb9-4cb2-8653-fce48aed2474
1f2acbff-f67d-4245-b009-0c19bbeb8edc,MC,3efd072d-949a-46dc-8f0b-a738e672fa2b
dc554e7e-c436-4a2d-894f-74c7ed1075ac,VISA,6dabbc90-900a-4dad-b3b4-b4ae867f7830
e2a8ed94-2cbd-4e20-b7e2-0ddb5a10b3ec,Discover,91b8750b-4d46-4244-a471-a3c61b47a214
60406c1e-bc69-4f3d-8d5d-282626609032,Discover,61f78e8f-2de6-4806-98da-fffe5269ed5d
7f5c6e2f-dfc2-425d-ba51-cb6e27560379,VISA,6af5d00d-3aca-451d-8bab-7e9293b7ab36
e8973d19-e4c7-4a6f-b906-d946829cb677,VISA,18817c21-3530-44ff-a4bc-0ffd79fe5168
4da2726f-85ff-4935-8f7d-9524f7b163f9,VISA,58ad6ed9-7017-46e4-9716-ddafe2294c04
c4eb7d90-cffe-4f66-b0a3-80ca50cf3378,MC,dfca3a3c-9751-4c94-8eb1-42cf9ed62320
be0740df-d05d-4d30-85a7-245fed20bf69,Discover,80fddbcf-7217-4309-8a0b-b27d6ca0b85b
aa2c5b08-e197-4ea3-bfc9-36f85c1c507b,AmEx,328cee62-7c29-4791-840f-fa38c84d023b
cf9c1e00-f733-47b6-a2ef-37c2d979ded2,VISA,9c1a79da-da5f-4776-9d86-6ba6cd045164
8122cd22-f961-45ef-afbf-96131ecfe8dd,VISA,63ceb393-8a5c-441e-af1a-1ffb5ab84f09
cc00b1a5-6d7c-42e3-b297-be4216adceca,Discover,f43b7c26-3509-40c9-b419-861cf67dac12
2bbc330a-5184-4999-b8f8-aa263c84136c,VISA,9f7ecef6-b5ca-48de-94b0-d85a33633a45
b8d43a1f-dc17-4e44-a8e0-2787b081754d,VISA,1ef052bb-b3e0-417b-8cd0-8ecb1b4843f6
8ae53b6c-9332-4f37-8b9d-2ff202133184,AmEx,8f4893f4-ff00-4b17-996b-e4436ed4ef1c
c55ed39b-2eea-495d-b982-bf145aebf9be,VISA,b69b24f0-bc9d-45fc-91bf-cb1478e7a666
dcca9ce4-7eef-4fb7-a88e-a18787952dbd,PayPal,d48a3b93-1e31-4d37-b136-b49f078c5e83
2e1ce7f5-a2ea-4c88-9ba4-6b6fdd2556d4,VISA,da490785-9844-4176-b18d-d0e70dc0a47c
8e1fe9b2-af8a-460f-b2cc-1e2338e22d79,VISA,c84f1aa4-d8bb-450b-bbdf-884d05672834
5c8ad913-034d-403f-8617-cf34daa9c704,MC,3fb1f6ea-56db-49ca-b241-d55c95524e31
38060c54-f9d7-412f-829b-32c9b4991c28,VISA,2d761da2-f39d-41b1-a6c4-007257da7747
1a652d5a-d5df-47fa-9325-519aaf75db52,MC,6c5cf288-703e-4b1b-ab9a-85a5bd6783e8
d29ed06c-63fc-4270-b170-66ea35cb23fa,VISA,4c497a12-83d3-402a-a573-7af0ba895862
53796461-1469-4a2a-b52b-7befc156796e,Discover,acfafddf-f400-486f-996c-62fab2539e4b
13a1fe20-7dd9-4e3f-8d31-3759d1922b64,VISA,098eddc9-f059-4089-bee2-d0b4b89d4af0
324c4d1a-ae8d-41e8-9f35-125e5e8b4da5,AmEx,680a28b8-5679-4757-85aa-5eb8a8e6eb47
f1c9e449-16fe-411a-9cb1-0789034bc12f,AmEx,991f83a9-a0e4-4764-ab7e-8aea141f02ad
3ed9963c-d759-4822-9d46-53a4a4f4020c,VISA,7e4580f6-dbac-4eaf-975d-23dd3d41f89f
b1c8a39b-0465-40bd-b08f-bd41153daab0,MC,211fcbca-98a3-4362-9974-8f7ec1ec090c
179960fb-37dd-4096-8334-fc89f6343d38,VISA,ee05471d-3503-41a5-a6df-63b8513ea003
48057a49-1c6f-446e-ac25-5aa2ea7b22e3,PayPal,b2fb95a4-393f-4cbf-98f0-33357493ca35
d2f41057-92a3-40bf-a683-b6f2f19e0c51,VISA,033bec61-c722-4b73-8e18-84b14d0fb71d
a355931a-e83e-472c-99b1-9b610568d480,AmEx,c413d74d-7d3a-426a-922a-cead41b6cc6b
504e7ebb-ce4c-4f43-bfdf-389efa97c293,Discover,a4c79213-cfda-4bbc-b496-a3da044678e0
6f47196e-405c-404d-b8ab-4f4a7589bdda,VISA,c4faeb60-cfc1-4ab8-8ff4-062b904b22ed
1676dfcb-4d4a-4374-96f5-144cf5b132cc,MC,38ae46bc-8f68-433d-80ab-22ba39e9dc58
962d30b3-5d09-4a1c-b59f-d605fcba221d,VISA,8f7e4717-12d9-4494-b6be-9c1e092a5dfe
7a8ae1ee-96a7-4718-859e-089515de20e8,VISA,9b92892d-5ed2-4276-b013-30846115b4f5
facc58ac-ebbf-4bf7-9582-e9d65a0814d1,AmEx,41a89989-16db-4086-821f-a05d77d87c23
b18d1e5f-c152-4b20-928c-f0d9c99d15bf,VISA,f3c35d92-89ab-4980-8baf-28108aebdc98
3d8f2f6a-0c8e-49df-9577-62da06f2cd51,VISA,40327c45-3ce2-4716-80e6-e8803770c3cb
9f38a26d-75dc-4384-a7b5-fb729f16a3e4,Discover,682d3fa0-2af5-4812-a398-affb18b418f7
b80a9985-88f5-488d-92b9-92d6195840b0,Discover,6742aa11-7729-4238-ad31-a27572511df7
74f92e9d-f5d6-4e8b-bd21-58bf7e8aa31b,VISA,9172989e-e8b1-4212-ac91-17bef8df5ce4
19d6b476-7d10-4d94-9824-b35f4b42b5bc,VISA,16f2c458-8317-4f65-9276-6deb22181675
af3fcf85-108f-486c-bea0-02d9983e8545,VISA,dbff858c-b02d-466f-ac8f-a4ba3581755d
4c8f0415-02fa-4f20-8cfa-67a4ddf20da0,Discover,b73ef106-0723-498f-8eba-0185cf11a5d7
983728bb-35ee-41dc-9029-386600969fe4,VISA,0308c2fa-8731-45f3-966a-604837906713
3d385897-9be0-40e4-b8f2-c2d18c354a9f,VISA,495254b3-09d3-4a2d-9825-aeecf5be2987
9f4365e9-045a-48ca-aad5-35fa0c2036a4,MC,31bd11ec-be4f-4d06-a822-f1ad6f9e2105
03da2d07-6733-4144-afcd-14b61817acd5,MC,41cd172f-127e-4cc4-8984-1293f1e9607f
ba4f453f-422d-421f-ab91-81591d9d22e3,Discover,42cdb198-1d08-4e38-8ba9-76ce71c4013e
24fa1aef-b1d5-43ab-a81a-c5bd1d38862c,VISA,bceb8a55-cadc-41f8-84f5-d63d0d68bb31
bde91dd8-7cdc-4845-93c1-c0b1de57dcab,VISA,dfcd9390-63c4-4fcf-b27e-ef361c6639bc
e5516e95-5582-449c-b0c4-277535832606,VISA,f22d0aa4-f76a-4d51-9699-3b445b8dd560
7e2de015-dbea-4795-b8c4-4b3c69cfb2d1,VISA,79aae9e0-2da2-4e94-a034-bec4acae24ec
eb2cde37-2209-4bc3-b54d-160db7474352,PayPal,6f63fcae-ed14-4085-aef8-328f613de1d0
72efda4b-51e4-4671-90ac-76b516fca541,VISA,22ea2147-44b7-4f89-a58f-de08b4315f7f
4045c8ac-1980-4973-b38d-a0dd05841a8a,AmEx,1fdf2ce0-8671-42bb-9f97-8cee42726302
4679dcf5-07d8-4ae3-a484-5ddb0ba11b01,VISA,8a7a3cc7-f7ce-4371-b3b9-1c9fa967f1a0
4f31da7b-ee19-4511-932d-f72c02892921,MC,f1459b75-4b55-4062-9d34-ea0928eda776
c1e911b7-6301-459d-b9c6-acb5fa82340b,Discover,a1d509cf-1455-40d8-90be-62c9b32d8b1e
0b8d2bf6-c476-49d7-9012-82aaf25919c1,AmEx,5eb6a460-5ea2-4492-95fd-9dc3862e03b9
01db16f2-ffa3-4eef-8653-14a30f3c70a8,VISA,64cf1412-4f5a-4ef4-903a-7b4ecdbaafbc
4d9c66be-df0c-4d89-bb29-a46ea55a2f09,MC,22a72403-4cc6-4961-b7fe-8f1ea6df8778
9c8518f6-02a3-4ffe-b6ea-13fc700fa5a4,VISA,53d71418-9622-4ada-a293-30a66ca49968
7bd0fb34-2b2b-419a-a01f-da823844f724,AmEx,e6d43a56-b5a7-4743-8eec-0243975614a1
d24ff11c-fe0a-4d7b-a2b9-48957801852e,VISA,0370349a-5feb-4f77-8d78-a3be24b7be2e
8a9ac7d6-aa03-4507-baa0-d0ab4081665f,AmEx,d1375571-829b-4a2b-ab53-ab87302ba23e
081de891-f743-474c-802a-e7a178440b31,MC,4781b23b-9c49-47c8-9ab4-c66e6e9d4df7
3bcdb64f-7184-4e34-8716-9698befaff60,PayPal,4e9fa399-01e2-4c2d-aa33-28e5bb4be234
3400da51-ba96-4cc1-8b87-098896b6c5cd,PayPal,f6e762f1-b85f-429f-864c-0d95a2b57d11
3c079c07-01d9-4237-ae8b-1e365c14627d,AmEx,c3b1744d-b359-46a7-b714-ad49cef8e288
3f768921-d6f6-4d8b-902c-05acac7f82c0,VISA,a5afd819-f01e-42c4-8586-5766ce680838
3d82fb26-6a71-4bfe-a91e-be48cce38525,Discover,9ddd4625-01ac-49cc-b955-0f623764f962
8b69ec66-0b21-45c5-a682-034732963c78,MC,ebdb31cd-7ba6-4271-8c83-6328523e10f6
85de5382-21e3-4b05-8470-b3cb27674377,VISA,e408aebb-b2ec-40e7-8c50-feb99bd943dd
32553732-ab95-480d-88f6-b06bce790298,PayPal,5cf71c7b-cafa-413e-904b-9fc716fdb22e
343aef7c-1125-4d21-93b2-a5e48508a946,AmEx,0df762b0-15ac-42de-957e-c1aa58d3398f
0f359577-6a74-43d8-beaa-49bca4eed47e,Discover,838e3fb6-9d30-46a7-ac22-02a1090271fe
c99ce51e-b356-4525-a7ed-5240a9e0c51d,Discover,719026ba-6dea-473c-8d66-bf980dd5829b
0142d487-e5f7-4edb-b3ae-76c4439a11bf,MC,98c758d0-3873-4c7a-bf40-4f04c5c861e1
b7b5b33c-b6ff-4974-9ab7-46c635eac7ef,VISA,041ed9a9-4ced-485b-9f16-a1da9510b923
932eac0e-4fd3-401d-9fd2-e47b695effd5,AmEx,921b39d2-a703-4d41-ab8c-faf612e9fcc9
04aeef1e-1ff9-4bdc-aa37-2c21f69fe176,Discover,40499c2a-c951-465a-bace-7c839aa24d59
4c7803cb-155a-45ce-8390-fa25b243866e,VISA,58d305d1-ef6b-44a2-a26d-ed08790e7655
0f654d62-8a9b-4d11-9c24-05beffea3cfb,PayPal,5585404b-4b2e-4e5a-a197-6f397410236d
bc867d18-f4da-4f80-beb7-1974b8e691d8,MC,591e2c19-cc80-4b9a-a7cb-03bf28282b41
b9f402c7-7b76-44b3-9e69-f1a6f7d74133,Discover,7d506afd-6693-4667-ab46-a31cb5973a36
905b768e-fae4-47bd-9dcd-1efdebabbdbc,VISA,ec86c329-de36-4f96-b109-749706999d66
9a452ce9-5ac1-4171-82e0-f54056087e4f,VISA,708c23d9-13e0-46ec-8658-6d8f5074a817
19bab7c8-11d8-46ef-9cbd-e54b9e2ef41a,VISA,d6e043c5-06d3-4a60-93a7-d236c3378589
a63d6062-84c6-4f62-a42a-4b3264415467,VISA,5a41c2f3-8a2d-4b8f-b2f7-12b8feffac73
6ec7a2d2-5387-4445-9f95-0a073de1f810,VISA,73f20506-e131-4c2a-9a79-a6c0e54c688a
b918ef1a-be54-498e-a6df-5002d6b447e3,AmEx,9ce1b3c9-1b43-49a8-904a-ecc89d38d379
d6a34b6f-c38f-459d-ad2a-dc6bb9db52f6,PayPal,096adf66-df7e-42bd-abe5-a4cf72d0dd3c
c26ae5af-b49b-476b-aad7-8f9f956bdc1d,PayPal,a6d0a741-81e8-4ed5-a41d-41a4b3a38256
b39ee5bc-2608-4a3b-9feb-fd677b943cbe,VISA,72253479-624f-489e-908e-0a8069c44397
d9367a39-61ee-4c6e-9a43-05877f0d4733,VISA,941b2a5b-27f8-47aa-be62-0a73d417b862
9ec078da-52a3-4b92-a3d9-abdd1a6b09d0,VISA,7c09b5ba-3aec-4098-a405-320cce034123
d3aa7b02-a9b5-4d3d-a4c3-ad25949ba9d9,PayPal,464849a3-6148-4895-9a64-aa602123c391
001445a4-7409-42f6-b85b-a9a27d4b4795,MC,932cd8a1-9b20-44c6-937b-8b1df67b83ee
810e480a-1810-4414-b269-3df56169fbe1,VISA,61beb362-8b2f-4701-a515-d4904389077a
15940d5d-cdd2-4ad4-994a-de49c75627a7,AmEx,ff341d9a-ba72-42d9-82c4-6f6c286efa42
d54daddd-13d3-4e41-9349-9b8e495dd3af,PayPal,1c45f2dc-934f-4816-af99-3a00210e5100
3c5fe744-805a-48dc-8e2e-386d6b456981,PayPal,f32a39e4-b87d-4fbc-b20c-c0d014fa2432
9e32218e-04a3-4df6-9e4f-bb729c0b336c,MC,7d5ce2a3-a179-429f-98e4-f240f3723d5c
3ecd9730-8744-4c7b-8c39-568f4691ab98,AmEx,44cfb7d5-4557-4545-9ba3-1099c96ed111
beb5bc4c-c1b5-42ee-953f-5b43b60f2bbc,MC,182043da-7422-460c-a5bd-48303ff1a55d
0ef96feb-68bb-488b-bff0-22b260c893da,Discover,89412187-e490-4a0a-bc59-85c3b91d8683
73d502e9-2ddb-45be-a833-abf4447f9659,Discover,fbb9e49a-2f69-446f-8d86-4f38fa8a8e10
48c68747-c490-4625-983b-184fc18d42bf,PayPal,4883a7b7-8a4e-4531-b6e7-3691d84afa33
fbee41a5-f700-44ce-b17e-4ab5426ab277,VISA,eb7262e8-e212-422e-b34e-d089d413e6aa
47d1e4e3-223e-4fed-899d-11ee0edb53ee,Discover,b4b21b7b-5022-4fba-8265-f5d9cadd0f79
c9fe30e3-624e-4771-988d-c0217bbbe4db,AmEx,db88dc85-feae-467f-aeea-d8e79c6da908
53f81287-2b82-422e-80e1-3cea5d6b0803,AmEx,c26550f6-ddec-43f4-a4d7-37466b1e5918
b8cd81b7-f6bb-480b-b0ff-f60392d8b315,VISA,a8628b64-825b-4da9-be3e-94bfef992a5b
d8289d8d-6d99-4a2f-a7d0-295fb345e278,MC,e622a210-1dc2-4266-af5c-ed7f4b7a8afb
34ca4474-79d5-4a79-9fdf-38cff0f8f7f8,Discover,267410c5-8aae-426f-acc0-56dc4f006bf4
a1519cfa-2a7a-476a-875c-92149247ef29,AmEx,df011ecc-6374-4a68-b54c-7a7e17512e47
39b1b10b-5fbe-49c7-b277-d658babdfded,MC,8ae09269-5841-40ca-87e8-facaf915c870
ba28e398-d772-48e3-8d42-90a86a1569f2,AmEx,a5b7dcde-c45c-476f-b43d-fb40ad9d933b
1b1da385-8a55-46f6-af42-a47ea625ee13,AmEx,46b4c52c-8f73-43b4-a07c-f4442cdeecc5
24c07106-b0e6-4d78-b69f-8025bed977ce,VISA,27a033e4-541e-4a0a-866d-cf22e07ee284
d3e7a9db-beab-4816-9839-1375b970cb65,VISA,5a881cf9-86fc-4949-8518-3e82a6dbc217
11c7bf89-9ebd-4f40-a578-497ba6c0f423,VISA,8618cb6c-aa8a-4fb3-b989-ea3fb88c9a6b
915dd1df-6300-4abc-929b-9325f7e7c8a4,MC,d5ede9c6-46cd-4eec-8696-0b14665b1366
decd5f08-8103-45a1-a323-f03ecff0af46,VISA,2a43d60b-8753-4912-ac79-408dd6cba65d
d23295f8-1e74-4c7c-9256-06a78ce9c87b,MC,332e10dd-4e7e-412d-ab64-d37df34d1eab
90066ec4-1452-43c0-9488-bfa655698657,VISA,711ad1e7-feb4-4a75-aaf3-980370954348
16ea6f14-720c-45f6-8dc6-fced1a9a3e29,Discover,98fcbd97-c8ad-4a60-be54-6e3de88451e9
19cfb059-dcf1-4019-8619-d4066391c98d,VISA,ed202cd5-2443-485e-855d-7a62170f8052
e060b698-1e20-4a49-a981-2ad8959e9199,VISA,88add273-a5b4-421d-b834-a7301df6da25
d4e51009-5598-43aa-9bfb-967aeac01535,AmEx,379d0c15-f5ba-41c0-b864-39ebbdd4ba74
3bdc6c8e-9bb0-4c16-80cf-1972671c6460,MC,cac9aafe-7bf4-4fbc-a13a-351310976d77
9169abc9-21bc-47ed-8711-ae587ffc9420,MC,566e7f74-496e-4d87-95d6-efe72960d88d
bd19a10e-cb5b-411f-8e7f-f56c754c2076,AmEx,74903217-917d-4836-9c64-7c76aa75c687
6a2f6f4c-c5c0-4aa0-9d33-e8e87d819262,Discover,086d23de-a526-47e4-aad9-f6293c9d974a
024cf661-79d5-4e04-bde6-a1441cb7f05f,VISA,fee3a3ac-aa02-42b6-a2ce-9d0ea2dbbe2c
7fee164c-2dca-43cb-867d-4585e20ca845,VISA,3c8aa4d3-640a-44c5-817f-67fcccaf37f6
b06740f1-f9fc-4262-adf4-e591b6a7b827,MC,a25a3af7-5a40-40f3-958c-d193a430f1c9
5edeee55-1837-41cc-ad62-381076df2df0,MC,ade953d9-ffce-4179-950f-5e25a3643032
9aa6ca10-8c9c-47e9-9b17-920b9605e6c1,MC,e03d9c75-b0e7-4e66-bbbb-9d77992b29e5
616c91bc-8e7b-467e-a234-164c76d2a126,VISA,02d370e8-94dd-4cea-ac61-25807349bfbc
b764a02f-1574-48e7-b34a-49f3545560cd,VISA,e4197f6f-7376-47c2-b205-a1a4cc268dd5
1d0363cc-f651-4353-88ed-724935b99c5d,AmEx,3e941fa3-8680-4c37-a183-0549d6cbdfc0
d4102ef9-cffd-4e7f-91bf-383920c8d23f,Discover,8afe4cab-7896-49e5-b85e-0884d641eada
32a53588-3618-42f8-bebc-e94745ec370e,VISA,920dc9c9-3f7c-491c-898d-5b56692eeede
91ce9cec-10ff-4121-bc6f-8df7dad654b3,PayPal,0c8f6c20-1a82-4b29-8a5d-cc3912abf6f2
529609bd-614c-49ab-bf66-601e190fe865,MC,594bffbc-93c6-45f9-9e43-99592b3c5275
c93cb836-c45f-41b0-81ba-90ef77f7b639,VISA,f4d18b8f-1eed-4dc7-8ea0-9f2a7fe01dbf
0484f70d-67fd-4865-8347-a787d70df231,PayPal,26d35a28-a47e-49ff-8d0f-d578a9f11eae
573ece50-899b-4c8e-a3f4-b2bc69bb36a6,PayPal,fa92b975-df69-4067-a49c-ef427896c6e4
558fc46f-c11c-4812-a2f9-6bd37131cfb9,MC,ccab4c6e-1d92-4ff8-a44e-d8d866f3052d
102aa227-0182-4bad-9934-e79100a6b1ff,Discover,16fdd5d0-36db-4dcf-b2fd-9c4ba5c34195
c6531c2e-d537-4362-93e1-00a8df35bed1,MC,443a0cee-e200-47dd-9b2d-8722d0470070
37bc51dc-535c-401b-b552-7d00332f860b,MC,15d3ea2b-8727-4efc-943e-02b970e84391
b24026a5-9e92-4875-87a4-8e0a21c197b2,VISA,dca284ac-93e5-49d8-b394-a59353402e99
a0db5cd0-a30b-4a17-97c4-ddd1bb7491dd,AmEx,438b8685-aca2-4e9c-94c3-117a7d062451
e155cf78-908d-414e-bcfc-0f82b3f9925e,VISA,c9d9a95d-2021-4d0e-aca3-68033501f7ae
dc97963e-d5fa-4dcd-961d-b3e58c664371,PayPal,b9e9783a-20d1-4669-87dd-954add02b1fc
a6d194d5-0db4-460d-8c51-2a074ba6cc20,VISA,8bee8163-9101-47fa-85c9-41dad697d5c7
d924a54f-cc60-4f74-a4d2-c74c8fe29027,VISA,ecbc544f-a4b7-4bda-b52c-812021f75a11
f8c5f3db-0b9e-4735-8496-ccc1091ac73a,VISA,adddb17c-9fd0-418d-be31-f5095cfea441
ff8115a7-66e6-4f04-b1ab-e47198531559,VISA,9de07c10-b2ac-4590-8121-729d8c99f38f
bf6afe6f-b463-40db-be30-d41430837a26,VISA,7a12825d-59b9-4d32-b763-b459d6f328d5
e59bf4b2-7e97-4aa2-b7b7-a4891f42c8cb,VISA,6eaa8ed3-2c30-4a73-a30d-398fe8c96ca6
5904ec6d-68f9-46a4-a6e7-bc14e7cb0e99,VISA,0e7c7c10-6766-444b-b932-e3f60ead43fa
2d8067ea-07de-45cb-bf34-bc5a53d0acfe,VISA,428a16f7-f175-401d-afd6-6de0ed03b94f
f9f178f4-576e-4dcf-817c-0a1f081231ca,VISA,fd6964a3-4d5b-4bf6-9ea4-1810d5bc9dc0
69e4943e-62a3-4647-a5fd-343c1161a829,VISA,890f0ea2-91a6-4ddc-a759-19499423bfd7
9e73c146-2958-4be7-957e-84d255778f5a,VISA,7732ab83-a193-429f-b7c1-c3882d1db199
be4d64dc-41df-4e68-85d2-07fabb348fd5,Discover,14e35827-13c4-48a0-9a20-46e86afed75e
652fe2b3-276e-4866-911d-11932bedc6ad,VISA,683ebf20-54a8-40a3-95d5-4263892a844a
8cf9702e-27d8-44e3-bb1f-e80a32913cd4,VISA,2741b848-f6fe-430a-8011-f3f74842036f
bc38a0c1-afdf-4f44-bc31-6ba4cddf5887,VISA,dc8a20bc-8ffd-4d23-88f6-4e15f84e8aec
fd91a81c-3bf3-43a2-8957-140156b92620,AmEx,faeb9d6c-ce4c-420e-ab9c-081dce4b13ce
7d4c2575-ee91-4714-9d99-a5018943c7f9,VISA,a3841f03-a7fe-477e-9545-819721f6f4b4
a51fd969-2638-4434-a000-34f0bb033ab8,MC,630120cd-d049-4d5a-ba1c-a8b26a37b27a
b68a40d3-07fa-423b-803f-a81191e8d910,AmEx,aa1fd8a2-fe42-4502-95e1-01bfa72be068
1506ec63-926c-4a50-96d1-d94bc7454b43,Discover,56796b6e-010d-43c3-81f4-4097953a8d49
7b018726-986f-4960-84fe-0371d0c4352e,VISA,4864a217-2e13-4a41-a86e-d14114eb9a7b
9814bc49-9cef-4c0f-907a-9079e08a3845,MC,3aafd903-4571-452e-9c6a-475cfc71e010
22ae29b8-5678-491d-95c1-9012f9106cb4,VISA,b76852a4-4223-44e4-bfe9-20b3210713f7
78204276-b797-410a-ad79-5239c02fdd28,AmEx,cbce520c-a07c-4f20-8a58-3af427ac18cb
e5c592b3-a366-4567-9564-1488dabdf018,VISA,b6d476ac-bbfa-4c40-9bbb-aba45f110f76
f311b14a-989e-44fb-92c6-887eccb27e6f,AmEx,4275ba5c-40a2-4e08-9738-067a55bd6dc8
07348a4f-d8ad-4e1b-8634-06b0fa49a306,Discover,a1fd41ba-9510-47d9-893a-f517dbd2e1c0
3cfb9d62-6b25-4a34-a4d3-8567676c12f5,VISA,2033be93-0f9e-4e3c-ae87-5726b1da8a81
6c887147-7144-45fc-84bc-4af0c7c7e27c,Discover,030a2bf4-5050-4ecb-a654-717861df240a
204a88b7-3654-4853-81e1-cc2d1de7c2ae,PayPal,19400985-6934-4063-a78f-827be3642615
bba4cb51-1291-4c89-bc21-71c37f008462,VISA,d3929bc3-14dc-4f58-a99d-58fc0216ff8f
18523621-f9c9-4e50-9cbb-f242b7708a99,PayPal,f145a2b2-c692-4201-b67b-b16887729ff6
dbf9b1ce-b836-47e6-ba46-4c60cddde2ec,VISA,29db4c00-ea5f-4131-ac62-2dda79b5b1a9
70daccb5-afe7-481c-851a-78506ac18b02,VISA,ca81b912-fb20-4711-affb-d83a3f71c6b9
5f894d60-027b-43f3-9f7e-042f7a95286b,MC,748ba01c-5d38-450c-b44c-05b46e6514aa
2379561d-c435-42b2-be36-359ced0f6e39,VISA,02d1067b-f7d5-4d1a-9f22-ade44810fa29
c469da5b-62fd-4c7f-a1a4-70487b14d05a,MC,9a67dbeb-7ea0-49ac-a3b3-5c0f543097c4
49ef40cd-f658-4e15-9962-e0a6269edbf7,AmEx,5e8d64bf-b4e2-4fe0-b9dd-11500aad0471
93d96faa-2a4f-46d7-aa30-fdd01be52d5b,Discover,fd10cc19-84b9-473c-8a8d-10e7b3e5403e
0247136f-0c18-4f7f-b1e5-c1a736b84e54,VISA,63ab864a-55fc-4102-9630-d5f818f93af4
1d0a4029-35e5-4b9e-8256-0dd2244e57ac,Discover,3cfb5674-9ec9-458c-afc7-de94a2a1c0a7
c8959671-c8fb-4768-bc81-0e948627892f,MC,4068cbee-f7f1-42da-95b6-29841a57cff2
db6580a5-ba27-4012-97e0-bc2677bc645f,VISA,1f4a27e1-2660-4ca1-800e-e3b602551922
c317cf5a-57a5-4353-b22b-5a3ace49c6e7,VISA,8d223b83-0d5a-4245-a379-720c65a7e2a1
a59f9cc0-0da6-4565-bb0c-8d6680fb331e,VISA,5edf9e2e-38c1-4133-ac37-8582cf2d2151
497804e0-6cf0-4ab5-aa36-0e7a53386824,PayPal,8f4e2370-75cd-48bf-936a-028cf7e1b8e2
bd672ab8-0892-43e5-8588-f4f919eb76b6,PayPal,326ae545-a60c-4ec6-9063-df402e39575d
3ff4a465-dde8-4e91-aefe-884f0850dd95,Discover,1e533422-009f-4e59-b1cc-79b033721ffb
99754eb0-37b4-4888-b361-4b2f3da540b2,VISA,c0c4b788-1958-45e8-9190-1efbfc36f132
78310e02-c061-46e0-bc02-14e9225867e0,AmEx,aa20174f-d7c9-48b5-9dd3-2bd8cb1d138b
98da9e04-644f-45f5-8296-1ca44427ab1a,VISA,6dd9c21c-15f1-4388-8e50-288b5e2d412e
aba2df7b-f7e3-4625-ab00-2e1b207d5118,AmEx,3748d5fd-7255-46e7-93b5-305b90052cf5
748e6ac9-7baf-46bb-99a8-7010ba9c3fb7,MC,04dc0733-c6c2-4be1-b3c7-eb65ae0ca5ae
0bc1fb1a-dd02-43b7-b608-55464430f445,MC,e2b6af52-c93d-4af1-b3c2-8f9bce7d9458
4349174f-e4ae-4f83-8840-fba0b321e42c,MC,c66bca49-a956-4414-92ea-3b6273450254
983cbd89-6ad3-4967-9e28-b295463fb0b3,VISA,7e95d26f-fd36-472e-92e6-6e46016cd4e5
fe9abc1d-cf14-4ed2-89ec-21da24629c89,MC,1d97527a-f04b-4393-9f8c-514f888c20a2
30dc7e74-f797-4ef8-a458-93e2b2158460,PayPal,3e4d2db2-db6d-4f61-ade4-0caddfa4d367
a8d416f0-57c3-4cfb-a7bf-bc4fa630f907,MC,248056e3-74d0-4daa-8411-fa253acd223a
4ac732e3-c33f-428e-a21f-586ebc44775f,VISA,5a8c704d-4622-47dc-8fb1-5f585c581ca5
301cd07e-9524-426b-ae28-d21d158c2f6c,VISA,83c45343-3bab-4c69-a3d9-f978a9891bb1
9f6ce5ac-2df4-445f-ad80-46f45b4ade77,VISA,7bd231e4-c52b-4aab-b342-d4c57092a3e3
3ca447ff-99aa-4b78-b652-039cbfab04f0,AmEx,ba0c5500-69b3-45ff-bfa5-b7d9270ad3b0
7b7be144-f548-4f49-a789-11fbd4606fae,MC,f2196506-be64-4013-96d5-3f83bfb3e96a
8185fc3e-1794-4383-89dc-8c560eedde1b,Discover,f4e70a72-da2d-4e14-924f-bccfdee15d88
55a786b8-5de6-475a-8ccb-b61638121343,AmEx,701a1909-cddd-4b39-91b4-aa63769529db
fc19bca8-a4d6-478f-8c3c-c79461c149e4,VISA,6df6aa88-f6dd-4908-a454-bb4b9b1d5503
966fd90b-7bdf-4ce3-b42c-2c8d3b00a13c,MC,a9da307e-804c-4d3c-b61d-83b404481584
fa246103-3c27-4d2d-8f7c-b9bdb1393c60,MC,e9e6f53b-79e3-41af-8330-6d87081d2963
1834ca83-c779-4792-bb4d-2931ed768fbe,AmEx,7526eea1-b75d-46b6-99c4-0854acbbb76a
8bf8604f-a7b4-45df-9133-8969c0de0334,MC,f16cf9e8-4a33-4ee9-b3de-d42c0597f6a5
dd01cc42-ec1f-4356-b29e-fc30ab0001fc,Discover,c0426a2a-2bdd-4235-b797-9533c86222a1
e16270cf-80b6-423b-b4e3-71b93b91fd94,VISA,659da037-9e72-4261-96e2-1c47758b1cf8
194fa501-e752-484c-a783-acd53ffec341,VISA,ca6d0b63-6a88-42b4-ab59-b601880f90a7
3005240c-5473-49b4-9d0b-89eb395f618c,VISA,a582c90e-7b5c-4e43-9467-1bc21f549ee6
48f4f065-6812-4050-97cc-70fe2eb0376e,AmEx,33759bc7-6bd2-4007-b18a-78d7aed08dda
50c701a6-1ffc-4a5e-8dc9-8b72c9502813,MC,a898d389-459b-400a-8934-2da4dc42d14d
07d98a61-2d09-4366-b8e4-30f6fac3bb65,VISA,ad2808aa-d692-4d02-8728-eec531a2abaf
9029381e-000b-4b95-82b2-cc313af52371,MC,fa7af2b3-9ddf-436e-81d3-be89a6b3a633
1a378a36-c2c9-4c5b-8e7f-821da3937abc,MC,e57ede49-8d16-4edd-8a6d-3991acc51598
40e01951-7fd8-45bf-a455-f000a57827ba,MC,571a91be-fbff-4c7c-89dd-c89e90b8f00b
b4adb117-69a8-468a-b0fe-ea5f9b310b75,PayPal,17df1642-2a6d-4b02-b138-b631e1f9f805
d760f8f1-9937-414f-bf2a-03601aac07ae,AmEx,9fc1d4e5-c926-4c40-ae60-cea9b04d7fe2
493537c2-2f8c-4c93-a2b0-04d09808875a,VISA,c9e55c54-4bf9-4ce2-b50d-f299fdfb5371
406c7ce4-43aa-4dd0-b675-daa3b7e9f2f0,Discover,19d2ccef-0480-4f2d-ae3e-279c819e1ff0
2d78d821-a8cf-485c-885f-9fa531074f05,AmEx,897f83e7-2912-4673-a50a-4baeafb3c688
f761a1dd-ae40-47c9-afa5-be8229dc84bf,MC,944ce057-6608-481c-a8cc-94f3706a5aef
2e206643-9b38-4523-a05a-d0b065ad0e64,AmEx,05d71941-aec7-4ea3-a9e7-8fb60aa257de
b8258d9e-62d1-43ec-9a24-eeaffff6f207,VISA,639222cc-b4af-4f3b-8eff-a57e03a5b8bf
1d1369bd-8c4b-4e9a-bcd8-30de2475039d,VISA,5ff4a0f8-4d6d-49c1-8221-e142fad8a40a
c241d32b-29e6-4482-9c52-cb27bf81b762,MC,7dd5721c-53de-4db0-8403-6c96bf61fcc1
cf2729a6-08a1-43f8-9915-a1d4de90c0df,AmEx,afd7e217-77b7-4d3a-b41b-f218627d3a52
b5580367-258f-468e-bea1-603623cf0d66,VISA,ab36a503-6898-4733-bcf5-8e24ea98348a
3b0ccf7d-5be3-4b7b-8385-3ce89bc40ae3,MC,634821af-1b78-4868-b28f-28dcd7792aa5
55e89702-c8f9-406e-809e-86120e9225fc,VISA,024f0fbe-7e54-45ac-a11d-84a7ba54d206
133782f4-f436-46ba-b054-555accd6074a,PayPal,f12a54a5-0b3d-477a-869b-29d60f4f1030
e8d5d1e5-98f9-4552-b679-07d3c8050bb7,PayPal,c203a2dd-cf69-4c9b-8f00-39f4a65419bb
0c2be0f3-8ccb-48e1-b1bd-ac7d39c06296,AmEx,ae858437-6abb-4398-8a5a-9f7a9af6f860
064636cf-4f8e-404e-aa79-1b26072769cb,Discover,df8f28e6-893e-4e2f-8434-ff9cba70119c
4b85ab18-fdcb-4160-99fb-6bb37e04d1cf,VISA,b1d6d489-696c-42d0-a2b8-d51c86fdfe16
3fb2ea48-f108-4082-83e2-b35843b25d15,MC,0f2e59fc-156d-4c3d-947c-fc0098f13427
9c0b2e81-0269-4223-bffd-23a4dec3801a,Discover,77a44910-6980-4a17-b74c-3823e652af14
88107d61-efb9-4970-a2f4-49739a5a0343,Discover,06145662-48f1-41cc-8859-6c6405382838
1cb80bd3-cc66-4316-b6a4-b8a7b95c0fbd,MC,66b0fda0-3e5f-46d0-9832-abb6b18832e6
33ed0d07-97c3-430d-8f85-c3a2710f8342,AmEx,d765fe24-e4ff-47fa-a229-c3228f6cac1b
d8534890-75c5-4dca-8815-69db0daad235,PayPal,85b01315-9abe-4b84-ad90-637f8771cf14
e82e0543-1a6d-4bde-a79d-633a260b8c5d,AmEx,d4d3b22c-8115-4fe2-930c-e5314267756c
b31830a6-265c-4cc7-bee1-da3cf7d6c6ef,PayPal,5a578b1a-d590-4ed1-80e7-1718b76759a7
1ca49f72-4002-42d2-9011-ce7cabfaa3a1,Discover,14d64dc3-1da7-4d54-b7b0-65e94dda624d
81b03942-010d-4f26-ab60-d116a2dedb3c,AmEx,74336f6a-c1c9-45a7-99c3-618938e1e8b6
b9d15ba0-58a6-41d6-87b2-df5c7d1f7e84,AmEx,5006e1e1-eec6-4248-9f15-511b4a0f2d6d
207506b2-a8aa-4b08-bc3a-f5c3471dcdd4,VISA,66661b9e-b23f-4c23-ba76-0ceb0c4c4ed8
6a7bedcf-9fbb-4786-a45e-24ebb3c70758,VISA,976fd4fb-c62d-4459-9cec-4489e170b420
36f5c010-2ab3-46da-9385-771f221d286d,VISA,8dfeaad0-eb4a-4771-94c6-71e8ba31e46b
a2b6c96a-a280-437f-b57f-767a8a4b1e59,VISA,8db9e58f-112f-4c41-89dc-8ae987722cc6
4b4c8e5c-60a3-444b-a064-37f1d44d1b4d,AmEx,6d3ce829-2102-4b57-9e2d-be58a093ce6e
e5c7888a-eebf-42db-82ad-c3986b82eb94,VISA,691fac27-41fd-44b4-907e-2688b401f7b2
97b89525-c90c-40c1-a4cc-408ae3ef4701,PayPal,12530596-e2c3-41b6-b087-cf2bda40d7b1
d8f8b233-7a3c-43dc-9808-3d6083fcb3dc,MC,31dc7456-6306-4d80-af69-199a6b86769f
8a29869d-cd08-4ceb-b5f5-67a4f50b0433,MC,e88c71dd-2dc4-4256-b70b-2edf8cae4f08
ecbe9ce9-e6cd-4a7d-b3a7-8f6b867423b8,VISA,06bf392e-d009-4387-b03c-0364b932503c
b35333be-8e78-41a3-be82-6a2e2ea4801a,VISA,d4136d91-2bd0-4fa9-8080-be42547a8c60
8982ffa3-abb7-46d5-a486-bbfa5b5d2f8a,PayPal,18b42e69-c61f-4dd2-aab8-5d29631cd020
51f9d1be-0a5b-4dab-99cc-208b608cfbc0,MC,a686e82d-2281-463b-880a-f3e24b6bff0c
81ea10c1-bf6f-47c3-9077-bf6723c4c627,VISA,7e8ffd0c-f585-41d8-9ecf-ec97cbdb04a4
66e3205d-5f42-4b77-9799-1b327605976a,MC,0e3898c9-c5fb-4878-a172-bbcba1149072
97ce2dab-3d56-498b-9594-47519da4bce9,Discover,36dea65c-163a-4910-a172-974bb5eeaabb
e7d3c832-2379-4818-aa60-8487571add1d,VISA,78dedbde-f326-4cfe-9454-e2749f4d82da
a8958a22-db80-4798-94a1-76f1892731da,VISA,e2eef95e-ccd4-4f01-b3e3-5ffd3a1bb515
829232f8-4fa0-484a-9ac2-9d3b4a0f6b70,VISA,1b5b3c30-8183-4c7f-ba58-f9029fb77b07
37813dc6-ef88-4754-ad38-c65976c67e6a,Discover,17e62e43-3b6b-432b-8040-b04895aadd59
453db223-94a8-4c23-8915-fc409d33affa,AmEx,60c93ca9-44e2-4a79-9517-5524fba2f281
7fe587e6-1632-43b3-981a-c76ad5f2badc,VISA,b17f4a6b-2204-4d52-b92d-1f8617c6077a
157ee365-614e-4448-8489-865bb1625dee,Discover,50a252ee-9c05-4df9-a215-b270c2a4b8f6
05a00746-52fa-4885-ac65-0519a2b93d37,MC,a9d738d9-08de-41aa-81b5-d01b3f86b90d
b3082938-8183-48eb-b381-9b294da530c6,VISA,40a01bda-a52b-49f3-9ebf-b2399673c3db
77a01a0c-6d2a-450a-82b3-f9fb5d9902d2,VISA,cd23c5b5-c446-477c-b8f8-13523de96d42
af1203a7-2dd2-4aba-b648-b5816c85c737,VISA,7e390bcf-f16b-468a-a2d5-d79372f58bfb
0b7e6bfe-a527-4d03-96bc-713ad7b16c17,VISA,44cdde01-ab7d-4110-9901-e031d660976d
f4815581-645d-4fab-909b-b88bc3315939,VISA,b802823f-cf16-41b6-b4f2-19f0d880920d
d30364e6-fb7b-4d28-b278-660e2133c6e0,MC,e46d6bd9-a15c-462d-b246-a70842e5bd69
9b29b53e-a37d-4e70-919b-412baecc81d2,MC,3c1a8553-70ef-4dae-8559-4770122dd25b
8d3d2333-4bf0-4645-a83b-b8008ec0fcab,PayPal,3181c627-804e-4330-822a-3b98cf5fb4a1
ac22b83b-0b1c-4568-903e-7fb1a4027a87,VISA,40be45fd-577e-4ed6-a396-d629ee465efa
94652d21-9da2-4bb7-a804-c5531569aec8,Discover,592777d7-ea76-48a6-b312-bd89493653b6
ca5c19a6-ae56-4302-a867-d1abf8da089d,Discover,3a173a21-c37f-4b79-abe6-154d16f27621
cfb88d75-d461-42d2-add6-c0d4a095082f,PayPal,2482a9c2-882a-492b-93c9-4c27d844c542
849f109e-30a0-4f63-aef6-9e4e22c4c6b3,VISA,fff4eb6c-c54f-49cd-8676-53f293f5e042
f37ad597-f396-4a46-afbe-42204d0ce5d2,VISA,ed3ee002-1b51-4d09-bdd8-ef4928978e11
4d0aca7e-0e49-4434-8f20-60d0a947a9c5,MC,e47e08fc-d933-4a53-89d0-b70ed41c62ff
96a01cdc-4733-46f5-800b-ca238e609ea2,MC,b4149c3d-2af8-4e44-92a6-e5150adc7604
b75aede5-faed-455d-96c7-7a797f607210,Discover,caa77679-b398-4c59-ad79-4b2d94d7a5b5
8e11bbb4-45ba-427d-baf7-cabb7d6dd61c,VISA,d34dd314-1bdb-41f5-a0c3-a5476069246b
0dcc7840-c957-45e0-bed4-731fde9ae455,VISA,c691f52f-88a2-43c0-9c95-8dcb1006b56c
9b971cb3-d30f-47a7-bb17-8b1ad7dc672b,MC,80e271af-dfa2-4151-b970-db721803e2a1
96f90045-cb2d-4942-9fcf-8d2f2b5eeb79,MC,183a570d-6d12-4c43-9c35-375aa5aca4fd
1b7675e6-bc94-441b-8687-f39ecfc0617b,AmEx,a370acc3-4860-47ac-bc19-12fd7511dbf2
d257cd82-1360-48c8-a430-33423752a1a3,VISA,7a3f30dc-2d99-4a93-99d3-23a13bb39683
6ac9499a-f4c5-4f8e-ab08-07a1fc956819,MC,baba5722-9e7b-4fea-88c2-a5cedcdfd25b
e337187a-ff5e-4574-9a35-57cd79c929ae,MC,73914741-f926-4083-9e95-9f47540ff7ee
2cacfd24-07f5-48d1-8d9e-f46aaa9475f2,VISA,7fd60461-366a-4439-a607-abfe7a1e7985
6ed7701a-2f4b-4510-9731-1f9f4138522f,VISA,1be77dca-b541-4b9d-80fe-e55e03704b0c
dd35b65e-9929-4263-90f5-74a7d5503eb8,VISA,26a538e4-b070-4bee-adb2-fb15771b94c3
d46fc479-6c01-41cf-b824-8035e95d5518,MC,b7054586-257c-46d7-a620-5424ac5cf8ac
e5746171-9f7f-4e42-820d-4421ce71baa8,Discover,2051c3b5-8320-4b23-9836-73d1025bace7
327a80d7-ffb0-4dd6-b271-a3df3029fcb7,MC,ae94eddf-09a4-4771-a935-8520b11ff1b2
7d8beaa7-0cd9-4aee-b5dc-959f809ef52b,MC,01c9c7d9-e7e8-47ee-ab75-e53944eee590
c04b0ab3-df90-45fb-9066-e299208df3f6,VISA,cc330ffa-b6dd-4894-ace3-bb3eadd0cc50
0edf10e5-f2d5-4ed9-a2fc-7624b2edf352,AmEx,7ba22c73-a4c9-4f75-988e-dfe579263cf7
8a5ed82d-bfd5-4a44-b4b9-91063b152fc9,MC,8c132661-b0a1-438b-8d28-31d144115fd8
83f69d3a-503c-4a2d-ba4c-2fb94435ce4a,MC,d9cf096e-49d9-4ea1-b2d9-52bb77d82d60
f95f2fa6-5c98-4b65-9ca9-fc995b348ab1,VISA,449b389f-2837-4716-b141-b159041cbb79
4ad5797a-a8ce-419a-a1dc-3056f4c75184,MC,9561c954-e561-4253-86d7-df659ecd84ab
eb0f4cdd-f167-4b4d-9b85-418af11a318f,VISA,ca158b99-59b3-47eb-969c-0a1a545a8fa0
26adfa72-427a-4e6e-bd39-f7152c8f7393,AmEx,6616a329-e95d-4ef8-b449-86c9201f615b
66a9a8c4-6c49-4209-b7b0-f2e099f148b2,PayPal,55839497-9b8e-4934-b903-ebe995c31b43
58111043-6166-4e10-85b8-7d11aeb0879e,Discover,b7b3aae3-714a-46b6-a545-4d3c1e040acd
85ea0b14-99b1-4f48-9ce9-8b31b98e65f8,AmEx,58b70992-332d-4df9-aab9-91c0611e449a
bba52a1a-e29e-43e9-b36e-c42c9bee8a80,MC,1e54a903-bae4-490c-a7ae-fbe1bb13e9ab
75069f54-e1f9-4389-ad2c-a81dea2b9f15,MC,d2ae3805-bb41-4471-a6a0-81ead865f279
3f990aaf-27d6-4ba1-b490-9b16527d6617,MC,270c2e3a-b821-4517-a2d4-3fb5b9093854
983c935c-a03d-4559-946a-cd50f5645217,AmEx,62594d28-f090-427e-9afd-6a4b82fa42fa
26cfa573-89e4-4c8c-b10a-15387c8f3d2c,PayPal,f1ac7118-98dc-4637-a14c-86217e69d0d3
a66a5906-29af-4af5-aa9a-1ebb29d1e49a,MC,a5a718e4-9d78-4f06-a700-bcd8a53e3e26
512ba93d-d80d-4867-b1d6-276b2246699d,VISA,14b6f7a9-1f7e-4618-b342-cf9b717124be
e966cda3-98c5-480b-86f3-0715c4e3c933,AmEx,2c841c1a-beda-4b01-894c-38588207672a
7dea51b4-ea9b-428a-8102-bdbecf686ab5,VISA,83a95b4e-9687-476f-b153-ade3b3c99ff2
b6475366-a5cf-4b36-b954-7a2c0b9848d0,VISA,f6dab869-2023-4a00-b7af-76f860787a1f
b2ce2c6b-3b7c-42c1-9838-727ca2dbad83,MC,70a40f20-d94c-4f63-a290-25785868f5ed
03b9685d-8c0a-4917-a088-1c428e8dcfd1,MC,740bf094-4555-4b70-9a4d-58f2ebd11ed9
0388d38b-6e37-4659-b841-799e3014c14b,MC,b932569e-c7b8-4cd5-88bf-4ee60ca7bba3
a9bfa958-b7a7-4dfe-9ae2-3bbb9c5e1f2f,VISA,818ad0c8-1094-4402-855c-871650e872df
335ac62f-35ea-46b1-bdd4-7ce8a830877b,AmEx,d6589eeb-eca5-416f-9399-c7c08ec169a9
06f45f9f-a98e-4a2d-b1ca-dafbb185f429,VISA,180acbe9-112a-4c87-a8b6-b8308e23e2a3
2a31d45f-7e34-43d0-aeae-1d0652d87cdf,MC,e89c181d-61f5-4f95-9c14-ccd331afe616
4af0c28e-eda4-4e00-985b-b0ade8e30a64,Discover,9063d35b-3bdc-4e4e-bd38-a0b34b391360
6efc514a-6051-4599-b413-7096bc2d7aec,MC,daa5a67f-e227-4ab3-b976-5a24b72c7157
9bfe1ed2-26a2-41c6-8541-60377467161c,VISA,b07107df-d6b2-4057-bb79-bd952c7f3698
7ebe7a61-9ad0-46f5-aa52-d63b4fb5172e,Discover,b14f9f99-c55e-4fb1-b835-8476e5fb3405
263e0057-2134-48d5-abd8-716a746e88bf,PayPal,974e1744-19de-4e0f-9cee-726169fbab2f
b0402d1b-c083-469e-89df-39270b976404,VISA,212d2033-a6ed-49ad-9557-8a4dcabfd179
3e89393a-e56f-4540-8578-e63a1d3fd3c4,VISA,659efdf1-2d56-455c-836d-bfa3fe1c0f51
7ef2797a-5a34-4dcd-bf2a-556815aeb365,VISA,896eea41-acb9-434e-99ae-b3fd9182e282
01ce6967-b51a-41cf-b003-2fd3f11687f6,MC,73923135-a7a4-4561-8472-dcd7b60b6955
2391d5c7-a29e-423b-a952-32e9379f6b25,MC,245f6db3-4a05-4952-8e54-ce488c9d4e53
1c4c48a3-6410-4500-b5c8-2cf41841c580,VISA,48e4cdc6-b947-4a61-a604-c1a76ae28470
9ac3680f-17fa-4ca2-b06d-c448565b9c39,VISA,e94e1250-a1d3-4458-a000-a9e7f7b2967b
cb61a280-a81c-4635-8c9b-896100c650ca,VISA,efffb800-3488-46ca-bedd-41e9b01f3a9c
5edf80c5-083f-4a04-bdd1-5d217a1358fd,MC,2e405295-98a8-4b0b-8c7e-16e4f15a3c15
ff263059-fa53-4952-bc6c-6befdb2ae479,VISA,90d6a159-d1e2-4a9d-a9c8-35edbe7644e3
c6084309-60ca-420d-81a1-db2d16d8165d,PayPal,82ce81e4-c021-4f62-a587-43ec8f76c22d
3e695af0-ada0-4383-aafe-b744f5eb51ef,VISA,edc0337d-53ab-484a-ab0d-3f1923981d49
41323c0a-9bed-4a86-8e12-bf3f537abb8c,Discover,427d112a-f4f8-4ea8-9013-bfcb32ea7f35
2e2ca2bf-cce5-4169-a6c3-39e24e74f6ca,AmEx,6549a2d7-611e-4c52-b662-84c828ae1665
6861aa94-45fe-4303-9472-a0d644e314c2,MC,23b2fe72-7e2a-414b-ba62-518c2b195860
77eb37b1-b62b-4e94-8d3a-bfe0a90a8460,PayPal,cf3119e5-b688-499f-be2a-2939008a418c
74969ade-5b5b-4b6d-947d-207dc0aeaf3a,AmEx,c6b49735-0b75-4640-9b2e-bff8d0d9d8f7
3646f520-577e-46eb-9ba7-a95d2b184648,AmEx,13d69e18-890f-4258-9d2d-f288bb647ffd
1c9cba62-f916-4ed8-aee0-1f992b05dde7,VISA,c3238426-47a3-46a9-bc1a-e180f7553f03
2dccf374-c451-4075-874c-283380309098,VISA,2180d3cc-bf08-4a66-a27e-5e4f36884451
7a867214-152c-499e-b3fa-910b44b455f4,Discover,3ae81d20-7ef9-47ae-9eb3-c8c9f524998c
47edf675-4f11-4210-b7a0-bf5e5b8c40aa,MC,cc8a715c-8074-4179-9db0-f6dc38a89daa
be46c115-4310-4cbd-9dad-5c2599665789,MC,ba6e127b-57b1-474f-a401-a50c44f61bd4
89747cd4-ff1a-4c58-aeb7-a916db8774a1,AmEx,6cacb992-21bb-4b79-86c3-5bef3ac3cdd1
a4f6b6a4-bd10-47a0-abe8-99962519db25,Discover,419d512e-d5c2-4dce-b8fe-13ceab53e714
8b60d3f4-490e-418b-af8b-897f5dd03631,Discover,3e69de6f-daa9-4e70-9686-3d6662fce294
1cb71921-a856-4a6a-bb2f-afafff73a6c5,Discover,f7e031fe-fee4-40cb-a355-b19a03a31ef7
201aa1ca-7c5c-4ec8-9c34-ad6ae8007cce,MC,c9191532-5faf-44d1-aa7c-df41a94c6f41
c5d122ec-5a7e-4911-a3a2-c0f0e91aea6d,VISA,20d46168-8603-4d6d-9f73-f785f273df4a
9498f004-ab3b-4ddf-9a0e-493161d047d0,VISA,0e12ecdc-7198-4d07-994b-c4ce07700ad1
5da12ca0-fdf5-4949-bdf1-ea59d576a12a,VISA,4ad13ba1-5961-4b50-b913-13264d7cf463
8f800ab6-8e0e-47ee-be5a-ae5146776816,AmEx,3fa52e26-b7cc-4543-9ec4-0fb85c379cf6
4162be16-369b-47c0-adbc-d4659e240c4b,MC,ab20f95f-d0bb-4a8a-830a-52e8d91f5ef8
1343a9c6-df73-48a1-b65d-e57d0d53dd49,MC,4e453134-245c-419b-b87d-d0a41612b203
b9cc9521-4c30-4321-9d70-4f08eeb88b1e,VISA,decc2609-9d4b-40d2-89b3-adeda3cb9577
a02aeddd-b478-4853-bd7a-eb71274266cb,VISA,b691877b-e9a7-495e-af60-314bb6bb8b07
5f8a6d39-aea4-4abb-85d3-15f4ba2a68d3,VISA,2f4e62b6-416c-42da-8de3-ad590cef8f51
8afe5bd8-1ad6-4213-af13-b1b0cca051b2,MC,349d19aa-f9f8-4b22-9257-7ed1dcc3d484
974debe2-0636-4b14-ae3c-e777a7a47b19,VISA,0181f78b-df2d-44a6-8608-ccb0674e663c
e110b0dd-3850-4587-b412-783aeb1eb500,PayPal,08617caf-e648-4238-a651-6421037e87d5
b655bdf9-0213-4c47-b8fe-dd5d67bf5900,VISA,8dc6b68e-a6e8-44a1-b035-0f96da97df60
a023573c-8b35-485e-9fe7-5ed506303899,Discover,f28d78a7-484b-4095-9e30-2f99ba46cb89
e720e6c3-5f7f-41c2-8f10-b31277cedf97,VISA,70184064-c6ba-4ef6-9fd9-d6c8f1ec516d
c9c47f89-20cc-4fc7-bdbb-aa2ef3411dfc,AmEx,05721a92-91c6-4df0-ab32-63917cb74ad1
233dac0a-a6e6-44b0-bb65-c992637e21a6,MC,a1f4121d-fd81-4a67-9407-02b84b155884
609a38ec-d339-4efc-8a72-4d97158095b5,VISA,5ae1f060-6322-4f9e-bee7-e3a7a9ecc830
c3b09c43-4687-4d85-ac17-2a0930a257e4,Discover,f532389d-f88e-43c7-b9b6-ef87ea2eacd0
d81eaeda-56fb-4ec5-b019-15db44c5bddf,MC,bcf3d55f-4bc5-4ccb-a024-dc0c446edf6d
06178857-2308-4c4d-86d4-bec8eb335f2f,VISA,22a90ceb-0a93-4896-aa66-937b453ac768
ed12481b-5a46-4c8d-8129-b103e4965e08,AmEx,625239be-969d-4255-85cc-848deaad8aea
89c78de1-4170-480e-8fe1-23f954148727,AmEx,aecdd8b1-3c4d-4f70-9da6-96e59cb268db
8c6e3340-0a77-462e-9d45-5e227a3be485,VISA,3493fcb7-877e-44ad-8817-94d7e8ed3f45
57d77c0b-abed-4832-bcd7-d1a00ee26672,MC,7f629c83-a728-4976-abda-42962b14d594
23a240f3-18f2-45dc-a8a3-fa1c3cf22acd,MC,2397a66e-a612-4e3e-aa85-85a75d5b2b31
a1a7d956-0ff0-4c17-a450-a466f5c2a723,Discover,ae170b3e-b65e-43e7-b143-96d1bd983a84
9f70c098-f0ad-48b5-93f5-25f2fe2c2e1f,VISA,cd968095-6ddb-4dd0-8bec-c52dce285125
aa0a5f93-3335-4e9c-9bdb-a4e8d5b20ebc,AmEx,97829836-52d8-4cd1-b9da-c579cdc4cf1b
58bf4720-ec1f-4989-90e8-42a538acefc6,Discover,e6848534-75c9-48ef-ad18-871d555bf844
596cd113-5b93-4203-a40e-c68d3f6afa19,MC,ac1bf6ba-3111-43a2-9177-e7760d9c27ea
3a88bd5e-1beb-4e86-b852-e920fffa1c35,PayPal,f065643a-49e8-44e4-aa2a-535abf34f5c6
8f6f785f-d82d-4de5-bdc4-1ca508d87946,VISA,32135a44-f24a-45a2-9574-2eaadc197a1d
b936744f-b57e-42de-af70-b4557f21ee35,VISA,26ef4560-ffc7-45f4-81fe-08622d2470a7
7125e4ab-526d-439a-9713-6210b456d615,Discover,84ade450-3b57-4dab-b101-aa188a8f3494
5e7189a8-6fe3-47fb-9bef-334db075d9de,AmEx,308d49bd-7da0-4d90-8c5f-1d9bba7f0fb0
b2b04e95-ccb7-4ee9-8b7f-77c086b3e8b6,MC,7af7a4db-2ece-4378-9a1c-7967b67b74a4
3e1b6f09-c775-4305-b230-201738e3f955,Discover,0e04d7df-f239-47fe-a427-16fb72d72ab2
ea4160f9-e01a-49f9-8fe9-edb340299380,MC,4b21ab14-3dfc-425c-97fe-0032e413d2d3
f08188d5-0c06-490c-aac4-f2c5d62e15f4,AmEx,2ad0c595-77a9-412c-8d10-98c1164a4061
ddb99ddf-b69a-42bc-8a8b-79b054480f58,VISA,517cf15f-ea12-49cc-bc07-283565821db6
c64cf0cf-8dd9-4efb-bcce-d12b645bcb9a,VISA,46cd2c46-0099-4ca0-8dc8-28286646de35
ecaa51d9-eb74-4650-b199-9976f284ca56,VISA,6e2b19e1-a228-4597-a685-9a3d5a32fff8
5e949580-8c9d-4d00-b20b-39baffd9e620,VISA,41cd9c9c-8976-4989-8427-b71595f9030f
ee5c3ce2-bf43-4bb4-b13a-ff44daadcc51,AmEx,575515cb-c65e-48cc-9083-0a99bf6afc0b
c347f967-d0e6-4838-a88e-11087436821d,MC,ecef3de6-d36b-4408-b313-db4ead67035b
2820a92e-81a8-4434-a1cc-215330bb738e,Discover,9baeb17b-189d-466f-9c0d-cbb9245ed7b9
56e2f769-e701-4b43-b491-b2c784e8fbea,AmEx,f4a3f186-b2f8-4065-974e-8ede525fba44
a2e8ad90-57a1-4b51-9b43-21512edd0f15,VISA,6bed78d6-ccdc-4d52-989f-f04a1435fcfe
f7d69188-5e59-4132-99bc-21e65606c501,VISA,e8cb76d5-49f9-4db1-865c-edcd37d9c14d
6dbe3c84-7316-4851-9dd4-e5d87cb9e33f,AmEx,91ac7b16-1a85-4163-b2b4-7c2775f62a88
1806efe1-fc93-46a3-8d52-57ecd9e8cf1e,Discover,a3ca715c-58c3-49f9-965b-a3c144e52e7a
38bb2ad0-0561-49e4-8a2e-09b22127982b,Discover,7fb29af7-0111-4d38-94c1-09aa0e79edfa
eb99c860-4756-488f-91eb-2d56236ebd1b,PayPal,f7140d9c-883f-4872-b10e-439aca8e0844
01e34f80-2494-4562-8ff5-0f1abda33173,MC,8ca483f4-81d9-4c5f-8a7b-906046fbd151
e0c50e73-577c-41d1-a178-21518f6529f9,MC,2b52c833-2c74-48bd-8bd1-24ad297cb5e6
d0eadb48-ea87-4f66-8641-4bbbc4295f54,VISA,db200b66-550e-4456-8546-e1f793f1a836
40691c53-a635-426e-83cb-adcc9973da92,VISA,83d6b907-f91c-4ecc-ac4e-fa0074e9d87a
c16a6385-0567-45ff-a349-f057e22a6c2b,VISA,897b85d8-ca09-4e5c-aded-286e8612c626
fd8cb59d-b9da-4970-8f05-6e7379beb91f,MC,52afdeb3-ee6e-4aa1-b6ea-ffb345f941e5
d30bb884-8c3e-4c11-bb67-d3882597a238,Discover,42c2213a-0603-4b0d-b51c-9727e17c246b
77e94399-1445-4828-888a-8c6394182172,MC,4cf74a57-4267-48a2-80ae-6d82859c5cac
476f525b-d70a-4bca-9065-4b0c95b4ffaf,MC,d92c1908-eca0-4700-b7b2-ba73c6040762
5fcaa09a-55f6-4802-a6ba-dedf1caeb701,VISA,eb982321-5458-44db-b072-7f84ac6046bc
5bb7732c-243a-4aec-920b-0d150c374c91,VISA,23e5036c-6209-43f0-9264-63743d410987
b5e4d3d6-fcf5-4a5c-8b11-a1c8a9723df4,MC,4ee3ed80-9c46-469b-a58b-d299907ad30b
1a2c303a-426d-4e15-817d-89a63d3f89a0,MC,4861575d-3ad6-4f12-9331-6532e643ea8c
03a34862-5c9e-4649-9b46-c6c0b13812e9,MC,1dbd8160-4778-4788-8bc7-1e206b0bcb66
7f0825bb-9bf6-4eca-94cc-72b287c28c58,AmEx,51c9213c-8088-4ada-ae24-a65737d4108a
59b9d5cc-813d-4d48-a0f1-d040e6946e43,VISA,504f37e9-298c-404a-bf70-100eaca3c579
37618f99-9046-459f-bc7b-25a3bb533da4,MC,9b1de3c9-45ae-40e7-bd33-e1c07e12b6cc
1bf49af5-f619-44b0-8970-a7e195979b62,MC,abb2c815-db27-4c9d-a038-6e42b4c5ea0e
8cf7f60f-ea27-4fa2-b84a-6041aa7df855,PayPal,7eff250d-2a93-4911-ac6c-0b248cfc2d57
69ca6a55-e6af-44f0-a874-fed24a7cb097,VISA,5c42c00b-8e56-470a-b521-0dd819598fa7
47182bf8-4bf7-45d6-98d5-51d245f40763,MC,45114995-7cb7-4cde-a7d3-34d30e871675
fe9f87f5-fed9-4b0b-8c83-bc742e5e630c,VISA,9c2cf4e7-7679-4dcb-9cf3-6079b2488240
9f521492-591b-4e1c-a629-b33112811f36,VISA,53c8d08f-3949-47f8-b47f-2ed4fb90de76
fdf87ddc-9477-46d1-9c58-cfc29b71ad72,MC,ee6c2d97-223b-4f74-be11-6c3283192e62
f8d78d04-3b13-4281-8d3e-82d9a16706ea,AmEx,81151eda-3e2c-4f5f-bc44-7089a11c8094
d5621f0e-f86e-422d-ad57-a6194a3fc297,AmEx,adfaddad-c49e-4c87-8d1b-ca5b55b487e9
65f0a798-b996-472f-af0b-5365c82bd11b,VISA,b6356148-9666-4066-8c01-394350f598bb
a89c3f39-4b37-40b1-9df9-ab0259c0c464,MC,d351e796-4a56-4601-bab8-0a17f381f226
ff58395a-af53-47df-9fe5-47080af07b25,VISA,ccf5c47f-304a-44c3-9ac7-6365b0978ed6
d9a458b1-8a8f-4ec3-aab6-63926dd850ae,PayPal,4c7a6736-038a-4638-8f5c-1c229c2cf15a
17c922be-9cc3-4adc-bfa6-e498cc9102b3,VISA,b4c7e94a-4913-4e74-9a83-e428f5894420
9a65b1c3-1624-4f85-be2a-6ba52b85e740,AmEx,af05d430-c3d6-49b6-9a79-9d6bd8b5757e
56116774-36ab-4f53-8ee3-625a22c900b0,MC,47203485-c5c0-42d6-aad4-496879d54e5e
d0325986-c6c9-437c-bb1b-3f250b786ac0,PayPal,28bd9bf0-a424-459f-8108-baf6035ad691
511bc4d0-ccd2-4037-8b60-b36ce7c40166,VISA,26dc5894-135a-4351-bbcd-874233162549
8d787f1c-2e52-4663-a7a2-b63e4b110303,VISA,1a08d696-768d-41dc-93d4-24399515f7a1
450cc5c8-88bb-42a0-bd90-a384d9f1c07a,AmEx,70ebc916-8324-4a28-81a3-830d5530e54a
35c35265-b15a-4d7b-a271-9e2ebac238b8,MC,3a1a2efc-5349-42a6-bd48-d9335bd69087
3dbe1b8c-5583-42f1-940d-f551dc277be4,PayPal,e3d26858-6819-42c0-9355-bfbff0434d4f
8c5ec6f3-5400-4393-964a-c2ecdcfb8aa5,PayPal,8c18a063-31c5-4375-ae19-3dd045c062ed
d3a8d1b9-defe-4aad-9a5c-1d43b3a8cdcd,MC,3f13aa85-b014-4d53-a8f9-eeae76b21b70
b92db243-64d0-462c-a2e3-5ceb540e4bde,VISA,42b3dfe7-3b5f-4640-86d8-36b4f5f5ec5f
294bfbce-ea33-4ff1-9fe5-ecdb544a7f70,Discover,fb5e4aca-3b49-42a2-acc2-fcac2d17e7cd
18c00574-1ff6-40fc-8085-869071c7dee4,PayPal,92418337-f826-4103-8d84-1273f4d5d5e9
4162709b-17db-4b91-ba62-9bc3492606b0,VISA,38348b67-ee0e-4ce2-97ad-23c1a7ecaa1f
abf637f6-b5be-43cb-a3f3-9b330b1b5b19,PayPal,ef4ef72b-a87c-4782-99ab-5faae1b4ee7c
ddb4335a-cb89-45ed-834a-9dda2079a4b7,AmEx,f42008f6-a66e-4c3e-8bcc-90bc4062a0c5
e68576a8-3e6a-4761-84bb-0280736f8b00,AmEx,b5b88ec0-2105-4845-95a2-146d568b3704
6fac219a-c81b-401a-bb68-112aa76fd907,MC,eda08366-2acd-4225-97fb-9fdd23008de6
bc978766-53af-4d92-bd76-bd2b78997d53,VISA,67731c76-f3f0-4b68-aea9-553e7d1c745f
a4ffc7d9-d6b3-4480-9777-4e74cd570e72,AmEx,f8ad5f29-8969-47d0-a7ee-4baa77e6ad92
7989d206-1d80-4ae0-97a2-3668c088cca7,MC,0d289613-91f9-4f4d-b756-ce750a03196b
0728c65b-344e-4401-bf4f-495210a91053,MC,b65249d8-38de-4799-b21d-1987e724be45
e0be06a5-9dd7-49bf-9085-ece81abbc9bd,VISA,829bc82a-e4f9-407a-89f1-a8a501f9a20e
0464a014-32f6-4636-a9b5-e96b9acf7de2,MC,d96a18db-c293-4bb2-a360-c12d975c0809
7e8707c9-a357-4871-a219-19cf52d8cfe1,AmEx,9da070b2-1497-404f-9a8b-fda2b7b36950
aa88070e-3e48-4512-b18d-5f5bdb18b750,VISA,a59660fa-68f2-4b14-890e-7c58178297d6
48ae295e-7479-4bc2-8529-f6f27fc1f572,AmEx,b9f4145c-d64f-4b9c-9d1d-75384ef0b145
6fb0e407-c59c-4d04-9c61-da342f5c2371,AmEx,e962d0ec-13fa-4413-8bf9-ec85e7b8f23e
de39ea0e-bc30-450c-8ee3-7a629ef1d282,AmEx,bf1f456e-917c-4097-8f26-fdc9a6cd33e6
80086528-eed4-47d0-986a-80ed497ae97c,PayPal,853c4ef6-3f51-490b-856a-aef7bfe4d828
43a3f8b7-5f7a-4ad8-9570-7d9f9fdd3a76,VISA,0f3b9d87-87ce-4651-a1df-7058aca47366
4fe0b121-3728-4513-ac56-e3fa477e73d3,VISA,16d913b2-5a67-43e2-a6b0-1c4cba847411
0351d856-4aee-4d1e-9a22-3a11d3880b6c,AmEx,eca08ea0-2a83-4f1d-82eb-d92f31284d53
04de7391-4727-4d2e-bbaf-1a94c790c2a3,Discover,77935f28-d2d7-4109-8779-5bc9a8da82ab
b34985ba-9514-413e-afbd-27775cb5098a,VISA,eee15ccb-b1c5-4f97-984b-d53269d20908
942f3315-b14c-414c-b249-398cf6f9ead3,VISA,38c6a80d-98cd-4cf7-93e9-ddc38c27d4bf
225ce988-5372-4bd5-8e3b-784c9b3b627c,VISA,26b703fa-7222-4185-bb71-87829053c192
b9326376-142e-4851-b600-1f4e9a01b896,PayPal,9d77f9f5-574a-4826-8172-acf5c4394d64
b008e129-776f-4d4b-bace-cfb86ee336e7,AmEx,776bedce-f01a-42fa-8a39-8028105e6e9f
ba11ca06-a55b-4e2a-a8f7-5ff650d67827,MC,2f02a5f4-5c2d-4660-9e1e-79503f2293d5
c92fc7e6-32ec-4ea4-a309-6c331c807e49,AmEx,1c99b3ea-307f-41e7-868a-e1426f48339c
e22b2282-b55a-41db-9a9d-fc73836c1277,PayPal,57a5fb71-316b-49c4-a249-00d29072a0d9
acf742ee-a7aa-4510-b498-a30a4d1748c5,VISA,6386db27-6a11-4dab-8576-3c5d348b4024
0016ba5e-fa5b-4607-8b39-75864234563a,VISA,661c95ad-ee48-4917-a7d2-06a91cad61dd
6d43e3b9-d716-41dd-9935-52bb55034f3c,AmEx,3f0cd2f5-532c-4c61-8b9a-46efada839d6
2c22da1c-15f7-45bd-a35c-b727a90d4eb7,VISA,c242d711-f512-43c0-88fd-2b95bcee9db9
c9cef13b-279a-4ae9-be93-80f2af98b713,VISA,a5849628-7c76-4d38-a972-032bc5c84d4c
e40f0366-621b-4679-86d3-117df345969b,VISA,93d0bd25-a04e-488b-8e54-0955db13a42a
452b28c0-dc66-4d82-9c75-2eff0e3291b2,VISA,68b99d92-52d0-4f5c-ba13-e415d34a815c
ea607935-481a-4231-b78a-e2ae239f1b02,PayPal,4ec70fe6-7a80-46ec-b481-aba3b19da709
fb596853-03a6-4027-8c2e-03b2b1b37f4c,PayPal,07895c67-64bf-4a39-8b82-9cdf6b4772de
d08b8b9f-feaf-42f3-a1f3-78085299555d,MC,b95048f7-7fe8-447a-a955-f3bf378242e0
9224de4d-75cf-40a4-8f7e-9f847042c06d,AmEx,0b606af2-5a9e-4e04-88ee-fb38e9866579
abca72fd-4b49-4453-a033-37ce99504033,AmEx,0797f3bd-285f-472b-aa77-27ff91af8457
f5698a86-7fdc-4c45-af67-47c32861f05b,MC,3a9350c9-5e3b-400e-891b-28e1900fed39
af750717-077c-4598-ad2b-65441102e2d5,VISA,702f4e60-52a0-48eb-97ef-f6279062eea6
ed0d92de-35db-4aee-92e2-bec37de80e71,VISA,48b8b931-d785-4e33-a76f-244620b784c1
35e670a4-ea53-48ef-b68d-cff758fc2795,VISA,14005478-cdba-4587-b1b8-05f1431b6b85
cd8f3f32-fddc-4ddf-b081-902a1449286f,AmEx,ab4ab0bf-13bf-4d7c-bb8f-e3cc01369443
bb4723bd-8553-4ee0-ba03-ae94e3095d09,PayPal,39e90446-df07-4f78-8f59-329beb9d01ba
aeb42225-3add-4689-b74a-e3071dd02ff5,VISA,d3881aaa-95a9-4827-81b1-128dc135b034
e1f1a776-98e8-48fd-bfc8-abfa3471017c,MC,1b834c7b-89ab-4169-8f2a-08f147f24bcb
53f3deab-c24e-475d-b6a2-293a26a9ec87,MC,e7eab5d1-7518-4953-b99c-0549d1ee3cf4
2d0e4712-cc86-40bf-8ff2-841e0b652065,VISA,0e46b382-b04a-4931-bb63-b1e33476a9ba
67bf0731-32e1-48ad-8b4f-f6e760c1fc5b,VISA,6a90b05e-f6c8-42b2-9b97-67db33ce298a
2b975621-2548-43b8-9031-8378359c0854,AmEx,506a064f-29ed-4d77-b002-de8df8fe82b9
a0292839-dd88-4954-a18e-b089b455c70e,VISA,6ee32dc3-2851-4994-9243-af6025bd6efc
046d94cd-f309-4a87-a3cf-231b6ffc9af5,MC,767d226b-bd20-42e5-bb42-d2e365b6b9db
35da8919-33c2-46f6-8e16-a68f44cc6d2a,MC,8620c012-9177-464b-b76e-4850bdbd3fcc
950fb0fb-9604-41f4-b6a5-a8792e9ef124,AmEx,b1a8c13c-6c39-4a11-9738-6b34e587d617
3d74c4e0-4a12-4b02-9e50-35f38aa3f305,MC,d6be8b2a-dd95-4396-8681-3fba51fbb7b3
2fb711f1-9881-4c68-85dc-08481720ea30,VISA,7cca1cc9-9386-4458-b541-aba185134b88
b0fb000f-b3dd-4959-8772-83fa9d830d1d,MC,7e43ee9e-ba31-4daa-947b-d26dee662ddf
f41307a8-c591-43f4-a895-ed12367f822e,PayPal,1f895335-45ed-4ba3-837a-a2d343ead06c
6160fb3a-af7b-42dd-a12a-82eb107e613c,VISA,528b0c61-7520-42e9-928e-c4070db89af9
4514e9ad-f133-490e-a9e0-a5e60059df4d,PayPal,67e42349-d8d3-4ca7-a7c6-7c2770c356b5
713f0114-d4b5-4a2a-ba44-eb830023e6ad,VISA,97314ae2-efeb-4d2a-9a34-6825328e4628
c3289b6c-6d0e-434a-98c2-9c2b1f72803f,MC,7e7d5bca-3b94-47b3-aa7a-c8ce6f7dedc6
9ff4ec41-9621-49ca-81d7-bfd424abdd6e,Discover,551c76db-9a36-4b95-9e8c-ce99b7a4fa55
40f6d35c-a3c5-450e-8316-24ef4ac8646c,VISA,0433a426-13da-43b8-acb9-8002130c69ba
0932d450-6dfe-4aec-9dff-14b6c2082a39,AmEx,1adaa877-a4d4-40ae-95bf-baf039b4d75e
8368ad01-f252-4e28-8fb1-b3bfe3630859,Discover,dcd157c6-0884-4a20-85e3-2c2d8773c9e2
72861c81-aa03-469f-a3e6-fcc6b6a7680b,MC,969e06ec-b5b1-48d1-891f-194112e19ccc
bac2ea24-5f58-4a1c-8c13-d38444beb82c,VISA,5dcd1498-edf9-4a7e-8d51-8d7e16fdedeb
ef2a6f18-779b-4bdd-9181-915a25227bf0,Discover,56c9a0b2-9c48-454b-a874-bb7878e7d7a1
c2c92a44-1a54-425a-b1ea-b0a89263a2b5,VISA,2a0c1711-dd08-4a26-8260-0a0c5b510194
356a75fe-aade-487c-b285-b79dadd02560,PayPal,ec2759e1-085a-4aab-a21e-b73bb9479e21
a00b915d-913c-437b-b5e4-7e4f53073638,MC,a240ba29-a8e6-4b77-b86a-ed659a172e0c
f91bc1b5-e22b-4d55-a7c5-4d9591f2745c,PayPal,0429fa01-69d8-4a02-af70-824c4121c351
0bb9ecc5-85b0-473a-bbd0-8fd85e0d209b,MC,751990f0-8df8-4812-9247-34bd7a6f4da7
1770b7e5-729d-475c-b8ea-716423ef3e4c,AmEx,94f683f0-c77f-41c8-bb0e-3b27d4a3f49c
29a6f48c-fd4f-4a42-9402-7e8b07520923,VISA,35289696-167c-461f-bf3b-ae20d3e669e8
11242a5e-69ae-4fca-a318-de19e1c5ebd5,MC,45068cb2-45f5-4fdd-a711-63686fd9f038
0dfdd7fc-7295-455e-9a6a-673c21ead9f2,AmEx,7c00d07d-8f45-4f30-99c0-24f58c57f336
c8ec37bd-1d1b-49f4-87e8-247f6b02025a,VISA,ecfe5da1-f23a-4017-8239-78f56d1f90d7
6e5d8afd-1a5a-44fe-90c2-56c6eb24c760,MC,452c7d63-e58b-465e-9752-3dd9fc7eba5d
25f631b6-478f-4b0a-a145-f353e91bd4f9,Discover,9a8998c4-d45c-4345-a68b-f17428c5d8fb
fa576f00-2c6f-494b-9a1c-11d039260779,VISA,bae38c9e-1914-448d-9dfd-64118c51c31a
84a0c00c-dcc7-4ffc-adc4-bbb2adf2cec3,VISA,3cf92404-f27a-40c8-8ca1-ac981f5c1772
384128c9-7bb7-4962-9184-b7bce43ca41e,VISA,103d254e-1b78-436d-b2ce-570f59cbff2b
3fd1c994-56aa-4d9b-a875-fd7e6a07b0e9,AmEx,d7fc24e9-45af-45b7-b909-02cb879dfc6a
0c572ac4-cedd-43e8-a819-9732c929c2bd,PayPal,a5ce65c9-a30d-4506-ac24-58224be11904
f79b65cd-65cf-4d81-bb8d-4a525d79f8c8,VISA,11d0f7bf-3ab1-4668-a867-4e683b4756f6
0f7e732d-19a9-41cf-8d67-835d61c3af85,VISA,6be0ca58-cd84-4bcf-826d-3ab10658f4d0
50784ba6-f254-4bcb-87a5-a8ad0c91b0d1,MC,3e771ce2-89c2-4f7c-ad43-db28ddae2dcf
ea52725e-aca6-454f-b559-2774760a501f,VISA,b5a0e4a8-a4bb-42c9-89d3-8c8ad1f8cdc2
41d15521-b397-45cb-a71e-ff90e44563f2,PayPal,bcbeef0f-1cc6-4add-9241-ac5a215fde97
22844770-cfb0-49ff-917b-6df1ee4e812e,MC,9a555305-9ebd-4921-b51c-7c9b7b4da3ac
f0e8b48b-bedc-4649-81fb-83ebee0c6536,VISA,c59680bc-9110-45a0-b7b2-1c838401132b
f9f392af-6e4d-4b12-9c7d-f28831b9a9b0,MC,4b453cca-72ff-4a39-8261-e6415fb240a0
ac3ee242-f03a-41aa-ab38-8b4dc9894eef,AmEx,544ad833-0649-4e2f-9013-cabeb5b4dc47
d54e9e2b-a231-4b9c-959d-188c4ddde730,PayPal,cbf89fe0-6087-4c0b-b7d8-6364eb02a769
64d18737-e0ea-4054-89dd-a8e00abeaf76,MC,842cbd90-7cb6-4fe3-8ee2-33e00646b600
f09654aa-e746-4120-8156-44d101da35e3,Discover,bdb26d4b-6c36-45c6-b068-6e1789074a09
a6a67224-513b-44eb-9fbc-b1c1eb9142b1,Discover,86130907-320e-4fca-9e47-d5ef43977d80
fc084f8e-552d-4971-8ca5-ef064041f003,VISA,fd4e5c79-9b90-4cc5-b54a-2f7f3c861355
b69e72d0-91ef-48fa-8ab8-5688148e9e1b,MC,675b04a8-9d2f-4360-a549-b926a6f7fb89
2e73f126-67c6-49e5-9406-20cfcf14fdaa,PayPal,59580973-e553-49af-9245-027c11bdc632
01847fe4-3928-4d2c-bc10-244c4a36c0ab,VISA,1abab724-fb6b-436f-af10-c13a29e02181
dc1c8100-3144-4373-9e33-9976c59bef9a,VISA,677481d6-d2f0-4ed0-a392-0f313fbba89a
16a598fe-97f7-4df7-ad4a-2b2936700e11,AmEx,fc215008-8472-4cbd-818c-f4e87167f882
bfc51a63-7d5f-4303-a0f1-756bbecc661e,VISA,488b4727-228a-470d-aebc-af4fbd50c65c
295e8006-c0a9-4aaf-9f95-93aef7fab7ec,MC,c28bed55-8b72-465d-bcb5-24c4cb12d783
4fcdc6d4-21a1-4fb5-8944-68adf99f193f,MC,76473584-c63f-4f4e-ab93-565e12c12020
64c9e7e5-e17b-4017-a1d1-ad18d1d53656,VISA,4d398318-9b8c-448f-9568-6efb55313245
563cbf10-9fc1-4755-8ae1-58f2fd333b43,MC,2e8185f8-c97d-4d83-8d0e-c5f76b90e84f
f96728ea-8841-4ff1-b3c0-cdc080531be7,MC,b38f8429-774f-4ab7-9ffe-9c201c0ba273
c4dd5cbe-e6dc-497b-98d3-29d9b6ef5e71,VISA,51e07a48-724a-4241-b11b-20288157c6c5
2f8ee70f-737f-4ca6-82d8-7918f39b8f99,VISA,a0d8c028-6b8f-4430-bc2a-71d49f0b30b1
4f47a1c8-d42e-447b-aab3-280229c2b04f,Discover,9a7d90bb-58ba-4041-9807-d8caa38f0e3a
7d502a58-3cd5-4d32-afb6-323ed11b2eab,MC,0a892882-f6d1-4f84-8f86-6df41b6c4d51
2c16ca47-846f-4914-b076-3bba56861f11,MC,b131f703-8567-4784-9c39-f3822a2c69fa
6e88a9b3-7f25-42ae-a1bf-757c2c88d196,MC,eb76d47b-c8f9-4dce-b753-ec696c9b3826
c23f6e8f-9664-4137-9f28-cbdafc4a5463,AmEx,7ca393b4-b551-448b-b084-d0b459c89c57
d83cefcc-26ae-46b3-925e-5386e0e19f4e,VISA,4d4e5938-fa4a-4d63-beb1-12c098efa83a
17f14280-60af-4024-9827-9e40b79b0a8e,MC,7dfe6cf6-cabb-4480-8ce8-ff35771cf666
cf51d556-3911-4339-a454-ba7b129d39df,AmEx,cdcb3463-5f39-427d-98bf-853fbf1b6278
c0a532b2-74e5-4ad9-83e9-93202b25f625,VISA,e625886c-28cb-45d8-9723-5c09f49659f4
526fd01b-df86-4f61-9778-67aac55a53c4,MC,5049a890-6ea2-4088-a850-faca95c4dab0
4224e154-b573-4f1b-8b18-a3cae473989e,AmEx,28b71f68-ddde-46c6-a29b-1522fe435c07
76e83eb4-8afc-47f3-a585-87e4908da97a,MC,0b9be50a-32de-4d08-8fe7-b629f8af1553
02754b15-7508-4592-842b-4044316f9d95,VISA,6868a997-bb75-4fe4-bfe8-4723103feb63
81cd18cc-2ab5-4ecf-82dd-8a5372f4c2b0,VISA,ffc20013-99b4-490c-bea8-5fae648724c9
d2049203-bc0f-44c4-94fa-7d9ecb25451c,MC,829f92e1-f9a3-42f8-bc84-19c025ae83fe
67a05f30-bd67-4bcc-9724-79141c856f20,VISA,7c48343b-5e31-4386-83dd-ca13f1264eb4
215e7e41-0b23-4404-8690-48e26ae77760,MC,fef3a469-b10c-46b2-a0a5-107bebfb4d6e
f1bb4020-0028-4b4f-9746-cbbe9d2c0db7,Discover,14cbc9eb-24c2-460a-a556-d2deaf6bd478
77b98478-b1aa-4672-b7ff-5232bdbcef9c,MC,6f3b1543-e3a8-40f9-84bf-6a729a64ad7f
a0a5b5c8-6ef4-4a6f-91e6-5c6e83b4e99e,VISA,d42d7a63-3892-4b35-b9db-a22b0be4fbdb
c0b0b01b-4b52-49ed-bf6d-b2d129aef34f,VISA,cf4a0e38-c7cb-4289-a234-eb93bea38ac5
0e833c6c-cb27-42ad-9917-2f0660563b0a,PayPal,bb5ef2b4-2150-4d06-be0e-742826afddc4
0d61c7f3-999f-43fc-b70c-81665608f4bb,AmEx,8a0f8804-8af5-4c65-8525-f5bbb5acdfb4
fdda94b8-ffa4-408a-a7bf-8c689e32ae8b,VISA,a93b47c5-3f27-424b-976f-ab9ad089ffcc
333aab34-e932-4a8c-8281-1aac1bf1139d,VISA,967cdb9b-6926-4b84-8241-a234dafbe15e
5b0c8a36-5e4d-4de0-8140-6c3ade06d040,PayPal,d545db16-5002-4e6b-b2b8-87b0bd3acf46
8db2ece5-4983-4217-be28-e6ada184e043,MC,12aa6bbc-ec40-4fae-a74a-2656bad1f44f
3e21d70a-d2e0-4378-80c4-16e2819a76bd,VISA,b20146c9-5f5a-49e2-bc58-6bc7834aabec
bb48dc8e-54ea-429a-b599-4fc2793b496b,PayPal,cfb361b4-2ab1-476e-a3ed-82fbbdac7545
62a736fa-7ee1-4ed9-bfac-909753cfe223,MC,dda06d91-f085-49c5-9646-d14c9cb66c0c
ad4b1746-4482-4af5-8da6-f6f855912f3e,VISA,bdf355b1-9bcc-437e-ba08-d039592be439
f24aa2bb-4bbc-4168-b3d5-ad6f102f60ac,MC,55f4cc5a-e81f-46b4-8f00-631a311d1024
ea5c62c5-c699-4075-a64d-34dac6cdba74,PayPal,9ab4fa19-6b30-4a3c-8f6d-89a62055e73e
8b5f8ebb-57cb-4f6d-ad3e-a56cae322fac,Discover,f73108d6-1151-4a7d-9bb1-2bb46603e511
558c99e2-4198-4a13-8f69-b1b06c07c816,Discover,c8eca562-5e47-4537-a819-0c50f51c66b4
a9da7053-f7bb-4fe8-9f14-0cbe12a41fa3,VISA,8b4f86db-3b65-4ff3-a830-9b294eec9199
361e7c0f-db71-4295-89dd-163e26b42695,Discover,066ed837-deda-423c-9b49-086c01bfa8a0
e21c8774-f3eb-4b61-a8f6-831cd0686fbe,AmEx,e2271689-1791-4eeb-bcb2-9d65f029172d
33d3319e-752a-43a5-aad1-7df6e7ade2db,MC,54fe15a5-d1d5-4726-a6b1-bd57d9746867
bfbb1839-709b-4a50-acd4-bbcce6aab8af,VISA,2ed0d425-92b8-4a20-9a42-a5a6f0a1223e
7ad7d4ff-0cb8-4d4f-9be4-87123f35fe5e,AmEx,73b63217-95a3-4d24-b862-a91ba198cc9a
93d29567-1446-4f7d-a60e-a1af0b6ed687,AmEx,2013c704-9b6d-4949-a4b1-ffc7e992908d
347f30eb-fa5d-4a98-8925-b97d181b66aa,VISA,f73611e8-d143-446a-8502-95105d646e24
4d708174-f51c-4813-b33a-419f38ef02e3,PayPal,ecaa5e77-b58d-4133-8802-e612bc296dd8
a27aa426-8835-4796-89c5-04e2a04957b7,MC,aeb145e9-3660-43d2-9a77-0387a2063e99
654941ec-0a66-4d9b-813d-f28ace442705,VISA,a6b8ea2e-fd7f-43de-88dc-542aea73febb
f49dc6f9-2c9e-4dca-8415-c4ecd54bd4fb,MC,2d2124cc-ed8c-4387-8bd3-228fd27578dc
dfb8400c-f128-4bef-8ac4-f882d8a0a77d,VISA,746c2769-b889-43c0-b997-77a298b7c64f
918ad772-ddd0-4c6d-8d1a-c28fb4ea55a8,AmEx,2db02225-970f-40cd-9bad-ce225aad5ead
7172f65b-efdd-44df-b5ef-dcececb833cf,VISA,01be0b8d-78b7-4770-aedb-6a3bbb07fa3e
698d49bf-12af-4255-a35b-46aee50586ba,AmEx,d09aaa83-0163-485b-b4da-ce84c6254316
6d5ba96e-4bba-4a44-ba31-b54cbc779d94,VISA,83747b03-9ac2-4129-8392-da13b418cb37
68bb1920-ff22-406a-97a7-c8361154b4b1,MC,6d321e0c-3630-44b3-929f-98f19b905807
c01075ef-bf8a-4c6d-af98-84321188d5e2,MC,44e54b88-d1fb-4dd7-97a1-05e7264ddd88
72d501c1-63f2-4df2-bd7f-66ba6b95ffbf,MC,ecc51695-c502-4ac5-b32c-458bdfdbd080
eced4168-2a95-45d9-859d-5801b01ebd5b,AmEx,57ade353-04f5-4247-b4d1-306997d5f556
a75bb828-35c1-4dc4-b194-72075e729ba5,VISA,a8d472b2-78ad-4cc2-be63-b96ac0229985
12f3ba46-d66c-46a9-8de3-ed415530413e,MC,4b7d4367-39d7-4a85-8aa3-93fe1973e1b2
ffbf1919-b879-4143-a0a2-1ea0f1b31883,AmEx,bf9ae343-66a2-4ec6-9d9a-e5d1a4e92684
d7a0b946-6254-4f84-9d30-bbafd5e409d2,VISA,357ba898-288c-4161-a6d5-9eb31a130e18
b4424b6a-44d7-457a-8453-8c16fc9e60cb,PayPal,3686614e-aa51-4c1c-81f2-62c8228ac971
a3a64cf9-a57d-47ea-88a5-b39ab1c9e822,VISA,a0aec4a1-0f27-4226-9695-159cdcee0afe
463e7d0d-a500-47c8-96d5-331df0c48ac8,MC,04f4bf96-ec9f-448f-b9d0-52874cee4b89
542afa6f-2f2d-4593-96f6-a8ea3f1b00d1,VISA,26164106-3310-4728-9738-73a8e1494091
7b55a8eb-5f30-4b81-a513-7c3b1e02d890,VISA,7fcf9d14-e1f7-40c2-81ff-1bf9ac37c419
cd880da4-5863-452b-9faa-6b24530581de,AmEx,1706dcbd-d8ce-4f7d-ab3d-53af04319b2f
a96a2d44-bc71-490a-8df6-68d320b23b47,PayPal,f0f50e51-8a75-4dbe-b113-52343fd7468a
563fc3a3-ffd9-42c9-827b-1d667df6562b,MC,b1d98eb0-cd0e-4941-ac39-eaee1912d523
d8a3faad-cf87-466c-900a-7faefa059693,MC,e9523430-27c5-46cf-8878-7059f0a69c95
3aca7b5f-4a37-45c6-8fc2-5bd983692d25,VISA,a2db0e44-99e6-403e-ae2a-10eb953ddc5b
3dd28467-cb7b-49d1-a9bc-3ee8166531b1,VISA,d1272c9a-ecde-4041-b378-b21beb87de29
680725e3-b0ec-4733-90c0-b10f178cfa79,VISA,799dbd3c-59f6-4959-a611-bac66ea91d3d
baff8ed3-dd35-459a-ab6e-d2137e1bc1bb,MC,ea840093-ab78-4e3c-a19e-afb7c936964c
d0cb2257-e045-470e-abe0-ed6b0fa03ce8,VISA,204aee8f-bf6d-4526-9d2c-e31ef6d92d7f
45c27181-e145-49d9-8c9c-12501869e92c,VISA,356376d3-3b8d-4d78-bae7-8e985bfef861
c6523da5-63ec-497b-9dcb-ed26eee04af8,AmEx,6ff7d71b-a921-4275-a99f-984c5587ecb2
25fcdaf5-2875-46ac-acd9-7d149f331d4a,VISA,eff00a05-864f-41d1-b269-1c9845d45198
ac056a30-58f4-4eb1-8b9f-0de9be844360,MC,adf82dda-9599-4112-a450-fdb7d4d277c8
5ded4328-dc87-4793-80a9-1611af367000,MC,285f11d9-b73a-401c-92d0-4a21a2834f10
83adb108-5a30-4723-bf23-5ede48856ced,VISA,b597a3dd-43d5-44e3-a4ba-92a94bc507c4
397aac70-1351-44df-8fdb-ed4d843677aa,MC,e1fb9893-8f1b-455d-a47e-4307b5846d32
17b4a4df-b8fe-48bd-b093-80891e05d9be,VISA,4d64d7b9-c655-452b-89c9-f7e50a6f5bfc
001fb6a0-ce0e-4be6-a123-02ccc85484c4,VISA,e1cd4be5-c368-446f-97b2-15bd65daa7cf
bec32f52-df5a-4a2e-a9df-843a2fc47b2c,AmEx,4ba92329-d43f-4581-bcaa-b22aa72d05a9
ba9b2325-0022-47b3-8b55-9746ef857c58,VISA,b9c24c09-0f3f-4805-bcf6-a19de986756e
d0573548-0e1d-4768-bb98-910c7bf148dd,VISA,9738e876-d0d3-48d3-a326-2cd0c8cefece
6ac68714-6e1d-42a5-bb15-03af9b0d79a7,PayPal,8f59e1e6-5854-4df9-a68a-e7d828927a6a
b528e299-6120-4d2c-afae-0909297f5e3b,VISA,1590525b-0e76-45dc-9414-460b23c2b4fc
a4dd5a06-4714-459d-a0b1-c06f4dc6996d,AmEx,15639d78-d434-4090-b7d6-51b269f77551
cfb3cbe4-a41a-4ed9-b58d-dc97c14222bc,VISA,ab7eb5c5-95e2-40c2-91a7-11caf74ea5c5
09907b40-a9b0-4395-bcbf-89ff55a8b5ed,VISA,b66d3f83-8a3c-4ee0-8354-494727f3b262
c8604d3c-2474-4fa1-b0b8-665dd20d5f69,PayPal,58cebe78-8b71-4765-9c0b-a4e56f5dbb32
be48c368-5c9c-4b20-9eda-04dd5fc8d477,AmEx,3c47483e-820b-4eab-9d5f-d6edfdd8b0a3
a370ef41-d6d8-4f15-b0ae-0c9fa71bfa31,PayPal,9972e17c-aab9-4f01-9d49-75d2b1eba1c3
e3478c92-94fb-4711-9e6f-c22931968edb,PayPal,a005d5fe-7456-4c00-b94a-cc7b254699f0
c97da4fb-5c01-498d-92e8-f565d5d44c93,PayPal,1322d9f9-1b9f-4841-817b-56cf1cfe2563
c880d33e-625a-428d-a2e4-cdd7b3d16838,VISA,73347bdc-ccdf-4d9f-8917-941a90245ba6
9b4fff93-16b5-4b64-80bb-8337341a925f,AmEx,832a12f7-63ac-48c9-89bf-78f0fe1db2d0
5965cd05-c9c3-487b-80b9-4375fa292ce1,VISA,7356b106-49fd-47fe-8afa-6a5d378e419e
4d1d1b22-5c47-45cf-88f7-65b0d3abeed3,VISA,2aa4b91c-aef4-4513-b787-7e5e35a10bde
225bb189-bf4a-480d-b52a-e55ba84cf7a0,Discover,d98d340d-d23a-4e18-b241-4dce1d9bcd2d
dafaae0e-4e44-4647-be62-e7aaf873f5b6,MC,6a4a4256-dd9f-446f-afbe-1506f56536a8
48ab8942-2371-4769-b873-790ab5aee311,VISA,43278a3a-e95e-4e9c-81ff-5feaf54931e5
47bdc0e2-4fb1-46d9-88ab-76f5baabcc99,MC,7d2108ab-dabc-48c7-a4d5-b0fef817b371
0cf9cc40-9143-4b9c-8687-7f410fa14637,VISA,ff72edc8-d2f3-4994-b9e5-550f4130e0bf
c437afc6-3367-4dfc-af2e-fae92071124c,VISA,4c5f392b-94eb-4cf0-85c1-76e437215f61
7314373f-28e2-462c-bfbc-1433169ecce4,VISA,868a8db0-78ce-4d3f-8602-1137327f2cde
6f01c336-e4c1-4d40-9161-bb5de45a7699,MC,ff78d090-0035-4c43-9803-f32f4e8d4452
c1b5dda4-5460-470a-92d9-0c592f324db8,VISA,238c2900-39d4-4843-b9dc-1912a60b9c30
f48c9e19-bb74-46dd-b503-5fce06cc0c97,PayPal,cd90c756-fd24-468b-90dc-6de4b75f9eea
917d69eb-258c-4e09-b062-fdc1c940030d,MC,57362ee6-16e9-4ea0-9e6f-6b4f8797e54a
ae490485-e720-49f5-bd68-27267b080aff,Discover,f00773f1-3b59-4734-9834-51d188b89793
baae09b8-84a0-4d1b-ab5a-6e995bbe24a5,MC,2aa73f95-5bf8-4d1b-a85a-a4b5006edfe3
7f71a5b6-6967-4e1a-be90-814ecf2465a9,VISA,36f2a750-bf4c-4f18-845c-149f16c56bbb
ece4a264-6254-48b6-a57f-b4a7941f188c,AmEx,8a8ddc6b-18fe-4d65-8d49-99ae482f76d8
0c8ead9b-d8bf-452d-bbda-08035373d823,PayPal,1433450d-ef33-486c-add6-cec532f06ce6
aac014b8-2ccd-4b53-a2c2-54162976e284,MC,32065edf-704d-470e-b20d-e4b14299ea29
29fb98b6-cf09-463b-b4b7-a9e135dd7139,AmEx,040d8745-1b49-4f45-9591-0f4515a5ed43
553261ea-7256-478f-b854-7ce909f34cb2,Discover,3b27662c-ed91-452f-afbb-3b86f18936b5
d4a89141-f149-40b3-9146-267b22f3ea99,MC,53334fe8-19a7-482c-aa3e-cbc21829d569
3be1f315-0dcf-47cb-b76b-21666b87db2f,VISA,fee2ad34-3637-490b-b744-038237c80f88
7a98de7a-d87a-4e7d-8a57-6017bdab6b95,MC,1d9571e1-2eae-478f-8c3b-246c106ff360
b064199e-27cf-47ec-bfc6-4391affbf872,MC,a0da0955-0ab3-420d-b0e0-b6ce0c889a93
ef7bb01a-59f7-43ea-8a53-512579af9bbd,MC,de209477-2fd8-49f7-94ca-6643414d3455
bdff4f9f-06d4-4bd0-8a19-0b5542b65320,AmEx,3ad07495-7872-498f-baef-b7b134c7efa9
f28ff94f-3c7f-4a3c-a371-c237106fc7c5,PayPal,aeca075f-82b6-4be5-a1b7-ab32b2707553
66e13def-702b-4d5c-a9b0-47b4f4f2237b,MC,56609351-6792-461c-83ae-138bd0127fe4
8af5bceb-0369-4222-9854-24774d5089d9,VISA,2aa1ca57-dc7d-4aae-8256-121a0ada7cdb
8af2d2db-e142-4de7-964c-0929555542fb,MC,13c1d7cd-3f78-4274-8fed-32e28f53d74a
570771f7-6eae-41bc-a244-5e6de86c31da,VISA,f818342b-e4af-452f-a2a1-50defc6bf34e
0deae415-56cd-4919-a039-5a76d1864648,VISA,0f9b9dfd-d3c5-4bc8-b6b2-79a3f1cbdf7e
2db2135e-3fd9-429c-ab3f-8a022d6c14b4,PayPal,18710d82-a86b-4219-a9e9-f760187a874b
c832e1c3-366a-4a2f-a01b-314abaabff82,VISA,6e7b1407-db25-4101-b9e9-6ab8207749d5
40ffad78-70ab-4b92-89b8-2e86e975632a,VISA,46d3f4bb-654a-4671-be26-6a54af7b6fe0
a07e4592-0001-4a29-88e6-859a4ef5cafb,AmEx,9ceed8a6-a85f-40ab-a266-bfb11400bce0
c36aa44a-6fcf-4956-bc48-585001ae0113,Discover,d1923eb9-0720-41d9-9599-521e230e14a5
65430bf3-9000-4b7d-ab23-c88de59277e7,VISA,353298ec-30e3-42e5-bad8-2437890e3084
9853127e-9cb3-4a61-8745-281c1eb0433d,VISA,3c97a544-af98-4ecc-b486-7806b2a17491
227dc07b-2c31-454f-8f92-8ce6c06c14bb,Discover,7102a6dc-9ed0-445f-a221-826758acfcc9
f2a426d1-ba47-4a0d-b6b0-f8eabd4ec4a7,MC,47ef5406-e3da-43c1-afd8-7f65cb5b7131
d7a27849-620d-4404-92f6-b924be481138,Discover,df30d8d7-5913-4631-a773-2088faa54f7e
fca85dc3-f63b-4cbf-ae73-4d2295f8e318,VISA,c21fe6e5-0b6a-440e-8796-ef9d03c3c39c
586f79b0-1985-49b1-a88a-9e531a129318,PayPal,a1da2879-38a7-4b59-9749-dcc33eac8b6c
0cba4938-e188-46e6-8090-09da58905171,AmEx,576634b4-8645-4c0d-91fe-538022b614b7
51c28f67-a237-4414-8c42-c1a0b7f01815,AmEx,2298c28d-c744-4b51-b3ec-04c1cfac0945
f2800d67-7185-4d40-acaf-b511ef2aa486,VISA,6df76ca2-7490-4b10-972f-667dc64d8419
0309f619-ebc8-45b0-be5e-ae8366949ab0,VISA,19dd288b-d159-4e3e-99d4-240edf829d09
4814a61c-c13f-4306-9771-8266302f9697,MC,0c408d58-395c-4419-a272-32e08ba1b50d
9dbaa4ec-b969-4029-ac52-3cd6809e5c71,MC,aef4aac9-8df8-4cc2-8c7b-21fce8af95cf
e1a991bd-cdd1-407c-b802-05239256f628,MC,44c3d887-f471-4bf8-8e01-b0e7c2fea811
5f073d0e-6fc0-4907-b2a5-aef0c7089d22,MC,084df909-ba1f-4674-aa2e-fda627608096
4e196486-83aa-41a7-9869-ca24a47e5d25,AmEx,c25c101c-1cc9-454f-b43f-9ec65e306709
f577d44c-f1c2-42aa-9bf7-20ddd8552b9f,AmEx,8625069b-7ecf-410b-b5bd-257609075049
57bafe24-89be-4aaa-9d30-ffc18725bddb,VISA,85f770fe-cde1-4436-bede-451fcafe0d51
7215dbdd-0d98-4ff8-9c70-fc01f77b5ef9,MC,761e983c-03dd-42ee-a258-fc6eadedaf82
826c4628-4d4d-4912-a14a-db04aa897919,VISA,46b864ea-8e94-4c49-9fba-b358631e89d6
9f82a19e-21ea-4402-92f8-3535330d2075,VISA,ea0d048f-a5df-4935-b76d-0ed9596b13b8
f58d59b6-1b38-4755-878b-eac6e5d09d23,MC,9ba2c18d-4655-44e3-9cb4-c3cf40aa508f
3aec0ec7-a244-4741-8fa1-b02d814d0e8f,VISA,d7ae20d7-0987-425c-a58a-70c73e784226
de417566-1c49-4797-afa6-cd1fec23b5cb,MC,1b1fce1c-8298-4bb4-8748-4cf016fbcfcb
f3276c52-75bd-4ff6-995d-67f09ca794dc,Discover,027ff5fe-0741-4165-95d3-cd9bde9c6238
13602bf1-fe9c-454a-aa74-64c4abb8c36a,MC,089e55d2-d71c-4fd8-9bd2-3243f511e0b6
886cd5c1-3827-455e-a96c-1d60921c3b55,MC,4bfff028-2290-4136-a3ad-786a61d5b03e
b6f14794-8eac-4b41-9f21-faaba6d25b66,VISA,c5dcae6c-7013-426c-879a-92d3e7bd562d
87d0d0da-a2b9-471b-95ca-901133bb7425,VISA,2c4b6acf-8afd-4724-b267-d9cb432d714f
76591397-2a6a-4ee7-a5e8-59abe657b385,MC,a98044d9-0e98-4c7b-82e4-23183891d827
ee849185-52ac-4a99-807f-947090a050b0,Discover,7d9cdde5-5526-4367-996b-524ce27276f2
77641c7e-ab4f-4dd3-8302-8193357818dc,VISA,3e828d6c-cde6-4f08-be1a-5674c6622c3b
8a7267dc-472b-4259-a6b9-4266f6e49052,VISA,b7ff6825-ded5-4c78-895e-61e859a25f57
acdeeddb-27fb-4a1d-8091-1e0e377200d5,PayPal,ae1d63b6-1a1d-4787-ac13-ddde9126e757
b1a579ce-2c84-46e4-bb0b-6cacd621645e,PayPal,66cab516-f50d-454f-864e-6c491599bd5e
11bdcaff-a36f-480d-ac5c-6eeb619f79e4,AmEx,6995c5ae-6912-466a-b9a2-5c80c462d58f
bd7873cd-9bd2-4bd5-b091-38389d363d30,AmEx,7bb34256-c1b9-4783-b284-037bf1dbb583
577c5f9a-3ef8-4022-a1ec-e31ea2292d65,AmEx,197b85c5-07ee-482f-bfb6-4662cd6bc111
e0063d61-7ce4-4f0a-a325-c1735fd31bec,PayPal,d764f730-2761-4de0-b725-d200c2fc27a3
44d7610a-087e-46c7-a382-974da7b31fc2,PayPal,b0507511-e3e2-4b56-b467-a9c615fffdda
bbfdaaf4-fdb6-4295-a0fe-404d64cd7aca,MC,bfc8fd8e-5362-41f4-91b7-6ea14e38fe13
f313b715-f591-4278-b09b-1f06c5034bbc,PayPal,3df7a68c-a13e-4536-809a-e00c24403fcb
34d0a607-283f-4f07-acf1-35720aa77fa9,MC,417e719a-0f1c-4833-bdae-2a55d001c082
7c62682d-b162-4aa0-ab59-5af2de7e2d63,VISA,dfac499c-10cc-4f97-aa8b-987ec2967257
f0a70151-29fd-4cab-8985-31ed3155232d,PayPal,c528d9b8-33bc-40e4-aca4-f6d853f4621f
9afa2cfa-4b76-4674-bc9a-2a1eb9c410e5,Discover,4eb357a7-d77b-4f83-a3af-d445b5d166bf
1615ef06-444e-4fb8-8bc4-f765f1bf4f16,AmEx,5cf094f2-403e-4267-9ec5-bff7a2ebe809
9828de01-930d-426d-9b7f-338e26f09ec0,MC,c10a2706-fe3f-450e-92e7-677a8154d9ce
dc4dea75-9182-4cc0-9dd0-2936e4fba6ca,MC,a79da849-ba96-4522-be69-c3fe33278bdf
74907546-7e45-437f-a603-d603ab222014,VISA,dbfb6154-96bc-4f9f-b5f5-3ea9ca192671
0d61050c-8bad-4d60-9b64-b37f72d66152,VISA,4a0e244c-3de9-4f98-a4cb-b87bf1465082
c8b2578a-67a5-4919-bad6-af2594ac525d,VISA,9d1cc14d-eb1c-48d3-bf87-01fcc8594523
4efdf23e-fe70-484e-950e-b85d715eed5e,VISA,a2faf825-bdf0-4470-8c65-6d554ee3d708
dc58bcf1-3200-403d-b9c6-232d13a7f835,AmEx,c5b6394e-24a1-43f0-a41a-8d14a6cfce7a
22ffe94e-3d54-436d-8dc3-b8bdc85359a2,MC,d0190c04-6c7b-489e-8469-f20998f3f8db
0fcd202b-4712-4f50-9c8e-57c5adb48dbf,MC,f5f570a7-c9f0-4b08-b7a1-0d15aa8e4606
eda6f9e5-d8de-4a98-96cd-dc3ce862a88f,MC,2fee0ee2-72de-4847-a607-469f7d874c4c
7d90ab19-0d53-4db6-99c9-9588ca9f59ec,MC,1f352de4-bff8-4114-9344-2dac753b227d
10d5b860-b566-4729-aead-f6ab55e7b060,Discover,61d92255-c266-4ef8-bd74-190b3eea4d8c
4ef937ed-3695-407a-b575-281c25a9af58,MC,40c7b4e9-1f53-4e5b-b8db-a5f0b42c9516
13e97807-ce29-4ead-80fc-26323ca78f78,VISA,6498e90d-3721-420a-be1c-25749a728716
00254b77-e28f-4054-8542-620b29f3b947,MC,2415efd3-6079-4557-873f-d190bbf990b2
a8a35310-9516-47d1-9547-d6c61f47d09c,VISA,7d0b7154-dfec-4ee1-b4f1-4bcb43c1ce04
c87ddcdd-1412-4ea1-a47b-f94674e09862,VISA,a6fc6d0f-af21-4ed9-8cec-bd52cfc11e95
96ca621e-d55d-4bd0-97b4-8f6b08dd239b,PayPal,93cff12e-f9ad-4ccb-996c-a7029c68c50e
4e24a2fa-e71d-42cc-9466-fa67b4e25458,AmEx,f790a2c0-bf04-4f65-98b5-c2a103078aa7
8139ee6f-4a79-4d49-aff3-ad34666d71da,VISA,dda7efb5-b718-4be6-be4a-6bbb10f158b3
7e6e256f-d297-419a-abbc-8a6f9b4dd75b,VISA,603dd259-8025-457a-8511-9e70e15095e9
3efafcfc-6db0-4d99-849f-e402b74d4975,VISA,76f8b9f3-ecb2-4bc3-a043-cd07e31957c4
c59a32de-5d50-4f1e-891c-b34b456838a5,MC,b1b06375-a084-4ce3-9c0b-8a256bd8ea77
15c40c28-2066-4063-b829-148a1fa27a34,Discover,da8bdda0-7a11-4077-910e-e09f6931f155
9996a021-3dec-4e67-988f-1585d14246f7,Discover,972d0c61-e8b0-436a-9f40-ba7e4ecf975d
cc4af7c6-a8d3-438a-875a-1f9bd9ec5ada,PayPal,864bd4fd-3604-49c7-87d0-a2a6c97aa6f8
79d5c215-d247-4060-a86d-386c9272b1d9,VISA,ddae95d2-df3a-42d7-ada0-185c25fbd7d7
e54791af-48f5-4102-be5e-1aa589cac9ed,VISA,c52e1b19-6675-4dd8-b856-127610f78899
e6dc0e49-a868-4ca1-8d8a-ddfab7c958ba,VISA,fcdd80cb-db2f-4bbf-b538-e52a2e0b9463
004cb510-77fc-4c4c-89dc-c470b32b5ad1,AmEx,98f57acd-4dd3-4936-bdf1-3d5c4428530d
5e880817-8176-44f4-a470-b0c9ded7152b,VISA,91ef22f1-299b-4a6c-ae2a-29d3e08ad221
fd63aebe-f07b-46f0-9d7b-7810b243c301,MC,29707691-6833-43ca-8e84-2b48511a5bf5
33046d43-27e9-40ca-a620-463550092463,MC,5e0040a6-bddc-4cb6-b325-3ad72b20f66d
b60e1170-1df5-46d7-8437-c02c8db3e9a4,VISA,37b61a51-a23f-40e7-aaa3-7b5930410938
1c8d3b4b-c80b-4b8a-9192-8b01e3673736,VISA,41821d87-cc65-4068-8461-0f9dee80a853
1e788425-ab48-467f-ba45-f6a0cf6c2c01,Discover,67dd8e2d-bd6b-4efd-a456-6db7cdb0cf6f
7644f6f6-7828-4353-b39f-21e8445242d2,Discover,ca499cc6-9370-4c9d-a034-015038f23e85
3028854b-2a12-437b-9548-493f2fe4225d,VISA,4be26e0d-0b77-40b0-b7af-cfb13667c90f
1db9525a-cecb-403b-8b3b-1c5c2e0d00a2,VISA,c022c0b6-e860-48df-b10d-7ff51666ace8
891b3f07-49bc-4723-992f-199094105cfa,AmEx,4031393f-24c4-4220-96ed-7c6b528243e9
914984dd-d2ed-49c1-bf18-9f34d144912d,Discover,0dd84bcf-7144-4884-9173-d745ba8316b3
66f98d08-f669-4b3d-8d52-29af191d301c,VISA,2f9d7d17-8633-4fcd-9ab5-8a8ea7cef93c
03cceb86-23c4-4e21-96ae-73b82b121b20,MC,4c094679-4c91-4eab-b32f-c40a54ddd59d
71eeda62-09f8-4143-af79-51f76041623f,VISA,0b6cc1f2-90cd-4df2-82d2-1dd1fe9893c3
0f7d007d-9db5-4391-b19d-b761b0224faf,VISA,cf022586-28c9-4eb6-ae43-0ace0f21343d
aa675a4d-5ce2-47e8-8844-a2d2604c2d6f,AmEx,abd99080-0925-4f23-b8be-91036fe22e71
6c67daf9-1c5b-462c-b270-616f99d65069,VISA,86b6d235-78c2-4ff5-924e-5740141b8182
aa981d5f-a5d4-4f4f-9d57-46204c606bc4,AmEx,abb9d84a-2c53-42ea-bf9f-b6f9f9740628
759a2080-a5cd-47ec-8ff7-7f37d380155c,PayPal,54b8331a-546c-4d8f-bf7d-cf74032799e2
b406eb24-850f-4b28-8faa-091c9a7d1dc9,AmEx,57ff3eca-7ba1-4485-b239-63c950fa002b
f6d50537-2f83-41c9-bc9d-2bebd97ee893,MC,01bbae07-25d6-472f-a7bf-1396740b78f7
a6b5fd84-a84a-4009-be3b-f5140a432719,PayPal,afe6ff64-c912-4daf-851a-2aa09b42949c
ad82de38-3196-47a3-a17f-ea22ce0985d6,PayPal,6fb481e8-9015-4f7b-91c4-d27022ae5d16
4010f2ae-cc6b-4d54-bc97-4b1bcb418bac,MC,84a307f7-8aae-4ddb-ab2b-22a3796687a7
4234eba3-a277-4cf7-a3ca-efd16a99bbc4,VISA,58324472-2731-4100-b12c-498b16c76d7c
96e1eba3-19e7-4e5e-b579-f72675a64df7,PayPal,316be08a-540e-4229-b589-cb83491ec31b
92af5270-879b-41e6-9749-50f4554e5b8b,VISA,17f674b2-38e8-4758-8c0b-689ad3246952
ffd89819-407b-4a59-a50e-5090b390b6d4,Discover,027c54fe-4333-498b-a560-899931021cd9
ee3ab9e4-9679-4a4f-a5d8-95f530bdb8a5,Discover,a27988ec-bde0-4c30-8208-bde9ccd1c5e1
94cba62f-2f61-41a7-b9b0-fbcb650bcdc7,AmEx,a5071bc9-306b-4bea-878d-06bc8c340165
47dd8189-c7a8-42c9-9b04-0963c84f4bed,VISA,d9052d0c-abf1-484e-96cd-44fc89c619bb
5af0058d-cd22-4c9c-95de-4dc5a59a2117,MC,b166a50a-7895-45b9-beb5-861597ddf0c3
e2cbe1a6-d15c-46b4-a64a-77a08a79ff7c,VISA,b1721066-30b3-4c95-9114-38447ec59c9b
db2cd20b-7d5e-43cd-b64e-1ab10318db70,MC,5624f546-afba-46a1-8533-1ce0e7a155e1
744e1568-1621-49ef-ab7e-6d307f67a8e5,VISA,160596ca-8e39-43be-af9e-d30b2eba99a7
db78f42e-808f-4201-9d83-17f6bcb300d8,MC,543ccaf8-bb32-4a66-814f-64bdf9ec0bf3
e6c98ce3-c3c6-45d2-8213-b965b8555463,VISA,008ee3c5-34d9-4bdb-9343-f11537eabbdc
db5beda5-ff96-4b1b-9832-a00b13329f58,Discover,03391887-a4f4-45b1-b3e9-eeb091b91a4c
2166d187-f945-4daf-9ec0-b2709b3b2da6,VISA,fba6e212-36fc-4748-99eb-3e80149f07d6
5ab349ee-e593-4478-b094-149434d44390,AmEx,4abb6d5e-8295-4f09-bf21-34adf61917bf
7ad82929-c5c5-4156-b1fc-69ed0277652e,MC,420a6418-074e-47d5-8566-4b6538dd243b
0d8396b6-d660-4932-90f6-d58570b81393,MC,47750544-00dc-47a2-acb6-e44ebb9f7935
3840580d-8827-46bd-afe8-bed5cf13bea9,VISA,b1c29018-09f5-41bb-bf95-dcf8de13e89e
4853ec3d-c9de-4456-bfc7-beb31a6744e4,Discover,d87346f3-672f-4967-becf-cd498d2b384e
300808b7-554e-4793-b278-2c120f8ddb41,VISA,b254b911-e22b-4d73-a4be-be6ee0063584
dc172ebc-5e39-4f64-90bb-06f7596561ed,AmEx,133bc9f5-c77e-4c28-ac97-b13fdbb38707
fb6dfd30-b616-48d6-bff6-c80484f1d047,VISA,96ec69e7-2255-49d7-960e-46cd5643e010
84a15c1f-b77e-4603-a0a5-c2954ee68fbb,MC,a8858df6-0d9c-47ec-945f-0399738c8670
8d6ed326-b633-4d3b-bafe-134e7e1a3da1,PayPal,1b9c5fab-360c-4a3c-bd93-4e679f771888
cd79ac2d-8a95-4926-a758-9300b49ac641,AmEx,7874a791-993c-49a2-98e2-17b1c2faad52
cce10fbf-59de-45e1-ba96-7d4f1f621f7d,VISA,8880814c-a8d1-4e19-97f5-b0d1f658386f
a90b37e0-540b-4c01-98e1-79d9ddd45fa5,AmEx,3bbc6729-2b33-4f07-98cc-5dcd72911949
b1a12614-61e5-45b4-8795-f2badf88cca2,VISA,6229c54f-fb12-4c79-a999-1d879619654b
f5501159-c0c9-4fdb-a68b-be20b09078a0,VISA,50521430-222c-4c7c-b871-0d2a79845511
7a1f9b4f-c665-4869-a4a0-4f2a0291b040,AmEx,af2d78fd-13a8-4355-9bf5-32e9802cfa1e
51db81d0-cd67-4f0f-b115-f8e78a8237cd,MC,2717489a-d07d-403f-ae88-08460923a4f7
26592abe-61de-446c-bfe8-ee50c92ef2c9,VISA,61ca68e9-11a9-45a9-af34-83cd7326f2b0
ddfa36b7-729d-47e3-aef4-5446ab453945,AmEx,b2532986-5f9f-402e-b977-487c6e8fce5b
c1eda8ff-132d-444d-9548-138104495b4c,Discover,53c53631-bf0b-4e52-a42b-7def40304955
140f77cc-c27c-463a-b335-1da1a11a2d09,VISA,3a92fbd6-4814-4229-a71c-2d165e378dc6
02071098-8570-436f-9f55-fec1e5071780,PayPal,c13a068d-fa18-434e-8914-5eb87040ca3e
9e0dc958-bee5-4dc8-9e5a-24fae32b4c3c,VISA,8b48145f-fc73-4b6e-b5b0-ea8c4e0555ee
22df56c6-dea7-42cc-b32c-cf3684243d7d,VISA,6b1f32f5-eb3f-4402-bde0-3c2ce56501d9
9422372e-9065-436d-9585-69f692b5b627,MC,9b370be6-9ce0-4c03-9642-9023acf0b803
48627421-3bd2-4eec-a522-9a7200f2f356,AmEx,36c60cb4-753a-47e8-b966-b311674829dd
c50e526b-a069-47aa-865e-daee00409f59,AmEx,f736da18-0fd1-43b0-aed9-f4548fa6e626
925a20d2-0f9e-4e16-8b58-f968c4c8717d,Discover,c3d434c5-fbe1-4b3e-80a3-e8a3fd4ee1a7
5e5b6ad1-d10b-4893-931d-2184ba4036f5,Discover,f20808f6-5fef-45de-8bd7-adabaf4eb6b7
85307164-f0b9-4c23-92a4-55d361f2c7c3,VISA,91e95685-0d60-4b7a-95b7-d1e62e67909a
d3c71f31-f24b-4681-abb8-7ddad845b7d4,MC,9cb35cb2-8f00-470b-acfe-20efab404053
1fb19e5e-55b6-4fd6-b555-3c52106749df,PayPal,72d4bc44-78fc-4449-ac7a-c3cb736e9d5f
cf7fb53a-47af-417c-9af3-7021db656b88,MC,81d601e1-d85f-461e-9f12-8177dc4e741d
f1b0be3d-d189-4acc-892c-dda68d01b0cd,VISA,3928aae1-eb99-4e11-b403-12f13c36af1f
46c9a6cb-50c3-4fab-8d43-057d2ae37fab,VISA,d7fef665-b3a3-47ae-bd79-2a733b36d7ea
8aac1ff2-6669-4a73-b7b8-2a427251cfe1,VISA,e20be383-7c04-469a-af7e-6d0e3252e5d1
1f3ad901-7abc-4a2b-a2f6-72e01e00e5bd,MC,1fc174b1-d428-4512-88c2-b68d5bcb48e4
1de3a1cf-84aa-4181-90a2-163f75298323,MC,2a47b55d-9872-4738-9d4e-df3487211546
f681897b-0bde-42ac-8d63-6ebfc75eb534,VISA,d982ce02-5079-4bf0-8387-871b9af8680d
5005d784-1fd7-439d-a5da-56cfd555aeba,MC,168403e2-5bf3-4440-9e16-310b152f2508
f77b9bfd-10ef-4413-a559-8133a824d2c3,MC,1733241c-2f9e-4e00-9347-c2791f32f2aa
44f8992f-2804-49b7-9b47-b9b730e5e432,AmEx,a0271c79-a829-4a99-8529-1250aa60c5f3
0d1f8055-1f81-4dd7-83b8-81fc7fd188d0,MC,ae8095c7-224b-406c-9813-4be22285c624
8abfc51a-9797-42ee-bbf7-a442027a7380,Discover,8cdc10d7-c36d-4d9e-a6a2-9c00bb431246
be3467bb-1572-480d-ba22-94cb98a3fb7e,MC,0fc87f55-e340-4123-a041-0f37783a6858
ee1d90a9-8916-445d-97f2-5176563818b9,AmEx,24e988f0-4f48-454e-b270-3919cda2036d
14c43c9d-4365-4a09-989c-63d4171634c2,MC,e0d8336b-2854-42b9-be9a-579a9cec1ec9
3ac715ff-3b77-41e0-adb8-6a5795d9b27c,AmEx,611755f1-9252-454b-96e6-b3639823ff1f
ddd32a7d-1b00-4b29-94e6-c3fa6977a880,AmEx,74e6df58-3d90-4646-ae96-15ce6bf55722
5a272b02-eb9d-4789-9c05-4269b8930a88,PayPal,1bcdc82d-3fba-4668-be04-599b8c56244c
fd1f4225-ac32-4b5e-8e06-a772c3cc7a3d,Discover,71e3a393-b95d-42c8-8d9d-e93fd1a24052
6f1f1517-3c4c-464a-b9d7-4b11bb22e3bd,VISA,af3a4c57-6434-45c8-bc8a-15ca8c341b26
93e08fed-e325-47e6-8b04-6602cf423a69,VISA,1f3e55fe-411b-40c1-8a70-d91a92119c4b
8f2c1afa-9248-4e74-b28c-778fd9750d28,VISA,596cbd4a-ee94-46f8-8a52-bdebfd982212
beb64fe3-36a7-4c21-917d-09ee62e303c4,PayPal,77997fe5-9577-48c6-9a67-783c55cf975c
7ea21e35-43a1-4881-95ae-e2650550e4a1,VISA,54465930-c458-462c-8813-0cec4b4e279f
f526892c-1a0e-4012-954b-5cdc570fc26c,PayPal,5c14fb84-e1d8-48a5-9a2f-b3dcc39b754b
6288248c-8a87-4922-9e85-76c3fe474e0d,AmEx,78109bb3-3a50-4412-ac51-7227056bde3b
607de0b4-c47a-4abf-b8ad-29cc6b382f13,PayPal,38378a71-c3b9-4303-b395-63d4489fd905
9bd35989-85c7-4678-a58b-b6797b904400,Discover,7a704f09-1c7e-43cc-b6ec-3b014617b87b
98b42c99-24b1-4bed-a592-11db9a2c7b3e,VISA,83eecd76-3e8a-49c9-b019-d7af86d606bb
4ebda3da-abb2-4ad9-b32c-71ef55b40de3,MC,298411df-97f6-44c9-9130-507700dc605c
11d8a859-0834-4deb-8dba-6e24583e5555,PayPal,86f6bafa-9ed3-4db9-b310-a2ea3f795ff5
776c3ab0-8f87-4616-ad71-d11548ffb8a7,AmEx,7810f602-a0d6-444e-b350-dc080e258612
83504434-b7be-4ece-b84a-83f3ab75b19e,Discover,aad8d5dc-2cda-47e0-8da4-7f7ffc0ab93f
a87b1b61-31e2-471b-a4dd-3e8d9f651da3,Discover,de989f4b-0613-439d-9a1b-c11beade60e6
4e28ee6f-d637-4dd1-ae84-f4eb1df03c6f,MC,6aed4357-6618-47f3-89ec-4a892d77cd69
475034d6-4d6f-418a-86ac-96f4b79ed712,VISA,42bcf708-c3fe-4790-8adf-00fcbc77a9c6
b1d68e04-8c53-45a8-ac04-01a1a115f236,AmEx,8e880ef9-8398-456c-a405-fcd99b8e2aab
9204022f-b63e-43ca-b402-3d24e37c4fde,AmEx,b12a3c2c-3942-4f24-a991-bc88e7fd3b82
eb1cb355-33e4-4b7e-9066-d8c2a54d61df,AmEx,1317573d-09d5-49c8-b100-92d65bd84db2
7632fa14-a618-493a-af20-16df1f1fdbbb,MC,ddab50df-628f-45dc-8077-30e43f142544
e125af06-1b54-4203-be5c-3e09e22b40ac,PayPal,24975361-ade4-475a-9c4d-57a2796b3c04
3d7f8e15-32fb-4afc-a517-c2ea1f7bfa7a,AmEx,1f08ae5d-c3b1-44f2-920c-734500d89b3a
5669fa80-302a-475b-b7ff-3bbe2c01df80,VISA,6b5ea2bf-12cb-4d8a-af22-e93fbf2a1873
2cc89d28-94ef-434f-a4dc-d45125bf0020,Discover,65384439-cb58-48b6-8a58-e07de24bfb0f
e2ca26fd-2932-4f6b-b192-83eb93b60aca,VISA,176b1065-c865-4b84-8be1-c6fe8534f493
ea5e990c-97e0-442a-974a-bd525707991d,AmEx,12a35a23-56fe-473b-abe9-1d721cb0d5a2
3d78351b-276d-4089-9908-b9c301765bd0,AmEx,985cbce5-fea3-4537-b0e4-aa2a6f0e28d6
56c5c380-a6a2-4be2-a9e9-78fa5504c580,Discover,b692d82e-14bc-48b8-a4da-a71912efa169
db41de3d-6ccb-473d-bc96-11a0f9cd3edc,Discover,536898d7-70f6-40f1-b12b-7d613b11172d
b81f9c61-79c5-4d22-989b-73a0a5a4dd88,AmEx,91f4a924-c8aa-46ce-906f-866247460eb9
26035806-ac99-4721-acf2-72f85216563c,AmEx,754f2087-8d07-48ad-bdfe-209bffa8a47a
b307a3c3-6470-4a84-b6f1-c7aaa50ed219,Discover,34b8af3d-00c4-43f5-bdbf-bfe2eeb761da
e7b6d7a6-2cdd-4fa0-a0f3-36fccf1ed10d,VISA,cf82f072-c8b7-4a03-9d27-8388eea499de
f9475cf1-a759-46c7-a7b8-27dc90a08dfe,MC,d90dee3f-9396-40f7-a995-20b514399a83
7fdf1a43-6573-4a64-b9f1-ca427d859fb6,VISA,3ab883e2-a3da-44fe-a721-0bbfb50bdde2
d21c45bd-6f3f-4679-934b-51ca046efa3b,PayPal,521340e3-6eb5-4dc6-b58e-bede7bd9b200
da498ed7-a5ea-44ba-bf17-c564080e59a5,VISA,08771890-d074-4fc7-a0f6-5f7791d098a0
6ceb828b-6b23-4a9b-a906-9a75a7b4b157,Discover,0310d85f-f61a-4da0-9b12-deee3d998104
79bfd145-3d11-4827-91bc-1798644e9c53,VISA,23235e44-3935-4717-a13b-093a46ba7179
87fb224f-91e0-44c7-86ae-09a23596bb83,VISA,ffbeacb4-d8a0-47a8-8205-1e3ff31b6479
119fc5ef-d12a-4e50-9bf2-c10b1ec8d66c,VISA,c13d3347-6c6c-4246-8915-9c77ede4d305
90b42691-311d-48c1-8913-b76d4cb65199,MC,78ce9790-bedc-4a36-8724-977a609a1bba
bb9ae675-cb5d-4e32-9f22-a4c2e7517774,VISA,0cea6649-2767-4514-9fd4-0326240a81de
4ac43f00-f47f-4df2-afe9-b742efb23ec7,MC,8a0bb606-860a-4750-823c-aa4b4748a944
e241435d-9af3-4421-8a50-28e61a918645,VISA,741d6b27-f7b7-4dcc-937b-aa1c7d617f91
02b839ff-d4d2-4226-a2f4-cfdc3baaefb0,PayPal,54f4fcae-b6b8-44ef-8d9d-98cda25eca10
4952c5a9-5fb1-4894-b80b-6b9a56db50b2,PayPal,238d6735-f056-42ef-9f60-2f19f78c5cba
e4c3bc6e-a41c-4c5e-97d5-0d2f474aa03d,VISA,d4838280-84fc-4882-aaa6-cc49aaf5b7a6
a55b87f1-edd4-478c-a504-6843463aca3a,MC,188a52ff-d04c-4e3d-834a-59ce15b11fb8
3d3d398a-5bf7-4bff-a493-8cf2ee98bae4,Discover,a0ba14a6-7388-446f-8141-dca75ec515cd
5b30a7fc-8111-4272-b26e-2fddecda82eb,AmEx,97e7e4d2-fc21-4e57-b3f2-fc4d0f8413d6
daf872c9-3d1a-4128-9958-aba6d670bc05,VISA,6a4185d7-78d7-41d4-9b92-564bf68a0061
858f4874-0ab2-4b4c-8a14-e3c9ea30df43,Discover,4d11dc2c-7a30-404b-8858-9780d3a117ba
928ca3c5-4380-484f-9c82-54c157ba0a08,Discover,a95a2c91-382c-4ef5-aafb-76e379c54acb
0f269b5b-f14a-4275-861b-5409dcffe98b,VISA,cdab3e2c-1e56-4f08-9e5e-feec2d6bdc8e
9e8db118-5c09-4976-8566-08a7f5f61a18,MC,2351fbf4-1782-49e4-9932-2b86dfe1a072
d2c267d8-ed23-47e1-ae38-29a0d66edd50,MC,b55f1774-d0e8-482d-8664-cb7926d3f3cf
2c07a45c-cc5b-4535-8c94-b999a6589e6b,AmEx,798f71a7-8084-4b04-8393-879d33ad087f
25597ab8-e20b-4122-92b4-c924b9b282f5,MC,3ea25a66-31b9-41fc-85b2-0b48818b710c
fefd49de-0670-4588-aa50-079a0d75e75d,MC,dc17752d-4321-45c6-8c56-a018f768e4d2
0dd65f54-7c2f-4633-a326-1ec9e0a5ba23,MC,73334098-03d2-403f-9f39-0242474091f8
178f5b05-4f92-4937-942b-998a99fd54cc,MC,f62de26f-e44b-4594-bc9c-e379b046327d
bdaf0098-ff78-48d3-a711-9af80f8d79ff,MC,f1eb34a9-6183-440f-bb3a-eb69fab2d639
14967aad-71ba-43c6-9b06-c8f2c54344be,MC,7f685640-19dd-4a64-be08-1e5bd780183b
07fcc109-8fce-4cd4-9f9e-e3152583c057,PayPal,4a07be84-d48f-426c-96be-d6053e0a85f0
c4abc3e2-3348-4fe0-b255-ee646382485f,PayPal,a1cb3438-1207-4371-a882-6219bf4be201
4f01668a-f100-4dd1-ab3c-0f7da0f995c4,VISA,80e6d8dd-a3bf-4d36-bd06-7832c70ed9e7
d07ca3d8-0f56-4774-9f02-63931d1e0ea8,MC,248ba569-f030-49b8-a724-e4c85631ec16
7015a475-61cf-43f7-b9ac-b33ba675a9b5,MC,fc6b458f-795b-4165-ac98-7a6bb5056023
4e30f14f-9569-40a9-8d5c-e341c4fd7616,PayPal,ac44ab79-0652-4eb9-b052-74055043aa65
04a076c7-4288-4f7e-9892-f248df83acc0,AmEx,dbcb114e-06a2-4276-9476-be55780d86b7
cc35b520-b08b-431d-a408-31228277621a,VISA,e8ca0b91-16a4-4d62-adc1-731ae734c9bc
2e1aace6-afdc-4e79-8967-0fb03e87e816,MC,756f1371-8086-45e9-bfab-28b368faabaa
507d549c-4b2a-4fd1-adc5-41cd4e41b5f7,VISA,fd11fa05-b557-4828-a6a5-b68b21f56bad
f62c3910-0237-4134-adea-4a3c88381003,AmEx,e87e530a-8c71-49f9-9bf8-42e83d2adf22
d14a7c9f-48b4-4f8e-9304-7fbf407720c2,PayPal,8ae620ca-9b8f-4b11-ae0b-a8793f733ea7
8d53c2c1-9b20-46a1-a980-1d2534294b73,MC,2d2c4523-966a-4a2c-90d8-f8de7460c368
b4f0450b-4f75-4cfc-bcf2-d73ae0b80dff,AmEx,c409659b-1bcf-4c71-bf6c-7851763718a3
3c595d3c-d1dc-4fd4-967a-f466e40c8c40,MC,7ae38ddc-ff2c-4c13-a06e-082f528e8846
acc4b4df-d8ac-4835-bef4-27b0cfb92c33,VISA,89e9328b-83a1-41bd-95c8-a01477b80e3a
67584653-2ae4-482e-b846-d724daacde8d,VISA,3ee7b94d-21c9-4525-beb2-d19f4b33f44b
a072ccb5-9416-43f2-a314-fefcbe2d8985,VISA,20a5fbd7-db12-4e7f-afb4-10551c0af4d8
2975d57f-f87e-4243-b189-8702df4f11e7,Discover,1bf9a176-66fc-4a9c-8618-648b8a3f4274
2eeb9536-752d-4573-a1be-723ccf6422ed,MC,fa6d530d-4b8d-4814-8324-a608898973e0
516c0ef1-3fbe-42e7-9624-6c1081bcfda8,PayPal,ed47bf5f-174e-4ed7-9ec2-d1ee677b795c
54b7c189-b7ae-44f9-a75d-12e58b61fd2e,PayPal,b1d33be6-825a-4741-9370-f6d32e8d4f77
537638bd-fa12-4650-a705-505775db4447,AmEx,84e6cd3e-4141-498b-b53c-93211230b0e7
0f6a4c37-6937-407a-ad50-bc443f142739,VISA,36d38ca6-37e8-43ad-beb5-a37ef6e96a40
da09e99d-a81c-4269-a9b5-d43ae28e470d,PayPal,9ec5840b-0c7f-4d66-9508-8940eee73d09
ff49549f-8d63-4334-a8dd-77f1504b7686,VISA,3546947e-94a9-4d41-b352-82b8d8ddbe1d
a02eff56-3e3a-4939-8ca7-75d8289d2941,VISA,014dd15f-ffd9-473c-bcdf-94e8abdc6203
31d5d7fc-1312-4bbd-9a65-2841cfc29c56,VISA,d5b18786-c4e1-45cd-8d07-80aadd16578a
edeba7c0-2a8c-4ede-a063-6030f96e9aaf,MC,bb429a1e-291d-4d31-b47e-a94efe0b5dd6
d6abcce9-802d-4d63-9bcf-9d6f0802ef29,VISA,cf4c9d2e-19d2-486d-ba2c-3fbe5e5e808f
e4fe65ba-528f-475b-b64d-03a528f74ff7,VISA,4f097697-5a26-4522-838f-70ba64e3390c
7a34e48d-5b83-4289-8523-58a9c72b488d,VISA,42d877ed-5760-46d8-bbe6-c568f528e8d4
3b8a6c0e-6bf7-40cc-bf6b-b6909badca7a,MC,6e5d9eae-bcdb-47cd-9f6d-2bf8d704cead
fb33af99-43e7-4595-905a-76aa93e2a1ae,MC,d91e0eb3-1511-4493-8a85-41e139e1f3f6
d2a87d7d-9f38-4c08-907e-ddb8c50a0d23,AmEx,9d180a01-8922-4401-b610-f5ee293261bc
14070c69-51f6-4224-a127-085ba394b579,VISA,f7e7c1a5-d231-435a-a4b8-a9b8f2091ed4
13c58635-05de-47c6-ae23-52d38489f40f,MC,9fa9a688-27c3-4a6d-8de6-dc7279cbb33e
a64fc4c0-7c9c-45e3-8ec2-29b0c14a03a0,VISA,87eb3a0b-f8a5-4699-b3cd-9d6ad324d8a3
a7be4534-7978-4bf4-a4a2-bc4b4b046fb8,VISA,19583055-b54a-4d88-aa8c-25be2990e00a
bb4477fc-9b3e-498a-b811-b8baff594eb6,VISA,2bef055d-9fb3-43f8-8f9e-d1fd0d85d953
007d3d61-1407-4b7d-9abe-ea4d8f3be15a,Discover,23651982-2894-4a26-94ee-5266c1aa1350
07dcc0c4-5f09-41a0-b1c2-a8dca305a781,MC,70127139-e40c-4396-a86a-cd6920d2d7c2
439e744a-9f51-4b7b-b4ed-5f7089f75290,AmEx,1d3384ab-c800-4e10-8c46-7feefe8c835a
570634e8-aac7-4233-adca-527ca17d4c3f,VISA,78eec1b6-2a65-4944-b991-ed4e317e27da
1093a009-6876-4aaf-8ad8-f36b70147f7c,VISA,50008f47-2973-4b0c-96e7-af34bb4a5c50
5290cf70-dcdd-49f5-be42-86d3b58bae87,Discover,e9d61319-04c5-4425-b403-28ac5cc13396
83259843-9d27-45ca-b21f-a90fe7b9de5c,VISA,4e19ddaf-e400-40b6-9523-b8d973b145a2
e87af87b-e3c5-42ec-b1cf-3546b0b10020,VISA,f9983e89-0a93-49a8-a8e8-66d0b8501090
ca1aa245-71a1-4d3d-9c54-330abafb9a3d,PayPal,9f053269-e9bb-4622-8f87-921d5d3e4fb4
779fa07a-8b75-41f2-b51f-a0118ca9f5e6,AmEx,5129014b-d3d1-4aaa-914f-c8fa4036b8a6
dfd7ea52-53ea-4f17-a5d1-e8493249f9b3,MC,cbce612a-5419-460c-8d24-ad430576cea5
59d16ced-2584-4a36-8a2c-8696a7fabf69,PayPal,36ba9d90-ba9d-446c-84ae-bf05897d82b5
d53e3ac9-49dd-4827-94a4-914b7237b0e1,MC,0e308e0a-042e-4d25-a1b1-0b47a2f6b0d0
39533797-eaf5-4bec-9377-4a5c2031c410,MC,24050a64-aba4-4326-869a-83c8c6355f6c
1478e698-e745-48ec-9375-d9498cfffcdd,MC,9b693962-db88-4dbe-8e35-846e715f897f
1d776e0d-1bfd-402c-b428-12653ea0136d,MC,d27c3e11-424e-4b84-8a7c-cc4af5b63d41
132d1d43-e1cf-4b9e-8f55-32fb5f542c2c,VISA,2d004a55-6efb-4d96-8a92-8520ef959076
5adfcbc0-c821-4a5c-879e-1460f6ea1bac,VISA,4c8fcb7c-2df0-40c8-965f-01e545e121bc
3a53fe66-c187-4d63-9f65-c4020edc99d8,MC,2afd1954-56db-4400-9d0b-4b894cdd2703
7ecc1698-5802-4191-88fd-c3d14ad979da,AmEx,01168c07-10c6-4cbf-a6a9-add795d083bd
91db7bf7-1b53-4bfa-9b2a-5dc4a6e428ea,AmEx,c9210330-c744-4780-a961-006c5308537a
f19c9d8d-7e29-4170-82cc-ec16c4d55b64,PayPal,54cf6e08-d211-4428-bc19-210248be7b58
4a377146-126b-4533-806d-1061432c07ed,AmEx,75eb7b15-1f3e-48a8-93ec-cc19f60f01f4
d965af90-b91f-4909-b406-fb8cec6b7b78,MC,865230da-3fc5-4c10-bb98-20b5b6585b5a
85158674-fc48-463b-b0b9-8b11412b5f0f,Discover,ad2f3eae-379a-41c4-a39b-fecb3ced36e5
a3cabf55-1973-4e97-a00f-86fe2aa43118,VISA,35863052-816a-4e28-8394-8f5e594e9daf
4b7cb2ff-f49e-4339-a072-8a4b73dbd683,VISA,1cfade06-ba55-415f-be82-97c1278c8e86
7feac79b-9b9d-4797-bf70-f817f8b00243,AmEx,beda7ac5-6a3c-4da5-a9fd-31e898278659
56a33fcf-3fdb-4b0d-9bdf-ccd506ae3084,Discover,7a52f4ca-f9f7-4d89-a7f0-411a4be6416a
74bafd1a-f604-48e3-ac52-9e960dd591ce,VISA,7f28ad26-31b9-4b65-a0bd-2ec9a95f0675
7794035a-8118-45d5-a41e-6f8d0848257f,VISA,2a05b6ae-1076-49cd-a744-68a42785f530
76a4c1ea-0a4a-410b-9e9e-ac82322ffd97,PayPal,3566ce3f-30f8-477d-bce0-72cfd9ab71aa
02091c70-2ec3-447e-9d29-54fc1ec923fd,VISA,ce210ce8-ba7a-4bc8-a148-6ac62002cae1
417a48be-c029-46f6-aa12-d5044d1fa688,MC,32fcab71-71e6-458f-8476-4b34817e2ee7
ee89b9e6-f587-49a2-aef7-e58c6cad6800,VISA,fc469e4d-2251-4412-969b-87c026e07f97
43a40805-0c53-4ec6-8f8f-8f6c1ab04ce8,PayPal,a8cd8b88-202a-4a28-9552-4316a7bdbbc1
a3be1726-5625-42d6-8a39-9982522a1af6,VISA,913b2cb9-a9a2-411a-a19f-a0aacbda9bd5
c5e58a93-f461-471c-ace6-fceb8d6d5f5c,MC,3e7f3643-4f94-416c-a586-dcc7a17719d0
fc70aafd-077c-4178-ad15-16c4483b6530,MC,afd395bd-a03c-43ea-9bad-aba48899dbcd
18c42966-81e3-4069-b3ab-c205a124eb6f,AmEx,6899dd5b-1b70-4831-b190-9d1530209e8d
cbd27d37-6658-463a-9dbc-6606291d2d2a,MC,ff07ee28-f4fa-435a-bb22-4e1291e30450
600024c6-cf71-4ac3-bcc5-0f2cd9d99fef,PayPal,091eadb2-ddba-4320-9729-241c4dc47e8f
8b227463-cccc-49fa-a6c5-d02bbe8fa99e,PayPal,34107a93-a3b2-4810-950c-a934676d87e3
dc7397e3-4389-4ac7-ace9-2c76a38ce632,AmEx,00482b0e-c1c9-49ad-8604-18f1426e9de3
f036889a-c415-4640-aad2-a8e265c01f80,MC,714758af-14a9-4a49-9731-b5d61aed4e74
3af17401-15c7-44a0-8475-5d720a574e90,PayPal,ed444560-7b2f-4736-85b1-0ed52f3e71ad
facab5bf-6eb3-4dec-ac8b-4b651c7bcd1d,AmEx,9d835356-59a8-4608-801a-c4a069b72070
c69fc95d-d8ef-4689-89c4-3800d9006372,Discover,499a1438-103d-46ab-b4d7-91660e405272
fb4f16da-4968-4702-8a94-45054ee74f01,VISA,f6235a7e-749a-478c-b507-b54c6a8b04ff
cefae4f6-8115-44fd-b8c6-fcc81e5acd78,VISA,68a80d55-de29-40ef-809d-ee92dde4da27
4e77c26a-cf38-499e-81ab-68437d5d2724,VISA,32d2baac-e9f0-41dd-acd4-ea0de332a573
83731ad5-6a03-482b-865f-71ab7085a0ba,VISA,777a976e-681d-47fe-be65-52968e700454
e48a90d4-e9c3-4ba7-8a2b-00d27cd7783b,MC,4ed586b9-bc98-4701-a365-36bec1deecd1
f69fbb77-40dc-4bd1-aa35-ef36fc9c25f6,AmEx,67cc3aff-9670-4966-8254-ee21d0dbd2f8
58976d91-e695-485a-be03-aa6815e20260,VISA,7435e753-a889-44a1-96dd-f19632fc585d
b84f2289-498d-4471-b5f5-73a8f6021254,AmEx,cea50282-21b2-4ace-921c-905ed6921aab
2b6f8ead-f6c2-4018-a428-7f3f8014741b,VISA,8de2717e-2ad8-40eb-8c27-21a70a5ac2d7
d23ee7a8-770b-4093-9c2c-4cf55e37a6ab,VISA,c42ccf44-adae-4365-9f4b-912ec067e48a
0b0f0af3-736b-4973-8e57-d21323d45fef,VISA,6ec4558b-a579-4662-836a-fa63aadd94bc
73cff479-b71e-44f6-8798-1d40374b1b49,PayPal,62d566ce-0c02-4539-9862-4a140dd1fc00
e97b9e3b-5cd3-44d8-96cb-e8494f1c3359,AmEx,9d67070a-62e9-48a1-b9d4-a59c7f2878a5
24c43c5b-dda2-4a89-a85c-67ff3add7297,MC,83215a93-446f-423b-9953-48999ed582ff
73697395-7432-49a4-ac31-68b7c55d112c,VISA,d211aa7c-6d7b-4dc7-abfd-fc00a1013239
71278fe2-5c65-4f83-b5b5-b759e85ccf0e,VISA,c36dff27-edeb-4ad6-9e15-5b05e419308d
f5b1e72c-a954-40e8-b3ab-2f28709ceab7,VISA,e52ed459-a854-496d-a234-ee68f5514b71
9cb9c83c-2c02-45b0-8ca8-d99a70111a2a,AmEx,c4ce55a5-3197-486a-9334-d811f26bacf1
26b4693d-f762-4c77-b200-b83b53467a35,VISA,21a80b8d-3327-4a76-8faa-3569a761490f
ab406d2e-a6d3-47e6-a91e-c70fb60c14e6,PayPal,e0b191f9-eaf9-46a0-855a-46c87863cd4e
3205daac-81b5-4872-868c-325fba7a5b01,VISA,6bb30682-4255-48c9-a6a9-5757d5ee89b9
f0c6f386-ac49-4fd1-8d17-fc7e94d2fcf9,PayPal,533428b6-f33b-4ca8-aab0-afcacb3f238a
3a15a90b-7758-4deb-b6d9-960eb82bd264,AmEx,ec1b45af-bc2a-4f80-b3df-47454c9aac3c
257e1f54-be09-4f78-942a-d4c0274ba4f1,VISA,a8c00152-ad06-4baa-9e33-224bcaac345b
c6d532a0-bf2b-43cf-8778-0785db65f652,VISA,eba62499-f053-433f-80d1-6b6ed75e826c
98be7358-7b71-4122-8e51-751a595db519,VISA,bf1ac07e-12b2-40af-8686-fcdec4551c9d
a91a129c-1688-45b0-9e68-ca3d5c0334fa,VISA,08fb457f-c6ce-414f-9f6e-2bc0340daaa7
5a9e4d55-effe-4e6d-9ae4-418109677a67,AmEx,65de7c96-7c7c-4e3f-8de3-513b6c5de926
0e9adea1-dcb7-4f34-92b5-abdeb3b09252,MC,06d46dea-15b6-4989-a441-3d89dbe7dd7d
23d73048-0d16-48ee-8141-5aa1e5fc6a0f,PayPal,8634b743-7b21-48b8-b099-b4e7f0833136
d88ac96c-f7d9-4aa8-8376-711f5b70f0b4,VISA,d118be08-a8dd-4b60-aaf4-53b72ac6c577
8943a7b4-30f4-4e3f-a318-d8e8d1579d45,VISA,3b4fd9fe-9a82-40a6-a411-14bdffe344c4
5d7d4d32-f157-441a-9e69-a1541e98dc20,VISA,85749288-ab35-4f87-a22c-4ca5f3e66d98
a0421998-c511-459d-86a5-4789d4ead437,AmEx,3d148094-b556-4778-b2c7-a2c347b2bdf6
dd385445-ef95-423d-a16a-873813ed2c6b,MC,cf7dd91a-6c05-476b-953e-ca0e618caaa8
5a2dd02b-8d67-4b78-9317-10bc74c83f1d,MC,9f0c5dab-f881-49d0-9f41-96ce350c8a89
9b11f67d-587f-4bf2-84cf-941f6fc3ce4d,MC,dc1a422a-e218-4955-baf1-ba443cdb558b
0bad1686-0fc3-45f7-ade4-2e52b495c4b9,MC,39524e8b-4483-4650-86c6-fb47b2cb725a
bf45b8d0-ec35-4767-871d-97ee72edae46,VISA,657cc434-1922-41c4-8a75-6b0137c6c2b9
1fbccdfb-1176-42e1-a459-e5327c77c53b,VISA,3f697775-ecc2-4bf4-ba26-f7ec8c60d7bf
7a68653e-ebdb-4fab-b830-f9a9166666be,PayPal,5d898da0-e961-49dc-a5cf-7af625661189
52ee35fe-ab35-43f3-a57a-92aeb377476e,MC,2b4ff65e-36c8-4208-983b-56be3cbd35c5
f460d886-a170-4335-a506-476ff9c0d0c4,AmEx,e9699a0d-1ef9-4563-9ba6-ced50a142f0e
349a6943-7298-4ecb-90c8-564ee049a7b1,Discover,850989c4-10f0-4113-83bc-5eddc8f346e3
a1ab3f8d-f51b-4e90-b96c-236a35c212ae,AmEx,3df0a5b6-ff59-431d-97ab-47c479ae6ad7
eef5f27d-6b84-4775-9ae5-d63166abde6e,VISA,38d97abd-1008-4c39-ad32-02ecf5a5ae92
901d5431-7de3-4863-aa7e-29f982cf80be,AmEx,25199fa7-5938-424e-bd33-31080095992e
e7d3fda7-68c7-441e-a69e-4097c33448cf,VISA,ac0f49dd-04ce-4f4e-98e6-1654274bc121
542a6d87-8638-4f53-9e3a-d3315144b19b,MC,6d75b8e8-c119-4198-8ec4-436d76c1636e
c1646ddf-f7fd-45fe-bb35-a649ea7fbc4f,VISA,4adf5280-a05e-4ebc-aa9b-7fee8d056240
202109ca-aa8e-4c61-a1b8-8dcb4e7c749e,PayPal,dae7e2f6-25fb-4e37-8d85-aa8446262408
abcae1fe-856a-4869-8956-2fb15162e145,PayPal,ac2463d0-e78d-40f9-819b-7a811884ff3d
460fc345-ddf9-4051-8b2e-12f924a1f1a3,AmEx,faacee5b-fc25-4d58-905c-fc7b1e537e61
7418262b-5d00-4a32-9e9f-8b2ae7d125e7,VISA,05c8649a-2b70-45f9-98f9-fd1fe25cd6b7
0858f407-b9a9-4ea7-a49f-d7e616e9d1c6,VISA,64de6fb2-cfec-4724-b4a9-b1da6504211d
f1bd74d6-9465-4a49-8dce-3456ca53583b,MC,ea36aab7-fe31-4e6f-8db4-406313316102
0b7524ba-9cd0-4a45-bec4-66f30a384232,VISA,fcfce54e-79b9-4ba0-b3a7-9d93b6dceb61
f38b9276-d40c-41a4-8a33-4b14f29ebe4e,AmEx,6d817581-dfe4-49f1-b27e-122ac8eef3f7
eb1a3758-da20-4824-b9fd-2fad6aa772e7,PayPal,770395da-83cf-4b82-bec3-6aa703096810
fa8ea405-63ca-4f3c-949b-1228b91397b4,AmEx,fac7469c-37a9-4376-b822-3d09795739e8
358881b9-1d0e-4195-8be0-443c385e499d,VISA,e2bad022-4297-44ba-a77e-bdb58defe26a
416f26b2-2d38-4f32-aaf6-55fe578d3c33,PayPal,e1030444-ffd8-4541-ab48-313691b66091
ed13d09d-9ff2-46b8-9e89-18cbbba063da,VISA,d2754515-d6ab-4bc3-baf3-6deb71d1a3f0
2aef8d5a-2088-4a94-9fec-a1d612b3f80f,VISA,1ad1f109-ec8d-4100-a479-45f1d5425dcd
d594409c-ad9a-468c-aeb4-9ff54cff3c06,PayPal,fdec3d75-8fa0-49b9-b978-ba681dde6825
e40ba8ea-e92b-4e95-947c-aea130e0130c,Discover,2e09a99a-46b0-4291-921a-e69774ea507e
836f565e-d5bb-417c-9929-6a90916ee57c,MC,a1a6d4e5-1094-4277-be8b-c52699310564
17a4854b-e5b8-47c9-aa5a-e859a167fcc0,Discover,6c7bbbdc-304b-4928-8287-ec842c4120f7
4d60f9ec-3ad0-40d6-8634-df23c71a2edf,Discover,db7b47ca-a553-4989-a5ad-c44dec50e316
dc567d57-5f78-4383-aba1-91f071ff3b0e,VISA,68b474d8-c8a0-47f0-ac7d-98039012d723
67633183-4716-4337-82e4-10775c767a5b,MC,46c31376-1a32-46b8-adb4-92cd40351025
fabe135d-5de3-4ced-8ab8-fbaee09a9a1a,VISA,5ecef111-ee39-4a14-b03c-fafc400513a1
57967a1f-1a50-4663-84b2-15d65f3aa3a8,AmEx,510a4c80-02a4-4e54-9e85-436de8137510
39f678f1-413d-49c1-ad9b-9ef03ea314c8,MC,374da2c0-a51f-44ff-a73f-160287a90205
f4e53706-f911-4c39-a25f-1c3a4c047da8,VISA,3ea5073e-2be6-4ccb-8628-8ee0c1fdb7ed
cc6cd539-3848-475a-9512-5911b751d9ba,PayPal,4aad80a9-5718-4f51-9c82-6049c888f294
961364ea-83b4-493f-bc56-1c050674906f,MC,aa0b9e68-d125-4ce6-a6b0-04faab85eaac
408ea52a-c662-4dde-bf5f-a9a25557ca85,PayPal,0cb551ac-f986-499e-bdeb-88a7b7d3a48c
a06a7af4-ab6b-4721-98fc-601e15f806ec,MC,be8fd992-7e69-4bb9-a1d5-16ce549b7b1a
3f172691-d792-4e3b-b3f4-dd1567c628b4,PayPal,a95e6417-c3b5-49d6-8637-cbf4b284d395
7caa73c8-320d-47a3-a3b3-4c6082ca8647,Discover,e9225f42-9f32-43ee-811c-40e2a5e5a98d
b94d418d-ac19-4b3b-9d19-fa29d06d79b6,AmEx,425c02e6-5596-4d48-9b6a-0ac09578e169
b313dcdf-fea4-4d05-823c-cf4c5397c8ba,AmEx,e9f968b1-9901-4717-9366-063c694c7ac9
e6e8ff8d-885a-4feb-ad8e-1447cf9d25ff,VISA,1c2bb0f6-1cf0-4b64-abbd-d2d17faf2f7d
bfa57471-49b6-427d-befb-a54785204c0c,MC,0add5f0e-cf78-4989-999b-1715fbe0a30f
d23ce313-b2ce-437b-82a1-f82467abfa84,PayPal,60cad953-4927-4d08-98a7-4fcda6141c36
cb3bb182-cfda-4cd8-8ddb-384dda0163d2,PayPal,406f3f95-789f-4f3e-8004-7edebbda83ec
c0cca360-6868-4d98-9e71-ca0159a59277,VISA,64779ed4-daad-499e-b002-316c5abb0c5f
9682bfaa-3196-4f65-a585-e8ffbc38e1f5,MC,4a0ed8ca-48a9-412c-ac07-db40182f8dfd
1fbc35f1-2d32-45ee-9a1b-ad45f8082276,AmEx,4e4140ba-7984-49c7-8682-61d487c090db
0794763f-9697-4721-a722-63b66a62ca93,VISA,a90a9dd0-5ab1-45d6-8206-64c324174011
e598bb92-28b1-498a-8a23-75e6b4ed8636,AmEx,522e9c54-feee-4801-9172-9b04701e67a7
5bbc982c-f207-4002-bac1-d64e77d2aefb,VISA,f4b83cb4-39aa-4d15-9c97-ea252f244e0d
6e65fe44-8db9-47c6-9833-ac61fa2544cc,PayPal,745524be-4788-4c2c-9008-a67ac3e437b2
13dc7861-8bab-4506-a680-ec7b8e4ab4b2,Discover,4d40f84e-39c7-4b21-8a48-b70ce3834446
9a6771cb-64e1-4fe5-a5a7-744fa6c0a5ba,AmEx,58ab5009-4a62-4d1e-b1eb-31e5bd3fb8a8
3da1a764-ccb9-4155-8ff1-228cadea4d53,Discover,37e80f6e-073f-47b0-a5f4-4b7cb59ed1b3
650f6a80-ddec-490d-9e0b-4223a6b81c11,MC,164be422-3ae4-42d9-9491-ad6f9b1f3dc4
c6bc720f-86dc-4294-98da-df35966ae67c,MC,0ebb7adf-7406-40cf-b730-454f96a6b687
5c384b82-b8ff-4a36-8f03-0eef278ce369,VISA,bbba7afa-b31b-4829-85c8-4654ddc18be7
c99f686a-1628-4074-83ce-f151a4293dad,Discover,4db32779-75d9-452e-838d-e29dbc5743b5
93f7fc49-1495-4477-a610-ec698942b724,VISA,33e440fd-4234-4fba-abbb-53433b173f38
91cd684e-5661-4187-b147-798e5440580a,VISA,7a2d2073-09b7-4895-8d46-642726a914cf
1f022c9c-036e-403d-8830-8c111b39814c,VISA,27e61194-3953-42a9-8942-b40df4bcc20c
38939b91-bfa0-4723-8103-1adcb97f546d,MC,0da18407-be2e-4515-8c97-e4d60152abdd
456f89ee-17b0-4e56-a728-eb71bec89344,PayPal,ccc9975f-9b00-4c7f-891f-581582611418
596e4a2a-6fe0-42d8-8c2a-681e0fb9b653,VISA,7e65c148-24fd-401e-a427-b5a3ff9263e3
194513ee-9f5e-4b3a-bb69-48485f870c51,AmEx,6b1ec7ea-7a66-46a1-84f0-edc73726430e
d9871fe2-6932-4b35-b61a-26ae59a44393,MC,2cfa0206-6aa3-42a4-8a65-ecacbb3bcf3b
35dffa51-e237-4fa3-84d2-6f82203d54cd,VISA,6e2c3cc9-0048-423f-bb85-c34541613aad
86aae26b-c8c5-4c02-b92e-1cd8a9d6afa1,PayPal,7ff5bdfc-a547-415d-a4f4-12504bc1b628
12384273-478b-4eea-ab99-06926ab7b40e,VISA,465c75d5-a738-4ce6-8e01-594f25f4212e
59b3ca74-22e0-4a79-a280-0abd09f8b97e,PayPal,08738830-847c-4705-a6aa-ac10d7f19ae3
b740cd15-b1dc-4959-8c70-11c67c61698b,VISA,a4991a5a-0a5a-406d-bf76-db57319369fb
01ced49b-83d2-4079-9f56-ae789dd34bd9,PayPal,de50cbec-20dd-4175-b5ae-1c0d27eda66c
24ae27b9-2e9e-45ff-af82-6f7510d13e56,MC,a20dd1a2-33d3-4b40-ade9-1ac295d97a25
e12fe536-bd13-4faa-8a79-901ccd8cb84e,AmEx,2c73f153-94e5-4a73-8f31-5e2d7ca75cbd
9b7db654-1382-4be5-bd90-cf39716bd09d,VISA,daeeb3c4-c85c-4540-83f6-880d4dc56498
f27d5708-ec28-44d0-b702-8d4be1aafca6,MC,40eb178e-e79f-4226-8606-9b8ee54841de
7a8a5a11-3dec-49fa-a0be-5463b427ef5d,PayPal,1d14b3a7-0f8e-46cf-904e-41483ee5c93d
a0d193ac-aa10-4c26-b087-662516dec3c0,MC,9d54d3db-c145-4740-aad6-f65bfb2c94c7
3d2caf57-745a-4573-982e-a7b0a3058409,PayPal,5d8313c7-47e3-4ad9-855b-7372f8b72f37
0984c91f-1797-4c38-9719-2f3f37560090,VISA,31e79327-fd18-4eb6-8e3d-7521d0ac8edf
f6b33230-2b59-4992-8c1e-add71ab32144,VISA,fbab244d-6416-452a-8829-f3797f2c7606
0947b9cf-9f4c-429a-95e8-25719e4b6cf9,PayPal,762cbb54-30a4-4fb8-8c50-9ee11fbef862
8be5a8de-44fc-4430-bb45-55bad95d7ef5,VISA,dc677144-1442-4414-a1d1-4fb3b7c3f62a
d9ff25a7-5edc-4fc6-a04c-13aa26dd1435,PayPal,9fd2b071-3554-4b70-a915-1c475b61ffef
f173e13c-f51b-4e02-ad8b-8396046eafdc,MC,948fa692-e05d-43dd-a454-ff4b8676be88
28b3de09-60ae-4b49-ac99-793aeaca4bb6,MC,89bdcaa7-df40-4559-abce-a555b72b563a
14a20950-3c06-4ff6-93a2-5a5e1413c1dd,MC,a779b663-3307-436b-9e56-819321a80501
e1f43bb2-460a-434a-9bed-bdd5fb021e04,VISA,8c4d65f2-223f-42e4-89d5-8a7134d3866b
7cc9ab3a-7d61-405b-b84a-2aaabcacd42a,MC,22761772-7924-4d03-93a4-901b0058c42d
3ab03aec-54b2-4552-bf5c-b916d5c82a0e,MC,7a3906a9-85c4-413f-a983-7e6bec5adbc6
4d5249b9-007a-4efa-bb1a-5902f68ec84a,AmEx,014eaa4c-c947-41c4-a8d6-3ed929c0f4a6
c735ccc2-1816-4e4a-9abe-9664b4f35b96,VISA,d41cd460-56ff-4d5c-87e6-675cc4609c65
5f7b6cc1-8381-449f-8481-a734f6ab0307,MC,c53bc61a-604a-43e2-a26b-e7b835c9a983
3474aba6-0554-41cc-a131-5e9b9f85d9ea,MC,27db6b05-a0c6-4990-8738-a66ef6561f68
86186081-2bfb-4635-930a-b1b5ce3f0010,MC,6b5229aa-4182-4bba-bf5d-f558afc385ae
d22e64a1-5443-48d9-8995-daeffe858c6d,AmEx,9a132e1f-e57e-4251-9054-204d6fbc99dc
49d8064e-a083-40bd-8ccc-dd15b65b0523,VISA,e85b28d1-7fae-4572-9986-bb059cd8fe80
f0ae0e78-f86d-4b68-ae48-89a8c38eb507,AmEx,92a61695-72dd-4814-8843-9eb749636c75
43f7ec6a-2e68-4484-8b57-2c77551aba27,MC,d5f74948-4075-4175-ac90-c19bce7a38e1
0a549daa-4fac-452f-a07e-0197241ea790,VISA,c51d2c36-c0c8-40d5-b0ae-62edb27b1cb2
8d8fcbde-33dd-4cbf-ba07-a31de3e65b14,AmEx,7d29f857-0d00-454f-8ca4-e7573cfc5f25
1de66b66-370e-446c-bdc8-62239105351e,VISA,62b859f7-1bca-4ad8-84ab-e7c142e54748
dc984423-95f5-4022-a27e-390c08dadfc0,AmEx,f1745d40-c4c5-4ada-8aa0-7a83d00eb819
5f542660-382f-407b-a539-d3909e4b000d,MC,1534c250-b4fb-4ebf-95f9-0a7270adac09
108fe3d5-cfef-4a57-9f4c-e5e10f63b718,MC,9213b1a3-47bb-4318-a4f9-09c839d6dfb2
24d494d3-a4f0-4474-9135-1d54c5c440d2,Discover,3be3e7cb-9065-421d-81b6-f9e468edb9b0
fe48f3ae-01e5-42d4-9067-abf0dfc73c65,MC,3750dd2b-e085-44b1-bd5b-97bffec45fc0
07c6cf94-22fe-41ed-8025-3d2da0316e6d,MC,ddcdb2ec-c7dd-4bb9-b13e-c8e91c067cac
06d1c82e-6e8e-492e-9977-9d41127276f4,AmEx,81b90e3d-df59-440e-9ba0-1e2cdedcf9ae
31380527-a1bf-4603-a8e9-554c0414ace8,VISA,f402b0f2-5af0-4b09-8d40-13f30f887825
70d30f32-5c43-4ab5-b29c-5ed05bcbc6bd,MC,f9b6fa52-8246-4d72-a068-e7b7086568a5
2a1f71e1-c328-47de-bf26-8cb7ed92726e,PayPal,78261706-cb2c-4f36-a896-b11ddaf51510
f00b4453-3a99-440d-b871-8fc9be14aeeb,VISA,46aebb28-23bb-4008-ac03-539a86135a64
32ccbcef-e906-4779-8ec8-fc7ed7a670bd,MC,4e73901e-f07c-4273-adef-d0fc92c45be0
2548211b-8203-4271-9be6-78d8bb788ed4,VISA,b895fce1-c6de-486a-b58f-1519dadd7bf4
a7a015a1-4115-4ad3-a51e-5bdf16ae4100,VISA,c0991ada-3363-4fb8-8286-2215f37d0f64
91d71bc2-8065-450b-9f58-6b1301d299dd,VISA,c5b9a26e-6e31-4906-9cbf-129ff10859a5
ebff7893-8ddb-494f-9e9e-6154f31400c2,Discover,2f756499-2910-4062-8de6-116e79b5051c
47192d5c-9bfd-4bab-97cf-e71d7e4a7388,VISA,72cb58b0-872d-4f57-ad3c-03bc2554d736
bb28074f-96d8-4898-a961-3137b9eb1afe,VISA,85922543-e57a-4beb-aa7c-cd52be83275a
0f315ae4-9505-4e2f-9c0f-9b703c43f0d4,VISA,edda4035-be6b-442f-a7b0-32b717558c85
368d5f0f-0c0d-48a1-980b-4876db428ae5,MC,e7f75342-8c3e-44e0-ae19-64ce894b225d
5d12f97e-3214-4ae9-a7a3-e9a3769bc5b6,VISA,9f140f34-9f06-4468-94f0-994fd6431309
865817df-104d-48c5-b371-0bdad2e8f25d,MC,78bf5330-18d4-49a3-86dc-8a29f8e81f34
04d6e731-f219-4292-8b50-2b4336141a19,VISA,9575ea2b-8168-418b-8d77-239a9ffe31b6
e98d45c3-194a-457c-bc0f-f3a2059f705a,VISA,2fb1d489-ed27-4a55-9fbc-04eeb0c60235
c5ee7ddf-5773-44a0-8878-5e6f6aefa429,MC,86dc8f10-a961-4cbd-9c91-5bb1edfa5697
08804a2d-0c8c-4c2f-b826-458ee529df48,VISA,33f44a2a-1eb7-45e6-a8ed-cb820fa06b53
3f4717f5-212f-451e-bdd7-b4a26f2edb3c,VISA,59bc0a75-1032-4288-9101-e3e2f9dba917
7cf15c5b-f55a-4bd9-8a3a-f5177afa2195,MC,0d88f305-63a0-4107-96f9-cea42330249b
e052466b-3c31-417c-943b-6161c8f017f8,PayPal,79d82deb-d888-4870-bbc5-791622ddb517
66283c71-c20a-4c6b-8d4f-b3293c76c4e0,MC,1d2a0f8a-e33a-4065-ab43-d3e8059648d5
3e7b5207-f738-4489-ad92-ce9fb0b3ed62,MC,8850abfb-3324-45f4-aa0f-4fe015fa4d1d
c759bd66-6209-4777-9e6f-d33d70e9c9bd,AmEx,86a72078-2320-4656-bb4f-b6425141a29d
09e3805b-d229-4edb-acd7-4de139219e2e,VISA,c9a73965-e323-4f65-a5b2-c625381dd37d
20bc4b6c-9144-4fcf-971c-589d4416ed7f,Discover,9ce126a4-60de-404e-bb66-f385a8062873
7c846b13-acf3-4621-849f-04c25925282b,VISA,2b589399-3fa4-41f1-a7b2-5eed1ab274b6
c99ac422-7e32-4fb9-bbbb-97c57a75fe93,VISA,d102ade1-64b4-4f21-9a86-04053937eaeb
b7f2fb9b-d469-4973-b045-29a81d80c25a,AmEx,ee22b1c6-1d50-4465-8598-581cce600aac
f7d05690-adf5-471e-b8f6-3a6c2ce3ab32,MC,9f9b291a-87ed-4a36-9ffa-f1f683689663
38ca3887-7077-4e13-8475-e42b7e3c24be,VISA,8aa9defb-0ba1-4824-88b1-74dd1976a6f1
bc9027e5-078d-4982-9435-f02ab0623cf2,VISA,5d77dafb-87b2-403a-bde3-0a392b8e1b65
32c10fc4-f11b-4db1-995b-de14820303eb,VISA,d33af0f0-9cf3-4d24-836a-ff5da3191586
52bb81ee-64c7-4e6e-abd6-042fef9e0c62,PayPal,bf664438-8a13-4ec6-b0b6-21e8b1925786
9f843bcb-ea6b-4251-a1d6-d997e79afd31,MC,e0255d9b-4c73-47a3-9f2c-d716975d0243
85fc31df-bfae-495b-a1e2-a1623779a14d,PayPal,503840bf-3907-4dc1-b485-fc0954e69519
47c74eb7-6174-47a4-9f97-cf00aa9ba3ac,PayPal,15f440ed-5fef-45dd-831f-5cea0078e509
a6dfc626-abe2-4598-8c81-9705417214f9,MC,9cc63c09-2371-4620-b35a-7d29c188d21e
9e4b3e93-5d82-40c9-afb3-70c7005c9357,MC,67bed474-9de2-4082-ac3c-9f8019311096
24d62577-56be-4fab-aa3b-ed4652b6ca9a,PayPal,8333860c-3ce4-4af5-9c95-320815bc6f66
599db9aa-826e-4709-9a54-f11b71c24fef,AmEx,0e1b5e1c-f388-47e8-84a5-07a02b76fdeb
48d31b29-c40c-48d0-90ca-50f29219af50,Discover,58ad4631-7538-4eaf-b6e5-0c98f76ef8f3
289c7037-1583-4a80-a34d-d235ec8999e9,VISA,c879a670-5583-4ec4-8ebf-c96de7ce98c6
2c6c50b3-f4e9-4bc7-bda4-133407885b62,VISA,f2cbd4cd-6791-4df3-92a2-756282ced7cd
9e0f1174-272a-4e0e-a832-001f08273b68,MC,c430b6d7-923b-42cc-b30d-f8f84eedbd4a
e09120d1-ab81-4464-b49e-e45b7d339ffa,Discover,39740866-34a4-47c2-9fff-15c529f328c1
40f01654-2166-41f0-812d-1b190b679b1b,MC,f9c7ef94-29a4-48bb-9a03-461410353c1d
ded9e580-fe42-4566-98b6-a93914aed8c0,PayPal,bbd2de8f-ec90-4fcb-bcc5-70479f4dc8e1
be385f8b-0678-4a46-b947-2ca09f7f5d94,VISA,8a009d56-5459-488b-9ae0-b4ad23960f11
7b8ce203-45e7-4b92-9e61-4cdc6c5e643a,VISA,8cc77fb7-14b2-4322-8258-4fc7889b1628
b3fffd25-b948-4e63-9a2b-ed072a110d2c,AmEx,457b1856-af01-422e-bef5-0e7a5efbb52b
d41b1afe-ab47-4ddf-ba5b-112e6127da3e,AmEx,f2754c47-b468-4d74-8048-48549d1c856c
5532774d-d96a-4676-8203-3edba41589fc,PayPal,d383f1fb-00d1-4ae8-abc7-da869dc88e3a
54779d6b-2fcf-41ee-a81f-716eabfc6c51,VISA,9fd7b4b8-b4b6-4d31-99a9-b5b667ad6adf
cac6400a-ae7b-4766-b8ea-1ef4c17e3cc6,AmEx,651e1124-fda4-4246-bf41-53b57c12c1fb
ca4772f2-f14c-41c3-a536-38de5da230b4,VISA,90a567b8-6d8b-4c24-8003-ffff20303275
5c7d4b85-5937-4e73-be3c-a297fd63ea49,VISA,ea53b750-4c2d-4366-bcf8-e15635cffe22
d88d47f8-5f80-4bf1-862e-12de9d40f78b,AmEx,4f82dbeb-c1ae-44b8-bd37-4ebc29f45c99
e9d2f174-d7b1-4dff-be53-258a6dfbda08,VISA,8c04b5d0-fdcb-40e3-a96e-e6c967a0ab62
9bc64a98-5290-4c37-8384-76994a797a52,Discover,5f02b04f-e0d9-4edc-852f-d7a7afd335da
58bb402c-f3fd-4328-8bbf-14ba86839615,VISA,3b5eaec6-a073-4d8e-af0f-88dd30c19dd8
d52c88ea-6fd3-43f7-a7fe-57e142f50c4c,Discover,e1ccbf63-f3d8-4afe-b5c2-9d7a5b91901c
a7617ae0-ce03-451e-b8b7-999f17fc220f,Discover,6678c667-447b-4382-8dd6-2d3e8a693237
7229c150-915a-47c3-a75f-46d6b04bfa2e,VISA,757181e5-a78f-49dc-ac18-155298e56876
9411fd2b-e8c2-4e26-92b8-5666b263272b,VISA,7947fbf9-b382-4268-8690-83e421b67933
77b3f112-34f3-4fa7-a839-a503a713cc88,MC,770deb3c-e91a-44d8-8db5-5547a740b32a
2defba40-0401-46cd-a5d4-7fd82cb7ecb8,VISA,f0b67485-248b-4c31-a2f7-306d9b9e8705
aa44621a-ebe2-403d-9e0d-986122cd4b42,Discover,6e710993-4227-40b6-a1aa-cdb34f3b595f
635181b0-78e5-497c-944a-76fa41fc89b1,MC,f4cf621c-a286-419d-99b8-ae4da31b15de
13de6a30-816b-4a7e-9510-f72eeb279330,VISA,8b7aa0e1-1a89-4b3e-a162-5b65ae4fbd82
a07d630f-ed35-454e-bb80-692a9a83a1d5,AmEx,1e5b0781-da38-44c5-934c-e44fdf5bd2ae
36706be1-d093-4642-b529-b45ae5733d5c,PayPal,3d91ca47-c5d9-40a9-95bb-b48654f0e7f9
8dc71121-da27-4852-bacf-b1cfdb0084d2,VISA,93e6aaf0-021d-4597-becf-e50694b17ef7
f2331289-fc4f-4a78-9b55-2130f0a2b3d6,MC,ab88e24d-1f22-42dd-8dc9-ea63ede7324d
bf89b04a-4a8a-4ee3-b2a1-537c789dbbee,VISA,baf13af5-67c6-4ea9-9290-e8755b8e918b
473e6906-d08c-4e2e-bee4-22f1be240e91,VISA,133e3dd8-ab71-473f-b01a-93f8062eb17b
721f9fc1-2803-4fcb-b3aa-00ad6d9f9f19,VISA,e9b90ac4-7877-4cb3-b4d9-90b48c01cf62
9c5bd3f1-d584-45e5-b1d8-e9550aeb02bf,VISA,92fba54d-c4d8-4ccf-a79a-366c150fe288
b6165f9d-f771-4078-b6f9-2b2d600b03dc,MC,7a2efdcb-56fe-4cfc-9f4b-ede48979a7dd
429bcc24-f9f1-477e-9ce3-0e7ae4a2df33,VISA,2cd8caec-e963-4bfb-84cb-4ca78db87fee
d7c99fc3-a269-4083-8617-a3aac72a50f1,VISA,ad27ef62-1d1e-4336-be83-63884c5b9fc9
c62e05f7-0eb6-4dfa-af65-c4207123c448,MC,50e78ee3-2c8e-4f0e-83a6-f0a4d1f7d01d
95ab1f95-d3d8-4d32-a2b4-aba1be066ae9,VISA,c56a8aca-8d59-49f2-aa59-6946fa1c2f9d
fe8e9c2f-43b1-4b32-acdf-1286886e7521,VISA,8a3f8b92-df60-42e3-9ae7-c3352a79b8ac
a79fdf3f-5317-448b-b8d5-a20814fd88fc,PayPal,2a88f38b-c360-412c-96d9-d5a2a5acbf38
4a04918e-09c2-4039-a50a-4eda709136a5,VISA,e3c42eef-d6b0-4dc7-8d90-f2c9d74368a8
3acb7b79-8b0f-4b03-97fe-a52a15d615a9,VISA,6fb13cdb-9375-451a-803d-2aabc22da728
5d39d92f-9c75-4af6-87b4-2ae2cc63a509,MC,8c90309d-1c97-4fff-85e0-8b90a9f9caff
e1a98542-cafb-445a-9195-90c7ac44b954,VISA,206cf730-5f30-4592-9b0b-e0a7aa7b70b8
e3f754e7-4018-48cc-8a2f-c01d1fb819ee,MC,50ffdd38-cd22-4843-9cb7-205754751ae6
a6f9ee8a-94d3-4fc2-8719-4dd464717db9,VISA,8bb1c88e-24fc-4ffd-bc55-1541029c17b7
75dbfae5-d7c6-4d88-8a03-5b93754a91c1,MC,53b4fd74-c46e-45a7-a638-9c6688df3d21
9d6a9f75-e2db-4ad4-8da4-5258b65bb78c,PayPal,22bae396-0fd0-4d62-b8e4-416d26f19f0d
9de10d3a-e79e-4b58-8a20-0efdcca6bf83,AmEx,da4510ec-8149-4901-bb9e-146dede12fb7
3c518abe-8999-4603-a108-f5b6f6647a28,VISA,fbb44ca8-73d4-495a-b51f-34588d89ce5f
c130ee3d-4e97-4ba6-a106-85a4fe788eaf,MC,77e48068-0a14-401d-893a-ea6419213599
3c1ab5a0-e2df-4fa0-89c3-9ab7da8b639c,VISA,9c4790e2-fb93-4bee-ad0c-0d8fd79b0501
c9490799-e432-4879-a733-fc9cbc663a11,VISA,d8667061-6a8d-4778-ba97-c4fcc17b0a48
016ecf1f-6a72-4ce3-a963-2fe0bbffe29d,MC,1f27dd24-b581-4acf-948b-ea4efd3fdba2
5cb10f3b-aab9-4476-9425-057c97e3af4b,AmEx,5a0e38f7-d2e0-4777-9cfd-6fa7dd3bda35
d61ce49e-7cb6-4cb1-b777-28098d9cacad,VISA,8e149108-33a3-4f13-ae75-ec187d20bd08
17cf8f6f-a647-400c-9479-4a0f4248d7a8,MC,3e2a83ef-439a-43c8-b692-bd0d93eda7a5
0793722c-d5e7-47b2-837d-c095646c3f82,Discover,860a7a09-bc26-4b18-bbbc-7150d6344bb5
387406df-ad8e-4082-88a3-749fa37d361d,MC,a7148c32-20f0-48b1-a70d-4c793198c5f4
37c3b8d6-8471-411c-afc2-6226d2abaa62,VISA,6c4e304e-5147-4b67-b94f-69f9d656c3d2
95f38232-b55f-462f-b92c-8589febef32d,PayPal,aef4c0a0-6bf0-4914-8924-eb342be50473
b345d8a2-1e36-4b31-b982-d464bb6896c9,VISA,2025b42c-25aa-41ef-a5dc-140d3edc33f9
33f4c46c-016b-4bf1-a8e3-1030b5118b88,VISA,34917699-009e-493c-b33a-87a4d146fc68
66b35cca-3557-4e3a-b150-9c3d8f721f17,MC,df9c220a-ec50-4dfe-a1d5-acf6396a5595
74a712e5-cc17-4fdb-b96d-85e5731a1039,MC,554103b0-d6ea-4e0d-8e31-b01a00f4f09c
cd81041d-5a14-40c7-87b4-d283eb62d66d,PayPal,590cb521-d59f-4d23-9fe9-80aca28414bf
1042d0e7-cb94-4d1a-b022-b63cc97862e2,VISA,5d79de79-1292-4c26-95eb-214dddffda38
29decd51-b04d-4345-a4f5-c8c58aa523f8,VISA,ccfbc4fe-63cd-4800-b341-9eb71688a87f
e7c5fa94-b825-4ed1-ab6f-af5b787be814,MC,074e22c3-4ab4-45d0-9f89-68b039c51a57
314dd3b3-49c3-4cd8-887d-9f7dde5bda4a,VISA,a0ac084a-293f-4ffc-997b-76d7e44a5684
2802519a-9e2a-46b5-9820-7fce1aacd4c6,VISA,ba34ca76-9ae1-421f-a7d2-f17b65e4e954
0b2dc3d0-2560-4013-b180-fa9c4fd9e310,VISA,c13fdbb4-5c56-4479-9684-c11a8572e08d
42ec2de2-ab04-48d2-8d97-8ea5e606a5d6,MC,a470ba58-1aca-46e0-a1e8-b0e691ea2140
9df082f0-2761-47ff-9a77-c3d5c366fb4e,AmEx,226b511b-581f-4731-b285-7eb387e9aeef
045936c1-ae75-4cf5-92d4-718638b24dcb,VISA,76f1a302-c9fd-4f3a-af10-7009decfb1c4
d3645907-dad7-4b87-88be-f9a56f2d8e3d,MC,372ec7ad-1a3a-4890-a787-41572f21d201
8908b637-40dd-43a0-9880-cb588e3238ad,Discover,e3b14d56-39fe-4067-8e78-af4305cd7d2b
c38a606d-32df-4c5c-83e5-a782c490da7a,PayPal,04bcfed0-868b-4df1-b638-5cf7454554e9
003db4ce-6cb4-4be8-b9a9-042b949d723d,VISA,76fdc9b5-60a9-4b32-9c56-470a97897d04
90082213-eb70-4822-8785-9eddd7202cc1,AmEx,8e663abb-e2fd-457d-a444-409ae9c41b51
31e89b49-a790-4029-b766-0d07b09ef657,PayPal,03ec4236-f2c3-432e-867d-38ec85d89405
e004ba4f-0ba8-4841-8d3d-a1ce3d21dca4,VISA,056fdd2b-4d02-43f3-bfa9-b540ec82b215
031ccaac-b871-48ad-9176-fbdf797be6f5,Discover,281ccd2c-737b-48fb-8086-3359c83ebf38
f639e9a9-b55e-4470-8c30-13a795c26fe5,MC,3ef55e76-7d61-4afe-89b5-3b703737c1e2
1ce6bfc1-4ccc-4a0c-b10c-407299d32e27,AmEx,c7192ce7-8018-4d57-9755-e1ebb275ac58
dc9ea074-ae13-49c4-b09b-70b5259a00ac,Discover,8f335722-5e9e-4f15-b306-2062d36b5c4c
849117a4-d6ed-4e53-9f8d-a20ed5be29b6,MC,45863ab9-a66a-4d2c-92ea-138975221c99
67d75ec9-14c7-4121-ac00-89c35f130f40,AmEx,ea72d0f5-2087-4510-8296-0d1d7ba1fb9c
cde6e33e-5d1a-481a-b00e-f0d916870c9a,Discover,a986012e-7bfd-4b5b-ae27-b906be323e30
9ffe599c-8597-42ea-acba-56fde467ab9a,MC,168f1f42-961b-4c28-a53f-365d0302a118
b6e667d2-9f6e-4274-987a-acfbd2e5133e,AmEx,6b1781b2-85ff-4c7b-a0d2-dbd916ff40a8
21f30b3e-2c07-4fcc-989b-b3d1608827cf,MC,7fed8e1e-7cff-4247-8142-dfe401bf91ed
555c3c6d-f8a6-4a87-8fdc-2dcdc46c3f0f,VISA,3b9004ae-7022-435c-86bf-bbb70cbe9225
1855b336-1c00-4085-aaf2-d6d17988aa2a,VISA,4b0d7e66-037e-49ee-8632-e2d906014b02
03278061-3aad-403b-a599-da13293ff8f3,VISA,c4b57558-c3af-484b-ad2a-2df7a77e87e6
b2dde877-54af-406b-9dd2-9002b3812270,MC,49969e2e-f1a1-489a-8a6b-2eba1b7206e0
7a08246f-61a1-4a84-a5db-92add42e069a,AmEx,d03cced9-827f-44c8-ab30-88f9f50c40e2
64dbf91b-e5d0-449a-ac1b-e7f167d76e9d,MC,61c31152-5877-4dd4-850a-c6306a190a03
cd52dfec-a286-4904-876b-58a9316f7aad,VISA,a0fc1cba-7fe8-4d2f-ad10-d6812a37839d
7e34f355-a8b9-4855-99ff-0452e95a5014,VISA,50216ca4-67cd-47b5-98b9-2e750a6c471d
a8b4a36c-fed3-4800-a3e8-1568a1b9d855,VISA,83e03105-5e6e-4b5c-ad3a-0f45f5f6afe2
72db8896-1ec1-44e5-82ce-1363b16dcf20,PayPal,20690f6e-7ff0-46ee-a7fb-9f92e4788338
a87ba7df-c6b0-4b2f-9b85-ca04b2dbad08,AmEx,b7ebbf8c-96fa-4dfc-9b73-fec7a30cb584
d13c1eea-cf78-4693-a448-985612b2d677,VISA,6ccce628-b8d0-4ed4-b127-b942526cd253
6fed38de-1785-47c1-926f-f1ff3e5a6adf,VISA,3b21a0cb-9578-4025-8a05-7c1e155cf865
9fe52b51-d090-4805-b6aa-c093b09e7167,VISA,9352cf5d-13db-4071-8c56-7e724a1868d0
eb283132-958f-4e20-86e9-04e9e4045b43,PayPal,193c6114-fa8c-4cf0-a695-53e261979a5d
037b7c9b-dd51-4f59-aa47-a7155811afda,PayPal,f5e24b46-c12b-4536-84d3-6a5a22458fb4
5a45f367-7d97-4f6b-bd15-d95831dbb7a5,VISA,55bdc6fb-8108-4f15-b9bc-037aa7209333
250749bc-dd70-47ec-8b9a-72a54c32a7fc,AmEx,e3506dcb-8471-4b13-b0b6-0a8f0e42f987
8d1a2054-523d-415a-aaf6-7f9df30486fe,Discover,2d0880f6-a1c8-4775-9561-3aa4f2235bf4
6637a527-bd3f-4b3e-9fd8-1c910be02d06,AmEx,c284bbf2-8313-446c-8966-fa10054a9406
59db01eb-2ad4-48dd-aee4-01277c09b8c9,MC,4d05fa25-b25d-4d45-86ce-611e1951620d
5774d1ab-553a-4eda-901f-4b4597dc9e2c,MC,75ffd517-d58e-45c3-a876-28e25544d82a
77081f45-38cc-4a2b-a030-9ab95fc02d9b,MC,fccc4406-f829-40cd-8127-799c92901d40
1ade4412-22a3-4717-9ba6-11a894b28de1,MC,e1ebad41-4a9d-45af-8baf-7eca360d5281
2dfe958c-ef5a-495a-9edb-061e5574606f,AmEx,0ff4b0e5-f1dc-4558-9e39-726e82bd0b47
4c2df311-ac06-4030-9c07-2ffb9cfe2348,MC,3a8f63f1-5c61-4da0-9bfd-9a20129007df
7173f8c5-15a8-48ab-893f-d3c49e2d5ac7,AmEx,b34d4c48-3f3a-4569-aa23-1006d7d2e7d4
23de0bf0-c1c6-4cfd-83c0-1b3ceefb5c57,VISA,38d855cd-6fec-43ca-97eb-4a3380fa5d3c
9d1af434-a44a-453b-bb63-5e9dcf5589b5,MC,c9a2e135-369f-40cf-8b71-aa5ed1dc7ea3
a64fa6c7-8e5d-4a98-9d52-32ded3c8ff42,VISA,50b23d71-5938-4ca2-ae52-a947415c90f6
02d44378-b81e-4a6f-937c-4ecd179c0d66,MC,fd0e5848-f0e0-4d9e-bb39-2384b319d0cc
7cae5125-fdcb-40cb-9f5f-d5fd6f4122af,VISA,fc8b7d3a-8c57-4952-b85d-16791ba77918
e19400f1-6237-46e9-adf8-0757d1e56915,MC,0ed28432-2b80-4053-a9ac-e974d7b603c8
41d135df-a6cd-4bd5-bd72-b63c65456329,VISA,d1ec00bf-80b6-45b0-8241-10365e8716ae
fff9e2bd-8a0e-4e29-aa1c-fb5f71e31b47,VISA,01d028d0-d1cf-4fa2-aecb-067465d65297
9009cdb1-240a-4686-bd79-153375e38836,VISA,7f71a266-04a5-4a7f-917e-1056c87453e8
daaf2af7-913d-40d1-89f0-31ec98209990,VISA,e549780e-3a0e-421e-958c-08d80bdd3c9b
43b9b956-4496-4dcc-a1e1-5caba637dc9a,VISA,f8928984-e005-47cd-a8fe-ad82c22497aa
8f531523-05ec-42e0-821b-a32cf6d39801,VISA,b18dc569-68fd-4c5a-a712-b63b32721cee
e2d0cf91-19fd-4ad5-9423-f28b8033801c,AmEx,cc4e40b8-208d-40e1-bf74-f5b701b318e1
0019c93f-aaf3-40b4-a63c-cbb353819592,MC,36ec50ac-084c-4871-9fa8-26f427410bb5
820d5f42-5f7d-490c-add5-c37a6359f16d,MC,53b82fce-b34a-4705-ace4-e2bc19550662
b45ce188-42eb-411f-86b1-faf9731ee7f8,MC,684a8ede-a668-46ee-b144-2d8f4f6e17ef
9c735fb7-7367-46d1-ad2a-50473a023c22,MC,a1fc6143-80d1-4cb8-933b-b7c7dcde9bee
8cc8115b-369b-4b6f-ad7d-16db77c0b614,AmEx,37f4c2fb-c807-45d9-8f44-2c46fed1bc2b
8f5f6d26-2485-489f-b81c-4de551a03a7c,MC,e09da86c-a025-46a9-ab34-8a7c687b16df
d7edf7cc-2e15-4396-994f-f8935b3858e9,VISA,96cef729-2462-46b2-909e-db54cd761506
ee3489f7-aceb-4782-92ea-b87d7c30aa4d,VISA,a9fe1c18-dc8c-47b6-a55a-cde4fb6e236b
91e8a6d8-48c9-424d-a41c-b85075cda3e3,MC,71a60d9c-ebbc-46d0-b88b-4cfcb2432a7d
4b24c328-c17f-4564-96fd-04c8c5aa0339,VISA,599b3156-27ac-4fc8-b37d-1d04ee78488b
2e3a150c-7dfb-497b-8845-fc19c2d7a5be,PayPal,95f56f48-edc7-4523-b8dd-cb5136c68946
c6f4e51a-c4bc-4c51-ba0b-dd87e1f04c1f,MC,6bc9a0a6-0b54-4dfa-a61d-0efe63b76348
7f61e8e8-3b8c-4866-af84-c457a0787e59,VISA,105719d5-5c70-4c6b-9aa8-bda37a0f1972
7f95533a-0783-444a-bfe3-7bdf3b56f6ce,AmEx,06e9503d-94f2-45da-999f-289657d0186a
5e5cde67-bf5a-4770-a2b9-c48ff3e3c353,MC,171ca9a0-b3c3-4952-bcca-55ea74cb365d
268dc315-16a8-48ce-82a8-dace617487c2,Discover,e59996c5-b3a9-4671-9476-1f059bcf2ca9
9521a22c-be6c-4e42-aeb8-a398b2403fb7,MC,a2338564-0ee3-4ffe-b14b-882681e2cb86
8be32f76-48e1-48cc-b810-6d17b38a5337,MC,c95063bf-090c-45f3-b9e8-cb138386cdee
77246dfc-f480-463f-9394-ceac61cba148,PayPal,a899dc67-fff0-428b-9acc-b9bc3be7a338
512ac1cc-41e7-45fc-a5c6-77ccfe75edea,PayPal,aa16346e-a72e-4ae6-ab55-bc73f735912f
2960a205-0b77-4f9f-918f-0cddcba4fb18,AmEx,9d44d324-fa6b-44af-af0a-0cab31b3492d
0b0a7aa6-861a-4653-b9e9-b5bd9904b61c,Discover,eb40d4c2-28f9-4354-80bf-d6b3d21b47be
feea7226-e8fb-4a9e-9200-0606aa3b540c,Discover,142e3f8e-3f07-410a-bd4a-53257600f07c
8c6125e7-fc68-48bf-9161-bc83042cea79,AmEx,e4257e5a-5b85-4a0e-af7c-63770067efd7
b272fd46-5a79-44a4-b965-be929f72aa4d,AmEx,3a7dfd8b-73f8-412d-8393-e0fa3c999b7e
6ba384a1-fff7-4fb1-a5f9-6cfcc71a133e,MC,74207016-735d-4ced-886e-d652729890ee
c99c407d-3d0e-4c3b-9d88-9286258190d4,MC,7a12866d-0fe8-4d49-8453-3ebc36b1bedf
e4f0893b-0072-466f-8766-074b9b690d98,PayPal,f43cc0fe-4e86-4eae-8ed5-096cf0b5b33d
db7b6229-0bf6-437d-81f4-b759f5953647,VISA,127b1da7-1664-43fe-a805-563028407fc9
53888705-ef53-40d0-9dc9-16602224aa49,MC,453082d7-3098-49a9-b53c-3791026fdde4
e9e62ddd-7e93-485e-a85a-6dbb09efded9,PayPal,9c80d2d2-48ce-48a6-a35a-6bcc4e5fc5b6
02f1d153-dcc6-4931-9ad8-743c5494d29f,MC,b63b2cf7-6dd6-4871-a049-e058dc8d31c5
1ac34f05-16c6-4095-9ac8-eeec98580230,Discover,5cbfecd1-4e08-4c18-8d8c-003e1d261a21
7e8eaaeb-a4bc-4696-8c85-1c63a113f22a,VISA,26465929-4870-41c2-b0b2-df507b705fd8
1e5c51f9-5972-4c6f-b254-c4c076d4c702,VISA,7d1cc6aa-943b-49c4-a16c-66cf9ae34382
36b6edef-0941-4cb4-8d79-9f29eb5da3d5,MC,8fb1b509-05e9-4dc1-a3a0-d52600030885
cbf3f531-ecb2-4509-82a1-2c5f79de2ed7,VISA,2eb44939-c2b5-4a35-9a8b-94f7b6ac9f32
3f1d8871-d8f3-4e6c-8577-a572d411a667,MC,67518203-6f2a-447e-bb87-4922b72756ed
c5715068-dd6d-4046-9c3c-eaf33b5dfebf,VISA,eb1dd994-8eb0-4e3d-bfa9-497b6cc2c306
fb15c024-d337-4f8b-a581-ed77092806f1,VISA,afd47634-dfcd-40d1-a9d0-27f78839c89a
e67a908b-b633-4530-8925-804eb944677b,AmEx,05dbbf82-c74c-493a-b53e-1bfa61b29abd
d26ad795-bc82-4057-b0a7-8eb9b665a8f6,MC,88cc46fe-955a-4b8c-be98-10294c9b93c0
c803463c-48b3-4f22-851f-9ac4ee9c8fcc,PayPal,72dad7a2-683e-4f58-92ac-44032058edd4
838a39eb-ecd9-4f31-85e2-3e86fb5a13b6,VISA,5a1ae7ba-55af-4277-9fb8-27419e992f00
79b3aa98-c2dc-48e9-b79c-9a384bc5089d,AmEx,aad482f5-ebda-437b-a08f-b81f8a47566d
c6907488-0ae8-4de0-b361-5cac6e0254d8,MC,2171d967-e38f-45e7-9bda-3d274bf4bbf2
073ad2cc-afd8-4418-a173-46ad6a98412b,VISA,fb499beb-653a-4075-bc5d-959d82c11d23
399a2ffe-30e0-4395-a579-9768d3dcf8aa,MC,09054ded-5d70-49df-ba08-4edfdf46b4cf
48ddf134-4f26-4526-b753-0572acb829e7,VISA,cbf59ad9-b341-48f2-b8f6-1834e4170dca
b6f05917-9695-4a10-a526-17ea2949f480,MC,ce5c3158-5f62-4b8d-a46b-414fbda8cabd
b22d858e-6801-4272-bb94-7f42c7a1e6e5,VISA,ed845010-7dc6-499a-b8b8-1dd65bc5e84e
7cb9874a-532b-4ec6-8aee-cf69b975cea4,VISA,ae076545-b0a8-4063-a8b8-ec8805a5e431
0aed4c1c-7410-4a61-a70c-bfa4be8b84c9,Discover,f130bfdd-5d9d-43a0-9456-92b67872240b
90f624a2-d3c1-4e66-bade-08738edc5b31,AmEx,f8d5d404-f173-479a-a00b-747d7821f73c
bcb945f8-f56a-4aa6-a7c8-88dfd66e920d,MC,e7c6de14-7c85-426c-9a94-892b481dc6f4
f7b06972-e664-477b-8d27-78a59978f844,PayPal,15ec1d0e-0fac-440e-8c00-ce9732dfd71f
846b6522-c6a9-452f-9a37-672eb0a5afe8,MC,fdc50506-2b79-4429-9bb1-943225eb640a
87dbc304-55b2-4e45-a97f-86f7d35d9ac5,VISA,244cc7c5-2484-4c67-9560-5961a392d2fd
235c6f1e-5577-46ba-8e81-f3fa5f10992c,MC,07f889ee-8742-4999-b383-64ac06f73e9f
f3fc3f0d-8d72-4f23-a931-88dd8be791cc,MC,98b7a32a-ef2c-48ed-a786-242e9c977983
7ae7950a-c4f3-4a85-b538-359d4820eaaa,MC,2822f0b0-4980-4584-bff2-2172de964b08
39feb3a5-b24f-4954-8b3f-80f45d24325b,VISA,a5dc9eca-4a5d-4d35-be51-7bc8287c46d2
9239b79e-987a-44f7-b98d-bb04d5ff12dd,VISA,c215688e-8cde-4837-a10c-9868791228cb
efc78b65-4d77-4bea-91f7-f0655b4c77b6,AmEx,5fed5fa3-6b55-4bcc-b4ef-c9bc9e122c59
f533bf49-6cb4-41d2-bb50-c2e4228aad04,VISA,546e78d1-20b6-4fc5-bd1d-034fd07d4037
336af219-0daf-4554-8e7c-ffc20ba9faf2,VISA,2f2df97d-6b32-41d1-a4e5-f3dc57f64818
4657b9eb-68f0-44e9-be80-e5524034c7a5,VISA,3d2b36c3-10a8-47e9-8cf1-22418fa88119
8cefbef7-7363-48bc-a4a3-400cc3735e17,AmEx,cc138e8a-8e52-4311-9ff1-d0b5ea321e6a
a38c5fc9-9821-4337-8384-8f5e5770c781,VISA,3cc65f94-9b8d-4d2c-841f-b847136d0e23
5770a4ab-bcf6-4a6b-b46d-c59816e3f507,VISA,607c95ae-26f9-4197-bd81-d80c197e0a95
2c2abfea-2bed-4c85-b29f-4583b7ec558a,MC,5e79c444-b86e-4e0b-ac11-155e1f5d6dd5
40744ce9-060b-4e06-867e-dca7c931563c,MC,f070dcad-f8b6-4004-ac1d-c1bd55a2155d
4243d799-7cd0-4884-9bca-3b5807ad01d4,AmEx,8e81e7ba-f223-4bfe-81c2-0b3926e1d089
6539d02f-8b29-45b1-859a-8c29105131d3,AmEx,126a395f-515a-457b-b5ac-264a8130e191
bb793c3c-9c73-4856-9185-69012dc77983,VISA,52cc56af-41e1-4c20-9793-2b07d96bd365
a55a089a-c4c0-4e8a-8e68-865395f241d4,VISA,726021ab-754e-4bf3-a159-d09e73ce9cdd
32f91c9a-04a2-42a5-91ad-12a1871b89e8,MC,22cca013-8d60-47a5-b0e0-aafb004e6184
56c8dba2-62ec-42fb-a777-ca6a14dcdd67,PayPal,3b5e24f9-a898-4b5d-aedd-c2e4d53d9c43
8260c914-2d8a-409c-a6cc-05c02d162ad8,AmEx,94223c84-1881-409d-bd5b-d8227cdf2305
5d231c34-87a7-4c5c-9bff-a94a229b0da3,VISA,ba76492f-8222-4d2e-88fd-786c77821024
55338d14-451e-4e82-ab54-b860ac9fa3d6,MC,515955d8-0bbf-4334-a8db-f6837343ac3d
af7feb62-e1d6-497a-a281-b499d71becd7,AmEx,e876bcf9-0210-4b26-b8db-a0d02b68bbdd
6b3f9c18-1abe-4eb8-9883-6713377a49b8,MC,e9d4ea2b-03bc-43fe-a39d-0ccb1a936125
270d22d7-8702-47d0-b04e-5ec271e55f53,AmEx,be3d5482-58dc-4169-9021-8dbd70c7c243
1a9e6b2f-c4d4-4f2a-95f9-552e014a3ff3,PayPal,01b8fd36-c4e9-4dbb-90c5-0987ddeeb4e7
d898157a-c93e-4e1c-8f98-b56b8daf09d7,VISA,a5ff7f95-0fdf-4864-96be-361b904b1079
b73640bc-3a02-499e-962b-3dda9ca0f994,Discover,6be2fb74-d508-42db-9bcc-95eb76523491
17841554-ac0b-4430-93c4-dbbc56686701,AmEx,906c07ea-17eb-497b-ab02-4a4ebfa8de0f
9f06a4e3-6eb8-4721-9eb7-a4f17a41047f,AmEx,17d0bb40-f2a4-42f5-8139-f0ccea7c52cb
9c7d58bf-2a4a-4c22-aff5-f166272e7ed3,PayPal,f3913f34-ea48-41d0-bd5e-bd50b38cc378
9a53111d-629a-47fb-825b-f967f0dc91c2,AmEx,7dad3715-9ca6-4ee6-8898-0509bcb55331
69f90c27-6e0f-4059-acaf-13e63c6ec995,AmEx,43a35ac9-1cb2-46b3-bbe4-61a69933ef47
48242ae9-82ae-444f-ad87-a7a18c5bf4e9,Discover,566b459e-0112-41c5-aa3f-f31d74234e54
814a4109-4996-45eb-95cf-e52654fc2878,PayPal,9ffea34b-c5a7-40ed-8dae-587704b5f80d
dfdc91cb-90b7-4d03-8e9a-0fe2f46443ac,VISA,11b3b936-7db9-4af7-8884-f9fe8aaa716a
b826b5be-ed9f-457a-8eeb-8721f62856c0,MC,17c9b49c-7d37-4a81-9404-d7f5bc16c51b
205e1f2e-c843-4fe2-b7ab-788197a0108a,MC,896a168f-fa08-4233-9bef-8a1d9dad3a3f
be0c7d6f-dead-43d1-9526-3fdf3ce5f5e9,VISA,6c0d0054-6e01-403e-b5e3-f2f36c238ee5
103334e6-a638-4c45-895e-582fb649a87e,Discover,5a8a6635-7f01-4086-9bfd-5f5b26cd0985
a70652c2-5edf-4d0c-bd37-5bbd5d3a1572,Discover,a427be4f-0f5c-43e9-8696-7c5d8bc072e1
b0d62047-3621-4fcf-b103-d21bbd5839f6,MC,6e833d2c-25fa-461e-8b86-6895d41ccdce
ab25fbc2-e230-4571-8a53-1c1e1a1a0db5,AmEx,66aa5842-62af-403d-81f5-bf5bb9984203
990cb404-ac3f-4762-9734-d94384597440,VISA,598f4a37-faef-431d-aa0d-e72c25f24dad
6049da96-4bff-44bd-80e0-6aa0ab05b7a8,Discover,3739eb47-e694-4c3d-be09-66894a1940d1
6e394298-24dd-4d9d-9cab-68dd10f6c0a4,VISA,9072cea1-418c-401c-b89c-da1df52869a4
c4176ce0-e935-47fc-a8cd-dff3c4bad94c,VISA,79bff9fc-c9a0-453e-aa23-88432c3a849c
db98be0f-d39c-443e-9da8-0a9a7c9b719d,VISA,e4d41125-b9cc-4d51-8f01-34e0756329f1
b52526da-55c6-4bfb-90fb-cfeb6bed37ba,VISA,465f8c09-0f72-4ba2-8c14-228f9cce28fd
f5474b3f-05da-481e-ab4a-adbc84c0b77d,Discover,c13fa257-ec46-46d4-91f3-c6bb36a0aac0
28b91b2f-2476-42bd-9de6-274c7329242e,VISA,a209a161-15b8-415d-86d3-5f17380f9021
faa4c71b-8902-460e-993b-18f90ea79397,VISA,9e268022-ba7a-4429-aa8b-a927d5e23787
13b7e624-84de-490f-8c5d-4e9da1accbfa,MC,de8d04da-ab63-46cf-8954-3519a8710ae0
8b7b376f-7bd5-4aa5-9e31-20279e04c56e,VISA,32f67d0d-447f-48db-bcfb-79846a8587c1
c48db979-4d52-4c54-9fdb-548c0fbe17b7,Discover,0f8f6ecc-bfcc-49a4-8dd6-a9260518d386
d8aa68e8-7cfd-426c-971f-489529325515,Discover,cf5003a0-ce00-4ad3-8058-634ea08193b8
88e40878-9df4-4bf1-bbc1-a2219247ee01,AmEx,64b6c98c-929e-4542-b681-0d2b28378622
4de66ff9-4e28-44fa-9276-a6dfbdfc988e,AmEx,15c6a280-8620-4fa0-8fca-b1e56fa24fb3
29e58e16-c35a-40cf-b5e7-a4fa46b50358,VISA,ca3d5ca5-cc2b-4197-9862-02462bf7f54f
cf414609-4ecb-4ced-af1e-b80b4ad296ef,AmEx,10b8a02f-a554-4bd6-87ee-e79946e5dab4
32ba4d65-a944-4920-aec8-39b8691bc355,MC,5013d407-b02d-45a0-9657-a0f2b6fcc7eb
2ad8946b-15e8-40a3-bd5f-f95c2a4138dd,MC,110e7dbd-4af2-48de-9062-51beef00c493
37149ad8-4b67-4577-9e14-fd55630429dc,Discover,08fa89c5-d865-46ee-90c8-4fdc34dbc0c9
479f7001-fa57-409a-95fd-d61a14d6f797,VISA,52db007a-9d6d-4d46-b2fb-c8529c069409
ea192667-72d5-4a61-8274-6ef1dbb97836,VISA,5260318b-f472-4d11-8744-21d1bdbf09d4
42268608-be7f-4c67-81a2-bdc486c8118a,PayPal,50fa17d1-ca19-4f4e-ab77-92fbc3f43a68
54684f57-15d5-48b7-9771-983473a99378,AmEx,a287edf2-4a34-4622-a683-f8ccf37be14d
16fbbaf0-4e09-489a-8c91-b8c41e6957d3,AmEx,322ade59-9607-41c6-9d15-981030f69dfb
2a3b160c-d640-409c-a735-c08a0049f520,Discover,28eca42a-50f0-4653-90e0-db048e1db5c4
25ef02e5-90d7-4dd1-9b8c-85bd12504c45,Discover,31105fdf-be5e-4e20-a700-058eef2454ed
3726892f-62aa-4c44-9dae-8fdc048e99fd,PayPal,fd9ce6fa-5fa5-4567-8ffa-86289e78f12a
cbc8987c-6ea9-4f06-b844-6cc2cbf93678,AmEx,bb175185-a2b6-4fae-a423-19e834f5c72f
88c590bf-91cf-4f6f-96cb-3049a46c32ac,MC,f0a9cea6-109a-4acb-aec0-e43108e3d222
6b2cc8f7-714e-4c1b-8b85-1dbc65337cdc,MC,e586a04b-ed4d-4fcb-876c-aa3a61113e1d
a8962c42-ea06-4636-bc28-9b10f6771047,MC,5388a4c7-37eb-4e6b-95c2-43d4619a15dd
72affad8-7a22-472c-bd2e-535c4bb17666,VISA,4e613120-ede5-47d5-90db-ec14a4dc5f0e
015ca0d3-d60c-477d-8466-8607bb42a9be,PayPal,2e6eebc6-0817-4364-b72f-83723037ab2f
284f8d7e-a99b-47e4-9f03-e8638b4ba66f,VISA,ad984e90-785c-457d-846e-ca0b9cdea2d1
e025323d-7c17-42d0-8bc0-20162a6252f3,Discover,7fbb9387-c099-4fd5-967e-be6cdf1b38b2
669b01c7-01f5-4599-9cca-f4c91a22dba0,MC,c9342999-c451-4141-af91-5c9f08d40700
d7d8edaf-438e-408a-b9a6-b0a1d217f3de,VISA,67fddf51-fd42-4447-ae02-3eda53a5c931
905fbaa1-9346-43b4-9b5c-d77dce01d0b3,VISA,19e3a330-3999-4ed7-a906-3f90541fa0cc
c3bad480-5ee3-4512-8fc3-2526b880c9fb,VISA,692d5063-87e6-4b1e-b00a-72a60b0f0543
5421baf2-d290-4a4e-a552-ede75c9e29d7,AmEx,5beeec92-158d-44d5-a4f8-5e3d4f0ad6f0
e76c4bd3-c3e6-4a96-b0b4-285fa195012b,PayPal,f2c58dff-2d3e-42cb-af38-57b3572365a0
cee94091-4b0a-4d86-94c0-41b4b510bace,Discover,45d7f941-8605-49b9-a29f-16553ce4851c
b23dd0f6-a723-4782-9111-4192a949e99f,AmEx,c6469f76-ff96-4853-8758-6b0c1f06f6f8
c425a973-7bf9-4e90-93c9-6e9b4b350367,MC,72e797c9-f23f-4c4e-acdc-8bfe4466322c
edee3d77-6435-419e-b90c-9414a4a3d096,PayPal,ceafc434-684d-4553-a733-eeaf72797d52
02741482-56e8-4866-a01d-8490b871a260,VISA,3b6c744a-f94d-45ae-a006-293d798c3c4f
7a498ff9-eb91-4b6c-bd11-7dfc54284f75,MC,3c438615-4dcf-43c1-ae8e-bde90609b03a
a0300233-52c5-4439-b552-e68c76ac6053,PayPal,bb6686f0-76e7-4b8d-8ede-ecea4f381640
ac521825-f440-4200-b0ce-8e59fd43cef2,AmEx,650a3cc1-e704-4b48-b8eb-027609043e97
0c2b0d20-fb2b-49b7-9159-0ba29f0c65c7,Discover,4061f3d2-c3b0-4579-a271-8e5bae5a099e
1c585cea-9d1b-46e3-818c-9f453c145c3f,MC,7cf2badc-968e-4449-a619-e3096e7868bc
a632eac4-6f30-43c3-8809-1ae77e44838d,MC,62f1dfe3-5fff-4506-a18d-f346ef3bdff8
70770ba6-2843-4973-baab-c5f1c3839941,MC,fbfcf6d9-c41b-4f52-a7a2-c4ad3dd1e7a8
acab06eb-589a-4442-84b5-5ec32b215936,VISA,2f008535-c78a-4dee-9d36-abe979159d0c
e03feead-f31e-4624-98ec-8dabd5f01b4b,PayPal,3fc41e70-a09c-46b0-85d9-28794d49e484
9475fa6f-437a-4b13-befa-b67e799f6dba,VISA,ef9f8304-4665-46e0-aefe-92698c863aa6
813db9df-62e7-4668-9255-5e7d8dc0e0c2,Discover,31c9bdfc-8140-4e06-bab6-7cfc5b995dc4
4e55b067-ba9e-4cff-9bdc-030bfafddd72,AmEx,2981aed2-eade-47c8-b917-e1cb32b0ac2a
144499db-ed92-4d8a-a475-0edd05dea73b,MC,1430f335-fbd8-4a25-b040-0cf857e93b30
c3fc0bf8-cdbd-4a17-b7d1-b463b5a202c5,AmEx,4d8a7d1a-3119-43ca-8040-a2df4593f4d6
2e66423e-2d91-4179-8295-e3e585c2051a,PayPal,9ed566ac-22cb-4e6d-bd79-61ae1cbc44fe
7aa97569-efcd-4a35-a96d-65230ecab068,PayPal,091d5d65-0411-4d0a-9b67-cb6cb8148cf0
ba566cda-5fcd-4e95-84f6-5a4da0c3b7be,VISA,3434b901-212f-4eb0-84db-6fdae166c249
2bc1e9cb-b49d-4b78-8164-fe3cd7822575,MC,0cab7eba-5e90-43d5-9792-07fe629b067f
18b23f6d-d279-4e71-8280-ca50ffce958e,MC,01d75136-f462-4c8b-bbca-31cd7f65da21
dc81df3b-5218-4dd0-8441-e71470ade6ad,VISA,b6098a06-582c-4f77-8a27-c410702e547c
bcef3b68-26b3-4a11-baf4-d2614094de64,Discover,eff4ccdd-22fe-4a9e-b4c6-1993fc1c5ec1
7beff86e-caf7-4dbc-876d-d736f3884bee,MC,283cc34f-bbbe-4a70-8b2f-1cce019d1b00
180ce2b1-63b1-44d8-83b3-91e0943d1fd3,MC,69e65956-1b07-4048-bfcc-24da2145a183
53090fde-6756-4fa7-aaf8-55786a0a3896,VISA,9a94fb4f-9333-4475-abe7-5388841f9825
89b34322-46c7-44b8-a1ec-aa4164422966,PayPal,275a28fd-beda-44be-bd6c-51a747d62c5e
299657ad-2631-4f99-9dac-94241be2bae9,MC,3cc63099-9361-43a1-bcc0-f737e5853c03
68457f78-cb09-4792-ac62-ca62bb86e2e6,VISA,5da54a53-99c1-4ee1-abb9-fb8b2dc75014
d3d3f3bf-5796-4590-a1be-e2543c84eb02,VISA,565f85ca-1390-4e18-9381-f22f4ced655f
f60e9352-cdc9-4faf-bf19-2c710f6594f6,MC,fa9cb848-9b74-4eb4-bca0-2472d90eef91
5b42a367-d7c9-4012-9a8f-16f4ff3c528b,MC,7965ab72-51c8-444d-bf35-98b79e41b4e0
4404902c-d420-4e0e-bae9-bccad2a0e329,VISA,3160bd88-ce8e-4bea-90fe-466760cd41c6
e5939ce0-1e4a-4462-a09c-128c3ce9a3bc,MC,542b3ba9-5a35-480b-a6e5-54300f836960
e5f425ff-5f6f-4781-ba60-361c91e03b2f,VISA,54d7b30f-4d9b-43eb-a330-870f5d46537d
a40cfcb5-86ef-49c5-9840-1fb65f955ca3,MC,287f6c61-fa2b-46cb-8163-ed22fc07742f
7d195b07-e9f5-4025-a25c-3ab9397e2607,Discover,bf42fdb8-e585-427c-8017-cd6aa41775a5
deebf0ea-be55-4785-8a61-4cb11dc16b85,VISA,ece9211c-672e-4fa6-a21e-d8a39eeacd50
6c56a44e-ebf2-418d-abe9-ef55d1d3b232,VISA,8955d3db-9814-4268-afce-d3f6d95b78b6
9e31a0f3-f9b3-4b4d-a1e3-7c69dbeadf1f,VISA,db260642-9874-4360-af60-e54bb1a18bea
cb332cb4-409b-4931-bb55-3c5913489e50,AmEx,d4c8902a-0725-44eb-bb72-82801df3e235
4f53beb6-db84-4bee-9963-0b411ab04cb0,MC,e2762edd-bda1-4ac2-be0f-4567f9848c35
6c826be9-93eb-4b30-a240-456eb8d4d94f,VISA,e9561c76-2b05-4b4a-bd03-bd2454a8490d
ef64e835-6bf5-401a-8e0c-13451e5d377d,VISA,7d83d283-052a-45cb-9909-547d0ee373b6
a3cb476c-2f1e-4e73-9e04-3ba15cd4ff82,VISA,ecf0e5b0-9242-4e7c-b9aa-d3f9cabe4fc0
4cb9cc08-0099-4dac-964d-3838a5954e84,MC,172d47d5-5f93-405b-9332-45b125d57079
98a3e4ef-af45-48b3-bad0-d2f695718614,VISA,422a291b-be9f-4236-8c11-facb1dc79a25
76a2aaf8-cc73-49db-b6fe-f75a2c69bd61,AmEx,0b8ef660-0ce1-48b1-acfc-74015997f2f0
d7cbc69a-51d0-4b33-aaa1-aeeec7085983,PayPal,76f4f0e5-8fc7-492b-a08c-2457cd764ef3
3f2127b7-d2f1-45d8-8955-3f4e0a284cb8,AmEx,3b7b62a6-d140-4a2d-a170-46657da8ac02
61656d7b-264a-444d-8788-fc7c95ca3bc2,VISA,c5185ccf-7674-4f8f-8968-db91bb27e920
78a56cce-e729-412b-9e22-de7bf75770ba,VISA,7b7b8f6d-0ab9-4a80-b174-f9852230a7f6
2dbd4a7c-310b-460a-85de-65f50482eda3,VISA,dc996ae2-cb20-471a-b18f-00696e9096bc
de03184b-d6bc-4d65-a296-1eccfa8c35fb,AmEx,ccbd4cc6-b1be-4a67-a23b-8280775edfcd
1fa71bd0-4b85-415e-8e82-d4c8512d97da,VISA,6c3ca1fa-b609-4181-95f1-ea74c326f3f1
d0cea205-4dba-4d67-a5f5-d97f431f6c33,MC,4cd62e0b-549a-476b-9a6b-62541b867f32
32963769-aff9-47c1-8e21-cd8edb0bedf4,VISA,7ff85fc9-95c0-46f2-aec1-2143049d5465
5d45d608-f4cb-4e4f-bd04-b3e86d91931a,PayPal,04c590af-7cf3-4387-8ab2-81de5103ac31
75537b86-8a95-4bad-a468-c475a2f054e9,MC,0cbe10bb-dc4b-44ec-9313-3bdd90f5ea3b
23c8cc79-1e63-43a7-b005-e735ee62f362,Discover,4377cc76-1088-431f-a5b2-a240a926d28e
10806601-5dd8-4bb6-9ed9-d8ac8392bc70,MC,6f3a74b0-2e93-4662-96a1-70ef4f7c942d
514db58f-4d8e-47c9-8f8f-2422844ae13a,AmEx,cfdf1987-c16a-4e68-a60f-ed9de0d16c3d
9374c618-f803-453a-b11d-1f0d5dc25ae9,PayPal,4eff2989-2fdf-4b4d-ac5b-3a62588aaa77
8535e5e3-a512-4c4b-aaea-92808fb8ec79,MC,4406a0b3-f69a-4384-9ed2-1f36911ff84d
0452587c-47a3-4732-b594-e2e0313fef4a,VISA,d222485f-84b8-4311-b7fb-c11dea59519e
2d338d05-1765-426f-b2f0-8c2bd3f5b2d6,Discover,3df7e07f-396f-415d-94ae-186ca3abd87e
79091903-9fd0-40c0-a299-b6ca36bbb067,AmEx,69638e26-587f-4452-867c-2cae0a48815f
4be8d490-0754-40e0-a01b-6e9b52bd10fc,VISA,7fb8c203-41f6-4b6d-aa9c-ac12dc6833dd
e08149d3-701b-4a4a-a1d1-de4c45feca53,PayPal,37747ea0-ea38-4142-a5c6-69e151447d24
6e5c0b48-2492-4bd6-b4e4-2929791c1644,AmEx,3fc01033-1e7e-4002-b6db-4cc82b293469
8e927322-9a92-41ae-be38-e57e96de7460,VISA,521bbde9-d216-4674-8fca-12e35b03e5a6
20e4ea3e-8e1e-4c85-90f8-d4a8495b05af,MC,078ad178-b8a4-4a05-9a20-46f157d4c737
e4dcd332-d330-47cc-85b4-9057d1ac8c9e,Discover,fe097f8b-be11-48c6-9466-f6bb7361a34f
110d2673-cd93-479c-a7ff-5dc8677d34c6,VISA,9a81e42b-547d-4c12-be9b-8887b69bc6ce
477805ac-072f-40a3-825f-49ec8a318dc7,AmEx,5426c4cc-cd3e-4953-9ea9-fd75226b4e14
35a9be73-6408-47b8-9b03-f5877611e7d6,AmEx,13051bdd-1dd6-4c1e-a418-71e755af9bea
d933bc77-490b-4bd7-a465-4ce6a680efc3,MC,a14d003d-cc02-47cb-809a-9b902e000fe7
597be41d-c13c-4ac8-a280-9c8935aa81a2,VISA,aa99b4c7-3ae1-4a02-acfb-5487969752d7
363e2191-443e-4b32-becf-62f1b6fd0d04,AmEx,3398da1a-3b02-4cbe-83d9-29404684c61c
7f556abc-5906-4fbc-a9b5-252f6380c585,MC,9e322ee1-b69b-4b88-b080-3e3fb605de2b
8d9077a1-36e4-44e8-9d25-d8311bd234ed,AmEx,9a3d2282-2d28-4a95-a1bd-a97d19b0a164
9e8840a7-2698-4505-8b32-ba0cdb4c9b75,MC,4028d8c0-4ac1-4991-9157-3c083aeba0ee
abf173f4-f0e4-4fdc-8b60-3e400249b2b8,AmEx,2f8d9714-4cc4-455e-8e20-06023d8ad989
9b4aa46b-264c-407b-8125-c3f8e644bd7f,VISA,7b20be88-2182-499f-a212-3659edc735fc
223aeb6d-f5b8-44db-911a-394202e5aed2,VISA,ad00a600-37f0-45e0-b910-9af588bd4b95
9f0e61c9-ef42-4d78-928e-7a6982bf9575,PayPal,c681e0be-dee9-44c4-b3c8-1f680153e6af
712870aa-0f82-4195-a3d3-e3039cf5873f,VISA,2340b1a9-d3ea-4df5-91c8-99d09ea7c71f
f5384018-64bf-4b9a-b69f-869bb7809f34,VISA,3926bdaa-f353-4f4d-93b4-19771eb7ac40
857a1655-07d1-4cb6-bc30-07d82f00d73d,VISA,47c5593a-c686-42d5-a962-bc7b130054e9
3128b802-5ca2-467b-918c-5fd32588206e,VISA,4ff83b26-8cc4-477c-bc6c-fe9da43bdd17
cf10a9f7-31b1-4a1a-abce-522738d42771,MC,245e6057-8eca-4b2c-92ea-ba1c907fef93
5db03e72-a8e6-4caa-9f75-767387881ebd,VISA,a8090980-d439-4e41-bcf6-7681f360ebd3
08fa9936-572e-4aa7-b618-a517a5121682,AmEx,3fc68812-11d4-49e8-98b5-2c4db1dd689a
179dae08-85e8-4d41-aefd-6a9ba076cbc6,VISA,e18b388a-c051-477c-ac10-095532ffcf5f
ec8ee113-8711-47a4-9ebe-71dab81da61e,AmEx,53a6ca64-0302-4345-ad42-ff7be88e6728
9016ce13-479d-4ec5-bb45-6004b6b8f806,MC,2d790588-3d57-4a23-af24-c5771236541d
44ce3f70-898f-4916-9d5b-46f6844cf703,AmEx,5d62c518-4ccb-43d5-b62f-7c8698f9d41b
38b51b78-3e02-4a81-85b9-ff21db15f6f8,VISA,ac26f561-ba14-46ed-87c8-e23ecbb2793a
60065eab-6b95-4934-bad6-19b0e6b7457f,PayPal,03aadea7-442d-42e6-94d5-f92ca794598a
76f22b9a-178b-4856-81ca-2f8c462ebc63,MC,dba7e795-bb6e-45f0-a2c9-de5d01e9da8a
ce56d187-be12-4853-853d-5daa7a482cc3,VISA,6e3a716b-f8e8-4303-9282-0cf0f0ba3e6c
3bcac21d-9f6b-4ba4-97e2-f4850c3aa22f,MC,868a22b5-5da7-45ab-a371-7eca4859abe6
652e4670-23d7-4760-b03e-183ca600d3ed,VISA,1f50689e-1941-4290-92f6-a30b42df7e7e
635d8122-759f-4aa5-86d5-05e78356c448,VISA,eb99a876-05a5-4382-94c1-018ded5bf1ac
960614f1-db6b-4a41-8acc-9dd9c7719b0b,MC,0be7c4b4-792d-46e6-88dc-26d8f364e369
a75fb334-62e4-43f0-bc79-5c4192dfeb07,VISA,977a33aa-3d80-4a15-bfd4-409a9df25987
6d98116b-5768-4aa7-8448-d0443a61f3be,Discover,7b03d497-cc69-4d77-a994-45cdb30046cf
7b5f9b57-d170-43ce-9553-b0738bf4e201,VISA,08ed6044-c0ba-4eb0-84b3-12242818ec79
d423d250-7b81-47de-8782-52a0d3c03d63,VISA,6d3c40f7-02ff-4445-b3de-3d38f14c19b4
73e01391-4aa4-4aff-9461-d5df2e9f73d2,MC,4784c254-d2fe-48f7-9082-9de767039955
92876292-b337-4556-b891-67a5482216d2,PayPal,8f378159-dd4a-4ab0-9706-2405c91d598e
25be5ba5-543d-4418-9fe5-b9a2d2591547,MC,e5310024-c473-4c8d-bde3-d6d68fac855c
571ecb62-1aa5-4004-9465-feab86478da4,MC,fac99671-dcf9-4dab-a3bc-18bbdcad52dc
82f95b70-2dd0-4064-bf33-d4dbc9765e59,AmEx,c5b1e5c1-2a04-473a-9298-987406baf5fa
c12708e8-19e2-452d-b68f-2368ef712ce8,AmEx,90b61079-5c40-49c7-8ca7-792453fcdf77
60b823bc-4620-4c71-82e1-3a18517176b0,MC,b0672794-ec70-4d0a-b2a1-1e2da5dac76b
f359163d-8be8-4967-b9e0-e14b0f618afc,AmEx,f89ae2f5-1939-44e2-8553-82baa2984138
6164e63f-1a5e-44ff-b36b-7e9d7048314a,Discover,9cbd89f1-02a2-4634-a0b3-529b0b3d1ab4
7bf38a05-f0aa-4b66-beeb-8b5e18f520b6,VISA,b9d6f28a-e1f3-4277-88e9-31be1c25cf3b
4ccd8774-896a-4e00-ab7e-2e47ff31786a,VISA,e4e354bc-8474-400f-8549-9a66b4a5bb7e
b60eb6ae-b93f-4578-8f49-68dfabd5347b,VISA,6cea072b-7054-4778-b3e6-2a4496046d5e
813360a3-007c-4c7f-b58d-f33570f09bc8,MC,ced7123d-1f01-44a3-a047-81e2218c4baf
e3df5519-3204-4eff-af07-91caa79bcb9f,VISA,d1e9bf37-68de-44f1-9cd8-381622e903f8
c695ed5f-ae63-44cb-9250-c9a8787bb5b7,MC,80b136f8-5181-47b1-9b16-30919a8d7bfc
2c349e80-c10c-4c9e-bc7c-f478a3811869,AmEx,94e9ae35-a6b6-40f5-98f5-d09cc598f568
a9356aa2-f155-406b-b95f-010e0ae733c1,VISA,da3862c2-4c76-4612-9b99-73b782d4c471
cf373105-a8ea-4045-a9c0-5f6ce19c908d,MC,0c9fd5c7-7ee8-4738-87b7-11a9631977b2
87608e6e-6585-4a3a-9a52-1e71f9eea07e,VISA,91659a9f-e057-41d6-8e52-d1911f3025f8
fc108c15-0945-4e6f-857f-1666f3645221,VISA,738d9df2-c76c-41ef-bee4-9599327e08ae
2f5478d9-0220-4ff2-b691-21f984b47c0b,AmEx,01248625-a4ed-4bf1-b532-fc69126717a8
e74c87fd-9a78-40be-b216-14cfc404824a,VISA,5b696e26-dc29-4988-90f1-228292523b83
d9b2b2ec-17e3-4219-8435-e5953ebf8a46,MC,cc98824d-4671-4a31-b352-782b76d62db9
17f0a904-9a96-42aa-a6d7-6448a7d2f5a9,AmEx,0b36563c-9135-475b-8784-d5a0119db166
41b19a59-5805-4df5-b348-358a26f8d29b,VISA,7f6f5a7d-ac5e-4a88-be1b-4dc2b3ee2eef
138229a8-be47-453e-a5ee-29046fd2aa3e,VISA,3f56679c-f5ed-4d93-9402-e2d3347e33cc
0987e6af-49d1-4927-af9f-ef3d866782a1,VISA,2de6ae9a-dd6c-493e-89ec-183b11f23471
e9fb13eb-73ef-4fbe-9f11-b34044e72da5,MC,63278876-888f-4806-a89c-ab931f6faeae
5a762d06-cee2-454d-b939-33d2ecb79fed,Discover,d83c19b1-afaa-484d-b96d-d58a6206947d
b0152541-552e-4c8c-9007-461b61092d59,VISA,66b0031b-5398-4e12-96b7-61fc4231f087
165df57e-a5e0-4571-aaec-88d4fe43df3f,MC,89c41fd6-9fcf-4347-9ab5-aa2dcf37bccc
8012b699-05fb-4975-b39a-9f289dc14fe4,PayPal,e89fd610-2511-4fed-b5ed-589327e73c86
a17970eb-94a2-45fd-890f-32897db4308f,VISA,bd72950a-a8c5-43c5-a722-d1e0350eba11
411cd875-78b9-48fe-8edf-f7ad9e9ba4ef,MC,3e95aede-6e54-465e-a809-11b83fae6cc3
a47d96e7-44fa-4211-83b5-2b209ec8b890,MC,c2957360-6319-48ba-a74d-933b045cc066
98d1ab40-f69e-424d-ba6d-5c83409bbcdd,AmEx,4df555c9-392b-4ba0-8dcb-e9314d1dc6ca
e0867ccb-5806-4de8-ac6c-7b5661817d2b,MC,997c85f9-19e3-4418-87e1-1757dbfb1cc8
0771de43-30af-46eb-88ad-25af1cb23715,VISA,d203412f-0bf4-4a64-90a4-286ac82e68c2
5077674a-977f-4206-973a-692c95758b3b,VISA,1e959a07-4964-4ea9-b84c-3e1a880c3028
d301aeab-a1de-473b-94de-0cf4e32d6dcd,MC,6250852c-b387-496d-8754-cf69028540a7
e3ad962a-e9ae-4fd5-af6c-823c94169e9d,VISA,1ece7491-0544-4432-b4ad-619d9a4dd623
a22d6d97-6287-454f-a267-483778319796,AmEx,1b9deb4b-364f-4d77-9275-03dab8c17775
1a15f260-785b-4b7b-a3b1-adc6517708e4,PayPal,5d1ef9e7-65d0-4244-8c2b-151e988b3e81
16da9139-92e1-48af-9f49-188d69fa58a8,VISA,4a33972a-56db-4f5d-a3f8-3ce0c7cb1189
8ae2bf89-abcf-4310-a4da-9fc42d3b913b,VISA,bf3e1d88-2bc4-4a1c-8fbf-6b2b0667074d
c17ca19c-9808-4d8b-9046-0646568fbc20,VISA,a7891413-5827-49ee-b7a4-52693dd2c9d3
1e630aca-2677-4ea5-817c-f1977e4354b2,MC,d5ed1388-1561-4879-a28b-cffd52d7309c
c4f330a5-c67f-4bdd-a799-787febba157c,AmEx,01c844ba-3ba3-4f5f-9cb2-6955b38fbb4b
74bdf0fb-25fe-4b9f-bc48-9c2d5c539676,MC,58dd8313-a23e-4fcd-a305-71e2124f3ee5
88850758-61f7-4bbc-8eb1-1545f609eebb,VISA,d90251bd-9ff5-4262-a652-b5b02189822d
b99549aa-1bb8-4c12-b3f8-be7ff4781120,AmEx,46e15783-7d35-42de-8f66-e87ba5c8cf33
8c701668-f48a-4adf-afb4-1d97c0ca7972,VISA,2cee0cea-a8fc-4d44-b30d-41a4f1cebd66
c1e43e21-a913-493e-a24b-e48297e39ea1,VISA,9eb8a8fa-db06-49ac-b833-b3a39e6b111d
5e53e7ff-83e4-4735-bf11-9ebde9d50d6d,VISA,a752394a-f2c8-4941-b1ac-2dc1a2a85195
0f78ba05-5eb2-4da4-9d1d-f4b810712860,VISA,dab70b76-88d2-466b-9549-015e446f8c06
6f6f1ebb-9f84-487d-b5d7-4b6fdc7bd1aa,PayPal,1eede0c2-cb05-499b-9336-1f16336a9ead
fd9a1764-14b1-4291-a18c-0742847b487c,MC,b6558993-f120-470a-9c30-b9d47d560811
8af154c8-50c4-49d3-88bf-a309ac086281,VISA,659774eb-b474-4603-9708-184da83f9071
72b99400-2124-4900-aaad-9d0ea39a9bdb,AmEx,dfa741b1-5b1f-4e90-98de-a0379fbfa8b9
1748d831-66de-4f41-b5a8-8528d15489c2,VISA,f40e6812-8de7-445f-a74f-72644e81015b
6ee469d3-ae21-4f77-9d62-2c47fd83d119,VISA,65abb31c-e410-4421-b879-0b54dc3dd134
a3cc6791-69c1-4e9b-bde8-2abd499a7f8b,MC,14a4fc7d-c7a1-4cea-bffe-a5e996174ab4
cee517c0-7c90-40da-b818-7c83f6284b1c,PayPal,35af8b56-a765-4107-8235-0ff76989212f
f7fefef9-1cfa-43e9-a181-5a4b073ee825,VISA,bee187e0-0ec3-4988-9e63-899ae067e9dc
b169150b-ee8a-48ee-8ac2-e6f148dcd88f,VISA,95e3a0d5-0c1f-4238-8dfb-7fc16b8996f9
51e71693-e9bf-483f-ba4d-61d85b2875a5,MC,e9c23a1d-f196-4d85-98d8-77a9764460e5
97f05e59-b1c6-42cb-ab0c-8159ac9efdfb,MC,47218534-094f-415c-99bc-a49c69bbfe6b
8e2c68b5-2a78-4c28-8681-8f2c5ff51e77,AmEx,deaa3aeb-c7ea-4e85-817d-845f69dbb942
4dc7b458-2319-49c2-9d84-bc2f665ed830,VISA,110a2862-34bf-4f7d-83a5-95bb518ff2c5
b517f258-7885-48d6-becd-1bcbd87e6c82,VISA,e28a3276-b3aa-4d49-a94e-fb154250f8ad
70ed6d58-6394-45c8-9c6e-3b488fac32cc,MC,4b9f5f83-9b61-447d-852f-58ffa8ec331e
d3bea898-f1d6-419e-856f-8f4fdd2c4b43,VISA,c4db0dc9-632c-4364-86d1-e0bcf2c31595
c22f41cd-1427-4ad1-827c-20da66307ce7,VISA,01fd38cd-193d-4953-b978-bb15e29228da
63f593c6-a98a-4d68-a0b1-be26d70e9a88,PayPal,bce9db85-cd66-49f6-8724-0eb85f8f9357
c1e84df1-10b5-4bd4-9bed-b4b317179d12,AmEx,7c4bfbb6-7184-473a-8aac-ebc6592781f8
6820b086-766c-4908-8b31-1941368ccb70,VISA,144bb330-504d-4cd1-91d9-061f995ca558
ae330d6a-5cfb-4009-befe-727b878a89c4,MC,04a75edd-4ba6-4297-8484-8d146e8df674
26b78441-2912-4229-96df-a8b6707c198e,VISA,53da1a7f-a7ca-465c-84c2-ea496730ba86
b13e08e7-19b7-4dc2-95e8-7991ded40ff2,MC,bd727f3c-187e-4fcd-a849-2f67aa471de7
841ead17-c35a-49be-98b0-c4feaf8bad03,Discover,410c7d56-acbd-45e1-9fa1-4ae9d2b788cd
6d386511-d623-48b5-961d-801b6021b3b8,AmEx,252a68c6-fca5-4c64-9f06-b5176922c273
d93fb10d-4d31-4b94-8dc2-51cc5344f672,VISA,932b64e7-5d8c-40e9-b691-eda6d371ec6d
c9f46d57-58a2-414c-856c-f080018f9019,PayPal,32e82ae1-d9ee-4050-a977-ba952457b117
cebe6e16-7f49-4399-ba18-6302b62660df,Discover,88be7d8a-04aa-4c5e-b1aa-6e5a2828b669
6c8db6da-b5ca-4364-be07-9903fe0c8cdb,Discover,c3dcde28-4a25-4dd2-80c3-da5f77968676
3e5c2b77-641d-4fd1-9f62-9ba3c8ce0b2a,MC,f7c2dc44-29e5-4ada-87f1-a60919c0eae4
1a15a8e8-7722-4232-a75f-9dde23b9115d,Discover,c804815a-5caf-4bbc-8de5-7d05221d3922
90c6d9b5-df8c-4e5b-b0ba-39c8faeb2139,VISA,304285cb-ff6d-4d3c-82a6-eb7bd88adcfd
552aab72-60e0-4101-b280-d8980fb3b482,MC,9dd2177f-1ff1-43b1-a187-3087c38f5f98
f726331b-a4c2-4c1d-b032-ddfd09dcccfc,VISA,cbd4b6ef-1499-4318-8ce1-9d2bfeaa02cd
f8efcbe7-2d3c-44a4-b248-287a4967ddfe,MC,c0c92ea9-fd02-4b3a-87d3-4c8275743aa0
50c60e3d-3002-469e-9c6f-f504855530bd,VISA,07a96390-5463-4729-985a-0dd49112b544
8f473048-0c5c-448d-be7e-992759df2040,AmEx,5b925f13-3139-4b39-86af-04e829de2bf7
2194227b-90ab-4957-a5cd-0072f6356654,VISA,53dade05-ed04-4aa8-b17c-3627b2f6925b
6a940459-b3a8-4612-82e2-52c4c04611aa,VISA,a2a4fa45-0072-4d6d-a5b9-5aad21f89bdf
bfa35859-bd04-4b73-8d8b-c18ff991e22f,MC,82dc1d8c-3798-42b7-84e4-8b76721752b3
6bf71a32-5810-417a-87c4-8d74ad386b3a,Discover,56931c7b-849c-4690-96e0-79a637591dfd
4079b196-e45a-4711-8eba-36c28df2a064,PayPal,e92272d9-f912-484a-99e9-20a3ff357445
f712950d-92f8-46ef-b835-d68d37472aa8,PayPal,12100471-61ff-4a3c-ab34-70918427c10c
9fd8743b-cb3b-4e88-af0d-b091f25a77f9,MC,dbe607dc-ae45-4087-979d-57bf17d3434c
a088141a-6849-4fad-87b7-585b69e983df,VISA,88384e07-228c-4a1a-9668-d800c522a8fe
9e4350f3-3eb5-4ff1-affd-93e292e767e6,MC,88746e16-554a-4049-a06d-26592ad3edc6
b0556cf5-d0fc-4a77-8b56-e66e2dcaa0ce,MC,c3d0daca-d90c-48d1-9dbd-6e46973dc8c1
4d6734bf-e07e-4680-847b-160f86a1357c,MC,4d2fadc1-10f0-4f3e-a063-9033d3a96533
a194e463-90d8-43c9-b66a-14b3d6f724da,VISA,b5d86d19-885e-4c7b-ba86-2f8f5edc8538
81b3a7c5-fbcb-423d-ae09-755d94bf508e,VISA,c5bf2eb4-443d-4fef-a693-2a2867ff8c61
b756c643-a093-4350-80c8-4cddb150949c,Discover,c3a8a224-7441-43c5-a489-07e76ff72c3d
4029a16c-8cb2-4c60-bf73-a6404d32b58f,Discover,b7348fe6-2f12-477c-82ac-979d31a8999d
f6a1402c-cdd6-474a-976f-1210db025151,Discover,8fcf7dd0-ea0f-42cc-8aeb-03a1450a5ac4
82cc5a48-c8c1-4a1a-a48d-bf01f5281941,VISA,db393a4c-4dc2-41bf-962d-a3038a0a6dc2
13e7ab02-5f49-4ef2-9ef8-d6c7981232c3,VISA,dc2a400d-1796-4360-b9b3-0c63a63548fd
8d2b3d18-4fba-4ca7-a0a2-fd5c582d757b,AmEx,a3c7ce24-52d2-4fb9-9d11-9befd8a45048
324e6e7a-66cd-43ed-9be5-e818986e880d,MC,007e1535-b3e8-47f1-baf8-7452f85fa1b6
6b033ff6-8fc2-4798-abfa-4c055d4ea1cb,Discover,3581f7bb-d952-4083-9255-e81c69b8762f
dd91da5a-8d7d-4421-a2c3-3626a41c9a02,VISA,f7e0b93c-e65a-4d8c-b6f1-206639c2fb37
4ef3b953-26e2-4a6a-b721-6ad2aaa048c1,AmEx,9584be91-916d-4697-b2de-ac27634b01dd
11662f5a-904b-46a6-aeae-c41f8400ff1a,VISA,d2e72b11-1ac6-4614-98ef-038838ecb45c
93fe0d0a-ff16-4a7d-b16a-eceba4d1e7c4,VISA,0623f69e-1731-4e05-b2f4-c9b79779bbb1
a5e722db-26b6-41d3-9f96-7df20ae197ba,Discover,574e85d8-102b-4749-b006-95bb8a18a654
167db38c-f788-42b2-b71f-aeec5f9e943b,PayPal,93b31ac9-be46-4a17-ae29-10ac6e9b5172
723afe77-5515-4773-aba3-29233453febf,PayPal,7b75e5f8-daf5-4809-a34e-0d2ec6a965c2
50de080f-f011-4f57-9f7d-4078df318371,VISA,2aeb24b2-c3e3-457a-97f2-b200d24ce817
a414c582-f1e6-4f0f-a4a4-b0d7b5a5c2ed,VISA,8dcbcd43-b78e-42ef-b546-29f06663df40
bdc16aa2-8ef7-4913-8171-5fdfede54735,MC,86c80d48-fe07-4cce-bb02-442f001ba12f
6a4f4df2-e96f-4303-992d-79c11364a44d,AmEx,10e8885a-3d0d-4ee5-8f7d-7e9ea241d303
af71a1fb-7709-4356-a93b-d7051a699ded,Discover,db020f91-b143-4ab5-a095-34bcde678de7
673de16a-0280-4c14-afa5-55819924e2a5,MC,a6707b0a-0098-4647-8975-cdbeb4614da6
a59b5a6d-c601-489a-bf97-9d956dd85c61,MC,37659abe-4b89-43bb-baf3-00c3d4a6b192
83bd719a-4455-4a16-aed9-ef4fd9296b9f,Discover,51f7eecf-63b2-4fe6-a2bc-dc40579fe126
166ddf29-3a53-4eb2-915b-d4aae6def0c3,AmEx,6f1ff963-6440-4885-8210-89e88f7b68d0
1723a01e-c621-4779-aa04-c16cc2628afe,AmEx,45119218-4f16-485b-b737-b5ad31eea57e
9fb32a69-fac7-4dd0-b0cc-0408f582a91f,MC,692520d8-3676-47e4-be66-1e16be6dc8dc
985cc2bf-ef98-4b04-b5eb-3abd4525c54e,MC,6ff8a39c-8a38-47af-b7af-e807aa586ff2
2617b4ee-0725-4b00-a795-72378c655cbf,VISA,8604826c-6b47-4d4f-81eb-9d32e9f8eb4f
fc41d8d3-6a0a-4245-88b1-a77fe51b90ed,AmEx,80897281-c777-4f60-acdb-3875273aa147
1c403697-61d1-4a12-a36c-8b988966e774,AmEx,c9914ed0-c293-4325-9e29-783bb2450be3
de8873ad-af64-4724-9dd3-cbfc04b516ca,VISA,8d574f9e-53ad-4600-901c-5d129889c347
68c3f063-c0a6-411b-9140-68a52f26d920,AmEx,f19803d4-be8f-499e-9977-4959eb080fa3
a54ea9bb-fcdf-4682-9a87-a90d123dffc6,VISA,6dacb5ba-f450-46fa-8640-0f50196be233
846a0ab2-1598-4962-a546-9f4b341c9200,VISA,e36f74ff-e88a-4004-91ad-ea4788434979
195b6d6e-2ef3-491f-a620-38891b8971cf,MC,9e27faa3-add2-497f-86ea-d6b62f9c6fda
ec0352a4-4108-4ed8-b58b-e7d77f9e9e5b,MC,7169fb05-6219-4649-9d27-546ed61e594a
cd864821-b51e-47be-8de0-5ed6f2ef7ee0,MC,317e67ea-1ca1-459e-85c5-e4c71b0e84fa
dd4caabd-f8ad-441d-8c7d-ee77badf17b7,VISA,0cac9795-4f2e-4661-943e-8d3e520e8c16
1eb1b9c5-cfc3-4a96-b580-01ae24095964,VISA,32780072-cb80-4bc9-b7ec-b5548b9a5b4e
836e9505-0c76-44be-aea6-4934c206b29c,AmEx,5c197bce-1df0-47e1-8d7a-763bcafa1ea7
5093fdda-f4ab-4141-b6b1-0e66234faf91,MC,36bfecd3-ef1d-409d-a2fc-45cca8cdece2
7cd9bd88-99ea-48ef-b837-4c06dfa83a80,VISA,48139c30-ed85-440d-8dab-c8b8e86bfc48
60a09f20-0d09-4859-97ef-914f3b84543e,PayPal,bef1ac29-933f-4c14-b163-736a7e650696
4dbc9c6d-497d-4d58-bdc3-1638038da1c8,Discover,713b6bd1-2e6f-44ad-85f7-fe53cff5d799
41330ce8-2b55-47c7-b694-5c48a1dd8a12,VISA,8e246e36-9157-4792-bd99-dfcfc5fe8763
dc5bd96b-1e55-44f3-9a35-41a93a2e7fed,VISA,b6e2055e-324d-4139-8f9c-020d3d0e32d9
5c04f272-3f11-4753-b67f-10204e4b415c,Discover,83611340-c676-4ca1-aadd-eccfbb76da4e
2823c94b-3eea-4412-80a0-4eec716ba367,MC,011938e6-c74e-47f4-9d08-3a9b70a07115
b1526458-3a5f-4fec-8261-bc802098bad7,Discover,ceac5fc7-4d8a-46b9-9e34-b45dc736fd19
46a7102d-e845-449b-9308-cd2e22960bde,Discover,1656a1ec-eee5-4c1e-b309-93135445629b
19879a8f-94f8-4943-9b70-3b657fd0843d,Discover,776b07b1-e73a-4b74-ad05-00bd9196ffdf
7d445494-a40c-4ee8-a1ef-0015387e6f93,VISA,f3b1f73c-dc70-44b2-ae8d-007e69c707dd
b19b0105-b041-4c39-b9c4-e8cec6541fa2,AmEx,7c5e5c8e-3524-45ee-8248-7b177b3d0953
3960ecad-cd5d-440a-9dbb-e7acf53ddc4f,VISA,d732de44-9cd7-4c3f-9112-993e33f37d09
3285bf5c-3bbb-4075-8032-0d5c54d706c3,MC,4e7563d5-6885-4b27-a78c-d611190a8c98
78aeb8ab-12a0-423d-bc7f-edeec7196c1e,MC,98632cc7-9396-4c99-b97f-7b92c17ded43
283343ef-43fb-4ad2-b6a8-df6d5e8c1946,MC,f2f19f9c-a077-4616-a8d4-7cda176ebd4e
562ac3a0-9d96-40cc-b980-b4752095785a,MC,c4d5aad3-317f-40fb-8b02-57924128725f
1df40600-59fa-4b4a-b2fb-1e790321b117,AmEx,426700fe-aaf5-4e7d-8e2a-55c02461ad52
64005d28-c51d-49a4-821e-b84e07a3da07,VISA,3c42c2a1-be3c-40ac-97a4-7a07e134ff44
37b2c591-4fd5-46b5-83de-ae79926c60ef,MC,6ec262e2-70af-4cc3-8c2d-f1e77429dbc6
ed558ade-5049-41fc-b261-a27f16aef590,AmEx,1a868bad-f805-4924-b263-0ec3cc214ea3
50a10f9f-08ec-4ab6-89b4-2201844f90bc,MC,cc745a0f-c3bf-484d-a818-5f9b7fd32396
9d0139e7-c667-4ced-97be-c336af55b2c8,AmEx,a0c92b8a-b33d-4c72-8dd2-a58ba78567c3
6ff03ff5-5e15-4dba-9806-2581c06a88b2,AmEx,49c9a9ba-8969-494d-896d-baed1e587f7f
49627546-b71e-43e0-bf6a-857e9d9bb875,VISA,ab7f856e-d1d7-4936-9840-4cbac67b1ed5
efd8de91-096a-4ffd-8291-891901f088b2,PayPal,74d51f47-4905-4e2a-8ad5-1c6f47b77bc9
4d1a45dd-42c7-40f0-9c02-b4c6271826d4,VISA,fdb3d83e-ed80-4139-bd3a-b8f58333d7ad
619c87be-655c-49e9-b84f-e96c6df0c179,MC,d9f76497-7934-487d-8ca3-9db4630524b6
471aa994-0224-4bbf-9f67-e67387228c99,MC,f4fc42a9-bf6c-41c2-97ca-728858d0c9be
314b8534-9031-47c3-b03a-1347855d4106,MC,8116a17c-096f-4934-8607-b96a0105be78
00b8c100-49ec-48ad-9f2c-de6dad56d8bf,Discover,e03cdfa8-e16d-4e95-a11a-cabcd105cd85
6f2cf80b-eefd-47ae-86c4-6850728368a7,VISA,3c1ad877-6664-434e-a90f-7e29c6461531
bd17134e-3158-4d01-acb2-74cf88a8125d,VISA,e581bac6-434d-421c-b862-c8286014b7b8
9a555c80-570c-4889-ab53-4fe2ead81986,Discover,22381959-a62e-4580-a6aa-f47ca683b485
d9370f17-3bc7-4c03-bd85-77ee1546e3ab,VISA,675493ac-8a8f-47b3-9f52-2babe10318cd
fe9470a0-ba81-45ec-8969-b174b6170b01,AmEx,ec1e2b15-f66d-4d8c-ad2f-6166c8383300
