OrderId,PaymentMethod,TransactionId
648efaa5-4878-4c0e-99aa-775156e633f2,PayPal,69d7a127-06c2-4dfd-90b7-474686aefacf
8d08cc76-402d-4a95-904f-bc0c1512aef6,VISA,d7dbe74e-dfc4-4af2-a13f-37227dbdc0cf
9f136ebf-7f79-45b0-8650-5c52b29440c1,VISA,ce561b63-0499-4946-bbd4-78cb95eabc64
14e8bf63-d935-4fee-ab7f-b005fd993e02,AmEx,e0eec5ab-9b83-42bb-85ef-38ba170b47e7
1a188717-b91b-4d83-bb97-a4e64d262960,Discover,1e9120c5-72aa-48e6-a1ba-bb96b635c284
db6c5e06-1de0-4d00-940a-5703c2cdb7ac,PayPal,9db6737b-780c-40ff-b8fc-14bd0626d4cd
12c3667b-ed24-4f64-bcf2-736c91be711f,AmEx,d84f78b0-abfd-402e-8f30-15a886c043f1
a8033c31-7739-4493-bd1b-d118a8130226,PayPal,9e195476-1cb9-4eb1-a31d-fc029c24b252
afadcb3e-b5ae-435e-9382-da1f58f8d264,VISA,ee359eca-36ef-4df1-a9a6-2c8fd9f6e6d8
dd8c1e8c-0ca8-473e-a2c0-3adddda7e0ce,PayPal,5d13a21e-cc93-41f1-afbf-94d77b08ea30
f4696f6b-e02b-4657-9fdd-1e5b6d631dac,MC,1360f12d-f28e-42de-9f26-9f40f4c31503
9cd99f8d-f0e7-4e68-a8e2-b0d84efc14ef,AmEx,f6ce1412-7e89-4084-9926-98d9e296fd9d
383137d6-55bb-4705-b902-921cbc490eea,VISA,c8cbb6ab-5b9f-4b93-b428-cf2dc6f6f6d4
dabbe76d-eb64-40ff-a9e7-56b826adb3fd,VISA,7658a9a5-7299-4218-8340-3a79cc8e6963
51a38718-5cd0-4e29-aa60-042c757a2d28,VISA,27a2f33b-9507-4901-add1-51d103419c61
341cb068-18f6-454c-9783-761cdea11db3,MC,908d38de-cbe9-438b-9044-23fd9f1d9752
5eb274d0-3702-4053-9384-b7c5f50b802a,VISA,9e103043-35ae-4751-a7f5-4fb583c3966f
5daf8526-9deb-4701-94b3-decec9cecf2c,Discover,894f2703-358b-41e7-b627-3cb1e6fde2e2
06fc8e95-64d1-49c4-ab20-f49096920167,MC,2df15386-6fe8-4d4e-acfa-fe816e995da5
ccddd989-2cff-4883-b0d5-59c3e7a8a966,Discover,604f1cbd-a530-419a-9998-4f51375a855b
0760d979-8ddf-420e-b92d-a6f7d76927c3,MC,2d9c1de1-a4a9-4ccf-a046-ecb4a7942e58
72001981-e6fc-4ac7-8823-c59d05e13341,PayPal,a167de0e-1c1d-496a-9f3d-6af0ab6a6462
39ffe1fd-48d6-430d-9446-5c3e9c4d82c4,MC,1602980b-fc8c-49e8-9c24-c1d028a8edbf
a0c6f359-e95f-4c46-a72e-06e7c0ccfa40,PayPal,6fd0bcad-060f-4f0b-93d8-8f7cb4075bf5
27a8f3e9-883b-4856-b232-4486d379135e,PayPal,05932782-e7b2-4dce-b0c1-745b6764a916
8516760b-ce80-4f86-b58a-d86d1645d769,MC,6e87a813-43e5-40cd-a41d-229134507008
aacdc434-abde-4e53-aefc-ed381440610c,VISA,25553a8a-ae8a-4f00-9ebd-aaa68b9ee155
b0a30a3f-e718-4916-8547-24b90f2e9606,AmEx,da304c65-5ba1-4f04-98cf-f1f0aa8eac0c
eed13408-a9a9-4913-9c3a-ab0f3533a214,Discover,4d6e722a-6cdc-4fae-bdc8-269f0a2d6aa3
695a88b6-7f16-41fc-8a01-7c2f13b00954,PayPal,14d2a1f6-a17b-4f6a-9363-af4ebf669387
f9818ca4-651d-4d51-8d78-5fb9a7b4e962,MC,dbb19e71-8ba7-4039-a1cc-560cd83a25f8
00074fd8-bec2-4667-9586-0983ec210ed9,VISA,59d5bef5-67c1-4d8b-ba02-a50fe94a3303
329c7c53-4d6c-4798-af12-3792c8fe3c8c,MC,3a01bea5-fb07-489a-a505-73ec463551d9
afed2c86-1f3e-48bc-8cfb-8492874ef110,MC,6889223d-bc5d-45e2-935f-e2cdb2e96c7b
6b22b6e5-fe99-49c1-8352-dbc59d991a2e,MC,37b5f084-ada9-41fd-9771-6ec8e6c750a3
c97b6942-d5e7-4fbb-9dd9-c19d069dc86e,VISA,136be62f-1b15-457e-b2b0-35cc89694042
6d40436b-31f8-49b4-a93e-a57809b6d508,VISA,90f66795-0a57-4503-8e9f-68f18b1568c6
d51a74cc-d374-47ba-8c88-8754b9b4fc4a,VISA,be7cf22c-68e6-463b-889d-5bc65bfa947c
e309e5ec-8aa8-41ff-ae94-d179315a27ca,MC,7f5856a1-7343-4239-aaea-1d1c237442e2
895f5dd9-4d32-419e-b21b-87980caf637b,MC,6236e260-5e66-4238-9ee4-aabfe54e623f
39ae2e0c-0128-42b9-a33e-7bd5bd08795b,VISA,fecd9963-8a97-407d-940a-7833c6a1d1c3
9d63fc75-05e7-46ae-99a3-1269fb05d012,VISA,5486ae31-16e0-4535-be6b-bebfbab74ce1
e378aa4f-9eea-42aa-afac-24b72335ae1e,MC,af26c5e9-a41f-4c06-be91-b82ad652082f
0257e57a-3ccb-4c8e-87c1-ddac32f19523,MC,5fc87c66-8778-4a56-8196-b2912dd2b915
c1ddae31-bcc0-4514-b796-5406195bd1c6,VISA,7009e078-d0cc-4011-a653-196f6abf295b
1743741e-3986-4b8a-95bc-12050d972271,Discover,86e05b01-3d29-426b-b296-a578896e4826
55e49316-6e34-44a0-af2f-2dbb6c039e6c,Discover,614a337d-3f9f-47d8-98af-efd8e781e3cd
9aa1f0eb-185f-4f0e-a56c-16020b7856ef,AmEx,d0c4b5e8-a259-4be4-85a7-d6c89060dde9
c21c1765-855f-4a41-a868-1e4fe5f914e5,VISA,0d164371-ad23-48be-b60c-6b5d74495bb2
09d91075-edcd-46ad-9963-4b9673710bc5,PayPal,ddf8bc2a-7339-41cd-ad05-67d732e283e2
fc7f3a7c-0b16-4633-b5a8-9a17850ddc65,MC,58051a7f-aa6a-4bbb-aa93-04511b069ac3
b332d03c-ba51-4876-aea5-97b23b8adfee,MC,9b77768f-0fbb-44ad-8a06-407d0542bcc4
c231855f-4e20-4d58-8b18-9f625b705086,AmEx,96417bb7-9862-4ae6-8b68-2168cf8ce0c6
a17c6983-b015-4ccc-b15b-43fd65f220d6,MC,21b778b0-02c9-407b-9113-d94e7a52a1c8
dfd30589-8cb6-4923-975b-8e283083aa27,MC,2cdbc72e-d397-4f8b-b7b9-a985f02b5a7b
d4bd7822-5451-43aa-82d1-283fb4dae097,AmEx,7601cca8-e5e6-47ad-952c-cffd588bf11c
da3f2040-8794-448f-852c-147cc9cfb41a,VISA,ea24708e-1a35-42b7-99f3-af52f50bb007
e796f777-ea48-416b-9b2a-193b9328e7db,MC,5c5cb947-500e-4b77-8139-6dc8d5cc4f3c
92d67af8-3d3e-47ca-b4d1-23535a0e15b5,Discover,8f9e0b37-be01-4c11-8a3d-2029bba017ff
cafdd5f4-39e7-4096-a75a-f4effed32ddb,AmEx,8e914ac8-820f-43bb-8a48-d18db465c540
8197ff53-43f6-4073-9719-092fe9b83171,MC,e53c5038-be51-4687-a455-9b35971d0f06
9dc7a4fb-84fa-482f-b887-f2d920a8cec0,Discover,043dbce8-93a4-413e-8ee3-2cfeb1856f34
a0e95ea2-d4c2-4e4c-9a1d-d1708899f4d8,Discover,7449dc8a-517b-45f1-a594-085808e4999e
5db2cc90-4157-4daa-a373-6d62d022b9e5,MC,797b94b1-8da4-48d6-a0f1-d487b890a487
abc58dd6-7298-4ad7-8d15-8492e3f89bf9,Discover,b20e47cd-67ca-4b74-b9c0-50541eb7cdae
76496664-6168-4b4d-9a00-9af0f653f61b,Discover,c107f6fd-0015-40e2-aa15-13253237c7da
d4b19373-aa89-4e5f-877a-5d3894ef8522,MC,5b5de1fc-39b1-437a-9a67-16758f65e031
0b7ccc2c-cacb-45fb-b09f-3942c3a6e06b,VISA,18337286-8198-4156-a21e-8636b4ae2715
9b717176-eeed-4265-8a13-a608e407d36b,VISA,d3622815-532b-4561-ae70-f1732bc0506e
00b82e64-6ab0-4b34-b2f4-493d1d2594c1,VISA,5b733bd3-2ef0-4663-a101-97aa577e3437
a15c0ae3-160a-4c1c-8acd-9c808bba81b1,AmEx,1c72f4b9-abc2-4efa-b12f-2a134cbe1abd
7e2311fb-2d4c-444d-bdf4-fa06efea079c,MC,a50131e2-8114-4f34-807f-74ea74eaf3dd
3bc3e9a9-5918-42dd-b6fe-1cc018af4372,Discover,51d2abee-d73f-4c63-b667-5c02a04b51c4
95535ddb-acec-4c6e-bb4c-c05b1cf0ec28,PayPal,06f62b5d-6953-451e-ad0d-77cef05aefd9
cd915c1a-3042-46f6-a86d-b936ad407772,VISA,7644a1e4-809d-49e1-be86-1116fda30d8e
09ef9d7f-de89-448b-bb4f-36ffa008d4ab,VISA,e083438e-448b-4efb-8d78-ad1281c8519a
2d522633-0d71-4ccb-b7a0-02b23e1e4e89,VISA,f40ded46-7f80-4ce2-8417-761fce0f2ec8
e848a8a8-0615-4359-aac3-d978083b9fcf,VISA,9fe4d229-a700-43ef-bcd2-7a7af08fe42b
5c1f8306-7f6e-405f-bc47-a502769a2832,Discover,193a681f-b995-43e4-9c20-59ef6759c032
47f17d71-7c3f-47c1-8362-39f9c1cb5b23,PayPal,7039740e-2f5a-4fe0-a418-2a0b32062a79
fabb0bfe-70fa-42d5-95a7-0947c249423b,VISA,39c48882-b6be-4426-a804-5019d982df21
662b425a-c334-403f-8d5f-03fc7872d48c,PayPal,65c97ef4-ef85-4899-9240-17c399f343ea
583260dc-4901-4845-bedc-20814d171239,VISA,416d45ec-dc01-4dd3-8a1f-4a9a762db0c0
d3c48a73-ffd3-40c6-944f-f23b6ac6a7f8,PayPal,c3510536-1449-49bf-8373-8d65a77ab6c6
5e2eb0ec-30bf-447c-8a0c-58762ebb009f,AmEx,3b47af80-34b0-4938-aeaa-c2b0be091763
10605c8f-3753-4021-a2b7-0bbed20691ef,VISA,af044818-6d6f-4439-af04-985e404ccb30
30c641b9-7191-45e5-a8ad-b153684dc09f,PayPal,36c9b3e2-3471-4859-ac77-b393f473be93
e524060a-5eea-4fe6-a33f-fbe58f59123a,MC,89a80926-4216-4892-b453-35aee9b113aa
e8403212-1033-4498-9c83-49df6433b751,VISA,c53c830a-f4be-4f4f-88e0-7ac424d78dcc
c672e06d-4299-42a0-8bb7-38630b49c4ec,Discover,0e2821b3-1954-4447-9645-f771bb49704a
f520b90c-4eec-4c74-8566-156ee7ca6048,VISA,911964db-130a-4af5-bae2-b2c8fd2a4c76
9e608cbc-bfa3-432c-b307-b57a23519763,MC,797a6d30-752b-449e-b512-733f3075f478
43456f21-14d8-4396-a7b4-bb27ab5cef9c,VISA,fdba6b81-8b85-4a97-8e07-1c234bbaacb1
ed98c31d-c4b8-4384-a061-2a82a1ce42d4,MC,622def26-d01a-4139-97ec-3404982e45d1
10a5e0ea-e377-45b5-9cc2-cf8f8b0a185a,VISA,0ec34fb0-4cbe-4e63-b8d7-eddeab41362e
f46d3a99-f9ce-4152-bd47-68e7e8bf6247,MC,39f479b4-2697-42d9-9a14-5801f5268285
09cbeedb-cfcd-4dc7-a01c-71c3b181f992,MC,4f5bd281-6ddb-4dec-a9e4-ed027a8d1f30
d1769ecf-3cc4-423e-b1e4-fa6774299678,VISA,ff2040bd-94cc-4913-837a-800cb8a64c16
5126c7b7-320f-40d1-af8e-5daab6e1be50,MC,5a107b71-c69f-43e1-8723-2e2e30aa3a08
113e9767-2609-40ba-908e-775c3b22db6c,PayPal,1e13af89-ed22-415f-8ff8-99c813017228
5cd54dc2-ad34-41e5-994c-c507ead59f3a,Discover,0682b827-a6fe-41d1-9794-64637b53e681
8a9285ab-77f8-4a7b-9da5-8e4ec3a35f7d,AmEx,5525bde3-f258-4e23-8f11-3cd7e2af8295
dbb3d390-00e3-4bc0-8b38-e5d69bcef162,VISA,8caceddc-11df-4d30-a48a-ad9fab98a5d3
6cf3038c-1174-41bb-b693-b38d875375f9,AmEx,0b1b8900-f0d2-43cb-9924-04fa1411538f
0d73cef6-470d-44c1-b2e6-56510b6c4e08,MC,edd4e06a-3f17-4226-8ae1-3b0ff22f7fbf
6c0696a3-1bde-464f-beb1-0cc97a35ef90,MC,3539dc7b-e690-4a30-ae49-a4bd1fa56731
3d3f9828-6956-4352-98c1-99105fd710f0,MC,c821a745-8ecb-4de4-8b16-e294ce0bec54
7b1f8320-5949-4b21-b3dc-043a66826b34,MC,748ce0b4-cb80-4d62-b5a4-cfbd478002d8
6d9a49ca-c782-4db6-9d20-4bda1779ecdc,Discover,1d9dd2ee-6e14-4bd3-8c01-14a92df8c600
47c040f7-bfc9-462b-a9e1-0747a28eca8e,VISA,afb60d36-8de7-431a-81fe-f8dde00e22ed
6fd2585d-08e3-4ff6-9ccd-aa2b0e882345,VISA,366df562-f0f1-400d-9b9d-9f554f5d42eb
52509f72-100f-4537-a8a0-488a2a436dc6,VISA,4af8cde3-8c84-4720-821c-dfdde68a3eeb
6570fd04-4865-47f7-8441-14ef329c72bb,AmEx,c76f1057-73a7-4a4f-9fb1-91ecb4635034
bcac52ad-72f1-4959-a8f8-74c65c0d2afe,MC,bd446de4-a4c4-4f8d-b0c6-fe894e6ca942
af350e70-0ef8-4e2b-a3be-f7efcdee0f97,Discover,8e82cd44-1572-4f24-925c-cb51795259d2
cf82a6c5-6489-49ad-b63a-cbe45aae08ba,AmEx,5639d54d-a197-4301-ba73-e40fe4bacb6b
6b60eaef-b740-4a92-9d9c-672fbb9bbc95,MC,504f7182-37c8-468d-8b2d-60d7d59bfc03
e69e593b-b7b0-4881-8f01-ccea9b4bee92,VISA,61334f29-82ff-45fc-b6ac-da1f2438fb00
94ce1ba2-fc3c-4250-9492-c2d4d0dd53cd,VISA,ce680838-5aec-4954-afc4-0b1817003ed8
14224f3e-ef31-4862-9b53-37d34cc617d7,AmEx,19a9f8b4-ea85-4b0c-9128-2cf779ea5745
96a38b8e-f5a1-4840-b35c-df5e6483e3d2,MC,aecf034a-aef2-49ca-ad46-51de7f4d5e83
145a4704-b3f2-471b-aa98-d0259ed58b8a,MC,617c0ccf-bd8c-41e7-9c74-25264bd918c8
b1974e9a-4faa-432d-b1a2-37c79a9ae4b8,MC,411006eb-254b-49ea-8e8f-6951c0ac5646
3f90ef35-8557-4110-9c20-7f4699c56c7f,AmEx,a447c36b-4716-4119-88f6-c9a6dba4459c
882135e0-8443-488b-bd82-4dd2779c5ab3,VISA,fbf08446-9dd2-4447-b090-c9b71ac62501
3b70045c-797a-4863-b3e8-a2b0a6192315,MC,6bf4d50b-f6cd-47c0-be91-d18c4efe1d5a
ef7d1ccc-260e-4d14-b2f7-87f0e7478329,MC,d84d9ac1-952b-4637-abbd-d5709b864565
4bdd1d86-32e9-45e5-b70d-046e97272e94,VISA,25d0d211-d701-4db7-8cf0-41a8a167fb43
3cc36ef2-27d1-447c-8191-b79aa5347ccb,AmEx,36e37910-d221-4ea2-9aac-2990343bd083
5572d6fd-08d6-45c6-8c09-d367d48ac366,AmEx,412816eb-ea5c-4565-8c17-3bafc4eeeda2
c6ed6eb6-5cb2-4186-8c4c-b720c1fc216e,AmEx,860c18e4-3465-4d21-b25a-0b3844248bb0
b8e0d9b5-645a-4d07-8eb4-bc5c7c57facc,VISA,174aeb0d-a19f-4508-ad95-11828f8c87a5
c493fe79-24ca-4043-8ada-e7dd75488e79,PayPal,92a31858-edc6-4384-9ffd-e3581b21c917
0440a714-4d42-45d3-beaa-8d1d79f810f2,VISA,1e739c8f-2d6b-49f5-8e6d-f83e774804f8
11cfe87a-557c-41fb-a4df-7fc6b9a848a4,MC,c7399cc9-a081-45c4-9163-dc3f398227d2
6360c858-1ac3-455c-b089-3eb666922562,VISA,ea02901a-f5be-4ede-95df-55bc15307d57
7f812a05-951c-4465-afe9-f3f4a668159f,VISA,85bcd177-12df-4f2e-9ff7-8afba179400a
1ef7150c-faea-46a5-b265-a1d405390e25,MC,f6229ccb-9825-4ba2-825e-66718ee0bde6
564bf644-51be-4348-aa95-8d5aa4861bd2,AmEx,8c2ca602-9a94-4d1b-a65b-64d61d8fd1b7
0faa31b7-b8b9-428f-9f62-c3caae350a71,MC,06c2be6a-9e6f-40e3-9154-58481927c6c5
249212a4-e5a1-474b-a861-d471dd30e46c,VISA,9b9eb5a1-0003-4e15-8ea9-9dbbc286ea81
bce57d71-e411-41f1-80bc-be82a322b531,MC,9511083d-01f4-4b70-b57f-63f47164b912
a8a79e10-96ce-41f1-b486-4c9f260335d7,VISA,e3f6c2e0-76ec-4e20-8610-3910f2d3f473
f9e08656-d4fc-442b-82f5-928e9425f7fc,Discover,48d1fb69-14d6-4f6d-a26e-66c280103ad0
e1d950c9-eb48-49c8-80e8-84d096306d39,MC,76ac23d1-dad4-4ce5-ad72-69849bf8aab9
de0b410d-1273-4da1-916c-e695a6cf24cc,VISA,faed5388-1ab8-4d5b-98f6-a19b4de298c3
078fe47f-fcaa-46b4-b11b-fd3bc4da0df8,VISA,48766c7f-c09c-42bb-86ba-96b81fd77cc3
3cde2c89-7198-4929-8106-5974699a3e0a,VISA,715f75cf-d63e-405b-9c37-18c2993e056f
c78787e2-7a7e-45c0-af1b-18ecb83f5acd,PayPal,53eee849-92cc-492f-8805-5c0c38ec4b81
523c8a0a-76d1-4319-af2e-7772d01a7034,VISA,a912ad8d-1493-496f-a899-904d4758d96a
458ea25f-1d40-4f4d-a15f-280ec4f61f09,AmEx,d2212f41-d9fa-4358-9137-20ffdeefc03d
d4a52bc2-9e21-4694-af97-1737c38cb134,MC,acd2ce8c-1caf-4a90-a60b-cd8958b8e453
6af89f49-8203-4eb8-90e0-a91005c479cb,VISA,f8a52c36-4ca7-4be9-88c7-63ac8f3f4da8
15a0f648-13da-4dd2-a367-e37f1badbe33,VISA,7e9ee3b5-02a0-4f08-a847-65853daa3b39
9be8ad4c-3a8a-4219-ac26-e6765a64ad66,PayPal,10244f66-f04e-4191-ae99-16ae6d269cde
0aae0dba-0f2a-4f76-80a3-07b18125220a,PayPal,5c3ae32b-c3ca-4237-8a5f-b4aa6b2da175
010058b8-af6b-470a-af23-b1a1e8f2f53c,AmEx,c5215423-4db5-430d-a90b-6ed617bb409e
e59c3ada-8db0-40cd-8825-521610a6a9ac,VISA,ed5fc9af-12a0-43db-8789-baf50821836d
d7fcca00-541b-417a-bd2b-d7ccf0892d91,Discover,4e9ffd6e-915c-4f4b-8f56-b3c8e26cbff2
d29649d5-788e-4d93-a56d-c587eb984ca6,VISA,00676680-7b70-45bb-b9da-0df572fb2485
f9183051-2873-4a15-a331-cab736a752de,AmEx,83e8d98f-b857-41b8-921b-e7307d9ada86
e933ad61-8340-4403-a358-3357dbcb24bf,VISA,025bd84d-6592-469b-b6ca-3b72d8683a1e
7f89b956-112d-444a-a054-8a1bf9fa98e4,VISA,75b6783c-43ce-42a3-aee2-3e2ab4f7036f
1dcd9fbc-2211-4c68-a913-fb0eeaf0b64f,Discover,bf568edc-f5a0-4da6-be99-53915e788b4a
3e3ef079-9f3f-4125-affb-56d3e533356c,VISA,c8068108-daa9-45a3-9bce-12891a868fcc
5041c1b3-de70-4ada-951a-778a0d7dee5b,VISA,7ace186e-7377-4810-9d12-7dd9ed952d05
5c1cd8b7-3e9a-43b6-92c8-a2401a0bfe67,AmEx,56f60ea3-8ee1-4948-9030-8cae4377f97b
129d755e-f87d-431f-9fd8-05eec0d365f2,Discover,01f92dbd-f1e9-4ef6-87ac-e424b3ce04a6
629dae74-4f9a-42f5-90a6-f136f13590cc,Discover,01cc48b2-64c3-4865-844c-23607ab8cdeb
5ebf745f-3d20-41ef-aa83-1c41556caf62,VISA,29351837-6f1d-4bbf-9a93-95d44a2212e1
41a117f2-222f-4213-9999-6166fe2d7b39,VISA,0cec4541-b343-45e4-aee5-f86cc2af11ea
2a12b7a3-3f9a-4845-9f5e-cdc3c0587a07,Discover,a76daa87-c0c0-4401-8b15-c64ad010fb30
1d463ee9-ac77-4447-9ba8-fe378003f9d7,VISA,b7c7ca21-bd89-4413-a890-f7ab4a861174
b87f2f48-e51d-4482-9fd0-65ffa457a6e6,Discover,f079ac12-6f3b-4d88-b1da-097b17dfb45c
063bf3fd-7aae-44af-ac4f-b7b955994306,VISA,e67587bc-d626-4533-b7ae-2a5b763d550d
eb6485f6-a996-408f-87de-b989264da0aa,VISA,9ed43210-fedf-4b5b-8439-dcd4d45303e9
ec9e0a3f-1819-492d-8053-fed45c5bbe28,MC,920de6b5-2650-40fb-bd2b-f164761e1c1c
16f1cb27-ad60-46e1-9444-b047af5d7dd5,MC,832f9dcf-262a-494d-ba35-c51c19f3d8d8
21e3785d-93d4-4ede-a654-69232bf414af,VISA,f255e056-1c01-4586-8e3e-5e43330f87e2
3b6392f6-4faf-444d-be53-3c9e6bb878a8,AmEx,0cb869cf-66c1-4fcd-8e87-723b4f5e0f56
c2fb816c-6cfd-48cf-aa5e-4fd25502c5d0,AmEx,3dee1947-b448-4b05-8526-a78201b5c49f
14543884-f333-465a-a024-dfd575d58f5a,Discover,e93800cc-8bc5-49b9-a3bc-0494e4c5a009
273f2f79-c627-4a18-9a44-4ebd564e47fc,AmEx,4b89613a-57d1-48d3-b0a7-6b53b6d3518f
63b205cb-e450-455d-8796-fdb726d2bc4e,MC,91efaaca-ac0f-4935-809e-ce77d0c406e7
5430b0c4-6284-428e-9efd-11a1a31224e5,PayPal,64db9d03-da03-4d7b-a4df-5da90cb8287a
c7004ab2-4eb8-471a-807b-9c40bb178774,VISA,27a54920-2e66-4f51-b8a9-3af9309e1961
88f21b8e-52bc-4866-9ea8-00a96df8a786,AmEx,f0be0eb4-7b54-4a5c-b5c4-ee37eea44d2a
bd02f10a-8a41-4a55-8f47-4b9ab2566cec,AmEx,059cd6ee-8bd2-4a60-88f3-61fe387394d2
6a6220f1-a3fa-41c6-a905-abeb6600d1ed,VISA,890ecde2-6c09-49c2-9371-9c028415ae76
cbf81b3c-2f52-487b-8cd5-1c156b179565,MC,150e9c88-5fbb-4c1d-88fd-0da062e5583f
42c4aa98-6e10-4b3f-bc91-b7e884a12763,VISA,f8a9e60d-485b-4c10-a76e-ec5acd6acf0b
96591503-a907-42bc-b15a-239f84db99a5,VISA,8d2fd3a1-578e-4abd-b75c-af981cd23174
a8829178-be0b-4034-9359-7569f5e519f6,VISA,08addd48-de12-4457-a971-1c14182c2eec
db98094d-f30e-4aee-afc3-3835f315be9d,MC,0677f87f-407e-4807-9900-a6e409d96b56
7d6d1ba0-9001-443d-b012-434564531748,AmEx,d8e346a4-11c8-443f-a9b7-dcc85697ca39
0655dfbb-60ba-4555-b765-a49157628a57,VISA,7de35001-fa9e-4372-acec-2e02c5e3b648
a9975449-6bf7-49ab-8f09-67f6452dc967,VISA,63741e3d-1013-49f7-896b-5a583a541367
e52cae4a-81b3-4c48-bbe2-4e7bfecd411b,MC,69dda8c8-29e3-4314-869e-294683606a2f
e83a12a9-04bc-4359-be11-c8eed1c1e599,PayPal,06a0e5f0-d9e3-4d53-890d-763a58254810
f9833721-7a07-4c22-9cc3-f4383b8da347,MC,d76caeff-e776-44f5-8133-5d6e048f95c5
b811cb90-17bd-4f86-bdf3-8b1dd71303d4,VISA,a26b20a9-f181-4482-aa9a-c137058c3797
3a644fb9-17dd-4eb6-bbb2-2f740f0e8269,VISA,a597b98d-dd07-4248-95d8-5348a11bae5e
c36b2390-955a-402c-b766-bc45b2c301e0,VISA,304ca589-0409-4c5c-a4f3-db64e9a14270
f7c7836e-256b-4855-bb10-73328f32fb75,VISA,35c54b59-f420-4e62-8021-412bcfc8637a
3532c954-d664-446c-bd03-25089ebc6e6d,AmEx,369ba6ba-752d-40dc-9ad9-a9c3ff0b9c3d
b563b03c-95e0-4723-80b9-cec1e802c2b0,AmEx,5068af6e-2cea-47b4-90d6-533ec67d2ea8
a2d3c643-d35a-439e-9c5d-1a1d4eea71b4,Discover,9fbf97ee-1fe5-4c0a-a153-fd2972ec1678
8dab4e16-cad4-49a0-bf2d-9ea67f1a977e,VISA,e4be5d48-4fa1-4a0c-afea-f3fcdf244968
49abc39a-e804-4e09-953c-136aa4a2b102,VISA,cc1f3b05-363e-45ef-af58-1e75f939393c
70785db5-fe5d-4505-9461-290317fbb01b,AmEx,216e9721-dd96-4ffb-8a35-b3fee85d5534
0a7f8fec-7c3c-4f49-bd46-617530c06c3b,MC,e70b7aa3-2fa8-4e73-bfbc-b57fd0934f0b
a2fc4e9a-1f9e-4851-82b6-d9d118efbbb3,PayPal,2ac3996b-f63b-4496-832a-532334e17113
0c3b419a-442b-4a19-9d82-97082c5cb62c,AmEx,ceec7a63-549c-4ec3-8be2-c2f607ad3639
40d7a533-cb61-4602-87b0-47d48143690a,AmEx,aa84fe85-cda7-419a-bf19-bb83a29dcdc3
449c202c-fcdb-4e7e-9b42-5cc51e3b8516,AmEx,9b0ee922-b9a0-4d1a-94ff-5ae962922957
b388dd07-35bb-4ed8-b53a-b0d62312fdd4,VISA,c791ebce-716a-4232-8741-1d88a5456852
b1308811-751f-4fd0-9cc8-e42d30ce2971,VISA,0fa64569-4fb9-4c45-98e5-0a613d86309f
24440f32-1667-4099-82db-cebe54090904,VISA,706d391c-8636-4e36-9112-992155e05b2b
408a1283-6ffd-4182-a0d0-6e730fbd1d65,MC,4697caaa-3312-4af0-bfb0-6f00fd45790f
b3ff1b8d-a2b1-4679-a78b-a9eb97e648f9,PayPal,70a23621-fa68-4345-b3fb-ba16b582e9c1
d029a4cb-9ef8-413c-a683-b4dc056facfd,MC,6f34c2cb-cf09-4693-ae35-30c586c7fd51
e3d3cb9a-f4fa-428f-b521-f2b2b09b87c2,VISA,ffdf5760-09c5-4ec9-befe-2d1d8787c21c
9ffb00d6-2ea8-4c0a-9540-6fba59286282,PayPal,66855805-f28e-4ce6-b2b0-139de30bbd6d
3e775c09-dc37-4be9-b601-1ebc3576afe0,VISA,48105d07-2691-45d1-83e2-d536a1f817db
61313412-9c0b-42d4-9843-e2ebffb86e5b,VISA,3e2dab72-253f-445d-aabf-87722e16f633
85045700-165d-4499-8058-e68f3844c99f,VISA,23093b18-bebf-459d-8bd5-6c05880d1b25
bc9b74c6-e585-458b-8808-dbba422b5629,MC,b518140a-deda-49f1-ae8c-5a47e7850edb
dbd157b5-e745-4c3a-b391-92fe51cbe001,MC,1cb08dee-1781-446b-9d28-a19306ea519a
94369328-cf92-42ed-89c0-5bc7f6da959d,MC,a93a20b0-19f4-41b2-bc50-e9e74d045999
bc01fe9f-a1fe-44b1-9071-6c7c906a2abb,AmEx,aff13ca3-b3a6-4404-a42f-2918dd1fb909
808bfb7f-37eb-4832-81dd-a61acec8ac53,VISA,715ee4d1-9d69-44b3-951e-2a2e95896803
080912db-9b08-4040-8357-2a3616810ab7,VISA,dcdee87f-66d5-4abf-9944-84b03be37d58
f7886a8b-d075-41cd-acaa-1e9f01daf7f3,MC,25327579-72c9-4501-a0b4-3a87eef33f6b
82e22192-91b7-4623-a32f-3a8222544a71,PayPal,55d30f9e-d1f9-4eb0-83b5-7da5088ee335
6b87d3a7-adba-48cd-9621-d8750ec417c9,MC,76c919c2-5ad1-4026-985d-718c5d610618
89438bbc-9c7d-4de6-b3de-bda3e4b16ef1,Discover,0205df84-260b-42b1-9ae6-64a69b2eea98
f2684e0d-d052-4f3b-828f-deaac87444a1,VISA,82321dc6-a67d-4005-a215-9133718274d3
cb79aad0-b82c-414f-94a4-245667baec07,VISA,c85964c5-a919-4379-a8e3-a267db75ec90
3e1b7ca7-1656-4a65-9d0b-d7c100f4f9e7,MC,cc05b2a1-e2f4-40af-939a-aa44fafe5223
48c375dc-acfe-49fe-8707-e924b500bffc,VISA,1478e3f9-e4bc-4225-976a-9d6b98877421
d1127636-0eda-400b-af88-8f836aaaeaea,PayPal,f9755bff-3c78-4dad-8650-a39219b9a67b
31766ae7-c623-4b1d-9f55-e73507eda49c,MC,ac188249-a231-4eec-95d8-3fa28b4e20f3
b207ea38-e2fa-4941-aef0-21512d223752,AmEx,ed26df52-15ab-4a40-b894-5b89fd6dbd81
95990e47-4fc7-4b3f-91b3-64f777c003c9,VISA,d1e30297-cee0-4bb7-8f64-292cb1df6a68
ad4a4ddb-1a0b-43b5-948b-16d3ca3104f4,VISA,7b0f47d8-6ee4-437b-9a66-ae0051937b43
0471491f-97ea-41e9-97d6-d6298c79467c,AmEx,b1882c78-270a-4600-a891-3520f1b8fc64
f078fd41-1b65-4a3e-b8eb-98182af4f130,VISA,b0312654-d7f2-4ad3-96d5-be08f988caec
177f4693-9623-4df4-b7a4-e0ec077121d3,AmEx,ad59ce83-1f12-4fc1-9ba7-d71175b1df5f
a7c0ce31-4625-46db-956b-af1dd3403307,VISA,bbdc464b-55de-4523-be42-4825b121d70d
82ec90d7-8dfe-49ec-b88c-a5b932b8fbe6,MC,304c392c-63b3-45b6-b23f-1d8345a3a2df
43c33180-4ab2-46c8-98ba-25ece9da8a44,VISA,d68bee4a-2ace-47d1-a82f-31d262248f3a
5c885de7-0f88-4981-ad4a-9fee2c335c20,VISA,b550a7b0-67e1-4a93-ae4e-6a33ea94b088
b575b3f9-6a78-4cc6-b8ec-ec6eea6d07f1,MC,7a427473-3475-4bc9-931d-524bc5e7233e
55c6a8ca-6954-404a-9ac5-1595b851d8c6,PayPal,211fc9fb-845c-46f3-a83b-a44e78b974b3
18b1a44d-76e8-44fe-a073-2064b3caab57,VISA,d581ab4a-bdd3-4e7e-8cdf-53165e55fc1f
5fc8cdd1-51c4-4875-b8f5-753fb3d59945,VISA,287005b5-1ccf-4ebb-8ad7-9ac9f6740289
bb257bd2-0a5e-4f23-8e48-a6e3a0225fd5,MC,888dd4fa-20be-483f-8bcc-ff29ef31c127
496b9dff-fdc0-4049-85de-681644888dd9,AmEx,8aa684bc-667c-4608-a769-9f1ff28c966d
de3cc209-1be0-4c68-a4b6-77a7f9137f2e,VISA,3bf2ad1b-f2be-4018-805b-a0b20d6058c9
f03d98e4-c4c2-43d2-be23-6d8b3b995e23,Discover,664c0c2d-1805-4bdc-8f0b-d56145d43257
97a58030-c675-4a3c-a557-a095f12572c4,Discover,f65ffa49-f371-452d-9507-d941870047d4
fe77cce3-2ac0-4476-9fc6-d186e08451de,PayPal,a792fe49-7bf5-4e0e-b0ea-acebeec24d63
6da8548f-938d-458f-9502-b0466c99deb7,Discover,be4a674b-a86f-4095-9509-d2cb03418022
de2f36be-0dd0-499b-9435-7847fa006b9c,VISA,551b05e4-7020-4da9-bce5-3b9441f3506c
a235bb7b-8be7-409b-a3dc-8107506b636f,PayPal,b4a84a04-e9de-47a6-9425-7d3267a17be2
45a8357a-24d4-4881-b401-6b2e3f9c5af5,Discover,554f7db7-0759-4f28-b8ac-7f2303d89bc9
c6e9c171-36ed-4d14-99d2-7128ab1d8659,Discover,53c1da56-a8ef-4f89-8a0c-50b9d92b3eb0
6541a341-c965-44ca-8761-22d6ce449f57,AmEx,1f7d737b-140b-4b3d-9c70-10cdfd310e05
dfd66278-676e-4e9b-a492-a558ff59d492,VISA,fc264e51-ce26-4a11-bb9d-e043bfb23eb3
875fd826-9bc6-4ee6-b3c8-2bfe4aeeda59,MC,7f1a0c4e-6dc3-4ca1-a4a0-e9be8e513717
7f5052d8-4650-4ae3-a67b-9da2c0e48f24,VISA,6aac2d62-5680-4d7c-82d6-fa0c796193b8
ecb70cfa-e78c-4f07-b3e4-077e625adbc3,VISA,fb500dd5-9ba0-44e1-932e-f0b57c534015
e9bf08a6-66c8-4438-b3a5-79092f0627b9,PayPal,f8fa09ef-5329-4a95-9d75-971ca732ec7f
96fe8282-0d7c-41b0-9978-8df59a2cd36c,MC,85398b25-3c98-4323-86f3-deaaeff5f706
22a66796-f35e-443b-857c-a4eaeb0488b1,MC,4f354c85-0b65-432b-a371-7bff4f809021
de0925d6-ffc8-4ae0-ad67-143bf6d7b8ca,PayPal,d60c022e-a9bc-4f67-975c-26c5835d50bc
788c977c-67d8-40d3-b27d-8c41af5cf330,AmEx,b732eb5d-1920-450b-ad9d-2e2840931e2b
8fd5356d-66cd-4f7a-8e45-fb6e3d579387,MC,992be8e2-387d-4db5-8234-4612a773f2ef
6dd50c21-a51b-4d22-8908-87c420db6dd5,AmEx,8d76bf68-0f5a-40d6-a885-8907f7f6398b
08b7136e-aec8-4637-ad33-fd886e3ff6ed,VISA,b1408641-4d59-403e-8777-ed910e238b29
331beb15-ff3b-4540-be0a-64ae3b61a6ff,VISA,c1354f6f-572f-41eb-bd86-eb012e91477b
5efcab00-9f4a-4760-9059-045b9b0e300d,VISA,536b7354-2733-4155-aec5-8fd4283ba295
73ca8b4d-3fc9-4a22-848e-264a77ff9247,VISA,3fec6d2a-eade-4862-b34f-7c316dd77aca
2c805853-e861-4b4d-98d3-31c4ada0bd3f,VISA,38e3a07f-d43b-4b4a-a898-ff74bce72cf4
3847363f-c9c2-4332-abaa-787b1f514870,MC,8bf10681-ae46-4f63-9a66-a2adec575713
7b74e487-b3d3-4ed5-b73b-e3886d5afaba,VISA,1697e79c-6474-42b5-b81c-6af13845822d
e83b99c0-05a1-40ad-a539-498c8c0a133f,AmEx,c1f27f04-d86e-400f-9e44-07e55ded9950
fc408bb2-b504-4f25-8016-e04716d53087,AmEx,677c072b-0639-442c-9eb5-c6edab2ab59c
e40d78bf-e9e6-4471-82bc-698d4cc1b63b,MC,90f5458d-2b5e-4ac5-8965-9e8dbf6a5ecc
b4ad5d08-30b1-4e2a-a778-59e8d54e90de,PayPal,690113a5-f1f3-4b43-ae0b-47573816d035
648d276b-568d-48a9-9976-147cc0e8c9bb,VISA,d8e6550a-a924-409e-bf94-aab73bcb90e2
d3636e77-f492-4e5b-bb2b-ed2dc967ad9c,Discover,99aca78d-1572-4def-9777-9b12fae616b5
9f656bb5-e4de-4c6b-bc9b-03c894a86397,VISA,f75f3b13-676b-4d09-994b-495e41068078
0c8ed970-479f-4480-bb73-9d7d7a4676a2,AmEx,64158434-5c4a-477f-9f20-2adecf1f8f53
73802578-02c7-4717-a310-a6d6655c6d2e,MC,506ff0e3-a5ab-43fb-94e8-1561322e4f51
7b0cade6-ed0b-4269-b9a7-3c2f61043665,MC,33909919-c413-446d-8ca7-a7c4d0aa30ac
f8b3a4ea-3466-4288-b775-2d70b2b8bff2,VISA,a0e709b1-77e2-48c4-856a-82bf02edca54
48272964-59a3-4151-ae36-9f7503838fa2,VISA,74ab02de-93a4-48ab-98c0-9d6877fd057f
0a1bae95-918c-4345-8222-2b9b223b4214,VISA,b0c95b28-a3a6-4932-a155-6521edd31a4d
d3e55d82-6642-40d2-918b-c5beb96db380,MC,fc99e495-958f-4101-a42d-38da8f46fe77
5ad8be5b-4c47-4ff4-9bff-34619fadb976,VISA,cc153607-b7c0-4466-a5d0-77d46085d005
44bdc037-1437-4e69-a985-1ede879c56cd,MC,b3fd58dc-87a4-47a8-a486-84a0497f3992
a3c0edfe-72ee-4ed6-8f5c-df58d176554d,MC,87ff9922-63bf-45c4-bb40-e19bcd075951
eec694bb-257e-4dc8-88af-64a6eb1ccf34,VISA,1f280458-264f-44e8-8269-cc29230bfa7e
f1a39588-13f4-4a70-bd78-a31e2602c780,VISA,1b52ef1b-b226-4813-a414-4b2c85392ca8
f36e5fb3-a79d-47fb-9d0d-b2d52ae006f6,AmEx,6f8d528a-ff12-4b77-8734-7402fd4537e2
4a9f6979-ef57-4d0d-abed-2894986ca7d4,VISA,7d5b5284-3659-40d6-9e35-72fe7eb04603
f42cea47-b328-46f1-8c25-d998bab8415c,VISA,497ef51f-85c5-4399-ad42-80bf85439d74
4425ba15-5250-48c2-87af-382b4d2b36a6,MC,2d5d2c92-0e06-442d-84ef-374d59e5c1b7
5e18d3b6-747f-4916-aed2-abde43788170,VISA,97305cda-f834-4be7-a352-f4be9d04554f
aea5dd0d-e60a-4f7b-b3e8-9b72aa799128,PayPal,1242063c-5400-4f7f-812f-ea9093238515
cb4d89a0-b0de-495c-a6e9-141d355b77e1,MC,3c1f9cda-96ac-4d14-907f-2e5dda439613
bbe9c895-cdfb-4cd7-be48-05503e70af96,Discover,6b8d9824-bd92-4a7e-a857-4dde506d4e9f
898ab36a-f2b4-4d3a-8045-9ce148fe0c45,AmEx,eb75d1e8-cf8e-44ef-a01d-cd77e04bec4a
8ceeabbd-2903-4fa0-b419-72bf86a5117c,Discover,6b3ad1f5-c708-4ae4-ba7b-83801d302173
9e43570d-20b3-4abc-8480-0480e6826f3b,VISA,e1c1bd45-bfd8-4d21-a75d-2c3d3e8c45ce
4c6ed605-65c1-47d4-9800-86755bb1c4c0,AmEx,a4c41479-7d7d-4de4-a21e-d2aea980a09f
4a3ba0b0-6f7f-42d4-9f0f-599269116bd6,VISA,b0972854-0a3b-46df-bd90-99ffcbad8ea3
600cb704-2032-41b7-afd0-6be73bbef13f,VISA,1bd9ec2e-2c85-4f68-9fae-c66164aa2d7a
2061624d-40c3-43d9-9b53-0ece5608eb2a,PayPal,bb4d248e-03ea-4927-bae1-16c98a92aa10
4e8115a0-16cf-4c3b-8fd3-2e99ae5f810f,VISA,78206dd6-706d-49a9-8d2e-b7c30064738a
f75053ac-6ba5-4b76-b666-dcb91c1e8beb,MC,4fe96dfc-1812-4f2e-b85a-d973c12bb305
f7a36ae7-650b-4d44-a487-7665a49c2760,VISA,43c5588a-f510-406b-a27b-88693b004f59
5e50623e-58fd-496d-9c98-f86988b07109,VISA,3b358f9c-4cce-4007-90f0-ffa04800b9e0
19d74620-d6f5-465c-b19f-1a7b8e2e6100,AmEx,d5ee4fbf-1ba6-4db5-a8b5-a5f68a0de6c8
c5b58c5f-ab2b-4fdf-8c6b-b7bde93169d6,VISA,9dad3a54-f115-45bd-90af-4d34188916b6
dbcb7e5c-a144-4e5d-86af-3ab93156f779,PayPal,211504e6-0448-4dfe-9d79-f936e9936d0f
795c1a2f-6580-44f5-b0f8-936457cf8e8d,MC,fe275c9a-a930-45fd-82f0-ff391bfb77d3
86b92b28-4680-46db-a21c-e1b24b5c353b,MC,f4077c7a-99ad-49e4-90b7-96d70e2a1398
dc47a229-741e-4e5d-a719-9e7f960fb59f,MC,625b27d5-0b37-4444-a59c-6568679f5e44
fb9f4bb4-842e-48d4-a9c7-e6e20d486be0,VISA,11074741-5423-4199-81b3-58b90ff7ac8c
571dd754-c707-40b7-80ba-41b318a3cb51,MC,ed776cca-70ff-47e0-8e27-f42b407194d2
23f4c883-b5df-4382-b86e-edc9a84320fb,VISA,8f28c6d9-98af-4e05-9ce3-8afe664e746b
45d8bd25-97ce-41f1-a358-0c763827a3aa,PayPal,f1ff4a74-32de-47fd-b3c1-c7f86b683c3d
91cd23db-1804-42cb-9948-fcc41aa8269e,AmEx,e276614b-f6f1-443d-afbb-66699ae42e46
1b8a8a3d-b824-455e-8d3c-5f9e0cee88a4,VISA,1ec421e4-c710-4c1a-9ffd-d387274ee043
99692bbf-7df8-4f98-a07e-b703ec358307,MC,20fdf3e3-6ecc-4b29-af76-28d430fac486
ebf8b734-db34-4908-8aef-694ff28a569e,MC,a3dd911a-35d4-4c32-b14c-11ef7c9e82e4
3e12fcf3-5fc8-4965-b972-c4f200078cb1,VISA,5ca525bc-f602-415b-9212-90df5c72da7f
ca49a28d-a981-45c0-b69a-5326d957f996,VISA,8ab213e9-f222-4f53-a229-fc5879d33f61
8fb66c75-af9c-4878-a6e7-570542323468,VISA,2bf3d2a4-0a23-4a39-8515-7cf8a7101547
e460b09c-d6f3-4a93-a30e-987f74233090,AmEx,689ecc13-a29f-496a-88cb-78b4532b4837
6ff01253-9568-46bd-9bca-8fac0d53a40e,AmEx,9e713de4-42ae-446a-b853-33fe9e11a000
65d6a71a-5270-451b-b8d6-bb54181fc4ca,PayPal,707edbf9-f11d-443d-abe3-8abf0e623e20
de24f7db-75e6-4f12-8e53-d9cb9b25b8ab,AmEx,274c83c2-b230-48bd-b1c8-5628906a550a
f4e6833c-5fd1-43a8-8803-07418baa87ef,PayPal,18878c1b-9c87-4134-b40a-4954d2aa98bb
ffea65bd-6813-47c7-94ed-f18cfb6f279f,MC,2f8340cf-e63b-437f-bb4f-3cf4f5567f26
5145e59e-48e5-422d-bd6e-b2bdb8faeac5,PayPal,4930ca0f-cb03-4483-bd6d-65d153f7f28c
f1c4e5bd-074b-437f-ad86-7cea613437e6,MC,6f49451d-3a71-4668-80b8-939c1a16f7e8
9669ada2-f766-4617-9dbb-18df0cb2c19a,AmEx,03d4753b-1554-4dba-b1e3-9b12ec410a5e
1c71838e-f77d-4a16-be0a-f47861c7e360,AmEx,f582973a-c8c7-423b-a1c0-2eccccbd5b46
bcfdf67f-49d8-4097-a5dd-96a911d80e59,AmEx,5eabbf37-dc9a-4e3a-b9e5-745f088a8251
5dc12f17-0311-43cd-8643-163a2c3dde58,PayPal,0e5b6f0a-65cb-4dbf-9c79-e21a4d575a1f
dbffaf99-89a5-492b-9d77-f01b43fe0c30,AmEx,82f92eee-390a-4006-a6eb-2a8d7fcfb2f5
97ba9c3c-8ff2-4cf0-b73b-004cf84513b9,AmEx,8f3e0151-5780-43f8-b0dc-2ef45cdbd481
c092814d-b590-40c2-ab8c-7766709148ff,MC,ed575dfd-f4f9-49d9-9940-9608cec9f0b6
d5b7d896-0f78-43a5-93b5-685b62ae0cc6,Discover,bb8ddcfa-93ec-4ade-bf88-9d35c0de5541
9246bf8c-d960-41f0-b883-313919a5df85,Discover,7becb5bb-37a1-4290-8211-56cff4646c07
96fc2a13-9aff-4eac-a1a3-a3cdeb1fac84,Discover,ea3b8f2e-7070-4b4b-9be5-9ca42820b0e1
8c32bc76-51f0-4a98-bb0c-675b0b42c39c,MC,87b46439-a0e7-4f21-8687-98fbe50e5f58
a85f2c56-1445-4739-9760-c4a770f9b3bd,Discover,b947de83-49b9-43a1-857d-d4b765c9ad5f
05f73320-52a0-4f29-b551-e3d3d813020a,VISA,8903ce9e-b5d8-4caf-85df-6993270768b8
0d8ba096-0047-4060-bc75-335d6cb817e5,Discover,5044b06a-e139-4a19-a5f5-624c20ea2cd4
e90121c7-29fa-494c-a522-b6f9088e826f,AmEx,de74c672-2ecd-499d-b95b-05450d31a740
70e3ad36-c36c-44c3-a3f6-36cdc8bad9b8,VISA,bf317439-0e5a-44db-b712-1ef316c474a7
902b0959-4b1a-426d-a52b-c0d13c03224b,MC,2106dc61-f7b2-4edd-b704-7308a1acdd0c
3d300eb1-4d5b-4e36-a415-5bd232d429f4,VISA,d158a7ef-94f8-4e19-a40a-b5c61817d208
7d5b2832-8e21-4891-920c-7cfb27e3dbc4,MC,76a499c9-5d9f-4a22-a22c-78595620706b
a4f1d4e5-792a-41b8-a67e-58eeb298287a,MC,0f158f68-daec-4f03-9388-7375fe96ba69
c09bcdd5-1221-4702-bcd6-d3c0b846eb48,MC,79e2eb4b-ec9a-46d0-80c4-0c504e5d50dd
11caeb74-2570-4f6b-bd63-c2543a7b017d,VISA,d32db667-a16e-4a53-8867-01f118b75ac3
d913a4ca-125e-40bf-8298-6eef6eaf05ce,PayPal,8e63872c-4528-4bc9-8d24-e5ec81d8fc5d
df356be7-2933-4a8a-98fb-7fcb925e4ad5,PayPal,ad7d0c91-094d-4b54-8f92-ae12f0c61844
c63c9282-02d2-4bde-be47-3e2c7ff68d75,MC,9bb88073-8850-4823-9350-93443103ae1e
559c241b-30d8-4748-8f8e-8bf6b314cbd1,VISA,ce5e8d02-09c3-4af1-8f4a-7c4a2406a2dd
22cfb58c-3de3-4036-8f41-16f3ebb70a03,MC,c53be5b6-53f7-4730-bf5b-87501df758e8
08599e65-4728-45ac-8f63-41f162e7a3ce,Discover,1b2790e2-8297-4cdc-bfbe-2f0248609abe
9d0f2a9a-7d8d-4b96-b528-781dcc303e01,MC,1450986c-b400-485b-bea0-9f643c627515
a5b38e36-e9dd-420e-aefd-5b3eb7c25d72,VISA,5bb28fe5-c10b-40f9-b19f-b86d1507fe00
9ecdd40e-d5dc-4410-853c-2c3051a4298a,PayPal,0741309b-0a8f-4fcf-a631-d2cb2df7f4d5
126797ad-42a8-4861-8179-26ffef6c94ee,MC,5a542637-8930-4f99-85c5-be2a4c91f4a0
bb0967e1-5279-46a8-a001-bd1e9ca049d6,MC,2836eeae-74b5-4dea-8a38-4667e2928db2
e481869a-1557-4e4b-b646-02e8358517f5,PayPal,d0ccccaa-b843-4998-8b2d-6553b7bd93dc
1b7a939c-ba84-4981-baa1-fa4cb35e6bbc,VISA,7d5becc6-343e-4634-b4e4-0fc5d7e4de88
c4bd38cc-3530-4ffe-9957-27415b6cc66f,Discover,b2dd1e16-f7cd-4818-835b-094c89302831
8ebe2bfa-8ec2-487c-8dfd-dc30e9ea0ff7,MC,d6726cce-bdf3-4ed5-93be-c35f40794d13
44b45948-1afb-4706-933c-8aa0b73ae425,MC,747a23a0-e001-4594-a3bf-3618c332e7ea
60e6616a-daa4-450a-93e3-960965459dab,Discover,2d548ccd-2089-4fdf-9652-cc94e1fa7447
7f0892b3-6e6d-4ef5-b44e-1029ef4e21cf,AmEx,ccff083f-d84d-4513-93dc-7e86a797dbbb
52e6f455-5471-4278-ad04-8331886a94e9,VISA,0212021e-ae94-44b9-b8b2-d38ce049913e
e9a47ef5-f781-47d7-84d5-2d4165bbe294,VISA,c72784af-2787-4fe4-8dc7-e86b68199717
3e64838c-9227-4338-b045-99a098c0714a,PayPal,61250a27-f011-4919-9370-a1445feecc82
6c1e9b3a-076e-4d27-b21c-672a1bba3e37,AmEx,73a8c58e-518f-4be5-9c82-d87eb23267f7
77a2b517-a759-4bcd-b380-17c3778cdbba,MC,95a14107-f306-4974-bd07-1801b21c6967
40816657-fdca-40e1-ae2c-72c425706c26,VISA,7fd210a9-8110-4a7e-81ba-a60122463acb
54322865-167d-44fb-904d-76d074d77c15,VISA,7af89f58-00bb-47d6-b980-cf37e6007ce9
4240f832-d5de-431a-b471-9ff51e17032d,Discover,12de6049-3709-433f-b4c7-9333c52361cb
fa8a7853-3483-4803-95fc-96d337e45cf7,AmEx,3b98052b-ea3b-40d8-8fea-f869b487db8a
2e9d77a9-a3af-4d59-8431-ab6aa9a13deb,MC,baa60141-72a5-4013-8cf4-c4a87e7ee17f
17b63172-30bf-42e4-96f3-a7b4f25b5ba7,MC,b607638c-5911-48ef-8608-6e04f8f36956
656c26f5-0243-475a-ab26-123a3b172704,AmEx,c7e19d68-ab9e-4cf0-81f6-4a7ed4243570
e996cfbe-ab1d-4499-9f53-00a66ef50804,AmEx,070b732e-8d67-4828-a1c7-602b111632fc
0bec978b-97ed-4966-aaa5-59c1013d4bb9,VISA,1de2b3ca-4ad0-4b7b-8692-8da655a11411
594b5b51-15c9-486c-8538-30f81f0fda7e,Discover,7685d673-524f-40ae-a77d-65b04601babd
b4d70c78-1fe0-4c46-a932-78bef4c6c700,VISA,5273da38-245e-47e1-ab21-3a7f3f014762
588cb77b-20c3-4578-87fe-1fc70e1954f2,VISA,449527b7-7f22-43b6-a3e2-c10037dedfe9
da41aef6-9163-42c4-bb1d-40206d95d9d9,PayPal,2e652472-92eb-412a-9d60-8a2416c37dbe
49c2ec40-7387-45c3-af66-1fc4352e329d,VISA,53d5c16c-fade-43b3-ada8-721461d64b43
00160809-214f-4877-b438-c9f2d60ead97,Discover,96ee4401-dba4-4981-ae34-4779eb19c5ed
cc4b2e16-ab92-4f5f-8a99-ba186691be60,VISA,4ff27b19-675e-428f-969b-77a08ae3305b
4233133e-e873-4064-b70f-f60d84c2cacf,AmEx,830554f4-679c-4f83-b4d5-efad117467b6
ae77a989-be9b-4de3-b1f9-898cd8f8f44c,Discover,2d92b92e-e8cb-4e2b-b1f8-3f6fcebc08f0
e1ff0b54-c88e-4688-9e2e-8c720d4c6663,VISA,1f445b5c-ebf8-426a-8d0f-3cc7c0e7abaa
eec7313c-9df0-4b8e-bed6-5cc4fd075d2c,VISA,f4ac66af-a5fe-46da-8f3e-e674af459848
d15771d3-375b-465f-b648-5a32727168c6,AmEx,d774b009-d46f-4f86-a860-ec7b4d1aa80a
90708e4a-7c39-452f-b386-1ac4663282a0,MC,ab1ae49e-a1bb-4ce5-aada-239771f4653d
f72babec-096a-45d6-b157-53ecb509a939,VISA,dfe13d66-5b41-4020-b2c7-1689c434ccec
fff7ca9f-9f94-4de5-b96a-25d24968b5d3,VISA,5af11861-d171-4590-b04a-abe32c3c1205
98d150fb-7498-45a0-8e53-78f037e708a0,VISA,1934711a-87e6-45ef-a67a-af528e53ec80
149b3e2e-ac9c-4c2a-85df-53aefe650535,VISA,4e8d346e-6d67-4b3a-b4ec-b0565bcaae77
824c74d4-20fe-44ce-88fb-d6ab99700c1f,VISA,0adb97da-936d-4c9b-b684-3eb3ed5c82d8
8646e063-481c-46af-a8dc-369faed6ddb4,MC,47b20be4-43ab-479f-91f9-ec0e943bf991
ea6abc71-bdc1-49d0-90c5-a4512f225b70,MC,02b15ae2-0564-456b-8cde-e03ecb01f529
59b0b510-ad88-4a26-928d-9a86b4201480,AmEx,c52ba5e7-73ec-4137-a399-0407e89b5893
56ff88c8-0ee3-45fa-b18f-9f4f3e996367,PayPal,3b4d52ae-9e10-4d78-8f4d-0be04a9ba960
a8ec7d93-c4c8-49b0-8a83-9b700f6c9c5f,VISA,ce454c42-874d-41a8-941b-80239279970c
0ff8153c-0872-4614-b51b-03ca35885ee9,VISA,f30a9ba9-657d-46b2-a429-9c6ed7d8e920
9ab42294-bc49-4be7-a70e-8128dc226f0a,AmEx,5895b93d-272b-495a-be78-cf3b4296b85f
fcb5b98e-2c9c-4f93-a9fe-8cd4f1bda214,AmEx,760b8faa-c054-4814-a8c8-326d75512973
363fd58d-4629-42a1-980d-cd34001a1181,VISA,292ce41f-5fe1-4520-bb22-62f560af6d15
d20d61e6-1bc7-4218-869a-5c39788cee7f,MC,9a860fbd-3784-49d3-adea-0abd99ec7510
75bac26b-6257-4a34-bd22-7d82d9193e39,VISA,7ac34e70-84ae-497f-98a1-a4a144877c8c
5caff812-362c-4181-92a8-376d4d6d6bda,Discover,ca887a78-55f0-4680-8088-c3ef58dac789
54c4e452-adcb-4194-8776-83a47499bb8b,VISA,862fd63d-c933-4a4c-9550-5a8e8457fc5d
31f3090f-1cea-4e15-a29e-a3d9ca928bff,AmEx,4fa255b7-0134-4707-986e-ee548e81e80a
e9482267-14ce-4099-a99f-b56ebf66120c,AmEx,09c5b507-55d0-4920-b3ea-26b6bc5a87d2
a6c2fb8a-8007-48a5-935e-fe71d98880b1,MC,8b9e735a-2a88-4e9c-96f7-55480975e42b
d0b51df9-16f0-410d-9528-359959ee870a,MC,c521ab10-1cdc-449e-85ed-9df537f75d31
01cb29b8-41b2-4309-83c7-3667acd75acf,MC,2f43b291-d108-4ee0-8b48-3bedac723e19
9d5827bd-2ec4-42b2-ac40-d7650248689a,VISA,666f860b-9138-4d7f-af5f-4d56e59f3659
8d369852-ff7b-46ea-8d82-da049aa862e8,Discover,2eb0e6f6-99a1-43c1-9d9e-5fbcc8456671
ff2cd042-add3-4891-bd52-b4ad46e6f450,VISA,b7c4f203-d9c6-4930-ab83-0580162ae8ce
7188f1c4-f999-4bd1-be70-232a7d334819,MC,4c3aa0cf-fecd-489c-b360-e1f86fd353fd
3b4d5f13-e95c-4e6d-9785-652d8fb3560b,MC,7da64b11-04f7-4f96-8f8c-3954a7be00c1
ac7c5750-7586-465e-b773-9cc2c1365cbf,VISA,4ddff806-c196-4808-a31b-98c70e06b10b
b60ba8e6-69a1-407e-b28e-7a271b7e3ae9,VISA,197f645f-8241-41ee-8167-3e3f934d72c4
5bfde623-801e-4e0f-b66f-2f49ea09da01,MC,c9c74700-bd9e-429b-b31d-2185651c4b48
2fb5114c-461f-4dae-92d4-d08dd462d377,VISA,cba5315f-0069-42e1-b6c8-70aa52a7e9e3
66713e6e-b874-4f6b-a474-ef933c1394ba,VISA,f39df45f-b004-488c-a171-d6ae50dcb474
03ad40f4-4fde-44fe-ba8a-582c7743dc56,AmEx,3d1272e8-21a0-44ab-b63d-0b153864fabf
2aff00c0-2253-4f47-aae8-8b49e7bee014,VISA,726d7a69-870e-4f37-b167-dd9c603c5879
29b430cd-08d1-4186-9a7c-97221906ecea,AmEx,c5396486-b39f-4d53-810a-e6905e6a2e2d
3807c385-a6c4-4b6e-a63e-814123e21e99,MC,801f4a8f-7b3b-42aa-8a1c-13376a51367b
47ff3257-00c4-4011-ad54-849660ed1e6d,VISA,16e6ae28-15fe-487a-be93-51cc43817b79
173d117b-2def-46e4-bc41-79142d1a0746,VISA,0344113a-68e6-44ed-bdb7-a6a4609e0626
7a15c7ed-cbc0-4acc-85c5-bcc7776043c8,VISA,0662e427-1bf9-4ff0-a221-7a5479959ae6
7ec11002-2744-4ef9-8341-c11b288e1bc0,VISA,ad250eb8-d485-4b0f-9fa0-692824ec0398
30c22729-8c47-4adc-af4e-b6d61378f9f7,Discover,022199a2-c67b-4c6f-be77-216f4fd1c320
65b19935-3543-462a-bcdb-0151aa4f7e70,MC,6805d246-b47d-42c7-a0e0-36038f1b054c
23d24107-1911-4e66-a587-69de32f79cc0,MC,44c93464-6dc6-472c-a7d3-009caa4d01e2
8bb9f0ad-6b2c-4e33-bfb3-14fe6a725e13,PayPal,d0b4c48c-81dd-44d0-9294-fd29afa932f4
fc26a277-6823-4143-ac7e-b7fc7dedb7c9,VISA,b3be33b5-24e5-470a-b7b8-c87cd77f3872
b3b8955d-74fe-42d7-9028-b68587d62d67,AmEx,e20cde6b-c53c-4b75-8b26-7d83e030268d
c22aa8e5-ee11-403e-8f60-f10a32a6e085,PayPal,43cf4496-5d3c-42be-a6b9-d9458b2a099f
80e4a218-b0c4-44d4-b5d9-a2a1fcf4d53f,PayPal,7c320849-e52f-49c9-bc8a-573ccaa34839
25b10ddd-c653-427a-90d1-e56f33567587,AmEx,430f954c-6a09-4594-8bcb-cf2cd980f201
ebf2e955-99df-4e99-8d29-3b7773e6f8dd,Discover,3aaf41f8-1284-4d74-9924-85ceeb32f7ad
a8184a0b-50b1-4ae0-ad95-236bcad67bcb,PayPal,d490fe74-0a1b-4973-a4f4-113b9aec2b03
99616d10-1846-4d6b-a3ba-8826d4b0c936,MC,83ace559-c948-400d-8e37-d7cf135e2eec
45c25418-078c-42ad-9130-90e4744de776,VISA,f969477b-d4d8-43d9-936a-5e7afa8aeb42
d4526803-ada5-438a-825f-cfdafe24d314,VISA,7af1796d-9e5f-4133-aa0e-3750fdbef7dc
f0648fa1-a00b-486e-b85d-0fe9f5eb7b88,MC,a00b15be-6484-4b4a-bf78-0be61b923557
ef57b4d3-ddee-45fd-8555-0da2aa3be5dc,VISA,9155bc40-737f-4cd0-87b9-45f30da1a0a9
98e4e1c0-5f02-4f97-bd2a-93894e2d7e81,PayPal,206aa8d8-92ab-4711-967b-3e138e6edecb
88a3587e-5d45-4195-adf2-ff975bc389a8,PayPal,cdb31482-9772-462c-9927-20a3519e8380
0dc0f994-1a51-4ca3-9a88-d973c8602667,Discover,368b9ee5-9a55-488f-b379-3b55d71c6217
905b666c-5561-4656-9782-b94e24df76d5,AmEx,d3a354e7-1f9e-46f9-a44c-5f0a83bd70e3
feefbe16-1f4f-4131-9ec8-6e58b1f029cd,PayPal,6d00541e-9994-444e-8616-04dc3cf03e68
992a1ff6-0de5-47cb-a435-57be302b5d84,MC,812c7689-4353-4eae-8cff-0e8cd3b9e1fe
788fefcc-5618-4d4d-a633-75a0e95e638a,MC,c13ee1f5-121b-4b8f-9156-2bd0c2a57fd4
a8faee91-a049-4fca-8086-4d3e1caebd40,Discover,602d184e-69c8-4aab-9065-5ba096cf9049
9978d192-340f-4bdc-b1b0-19f9f91a9657,AmEx,67c6f3e8-99c3-4c74-a0a2-db911de50a4b
6f73064a-d07b-4908-8661-d4cc5c04b398,VISA,356c2139-c77f-40e8-8061-dbe1a46a9ac1
7186b672-e74a-4452-b44a-29944987e0ba,VISA,f9207135-9ca8-4793-923c-76634054d7ed
5047a93f-cb5c-43ae-a5f8-dcab241104a3,VISA,5f464c8b-96cb-4455-a2b3-5a5df06dc615
4f9b810f-f340-459f-9a05-cd8d597a5ca3,MC,5717e2c0-599b-4444-bb18-47805d5fc150
02b4c6c6-9489-4dbe-b510-0922981d975f,MC,b5c317b5-d9b1-4c9d-9b03-df26b0a0697d
67735fdc-161d-45d3-88a9-4eae98d9458d,Discover,a9def32d-7078-49ef-ae5e-10d3fd5ca3ef
c9ae2f3e-e5e7-4c30-8be5-6d347b27a21b,MC,bee0b555-2103-4ba4-b491-62832d33539f
cdf5665a-35d1-4188-81f2-90d00117be97,AmEx,4a23667b-1246-4c6e-808b-ec94c16e0650
eb54c250-7d33-42e8-b98f-11faf3e68e9b,VISA,2e55f6a0-51b9-42d5-900b-e3c44a4ee8d6
35c6b242-4097-4b2d-b373-63373a592df9,VISA,2e0937a3-b362-40e3-9c58-cb40c5371240
be1840db-332a-42f7-ac9e-e9d45f47d2b0,MC,8240fbbf-bfa9-4b94-9592-039773fe31c3
a7d1a45e-37d7-4f46-beac-a377571e38f2,Discover,167d8989-dbb5-4bf1-8b06-9d0f1b1649ce
5bc0c294-4fd4-4065-b27e-a2340c00b048,PayPal,364a9a8b-d8ed-4f48-93c7-a93e05e78224
ddab7930-7b65-46c8-a281-01b32a4628c3,PayPal,0810933a-f785-4077-b7b4-ac5e4940ee5e
8193411f-e30b-4ae6-a19b-fa736b5e9fad,MC,023f4797-314d-4fd4-98e2-28106be2e4a2
34872eb6-3b47-4594-b550-f8fc3adb2d10,VISA,f9da1aaa-adb8-4e12-84fa-ba0f5fa87841
3e7f5cc4-83fa-463b-b74b-c241f7c145a9,AmEx,9622b480-92d7-413c-a1a7-f1d5626e69cb
d4bf834e-2be7-431e-91ee-bdfa04e4be05,Discover,e75b6647-c7fd-43e2-968a-30937ade69ae
4fb046a4-8991-452e-be64-027873f4a30c,VISA,b1c3bdff-2b1f-486c-8abd-7837ac215108
b6c1d049-2118-4d24-88e3-7a65690f42e4,VISA,06bde277-2f13-475c-a8a5-fe8699d46656
d5320a98-55ec-4cf3-9d4b-52d03159bc47,MC,c660d4e5-8a56-4f89-a96e-b48169689373
5e28c370-53aa-43c6-af31-12db1d629673,VISA,4447854a-2f0c-453a-94f6-26f5ad877b1f
fe8f4c77-1b77-4486-9685-1b7ab8eab9e3,AmEx,37130ab3-c01a-457f-bd67-1d0a49629bda
727e1131-6ff9-4919-94b1-1cf1036e8a88,Discover,0758acbb-7cfa-4144-9e82-5c8f8fc28f8d
64b58fde-3df9-4c98-9d96-91d9f90ffd73,MC,f5ffd57f-0f8b-4279-aad7-d48664605a6f
30a05cf5-1b58-4f1c-b030-3fc38b8b0bbb,Discover,549dd608-7655-4240-907a-c38779d0f1f6
004dae91-b5e8-4e6e-a0fb-ea796069b645,PayPal,f53bddb3-258b-4309-9f0f-79563451599e
8597a084-ef35-41fd-8d44-638a890ed5e0,Discover,07ad4b5b-c72a-418b-8482-c5d531d7ccaa
6b2f42b1-32da-4c9e-bfa6-7d086e5eee71,VISA,23466d87-f54f-4c51-83ac-b346d415da44
eefc26fe-98c7-4b21-ac00-49bcb8cf5974,VISA,aea38370-4f7e-4cf2-b533-5e7396af597f
ffcabc42-0a57-4f71-98b9-c059d786b251,Discover,87841ee1-2d19-40d4-a5bc-21015292724b
008b512f-176f-4588-a2e1-48ec656837d5,MC,aa0fce23-a853-4ebf-b070-fb2bfe33688b
4266384c-08ca-446a-976c-c0a14590e9fb,VISA,2ba7c223-2aed-4499-bccc-fd2718ae13d7
2e2e3c89-278d-42a5-8b9e-9f3dda37db11,MC,6bb5b202-45b7-47cf-ac09-467716c3ede0
09ddc374-ca56-4bc8-8bba-ee29a67817c1,VISA,a0997813-89ce-41d2-b088-aca1037aa16e
546e84fc-8b8f-4390-982f-3117449834a3,AmEx,d3973d78-cc6b-4ce5-8b5d-de4558467695
e67b9324-a324-4a13-bcae-a2853ade35cf,AmEx,153be503-86c5-48ec-a6e1-4b286cce7b51
29b3d795-639c-49e3-a377-85fb876c3104,AmEx,d7492368-e9ae-467f-8aaf-33611c2da042
e5f18b12-baab-4efb-84cd-b9baf033b7a3,PayPal,4d471975-91b1-42cf-aad3-26535e14d9d5
620e2941-bc3a-46f7-91ee-7962555ac9f1,VISA,939f19ca-c581-44cb-8670-f9f4db3c956b
cf6d2d92-0732-4fc9-b7fe-0f91820af803,VISA,d6d1b66f-9271-4531-a3a4-290d42f8bee9
e7d37d7e-1e40-457e-815b-86a72d92665e,MC,1c7807c9-6eb5-4548-b251-a2ec3e67ad48
83f466d9-5faf-48d2-94c6-a13bc75408b6,VISA,3c8993a7-199c-46e5-87f2-3c9aa1e2b327
d7109525-6e87-4a01-81ba-06009ebef452,Discover,db64774f-b3ed-4d9a-a5ee-f43c1d2a10ff
2421928c-6878-41e9-a45f-c4f8c97f8de2,VISA,2572dbc3-3c6a-4b3f-96de-21634c8a6c0d
0692d5b0-3c54-45f3-94e3-d5e44043544c,VISA,0ac9310a-a370-46fa-9218-5238f5ff0da1
63c67912-f146-47c9-80ca-a02432e350d3,Discover,eb73e471-2a11-4b4f-8934-1bcc547ccf43
aa6e272b-d79f-4630-a6ff-2bf888dd951f,Discover,c9b30494-dd88-44e9-b3f7-d56005542334
bc43447c-4f0e-4b51-b0e6-f0710cce95be,VISA,849ee06b-40ce-47b1-a3c7-dd33c442a695
2bdf0297-5b99-4223-94de-b6f270c50b0e,VISA,00334db9-794d-4e1c-a408-fe8b276863c7
c15bbec0-1ec1-484b-bfa6-094dac3a5076,Discover,561af8c6-8086-4734-8898-6cc8be5fdfca
b8174af2-d327-4dd6-95e6-2acdd052f095,VISA,b74fcd33-a69d-4075-b5d4-5cae175c416b
ef45de52-6847-4705-b6fa-961364fde152,VISA,02fa41b1-519a-4683-8600-093fcfa6329f
501f5fbf-da6b-4121-92d1-b3ee08215b10,PayPal,6adcc458-254d-4735-922a-d6be25d03c4f
6deb96b3-f13e-4b85-9c94-11173a118c19,AmEx,4d30ec6c-a1a2-47aa-b1b6-b7557acfecad
36ec5e79-e149-44da-9e42-85fc9398e237,VISA,459e5a53-999a-4504-b168-a959a5a14d8c
3aa7af85-e3d9-4b62-a9dc-43dbb4829045,MC,da1a4ca6-ab4f-475d-9917-a550909f4dd4
868cce66-740d-4569-9a29-b8a8b1642056,VISA,eec6ef7c-ea5e-4977-a854-28a982b221fc
8b1399f7-9512-4551-9d7e-e2aa3b6dbef1,VISA,c99906df-a488-43bf-85b7-637122347f37
024f6457-219f-4e40-b262-3ead72dd55e1,MC,f0dfb53d-1f33-4c82-a67c-a3e2b7bfba85
78fa1270-4564-4c8f-8244-7996b68b95ff,Discover,2da02f38-711e-444f-b486-86f3f4dcd78e
d87e8671-1146-49bb-8015-c410f40f2a8a,VISA,bbf604af-bbbd-480d-9401-b77b897d3660
dc0f5827-0622-4581-9fa0-38c90f8a9dc3,MC,118add05-a4c3-4994-a70a-b44421982628
30244592-1b0c-499d-a6f1-5ad2cc3b808f,AmEx,f41f268f-64a0-4e37-95c0-cb59c73e6ca8
3edc7d14-ef34-4523-8e2e-532ef933aed7,MC,2af56ce1-636f-454e-9484-68b00493fa17
0fd43d6f-63b6-43d9-96af-fe5a8bed7dcc,AmEx,544072d9-1464-4c39-886f-3f4d2d0b321b
53d8d7ac-003c-4343-a057-9283e544d0c1,MC,22bd1807-263b-4422-ba1b-ed6a26cc5f5b
7828de69-81f3-4100-8978-69b2d95ddbfb,PayPal,f8d5231c-9c47-4eb5-952b-7c13c3041375
bd345cff-aa4f-4074-89c3-690f17d84196,AmEx,4f740ced-f2f9-4e06-897e-d1992133e5ac
36c65487-b4e8-4b12-8577-27fc45602d0d,VISA,0a26f82d-8643-4ade-8979-a9521d6fa470
838284cc-5a6b-47b2-8ab4-17407f0023fe,MC,b260e204-d2c0-45da-aacf-2a88fc093d66
bdb21c03-fa11-4c63-8bd5-0c21cf5ef88d,PayPal,68019468-fd8f-414d-a1ee-04636314467e
a76a02ab-3501-4540-a6f3-cd3dac7e520c,AmEx,45ccdcae-9c4e-4c9e-9b0c-6c4f3f421938
a7fa24fe-5e70-419f-ae81-ca6980ab33cd,AmEx,47fdca3e-df29-4fdf-8097-7aa07699d6ac
e0a2c637-ba84-4852-b12f-f17163c88181,MC,8d26c8fc-7371-4d6e-b436-02a9aba4a4b4
054a02d7-edeb-4c5a-b863-e50f4d6f8d39,VISA,0f2a206e-7fe7-4bee-80a4-aa4450537ce8
f77c2b4a-bf27-47fa-96b4-abe8ee0fdbca,PayPal,c59ee84d-3d4d-43fa-a25e-01bb89eabed9
6ab237d3-a7d4-45f9-936e-283a4501fa3a,VISA,bc9ba894-4f18-4c13-bb66-3e2f3fd86804
66112282-e3a5-4dd2-953b-4ab5b36d4608,Discover,e5e99c53-4a8c-410c-b004-440a5cb8e861
a2c2e5aa-dc64-4318-bab2-07775aed45be,MC,7702be22-0ce3-4e78-ad90-72b3ea668351
0749eef7-b025-461b-94f4-ddce69472974,AmEx,0ce58a03-9bb8-4ce5-b08b-1ee650fb6799
ffa87e62-d0e7-4642-83c6-9290fb015abd,AmEx,d130a191-d0a3-4dc9-a20a-904241b27922
301bb1d7-7d59-464e-bb9f-c869a5be0f5c,MC,9e923728-d5c1-422f-b3da-42bb2f8638c4
6ef90f8d-5ec0-4bd4-9f24-8fe3e69661a9,VISA,f161f6e6-930b-472a-9326-f841b159a648
a71d6b67-2041-4fd2-9aac-f1ae2134ca08,Discover,bd29edeb-621f-451c-86cc-909e183dc2c0
a28d7019-d9d1-4920-abd3-065f7f42da79,VISA,f3d4a178-ff51-4e69-9f6b-a9fc47d7f61b
1a7d3c70-770a-4b0d-b431-23e714cece93,Discover,7f72f043-726e-4d26-8676-c56b4008dfa7
47b45c33-8c09-4168-ad5f-8b88331ee1ae,MC,4f2d4d1c-b396-47a1-9ae9-7df219a47584
4853c956-6cd7-4918-a4ae-d5c596e35e1a,PayPal,b94de019-cb77-4d8a-9f18-4bf779406916
848c8050-25f5-4f44-bb20-25c32df1741a,MC,8fb41c2a-b1a1-4b6f-b2c9-5875091c6987
80effd6d-7f18-4915-af12-42b712857326,VISA,33e2089a-b484-4696-b7c4-60a409f0f8a4
23ca58db-4708-4eee-9e59-64670858c784,VISA,4ad91c7c-8ef8-4077-adc2-60af284d68fe
fad76f16-4347-43dd-8fb6-62cdb185cfd9,VISA,9d822c04-3d32-4512-bada-11ab4a572da6
a7a1d463-da9a-47ec-8f26-06f856a4ef26,VISA,5b864f86-90da-49cb-9e05-48bc68e537da
06628a9a-dd49-40ba-a8bc-a0d53c225953,AmEx,b937cccf-eaa7-41ce-9904-e8418a3c8301
72fafac8-909e-4652-8c5d-d83762e63610,Discover,fb14db7d-7cbe-4c6c-b238-dc45d66f506b
34e6dd78-171e-460b-bfe3-8287de5d34bf,VISA,63d63ef1-dfed-4da9-8b20-202ac53035de
3d9c66f8-510c-4199-b5e4-9e09163e1ac0,AmEx,36b464ce-796d-4387-8963-fd22c7cc61de
914d78db-582a-4be7-b096-f768273abeb1,VISA,b047b3d1-e265-42ae-ad8e-e46aba405ff7
d6b24619-713e-4b1a-832d-377f17d07ecf,MC,5f1158e3-411a-4a28-900d-4d6ca78724bb
aff350e0-713e-4a58-9697-97b225297ec9,Discover,e5661764-e1af-4bbe-b52f-96e5cbe4f1d5
25b09687-b59e-4ed6-85af-baaaedf1e680,MC,c477c51c-d7b7-4e23-b9ab-1bec0fe207bd
ee2bc3c1-9793-4d9d-8256-27ffc710dc3a,VISA,bb236dc6-4f38-4b15-9fad-ddd2abc2f342
5c4b9f63-ab1b-4f09-961a-8257ead28036,VISA,943eda2f-4884-43a4-b1d6-59aa7ef51ee0
3458871c-9381-458a-a1df-ef8b5f1416b6,MC,d6efca8e-da44-4690-bebf-66d4c5bd20a4
ce7747e9-e415-4261-9660-a07095197a50,PayPal,9499d13d-16ff-4030-b9b8-466e293e0158
bfa1eb78-ded3-474f-b686-374bf5f17ba2,VISA,7d85ba17-dac9-45cc-9134-6edc80378e07
7939929b-13a8-4f03-81fb-85250a4555e0,MC,ef4c420f-e28e-429c-bb9a-28076df58548
91901d14-022f-4ccf-ae29-8145627d2fcc,MC,03a276ab-75b3-40a4-aba4-aa28d6173b3b
a894fdc2-05a8-4a21-89bb-3e212510f6fe,VISA,4d0f3c44-cf01-4a03-a4bf-7991a0be5a4e
211040c9-5e8a-4799-9c73-a722f71f6127,AmEx,97641b05-4e36-4ccf-b748-bed96bf31c24
3c5d424e-ff19-4308-b860-657dd352c1dc,MC,87b7a27b-5b51-4837-865c-a845c5e27047
50c68f37-5f8b-4616-80af-0a4371f5b786,MC,28a81efc-6843-4396-a3e3-b0f82f3989f4
912952a1-cc21-48a7-9d54-339f16a3c4b0,AmEx,09e5fd82-2a5b-445a-88db-770d67cc32f2
809658be-4e9c-4987-b10b-0336499c3b76,MC,a0681ee7-e10d-4c85-85b0-6cd071e4523f
60f447f9-a587-403c-9aa8-1712e609f26d,MC,01c92504-3d55-4cb8-ae31-8759c7d96838
d7991416-1906-4783-ba69-cb16bdfcb654,MC,549d460d-e944-4ac6-ba28-ed89ef4e5560
a922b900-2890-4325-91e7-a801d22a61b5,Discover,5e28f867-e573-431a-93e5-a7f068d7d377
10c21da1-0e61-44e3-8282-cf9e19009737,VISA,49417462-a15a-4a88-b998-e6ca908651a6
26efae0a-564c-494b-86c5-0521c615fe5d,Discover,5fd990b9-1058-4236-a755-7e97471d7ab7
7e6bdeec-5cfe-481a-918e-67134de7cb5c,MC,8337cef0-594e-40ce-b4e8-3a3135493fc3
ae774202-603b-4a2b-9ba3-be685e45c767,Discover,43915cb3-411a-4fb9-bb12-fe37e952dbe7
de127e9f-c4e7-4569-a916-2b915a57be45,MC,579569f5-d7e4-4f2e-914f-4b460794ca16
6149a004-12f7-4169-9f16-e2670b930f27,VISA,3385aa69-92a0-40e5-a554-a78685eeaf09
bb82dfb3-a11a-4421-9310-230a45e2d82f,VISA,e3d4e13c-552a-4130-983c-04b703b7392e
b78b19cb-f249-4dac-b97b-86de76250289,MC,bb5cddce-5ef6-4705-8e9f-ce9670dedd35
5fdcb917-4355-4399-85df-9c9fb35608f4,VISA,7c8af94e-fc54-421b-8bee-33d95c916b11
5a4b2d2d-d562-468f-b3a9-994a960a8655,MC,abce2e3a-f54a-4c66-9d7d-d6d17f95c88b
1b474a42-e108-4a0f-a062-f3578f84e582,AmEx,138eae39-746b-485a-9d69-05cffcde149b
7d0b6a95-b096-41e9-941c-468368fef6ba,VISA,3106aca9-e45f-4bbb-b738-b9b118d899c1
43d5bc5a-3a83-4f85-8a9d-231cc0c2e3d4,VISA,5dc12f6d-c9c0-4649-9908-8d62de110a3a
0e383a79-ba8f-40dd-bb13-3080dab7572d,MC,0cfb7c26-428a-4f58-a177-284c5d158e7f
fd23806f-f81b-4b04-a155-d122e981338c,VISA,73d942bc-b80e-4504-ba58-63244ef0124f
59eeb219-8fd7-4f11-860e-2244fdfc1a6e,VISA,f3a69af9-9222-4570-b39f-105676aa920e
f6f938d5-7f38-4ad6-9dde-d7e7c80c7ec4,AmEx,db7a05c0-c48c-4326-9cba-fa807b962a0d
24c5c021-d114-44be-b2d2-21c01b1efc82,AmEx,b17598fd-60b5-43e0-b0e7-6c61cddf9655
f52833af-2b53-467a-bff3-61fe79eecdd0,MC,9be6d92e-e019-4af1-8b72-0d1c58fcc5e1
d29bae39-3e9e-4808-98b8-507921119fa3,MC,2e92a408-3f33-4fec-97da-be04f278ac0f
7bd5dd67-30a1-47b7-8a43-dc0ffad353ad,MC,5af885ad-7b73-405d-bdf2-9ad152d2241a
26267e8b-eacc-4e88-afc3-9215ede0149b,VISA,b8653158-e366-4768-b108-977447505744
33a34e7e-5f48-4c48-a26c-b344da647032,VISA,d24e7d5b-2f2e-4c8c-88e3-7b3954d18e25
b1949342-0b58-44af-b562-717f6bdb7b9e,PayPal,8634fb81-ee38-48fb-9529-ae2885bb04bc
189ce35c-4e11-4c5b-876f-969078b99796,AmEx,4478e71a-9a16-452a-bc5a-8f3a02f22a1a
5c4f7036-03ed-4790-a5b4-c1512c7158e9,Discover,545bc5eb-9eac-45b4-bbe1-a699f3410e80
a182c488-8fc6-4600-a99c-96dfd521d2eb,MC,85377c79-6831-40c7-87ac-3d1edd558406
0b8d417c-c8bc-407a-a175-225dd0bf8ed9,Discover,02452866-6554-400f-a20a-9608a310a0f4
e032e07c-8e84-47bb-843b-43cafb96ffaf,AmEx,197fdb28-d40d-4635-8b35-2b512622dddb
0fb9b7c0-af7a-40c9-b228-43b5a0462413,MC,b3454cf5-cbb9-41de-923b-863f1a294cdd
457a43a6-8382-4267-9980-132817f8c963,AmEx,59c901ba-18f3-447b-ba29-f5451e26ecdc
546939b7-3449-45a7-9f4c-b32d7c80789b,AmEx,2614ff9c-cf15-4ce3-9130-16ba2b4355b2
993f972a-a7f6-4584-87f0-4e09d6b2a1c9,VISA,33aeb104-f65b-4ee4-b352-9d8f6692b418
fb3a5a68-c8a4-4ec1-84ff-bdf19e88a531,MC,85e25b25-5996-4c28-a67c-f592dfc9966b
bbcabd42-10ba-4087-a0b3-929f8e4a1751,VISA,18be5cc3-6512-4bdb-b59d-ea1ec9ab8ef6
067457e6-2974-4632-9c8e-94061dddff75,VISA,2146ee30-eb03-46c7-922f-2e318e9120f6
db04e3ae-2893-44c7-b8b6-b6c77881bb03,VISA,dfd447bd-cdbd-47c5-bfd9-e1b99160d569
fcba45f7-9a95-4512-a05b-3286696ea27d,MC,c604d5b1-abf9-4881-98cf-198ca4e17b0b
19cd0bbf-4135-40fa-9aec-609040755ec5,VISA,45126738-b520-4202-815d-dcdd3f2189ac
9b975be2-b2d1-435e-a717-8dd7987b29dd,VISA,497c808b-eae5-419f-9a40-b8d1bde82cfa
63576891-d4cb-494c-8c21-570de1ad24a3,PayPal,ad0819fb-0b38-486e-a800-a51e9603a1ef
f3ae5a36-c947-4ed1-bbf5-5916f3c4aec6,AmEx,37d4cfef-2105-492b-8314-e29c100f204e
debe8cf7-74c3-4939-9324-4f411e9097f8,MC,95fbf903-9ab1-4616-a8f2-ae7c6f8d61a3
7bb36447-3169-4d67-b81e-2b7cd9e4879f,MC,cd7347f8-d44c-4d37-aab4-f5c09635c487
8bb692c9-c56e-4b80-b48d-86f7415cd7b4,AmEx,eda9dcb7-802b-428c-ba9f-a67daf579af9
856a84fc-210c-4da1-85ae-422ec1cd59b9,VISA,f47942e6-cac8-4d5e-bebb-a22367f86561
f4c90116-dce0-4b38-b2a0-fdff56184807,VISA,c5bab37e-a12d-4f68-a4f5-7f08ce06f8fe
6aa1ecd4-38ab-4f6b-b3fe-4587ea5da2c3,VISA,be4fe61f-6c34-41b0-8dbc-dc997d7faeae
084394cc-a53a-4e4e-afad-6ed7c3982043,VISA,cffae7fa-b9c4-4bdc-9b88-c660ae10b453
25d39cef-ce57-4d88-8df9-cbef3b5e32a0,VISA,1cbad51e-2a58-494f-852e-a9e365170ba3
4d969e96-eb15-4fdb-9fe3-4628494b6a44,MC,91cedb26-fe1e-4c24-b453-4c49b0460b16
dc67e25c-1d06-4179-8d91-d1f6766a5188,PayPal,f8c4913f-b408-46f8-9d84-c93a64f02797
42e59cd4-5169-4181-99c4-e764764fe258,VISA,eb25e601-0792-4076-a873-c93af8b85197
adaead31-674b-4696-bbbc-a27954f7cba6,MC,8ed1333c-ee7e-4fb4-bdec-7c7c002d0404
6d54ec41-f523-43b2-bee8-ee9a22c45c81,VISA,e8942b5b-5743-49f2-9f92-0a1383109776
717ec0bf-e194-45c1-b2e2-f736c3f46f51,VISA,9de4832c-5dc8-4dd1-a09e-0f05de663068
4e279e02-33db-4a17-b075-dcbe4a7b0187,MC,d1111f3d-9e91-4bff-ad09-f5c07fcb1e4d
e5a5639d-42b6-414d-9049-753ec4d619dd,MC,f39ea4c8-9ace-4f87-b7b8-cf19be743617
e13578d7-04a0-4554-9b48-efb7fbe589f2,MC,23831a35-e63e-4c55-a08c-a873022b5ae2
12dacff0-f8d1-4a25-8e37-6191cc4e2e1d,MC,75134612-0045-49ce-926c-21369af055e8
a7f54e99-88fc-4912-a69b-7b9f54e48859,VISA,209ba770-03fd-4a88-9825-b502e3334cb2
809b534c-b3ad-4278-aac7-cbec25835aaf,MC,9906466c-07c6-42d9-acd6-b86b989ccf30
fc155e12-ae81-44bd-b5c2-26192b327ab0,AmEx,3154a4e6-1bf8-4b94-8187-4dd986b1cec6
ae87af0a-cd32-4bcd-86e1-09db9e421d6a,VISA,a4a08347-6288-42bf-9726-d161e8fa8f73
bd5c7b24-89fe-4697-965a-5c09c8386d9d,MC,182da410-c052-44a1-a4d0-d7177337d7bd
13cafb10-fdbf-446d-9f6d-7cf730f5c331,VISA,6dd5fdf5-c230-4cef-8a10-6c4237bf1a52
607a592a-2710-4a61-aad8-39596f034852,AmEx,d81d6da4-0fc7-4570-91ef-1f3141fe463e
9cc88284-df8f-4c54-b17d-2766577aaf49,VISA,cf071776-b162-417d-bc52-c32435ed67c4
3475ff51-c67f-4349-891f-8891e9768fa1,PayPal,86efb9e4-4b37-412c-9f92-a0dd609b88e9
d919d177-a30e-44d5-99b9-980b43816dee,AmEx,027c7ab6-34d5-46b1-8ec0-6cc7c876377a
cbf0c3e1-a921-4a9f-9673-e69c4ece5490,MC,c897320b-47e8-41d0-8281-95523924fac5
f141c7c4-9be4-4743-a5d3-f016363baff7,PayPal,3e3f8a23-af11-4fdd-bdfb-2b19f813a971
b86238a0-351a-43fc-b01e-e7aab26e78c6,VISA,dc2ca92c-8e4c-4818-be84-66722c6171b2
9a43c51c-d60b-4884-be5b-ba2879b06cf0,VISA,38b12a9c-6ace-439d-a1f9-b083b7ff869c
aafe6d22-b8a2-4d0b-9e2d-c8a7243f0825,VISA,9aa08a72-a63f-42fe-b655-10d7f6331554
d8321c8c-29f7-490b-8cab-585a82d9c6e6,VISA,1e9f5d6e-7c23-4608-8437-c726efe0920f
a66c673a-c249-4a32-b068-3b8d155752a3,Discover,7ce87fd5-0ce8-491e-9721-77e93a3ce326
44220996-e7f4-4b2f-8877-fbf243f72178,VISA,d2a73bb5-391a-4c32-b38e-ee9c228382c8
f38046e3-cd32-401b-943f-4829986273d7,MC,3c626b47-15b8-44f8-be9c-23ed7e1cd418
157c03e5-2c1f-4111-bb09-fc957722aa65,MC,8a0e85c5-32b2-4e42-83ff-db5f5d8ae912
912196ea-2168-4b14-8e2d-dfe173ef509d,MC,2816a7e9-ca71-42ee-bf58-f43868e76d7c
000f00e0-2c6f-437b-96b6-b2c08ab51ede,MC,b4a63846-ccf8-4ed6-b559-15201ff2688b
c5841026-7ffd-40bb-a61e-169cd0e0ab87,VISA,8cd3b21a-e416-419c-b026-9a64f85ed61e
5fe554ff-3af3-4be1-9418-2cebd7028978,Discover,587e4fe9-dbd1-4326-9a59-f18791b5ff94
0f5f2190-f284-4b65-bd3e-870ceacd335f,VISA,8104c8c4-2bef-49f1-b9b4-45220e636d8b
b594dde7-a956-4472-ac93-780adc18218b,VISA,1d1fc20e-5dfc-4ef7-8b3a-fcbeaa643621
5f8676a5-c378-4b9c-9564-d8970296dcd5,MC,ac064ebf-22b0-4582-8ec8-0e94bca59dd6
40b035e4-fc49-4eb4-b325-651bc184c78e,VISA,2a07ee5d-c828-4288-b1c3-2ed53cc47035
b50f5fb3-bc73-4a6f-9796-ed526b57d390,VISA,5c2ad8c0-a91a-423d-8413-b8717dae917f
20592498-035e-471b-8530-d0d54ab78cc6,MC,11c1436e-2522-4554-baf0-feb6fddf42f0
2b6d8d7e-5c08-4087-a217-67654493952d,Discover,e70503f5-ca77-4dbd-9096-bf638f110379
a2a64791-1dd2-404d-8537-4a75f51d8e5a,MC,a8b551f2-fb9a-49a9-a901-b1f144604a64
b66c5d6c-78c6-4e78-8fb6-e88236cb5259,VISA,74ec8e95-cabf-4675-bb9c-2dc43fdfd317
d6091db0-1d04-4b11-b960-3ab49320a4e7,MC,1d233d9e-f745-45f0-b178-4a59f2d444ee
6a91197f-2a42-48bc-97b7-2b762feae8fb,VISA,6d0c9548-2715-43c3-bc5e-490f0d1dfc4f
6ce33da4-9842-4d94-b80d-f225f7d080b2,VISA,d1434a80-2a49-4ea0-ba0c-88d32c29b6e1
66d371c0-af04-4af0-b704-689fbb4bc312,Discover,47d5943f-a614-48f8-b96c-e000ff02c208
205644b7-a61a-4375-9c31-e7be4457e623,MC,9f16802c-1cb2-40cb-908c-4f1cf16ae50f
de2fd498-da74-4c85-a37d-902acef43896,VISA,65a024ea-bf74-4860-813d-25598a312601
a2f84d4e-fd42-4d71-ba64-fdf090e7ecc0,MC,3bde7b75-adc3-4154-8422-802fa35dff57
3e279234-c859-4e27-9301-8a3c6d4c0de7,VISA,6a1a9d91-fc5f-4380-8b84-3ea83b26ea71
8a288e05-df70-4544-a8b6-311fbb9c73e1,AmEx,557a2e1d-e182-4460-8aa9-6964c8cbbbfc
3da169af-76a3-4e01-aabc-e9df92f591e0,VISA,18f4a90e-a544-4b70-968d-73836477e4c1
dabaa045-9562-4fa0-8761-ab339108d7cb,PayPal,86a19c49-0807-47fc-a26c-80ff4f7eef44
c7e1f1ae-8653-42c0-8df5-16fdd969c41f,PayPal,ed53d546-90bf-44bd-a4ef-708664e9f69e
51018843-f821-479b-8dce-677a062059d5,VISA,92515749-a09d-41f1-ab0a-452bfd1291a8
969296ed-052f-4019-97e1-9c259dcca10a,VISA,aed630d2-77bc-4092-833b-21eba8718279
086d8156-c401-4856-b337-ecc6b792bebc,AmEx,75028e19-38dd-4b9a-941c-ac144bcaee98
ee37fff1-d990-45f0-b57f-f6a95ee3acd2,AmEx,141b6f84-ea6f-4945-93fe-2bf3fa65c178
f0231aeb-d1aa-4e98-b19a-df5299f82998,MC,8fc6c601-40aa-4e40-b30e-6e4f143a3b2b
3415039b-2ebc-43bc-b6e3-b87ae472694e,VISA,fe7239ba-ff77-44e2-8d81-03bc102e5832
3ade2f84-395e-4f4b-a2b7-a9e056495b17,PayPal,73cea0c3-37a2-4f40-9cb2-6ab48bbf1188
d9a1be40-ea73-457f-b1b1-9d8af5aa4468,MC,ab7a3006-90ab-4dc8-982b-6653651884d5
f5532df9-efdd-47f9-bf6f-e07a771df07f,MC,a249f7e8-c57c-4284-b139-3abe576dc219
b809795a-8097-4dfc-bad4-01b66de47c71,MC,46e4f544-deaa-412d-97a6-90e7bda8d310
461c160a-c758-4324-9dca-f6f71b089ab8,MC,eb6edc08-0049-43a1-af42-d29e703dda5a
8bb3974c-77eb-4a9c-a9ac-cda5eb6895ee,VISA,c4167cf1-b407-4322-8d65-cda71a7f0c36
95fbf067-3af0-42c5-9197-79ccfbb04346,VISA,8df009bd-452a-4d61-b4f2-fc16c01d1051
17a1845c-2803-492d-8766-56a547e67ce1,VISA,d1a4e9f9-7b62-422c-b385-62e8f29a4054
4c013d20-3763-498a-8d09-1bc0b93af17b,Discover,ee0747ae-3968-4262-88a4-f0721f6bc2da
33397528-ff4d-4115-9f51-d86b36a53198,AmEx,e3a81b7e-a5de-4964-9ef9-c68109b4118f
9aeabefc-e20a-49a8-be49-27daf1e278a1,VISA,69178fde-b87d-4e65-bda5-8152c500ad62
e926ac89-21f7-4560-906c-ee3f82070b36,VISA,84bde3e5-ca65-4e4b-9d76-967f891eecae
0f6e9fc7-2caa-444f-a1f8-3007e4a2ad04,MC,d17df8b8-69db-4134-b7ed-57f141d81ed0
6074390e-68cb-48a9-8353-b20866a08bf8,Discover,2c592f7b-967b-443d-98de-cd2f9b8e438c
2d98916f-f526-4ebc-8c76-9e1dfa25eeca,MC,ceeac7c2-5945-453d-8321-5591c7873e32
dca2e559-31cf-4dfc-aec9-a23e74f6df68,PayPal,1151c3c8-5a17-44c4-b99a-bb6b433c5319
5848a2ef-a759-4482-b459-df23fdc97c05,PayPal,15658685-e71f-403b-b825-d262b19432f8
7642b615-989a-4e0a-a71d-2146e0ff894e,VISA,c96119a7-3bcd-4cf1-91ba-ea267d17ea0a
af7e9feb-ddea-4b5a-8aa7-731f5986847c,VISA,bf85818c-0e7b-40e0-ab91-914c0456f7d0
d7299eb8-3ef6-45df-a66c-870d0b14081b,VISA,5c490639-db44-42d0-9a78-07221fe7f234
8206c070-8d7e-49e8-a96d-5d32cf4be9b0,Discover,abbb903e-8acd-4944-a18e-7636db78af91
38e1c732-0f4c-41cc-a509-46c723642119,VISA,ae9be1a2-62b8-4402-8dac-18b6264032ee
6896ec96-0f9e-4e49-a6fd-f4558a176a47,VISA,7954d672-7ca3-4a32-b130-3f30dc838529
6b3e07a1-3aa6-4bc5-94e1-ce7b1ac33f99,Discover,1e98351b-beb2-42f6-8011-69d5315a8139
b724396d-e1c9-47b4-af41-dc257fe727bd,AmEx,27c0396a-267c-4bdf-838b-b6fba046bfae
1108daf8-7970-4529-ae6a-1cbd23cdd549,PayPal,1764d004-d094-443a-b07b-e746ee7d0152
b6c3d098-9889-4e5d-afff-8ed68008da4c,VISA,03aff288-0ed7-4ad8-844d-7ad22a1be0b8
4709f830-8f13-4665-a3a9-642594f07c92,Discover,bdf8dd0e-e110-40da-ab66-d1bc9fc10bb0
64f28590-8e27-44d1-9fc9-8e9fd994dcc3,AmEx,c264ca69-7598-4f0a-8169-bc0f96006be6
0030a78b-6e71-4b42-a92c-e590b810bcc1,Discover,727a5689-4240-48c6-afd3-9deb872139df
bd713920-2938-4817-a435-4f8cc263d75d,VISA,2489dd6c-f3f2-42f0-8678-63139751f91a
6cf26e11-8ecf-4af5-8027-562faa0ac7e4,MC,88428915-b527-424e-8b3f-cdcb8f432de0
e78a3d79-7a7a-4c3e-9a05-760185498e6e,MC,01e61a44-33ed-484b-a28f-af582d5535a5
9b81be6c-db19-4294-93fe-d98705848945,VISA,07740261-6d26-4b56-954b-36291ca290be
7e8b5fda-bdaa-4018-a516-3e49dff85b44,AmEx,862b6986-460e-44f2-92e6-f1b8d9a414e5
555e2609-68dc-4c27-b8ac-3b5d11450e18,VISA,48cafd89-d74e-4d01-b9ca-6e338dafc0c9
4ed57fde-a1a7-44c2-add1-01cb06284612,VISA,305c4a7f-9cc6-4564-89e0-fb1440be950c
f8388786-5d6f-474a-84aa-8ccaed5d71fb,PayPal,055acc86-e8a8-48b8-8a3c-208cd2ba5e48
0080996d-bbc0-4612-ba8f-964933729c65,AmEx,c23d18bc-3c39-417e-b889-7b337417a804
c34f6027-5c53-4af3-86a3-bfa6d5553d84,PayPal,08e3effd-04b6-41c0-9eaa-28b65230a577
e95bb288-f332-4a5c-89c7-08207edb51dd,PayPal,7f3d0c29-0000-4b9f-9de4-5c8e581c096e
9c934f9c-baa9-4712-8e97-3e3c17fb63d5,VISA,149ffa9b-be0d-4fbc-a686-4668255133a0
086bf335-9f10-4bc4-ac9d-e908eff9eeea,PayPal,122e3eb9-cb7d-4b23-8764-0f810bc6030a
1bf0a8cd-20d6-4ba4-814d-4ebef08e0f32,VISA,210e329c-7aa7-4af5-b550-e141d666a36e
540a8a49-7a13-42a6-888c-a0a9a7fac6b5,AmEx,3eb869e6-e5d9-42a3-b5f0-ef90caa07fc9
0b208ec6-2343-4c3a-9cfb-18a6b59fc4f5,AmEx,0a77b015-fb0b-40c8-82bd-5932624613a1
fd89aa46-264f-4437-8da1-beb0125ab0e1,MC,78aa04f8-5ae5-4f97-b852-645e7859fb02
35031f3c-0c7d-4b61-bee6-fabe2ea39744,Discover,f2f198d1-f1fc-47de-9f17-2cc186a8e506
3e3be14b-4ab3-4c66-bcb0-3eb518c68e34,VISA,44631c84-d78f-4d8c-9bf2-939111409496
ca2e41fa-15c6-4594-bfae-73deb9eedb85,VISA,ffe93b81-5040-4313-aded-49c281f2b4b2
ffbff412-1a5b-4527-a2a8-af04e195ae12,PayPal,18d81238-ac00-4543-8055-6dc6dc34f99f
b2aa1898-1b19-4eba-98fe-8cdf8d693852,AmEx,21b5e9ce-8fdd-4c07-84cb-7fbce56f6779
4d68a69a-c2ee-4e17-8050-c7e21d498c82,MC,ae341106-b041-4c6c-a9c6-52ad2a47047c
495acee2-031d-464b-b009-1f0d100c47ed,VISA,b87e7a19-2ea5-45ff-ac1d-591808bf6b33
3c925925-86c1-41ee-9f81-85ea2f0d8e0e,VISA,3b06c342-df1b-4b2c-9078-1483e07c6129
29804124-2623-42bb-963d-a5e82a9b024f,MC,ea8c04a1-8be4-401c-897a-a91b47190289
85061c68-557c-4e58-a789-5562092a2d2f,Discover,7e0ffe78-f65d-4cfa-9f96-2db6752d5668
c267bf23-39b5-41e8-add1-b94b4ab019b4,MC,689ef4a8-f239-4f03-950a-1b8ff1b2fb98
6a759a0e-dc98-48aa-bfe5-e31a0b95a3dc,Discover,a299dd69-a07e-4433-b841-45ee2d1af836
7172858e-e153-4997-8a19-f912542b426f,MC,41de44bf-372b-4044-83c7-cbbf34111a47
1f7db9a4-8999-4ea0-aa5e-a745de9b8b11,MC,a8a67564-c1c6-486d-9d43-d81c76952f6e
25f7a4a8-7723-4b8e-b4ca-b78d6e201c75,AmEx,06250469-f8cf-4e9e-bf7b-7752b6894708
bbbf7504-b664-4385-b4d3-9e1d7f31a3e7,VISA,e51596e5-f6a3-4fdb-aac9-b098f0b81083
8f4a5d8c-3671-42a6-80c2-f92f872e0429,VISA,cc99eec4-f07c-430d-8477-4ec8e1e24957
584e0ac1-7117-45d3-b199-029e5aa2cc37,MC,278c346f-a801-483f-80be-7a3a36e9da63
add2f379-df56-490c-9cdf-2e33c6e9a03b,VISA,217dfd1c-9b3c-4f5e-98ec-a3affa2b5d6d
bd13c067-c55d-4a79-a873-6c4808c6d644,Discover,368d4fbb-12ae-481d-b9cb-8479319b3340
9f246169-758a-4311-bc7b-a17f3000a675,Discover,934b028f-017a-42d1-86d9-d21c78106942
a91f14ac-8c49-468e-bc04-131140f8c9f0,VISA,4243408d-eb13-4ec4-8476-0e12b6aab94c
48a9b90e-0399-4f1a-b0f1-d5a3c5a6728a,PayPal,a6f75772-d46c-4090-8856-503295f5b9b2
bd4d6982-c223-43c0-9179-35e90c673ef1,AmEx,b8f7bb84-2ea2-4c83-a249-9b61637c41cb
597961c4-ef6b-413f-88ba-84620056ce68,PayPal,ecb3c386-4483-4d71-bceb-43e0a0c8e891
5f90c239-71e3-4a9b-be06-09fb90c5aa40,MC,d3bb1edd-23c1-4cfc-b73a-4b2099e30b88
550b57de-2430-4ade-9446-27d84d666262,Discover,f8828dab-6a9c-443e-a64f-3882a15c8ba3
4cbc1f6b-cb03-412e-9a75-d6ace8c54e96,AmEx,1d7d8bba-6b8b-47ee-943d-71d22c60f56d
6fdd7cc4-66c3-4864-a1a8-5a84afe8a7b9,AmEx,d4d12f04-151c-485b-a8f3-5369e32b5a99
dcf1f3ea-6846-4c66-a5df-5be30e7b130b,MC,5b4cb2a7-f0ce-47bc-8254-698265bee143
c0638399-e13a-43bd-a69e-7877d79a09a7,AmEx,c739fdac-c165-4cc9-aabf-440682dcc6e3
9a62ab2c-4191-4f24-aa72-8cd6686d78c8,VISA,be06b204-54b3-4d55-afdc-1b1c89c08f04
f5e6e569-d9df-4d0e-9c33-ae01c6f3dadf,VISA,8ac3b9f9-743b-4227-9d4f-4b740e840fc4
fea593df-4c25-4358-abe8-08af659b4e5c,VISA,e5cda206-78c4-4d02-8a28-53d3c5ca733c
3d9e73f5-64bc-499d-83fb-b651f1e93210,MC,72ea4790-70dc-4a31-865b-fd9e8602808a
0e1b133b-0970-49d4-93e2-4b0d0932f7ed,MC,11b779ba-2efd-408b-9835-05b75624df8a
d1e997ab-bda6-453c-a0ef-55ec6b832180,VISA,3a0be761-e366-4a9c-9829-a2ad5807377e
428d2fb3-9592-4c3b-9790-9c2864a42d8d,AmEx,86b1b6de-6aac-42a0-913a-019e1f43bf6a
b9ca9d62-3542-4320-8a1c-e30b47b98f4b,MC,0313fa29-441c-4ef8-a054-c5e15b36bee2
6afbf7a4-08d7-4fe0-a43f-bc717e4a7447,Discover,ca8e159b-a9a7-4eb4-92c8-5cb4a07ee169
3e76f6bd-f98d-4a99-8963-5f975b17a8c2,VISA,319e7e6c-e6c3-43ca-b70a-be2bd73d9fe5
096eec1e-9048-4246-821d-4545aa087752,MC,8efbc4a3-f2ca-49bb-8d2b-3917220814fe
e613f33c-19d1-4a26-b88a-7c219d8d9680,PayPal,cb4744d4-64f1-4e19-a8c9-33354ef1ab3f
c2aeb664-6ad4-4620-912c-489ecd31993d,PayPal,121c163e-536f-4be9-bc0f-e565c628a1aa
7f4f561d-cc3a-4a9a-99d6-af0835ab3e97,Discover,198e6e23-f0e9-4edb-bbf3-a20bc6f8d71b
e5d683f3-20c7-4f67-aa1d-598dc8cd945f,Discover,c1840b88-80c0-4ec9-832a-723ba690957b
0d96fa6e-3a7f-4637-adad-cb0c4be32471,Discover,319e0544-1b85-463e-9b3a-44eab71ef636
569b5924-61aa-4549-ae6b-adf4243df52d,MC,254bc67c-d300-4f05-b5d7-86ecee135c8c
99c51726-e677-4a46-ac28-551a3dfceacd,Discover,33e03799-4aa7-480b-ba8b-e386fe9bd028
b69de0a1-fae2-467b-8e43-8447b97041f7,MC,f46e3a0a-3069-4b76-b45b-a44d366a871b
ca0c5f0a-1e98-4bf0-a724-7ab9a372d7ed,VISA,44b280c1-4459-48d9-a723-62808531be67
78753057-cde6-40f9-a231-7d4a00d00fca,MC,50655617-9a8b-447f-b15a-0e1eadfb3b6f
64acb915-f066-41d5-952d-b2510c582c13,Discover,566a757c-1c16-400c-b633-f412b56d6a4f
f920af9b-7f70-41b3-b455-53e0b5f25031,MC,39108303-54f4-4aa0-9fef-d7e5f09b14cf
d1edaa9e-05cf-4a6f-95f8-aaabaa1bbd3d,MC,dea8b0f5-d16a-4588-a467-2c9b559979bb
e4f8084c-655e-46f7-8f11-76001e46334f,VISA,14988a44-a61f-465c-a6cd-f096ee857132
37abdf7b-7a77-45f1-9932-54d70c69581a,AmEx,646944ac-ac04-4a22-8faa-b485fbe0ac45
a9314927-1d6c-4323-ab27-bf2c82955681,AmEx,ea5a09db-9e97-4891-b7df-53fe6fbe1551
9e4a0caf-987f-4d68-b41a-8fb29f8af7b2,MC,c9f699d5-b752-4b23-aa67-433f11e67cc6
ee1c2256-a974-4d88-b1b5-500c22a8484e,AmEx,a39712cc-138e-477b-99a7-3c5931250151
48510258-fdc0-414d-a000-4dd7c6d9cd48,MC,9e959255-a051-4d24-8e7d-7c81bbece788
192c68b3-d81a-4cf5-85f2-df40713ba51b,AmEx,f2afce0a-22d8-4bfc-8523-d6da59d2d44e
33c7fcfc-3d0b-42d2-80c2-17ab5d38241a,VISA,60ec1950-3578-48a6-9865-aa332ca9fa75
92d640c6-cf78-42eb-9f73-adbb8c60bdc2,MC,976b0829-2cb3-434b-8410-837b6dd2a8fa
a6763ea1-b12e-4999-9b81-1f6baad9f6ea,VISA,e4786709-ff9d-4527-89e3-da64589dee07
34c70c2b-d09d-4f49-8608-b0f62b40453c,VISA,9078a1ad-db03-4328-8cd2-eb14f49c1519
d89380aa-4c7a-4126-93a6-d9fb5ffc6bf2,MC,7d5913bc-3de8-4376-951e-21da8a0fceec
c13c84f4-27ae-4f73-8347-13291ef78c11,VISA,8f7e94e9-2bec-475c-9a35-0e5756795b7c
0e2859f4-cc17-4b34-8855-ecb2e3dc0b23,VISA,7e65e996-2039-4764-9eb4-d1fc4b1adc17
1e9d1112-a5eb-4292-ba79-e617aed90611,AmEx,c643bd0c-b335-404f-bf87-c130e2f7c792
dda4476f-89c0-4ada-8065-391901424c49,MC,1c0780ca-acf6-416b-9c07-f15542ff4355
e5eaac31-6c3b-4be9-ac1d-665209409232,VISA,4bb3ef8c-2aac-4ff2-8f50-abf38d243add
af5752d9-1c58-4eae-b016-ee37fe9eeda0,PayPal,793f5d8a-196d-4a27-9af4-8ca0a4ed225f
6a702271-0ae9-4960-b1e2-16ba7e04126c,MC,6de85566-5afa-4893-af00-6f4e00d7eff0
04dbd578-a884-44ef-b4c6-59af6779fc3c,AmEx,e5aad045-d03d-4df8-bc30-dd46ca885e8d
a91c8c8d-1edc-4aea-84bb-44f52cb4adcd,AmEx,a0e5bccc-3891-40ec-9c1c-f0f1d2f48964
c2a17285-7f23-48d3-b784-c2729d9c8e59,AmEx,e083a14b-203b-4cef-abbc-174a54e4fa09
1fbe05bd-9cf2-412d-b710-9f79d67f93ce,VISA,d23e0d18-9c64-4ec3-88b6-abe5c548d512
abbca007-2d56-4ffd-883b-67b69dfbc190,VISA,afca5cb1-2550-4402-8bb0-8fe48e6b2a82
63e53414-f229-4fad-bb75-166832c796f6,VISA,d5309094-67e7-48ac-a9b8-714da14b8aaa
2404006b-37c0-4814-8204-250b7aea0513,MC,4c9a6daf-bfd0-486e-95a7-87339f3b6b21
1bdefe6b-9c26-4b10-a11f-25b6d7907fee,MC,d3c1e47e-ba70-4f17-a290-4972d2d91dd7
e4f5b002-5f37-4158-ae1f-820b5133b74c,VISA,3f60484e-a528-40b4-8c1b-5fb30a5e12a3
6007631c-2827-4416-8d07-2bf2c9464264,PayPal,f7633100-da03-4131-bda2-3091ce47febd
b6d730e3-5720-4da9-8145-b0ca078e9a4d,Discover,ef6d3426-bc66-4374-86d6-a34d0f8ff4ac
4d926c00-2365-4a27-9ee2-25c897010c74,Discover,dc8fafb6-5249-4bb4-b811-f2fd06789353
f166ebaf-dbc5-488f-b39b-4e0f9ffca218,VISA,b0085d56-2675-4e93-aadf-67e773f5e938
58b8eb7e-66d4-475a-b189-5074752fc076,MC,b5042c5d-143a-429c-b547-03475c090eee
695bf27b-7fbd-4ed0-b21d-1d6745352372,VISA,3817c88f-2b4e-4d5c-8c8e-73ef9b7cc1da
219d7809-f466-4f41-94b1-75e7f37121a1,PayPal,725db40b-df21-4a28-bdf1-4be63766e924
f063f8d2-4560-4ee8-9e54-c65bfa43bb14,MC,cecba2a2-2601-40ee-8d14-8e16c310e8ca
86dba17c-c016-4d16-9715-4c389b0924dc,AmEx,fd7fed96-c7a4-43ba-81f3-2d018958455c
def3f8ac-bd92-4046-b787-8ed488abdbbc,PayPal,22eb4a70-6b51-4143-8a87-f1a7a86e6314
c04a554c-7d7f-4ced-a15b-3aa082d4bfb2,Discover,7cb47046-1845-4126-81ac-3e4472650fa8
064c0331-10cd-4027-b1e2-62e330c55944,AmEx,930949a7-41f1-4274-8ff3-1439569e18a8
b922031f-97f4-4c16-b01d-79db18011fa6,Discover,9fc7f04f-929d-42d4-a7e6-2846c16092d2
5d0112d9-d338-497a-a29d-a81bf0b18029,VISA,50214eaf-bbd3-4126-83aa-0bd1d04633d2
945143d4-08b7-4107-a6d2-876881fb4d6c,MC,41f1e588-2fd5-4302-85eb-80ec2ffd82d7
6ddbf9ef-0ced-4122-875b-a92e9967ea7f,Discover,ff4b2326-d8b8-4591-ba9e-185d2a04da40
09169e27-3954-4818-9b77-5692a8cb6368,Discover,cf85d914-a120-4d00-b5d7-e7623ec79453
a4e3711c-5c89-4043-ac8c-9a517b3c2f31,VISA,d5bf0c0f-f97b-463a-ba23-4e1e3a3143e5
06f415fb-f2fd-43a6-963e-961e92891c0b,VISA,9cd9dccc-3b29-44ff-a761-d6bf28fe8d36
f5c09249-4e4c-46cf-8cbb-d1a349c9942a,MC,735eef96-64cd-4a08-ac61-7faafb62fe1b
4b145549-d41a-4e45-bbe5-ab1dce8dfec0,Discover,4ecc98d8-4992-46f5-9276-10c87577b56d
743ea8b0-6036-408a-8432-6d7b3fc36459,MC,6b70d57c-2f43-4cb5-8110-9e9e51966845
689d9efd-ee3f-4b24-b9ef-ba6e5366174b,Discover,ccbaea2f-66b3-4ae0-a812-adaeb94b00dd
d1c5cdc1-0ffa-46c5-aefe-327222418bf2,MC,ac30de58-3816-42d3-ab44-89babb9dbd8c
2ab1b9b4-6a6d-4407-a878-22dd7b776ddb,VISA,b7892f41-2b29-468b-87d2-4bdc90534840
15160a27-ff9c-45b2-ab71-51a42a229c8d,MC,050382a0-c54d-48fd-ab43-cf78d135bbe8
dd06564d-73e0-40ad-b287-97da4d143aa4,VISA,d1628cbd-563d-4b6e-a9ef-dabc5ca66cf0
3539366c-66fa-4733-97d0-7e9e75cb8807,VISA,d152f788-a231-4185-9677-ed744ce4a66e
f1c743cc-60e2-467c-9eca-a60cce0cd9e1,MC,a6db8271-0894-43e8-a91a-631396d1144d
9a231bc2-947e-4ebb-92e1-e778dacb47f6,Discover,3b6d17be-d033-481c-888b-afa14ee0a0dc
809ec68b-708d-4a52-86a1-0de815a34463,VISA,8e3f5282-85a5-4bde-82dc-c8f9417d1921
9bd21008-ab96-4c1d-9c36-798f7db16a74,AmEx,a359c12f-505c-4170-af66-867eb84dcb03
2a3145a5-7847-4a4b-88db-e9573e1c6701,Discover,dc338dfa-3791-4bc4-a42e-0dbd6a750c10
395f0003-fc82-4d3d-ae10-dfeb7d1fa4f0,PayPal,5be622a2-337c-4037-834a-444205c99f26
652f8cdf-61d1-4fb8-9a2c-42efe084ae0d,VISA,727f5ddf-b60b-4652-90f8-264e1c9c9a97
f674cec8-73ad-44a2-967c-7a7291e47b75,VISA,cf450995-cf17-4677-a870-68b15e8cd8dc
06d11d34-1c23-423e-a0d9-bd9a7c69c9f3,MC,e06a5ed5-09c3-4a8f-b089-30efee39b52b
8504fcaa-abdf-40c1-9d10-7a6832d15adc,PayPal,f3e2d18e-6b63-481e-90f4-9fd0c7dcc08e
ff50e9fa-3a02-4e53-a9e7-eb9c66986f00,AmEx,03c7805c-a9e1-4632-ad17-67999ac7c518
1463331a-fdbe-4c66-8f73-2b416b4d1742,VISA,cdda4580-20d2-4c1d-a59e-05c42022e3f1
5ba86863-718b-4021-ae07-b237a7de0f84,Discover,40479298-e199-4f9d-92a7-3d774668c04d
b7c02fd0-fd32-447a-97ef-a87fc36081b9,VISA,f03c2763-7e9f-43da-b4c5-0caad45f55a3
5db7a4d6-e539-46fc-90ad-90ac74b643ac,AmEx,72b2a6d0-9103-4279-9c96-0bba46409485
644d1c08-0128-491a-ad37-642cb5835d0e,AmEx,c561e20d-d95b-4b5a-8a28-f1ff73b1c5ad
697c6a09-1b0b-435d-8681-017c30c83df6,AmEx,cd225d0c-dc5d-4b44-baff-76826eae1499
a0a36075-b161-456b-988f-9249bafc0034,Discover,5ef09373-8c94-442c-8575-06a3eda78edc
5ef43774-6116-49b0-8306-a077ea129b6a,VISA,be92b7a0-ba39-41b2-9786-373a14c33c7d
6c7fc23f-c5b2-4b5c-9755-3f6e90b66610,VISA,b23ba1b9-9201-4c28-8a03-263a80bbdeaa
5fe4d630-4629-4408-a7bd-5190db4d4947,PayPal,b498bd9b-b67a-44f3-a109-9cf8d7d26b22
89b7ea9e-815c-4834-9609-7d64df7c9ed6,VISA,d1686e92-2757-47f5-b3dc-3f56d64b854a
e56ccd24-bd8b-4940-9a8d-7cf2f95c5838,MC,b9263de9-3fe2-4eb5-8b6b-4318e2ca9545
d96480fb-8bed-4b64-8b29-f2ddc4df2073,MC,5696f3c6-0a3a-4766-86d9-6aa5460c87e8
5c4f80af-2168-47f5-9265-4be1eec1019e,Discover,e74340b3-7596-41e0-949e-752f238f5f6c
4d8df316-7ccb-446b-a783-55a9f9740ebd,MC,7eb935f8-a07c-46f9-912e-0702317d8015
5d74f1a0-759a-4a4f-a0b0-e565e905f859,Discover,3d09743e-d2fc-4711-a11b-83e50acd69c2
a6ae8552-6d0f-41c3-8b47-5fc5398f6211,VISA,74672555-2bf2-44b7-8b09-220f8cbd5a1f
39ab1602-44c2-406d-876b-b778cee9f8ca,VISA,ab9af487-9dc0-4fa4-9faa-d9b0fe583026
1841b86e-2c7b-406c-a68d-53ed478a9023,Discover,cb68b9d7-b571-46aa-906f-1627043fad29
31f5613f-3625-47d0-81b6-cbdaef479203,VISA,1d7e3164-ad79-429d-96a5-7e56dca6d1b3
e7c349ed-a53d-4822-bcb7-4a54e286fb70,VISA,44d8b690-3e50-4514-986a-a99083daf4e0
39045cee-b89c-42ff-9660-2ccf1f69ea80,MC,063812f9-4c48-44bc-937f-bc37d1f9c188
9b32e343-b1a9-4747-96ed-a51dcfd4b12b,AmEx,1bde8d76-9e94-424a-bacd-bfff0ad43e4a
168ffc88-4556-4450-8c62-ef20e8b4275a,MC,c2976c28-8daa-4084-9fad-d71efa94c4cb
2c4cbd7f-0dcf-44cb-8130-1cd26b95f693,VISA,10eae077-2f84-4891-9701-bd515ae8f2df
5d7d36d0-b165-47b5-adae-8f90a6673b60,AmEx,3bf193ec-ab9b-42e0-b6fc-0dc3e8700777
8596cc20-c1b6-4b95-a4d1-a8c86192d018,MC,7359cb87-4d62-4eb6-9b4d-7f414b78e6b4
5aff4cf0-5250-428e-afbf-92774bfb18e6,PayPal,61b115b7-087a-4419-b668-df6d7081f44b
68acff01-3e01-4595-b17d-c6eb9ba87f5a,AmEx,1c6d60fa-445a-4814-87d1-f090d1a0eaed
89225c71-7366-4926-84c6-a46e29ed97ab,VISA,13f18007-594a-48c4-a316-52882b6b6a0f
558748f1-b264-40a3-a733-c78a157d798f,Discover,c2bd4112-4a65-48f7-8ce9-93da31a83360
3e25dbb0-180a-44f5-b545-323675f476c0,Discover,b0d54053-69e9-422e-adf7-c5f7603f67d0
0b489451-07e0-48d4-bbb9-91154bee85d7,VISA,91857fe9-e9c4-4111-91f4-cec5bedc5b29
2a35f3da-1fe1-4fb8-bed7-9223cee51d6f,VISA,dc8124ea-39d3-4733-9dfb-b1057096536f
28abe1ea-0981-4778-a971-b9ea08dd651e,Discover,f329557c-0f33-4b04-99f8-cca1986befa0
105548c1-d865-4c35-afb6-effbe1cfd395,MC,8bbda7c3-a585-4260-bc19-2a53fe516b76
c7e85c3f-74f4-4d61-89c0-cf3335fe7c00,PayPal,98a5c525-6c32-4e9d-a406-0dc15ba80ec4
6954612e-ab18-410d-b300-44e44c5b49bd,PayPal,8fd99389-4897-4808-be52-acb32a268e80
cefcfe48-ace5-444b-ac3d-3ee44424a4ba,AmEx,6fd8a667-cc5c-4301-a350-d6d8aa80c1cd
8f4950b4-1de5-432e-a6bb-162d3ff5e00a,VISA,26e010bc-2c13-42a1-872b-4f8e097ded34
fbeb3832-31ab-4047-aaa9-cd3bede34ed2,AmEx,084d6958-7e04-44f1-aa7b-51105c65a071
de826d69-fca8-47ff-8969-fa2f100d2b51,MC,734992a0-cd3c-4fdd-bb0a-4c860c808b36
eef2b83a-a66e-4b37-a1de-667ad879f600,VISA,f2a3722a-6d69-4c34-87f8-4f58ecd0ae03
8b71c79b-b85c-46e2-b64b-5e094964474d,AmEx,84af5d34-6d17-4075-8bea-f12b25244f24
f5419afb-4072-4cce-9754-6914dd351415,VISA,ca8522f7-991a-4b12-b4ce-38f05c24c7b7
da1d8a52-97e6-4d1c-b3b8-d3479a004063,MC,e12d6949-2e07-4806-919e-60a113917cf3
56c2d2b1-9daa-4b9d-b651-50a3aa916e07,AmEx,114a8a44-48ce-4eb9-a77e-ef65ac74b856
ad76cc85-f55c-4104-8c6f-28b45146dd49,Discover,c3786b0d-a6f9-49c4-b159-0149a1660147
623561e6-93f3-4131-a1db-f944e9bce8af,VISA,ba86bd89-54a0-424b-9048-012a3c8efbdc
894ac46c-c886-4a3d-94ec-4c86abc272f6,VISA,45f091ef-adbd-4e9d-b6e7-d6ef661cf11f
798cefa2-14e0-4c0e-97e6-3c69afca286e,PayPal,bb3b3c07-248f-40f3-9f36-3cff0c18d8f3
b4ff5773-c549-4ae7-be39-c171fe3afc32,MC,daa15c67-3ef1-42c1-a1ca-26ae9fb91dd1
f13fba5d-5fcf-4ed1-b9eb-5bf1beb0a4ff,MC,711ae091-1237-4bd9-93fe-0df84a58bd72
c955889a-2800-46ba-82d3-65b510ad16de,VISA,b39efafb-b5cc-49b3-8943-da3d4561f83b
a2479b3c-c6d8-4d36-a588-2510c5669ee5,VISA,a66aabf1-5593-434a-a0c4-be8f05b8ad93
5f1eb8f7-f523-4c80-9190-97ec913f961a,VISA,6a7dae74-05bc-45ea-b020-ea5ff1f8e401
8f34a5ef-ebd7-484c-b118-61da378bc7da,MC,a6d8886e-7125-4efb-89b5-85d2980508c1
ac619314-7967-4a09-9164-03ac2e59f9e7,AmEx,1895d027-853e-42de-8cf6-83a066af2d7d
67c6d58f-ca20-431a-a3bd-4e4a013f5af4,VISA,2c322602-9176-4866-a072-f79f2ab20cc2
ec3663a4-0d04-41cf-94bc-9d5c7a1972df,AmEx,28d76e8d-16e4-4930-8332-e553d1add4ef
01943b0f-71ba-4765-a679-af550e542633,MC,24a19a34-c58d-4dd4-b732-509dc5189bcc
6f317074-fcaa-4dde-8aa7-fa0253aa3d81,VISA,8485c296-3436-4922-87bf-7e158505d0f1
df582ab1-fb89-45d6-beda-b6bdce5eecb9,MC,dace4118-13f9-45db-b2d6-237139411d6b
df2e8804-666d-4d75-80ec-b3aac5ceaacf,MC,097c408f-8e01-4204-8eac-fa312d531407
8cefcbfc-6782-4f9d-aedf-f058f3c8f5ff,VISA,77524acc-72ba-4075-b57f-34c2b5bff1e0
7b8fbf9b-acc2-4587-a888-8b2f667bc20b,VISA,f4ba7b93-fe1e-4eeb-b67d-255c83956165
fd5e490b-b2ff-4b39-816a-9b9fdf4cf935,VISA,8a341f63-1b0d-4a48-8551-3fbd8d26f280
c3ba1f2d-e6ab-41c3-ba8f-10a1e5aec9bf,AmEx,b5cdc3cf-aaa1-48b0-a3ef-e2300d1ce08f
7c42b68f-25cb-40c8-b944-f31a4933452a,MC,993a917e-d5c4-4fd1-9e41-3154552dabbc
e49dddfd-07e2-4dec-aa85-a66f967cf27c,VISA,cd0468d4-154e-4d46-bc23-14b3b7ba7542
205e79ee-146b-41ff-a348-596dc72598f5,Discover,ab0b3cdd-8a93-46d6-a63f-f14d8908fa73
a2b2781a-3cfd-4ffb-a6a0-15a1f69e6111,MC,1d9fa7b8-0522-470d-89d9-311c406a25a3
e6958c67-55c2-4728-9f3f-f897a00993dc,VISA,07054c91-7bf0-444f-8f72-130d0e598892
b545f4e0-8acf-4d66-aedf-9e8dd59d228f,AmEx,c8ea6ee3-67ce-4c16-8fe8-ec58b0211c4b
6f390678-1085-4291-af84-80d47c8d5511,VISA,0934f391-2063-4d60-ad17-61c8b594b20b
932ca9d1-2479-4eb5-b5db-70a0ab230518,MC,13c0fba4-3883-4ddc-8fc3-7ad065cb7915
88689642-ac4b-480c-a17e-27b2c7c1c307,VISA,0aa172b0-eb35-4bdc-bfa4-bc6c0bf368a7
86a33473-76fb-4ec9-a246-79ae647cc41e,AmEx,3fc6c59d-eb45-4173-97d3-1b6f4a653e32
c31582e3-16a1-44cc-a3c6-e137a6427645,VISA,2b44e7a9-ee4f-48b2-8624-0d0289b98617
8efadc86-3886-46e9-b49a-d2571e50755f,VISA,351fbe02-e524-4ebe-9157-b24a188d33de
631fd69d-f182-48a9-8086-52393160c1e2,MC,451ef58f-ef87-4fa0-b0a4-8b2884f7d789
53bd7d8d-09c7-4e3c-82c1-f1b4bb0aff84,VISA,9f5d0c1c-ae77-41fc-bd95-ce8728a128a8
4b847e73-3d98-4da7-9c25-cc0c31e6a3de,MC,f2b854aa-04ba-47a3-85e9-16e99d12bbee
62ce9cab-c512-465a-b05d-22a015b14dfc,MC,0a977c65-4b08-4484-9e3d-af3ce3ceed99
522ba23c-f49d-423d-a46e-02763d55a709,MC,4ee791d1-b0bb-4a5c-bd87-eb5adcf80a86
496f3cba-8a2b-48de-a7d3-92ed589e409e,AmEx,3c83ec64-8be1-4176-a3bd-427f496c4358
19d25e74-4e45-45e4-ba0c-62f9ff08e659,MC,a13a65bf-cc94-4922-b791-196fb6bf1fee
4c69cd33-0583-4040-bc27-81b4d123de35,VISA,c602bb0b-14fa-4aec-91ce-11f0070d0174
d4a08ac0-93fa-43b8-b55a-b221329785b2,PayPal,da7271ab-4080-4602-8dab-c7efa3f616c7
3744e731-19e0-4d06-8e09-89d900c4e452,VISA,9d8a708f-ccdb-4d52-a40d-f67fb45b0da4
05862070-8128-4d09-8457-bfb5cd9875f0,MC,a2199a69-ec1f-4c9c-b5c0-58d98fcc83b5
2eab902f-2ee2-4957-b59f-319deb204e86,PayPal,6383183e-044c-425b-9b38-f22c90ee9118
04a1ef0a-3ae3-4dea-98e9-c24f341be5ef,VISA,285a09cc-78f4-4c07-92ea-115408cb20a1
7a513738-a3e4-4739-af0f-9b70051b69a1,VISA,497eb1e7-545e-4d2c-9b1a-3e9fbd219d30
087e287e-0d06-488d-88f2-f7311a753587,Discover,6232fa9c-3d78-4a07-9f58-f22571fdbaf0
19adda7c-196a-4389-b04c-a2e22f82ba68,MC,2f53efcc-9ed8-4b50-ae16-9feae67ab2f9
d4a32eeb-1121-419d-9916-abe53133b7a4,MC,d5fa6134-5bd9-4561-a157-11b75854e016
c2d7eb08-1fb1-4cdf-8ca4-fb97562b4dea,VISA,6b4e054f-211f-493b-96f9-1a1a8b5ed889
b0503f5e-f79c-41e3-9a58-0a83d8b0fae9,MC,94f1f5ef-390f-4c1e-b4df-299cd522979e
039a4c8e-dbdb-4615-bfb8-f7f3492e0b36,PayPal,11fe9f58-538a-472f-b16b-a9856ab5c11a
8ec66d83-f5cb-4071-87e4-d68fc66aee54,VISA,2e711029-4235-463d-9eef-5747268c3178
36ae12c3-16e7-4dd9-b1c4-419ca6d7fa80,MC,54e4e830-7006-4f0d-8d1b-cc4ab0cbfb9d
05e0bb5c-6c73-4b7a-97cb-27457400d160,VISA,eb35987f-53c0-46eb-9b83-34df8d4d2025
6730f607-605e-49f5-b10c-878d303f5a17,Discover,75d5aedd-054e-4eb1-b10e-97a40970b5ed
b9e60b29-6524-476d-819d-75600868eb34,VISA,530866ef-5000-4c82-8c3c-aee651ac7a8d
7cbd6718-e165-4e7e-832f-0ee73a28ae86,VISA,8d7976c7-dee4-4321-9efd-4076a9214ed3
9ef6163a-ab94-4732-ada1-df54173fc9c1,VISA,811c103f-b8c7-4c7d-9850-d03b06c40d88
302e453f-c655-4bb9-bf06-a6bcd47295f7,VISA,14a06e15-a164-4bfb-9787-85eb832983c5
0ff01d3a-053f-4cf1-a78f-bdc6e514ef9d,PayPal,40471696-5be4-479e-a052-6ecb4271352b
b516082c-0a58-40a3-86a7-1d00a5afc66b,Discover,b012c394-8b30-4aa7-b92e-04a8f760e4fd
5fb62fcb-e9ac-404d-9c2a-4807509038bb,AmEx,7263a470-6174-443c-b54f-196ce6f2a956
a90e6370-ad4f-4f85-b5be-62feea6b7ab8,MC,e78b44e4-3163-4880-b29a-7321e44bb206
716097e6-6773-4fc6-bb6f-1e103cf5f513,VISA,ce4833b2-5d37-4203-be84-b3f583a86042
673ee180-d9fe-48c7-8b82-91a35eeff546,MC,11b03cda-b63a-4ed3-9571-88609fe078f8
62a94ce3-04bd-4317-8a10-c81823266328,MC,105cedee-c64e-497a-a82b-01f67294c8e7
09f312ca-b718-4d5c-aee0-b44de0cc1d0b,Discover,6ff9f8f4-63e8-4a48-a6ea-b03e65c82a7a
ef18c621-ea8c-48d3-885c-5ebe9d6d6d0c,AmEx,19f0b893-1e78-4e48-ae29-22ab2a4e8229
6e1881eb-d3b8-420b-9f7d-e47038e245f4,VISA,4ec9a40d-6fa8-44f6-b075-7a9a03002317
d9b72a3a-134a-4b83-976b-4cc3b13d46d8,PayPal,9a1245ec-3120-4f5c-ac9d-075922779796
654f342d-3a39-417e-a60a-a330c71f5867,MC,34626fbf-acd8-465c-9557-ae8b61001a6f
870d6a30-f78d-4305-892c-1afe1b1ed7da,VISA,02250e4f-24e8-40b4-bb7b-9a58c8ea846d
bd11844e-8653-4df8-a8d1-a150896f73d5,VISA,dcff9565-0a8c-4c48-bac0-a057fd130cd7
1c5e6162-8967-47c3-be00-d6414c5e7c86,PayPal,e9b06cab-70c7-463c-9a61-75707b85cea2
bdaf5a13-6223-4c48-b3bf-55fdd4e67c33,VISA,55a13132-c037-42e3-9546-29e9be59cb59
0b0b6852-62d2-4220-a607-819c58fdf2cd,VISA,12e76124-6eb1-40ef-8678-e8568e42777c
3ebff743-827b-43df-ac9f-6cd77a6ac106,VISA,ba73bd51-16bc-4eb2-9995-3e6628587f03
813e2cbc-30a6-4b9b-852a-d071d213b36d,PayPal,49d3c394-b8a1-4e09-a4a4-94959c2eeee7
ba28b688-fbe0-438d-96d9-d457dec09a57,AmEx,04fa1d36-d2a3-4f58-b233-6ad39b9e0e0e
af771755-444a-40c3-9729-f0aa770e2fa9,PayPal,cc421b74-7450-495d-ac6d-23114ef3743b
9e7e0c24-f0f4-4ed8-8fdb-ca6eb53eeb69,VISA,b5448bc7-7b36-47e7-8f73-caa929196e42
201db422-5870-414f-a961-93f971bbecea,AmEx,d89f7f32-ac04-49c0-a141-6f39466f6eb4
c43f7f73-948e-4bcc-b04a-fccebb175cce,PayPal,dcdf91eb-9849-4310-83cc-df4dc5f36c03
d752cf4f-3f97-4ac8-8bd7-5659278af055,Discover,6b9700d5-b5fa-44c9-a67e-87275f921a0a
665e231a-3320-4e53-bd50-cdfad6bdd3b3,VISA,8af51040-bdfb-4bfa-bc9d-0bde038f8159
6a145a62-062b-4d89-bedb-1b46893d769e,MC,10b89384-deee-4db6-af1c-0c2a8e09eda6
db0eaa16-828d-44a8-b1e6-ce1ffc76d375,MC,1cf70a81-407c-4e34-8635-3b06ad4d264f
08ab459f-dae1-46bf-9e44-d8b8813916df,VISA,190fd7af-ac68-42d9-8f7f-d36469d976bf
1b9a5031-da1c-477a-8c7b-4cefb944459f,VISA,4a2c25a3-432e-4ef6-86af-a5d3024d8157
35543509-37c5-4417-9b64-bf47f8b72184,Discover,181fabca-3810-4372-8d6f-92e601243cd7
275b4a77-5629-4bed-a424-cc060fc95a7c,MC,fe118803-6ddd-450f-96a4-a5346cf6c06d
7afb0fb6-1bd3-4f98-9382-beb524c14af2,PayPal,cdcf395b-3aa8-49fe-b532-8580383a7cf9
c9c3bf8e-b22d-46e8-8da9-bba450854f2d,PayPal,27718099-a3b7-4778-a90d-88111fbff296
e0409a2e-48bc-4ba5-9759-b2f4cc44173d,VISA,cb6b9f9c-7eb6-47e2-a050-38a6faf85a06
60d6d874-2736-469c-97f0-72ab4f422a36,PayPal,b84791c9-6484-4b7d-bfe2-19276fb1df3e
9527fa11-8a0d-43e0-b98f-fa99fcd1463b,VISA,ef58a2a9-c193-499f-a6c9-ed10b3c73f6a
d9bf49bc-a1e7-4563-8218-31bcdec70287,VISA,5bf08f6c-a00e-4218-ae57-1ce9f6c5d341
95c65efe-4d70-48b5-8d7c-9b66775b211c,AmEx,373b303c-bbc7-48b9-a6c1-daefc60d0949
913715c1-fcc8-4c42-baf3-3c11eaae8dab,VISA,2eef6614-f470-4762-9c06-6c8b6228e64b
b9a0d3e2-89c0-4887-b7d5-7ccb3a23a99c,AmEx,af2f5e4c-3265-4b31-a70f-3e639776f124
7d3be802-fefc-4fd6-9f83-b18892e7888f,MC,0a9f13b4-abad-4c0b-b665-01178f827512
766af78d-5c3b-426c-ba78-bd8882577835,MC,375682a5-72ea-4699-ae48-145e1f5a6b9b
1af2a676-44f4-4936-a797-a2ad3f32f666,VISA,eb2d38d3-49d9-46a6-9f95-68d03b71c571
6f83aa49-1e03-4006-8eff-2f325ae01935,MC,d847adfc-aa31-440b-82ec-43ecb2a33023
71e4717e-f997-4672-aa43-06519564fbd2,VISA,3b6a1459-b598-4346-9d5b-04af2923d0c0
55a3e743-6dc1-4487-8b27-a18c00d46a5f,VISA,94ee9bfb-aae0-4951-b007-4c4b79c15405
69e44948-5dd2-44b3-9be7-78854c77b506,MC,ae02918e-7e17-462f-a723-f294468f1709
d942c918-6597-4a0f-af2e-8bf7df4b5c74,VISA,7f44b04d-e3c3-4d89-8bc5-3925130e5cf8
b055c3f4-2db5-4305-b8af-0d611bdba629,PayPal,cf9865d1-b01e-4f70-8d55-580b555d9825
12eb7b38-84a9-4525-ba28-618fa84e1ac1,VISA,0de31695-eedf-400a-81f2-9d8286fe2fa8
7f73115a-0e63-47d2-add3-2b8d005f9d42,MC,24b9978c-8fe0-4445-b4ca-40741e9f6334
5ee63ddb-fdf1-47f4-8ea8-364af1d8f5b6,PayPal,b65c6431-2b09-41e0-a406-d36b3c3b3e5f
b87b731f-45a5-4f82-a2ee-8726663523b4,PayPal,7f7b1f8c-8f39-45ec-9ed1-1cfb767d7cfb
c9635c5a-7267-45c4-b6e7-dc5b9a3ccec2,Discover,16cdb5a0-0a3a-441e-87c6-a97795d70af3
e83a05b4-8efb-4c11-a216-e186e4a9f96e,VISA,54b90ac6-e695-480f-ad73-404a63ca3e33
4ed748ac-1b5b-4fe0-8cea-302402c3f3de,AmEx,0c476bde-97b0-43bf-83c3-ca8c868924ee
e9ce351a-c62f-47a1-925a-61bfda793997,MC,b7a4ac16-172f-4912-b92c-c1a232f33b84
3bf73c66-1e5f-4265-af1a-9361592696c0,VISA,f789c0ee-f3d3-436e-aa94-778d865eb141
fcc165b5-b91d-4a3f-ad00-a5b3e93b5cc1,AmEx,d1174387-55b5-4fa9-950c-023ab570720c
652c1a2a-886e-4a9c-9062-ad03df2311bf,AmEx,0cfdd55b-7bd8-4f11-a028-4c143877c6b9
49a2ebe4-e326-4129-b0a7-ce3a7b468025,VISA,d2fb77d8-803a-4443-89c9-53b8411e8f34
e55ad72e-ffa2-4dc8-864d-0e5f34138183,AmEx,3340bda6-afa4-4cb5-bd52-be2bd2349ddc
a054bd97-c0ef-4f81-9839-a3cea60bb384,MC,8485ee6c-efb4-40bc-956d-084fa72c4f00
6e696643-cf5c-4bd5-aaec-86842228d859,VISA,0eaaa11a-263f-4245-ab45-f8e212f110d4
31857437-6347-4119-a102-1622756255bd,MC,5faf0609-57d7-4009-8378-ff4919f12e48
3ccac9db-c805-4924-b2fe-09df2e30b9b1,AmEx,21a03537-9851-4fe9-acec-52ab82f2117f
43bccca0-ae2f-44c1-b6b9-6ebb0fc55a32,PayPal,2819a748-3279-4742-ad5b-31510215efb8
44e82a0b-027c-4d2a-8521-16a7d51e8356,MC,28831e5b-4731-470b-803a-8b353d44cc0f
ee53929f-e4a6-4879-868f-fab3ae18d925,AmEx,75eecb68-08aa-411a-ae2d-fb4260241c27
ef44a065-8bb5-4877-8bd3-f4ec43b9e6f4,PayPal,71545199-c4b0-4148-baeb-e42b1f9632bf
d880fb57-85f5-49ba-b256-733e487e76ea,VISA,39f6fcb4-3a3b-4369-8581-6a41526f84d5
60ac58ce-94ac-49d0-8a8c-50e85192b51c,MC,1f779e86-032d-4d23-85e6-3bf3e02e85f3
209b03f3-2be1-46a3-a123-f1e8453d5179,AmEx,0a52530c-b45a-4742-bbe1-705317252cf3
1760e5ad-789a-44ea-8d51-22996af88705,VISA,8b630aa3-2124-435f-a7ee-b056b77e189c
f0ffb3a7-c56e-462d-8415-a1907cb751d6,VISA,cfa6cb73-9481-448a-8c5d-ac736a1ec558
1677ef95-607c-457e-b6bb-06a023a69147,VISA,c921d981-f719-4ce7-ac1b-957c9a3c6fdf
a4461a60-5d12-497c-9c96-d689578d6bca,Discover,60f62aae-8489-46c4-85a5-bdc0cc5114e1
e3dd1453-e92f-4443-b57d-722f930d3f80,PayPal,61de94b9-1981-41d9-8761-8e15266a1569
d57b2045-32db-43ea-ba40-fe4964bf516d,Discover,fad3af00-a776-4580-bc3c-4bce674ff3ff
f6e54109-b1d2-4201-b668-7d171bb2745c,VISA,2874456e-fa64-464e-b369-dddacfe176d8
cf882753-a0bd-4d58-8e3b-e5c1e8f1db9f,Discover,afb895d6-1284-4c79-b8db-5ac490d03ecc
c23f1b24-7e62-46e8-9441-bff096c0bc07,VISA,a8791733-9a87-462d-8887-c1fbba1e85b3
ea579f82-cccc-4ef4-a6b4-9b9df4123c77,VISA,53f7d082-6f01-41d3-b20c-4dde4c606371
aadaac54-24be-4f3d-8e0e-6e687555dcc6,VISA,bab8976d-8bb4-479e-9812-a0f454c30e53
2149409a-b1da-407d-93b5-065006417d0c,Discover,44860455-5745-4217-9ea7-aa464521e593
71d0ea00-af1a-426f-8afd-506b9bc1eef6,Discover,4be163b7-0813-4d6b-9de8-0604a0ab2240
cf519b2d-013b-44e7-8ab1-05fdac8a22e5,PayPal,011d076c-2bbc-4a80-be67-e3b7bdfb47b8
20a977a8-7444-412c-98ad-1569375f73a2,VISA,6d8e91d1-8766-4150-8915-f523daca9f52
b8b5447a-e04b-42a8-b352-5430d4ed9497,VISA,570cb767-fd63-4b35-b534-67e9dd702bf6
654aec43-edff-4631-b24f-4ee828a5ab17,VISA,7050afc5-d900-46ee-87b5-5193ec5905f1
a45881dd-06c5-4f64-95bf-3161b3b0a12e,AmEx,a8026c6f-dc18-41cf-80ce-7ed45be52929
3a26c51e-bc6b-4460-804b-163c4e5c98cd,VISA,549126ce-1f7e-4b1a-b6bc-d87e57a1669b
e9b7bf08-51a3-4a25-9fc1-9917657a554a,VISA,f172ec97-890a-4b1c-987b-6ba5b91e3552
da03c883-5e3b-47ab-935f-9ca9cd5b000e,MC,64ad8adb-f080-406b-8b35-f235755d08cb
555af984-d4f6-4191-a7b8-18a92eefaa16,MC,90c1a8ab-c661-4bc8-a5d6-4c9201ad1ef3
b4e1c3d2-ec53-49b5-a21c-ee0e45ff2560,VISA,2d7117c3-737d-419d-a02d-72bcf0dedfdd
22f17dae-736f-4753-a782-2e482847740f,MC,e0f886c4-4d8c-4bda-a02c-990425cba35a
ca2f7322-4ac7-48ef-acc7-d4e035f8ec52,VISA,88575ed9-e938-4c0d-bb00-49fcea3d7cf2
19f5b677-ab36-4642-af1e-7d3167f972d7,MC,b3400940-1b6c-48e7-9675-5f326d17e16b
1c5c706d-38a0-4715-ad87-11d1311b7c8c,VISA,798f9214-fc31-4b56-be49-aaf0d76e705d
40db4061-d91e-4804-b9a6-cc9ffd5d5e00,AmEx,d7072071-4397-4a2f-a5df-a00d2d16ed3f
d0a76d6e-3f10-40ca-b532-fb71e6ebcf6f,MC,f12b42b8-c2dd-4b1a-b604-bcdbe14075ef
200c4d7f-a9a9-4e70-8716-cfbebfa2af98,MC,0e1ea839-af84-4a95-ad70-a302b01bbb5b
ee059f1a-9e3e-46cb-a29f-dc69cb5d3c8e,MC,8de39024-a818-4930-bd9e-80e58277f993
eb5fef5e-5453-4977-a0a5-661774ad978b,AmEx,c138a42e-7c89-4db4-a140-c6a653a116f5
63531232-1e11-40d6-80e6-fd8f5615d1d3,VISA,485b93eb-6289-44ff-8a19-2af7f07ce413
dc43bb9f-74c2-4d45-9b7b-8be4f62cc13d,AmEx,38584999-dcdd-4557-9063-5f3fba80335b
42ff729c-0674-4365-ba19-9a76bb9cd9bc,VISA,1150f859-4998-466d-800b-85669ff11c65
f8e55707-2026-4da1-9f24-a584de94a8ba,VISA,0ae73f7e-bd2f-4853-89e7-eeeb82649f9d
df1dc2a7-91ca-4b81-b11a-b383dcc7a6c0,AmEx,7942914a-d87d-49a1-b6dc-e3a4ea1d4f2d
f78a86cd-7a1f-4191-90b7-45626bb2dcec,AmEx,f5982989-a2fa-49e1-ad87-9411d43908e4
cf811e7f-fa0b-4899-94a3-037e0fd644fe,MC,3f5a8a78-e185-4f19-ba47-8c3769400635
a5353405-b9e1-4c12-af55-9cb5d02678e3,VISA,ad862fce-4cda-4573-84dc-d0efcdec1bb2
ed9d3beb-d49e-4ddd-8e7e-c75194e93674,VISA,d4026ee7-4d79-476c-8417-ee564d410d21
49164b43-0058-4c90-8494-dd6e5c87f87a,AmEx,9587b730-6fd3-4a02-80ba-cffc261aa9dd
9ad34a8c-f598-46b2-a0a2-a27b4c9ff808,VISA,f46a901d-966f-4b9e-8af1-e0e0832137a6
e2652641-bccf-488a-8512-1f7b0e872ee6,VISA,fdb8d48e-2e22-4e83-ba6f-60c5a852ae26
53aa9f1d-324d-4af3-a872-a7349ff6d647,MC,431148d8-a326-4bf3-a6a1-0b5f0291d0fe
d16db874-fd1e-4d3c-9a16-6c81a72b3ac9,MC,a11a7cf5-1331-472e-9484-b246caefc7ba
166db918-67f7-414b-8e52-490bf2597beb,PayPal,fdf84212-3897-408c-9f47-e6101359fe31
af03f026-462a-43cb-b8d2-5a291466f7ea,VISA,94229ba2-9a1b-46f5-9eb0-941df9fbe7a9
c3e0aaa3-3fbd-471d-9a22-ae150889d141,VISA,86ffd81f-0fd7-43cc-9078-fea5dbadc492
9d7d69f2-e7fd-43bc-8f67-d942ce3fafaf,MC,ead12566-1849-42f3-bc11-c6adcad44c71
63c50482-03b5-44e8-9fd4-aa6406b3ec02,VISA,80fc712f-4c1d-4880-ac84-f075f2a2f240
2e28c61f-4db8-4a85-974f-065eb0c609bd,PayPal,76e8cbd7-cdb7-4108-bcf6-230c4ff72643
b04631ee-8aef-486f-9631-3be78f89a1d3,MC,e32e91c9-e07b-4003-89d2-52d8472c7123
7e198955-ae03-4828-a21f-ce21e5b127d2,PayPal,f70dfc8b-1732-44af-b88b-fcf180557f56
b0ee7b66-b5e0-47d6-a1df-ac7775b53119,VISA,4b2b6c6f-2a9c-45b5-82ec-0b2e9ef87c62
2871d3a2-718d-481b-811e-f777a7c346db,AmEx,4f9c89ab-df6f-4687-99c9-486b9aa9e4ba
5bc4d6e2-71d4-4e65-891c-c7a4f12c54c3,VISA,773ff4e2-0897-4882-ad5b-44c3fd45e874
6f571660-7ebf-430f-bc42-79b757f1711c,AmEx,cefc8b1a-2309-4669-a907-911c2a6dbf7b
e69472cb-8522-4ec5-b379-080212580c0e,VISA,d408caf4-8d8c-4d6b-89e9-88f62ae30185
35e313e8-557b-4ca9-a277-9bdd1c3fb05a,AmEx,b828d94f-1fdc-4738-9248-0b22f355c7d5
af3c4326-0b32-4ccb-8d5f-382e9419e604,VISA,cb44ba8d-7a47-46cd-a61c-c4ccd0aed216
16a185c1-c2df-4393-83b0-d3d6490d22e9,PayPal,014b4840-e53a-452c-8515-429804038d71
866d64a4-0146-49bd-93a8-dc8483c68af7,MC,95822b18-7bd3-4444-b112-5139bd9f5923
5ec7c359-b683-40e9-bb3d-4142c80697b9,VISA,283a97b0-3fed-4636-9f2b-aa99b5b739a2
66bd4d69-d860-4535-905f-e81ea51b3be3,PayPal,538390c0-dfe1-4525-b066-5dde4ed77ca3
ee3b4a7b-d164-4495-958d-ffb7959bfb8b,MC,fd311570-4c95-4584-ac38-a02ba44514ad
c34a11f4-d23a-4a5f-8dda-146dca43e8ab,VISA,0951cf46-f8d1-4b04-85c7-67fe922b4163
6c53cdfd-8b39-48e7-9b49-2b8330041185,AmEx,96d9a4d8-a771-4632-9bca-792fae05a8b9
76e01d16-174b-4bd3-aa9b-71b0326380ed,MC,585c8c7c-25cb-425f-989d-230408b55c44
df23f5b7-9eb9-495d-b5df-e68eae5fbc50,AmEx,0f31e039-b19d-4464-b69f-6fd4d9027a27
2be56660-ce6b-47a1-886b-e08fe2cbbce7,VISA,6bb344f9-01ea-4d47-9971-20d3da9cbd78
07e7b98e-c776-4129-9d55-54397fa20f6e,VISA,e05854a5-03a2-4251-8138-fb7da718ca12
64e63a1c-4e48-4201-822c-715b785ebee1,VISA,1b5cd6b5-6a43-4f41-8473-649e68816713
56b9e1bd-f370-4353-b4b0-03a4e8ffdb58,Discover,6b5a3b0a-2c74-4997-bfeb-4ab3d9361424
45314706-0de6-4cfa-8b5b-fa7b99ae97be,AmEx,c972c9d8-91c2-43ec-b9f9-22792e70cd38
126910cc-850c-47b2-9a68-e251c05c6658,MC,e427d606-764e-4f02-8d54-43a9ac142801
12fe3779-f134-4b86-8e84-ec91ac7cd5c9,VISA,798653e9-25c0-485e-b816-cd657c2b85ee
076093c5-eb02-4deb-a424-5a5915e3278c,VISA,8246dd49-e68a-4d62-82c1-67d551a5930a
50525d8a-bfed-4113-83df-338a178eeff5,VISA,d7acbd2b-5352-4d90-8b1a-7958cf30d1fc
3e4388d7-2a58-48cf-ac65-b66fd421cd9a,MC,0ef44deb-e04e-4f63-b49d-7fe8144a347c
6b893195-3472-47e2-991b-a6b6855fca23,Discover,2e18528b-fa81-4ca8-8204-b55fe09834c2
5877d407-91ce-4838-b30a-aa673fe83e3f,PayPal,dc822866-f220-43da-a274-3cb6d903ecf3
9de6d9b6-6581-41bb-af49-1508e6022a3d,MC,c65501b2-0085-4c19-a955-dd8b3bcf7879
3c33fa4a-c6a6-4802-a614-49f06d913e93,AmEx,44b9643a-e445-4a55-83c9-ad416b8866d6
d36ad322-79fd-4389-992f-01a48689b2b5,MC,90f5e4c7-feff-436a-8c1c-0e900b92cede
025986d1-b7bc-4c7e-b09c-66f63082b0e5,PayPal,ef466647-c15e-4c06-97a9-a57de9af26f5
77bec38b-fe9b-41b6-b568-2250eb7deadc,MC,c759c0a2-c522-4d89-b753-0252713e0c42
33c3c043-ecf1-4fd7-a32d-e4ed671d0ff3,VISA,2378096a-d97c-442e-bebb-c8c4abcdf310
7de182a8-20d4-439d-86ae-6b7cf3fe105c,VISA,dbcca418-d36d-4b1b-bc72-3b8d0d08e2b9
ba6a8976-fa23-447b-b59b-47bf53874595,MC,bd1b46be-56f4-4492-aafe-98350b48cc05
ffb9bdf3-0b50-4428-8e62-6197a91cad53,Discover,4f28f3e8-5983-457b-9206-2e5e60e42a60
f276205c-8689-4ddd-811e-c1c086ba8271,AmEx,18cb137e-75e7-46cc-a33e-62c4f9bfb2df
cdf52575-cb27-4c32-a343-fb67ca9ad29e,VISA,37b831db-591d-4278-9925-e3bbac0ccf9b
45b92c7e-f70b-4303-8803-2e1067fd3914,VISA,607ea24e-f921-4861-b04c-7f1973af6d43
10a0bf68-1b92-49f4-82a5-91624434d016,PayPal,feda81c0-a674-4655-929f-e4242d9fb14d
2b7f307e-5e9f-4c77-8ee4-99cab61783fc,VISA,96c552ce-8693-4a81-95f4-97461cb58543
fb021385-671c-4bd1-8abe-495044cd844a,VISA,8eae839a-552b-4165-a7bd-eb5f4baa9ca9
ece4daed-9fb8-4094-9804-dd438a6252db,MC,d4168706-7e7f-4462-a8dd-fbdcac5c0522
cd63703e-bf4d-4679-b2e3-46b269ce5e8f,PayPal,c8b0bce9-4d56-4b12-98a1-795b5da36ab4
7b868a49-7525-4bbd-81d7-cc18e9f4e56a,AmEx,37fd70f2-b435-472a-8f01-68c9bbc73bd4
c35089fd-fe88-42aa-8527-7291a4ccc906,AmEx,1e1b0a92-093c-4108-812c-291df3316453
1a0e14d9-4d68-4060-8d90-da3c01d8d028,VISA,933add4e-3885-4283-b4d7-c91c697af976
38bc1831-2eab-4371-8cc7-d9e094b648de,VISA,e140e278-9938-4a68-98c9-cfd921d3ae8e
892b8043-8547-497d-b04e-ee9e5289018e,AmEx,0b52630e-c0ba-4629-9ac2-673f8cd8f421
6ba27e43-60e3-4fa9-b40e-adb4dc1d7143,PayPal,0929bffd-3cd5-4a5b-8709-9322b35d4d8f
1a71c81c-34e5-4ad7-ab68-49d250cdd4b0,VISA,292a8f0f-f794-4138-8604-ab6896c54f60
bc0bc5ff-3dd7-4cfa-a664-a65401c8bd67,VISA,d5ba1c47-c935-4da8-84f9-4dcae6bb7bf5
8eb410e6-3a69-44ec-aa01-fc76922a6b6f,AmEx,3686d489-8cd4-42ae-9c05-0965c8bcbe4b
3a48a06f-8832-4214-8011-d329be6e5a6a,VISA,4c7ae595-1327-4b83-93a7-ff0dbb367d8d
a2c347cd-b89c-44bc-bd58-f10ca35ead8e,AmEx,9ef99f3b-ff1c-42d7-b2f7-143eb71d3d29
28a650e8-a106-4fa7-bc63-e5416d47bda7,MC,8e0d7e2a-6d5b-4e10-8503-f14744301d56
6520d771-3ae4-4322-8f78-5da62a1c6aab,Discover,75c19337-6eaf-444b-bddf-b3990bed2280
48c345ca-e34c-4def-acaf-ba4855f0a989,AmEx,8f4d4506-a7e2-403f-9ded-e539118ef973
0d7213b9-efb8-49e2-9c8d-f426f1eefb63,VISA,6b39c5df-1323-4d7f-bff0-043b1974eafa
65aecf3c-9e01-4e24-bceb-1daa895d5cac,PayPal,f64b37bf-1455-461a-ba53-edde4991a174
59de9416-ef47-459f-9d8e-a6661d661376,VISA,f6022fb6-d663-4aa7-ac1a-b85e3ece5449
28aea7af-8594-4748-a49f-47c4575b7a0c,MC,81997d9a-3d06-4ad4-bb7e-9f5bbf5f3d8c
606cf144-7007-4fe5-ae8e-00459a3e5a69,MC,75a57721-f219-45d6-881d-537bd736cce0
ef9ac919-9260-44d2-be0d-bce53b6768c0,AmEx,85bd4a2f-fe13-4ecd-b5d9-62000892a7b2
90c27146-a246-4501-91ae-ed39d7d8df69,VISA,2abcf445-6ead-43ad-a0fb-9d4b60a8f758
de831fc3-7a68-4334-9c90-465864f9b157,VISA,f89d122b-3c20-4823-8b28-2a66fdee761f
e2938581-3060-499b-889e-fc77290d02c9,MC,3a5c8fd8-6c15-43e5-8edf-54a6048901f1
27c09734-ff45-41c4-9b60-e12fce3107a8,VISA,ff30030a-ed12-44ac-b9f0-13205b7bd171
4c15ad8f-7489-4891-94e0-559a0ae0a71b,MC,8bcbab76-024b-4feb-8d16-a47b0ba0bea5
4af17376-c3b2-49c4-928d-951f950d7d99,MC,aa0db5a6-bf26-4fbe-81d5-02c76b51f9bb
d0e46433-89b2-4c13-aeca-317303bb76d5,VISA,b06738ca-3f07-4191-b8e5-b6f5f5816715
0df751a8-f204-4f02-a4fc-81ac69ba6ad8,VISA,f2a9964e-7ff8-4ac3-8881-da4475e03b70
c48595e0-5027-47ff-b9f7-ff8f5fe1d648,VISA,c95a90ae-1012-40f7-b6e2-b28a2d06f7f9
c749b8e9-6f44-4edd-988f-ea583be857a1,PayPal,611e1321-4b5b-4be1-8476-892f01037c9a
0f7f0e70-343f-4ad6-aeac-c51f33435923,AmEx,6287bfda-21c9-4e5d-a307-11b08ce2772e
d0d470f7-d71d-4277-9e2c-40e31fc4a893,Discover,72746b15-66fe-4b95-9a39-48ebf2c88099
fc5039fc-ded7-4af7-a0fe-9a207e7c1537,VISA,bed7860a-3f11-443c-bee5-0ed227f86e43
671b5f78-3b2a-4f45-b48c-7c26aa9ac632,VISA,4192a718-502d-47d4-86e5-87956647e1f4
bc107ef3-f9d3-4435-b94c-2782c9a4b2e3,MC,940bbaa5-15d6-48b6-9d6d-f85d5996b4c8
1c45092a-d1ea-403c-92fb-4334496abc10,VISA,7bb50482-1eb0-44f4-8b67-a4637697d1c4
5ea77338-8dd7-4e78-a545-64ce089ebed2,VISA,a1d63b6c-5fd8-413d-93af-1ab899abcd3f
4f84b5a8-27aa-4de8-8ea4-15c8f28219e0,AmEx,33bc52fd-61dc-4373-93da-282dc82b917e
a76cf8f2-c241-427f-a115-2742b01b6c16,VISA,3e3f7b62-7e02-4d1b-b085-93598f166487
eccda61e-e3a8-4894-8eba-95ffdd190887,MC,162e1ff6-37bb-4614-a5b6-96c95b9bec5c
3543c39b-bbe4-45ad-ad98-0e9a22ee56a8,AmEx,a8b18584-b0e3-4921-a6d3-dc52730823c7
59f9f7b6-2813-402b-b103-722e0687f81e,MC,c6703523-36d1-40c8-807e-c0b5bf79b6a1
85a89da0-88e1-4a59-a5e8-30cafa2942b6,Discover,9feee2c9-c9e2-4448-94cf-79315c218059
e396265a-307d-4702-9f3c-2f181bfb91b8,MC,98039db7-ee02-42f4-a619-32711253a181
33441a86-7258-4530-9247-f97f5fb2a17f,AmEx,7281c448-49cb-4d94-ba17-a83c8bb499e6
9f33dd41-76f6-4095-92be-9f464bd5c89c,Discover,4903373c-6a2e-4e13-b0c2-bce5f712a595
d3ec8f7d-35c8-4203-880e-2690194ac091,Discover,5eb7536c-9327-4aee-8a14-28a414758f8c
bd32b504-2e6e-44f6-b499-e53eef23fce5,Discover,42121f69-efa0-4e06-bb0f-a21a0bd54668
15026308-2f76-4cd9-9aac-0eefd2fa4f51,VISA,6d17a1e7-c840-4678-ab15-7004452d13d6
90155c59-b38b-413e-9836-5dd289e8efaa,PayPal,ab208bab-b3d1-48e0-96ee-08d0da69a2e2
7906c0c9-c5a2-47c9-a7ac-0d6bda177cd5,MC,35767530-b795-492c-8767-810dcea3c020
0af6138e-d741-44fb-8302-8fe37d866c05,AmEx,227b49e3-a254-4a50-a8ee-1033110ca69f
42437fb3-a6e2-448b-a4bf-cbbd220d91b2,AmEx,87422d46-10f3-406f-9225-9fe45f8c9bec
8e1f81b4-47f7-4a60-8670-af415294c0c8,Discover,89c1bab3-b64e-4654-818c-10516c3115cd
057e371b-679f-4655-88bc-eb6d86f2842c,VISA,83c16c0c-3e30-452a-96a9-fa9c1d4247db
dcfbf6d3-2994-4d5f-8662-695a8460bc58,MC,61dc9431-8ac9-4393-978c-b5c14aa156a0
ef4effb8-96bf-40d5-b200-a1647274948c,VISA,061d568b-f3e3-4298-9882-8d174276c281
aa8b140e-7d85-4a6a-9330-99e37bcd2bcb,AmEx,cfe09b61-b157-4a88-8916-45df19f946a3
3f0f9ea3-2bd2-4630-b8f7-2359968ae8b7,PayPal,5f019370-1092-4b34-a01c-b911bd5982f9
e11eaa00-9127-48d3-903c-9d00e6258388,VISA,4a0960ff-1020-482a-b0bf-09bb5a2a1a7e
a101bc4b-021e-446f-aa4e-b68edcdfe71b,Discover,78d732a6-714b-4986-8b1a-205229ced88f
87d838f3-09e1-4264-954a-cf66c33f3e42,AmEx,bba7d963-9a44-40b4-a401-18c900def978
01fcebfd-f0f5-4ca6-ab96-d11db54ea139,VISA,e073684b-2fbb-40c3-a189-82d2efd4f610
59a39f25-0771-4bf2-946f-7e7ce1d2c30b,VISA,a413929f-3ee5-41d5-bb6f-4ad91dd737e2
208eb931-5417-4f5d-b16f-270133162a3e,AmEx,698dca89-4cb5-4038-a77b-560176028b0a
d940ad24-4e64-4a60-9aee-2d8d35dde446,VISA,7e34fea1-c0aa-4672-ae5e-bb3bc18de1fb
1addf50d-ed84-49ff-9354-8e6d4bb865a8,VISA,c79c13bf-2a0d-4ee9-83e9-24574b52f48b
bed28e47-1b60-430f-9490-4204e7bb3f77,MC,d02dfebf-acbb-4307-9049-fa98f5e328ac
6af753ef-1137-4cbc-bb3d-d27d320b0377,MC,9331465f-dece-451f-8308-b77beedc7f62
643fc597-5437-4e1c-a92c-4e5cd371e33d,PayPal,790a1bac-32c0-425c-851a-f9482120541a
8cd70c86-0d27-402c-97e6-14d1aec19db2,VISA,e319bcb5-ee5d-49d0-ab36-793e27d13102
e29da498-8148-4bbc-bc38-17148ca85738,MC,e82a48ef-b2ca-4844-921b-778a4c350920
cdbda2de-5ead-4d83-9b34-84380b94ea47,AmEx,ae5dbb07-ce2e-4673-a6de-fa2cbd0c2b97
c49f4576-503e-45ce-a406-9ad1a828fc02,MC,23f198e6-1ce0-4a5b-88cb-09164ad41471
784245a9-4bdd-4775-9f4e-8e87135051b9,AmEx,e26b85d4-48f0-49ee-bd46-41a06d41449d
d7a580c5-425d-4ea8-b20e-ffefb9a8dc6c,AmEx,5986eba1-3255-4afa-a057-d6f29f03f30b
1f35739d-eca8-43b7-85a0-8cd016833006,MC,a12a5e9c-9e5f-47cd-9afe-cb057e991a73
22bc3c56-faba-44d0-b549-5f236aa3be6c,VISA,e9ace455-838b-4014-a953-f85f942e0618
8dc152a1-5e8e-473a-8a33-2323e33f925c,VISA,dc5ed8ac-9144-4f97-96df-2b9ed7296cd9
71b3c5c4-b9cc-481b-aba1-505ffd2aafbb,MC,55384553-ea87-49a5-aa9d-a25f077b068e
990596a1-62b6-43a3-b120-b9d5686b5392,MC,1403b990-9720-4fb1-9e28-51b50d4642e3
6fb3a15a-5dac-4b26-ad63-79d4bf334f72,Discover,01ecec85-5053-4c3b-bf3f-2263f8321c37
333f2323-ab3e-4603-b507-657b22868e94,MC,b53ecb20-0680-4cfc-a782-98c6f762c525
cc203760-d1f0-4ca8-a4f2-7c8c9ba863ef,MC,2e806370-fdd8-4aec-970f-0b96df4d3812
c065f171-a530-4f6e-b3f0-386ef2e7b937,MC,95b24d47-1db5-460a-a9d0-68229e49d76a
83b84a3f-3435-48db-8971-d86e3cf3f483,VISA,ce02ddce-047f-4886-ad6b-ab23b8ab33ff
c01772fb-7299-41d2-bf55-444e4c4bd4c7,MC,91986e8e-7382-4dba-8731-018af24db7ef
d1b8545c-ec06-4fed-bcf4-421aa92c7a8c,MC,595b04cf-7201-4b3e-8eaa-625c1d6f7f88
87f52bd4-e716-4356-a28a-e8d649392141,PayPal,21ed6df6-0337-4e7d-883e-e0af59624234
e65f6447-9542-4b28-9049-6491c0a8ab7e,VISA,a06fec0c-d770-4bf3-8546-bb8cbe5fa7ad
3eb55ba0-0390-4a39-9194-0f70a9b4eade,VISA,57853732-cc01-4102-b81f-7efca007e716
13bbe785-cd38-4c01-9a6c-97b5bca9ca49,PayPal,64530646-ab24-4527-af84-912596e9ac6d
759fce7c-8b5d-4b2f-aede-0ec6d7bd8d30,MC,360fa351-c6e7-44b0-a7ce-541941731e03
c0abe275-8825-424d-b539-ecb36501fae9,MC,6c655b8d-1b3a-4468-9be0-56094db22919
ca47f6db-fd51-41c6-b267-08c5a14b7ce5,MC,201c76a0-04cf-4555-8ac0-684ec4bbfa23
3389a296-ce89-4b39-ab12-ae2c83ec1ad0,VISA,11958d04-24d1-456b-9920-c985e3be3daa
0833be5a-1da0-446e-96ae-da5b68ab2c9e,VISA,30b6b7be-b733-4db9-99ea-6e9cce7853dc
56fc288a-60b3-4851-939f-ca7d0b38679c,VISA,9e045283-708a-4f2c-819e-4cffa7385362
923bb723-6fa4-4dde-ab6f-55a59c1a0132,AmEx,29d1b1a5-2b36-4985-99ae-d64e181783ab
11951475-73e0-471e-b4da-9943af5e2d15,AmEx,83271e53-5360-4c09-8455-60501c65c247
2c700a15-eeec-476f-9de9-113fd992032d,AmEx,d52e5baa-916f-48ce-8801-fb11f0309249
18b6d08f-fbfb-4207-904d-adbede72fc9b,VISA,7204e5c2-b866-4224-a337-b62310925e8a
f48ecf58-d949-4fd1-98cb-33eecc8f15e5,VISA,b6ea3bb9-620d-4207-9110-4f2318c0aae0
5afcb2bd-3c60-4ebb-9791-1d1019b68ee8,AmEx,618d2272-3f49-4f70-a3a4-62733d7e7acb
f9ddf25a-0613-4d0d-92c8-467a8e68931f,MC,da43a5fa-de41-46bc-bc1a-6d105c550e7a
a26754f2-07b3-4bfc-9379-55f52fab116a,AmEx,ce4699c8-c613-4c35-a60b-da85bf1068ce
e6e82391-5645-4174-a5f7-f4121b31526d,AmEx,eb5cccb5-a0d4-4edf-8bbf-d13d7346ca4f
feea6543-d236-4c5c-acbd-e050c21cb313,MC,699037bc-3f87-4f7a-b8ec-d3078ae6bebd
360e1583-bdda-449a-95f4-29550e2434db,VISA,4c6c02d5-b8e2-42c3-9bce-9c07e2b9421f
74af9419-62ee-4cd8-bba6-bfaebaf06a0f,VISA,aad7f6a1-f889-4801-b32c-147eb9641226
0d1dc843-4cee-463b-9cce-caed1c566508,MC,1d826328-b490-4202-8d9a-630c0ddc43f1
bacb9b9d-5e9d-43d2-ad48-2d98f60b092b,VISA,21c41091-7b9b-4d6d-b15b-d47b0a6aa8d7
551f08e5-a7e8-475a-bd4b-7e2738bba830,VISA,b69e86c8-5514-48fc-8435-cd14a96157f8
e5ad322e-a496-46f5-9d57-180ea9142903,VISA,e0170949-7508-4dbe-8f86-2d38cee5897b
79943fcb-2c5a-4e99-9eea-fc5b8b751b94,AmEx,7e1f11d1-1883-4a3c-8544-9be4e1cea8b5
edb05404-2e69-4ffc-83fe-b016cde610b0,MC,3c4c0f4c-8679-4f9f-82b6-a048876b0934
a1c52b4b-b4f4-4a27-8900-f71001525bcb,VISA,e08780ad-49b8-40fb-be14-25a32b459193
d85071a2-df00-490e-9f7b-fa616ac06200,MC,4e95503f-7190-483a-a5fa-9d3b1eaa3cd2
2d2248fa-1168-4199-8110-2584e1dc8cc8,Discover,a4cfc21b-6d39-40c8-a890-c8acb595a111
df1cd83e-b9ca-4fbc-95c8-ed1c0db107db,Discover,198e567a-15e8-43fb-b7da-0f359fb90caf
e51c69d3-e3e6-4b13-a477-1f8b8617c40c,AmEx,b7c99091-2fd8-4540-b295-4693792f1910
848af855-c3bf-45aa-a324-d31bb5295b3e,Discover,0e5b7213-2f20-4684-9bc4-27a0104ac01e
6d89db3d-db0a-4a41-b8b1-eff06989a36b,MC,c00499cb-ce1f-4c1d-8149-2ac03c18f754
9f74bd6e-8f57-42fc-907f-15f712d3dd78,AmEx,1c3e777c-85e6-4256-886c-2d6bae76e8f1
c5aae8ba-3900-49b8-854d-f556304d2886,VISA,8ab9026d-59c3-4317-aa23-4f9c6e369ffc
2d1faf29-98ac-4330-af92-d4af9e2954bb,Discover,31e4495a-77ac-4efa-b61e-12473f973448
86870951-fd43-45d7-92ce-6b7cbdf8e831,PayPal,b6342a82-113b-48ff-9b64-a1299b9a1be3
780282b8-485a-4176-a3ae-2479f75cb137,VISA,0a72b3fa-86b5-49af-9270-b466b6984cbd
21780321-7488-44b6-a108-da681941adb7,VISA,1d737812-76ff-45fc-9ba1-30b988fa7b98
9eb330af-44a5-443e-91b0-9f505d50818f,VISA,db87a7b3-75e8-4957-b365-190ad4fb0133
a4195fc8-be21-4333-91d3-65626c3135b6,VISA,b6c8ac25-db46-474f-8906-a6c2b3d9b2d1
b51c2bce-0dab-4366-a943-527e28a37c30,AmEx,3289275f-c2e8-4089-9141-8febdee236a2
5d56df9d-6fdd-4a8a-a0f4-b2cde0aa4a41,VISA,50adc4d0-326c-42a5-a2ec-906efe850941
83b5dd4d-2ce6-4755-bca5-93288e29bd6f,AmEx,1b587c77-4b9a-415d-821c-d389a60c4d7b
fb5d3e99-aeb0-4fd0-9bf4-36155aa0f4b1,AmEx,84671785-541c-4104-9f6e-dce2aa0d98b0
122f777b-8c0a-4318-b5f3-b3724e06ba32,Discover,325e88c0-c61d-431f-913e-54c15677da40
3bc59234-7b4c-46c1-9eea-24dca589fa18,MC,01a6d55c-c0e7-4e6c-8b63-01492fb4d631
7685c6f0-e97c-4d9e-bb25-3d8c4559eb7d,PayPal,d1035a35-d676-4fe2-b01b-01f4e20f531f
846df3ab-6feb-4771-9896-8476e14b72be,MC,96a447fa-9566-45b5-a20b-5b8093b4640b
e62adac2-a12a-4e57-a3c3-c499e0634fb0,VISA,80a20ddb-9c89-4185-9323-a096b92c3177
d87d681f-1d22-4d25-8770-7228246ba8e3,VISA,b89069ab-e56a-4c1c-8eb1-61c6b69c1897
0867b930-a037-47b1-89c4-6b125a1f5f29,VISA,48175c83-e653-41c4-b00a-13d7881ab194
2f23b769-e111-46d4-81a9-ae326330f877,VISA,ab5f93c2-aea4-490b-95f1-72d38ca2c903
8a6f105c-3efd-41bb-a967-afd360ff8d41,Discover,bc66ec90-71af-42e0-b9fa-eea787a7ae97
e27eb1c4-e2b7-4be6-989e-34ac8c23db84,AmEx,8f222dc6-9e2e-4970-9ef2-3dad4c6532b3
77bee8f6-698b-4109-9c6c-8206e00f19c0,VISA,41548b06-9d69-4712-a298-51032103a31a
f9f98cee-f7bb-4f8d-bc26-c5fe63158251,Discover,c91b0525-72cd-4ef0-8ea7-d91506dc4418
e3d71555-1f94-4aa2-b8a2-98134f238736,MC,6cb788fb-adeb-497b-8f90-f54a3e02925f
119fec9e-5e76-4e6a-abf0-b6d477561832,VISA,c583a895-1fe7-4b6a-8fa9-eacab28c00f9
46f6bcc7-5a4f-4df2-a820-2c0ab91ab645,VISA,939e11b9-31fb-46c1-9ba2-07a1719aa96b
e734066b-0f12-42cd-88ca-62370c6515ef,VISA,68fb33cd-9ed6-4a62-83e1-5f20d5da20d0
f9a7932f-6db8-438d-a4e3-20384b76d3e3,AmEx,e57b0ab9-1eff-420f-ad43-9c84cdd4c26f
9c82992c-d496-4602-9369-350e2806e489,VISA,5cc4944e-80ad-427d-a12e-c155ad32b0ae
16e29569-4115-4a17-9807-d5f5ab883cff,VISA,04b308cc-1538-4a1e-b534-c56ac5c3c273
2cd7a40e-02bc-46fc-901f-8617c7674c4d,VISA,0ccb4096-3204-42ee-956f-2780420798fa
5abba61b-f215-47d2-aada-c5edeb03ceca,AmEx,2d819ec4-0611-44e6-adcc-27098f2ccc0f
ebb99617-b565-4a9e-9008-96b41efb863d,AmEx,ed75424d-75bc-4a7b-ad32-9c8272405803
49948ae4-7387-48c8-b330-aaba0e7b302a,Discover,3c1850e3-0430-4d8b-9efb-e2c88cb4c1fe
25728463-4e33-45d9-8e53-8baf736c7bd3,VISA,df875b65-e574-41c6-8133-8ea0e25aecd8
6770b11c-b6fa-4225-bf6b-42681d111dec,MC,a79af9b2-ccd6-4721-b96c-31d66da2d228
e82aba7d-a07c-4b2b-a693-7db44152dbd3,AmEx,95a6260a-1b9b-4556-a132-008f8665d3f8
35a756b6-5cc8-4ec0-bf02-cfb1a408e8df,PayPal,f95e999a-fadd-49d8-96b1-1b7a1601d331
d416b8d8-9b45-4654-99e2-312bf7964e6b,PayPal,289e5369-0d9a-4d4f-aa7d-c73f85312568
c1bc7280-3939-4f84-be35-44a1ec6cdc05,MC,be0c2bde-f37e-4dec-9da0-ec55bca5544d
c90b2daa-f10e-457b-8ec1-5d42007ca1d4,VISA,8f05227f-c875-4ca7-b137-4d34b95c3164
9c6e6a7b-569f-4733-b2ee-ed223bdcf7ab,VISA,2e8016be-240b-4365-83d4-3031abc7da9b
14c90888-11e8-4496-a496-e029ae5774cb,MC,62fe92f8-04bd-4ac5-9f06-aadd12692cb2
717055c4-f4e0-4a0c-b603-10ad2c91380a,MC,ba128ec8-5a82-48b9-bbe7-753bea569548
1bcb89f6-de44-4aca-92ac-ad04b00e90de,Discover,f35b8ade-7bc9-4f63-95b5-cf2f06eda129
08cf944c-469e-4f00-b8be-592e377f552a,VISA,6f48ad8c-f86a-4edb-9dff-ae0449f6e345
47449558-6a61-48bd-869d-55f564d97236,VISA,eec59eea-ccab-4df8-b8b6-dcaa64517dd5
6369da6d-dd4c-478e-bdb9-ff7559337fd4,MC,20256887-1d6b-4d0b-8923-fedb6e4e53a4
0b040d2b-3b2d-490a-a645-8b65f8e3df6c,AmEx,ed48d85f-ddb9-4bce-8847-d706b55dfd57
82b614e3-f707-45d4-9075-ef259201ba1f,Discover,4f83e64e-07e4-4851-984d-ee28e3124caf
a75c2ef2-293a-48e1-a9cf-d821ff8c5939,AmEx,63c8eb61-f583-40ce-a5ba-6688441ac5d8
01eac142-578a-4193-aa3f-b3a48057dd39,VISA,7bac525b-692e-4069-bea9-f83759c83909
3d5ac434-1454-412b-a4fa-061bb655886e,MC,71e2a0b1-0135-42d1-8a8b-d7af3f1b7e6c
74612a63-d2fe-4f31-aa53-3a7a267c08ad,VISA,7f30302c-4131-41de-9ee1-48e3ce29058d
34d9be69-cb61-4b29-8783-49ebb84bb574,MC,89bc5da1-2ad8-49ff-9bcc-b7af099e79fa
b85c62bb-7cf3-4cc2-aa6b-08883eebca59,VISA,2dd27def-4510-41d2-837d-449f8b837489
a6d13a5d-3af3-45cc-a5f9-c141f229427d,VISA,4f41f856-8fb8-4990-bb71-366952f75612
d2ced2ea-2d5b-4457-8975-e34744569115,VISA,00e28db5-0cb6-4779-b7fb-d3123f006ce5
abfa4bae-2fd4-45e0-9adc-ce6771674357,MC,eb52fd21-7cbb-4d5d-9235-a4bec1651fb0
1107e0c1-6e34-406a-977e-5da496ac25b4,VISA,a16a0fea-2e4d-40cb-bf7f-577fdb0932c7
54548c96-1c2f-4f1e-b0e6-1ee1e8025129,VISA,c21d9fba-89fe-4ace-999b-0e85d8ca6b89
67f7e45c-2d0f-4343-9bd1-57207de2979a,MC,9532ebe5-12b8-4f7f-9226-841643e91c08
3e685ca0-a577-403c-b1ee-1d6d0a9cbbba,PayPal,3fb0da57-0ca1-4128-8193-beab23e314d5
5e7fb6c7-9456-4b9d-ab0e-2d810767acfb,MC,68faee1d-3699-424b-bcf3-d51856854231
dc26c23a-b36f-41cb-ab77-f790e823fb0c,VISA,4a70c301-3f07-400a-b764-84c227111b9d
cce8b42b-4ec5-40a5-bf38-91dd2a17da77,VISA,b6909bf4-d314-4d6b-8a05-7f56f7a038b6
c51f1f46-6da6-47ff-bbb6-f52b0e19631d,VISA,d6cf8001-5b6d-48c8-91ca-259eb2de5ca5
e1319fe5-5f9f-4d71-8716-36afd605a76d,VISA,0aff80f5-4ca0-4da1-bc08-55b3a4840f54
2d206ade-4e10-4415-a876-e0ac9578b532,MC,b6ce0797-3c94-46b8-a866-6eee0825a18d
be87c444-6fe2-423e-a79d-3cacb9b402ce,VISA,f4ac7416-569f-4677-8784-7bd5d91c1f28
fa0078d7-b337-4a2b-9e44-b38b74afcdc6,VISA,f5c3dcb5-2ae3-4f75-a50c-14f00d6e3124
ce80f717-9f44-49ae-852d-b495fb57b27e,VISA,d3f83446-0e92-4cce-afe7-9eaf49f39276
9bd152f3-5119-453f-bd29-82195e391e65,VISA,d4f0b0a3-07e8-402a-862f-a8962791d171
e5719aa2-fd92-4814-9f9f-693122c85a6d,Discover,c5dcc497-33c0-45d3-a974-9b7bb8b2d5f4
a01d74ec-864b-4b02-badf-bd81dc759619,AmEx,0ea3f5f6-884f-462f-b352-bea145fa99c9
aafe21fb-f21d-465f-ac87-06221b0be343,AmEx,e898be01-95ac-43f9-b4c1-26023be49460
02c60e3f-7e18-4f83-b9cf-5d4b86b91954,MC,845fe262-6883-49dd-9903-f170b0cb651c
1a962e0a-85fe-4dad-8aad-91cfae92f0fb,PayPal,f5bc8cad-0376-4b30-ae3c-5f3c5e1f9b58
d0db1388-3449-48f4-855b-2c5c77d0f3a0,Discover,f6cd405b-a15a-4540-acb4-a7820b042d3c
c5fe32df-81ef-4714-b871-ded9c50803f2,Discover,ea7ce3e6-3558-47df-b0a0-e541c6fa39ab
6a7043e8-5947-4b99-bcd8-79e832b65b6e,MC,cb18e2b3-9354-49a1-a003-7382d5605f6a
f6511f8f-bc84-457a-8ddd-9a62c9f3aa1d,VISA,cdb17a2b-35f2-4eaa-b713-b1db70a625e9
2b6e77cd-8b11-41f1-8f0c-6bc703c75845,PayPal,ff8afc5e-b142-4a54-95bf-b6cecb3a921e
24092cc7-17b4-4ab8-9aa0-9038358f6fc6,AmEx,daa83559-4349-44d7-bfe9-113f7ae8c1a9
a875f355-f5d5-45c0-9e3f-47926738ce48,Discover,08a52a56-509c-4d38-bed9-3f65c0a1a10b
f5c4e20b-b68e-40c4-a3dd-043fe93b52ec,Discover,d679e60f-1fe1-40e7-97b3-d6e63d921818
eee2f6f4-c17e-45f2-9a7a-3100cf4d109e,MC,2173cc7a-832e-4f58-b8b9-b40af0f57e5f
fbd2218f-34a2-45f6-bda7-49c8f3ca732c,VISA,b58e6a18-b673-4d5a-a0a3-8f8fa7841ced
72ef279e-4ac9-45e0-9528-ac92dee13fd8,VISA,bc3d9c88-4aeb-467a-94eb-31e4473d925b
bee07af7-0fac-48f9-8962-2205866c6c51,VISA,faa35307-7176-4f9b-84ca-284a0c0092f2
872ea368-2e84-45c8-bc1f-67be62649330,VISA,59c37127-b2e5-4176-af84-e0098d5dec3b
7c93d0c1-8252-426e-8d83-7c871ff408aa,MC,6958d742-a791-4933-9392-fa3bd73d9a83
bb3654f9-d9f1-4f46-be90-b20c0fa53308,MC,521eeda2-7274-4904-90b5-020bef196aa5
ad8499f4-8539-485b-bf52-4c0b2aedf6cb,VISA,285bb50e-dfb7-4820-80eb-6ca4913931dd
25806c5d-f0a0-4b91-b8f2-2cbeaa796d24,MC,e68e2a00-34f0-466c-9a13-082d2cf2c808
2f0e2e0e-e050-4c4e-a2ac-0c8438051ae7,MC,56448957-925c-4e4a-ad16-b9af9e287a07
7bff9bd3-150c-4cbe-ae2d-ebfdc7280a17,VISA,32ccbe98-1647-4673-9742-53bb5c511da4
24ae632c-ff41-4bdd-97e1-bfab6697749d,VISA,0673efbf-09fd-437a-ba36-7ffd7a915589
d450c56f-4144-4fef-b8fb-cae4b2e832b7,Discover,1c4aae0c-7f31-4018-b6f7-fe0ee6eb1e4b
c25b19c6-8016-4edf-839e-72442c81ba19,VISA,aeaa0012-3da3-4b7e-899a-e4559af833c5
7bc04bf8-f203-461c-8788-49e81d72a23a,VISA,e0577dd5-300b-47b3-9f8c-e5fed306c7af
6831db3a-5c12-49de-ae7b-bcb04107f038,Discover,0ce0e1f8-9e7e-41b1-bad1-594ec5907904
6c9a8529-877a-468d-9a02-165aa5d55c38,MC,a0167f3d-4f39-461e-95bc-d08453eee682
b6e93b40-8cdc-464e-820d-1e10c5d2ad52,VISA,86fbf56d-c660-4751-946c-76c1e0843504
c9d89281-1ecb-4da7-8b90-8b952b13480b,MC,e1c2916d-b56b-4f6f-93ad-a5bb3518c629
62dc7da5-b8ef-4010-af27-271710c299ce,VISA,2e125012-6fbf-430a-9e25-e9c2d4b85688
51313dfa-22a5-4894-8084-83f1fa91e947,AmEx,870e2226-a523-46cc-894e-a4e92e02be15
12715a1b-b8c3-4ceb-b43d-f41c1e6be6d0,VISA,7a6e3123-471c-4065-a190-c9aa704ee17d
974e4b1e-eb0d-476a-a365-b6972c7249b4,VISA,a5df42de-1239-4abf-b5b6-3b232084735c
42b3522e-45f6-4769-ab18-d0ca432b55b7,MC,2e13f600-e16e-4322-b46e-e12961769b5d
c63a9b00-49f7-4638-9a62-e5653e53d313,AmEx,25009e93-9458-4083-8b17-9c9774d13623
7b75cbd3-cb93-4712-8a3f-fc8ada21d4c9,VISA,37ba0f8e-ff7c-42c4-945b-9dea5b78f3e2
d64927c8-e667-4c8c-98e5-e15e2e6f0f6a,VISA,f82d6c4a-f1d9-4e44-aaaf-3c9f87c63781
ca10095a-a6ee-4a79-9b4f-79cf753bf224,VISA,1c3023b5-4b2b-43f4-8745-3409fbe17666
2c99d791-755a-4ddc-adbd-852d4efd3923,PayPal,928cfee1-1029-48ae-be91-3468db531e81
a4731f06-b4e5-428e-8ccd-1f546c2d4aeb,VISA,f66cfcac-030a-45b7-bee6-4a7d26e46ebc
0d2ca96c-f448-42d4-b1f4-bbab859497a3,MC,15ab8f90-9434-459f-868b-680d7bb6c5f7
94eeae19-11f7-4897-ab92-81c1d0676d9d,VISA,8f8fd5ed-3f16-4878-aace-60dbb1fa4347
74b8a0cd-1d50-4428-bb01-b49c55bf746c,AmEx,2290dbac-68d4-41af-9807-8774a782c344
2c70c019-518e-4058-ad65-edfd0b89e0c8,VISA,83671a45-7535-4f36-9da8-f2a93748c8e0
db228e5c-1f88-4edc-8ef6-5e209cd16700,Discover,0486a53d-ff2e-4ea9-b5d9-67b08631cd44
e7252026-a4c5-4326-83a7-49da3c1a05d4,VISA,57b72f9f-169c-4398-8b82-970713ac4085
03ae7468-b85d-4ba4-8ef1-ada29eb768e5,VISA,bc980585-192a-440d-8ecd-e6e83bb13f92
732453b4-ccd0-4fe5-b1e7-59fd4fbebb70,VISA,3141b424-cdfb-4d75-be94-4feceff76883
99dac74c-2b54-48c9-908d-0eeab4db7886,VISA,9be864bd-0473-4d6b-ad77-a9a1300d053d
05f253b7-80d7-4c4d-a20d-6b45824cbf11,VISA,f187d6f1-ade3-4138-952f-6c6549bd5d72
94cb198d-5dec-4d17-b46d-1900ffc118ec,VISA,facdbc81-0a45-48d5-b090-e721cc9f2148
806261b8-decf-4a4f-92d6-001e1f59031a,VISA,e3cbe002-5f72-4e65-8c44-300489e7cc1b
ecd9a054-c456-43ac-9539-21c7d7e728e4,AmEx,48d16500-f8fd-4faa-985e-329b7a933aee
4cbd1743-667c-4e84-ada2-46ff7a7f6ef3,VISA,1076d01f-d942-44e1-9f09-3fd8241cd10d
245d294f-0db2-4084-afd4-9165818bd4fd,VISA,4b16fbc2-d49c-4fcd-8a7d-ddfd984bff42
a17f919c-4e4d-4d49-b5df-aa319a7eaff6,VISA,d0c5d89b-f690-4ef3-8fdd-2cd3504aafe9
aa3991f2-801e-4e23-84ae-153af405b4de,AmEx,96dd8be9-98c6-47a7-8fc6-323d5a9a141e
3bda7e74-6bd8-4b07-9b29-93448cd56fa7,MC,f5d6abf9-8516-4334-b21f-c11c2f1a3f2f
69fbde17-a072-41d6-8e05-9cda4b848cc2,VISA,757b684d-6efd-4488-9ff7-d40861a0ff85
db1bd17d-05a3-435a-ada1-bfc79333e34e,Discover,c7be748f-6175-48c6-87dd-97acdce3d694
ffd8a0b9-3ab7-4244-9cd7-e4d130f01f83,Discover,1986ecb6-bd2e-4f04-97a1-4523843dba6c
82ecacac-889f-402c-a4f9-77c7c4d160a6,Discover,1dd7c05e-14df-4fc8-b68c-3a3f687021cf
de9b95b4-fa45-4947-b900-3daa51fa2f3f,MC,34b053d7-493d-4f5b-a7b1-b5e978aff779
117dcaf0-c88b-41cc-be86-1aa0fda15e1e,AmEx,140cbf28-0abb-4ab7-b997-a314760d3323
4fcff888-31f8-4ed5-b53c-69a631e426bd,PayPal,44cf3d6a-d7cc-46ab-9221-529df53e8dbf
bfca25f7-d443-4d9c-8515-ada6b7d9ffc9,VISA,98fdc90b-9476-46ad-b53e-99f7b88128af
c6ee89d0-31b3-4b14-8329-a32fa2b5cc05,PayPal,bcf5e385-5a65-4836-8a4d-81b9495fb4f1
ee2e572d-2d5e-47ca-9f3d-8b0184316b86,AmEx,5e5aea65-d183-4f73-aee8-56ec6db644ab
0d4b5eda-68a5-4b74-8d08-f6c8d9fba98b,VISA,fa321036-2359-477d-84e3-5711519fed17
12db53c0-8416-4167-917f-e1cffe24939b,MC,246d4fdd-eec3-44b6-8b6a-eeacf1de3be4
da9b8467-c640-4e8d-985f-800df3b2bcfd,VISA,0802577d-6a2d-405b-8d1f-2ab285b7ab22
5ec310a6-c4f3-4012-9665-e6bc3c91402b,VISA,d9c21c0e-506c-4c27-8bf0-a427b16c7837
830757c1-d87e-40f0-a344-6edee7d9e6f6,VISA,ec1b945e-3701-47fd-8c8c-dbd0ab691e01
3e12c84a-3f80-4bb0-b54f-4a68cc6da8e6,MC,0f2171da-12de-4467-960f-caa3f7efec4b
328e3e32-fb5c-498c-b628-ab897b27afb9,VISA,90f9f4a3-0cd7-420e-b719-85b42ba7769a
2bb0bb6b-1d57-4f8f-9667-8e7b88130a60,Discover,a0810a03-2b4d-4c31-8f79-d84b8cd34001
38a2ed63-0cd8-407c-b28a-65544eac27d0,VISA,e3510c83-72df-45b9-8f00-0757622fb878
e8171227-5479-4ab7-ab64-ec8f79cde3c4,VISA,d2278515-b899-4b86-a265-4a1376187831
e38ea552-da61-43dd-a3fc-55c31778be7a,AmEx,5a43292f-7c88-4ae6-a22a-0d00b2cf8150
c1e064c9-bbfa-41e1-851a-292e6bd9616c,AmEx,e8e74cac-e3fa-4619-afe4-f7c6df2acef8
607edcea-26c8-472a-99a7-bf6deed48001,MC,3bc0de94-aae9-4bfd-aa5a-adcd43e99240
f2dabb0e-1a00-437d-8fe8-ebc7e53d0d3e,MC,4e307e28-c1ec-48a2-8946-2025a5f608d4
9801b15b-4eed-4ff5-ac27-7dbb5bb2c923,VISA,339d60e6-1af4-4894-8905-674fafaf9c5d
51308f9c-b4a2-4310-b3d1-12b5c5a5ad07,VISA,8d43c788-2d86-4f0e-abfb-cdaa99bb552d
c49e26e7-0b33-40b5-bb9f-57807eda9007,VISA,f5a06397-f1b0-4ea4-801f-a0a25a7b8b22
5c8d7fe7-d3bd-491d-b4c0-c000a211cb13,AmEx,53db311f-b85e-4425-bbe8-1cd040725dcd
42b51047-de19-4694-983c-ef2c12c9ddd8,VISA,67dbdc28-33a7-4259-a747-41a9fde1d5a3
7d09eff5-3196-4a70-ac1d-d36937ee8416,AmEx,16d77ef4-140e-4027-ab4a-3ca427479fdd
7e8d1353-3501-4e1e-b0e9-e498ae5f8524,VISA,9d17d64f-4f17-4b0f-abb4-b99fbf4f4530
2da69449-960f-434d-b9c0-401305bb1bb6,MC,ef23372a-8391-4298-a34b-42e3a788f1ef
234a9ff2-351f-4c3e-bc36-14a323b516a8,PayPal,cbc7d524-d531-4865-abee-bb30f36ab74d
0e74b64d-8bd8-4cec-8ab4-602f2b122675,Discover,b2752d5e-531f-44ad-a5c8-59c5ab930d8a
4725686e-1b3d-4eb5-b6cd-80a767691395,VISA,94e14326-3164-435e-a263-2a169b55193a
04071019-f2f7-402a-9b50-2f1a6063a8d4,VISA,186c9617-179e-4307-b6a3-8f27d98bcf23
24334786-24d3-47bd-adde-9ba71faf2611,VISA,d06b12d2-3e27-47a6-b678-31d86a811f09
202c4dcc-0598-4b67-9660-49dbb28048cf,VISA,c40ea5a5-a6cb-442f-b7a4-cdf21d44a301
ae15f2f6-edac-4bb2-9dca-49a08568b729,MC,bce73004-af8a-41dc-b665-31509a261817
7d51738e-cd31-4791-83d0-9567dc2f0d58,VISA,af2c3081-7749-48e3-b498-fdc4dff88b7d
83ce157d-0627-4a61-9b31-b1b094d42b68,VISA,8c670342-af14-4e18-b6d9-15b47a56e4d2
ce0770dd-a95e-4792-bb41-5fc15d0fa963,PayPal,a5a4dbd1-2963-4416-a6e9-7f4ec93d47c9
7ac0e738-46e4-469f-af79-0c0abfd247c1,AmEx,db87890a-bb58-4b3d-b185-7e87f34e7797
dd793718-53f4-4b16-ae2a-4f260781e70b,VISA,b00e33a0-99d3-4053-8928-15d2e3021886
077bacd9-13fa-4a7c-8090-8108893bfc28,VISA,a47a6be2-5d98-4260-989a-dab6a2025d61
d014d0b1-90fb-4448-a842-8d99eab98fd6,MC,2a348f3b-c66e-4f40-be31-3fa90d9f235f
251c05ca-f7b5-4911-96ac-9cd683dd6a72,MC,58581ecc-d7c3-435f-b609-e018d866f240
a88785a3-0dfe-4cc5-b373-cd31188ad582,MC,680a9143-c4e3-4ce1-afac-4d427370f357
e1228bd4-c14e-400b-8710-0cf3d25b6567,VISA,e94491b7-1d81-4728-98a6-00e9e1b49d2e
b397cc53-0f9a-489e-8793-3873bf7f3e6f,AmEx,35fb4e89-1b29-460a-b7c1-22abcd776da3
3b2fbdac-3d18-4252-b3f2-01c3042f09a0,VISA,f30ee578-f78a-47b5-863e-18e61bc3513f
3064221b-7d47-4b99-abe0-afa16f8f1ad6,VISA,ca712fac-086d-4487-a8a9-995c249aec41
72f9c7c7-7bbb-4326-88e2-12d60f08ad23,AmEx,8f07f8d6-a4bd-4d89-9d9e-c2ab64a28438
8a6133c3-a2e2-4105-8d72-0689684c8e68,Discover,187245ee-7850-490a-904a-0a2633f6919b
3cd3f6ca-528c-4c91-b576-203687959df2,AmEx,7848713a-1b9c-4a85-9356-9ab386a9a7fc
69eb9daa-b910-430b-85bc-26241234dd2a,VISA,27b0d518-c3d3-4d11-bbd3-48ec24653f44
e5ee7805-bca6-4e4f-a473-ae0df35e3dcc,MC,4216adc1-71bf-4059-a1f2-78fa9686c5ce
9b594350-d1b3-497c-8e07-d7c0bfd5d1bd,VISA,8556d0a8-ab42-4f36-9180-290dfa871bf6
99edc111-32f0-4c79-aa46-5cb7b4ed5046,MC,f3312ce6-cbab-451a-bbae-1eed89dc4612
d80d9f85-d6e5-48e0-bb29-14970c75251f,MC,79a17132-f773-4f67-b076-c6396b8588fc
07267b94-2b6a-47d8-83e6-48ce983529cc,PayPal,578f3331-f489-4585-acee-b889c7afcc94
f57d2394-de9d-4dcc-a61d-d17f8f8d14d0,MC,4a861ea1-2331-47e2-b016-30e50393d589
ce4771c0-cfd2-44aa-ab93-8da361f2a56d,VISA,b1580295-3f8f-4813-9459-e21c909a4853
27e3a4b6-8e68-4cf2-80fc-91d9c0af93f9,PayPal,96e28ecd-9012-4f7d-88a0-d565f2ca101f
03e3e321-a086-41d1-86a4-c840c10f9512,VISA,9c4aacbc-0f37-49c2-8033-45630e58744f
257d339a-b52a-4a3a-8925-27cafbe829ca,VISA,5b87ce3b-e99a-44ff-9c86-7403b48fa28a
5f0cde84-a453-4519-b09e-aae291e29114,PayPal,9286631c-db8b-41a6-bae4-a1d0694caee4
c1cfcede-2f36-4171-8fc4-a4a09feb3b78,MC,6ced8f76-7208-4825-8ce1-0153cc85c3c2
5a582e24-98b7-4be2-a555-290bdf1251ab,PayPal,03ae01a1-48a4-4026-84d4-d02a96063ae8
f7a03f54-d916-4b6c-b809-3ca35095a27a,MC,9104ae0b-1698-4152-bbaa-0f450b199352
55e794d1-6273-464f-8815-26b8c957ad72,VISA,2c456459-d799-4cc6-9576-8250984f5a5c
8602eca6-7fb7-4542-b41a-cfb26fbbecd4,PayPal,97f3c899-2db3-4486-881b-25ae7f5df8b2
444f7d83-4623-4b9f-ab0d-c0eebaf8c521,MC,906384e0-9b1e-4292-ac4e-c87993b2f41b
86c005ec-c9f4-4969-98a7-22429e8a81cd,VISA,086f957d-9d78-4440-928b-470a9c3f2e1d
a9932052-3b3b-4779-b759-5dc997525f99,PayPal,89842c08-fbbc-4ab5-b129-b436504e910c
c3a21c6a-8839-474b-b92a-1a7257db1724,MC,e8409477-0069-43c1-905a-2e51ca107016
46dca40c-638a-4587-940c-93c87e6aa4c0,MC,5307f2ec-9fa4-40ed-9032-b976d0657f13
cfb60fb9-4e12-4d47-9f7d-c84162a81987,MC,3eb99931-6b15-43ff-a10d-cf10796ecd62
8337efc8-dffa-4716-be5e-3a75ebbda0a5,VISA,fc8a8b23-efef-427e-91c9-fc9ff1308741
bc9bfdf0-1100-441c-98a6-c11c784bf34a,MC,029a8972-8ff5-42d8-8393-20703c0999e4
9a1cfb37-410b-48f2-adf5-579cfe6bdad0,AmEx,9f987a58-20d4-4a70-a7eb-9f49e7ca7bc9
c2eb10a6-ebeb-408a-9b65-4907be1b991c,VISA,f46bb62c-6ee0-423d-8249-e89dbb01edff
573474c3-6aff-4490-9a91-feb870d03ebc,Discover,399835a5-eb9f-4f01-a7aa-b9a968e8b4f7
de7339db-b9ae-4880-9293-273c7004f747,PayPal,0cce100e-f449-4158-840e-9dce21f4415f
6f9922d7-abe9-426c-9e1d-aec8e47f7f5e,VISA,55926620-ae1b-401f-a86c-4f9a1b23dd5b
1650f2ff-c73e-45e6-849e-0b65d0315b0f,MC,7c34911b-5770-413b-ac2b-1c850e1d01bc
b86d6e06-14a4-469c-a6b6-493be542d2b3,AmEx,d2038dc9-566a-4b84-b33b-f4e5eb06c264
3c30b35d-fb67-4e80-b51b-3f60b2349ce7,VISA,e970c26d-6b64-4659-9351-9845096d2893
87f6f4a3-7f9f-494a-bef8-dc6189f96242,VISA,c32eff87-88c8-4c75-a832-44dcb03eacb5
e28b7b00-c3bf-4691-bd83-6e32f1f7f725,VISA,a78a474f-eb13-454c-b5f4-45b860237e4a
33b25aa0-62d6-44b5-ba00-0b53478a3fa2,VISA,0dace0ee-0b94-490d-b899-b77c5b61ad9c
7a073be4-efba-46d9-9928-061c65f94a29,VISA,960aa80e-f703-4f03-835f-9b12e7e1bd64
a1898638-9996-422b-82b6-b219f215d696,AmEx,f3b87443-2073-492a-a271-59c60713da82
eadc4db5-1f8c-4d62-9a36-896888a1a54d,PayPal,9253727a-506d-4f5f-b633-339857e9124e
7dda8c42-7f9c-4b92-9cc3-c62a7092210d,AmEx,2951b42c-df1f-465a-96c3-e57d0f6c3559
55c91929-568a-43f0-adee-9e97c1c157f0,Discover,0970d135-b3c1-4f8f-959d-8226907d3567
36e0a0d9-d277-40e1-9c67-5f279a95beaf,VISA,b1a0d6ea-ca97-4195-8d42-c565f8939826
d0c1289d-a1d7-408d-a6d2-a650e8b7fd89,MC,f4d7ff02-8ca0-4251-b886-fe21652456e4
31c10a74-1abb-4b4f-b965-bc8a68e6c498,MC,2b973ceb-030e-427e-8d75-413523635adb
dfd43947-f48e-4b41-a434-157dc4a70a27,PayPal,49a07f74-08f7-40cf-b516-b97fa4daf3f4
86f9f58b-0b4e-4cec-8766-f69774ed7160,VISA,788a37f8-c7a7-4c94-81c7-4895207802da
140d656d-f98f-4e62-8699-9c62d750513f,VISA,675923ea-0894-4669-8df7-37accb78cbe8
43f936a7-bc2e-4698-b942-a4f1b10dce2c,PayPal,11ab69c9-ccac-435e-a5eb-b23e33bcea6b
786fba9e-1ae4-4449-be10-abe8c906fd3d,AmEx,325da00f-d725-4b6f-8aa6-c81822614023
08d969f2-a7a8-43ca-b875-842e45f79644,VISA,0e424b56-9f9a-480b-b0a7-60ccb4ff3b37
e2f2a51d-8518-4fab-9530-051de92866f2,VISA,27144cc8-1ab4-4294-8180-ed736f07768d
64288c30-65f2-4500-90bf-0e3e8818194c,Discover,7597fe8a-6b0e-40e0-9be1-1cb17e4b2f1c
37d029e3-537e-48a7-9777-558df392440f,MC,94755138-14c7-407e-bace-051dfec002dc
081989c9-1188-407b-bdbf-448a7da37d1a,MC,58f2a354-5045-4496-a4de-805b417802aa
24d5c2ca-7995-497e-be0c-6de762f603d4,PayPal,f8184bf6-ecc7-4a58-a138-55baecc45ae0
0d93da16-815d-4960-9012-9a5b546a6de6,VISA,de776a67-bbd7-4ad4-a718-4f623efd57a5
4776c839-1b31-4d26-8f9b-7dadb413f669,PayPal,ff38fc87-0b9e-42ab-a5c1-a7e773c721a7
4a9064c7-33e3-4f4a-b264-003ff449a48b,MC,d8af59e7-4d56-4f8d-b931-eb27c900b48c
1ce7fa73-d31f-4953-bf5c-a26104417a65,VISA,6e8d87b6-b8d8-4653-848e-ed84f24a7e30
775d3f9f-c6b9-48a0-bf69-d8671470dae9,VISA,cde5103f-9a52-41e6-9cee-88abd231abf8
a67bef0d-26f4-4224-89f1-b81cf6b830ae,PayPal,49b60dbd-2eaa-491a-b1e1-5882396bd034
020820ad-6d90-4a8a-9279-0e579389af3d,AmEx,765b0150-130a-4ffc-bba6-cca27ec12f6f
4a6ef930-9d5a-4cc9-b0b5-ff3749f350f1,Discover,665ffba7-f6ea-45f3-8495-eae25f558345
acf3a03b-8ebf-4ab8-982e-e88e788407cb,MC,2621cc79-dabe-4c83-aa49-ef24b3544dec
d9e481bd-493a-4f69-ab80-99f83decd7a1,VISA,26ecb079-a6a8-48a2-810f-94552e2d9596
e3a52fe1-e76d-43ee-b12d-4aa172d59dbc,AmEx,f15f4b3f-0d36-4b34-93fd-3e024149c8e8
4e379a7e-e2af-43df-a6b6-ef0ec17026f0,MC,62f31caa-5b25-4b3e-b900-f67956a5a3c9
b354d690-0798-4a6f-b483-d04b4d0654b3,PayPal,e35828d7-7787-456c-aa88-a86137f846be
ca35b9f1-ff85-46ec-9a95-ad8660b66859,AmEx,1353a6c0-e325-4d01-af25-5d8468b05d6a
4419f47b-0197-4a0a-b97f-ae58246570f4,VISA,38753ff4-cf91-45fa-9cc9-fe48def0f589
df80b823-cc2e-45b0-9ed5-a926be9f6e8f,AmEx,e618e333-1dfe-4c8d-a78d-6788f6577d0d
53896270-8edb-42f7-adfa-74989757dd4a,AmEx,a7b85164-d4d0-4868-8ae1-c2ba83ae9784
0a7753b3-80e5-4211-b944-3fb5e06e2464,AmEx,cec372fc-d80a-4cbc-997e-e438b9fee82d
ce894d1f-9cef-472f-8331-308dc8292c6a,Discover,8989dd75-e7dc-4972-84c7-e6f6c931e774
df1a2b29-6569-421c-871d-a247626e4a53,Discover,88aaf566-583e-40f0-9a86-501e43282e03
6fab2cfc-d1a4-4962-a680-f217ed1d2283,VISA,895f3ff8-3dd8-4b05-8124-05cddbc583e6
52761ee8-691a-42db-9589-579b29190530,AmEx,b2573f39-9bb8-40b5-be44-81237eb9df28
c2b2a3cc-5a6c-477a-b118-968ebf61f3d0,AmEx,dcb395d9-c609-4bfd-8802-26bbf8d4646b
0c77817b-b51b-4e76-9149-c22bf69bd1e6,MC,186b7e8a-087e-4f40-8161-13cb0e9cf649
e435b172-ccd9-43c3-9fbd-a68d6c5df678,VISA,1da12f53-493d-4db1-86eb-add8248e3a2b
a7c03cbd-bb25-4b58-a0f9-bd5c38dbca12,AmEx,752731d4-e561-41dd-97c7-6fa17118daaa
41ddc065-8403-4525-8dbf-7ce2f94446cf,MC,c5e1ea8f-2a65-4699-aaa1-27954fa591a1
a78ffafd-1593-484b-a521-b63ab820e05a,AmEx,3f04186a-6220-44e8-90af-61c49bff4244
0f828ab5-d9d3-4f3e-9b44-0a6d12cae941,MC,f5ba3c4c-2519-4c0b-81d1-b920d5f654e2
d78ea0d6-f9b2-4a0c-a4ad-6c841715f1c7,Discover,1e681ec7-06e6-41bc-91ed-f3203212e285
825f8f08-44bd-4a27-9ed0-5e7522c064c2,Discover,607b4ff2-2cc0-4cba-a9ad-30f30402ee11
ee3061a2-66f8-4716-ad0c-813a4da6a82e,VISA,0e6eb578-d815-4219-bc22-88cb2064a8f8
383a8293-ab72-4670-9916-0c891608f77d,VISA,7912a444-617c-4266-9ea4-5a76edfa4f60
379e84a2-7ca3-43d5-bfa7-d9ddf1d3c022,AmEx,4cfef904-1feb-4d1e-8ca6-68cea169daa9
b09c0274-64f6-412b-a168-511800bc29ad,VISA,66655624-7cc0-439d-b96c-364db05cd308
04099dae-543a-4d9c-b9c3-969bb317d4a3,MC,599d3c2d-aaba-4635-b3ff-26dfabb87df4
06b1c35e-da3a-42db-8509-7f57ddcc7687,MC,1252a6f6-3705-4e6f-8e6d-0523b84d5d9f
75b4deb2-0998-4954-b135-d9e930abea51,AmEx,fde3ea24-399d-4b1a-8dfc-0ce839749709
5c2335cf-4c77-40d7-ac62-1ad84c2cf9bc,Discover,66c6d695-fc1e-4d2a-a1f9-2b546993db99
bd45e1e9-ed0e-40ce-b1be-d29a2a4c62d2,AmEx,0d98de20-171c-4ba8-991b-e2cfd120a05f
96508026-3f03-4a8c-850a-843c9e70f8fe,MC,e782cf66-18fb-48e3-833c-9f54bd70f497
dc5c54fb-fccb-423a-bbb7-a2f7674e2a96,MC,447beb7b-1790-4723-84ae-48494fdac1f7
e652b0fe-7abf-4e5b-9738-8b79ae181735,PayPal,7655e7f3-a5c2-4229-911c-6c433eab6f09
9b109a45-17d2-447f-8107-af8863c0ad18,VISA,d6479929-d25a-4584-8c29-9333b679e8cd
4d889e09-2321-4b4e-9281-df00579f6cfc,MC,e5841492-1778-4329-9c6e-77b46ad953ef
7f11795f-39d7-4ce4-a963-9e4c465a9e4c,VISA,0fb3e8de-2df2-4dfb-a350-7d77b5321ac0
f9694609-5b2e-403a-9f6a-6430a6ebb323,VISA,f1c62eed-46a6-47c8-b9d4-05ca5a84c29d
4832cbf1-5915-436f-bc93-9d2e3cf1aa4f,AmEx,b5569487-1515-4af0-9b21-1c10e5528653
d75c26a8-05ec-4e75-8b06-36a38d493b12,MC,4b5877a7-40bd-4ade-ba02-9d638716e5b1
84481936-9569-4bb1-b472-6ead2af701cf,VISA,33aea8fd-4a7d-44f1-bc38-353709ca92ea
70420291-6ae2-449f-af05-72bdcba40fd8,PayPal,ab94b8aa-7603-4bf4-9b3a-4c4a5b9545db
afba416a-9eb9-449b-96c4-b2cb32570f63,MC,149ac6e1-a1a7-4c13-ace0-73346bba5335
be0de5f3-9fd7-4272-97b0-fdcfd42e4ad1,PayPal,24895b37-dfca-44e5-ae7d-1c383e8d925b
c503d046-ac6a-4e82-9e06-1fc0979951fc,Discover,fcc2abd1-ea63-4136-bec2-12c31fd9e461
fe5238dd-f900-4bf8-b087-a886a70e493b,VISA,e8c03a16-2f9d-4702-9186-74a18907a766
cff849e3-7e0a-4e98-88af-d8ffa367fdb3,MC,0333416e-a20f-47ae-a425-c28f3b061c27
c6331349-d5d8-4601-8be4-859223cfa8be,VISA,0fe81181-e446-4409-8eb3-1ac0aec51c49
ea7bca65-e72e-42b9-a563-c751a9612518,MC,c97445ae-c0a1-468b-9893-4f2483beb9c3
9ee62261-c17a-4b77-96d3-88bad577dc34,MC,a274e9c1-6edb-412d-9b4b-b68d73cb6f09
a3b8e80e-d071-4ba7-8b53-703ae94476a1,VISA,7bef0575-b00f-4899-be18-3788d4e93574
12d4edba-e6ac-4835-9905-25922ba0abde,AmEx,a451f330-71f9-43e8-b16c-c1080f48dfcb
73aeeb5e-3569-4de8-86ff-fda1cf7e37fd,VISA,356d5ad6-8815-4c58-a23e-01cc225b7ca0
88090fa6-b92c-4591-9dc4-dc9cf1d575d2,VISA,d60fb74f-bb06-45d5-9571-eb3608d80ea1
bc98f630-34e9-4f67-af30-f17735a103c2,MC,082827ee-91b1-45cb-811f-d1a106c694c3
3c27a93f-a39d-40b4-8ebd-d7220dc70fa3,VISA,8122fa64-ab1d-4d07-913a-8dedbe5bf68d
76a179a4-0588-419a-b244-bd1ea835a3cc,PayPal,d47655ea-d89b-4c60-82ed-e416c8cae232
14c2fdde-fd35-4927-ac84-e72ef2ca820b,AmEx,cdf001fd-2e62-4aca-8d8e-3a35bc317369
4d92a27a-2e8d-4b52-831a-680baf4891bb,PayPal,d306a887-f53a-4fb6-8d06-5b4270d86500
8f6f1e93-8583-4f11-ad2a-20505be09835,MC,f27c5bc5-831a-4b37-a8e6-fdd884c5ad0a
87d452ce-fdee-4c9a-b213-33a50c14d3ec,MC,8b682a7a-80ad-4474-af5d-e3e47c74c157
c1573485-8b41-4936-a2ab-1eebb8075cb1,PayPal,1b19ee69-6391-47cf-9d23-fbfdbdc54521
c8746433-569b-4c49-926f-1246319b36b6,MC,f6a36ef7-ec60-4e48-9186-523c2edfaf1e
a06d157e-eb3d-4411-a68b-44e40d3b6251,VISA,9da31c0d-0f0d-40a9-a406-5dc24a2bd198
4748173a-8815-40f8-a597-4e492321c7b0,MC,c751081f-679d-4118-b56f-652020a385a4
284d332c-acc7-403b-a6df-25f5ea932027,MC,620110f8-7b49-47f7-acb2-340634a7c6aa
53e1831d-03cb-4756-8231-7afeb5cef918,VISA,98eb9c2f-d458-4ee1-b246-10a66f2cda32
0c92e9ce-45e6-48e8-8508-80106b11ff3e,MC,e4c4ca40-86ed-4631-933a-c7137c87aae0
919e74db-f4f0-4439-be4e-4fd413b80be3,VISA,3d6476ca-85aa-49be-a196-20bef2cbcbbe
4f172a0f-1a17-4739-8b31-adaf4b1896f8,PayPal,ef5adca4-eb8f-450f-a687-73c10f58f024
5fb86511-d874-40dd-a7a2-c32f9ea81250,VISA,ae0545b7-a105-4992-a49b-8d25040c9361
71fbad1e-3e46-4340-b78d-e5fa6cb036dd,MC,c633e248-8f26-4c6c-83d9-2fde73be5728
60ebbf42-1498-4380-9ce4-de78376b113f,AmEx,69cd20c1-f901-4904-99be-76298d6c341d
63405b5f-d4f6-478f-8b0e-13739df5c69e,AmEx,fc5d4eb6-f206-4196-bb39-a1885bc68e3a
c6fcc88e-3d9a-4a36-b5b0-ddccf1d93927,MC,2c42520d-0ac0-4b8a-83b7-e6df0102ebbb
f9392062-3ba7-4723-a18e-a7bbbb2a514c,PayPal,851a807a-74c2-41e2-a075-85bf95c205f2
9929d789-6bc3-4550-b933-a3ea48b93062,VISA,8b546bb0-e9d5-4aa5-96c0-f9a473ea19ae
a31ecb5e-8d3e-4edd-8f19-b93808d49449,AmEx,574086ef-1d08-4c94-97ac-ecd7054f96e4
be3ee11a-a35d-493a-b5a4-a0d7ef20e85d,Discover,72fee07b-bccd-4992-b675-d749d8e39d11
999b31d3-57eb-4779-b8bf-0f1ce88c2a56,Discover,fedcfcfd-2e5b-450e-90c5-f1507930786c
53af369a-4ffc-4f0f-80df-538d4323302e,AmEx,c9fb8f45-7fbc-49b6-bb61-1a728a60ac26
9fd8a90d-8372-47a9-86a6-1c61ee5e539e,VISA,31b8d018-3c35-4009-9e9d-7e96956bed53
0cffa93b-cc8a-4ef7-bd36-1d0012c00a1f,PayPal,83f7fdae-53a9-42d6-afb1-be8285bb54bb
8cfd6f2b-347f-4cc0-a8db-a24c33dec132,Discover,b847e28e-ced4-4b65-8e3f-f0c319895fd5
851c4863-dcf9-4720-9291-aedc4458bedf,PayPal,81b50f9a-69dc-4887-9283-e44f78e4c149
338f7e7b-e080-4068-8cb1-fef516beb5f7,MC,91488ab6-a25d-492d-9e0d-1bdaac7db7a3
df881a95-313f-49e6-ad81-35214d40745a,VISA,35cca53e-054a-4493-b626-62d6cd349b7f
8eddce80-7cc0-4449-ba0d-43be50d7a9bb,AmEx,1c996185-0980-4d78-8999-6581db91633e
857fb509-f921-4e41-b043-4387ffffec05,VISA,25f1a202-a6ce-433b-8c20-3c871492c422
8bed4b35-bd2a-4cbd-8110-5276086dbe26,Discover,b5e56871-c3ba-44f9-954c-bb053ce2f478
77f3a009-f854-4483-9292-d195327fdce8,VISA,ba8d47ad-9873-46fd-a2e7-97ac135e4bb5
41e2394b-709a-4b1a-b063-ed94b07a1d04,VISA,423ac4a2-f9c0-4fc3-9b0e-f8fb1a4c0750
ebe0d25f-13af-48da-8f25-d36d9a934496,VISA,39cb1da7-373f-41ae-be5c-1fc0e945e423
17e54529-c4d2-479e-95c1-a4659d28f19f,Discover,ebb1d22d-3103-436c-b0de-e96c8fd904da
3afdb003-d349-44a5-bf31-8f388736f35b,MC,e01be304-15c6-4ec6-8157-93823be1a067
075e9031-6bfa-471e-8e8d-904eb2302abe,VISA,d4a4c04e-cd9b-448f-b73b-fee1d0e3d333
f871f58e-26dd-4f3e-847d-b09ec78c5636,MC,d527a993-422a-4857-9e96-f3879b6be801
0b56f03c-07a7-49d6-a22e-b9e17a87be9b,PayPal,c6384204-93b7-45a6-b9a5-baf835c5e680
ed06497f-2443-473d-a72d-617c2db42e47,AmEx,07fca268-7abc-402f-92a3-3146b7ad3b7a
9dad1b2a-86ed-4475-9630-31ad3eb79f11,AmEx,a0f6bbae-60b9-404a-bff3-7181bdbb066a
3c24af15-9a30-443f-9c80-0f0638538ec9,MC,dfd34e19-7eed-44eb-b298-63c15d85da0f
5a8f5f9d-d15d-41b7-b163-60e3b85db021,AmEx,466b2c80-d23f-488d-b0b7-ed6785143cf0
45288a51-8bbd-4e94-bd23-4bacbefbd7a6,PayPal,e887c8f2-3052-4929-b548-e6c879b3109f
70bb285a-1cb7-4902-b6b8-1021b47ef313,VISA,c6c65a3c-7415-4dab-a5e6-bae59021a563
a18f2330-b88c-45fd-b21a-455898159abe,VISA,b090fac3-be9e-4e7d-9734-83feaade3594
7f22fdfd-f882-4825-a239-04e5983c50b8,VISA,c470171b-6eaa-4cd4-b243-63f96652f873
5f0e72ed-4141-43b2-9676-3952c7898f93,MC,40709708-fb71-4cc2-b070-4961bc37b24a
5ddeeef4-3011-4855-8ce6-a6603c07f8f8,AmEx,4b4d550a-31e9-433a-9933-5958f39ace5d
100662b4-beef-4d6a-9e30-8db90b52fa27,AmEx,9cd3ec06-1717-4c5c-9389-ffe035b0022c
1b635936-6ca0-42b0-bdbf-fd9567e50cf7,MC,daa95f2c-cfc1-44ca-aa64-30fb8c626749
5b09507e-efbb-4db0-8f67-2de676e84a58,MC,38b5100d-fa2a-4c59-8c37-568b4e7090e3
872d6108-e57f-4e68-a4c2-3d2f831b1203,VISA,9d1eaf54-97c6-465f-9f0e-8eb25c0f7814
d1de83c3-dc45-4713-9482-991c2af1e9b4,VISA,2a82a990-136b-4d8f-aefa-cb43e8eb3c44
d1092041-135d-4b84-8f58-dfd46c637681,MC,c9a850fb-ee7a-44be-9bb5-d91a5ef7aa7e
ea36f778-17b6-48d4-a6a3-4c435a17dcda,VISA,0d8b1148-9155-41ef-9ab3-2f197b73d5c3
982de4c9-da3e-47fd-826b-fd56c65f06e5,AmEx,eae71698-8a68-4858-994c-bf1e583d6f39
fb033e85-e8ca-44fe-be32-aa27d81d92ca,PayPal,693c163d-7cf2-4dd7-9ff7-4ff5131ea4e4
0c15ecac-c745-47cc-a965-a340157d0e2b,Discover,99a45f0f-fd82-4ac2-bbea-6437d230d113
f9fd9268-37a1-47b6-96a2-671aad06a594,Discover,b2044d3b-3088-4835-abea-d4d0a37ae4cb
5c4fab3c-fdf2-437c-b2e9-6ca121a113ee,VISA,44f84697-17eb-4e7b-aaaa-459dca6aa0eb
20397546-522d-4da2-bb78-14dbec292620,PayPal,3a1a3222-90cd-4e06-9f47-ca362941668c
4c9b5399-c44d-4521-a011-6eb9fc86e53b,VISA,37999ebc-909b-4126-a813-18cbc85b2997
0d5ec32a-bfa3-460e-930a-ed1dcfe60061,AmEx,16dd6f53-1eee-4466-8be3-e3397bba6b2c
c4ffdd54-e9a7-4b8c-bc42-8fe004f65552,VISA,9c25b25c-3e7a-48bc-a129-cb7d0453ed9a
6223d233-01bd-4dcc-966e-d221afa01687,VISA,114d13f8-95f5-4a64-8400-d2411ddaa546
a79d103a-b824-4ec6-8a4f-2b74047b4802,AmEx,1faedde3-efc6-4ce6-9bc7-c9f98ce8b75c
cd930b48-2cff-4ff8-a323-7a44d083d6b7,MC,ed576e4a-f89c-4d3c-81c5-ce78407f420c
39388e77-0eb4-4a2a-a3b3-7286202be7e3,MC,00c50be6-e1e5-4b46-bb37-747cea78d3d6
95a5e887-b396-4ca0-8166-fff850a9a118,MC,8f9deabf-09bf-42d4-b1c3-953ba31193df
9ed86f3e-81ce-495d-9666-98849e749d5e,PayPal,b70c25d7-7c19-41a6-9a5a-1914d35fdf65
e4df2574-0f31-4f37-8fcc-f128fd103b93,VISA,bf0e4e35-413f-42a3-9d85-cf093b5dffe9
bfe25d2c-7fe7-46c3-8335-7456e5d36f63,VISA,9841c41a-e4ae-4a29-bbfe-81032c4c90e5
5fbb1ab2-0fbc-4191-808e-061eb56e67e5,VISA,138124f7-0149-420b-8a30-36a6c0b24531
2fd57000-8f7e-4d96-9a60-c15b02aeb0c0,AmEx,6b966fce-6170-432c-b64e-d577661fb5b2
3d8b2d9e-b714-4fd3-9db3-604a9848aaf3,PayPal,9eb2eb06-4452-4a27-8a05-109be47bea3c
cab2ead6-3ae6-4acf-aef7-47fe388fe681,Discover,9052a8f9-eade-4bdd-a667-bbdff627b4f7
ace28856-6281-4573-9e44-35e7161bb896,VISA,4d78ebe6-a422-41d0-bef6-6f20f6b8dc6e
e5b3c09b-72c3-4b46-b1dd-b02944681aa1,AmEx,795017b9-aabd-4a2d-a885-3aa4fd5496f2
0eafd2a6-f8bc-4d7d-89bc-faf18e4d189f,VISA,12eb5d70-7019-454a-baf7-582e04f8e7b8
f82430a6-c693-43b5-a7a4-fb3e28d8eb53,MC,8c0f8e42-8e76-4523-a854-f1c59c1846aa
c136ca3a-eccc-456c-9969-54ef4c5d4804,VISA,5211b13e-e7eb-4298-a40c-b7305ecd4bbb
bfb3c764-34de-4115-967d-c979a6b38bfb,VISA,f32664f1-de54-4449-8de6-f3bfb7c33a49
a8cdb00e-a175-4052-bd6b-3fb93a09527b,AmEx,9ba12dde-5299-411c-b1d7-9389ab3da4c9
9136e415-a96f-4895-a1e0-32fb2d5211bf,MC,f1673242-3212-4f55-ab2c-3311875dd928
51d98020-0e9a-4f7e-98d0-04d63dc92b4c,MC,9f266dd6-a7cc-4692-9a5d-0dc585c8540e
e06f4445-926f-4222-9d2b-91579da29b48,MC,f9a7d5ea-bf83-498a-ac86-acf63c4109ea
1a419dfd-37be-4e62-ba81-8f72e9825661,PayPal,08fd47b2-7558-484d-b2f5-98f54df95c51
40e12ed7-6009-4457-9524-f1eb3d01c3f2,AmEx,0e5e2c2f-0077-432f-a2c3-bd2dc6495d5b
d1d63334-696a-43c7-9afe-9d79ead1f665,VISA,4d306860-1a78-42ac-bea0-0b6230ec5697
53f3d2bb-7ef6-4692-b5a3-99eb8beb1ff0,VISA,8671207d-2ee1-4831-aa49-a1e579ac33e4
6506d55e-174a-46a6-ab99-2a42e2334c95,AmEx,f12ce2c2-22e2-4521-9f85-bf3597759c4e
b78f0b9d-4159-4708-ad8c-125cd157e4bc,MC,bdc65a63-9577-4214-8e48-8b6181c3ba34
601392b0-063f-420b-8277-1c4d691fd285,VISA,7979a0bf-a9fb-4ecf-bf32-a55554260631
43de783b-2dbb-424e-90d3-c9f88184a790,PayPal,5a8c05b1-f9a2-4543-a722-982844729cc1
9019b3de-18a8-4c41-914c-790fe0bedea5,MC,9eac2092-8bde-4a99-ae67-8f18ea120f1e
09ef1747-3056-47d0-b55c-cee216c78abb,VISA,201b7d04-65a9-483f-8386-543bcfcb968b
5d9a1ddf-a215-4ee9-8d31-0d5cc724a855,Discover,a348126b-4800-41ca-8923-f2309f460f9f
5fe407a1-1f28-42c9-a58a-a08b57153d35,AmEx,15367e1e-c3e7-40d7-af74-52b6be46972f
be9dbefa-8329-49cf-b650-abbc38b48153,Discover,2c8051ce-7f0c-4a80-8520-565ecb5c5e8c
2ee9cb89-0aa4-4fff-a704-62a5b478814b,VISA,481f6b11-a46d-41c9-8f19-172ef71aa9ac
7421dd95-3793-43e6-8be7-e2666428db11,MC,ad8cb591-e2a0-4e4a-837a-3cf505d89ef3
d94909e7-fcae-4667-8b41-4f921d9dbd73,VISA,aa1d6222-943f-4461-821e-6d5d3978d266
d10a8b50-3c85-44e9-aa40-ffa1ca9bb068,MC,3edf16c3-f584-4a6c-bde4-80b706799396
bd9dcd35-8973-4641-b26d-4397f57c0d7f,Discover,122ae105-4fa4-4321-9d0b-943c4994de70
21c46395-7c7d-4902-9678-0597d5544e74,AmEx,606de1dc-1799-46ca-adf3-06fe0d52ef23
239b177f-f7e1-4f00-a282-2511ee710542,MC,1c4f1032-3d09-4b2c-823d-0a71f145d03e
5229fbda-7002-4a45-a840-6861620c76c5,MC,72c8b38b-ef92-4114-bc16-c638f25eb80e
5f6b91ee-09df-4ea2-816d-f602bbab8f39,VISA,68c122e5-0752-44f5-99a0-00d2e4a5b6d6
cb6ec54f-eecc-4170-a130-70db5dae83fe,Discover,448ad6f3-342f-4a35-aef9-90ed1dbd0091
3556bcc0-0a24-4cc3-a040-eddbcac5fd00,VISA,dae2adb7-bb1f-4482-871e-244098a9936b
430cd228-9f9d-4e7e-92b1-d74f4bca1740,AmEx,3781e413-92e2-40a0-88f1-2d1e83c31a17
16ae667e-f7d5-461c-9b1f-5192a61f6c4d,AmEx,2f77e53c-c7ef-4dd0-b2d5-f9d3aa1eedd1
9ad47bbf-298c-414a-9361-08720726bfb1,VISA,e1f84f20-3d8b-4b0b-b69d-dd57f17ec09a
464cffb9-272c-45c5-9a87-ca322eac5733,Discover,02fccf9c-79ee-42be-8139-61758c1262dd
5d6ecab5-6e25-494b-9ab2-5e162aeb0361,MC,e29db170-2873-43e9-b743-9402e828c9f5
5583bce8-2255-4d4a-bc39-e1303a3b0289,VISA,a117372f-0f3a-485e-9008-43a0ec51fbf8
b003ecb0-057b-4979-baf9-1dbea4cc8e10,VISA,ae25832a-0bd1-40af-b6a1-5a58a4977edc
fba4d8fd-a0aa-49e6-b1cb-f33e8c554b6d,PayPal,8076f610-faad-400c-9730-43504ff11a6a
5e170567-16c0-4230-b632-0d69ee0390ca,AmEx,d644023e-4f75-4818-871f-2bd7c2775235
ccaf1e8f-6de3-428a-8c28-2a5aa7441a6b,VISA,e5558842-17f5-486b-b4e9-7ab51de8e16d
210a8f37-06af-44cd-8e7a-0b7bf22a36ee,AmEx,a8c43ac4-9869-4378-a678-a201c1adff35
d5f8a5a2-5ba4-46fc-a258-d6d04f119eb1,VISA,47564fed-5280-48bf-9bf7-ea61c433f479
e050508c-9dfe-4cc8-95aa-785f04c00e7e,AmEx,70e2761c-cab6-4d31-8dcc-bb385d86d0cc
54c6932e-e902-4fb4-889b-fe83e37da604,MC,46ac70a1-7477-4e81-adad-e77f2759bb6d
d3eeb088-3191-4daa-a0d8-a9dc4b8959fa,VISA,cabdfd56-d697-4383-9d19-f388951aed7c
885a18be-187e-4014-8d80-9a4e7f1a7090,AmEx,8c73a1c8-c66c-4b03-8c54-d79342b9b55f
3b45ad30-ff91-4166-9db2-86a905268491,MC,bed0d60d-cbdb-4972-8799-7b610a0df9ff
534f892d-7bb0-4f1f-b94a-5e90e9fcc402,Discover,a5f5abdc-3b83-4b22-90b7-ac12433275bb
38d7e40c-8dfa-4b4e-9697-1d3209ee7e1e,VISA,a681f88b-d8ef-447f-95fb-7c60648a704a
8cb4cf8f-3d56-4aa0-833a-c717511847d6,VISA,e98f4b67-ab13-4597-8773-07c0e0bf0d88
760fc71c-18fa-4848-bc63-51f7c4d14a08,MC,9bc837d9-5cd4-4781-aa00-a7c6ab39e94a
398c5bd7-d8b8-49b0-b94e-ae4a6f9916aa,MC,43c69b6c-6f46-4c37-ba9a-99d54e502277
eaf87dac-a77d-45a3-b180-3cc3667f5cac,VISA,3df75c53-cd09-47a1-95f8-25632483773d
ad56bced-3ff0-4e3f-9d00-39863a58a0a3,MC,627c0b09-4200-4702-9fd9-df73e56c67ce
4355dff5-3629-499b-a437-2632815abec7,VISA,359aeda6-f06c-4edb-8d6f-567126dbbe4b
e45e7e1e-9c03-4e36-9ebc-065625a415b0,Discover,90805895-b150-471f-a55d-11665b5ed0c1
4c8fb077-6e41-41e2-b428-9235b8a70d3d,MC,e9a45444-fa2b-41d0-9b74-c2fc1d364384
9cd8078c-02a1-435f-a1a5-cc85dd00d998,MC,0967e65b-d15e-408a-9f43-ebbed344920c
a550e6cc-2d3f-433a-902d-180cbcc0a7f4,PayPal,fde7e642-2379-43f8-af47-db7ad8543400
07b4945d-29b5-4c58-a93e-e08e5027e62d,PayPal,0c9b73b8-6d02-4575-84e7-e387238ecaeb
af571c31-6a89-4393-813f-919d175fe99b,VISA,9e16e048-08a0-4945-8f22-77687e03653f
1589ba84-c838-4ef6-aa97-a2a83302f320,VISA,bdf56761-e64a-4400-a552-07baa2ce4aa1
1ec4142f-0ef8-479e-8488-461c46df4427,VISA,eddd92f8-2c9c-40d3-acc7-22eca8457792
9f47461a-e49b-4e22-8539-c5da2f7490ae,MC,0a1861dc-546f-4fd4-9820-d13f5489be21
6e138905-e221-4264-8009-62545dfe6e45,VISA,b921e6a2-ee8e-4de3-84a2-ab76d38c2c44
1a6c0ee6-be97-48a0-abdd-e299d7173ae8,MC,76b44a29-2d1d-4500-9fff-970912f9cc1f
0795e9df-e436-4479-9fd5-386dd8725437,MC,6a1d7cec-2cfb-46ad-9813-09f3e25b93e3
4e828905-3edf-40a0-940d-4d318576de3d,VISA,3331e34f-d182-49b5-aa5d-ab7999a56c65
a0e26ac7-a49d-457a-9551-fcc17c56b809,MC,f124c901-7dd7-41af-816f-5bb1d8d10bd1
bb25a963-8ad5-471e-9033-1225586366e7,Discover,8ca4c46c-566a-4ed2-b8f7-43977263d836
d29a375a-e5e9-4890-a7c9-214c3f1cd067,MC,6ba1aec3-9dbc-4f8d-b76e-98353021c3df
551d68bb-4404-4cf4-9974-a1da0cfbf7f7,PayPal,a960543e-e559-49c4-aa69-dc61eae4d4c8
2c38f67f-be11-4c96-8286-ca77d06fba5e,VISA,443de696-4f73-4e2b-b090-b6ba3a6b439b
5a2f9f91-789f-4c1e-b875-9f9199c662ed,Discover,83c4a945-eedc-4033-9c08-89fab208b7cd
ea8047d1-69ce-4f43-af85-65b6ab14dc2a,VISA,d7ffda43-0c2c-4d40-aa42-c3387a9ac669
b4a6ce87-dd26-45c9-9072-edec3b197336,VISA,70031d5c-87cf-446b-8c13-52f9cd7ad315
9e55f351-5f39-4e9e-a9f8-d11ba1e6be70,PayPal,b211b105-6e2d-4559-a063-41f2550fb663
6a81d8be-e4a3-4e12-ad63-b5a813ef2eb9,AmEx,ccb0554b-6b5f-4986-bf3c-c0080db7e6f5
df906d10-7738-4b57-9987-0c80671ba4ed,MC,bb327de0-5142-4510-aa4b-12861d690afa
03080981-8dce-4730-b032-8238e5e98293,AmEx,09c6172a-daec-49fe-948d-a72389fb716d
079511ba-e81a-45c5-9aa5-3f62a30b0fee,VISA,3ed08787-c560-41f7-8fcb-c62fbf774864
d1996971-6fba-4ed9-a44b-1683c4f36e25,MC,09d1907e-e9ee-43c7-8f86-9a54ecf9d834
046624fe-1a8b-432c-b5de-59393c5398e5,VISA,d4c73e99-6f7e-48d6-bdd6-0bea978c536c
f0d3225b-a310-48c7-b41a-752dbdcdf76a,VISA,902a23e1-3b9b-40cb-a008-2da71d147577
865957f1-c4e8-44eb-bc83-d4934664359f,VISA,69ce6a3f-4fcd-488c-947f-3bdb67c1a853
7d5e7cc7-6693-4eb6-b931-222691fcf574,MC,c3c46695-11c1-44ed-ac82-8b30a38abc7a
c75c5519-8707-47a6-b9b4-9bbda0847e3a,PayPal,dab34155-b2f4-4032-bfb0-785aa0280051
94ac4ac3-8a2b-4063-8d9f-c14f18e7b40e,AmEx,5d671e1c-af47-4b36-8131-e2b782ba266b
caaabac2-0a89-4265-9b82-b314ccd8d8dd,MC,c72658bd-081a-4e5a-9f01-0653497ae21a
f958c74e-327a-4ab5-ab82-88e6c72881ba,MC,0f4dc1a3-0693-4db1-8506-7a67bd978db6
ba042607-b684-40a3-ae2e-780a28217ad2,VISA,13fe5acf-06d1-43dd-b9f6-f31c73cc035d
17f0f02a-017d-4bbf-a3d7-141a291a3af3,PayPal,466a3885-63f1-446d-bc77-2666782959a4
4eddd84a-8dfc-4ac1-beed-bcd28426ad1e,Discover,996bef00-eac3-4a19-a4d9-4ea8b8fc6874
42147af6-0e11-4f5f-9631-6a5623d00335,Discover,78345bfa-c080-4bc1-9b72-b6594e1c99a5
bc33323e-0c09-4982-acae-0922dd12eb29,VISA,c624821e-f8d4-4a1d-a87c-aaba100e3e58
ee9f0265-432f-460b-a0c8-04e11284a0dd,VISA,482770f1-feb0-40d4-a6d0-7edfa105cfd5
33b7d7d5-1528-427f-ae45-97207543763f,PayPal,b7787e20-bdd4-4385-be1f-b0ea166a239d
6015f21b-71c0-487e-a442-e4f430a79874,MC,9942dfd6-b49e-4f79-9a90-6e1ac49e426b
d880b25b-dd26-43dd-98d3-8f093461308b,VISA,30a04b15-054d-49dd-9a73-c77a6f6585ab
8541c937-680e-495a-9875-b1df21053d24,Discover,0cff4dcf-1617-4455-9b78-8adf474bbd06
8d97c273-3d7a-42c6-be3a-bac3385b00ec,AmEx,67f2f3e1-5bce-4eeb-91e3-a2f4b64d7ed7
0266fa6a-adde-4ace-950e-7b29f72cdb17,VISA,ef24615d-9df7-4004-9f10-a4178e708884
c0435260-5c41-4af3-a9c3-803b73d271b3,VISA,64a96b04-90e0-477e-bc10-b3d274ee4620
95769138-8ce2-47d5-87f6-24ab6eb64e50,VISA,63f61808-f02a-4d32-90ec-cbb02428dfbe
885da66a-fe6e-45a3-8c3b-8769f524d31d,AmEx,0b78aef2-b8a3-419c-ad00-97fb38b58662
37c90997-07e1-4d7a-99b2-290f9ea13234,Discover,50ecadd8-435e-4a09-a967-fb87f0f4cf54
5bf2c99b-0f82-4d0e-a3f1-68c66e9ed904,MC,ca8b945d-7764-4057-a66f-5a868a1a4f91
2e7a4a35-069c-416f-b96d-294b912b064a,MC,d28be74e-ba40-4ed7-9f0f-41040d08162b
afc90b22-cb24-4920-9cbe-e1e09ec4ca00,MC,0aefb52b-7ad2-4118-bf27-fab81c816dd6
7b8013d2-0f7d-405f-83a8-a25157beae86,AmEx,17f3b38a-6a23-46c4-b256-e5335ed185ab
d507283b-9ecf-46a4-905e-3942b43604ad,AmEx,0ebc7435-a281-4ca8-ae81-b55a8fb52a9a
c83bfc2b-5bdc-4d32-a67b-f49f91fbac1a,AmEx,d569d08a-40d7-46ac-9f40-37729c18041c
6b4c9f97-5169-4032-8edc-150da80cc76c,VISA,2fab1ea5-07ba-40e4-a447-2ead22b0ceba
758ef010-5489-4126-a105-389d081436a4,VISA,2fe0b581-911a-4b1e-9843-093635a022e2
5245e17a-3513-4060-806e-479b309483c1,VISA,db08863a-c708-4e85-a1e3-f09a7c883f11
01ed7196-0121-47af-b144-8f473fc10f16,VISA,40475ee4-5079-49dd-b2d2-2620d81633fa
32735df6-a6f4-44fd-a136-40b048dea60e,VISA,c8ca3c54-6809-4407-849f-86043c9ae951
7ae92d97-8ce6-48d6-855e-d26024bef80d,VISA,d373eca0-3f5c-44c4-9fdf-60e8c7d258e0
5cb9e982-4fcc-4276-8426-cdd3a3cd18e5,VISA,e352100c-4a66-4f93-b423-9143d832ee24
a8ad27a2-4cad-4125-8deb-dd89a3f0fb7f,PayPal,f59b10ef-f690-4f1e-813c-077d7de9dcd3
50c967eb-b0a7-45e6-8fee-aaf4a9f8d33d,AmEx,605c9108-8dfb-4679-86e2-6c917138f62c
b36d7cf3-3ade-4e9a-949e-83ff0d1a3d0d,MC,c7ea2975-66c4-46d7-bd46-2ab5fc904541
fce29526-9ef2-4751-b0b0-cb3ede22cf56,MC,1a8870cb-b46f-4289-93ab-9ed26a4d6087
73d37586-63f1-4b01-8482-2f4e2b52ef8a,MC,00a27160-bfe5-4c26-a289-b8783d664dcd
a9d2124b-ccd8-4fab-b2a4-92c0a87354be,VISA,23967b5a-2630-4fb0-bc49-fad0c367ce48
101efabd-cdf6-465c-96ed-ca4db307e84b,AmEx,1ca3d70c-bc9f-4566-a5b3-9b659b3ad720
bc69ece8-2aac-415c-b606-23a97c70aece,PayPal,52c7b955-555c-4270-9842-9362fdcfc62a
1c630a64-1459-4b64-9f12-a2ee438b3280,PayPal,1a323ffd-f0ea-4b35-8b93-31df3903d6d7
cc0839c7-2728-470b-a94f-b6a6224746a7,AmEx,c8d8c3a1-8aff-4547-875b-29332ca7e479
08877420-109f-4d00-92d6-983c16e15d78,VISA,57a14d7e-b95e-43b4-9980-e88301277e48
a320add7-8d5c-4564-bb7c-bdc307e59ae0,AmEx,d417c11e-f5f0-43c2-858b-64ea8dfffee3
32d2ef42-b3c3-4180-946a-f6c652734855,MC,b616d685-42e1-48dd-a8d5-043cdc96d42d
f7ce980e-1636-4902-9085-c0b0a8bb1638,VISA,2c22c05c-46c4-43fe-908f-476c82614d3c
9c128999-0009-4d47-af2d-534f3ce45039,VISA,cb0387d5-b5bd-424e-9a90-75269559cbbd
26cc2ecd-f85a-41c5-beac-ef8f39e062cd,PayPal,74ac5712-ac39-42ec-89d1-d85be8a6186a
28dfea65-f7ec-41fb-bde3-19ff169f580a,MC,e4da430f-f14c-4bd7-8079-87ae94e227b0
6169f459-4df4-4383-a3ee-46ccec6f0aa3,MC,d5702267-f899-430b-a38a-f375ade89689
26df2556-236a-47d1-9c77-16a7ffe140df,AmEx,d894d3b2-abed-428a-aa4f-b6ed1a37b8da
8031e0c9-2b8d-46f6-a746-27b60210a173,MC,480b9b04-5c69-472f-8f54-cdc87bddc8f5
5beebc6a-fc47-4f8f-bb58-c44919a58d10,MC,22b1beb1-9df5-4ab6-9993-b297d44426ef
b779fd90-5e8f-41e1-bef7-fbd6ab4c4652,MC,9203d373-9cbf-488a-ba5d-b55c433b18f5
477756f6-b658-4836-a577-b8ef81c86511,MC,e51506dc-cbe8-43f1-9dad-5575ef13c16c
e7c409cb-3fd0-45dc-891c-2b7573fc0aef,VISA,60680ad0-a4e8-4082-ab32-41c43bbacb87
9c747c46-a0c3-4db8-aba9-97401cf98003,VISA,46f11f6e-dcc1-4307-8dd2-fc29d55b9f5b
d2bd9856-d68c-4aef-977f-5577c3ac22b4,AmEx,258447a2-a988-4b76-9866-e9cb2cf5302f
bb499a39-53c7-4c47-ba6c-cb85cd3a6fc1,Discover,1472d4d0-6fb2-45e9-a1b5-4ecbab0d18fe
7d46f4ec-f2ca-4c8f-b7d1-6634223dcd4f,MC,45b9967e-ed3d-4ee9-b4f1-7f2066917e3a
53e05714-c835-482e-8bd6-91f896d07d65,AmEx,f19950c6-a021-4d0d-9629-eab710b27484
4eeae329-21d6-4e47-b913-9626897330b9,PayPal,bdc962d5-4a79-430a-b432-6160e74a9f44
29325240-fabc-485a-a275-5e120a30fee2,MC,a26db27a-f311-4707-9da0-357dfab5c643
31d6f4d0-e5ea-4e14-8367-f19cb3181373,PayPal,886853e9-cab7-4c92-802c-ea075314d502
4a2a794d-3793-4b7a-89b4-9bdbd17aad32,AmEx,f182d3cc-5fd1-4786-8aa8-c63bb79afd53
097839b3-6a9f-424a-a9ba-4ccc734a668d,VISA,2928fa15-c359-48a0-9d1e-b4e30ffc072a
e8a88a95-cf8d-4977-8579-2310e7cafb63,AmEx,86059fd3-2593-4ea1-8dba-bd00450055fb
f4661ef1-51f5-42e4-b710-c2ec1b91076e,VISA,cc6510bb-3338-4fb7-b252-0f0da5cf2a0e
344d969b-5808-4ef6-9d15-c21e06eb8956,VISA,a3dabe0b-b534-4b23-a384-c8dbe43af94c
d9bfb029-a1cc-40f6-9bb6-dfc1497b3d42,MC,8960be2c-f855-4aee-a5a2-77b5925604de
497e59c3-f921-4597-b47c-1ba903f01401,AmEx,68d15068-b88d-4cc4-a18d-b55d36594724
2b4df4fb-eb59-46a1-9913-7c6c0258549e,MC,a46ef6cd-297e-446f-b41e-5d2bc63b3f17
785424a6-9d1a-4131-bc22-976f0133acb8,MC,5b9be8c5-98df-4a96-8e89-755116f2a22d
ca6352bf-d9d4-469a-8fed-6604cedc7a71,MC,2709539b-abc6-4271-8da4-284bddb71c7b
7e0b158f-0291-4c15-9aac-a2d0ae07ca60,AmEx,947b21c0-265f-434c-a55d-0783606344fd
fe1f567b-9aa4-42f5-88ff-57a2cecc1236,MC,aae7d88b-870a-4e77-b93c-ed1f5985216b
98bc0007-f625-405a-98b4-36ed7abfdc95,PayPal,3f0a2868-8132-4445-9b1d-99da845feacb
c2e3e4f5-e305-4c90-b318-3a2ac76bc5f3,VISA,d3bea86a-5283-462c-917a-951cff4bb57e
1a60a679-32d3-41dc-bf48-4e3b9d224861,AmEx,7de25b26-a884-4a00-b951-c022faf88906
f6f732a1-ee39-499d-b9ea-70b3112a0cad,VISA,33175349-c61a-4e9c-8545-726341df8d6c
a904bb7d-1151-416c-96b7-9b9241badef5,VISA,4618c213-ce8d-4537-a27e-8bd4fcb3b472
3a4356f7-ee3c-47e6-89a3-b1b2ee224561,Discover,88366dcc-6b5f-495c-89f4-1a082f54b98f
49b41d8d-60f7-4800-8cb4-cdfd87059fd8,VISA,09f2fa75-cfc9-4534-9ff7-d04a0d77b75c
ca8baa79-bc91-4318-bd35-e5b13f567466,VISA,009aa0d6-0051-4816-af2e-7811959c3043
f25024f0-b012-4119-a7d2-81726bf33a83,VISA,c0ab8090-e335-409b-bd60-1a21de37990c
cc75d412-a5c5-4d91-b42a-4728e914583c,AmEx,b37a9c74-94aa-455f-9f3d-49d41516462a
7d3c5915-62d9-4f0c-bcc9-6cacc4e1a75f,VISA,e98d5030-d7ad-4f8a-bdf3-e2b54a361a68
74c30b73-df85-4ce2-b5d2-b95a62b4601f,AmEx,3939e03a-6fb4-4533-821f-2226bdbeec1a
38c45a89-c3f8-44c9-83cd-c034d52d03ec,VISA,d98883a4-1ddd-4089-a5ac-83c052ffb537
997b7e86-4b57-4b99-84fe-88dfc4919dab,VISA,f3d0f9d0-a3b9-468e-bf6d-f0aca5315ea6
1f0eec18-7f7c-435e-bba3-ea3b7c0bea85,VISA,dd3b2b3f-5a91-4710-b60a-55df7bb4e321
7bb904d4-6c90-4c41-b93f-5e98c716a394,MC,2d5ff40b-24f2-4034-b74d-abaac1d025d5
d70b5df2-3869-403e-844e-3ca51a2a2073,AmEx,5b900ee7-fef1-4dd7-9d45-77cd370baf0f
536fb390-5caf-47eb-99d7-14c77fde2cb2,VISA,5ac247b5-02f5-41e6-b5b5-18d19fc487ad
49d5b4bc-02b6-47fb-9f40-71c4480c6011,Discover,5e65951c-21cd-4b27-80d6-42ed0f6da48d
2f236bbb-7274-4ca0-ac4e-293ca63b341d,Discover,3d44bc39-24d6-42eb-93d6-1847c784ccec
9518fbc6-4cc3-45b8-9ba9-0fa5edeb73a9,MC,8f0a584f-ce04-4b24-8b6c-e0b65d2c7c58
81503295-c5b8-4e52-8597-eaa9406e73ae,AmEx,30ff8636-9115-4454-b520-48161c96e438
6b6af014-fa8a-499c-828e-eecf6aa706b0,AmEx,73e2c840-f7f9-4474-96c8-b8cd3b6401d9
14d60ada-c9ae-4d1e-93ea-862548bc91a6,MC,d34faafa-1666-4b06-9081-bfb15588ef05
4e4ca3ce-4611-43af-a639-de8e9ec53ac7,MC,42a1b4c7-e823-49eb-8b8a-4c5af3787582
f023e07f-63d5-4933-b463-f57f03cf9d5c,MC,bdc1f036-377a-41a9-a8b3-660ed8f34612
d63bf172-52aa-4f2d-af89-ae279a657dea,PayPal,cb7981fb-4247-4b88-8b83-4c69b6bb51af
152070ea-7ad4-4f35-8456-be4b5eadd7a7,MC,a027361e-f970-47c8-a540-95be243bdbd1
88d7dff8-5ad5-4c63-942d-d85540dc3cb3,MC,663562fa-cf83-45b7-8baa-c4ecdbf9eb24
2bac81cc-f766-4eb5-9418-3457a893278b,VISA,e294b40e-7ae5-401a-826b-90c407fac390
dc06624e-6d9d-481f-b2a6-ff25afd901fc,Discover,94a1d55d-6f41-4eb9-b152-f999ae66a52e
9d7e49c6-85b2-45bc-a8c0-a62126cd1eac,VISA,a4f6a808-f395-45d4-82f7-3a1a1ecb0036
0f775c44-9bb4-488e-a967-76273dc3c225,VISA,995ceb50-eab1-4b83-89c5-22eaab39f988
49cc727a-3b7c-4636-84df-5c765b2a948f,Discover,8f3d80ac-9851-4ab9-ac64-a83a773d3d4f
5670c8c1-82b2-40da-a52e-16fea162b527,MC,e670d67f-489a-4722-97c1-088b4aa89d69
dea0a38d-5325-418e-85ed-fe069e92f3bf,Discover,a9514687-2e5d-485b-83d5-35bb54c330ff
d65e979a-2af7-4d2c-a533-4e45488125e5,MC,72eab378-e19b-4983-a183-0545ba4c7b88
00f65e4a-c966-474f-af17-1fc603f1a53d,Discover,c584a8bb-c7f2-41a1-8aa8-2e3e6e30a310
a90df0d2-809c-4928-b7fb-3b4c24f66e54,MC,6ac27de2-45a6-4b6b-89db-da98924e3fa6
ddd6724f-1950-4a36-b3e7-cfc41cce1e3c,AmEx,6171a2f3-1504-462e-a140-8386cc944a8e
41f101d5-22fb-4df1-b5e4-135d33aaf152,VISA,45deefb9-8521-41d1-8236-f627bbdc2c27
82438854-bdf7-42a3-b5fe-a9243c6a5bde,AmEx,b1ea3944-cc4b-4d71-ba0f-fab7a7c889a9
accd3b4c-a131-40b9-9c58-06741c89c250,AmEx,94fb21bf-7d77-400e-a473-2da49564c6cc
0723076b-d22b-4d37-84f7-3c9cabd1b1a2,Discover,1a7e11f4-e12f-49cb-8033-f0e54a3ee28e
1339f515-1734-40a4-b9b3-fa828be34919,Discover,74ae8eb8-ceb4-4f7b-87e8-4ded77ea24ea
1357f71e-27f3-49d3-beea-9bcecfa13d3b,VISA,645f7e6c-a4dd-433f-bf65-ce4aca2322f4
3aff7b2f-ac10-4b28-8a65-f826751d3325,VISA,345a2e88-2b1f-4073-ab6e-7d3267859ce4
0facd1f7-36e7-44ff-810d-2149dfb9079a,MC,93568b4b-a9ee-40a0-9605-81054b0a91ea
92333b62-abaf-4d06-a738-511c55d3ca82,VISA,f7dfc99c-da77-43fe-a504-229c6184afa6
c411f1f6-2c7e-4de8-a8e1-3e0447a9c033,PayPal,2c10929e-6515-4460-bb11-d87d148b307b
1e001e27-13ef-4954-b7e7-ce960c9c09f1,AmEx,12c4810f-e73c-4919-a0fb-a9dda97a03aa
a09c1036-81a8-44e4-be6f-60651b90f23d,AmEx,752c5851-953b-4b3d-99ac-dae4766adba9
6ef56aa3-613b-439a-93e9-f20b1dd28a28,MC,cc15d6fc-1d66-42f3-9a8a-80fd9e4db620
7aa54de4-3d81-4764-881f-3d56a78f3e52,Discover,6789efbf-3c71-47b6-9dff-f984c12c3621
d414b1cc-73dd-4bf4-9300-33745ae43692,VISA,3457ba21-d260-4fbc-a320-34926e41d3a4
f25b5f1f-b8d4-478d-a2ef-9cbb1a061126,VISA,3d894998-18f8-41b4-8d11-ef8c0ba7c677
eebcef58-4a5f-455b-bbef-0596e3823414,VISA,0002546b-3ea5-4e2a-80ed-8df74f6150d2
a98c67d9-a045-43af-8cca-b64e8deaedb6,VISA,e7585fea-8373-4db7-949d-11d5e3a8af70
6576a607-a82d-499c-aa64-19cd00cd7756,VISA,0b01d824-9845-4e76-abde-07b44a3735aa
58da8202-705f-4bef-b4cd-4cee96dacaa8,MC,afdd8844-245c-4e24-8d85-dd0cfec69371
9889039b-7d8e-48e5-ace7-4401eb2b6392,PayPal,939b2484-89ab-43c3-9833-122ff6cc89e7
4f8f6941-e7b0-4a6c-8847-7e1ae1156ebe,VISA,f20af687-80a8-4ace-a966-25d5f3884086
3fdd693e-7688-4fc9-a580-466665de3342,MC,04c1c17c-24bd-4876-ba6e-da7b51b961d9
e52299b6-f0e6-494b-849b-0548406bd4bd,MC,3f69231f-2e9f-4201-ad80-7f052976e43d
6113dc5e-646c-406e-9a5a-9212e4db35a6,AmEx,0d8f38e8-2385-4d0c-89ec-bbd2d9a88532
9ef45cba-0bc7-4f3e-8bae-f3a99353dee4,VISA,e65414f9-0e12-4620-96a9-94b5f9c72ef9
12a99af4-eb35-4d4e-9786-833ab8e6a988,PayPal,9fdd84e5-1a8f-4be8-a16d-338b4f7d1e6a
ad72bcd7-0231-435e-80f6-f1e72087c507,VISA,2b6a0ea9-51ce-4e87-a2ac-18bad836a8f4
4e2ab023-6b60-4e01-a151-6c333019a249,VISA,d5cbef9b-bd77-44f2-b9b1-7caf80d5bb79
7752d2f0-eebc-425a-b754-62df649f3c26,AmEx,2b0269de-ed50-4a55-83a8-2868f98d5f9c
339b92f4-b66e-4529-9bc4-a10c84773067,Discover,2d644b41-e1d6-46bb-87c2-9cb965b3401f
93188e0c-508a-428e-90ec-4d399fd391c8,AmEx,9acd4877-f51c-4412-9db7-5056771edf1a
48d51540-43cb-4f55-bfc3-4a35b1757d6e,PayPal,bf3f0e3d-0642-495c-9022-7c1bff4c31f2
9e042aa4-6f74-4414-9d9a-f381ad821249,VISA,daf65d3b-75ec-4792-b88b-320c338c7d64
b2b5dd03-b53d-49c4-8b78-5ca986fe9c68,MC,1e568ff1-c6f0-47aa-8d77-5b7c2cb67356
02ef22a0-2a88-4959-9682-c9e3608c00ed,VISA,664fd133-ef71-4eee-83bd-24529059ea18
90a7e1df-de5c-49df-87bc-86e036df1607,VISA,81d5158e-65b7-4a39-92bd-dd9eb8525c1d
cdd9b7b3-effc-4354-a44b-d7fd10f5b22c,VISA,492598f4-faf0-4383-9627-a2cf0a999882
e4657699-d7bc-4496-be39-4dbd1c455ed6,VISA,98330b8c-71e5-4359-a1fd-b4722b986174
e2543c5e-1de3-4566-9dae-64e044964e98,AmEx,f35334cf-a6bb-427e-a547-ec99b4ea8f02
f11686c3-0e46-48cf-a562-1e733ec47fe4,Discover,96d0ab98-7f81-4646-99e7-2089cbe55029
88007a8f-1721-4811-9bb7-f0d904459ac0,VISA,0ac2d956-a4e9-4aa9-ad8e-3436bfd18aef
4baa0335-944a-4ff2-a6cb-8d00c1d03a11,MC,53c55e86-f77a-4fbf-8ba4-117cbc9b4d3a
61d2c46f-2ef1-4193-aa8d-073fb3e46316,VISA,f78e3a68-d45c-4935-b8f1-64deca6fdf07
a693b047-cbf7-4458-a885-882a24cf581b,VISA,cc5c4ccc-46eb-401f-97b9-986c7b6b136d
dfd417ec-2067-4dda-9eb6-420f60f01d69,Discover,20984ae7-b883-4bc2-907d-9d65854a45af
febace69-b824-4d1d-951d-c1fe856c9c18,Discover,1619cac0-11b2-4711-a45b-9bca25e0adac
5b20b3f3-b51e-4960-a408-11ec91fc568b,VISA,1a255826-ecf4-4756-90bc-d307eca9a5a7
921cc892-4523-434d-a740-3e1103f44017,MC,554cdc78-6336-485d-ad52-0e9988f918a2
692103b4-8028-4c14-9a32-1b2f09fe5232,AmEx,a5a4f3aa-81b5-4805-a392-534df33b4190
8f9bfd44-0ef6-4e5a-b211-b96ced276b83,Discover,30075b37-18a5-4f24-8120-6c13f49076fa
cee90ae4-0bf2-4978-bd90-a87af9863edd,VISA,56b0ee74-6038-425e-84a0-37906be7f95e
40b682f6-4d96-4b5a-964d-f6f2ea83f3fb,MC,3dffbb41-242d-46d7-b73c-9dea6bd64be2
20a01b0b-be9a-43ae-a71a-b6ff876ef07a,AmEx,3c26055b-34ae-4748-b2f5-3feffd8d55eb
7c043ff1-76fd-47ce-a985-4cb9cd088874,MC,44f112a3-f1a5-47dc-b08e-f41d02ebc4e1
97312a1c-8a15-4447-b71c-63e1ce5f1363,VISA,1af59fbd-92e7-4491-ab22-e14140114a2d
7b2b40ac-266f-415f-9aa5-56c33364adaa,MC,03e0af9e-3858-4350-85e2-fd892df07db5
25b95bee-311f-493f-bf5e-920dbc1accff,MC,17274f50-ee0b-4b24-9a45-22cd619a3cf5
795154fb-7e6d-45df-917e-b6d567cfa506,PayPal,b57349ef-f9ad-4477-b015-b9e88580b285
29db0a64-c551-4856-89f1-a06cc3215f62,PayPal,6ceae684-58b1-451e-9bcf-ebe837d0cd51
ce90defc-cdf8-4faa-b0bd-53a8f2ca0741,VISA,34301a34-49bb-4389-b90e-1d4c52922deb
4fe592f8-4a9f-4c30-b4e9-4659fb99ec47,MC,4928dba7-7156-4a16-a2ea-74f0ccce227d
3b720763-8930-4a67-ab5c-64138789281b,VISA,46652eab-fb0b-4d64-8681-6be0fa27bb2a
7a3a3fc1-eebe-46a9-be2c-57944313af15,Discover,1c3d5214-5e24-4432-9dc1-8bebddd32e69
211ab271-c3d2-463e-86b6-5c5bd6613f73,MC,396ec6d0-1ebd-40b8-b158-d63d8f58cf46
08640762-084f-4d92-ad2d-176f4fea7e2f,MC,6c15b2cd-3b87-48ba-8245-eff4ce2b5efc
5e18ba34-782c-42fa-9d93-8be82b92b2aa,Discover,02cea8aa-aca1-4b4f-bb71-ea0c9ff74198
9dd6de5d-d64a-4b04-8383-e5f218e68b67,VISA,b4d166bd-1d45-4884-a21b-957527d30fa6
ddae48dd-b43a-4a0e-956d-312e08b11071,VISA,7ce1e4e5-0a7e-4113-9a42-3c0d41324f3e
1756213b-91b9-4d6b-854b-bdf246735a72,VISA,5e553a3d-352b-4c5e-b3e9-4562e5be2773
f7a75a83-f1d3-441b-a2b5-5f1d33bfde61,VISA,77ddb5d1-c545-4f75-bab5-0fe6e92057bb
ddb5b982-7257-4218-a7c1-92bc4b4c7f1a,VISA,faa8e36a-841e-437e-9d69-b5bb8a86ec3b
d41f5f24-dd74-443b-b0a2-1372fadf21f9,AmEx,b3b4ec3e-650c-4d45-bfb6-03ad8521dfb2
c59cdccd-b975-4116-934d-28b72c3bc2c8,VISA,cf13209c-1500-49ae-9981-75260d382d1a
47415bae-c781-45e3-ab1b-87ec218ea9dc,AmEx,0c71344d-1eb0-4079-9563-0f05847bb236
ae5cb734-41fa-49ff-be48-ad7abc2b80f6,MC,627fbe9e-b421-425f-a296-0f91dc95eeb0
54b8664f-4109-4697-9c53-848a20f5bc75,VISA,cc648cf9-aa01-4b2f-b888-ae0d51fbda41
accea52e-4c01-425c-bdab-25e97d46bcce,Discover,f04595e6-f5ef-4404-a968-53a05ed68b3a
59b5369f-b1e1-4aaa-954b-b5d9cdc7fd40,VISA,03b85488-d055-4df5-ba20-95015de5add5
dfdd0a44-f444-4a84-9f4e-af3dd4b0794d,VISA,ee98926c-ab2d-4898-9fa0-cf26a89d5875
7a637744-e3c5-4ec7-ba62-010009318c1d,MC,d9777d02-af24-4aed-bc6d-c2c5dd888045
220473b5-e34f-45ea-8192-bcb4269a2c23,VISA,fe2c5afc-bf5b-4feb-9488-845a9172184d
d725b8c3-e3f0-4a85-9e9f-d5a9636ea912,VISA,0e886100-7380-4827-9009-472dcd85a1ee
030fa0d6-8574-4f97-8bac-cb36ec3b7ef4,PayPal,04ba0b0a-3f61-408c-bea9-e6e60feafd60
b5f3fbee-6982-4d49-8a71-9a00f035a88a,MC,12ea03f3-ecab-409a-9abe-ba71dca0cdb6
a88fa0d8-f89f-4add-b6ae-66654f36c95a,PayPal,27a11644-05bc-489f-8821-173fa5a91fc6
8ae9b8ec-60a9-4157-b704-97849e0346b3,VISA,3333ba83-cd11-4a92-889e-e0e53e7d63e7
4b344b16-2f08-4c3e-b1b1-48776ed466a9,AmEx,2acb7c4e-3af5-47f9-a0f2-c632929ee3a3
2f4cf5ba-0bb0-4f07-8d81-cf451481799d,AmEx,b9e44b1e-44a8-48cb-a311-66b07fdd3631
4452e23d-e883-4907-9dbc-61c9f074f86c,VISA,a526da8b-ec94-43c7-b895-92af34b53273
ae36bad0-8463-4966-a555-01f4a400dbae,MC,c97428ed-26e5-407d-ab5d-74353adec487
7c2d080f-3347-495f-b851-78fb1e31f55d,VISA,bedeeabe-9b97-43e8-8672-f714d1030e8d
9f17422f-e763-4df5-b1d0-b157f9d9fe14,VISA,7c5183bc-cabb-4b82-b343-9b2b4a17b83d
774540a2-736c-499e-a17f-a5d2510e5d5d,AmEx,d0ca8de5-0b77-47f0-a320-c020201b3c59
be56bd56-2ff5-4172-acbf-6794abe53ef4,VISA,fd526b20-5d3d-4ccf-bcd4-06a97965f4fd
70989b53-962f-4444-884a-e037eb20d5b5,VISA,75aa29c6-edd6-4470-b7f2-c4a315f8bd72
33426a9c-c313-4d4f-bf74-64669c83b66c,VISA,be540d2c-c176-4d78-b8b5-7cf287d35252
321e76f6-6952-40bd-81dc-ecfee8e03010,VISA,232c01bd-19d0-4382-a55d-5ae13b0bf21b
ee0f613d-75cd-405c-883e-d10cd2aa314c,VISA,60972543-60e7-4a4d-af06-13ab7da7acd6
1ff45e73-72d5-4ef6-bfc5-476d16763984,PayPal,6779b7ee-c3dc-4d88-ac48-7f28eccb1f78
f5c40b58-d0cb-43d0-b985-da8fef215583,VISA,c300322a-060f-42e8-b2ad-2548938f2da1
c2a8f3c0-4f4c-43af-957b-fc72190a0e92,VISA,ec32c299-8677-4ad6-8cd3-6d753292f286
35fbcec3-aa83-4530-86db-278425091467,MC,5ed514ec-1b13-4aaa-be66-50621d07177e
f4471289-e716-494e-8d49-c04fdbc1c6cb,Discover,f94756af-1eae-4969-8777-12f95e35e6d9
7f437e71-b39f-4ff8-b9be-bf2cd9192373,PayPal,c87d637d-9921-4b81-a37a-b360c2f5249b
382b08c6-baf5-46b7-b11f-845d2087ac6d,MC,8e394255-ea05-4f97-8377-3f262722186b
e2249e6e-b60d-42cb-bf06-a654216113ab,VISA,c7256ac7-e6ce-484e-b7d0-4eba319a50eb
5a37ff02-3527-4cc7-bf32-3ebb9e5ef8bc,MC,8c5d6db9-0f9c-4ec0-9187-69a76934edf4
bc6d38a4-11d0-4823-b9f5-db5ca1fb3604,PayPal,39c70384-a48c-4296-8c2a-5291408a2f20
92ab43a7-b2ac-47d5-8b16-2de3c0055aa4,PayPal,7c75860c-41dc-44cd-a69d-232066405d90
955c3db7-8f92-4a12-ac84-63b936da3cf1,VISA,ea9c4dd1-4111-4e97-a00c-1e84a2dcdbc0
cd754529-0a3c-4d87-855f-c414b0384fed,MC,09268b1d-824d-4c95-839e-64fcf254b6fd
d05ed56f-4d2b-49d3-8a16-5fc2443b10af,VISA,6c9eb63f-d61b-4928-ac17-83c455924fa1
a2043398-c556-404f-91ef-f5ace26263a5,MC,d9a3c6df-d7a0-4ae0-9538-51cc101d80ff
a77fefef-3b8d-4260-9a41-6cf96735d59b,AmEx,62c67a99-13f3-4596-a0c3-e9b783a86c66
106555ac-451c-4afb-9754-deff4da62891,VISA,60ef44d9-1294-4833-80da-1fbcad52449e
6583bd5e-d8b9-4b37-a97c-b25f2062241e,VISA,d34b05ab-039f-4376-8bb4-33fafd3abbae
0d081797-8d03-4136-8c14-d8b5b646ce11,VISA,c70e3ced-58b2-4c88-b38f-a0af3336fb5c
78543c3c-a740-40b6-a9f6-a77e522df006,MC,c98fee6d-aaf3-43a9-a662-6a9739e00890
5a438f21-2b77-4f38-8bf0-f2ea63e0ff7c,AmEx,1f605900-ef75-4925-b647-621b18e89670
c4fb9bb5-f4d6-44e2-962d-c1ce9bc79499,VISA,0a93ed5f-0824-407e-a67d-4b585893a9f2
33388456-a8cf-4568-952e-80a78307ca78,VISA,92b23d98-86ac-4ea7-9cb9-f2def85dfaab
887b516b-b651-4493-a61b-b0d4d0419947,AmEx,a1b1e1ca-01ac-4bf2-8d45-cd4603186ab1
7c198213-6eea-4059-848a-fa38d565adae,MC,3b036063-e86d-4079-af75-f499a18f26bc
0a8004b9-78b0-40b8-a3fd-f79155cc760f,VISA,2f066422-f724-4631-9c52-ab860d688481
4cffad4e-aa0c-4c4d-9768-a96f9e1d29c8,VISA,0fcfecc6-71dc-412e-8d63-df2b595cd323
0b2990a7-7069-4708-9ee0-07fd53213b4c,VISA,e313e43c-c132-4179-9bcd-11b1be578fc8
5a576e95-c393-4151-a963-a73b167ded07,AmEx,d168e3cb-7631-44c3-8966-36dcc59c51be
5386d6d0-ea7b-48e5-8301-c377773409f0,AmEx,3ac8d19d-5ffb-4db1-a3fa-2f68472b9eb7
ae8caf38-4c96-45fb-b4bf-1cc9f7be53d7,AmEx,2ac659fd-867c-4b42-8f51-28e133316167
8d22268c-0ac4-4261-9236-38727a3e08fb,AmEx,359eaf10-693c-4706-9acf-a266a3d6bdcb
9a557b18-58cb-4b61-8f52-30f664f99008,Discover,73255027-feec-4d70-b705-76d0fd233f6e
5b799662-484f-418c-8c41-59fae3259604,VISA,9423e233-4648-4654-97e9-9952c3d4c36f
08b15b80-c9b0-49a1-9362-ca5da3985d5e,PayPal,e2874307-5288-4e93-8a89-4835aaa3a530
5a566eab-c3a6-4cd1-bd6d-c4a77ca846e1,MC,5e5620eb-6a40-435d-acbd-d92764c826cb
05b246b6-3c3a-48bd-b2b0-696c447a4a20,Discover,4158805b-e68e-4ab6-afd6-9f702b975329
25373e89-4941-44aa-a878-70738c0608dc,VISA,5ec8c434-e3ef-4c34-b9b5-c1466dc78584
c4176516-735e-4541-a3b0-e62846ceedcb,VISA,0c85406b-bae5-48a1-8080-560626445fcd
70c43b78-0990-4c0a-b0de-88b1bf231773,VISA,d8ae88a9-7deb-412c-b7c5-b256d2d641ff
bd631c44-2ace-40ed-ba59-d30ed95c9c34,AmEx,3445e8c4-ffd4-4b7e-8635-f6a118c51114
7afe8970-c218-4030-82a0-5fe3d2055a58,VISA,87721883-b5a9-4a5f-bdc6-d8954477559a
808a3e90-29a5-43d7-933e-9c95b1817005,VISA,7924917c-436f-4218-b256-e5065c901048
590f0969-2112-45a6-9eee-9395b9000500,Discover,0c8c0dac-b01e-4981-88b0-8c95a6841405
c239aa82-9020-450a-81ff-36253925a893,AmEx,3befde80-584e-4b51-845d-1717057e2577
e7b936fb-84c6-4e11-bfec-cf2906b822ad,VISA,5719a598-8b63-456d-af00-cdcec9e45379
71e0ef01-78cb-43c5-a9c5-31506bc4ef82,MC,81bfb85e-a612-4e7d-aed4-21658fad6597
93446af4-3071-476b-a44c-698489dc17b3,VISA,ea48bea9-bfcc-489f-a09f-3df3a8ff27db
4cfe2a48-9d0a-4427-85d8-c61ddeb66814,MC,40b79ba2-54cc-433d-9dff-40742d55db93
7408ce7a-74aa-4a2c-9601-014b114f71ef,VISA,31887b86-45fb-42ce-956b-04c5e7f19795
7e529fe1-67f2-4c7f-915d-5c50c6278421,PayPal,90d74484-b3ec-41d6-a169-5838217c09ee
c31221bb-c524-445a-9213-7f17beff2212,VISA,29411a67-414e-4460-bdf4-3f38880af9c3
bd567dae-b773-4e5e-8a00-56d2462d4718,VISA,7ac6d4ad-c971-4238-9e28-535e3d453472
c51e496d-0a22-4b21-89f1-04d50ed1082e,MC,eff58f1a-5427-4517-9669-b1256feb0659
da56c111-12fe-477e-9e27-50b501706e5d,MC,c84c0d48-3313-44bf-8e59-24f866570a8c
648e9fc1-2f42-4c65-bd68-cd678f9595b4,AmEx,baa4dad8-2740-45c7-bb12-bd6199e264b5
2a3a3e1f-752e-4044-9c65-5bd99b968d15,VISA,8ef29ef1-beb3-49c6-93a9-42889e85f7e0
abc7a47f-0aff-4d69-a047-7332a5fdb08a,VISA,095068b7-9430-45e4-8c57-e2b04e0bb9ce
57ba0b65-fedb-4b89-823e-d5e488c5e232,MC,aa69e668-374d-4030-8b87-71dda52404b9
e40c7556-6828-4ec8-a798-dfc7169816e5,Discover,aa324271-bfd5-4eae-9376-cb8580a0e7bd
78e8e4c2-bd87-4f32-b795-6554b9bbe50c,MC,f9194a3b-c0b6-4924-a6da-f27a903ffd32
cc78d336-98ce-49da-98bc-3c9e6b6479c5,MC,dc9e72fe-eb08-482b-853f-b0072c2ed5d0
42c34b3c-192d-4649-aed2-72a91e946253,PayPal,a8782822-e96e-4b4f-a8df-58603039965e
4a9f6403-a2d3-43f7-b685-e6bac5ea9f47,VISA,f5d50ebf-7f1a-432f-a2ec-27609e3528bd
70a9c11f-e527-4995-a9e9-343539b0184d,MC,118e5e51-cdc5-4e5b-a259-a38af9fbf909
d448f390-01d3-470a-8945-e95c6b15da3e,VISA,c509ec18-63e5-4348-abc4-50c910a89520
f6a323f8-ee42-4280-ba79-119b0dfa9449,MC,d6bb58ce-861a-4307-9d73-ee8931ca6cf7
6109775f-f10f-49e2-8822-0df2cf57e93f,VISA,3f2c4739-50c9-4c95-b28f-dd3cf7d9d8ed
15ed911e-6bb2-48b5-b054-21cb8b6958b0,MC,e2393ce0-80ed-4026-acfb-a451b7fb7b20
e56c4e9b-5bf3-499f-b87f-de0d2fc5899e,PayPal,2d3a4ca3-3387-407a-986a-a0a0603c9568
6ae99419-7a5b-4e6a-89ac-dcab848f16b3,Discover,2df4a3d7-f7dd-4447-b838-d4d341df3f61
1ed66253-60fd-490a-b7c8-96b2c58b2e57,VISA,5385ed33-821a-42d8-8787-5210561afda1
87c4c1dc-da20-4c60-96cc-fb0b65557723,VISA,1a3c9cc1-b65c-4d60-84db-6bf66def1f9a
0c19077b-8a0d-4cb2-b6ae-4a8fd040365d,AmEx,18a5905d-3166-401f-a9d0-08baba88acb7
95516bd8-299d-445a-bf41-87c3bd411336,MC,87a01aa7-6af3-41b1-840b-d0112d04d44a
f453c19a-2119-4bbf-a52a-d09cab7a0d4f,VISA,a732809a-ac6d-4f7a-b499-21d1518322fc
febd7f05-e95c-476e-bbcd-50927595dad5,VISA,225fb568-0cb5-4ddd-8631-eb23d9fed85b
3c2a8c91-aa18-4a27-b7c8-6c53f551341e,MC,4ac7a3b5-4c42-4605-befe-a0db2132b931
1a51ed51-7ea3-4605-b42c-cb5965220cc0,AmEx,0c59765e-1fc2-4853-9b35-942f85258897
14bbfcd1-5331-4556-8122-f8af72435b24,MC,a0f46920-2d7a-49c5-a57f-df30a50f5968
bd79f824-76b1-477a-b46f-5b6e5ba97e7c,MC,97ca34be-d6a3-4874-977a-7823527c8b1f
ca575b02-1b82-4a5b-ba50-13715e68e050,VISA,49fea064-9499-4cf3-b6f4-fc56abe4c3fd
7d664a41-c9b2-4f47-a478-c3bd0df757f2,VISA,9ca4922e-9b0a-4284-8b25-4afa264ad900
732b7744-402d-4a19-b433-c8a6224669eb,VISA,3ae90616-9aed-4610-8f1b-6e29ed19bd54
13fa4e06-a84b-4461-829c-f896223a6818,VISA,6dba17eb-b522-4a6e-b967-90828878ae7f
b7714560-e95d-49f4-b4c6-618c1d7d4e95,VISA,e63cc961-00e3-49d5-ba8a-4ba9df5bce43
ba429043-4d26-4a41-8590-80cf047da352,MC,b983fc0c-c818-420e-9fa4-d9106953f0db
9eb7a9a0-e55b-43bf-af69-1950c6567823,MC,b1b37f2d-a270-4d29-b46b-22acf22c422c
8f7565eb-da72-4ae8-805f-889607c08ca7,VISA,cc4d0e62-3a19-4908-a9a4-5b563034545b
c52079dd-e8af-4df1-8382-65b84a717284,MC,5342792e-8551-4165-864b-244c5cadbd11
aca06d68-7831-49db-af85-03f2a4f3c59e,MC,c85f63b5-453a-4333-8c10-410688ab8df1
090482cb-9115-4c4e-a35b-1d03cf98ca99,AmEx,708b8cc6-605a-4c1a-9238-87382e90e3d7
678b13d8-fba4-4ed8-8c80-95c619cb0508,MC,fdb911a0-4db8-42b1-8ede-ef9eba1ad0b1
25da17dc-a0db-4137-a0b9-f814824aa8bd,VISA,38b37f45-7f35-48cf-96b0-459234101e28
88efb158-54ef-42af-835b-2a6f345d1010,MC,86922930-5db6-429b-8b9e-7ea4c48de323
17f621b2-7ce6-4061-9d65-3fe657d91cb7,VISA,c9324191-7efb-4946-806f-a126730772fc
bc4efb47-06c6-44eb-9d40-9c789b72e0b3,MC,1cd13067-e893-4882-b39e-3436ecf54589
415838b8-d899-4c2c-b31c-a672c7adcbb6,PayPal,d8e0ffbf-3e88-4e4b-9f76-e919244e8522
b9c1dcc7-7a30-4447-bcce-8d90763bf3bb,VISA,8f641453-6014-4908-a84a-c98f252bb271
44dd229c-7634-4c1a-b7da-0ec3fdc1baa5,Discover,ff09000c-fae1-4ca8-a0ed-48d3b52b705e
36e7b1f5-c6c2-49e7-b187-f95765fff2d1,VISA,2ef51571-6da2-443f-9296-d8d2800d6044
a0bcad1b-0d5a-415c-9400-06959b3847bd,AmEx,21f8cc3b-b76a-444f-aa5b-ce846d979cec
7f22ac51-6eb0-41aa-a68f-b71dbbbbc7d7,VISA,12db0a94-4f78-4217-9bfa-0bb88f46d205
54b0a06a-05b5-4018-a7f1-92ea70d163e5,MC,02ca29ce-813d-453e-97b6-b0423c2cdec2
6055baa1-5d4d-4def-adc3-79d1ce5fcb9b,PayPal,75173c32-dab0-4bfa-bf4b-69dc453f1d67
4f7aa920-a6f0-48bc-a21b-6f4436cbb1fd,VISA,cfee8ca4-d3ba-4b6f-a00c-1ae55e63901b
7190be69-99d0-4e89-94f1-b2fd6f7a1210,VISA,fbe83f9b-d935-4545-9300-12f2759d959d
800a0366-5a9e-48bc-a51b-c75ddca2ad29,AmEx,acc77069-b693-48d6-824c-f0ddc5925588
54dabaf6-cb56-4cdb-bcba-4d3d4c214283,VISA,4c80f44c-6258-4639-a0c7-ff06f9c83589
5cd41d7b-9bda-4abd-b0f9-e4b1dbbf71a1,MC,bf8f0c9b-7220-41e0-b5a2-e740970992fe
e7d0652f-2282-48e1-8e3a-e4a9a7579dc1,AmEx,27fba505-4e0d-41b6-a8f3-cc3780760004
28674998-20d5-4ae6-accb-0f85c84664d9,Discover,e30c9e3f-87e6-481b-9b94-20e1f98a0bf5
3b768e97-053f-47b8-9b44-f825727abe03,Discover,87910ab1-d261-44b6-91fe-cbaabd761e0d
b84570c0-6640-480e-8387-080fc4f99d5d,PayPal,64c6aed2-39ae-4bfd-af52-f3758b90c294
90059dc4-823a-4569-a9d2-17b17ee68700,AmEx,ad31b21a-8afb-4f7a-87f9-bc5e8f01ab69
9488dc0f-9a4b-4522-b4fc-6a3cd2d305c8,MC,f8936d38-5983-4126-9061-d0a4a4fe93b2
2671c502-e2ad-40a7-8bda-1878061e74b9,VISA,94fb1bff-fe4b-4d89-be84-40807edabf63
c42658b6-4b65-48c9-b296-8287abaa0e6c,AmEx,88f8b9f1-11ec-491e-b3bd-43ae5e99fedb
0f46d741-5d64-4f28-9d77-bdcc2899c200,VISA,61156fd8-dc78-4366-831e-dfe7f354f9aa
3c7cc558-f354-429e-aa9c-a5ade74cec93,VISA,4b6c969d-d950-4224-aac7-38bdec7966d8
eb73bd55-a805-493b-8d28-4247f4ddacd6,VISA,ec87beeb-c553-4e06-8031-748c0598d8c1
05158b88-d219-4974-a6b6-0a09b1f1a807,VISA,6b909a17-38fd-41a8-be2d-ea9370691ef3
c18ba979-2f99-48fe-bced-dddf5ae217b5,MC,f6fc8eed-c5a8-4d00-aee2-fd5356c0f0a9
feab308d-78da-46ba-8107-051dfe4bb4ae,VISA,3256b3c5-174c-4299-baae-43a38ab8798d
8478a189-7d74-46c7-8e86-d681ed59a7b9,VISA,306a336e-b737-4355-8cf3-31bddf9bb065
1eb121e0-8b7a-4f65-b79a-d2e34512ef5a,Discover,ca814c0b-086c-4aa4-b268-4f72eae55ecf
2f452562-f044-44aa-a75c-1db82b1291ba,MC,92bcfa24-6404-43b7-899e-1edb8ef4cb67
4d4208b0-4269-4c2e-8ac7-1bda377597fa,AmEx,4e895979-caae-4a34-b325-7f3646783d6d
195ae594-604a-4241-a5db-1cc187f27fc0,AmEx,d32e1db8-2374-45fd-9d91-20a6bc1293cb
82b18811-d29d-417a-b1d1-84a70bbf1db3,VISA,4ba8bdac-3976-465d-8281-34ff33f115c7
85bc5af7-1791-4e43-adb4-864054eaff2e,MC,16d546c1-efed-4967-a22c-17b8cdd5e9b6
4e10c570-63b6-47ed-b101-0710a5049c01,AmEx,b0c2af74-6be4-4046-8ca1-698868c641a3
25f6fbb7-d074-4350-b128-84545a7bfda6,VISA,589c7f57-bcfd-47cf-ba0a-bdf1c2d0edef
dc2288a2-d41a-46b7-8b73-d7e94788e975,MC,197a75ae-7b1b-4ada-a2b9-42d875cf0912
0c7a5e97-34e4-4f18-9521-78ca1143423e,AmEx,72b4f16c-e93c-410e-8ca7-a9ec89f5e0a4
bb2e538c-2c69-4966-9af6-af9c3f7a8072,Discover,951a85e9-e8f2-44b4-8f8a-789fe895a329
92eecf04-e28c-4c03-8075-f9e50579f026,MC,85964547-ae3a-4eb5-8f5c-af10fe650728
6ce51e6a-a05b-41f8-9b43-8566eaf7bf0a,AmEx,871246f6-8727-4fd3-9350-82b1f56eab8b
ab5978c9-e251-49c0-b9d0-b2d6919655b4,VISA,d6edab7c-0d99-4edb-87ff-96fbfad8c9a8
ea1a3842-d564-48f5-a950-f6c643ed1283,VISA,b7a1c103-4d5d-4b45-a1cb-7807606f87b2
abaf691e-5c8c-4b79-b29a-4e39a396b9d5,MC,348a2f04-0198-4808-a821-7e474f50c049
c2932e78-36ae-4ee0-868a-1985c35be2f0,Discover,e59620c0-2977-4f07-87f2-0df77e280710
69ebde76-6e9b-4b1e-87be-814fadf88aad,VISA,049e7447-2de6-4ab3-a0e3-32fda311c67c
9a619b43-280d-4109-b628-789f8eba880e,VISA,42cd5b21-733d-4894-9271-8fe882d41400
69d89b88-9bdb-4dc7-ae40-fb5105e17c35,Discover,7bc234e8-8831-4d0a-a667-16d2953d263d
88f2aae4-6655-471d-a2e6-f0281b45c085,AmEx,d9636821-63cf-4861-b29d-08c6547518de
de4ee804-22ae-4b23-adbc-61634fa193ac,VISA,6ca09346-470a-40ea-9e4b-711c25a5a80c
0cf10898-1c02-4571-8cc8-4337e6763e4f,MC,b88b09fc-19a4-43ef-9411-1a1dbf0dff10
e7517d87-144d-47e6-85f9-f4dbe903247b,AmEx,5a87207e-4bec-4fcc-9c10-e921601f682d
8e377237-62d8-4199-9d96-111ec32ee872,PayPal,22a7bb20-e2d6-4905-ac54-b694bb08acf1
d59b3707-4df7-4bc4-b074-cc1700b78333,MC,8b798124-6268-4f2a-a971-933f59060a82
98224cfe-929d-4de7-8c84-db1f1e64a324,VISA,0985f968-1410-4605-8771-da39c9b06a11
ae294054-2c57-41da-9d28-e260a6480800,MC,0027b943-ae6f-440b-8d34-45560bc460f6
51bf15e0-2d40-4047-be06-31d76f09cba7,PayPal,a397bb37-4cc2-4ac8-aa56-525b1af7379c
542ac4db-eceb-442c-b60c-c79fbca2d78a,MC,913c9acb-578f-4931-8bc5-e1f89cb0b225
110d37d1-6708-41ec-b7a1-b6d2e771e136,VISA,e68b1540-4aed-4fd1-8ff3-3bdaf82ceede
1c3ed34b-e5a2-4eae-9326-a54223750f4f,Discover,52f7001e-e410-41c5-b89d-45408e980a73
60e88a6b-2ac1-48f5-ad34-600e0be75a72,AmEx,a8c57b8f-4a55-4685-a700-4553fa7eb7bd
1bab47fd-aac1-4138-895a-f462e18c559e,AmEx,eceb5a54-b7d8-45bb-87bc-4a27c7034c16
bd0c36ec-62ce-498d-8fb3-a2b10773a88c,VISA,ba2c2fcd-1571-4d6b-8f42-3c189934083d
0ef3a8e7-e394-418d-ab83-8d2314cce0e4,AmEx,f45180a5-acd0-43c6-9486-63eaeb1c1bdf
f0af40f3-15ef-4733-95c6-a37f4202bb63,VISA,0b1ad515-6695-4aa4-806b-dd19b49a3451
78c19843-9a30-4534-8bf7-60c7ce4eb3a5,AmEx,d8efcb59-68bf-4b42-a3b9-0e3e366fcdbf
fba4691d-5989-432f-b92d-e22478268498,VISA,f034eb77-2a3f-436a-af8b-e7b6f2544a1d
d0e985a1-0021-47a9-b3d3-1c1c80dec953,VISA,d7c35401-50b9-4897-a43a-15f67cf09f89
d6e51791-ef65-42d9-8c51-0378f2225a2c,MC,637f15f1-6216-409c-93d0-cb047064ba95
006b7409-b896-43cb-9d31-5b2423f2911a,VISA,eb9583f6-4443-408e-bdf9-8884f14aee0e
debec4a2-d528-4783-9f18-3d32e9b5f23f,VISA,5a979080-214c-44b9-b3b0-977dce6ec2e4
728ffb91-76b5-4ea8-b8bb-c1785d0f83cb,MC,a28f31c4-aae7-45f5-ab2d-6b79f0b85edd
a472d12b-41c3-4c4c-929f-4757d8845a4a,VISA,5a2ec8c9-b14c-4e7e-83b5-a881a0a4e0f8
9fb3ae00-c6ef-46ee-a0f2-2684af17033b,MC,1696d699-a546-4f02-8a3a-511ba5dcd1c3
2433d9fe-d680-448b-a8f5-acb7968435f7,MC,b6f64856-a323-46d3-bb1e-eb2344c72b82
47141651-4770-464d-864f-2791a0f3ce27,MC,3ae7cc60-f287-4c8a-adb3-deec0bbc874c
7015119b-5c81-436c-82dc-86b0a21add23,VISA,1187b652-4631-4a2e-9b65-e5201de5923d
bcd07a58-76b2-4285-afdd-680b32163162,AmEx,8848106b-917c-44d2-8869-220c6b76bf3a
26cc38b0-d021-4754-88a5-a5d9aad4a938,Discover,b5f1710b-2f69-4b7f-a98d-f1033bcae3be
93cfb893-b674-40c3-902d-9544e06fccf3,MC,c69eab30-23c1-4513-bc4c-24a7c8a6615b
cb89fad4-0290-4ce8-a2c4-f7a4fb700820,AmEx,4b12291a-5899-40d4-82f2-f52d42233711
75f43c29-c94b-4172-a36c-100327df9bd4,PayPal,da101c49-42b0-4752-9a97-25d6be715367
bce6eb90-17ae-42d1-80d4-95b6e89804c9,VISA,335229c8-f36b-4081-9591-f12c9f9c62b7
8582eeb1-ba0a-4b21-8b6b-e78421b79c6b,VISA,db2a4814-e52d-46a4-a5cc-49df3347d65e
b676e74b-7b2f-4799-837e-bb063bc040af,AmEx,299cd6bd-1f69-400e-9966-edd5a3ffb9a7
d5cbb9c9-d2ea-40d2-b627-99262981c076,VISA,66f620e6-3aef-416c-a005-6d35bdbbc96b
5633751b-8976-4e76-988a-db6a7b46a9e2,VISA,d61b242c-b7e5-4767-9575-6075e1eb51a2
268ebf9a-e189-4a8c-b6f6-5b880c801081,VISA,21f0ce9a-478a-4704-95a6-de9402142bd2
6b601e98-7096-4630-87a2-a82129c2a7ea,PayPal,27938adb-fec3-42df-8b89-038fea5ca525
33255577-b39e-4a61-8563-02fd759dd651,VISA,f06b05d7-db9a-4c3c-9fe0-185477620f9f
c539d664-2f1c-436a-8097-f78003df41bf,Discover,a427c01a-a498-4a58-91af-d0da879037b3
feae1e29-7428-440b-89c0-b981ae63cd08,MC,efc321e8-840d-4089-945d-e988100a89c0
28f6e39c-fd58-4cb7-a782-efd54b3cfca6,MC,3fa27b0a-34d9-43b8-95e0-f821f33b369d
a03346c8-503f-43cf-9aee-35c0d046f5cb,MC,76953fbd-79da-49bf-9726-d2cc0c3a845c
24071c4f-b9dd-4459-9091-72fcd8d71466,MC,ed3a6c23-1fb0-404e-8a75-6a648e3f1fef
6d7b82af-9d62-49f4-97fc-0b49c1a6274d,Discover,f794603d-2faa-4064-81d7-933f999ca32d
c9c8a6cd-c4d2-4774-b250-2283e8a5f226,VISA,4b80ae2c-c794-4dfb-a8ab-9b4519b42f4e
b02bd912-dfd5-45fc-912d-d30357016653,MC,5d3af3f4-1e7d-40ee-b8ab-2f2beab1b73c
8255e3a9-7cac-4556-9a77-2dbef3fa604d,VISA,e07c5a2b-53d1-47e4-be7b-2dae7b055295
b425fcac-a873-45bb-aa24-d8e9f46afa20,VISA,4b5a2fea-3b7c-4382-a864-02972018acac
1cab5a70-cd29-41ae-a1dc-3dd011de6773,MC,31ef8d4c-84fa-41a0-8b21-925c3c0567c0
9f2557b1-b24a-4ffe-a1d5-d168e2f4040a,AmEx,056ff899-f765-48f3-960a-f61d76b37f1b
32be3fce-933c-4e15-aa39-cdb8714b37e9,VISA,01774545-81f8-4512-b84b-eebdfdbf2632
4c827bb8-338f-4b2f-9c2e-9865e4e12d98,VISA,82306922-67f5-4847-9121-c33594123b85
81720071-78b9-4de6-a118-d9fa3ddacee0,VISA,4692a381-f15f-4621-9e96-b2fc3fe998aa
922a9152-dd83-4d71-a86d-2b11366076e5,PayPal,54e98e88-a4a7-49c0-8be6-61a96d3a1fbb
3b114f50-e029-4dc1-9ae0-995ec5069212,VISA,7634f08e-e70b-478a-a68a-3c96dcca1015
62e2f5fc-ef7f-4bdc-8d62-a6c9547f90d5,VISA,fdb96bd4-2e20-4bed-bd5a-e7392d74b7b1
1212c706-2034-40ce-b6e2-d8f893e915b2,Discover,eb4d5b4e-3e6c-4c71-b25d-cf1ba79a9ad2
0feeca09-3251-4192-8d64-9124183e0e90,PayPal,04f53758-4dcd-405a-8ed9-d4f975013fba
765f5c57-06f0-451a-b6fa-ad54b76349da,MC,1b1e32e1-3e51-47a1-ab44-0447c3b0b190
30ef20b7-46a6-4b32-b6c1-1cda3cf3efea,VISA,217a5f8d-7b8c-4914-95f2-c198a32af1c6
9f90310b-a28c-475a-b4fd-e1342adfd762,MC,dfd59389-01ac-4943-8ca1-80814ffb2214
301fdd29-c782-48e0-b649-1f6572d2526a,MC,f7f56560-de10-4262-98c7-305290cd8072
7d71785a-0e03-4351-9953-6464d3d01953,MC,139ba660-5d6e-4ad8-9002-747bb8e43153
a1dcd977-b8c1-4f58-b1c5-b76f5131609f,MC,68df23f4-fe96-4627-832a-25c3816c7642
8c37aa1b-c689-4591-bea5-de17a39e2991,MC,da75f4de-72c7-4cbf-acb3-ede7e10f6fe0
0bf16d8e-0792-4f85-b99d-2ff5333d2d0c,MC,bc8d3950-ba51-4be9-82eb-d28a1780b48d
8d109f56-4625-4d19-96da-125b5252adff,VISA,11d3eab6-de1e-4fa3-a4ce-a0f2c24f242b
816b7bd3-34d0-438f-a8bb-9f9138755a5b,MC,3b6476b2-2055-4c6c-9006-94d5f4db6b35
9974932b-0a45-434c-9e1c-9b580d7f5324,VISA,07fe0206-c4b9-4cab-9d95-03782d334143
110963bc-3be7-4a81-8244-5fec8778af83,MC,dce41d5e-66e8-458e-884b-c3889fc29c7c
53674fab-7e49-48ca-9162-5fefe4a80771,Discover,b113cb69-95ed-4dce-be91-1834c03ba54a
9bdd3daf-5ae8-48e4-ad53-6b1241af9884,VISA,fd64d9e5-5747-4760-b555-fd4986b3e854
04994b40-0952-4d7a-bc31-0d84120540a6,MC,129fae84-0209-4d3f-9c17-ecbf4d8841ef
ce2f45f8-8cc1-42a1-a5ff-9587c3b670c1,Discover,c2035adf-508b-4e27-837e-410c26617712
d6606da5-fef2-4d7f-b9be-b1b4e86e0969,AmEx,76e8f34f-d844-4e35-8c53-4c31b6b92c7d
6d08e07e-00e9-4983-a4dc-c56bf84f0ad1,PayPal,4a6d9f9a-dbab-47af-9d38-ab6304d19158
8577dbe6-eae4-4805-ba3e-5b20fe87bb45,VISA,30610916-da5c-4938-b7e5-1f92c02dd095
2fb386f1-496c-420a-8697-f8d9abe612a1,MC,f098b9a8-58c0-40c5-984b-6c6e84043bc0
8f46837f-d225-4c9c-990a-1a4fe4e4f860,VISA,68ae8c5d-20c3-43f8-b98e-ab3cde1b7036
be7e282b-50ea-4be9-9cd1-cda5f9fd32d1,VISA,4d660608-5a36-4d10-9158-9663ea71bea5
c69c5eba-d067-4250-81c3-401cdab72031,AmEx,c2336f30-92b7-4aac-af12-faa58cebd5eb
53fe5b9c-a17e-4aee-b72c-b0741c5af0d1,MC,c528ffd0-930d-406f-bc0c-2f6da3f81644
1a13f50c-1f06-41d8-943c-fab18a2648e4,Discover,f1e7baa6-5d3e-4c6f-a2e4-7f2fbf8f1268
27934119-14ba-4a7a-ac56-46b2fd064a73,MC,f44dfe02-00b1-4e6c-8e9e-97eb34308a93
d91fb9fb-fd17-450c-a271-a09c90f0625d,VISA,357c5df6-90f6-4902-a4b8-f975d343f3c8
56f38d7b-885a-44fa-87be-68812e65823e,VISA,87ac8e95-87bb-4d7a-a74e-68c5e21672af
9849ef1f-d42a-458e-b396-1fbe06f044d2,MC,8fabc65b-fb86-42a1-bb54-cf72adf56145
5cbc293b-0885-4622-861c-0bc20723723e,VISA,6e713b83-24a9-401d-866f-35cb440e1946
7426f8f2-1ed3-4dba-97d1-e0198c5fd017,MC,ef87c149-6b2b-4187-a42b-4f8c74bf22be
520a5377-604a-4668-ace1-44ccf7080252,MC,c67a3532-3912-41b3-8307-eec5cc8fb692
778eeca9-e7cc-4305-8fa9-b469405de7a0,MC,91ce8133-5b6e-43cc-a91a-9b9dfd25dfdc
5a39f610-e021-4007-9add-9c4e0fd414f7,VISA,333685c1-9af5-421c-aee3-c4c5321b53f3
2708993a-e4f6-406a-b147-3584af0d6236,VISA,61f827c9-138d-43ce-aab5-69a79f201dc7
164fa661-0dc9-43b4-8617-071a8a2791d0,AmEx,231c119c-aae8-4ae5-a55d-15683f7096c5
91d890fa-0ec9-479e-8c40-df078505e109,MC,35ac3c37-6544-4163-ad2f-485a5a883193
ee558801-1280-4567-9bd9-695a8f40cbc3,PayPal,be82a9cf-bff4-4711-99ef-79c74739d20d
124725a8-d53b-4038-b8b5-425a139a84a4,MC,89ed873e-e5df-4294-99f0-d9d168bccfc6
394a3387-7a2b-460a-ba5a-61fd41e33449,VISA,032578f4-d749-4ee8-aa5e-4cc2abf57c80
bae9b353-0126-4163-89ff-41e6e2d22b90,VISA,9dbc3c93-9ca5-44fc-85a6-fb73a61fd046
b9b4c921-f715-43ef-adf2-dcc377157156,VISA,9177d8cd-b1b6-4402-b11e-08b6c57dad59
3e0d6e3b-6146-44ea-a543-d24a0bd56844,MC,8bd8d6b1-48b2-4158-beb9-de07359921b9
b8ad6c22-44f2-4978-893b-a61f1fdf3485,PayPal,cf755c30-fa17-4be9-889e-544f0b4b6878
5099d18d-2173-4ae1-9875-6699380cebc7,AmEx,412537c2-d932-4eea-bc30-2ede4a4827c5
6b8d8de6-8da1-4d2a-9039-38bcb82eacaf,MC,fc8e398a-1531-41d5-b029-0b174a629048
a9920db4-53fa-4839-95c0-5546e84a5f73,VISA,8a0856d7-e8d4-4c8f-b01a-4c89f816e53c
755048db-1bfa-48f7-becd-e6a11f252ad9,VISA,ec05d9f6-5df1-4f19-bd91-5bff976b652a
4ddc8634-0498-4feb-9492-404f683093ba,Discover,637b9f16-c238-4f30-aed4-ff623a4183a7
2aed0c43-495e-459b-a468-da4252749a6e,MC,9e50598b-c23a-46bd-83b4-af610e6fa775
f44b7ce9-ea16-4b7b-afd9-a5460977b64e,VISA,bc29d47d-c3e7-41fa-ae8c-47afe9ebb699
0afb2255-aa2e-428a-8a4c-103290a41758,VISA,0bfe99f1-b462-4f8d-a834-7a3e76bcb334
55e8afc9-8165-49f6-b137-2a67cbadf119,MC,f55b0437-b5a8-437d-b454-a0d12f6c7a68
53b73c51-aa6e-439b-acbb-80535f97dd3b,Discover,ab909b10-90b0-4416-a11a-380d501bcd46
3f061926-0030-47df-b458-6dec824d8c4e,Discover,4d3e90f6-f052-4c76-8f61-7e35ec4547b9
0eff7141-7de2-4078-8323-f67c8aec2bad,MC,e2c49ad2-e090-4974-9377-273cb95989a5
32635355-9d37-4b97-9f50-9d2c5cd307b0,AmEx,018186da-75c7-422d-8fdb-f7ae49f25da3
320fb8c2-4050-4ef5-9978-6a07988dda02,PayPal,28d3c5ff-3dbf-40de-a93f-f4c062c7ad02
359884dc-8abd-404a-aa92-f03f1858a86d,AmEx,df7213f5-2586-469f-8f25-83d9c9703539
d6563aaa-4cf6-4947-bbd3-7edd75c04146,MC,2bd4bd83-9390-458c-ad43-41982ec280fb
413dba90-3c9b-460b-bc78-9d0d7075a478,MC,f5198fa7-6def-48d1-8311-780f4d82a9d8
8a3c3a0e-97ac-4251-8721-d1c911e7477d,VISA,9bd02aa2-f447-4ee4-89ba-4e6f9fa71435
b290d6ec-682d-4b89-8a1c-747c75340b04,Discover,e4d1c762-31c0-4918-abc6-f66c1d333148
c8b6812a-3e18-4c35-961c-b878b1b44469,Discover,cf2f7d65-615a-4f36-ae95-e68f0e932a11
2e04b79b-725b-43d4-ba32-c8b026edb081,VISA,fead4db9-0032-4a2e-8de6-c81fd2448b6a
940494ad-fd58-43b4-80d3-e920ad4eb84d,VISA,2c165977-3f9d-459b-a31e-eb3c254d501b
39fcf22d-3fa1-47f9-b29f-4831a849ff06,PayPal,bdd65528-03a3-432b-aace-0457e71081b7
0edb36fc-83a6-4732-ac9d-71aa0ded2d20,PayPal,bb08899d-7348-4168-abb4-15c9262e1daa
55ddc1c9-02ec-40cd-be21-18e1e0b11aa8,PayPal,45afaa49-1195-42d9-9204-fc04cd1c0777
9edbb78e-b157-4640-a1f3-019a3d811e40,Discover,95cdc3a7-c201-4a79-a271-875faf45ad3f
9d7bc587-1a1d-41da-ad2b-6903ed5bf932,VISA,aefa993b-827b-4019-8fdb-1f1f85a5b0ce
51c94858-5868-40a5-a0e8-1c514cd7855b,VISA,f53bea9b-a06c-4ad9-b555-25dd7faef087
715bf51c-2e57-43a9-85ed-48295710eba9,AmEx,49615ed4-9d9c-43dc-9da3-d5e12bfa3299
363e10a3-188a-41fc-84fd-229e3d8165d7,PayPal,b741e491-c282-4c04-9ac3-c871e2b2d06d
aa9a077b-3ed4-47d4-9d34-e6bb24e0a36b,AmEx,31453904-f170-42ef-88dc-97c096c57f6a
4fa1958f-ef25-4833-befc-d7977ced7bfb,VISA,e534a804-96cf-4132-a1d4-1b43410b7f31
361ed380-32f3-43b9-8a17-c0b6c443d27a,VISA,bcc2c56c-fd36-41ab-a257-0775f84a64a4
eaa93252-c2e9-4e0f-bf8c-8e24633858b4,MC,ca93dbc4-edcc-4fb8-950a-a1ec2244868a
59614618-ef52-4544-8a07-ee955f7e8053,Discover,17e8079f-1e57-4467-b016-8ce568448b85
8e4eb79d-3dee-4e1a-8357-4143a620c518,AmEx,6b921a84-b4fe-4363-9742-13e878dc658d
4617f400-b6de-45e2-9264-ffc2437bada9,AmEx,46acfbf7-5909-4730-9110-2366a0a14b38
4ad07178-3a9b-410a-b1ac-d72a50348c0f,PayPal,05f69492-281e-433f-9c61-d46a13a63060
7130c504-1b45-4ea0-b727-fa5b4c0ed5df,AmEx,62ec6117-3255-4c39-aab2-dc015ed417f9
2a7379af-9740-4ab9-bd2b-ae1df9ba3fd1,VISA,358fbfa1-1267-46d8-8936-f9bc68aefe3a
b1157db6-25e4-4866-b65d-bc00105fc7dc,PayPal,52a53d86-e3c7-468d-9808-d4774d679da5
b3d39b8b-1fe7-4d83-9d35-985f7e25cd12,VISA,5167011d-fd6c-46e1-b965-bde5252dbd7c
1672a7c2-528e-4ce0-91c3-7f7a354fef58,Discover,cfe25c1c-10e1-40c0-aa19-a3252b209991
2ff32699-951c-4065-992a-72eb17293f41,AmEx,8547142a-0d81-43f8-b9c2-eeb3c4c2e9a5
9910b3b8-7b1d-44c8-aee9-d008d6c84faa,MC,d69b44b8-6c22-4356-bc7a-8e04f847f392
1ccfeaee-ad3f-4d59-b7a6-f7bf81c0d127,VISA,ecdad18e-3533-4ea1-972f-faf2c1476d14
4f1374e6-68de-4b32-b24b-9f7c69e40413,MC,ddeb63c2-dbd8-4615-b3c6-8236a8614e6c
05e8248d-b31c-4031-a08e-793192216c64,MC,11c4ed5d-7b97-4a6a-9ff9-92b55d45bfe0
58ae3a7f-30b5-4806-bc59-71db04c9e622,VISA,99d632e4-5039-4430-b20c-beedf3792c5a
9839a91c-bcd6-419a-aa50-05f975ca9c56,AmEx,02fb271b-29b5-4c18-9a9f-1b088ebc0b97
7c88ed11-63ec-426d-a2ae-cfd00a2dd260,PayPal,63d79484-0be2-4e7e-a88d-bdda23c4edf7
0852c462-7d42-43bf-895d-a69292c527a0,MC,303cf0b4-8ca9-4213-a534-33e531e7d1ed
5bd595bb-bb47-4a61-9f52-30ca9d6805e4,Discover,c3579311-d567-4e74-8683-36a09193cf34
223c7b4a-1da7-42fa-a497-825c869820ed,Discover,40708f60-d0d2-44e0-aab1-01236dcc355c
b91ae20e-f056-4fdb-ac93-424e130f5426,VISA,cf4edf0f-f5b0-4833-bc8d-a99ab601c945
262d56c2-c2d0-46a3-8fa6-8c83ed07340b,AmEx,9c747e6a-837e-4815-900d-1dd4e41ae364
1e01a3c4-b4a9-4ede-8199-bbef2941df2a,Discover,933dcf3a-4c5d-4f3f-922b-200d31600256
a91586a9-d951-4e7e-abdf-ca859d23ea05,AmEx,3f464875-471d-41d2-b0f5-95fa48f77479
c439e394-cf3d-455a-84f7-5628fa293327,AmEx,3ef9bc6a-3f85-47a1-bb66-b2524d438b21
e6b61576-401d-4845-a9cb-02ae68165276,AmEx,5f8b1c86-6fd7-4c1f-aa34-20c48254a0f6
8f3724df-4346-449c-bcd7-67bccacd0752,PayPal,6aff858c-cd66-4111-99c9-a930e95b1dcb
edbc7999-2fd8-4aca-a23c-c9d139a63d5a,AmEx,e2f3b365-bbfa-462d-b433-f6ffbee4114a
cece18d2-b0d5-443a-a855-28dae7b994ce,MC,6048af85-d733-495f-962f-35bc85a45a96
32660804-1286-48ab-beef-be4563a89046,MC,b42a595d-f776-4e29-b56b-fa9a63a963b6
b9d81bf6-fe33-4bb7-a566-e4dcddf37ecc,MC,19e09833-8f2d-484d-8cb6-1c6d2583af8a
847add36-1280-45aa-80a7-145a5dd334ab,VISA,0e594246-04c5-4ed3-9bfb-c7b5ae135f73
4450e22c-b583-4bdc-b8c0-6c24004b0097,VISA,bba855bc-ba1d-4de3-9b88-3ae842edc599
9b812e17-23dc-4671-a506-fcdb95d8896a,MC,7c96a510-03ab-4f85-b993-29aebcdee670
3eb19551-9b9b-46fe-af53-c7d62c8fa048,VISA,c88aad70-20c1-4f5b-9b59-3bd04f0cb73f
fa2fa1d1-5ecf-49a9-8314-e492a8fd8577,VISA,32000517-b2b5-4b2d-b57c-4ad63695d0c0
2c6e48d8-88b4-43c8-9241-ca7aa39f2624,VISA,ae449b95-ebf4-4d22-a486-9ffe4046842a
a5f6b8d7-240b-4077-8cb6-a60dbf00a885,VISA,c19fb90f-9f88-48fd-9977-d0afb0c1450a
d12f7043-43e0-44e4-9b5c-0e08c60dcae0,AmEx,3f7a26e0-4389-42ea-95dc-fee2cc17562b
788806e7-b247-4ab2-91ca-2c999ec23114,PayPal,397dfec1-0f48-416e-9e9a-5b4ae93c3594
5fd80c9a-3700-4481-a7bb-f6ab5bf72a68,VISA,4925c286-8321-4aa8-989d-7d76f7e78af6
b4ddb514-2e22-4472-9d38-7bccff60dd7d,PayPal,8c5e05ea-26bd-42d7-952a-490445ccef4a
2140746e-93ea-4d6e-ad69-4b35454a80ad,VISA,af7fb78c-ea7a-4d7a-811e-71dcbeee96da
db582acd-a753-4e73-afb0-00fc2e2de6c7,MC,432ab4f6-7571-4f0e-8976-f5907c4148e4
baeabb83-c773-442e-b6e6-5bcad5e9662f,MC,e2781dec-7d9e-4cc0-ab88-cb5b672b0366
cd03211f-ba24-4c03-8949-6bbe8d0b62ae,AmEx,ca330c7a-b1d8-4de5-9c11-41c70f72e7ad
3228d357-af2c-493b-849c-f8937639312f,AmEx,db7319ed-13ab-45fa-9cb3-856e80d8f542
c4c9290e-45ef-4de4-9bac-bcbd6766d444,VISA,b3ecaf4d-fd8d-4145-ba60-fa545e51cdf1
faf0cc69-f3ce-451e-8ffd-d0a66df6dbdf,MC,c56eb655-f809-48f7-ab37-86465b37decc
138f2925-0170-4272-a030-536f7822378f,AmEx,610221e6-0fde-48fe-b3f4-4d620f94cd51
a4db4c5a-ad30-464e-a35b-895076940dec,MC,78117e9c-20fb-4b7c-b9ec-8ab7ee0b1e22
6dd400ba-cfaa-44e1-aaba-7013b9334122,VISA,5f292ea8-2704-445e-9b95-4141ed22eca0
62498c5f-79a3-4781-bd4a-dc1decb1e5e9,Discover,cc6d8cd0-253c-4550-8ab1-8c0fa45f0081
7f7eb68d-2662-4fd4-b61b-8a4ca64b590c,VISA,1b30940b-9589-484b-a6c2-5e0d84e4b1dc
4350ef82-0622-4d49-b595-2a989d9bfc43,VISA,8bd860ba-ac44-497c-b450-1db3324692e7
63b2472b-b928-4899-b435-89c183f80926,MC,9df8fe40-4c78-41bd-b5a8-c01d3da68eec
4cc4ff0c-4b25-4379-9df7-11bb3ab6a818,PayPal,b2233b78-24ba-4fe8-9460-5a120ca99788
4c26ce46-1a3a-4472-aa23-e499e1f1dcd8,MC,5136a1f7-9ca0-4327-beaf-6ad4c09665fe
a0e479a3-54ca-494d-9971-f1103394a079,VISA,c3d1703b-7a7c-4467-854b-bbe8d0371990
9e91c545-9703-4ee9-b689-968b30c1e015,AmEx,a49b5f40-6fd1-4879-8dc9-48a9e4d73f88
9de2749b-114e-497c-9979-a270ee7832d8,MC,25ecedec-ae8c-42f1-bdd3-95ce85706391
189215e5-cc04-4e6d-9817-dbca9db622b2,AmEx,1b876980-5ed7-4a88-b664-d877abe8b46d
1725518b-c172-4a68-9544-98747961a019,VISA,3714c902-5af0-4d41-9237-22fae696f9a7
f7a0c950-1d62-4e51-879f-4390542cdf7f,PayPal,36608f07-a4a7-4300-a406-7b3ef1839373
85e0e385-4a25-49fa-98d0-52a5916213c7,AmEx,da9695ec-c8be-4f39-90cb-ad57a0f0ff49
60c901e7-563c-4cfb-9df3-089df859a5be,VISA,3e267a7c-30a0-4f87-a16d-8c731fe9a7d6
64659a50-606a-4994-9275-e0e285b12ba0,MC,5de76335-6a81-4883-ba7c-b511a63b7ea3
9234323a-c397-4c7c-aa9e-c48ac1aea6d6,MC,bf1e39c6-0405-4183-9eb4-46a53e4e5e9d
3343a8ed-c19c-4c7d-9733-7c893c2370b5,MC,a0e2d031-44c6-4772-a9ad-42654bc8cb9b
c21621ab-197a-418d-bac3-42edb204856b,Discover,baeca17b-7dc0-40ae-b438-b27018997498
1a2e6300-96d2-4923-9a8b-e466b97cf2db,VISA,851c290e-5896-4ce7-9737-766dc8936785
a124c5c3-e542-44e3-b666-dc93ed264f6c,MC,b7b3a1ec-bf96-4373-831b-c6c5f10ca50c
2a3da784-1735-4190-9840-2a7595e80340,VISA,4db7017b-9b13-4a74-9a36-a9e117ca04b0
f8b2907b-75d0-4524-af9a-313a281f89f4,VISA,f2241e30-3e7f-495a-8597-f268bc81056f
c0c0df25-d523-4651-b90c-9c49c6f57c26,PayPal,0085dc15-8a28-4208-9b09-1ecbb543163d
bfd7f511-ec7e-43bc-b5e3-173b4efc78a1,PayPal,ca0f8a16-1a44-4e59-9a65-a82508032129
8411fe7d-e908-400a-b6a9-30add0bd491e,VISA,a47231b6-fbb3-4a27-86f1-c381332ef8f4
d0ad9bca-2d92-4009-93d3-f0cdefe5ed92,MC,94f5e1db-768a-4dfa-8a10-b60120e71a0d
a83a06f5-779e-4aaf-b16c-c11899af0551,VISA,a48b1bcb-aca8-4433-a054-91aabeb7379a
2737ff9f-4523-49eb-aee1-fdeadfe6b1e5,VISA,235c60ac-e5fa-4b5e-b00f-c3154f3d9f9e
2976b1bb-ec44-491e-ac87-bb102b2df1d0,VISA,072cfd8e-79cc-4b54-8447-b2d8981779ba
1fd00be5-c509-45e1-8ea8-f52455fd81b5,MC,b280b373-b30b-43f1-9ba3-c320a26c7fde
1f6a7115-a8c7-4343-95e7-eb828a2e4745,MC,d5b4c62f-6b49-4f2d-99fb-d945a39e8c34
21130157-e78d-4678-bd9a-20ab6a7044ab,VISA,32f5c104-51b6-4bab-b368-56e20c8454f1
0645f958-e1e6-49f1-92e6-c6939fec3fb3,AmEx,08ca0748-ba0d-408b-991c-c279f94f0df4
92b53064-9dec-4c36-a6cf-245612198445,AmEx,4e3686a3-b6d7-4c0e-a0d9-07dd37c695a8
626c7153-d86f-4322-9df1-1adb4cc38241,AmEx,06b68472-7908-4229-b5b8-a90d7d54c8eb
e7a61af7-c938-4960-bbf3-0f6bb41a8ed4,Discover,e336580e-7095-428c-a75f-392f08082a15
0789f42b-a7e6-4d12-b93c-8aec34feac51,PayPal,8a1548c9-8bd1-48bb-98b0-bd7d6dfb2c64
908f7ba7-b09a-4424-80f3-64d9f0ec2e30,VISA,7bb7a756-6cbb-43f4-a8d9-8db2b35cec41
8a36d1f8-5c61-477b-9ba3-5ed2897d8d82,PayPal,ad5e4310-a7d3-4ae1-a2c2-6d134115604e
d92360ad-0b0e-4299-bf77-b7aa079176f7,VISA,6327a0b6-fc97-43ee-bbd0-23eec41d1465
982bb59e-87ff-4b45-a0cd-9451788f548b,AmEx,f13bfa31-3976-4ca8-b0fc-a7a8cf23b903
a615ea48-27a2-4db1-a098-a69ca86084d6,VISA,16dd2b47-7e74-46ac-a5ae-8a3c3457de99
eb3eea68-2781-42e1-b8fd-e61d19aa7a20,MC,611d6e11-24be-49aa-bd09-1f76518d8b8e
514384d9-4e91-4002-8bd1-c653ae7629e4,VISA,2e007265-3bfb-422d-b9ff-b728b2f736ba
576cba98-defa-4be5-a459-a9d8e397ee1e,MC,52f80bb3-4300-42e1-af10-e5320d1e8024
9e18d553-1d3a-43b6-890f-e8b953af3042,VISA,1f6e9eca-f0eb-4076-bac1-e8312aae2ffd
f3cf5d5c-aaf2-448e-a7fb-3496fa6b4425,VISA,67bef199-5124-4459-9559-1d85f42db352
28a55ba7-690b-46e5-bedb-62c9f12f838f,VISA,ff4d0bbb-3941-4bab-bdec-afd74daefc46
f9dc4b29-5da2-4fe5-9825-621e534b5855,VISA,a557e23b-291d-4160-88ac-c143a32aea99
59b29e27-ec69-4ebd-9f8a-8e57390daeab,MC,9c1901e1-af67-4554-a444-b9230d129405
de3023cd-2242-43e2-b404-0eaeb19d63aa,VISA,76256627-e0f4-4af6-a873-027a7945974e
c72ea904-9e2f-4c79-8a17-360387469ea1,Discover,d2c94f89-36fd-41da-819c-016560df4337
4aeb9c20-fd8b-4921-963a-f37c53e64acc,VISA,6122ac48-5e44-4feb-b256-e035a4873086
6532baa0-9df9-407d-a159-a2476f37f9d1,MC,c847960c-2eff-47e9-a9b7-8159917a8a77
1e75d139-8cd4-4c20-820f-bdddc144f35b,MC,c00df1ab-11ff-4da3-8ade-9310454cfa27
7f461d5b-bf2d-4dcd-9467-8b2da2bcd08d,Discover,c68965b2-8598-4cd7-85dd-41727f4876ad
123f55a5-b658-472a-8d68-415c5a1b56d5,AmEx,24e05e18-49f0-4d24-b9be-742cbb46da64
5bdf9857-1b3a-49bd-9795-6754d5411d3d,VISA,5c865a9c-d5a8-42b0-9cf3-f012e66943f2
35ad516e-d1bd-4453-84e9-6165e277613d,VISA,490d4191-9cc7-414d-8356-69cfe71714dd
51fc3958-d530-4b1c-9923-1a0b24a56534,AmEx,120b1029-ed43-4b0a-bf37-3d0b48fc6dec
e87fd63d-58e4-4fc5-9669-f42efa172bf4,VISA,299ce375-56de-4d9e-bee1-1d00156b5e09
e6fbff40-3315-41bc-9f3f-37e656ec4245,AmEx,4f5a2069-c49c-499c-89c8-e79a0f139041
c06bb05a-5864-4bf0-8921-a2aba6bf83e6,PayPal,77f81cfe-596e-46c7-9c19-62251eedf209
fa400d76-f40b-40e3-8d92-793eaf0e6fb5,PayPal,ab4c9c8a-4348-4c8f-996a-44df8ec4d9a8
fd0c92c7-6155-426b-83ea-c7ee4253381f,AmEx,48ceb8d8-2514-4395-9497-ed9916a76565
0f3ca272-314e-4bb1-ae5d-e0e64449e1d2,Discover,72d493ad-db9f-4a5e-ab0c-b5ce6de1d500
16da1aea-09ad-451a-9a44-e5c74594a38b,Discover,b518aabf-dba8-4763-bfee-64063390ebc9
c6815fa0-cc2e-4d4c-be4d-5be1cff1d7cb,VISA,3728c5de-f91f-4eab-8c23-9e7b880985a2
9c7c3f9c-a4bb-4269-bc5b-4654270f4234,PayPal,e845dabc-d988-4025-83ce-694068324598
1130ff58-8024-4be2-a051-ba00521885e2,VISA,5137f3c5-5743-4a46-89ea-3519aedab5b1
7df2be1b-3f34-44f7-bc8e-66f07e1d226b,Discover,1ebee839-116f-475f-bb9c-51f6428f891d
5e79ff58-1996-402d-aa2a-926c777d02de,AmEx,f54c6928-b125-4bf7-8ae8-c583849c1b37
2008153c-7bd5-4a3f-bbc6-cc08b1524c38,VISA,377b4d7f-b3c9-4f35-881a-7270300493d6
c83a6e3e-63c2-4e1b-a64b-93ed27394876,MC,c3a2a163-37ff-45f0-9d0a-c7b3d52ba974
6db81763-a1b6-4810-aea3-afff0c514737,PayPal,c3e19e9e-c501-47c8-a8fb-a36bcc731174
02b09f18-7152-4f71-be74-9aeeaa3f75b0,AmEx,7e5982b5-452a-4e21-b275-d3f93d47e8e4
73e79606-3644-493c-8231-0c8e71b06e13,VISA,d0d05ea7-5e78-4027-92af-26f2b4ffbaa8
eda49d77-cc00-4de9-81c0-ed18524ba1da,AmEx,5d2b734a-9813-4f19-aca1-8c434d69a196
c256f4a4-f71e-41bd-aa1f-933fd67ad267,AmEx,c89a0f36-6bd5-46f3-853c-ef9d577d71a4
a49418e3-868f-405d-a500-945c27c36621,VISA,28ac224c-25a6-450e-b0e1-cae3e2d6dd1f
cbea9e69-c2e7-4372-9ce4-9cc0305e4662,VISA,b7617506-8ff1-448d-9607-b1cdd1f9afc3
e10e780e-0ea9-46a1-857f-31235e83134a,MC,21835a1c-99bc-44de-a828-8c914013de9b
69bcc638-39d5-4edb-ba19-512227aa00ae,AmEx,255c1f28-f004-4bb2-8cd7-57697f42fe5d
57057085-d50d-4537-9611-62b13cadf2b5,VISA,a638b03b-13e4-4379-8a99-920e9e6b572c
2b6735d6-fc30-487c-a34e-77f2ddee3ed7,VISA,7238a641-13f6-4892-a797-0f002d7c9793
fad8ebb8-2042-45d0-8d98-247a206c8813,MC,7ee8adf5-8a88-40f3-8455-df27beb3cc6e
33b7598c-9d98-4d51-add2-e160ce7b9476,Discover,965c7cf0-4abd-47c4-8924-d0da8c90ac09
26165df5-9a6d-4a41-b506-0eb32efe51df,VISA,5bfe2947-ddf4-4d0a-9f52-b57c5a8cf1ee
93c99541-5be1-42a8-9e5d-0eac1bcf0f8f,VISA,bf81c24d-73fc-4c88-a9ae-afb7d6d89424
45917722-cd4e-4179-b0c3-3482bbda28c4,MC,fe6e36e5-9777-4ef9-aff1-501b95bedd6f
0b7a6ea9-c557-44cd-b141-a37c1b2e5876,MC,10fff3dd-cf0d-4804-92fe-aaa32fc98722
9ed80463-d8b7-45d5-b3e0-b583fd140a98,AmEx,0c67a571-24aa-4876-8a52-bca419448224
b11f8836-99f5-44e4-ad44-62229dd94bfc,VISA,24077fd6-022e-4f45-9d90-d1e42c490e31
f43453f6-e653-4220-9b74-4efca5d0d2dc,Discover,b36cc4f4-f824-43c2-a727-82af278a1219
7ec9e03e-45bd-4b26-9e9e-6203cd5b882f,VISA,a5da700c-adfb-452d-83df-1ed9e0051f52
79392c43-a1b9-4962-9f20-72eb71633e65,VISA,b8ef71c8-da58-4edf-94b7-07eafeb66ca3
fbf6329b-d8a6-4c81-b1c5-950ee7200ffc,MC,aaaa1753-cdef-477f-b310-fbd2ed358c16
47e4e928-4036-4e22-bb53-8fbb6f8d849b,VISA,100c89ad-6e2b-4c6e-894a-3ac1ec4de058
d1a22592-63a7-4aa2-81d9-ed8b78e3e974,VISA,7d284ea2-7952-4025-b42f-52515f747611
faadea8f-788b-4f92-bc3c-6746d80527fc,Discover,e26345ec-927a-49a9-853b-983995d996fc
fd727fd9-0844-40ea-8d15-4af207df1591,Discover,203d60bd-c9ca-430f-a36c-6c12801d989d
d3765d7d-1e90-4f3a-ba9c-df0735745e66,AmEx,2d37c394-e9e2-4089-9225-34af9227e6df
0455f137-f42b-4747-ba63-867eb77970d4,MC,3d842c08-a1b4-4191-922d-ea8dd1f2d40f
869de914-3c12-4d73-9462-a6a93a7776a2,AmEx,9f1ecb6f-760e-4a1e-bc96-151efeb5c668
35236454-f651-4552-9bde-04c8ff785785,Discover,b8dba2f2-6a09-40fb-b7e8-10ba03c3f52d
908a5045-a210-40e8-9502-522f78ab5b4d,AmEx,cc1f8992-be1c-4fd4-bd92-e2204e9b43fa
7a6917bb-0ee3-411a-9b09-a05db7d3af58,MC,eeaec89e-2125-4c7a-a0b3-076b94e8f32d
ea5d5859-527a-4ec2-bb9b-2566bda6a709,AmEx,cc50a684-f8fe-4df1-b0e8-a7982ba9206a
bda50df5-1010-4845-a587-87b2696bc703,VISA,a0790505-ab25-401c-a0a5-bfe92e13fa09
e2946fa4-c279-452a-ade0-758b7e2c41a4,AmEx,438357a8-a1b5-4ed2-a3cc-bf3782c89db3
faace226-af08-4f10-97e1-000bf8582fdd,VISA,22fd0efe-0f9a-4868-b13f-b13249f9b0d5
60d596cd-6bab-4158-8558-62ebf299f7eb,Discover,f468fd4b-f90e-439d-9bb5-7e520289dc0e
62dfe080-5d28-4a45-9614-859214238b8b,VISA,0f3347e8-59ef-46d8-acb4-26315e4a4403
fd66b2da-d86d-45b6-b43c-58b9725a3e0b,AmEx,73e8d761-46c4-4a8c-b035-db63334c4f52
d15f4f6c-70ed-4387-9e67-beffed594b40,Discover,7cfa29e9-45e8-4050-808c-b75e9da0da33
27ea58b9-9098-4d5d-aa5f-6b220d341240,VISA,a414066b-925c-423d-9aad-69c9afd80f8b
0ed7301f-d9b6-444d-9ab8-efd180439ff8,PayPal,50f25e9f-fec5-4c2c-a147-9e6727777ea6
03b0a0f6-096e-4684-ae86-da5294908235,PayPal,977d050a-aa10-4596-95c8-e21c27dd49e5
b6458d6d-36f8-4795-8717-10dfd0a4bc9a,VISA,bcf0a3ad-a776-4576-a7b8-706f231b713c
6bec7b75-b30c-428d-a945-89c586a166a3,Discover,427889fb-17bd-47ff-97b8-cfa16b10e350
e7d50323-4c3a-42fd-8def-f306509cf446,AmEx,9ccbe522-7be2-4ade-9cc4-909799d1133c
5d05dd23-7719-424b-b855-b2ca9af2e781,MC,5d45224f-cd98-45ac-b8f2-3971c2a448fb
eecf858c-3bab-43c3-b979-2b3e387fb2b2,VISA,92e25e2d-e7ae-4afc-af2c-68e4f79d1ab3
48c5b55c-e6cd-44fc-9851-9ecd3e7d8551,PayPal,b2c6d681-eaf6-4e79-a35b-a6f1e93b04ac
c5643f08-1b69-4ff6-ab00-024637a1531a,VISA,508c1787-9292-497f-a6f3-de8c8e1722fa
a80efb76-3860-4a26-a83a-c3ed8647daf9,VISA,f1a1d4df-eb90-4c54-ba7d-0efdf01dd39f
c9e74865-6fb9-402c-b004-0691b31797c1,AmEx,da240aea-b5ec-4ec1-8de9-071747beffa2
514b6165-78c1-4f2a-9cc4-d03e2285c44f,VISA,40e9c9c9-ea43-43fb-8bc7-8cf54bae8266
2624f364-625a-46cc-9d5e-ba14195b3eb2,VISA,c63d7895-833d-4ae0-b881-ed6021f9f2ad
f97d90b2-4b80-44b0-a8bb-ae0f87b0c96c,VISA,15d2a464-1c9a-492a-825f-9be6060311f9
e7771d98-86fc-45b9-be5f-de2ab151c359,MC,726e00c3-2bf2-478e-b833-cfdb10431d76
3d47f973-9819-4e3d-a7da-201bfc0336ce,MC,4dd6b40a-2e39-4815-b0a4-73d40fa72027
67cc9e57-9b32-4659-865c-7400da0e0599,MC,98fda983-e81d-436a-a8f7-edcd17b6fd40
7198bc07-6ba8-4d81-9e44-2fcb6055c8a1,MC,a7712d23-9e5e-4376-b6a6-6609c437270e
9ba40ad8-211b-4a78-b16f-80f2854e0b20,VISA,f31b6540-839c-471e-864d-ae6a107e093f
c74ddffa-2848-4c61-97e7-f993e2384e54,MC,a904ff9f-fb58-4c1b-b3b4-f38642e1eefd
6ae015b1-bff1-4840-8a0d-f15f36b2dd42,VISA,59d28215-706c-42d1-a0a8-cb0403e06df5
a9ec8abc-2f7b-4945-8042-484967915a87,MC,ba701f4d-5963-4474-bd19-1009fc5adc71
2db5bffb-09ca-46cb-ac1b-680375dffa59,AmEx,989382f3-eb50-4314-ada0-4e7b22ae4701
b63fa488-5a4d-431c-aadc-504a8741967a,VISA,74e556bf-ea01-45e1-8b22-f0239bb5be17
3b414dcc-8e5f-4aee-8c0f-6d29a4089483,VISA,0c0942bf-5525-4b1c-a1a0-9072e8c23e48
405eac28-6b11-4b0e-b1ca-1af6a01cd114,VISA,15830832-50f5-414b-9c12-e2dc4872605d
daf761e2-2e17-4d6b-b710-e2d221339972,AmEx,9c19f206-5c8d-408d-add9-c3a268f265b2
10097bd0-97b1-492c-8491-a43c40641baa,VISA,954ef8f7-8831-40ab-9329-c42b6dcd30e5
76bec58d-59cd-4377-b4d3-661e73ed16f0,MC,66ee2ea8-2471-4f0e-8c3a-30769d77674c
48501a6c-bbb5-4dc3-9650-3f3e89561fe8,VISA,08d2ccf2-0f24-43b0-8e7a-707508a5bbbf
e743d9f6-1d60-4c3d-acdd-eb74074b4c8d,Discover,ed982c6e-8d2c-4acc-b5fd-afb3c817ff7a
c2d04df0-18de-41b4-a245-a38c5e4de923,VISA,49be909d-99a1-4583-b534-1fdd127703ec
43e8073f-4f4e-4e0e-bb53-3952216425f9,VISA,4e11c563-aa25-43ce-9fe5-aaff7743632b
9fefe38a-4564-4679-93ec-b170f293c4a7,MC,38f9feab-be36-469b-9cee-fdacc2f0be5f
639e2b5a-bcae-4441-a269-ff6398587aaa,MC,f7a66691-faf1-423d-93d6-0ec5f8d9f8d6
689dfd40-31b9-44f8-8689-ac58ba23ea8a,VISA,51f99edc-b7f6-4cc6-b1cd-fdc0c44e73f5
62d769b4-05f4-4a0a-9f82-d45b073a324c,VISA,6f2c9247-cd16-4c6a-849e-4b9fb5f6d85a
e3ab2b6e-868d-4a4f-908e-547b36878663,MC,186c8e3e-c1c5-462b-baf4-c399221fbccb
d5701e61-71a3-414a-b96e-c08f84990a8e,VISA,b75f65ce-b08b-4479-ab40-761cfd33027d
aa6e953b-d0ca-471f-a222-86376419603e,MC,d4145961-61ec-45e7-971a-dc9e203d8198
97ee4de2-2c48-41c8-b83f-d9504156d61c,AmEx,1b40a352-03af-435d-8a85-36bfbe31804c
6cd82087-7fe5-4d84-a543-7c9322a62c69,VISA,6327e9d0-6af6-408e-ad45-6c99c422bbd7
f4093f79-7043-45ea-b87e-9b7f800c11d9,PayPal,1985c54a-166f-479f-8d32-3e5db236b296
1d3cda18-cc25-475f-a9dd-efe91badd7b0,VISA,2f0cb86b-ae62-422e-b837-3c9316507dae
9e2f5e0d-5bcb-4429-9750-f5b4c99fbd88,VISA,35b11cfb-ab9e-410e-bb7c-3e5d67c7fc27
962e0d79-3115-486d-b223-5d550df7def3,VISA,327f1d9c-3303-472e-a16f-80fd74f2ce80
1e6c57d7-69ff-4c12-a7f7-f121a4e60d76,VISA,e8a75a27-3b3a-46e1-966e-18c2a21b772f
c512dc5d-b125-4a11-b297-d5c7f47df924,VISA,5fe69fe6-d412-400a-9a8f-dcc8a74e8661
50ae45e0-bac4-4248-92f1-65029a024846,MC,634d2060-f0b7-4b59-ac1d-05dfdc882d7b
5222f3b3-f93c-41d8-ab49-8d5a3f1da4be,MC,f40808d6-ee35-4ea8-ab63-13610682f28b
1afe1b81-1645-4a29-9b08-246c07f50a32,Discover,9af68c3e-ef78-4139-9564-a74744b6f101
8cbf41aa-29a5-4eab-9d96-5b27a88403d2,VISA,c91b6b62-2d06-42e9-b7e2-4d67a012a89f
948afbe9-428f-4ced-a55f-4e8991af480d,VISA,15b59f73-e1c4-4da4-bc4a-fbdad44a6c8a
d8b0a574-03d1-48ad-b408-454b78691a26,VISA,b8975e0c-a32c-4021-98ae-a56084894d99
889c42f6-d574-4708-828a-5132ad8d118b,VISA,374bea7c-ad99-4bfa-a23e-b3455165db2f
8b511f18-6968-4ed1-9a68-e396eefcf3ab,MC,49ffb519-ae2c-4f55-93a7-517695786f56
5853289e-c967-4209-8aed-9b5b09eabe3a,VISA,03721b18-d1a5-4000-a650-7fe5345ddbd9
52ea2a83-e766-4a3f-afe1-478747d159b3,VISA,7a389ecf-2f9f-41fd-b1c6-0c1e8816cc7a
cf83fca2-a289-4d9f-b6d8-2a6b60d72712,VISA,94921f48-feb7-4ae2-a019-b6011fc05dff
13c57d41-4665-4a44-b21a-63e5c4fda055,AmEx,b6f5a097-b891-4c58-b020-6150b325f268
f9601d47-ad46-4229-9eed-442ce0fcc5bc,Discover,a690e242-9ab7-409f-bd63-1e8acc248cc2
e0fa5553-db80-4a96-a04b-a5cb3dbb132c,Discover,5e30f038-4c9d-4069-8baa-68b73239d759
1219ae33-ca49-468a-bad7-fac38a89d680,AmEx,b8cd91e0-ba87-4f11-8145-7234ae95f28e
db908087-c1b0-4da7-b14d-68d4f61baa3f,MC,cd2946bc-1749-4e76-b466-f53ce30c727f
697946ae-a533-4862-9641-09c299bac501,AmEx,36b97bf5-763c-4c34-b724-296c18197781
c497443e-8235-4f7c-96d1-2b5f9170d9ff,AmEx,24b0bcc3-cde8-4a94-8069-ff2d3b699a95
ad332212-c927-4a55-8e49-c6cefea9ca43,MC,8ddc92fe-d81d-4a4f-8968-188f1680ea14
ae260a9c-7bf0-48e0-a682-b4c13e2a4286,VISA,448b51eb-936c-4be9-bf83-61ca54730f59
e7d72a8a-7c77-4b41-bf8f-6aa4886e855c,MC,d0e328cb-9793-42e2-95ac-4724e2eb0f00
d5b30ef6-e279-4aff-b1fb-1ca9e6aeb779,MC,4a936aba-49ae-442b-9138-4193f3bf0120
787cdda1-24c1-45bb-8df1-533d3bbedadd,AmEx,0d94cf13-74ad-4f39-8d63-fdcb5b69f2df
82369d4b-86a6-45e4-ba3f-f46dcba0ef46,VISA,a69f21c7-407b-4951-a4fd-0b087fadc9cd
b78259b1-f041-497f-9d1b-9c62b3969f9a,Discover,d3041e34-f57c-4893-b86f-cbc1644a0052
af914d5e-f434-4793-9e20-b7402ecbac8f,VISA,25dcb9ec-5904-4801-a307-c980ccf574f4
e02be25c-641a-4613-b3f3-4b85bd31a15c,AmEx,22bc0e8a-736c-4502-951b-fd86f6b20491
9937d75b-38cb-4a71-b026-dd846633609a,VISA,f9298713-f316-4115-ade5-6aba9fa90d35
f8bc6e8c-1c79-4275-b91a-3920f4511ccf,MC,6bf99725-1a88-48f1-8ca0-ee5ab5c69609
3a2fe91b-b742-48ff-a04c-5e7a08187137,VISA,e53e8ddb-79d6-42b2-8af8-967a40471859
1c71eb6a-7e93-4d19-aa11-9492ffe8950b,VISA,52f72cb6-957c-465a-b015-916dce1c5116
7676da94-2ac2-4445-8399-524ede3bad79,AmEx,df7fc9fd-9fea-4942-9061-b5dd8382fea0
926f4ccc-c986-454b-a7ad-c34e905124e9,PayPal,4c987ddd-1424-450c-8260-cc28bcf8710a
e6f67393-0f87-4411-a9bc-33e02f1a7f99,MC,b1383d25-85a3-4a79-bb76-56d96a4c1b84
7b54d317-0a14-4e8e-9054-29e68c21dd10,AmEx,f25e22dd-6355-4824-bdcd-353a1f51bcc5
617856ad-f088-4a93-af39-6afa78a1bda2,PayPal,8aea8fd8-1c93-4a0e-b27b-908967e01ded
0a08c1ee-7015-4c45-9b8f-9731e8dd94c3,MC,ac895e03-3f11-4e6a-99ce-246c9cc2f665
533b6fd9-7f7c-416c-bf03-01e802b854aa,AmEx,f21565b6-155d-45d7-bc81-5549d5675ee7
a3b054ae-d5c4-4633-97f9-f6d9a15ff7bb,MC,1d6220e7-4834-4a2e-9326-4babec061f09
62b07f1a-9c75-454d-bbb4-ef5912607063,VISA,06d6a99f-5654-4cb1-828b-11aa58b24b19
28e8faee-7f02-44ef-bf2b-dbe51c1b299e,MC,086cd95e-9a19-4976-bfd4-718247a6ef71
d1300621-a5b1-4c10-a28b-6a3ef821211e,MC,9b7f4222-89ba-4670-b2ed-ad9c1f95396a
bb1668d7-df4f-43da-9234-211a9f8d9851,MC,9ef94f4f-c57d-4c8b-8cfb-022fd1ec7404
c1e23777-6195-49a4-9518-7be200a51693,MC,f393869d-3b1b-400b-b026-b4e49b518d50
784a4c87-acd5-4228-9707-ca3b562d2337,VISA,68068cd2-6a32-44ad-b838-50345454d734
66face24-a2a3-4b9b-a549-7d505f2d24e4,VISA,44fa3351-8390-4679-9348-7e3a3a2653df
c240dffc-d1c9-4bdd-ac74-7dc69b50f474,MC,76e45f10-acab-4d58-b6cd-fe90c06e4489
4ede045e-a59e-45de-a4fa-9efb694b69d7,MC,4b0b25af-9084-40d5-abd9-07abad1a7b97
88b11190-2e7b-4c78-9e9b-f41071b1da8f,VISA,288f8b59-a325-41c5-bc97-88f2e8ce9cd7
40ba6762-ed7b-4068-9b09-fc10d6c985c5,MC,05453830-2b29-4423-8785-6ff98e650e89
336750c8-3bb4-4561-97a3-8afd802b735d,MC,455b1887-9703-4ead-a1a3-f895f02a2a8f
4be1c5de-69b5-485d-8ef4-04a031cd7f9d,VISA,dbf1ac2b-99ca-46ae-bc4f-4b5c36aa928b
c8ce6a29-3061-48c3-8517-003d5d63f71a,VISA,ee867411-15bb-4701-a25b-b507b8a41caa
ad2fdd15-d970-4239-aabf-c57f16604a9c,Discover,00376b48-f56d-44e0-b5cc-339dcddd6c46
b8229267-b32c-4f6f-a663-c5268ad11394,VISA,ef375fd6-75b9-40b1-ba09-19fc695fe93f
e2122b4c-d29d-4fc3-8b7c-7e0eaadd5521,VISA,5078f13d-b992-497d-ba3d-92a201d44d4b
e03e7a8d-c00c-4392-9d83-0e597f57d259,AmEx,0ad2d3b8-29ed-469b-8135-446cdf0367c1
62e9693b-8c66-4d93-bb33-0f26fcd3433b,MC,4b057e1a-c6dc-4147-817e-e3fc38ecad70
03dfdafb-c16b-4712-ad55-0e2449088cfb,MC,9e3dbbae-e7eb-466d-90d0-b7d948f3329e
6f0b840e-9abb-4c88-839a-8a11fc9e2faf,VISA,dc2f36cf-ba81-4e6d-8ef1-e4c588628faa
12ebe795-cd46-4791-b8a2-fc4698d61fae,MC,bd0931cd-6226-4911-9194-8094a3134043
a84c47dd-6fae-46bc-a432-2a5c5c5d8056,VISA,4823a288-9d5b-4107-925c-29a294d30418
ff27ce56-55d4-475b-bf73-55bcfe8ce123,MC,414a4035-1488-480d-ad66-80d95be3e04c
4c2badbf-cb2e-421b-9e66-525401f50aea,MC,b1995d7e-df65-46c6-afff-4af082791030
832d120d-a3c6-4cd3-98bb-086d3aac19e3,AmEx,af3961c1-30d8-46a3-b954-130e4de22a12
61d2f6b2-90ce-4765-8f64-b9ad765ebbb8,Discover,7a278666-90e7-405a-b7e0-21453d89b20a
c88918d5-8b21-46e7-bd16-671c4d9a65de,AmEx,0a69748a-022d-4275-b5c1-451bb6c3848c
327cbf16-44e8-4d0c-8e27-f34af391c028,MC,8e21e77a-1e3b-4243-beef-1099f58b8e96
b74e2526-fc97-452d-855d-d2c9d5ca2c05,PayPal,79cb60ae-8a88-4f93-ab40-134855647682
b33b3412-694a-4ae7-98c6-3f50bda8183b,Discover,ad361a2d-6d29-45d6-b871-d818bd4d1b00
0bad7979-5157-403e-93ef-2f7827c13c76,Discover,79118bdc-8d32-4a20-9fd7-468f339c50bb
96f41e7a-6cc3-4f02-8dfc-fca13fa9425c,MC,3ad1440e-059d-45ac-8314-6cadd8643106
36c7febb-c8be-4507-a107-d6b1f0508120,VISA,d8edd9a3-c96e-4288-a3d9-73778c370b99
3880df22-738f-4d1f-9758-b293fb4ff614,MC,7044ee60-fe66-4cd8-bd47-e1ed6769cd75
6beeb01b-0dd3-4a31-a201-c864185ed9a9,AmEx,96194ab0-a3c3-4664-b80f-92f3c509309b
f6b38bae-5593-4cff-93c2-e731288dd919,AmEx,fa6fe603-32ae-4737-b68e-25341e79d967
44aceeb0-7ec6-4e96-9ec7-c41d2895fc05,MC,6193fd4f-6e06-43ad-bcab-2f059d3aa1ae
0dfaf842-ce9e-407a-ba09-55ad132fac87,PayPal,a638adf5-b8ce-4de8-9902-4e5d86e7f48f
bbbf7658-9317-4588-ad78-a7989a4e6848,AmEx,94b068e0-e557-423f-8b98-c7c4a876c16c
ac1eb189-2dbc-49d3-a46b-1f49cf60ee8b,VISA,a60abe04-42fe-4f38-8035-d01fc102361b
41901381-bb49-45c7-af49-d7362f3afbc9,Discover,3b07794e-dfa9-446f-a834-6a7dda88532c
99eac20e-d2f9-4ecc-a850-39fd2f1fac3e,VISA,d7098a32-810a-4b97-abf3-099c5aa6039a
2b1490a6-da70-424a-b2a3-824e476bde0b,VISA,2d5e9c79-1ff0-47eb-94ef-574009f8099b
56f3ba62-3ff2-4232-81b0-9df98b2b5b2a,VISA,76ce05cb-34e2-4549-b463-a2e7c4b25bfa
0b279b68-c47b-4338-a6e3-52956c4e1753,VISA,62a18819-0439-4047-94f8-dd334da0d6c9
57e24d03-c2ce-438d-ae99-ab26d06efe6a,MC,d824849f-4d57-4308-b17e-bb845f05f276
067d5ee8-8ab9-45a8-85d5-284f614e62b1,Discover,3ff42730-493e-46dd-917c-c83b99e357f0
c7687fb9-194f-44a7-b819-dbe620e6a39b,Discover,0a30197f-1697-45cc-a79a-759fffdca0d0
03988b50-2f5b-4d52-9ba0-6ba7c7d4ee61,Discover,d25c53a0-bc19-429f-b654-1cc1da689ff2
7795584b-8b3d-48ab-a205-7e69de0aa8f6,MC,62892b24-bec0-43dc-8724-5048f05514fb
cbe2200a-bab1-45ff-aff6-7e74eae33ae4,VISA,0a15a008-ab4e-4aa4-a244-81c4d5479b36
1b56827a-f828-41c3-b9f3-46c39957ddc6,AmEx,5c007a57-802b-4f0b-b529-4b3a6668c27d
2c0b0ff2-584a-406c-9f6a-67074ac02937,VISA,5adb4970-a328-44b7-a02e-541874359953
932dfd36-56cd-4ae6-9f4d-8fd68988bae4,VISA,5a54d24f-5680-46be-a684-aeee5ca7d819
8d3e8401-8691-46c2-b943-b78234ec0e9f,VISA,496e5d43-dc48-4f29-b68a-e6b9c7556afc
7aed0a50-5331-4f65-97fa-544ed4275dde,Discover,bbaa5099-1458-4dc7-ba52-9390881a6c98
1dd21543-93ab-4d69-bb7f-d3463250a6cc,VISA,415bb2fa-a475-404b-9637-8dbcea5d50cd
d6cfd63a-7de9-4794-b001-2a6ed1466f75,VISA,98cc5cd3-11f5-4de4-8b3b-eeb54dc2a312
6948a254-86f9-4188-84fd-cd1097580708,VISA,e555f26b-fe1f-4a1b-9b0a-a09c1a73737b
356455fe-561f-4aa6-a215-efbd6062b305,VISA,b5c18680-c8fe-4be6-848d-08480fdb96b5
d0608ead-3f74-4cae-8992-b4c5ee2a7508,MC,79f575b8-dd79-4800-bf12-f0b044acc187
0a9d0e51-7da8-4e54-a0ad-ab8b36fa0e82,AmEx,b5082f4b-e533-45f2-9bb0-643f520bc680
b2506467-f624-49ee-aa0e-962cb4663109,MC,1bd6f534-3f5c-4742-8f59-727e6faebf28
f99249a5-d73c-4555-8de9-023b1eaf11ce,VISA,95b29594-46ab-4bcc-bbf3-9a6c3cb5f2c9
aa8769db-2014-4075-8c40-525081ce23ed,PayPal,c1b01497-33bc-40f5-813e-a42a81bcbd44
94034049-95a3-4f12-b44a-9b08e261e90d,VISA,e3c9dcb5-77f4-496e-9b41-700f23d90083
7e17c89e-2797-4806-b2e6-434ad33bdde8,Discover,c1425eac-72a9-4999-986c-8aea68117f67
c3d439df-2db6-44e1-b456-2efd4dc31c3a,AmEx,c7629810-0808-450f-b57f-0566b158df03
029a4a20-5de0-40d2-ba37-62d1cc62659e,MC,7ca22f06-601a-47a8-a371-aa337701ff42
67f1fab6-3205-42e4-88f9-c7767657290b,PayPal,f1e7fce4-3d6b-449d-8bf1-d07899b4057a
7bbd47a5-fbb8-4f3a-b0da-d014c9cafff6,MC,5a0763a3-5c5d-4f6d-a1fd-b8888ede4dbe
2d225cce-9fb0-4361-94e6-0cab24ad8129,AmEx,068a8dcf-7937-4316-b27e-92f59ff20a0f
3239264b-7d18-4767-8aae-13f99b55b1dc,AmEx,e6663d0a-5705-4181-bc3d-0c2987788ca6
7a204b3b-00a3-4e8d-9ffb-b066f722eaca,VISA,465ea556-d1e3-478d-bc12-f9d5307c51ef
b4ee84bd-e345-4610-a613-cc8c864f5bc8,VISA,7c078af6-d27c-4660-8bf1-a79e82f71cd8
d7de4106-0f2d-4e1d-82cf-fe0704e40056,Discover,e7ddd91c-32e0-4881-b557-15e0069921ab
7710e493-8557-470d-8341-99377be3b0d3,PayPal,2f3c7eb9-47f9-41ca-b8a3-1282669ed863
1b37c38a-0110-4f7c-8483-f6456e27cab2,VISA,399d252f-4455-46d8-90a9-8c6a6cfbf276
98d4c578-b318-4346-b37c-0ea31fffc5b6,AmEx,d3271a64-5d47-4b0a-8850-eee9cddc60e5
c081be46-b505-47a2-af8c-4e38c10636c2,AmEx,09ecd01b-5caf-4e4c-9d9a-371c6916cca5
32e4eb0c-fa40-45b8-834e-23ffa03744dd,MC,bdea68de-fd83-4458-bdda-afa0a2db465b
ca4d6566-9c78-43fd-aeb8-b9202f074d3e,VISA,54e5fec5-1b66-4afd-bbaf-233dca525d73
590209ca-ed2d-45cc-a058-470b217ce545,Discover,0d049464-2116-4e86-b36e-25bb4581926a
a6052f82-dc1d-466a-b7dc-9ac914af730c,AmEx,12b0077e-6118-44f1-ac88-f9644bd61d6b
83d4b044-2014-4121-88ff-d5e7f3584f4a,MC,47c05f9d-cd56-425a-b005-72ef91b5f683
364be2bc-64bb-4d77-ae91-4330414caa8f,MC,6c1de5f9-f807-4ba1-8ea5-89a0bf5a7ebf
1d281d4d-4c2e-4c50-bca2-0292dc460181,VISA,44dde320-8461-41ab-9654-51d49178f110
1ffc3e62-e4b1-45db-91bd-3c09177861cb,VISA,d9698f66-e7cf-4be6-9fd2-e304fc0b4247
20bb22a2-1e81-4a0e-bd68-e471b2cf1801,MC,2f80522b-4db0-41b9-9607-5f8310bcac54
8928fce7-541e-4f27-8019-e516eeb89c2e,PayPal,220a85e4-cfb0-4772-9ad5-2db1c1b9be9f
7f2682ad-df84-446b-9a37-2c21739b8237,VISA,346da311-3a4b-4622-8117-64ac5d8ef65b
cad67747-ecd6-45a9-87a0-60d1a778fc26,VISA,3e2344f4-01d0-49b0-ab67-7fc72a4b99d6
e0064a13-6428-4506-832e-2f5ad4f4d09e,Discover,da76e58f-eff6-4714-abb7-b3ece06be5cc
e99d8d7a-7bec-4b18-bbf6-0c9f72cecad9,AmEx,aae52811-f4c8-4ce0-a731-caf110bc91ec
2684b75e-2732-42cf-90b3-c77a6918856e,MC,85cbe21d-aa06-4739-bf38-ef444c18b46e
c3bbc1a9-40cf-48b0-b430-b354e9bdbcff,PayPal,f5ba2f92-df57-4ca7-a164-0e93f93cda3f
173529ba-e0e6-4fad-96a1-9bf189c250dd,AmEx,82bdbb3d-6ebd-4f9e-b52d-8906c8782a71
d971e1ae-fa3b-4c61-8a99-ae3f1fd6331c,VISA,c9aede91-cdfc-48ee-844a-780bd94a4a97
bfb5c64c-b5bf-4f48-a141-92ad455267fa,MC,2c087ef6-7dd0-4cfe-be79-ada045a6b6e4
d0d7c502-3ef0-4538-b2af-fdb93e2ae2ce,VISA,088334c7-bcf6-44d4-85e7-ec03e60a6af7
2d784820-c237-4730-a9d1-d0c8c97c41cc,MC,9ee7cc2e-f7d6-44d2-b55c-29a1e46eace2
d5c91093-fbb1-4a23-a3ab-0b9713cd5cbf,MC,485e7eeb-1213-4577-95fb-fca306c2b7dd
d79cfea6-b272-4bd3-8e8d-586be25af93e,MC,36de696d-d2fd-468f-a095-4656f7be8754
d8d9f2ee-e2df-4bc6-8c39-a80e2cdd2ba8,Discover,df76c6b0-daff-4f8b-a393-4f66a26b0111
6a402485-b427-4950-a8f3-de2a7aaf3bb6,MC,db02b8b8-fb8f-4e2d-b595-190dc0588ca4
9ee32d69-7c80-4a02-a4ca-49385cdfe4b1,MC,b1bc3c06-2849-4f64-a466-3cea2aeafdf6
49e2538f-bb29-4990-b387-b1390f9cd577,VISA,de06fac7-0ecd-49b6-9877-b5c6e18b4d1c
a404f408-5df7-4c4d-bfaf-88a3e206e7ef,Discover,73cebd84-5bbc-43ef-aa8b-6e666b646964
5a60a7b3-4c72-45ba-85c1-8b8d2bee9f55,VISA,76add33e-5d07-4d90-b7ae-96c223cda731
086c3142-d65f-49a4-85d6-2539d6445548,Discover,767270b1-9f73-421f-98c9-9a3bacdec636
65772bc1-559c-4432-98db-e50975ed774d,AmEx,37f184d0-5175-4ba4-8ba0-5da368af4c2a
7cbdd237-0a8e-4b7b-9ea5-158c67d783ea,VISA,3818ed98-d7f7-499a-a2bd-b7b1b76ddada
acf911a8-b7de-4429-9297-49d50f7bbc5a,PayPal,c0fdeb5d-95c1-4b1b-9d12-6e2bf86419bf
30c56547-feca-4840-be12-e04423ce419c,VISA,84a95f58-7c4b-4f10-8f07-25d971cd6ac3
bf1a775b-9ff0-42f3-b1a6-ff49075b6aca,VISA,36f43321-d049-4439-9110-b334b541c2b3
7051b6dd-44f6-4b1a-9d79-6be49a31e300,MC,421d53e9-d5ba-4969-a61f-7fa19ac8e3b2
58e6dc6a-620a-4af1-9809-b3c85822f78b,VISA,9876ddbc-aca2-4c42-83cb-aae48d1473a7
351dd655-7764-4049-8edd-ac1300fb3110,VISA,860d697d-835f-4269-a2bc-c79a2081e6aa
0f669e45-57eb-4800-a504-1afb9f73e3f3,PayPal,d4727075-d03a-4a8a-8093-f4075ea28072
32a380e0-2c5f-4a0f-a848-9c21a6eb23e5,VISA,65774578-0f60-4959-9a29-21d63cab5e45
1bb64fe5-6626-47f5-b10e-73b4aa72f64d,AmEx,84f57027-7ada-4e82-b2ff-920fa660fe6a
3bdd155c-053c-4673-b4bd-cbd66abca24b,VISA,2537e1a7-ac4f-4300-a1f4-bff1ffe5c76e
bb6c9881-7cb5-4895-9d4b-fa192a33b96c,Discover,007d569f-8e79-4d51-9475-3dc2d9ca7db2
cbae0333-cd5a-46e1-9046-b7c4216bd067,VISA,a956b7d5-3d2f-45b9-975f-501ccb1975f4
6f15291e-9295-452c-8c07-f5e301aa1533,VISA,eef74402-6288-41ce-b951-77295cf81405
c68f5542-46ea-44ae-922c-490756c57ee7,VISA,2b55ab26-c8d9-4232-8538-25deabc22a92
15ca4654-9bfe-4a41-9967-fefa4e5932ee,AmEx,3f70cab2-2e58-463b-8519-a522507f3cea
720c4943-9ee3-473c-a700-b87b174b9d54,AmEx,7c8d2081-9590-4b79-906f-2c9eb2813f51
017e6efe-2f6a-409b-9faa-44cc620d71ba,VISA,9491087d-9c16-46fb-830b-e82b22190043
b379b52a-8e35-481e-ad9d-67410c6bdf87,MC,7fd8a162-3f48-47ae-bb96-c6d9da167134
f7ec1f64-6e68-4b22-97e6-c6378bdc2591,PayPal,2f3a40c4-4b6a-42d6-8d7c-167e98237c1e
d93897bf-4f42-4806-b10b-00a3b424fdcd,MC,fa58fa22-c424-418d-a250-230a6f1daf0f
8cbec848-57f9-4268-88e2-df5178e5fece,AmEx,0d1e5f0c-6584-498e-9d25-6739ffaac022
ab14e980-f105-41e5-82b2-324fdc0cbe72,Discover,fe7c4375-dae9-4afe-aca3-e7f73e1381a7
3084582c-ff5f-4ef8-a742-7f21ace99025,VISA,5da57d63-6e83-409d-a721-d2a6c85d3a29
4352e9d5-8e29-46fe-ae63-f2c60a99653a,VISA,f0d3ad03-7720-49f6-b7c4-68dbd23fd664
b217206c-a2ca-462b-ac16-36e04b669f04,VISA,81f5fb82-7890-4cbe-b69e-a91e3db69d27
dcab08a5-395c-4eb1-a7fb-156e88e271e1,Discover,bb49ce8f-2d98-4a87-be8b-cb18e77da1d7
72f3741d-0507-4f56-82e9-3b5e993501ad,PayPal,dcfe9530-0f7c-4459-ad3f-328ee9c4f9ac
f643c5d5-41bf-48f8-a223-84c8ac04586a,VISA,cca66916-20ab-4197-a907-8defebf017da
80911b14-37f9-43d7-9871-312c22a9da4a,VISA,3b2bd051-536a-49c1-880f-655594ac1c21
22bc0cc1-f821-44d5-aa00-f8c2cc2a1d4c,MC,515c6eca-882d-4281-84ed-f233b4bec5f2
51665f0c-bdc9-4749-afca-185035a5d56b,MC,e2a29a64-35ae-4d0b-b632-4b981f29a2df
626d3b19-94ce-4d23-b297-5440e3d3e236,VISA,3e1e8776-91d6-4f7e-9168-4d0b239fb782
448c4b48-df05-4d55-9847-0994a9b84798,AmEx,6231e129-2d46-44a3-af1b-3a7ae31a31b3
2112bd91-96fe-4bd7-9e22-41599062eb3b,VISA,546591aa-4be5-4881-ba18-d07a3cf25d61
673d1823-f205-412d-a3ad-61d3056f4b3c,VISA,d105d540-e5bd-402e-92de-742f3063ce4b
c0021363-1977-4578-b971-b48a55a56fef,VISA,64a1f1fc-6edb-4ffc-9855-f92b651200aa
025bc84d-e9b4-48f8-9ccc-0a01c3e0fcc0,MC,da12599c-047b-4e55-a9a9-aaa9934bf754
dec3b6ff-4048-4395-b227-8689e666b700,VISA,f227cb16-b8be-45bf-96e3-a8a1ee7a72c1
900b4f8f-fbb5-4922-8283-a9914af1b5f9,MC,c695019a-4cc6-4944-9204-decd135297bb
1e85bfd2-fd94-404d-8d5b-2ca61c3d03da,Discover,d5d3cd31-c8d6-493c-ad0f-d5ee377394b4
2180dd4a-3c1e-4e95-bb53-fbf1e203eb5a,PayPal,c7960c82-87fe-4582-835c-229e4a33ea4d
697af460-7ba7-46ad-a4b2-97da2e2c0563,AmEx,f2fea8bd-2adf-43f6-a688-0368f9a5886f
7847415f-a4bf-4c4d-ac17-1f8ad1104253,PayPal,d469620a-9e29-470d-b1bf-8692f83a5cd2
1a80b056-2947-458c-8b27-ef1923f53b21,VISA,acecc3ee-884b-46a9-a06f-0d7210d73aef
5929c739-84f6-477f-b13f-989c42f71a44,VISA,f1f9b0a2-75a5-4bd5-bd9f-84984fbe36e1
287bd691-5da6-4880-b0a8-6f3000cd2696,VISA,38f16d0c-51b9-414a-8e4f-cd257b18e479
2f24ea79-8d6b-438f-9942-3fdec41b821c,Discover,be0ceb54-6584-450e-b238-9e1dcb348d19
76842047-9cd1-4a0a-9629-81e2f47fe782,MC,728af283-9e87-4961-a217-9e44509ea5f6
8ed0b19a-469f-4e71-9139-ad0f5f8aee57,MC,17c28e2e-89c8-40d4-8307-a08f72f8a90c
64ddf720-6330-424b-af92-1ea5c2182657,MC,11a489f2-7615-43d7-8218-2b12bd0e3a5e
d5f839d1-5ca9-4e21-b1c5-dd5161f0966a,PayPal,d1f59f85-5983-4cda-9a3f-bfef0f6a0c48
ca8840d6-637a-44b1-9d49-9de958f3669d,MC,c2e38fbe-f601-466e-893e-6de7ece76a3d
f4b015e1-1bb2-4523-bff5-dbbfa14a0d33,VISA,c56167c3-d9b4-47c9-9462-da7c69742133
f6a54d5d-6c3e-4325-ab54-fcfb16367418,MC,8552ceac-3173-4126-8b6c-4ba5225fad40
f42150a3-aabf-4ac4-af8e-579b882e0411,VISA,a0b2041d-07a2-4000-9640-62d0b7bb9047
90e5457a-fc27-4e6d-ae2d-5f4a0ac0c3ce,VISA,46b34bc8-6cbf-47e5-9bd0-f9f7f9802a68
ec4fd664-9cfc-40e5-8cf0-07c02f7870a6,Discover,20709340-9fa1-4348-a104-2389fd0d88cc
f54d78e8-ebad-4b84-95e7-e472423c7d84,VISA,66945482-22db-40ef-a415-0de970e380af
d9905a0b-18dc-43e7-bcf7-6c54968418d2,VISA,cc33f565-30b6-40b3-98d0-9a17f85b71d4
aa4e838f-e0b9-481a-9375-ee348f54e7fe,PayPal,1af82f23-3535-4a34-b294-695f914bfdfd
d18cd274-1138-4277-ba08-789d2a3e9005,VISA,74ba0e9d-7491-4b8f-9cc0-23ec89796b1e
2e6aa1f9-47bb-4c9a-a621-c06cf0993c24,MC,97bb54da-26a1-47e9-835e-40c32766e8f5
8fa1a05c-995d-4a49-ba77-d28f627833e4,VISA,f105af39-b6e3-405c-b13d-f28e7ddcd20f
a65ab761-f24d-4cf5-bf58-2d0f334acaaa,AmEx,b5471703-ff96-4eb8-9b28-d03a08482a31
59f6a28e-8953-411b-8243-dc7c4e6fba2e,VISA,d19d8edf-1178-4830-aff8-1081b403ad65
c9664ad2-6556-4d76-bdca-87fae51fc51f,VISA,d6363ee7-d891-4360-a1fa-3c12c054c070
845f23ac-fbcd-4b83-956e-8c4a0c077656,AmEx,e3d08976-0290-4bb5-9e65-afa25d61e68b
c2c4c9b5-aba1-4f2e-989d-a334082d3424,MC,ebbff98f-e6ab-429e-a3f4-ce78804a9616
a515cfd0-e5b5-4468-b4cd-baa4a3c420f8,VISA,35f9e882-71a5-47ca-ae02-98f66f1b499f
0d5cd272-3e81-4613-8c81-1d95261bdc6c,MC,f15b688d-c749-45a4-90df-531292638ba6
14f33797-22fc-4c73-9354-1beca771678f,Discover,aef75ab1-61b7-4664-9643-455bee9a4f6a
e4354ab4-5321-434f-813b-75b316634c9e,PayPal,b19a72e0-6437-48f3-a392-8b0f43d09a28
ef9198cf-a52b-49fd-abf5-b58041985d85,MC,677550f1-876d-4d1f-9803-202a189cf612
f6630642-1ddf-49a2-8e59-45fd01f9073a,PayPal,cb74d1db-62ed-480f-b710-82c7800c6298
2a36a4b2-5767-4a0d-94e4-924c15355eef,MC,9ac8f3f9-3b67-4533-9908-2653e5e5eace
8e481ea8-d1ee-4995-bacb-f2763ceee7a8,VISA,6605a5b0-2fc2-4991-82cb-ad25b95992ae
4fbfddce-f93b-4d19-a4f6-88ee2b1b65c1,VISA,b05fa1ed-aaa2-4403-b0a6-eb77ec1f1a68
9a8ac307-0db1-4feb-8c4a-63f2dcaa402e,VISA,719ffe9b-9e31-4742-b132-952014b888c0
9875abc2-5d47-4b76-bab6-af825e6d8516,AmEx,198f1a1f-ec04-40da-85e3-5603e1538bb0
3e740237-4594-4284-9d53-25658d378e31,Discover,8e4a8399-edf6-4021-ab67-5606dcc478af
c5dde96f-cc48-4d5f-b7b3-5659990e8e0a,PayPal,d04a54fb-2f29-438d-9bfb-c748b0c0a776
4e6110c0-d04d-418f-ad01-e0bea9124b23,AmEx,3d45866f-bbab-4a2d-b7cf-ce60e6b3a4ba
90b8f11c-dd75-4b17-95fa-8e208cef6a00,VISA,d20c3c69-bcf0-4b76-af86-b3299f339ac8
1cfa35b8-54d5-45dd-b4ca-35a87d52daa5,PayPal,b9468e51-fc2b-4782-beb0-fa1b3f942dea
099d35a3-a3a8-462c-9f83-dc58d7519c71,MC,0e160871-4e58-4d71-b005-7c5825490c42
8088dca9-a6f7-4de6-8064-3b85a7960a3c,MC,e2ff1276-0a50-4e95-991e-3a05542e8d2f
58e6a839-7108-4a08-a1a2-4d33de137694,PayPal,83c5fdff-aace-48c7-a47d-af10d41f9d53
3facae15-e6f5-427b-b0e0-07a3f74a8cb5,AmEx,3234a482-4b36-4274-9772-2298a72b7c0a
08aabe0c-8936-4b80-aa83-933ceab0e341,VISA,07f62ecf-8c8a-4014-9e9e-f607c33cdb0a
6995aae5-4277-4cac-952b-d8b7b8757e06,VISA,798c5cfc-99aa-4c9c-94de-5dffc31e1107
2db5258c-5637-46c0-a67d-5b3350c576eb,VISA,ac0839c7-2ffb-4d4e-98e0-2d46513e2680
b7548f8d-a2c8-4076-b662-1c92bc59c795,VISA,4a2e88c7-bed1-4695-acad-885cb198c73a
b48be4ed-9a07-4287-9405-347565567c9f,MC,5838bea3-c8dc-4af7-8188-2a228e157ad5
23085d31-b824-4ad3-a112-6216e51b1e0c,MC,01159c7b-2ee1-4afe-a772-3462d336a522
2c1a9c9e-17ba-4c97-9264-6c61111f2809,VISA,ec486e0f-719f-4e4d-9e46-6831673eeee9
1734bc55-62fd-4870-84a2-da5c6b3cdbc6,VISA,da99891f-af1b-4650-af87-5027f84f1fc9
792b9d5f-eca4-427a-86ad-d66cd75cf236,VISA,adccb0f2-7e41-412e-b06e-e7e13c0bcc1c
ed45677e-015d-495a-b616-3d334c53e64d,VISA,602cc248-ba01-469c-9598-fb03fc73383c
6906b615-0d8c-4eec-acfd-55261fa837f4,VISA,6b64be14-de93-4981-805a-3e67ac60acfc
3e335276-0fc5-4593-87c9-c903d4a1db61,PayPal,0783387c-9132-47dd-9590-e46144b8e92b
8bee8bf7-29cb-4588-8060-a2971ca02f96,VISA,8eb5c585-f29e-4d2c-a8f8-170858bb95ff
9e6b7d53-16cd-4ae4-8fff-e559821e7394,AmEx,01791454-e87d-44e0-a25e-2c553b93d14f
966678dd-ca30-476b-aad6-270a3c2791be,VISA,e2e5734c-766d-4c0c-b0f4-2e914e002f43
ef1364f8-0468-4a3e-8e77-90e9e82045f3,Discover,6d888a25-63f0-4375-b644-f32793cfadad
8fba0244-e9a8-438d-841b-ef73e33d3552,VISA,dd5ee7ae-c4f5-4633-ba09-d2174312bce6
881a3080-ae3c-42df-acb4-926952e16397,Discover,9f74a99b-4ff9-442c-8011-d3d7071a5687
630f1112-ffff-4133-8ba9-31914a16ec22,VISA,85bc6dfb-45e4-41fe-87de-a17594bb4c65
bf8cecc8-3b01-46f1-ae8c-078c14dc8c03,VISA,6569d23f-6560-4071-b611-e9963556aa42
03bcfddf-fb30-4582-a48d-4de2d241e49b,VISA,d285741c-7847-498b-a869-1d476a993156
fff4faa5-d5fa-431f-82f1-3f7629546162,AmEx,f4a6f02e-4ba3-45d6-ac28-cd17f7af17c1
f57d0f37-7774-41a5-8055-75b8cbcbbbc1,AmEx,9720e405-5a04-4df6-9b51-509a156b2622
9e3e38a8-237a-47a3-acf3-d1f901d616ce,VISA,62f83be9-0c9b-4ce5-9662-7e7dd5685530
b7a2c35f-add7-4e30-b9a6-e1e41332f90b,MC,78038637-aa26-4cbe-972c-53b1c330be99
49fde1dd-8efc-4237-8860-10bbb551e7b3,VISA,91196e8a-c015-4cf1-b2b2-e06d57615e8b
eacbfdb2-f4e0-4fdf-8f81-fa7b01cac7e9,VISA,4903e518-4c3a-4863-a10b-721ed48f1d7e
bb3e7f4d-52fe-4912-9756-af73b895b92f,AmEx,f8e0c9f0-8927-4031-b31c-1e3229e355a5
bd5c4396-84a4-4c42-b7f7-79205db98da8,VISA,367e4edb-2bfc-4e54-8b17-fa79aee8b463
b2759dfc-b1dc-4040-a535-438138957d3a,PayPal,c18dd815-a6a1-48c0-8676-75578e4d341b
a239eeed-8308-4020-9d6e-30e98f110bea,Discover,0aaff2ab-087c-43b0-a4a4-a1bcef8451fc
82efcc5a-269e-4d36-9977-4f83c0581793,MC,f4c54fa8-ce26-4a8f-8b4c-c294b72652b8
3f951740-f184-44e6-bcd6-b66a863aad12,VISA,1a13e896-8139-41c6-98fc-d04d292f00a3
3e933bf4-7ddd-4f19-8cb6-004e2e8d46ab,VISA,e9ed229e-79cd-4787-93b5-aa6b855f6d99
2ce6dade-5682-4948-8654-b0d62d8482ce,MC,fbcd6331-5da9-4a9a-a552-7c9267bee269
94d4d828-6e4a-4b12-b3e6-97b8aacbdc95,Discover,1eea7876-ba42-498d-b25f-013d1a1489e5
ccf337b8-3348-45e2-b847-25dff95e3ea0,MC,718dc7db-869d-427f-ae92-3f92e8c53bd7
09ade354-97aa-4876-8a3d-e8b4b230d8dd,AmEx,38a6f75b-5696-4713-bbfc-e0857de11c69
1aaf996a-e578-4682-8216-06732b0799a6,MC,6f78f5be-de52-445e-8624-9d33f16e4e96
3cda17c5-2cb0-4de9-a56a-551a808aa625,VISA,726d8810-a6e6-441b-aec0-878cdca8cd0c
716c021c-c08c-4d0b-b3ff-192a134a1838,VISA,17435856-3bef-4819-a706-c6d5949eb100
1262db1e-3db0-4e12-8071-1e514e054f0e,AmEx,05f276f9-1593-475c-b902-7c1fffcd4aeb
aedba4b7-661f-4d9f-8dc5-dec543e31b64,VISA,8d81da38-7e28-444f-a51c-051ad265d2d9
bbaa7a72-7d4e-41ce-b6e4-8b9131b169b4,Discover,51436709-568d-4caa-ab12-3f7706d0492e
63c8620b-fa94-4ab2-b9f0-469f6b06b252,VISA,f0dd85a8-5ab3-4241-bb1a-f26efbf15894
d03f9fd1-c194-454e-a910-ceb94e01ac6c,AmEx,82f9a166-2a13-4d25-a13c-4115ad9a5631
ce52c4b3-c65b-403d-9e27-d0e469627349,VISA,1fce4d62-58cf-41ae-935b-ea06600b4a99
9b7df8a8-ccb5-413f-8dc0-1b7c06cd55ed,MC,4fae7f78-5b4a-4449-a562-ff382609551b
eb8f15f7-37d2-4e32-a401-0fefce738b6b,PayPal,c0c1c6c0-b5e9-48cd-be94-fe048f005cec
5db78b53-7e8b-4999-8e7a-7e7c2c266648,VISA,d8c4b50c-3f24-41d6-942d-d51289c7e6f1
07004711-4695-4684-8768-0933ef03212d,Discover,34815655-b694-4735-b723-59e85d00556b
bdc2e1a7-37de-4053-beba-ee404e590a1c,VISA,d05d1150-7701-4b8a-8a4e-db772ea923ee
3d22c52b-9d0b-465e-934d-adb3ad3b62a5,AmEx,2309ef30-41c5-4575-9266-4a2472381fe9
223e28b0-a4fc-47cd-8209-f86910724ed7,VISA,402b648d-b157-4b5c-98cf-29227eb5c66a
e31cd772-76a4-486b-89ec-669187c6ef38,AmEx,3b9cd2a8-16bd-47c4-9afb-bd57eff6ebac
194e92cc-88e4-452f-9e06-3e220a026e8b,MC,5a731f80-63d5-4af4-9496-98ef2c789cd7
8da42848-7c95-4e0c-bfe4-791e9d720afd,MC,30d0d540-8823-4be8-84a4-4d813e2d80c0
9d26abc3-8628-4684-83f3-0875b39aa67e,MC,3ac4f7e7-17b8-481f-b8cc-b01d5d484288
fc8d9ae3-a6d4-4a9f-8d7a-b6476f60abc8,PayPal,c00be988-bc86-4aa7-b908-6235f2650879
8cdf457c-cbd9-4faf-89c8-efa564086d09,AmEx,d2e1beb9-da7c-4998-a399-15845320c812
f9207d50-b138-4a3e-bcf9-ea1442e412cb,PayPal,bfc59220-ccef-4662-a1ed-bec5b291a518
6feb97d1-2b5e-4639-9c67-d16dbdaff9d6,VISA,44a1443b-d73b-49c0-a493-4db9d502e2cb
74dfd623-1b96-41a0-80cb-968544fa4ed5,VISA,3cf39ba6-edee-44de-a626-c718b8e9847a
c83c6c69-3a8a-438a-9590-23add4aa77be,VISA,0a9f1e96-265d-422c-ab4d-62745bcf8212
08aa2e2b-5d6f-4db9-acd8-e365c16aefc8,AmEx,3091b4e3-e749-4b4c-94c7-b28e83fe0d9a
d8d3309a-7286-4259-8446-1f21ad062f57,MC,a51118c9-39b6-4b5b-891a-2152f893cd4d
5bf7a9bf-f516-4ac3-a25b-60c254b302bf,VISA,45bb9f04-ee93-4fae-93c4-87576034c8ed
448d199d-fd34-4ea1-b450-33dc66d0d7a1,VISA,68c46c4a-b884-4df8-a345-09689dbb19b5
8c30330d-0b93-45dc-ae79-76d7da16ccbb,AmEx,45daba97-9f75-478f-a30c-f74d718ad018
c1ce7c56-5184-4457-a8df-73364d8db811,MC,1e272d33-270c-48d1-af5b-ce0f48678b81
948fd0f6-c8cc-434e-b63e-aa4a47e6f4b9,MC,cc1554c8-8457-4559-8568-daf711ae0362
c826bd9d-4fc5-4b0c-b4df-7bd0bd70e3a1,VISA,76fbff22-e687-4471-9baf-3318877bf4aa
b7b20a6f-784f-41a5-b70e-16eb50643643,VISA,7274f9f0-00f8-4ff7-a849-6cf3ccb40205
28b72e5d-1f7f-4eb9-b7df-df56bbfab302,MC,588b77f4-4ad9-445d-933d-de2b1ac2a3f7
19e0472e-bd28-4190-a557-d403766a9333,MC,efdaa436-5db3-45c9-806c-4485e0d1e38f
401faba1-8c81-46a0-99f6-0f55f7ad7344,AmEx,7675fee0-0ac0-4764-aeac-ee603395fcd6
ae53c77a-9e0d-409b-bdb3-afb1dcdb8f78,PayPal,b1c437aa-25f9-4169-a1b7-99e769a2d49b
dd2b6aee-fc49-4511-b323-8cb67e32d295,Discover,670b49f0-e9b6-47d1-ba82-0cd1e3ca6694
9f60f284-2c87-4af6-a0a9-1585b51f6e48,AmEx,22bd7110-71bc-4b09-a6b4-026e10e080ed
5133dbd1-c567-4ce3-8057-2e49ce41bcd7,PayPal,1d1b5adc-914b-44e6-b122-b5644387db97
d4356712-d3ef-42c9-9ef7-711e74816550,Discover,25df9561-776c-4bd7-b4d5-4a0ee3851fa9
566c5919-8ddf-491f-af50-5500fdf79c29,VISA,075e22f7-8b6b-4c57-894d-970eba20f1d7
babc23b3-4178-400d-8d0a-d1ceec5c0981,VISA,53ce50f5-b05b-46db-9066-6d659411c7df
4df3f534-700e-491a-873e-1b2ce2c8083d,MC,c1e05e94-d017-49f3-82de-7294ee199781
86b9bdcc-017c-48d5-9a5c-e3e14b7e04e2,AmEx,1e69c4e5-8d3c-4043-9944-24613122cb2a
12397c89-6acf-4345-b4f8-92815d36141b,Discover,28feb3cd-9d18-4962-a8ee-da16a9b2e4dc
79bc3246-c6ae-4f22-a82a-b92d6f055e0a,MC,365dc748-cb92-473d-8bfa-a8eae23a4873
b3b7a745-9796-480e-b048-fee598b10c9f,VISA,75dee02f-fcce-4b96-b867-7cc001512016
634aaa61-bf87-4200-af31-69e186debefc,MC,47a9fa97-e643-4107-a742-a2105173c34f
9fda836e-e2bf-4401-be3a-7b732d45f4d3,AmEx,d60b84c8-e404-4dc9-a649-bfc4e8eba4f4
f1a35b7a-77d5-4676-a0aa-235a278c4aef,MC,5b117229-b7a8-469f-bd38-21966e003597
d5d3ca4b-d71d-43f7-a70b-f4dd8f4996a5,MC,25767f82-eb66-4475-8948-891bea52ce26
da25a05b-c241-4586-b654-ff4e4d696273,MC,9cacc422-5bd4-47cb-a23d-7d8f199f61b0
b94a318d-dca6-47bf-9789-f4f0eec4ec5d,MC,49b9647f-12cc-4e07-955f-76855ce452b4
1c3351a3-2d83-4a2a-af0e-b914670b3f6b,MC,531a25f0-c8f1-4847-9f0a-1dbc663ce0a2
c22bb7fc-fb44-4854-ace7-bee16d267074,VISA,ef39c613-7b38-4890-aeda-cbe648686699
b6698b69-cf11-4e00-b416-25c35555dd34,VISA,94eefe7b-7c87-4e4d-b039-51457e1e7d3f
93dfb0a1-5d90-48c3-8cce-1c46ac5e82ae,AmEx,a1a71e0c-ca08-4ec3-a08a-5ba2d86b04a7
ff1e7127-1333-4129-a53e-9df9b5d31e17,VISA,a91500a2-63d5-4bdc-870c-dc5a656382f4
ed8d931b-727b-462c-9f21-ab4d02174b1f,AmEx,491f53ba-4a4c-40d3-bf33-7036c05106a1
e49e5555-cd73-4416-b37e-cb3e527fa997,VISA,4479bf09-c9d7-4d2d-a82b-13794d954f28
f56285b9-8e32-4e5b-95c9-9173bcad57da,VISA,4189d23b-bfc4-44c9-be87-54f594a5a13a
53b04fb5-6008-460a-884d-2bc645fc388c,PayPal,422a2f1f-b85d-4795-820f-26f7c8a53e7f
15844fd9-62eb-4d3e-a658-0605d20cd47e,Discover,7449ee72-c52b-4881-8868-bd0e8f991924
c7e9f692-ec85-4b71-a101-32d3c0115e80,MC,01fd5c56-c9b1-4eae-915b-a6da7d9b4228
80bfdc2e-48f9-4253-954b-bdd8afeb521c,PayPal,a04c3d01-97fe-4127-badf-b7900302ad37
bc4c60c2-47da-425b-86af-ade90340a6c8,PayPal,33318b7a-e80c-4c34-bb87-f898e1ba58a5
80054c80-f2e1-461a-bc5c-bc5515f67bcd,MC,90b9660b-f2ac-426b-882d-4eeb9627b4ec
2e6b9048-835b-4aab-929d-ab79b40a03af,Discover,1d4d7242-251e-4292-894c-5879b9f9220c
d5b138db-1947-4cdc-8b42-7a54a4eac91c,VISA,54ab144b-4a25-4510-b0bf-0eba41e0324d
b64edf0a-5959-49b5-a2e2-ec88f42550e4,MC,f1b75edb-e404-43d4-8326-716b7e65e22b
a15da89e-37e1-4264-96f4-c6d994c25bd7,PayPal,62cb3c94-d739-44a2-b0e5-f011bcf075cf
44f49d15-a049-4dd3-b074-1f38518a512b,MC,e31605ff-2029-43cd-b175-4cc4c240c308
f29bf361-f144-4fe8-a6b2-e52e91051b96,MC,7a885218-2c28-4ac4-b383-a6639cd6f29c
32d6629b-7264-466b-881d-63bc05b86345,AmEx,23a13dc1-c8fc-49e6-9ab9-07d96f94e054
92604086-0751-4b41-928f-2420eb41a55c,Discover,e6fa2e4a-94be-45e1-8e38-b2b5f7e59521
ed228c80-c5da-4e4b-a860-ef0bbf6b6bad,Discover,d692f98f-a947-40dc-be9f-fce81b04673b
c625cfaf-3454-4b6c-92de-5cdcba59b0a1,PayPal,e0cc651f-7287-4962-b194-a887bd6c64dc
5c86a324-edee-4727-9d0e-4de5fac9f91f,PayPal,c5af75b1-1a03-48ee-96df-75f5feed1c53
1fe6e5ee-50e4-4983-aed8-38031c95a942,MC,13f5d74f-f586-476a-9b75-325afd9aed5f
bc441a68-bf73-445a-b01b-393ef131c91b,VISA,437ef6e8-2165-4055-81a9-3261638ea4b4
d31c0485-b373-4cd1-95e2-044d0e0e7ccb,VISA,4f1ca067-fc00-4e10-a12e-b825b347f502
5561e902-0dee-4685-8209-ea427786634b,MC,33d08ef5-5b63-42ec-83a9-5e0c16c68b9f
0df7d17f-4ce8-4760-a687-68c6f0b24646,MC,ae7b6892-919a-4148-831b-eb11debbb586
4d8f1dc0-5e76-4c1a-b9e3-065764e5b29a,AmEx,7453b4ab-9302-49b1-9c33-debdc5bee572
ba7a12fb-e3a6-4a78-aa90-ca1242b4dd6c,MC,4ae9780b-1017-4028-b88e-382885cc6477
d59d8a3f-e005-4639-8775-1dcad079e132,VISA,85f78101-0b3f-476f-91d2-2c8565ac4cea
b48617d3-bc02-466c-818c-baa1e5132b6f,VISA,2e3e7995-706d-4b95-8fd6-e77ff5051837
2b14797c-eb5b-4284-b9bb-eaebed2e1410,VISA,ec03cb00-89d5-4079-82ed-5810305d582f
9b89dde3-9a27-483d-aedd-26fe1605e0f0,MC,b597d312-bf8e-42d1-9b07-c17676cecb55
24c8a962-f559-41f4-a8f1-dd1ac419d832,VISA,e4aeaf8f-2901-439d-9c50-7443ed481053
cd7c414e-6eba-4d5a-b3e0-f267dd55063b,Discover,a6193cde-50a2-433d-b80a-2dc5b4d76b62
a9c16d14-62a3-4d64-b422-a29cb954881e,VISA,2e925f61-cd53-49bb-8ada-4a539b39dcf9
19972ea7-e07b-428e-80ae-e26618a2d885,VISA,24bc03d0-489b-4630-9b63-9217c3d8e638
746c0edd-69e1-439d-b7b4-961b4eca8672,MC,ece05bf6-7cde-4b31-9eba-4227640f30e3
eadfa934-8ae8-413d-b72f-e093bf1bff9b,Discover,86ef1fca-a352-44be-aa5f-c630ed2b8916
a8b29b21-ab4d-4ef6-b77e-047382a19322,MC,e22cc3cb-55f2-4db8-baed-9ec2f1683be7
352d4cce-9020-4628-ae40-7aaf3e9203d0,AmEx,ada35cdd-af11-4a6b-ad4a-d0b41898fa05
2a38c27d-d192-44eb-ab64-c6b31b13c43c,Discover,10c383bc-2a0a-4241-aa0b-1b4b11b86b7c
ec33b44f-f9b2-492c-a15a-392bbbf2eb65,MC,fd1eb932-9bc2-4413-b6ef-550c91c57e04
4be5987a-94ed-4456-8987-3c6d7321c988,PayPal,9dae81b8-0c01-4e38-a68c-6d283969172a
d6e341b8-34fc-4b81-94a1-bf16f6d641cc,AmEx,0c293367-f059-40f4-9a35-9d096743c190
4e04bdfb-b6b8-41b0-a5d2-03aad7bb73f9,Discover,5a50d89c-0705-4b4f-a256-4f3d23c895c9
fb3780f3-dd7f-4e02-a3dc-87326d56afe5,MC,3db11e8d-d29b-4483-a82d-3e63716d5f7e
182abe5a-61f8-4d3c-bf4d-6b497f241647,VISA,b0a87dff-d6b8-4fae-877f-8941703caf92
a0e50cb3-ba1a-4a3c-865f-37cf9c79dc0c,VISA,7e1b4b8c-09a1-46ea-8879-36007657fdea
f05c7d34-47a3-46f1-8b3d-59a70e111d51,VISA,ce8c69df-784d-4765-9b5a-c4e9627bb34e
2c3873cc-19c5-4e4e-9167-e816d727c112,AmEx,205a0506-1de4-4557-9ab7-239e34acc92b
4db141b5-4748-481d-97c9-ec180e2b1140,MC,40c11175-4d8c-481a-8549-76befb1e3c4d
318d6242-e85c-4df0-87b9-2aabc20cbcb7,VISA,d7144dab-ecc3-496a-aa63-fb777bbbaeb1
104cba19-8277-494a-8ca1-3a8fa2991003,VISA,37918d6d-f53c-47e1-845f-9a2b2f347a0d
c1afee29-bf1a-410f-a215-389bca174217,PayPal,d7307a95-76bd-4c51-b438-57ce5e026b22
63d9f12c-7609-4f67-a40b-285a84b61da4,Discover,ebf6fe88-7576-4036-851d-78412a10bb13
431ba985-85f6-4ceb-8cfa-404e21bef691,VISA,44a32c64-e73f-4945-ae71-f06842b1cd1f
494fc4a9-34bc-4ddb-a8e5-140b4b991e24,MC,10a4d8f1-6149-4d34-9f9e-9078a77c2d40
1ab8438d-b31b-4691-bc35-fc00104803bb,VISA,3a5ec085-324a-4bb0-b639-4cb6aad33a35
08475fc5-f4ec-41ac-8b40-27c9657acacd,VISA,084c4505-b622-4533-be14-89ee356273d6
d6383dc2-fbd1-4ac9-afc1-023cdf972cc8,PayPal,c9f84b03-9a0c-42d2-84c5-c620edb02bb8
24cf7665-18aa-4609-841e-706ad67a3454,VISA,669980ea-1def-4eaf-a681-e34f26fc2a1e
7c5ad631-ad27-46db-ada2-51727de01ca5,VISA,4702d74f-c7f5-43ea-a853-93e5b4ab90ba
e270d009-ccab-47d4-b334-20da92b26f12,PayPal,f43d6134-bc06-461f-9c4a-331b717e72f3
23426727-17e3-4089-a6fa-2ea856fefc5c,VISA,962c8784-5244-4e16-b36e-f0d810b81d97
64376fa8-7568-457f-ab5e-a9b1eaf803a8,VISA,58e632e1-098a-4717-9f79-3b4af0847ae4
c94dd1a7-8d88-4cef-98dd-bbbb5c953e8d,VISA,2def85d5-873f-4890-8c42-9e166d968a29
c73b6afa-28e9-45e4-ba61-97ed5492edda,PayPal,33085a21-12bf-4b0e-b1ae-202cb2f92d5e
f8ea0e16-0c06-4158-a5aa-14f94fe2d2ff,MC,b77504de-4582-467a-a8eb-58f0399da8f7
6c79c2c0-0b8b-4cc1-bd2d-4c9ff049ae87,VISA,33888f4f-40a4-4e00-93bd-18ee38f3c6d4
aac4869d-21d7-43ea-b742-995ca1369f61,MC,012aafa9-e564-4a07-843b-5f11e38a84bb
2cba59b9-c2e6-4fe8-9769-02a18aefa80e,VISA,17a7c015-f9b3-4a6c-adeb-02910ecd192e
fcbc9c64-4735-4934-bf27-796649ed50bd,Discover,7ec0481e-26af-4ebd-8ad2-79cdcb7ef1da
e005048e-fe4f-49dc-afd6-5a2b526848ae,PayPal,4f4f8efb-f3ce-49b5-9f65-f4e7f665c90a
05da23f2-4891-40c0-afc8-9394fcbaa72a,AmEx,6785b53a-49d9-46a0-b19e-a5a3f5074f22
3f45f694-27d0-4598-9f4c-cc63efa2fcf2,VISA,6ce089fd-8c75-4d67-8318-e75cfd3b029a
733d04fe-852c-4944-b27d-445c7bf125f5,AmEx,a1aae855-d985-4260-9e9c-cb797a5264e8
e25d1e53-6f04-439a-8c62-a8a42babbdd6,VISA,3443a194-bcca-473c-8fe8-d17c694ac140
3654cce5-f8bd-46d7-b9f6-422c9342fce4,MC,e152194b-a61a-402e-aae6-4636ee2a7e7e
73e0b9b7-606b-433c-b705-1d9da36cff3e,MC,04b29582-4ce5-4c25-95ff-b20e12a4fe73
7ca792de-96e4-45a5-a37d-7e878babb167,Discover,113e65e6-ee84-4383-9fe9-3162d3cdfda6
f89046ba-11b1-4135-98bd-372233d5e366,PayPal,3d7d7681-d439-46f1-9fb8-47284db55bf3
121b8c91-2700-472a-bc25-8f63dffb41ec,VISA,3537a9ff-9299-4130-8ae8-05f3859d4d38
86f482af-9604-45c5-974a-05a622fdfc3b,AmEx,e8d6f8b9-cbf6-4b13-9516-6107d6fb48a8
619eeba2-fddf-444f-b5b0-ad3357b3bd43,VISA,ba04ca40-57a3-43ae-8a0a-7368846cbb19
9d702b35-8aae-4e09-80a7-4707368ae3e1,VISA,97b79ccd-5f65-450f-b141-25c07d915ff5
5a6e07a1-8128-4c1e-a604-a5cf6b325553,VISA,c7dc619c-40aa-45aa-b88b-50985d00c3c5
b5b29347-dac6-4992-b614-613963e2461a,AmEx,c7aaec3a-ec72-431c-a443-c59395ec8421
07a7a49f-6a9a-47a1-9f73-830cf07631f4,VISA,4ab7c872-a28c-4c20-956f-402b9eb0095e
3b159e11-6ce4-4e3b-b71a-8868143d1cd1,MC,636887ac-55ae-4265-947f-3ba5b4651f89
2006c6c7-a4ab-4759-8e67-8607e7edece8,Discover,381ff1fb-f4fa-4cd0-8b53-da8359ee7b9b
9907c9d1-a390-41d0-8434-86b6f0ee5a84,VISA,0930b00b-72ca-4c96-a7c2-e865027f81bb
69de6cdf-1c38-4f6e-aaa8-b9bc4e88abd1,AmEx,91010ebb-8b11-4911-8d7f-07e766c78486
7fe2a82c-78be-461b-b43f-6f24b4af665c,MC,cc2b20ff-540d-4b48-b493-51906723b8bd
c51fa9a2-bf49-4d82-87c4-6dd4e686aa6b,MC,20bf6f70-b8e3-4d6b-913e-5ad7acff6998
e69f93d6-084f-4dbb-a2f1-78ce56675ab5,VISA,4ae7807d-07ad-41ac-9c01-6d969d65df5d
084d975a-a2d3-4396-a341-4d861bfd7f4d,MC,3b0ccc4b-815d-4c59-890d-9e4a25bb90a6
f87c4b91-0b47-4a58-ba45-ac3f39e2f546,MC,b14b6f72-883c-45da-a391-b3e7f2e19505
573e707a-a323-4bc7-b047-b88fcf5fca61,AmEx,fa6ac7b1-9cee-4b75-beb0-bec8a5b44139
8fd6bd19-1479-4ba5-881c-623ff6993bb5,VISA,7cdc3e6a-fdf3-43d9-bffb-ffc044ee4e49
71c997c8-b13d-45ac-9f5b-2452662920de,MC,a2837fba-b822-4870-b980-14b99d324b09
1283f3e0-ae88-4637-8e38-e32b52700079,Discover,3f955fff-7168-4fcf-9fc5-b26321a6f2a0
67eae695-1ab3-45cc-9c59-b029120cb98b,VISA,0549dd30-cf9f-441e-87cc-51cd7b13846a
d446fb40-b07b-41a8-a460-5eb7a77bb6c2,MC,a6b6f529-4146-4fdb-b08f-31afef63fbfc
9995fcbc-efa0-4c3b-837e-8e9d76713871,MC,a792b4bd-58b6-45b7-bb60-f78eb27e3baa
ceef0140-838a-4043-bdf7-8eb75b4d126e,VISA,aea244f3-b017-47a4-8032-4373e7c2a8e8
a036ea2c-f9ae-4d4b-881f-b304f2e676e0,MC,f0bcfbe3-ef31-45b6-9811-1282a4ccdb2b
7cfc5a18-79fc-4718-9194-f271e8cc5ceb,VISA,7dddd852-dc1b-42dc-bc80-3fbe5daa2ea7
c8b13670-6ec3-4252-8b93-bc90c948f260,VISA,0b8723af-adc5-42ca-9138-f45c654b45dd
ba16928d-ed74-4e7e-be2c-eb7611548344,AmEx,9d2071f6-329c-4543-befa-b8e2d553ca7d
907986d7-6119-4417-a146-5031cf4f8854,AmEx,2a79e282-a6c2-4391-b33d-25852a985cbd
3cc031ed-4d91-428e-89d7-a0f6fbf46ead,PayPal,4d825623-11f6-4aeb-aaf9-ad5078b5dd7b
fb26f0f7-7dfa-47de-bdf0-7d8c212b8ec6,MC,c34aa2bf-d162-4be7-a4c1-cdf2931db4fe
30de8bd6-2a55-40c1-8287-15010f7845b8,MC,f882a979-05bb-4ecc-ab9e-42150148776f
9a7d8993-ca08-4ee2-b19d-b966e58913f4,VISA,6477df9c-ac7a-4cd3-996f-e36ed4395d28
5c38b8be-ac1d-4245-81c6-4a177c01fb6f,VISA,fc9e247b-dc7e-4b37-a60e-c5785fa3c0f5
6cd0e407-3d61-4c17-b72e-fb57542c0aca,MC,00e7154f-8db8-46e9-b488-8e1e70008c73
acd1d707-95f2-47ac-84c1-a751414e001a,PayPal,f5aa7ecb-4429-49f1-8ce7-3b0a80fba260
9d9b7839-3ecd-4125-9518-a38d25a02358,VISA,2f04576b-39cb-49d1-b0df-194a48adf906
f74d654d-16d5-4762-ad39-4e438b872068,MC,5cdb0698-f8c7-4bcf-a8a2-a78a93a44c3a
40397c39-8dff-465c-913c-80ca0c363b09,VISA,eaf3e543-24c1-4aab-b335-c31eb1cbc656
461c418b-2f73-4cb5-8577-0a7febe95ddb,AmEx,0667c33c-a020-496a-a36e-f13e556c5254
15915f8e-e944-4c01-b283-3329462790ae,VISA,67021169-e7a7-410c-a45e-01a0ffef6666
fbeb579f-4c76-442e-90f6-56dcf9adcaee,MC,67b08e31-1382-48fe-a885-db07adf41b5a
6be46e4c-a703-4f93-a263-94e877700ad7,PayPal,fa95b6d9-d567-4fa7-9e8c-f8b09be89f34
4bf859d4-7b8b-47f8-93ce-3008eb81ee97,Discover,613eb248-087a-4e20-aa5e-0d9af20c3ed0
d0e90b71-b700-4fad-b7f4-b334a507609c,VISA,8a1e74e6-d333-46c1-927b-1dbf72dae677
949ceb2a-f1ed-4814-ae7e-00ae98955693,PayPal,9e07383c-9568-404c-bc91-35a5f94db745
1e75f27a-2ecc-43db-b356-1930911cd9d1,MC,4c1eb865-951c-4b15-b9f0-020933d9a6f2
5f84d693-7e3d-4b58-85b2-35994fa75fa5,PayPal,7f679226-783b-4fff-a6c4-1b78b01b1d1b
ea60a09f-45fa-4a19-9d19-d98777957e1e,MC,d87b0b80-a4b9-4cc8-aed3-106a0d79cf9d
ff6794a1-ddb2-4333-ad0f-ee873ea3aee7,MC,8e82ecaf-2c8e-4442-bba5-31ed901cbe37
380a068a-5bf9-41ff-bdd2-68a8aa40d55c,VISA,3e59244c-eb4e-4f7f-a546-8fc1cf94a070
7b99f51f-2d85-4f97-965a-82fc0b65b021,AmEx,92a301be-08c5-4d5d-b30e-faf1acab7404
efd3a7e5-e346-4d19-b2f0-a279ebc978b3,Discover,0db6585f-9e93-4ea1-a9f4-34568e200471
65e48d39-084b-41cc-b015-597cbf045db7,PayPal,d9ad1678-b080-4f8b-a072-50055dd166ed
c0f0c8d7-6b71-47b0-bcdc-9a67b1b64196,MC,d14c6487-10aa-44b0-8577-f3fd3ed99fa4
1483d1c9-4e99-4ac1-bd8e-68adcdf5ac64,VISA,941b9cc5-b330-4cb8-b458-7fb23879ecb9
49d7f54f-b183-4714-8abb-ac2798553c76,MC,7cf069ca-c737-4334-8510-4af37f1a417d
c66015a7-db05-4f10-a236-8009a8dac932,VISA,b18dc7d1-9001-4271-94a5-6cc13d2e4126
7e86a53f-03f9-4841-80d2-39d8f372e762,MC,3ea7aab2-2c7d-4ce6-8205-ac5367b78d45
d2f7b5f5-b87e-4055-9766-a52bc311d102,MC,a544d662-c8dd-4486-b8b1-fca789b22cc3
fedbbf20-1a08-4a0b-8cbd-0cabae7000f1,AmEx,eadc1962-e065-47ba-ab56-949e13fabd3b
0276bda5-760d-41cf-9474-0ec51152d783,AmEx,d321512c-9e4c-4e05-8371-b583a3c62afb
afd6d293-b023-470e-accb-065b792b5ccd,AmEx,4a307d5d-7141-4121-bd94-034ecd2b0d8c
bc04b077-22f7-4a98-915e-b90cd5dc1bdb,AmEx,c3d15bc5-793d-41f2-9ed4-14307b6e02df
9f932470-61af-465f-a0fc-21b902b64e71,VISA,269c7bf5-8aa8-4eeb-9396-4aca73b0b22b
b1d1a6b1-680a-48fa-bc81-6106273cc69f,VISA,185a6edf-71bf-487b-bab8-71013d2384a3
b8d2799e-7af1-45e9-9b8a-97593983a550,VISA,61a60eed-dd92-411b-b162-4451d943ea9c
5c9db4fa-d8e8-4bc4-8af7-d4a7bea9c900,VISA,5ba7b967-9e62-4446-b187-29a3c4e6fe70
f72e68dd-edd0-4d62-b687-f4f0284b2a0e,AmEx,e91446f8-c6dc-4eea-9f4d-6d3ede8f9e40
764aeac6-6b15-4cb2-8f7a-c26ee3d8452a,AmEx,65c257e7-2ff1-4ba1-a758-8fefbd28bf8f
a5499861-2ad1-4209-9e20-80267bfa7d60,VISA,235b1b46-5162-4717-ad7a-e538eb60ffa4
f61c37b6-3a3c-4548-9a9f-6bae3bf0f576,VISA,56b89285-9282-4191-94ce-ecf489a26ca4
3834957e-c5c5-491f-a3ce-619d6cecccce,PayPal,b286a2c4-209d-4038-a894-d0986376fefc
2af89b09-8ad9-4a8d-bec0-bc1ec94320dc,Discover,a56565c6-2152-4e78-ba9c-eec31923a3b7
abfd3eae-1305-4165-80e2-3bc126c66a4c,MC,c91d8004-354b-46b4-8161-0fbd22063ccb
05a08d6c-638d-4f96-b097-e4f084a536e5,VISA,8c082c41-84c6-43b6-8089-22d58cc871b1
1040a6c0-15e7-4f26-a393-5199ed4a9696,VISA,535a11a6-d85a-438a-808b-0dbf8428e35c
5db5e059-9ae8-400e-aaac-bc59d6fc3ea6,PayPal,6a2a72e2-c5b9-48a7-9290-9b9d6ea2a204
57541432-1f02-4e99-b03b-65d039be1cb8,VISA,e540b5f7-066e-4106-aa8b-d63976f69e04
ec5086ce-a0c5-4073-b515-5a9cc2cd6e09,PayPal,031d0ddc-acac-4671-bcbd-df45fe07c79c
cc92645a-a0ba-430e-a6c0-8311d9ff0e9f,MC,1c5517ba-f348-480e-9e40-b2668d5ed41d
5b9bea52-dc89-47df-a160-f96ec3248c09,MC,ca20c058-81e3-41bb-94df-472b55c4d457
f8304080-2af9-412b-97d6-8493e87504e5,VISA,b3ec6d70-8b54-4cab-a61d-58d358e5c3a3
2d7f136c-243a-423d-835c-1e616cad2af8,VISA,6ee29193-82ea-4a82-b925-2cbeda52adc6
174283ca-8c77-4a48-a4ce-c0c0f70ead30,VISA,dd9d88b7-6b4e-44e0-b704-c3f0c98a99dc
adaf9cec-510f-462c-8c4b-036df8eb8c1d,VISA,aefcc0a5-df2b-46e5-ba09-9218f84747ee
2b0eeac5-2aba-45f9-9480-a9820f951560,MC,59b87460-096f-4be4-9b26-3118297c3441
c79d44ee-e142-4435-9d19-0e8de53724cd,VISA,32105d1a-cf32-47fd-a63d-6ec3048958f5
6a0def0e-76ae-498f-a0d9-3d856a9cd62d,Discover,24025076-ae85-4733-9125-ac26465e9ebb
73233bea-02c8-4f46-896f-7d994dd9c036,MC,9820632c-81ff-43a9-9619-96d802c9b280
b10a1991-3c51-414e-89c1-f9113b8b7593,VISA,6549fa44-b8cc-4d08-acee-0fb096b846f7
4f7e55d3-e8d1-49a6-a07f-32553e2782a4,Discover,9f5766be-208c-44ff-8957-e68d3e04fdd0
5f41921d-cd13-494c-a4c9-71cbdadcaa2d,MC,73bee64e-4513-433e-a2da-e4b9990173f0
7ccd087b-a1b9-4358-ac19-29c646575a48,Discover,3e61728a-ef40-4785-a98d-30bfc3ab4988
9a285d7e-4575-4b41-bc19-24b57ec65c4e,VISA,22c33507-8c78-40af-8dec-2e67414fa9fd
8e3632ca-6601-492b-b102-89f933773bf5,PayPal,f72e9a15-d70a-4917-a945-bc3a41eab363
d458b45b-7e5a-460d-beff-57f86b3bb494,MC,9172a6fe-8639-46f6-9c54-1eda736610a7
992a4f0b-d322-4929-bb1e-0ccaf4a28d98,PayPal,7761d5ae-6a2c-4406-a5b3-b741b04adfeb
c5b8bcc7-f7bf-4899-b943-6debbf5dda7a,VISA,53f2b33e-9a29-46bb-bf17-0f79d1baf68b
09d7fdb1-5e4b-4b61-9031-7ebc003b7e73,PayPal,be1994c4-37ed-494c-882d-cd672f84e6bb
59b5fd81-d818-4aba-bbf2-7771d3874ef4,AmEx,063e58a5-1994-49e8-91f6-c701442bdced
84dd32a9-2834-4bf4-9d76-9e57ca9f17b7,VISA,b8c506e8-442b-4713-85e5-e44c2a05642d
a014e0c3-d836-46bf-b72c-cf27354fa23c,AmEx,dd1d383e-b0a8-4257-b7e6-ce0217724ac8
ae685f3c-a44d-4e53-b16e-e5ee38dd92fb,MC,0ceb995d-ff0a-4fe5-b367-5039ad2d0ad8
a9f3f246-9cbe-47c2-b4cc-c763a5663d15,VISA,1a6d13d2-1c9d-4c83-932e-19ea18cac971
9c37ac57-3b47-440f-b531-2642fe3c5631,AmEx,ffb10c44-e235-41c7-8281-a3c82b1541eb
27c6ee01-99b8-4513-88d4-b062d27561de,MC,ebf1fe0d-722d-4fd0-8d88-66771ec1d26e
260c1c5e-b821-4641-aebb-c01c73cb79a9,Discover,530c0482-2b8b-4831-8b24-a63a8b8c7990
6c27d283-3bde-41fa-82af-6743d08eed07,VISA,9bf6895f-fd9d-4859-8d06-1fb03b90425a
123a7b95-7151-4431-9451-6e88fafb21e0,VISA,63b58a90-49e8-4eb7-ba43-e40c1350f338
63957243-e721-4ddb-810e-74ed6edc25b4,MC,be46a81a-118a-48ed-b250-ae4c3ac3d316
fb05b2fe-ffad-439d-bb8c-acfe258f6fda,AmEx,35e1ab87-c00c-44ec-bcb2-f0bf125b6f4b
6abc177b-6163-45f3-a9f9-cfc8e8474702,VISA,b6621e07-98ad-42af-afd8-e45b8e3c4aec
321707d5-92c4-44b1-b3cc-d625521af0fe,AmEx,fa7550c8-2171-49a4-9be5-c422430c53ff
e4f47639-8da2-43bc-b7b4-9344867778f9,VISA,a697e1b1-de6a-4355-bef2-2121f3307487
c7bae886-08c6-4c29-9a91-bc00f8da6722,PayPal,5fe9ec8b-89da-4933-88d0-8d60ded02266
f8e2aa41-ff7c-40f1-88f3-92bb4f7650fc,MC,518dc259-0ff4-4311-9785-c32d1d5892ac
0ff46968-8a46-462e-8cf9-e7757661c192,PayPal,d3e2cf7c-9881-4030-8583-b9acc70f8c02
87f2ebab-4473-4ed5-9709-32320cd776d0,MC,354c048c-e486-4d6c-85bb-cd3123242c3c
d22ef008-1ada-48f5-a4c1-17288b60fe9c,MC,763d5871-767a-40b0-80d3-a68c0b6cdc6d
83490d56-6a6c-4646-80bf-55cf58e5bfa8,MC,42ec97b9-7297-4991-aa15-14c206b42237
4bd15ce2-2210-44b8-8c8d-97fa3c760be2,AmEx,d19ce7e0-f92c-4f89-bc67-f4d0c52258c0
0b02d91d-4ea1-43ab-801f-f1d1f8601dec,VISA,0432e446-e7c9-4bc8-a08a-f7c2789690eb
5162cd82-c46a-4894-8806-c4804f3a5b1f,AmEx,ef6e2f04-1414-49a8-80fc-92fa30ae1fe3
3009e2ee-992d-4e94-a32d-9459a55c275b,PayPal,67e5aa7e-953d-45e6-9746-64f20b2e5269
980a36a1-6ab5-4903-8910-52d1785e4c8c,VISA,bb982f17-c868-45fa-bf77-6639f70b2343
3051e973-122c-4aac-a687-01af648be311,VISA,489e9462-65e7-4c28-b0ca-b4605ea0c567
56e50d72-4c4d-48ef-9e73-9a5d7eb7b457,VISA,e3e32b10-2281-4b3b-809a-29c190a9b6eb
ea092727-575b-4703-9fba-6cb3fef78c6f,PayPal,cc7ec40d-7565-4129-b7cf-8571dfafda39
7a74830d-b56c-4e81-9118-6dd93dda516d,AmEx,effaa324-d9d7-40a7-9b09-78955c6a1e4a
847c2a39-ee9d-48da-8a4b-7a5e016fc777,MC,2f5f027b-cc2d-4bd9-a229-ecf27890a8ce
fb9b9be1-4166-4a55-8490-617474a4d949,AmEx,84f95ac8-881e-4adb-8f24-79b5138e6885
13c3d97e-dbaf-4186-abfd-ccaeee49cf5a,MC,8c6b5c99-5e14-4f30-b300-cbfbe8049bac
ad71faa1-8092-4ee0-87f3-d2b2315ea506,MC,e59026f3-51b2-4e76-ae18-1beebce1a6cf
7b9df103-64b1-4fe2-be53-e072be3427e2,MC,c3b76f66-fde1-4f0f-a715-8acd97479aba
790e1099-4849-40ff-a10b-b4ea00681498,Discover,3be434b8-85b0-4d48-8438-bf35c2c46b95
a3fcaa10-b34b-4e5a-af86-74d5364b92d8,Discover,a2067872-be1b-4547-93f8-f59f4698dcb9
f7ad171e-6b78-45d2-a7dc-0d1d3e052ed0,Discover,7c58ed5b-bf56-4e5a-8557-c0fc1b30ad10
2aeacd85-7e6c-4030-9881-bcc0260933f4,PayPal,b958a34d-ac67-496e-b9a4-366311d670f2
1a1f9106-3066-4f2b-a353-bef2282a6d35,MC,8b5b6171-ee9a-48a8-84e4-31e0b74c25de
0c700a13-909f-44c4-9f7f-6a5a9ee1cfea,Discover,b878df1c-7aad-4497-8933-333a147e9ef0
ce2c92c6-db54-4303-92a8-2646f5522fa0,VISA,854640b6-9423-41b1-87de-f0a59d6cc028
e719c648-d4e5-4351-b908-5ce787bf5953,MC,72cb584f-fea6-46b2-8ce8-b6e106ecd80e
2b236e89-08be-45dc-858d-479b75ae9435,PayPal,fab589f9-0705-48bf-87f3-0ce473055d3e
bbeb9539-487a-4674-b3a6-4980e119a626,PayPal,aaccd0ec-e89b-4c7e-aefa-a3aa0dc659cf
b0f6c337-7568-40f4-be00-7e330959d9ff,VISA,3ec624fa-f834-426c-b6d8-143898bc6bba
647b485f-758f-4d5f-a5b5-8c0f3da65586,VISA,c82755a8-898f-4eda-a99e-a70f5b487b66
202a58d5-a929-4ab5-a816-83fe87c3a8a3,VISA,740ebeb5-bcc5-4901-9e7f-de0bd67da5cf
015af7f4-3944-4014-99de-a832081f2b99,Discover,6d6cd135-ee9a-4321-9f66-ab87eb13ac2e
0729ef9f-3c9e-4ad1-8662-a1463cc2b3af,MC,8f21aa64-58c7-4a81-bbda-e10a1e62e01c
dbdb5882-4a02-451e-b3bb-d0db461d40cd,MC,b67479e3-07b6-44b5-90dd-e6a0dc1a3b34
24d6535d-4304-41a7-8a69-150b7b5638bc,VISA,ea33b643-20de-4990-8909-8daf5e3a563d
d7ca95f2-a0a5-4ecb-966c-577ef23869a0,PayPal,2613bb91-710e-4d0c-b699-8682313acede
ea44f439-36dd-4b93-9893-ff98d6b71c96,VISA,a8fe4ee2-9b18-45dc-b5b8-e9dc764a3d15
8059f0df-6f95-4b78-aaa3-79f7f2fa20ac,AmEx,d8ccb9fb-edf0-4b4c-a2fb-370a04fc78a8
3db9a0f5-3af5-4177-b0b0-ee9c61cdcc5b,MC,7ff15131-06be-464f-bd8e-85c3faa6f583
a5b66656-7d40-4421-9aa9-ebc8e9cd90cb,VISA,2fa40cc7-9b65-42c1-ab31-979bb87cea74
2a3ca0a7-3d07-4952-832e-ba0706dad291,VISA,b36e4552-ee1e-46c0-b24d-3034892ad064
b9044648-7fa7-42b7-948d-0e985c4d7c45,VISA,bbc8b873-5da3-40fe-b855-e655f102fba2
d04a8148-2edb-47eb-9807-b04965d0b9ab,PayPal,11eb4df0-a384-467b-a28f-43cdf08b99bf
db89b39e-7c5a-4e03-816c-c2e650ba424c,MC,5117018e-f7ac-4642-89e3-80f31bff21a1
bbe07159-9f15-4465-83e2-487c327f1a0b,AmEx,d6da2a5c-8e1f-42d7-ab55-e1c6f8211861
d15fd44b-5127-4abc-9d6a-e39659c15a75,Discover,10f5a06b-fbbc-4137-8199-c20567d45a35
a6dba4df-14fe-401f-a88f-b1ab5889def9,VISA,7f08dd33-6e7a-421c-9e48-625d4d712ff6
dfe02c26-78cb-4b52-9654-372c62a4486e,PayPal,d3d2a087-78f8-4fde-be8e-f355cebf0c91
031f7031-cd15-4947-9837-451a0f645f82,MC,aa2ce844-b159-4e84-b91b-3f6d856adf3c
44ea2647-b827-4d6e-9e73-5f9791ad0699,AmEx,e853e092-6375-4092-aa14-dc7d524f94a5
f6b44d62-5727-47dc-9a4b-95a82fed3e3e,MC,94cb0e58-9a64-4a37-b0e9-5f5260f3baae
438ddbd5-64af-4fa6-bf2e-ec7e267f1c27,PayPal,a2bf4cf6-84a8-4425-be2c-d1342c0ecfa0
bbda4447-a486-4633-bfad-230384758c0c,AmEx,3f933bc3-f435-4243-b072-e2c72c0eccbe
f21a2366-f59e-4cd6-98bd-9f1464a664e8,VISA,cd01e971-9d98-4718-9966-06f909c0046c
5970ff4c-d9f0-498e-a978-c897d5056709,MC,92f382b1-fa6e-4d29-b4f7-c05f83b1977a
4266b06d-9f4e-4955-bc5d-d979e0527a28,VISA,574c4230-2b2e-439c-a57c-f26344ccdc58
603348f0-f9de-4a3d-801d-4e3d92984719,VISA,b7c8369b-3944-49ef-a667-b3243b7ef8ad
21084210-51f1-4613-a396-e8ad553ba7a1,Discover,afd8a665-9594-496a-bd82-0ef6932b6127
a66b4a52-8903-435a-a6d0-f5b82615be5e,MC,9ba9b4da-110f-4bcd-af11-87f0ca46ef89
2caef508-32a4-49c8-a2be-a2a4ab75c9f7,VISA,c768cf44-7d02-4566-a547-123f612d91dd
eb333d38-3445-41bf-92c4-caccf909e7f3,VISA,2c05f5db-9df0-4e74-918a-2eae431d296e
b13d588a-b36b-4e15-8f84-288addb8caad,PayPal,ee94ccf5-f9d6-4484-b720-6a62bd37c2d5
8d7ad722-f006-425f-a57f-d5c68f94af6f,VISA,2df86cf1-b854-4179-92ab-7b742a51c4ac
a8a00b55-4ca2-4fdf-a3bc-f712308b3e25,VISA,a1828950-1175-4586-93e4-c2c54c538416
5b68651d-b66f-4fbb-be01-f3f25829410b,VISA,ce6c6943-8dc1-4d7e-893e-c2c5a991fa04
3a8b3013-5517-4e50-a2c7-ccc0c86cac31,VISA,beb73458-4f4b-45f0-a0e7-061468938007
ed9da678-e436-4c28-9895-8757efa87391,MC,8f47edf8-5c6d-4892-986b-e5118075ce3b
7245b266-61b5-42cb-b9de-95ccf9a9c9ea,Discover,fbe12d6b-427e-46de-89b4-49e16deceb9f
0de8aeaa-4aef-40bf-b258-26ac24133a87,VISA,c1aa7eb4-0cf9-454a-8e55-7e9db3dcf337
30c7e3cc-b28d-409d-8b1e-f87966809929,MC,5389ad50-6139-491f-88f1-43b932882395
3cf16d14-9170-4b81-a6d0-eb72ef80e351,MC,b47ddc89-7e8c-44bb-ad24-17a86a8f46fc
c26524da-9f98-4047-990b-d88936b20183,AmEx,d0300497-556a-4b24-ae67-1af4c6917aaa
c9558704-6423-432d-9850-5a67a84be32d,VISA,66359047-4643-4767-953f-acc6193c98bb
e2155586-7e8d-4210-865c-5218bd74d23a,VISA,ded26a04-7287-4268-b777-dd5907840f89
f6a8e720-e2f1-49f8-9d69-a80aa1c45810,MC,3f39ae9f-9d63-49a4-a469-6227e50f1670
6c595203-94e1-4ff7-a8e2-c276b1db1779,VISA,f2e5229c-fb81-4966-896a-f3c1bb82df24
6adb57b7-03e6-41bf-9d70-65577f5447c9,VISA,bf8848f1-217f-45aa-b72c-da9fbd503eda
2d74aa39-4ce5-4dfa-a264-00ed193b289c,VISA,f2895ef9-32e8-4dc9-a2b0-e22668672af8
e52e8f5b-f25c-423f-8c2b-86a6b356de71,AmEx,381c2f34-b96c-4619-afa8-f6908c5cc111
902b9af0-4358-4a88-88a3-2fa677510b87,VISA,a2672de0-fa78-4206-9efc-7c50a6899488
d6e7af86-ddd8-4c81-9e11-b8d385f64ae1,VISA,5c7ebde9-147b-476a-b21c-6f32cbefe7f1
dc9cd621-e426-4b7e-b4fc-c52a5ad0d08d,VISA,1617d81d-d65d-4fd7-a7d5-9f5a8c009ae1
8c06925b-e361-420a-8d51-d316fa9a72af,MC,35c10f61-31fe-4eb3-a0b7-5349bd36714e
dc4981d8-8e68-454b-afba-98dd27468cff,PayPal,85708db1-fcb5-47f4-9c29-2e85b95ad569
b266b3c3-351e-40f4-a5a2-e44a06a7a864,VISA,1f248836-6f99-4376-b400-810d5cf8c531
f9275136-93ca-4c1d-b6ea-f6e13eca8291,MC,518210e2-8e3f-42b1-968b-1c3f324281a9
3d225b43-0dc8-409a-9699-8615227b4e24,PayPal,a6721136-300a-4644-b622-58e7c46b6dba
7abac985-18d8-4ac2-a8c6-5c9016641d6d,Discover,a79ecb17-aba0-4a91-9a49-1570b1d01476
9fe200dd-4e58-4f22-ac35-d374a315d5d5,MC,27229fc4-5328-4ce4-b0da-ae38081b646e
01f17e3a-097a-44a9-8199-4a0c9830fee3,VISA,f8ef3c24-2344-4c24-897a-f57bcda12a94
436b26ce-886c-4c75-8829-5e51dafced0f,MC,fe1d18be-ad1e-4fb3-afb2-551ba1a13f5b
9a7c84c9-42bd-49be-8787-50f0a69ac385,Discover,8d37c3f5-9d6b-4536-8fdc-d912ef27bcc2
43d2165d-7aca-4be2-b628-188b61d416f9,MC,a337623d-c01c-4169-90ff-0bbd05e26f8f
015715d8-210f-4747-aadd-4a8112353d3a,Discover,72a55555-186e-4b82-af06-86033e2e117a
0a7a8706-9f97-4b47-84cc-6d4a74877350,PayPal,549f15ce-04d0-4b5d-9728-33a66a85af92
7383df00-ef2f-47f4-a6fb-af77a91c1647,MC,3444d130-cd37-42dc-ab3a-8b5a19f4114b
aacd7d91-8967-441e-a211-bc9ba92d97c2,MC,a1d28616-f11b-4770-8ea1-365f923fe373
a27c83ba-46c0-4360-8303-94fed4994e6d,VISA,d767a4fc-c3b1-4434-9edf-c945c4ca3afe
96976683-6591-4386-9884-a66f772b6848,MC,bbf0163e-c016-4ee2-b059-85e6fe49091d
c51e5d66-950f-40cf-8ea0-adaf20104b84,VISA,5ccccbb5-82ec-46b2-aa16-6463dc4d394c
80160c6e-d0ba-470e-afe1-d3907567eb19,VISA,4776a575-594a-4891-8544-9fbf387ad781
b807e8bc-2431-4c7c-974f-1bf48a1fc880,VISA,a65d437b-99aa-47ac-ac89-e02161e8c8f3
a29c35aa-b6e7-42e6-a68c-70a96f8e3da5,AmEx,8a50813f-0a7f-44c4-88db-8a4f829bbe17
11d2a21d-90f6-49c5-a0a8-26634541507e,AmEx,4e581778-ad47-4ccf-8fca-1d1aa1bbc83c
6b646396-87a2-4c0a-8d87-594cb1ffa981,MC,882ff1ea-1dcd-4e7e-b9d3-becb01839df3
a3cc9362-4ab7-4edd-a55b-5bf1b9a4321d,MC,d0f4f2ed-7ec2-43e9-8d13-e96a568e5dad
4d114d72-17c2-46eb-a734-2314d1d9a574,VISA,7fd1567f-9605-44eb-9df0-bca65f0f15e1
9101276c-a451-4d08-ab66-f33bacf8af66,VISA,2b6fb417-5004-4a75-b358-02a62fb87e72
05e32f94-079e-4152-b998-72aededce32a,AmEx,3d32e985-c1b7-4f6b-90bb-b5982c3b3937
ac0e9015-d78f-401c-91fd-8e108bced256,PayPal,473ec531-f24b-4f03-9a8c-e15226dba442
9cebe6c6-5bbe-40a3-8c5a-57b13e0d167c,MC,66a3b6b1-cacd-4f32-9790-3306ba0ff3a8
b5233e6b-6c79-4d48-b7f5-acf3d13fec59,AmEx,453f3446-ebd7-472d-b688-e1e3ec8a287d
9670126c-b8ad-4ec1-9fdf-53946edc18cf,MC,6a60761f-5e8e-47e7-9c76-efbc2ba403e7
5b06017e-20ca-43a7-920a-5b0bc93229b3,PayPal,f110a03f-3ce9-4158-8dc1-33c1762e3185
7fe2f27b-2a68-4e93-b722-4922013e12dc,VISA,291e6181-73c2-4de4-a2e1-598e6e419e2d
18f5a16e-0b49-4f32-855c-b40a2301e78c,VISA,e7026b6f-46f4-464d-8b7a-b023eb420e00
fd40e0f6-f56d-405b-8be4-bc951f2d89a0,VISA,24392ddf-81a4-4e36-8903-7f1b59c31d45
67e7d854-dd03-4ab6-b516-d6f9cd330d06,VISA,409e2691-3a8f-439d-af3e-b85c8ffd2cad
8a79e6ba-3cdb-4110-b1de-778906453962,MC,ddab8598-4222-40b0-a113-b757c5706cd0
a744eff3-8bec-47eb-9782-ef30a549abd4,AmEx,10ae2566-6c6c-45cd-9cfe-e80b2652a76d
c228dd92-f0f0-4e48-a099-fd30cb952aa9,VISA,8c28e85c-6972-4ac8-95f5-93f8ae6bb95c
7fe14eae-6e93-4d06-9f0f-60fbac5934d7,AmEx,99527d96-d262-48cf-b58e-3f6c72baba19
6f10a645-29da-4a43-8880-55a390a7ad79,MC,3fd41148-6e6e-4ef4-a6de-e376b69ddcb7
822d356a-426a-4997-9b52-2de7d4888804,VISA,53342a30-af14-4af8-bdb1-6f0be67caf25
00223ca3-cf2b-4e8c-a36e-cf7265e1f9d7,MC,da1a7b99-10cc-4d99-9ddc-a10c44b64fb3
85e8294e-01b2-4ad3-a6d6-4bc4a66a4ee3,PayPal,6d30d014-25bc-4a4b-bcd2-098de836b1e7
1dc988b4-97ea-4e9d-8237-b82a468a83e8,VISA,b02a2eb3-2f58-4bf8-82ca-5fe01cf22c7d
0ca59ff8-0336-4840-b8b5-7c8fa60691a0,Discover,7400e207-49d7-4494-9c59-4e4372bb5fa9
ad0cffef-c2d6-41dd-b7b8-1e0125135b3d,MC,f2a1e760-99fd-48fc-872c-191f82d8b951
eef9b4ab-7136-403a-a571-8de38ea34b0c,VISA,48287c2c-aa9c-4417-bf85-8db279088a14
8d3930bf-b884-4c2c-b824-e8db19d718c2,MC,38452b67-c5b5-45bd-91b9-d630c5d09e4c
bedf2dd7-ea1c-4ba1-acfd-05874ba409f1,MC,9dae28ae-8470-44b2-9c02-6f5fb1d84e6e
ffd8ff9a-abbc-4eb6-8a7c-bd07877910ed,VISA,2b7c1999-5639-4e1b-8aea-3390dc99250e
eef6319f-04ea-4303-9fbe-314b5b24b2f7,MC,a5f4d153-60de-4c42-9d71-5d4ed25b2c5c
4b7d5790-1fe1-463e-a3cc-b14897514be9,Discover,600fbf0c-516a-455f-8807-1e7df93acef1
f17421fe-7623-4c57-a002-e50b7fab3a99,MC,7d254cba-11a7-4a21-b468-5e3b40a525e9
99731f52-9361-492e-8ce4-f5a0e31a9f17,AmEx,78a9b0f0-1b58-4c74-a6f9-5461149e6cbe
44b60b6a-64c3-42a7-b31f-23d331b95373,VISA,eabfb1d1-1557-42a7-b0c2-68f2a6914540
62edcfbe-f399-408c-9e60-34d2662d219d,MC,1ddfa1ec-ac9e-455d-8058-bfeff3e1649b
347c8713-cd64-40dc-ad15-e09ff1cc9aed,MC,587b6c0d-94f4-47c7-ba4b-810f140014eb
b68e9385-cfab-4eaf-b193-b6b1fa0c340f,MC,850d2554-ee4f-43e1-ab58-2df29df5ace4
1f186336-3635-4830-aa0d-4158ff0bd8dd,VISA,f7f625b2-ce1c-4aa2-b78b-88681039089e
8d4444ca-f4b8-40a0-8f2f-a8e8f74427a3,VISA,9a02e75f-471d-4456-a2fa-ba344905c2ce
f414f2e8-8d8d-42b9-8c98-ee2ed9876971,PayPal,ffaddaf9-5da7-4f1d-bda4-860356745f16
bef029e6-2314-44f7-a223-ec933f1fec1e,AmEx,437eeaa5-249f-4b17-b13b-a56ffd05ea5e
53fe32e5-52c5-4d5b-9d54-eedff0ac16eb,MC,dd2a0418-f60b-4c68-9bd6-adf08c7f3d1c
4bf07b63-29d3-4aa7-88b6-218d83e3d8b0,MC,62f293fc-fd62-43db-94f4-20788133bbbf
4c282765-4e1f-4e08-8427-bd179afae168,VISA,b5335f71-5a75-4b62-8f57-c90d91184caa
4ef6a5fd-0c2d-4c1d-8132-6a1b33c7b387,PayPal,1ba5bbf4-8998-49e9-87fd-a76365b1a97f
272e32bc-f671-42d1-af5d-410a98988019,Discover,0731747c-e02c-4dca-8ee0-1a03704ac197
7f2beee6-b142-4efc-9909-c062bdad1923,AmEx,eeecda1e-69c0-4a0e-a026-984cd2538035
e505d183-f6a0-4ea3-8c87-95c1f57cfe3f,PayPal,4b93ea72-c45c-4f8e-8fa1-011cf92d4116
b1e41518-c2f9-4ca2-8311-484e5ed84ccf,VISA,08c85b7e-1482-4f20-afa3-b36b6ad173cc
425aacb8-cc8b-488f-8e00-d1b36b3fc180,VISA,df76b5a4-48fa-4d71-913f-71f607cc42ac
7d96cdf2-f33b-4866-93e7-d2a39e1db16d,AmEx,2f40dd58-9195-4e9c-ba32-cc685ff214d0
bc461d2e-f41b-4979-beeb-8b243cdc74e9,Discover,f0ad28e0-fe5b-44f8-986e-14116905f85e
76dea054-e36a-4a3b-b04f-1d27b2f5714a,VISA,f14be111-fb08-408f-a099-f9ab47905446
e1f72b40-475d-4696-a96c-13dba9b88855,VISA,cb680493-0a5f-40c2-a9f8-938221da3ec2
2fe5e905-7137-466b-a580-d641d2501bd4,AmEx,ab0267a6-d45a-4bc2-a730-b5e0d9e093a2
15bea074-8dd4-43f7-b24a-2df9e0184c05,MC,a0a98410-bc9e-4a7b-9ef4-6cb0d8c3633d
af39a8e0-c44c-47df-a68a-8d2a57a16995,VISA,3f6bad14-1c65-401a-941e-470e5ad7f9ab
08cc2b1d-51c0-4f0d-8fdb-5ab1d0744982,VISA,071b4043-f0f7-4821-b6df-55f9ff145a41
45726505-f2bb-4e9f-9e25-82cd4d7fb701,VISA,aaa35e55-35b0-4be1-97df-94507b608687
60d02d64-2e84-46eb-aba5-6fa0a51625e0,VISA,d49eb915-1a21-43d5-8526-bd39d1fd6d98
40af71f7-9388-4a6c-9178-ad4d069b3dab,Discover,7d8857cf-6439-4b63-98fb-af3f432b1d49
d39272aa-c97d-4f1d-85d3-cc92e01ea96c,AmEx,f0dd36dc-6bb7-44ee-861a-83b67b7fa268
d38c9c30-6a35-4914-b52b-4952850cc916,VISA,25df848f-95a2-4b2b-ac4c-4515ff6c4f3f
e58c01b9-1ad0-4992-b4ef-766ae0184b77,MC,efa9c2bc-4079-46a9-9be1-8b58a2d57ff8
b518001e-7b89-476c-9a58-8c326c7e7775,MC,b4c0f925-8e6b-4a6e-bc8f-53e05093f408
8ad4500c-91c0-471a-aef3-28ae6b009a33,MC,07dc65b8-ed23-4f63-9d6d-662a403b5004
34121d9b-4b5b-4697-8ece-2d61ff3b4b11,VISA,641a5a2b-82d2-4f75-8250-88adfd9a7acf
d8bd92c4-9b9b-4f0b-9e09-87165ea64502,VISA,33e73e96-61fd-4428-a21c-fffbe4795265
83e85982-5798-49a8-88ca-03ecd648c498,MC,1f6ca0c0-6ae5-4334-ab13-52053d7a8cc6
25302da4-bd60-4d8f-87fe-da255bab792b,VISA,59362e47-152d-40f3-9c11-0b31f7be5b06
b1e3c0da-0e39-4021-8797-c3200db285ae,MC,04c9c0c6-21e4-4f4b-aad0-3b327b9b5e64
c9c6c7f4-a8c4-4b15-ae21-5fd16520ba13,Discover,22c4e0dc-4af2-4e4e-a948-e443f58c8ab5
30e81c57-d340-4df9-ba53-983485a6abe9,VISA,cc188e19-57b9-4f81-8722-6239ba1a1cfe
79f5dab6-c79e-4277-8ea6-3c4f1a2600cc,VISA,39574ccb-3199-4d26-8249-4bad465ef04c
b42c29d5-e1fd-4ba5-a3a9-21db9bade6b4,VISA,7e17deaa-2e10-476c-83b6-866567bb470c
722b0855-ec91-4cfc-b8d9-63e196bef61d,VISA,e2977b40-987f-41c1-a6fd-8c37ec85c48e
b3deb986-e257-46f2-a543-f275fd2df818,AmEx,6a881e37-cf4a-4c54-a638-b0ae1d6474bc
4e94bc33-bb14-4091-9d93-3d7d494661d8,VISA,24133dbe-a86a-4356-8d55-e5261db437b4
125cfe70-7d82-4cf6-bfb7-c0689c08d854,VISA,6b7fce17-69b3-4814-88d9-f9c3fe6cbaad
0912e5b2-a942-4d3b-883a-4538bb8ce8c3,MC,9cc11a61-8ab2-46ba-8773-943ec8a30c56
31f0918c-3ee0-423a-8333-5fbc62d97d59,AmEx,af91681c-32f7-4b52-aad4-d5036584b877
11f475df-7882-4c4a-a0a6-a50398dfae13,VISA,d32532f7-8ce2-4527-88ae-302205854f7c
8b83a704-32e9-4804-a995-ab8a4127d17c,VISA,724fed71-ceb4-4290-8cab-640cf60f6599
f93afbd7-abd7-46a9-ba63-d7292479a8fa,AmEx,b3c93e98-3384-41ad-bb43-62d5a376123c
6c95febe-24a2-4374-ad6c-0e2d43457c76,VISA,0e5f93e8-04d0-4c6a-b1d3-9839f5c4f0a4
7b36dc84-2e8a-41bc-8e17-0807391b8499,PayPal,90e0f7e2-8c9c-4fe2-acfa-027ef3b17634
76f14539-9a3c-426c-909c-d38d3e5ca9c1,PayPal,d1b1a374-9d0b-4243-bdf2-1a31ef9c62e5
dfd756d9-0620-448e-b068-e33e69dfbc4c,AmEx,7f8b7bcc-fdc0-4a7a-ac60-4b4034144fe7
89eca22c-ef82-4894-977b-ce1110936bc9,Discover,63a7f4df-004e-41f1-9fc7-61539c1dcf28
9feb72a3-92b3-4f3a-a35c-858fd00d4388,Discover,36442701-bd58-4b70-9317-5be1d4abf266
326c4a67-0f19-4f6d-9df4-2756eb25e3b6,AmEx,543e100d-3c9e-408e-b49b-99042833bcb6
a491149a-0f59-48f8-a22e-f75e8ec7d720,Discover,f31614d8-a9fa-4374-b112-2ceb5383f9af
1f0030fa-23a7-4a62-a23d-2a56374a3dd9,VISA,66e6cddd-5b21-4846-bcc6-866e1e208981
8f71fc91-d767-488d-b11d-1e2cf5c31dcb,VISA,867fff1d-d38f-4bbb-aec8-5c83fae49b5b
22c6c01e-6f76-44d1-9c34-1b6a75bc5cea,MC,060f0b2e-183e-4cf8-aff0-a3caec38f67c
5aec6f5a-7019-46a8-b6ad-f1da2aba2dc5,AmEx,2e69f67d-426f-46f6-bf7e-21994caa381b
b804d8d0-ee31-45a2-af1e-cda773355f30,VISA,928d706a-59c9-4ae9-9943-187324ce5e15
752d8d64-30a6-4bc7-a6e0-5c727585ffc5,MC,ca941e79-b8a3-43e1-a567-353f07557ac2
d60c1f59-632f-4d9d-a785-0279130b107d,VISA,da0a72dc-d1d2-406e-8dd4-dee48e3b718b
c8497434-4736-4a6a-a3c1-601e9416cfbe,AmEx,ef1d2553-96f0-4299-815b-ed6ff8e0e40a
1575e59c-a234-4449-abce-67005c0d3567,VISA,08b43acf-fc4a-43b9-ae07-771928060ecd
060d581d-3cc4-46a3-a8fc-612d5d5b15d1,AmEx,d99aac2f-e015-46d3-b9e9-5baf1c986b9e
9cd3e34e-21b4-4c4b-b446-945c2b8fd71a,MC,91f4308a-a368-44db-9dae-b3cd2867c67a
904c681c-5f2a-4f21-a5e0-d2ec5b843c27,MC,8dee4ed0-667d-4aad-ab3b-3ae6cd4e2d38
4b366282-8f9f-4122-9c3f-cb466890162c,PayPal,c6373da1-4227-4de8-9d66-c5d798d76c27
dc9eb5f4-5173-4c4d-99be-7839aef8a0b8,VISA,c88e7c92-434a-483a-8927-c0cd986b0518
6646eaa6-dcfe-4bd9-8600-41929df1697e,AmEx,54fa934b-c008-4e9e-a783-0ffe0b683501
e4d663bb-a25b-47ce-ae7a-2e4ad764ee05,VISA,d00d37a4-8ed5-446d-9cd3-138f7ddab32f
5b5d2b30-70f0-4aa1-99c5-f83237a9d9c5,MC,a5537740-f587-465c-bd6d-482f786aba2b
fa5ba416-cff5-4166-af30-7e9d01796736,MC,39ada8e6-8711-4d55-9c01-9ca4c171ad24
e70f8dce-d33d-4ca7-bf7e-5bb8e217b1e1,AmEx,c2a59ae7-bd18-48cd-a4e9-8b54cda5f2b2
412e5341-abff-460f-ac45-3ea748770f2f,Discover,b167ce39-5a35-4dc4-933a-3f4cfd1102b1
e741054a-c8fd-4dbb-a0d5-7471a85a9178,VISA,d7633b2c-0024-4278-b883-8917142fc750
51b42f73-7780-4429-a75f-0ff42219af09,VISA,8d08ea0f-33bf-4fbe-9011-1c8cc166a84f
88235155-225a-4cdc-915e-af99a398c73e,VISA,8d5764e7-4312-49af-b3e4-909d4c87cfab
f1c030e9-ec67-46ef-a8ef-5b563019e338,VISA,f9b80fbc-f994-46fb-b708-9db641e427a0
34c81227-2b62-4fc5-98e1-c2b73388a3a8,MC,066b1c92-5dca-40a1-b08b-1ae6132c4e41
e062ca67-2e9b-43a6-a278-e4d0fa1c1072,VISA,3301b7b3-5c32-4ed0-ae4b-ee65b9e27446
b6af2353-cde3-4cd3-9603-4d60992af600,PayPal,fefa0e96-39ed-4577-8f0b-0ba61f687a4f
89849f9e-f04a-4eb4-9b88-e5082ca10e8e,MC,2d6daf3c-d405-4596-a105-a2bd31dff149
3dafd1f5-3432-4eab-a62f-c21817c659c3,MC,4d69ce8a-4368-4916-b388-d254d620f5c7
147ee2e8-67ca-4629-8fb1-d4ba7255a5e9,VISA,dc11b350-8b57-488c-ab6c-0a888a1a72f1
c815fa01-e8c1-423a-93c3-ccfe7e578420,MC,c4501e3c-66cf-4ed7-83a3-2dec00431b54
2821b426-3630-488b-b146-838a34d83645,MC,e0b4c261-4ea8-45cd-960b-2025505c4e65
44b98601-75ec-45d6-a64d-5278c17595fe,MC,fdde6bc2-68b9-48c0-a616-379e89469bef
1f4728b3-64ea-4dbb-96ef-0e50c790e0da,MC,90874fea-07c8-4711-adcc-cd1b65cbafc0
3e08bfcb-53ad-4fd1-9c04-2c82ffbdd25b,AmEx,cb02877b-f551-4422-a874-8b8e0bd2b637
442f7c04-4476-44cb-9e3a-516835fd86cd,VISA,2350616f-2e18-462c-a70d-e20415a70b5b
9f6cd8ca-3269-4c66-a0d1-600bab68901a,PayPal,287f0440-d23a-47cf-bbbb-fdc959e55b7e
3b19bf31-9242-4170-b0af-bdf89af13361,PayPal,6b747fa4-1686-4d91-bb42-c5f7377cfdbb
3129dbe3-e057-4507-ba06-da0869fb69cf,AmEx,a6aff523-f267-41b6-9acd-42bdc58e2be4
c938fcb6-d34d-4735-a558-e025c217b27e,VISA,2f3c335d-cbc4-4708-ab79-438e61ab682e
3849053e-e380-42aa-8930-56eb499bd7c5,Discover,15723626-d1fa-4e9a-9b03-1e49da61b7a0
a5c88ff9-f12a-41fb-8e1a-dc01d9fb0662,PayPal,a5523af5-6835-4615-82cf-72d50f10097b
ef7ed25a-199a-4650-8d74-3a7ae7d147bc,VISA,fafc2821-28d4-4acb-95b9-22da59458f0b
c211496a-fa16-42fd-899a-840604626646,MC,00ac0233-857b-4c5a-9226-922b4f49e1e9
98c6f2b9-b02a-4252-b43d-30fd48a3b08a,VISA,fee9fe31-42c2-46cd-b80c-959b954c388c
1c038a85-f4cb-468d-8b2c-4bfb0725ed79,MC,4e79c4fa-3a03-4bc2-8999-1ed4d36b987f
8f1d5af9-0357-40c0-86b0-fa889b343aca,Discover,6e205a71-dd56-4ba5-9cd3-813b7d0679f2
04e87920-9b26-4ed6-8686-4348c2f98fa2,VISA,6d24f5b3-adc7-4c23-8f04-b1cc0b1241af
f254c1fe-1c7f-4cba-b8a0-435194f4493f,VISA,1d58f906-eb60-4117-a494-ae6409210989
811f8518-4bba-4213-8d25-48462845af0d,MC,0fee0058-3900-411d-b084-c55c15258f9b
91fd06bd-8111-4aab-84b3-7d19249e1019,VISA,fa666266-58fd-4e93-b768-a3cbe4ca205f
7bd05d53-d038-4b6c-ae3e-ef6322ef9e37,AmEx,39c0c6e6-6b10-4dff-a851-8e9bce068712
5973f377-8106-4132-be1c-d4bbeff0a7e8,MC,449ef0d9-a184-4428-9269-0feda7c90c2c
6254e4c3-6eac-44d1-ad0f-9f5bb16a3c7b,VISA,4ff92aff-6b69-4e06-86ec-560522614fab
b6840221-71fd-4d5a-8b66-440f7426d5b6,VISA,d448546b-670e-43ed-b806-780028a91039
4b5059a5-6187-4a4a-a0b3-4d14a5c237e4,MC,9aea1f3d-31b8-4a5b-8116-3e88db901d36
7b00aa67-f48a-4595-b899-ef5bf8537a1a,AmEx,b454e54c-a676-4746-818a-c6c9ed5a4604
e7e3bb58-beb2-4c90-9c70-edf9ce9b0ba3,Discover,1751117c-f4fa-490a-9417-a2b6fb446afb
d87740d4-894e-47fb-8108-74b13ab6197c,VISA,8a4806a6-287f-4e9c-9cd7-7c9bc51a8f08
10bc7a5b-e267-4500-bd98-0665beb902d0,PayPal,67559b74-fbcd-4569-9f18-0049f5d0c422
cd4ba1e1-0a1b-4f95-a709-a11977748dc0,VISA,2aced8a7-5a2a-4424-8fc0-565a12117901
d553e8ab-f2e3-4f04-b633-a3146130a81e,PayPal,cfddce11-1d33-4aaa-92eb-450ef5b4fb48
f36e44f0-f6f4-4dd3-a4bd-d3698da3ea6f,VISA,af368beb-3423-4182-9b8b-f9e57be5f1ab
2d9ac1e5-a555-4a33-91fa-01d9c2c1a3bc,AmEx,e6b21a1c-0896-4178-9078-73384025c88a
f7f9d67f-fa96-47ac-8c0e-3d8fdfa89123,AmEx,e09a9ba2-58d8-486d-bb75-9f36801a65da
e6565be6-be3b-46e5-9b4e-f111d3d8a971,VISA,aa98fb7c-fb02-4f5c-b251-2c0ebd7b0cca
7842a7db-7371-43e1-a997-9355aa02a94e,Discover,eb6af2b7-2100-4146-89c5-8a11dd020d20
8df6f9ba-50a5-4d8c-969b-b151d59855e5,VISA,a41ed107-07a1-445c-92fc-9f03aafff4fd
188bcf7f-e690-47c8-beef-90b17ae20212,VISA,9fd2cd26-b4b0-4424-a7cc-1aa0ca185313
b574872d-6bf1-4466-bf1d-4cb15dc4c065,PayPal,ec3c3023-1e98-4264-864d-eff7270d158c
371154d3-709a-4509-8482-abccbf9959a6,VISA,80d0e1b7-43e8-4146-b87a-fe3aac5b09dc
07ae9c9c-01c5-407d-aa59-5b281205ceae,MC,af7eab3b-e1de-49f0-a3f7-88bd3bb78ed1
00d1b9dd-0069-41aa-96ca-692089790561,AmEx,23596264-58e5-4862-b9cb-ae74857b32d5
161db4b2-6acf-469e-8e64-a46b74ab96b9,VISA,98aa2d90-8f67-4dce-8100-a9c966f3a940
2d9bdc69-6598-46d3-b48d-e119012d7793,MC,0f93f516-cd4d-43cc-932b-eba1ad4a70df
73295ea0-b2c1-42a5-8b10-c15fd2973389,AmEx,51766877-f36e-4fb7-925f-caeb6f7c802d
a25462c2-66d9-4f56-bf4e-e020ac441832,MC,de43137c-1413-4625-aa2a-1a02e00a0935
b8f0a5bc-3f1a-40a9-ac9f-b1560ebfc490,VISA,25d3229b-56cc-444e-a892-105aae310d8e
911e4cbb-0c74-4bf8-bccc-754eab62e840,PayPal,829e26d5-5bbb-416d-b3cf-ef95316f554b
bcb86d8a-ee3b-441e-bc25-cfb93e9cf693,AmEx,b143fc81-5cf9-49a5-a4e4-281335551654
26462ca0-c58d-47c7-ba53-265db7715270,MC,90c22fb3-d3d4-4343-8cdf-1294ec63f26e
09e8d6ea-8ca6-4722-b835-0520750a3e08,MC,9a935bc5-c769-41a2-a888-8471f9b3da83
be9461d3-725b-4e96-9f3a-3877e20cbba3,PayPal,54a006f0-2901-43c4-9e9b-bac0864c1d12
6caa1c0d-5b36-46bc-8dce-b4d918a34857,VISA,7d18d22a-727d-4aad-9ec0-ed0b9e56b5ee
44c05e2c-5369-4c1b-b4ec-07616d8f9a04,AmEx,2c0f4bdd-d450-4ae2-8f28-9454e7b2349b
9836a98d-90ac-46ce-b257-79f3f76e75ca,VISA,4d0a77ba-be40-4cf6-bf57-e9d8ea47c523
f4ba74c2-91bc-496e-aa59-d279f892dc2f,MC,8bb19482-de03-4d4b-943a-417730c4b70a
d5080ed3-762a-4699-8636-84185b662bff,MC,3bee9c50-3357-42ac-acc5-9f00a1e23259
183ea52e-339a-40de-8c7f-7f2188424cd1,MC,53e15df4-b9cc-4bc6-b914-a9541479d227
ab95b32a-6fd3-4948-993f-3e47cfd3e414,PayPal,a9071f0d-d36f-4542-b992-e5efc502b8c7
8c0b55a1-9647-4b88-a562-de3ef2b8c453,VISA,56625241-f438-4ed7-9537-85b78b2df2ee
6c50f36e-3ef5-488e-a4f2-3844e4f1d03a,AmEx,737ec8eb-63f2-4826-965a-adaa81fca2e1
785bccfb-5951-4c51-9f1f-190adcdb72ca,VISA,2e24a98d-881a-4c88-9b78-f9f0472c4409
a88e1e42-5f88-4291-8fe8-92ff6a43eec6,Discover,2ba42cfc-6469-45cd-8268-639dfd561637
22e11c2a-627e-47cb-9d72-0f31c0489c16,AmEx,dbaf3b55-56da-41d8-a9ad-1ac4e997d7e4
561d76eb-8ce1-4aff-8c1d-938243870da7,MC,34b58db9-de68-4179-9d13-b3e7501dc57c
35193a42-3e1b-4375-b6b1-c32e0c1f44a9,VISA,6c136749-0c7a-4875-8216-bed312526084
4836c569-f6fb-43a5-bb32-504519b4ba8b,PayPal,4dd45fda-bb30-439f-9c9d-2906749531bf
212054d4-61e8-44b8-994d-6ff32fc72a04,MC,5b17ded4-eba6-4d06-aa08-745f89731647
d2d85ea6-5aac-4cdf-a98a-3a3bd963bc8e,VISA,bbd56d52-dbd2-4d59-bec1-2aae2caebd31
a1ba2b94-8055-4f4d-81d1-f7db7597a276,MC,1968a825-3849-4825-8b42-65a862ffe362
e2ec752e-c287-4d74-a1dc-4cd6a329b766,VISA,91067822-3d4e-45e7-97cf-6c0f9fc91f88
c0571ec5-3374-447d-a9e2-2e17f35ba32f,MC,760b60ce-7f22-42d6-ae1a-464c96f7fe6a
5724834d-9460-464a-998b-2a17d506a273,MC,378bb6ce-4ef0-4b63-9e64-ac118f6170e4
71b4576c-4e59-4ab1-925f-ae47fcb1c0c0,VISA,31222b8a-80e5-4ca4-a813-546cf0ff5cdb
184d7b9a-cb92-40a5-82ed-25a01b1dfec4,VISA,a6dd464a-36d2-443e-9bc6-577eccde9626
32044f29-452a-4aaf-bd40-dac0ea14bc80,VISA,26a5cb35-398c-4f2e-bf90-35407c770517
48cd7311-a919-47f5-903f-402945821ca4,VISA,fa62a974-8441-4c7d-ac12-9b2f5e36268b
da5a8e37-9796-494d-9a2a-6810a87f111d,PayPal,27a2dc56-3c2c-447c-b522-09220fa3a0bc
43b20ca9-4591-42c8-bc98-92245de94771,VISA,90fbc94e-9ebe-4763-ae14-ae1581eb8eec
13cde929-3263-4c82-aea6-c0d6e1a949c6,VISA,e1c76fbb-ad39-4f8d-ba11-577cb3f49dba
3a934cc7-f33c-439f-ac43-5e7e05edfa5b,VISA,89707e2d-d9c8-45aa-a61f-660113e016d4
b2cc9c06-e992-45da-9095-9c0148918c3f,VISA,79c64d6f-39d7-49ab-a147-70ce712f6f1d
0b373720-ab72-4543-bf50-fb72ba09bdad,AmEx,30dd6d84-0e36-4052-8b52-18aec7e34092
28697e45-5598-4c6e-9a0b-b406de16226a,AmEx,66ecf86e-9852-4f88-9825-5901b6767c59
f78c56a7-d3bf-4bca-bfe0-922183689333,AmEx,4e97b668-b7e4-4ed9-a259-edebc4b0a946
922b4be2-a3fe-4f42-99ba-21eca8d52d8c,AmEx,a9aa39c6-c32a-4f16-b39c-081aa60c270e
cc13145a-9959-4a65-99ee-2491c358e7c8,VISA,728a1358-06c0-4991-9538-21353feea139
d4bbace4-6210-4ac1-8a39-9978c87c1a99,VISA,eb31d1d6-481c-4bde-a0d9-a2e2f648d5f6
de0ba640-e432-464d-9972-f29c339d83c3,MC,1adb1fab-66e8-472f-8416-0485324ca6cb
29ec0c58-f7b3-4fb9-a16a-097adfe5bd73,PayPal,6077f2d0-5c6e-4720-ba2a-94352affdf51
1006f1ee-2673-4317-b3cd-e93375ecef07,MC,fbec0c7d-d392-4dab-8bd5-6a5290ed103f
5c34850a-d153-4c1b-9ce5-5e17f09e40c3,MC,ffea60de-2eeb-4a54-9933-4d4bddf34a07
3b3fc68b-738e-4350-80c5-afdfe607fad9,MC,1fe914e5-b6a9-449f-8add-3d3cb7d3c3fa
d3d85813-4401-4570-a735-f7f53273d384,AmEx,508971ca-fbca-4b44-93ab-6d235a0cfebf
cd86d363-8ee0-4fe4-a794-2735de57f1aa,VISA,38f5ba44-3b29-4766-a129-578206380098
5b49fb50-1dc7-43d2-a627-0cf46f589a67,MC,7feba5a6-2ed1-47ed-a61e-c226631efbce
6d1c619e-196f-4bd1-a5a1-07c622576ec1,MC,e30855ea-617f-478f-9d9b-c3aa59d451b5
282713fd-4bdb-433c-9460-a8d59754685b,VISA,6bd7f5c9-308f-4a84-a445-0ff2af21f269
44799220-f026-4125-87e0-d073b17b0b3f,PayPal,6118cc56-0e91-420f-b78f-499ba1c37bdf
ab7593d8-8a10-4d36-90f4-3285df1addd0,AmEx,a32f2544-55c2-42dc-bd58-b697d346dfd6
1c9de237-d7fd-4512-ac1d-bd0af1b4aeb3,VISA,87427bb4-1cd9-4521-8689-2bbb7837aa6e
12a07466-2505-4f0b-a49a-881cfb28273f,VISA,9b651188-c843-40e1-840a-d77bb7f773ae
81711c96-57a2-4aba-993a-6b4da4848a8a,VISA,a98e3356-3833-4cf3-bb4e-f8b7852f8b18
ce6ae1d1-d24e-4535-80e9-367ee064add5,MC,02a066b3-af0d-4828-b963-a6404b09ee02
d6925fc6-f204-4659-ac9d-fe99db4004f2,VISA,4a4be223-8e27-4d3d-abb1-5a943e3a337e
86d1484f-31c6-47c6-a752-05a4eb12e64a,VISA,35e5e689-9554-4806-8394-9fa17d301b9e
4feae62f-6abb-4aad-ad95-f9bcbeffce05,VISA,ac47341f-9073-42c3-97eb-7c74d72d121a
bf810b92-f76d-4dea-beec-bf65126cfcf5,AmEx,224f90e6-d47b-4df2-8870-8be4086fdba5
5f6a1942-0b13-49de-8cee-0592860d56ca,AmEx,a6f666ad-91a8-490a-a9b2-b52236a1f7ae
2f7e703f-97eb-43a7-83ed-3087ff97e22d,MC,7f91ec20-243c-41fa-b39d-28cba23d36c0
010bfc9d-9c09-4ef5-985c-c440387049c5,VISA,1b23eff5-7d9d-4f05-87e3-249dd6df93cc
736b3c6c-f3de-4ae5-815d-1ef2f71cbc0a,Discover,a00c284e-8300-4a6b-a797-9eea5465bbe7
a8985617-8b48-40ed-9074-f8c79b9cb07c,VISA,7450efbc-b2b8-4410-8eb9-b00425e1a8e4
62f510f8-d2c3-4104-9dd0-63fed2300a02,PayPal,5999ce30-fa17-471b-b5de-77d37ce16c2f
77de7916-9d2c-4932-a887-46a11159ef5a,VISA,cb210e3d-a16a-400a-98e0-12af281ab0b4
5fbc69ff-6fc8-44e0-a301-f4a43c9f33f9,Discover,471596b7-ce28-4bbb-868a-1e6947d213b9
fee51f39-1a9f-4a2f-b622-f59c6dd6605e,VISA,98fbd4b6-edf4-489e-a17b-969c075d3457
ec01f2ae-db42-4c63-8ce7-9c52821652e1,MC,dd9804f4-c86b-4010-9188-d2a9f55b44ff
2c4d0392-8a4d-479c-9626-d3c0858dd2cb,PayPal,2b5ffe0e-53f2-48b0-b98e-6e0f2e886512
d7ed2ee5-3a9d-4c18-a057-89189b9add77,VISA,05a96693-d6db-4d4a-b00e-c359bbfd7215
b90881d1-452e-4707-b4da-691f1c069e31,MC,6500ade4-2d82-4153-8bf6-f603485f6f3a
12ac3e44-4cbe-4cb2-ba4f-33efb6a52472,AmEx,009cf29a-feec-45e1-bcdc-2ac932e3bc10
2303c318-ce04-40b0-a9df-fb87003d6bc8,VISA,6b11ae4b-8524-4d07-ab5e-b42e37400b35
1c741eb0-2cbb-4e91-8d02-ea02052ceed4,Discover,cfabae94-b72b-4736-a229-59e5514e681f
fed6ca77-d5c9-4559-ad35-ceb542c1b3bf,AmEx,ac7f41d4-3745-4087-85e8-5611bbada37e
d2fd373b-09ef-4e34-a56e-450a975909c4,AmEx,24ebc46d-90b7-43b6-a9d8-c2e87a554a5b
88946a1e-1e2b-4836-bcca-6f2ee1555330,MC,8db75af0-f887-4952-aea6-3565401d922a
c8d9ed01-aa25-49af-aa61-f6c786c0f26d,AmEx,8d85fb0d-a832-4704-b89e-3454ebdea78d
31f6ee2b-c482-454a-895c-43efea811f4a,VISA,f2a66967-af59-4e1b-bab6-e8f77efe5d5d
91fede0d-884d-4042-b764-80888fe3e272,VISA,af5c63a6-9240-4510-b163-d13ed87f396e
854492bc-ff34-49e6-9fb9-b6c9d03639cb,VISA,97d3e2b4-5732-46e3-b363-675b515507aa
9cb616be-4765-4ac8-a3b2-77fd4f799852,VISA,23a7b268-6a3e-48cf-959e-96c2430feede
fd82c8fd-5b53-4009-ad70-ccbfd88755d0,PayPal,772e4a9e-4908-4a2d-960c-3ec63dc3db54
efde4e71-def0-4f63-86a0-65f04eadb6e3,MC,5a4dccec-1103-4dca-90d7-5ea408e5fba2
d1c32dee-4297-4c0c-9522-de2b68aa3afb,VISA,e6420b6a-0021-4043-af08-c1eb74de7381
107ea71c-57b8-4807-904f-8b021ae7f343,MC,0906c2f4-2c79-4df2-a152-dac35ad272a1
937a657d-3967-4521-9357-1dec9fa4ddad,AmEx,e2783e2d-f2bf-422d-88ec-b145dbe7cdf8
5d337cf1-9ebe-4a21-ab93-a41f67a4dd08,VISA,b04f54d8-92ea-4689-a10e-6bf163e01ca9
24597fe9-79c4-4171-b407-78bd3232197b,VISA,c0db95f5-a860-4bef-8594-2a93a194e27a
9b0f0fbb-e8f2-45c2-a2ee-989aa31f2f48,VISA,193d065c-b409-4335-8167-b56ace36821c
09c06324-07c7-4815-8c29-e2e07474b1fd,MC,9d4cec0f-0a7a-4771-8cb7-eb65587ec2f5
587f95d3-ae94-4a80-aa17-fb32842c35fc,PayPal,0d2bca36-53e3-43f1-9a6f-098cbc20fe82
21c5dbb9-6f73-4f7e-8b7f-bb1504e5fd7a,VISA,7c3bdec5-49d2-48e3-a2a1-e5081b81fbbd
2aaf03db-1923-45fb-934d-6473a787348e,VISA,4bc2a2a9-2ede-4643-a643-38eb689bd7b7
f2f747f8-d579-4d38-ab58-9889b8977c25,MC,2da739a0-2c77-4b1c-8540-3ec527a395b7
7f929fd6-e39c-4f4d-8d13-bbec8b386f3c,MC,a41b8a5b-3015-409c-91d1-b5260dd391a7
9308d8e3-32d3-437f-b6b2-740164fe267a,VISA,3ec88269-3634-4f14-930c-42a732861454
61e5da8e-4b48-46e8-8d90-b7c20b663cd6,AmEx,61e79287-3c2d-4329-8a11-a566753b10c9
f2d2cb98-8722-4c39-8599-1f82ddaed909,Discover,ffcd3838-0e0d-4f27-a95e-c426ede5f61e
c5e2fa7b-80ee-4942-b127-7bd2cca33184,PayPal,0fa22a81-404c-4c4a-8112-621bc8dbd1b1
c55e07b2-37c8-404a-98b0-feb1cbe3d01f,AmEx,705de684-17e9-4e10-b173-a2ad8cd1eaac
7c56f333-3af1-4a04-bbb4-5ef4cd29ec1b,MC,e26c1d9f-2b79-4ea7-b6bd-8cb2c17eb5e1
ca5eb064-f741-4c96-aa74-dc4ca80fcfaa,VISA,2a36196a-b070-42fe-ab89-864ee9087a7d
71695ad3-aa9e-4c40-9169-158a177a8b4b,Discover,44ab0aa3-d445-481e-8dad-6070fc77b309
9809d06f-7a88-463f-b957-0379febffb3e,MC,52ddd309-58f0-4286-ac51-c6c99cf6a949
ceb4d29d-782a-4b4c-93a4-8f76bbec92b7,AmEx,a3f4f695-eb36-45b6-a16d-9d201c339b19
c7b2d2f9-a9fd-4ff0-a55f-cf73e78829c8,MC,3abf55bd-4a3e-4568-b139-7d98dc5f3a7b
9fbb7644-0364-4480-b926-9670aab3e626,VISA,a0b0d132-ec50-4d3b-abe8-f5ac32a15546
26f6eec1-3872-42e9-af47-0a099ffb6677,VISA,537753d1-a89c-4186-aab8-576f3d4b9400
025eff01-6996-49fb-96ed-6a04babd9e79,AmEx,b622213f-74ce-4d0c-9987-018e298c3489
a7a20473-4b5e-4672-9e36-4c775e0f7df8,Discover,b0cb880a-e0a0-4f5a-8cb0-5ac29ead924e
c38daa83-1380-4eca-b7e8-f798e7c7acd5,PayPal,9dee4233-368c-4188-9860-37b9ae4eaf0e
e3612e8f-f67f-4300-ad82-0cb105c0031a,VISA,b18c4f01-39c0-4cf9-9de1-8657ba8693eb
e84a6224-a4dc-4b46-8d4b-65acdc743270,VISA,6ab6f0b7-2225-400a-beea-5c472a56fba7
a62774f4-2e1c-4ec1-9565-d1758f7e284c,VISA,7b54aee9-28b5-49c8-83a8-fd5c275f66c6
bf4ffc8d-3c64-4bb1-9e64-856f6a73b6d7,PayPal,3e48c783-f9cf-4527-b939-172893f05c56
5fb15312-8d6c-41fb-a870-ffda5f3b17e7,VISA,2798bad0-8b30-4e32-9749-6437e75e24c5
7a0de962-7595-4b7c-a764-b2e073e5a904,Discover,ed59b3d5-f09c-4751-b00c-3f86118ea929
4fa68fde-5a61-4352-b018-059f2c733fcf,PayPal,a80a9fce-2120-4635-8f24-f39e91a8e2c6
c1b9c881-1eac-433d-8a69-a8bab747e1ec,VISA,2ca8e2a8-f7b0-4f54-84ce-b1df7172eebf
bf759c25-9247-4e18-840c-59936421b9e1,PayPal,12ba7474-45ec-4b10-afb0-57e334de9872
6d017507-9a4d-407f-a57d-426f3b6e9f97,VISA,a589a15b-21f0-4295-b2d2-d9f7a0d1e2dd
006f0af9-38c7-43ed-b536-c5f7b024dd1b,MC,991ed8bc-adec-4dfc-9ce8-afc3f604587c
976e868c-d8e3-4cfc-bca7-8fb755ddf1e4,AmEx,50529bf9-70d5-43dd-96a3-2f4a65e8d83a
f3640d4c-905d-4540-9b34-23dfb157c7bf,VISA,d32c7ab8-7af1-417f-8066-c5a4b149fdbd
2e38a49a-439f-4913-9d1f-616cd9c25e2f,VISA,0d1a85d1-4c41-465f-84ac-7151dcc6e145
c14b7986-a61f-4eb5-81fa-4ee350f08ca4,AmEx,79201e2a-36c3-4dc6-8bc6-bb5bf24f6cd5
135a6cba-7fb5-4a09-922a-8750b972d0de,MC,f25ccefe-746c-4f68-9f5d-18c56fc6d2be
83ab08d2-5194-4f39-8d75-7b25c2f6d373,MC,2c57fa13-9d4b-47a7-89f3-ddc3cba7eb62
1331d432-975c-4df4-81f6-e5016fbd4b88,MC,b8bc45c3-df9b-466e-b7bc-a992b0c57c0a
acb9b489-c8b6-45d1-8ba0-a6c93ae6521b,MC,28efaa89-a383-4792-a91f-1cb0d0fbdf41
4af742f0-1561-4998-bb68-989638d513fa,PayPal,faaceb53-2ee9-4ad2-9415-b7a5cd1e56fa
32e5ffa3-3ab6-473b-92d5-cf350d98e574,AmEx,67e81b8a-9220-45dd-8d44-ff90cdadc5c4
14d049bc-1ff3-4344-b216-dd3b2a4c85d6,MC,6208c6b8-85c4-4a44-94a9-a9d7265c1e50
2ecd539e-8008-4f01-8877-8dd04b7a0404,Discover,11abf611-ab90-4035-95a1-1522633faf6e
29ccb251-c0ae-423b-85d1-b4ddfb5f5e6b,VISA,c739b4a9-8cb8-439c-9bbb-e2c25b34bdcf
604ca3f7-5251-4b81-96ba-a3ec2af0c81e,VISA,d4eba45f-07b4-451d-bb16-729badbdd05e
22a79b73-1ced-4c10-9555-99c8487e956c,AmEx,1e5ba10f-5556-447f-b8a4-73ad78782575
3f7cea49-8a16-48b5-a9a3-da2158bc8133,VISA,1809126a-7d11-4a5f-b71f-b70d7749615b
96d73913-36ff-4051-893d-38771261924e,AmEx,3dc456af-d063-47df-a862-e6d7bcd8ece6
3e8fe30a-d68e-45d4-b1c8-ca701a5b69de,AmEx,06039508-711d-4b17-a279-50e1954fe814
8b8c12bd-1dc1-430c-83c3-be325c63c780,AmEx,aafe7d4c-c925-4363-af26-75476597e696
5b3f4a84-e43b-4a6e-b305-e39c83e25158,VISA,c75c011a-d9c6-46da-92f5-bede5cd7aca7
4a187469-8992-4ad7-9d81-2d195f9ae82f,MC,f5f8bfc1-91be-43b0-baa2-530ec6db6660
2d812e7f-f473-4f97-b38f-d74c8dc9f80c,VISA,b480e850-9be1-4d61-8418-873063fb15ae
091dc965-8b40-4d88-9ee5-19843183d8ad,VISA,e5df9bd7-86d6-4048-92ea-5b33ff1f2efa
74de1f0e-789e-4e6c-a554-f3925056c4f6,MC,ffad9ed2-39ca-461c-8a30-0edafb229bd6
71bee6fc-3da6-4e5f-ba43-d7fba8ca8521,AmEx,4bcaf674-bcdf-40df-8d92-6d776b0794d0
fe33cd53-12cb-4388-9854-b9d986ec89a8,AmEx,2d5ff788-41d6-4f35-9822-12615626d4e5
d133b375-7962-46cd-895b-16ca3cb4ff96,VISA,3129aecd-5e9e-4028-8daa-774ce5df691f
e448fa83-1b8c-4aba-8dfe-eedb7e7d01d6,MC,208edfdc-d021-4b18-b5c9-18c3624cdd40
49363de6-e0f8-4739-b32c-16241276cbd6,VISA,1112555c-a00b-46f2-9aac-a12e51fb6b63
4b492106-3066-4cc5-95e6-49833ce0f7f0,MC,ae000e36-4b2b-4855-a1ef-51c3463ef494
27a2d198-2ce5-407e-b5a9-1275d591063d,MC,284502e9-1fd4-4ac3-a19d-962c54390bd0
b4f6bfcb-45f7-4e5a-9750-ed633482dbdb,VISA,2be34a52-492a-495e-a6dd-66c38cdec1f0
474a4370-cd94-4620-b58b-23acac8b9e1c,VISA,2f6936e1-52d2-421d-943d-e99b92695b8a
b4837393-e726-416f-84ab-2a0af8b4e68a,MC,c0394c4a-aa9e-4739-a27a-d913aa9e2214
40a94fe5-643e-4ff5-a6f8-cc5b543565de,PayPal,35915545-7338-405e-b016-de4c44182967
0d69ced6-dfe7-4447-b20e-b956df4e95c5,AmEx,49563f94-61dc-4b34-8259-44145bf32e2e
02321b40-67e6-455f-919f-fb8cef167e10,VISA,e7f930cc-bab6-4d40-adac-7c4320babfd4
d492eb1f-164b-436b-99fa-c19b7925d4aa,VISA,bf868c70-f0e9-4581-8402-ef855401eb2c
ce7cd898-1ffb-421f-9a63-2e74d62b01a6,Discover,2eb37889-6244-4ee0-9dae-8891f6c0f2e6
efbadc99-f224-4a6b-a0c7-e1fff1895bec,VISA,32285ca1-5d35-48c2-8000-1e6f16e68b64
4abb69d7-eccc-4950-b6f8-3265068e957e,MC,c888bc24-28ac-439e-bcf5-d9c564c115a2
06cd3105-92bc-49f2-afd0-ab0539f63266,VISA,3fde1612-78bc-4078-b658-104399d12ca2
8cba92d3-4268-4390-8c2a-2ebb6a851ca5,PayPal,8ea8c86c-3c2e-4fdb-806b-95c330a3892b
7391c7ab-16f5-4116-b546-8654bf1fe5a6,VISA,6be8cf7a-b588-41a3-8c72-699bce8689e8
883e0c8d-bda8-45a1-b9ad-84ee9c8896b8,VISA,bfbdab83-49ed-465b-bb4f-c8ff3b73acb0
3b5e6e04-350c-4073-8efc-b6b5d86ca40a,VISA,3fdce943-a6ec-428e-8af0-395c4d61b60b
11f7a554-e327-49a7-8638-a0c389d0ba20,VISA,45db6d40-133b-451c-95cd-18c547e80efb
58d12bec-bd6a-490f-9b34-551e75b55ffe,PayPal,899f4dbd-4994-4724-8c94-641987bea06c
b9f33f5e-e9d6-4b21-9da8-6f8b37dc1abc,MC,72853712-44ae-4456-8368-d1729101f6c4
81033550-8106-473b-b9ed-a21dae635171,VISA,edbd3d9c-caad-4ae6-a8ad-1e4882f818f4
cef6afa1-2e54-41f0-8463-756620af1949,VISA,ca088ed4-126b-4757-a4f2-17ebbd60f700
d7f4f04b-f1fe-4d3f-8c9c-e8ff4815cafe,VISA,c4b07ddd-bceb-4f86-82fa-d69e7271e03b
6c02724a-20c8-4fbc-96e7-97d45e6a0210,MC,9c6537d1-c7bd-4bb4-8689-aab5a50bd19b
925a01e6-b968-47e4-8921-90badf919773,PayPal,4a9dd87f-4100-4f59-b829-7fc9e128ec9e
efd86c2c-e221-4056-abeb-18bcc1bfaefa,VISA,455627a4-468a-4f42-a1e6-bdb472565460
60c5ba65-133d-4293-af26-99328c29b347,Discover,7a4e69e6-291f-4401-a095-657475aa1bdb
6d03c080-4103-43b6-bcb1-2bd7153f7615,VISA,0d8457ab-6941-402e-a258-5e0677df97e8
b2b91171-7afc-4659-a1f2-9c2d16cf5408,AmEx,26a71cab-0306-4fb8-8463-a9117b15bafc
c4b9ecef-0788-43ee-b07b-7900c0abaa93,PayPal,26b77f0d-a1b4-4bba-91f8-8e79ef070c8e
a8d2089b-bf69-453f-8866-b915a3a93fd2,MC,c1b8c279-642a-4bd4-a82f-10f6c2497e7b
6105e9d0-edf2-42d8-8bf5-4165d06f29cf,VISA,2be0a7e6-f93a-41c2-b2ea-ce61ad4666d7
9937cbaf-babc-4804-b453-703b3fbcdbfd,VISA,5f5850a8-6fca-4aa9-aed6-17ba4560504d
fdc82f46-8e84-4a39-a6e0-eab090f139cd,VISA,3b2acf1b-0772-4388-83ed-26e78f28f436
d4a4dc8e-b6ef-46f0-abd0-adef632a195d,AmEx,4f13a04d-6a9e-4460-9e1f-8fcc7c9a4d45
99f6974c-d57e-41bf-b937-7290ff9db37a,VISA,6904239e-c0b1-4dbf-a39f-b60faaf6671a
f0357741-744b-49b9-8557-9d61a6ee20cd,AmEx,cd70e3ec-ff0b-4442-9aaf-823d3af52dc3
80d3e0d0-4c78-48f6-9be6-1b71b2cd233c,AmEx,3f345ac6-d46e-4782-92c5-026cbb2fc566
ba382fcb-26b8-4ea9-b13f-bb30b6350fb0,AmEx,915e007f-2ee2-4576-ab30-2b0eed1744c5
7a8d15c9-71ba-4d1c-888b-c7ca0b977264,AmEx,6b6490fb-e28c-40be-98d4-406937e5e3c3
3c51a8c1-246b-45d5-98db-b7f2022370b5,Discover,9c7f11f4-db5f-43ca-8c14-28d56daa991a
82e4c607-eb1e-42cd-9165-41f02275dca3,VISA,7e687b08-bbe5-4268-b60c-d35282d31c13
21817db0-e903-41b8-8243-077467d16c7c,PayPal,8b28dcbb-e9b7-4880-932f-a898c37c0394
6ea06820-1173-4454-bdc5-e20c722a7412,PayPal,96a3a523-3445-4884-b49b-c75578eed27a
3061d88d-7bc4-438e-9fa6-f544574063f1,VISA,ffaa7df3-a009-448d-9380-adc73052105d
2399628a-024f-498d-83e2-b1b8f0fd162e,MC,969db365-d844-4192-8211-38048846b7be
3db604d2-8731-4d4f-acb3-6102196a18e8,Discover,90d8074f-ac08-4f15-a069-525a91679dc6
5793fdce-309b-4cba-8426-97db8d2af5df,MC,9840070d-3cd4-47bd-bd1a-56007404df89
593593eb-da8e-4302-9520-949abc071fee,VISA,4b9a16bf-703c-4b96-861f-c58f2f0e8e95
3205871e-2321-4e2a-971b-4b13dc8b011b,VISA,67773d47-6fd9-4d3b-aee7-1e99f1fe9e2e
9d5f4dc8-ff47-4de4-9ef6-f6256ee1418c,VISA,4175bc6d-711d-4f98-a32a-b9613907a6c4
86caea13-c195-4e7b-9146-8ca46d824ec6,AmEx,a3a8c541-d995-4219-aec5-9df807a5c4ba
1748252d-9647-4e85-b457-b63a83141b65,MC,1bfe64b3-e819-4c6b-9f4e-d21985780dbb
41abd9eb-788f-4328-85af-59a99f895295,MC,362f1ee7-c714-4c7d-bac8-47c6c301a461
adc43cf4-1f91-4ac8-a468-300328bb5516,VISA,6146c568-5a13-438d-a0c3-4aed91a27f90
69e7e528-f39d-451a-9700-6331168b6b5a,VISA,e85013b9-5818-4971-9020-7707d307647d
81891284-21ba-4125-bc78-b6bd614718a4,VISA,9e01ee11-d7bf-44b4-8594-ee345c14a384
d15aa3ff-83df-4ae3-adb9-966ccd99a2d9,MC,cbe444d7-dbd0-4abb-a884-d00e0e78fa26
295ff991-b784-4bf3-b84f-5d57a39f4efc,MC,8d1a56c3-af09-41b0-8861-b7d4be4e32b0
a01e8c8a-c74d-4e19-9b4d-54cc5a205e9e,AmEx,ca975bb5-355d-4b37-8bf3-2e97ceeab302
8a4c82bb-7ea5-446b-8316-689dee6afca4,VISA,89115f6d-8fb7-41bf-a969-148c7cc92929
aeb0abd9-ff10-482a-b7a2-5bfb09518237,VISA,454f57e0-720a-486f-92db-0f0b166c8797
dd1758d4-7bd4-417a-af5a-2952cbadec0a,PayPal,2d805c0f-cd11-4766-b861-6d40a94cdcfd
840b44a7-f23d-467a-9ec8-0f9163033c99,MC,59684795-3fdc-448d-8149-0cb57ce0f56e
4cdab9c2-5836-4189-8ff4-ad10e6487e49,MC,93e8fb25-77f2-487c-bbf0-1900d68634fa
2496c6a4-0a70-4d72-8ed1-2cce9417d995,MC,35b83c47-458a-4065-a500-dc34bd41baa2
b543ef63-4e85-4f1b-a58d-8ea06af16f56,MC,ba2fad17-b256-444b-8b07-477ad562f654
910b24dc-7a19-4a76-80ab-d769af1a1e10,VISA,4a486131-fb92-41b9-b2b2-8620cdaa0f8e
017c766d-ea61-4683-815f-290f8bf694b4,AmEx,2d707e39-642d-45b5-90d5-8e1d3588d1a9
ba8497e3-a1f7-4ab8-9039-8096592e40ee,VISA,69e2874e-0d20-48a3-b21e-a0b586eb4f84
bf1449bb-8558-4331-a695-8812c9f90717,VISA,deeda040-5ed7-40bd-9385-6b8182e9e1c7
89726787-63fe-4468-892e-c145b6cf9cf3,MC,7baf0ca2-a9fd-4e6e-963c-dafe200ae3a2
ce122429-17bb-4aa3-94b4-cf2e9bb13704,MC,e8d57fe6-d0a0-4d81-a941-040512d66062
8339ffda-97f0-4ac5-9c05-fc43825536e3,Discover,72b950b8-ed1c-4356-8a3f-22ddc5bb7626
2f281143-4407-4124-9914-f4e27177d7ea,Discover,70542a55-efef-4a5a-aad8-8c4c9bd2d166
1802c5f5-b064-4f21-9fee-3782bdaefe71,VISA,87c9fe7e-5b64-4bfd-8162-4d893ccef38c
8fd9da47-7371-4844-9ece-0849caf8ee27,MC,b1c61b69-6235-4907-875f-455c7f62e9f9
40782494-740f-4df1-8dd7-00a8181fb963,VISA,4dff924d-c4c8-480a-889a-b245d6eefb09
11e8105d-1482-406a-9b15-155e85a5b94c,VISA,9e434789-2276-4d7b-a392-4bc9d1e96a5b
5d15861b-2ea4-44be-9af7-f75ef870a316,MC,39206aba-e23d-44ce-acb6-45cc07689caa
7e3ddd42-34e9-474b-adbb-0699f6f04b9a,PayPal,afe2e071-e00d-42cb-a549-bcd84f8eff34
70bec5f9-1450-4171-adb3-11c4ccf5e0aa,VISA,49117099-abeb-435b-9ae0-42446df243c1
604a138c-4dbd-444b-87da-e0248a610dbd,AmEx,9a0b47d4-2885-4c20-aed5-366b154eaa4d
b0eefeec-6151-497e-a7a7-b536904bd4de,Discover,c8454b69-5b01-4218-b177-b6a4c7174eb8
e6809d8d-22dd-4803-9255-096df2005d5d,MC,e2b3f29e-31df-4df0-8639-b2877042f13a
4deb6b19-47b3-43ef-9cbd-0fe1d05a3719,MC,d4964246-a782-4a0a-95b9-ae75f696f56f
d997e942-a332-4e55-89f6-bfc6941145b1,MC,25116f6a-94c5-42e0-9af4-e6e05dafb9b3
93e142fa-037e-41a0-9cd2-7ef1886e73ce,MC,76849589-a117-498b-a778-e425c857d29b
d74bbab4-9326-4fb3-aadb-674113101594,VISA,0ccefbf5-3da6-4bb1-b20e-5aa31f19a04a
3d9218d0-c236-4449-9322-c429e15b38cc,VISA,6c7c90c5-a75a-41a7-b794-34f4843fdb04
b4bbdced-a4c9-4bb5-8505-6ba36dffdaa7,Discover,32019d58-75d8-41cd-9e20-5f32dd0f4a82
0b70faa0-05c3-48ba-8fb4-5a3783feeee4,VISA,9cc99b0d-9333-4840-bab4-2d267a9cf5a5
56194a8d-9089-46b8-9478-a64edccf4e79,VISA,f0d06697-e72e-4cd0-8d36-cd8dac85fd5d
e8f13ac8-3159-42a1-8c1d-1ed80a17cf00,MC,4ce23831-469e-44df-993e-e0c4c8e5f8b2
a99b3ba0-3a48-4a17-a072-f6626f6028b6,VISA,c84b12a7-40f1-43cd-a4b0-5f54f32370d2
e69dfbb5-3b4d-4967-ac64-9539f6616751,MC,55df3470-301f-4728-b5fa-c33906349fdf
5b09ac3d-7df5-40f2-90c2-fc41561090b9,VISA,178a24c7-2ea4-43bb-b6b9-5dbd0109ad99
7492af34-1707-4acc-84ba-8d10737233dd,VISA,4f2a2c66-5cfa-463f-8256-7a5f43b6e10b
a052b916-41f5-46be-b945-aa27c639a149,MC,e216db56-aefd-47c2-b3c7-537b599055ea
e574a32f-32a5-43c4-8d0b-439adf1316eb,VISA,a28ca883-18b9-4c40-bee9-da10b1125a4f
233ba04a-0cb9-473b-90c1-9035cf6455e2,VISA,893e40c5-295e-4214-8ef9-841958dc0961
ddd99048-730a-4963-a7f9-4b42182c97a6,AmEx,67ef1e97-1409-44d3-adfb-20d15fbf8db0
da226107-627f-40a4-980f-6853c53699c4,VISA,4cc792a7-17c9-4906-9cd1-aad5124b14a2
d3c553bb-a9c2-4e58-af9b-4237071bc160,VISA,8492e09d-fe5d-44b0-bba1-29100d9bd581
284b95fb-8c9d-46be-a912-3cea835ed337,VISA,ba4a3d08-60ea-4123-bf54-c01e577ee600
b5da3be9-d1fc-40dd-96aa-3cec4ca2e8fb,MC,4313f9f7-d64b-4484-bb65-0cc925d14443
dc1bc19e-b4f6-4ac6-9913-b3ce3743a722,AmEx,a88501f0-5d7b-4e6d-81c1-6d8c10ce4d97
8e7e7b19-a0ba-4f0c-9caf-b76b094472aa,VISA,7ac8a5be-1c9c-445e-bd4c-e0cfbeed787f
d65836fa-4735-457f-8a88-a6440f63cab1,MC,c0a9e896-d37f-468c-8055-27b8d15c99ad
49e747b3-4ce8-4424-a0cf-a20e447f3161,MC,ba181e8c-01d7-48a9-91d2-dd2bf7e86772
516e8796-9a9a-438e-ae10-1507889d3d63,MC,07ef0dbe-5138-490d-88ac-19961a6e60ff
1c924dea-4678-4668-b73c-553a2c110375,PayPal,8991c735-4e89-40cf-872c-8e357ddcc845
49bdc579-9925-426e-80ee-743ca243a658,AmEx,ce4a3ed1-1857-48b6-a3b5-e10a4ccdcf67
99359240-cc66-4b52-ba37-08d13a18686e,VISA,64547e30-14be-465a-952b-d4ce3343c38e
cb3d9d51-3e9e-4f6a-835d-a1174d036678,VISA,f511cc33-2515-4856-bfb7-6caf261e2390
dcf3b381-afe4-439b-8fc4-f603fc2a25bb,VISA,24b0d57e-b3fa-4919-86e9-fa4cd4098e3d
8f62bdb4-67e0-4ebb-a6c5-a47e464e0d10,MC,29945766-6914-45c1-9a90-ff16682ace40
71bb830f-8eaf-4bc3-a925-124ee5c8e52f,VISA,fb5b899d-bc9f-457d-923e-7b79216800c3
9ab83d69-8419-4552-8c7a-7400a3bc0c28,Discover,bafe4fd1-93a7-4dd0-8487-c6a7685704dc
302597ce-eb0c-4089-a32b-9a09a998c26f,MC,d2969400-64c4-460b-b858-7bc0881a2ac2
2fc944a0-9cf9-4d2c-bccb-965824432b53,PayPal,7f191be4-11ae-4d17-a2b4-6e909c9b689d
4a2b22ad-ad5f-4902-abf6-61f5c75ca52b,VISA,b621815d-4137-4b78-b6fc-80b852559ecb
35ee00f1-babc-4457-a30b-6de485ca01d1,MC,a0207c4f-1bbb-4ed2-a8d3-c0ae9140c98f
bbf67e86-44e7-40c8-a724-da3e514a02a4,VISA,f7ace4a3-da7c-4418-918e-49a34d08ea99
701ef46f-71d7-4e8c-9149-8a530ad22a9f,MC,251af54a-7f3d-48c4-8f65-ec33541cde1d
0e7fbd48-f699-42e8-9135-ba52e730bd1a,Discover,4cb1fcb3-ff0a-4ea8-a2cd-371190ba6a25
b924ce1a-e618-4360-90e2-9da990daa72c,MC,c8395d19-b8be-4fee-a1d7-c36734748491
ece1b540-bd88-46df-9668-b2ff1833c3cf,MC,c847ff17-6a40-423a-8da7-98654136b01b
a79aaa6f-6dec-4e7c-af65-6c905c34d5b0,VISA,bba5be86-7479-41fb-b505-5f67dfa50e3a
7697bbff-90a3-4063-ae66-48c235bfe631,AmEx,7cbd3f7b-44f5-417c-b857-4528204f2cc6
9564cec7-127e-4eea-8d2c-bce142c9ab66,VISA,7bea2072-7a2b-47c2-a686-c69be2c36dcf
f0dcd00b-5fbc-4c6f-9599-31999d5bd5cc,MC,e5a2b9ca-7fe2-49b3-943c-43df10b81779
55cacefa-f621-430e-80a1-1f8af30b947b,MC,6cf2ae94-355e-4000-a54b-a18af45b9ff8
0b8ad701-0651-4f68-9338-7e102373a958,MC,7fdde6ca-eaf2-42d2-a935-cb9076171b86
3adbc757-83eb-4aac-8f0a-b35eb492dc3d,VISA,32dedc79-fa43-4131-a772-edb75ed943a2
0cacacb5-58aa-4936-bdef-db57d76d4079,VISA,eb10f9e1-c37c-4629-ad5d-27ace70bc440
f4ac7624-2a86-4234-b9fe-631eda216f09,VISA,4fafc290-c7e7-441c-b055-0604daf3efcd
36165057-2c96-4c1a-bf57-3f0b47db484b,AmEx,3bb6fd88-f33f-45d4-bb75-5be7671f1b9f
5950f471-81b6-498b-8ff2-143e87395b52,VISA,171209f4-5573-40f3-9a88-5e1993f0d16e
6b01364e-a51b-490a-bf6b-97086982c172,MC,ddb1d3b8-d3de-444d-899e-c04ad92e6e88
97b23f7e-8ce8-4153-a914-3e75cbc16d53,VISA,4c331000-6d02-459b-9d3f-8e5e9af00a2c
021c8c1f-c06c-4c31-8e43-a76a703ce7b6,VISA,02138ea2-3780-4c61-b56f-7187f13ce6d5
c4ffc276-bf66-406c-8c33-a2e4dde2e2dd,MC,58a13817-ff3c-4e00-848b-7f941bf30656
04e541b8-ee83-4ee5-b8ea-b74101ebcd24,VISA,94fbf5b9-d9f8-46c5-9444-9624df2a25e8
f3a151eb-7b91-4db4-acd6-21816e44c261,VISA,5bb469d4-1390-41f9-9801-accad8996de0
aa5b0f3b-db07-4565-9319-e9a095d4d4ab,VISA,b4b11519-41c1-46ae-b471-e769eecc5239
1db020df-2d2c-4999-9a9a-d4666048449c,VISA,4c2ec46d-3e7e-4ec7-9562-6c60ad2253cc
9c6d3309-a618-447f-b70a-61efd67fda45,PayPal,ca7a827f-37cf-4ed7-a193-c27c27c2571b
cd9d37ff-e687-43da-9135-566e74766bac,MC,79e8e345-fe68-4970-a1db-4439d460199e
757eed26-a1ae-4f57-b968-419e4de976ad,VISA,22a838ef-21a3-4a79-8669-c474a2b4e513
90117e9b-133e-41f2-8bfb-af055d5add9e,VISA,04b71a81-cc65-426f-9ff3-cbb5480f894a
6dccfe98-4afc-4de6-875a-59f4b0bed08b,VISA,9e76d28b-d3db-47c8-8ad6-ece3a4e9fec1
def339d3-6974-4bc4-a273-75cf2bb3df85,PayPal,f7e8f9a4-121b-4a81-b76f-f2cbdcef3eae
b210da72-cad6-4057-9c2a-6144f3a871c4,MC,402d339c-24e7-463a-80d7-8f86360c09b8
327998ba-66bd-49dc-abc0-cb7bd885a80e,AmEx,6ccd06f9-da9a-4c85-9d72-4077b87aeaa1
1e5a7d1c-c916-492b-8ea2-f3a0c63f9cad,VISA,93372617-622b-44c8-bf5f-ab9c1473a9db
fe89183f-b4aa-479e-adb9-66ac2674021f,PayPal,c2fa2f73-ddc1-4738-b752-13c8a23bab97
7db608b1-f1d0-4b61-be04-2436dadd5cba,PayPal,678b0ae4-cfbc-47ab-9104-72dc0e80f9f5
9070bccc-8a6f-48ca-ae0f-e048b80f26c5,AmEx,f10fe270-eb63-41b0-9bbe-47085f8552af
98fdac3b-8f5a-46ea-a8cd-0bc67673debb,VISA,f009b28c-f7ce-41c2-954d-839222d216fd
fe720226-7811-4165-b3aa-b8c75506ce2d,MC,7a276af7-c858-4fb2-b214-10eaa4966edb
4b0341e4-13b5-49f9-b613-bfb0bb7ee681,VISA,6adc858d-563f-4cc9-bb3e-82fad8fa81a1
8cd8f8e0-9f77-4fe7-b936-c427db4198b9,PayPal,cd69cea0-0f60-418a-bbc7-24b5db710796
688c951d-ab9c-424a-ae7b-a8ffaa391de0,VISA,1b11a383-f119-463e-bb20-8ab548e03322
82af00e1-31d3-4cf5-8f85-d44dd93664f7,VISA,8a0eac65-9135-4343-bf48-ab8a3bb0df3c
40426789-9490-4eca-82bb-e4cb9f277ba6,VISA,ac64a26e-fa80-45da-8cda-7ee92e38b2f5
785c901c-a788-47c5-b57c-856844950943,MC,edc5abee-04f0-4f25-8a99-afec100d0a97
0d751e8a-761b-467d-82f2-583be3f7810e,VISA,f3d59fc7-3ed6-4e07-a458-aebacf698c10
26c25560-3ffc-4d04-bd9c-c4e84d7d7ed3,PayPal,28e115b1-835d-434e-8742-cc5338fa1e0d
64a97184-1e25-4889-83ee-6be1be9e9d36,Discover,8d1687b0-bd50-4a95-9a13-a4d207041d8d
a39c0828-f529-439d-a211-bd227d15d5d7,Discover,401c99a1-6d42-4c72-8b8d-c919cdfbddf8
d78d5431-aaeb-42ed-8c47-55296671eca6,MC,3f32fc70-25b7-453b-a275-4974392b3042
e077fa5c-85e2-4328-bbfa-3d9ab81b5a41,Discover,da33da49-0aee-47db-b7c5-2355eca47dfc
3144b4fc-29db-4e82-ae9c-ee0230effe5c,MC,33c7fa5d-9ec1-4d8e-ad89-b5105d7152b0
fadaab8e-8974-4a86-ae50-0783035f44fd,VISA,110af07c-6f7c-4c74-bd2d-4f98b4d623a7
fd78508a-a118-4660-9767-2fc9b7512f93,MC,3c7324ce-fb79-4d60-903b-2a88d92e75ea
590cfbcc-c192-4ce3-8cd7-3b234a180c70,MC,a6ccd436-9d39-4076-9d9e-090b85c27be5
58240ad9-e2ed-498f-b97f-0fd6b0d8c8f0,Discover,f88f67ea-85ee-4a73-bb46-5306116710ed
8c1be9d2-36f9-42d2-bd04-b37157a3f5b7,MC,db60674e-a8b4-4f78-9bb6-2f8abae266d6
4eadbf99-5460-4d98-a566-61f97f5c432a,VISA,5915124f-886f-4700-819e-6f4b4f474d5f
2c2dd731-1b8d-4592-afcb-4ef4522403bd,Discover,d4894e83-9c9d-4a2a-bbd1-535abdb8a080
ce7361ca-6c50-42a0-9362-4fea4c750fc6,PayPal,b9d0c9a7-047e-4c12-9e44-d26f246a0b1b
1c1d5e09-4c5a-4422-b4bd-501cadeabaf8,MC,bc448050-3cdc-47e4-a624-42ca2d047bd5
d18bf596-c46a-4ca6-97f9-7eeadb3cc0ef,MC,35a6ec95-b73d-4812-b218-6addc67495b0
febb1edb-0abc-4748-bca9-d9e1255fea65,AmEx,c086a4e2-52f3-4240-aed6-2069716f6350
066e98e8-7821-474a-8ff7-b88d271197cc,MC,6430d0cc-417c-4a46-9045-dbb40443f275
695d421e-9694-438a-9aa7-ef911dc50a9e,AmEx,fe6fa06e-4840-417e-82b7-eb3a32d40750
3059d517-a208-41fe-ac74-08c0c8917332,PayPal,3fea325f-b579-4253-b4f2-55ff98c9b3cf
f3fec397-5769-4f35-af19-902e2186d799,AmEx,79d6bfc8-57b2-45ed-b4ec-69faadce9530
23b51047-edf0-4dd1-9560-40b062f267bc,MC,88f1553d-8895-4a6f-a810-3cedcaacd9a1
4b0210c0-4412-493d-b0ad-fb0e0669a192,AmEx,a3b50bba-7fa4-4fc6-9b74-154ee946aed7
9b89cbda-956e-455d-8fb1-3e7470360e8a,VISA,645a8bc1-86cc-4a8d-ac54-184c7f361e2a
d95dc78c-889f-48ff-b6fe-2efd4499a801,MC,b8988d8d-485e-4705-9818-dc77ff1c25c7
7f6308f8-ec83-4fc0-8429-c35b2d3677d7,Discover,55375db3-844f-4b37-8362-72c64e059fd7
3f88f2b5-85e9-41c4-a96c-45ee7af27ff7,Discover,118511c6-22fc-451f-b458-37e9dfc3b04b
b114b771-6b8f-447e-8372-d56386a07871,VISA,f8e2dc70-1c5e-4acd-9c40-39359bbc6e65
cb36a948-382c-4322-aab8-81213f46f89e,AmEx,1873fceb-2128-4840-baab-3eabd13c7527
e2f2a4c5-9826-4a26-b0e3-14335082d6bb,PayPal,233e7a79-48dd-4e93-9516-906c718e56ec
a7e2b559-f9e0-4c8a-876e-c9a4690082b7,MC,8255a592-a573-4c4d-9b04-c2bf8567b022
97839575-a96b-4239-8088-ab2756580d05,AmEx,84be0065-dc59-4363-a7a6-bc7acdaa4f99
14fc3cbc-4561-4551-94e8-9eff49e513af,AmEx,58c434c5-4931-467b-a722-2bb0521a343a
669b9b75-ecdc-43ad-920a-6460f9bcc530,Discover,11511875-c7f0-4626-a9b5-a116ca971d06
0f82cdb6-db45-4071-a93f-680d75d29999,VISA,c0dc3168-2b65-4428-9925-344c4ce34732
4e5d76f1-d5ac-4abe-8d12-486e7685c87b,MC,c5fd8c7a-7044-4e7e-ad39-1ca9f7f8717b
80ba305f-6685-4de8-ba52-392bda36e057,VISA,8f1f5730-5095-4df5-8261-5f6e761465d4
2368223a-e21d-47f2-9797-4b4445ab0aff,MC,28456fb1-7836-4f6f-83ff-9ec635a77e48
733a227a-560a-499f-8e63-c6ab6020caa6,AmEx,4b745c21-e178-49b0-9744-055da8060514
09da7f03-725d-4076-9685-949160f6b6a5,VISA,12dcd8cd-47bd-4616-a229-cec11888f123
0e0f2130-d0db-484c-bd1a-9c9f430e0ec5,MC,552ad526-f657-4a4f-ab95-f06c5e3c28cc
2f08a809-41c7-44d0-b447-dc342834845c,AmEx,f08f955f-d196-4b90-9ba3-009c0c3f91c4
249d8a1c-f68b-4e65-957f-4ed281ca5cfe,AmEx,1d8bc356-b090-4548-aede-45f1bb2a3a32
54e13a39-7d72-4c60-a14b-0eab3420f0c9,PayPal,8c359614-77a7-4a95-b31d-11979dca1e1f
faf9995a-77fa-4e2f-b830-0843319c0e6a,PayPal,a600b887-36ae-4f5e-be65-a1c7e0b98da9
3a9c1a12-adbb-415b-8c8f-11e96d9a8849,VISA,c1d0cafc-d349-418c-9dd8-ce7d60b09071
70c6dae1-c5e3-4dac-a61e-60c72f395dac,VISA,0a8dd98d-86fc-4d46-8fdc-8fefc8851ca2
42a7c1e9-9abf-4eca-93bb-61354649978f,VISA,7a306c83-3b17-461b-bd0e-e4f2fa2f9a53
4bd643b8-15db-4353-b7e0-565deabf47a2,MC,2d6b124f-9ea9-47c1-a7ef-d760671a0064
93fa45ee-62a2-45f0-8471-ef3c2b3843bd,MC,ad058667-82ff-438b-b03c-80f366d587d6
38137f26-f2ee-42b5-8d5c-f220fcf4f906,VISA,4fbc307d-4919-450c-b49d-911ae57c5c50
4059fe85-8609-4d67-ab2b-4878d7fd5fea,VISA,ad4b3db4-3b7f-4274-bee8-f8de8cbb0051
cdc333bc-4bab-461e-bbe1-700510bfd396,VISA,851c8c1b-d3cf-4231-bf72-08db8566fffb
972a4866-8c55-4d89-9e2c-525dfc568876,PayPal,38bb5822-36eb-4ed4-9bc6-82d61d591931
ceb9874a-c33a-4d4e-b051-30047dfc3904,MC,9ccf57f3-11d7-40c2-b1ea-8c3d8e6b33aa
835f814e-d5a8-496a-b912-5d1ecd040aab,VISA,e8382ced-9715-45b5-9259-f989f36bf5e6
d39f3dc4-aaad-41bb-a3a8-852bd6ea9453,PayPal,839474e1-1d38-4afd-ab10-78ce416a67b3
f326af5f-fa5f-41d4-bfdd-a4988949e2c6,VISA,ea0c7167-a1a1-4568-b536-a7f71effdf91
88a56180-0de9-4a00-b73f-9cfe8ffee8e2,VISA,40108e8c-7b27-4bba-b36c-db3605642e5d
432024ff-4566-42f9-bbc8-e52f80014b26,AmEx,9c9f7749-145d-4d19-b8a2-711547c5e6be
3f59af44-8ee0-42b3-8d7f-739c7b96945e,VISA,a6b87640-3249-4a49-88ea-c4f23a3f759d
5c70b50a-b0bf-431c-b33f-141f0f0f9178,PayPal,6f0a3f12-c8dc-4249-837f-e5172623a3ea
919c2ef5-8c5b-4460-9980-689b0e45a910,AmEx,2875d2c1-d956-40eb-8d54-2bf416073039
78c086e6-5520-4d56-bc59-f826e2d8bc0b,VISA,5d9072e1-cc43-4b8e-ba53-f1246731409e
69745faa-c876-45dd-9536-5a527dae73f3,VISA,bebbd092-f972-4864-b2f4-7b04c9f088c6
fe332f49-0cca-4cf4-b9f0-699d8fb743d5,VISA,0e68eba9-8293-44d4-a254-62e07355b05d
ad391fb5-8f06-4fe2-978f-8b3cbe21691a,MC,1ccc26f0-7a94-4ed1-b02a-c7453f8b08c8
5548ee93-38f8-451c-9560-0fe066cf9526,VISA,4d7f66cd-169f-4e97-b493-dfdeaf9ed42e
c6a0f9be-e4ab-45ae-a426-27d1217d5a04,VISA,a808b83f-4dc1-420b-b79d-861181187bd3
46040ce9-2ef4-4f80-9fe2-2b29d5e9b973,VISA,7b5d39ae-718b-4c09-994d-d7f45a66b7ec
54ce34e6-1cf1-4c8f-a268-5003276c4216,VISA,d2e70b2e-28f1-4e3f-a429-ca12f75a56e7
c7ae4204-4eca-4004-b012-c24ce7c688ff,AmEx,1fa5a035-5657-41c9-82f4-9d9bfd6cdef0
637972db-5c5a-45b0-bf16-33cd9ca6495d,AmEx,e1bef405-51cc-4c4d-af62-bf4699120b68
b6961733-6e5b-4691-8584-421f49b45547,AmEx,aa8e0e53-7fb7-48e1-8fbb-632ba2af21c9
cf25e33c-b9c7-4d11-a2e3-f6dce1d2f21b,MC,b02bbb89-db28-451e-a8c1-7eb1052e937b
bc036c52-5e92-4113-8699-cb4dd476c866,MC,e91c53c9-6b6f-4b77-b7c9-cdbb4d414cf9
540ece44-7802-4355-b292-8c01f37d3a68,MC,5384d237-9a21-4832-9656-29911e8f012f
303a795b-15df-43e7-a9ca-d4d520b153e2,MC,1994b57a-b8f2-44c4-81bb-8887682e654a
4c29f23e-901d-4a49-afbc-a226c6d30466,VISA,f7390725-256c-4300-be65-f8fe1d4efe1a
94bf8294-2cb2-4a45-8bed-9def29e3148c,Discover,360c1e0a-e990-4983-9d4a-a9dc382adff9
6248977d-ddfd-47df-b56a-31d2294fdcc3,MC,49d4bca7-f874-4c8a-91f8-331ea430f6c2
e3d5aaa7-7ff9-4e12-b967-b4a474b32c5d,VISA,6accca56-24f4-4660-a006-2d22ac18874e
f6c268df-a7e5-4867-89e6-dd797b2188e6,AmEx,c4e5326c-7fd4-44b2-b87d-cb9e5b485e75
741848ad-c483-4c3e-adec-785fdd7d176a,MC,1825636c-66ce-454a-b6b7-afed89b7e789
ad95b2ce-d6cc-4a88-a2de-16b054dba725,MC,177d46bd-0586-46f0-9de3-dc1d05ad9871
48e3fdb0-5a69-4b74-8c9f-f7106ac526d4,VISA,d8c5c1ee-b517-4d34-80e6-c65a536413da
e1ce9179-9866-4cb5-b221-bf4e4aa03512,VISA,812256a7-03ca-40ad-8060-2584e71ec396
6b500a25-32a2-4bf2-9a0b-ce69baf3def2,VISA,dbed00b9-be8f-4e23-a44c-0a607f28719b
cd2ead26-7b82-453a-bfc4-963ff5b71e17,VISA,ec4915e6-cc5b-4552-a0c0-b6749ff2829e
63a6e8ba-d4d1-4f0e-8b28-f85ec3d23258,MC,0b73b0b3-2653-427c-b224-10532d88147f
2f359bca-3060-4fee-a7d4-0b1aa8560b66,Discover,2f375959-7e04-4638-b213-961187ef3bfd
f0199e7c-82f8-442e-a6f7-d7778e312cd3,Discover,164c8483-2db3-4274-a2a3-df1eeeca9c78
f33a4463-f562-45c5-89a4-005e69c47009,VISA,35d98ee6-8910-480d-823d-b801310d3dcf
1428d978-6922-4c44-9afa-684c9cec466e,AmEx,d69461c8-88b5-4a2d-a8b4-2b942282114b
4ad814c0-290a-4868-a795-771e1b2c851c,VISA,34f3c275-051e-45f3-9b39-e0887c28e56f
a189474c-b2c0-429d-ba79-e9b224cb1271,AmEx,99139b11-ced6-4797-b653-6da6a5630f12
ed41cf13-4ebd-4a6b-85ef-b2eff48932fe,VISA,f2b496a5-b1cf-4886-a517-08a4b3037f5c
cebf7749-d735-4833-b708-30a2e0603fa8,AmEx,e3520fb7-b0d2-491e-b73f-4e811476c8f3
81cb05a5-487c-454d-830b-3594ec285247,VISA,9f87bc0b-dbc3-4a7e-965d-7a0fd48d8f24
8ba3972e-e8fb-40ee-a03b-7d10c0cfa1e5,VISA,ccd247a7-dbae-405f-80a2-fded02589581
cd7d2dca-f1cd-431b-a5e6-bb5cbbc6fc69,PayPal,30e9b419-88b9-41f1-9063-12a472a7990b
677180db-213a-480a-9257-0fde9084df92,MC,0b13ab2f-968c-467d-94a6-a8eb38ab0056
1e090ca6-7a2a-4c95-be83-849f1371266a,MC,e286c8f8-1485-4c3b-8c08-3c89fed0cdc3
ca493dfe-8755-419e-acb5-2dbf9a4db39c,VISA,e8aae222-6825-4242-b147-7f0a5c9604e8
92ffe5fd-1de6-409a-ba12-2b56d159bc98,MC,c1280b86-16fb-476c-9d42-2c2fd6211f31
0bab5bb5-32e5-422d-b68e-bf85b7ca1f3c,VISA,d2010793-be24-43ed-9f60-da61310d3ed7
fa9f3ef5-7a3e-4fde-a143-0482e60582ea,AmEx,8ad7fa37-3ff8-49bd-84b0-0f939766e20b
8163cf00-9327-4471-bdbb-e2fc20fcbf6c,VISA,ad01d204-67ed-4399-a174-8a08f140002e
5e1a74e4-10a7-403e-8ff9-b0e7977c7446,AmEx,0747cdc9-c2ec-4097-abb5-4a3deca07f66
f8607604-c662-42c7-9e03-5acdece8ad21,MC,4410f620-5e54-439b-9800-4d7879ac34e4
0dc2eef5-85b4-44ca-9ebf-7c5cec94ed2e,VISA,279a9396-97e6-4740-a886-5556a84d777b
715f6edc-4c21-40c5-b621-d4b651ce7292,MC,c2241241-919a-48b9-8971-6ae0df50e031
ddd10277-e50b-452d-aef3-32e30ce050cb,VISA,78febca6-e472-4547-af25-3320ebb16e7e
ae77fa40-f131-4469-98b9-d3b0947dbc79,VISA,bf505cfa-8240-43af-ad70-fd3c14547b42
98d4160b-2bb7-48ee-a70f-a60100d6f5a3,MC,5676dca1-9099-41a9-b402-ac413b7a0838
44df317c-46e8-4fae-9c45-1a7f3f6c4d7a,Discover,77107ca9-f2af-45bc-9929-f7de01c8f84a
d35fcc23-c4c5-4861-9a44-6052f323f292,VISA,7e14d2e5-e270-4c0a-8942-1329353e921b
27eef906-dea9-4f77-afcc-f7fde7a43e65,VISA,f1a6b62a-5df2-4392-9fee-8537c0b6a195
c864584e-5872-4619-a167-bb43f7bc9b20,PayPal,02b8d37b-29b2-48c2-aa46-9bab74019581
f754a98f-bf5e-4365-b366-94ca24603555,VISA,62051986-42e8-4c8a-ac68-983be0b14611
0ee99ded-add5-4abb-8429-aa7238ad88e3,Discover,23bedd33-b9c6-4aa9-be4f-8e71416a9637
7948dd78-b9f1-439c-bbda-89f16adb7293,VISA,c6db5596-4fa3-480b-9ea1-daef5f7e1d73
141ec22b-4be9-4e27-a7d3-095b7b63772a,MC,f2cd8bdd-0d50-4e63-ba94-93c975f16e2f
d5c47d5f-7836-483b-b7d5-a6703aebf783,MC,78e09e5d-7e72-4fd0-a72e-46d8f9644ff6
e8e3fb22-ff1c-4703-a185-f27b04f207f4,MC,958560e7-fd62-4213-b6c7-149c3a33b145
5e2782b7-0e11-4089-8dfe-b6d13356b94e,MC,cfc7f031-863b-485b-9f50-ed30ca4d2453
f4e0ff58-5644-4959-a534-00141919a0a0,MC,55b890b5-4d52-450d-acb9-9900762019d1
9527b1cf-bc01-4111-8e5e-0339bd15f147,PayPal,be481e78-41bc-4a29-be44-27972ba651ca
937b4149-60dc-480e-8012-d7f24ab818e1,MC,51348723-80fe-405e-b90b-ea2278564f16
4ede6d7c-ea75-448a-9624-fbc5c75130c4,PayPal,f3db94fd-144c-4061-bf82-17627bead566
5b5cb8f7-3698-402c-8fd9-d06a1eec9e91,MC,e4491a43-b9c9-4d95-9191-23a034d20803
fd01abd6-0313-4d00-83c9-1d7c53517a9e,AmEx,58dc93d3-5814-4c8e-8309-dd06449b4e43
649d3b53-ad69-472d-b36d-972d5c8918b6,MC,cf718d5c-3e94-41f1-95b1-59b99d0230ea
6d51c3aa-f3fb-453f-b06f-062d67fae6c8,VISA,cbe15e32-5a51-46d8-85a0-fd96b1643d45
073f324c-0338-46be-b13d-b56be0853803,Discover,f2d1ce78-c26b-4664-b7a3-f81e2d41e51b
b3b4255c-8b17-4541-86a7-877918ce0133,VISA,4d27d6fa-3504-4b99-8480-b65e259042ff
59ba6432-a5f9-43ec-b2e4-e55352eb7a86,MC,e7b80282-8475-4066-8593-42e0bda160e6
294cafe5-ff45-4469-bd70-438b57d90597,PayPal,a922bf2b-6093-4e24-a8e5-3c0f3d6e733a
31e321ed-88da-4e22-b6c2-c743fa5adba1,VISA,652bdeb7-5564-43c8-9f92-40a392af75a6
7d0554d7-f2ae-4cbb-a53a-ac2d788cab36,MC,eff916de-cf4d-4218-85d5-6d8032756582
a2bdc44e-a0c1-4b5d-a5b5-a84c9a88b6ce,VISA,347e0fe4-6315-49cb-8bf5-ba12fb1cc880
c83f90e6-a02d-4c1f-af0f-7a3bf37f7ed3,Discover,96f7eedc-86dd-4a58-903c-5e2bbfd8492f
bebbd153-ee63-473c-8a02-7d52ae1a4650,VISA,e633a97d-83c2-4534-9cf4-55d12807870a
c5579292-a645-4843-9afe-b1dcbceca32c,MC,bddfaca0-4b88-4ef2-9ac4-e8fd2c2f53b9
5095102d-0c36-482d-a575-6ce5648506f9,Discover,c78f0513-0e29-4760-ba7a-e028a253fb04
473c0336-395b-4b7e-a599-b661ecea4ef4,AmEx,931ecec2-b321-4420-b1ca-7d30e29a04a4
9bb28a06-b8c4-42db-bfaa-1b35baa2b6c9,VISA,854f9910-b80a-44c3-91a7-7b85e8edff0c
2fdaf2e7-baf4-49ec-911d-3bd2f21ea6d7,MC,19a423c0-43ba-4267-ae85-c9efa32934d2
1333ba42-c53b-4b66-b166-dfbae8a02328,AmEx,930dda4d-16f2-40fe-839a-ca7539e96875
ccc71643-8eda-476a-8a6a-345ce9a55640,VISA,b7a8cc61-ebbb-4829-8c50-ad1629336826
ec57336a-adc3-4e2a-a259-233ef2dca13c,MC,59262c09-53cf-4bf0-90b1-8bfef196f3a7
fd947b36-4ab7-418f-b616-f2361778f811,MC,0952c601-9cf4-4d2d-ad27-8c6f59727bea
2f7b3ae0-808b-4070-ac7e-e32632c099fe,Discover,73cb908c-0e77-4ee6-9740-6b857547512a
0eef8839-3c06-4c75-9894-e5e381841b0a,VISA,e464beeb-752d-41ea-97aa-11c9d321fc25
ce98533a-eae6-42b8-a266-80e3dd27bbf5,PayPal,9f017ad6-d197-48f8-8995-1577eb473af2
fc7f68b0-2140-409b-a408-49c6a6f49001,VISA,e7b49d7c-983f-47cf-ad06-506dc9464c72
36c653f7-9e47-4ecc-b688-1461844a24b5,PayPal,e296ffd8-96f8-4abc-b766-7cb5ef2974ab
bebf8158-4f45-4bfb-ad48-1b6083c2d3fd,VISA,483e1c40-730f-474f-89f7-9c36433e2039
d72de68c-0b60-4e4e-909f-dbaa52144c3e,VISA,cd79d2d2-4edd-43b4-8287-05bf9baa35ba
7f745d56-7472-418b-9dab-8ef54cccbf58,PayPal,f2350eb3-e9c1-4d1c-9e81-68f5db334e34
6cfa0b4b-8bdd-4e40-a88b-c0c73e0e588d,Discover,f739f1af-b96a-44a0-aced-3b8a9a13f51e
e790aaf4-e986-494a-bdcb-a23240f47323,AmEx,bc43a83e-a595-41ae-b766-ffeae9055cb8
20788fa7-b0a7-4a93-8588-3888b4bb27de,VISA,4820e4c2-729c-4799-b61d-e6b6389d4f55
74ac28ea-a105-47f7-9d1c-83485c8f598c,MC,7ebd8de6-ad8b-4034-908e-395d2ea37af1
d167f902-cb9a-445b-8bec-c896d4a2b761,PayPal,6a2d26f4-379d-4f97-97c9-1feb309b61d1
bf130f5c-08e3-4471-b2f8-9dd6d219ffc9,VISA,2b564d15-8e78-4440-8732-7320d130f205
a84a6098-86c6-46c1-9a62-b16d806f6431,VISA,7e102418-3880-4064-884d-f5ba6c13208b
674fae7e-4f89-41ca-a11e-82e8718297a7,AmEx,08bb50f3-80aa-4632-8232-1759481d51c6
f220e714-661e-45b7-baf6-8c59a0584c4e,AmEx,015b43f2-27ef-4811-9816-e7e42f950dcd
c50e3063-1f51-4abc-9002-977d938c69bf,VISA,b045189f-737f-4ed4-9b00-5ac924bd52d7
87aa1882-ffcd-46f0-8a87-0122f71e04a3,AmEx,9e34b7b5-f190-402d-a628-5bc5cc39851d
b35d9869-7f6b-4093-a539-1a6151cd3235,VISA,812b0cae-151e-4c1c-936f-05d57dbf325c
98b70e42-df79-48e2-a715-0598539aa89f,MC,4c366c37-5a14-49d2-9cf9-d5abb18132ec
533fafba-0486-4577-baea-6e8e893c8398,MC,8013b1c3-94c6-40cc-b176-87e852a5ab10
54f7c1af-4fe7-4ed2-b9bc-e25644ce4a42,AmEx,a0dde23c-e0b5-4200-872a-0f297685e8e2
cfa03cf4-a474-44cc-845b-53a765f2eb35,PayPal,db8937d1-daa8-47fc-8e76-d66f37196a40
53d13352-3b94-4d63-85f1-a04b3328349c,AmEx,11ee583a-997d-46cf-833d-da4df67c86af
87be87bb-8727-43e8-8b5e-10c637adfd67,AmEx,f3c83f5e-2e6c-4378-bca9-3dae8748d5f9
37874c16-c673-4074-a794-102b4e85565a,MC,4542dbe0-a2e7-479c-b834-54e702af9124
d4c0dc9f-7c9c-4aa1-84ad-e29296ec5dab,PayPal,568a109a-8985-4b6e-a432-47ca9f5fd332
df6ffa4b-677e-4d78-8ae1-3b519c3983eb,Discover,e14add55-9433-428c-9d8f-94a9ae10ea8d
a5a8d91c-4b7b-481e-80c4-2adf0d8a7867,VISA,8016148a-9a58-4029-985d-07c32909ab08
77a5ae65-ebd1-415a-b64e-2c7580638a26,MC,455f76dd-523b-4ec7-bd53-cadf0230e7b5
3fc935be-ab1e-431b-baa3-6fd000ffeef0,PayPal,221cb827-bb34-495c-8446-6c82940ebd15
9e67d534-ebf6-469b-8af2-61d718d1e659,AmEx,173f3754-15d6-46a1-8033-3f5461f4e170
ceba969f-99b1-49a8-9f48-89f5fdb2a8e0,VISA,ea808c42-2388-46b2-97bb-6c63a35356c3
cefedd2e-54f3-4e86-8f95-8917af62d2ba,MC,fe3a4054-1465-4f3d-b052-502f1ee1f2c2
3524c7a4-c5f7-476b-9717-eb4ddb545ee9,VISA,0ce1e9e0-bfc0-4561-bb11-54d55302ec57
815ee9aa-515b-4273-8ec7-6bc4a4c843a8,VISA,a183b539-f68b-4a32-98c8-bb9062e53610
1289b035-5d60-40b8-bed0-8c5a1eb62827,MC,f0fcfa7c-8c07-4a15-af27-1cfddc758df5
22496dc2-876e-43fb-bd53-94b4823dd02d,VISA,054702ca-7680-4a62-8de4-01d5492e259e
4e66120b-4b9f-4c9a-b6bd-3a041c98837e,PayPal,d7da976f-3dd8-417a-970f-318a4fc99230
be45f310-7f5e-4cc0-8735-0348c647fcc2,VISA,35e951c6-e0a3-4ad5-a8d2-acb2f8807a88
ce31aba4-db5b-4247-9fc4-66e88d706667,AmEx,8d2a4418-aef8-4bf8-98fc-4dca3b07bc6c
9309eaf8-0237-4ecd-bee3-effc1573fad5,VISA,e827b88b-6518-480a-a3ee-56773b7d081a
067a5d22-9137-4d4f-afed-7ce914148488,Discover,9a3451a5-cd58-4d3e-a8e2-1a950b01b233
2c4dc370-aed0-4cc8-896e-a5695d9f5be3,AmEx,8b8839ea-11b5-4e25-aaaa-04af46058560
d6a5b4de-f919-4e7d-8d21-2c712ae17e19,MC,f99b1bcd-76ce-4e53-91cf-a9c748357e2a
4d04ee96-9e86-43ff-9d21-314dce88ce37,AmEx,515b02a8-7ca0-464d-9f4b-d694125ad754
02c50171-e755-4314-8227-c9e0aca1366c,Discover,3a68d15d-3b67-45a4-b26c-b7d20473832b
31e9662d-75ad-4582-912b-f001212eaf21,AmEx,f26bc5b0-6853-4d5f-9c03-dca2dde2b8c1
9b3e3266-75c4-4096-87ab-a78b370dbbd5,AmEx,39bbf913-4330-4cf8-b909-4c92cac61328
ead3f2f8-06f6-416f-846f-1af2657553c8,VISA,cf61a3ac-ad0c-4650-a366-87c40145c876
37a90405-e29a-49a5-ac3b-6251825a2fe7,MC,8fbcd5ab-9a77-49c0-8003-15fc9b707ecd
d3785624-439b-488e-b267-c17727322b30,MC,6d745383-ef99-455d-91ba-37aa1b16cdfd
9a7b4c08-66f2-4a6b-a2c6-4dff25b63cf0,Discover,f434a688-8b76-46d0-81a9-20d527cf35fe
f3c26a9c-ddde-4f77-a061-be61eb26b214,MC,640cc3d5-311d-41ca-9b3f-95eeeab48a41
55b1a836-7f3b-49a5-8b7e-ff9cc193a25f,VISA,c315a308-43cb-4cae-90df-6841119a9243
9c4bcf62-7bb5-4bde-a472-2b9228f505f2,VISA,68bd480c-69cb-4b8f-93a6-a7d016313a29
b524e052-5ac7-4d47-90bd-371eab0dab05,VISA,77b9c215-e8d1-4e41-911b-e930f5c107a8
4556ea5f-36bf-4c20-ad00-39a34b3d42da,MC,8bcb7272-3caf-426a-8441-b826601b89a6
68df4dcc-5f55-434f-9629-a2fc9ed0bfcf,MC,ad6d3a95-59cc-452d-9e88-9390bf0dfa7e
9c440eda-3329-4b3c-8853-cf819b29ca7e,VISA,0b0570f7-cb5a-4c46-8a32-eed0292a2623
902fd933-869b-4406-bea9-930d3b112764,MC,caaa42ec-573a-4835-a26f-7b1b1cd3859b
19a98869-0d9f-4887-bfad-af19aabf157e,Discover,e6a5d8a5-526e-4df1-a309-1ddb9fcc62b7
12a24575-4088-4ca3-807c-e296506e2b3c,Discover,3298f57d-b4d5-4dd8-8601-47e6734414fc
294b8520-7adc-401e-b90a-ef09b2ac4370,VISA,273f540d-5ffc-4f7f-8217-1a106bc99e4b
a4022628-e279-4914-a6fb-e172eeb6600d,MC,90cb49d8-99db-46f2-837a-b341cd195ee7
9ce943ea-bbb8-4f06-85c7-85f3d410c865,VISA,69649495-dd15-47c7-a66a-f50400b227c7
94127dc6-cb68-4c12-ac15-f462d67cc377,AmEx,6824e148-f928-44aa-84bc-74cab2803463
2b9b2cff-3c71-4e56-bb64-0e21d6a5988c,MC,844d6ecc-e544-45d6-8c72-4320922685b3
ba4c82e1-a0b7-46b6-bf7c-65adb3b7718a,MC,6e6c22d9-60f7-4330-8a7d-18c1bde9fe20
5f49e270-8460-4faa-85f8-5c98be344e2c,VISA,336492c3-f55b-4707-83e6-9506db9046e1
ee55af1c-a955-4232-98cc-937af5835849,AmEx,af7bcfc7-7c82-4668-a04a-305c211f242e
7cdb3271-4578-442a-9e8b-654f33da801e,VISA,44604547-b4ed-49d4-8856-f50d58053dbd
55c4cd44-4d78-4c3d-911c-a257da06ee0f,VISA,24f5fbea-ba01-4a2f-8cef-30d583663dfd
12de23d7-d8db-446f-a23f-7b9857a6bec9,MC,4161e816-6108-4bf0-9b18-ae23deee1b9f
d778f25f-2111-4f86-a5f6-55ef7a391836,VISA,76a38da6-afda-48aa-b7c9-fb21b80c4358
22c127c7-2c1f-4549-ac12-3f899943038a,AmEx,80abc946-fe57-4dc3-af8a-99c00b5ebe4c
e36ce974-c109-408e-a09a-b081e6cad07e,VISA,3c058edf-cac4-4948-99c8-fa35d9cf8891
d7beb279-7bc0-4fb3-91bc-8975b9bbbc93,MC,1c809dd8-2a02-434c-9515-6923793874d8
4f42b298-3279-46e2-8715-b865a7828181,MC,5fc5b5b8-6602-4ebc-9082-0a228aa9d200
0b499774-1589-420d-a00d-8dc9e7685d34,AmEx,acf2157c-9ba6-47d5-8e87-eae11d46c87f
ab9fd614-49d1-4f4d-b2a0-13dbbd2a9afd,MC,77b353bc-c5cb-4d4d-946e-3cae4f19978c
79a65cf0-a5a9-46a2-99ee-5b90206970da,VISA,b918cef2-18f8-41bc-b616-52d83334d2b2
5bc1ae6f-6d78-4179-8aeb-640ff84cce48,VISA,898deab2-8e83-4706-b0f6-fa60073a86e5
8158455f-9a93-4b60-9c71-15411903a24b,Discover,c71b580a-a1a0-4e04-8549-a6cb4e6ea6a5
1cc836a2-4ae0-4cdc-a6d0-e01f9294d17f,VISA,c2f88ab7-701b-4a08-af43-2ae1f57afaef
8a0c81ab-053d-4fad-a42c-d3363c371f4e,VISA,64343ef5-6c59-4b2f-b252-1b56b093dd8f
d8abd8e2-c266-414d-87cd-ea559d74355b,AmEx,0c67feea-1e85-4a4a-be0d-2f13311fbaa7
247ec04a-5034-4414-8bf3-81079d8a79a4,AmEx,a5a092d4-1516-42ac-af95-c98f4e4cb03b
13b77397-38eb-4e7d-bfc3-efb3dbc696aa,MC,b138760d-486b-42e5-bd4f-4c0d17c2cca5
1904c23f-dd6b-4bdd-8516-15e804cb46eb,AmEx,f56ac2af-c240-4ce6-9a6d-9a40723e5ac0
9c8232f7-8e3e-4675-bde9-d3d5d539380f,VISA,2a79b21a-cee0-4e2c-8d56-1d7fc0e4f351
65165ac9-c976-4012-a27b-561c5b38d8eb,VISA,1d43ab8a-40ad-4832-82d2-b04e549fccd6
344b2b95-77f5-48e5-8d64-1e7a04fe12d0,VISA,efe13a47-37d5-43fe-9fcd-720203f3bac8
9609754a-b99a-428a-a7c8-25ed332e6b7a,MC,7732e5ee-cc64-4645-907a-ba8a57a972f3
a10d147d-c040-4870-bfd5-d649b13ed3a8,PayPal,85dee258-db56-41c8-a0de-f2acddcddbfb
9d35c7b9-ccbd-4b44-a970-fcd557e133d0,Discover,b8b38af8-db1c-4778-9cdc-204bb52aa25f
b392420c-30fd-42f0-bf9e-c2b063b3a795,AmEx,63241d8d-24dc-47d5-8c93-9877e4954ff0
b3c6952b-6d8f-448b-8bbb-bf04a41b01eb,VISA,a0a58570-d40e-42f0-bc0f-8dbe540cb4e0
eb3d7e88-0614-4427-8030-159f98a1d17a,VISA,07e96e68-74a1-4292-bf42-a853f75d1079
f645e43a-75b3-4ce0-8fd6-ebb3b1c9d4b8,VISA,2217c72d-4dc6-4f25-ad58-c51829de9395
dd5f54d7-5abf-48c2-9b73-c2df06c3dfe2,AmEx,9a03872b-3614-44f2-b7f6-57d70d6de8bc
2b454cd0-0f6b-4559-a4dc-6ec2dc4e58c2,VISA,64c699d0-e356-4ab1-98fb-ec3e50524e9e
305ac895-e5e4-46d0-89ab-a0e6aad482b8,MC,69be4f49-675e-476c-8ed9-35c97e000957
7aa29308-b506-4fe0-903a-0efec116baa5,MC,4bab0c80-9bf2-4bb8-85b7-0171303c2973
74ec6d3a-c492-4f45-a70b-1f23fade5969,VISA,9edc55f7-5d12-42e5-a546-5e5516ff2cf8
27064ffc-110b-4697-8c32-6b5eee322b68,VISA,af599437-4722-419c-bd8e-164c00a1fa27
75f09c4e-cf3a-4dde-b069-93853e6397a0,AmEx,d75f2bcd-baa5-4012-94f7-775be70c7e39
10a45b7e-31e3-4fc5-85ae-684946ab5a5f,VISA,565f3642-b337-4204-b9bf-2cfa4bcc58b4
0c2a878b-5ecb-4c3c-a4ee-67f541fca169,VISA,fb6e40fd-0043-4660-922e-a8f66659f627
0db4caed-1245-4349-a2d9-229df3621488,Discover,05e9e18a-5421-4150-bbbf-1815dc6a6e18
99d63dc0-8e1d-478d-a5ff-92eca4e03d6d,MC,16d11272-1818-48b2-9516-476266c4fe41
ae97dcd3-d1af-4e2a-a37f-029b4130cb61,MC,a3aee1db-0e7d-4a4a-a1db-367a4c8a3524
01df2de7-3de8-4806-97d8-7eaa5cea44d8,PayPal,d38b013e-87a9-4e14-afe9-18a517b89d5f
b8b5dc28-eadf-40c4-b0dc-39f9ce963e83,VISA,943a7f58-fb4d-4e9b-82b9-9314e8c8a203
54c185ed-8a10-44ed-b45c-bddf618790be,MC,7cd5472d-0489-4ad2-b485-40a50850c2a5
d700e73c-5677-463b-b69d-c76dffe290c4,MC,cb4cc09f-91b0-48a2-885d-a1a9305cfa96
7a335211-b9bb-49d5-bb3f-a8ff40cd62ef,Discover,e6082337-9dcb-4666-a518-1e2fecf87f11
bf4f6237-7d96-47bb-9cca-c8feccb54dec,MC,bcf9e954-4479-4769-b0cb-2e1ca1d424d3
6a84d632-cce6-4ad3-a379-b23bf5991105,VISA,451e48ee-f3d3-40bf-93cb-fa8deb04bf0e
0898920c-a554-48ea-b681-b96dcd2fcff3,VISA,0836d246-f657-4639-8b5b-f0db791a65d4
30b1aeab-0390-4a5f-8a0f-c859c1aec20e,AmEx,c12181ae-09e8-472d-a244-c9522851e7b3
ab8aa22a-6d3e-42f3-b71d-14b8e4e206a6,VISA,1b9fc676-d429-41af-8b0a-4d2bc85b78bc
c1e6d11c-50b9-493c-b8fc-933e97d66aca,MC,9dfbdc86-6424-4972-b807-9de780bb48e3
7f0c0276-1a29-46fd-aea6-71e268301c58,AmEx,0dc00ed9-53e1-417d-8c75-0eaf33d85e0c
3ca8c351-6626-46ff-b0e8-dc910542d84b,MC,c55569c4-e4db-4987-8784-c1215c856208
d42d910e-7fb5-4727-8253-c1cf67b21aa4,VISA,fabf337a-bd56-4967-8dc2-a0a4a265776b
5ccd7789-2645-4cbf-8c5c-98cbf9034db5,Discover,9eae2aff-1bf2-433d-80c1-f5b63217e2f2
b3cad5f5-f9dc-4236-a499-038d4e03f5f1,PayPal,a5665f00-9ded-49b8-995a-63f33e3937e6
1f5acdf6-47bf-4b52-89db-ebc6ef10faa8,VISA,501bcfb0-4e83-4d12-b2e2-325a03172fa0
84b3ac3d-4744-4cb2-8a88-ed2e24579b62,PayPal,b579b95f-6490-4d56-b220-c3511aea9f89
2e0d9a09-9ade-41fa-bfc9-bfe5541a5172,MC,cdd4fd9c-27ca-4786-b322-0370ae0510a9
72487ac9-3922-4897-a30f-da1ee6aa7736,AmEx,62ba5579-a091-48f4-a08c-2dc28dbe7540
0333e4bb-4c57-4885-bc98-7578022beac3,VISA,c17b5812-a5d5-42c4-9389-eee9b57758f0
7e2cc84f-5cc0-4872-a448-625cc78964f2,PayPal,1f0fda80-0e0a-4b98-8471-dbad32466cc9
2f32adef-2c54-4c90-bacd-88eb2e33882c,PayPal,3a2caaae-968a-4e5c-8cb7-f41eab9b2f2b
6e07861b-9210-408c-813f-d3b0b261c402,MC,7b506d12-0428-4a12-913e-f90a817fd72d
199583d9-3cde-4476-8447-0eae36ee4428,MC,4b7645ec-9f70-48e0-a76f-dc562cb7b1f3
224e0880-87be-40d2-8b6c-6a30ed59c3dd,MC,f2cc7406-14d2-45de-ad59-9db6c9e591a7
15aa8c1a-0368-43c4-806e-f34dd12493f2,AmEx,4ecee116-2d58-4c21-996b-f4d2928ea256
84ad6a20-622d-4b7a-9c25-dbf0e8fa7340,VISA,fe7994b3-e4c7-4d23-ad74-3e9d8edfa098
8d75050a-9e8a-46fb-ab47-3160552234af,VISA,9f3d418e-2733-4090-91d4-5e9d177dedc1
5ed264ec-0b7f-4946-9e1c-934d0b4f5733,VISA,358e6386-c848-461f-b64b-9b71d33e3ee8
6af47dd7-581f-41ea-8ba8-f11a5c1dfbd5,MC,df564966-bc11-4e1a-9580-ed1289be0893
a036d026-63bc-429a-a859-74f50e8b6a57,MC,e1a99e36-dbfe-44ce-8a0d-956bdff98870
ccc27cda-b6c8-4050-94d8-7bc235d1d1cd,MC,de471428-a1fc-470a-b79c-c71b5efa9ecd
9fff85d7-00c8-450c-bf58-e7476f98d6ea,VISA,68f9b3a0-d66d-4ee3-b645-9402e4dc36a7
a9190c54-4435-42f4-9d7c-9057130f9b56,VISA,d957f757-6b9c-4d4f-829e-81b53d9433e6
fa11817d-e2fb-4c21-a4f0-16e9255f16e6,MC,ceb1d473-1d66-4eba-a019-299a900bb738
a646818b-be56-4c43-8f7f-77b25d743286,VISA,9e385879-bcb5-46cd-9c13-360844c24433
470a4b53-5a92-41bc-8a36-7c4f78f7e620,VISA,51615eee-3e35-4757-9a43-ddab772cfa98
30e9050f-100f-4330-9d0c-8d0e6388df2e,VISA,e6a5e32c-c2f1-42a9-9c69-59583b3649c1
2fa4c5a4-cc1c-4ce1-9008-dfa3c80fe13b,VISA,711f9aac-6c2f-4714-b2a4-347e2a3b0ccf
2983f573-2c43-4a2f-adf2-14fb3f6bb995,VISA,da8f82c8-fa7a-4f6b-94b1-6bf8dcbafaa4
085718ef-3945-4edc-917c-e7b17f22c296,AmEx,b33ec196-778b-4c64-97c1-863fc72b3553
d16fd519-1ae6-4098-8b82-3695bc603ef7,PayPal,a6d23579-ce9b-4751-8da1-e15a283736bc
65125f90-03f9-42cc-a81c-1cd9abc5951d,MC,25e73885-8372-48ba-aa3b-7bd0f44b8eb9
618f951d-e0d5-4d69-8be5-25d0793d1e7e,VISA,11d333d6-8bcf-4ba4-a26d-e01a3e8cac42
b883139d-ad9a-4253-b96b-12431bb9d31b,PayPal,ff9ee851-5f78-44c7-ad46-5de1c7890316
11c8cb0d-f1b6-4828-bbe5-7bd85e77ee97,VISA,52c637ea-e828-412b-a73d-eb18a4459260
62515034-c228-444f-af2c-7d18558c2132,AmEx,aab45ad6-252b-4499-ad22-ed3d09fd1b31
ddf13876-779e-49ff-9c03-e5cb60cc1ca0,MC,9c9be9be-5b3f-4dda-a963-1c8eef683ae3
8e36cf50-91c3-47e8-9667-b37926a774de,VISA,cfe5dd18-8683-4f00-95f6-0b1eddd6ea2c
4567a04a-6439-4b7e-b73c-b5d3519cc486,PayPal,7e5724cc-74ad-4742-99cc-22ab5573d5b6
5563748f-c9c2-496c-9cd2-cd43746ceb0a,VISA,b4f438f5-28c1-454f-b3c0-3faef4e1d331
dd1364dc-05e4-4fcf-89e9-ab986caa2291,VISA,e815b1dd-6a83-4133-b9f9-8447111b642c
fd0baaf3-5eb6-41be-b33a-d67af72ccd99,AmEx,d2c2a3b3-272b-4376-b4aa-822e1fa3265b
2994efeb-bb02-4d72-8ac7-039b69bbe4a7,VISA,99bf644c-b7be-46a1-8def-613d8babdf8b
027634b8-2dc1-479b-8f23-ecf41bfbc493,VISA,a777415e-e5e3-45da-a134-dd7b9bcc81bb
8b590619-d986-4203-922c-0ef86461ba00,VISA,e13ab4f6-3c10-45da-a894-52946c029a92
2a3b511d-145f-4742-a66a-5ad11dbd98f8,Discover,941af27e-d34b-4472-a1bf-96003b827f2a
ba1d2d95-13c2-4ccc-9fb5-fc4e3c527e2f,VISA,4362fde5-aee4-4e17-8c79-c19c0be7b9f7
905722f7-4b31-48ee-a56d-16debeafa70d,PayPal,bfe7cd33-37de-4d16-b8d7-8b6f67c430c4
b85e898d-c11a-4a13-9aa3-85ae85d39854,MC,9e148d70-0597-4ce6-b162-04ec71becbad
c5dda7bb-d8ab-4cff-9f98-92080a6d3196,Discover,4c89cb7a-6c3e-4300-8080-0d422143f98e
911b6861-8130-4939-b64b-e7c26cf5187e,VISA,c1e75ea4-de62-4c72-b8f1-32b8d9cdb8aa
9a499c95-886c-4a0f-aead-0e25efc4bc1a,MC,a542a537-0c32-4e26-a4d8-e8be4e534504
a310991c-d10e-4533-b0f1-c3899d51d568,AmEx,6781513a-ccb0-424b-9706-ba45c3da9363
697e6e91-e221-4fd9-9d8d-cfee5997b509,PayPal,51678244-506b-4a15-bd10-1a72524a159c
774b89fe-3ac1-4c33-ad2e-e36bfa584908,Discover,8d4c8d18-c3fb-4da0-9da0-b78561159860
0efe3f50-c7c3-4705-908f-276128259461,VISA,e71f1d1b-a3a6-4a97-b5ae-39e9a4c58075
542eb7f2-3352-4870-af5e-4e6e3f7242fb,Discover,90925c1b-ab46-4e7e-a658-791b1b8f306d
353cc8c5-6a7d-4237-99b7-ba58e9c54e0e,Discover,687a253e-39f7-4c8b-8ee3-8d529ccb6ce9
d7098bd3-fb13-482c-bdea-9628b9a3e61d,AmEx,318d1f9e-bc9a-4eb8-82f4-8225f0b72c44
9e66692c-1c38-43b4-806c-e166c1cf2181,VISA,89a5b384-acb4-4c23-aefd-9b1ec9d79c68
f9cc405f-f33d-49b0-af73-551f5bba139e,MC,9503418e-eba6-4e7a-9505-f4980b2c803b
0c389714-cb9b-4d53-8ee1-35c4318b7173,VISA,f5c8ef78-284d-49e8-be63-a0e2a6a0ee7d
8bb8b196-0bdd-40f8-bfd4-80ffbd7d8aae,MC,a81db446-da08-4d71-b7a5-cba593bad4d0
de093cae-f88e-4307-b731-31a810df87f3,AmEx,26dfb1f8-76b5-4b45-bf27-61a03afa0429
4a462944-f103-4b4f-957a-c073544c57b0,VISA,ad250693-ab2b-4fe3-ac14-a7dcbf47d1de
ed61e624-ee06-49d8-8b93-56214d0071c7,VISA,9894f213-7972-430f-9591-b7ab37991bd1
5ce5e1e8-b842-4666-b4fc-9b8f4fc804e2,VISA,b6878430-e812-49ca-9ff8-d5c4089674d1
03c8f997-9252-494a-aa82-0fe54ed6dab3,Discover,4bf8320c-8b55-4d5c-b616-dbb982f7f921
76877b1a-0294-4f49-93fd-c67d0ef82c7e,MC,b7c583c2-61cc-4871-936a-1c612aed3b15
6c247372-9e1d-4fad-b85f-4bc1d2e9725d,VISA,1046debd-bb0f-47f5-8647-2ea9917665b2
b5278e35-a822-4af6-afbe-dec71f206bf7,MC,c3bc42ee-e3a1-477c-a59b-9eab7d3dd793
5a4e20b5-8848-43d9-90b6-304131829e7b,VISA,d8945dce-d959-421b-9e13-5fc99ee21f61
a6970c11-1f0c-4e40-865d-422a517b0384,MC,16feeb7a-fb51-4aef-9098-a16794566ce8
91b1ef46-10bc-44d6-865c-ef40fdaca3a5,VISA,fd72df76-ef94-4c44-8a6f-a2e81cf25905
288e76f1-8a7a-4f19-9788-4f0e2f41f333,VISA,80475e64-3531-474d-96d3-9a4bce504022
b3b407ed-73cc-4c86-8ee6-b06297c5fcd8,Discover,61b73a7f-8c60-46af-adeb-8e45f895315f
78d3e955-0596-4c0b-92a0-02e40aed5c8a,VISA,7fee66a2-dacd-476c-8c3d-aeb94465d54e
9281e0d7-b90b-4227-ac36-8aa171e6c784,VISA,5e56e75b-fc93-4824-a7d2-1fb8db7ad26f
9d1fc4aa-d101-40d9-b311-c73a94b19da4,MC,b61efcec-60e7-425e-9282-18af2a44c737
1788f2c1-6ad6-483d-b56b-e6825efeebf1,PayPal,e28aed69-df2a-4ee3-8823-848169720e64
07f87df2-0b29-4ad8-8dcb-8bb01c26dd66,VISA,92e8c339-7967-435f-94f0-47c91f4846fc
114e0c2f-bcfc-4898-a3fe-a19170fe3813,PayPal,4ab64c06-4889-4206-975e-8a2e4ef21690
4f17db13-ec92-447e-a82c-8d2b1a579dcc,VISA,68dc385c-bd7e-4ada-b574-207116cd783a
a1d5c4fb-0184-4894-910c-8c045dde8d54,VISA,f357e2cf-c5cf-4d88-8fa5-10f7be318d18
6783ee3c-5685-48af-be28-b57fa065eb1b,AmEx,bae9fcaf-8b77-4786-9d55-f3a41780b7b1
f687e01d-1374-4487-a15b-c757e8945bee,VISA,cbcd2c84-2d21-49b6-915e-16e814e3e767
1ad7c4cf-59e9-443a-8c29-e802583577c7,PayPal,52f610b2-fb00-431b-81f0-2d3046905151
b326e46b-627e-49e7-8ae8-35957d8d602c,VISA,42f3baa5-e305-4892-9e95-34ed46dbd3ff
28cf4375-a7ab-4bb4-b80a-382f4c672ca4,VISA,d4fdccd3-55aa-4e16-a4ec-db12c1655677
a3b6dd82-42c4-451b-9009-643e8b1d4a81,VISA,3b479339-22d0-4780-8550-dc860b433be6
73840520-f3b3-4170-a3c1-ff8f677e33ab,VISA,098e2f41-5bf3-40b5-b958-2319f2676a32
ec7cb81c-dc40-49c5-b1c0-7ab0b45372da,VISA,dc6110da-a2d7-4325-a899-0740b86b4b13
2a033ffd-209c-402c-bae1-e46fcf8435a7,VISA,8bb67439-1a35-4685-9d12-4f7a138fd962
3aaa103e-f17a-4c9c-8e91-fe2c2c8af58b,PayPal,09e03054-a24a-461e-bebb-af28c4be95bd
252f9723-c105-4ecd-83d5-75ece35c476e,VISA,b83e8b0c-b8ae-4345-94e9-b8e0159fddaa
36e27958-80c0-488e-b137-1536d0f90a86,VISA,d4b729a6-0fa7-4b02-96fd-6937814800b0
0f28f95c-068e-4e50-a4bb-5118debf1722,VISA,1ea88e84-eb2c-498f-bd33-b3abc396b4ef
4c89eae7-22e7-4f62-8fb9-05db422a19fc,MC,e5be5c20-39fe-42fd-9e69-ebf205068ed5
6851a59a-3ce3-49cc-aae0-3f5c49807858,Discover,3861411e-5579-4b33-afd8-6e88ece92a27
77a20d6f-0baa-4fa5-b7c5-4df11dedf4c2,PayPal,21035809-8714-4408-b3cf-4e6ef01fbdbe
c6101764-4d7b-488b-9f77-0b589904f2bd,VISA,2c2defb8-bb71-49e0-88aa-f100efa8b8b4
15daa3e2-8125-4575-85b0-4f85aaf5b569,VISA,59fffece-cea2-4bbd-91b9-3800ae9c27b2
474280c8-a826-4008-a591-b507c79cb101,VISA,6c662b1a-e2ee-48b1-ae2d-c32b2d381140
1de2b88a-5551-42dc-890e-056eb64fc813,AmEx,7dc2c28b-1e5a-44f5-8e9c-de07359ff0d8
3fe65ccc-e112-4d36-bcf0-d3023d424e00,PayPal,68e39016-989d-4e5f-8634-fb8010938f34
c286e6ad-cdd3-4fdb-8c95-8c9ce48c96f9,MC,53615c70-df0c-41d1-beb1-65739a4475c8
53aa0533-020f-4e48-9197-69fcb2af97ff,Discover,afbaf154-63fd-44f2-90b4-c60ff2793da0
60600819-84b6-47b5-9fa6-43a7ebdf2f4a,VISA,cf4e7fd4-e052-4a82-901a-63c2f1b2eba7
60fd4e5d-c900-4ae3-8165-74d73a1a0df8,VISA,016927d7-4289-45bc-b5ff-f3a038db6ac5
403123a5-fed7-464d-aa55-5879befc7451,AmEx,f249d6cb-c52d-4117-9f86-1e049498efed
19103cd4-e5b6-470b-b789-87f43a9cd44d,VISA,039c8017-2c37-4899-a304-75bee509da22
71d681ca-43c0-48e4-8524-adce31aed05a,VISA,1903d5d5-f3ca-48bc-ac1a-177821685836
79206222-bafb-42c0-bcd0-581987722380,VISA,e25ad405-c2c4-4f99-8940-a752dc9f0106
200e9d27-3cb5-41a6-9a46-b5401d580b9c,MC,990b3110-d2e4-45d4-9fc4-6ec58413e976
8d8f1757-c303-4cee-b441-a39b7c102da0,VISA,c6eb4e17-15ee-4215-8c41-dc5b3ae29070
ea0e2bea-67d7-43f1-a16e-82fdbab1c167,MC,b420effb-ce18-4f1a-a583-4e09d1cb7ca6
6bcd8723-1af3-471d-a659-af9f00d5e862,VISA,72d4c4cf-52b9-487d-a3c9-809ceb192ff1
b20b8014-6412-4fed-869a-35769aa42974,AmEx,ae6d297f-4331-44ce-8a9d-d9c2b52f1c0d
56d60b58-9536-4992-b986-387fcf78ebda,AmEx,86055770-210b-437b-bb79-d8daec71e729
99b99224-f4d4-4e57-8f73-77059a986ece,MC,e9c8c5b2-785d-4477-bc08-554c2a86fd87
60350af9-e488-4ef9-b4b6-fcbc57d7a84e,VISA,dadb0bec-b393-4bfa-8f41-9ec6eaf9a5b9
1f188bb8-f556-435d-ad34-84dd9455cbba,PayPal,89558183-6fdb-4947-b113-adfbdc45b762
66d9b585-04b4-421d-8ebf-e19485b707a2,VISA,4c92eb27-a1e9-4c9c-bea6-5dd863bdf649
c7d0c41d-f5af-4135-8483-30adae074da9,AmEx,3052dc18-2137-4685-8d0f-2836baf56e8c
8f34368e-7eb4-4963-903b-a4aa2a1de6df,PayPal,ba45b0aa-2749-4634-b9b3-3412eb72341c
06c85a4c-eb6e-44e4-8ad4-5bba098f98c9,AmEx,0bf69655-13d0-4a69-ab4b-99b31dfe9ced
6fe347e7-9c62-4664-b7f6-05677fdc09b1,Discover,8c6fe920-879b-4824-b489-eb6309ba4ba7
f2d57cfc-0b8e-416d-8568-47c6487ffe8a,VISA,122e9b88-8e93-49eb-8a6a-66c50d8fe11d
a4d57666-c81c-425d-917c-861a0a024f2b,MC,807d224d-7905-40ea-a35f-9bd6451c126e
cba1d657-3a78-480b-b58b-25fdd822ee68,AmEx,1676c65e-e413-4e32-a047-5c76a0b25520
b0c47ebc-d415-4186-b6da-13a841f71570,PayPal,be67311d-c42c-4153-84e1-668b8d9410e9
b20dbdeb-9ca0-4b5b-88e2-316087390b77,MC,16666b34-7a42-40a4-99bf-a396e65c6eb3
2906e09c-0a1a-4940-b35d-12142438f545,AmEx,3c23739d-1fd7-46b3-a571-90a730cb7ee1
1d6392e7-eec9-4237-826d-298a92f328d1,MC,7fd88836-4411-4ce6-86fa-a5f223de0096
7dfeca81-4dfc-43d3-8ff6-91c8e6d18d8d,PayPal,2ba7fabd-b425-4c9e-8f65-5f34b85a4b35
4a3846c7-b450-43f8-a63c-f7ae856f4d65,AmEx,0b6258dc-8e83-443e-a42e-eb6af2a8e389
932c756c-c35e-4f40-b3b6-c08ab155353d,VISA,6a81b2ee-2ccb-4400-8292-9124f00eee12
ccee9d7f-7bdd-468a-929c-b8bf2488c778,MC,a4ce806f-9995-47f9-8e5d-a02bfcdea36b
7d4caf84-f978-4b7c-95ea-86da217848ff,VISA,37d366cd-57f6-4102-8b98-93c31f6dbf77
0a4c1072-31d0-4bf4-aa66-5e88978bc0dd,PayPal,de7326c8-c887-4a11-bf95-4305982aadd3
d0b66ded-5353-4b70-86ef-158dd2cfddfa,MC,ef50aa2c-b140-4fb5-ac6a-627f7fdcc58b
04e61a56-7d5e-4393-ac07-961ad96da707,PayPal,8c6c497d-f4e1-49c2-9cf0-cc4b1c8b4204
d7ea4cca-8135-467b-a467-6767e682e523,VISA,d01db9d7-ce4a-4cf4-9b00-4c4a63dbeace
f98bf5cf-c1de-4567-8127-a03593a63c88,VISA,a6ba92f3-054d-452e-8596-1876a3fa1a40
736c21a9-342d-4851-b642-c56ae8594cf3,VISA,504d051f-fd83-4fcf-9306-323bf0d28b0d
7317b2be-85b6-45e5-8595-47f3756bb92d,MC,0721fd59-372d-4de9-b4e8-63852f3c21c2
bdc6a14b-8202-473e-9764-91aa60a2421b,VISA,2253ce6e-f3da-475a-bbb3-d985a63eb147
e8132413-30a2-42af-8705-b001bed52be3,VISA,849c896e-7be3-4af3-83a3-1bcade5abbe4
d31f2caa-f6aa-4972-86d8-d51849918ef8,VISA,5c5a64f9-587f-4a18-96a1-5185b792528e
da4388f6-01f3-4dc4-8eb9-f2e7d3d4e091,AmEx,42dcaa36-ea09-4432-970b-f19f2376433b
e7201d98-0334-4a9a-8f54-eaa6f288696d,MC,72cea848-cfe9-485e-ae75-a22558b04c02
6b99868b-7ed8-49fd-ad44-062c1b80aaa6,PayPal,eff0cd80-19ce-4a58-9d2a-0db5dc7f7436
980695ea-dd16-40fa-83b9-5cb474c278b6,VISA,8e3f9d86-f240-47ee-a82c-e763a1a05ccf
2146cd8a-b3f8-4600-ae1f-574242221f09,PayPal,56150197-5840-4cbd-bea4-a377c575379d
a96c2d27-102a-4b46-910d-767b18dd3cd9,PayPal,a2a6958d-4322-422c-a7dc-80b6480b038d
23bf909b-3633-40e4-a8dd-d5c674a91188,VISA,26c2d42c-327e-416b-8cf7-98fa9f40b71e
d3b2d9b8-dcfa-49c7-a9c6-f4c44dde4654,VISA,ffa0fd86-9cf6-45bd-aecd-c3d7b88e6476
ff2c873c-fede-4845-ac42-1805a7b08864,VISA,e0567d5f-2737-49d1-a2dc-8f8c3495c9ba
b5f7f832-e1e8-430c-abd3-2d18b7edf668,MC,d14261e6-8824-499e-9905-a518fb3353c7
11d416bc-3037-414d-a31f-49e1c12502d3,MC,380efb09-48b3-4636-947d-c0f4d8169a9d
8cae29e0-6ef7-4a58-babd-0b2dd68bfaee,MC,539d94a4-4c53-45d8-a70d-7d3b06a3f493
75bf0a01-3dd5-4681-a05d-ef4d7a212c13,VISA,9db72532-14b8-45f9-a6e5-19d63b90b0c8
18013848-c9d7-44e6-8053-317cc1db06a6,AmEx,cbd3f284-73ce-4afb-80ae-ad6827149ca0
72d2e3e7-799e-4bf5-b181-59a4ba005b28,AmEx,b3aac71c-1f73-4ae4-89d4-1e8e7fa4c30c
a52f91cb-024e-4709-9543-7e337e9ed99b,MC,8a58e7c5-c28a-4586-b13b-c63bec103269
64be6754-372d-4eea-afa1-d636946ff705,VISA,1e1fe719-0499-4b7a-8679-cc68ccd68083
3ff907f8-84ac-4086-be4d-3f35bab68cab,MC,bf3e6a4a-a0df-4389-817e-e748572897f4
5192cba6-8e20-4b8b-a4bd-a234ea15ed42,MC,63497f04-5d2e-4129-9571-c3942642d88a
538bf173-7303-4d19-a363-ed992e250f30,MC,1f078176-0848-4de7-9f59-e6b99ba21643
dfb0167a-6472-45d4-992d-54ebe72688a8,VISA,ca12abbb-7540-42fd-ac71-2046f2072277
5d9aed14-a7df-43cb-a60c-9321d4ae4f66,AmEx,4ae90a1a-3405-4830-b891-a833dd746979
83dab090-624f-413a-9b49-90d6c926a7d7,AmEx,3bbe9ac0-d063-4dea-a848-82c682c3dae7
4fc8cd81-040f-4f4c-b2c1-b9bbe7a90bd4,Discover,c14acc2f-fccc-4a06-80e7-62df7432916e
ba5c5d91-1bd9-4fa6-a46c-dacb771d5e3f,MC,189044f6-8fcc-491c-9d32-2f21e6923014
511ad09c-d0bf-4da7-b0ee-9e8ba89dd5c7,VISA,22db0769-31eb-4748-96d7-7311395d71a7
f3f24006-2db1-4b8e-945d-084ee825ab0a,VISA,7a9dc8d3-ed40-41d4-a6d3-962e43a3e4a2
2e18382f-f258-4f93-83ce-f919399e557a,VISA,1925c8b5-e70d-4c15-addf-810bdde61b99
c2096530-51f4-4dc8-a1a0-13b4ec653cbd,PayPal,25e8d494-fc73-4a8b-81e1-5faab6edb2c6
ec808020-2d02-42af-ae8b-8382390a620f,VISA,97d7e9d1-0a83-44de-bf36-00afbb989d7c
8b15ee53-0aa6-4c39-95b1-8bb362f5bff6,MC,4436f417-e5e6-4107-ab5a-3200c1548d52
bffc4d6d-a9b8-475b-8da4-cfc309c68790,VISA,d09944c4-5cd1-45b9-8a75-45713d6b625f
4641eb58-c61c-4aa0-9a28-48d04274742d,VISA,7097c895-3554-4f93-9730-e9a1584b30f5
7fde325b-08e4-419a-9a99-2aed03cd9545,MC,f5b13396-4e5f-449f-8b81-42687e3ced40
da3cc3d5-bd8f-42d9-ad63-8b8d24d4d4d2,MC,50bc78a8-902d-4925-8c0e-f7300637a55a
6cc8986e-8595-4d2b-a0c3-f8f78b3297b0,MC,ec1c5fef-789a-4af7-b153-6ae850743f45
d3a1b42d-a6b4-41f6-a26c-c10a965f343b,MC,06eb0108-d338-4126-ab79-31c7e9bfba03
610b71d9-6abd-4d4f-b6c6-8f60ae6671fc,MC,7e2ebe2e-f305-4ebf-ae7b-3373805f3eea
489c3af8-42f1-49a9-a4f5-a01a8feeda3c,MC,56f6f681-747b-423f-a0ab-ae302033d93d
bfb550b5-76b2-40f8-8e3f-187efce81b9f,VISA,fa7d5cde-c413-489a-a3c8-8132ef7f3fc6
5740f61b-d4ac-445b-8753-2aca7cdd81d7,VISA,72efca54-74f2-43fc-8ab4-e21acd22c3dd
cb44e703-0d33-41a2-96d0-6b7c9265cbb1,PayPal,58a7f5aa-f3d0-4dba-b5aa-fff2e6383662
125e9ec8-3b79-4c46-96c9-0a9777a8eff3,MC,bec689e2-cd91-4429-ba78-81c28fbd2688
32ff8c9a-037f-47ed-9ca7-e275c12e143c,MC,40c49fea-c425-41f7-8eb9-d80f10935f12
52007780-8b96-4b59-9b93-13115b2d85a1,Discover,e2a750ec-b5eb-4a55-83bf-cda38a6835c0
73d90b75-e3eb-49b0-95a7-22d916c9807e,AmEx,41c9921a-16e2-45ef-b8aa-51c2d019049d
bf0c827b-3f3e-45aa-a8f4-e897d68aa782,VISA,a9addad1-0bf5-4cc6-9f94-aa2401ef959c
036faf91-e61e-40f8-a4f7-699ff706c525,VISA,6e62e3d7-06cf-4db8-87f9-20330a998271
0b22ab27-c6b1-494a-9eed-a64c25c4e55e,VISA,97cfe257-1d25-4fdc-94a1-2bba07e57f1c
1de1703c-4f45-4fc4-bd86-b0c38f5a26ca,MC,f1ffce78-fdbb-4f76-ba5d-b992a782e886
967e9bd3-3885-442d-804c-949cd01e6e4f,AmEx,40a60d03-015c-4b7a-aa14-642f348cd0a7
7af8dd78-4e6f-4539-bd84-f4e24a018201,PayPal,b6442582-b026-4a85-9dff-aec0a1b64626
3de5ae5e-0cb3-4b63-9f79-9d07b257d57a,VISA,130a9397-f013-459a-9b53-d6ba8d4efba4
82d4a10d-5bdc-4cac-b252-43a5675439c8,VISA,70d469e8-5968-4c24-9e41-131233def8e7
992e4996-e13f-4b1a-9023-9c626ee881f8,AmEx,14b7bafa-0fbb-49a1-9134-252b1d44ce42
47ca84cf-0995-48b0-a593-6b21d911ad51,MC,f197eb78-14e7-423b-af84-1a0f816a1f1e
ea33c133-fddb-46af-a11f-dbb0836a1f4a,VISA,36fc0158-b952-4c03-a1bd-904fb407289e
89da8967-2d74-4670-b145-94d81ea61410,VISA,ddabe2bc-1f46-422c-b3f0-e1c255d87b80
3683e5ed-3331-4bc8-a89a-8762f9178cce,VISA,15bdebbf-f384-401a-a148-6e7f7a5f4e14
6e3e50af-cb04-438e-92c4-80839f0681fd,PayPal,79fe9b23-8add-4294-a2be-a011622730cc
a77455ff-b7d4-4a42-9193-02ab6463af50,VISA,7d3e4056-15e4-4e2c-95b0-0870e011481a
cebd35ff-8b4b-445d-a937-3f9de313043b,VISA,3dacc8f3-c88b-48db-9dcc-d91a9888e453
ae9fdaa7-beed-455c-a22b-377eaaf3cc3e,MC,68ddeead-5907-4c0a-a81f-6bd6cbcf2bac
95301673-cd39-4cd6-a01e-f9fbdfbc3394,Discover,f7a219ff-efe3-49c5-afd9-fb2418b8fa71
5b4ce768-13ab-4b7f-9828-2b0d472d6b35,MC,8d0adf17-f382-4433-bb6e-663280c570f7
f292a8a2-873b-42ea-9d4d-880a5a3c9526,VISA,f7d4c70e-d20b-46b0-bd09-de13ffcb9e27
7ccfe3d3-d021-4de9-835f-203c10ebe6ac,VISA,b4fcac26-6dad-49e1-8fb7-84d473dc5630
96a94281-473b-44a3-b1ec-95f58398b3b1,VISA,1d6b10a9-8eee-452f-8a2b-9481cf35c662
4b076e4f-f56d-4397-8a46-e17f34385180,VISA,e809c90f-b1db-4844-8d3b-0bc176a9c67f
2f48569b-8e67-42ac-b7c2-dba00047c859,VISA,f430b46c-2eac-424a-96b4-a02ecf6f4b0d
329b0a24-3d17-4d23-9ccd-2e185c2e0cde,VISA,d786f96e-394f-463c-aaa8-bb2ecf9b1e5b
29503616-3919-4e1c-ab23-1fff0c4dad65,PayPal,36b774dc-0378-4062-b317-d167cda182dc
6f1b80f9-89ce-402d-839a-dbb83f1dd64d,VISA,00d5635a-a65c-4088-a15a-27bb0aec8cfa
75c224a1-9e54-4ba8-a375-7c6a76856b16,VISA,644060b4-3ab4-478f-b423-632e35e794f5
1724b7f6-91aa-434e-a6a5-acfc621ae0a0,AmEx,8048862b-ddaf-430e-964c-439a5057cb27
36e7f535-6059-4a16-9e58-f2a130a8321f,Discover,0b984729-aa3c-4fab-965d-3a36cd643d1e
23b1e3a5-039e-4ecd-b118-a51d4242d966,VISA,739c666d-b670-4eb5-9177-122ea0cdbe88
86dd2031-e48d-46a0-a329-c56ff39508c0,VISA,a4cf2a8c-ba5a-455f-9f7c-1c8c4ca798a9
1caf1c15-85c3-41df-b319-b7d81b0275ce,Discover,a38edcd8-510b-44d8-9ca1-ebb7007a2e5e
f23a2647-945d-4de0-b546-76d2387c33de,MC,cc01a6d7-c46f-4770-b228-179876ea02c1
2a9fcb8b-29a5-4d71-bd20-05d0a0d07515,PayPal,679555b3-f02a-4ea3-b6e6-5333278dde32
0dceb224-eae1-4345-b2de-7f267e8cc1aa,MC,f6abdc27-608a-4077-8c3d-1d3b83ddc12d
ddf4d29c-5cdb-48cb-97ce-e731d98005a1,MC,1770e61f-a929-4330-9437-05a6295c311e
504484e6-5019-4d71-87af-24d0db1ce5dd,Discover,f452a4c3-761f-4401-88da-fda00d82ed43
38ad8b96-da6c-414f-876b-cac99c9db04e,PayPal,e116764d-9331-4036-9b85-a2e3e4827289
dfda5ac4-269e-4672-8b58-e25befabee87,VISA,56a80f04-ef64-4972-bdaf-24dde293e51d
2f9c677e-2413-4db1-b60a-1855053ddce3,AmEx,5f9d7b66-0310-461f-9388-8abb33443885
6d6e58dc-db51-4497-b4f5-3776a15bd77b,VISA,d19a7713-b8c1-41a1-93f3-c616575f5a66
87698f39-2e73-4642-b01a-e5d7d37cea1a,VISA,cdc7958f-1bcc-4dcb-b134-7e144532efa3
30820621-8cd9-4f03-9fee-bde5c8082392,Discover,44d82e2a-5449-499d-bbdb-04474193b10c
61e4ec7e-14a4-42e7-8429-b56fce9c6c63,AmEx,8529027a-328d-4c84-9b81-68c21081d396
2eca5992-7530-4721-9ea8-c6a49c32fbc4,Discover,ff88394c-1d82-4d8d-ad85-18c1254b9474
7347071f-7352-4f32-8408-fc5158fe7c9d,PayPal,ecb16b7c-c894-48cb-8830-8804ec67a968
301a24f3-91a9-4434-b339-8b0c419b78ba,AmEx,8953e536-4462-4b73-8797-f5c756837eb7
095cab20-1d53-4d12-a14d-c83305380804,MC,4c2bb679-ff84-41aa-89bb-fc33f643e3d6
0bca9eaf-d9e9-4088-bd2a-7ad35d3acb3e,VISA,41b578cd-3be3-455d-bfd7-dc1ba38b679f
e77a293d-8ac7-4a5e-b686-318dda69dad4,MC,e66abbbd-364a-48ab-ada2-f17f6179f34c
c33b3b86-3ca1-40af-a8f5-656d44237f15,VISA,a9fbc451-73b5-4d67-be0b-dcfcefb441fc
639d9f07-e4d5-4e4a-851f-ffeded6c0906,VISA,72f09102-92d9-4869-9083-c8486ca406ad
e204c22b-b51e-4f6a-b73e-2d8eadae5fb9,Discover,d98004b0-1306-49b8-bc4c-2884ec459d4f
f621d8d4-8e3f-4e37-9d78-530061a434ec,MC,018de63c-b0c6-4091-bd7d-c1ded63ed9b1
a0a7beec-2fcc-4064-9856-41d0c4c5dc09,PayPal,f4c35ad4-7038-4ec1-aac2-346c591d43e7
d41c7984-e61e-4523-9e2b-c66657540698,AmEx,b60faaec-fbf9-487f-ad6f-bd133aac9d7f
fbaf605c-f92b-4d4c-bab9-c9dd6b8f3202,PayPal,caf3f2a4-21a7-4f5b-9bee-3018e4802197
930500b4-5886-449c-8bfe-439fc4bf201b,MC,952fedc3-ad5c-4c3e-a9ac-1c984a1f902e
93f6b01d-4821-4a1a-a35f-2666993e2cf7,VISA,d9fa2b44-2eec-488a-9a9a-e97ed7ae4216
8165b960-ee80-44bb-8043-f89c7cee2c9f,VISA,a5c07f54-468a-4e09-af5a-f1ac25e620fb
9b2d31e0-a2b8-4c16-83c1-097bbd9d1184,VISA,a6bdd8d6-a3ed-4007-8995-97190f2f202e
e4b3bc67-d04c-43df-9d8b-b05a2bcdce8e,AmEx,9569fb64-4ba3-4dc0-a971-7dc0ed7b9e85
537b6c21-4d01-4a56-8a81-437288092d6c,Discover,0c3b0f21-0454-49ba-b3d3-8158610fc327
26f1eb74-b843-4514-8b8c-57ddd0fdfff1,MC,15f9f2ef-bc09-4ae8-8d66-e57acbae3ec9
0a017101-964f-43e6-8228-d75fae38c2b7,MC,c849bd79-d900-47cb-8b0e-e3310984a3a4
7bfcd4e8-1e41-4d36-b7cb-32b0ff2cde2d,VISA,684578b8-0d3b-4bf0-9f2e-f6b699b58fd0
f31371c3-d7fd-4382-93a0-0a566c22ecc8,VISA,b7fde6ae-5940-4aab-b8e9-9109e592b2ec
68b1bbf1-c303-4c1f-aefd-8ad076b1e2f6,VISA,3718e30d-ab05-4036-912f-752801525fc0
18aab5ca-92ed-4e32-bd7c-cb7fd370c8d7,MC,c3b3cecf-38dc-4364-8665-93bbaad5f0b2
95fe6881-6645-4ba5-8b62-40bfcbd5792c,VISA,cb1e42f4-1cf9-4332-9b1a-7faf3a859be6
2600d9d9-bb46-48e1-b58b-b750b97d544f,Discover,9057cb5f-1c71-4ab6-99f1-46520f34a2d9
cec39334-a90c-4abe-b254-0886c784bc3e,VISA,dce0e0ce-9abf-4efd-88f7-d4947a600dff
7084f8dd-8ad6-45f2-8d50-34cd12266420,MC,59dbd843-7099-43eb-9924-6dfc3c86facd
f97c1fbb-86fb-4e6c-a86a-4019f0171c39,VISA,696141f6-2a70-496d-8c66-4a8aa719f376
1f678b4f-6729-4827-932e-40108195b271,Discover,316d0f4d-30f6-4128-a8db-09cf910613ae
9e62fdd3-2188-4d71-a27c-39a8974d66c3,AmEx,225e2ca5-6df2-45bb-a4b5-b53484deb6f5
e57565f5-8349-473e-a453-1f4ae391bd0a,VISA,839b8ba6-fa9c-478f-8d4a-1b1f44b4a098
aa505250-965a-44ae-977f-9690f36c5332,VISA,73d0c0c6-16bd-4e87-a0a8-3fd2de04fa4c
e99ef82e-457c-4f8d-974c-d8fdd6a065ee,VISA,61988c5d-1a1e-41bd-a050-24852da35dea
4a19c7a2-e9a0-4136-9085-3eb254254e82,VISA,722dfe25-fedd-4725-9195-c7a62c5834eb
b0e4328b-42be-4b9c-bb0e-cd90d9f804fe,MC,3f582f21-c817-453a-8abe-bc5ec5185c92
f9a18801-736a-4beb-bbc2-e69feede71cf,AmEx,716c0d03-dd5a-45f9-ad02-58b0cef4cfe3
d970140b-e42d-443b-a07c-dace78de8c70,MC,00cfddf8-6e76-4523-a848-77dab6ae48cb
3b651e63-6a35-4c2a-b87a-47536a05df32,VISA,1dfc1de6-f435-44a3-bb4e-5e0fd771a5ce
2734f4d4-ef39-466b-8ed8-936d83f33932,VISA,e8a4fe64-ea17-4337-ba64-517e1275d7c7
1ffbf3e5-163f-49fa-918e-77b918512a43,MC,830ffcd8-c4c0-4024-8138-f4b969d5b930
4589f16f-7f4e-4d1d-80dc-8499dc97802b,Discover,ba186804-6ac8-4a55-afba-c04f40774dc8
71755cfd-be7d-4c87-b7f1-7b09c26a1d87,VISA,acb455be-7b23-44f1-8e3a-21e971edd4cb
c38b7b3f-fd60-4f4f-af9f-3de063474f53,MC,d00bcbec-1f32-47fd-b789-1daaae5dae03
cc95df39-effe-4d5a-9d01-3a770c635013,VISA,3c3a6ddb-3375-485e-a7b8-e1b0d4ba3a82
14baf46d-d96e-443a-ace6-192569e32886,AmEx,18bd0967-0fb8-4432-9526-0bb75fe979b1
ddd7a057-b02c-4082-b147-ff29c11c72fe,VISA,abf9d0fd-057b-4242-9cdb-84bf0af3b738
491f7c4c-ccd1-4ca8-b41d-0a3be8a70116,VISA,0b788e6a-3e8c-40a0-b3cb-eefd91ad9b93
31f89ff7-d85d-45b6-b0fb-305b6f26fea9,VISA,0403ea52-f3c6-4fd5-ac23-89cfc93e88ae
a9ff4f71-dbef-4c3d-8ccf-68f6452dbd2a,MC,91fdc740-8d76-4659-ae55-b1d2b7e27baa
22f51110-6870-45b5-9e1a-d57ac50e43ca,MC,801fcadb-a995-403f-aaa2-1634b496212c
a9bf61b0-ba04-4cbe-9bc0-4edf3204be74,VISA,c3ffc209-3e15-4ea1-aabb-3f3a64652d33
fbc0689e-e2e2-4599-a085-2120fc34b898,MC,d97aad44-423d-4e32-9ee1-fd8226e79b9a
6a8e7446-3951-4e12-afb3-65cf4f477393,VISA,9bd22f08-808e-4b51-9934-34bf6fb1e7e3
0be162e9-e427-4bcc-9d5c-975399c19dd2,PayPal,c2dc784d-7581-4d0b-ae24-6064c446db9c
0bef2e61-01ac-484f-a82d-a66753884994,VISA,f697ab67-680c-4464-ae8d-46366c4e24a5
e2575bbd-1508-4edf-a4a9-f9098ae7418c,MC,6c95c9c3-f7eb-434b-b757-10d481f06a43
cc43c803-adb5-4a95-a0ee-42f015e715c0,AmEx,bed99cee-49dd-4130-8a0d-b7ad0abd7260
23fe2ed2-a567-4e55-ab24-8f89cedef4ec,MC,52274128-cc53-4ef6-a111-9e6d1e9bbecc
8fb30ed5-fc8f-4708-a5a7-bfc3334670d7,VISA,b471a320-5400-427d-86c5-aa1224641311
7bf57c0e-e4d7-4bb1-8bec-9254a773f88b,VISA,2a9a76b2-e848-4e24-b327-e8cebc39ec52
ff8f775e-e070-4704-9b64-5b6678b6262f,MC,38fc61e3-33aa-4916-bb5f-450901d05516
4bbb2648-b5d8-4557-9b01-fbe3ef725f0f,MC,113d827f-3fa2-4432-b43a-0e268164594a
b50afdaf-12cc-4d32-9a1d-500d8e938edd,AmEx,0f70e7bc-9186-4332-98e3-79fe34d80e17
20260d5e-6ee3-4bfa-b7ff-3cd6b7fb7152,VISA,7e01d296-183e-43ba-bbd3-0bab58e59d6a
f7b362a2-7b7e-45ee-8c5d-6352c031b63a,MC,0bafb5a7-3cbc-4c52-a976-11427b62b3e1
ab66ac50-0d69-4382-b0d7-25c33b101877,VISA,8b7c8ecd-a62e-43b6-a4c5-2bf2b8106678
b02ad3ca-99a5-40de-8612-aa6a416a80bb,AmEx,94846589-d93d-4bcc-bec2-bd6471c16639
30336dc2-7827-4cb0-9abd-50946db8e6d3,MC,1a346bec-be98-4356-b0c7-d05e72e46a59
35a4c0ed-8f00-447b-ba0c-971652fd7d93,PayPal,18bb937c-4f94-407e-be8e-48023bf62c10
357a6c22-5ceb-4f21-9424-6a4f8ca9e3e9,MC,fc4b5cf4-db8a-4e85-b495-79ae19fc78f6
3f1b9e10-f9c8-4079-93a3-36a63aadbe6c,Discover,165db236-79f0-4797-9ff3-c4b6dc824481
b040294b-8bc8-469d-8a09-78793c3c76aa,Discover,d0f5a4e9-2d12-422c-bca4-fe640561d668
8a3ecd44-7cdd-457b-a694-0d70f3b8ea22,VISA,e4b947c1-9236-4a8f-92e0-19398636011a
bdcdba79-0e4f-4f16-bccf-af2a1938d144,VISA,2013c280-f7e2-4604-94cb-5af1fb996f8d
fc03d166-8e24-46c4-bc5e-e923dd1f9c60,VISA,1a936001-4d55-4432-8d6d-c4017626373f
39286bec-d224-423e-8c0e-a04f82ed9de5,VISA,e15be9a6-ae88-4653-b54b-3e131720caa9
2fd6de8c-2d5b-4c59-b14d-3ee44deecd3a,AmEx,9ce639d2-ddd9-4f9f-b47d-579b53638694
ff65231b-2b94-4f90-852f-5e9a8816a459,PayPal,f9ce4db8-84b6-4cdd-af52-f615788320ce
45f0bfdc-d777-4646-9c4c-8942a626f0ea,VISA,3c1b7899-e085-4502-abcf-09e665849cf9
e48027e0-8806-4587-85b7-336dd1566262,VISA,a665a462-8669-4e58-9b02-d654268bed06
76d5f2dc-dd3f-4c38-96fc-18fc3f62add3,MC,c959dc12-855e-487c-928a-778eaad72ada
2e41d627-841b-4cc2-9bcb-1e2b5bee3989,Discover,ec8b0f81-7a28-4605-803b-ec3d9f0549df
55dc3172-ff54-4dc6-94b7-92495cc04ac8,AmEx,3835e185-56a3-4038-8011-b2e48e813940
57e9196a-8fca-47eb-bc6d-062ea59b1f4b,Discover,44b3e34d-6feb-4e14-bcc7-102cb23cce8d
0bce955e-88a6-4874-986e-f300d1af6c90,VISA,2481d085-25fc-4ea8-a581-6df65bd9f60a
b3779b5f-824e-4d0f-bb36-a1dac7bf2a2d,MC,5557b903-758e-4d39-8371-ba25811053e1
dc83c568-3b54-488c-9746-a3cf5a7f51f5,MC,7d666fca-66e1-4093-be53-66bfe7105969
f1c443ef-a1b9-4c83-8abc-b8554fc1fba1,VISA,57fc3afa-67e2-47f5-a583-9a62f25e3c0c
f17744d6-d0fd-4226-8979-89d0ec6e3f7d,AmEx,f99692f0-6729-461c-9ab8-fb01d962e494
f67e245a-17fb-4849-bc7c-eeb953002528,AmEx,6a3de415-39f8-47d7-8553-8ad4326cb98e
c5a95bc9-778a-420c-8a80-00e16f3c5121,PayPal,0e581ec4-04a0-49a3-bf4b-96c19a216ac6
f854fd1f-856b-4695-aee1-ca8278dbf6e4,Discover,f70310c3-b1cf-4fc2-945a-5b81565ac3fc
2dc093b0-e6d1-4d6f-9559-849062fb3eb6,VISA,1d2abd4d-7d7f-4ed0-bae2-37ca5df71c0d
6ba2ed8f-c3a5-4e2a-bb86-02a819aa51ec,MC,d7767e32-1e43-49b1-8600-be1c1835aa9e
e057ad62-0f10-4966-853b-fea305bfc2fc,MC,e7f85015-c802-4385-95be-06ca1f9d1b8b
e07b6493-440f-4b06-aa61-8d8c8e1fed9e,VISA,bbea23eb-325f-4ec3-a167-891d31bef67d
d65284d3-5fbe-40af-a0c5-219f4cc8d38e,VISA,132a3678-91a0-4da9-bb14-de301e0aa045
9159bdfc-494a-432f-a411-b0c49e54bd1a,VISA,56fcb0ec-af86-449a-baf6-56732a640322
28236003-9e87-485c-bd59-07578eaec31a,Discover,8ae53bd8-2c63-473e-b67f-76759479aeb8
2f5004b0-4464-43fb-abb4-38f9bf580690,MC,8ce16732-0fba-4ddc-a634-defd4cfdb4d6
73fa7d0b-735e-4b27-ad7a-f1c00a5c29eb,VISA,349b850f-6c28-466d-82a7-749e8fafd41b
8086582f-0732-4626-b525-6da05411a3fd,VISA,05a17d9b-fec8-4d0d-813d-6db36280c77b
5e0a1de1-4a9a-4435-b6cb-6299ab41ecfd,MC,d1d5c45a-8791-4763-b9b3-44825a2bba96
5f02f8ed-e523-4eb0-833d-39b43a1b95ac,VISA,e54740d7-363d-48cc-a845-bd37b041e48f
79ceaba9-8c0a-4acf-a966-39c83e7ae975,MC,ef0deef1-0e0e-443c-9912-59e65b4be88c
170bbc13-9ab6-40e4-b9dd-1e7898113b07,VISA,c833fa9b-716c-44ea-9403-7b9cbc70444e
71d33293-33f8-42df-97cf-6f017a4694af,AmEx,cf09bb0a-489a-4292-b68c-13a5b3ca527c
3a191b0f-5fb6-4b8d-99ed-4857be13f13a,MC,f06b9a43-c172-404f-85bf-0409a9b8e1f6
ace22484-cf71-4501-bc8f-ac6190841011,VISA,6a74f706-36ae-4475-9836-8ca84f7f1269
a005bc8c-0800-440e-b467-49816fc40af3,AmEx,cda387f8-64aa-49b1-a036-9868d8486918
2f3fd4af-3479-4368-8f27-61133c23fed2,VISA,d6d6e236-1e06-4e5a-8da7-9fe2b8e891d8
146b55d6-e7df-4654-ab28-b42043302852,MC,ed67db84-b94b-4e8f-aeb2-93d1f1fa2740
f0eebbb3-ccce-49c1-b83e-aeeeb6f66125,VISA,dad13346-7326-4018-9ba6-8237ebefa57e
fbb64089-540e-4914-a6f1-21e92e50cf66,AmEx,183bf484-e5a0-400c-bfa8-41ff557fc914
e45036f0-357c-47e6-b10a-2f804c9e1908,MC,fe1d9fd6-0e93-499c-9aad-ee6de0379208
417b6718-0dfa-4a45-ac97-da42aa98624b,VISA,56be1446-73ad-4285-9319-0241e818289e
1b8fa27f-61f3-4476-be8d-b9ccb68c18a0,MC,702f1891-7b9d-4aeb-8ebd-fb639d6adeb5
2f1a37d3-7548-4b38-bf4f-f5c99dfce1b5,MC,ccc2ce43-bf46-43f3-ad86-cf522c8f9a60
6bb57826-45fb-4b35-99e9-3d69273fd096,AmEx,4e2babe6-0abf-4f49-b2d0-7c3bb8dda42c
26be547f-4d58-43a6-b344-6cfba7247e0f,MC,074b24e8-8128-4871-a501-2e50d7af9b98
6e4a25cb-1d57-41b1-b56f-89f00b5cecf0,VISA,eb4ccc70-8fa1-42ee-b4f3-d376c64c31ef
248c457f-c96c-45b5-99b9-6de0110096ef,MC,1365cf6f-aa1d-433e-b07b-8209b3e5d105
4d391c3f-fbb3-4a81-b0fd-28e9e0861663,MC,b5184b35-6bf7-48ae-8134-5aac317c620e
4cdeceb4-8721-40f3-b922-06cf6a86b934,VISA,6a32b632-c5f7-4866-bee9-f8f7240f9b5c
14f1e9e7-5a9c-4657-9341-630d9360a708,VISA,8b757b36-072b-4107-b2de-bc3459ba2fb6
4568f24b-7cbc-46dd-a6f1-3f1a8401e15d,VISA,494e8133-2468-42af-a17e-142bf8daf07c
5a593ca4-c8b4-4704-b81e-bbcb634bdd26,VISA,6d8010c9-c338-4506-86d1-1dc1df78557d
4a38785e-a465-4fbe-9bb7-61a936b1f274,PayPal,cf7a3207-53a3-42cc-9a9b-d14e91dabeb6
f7a99001-0c3f-4b6e-abb3-49bf65b0e0da,AmEx,fe23a5bf-1d49-4985-8700-a36110035c29
293140ba-d173-4d35-a0e8-35098d870da2,MC,4017e766-091a-4250-b704-8edc1989249f
abaa4e13-8180-4848-b78a-343d559ea876,Discover,3ef8f360-63d7-4b55-9e87-efada2f0d99d
0c063d6e-e00f-45eb-bc5c-8b343cf961a1,VISA,1683c168-5aae-489f-ba42-f423ef791368
ab65ed55-0479-41aa-8c5e-27478658170e,AmEx,84fb3492-c07b-404a-a3ae-560f3e38a5d9
8431a3e9-426f-467a-aa99-0d4fd72dcbe0,MC,37d5c5c9-434c-4419-aea7-516d800a8e21
2b0122a0-7e89-4fd0-8c8e-002738fa2222,MC,a7acdcf8-9ff3-44d5-af9c-e39d863f7ed0
4a945c80-8696-458c-a0e1-6f88a71e43a9,PayPal,c2223cd7-67ef-4af1-a59e-65052b987813
c2491eab-cb1d-4e6c-99b6-75985ceedbd8,MC,b46359d1-e8be-4d8c-a8f9-e4cbee156e5d
d30b1eb7-5336-4a4b-8c2d-0b676a6aa86c,AmEx,b73ef275-5dfb-423d-9091-a9ea3ac90778
a863c406-ad54-47b4-b0a7-c45af1e36517,PayPal,12fde9b4-5f29-440c-8aa0-fee6b009bd4d
1f531e97-b2a6-41a6-a977-16c4f6e2bcd8,VISA,4b58893c-046b-4994-97c4-d0691878999d
8d5106d8-293f-4d75-8bf9-21890abd8912,VISA,24d3db99-2314-4b9c-8138-1e93cb8a95db
548684ca-9254-4590-803c-5e51a55a8f0d,MC,cdb9d310-236e-446e-8542-40160371f2dc
14421dcc-c340-4530-8f88-91eac10aae59,VISA,b6531e69-c95e-4c76-9599-d7946df97161
7a8637b3-cca5-4ec1-a256-86c8ea001de4,VISA,b5680cb1-9bc6-4c23-9228-433f8e23b1a3
272cae4d-aaa0-442c-bc81-446c1013ae3c,VISA,fa569c71-c4b3-4139-9cd1-282d761dcb95
2fe0299c-274d-4524-82de-7230b4f575ad,MC,9a99aa27-fd6c-4bfa-8bf2-e814c6fe9fa0
c5b6b197-b631-4d94-9f67-910ef56b3ff7,PayPal,bc7f1859-f8a7-4326-9980-aff7120b1a89
23e7a98a-67a3-4e82-b601-bf84ddca1d91,AmEx,dfae5d64-fbb7-4f94-aa71-a699aa7b9b53
8b93c4da-df3a-45f2-82e8-9e8db7d41470,MC,3e95eccb-d72b-4954-95a0-750dad1a8932
ad39f6ea-ca4f-44e1-b08f-1f78b2fd8f86,MC,14a617c1-6582-402b-a84d-c4aa6bc148b2
4ac5ae67-7170-48d6-b7e8-49563975a818,MC,d3df6560-840c-4d1d-970e-7cd25f2e0f05
c7f2f1e6-6761-4f25-97e5-0b34142d7cbf,VISA,60035883-16eb-47ac-b5e7-ae473f93ca40
d5f549c4-5123-4178-8771-642f0c3c124d,MC,564af3bb-f031-459b-b3bc-f5dc9d076972
4627d622-f91a-443c-87f3-7efd39d78967,VISA,2a5a3e72-adf7-4f42-af15-855939148309
8f56c92c-e6a1-462d-9365-c7d11ed9571d,VISA,9850b412-d068-4b5d-84fc-c460effb1a3a
4ef5bf91-3b7d-42c9-a3cc-8deba14468ad,AmEx,240d3900-b196-4823-9bcd-d706c28578d0
13baae7b-4dcc-42fd-a020-0d64b09aaeae,Discover,0ed26586-5143-4b4c-87e6-7b38ab188821
873d74ef-5bdc-448b-a304-fd4b7331bb82,MC,4c51e961-002b-4222-9705-dce05324263e
9d2363c4-1859-45f0-b42a-a39f09bb5cca,VISA,38e69078-a21e-45a1-90d1-730aa25e67b5
e3944936-2c12-4c43-8b49-da71c0886426,Discover,0f0d4589-55c1-47b4-8292-fff7547886fc
47c202c2-4c02-412e-85eb-7db06e9582b0,VISA,c69c9a96-2ded-479b-8513-e488ff0cefcb
dc18006b-04ef-4b58-827e-5ca7aaa78849,AmEx,e9aaa744-3c4e-47ef-8170-c54ba4b8e365
11d2a205-7683-4464-8a1f-f48ec3ac71e1,VISA,69257731-f7ba-4b34-96bf-3b73fdf3d9e7
5dc2c7ec-54dc-442f-8ead-ae8eb6667fbb,Discover,cd7387d1-578c-4a2b-8eec-af52c96f8a09
23bd2e4f-9df3-474b-8740-b335d57dca92,MC,7766cce2-361a-4106-8fd0-e90dbc248042
54ff2116-5099-4aa9-b577-1d36f999271c,VISA,319dec0b-3c97-41b2-876e-6769b090fa2c
e5ec8cde-c9cf-4514-a916-2296a649af36,AmEx,6a58eaf0-4478-4e01-bf9d-17e2c562eb63
3055f54f-7f8b-46b1-b6ab-a46fc9af7c3e,VISA,df10d325-5c19-4d6e-a12f-566a6044f413
fe6de192-1682-4ac4-8c18-e335fca81e1b,VISA,6863efac-f5bb-4aa0-b861-c5fcfed4ab95
504cf179-82fc-45dc-be2f-8ade3946f815,PayPal,2acce074-8f9a-46a2-a3c8-8a6852f6d466
2183badc-33c8-424a-a5be-bb82bece219a,MC,7ab17553-025b-4f05-b9e6-c36ede2537f3
93188097-9855-4bb2-86ac-e5e86ab07caf,AmEx,13132ebf-5cdf-4ebe-8ce7-f84a203a981f
5ade1a52-f160-4b67-8916-0687d3e93315,MC,7d750499-4b71-4d7e-afea-dd6e356c290f
c6151749-b09f-4055-b390-dc8a2733ed4e,AmEx,e6267e86-25d7-4ab0-a836-03e0ade355b2
1774508a-2bbe-451a-8540-8daa5a29b491,MC,d6f766cb-6b63-4497-a8d4-9e0af33b31b9
2b7de893-65ba-408a-b43b-ff423d9ade16,VISA,5d3171b8-2a63-469b-8cbe-de113f6e5273
890a2426-2cf8-464f-85b9-6cdeb02e0ec4,AmEx,cc185988-4600-4d22-8959-bb6adb51d498
1a87af8d-d29f-49e0-bb8a-83ad94e4456d,AmEx,81271aa4-9402-4767-b76f-56ebaeafa304
d116a179-0cbe-4e55-8854-c399a5c679ac,AmEx,4ea10343-2157-4564-b9e6-ba3ecd39a02e
e21b8968-6110-437a-972a-c6dd4ec0311d,PayPal,354006a8-07ba-42e0-8b2d-c5a1f87d94c3
fc342d26-ba5a-4edd-9c0d-2847f65d61cf,Discover,06dbd6ef-9b39-42cb-aec6-fa639831c9c6
dd406dbe-8c92-45f0-9b11-c442f1a1af0f,MC,399a2414-0c0f-41fb-a3bd-a14a2b95d7b0
f9a9db60-06cc-4f4c-aeda-d18b31acfc31,MC,28dc24f2-ff4d-4cf8-9cb5-7438ca0647b9
719e17fd-0de7-4087-a778-09137fbf7476,AmEx,a36f2e6f-e0c8-40cf-a625-fa77012f8762
f5d9d241-bde5-4796-8076-5e2f8183e1f7,MC,93b7c0bd-8dbc-4371-b505-7e630ca97a3d
b3de0caf-73ba-4f61-933a-513f0c07951f,VISA,7db2a773-d6bf-4181-adfc-c08f2fddc66f
c05148b6-abd8-4d59-bfe5-b59706645f52,VISA,cc5c9b26-a6d9-4a21-8915-a450db05a350
7de21812-79a6-41aa-89a5-447d78849b21,VISA,4fb1d478-cc22-4662-bbf6-3b54e963a590
36261ae7-988c-44f0-a916-ff2eca71f5b8,VISA,1ea49cce-153d-4349-bd7f-866aa1e4527b
6ba0baa7-85ae-48a6-8d35-299806ec5c7b,PayPal,719df621-6abd-419a-89d0-5a21da033fde
413d83ec-a290-48cd-9d45-6ff3f2f3c14c,MC,cc38323b-2483-489d-a2a6-9318e8a8ef65
e2714417-6081-4d59-812a-5530181ffd65,MC,8ad96750-14b6-4e7a-8538-855ecc77ead7
d8b5fa3c-d28b-4a73-89a2-07479b559dbc,VISA,249fe987-9e38-47c3-89ef-ca2ee0fddc1c
010bdfd3-4787-47ac-8419-925eae798f6e,VISA,0fb90ac7-0176-47b8-8366-7ff560cf2824
8407dbd3-dfb3-4043-8c69-93a8b279232c,AmEx,a361617f-f38a-4303-9430-a9e969a534b8
0ba7b4bd-13d2-447f-acfa-7346fd1eeec5,PayPal,264e1045-28e9-403d-a1f3-08ded9edd2ec
538a015d-814f-4545-a086-a0a8e20315da,VISA,e7363620-a01d-455e-ba85-0a05180afc77
3173d78f-85a5-4247-bcee-44959396a5cf,AmEx,0d41bbb7-7d87-4bc0-81f7-4b42903b8af9
d786285f-956b-4809-9ae4-497105a264f5,Discover,f3257ac0-0147-4d1a-828b-bf6f42b4a927
6b0451bc-ed04-48db-b859-d7a53c24292f,VISA,89e9821b-3f45-41d2-91b8-c078a904311d
862e82e2-bd4d-43ed-b375-615bcadf8c25,VISA,662e3c28-f9f9-480c-9b91-4d5229428886
43371d3e-7548-4f52-9ef3-156da166e444,MC,211d633e-4f3b-4d3c-a20d-9270c483052e
727bf850-304e-4da0-bff7-53a372059658,VISA,20e21314-d7ea-4a7e-a278-9880ad554ff6
cc68d7b0-f0bf-47ca-ac34-17731bce5e99,VISA,1be02f81-aea7-46a9-9b0e-ee6ed06d609a
c167c431-4ab2-46f6-a39c-1d31c1888135,Discover,be43ec9b-b032-448b-b76b-7e9dfa7ecb9b
b31a7993-b1a1-454b-89ec-9836a7f9d2c3,AmEx,08fdce1b-ec43-4ed6-96da-c437670cf992
166af5e5-d631-4f70-be7b-4304b6072c10,MC,2b3d563c-d1d2-4a9e-9f00-9303a92c4f6f
fadd0177-428c-4f2b-b545-72aebadf3e27,VISA,326056ee-9779-4373-8ba8-3c70cd780461
2a7279a9-2f35-4612-bd9f-4822d3c0ef0b,AmEx,e29192b4-eaac-42b8-87f3-386826d9d5f6
cb97d343-6ef9-42b4-b121-eaa49ac67b1b,VISA,c5996ed1-e51b-4fda-923b-55c683eff3c7
e41c5924-8c8a-4514-b05f-864a7379bae5,VISA,1ca615ff-fae9-4d14-aed9-a6cfeb035e1b
0ddb3e08-9248-4a0b-9ab2-46c550361d84,VISA,08bfea53-77c0-436f-b4b6-b6b3f58d0fec
96d4b732-42b1-4b61-8912-309e7d2c5752,AmEx,10b99f3e-75fc-46bb-8450-65f6f37b772f
a12dd7e3-1f24-47e9-8ac5-75dd7c0e4c9e,PayPal,3d0fad4f-38a0-4566-9185-cbfae6b34dde
01af0360-70aa-4f99-bfe0-f7c18d2fbebe,VISA,7ef4121a-ffb3-4ff9-a2c0-f0f4aee78413
44f8a7ba-394b-4125-94fe-9d0713380ebd,VISA,10e19ffb-cef1-41df-a898-6fab7595843c
ebfaf095-3ebc-4819-8861-06a2c4f55f6d,VISA,39dafce0-82fb-493d-be6d-0943aec4d684
e5c19b2e-bd45-4bd8-9eff-426769ebdc81,AmEx,d30faf5a-ba3b-4f17-8bc4-1a4aaba2e472
3e78f62e-c3cf-445f-a137-4d72a8c66a7c,VISA,022a2eef-260b-4435-9289-79d42cd8daee
1173966c-3c7a-4720-9602-da1a4d226873,PayPal,be489f04-f7bb-4aa5-b45f-a6da2776a968
6fd94c21-0e12-4190-bca5-96e48c964737,MC,848ed05d-67d7-489f-b541-ece72f03a12b
a503e988-021a-43f9-b67e-c5406064deb3,AmEx,515a510b-240d-43ce-a6cf-e36bdd6ad131
cfa55ffb-5d24-4937-94b2-b1767543331c,MC,4cecad89-7285-4424-b6b9-0b85905d502a
465ffa02-af15-4d63-945c-6323c8e77d0e,Discover,3cf24fe7-a2ba-4d85-9570-e1a329e006b9
bb40cc51-3b02-453a-bf0e-bd73a058eb5b,MC,7411158d-8e5a-4427-b086-b68a6defc085
4335e32c-1dc4-4aee-a268-9c1e61867167,VISA,d35b4367-9840-4ffd-b0fe-938b0206c839
d526d463-39a8-4059-a5a4-7ecd4218be72,MC,26c73d86-f01b-471f-a24e-c6545f167feb
0778d95d-ce6a-4e20-a773-02a3ac41609a,VISA,b0fe1dab-c36e-42d7-ad25-11486256dc35
cc6d1be7-9390-41eb-be51-a815280d6f0d,PayPal,3e1fd816-a024-42c9-a85a-bbdce3bad219
e9ba3a23-a01b-4b38-9bde-9a15d3182003,VISA,d2e23ea5-ac6a-4da6-aaae-ad88ed6b5193
87f68d3b-72ec-4083-afca-bd437b120e91,VISA,13bfa2f5-300e-40ed-b99b-00c6a92e15f7
4d867da4-a2eb-42ab-9c0a-a00c8adeb5e5,PayPal,01245cf0-d0b5-4354-ae08-d9e33c481ab5
6ee57775-bbaf-47a4-860b-513604d8c258,Discover,b13674c7-2446-4151-a33c-eb7d84137daf
f9b98c4b-9487-44e3-a569-8dc238513dae,VISA,8ef10a31-8568-4d62-a26b-6d3573cc5688
eb75824b-7a08-4797-9551-6e395122016b,VISA,7cd8370e-5401-4699-ab1e-081e3049bc62
4735ac2b-d77e-48a2-b8a5-5590990c9e18,PayPal,b52ea03e-1f34-43cc-900c-85012a054cee
fcc7483b-538c-4598-b41e-45c48fda2567,MC,7cc37621-e275-408e-94d5-f2370fdce64b
c7b0cfcd-7a4d-4205-b8f3-2d208bf1ba30,PayPal,afcc2a6e-f580-4189-8c64-dc6be6a4b054
1fedd330-17ef-4044-8792-5c3a34e3262d,AmEx,20734276-64b9-4a90-9148-e476f1aa10f6
0395a45f-a175-47ab-bbde-7342a9acdda2,MC,141947ee-2958-48c6-8f90-3063b06f3168
720b0155-27d5-4679-a257-71347b93b7ce,MC,50c179d2-8178-40a5-93fd-6a6dbf864e24
ab52d559-ddfc-403e-8532-f8c2ce8424c1,VISA,1312ed97-fd31-42fc-b1b0-a8af902e4a0c
4babb853-b33a-4839-83e2-4bef41b10ef2,AmEx,b21c1f64-54bf-4d85-8243-aa3ee31165ac
33aa4f48-9ef3-4866-a938-7137c36a9b82,Discover,6f03fe7b-d6dc-47c1-aece-4c0d3ff364e2
5a2672dc-eac7-47cd-9c74-a5d0b0748243,Discover,a205b5e7-adb2-431e-8d5d-34ece9f4e9e5
c1c66080-10ff-457b-92ca-dd9985365879,MC,e3dd38d5-d156-42fc-a3ad-cee2a92cddaa
8da6c859-1cdb-47b3-80ad-58030fe709cf,AmEx,108395de-6c90-43af-b705-6bc30fb19ab8
3259b1f3-a079-4bb7-a7e4-356ea3836831,PayPal,392303b3-c628-4fd0-b71b-14f0cf9c13e7
c8b5aca2-3369-4fb8-8854-ef8b9c44e200,AmEx,5a4e7d0a-0a9f-4bcb-94f4-b0c0f191d8bc
b0ce8cc0-72eb-4fe1-a87f-6ea6964c7ed4,MC,467f6fb4-a773-4074-8429-5e6dcf62144b
045ebd2e-bc4c-4f4e-9706-f8e444e49d90,MC,a3105be9-4c3e-41ca-97c4-ef4bacb8d3e4
cd43e653-c175-43e1-bc61-3b2961752fec,VISA,98dc49c6-27b4-4ef6-9b73-98f7c779a655
d82a7bd1-9dd9-4846-90af-46e46ba7489f,MC,605e2824-11af-413d-b691-92c70a5e69dd
bfb3fff2-9d6c-48c3-815c-c9825acd8228,MC,0307d221-3412-488f-861c-1f3a685ad9d2
94c80552-ec2c-4fe8-87af-c3124cac8e50,MC,21ecc7bc-4372-4368-99e4-b964bb1953a6
40641aff-00c3-4cb9-a454-c8066d309e2a,VISA,5a6fd899-2f40-4530-a9d1-241e25da9042
d2cc130e-5da0-4cbc-916e-0356426306df,MC,115d1791-e17b-4476-acc0-49ddfd0a7b45
14baea87-25cf-44c6-bf5c-ef3b358951b8,MC,e4552395-6a5f-47e7-82e9-b65fb54c60ef
66508d34-0672-4f5e-ade0-4f85ed01d43e,VISA,f75ac495-ed1b-4621-95fa-dd5e8f1ba29d
6689f3f3-8871-45e6-859d-abae8f73e219,Discover,94c33671-086e-49e2-9344-d1d8a242d4d5
97ff0f13-9c3f-4e7d-a70c-634d65fad19d,MC,075b03cd-9d7c-48a9-98d6-502f6e8d94cc
fe0b2a15-c8b9-4864-aea1-32d3c49baf0c,VISA,a70de513-7af2-4dd1-ac16-091ab3aa2b6a
b4892b72-c981-430b-a1fa-6865502eeb81,AmEx,05dcce34-b2bf-46b3-9ad3-b1d9809e58a3
af44bc98-4762-4fe3-9b10-53907a3b32bc,VISA,57d7645e-3b5e-4e79-a591-75b47677df93
29a0e215-ac7c-4901-80c3-f255e97074c1,AmEx,cc8dfbe9-35a0-4426-9852-b1821c27b40a
fdf5a996-db5c-45e1-8ae4-f0e9afd3bf8f,VISA,3c5d1b88-7a64-4a5f-a6c6-098a062dea4b
cb18e3a2-cd52-4558-90e8-19120fa0763d,VISA,97378440-2439-4493-a331-24b27728239d
9ad56f5d-c6cb-4556-ae73-13fb37e3a383,MC,17a7ad60-6267-4e82-a301-23ceb1bd10be
fb933dd6-0cb8-4609-869b-94f4f472f33b,VISA,227e1faa-9487-4c32-ba33-e2af15704575
cb8bda6c-276f-46e4-8b6e-7be2c638b5f5,MC,bc4aa569-5ad7-4bd1-a5ae-d6d07777b6e7
17afa48b-f65f-4fe1-9e00-f3040eb014c1,PayPal,35a786f7-9215-417b-9a66-c6d2a966682f
3d72c6cf-c44c-402e-8b8e-fef61527e8f3,VISA,c2e34fa9-1d4e-4f98-9e89-15fd1bf192aa
49c801c8-2a1d-4b3d-a484-4f0740c207b3,PayPal,3ef32983-a4bc-41a2-a4a9-7d7dbfa9725a
733d1964-2a5c-477d-94ab-6b4fbbb86f73,VISA,e089e92a-594b-41e3-8367-dbed2fecf3ab
8dcd29fa-afac-44e2-8908-1ffd5fc3dfc0,MC,ba65d6cc-18d4-43c8-9dfe-26414b348a2d
a848023c-3ea8-4d43-99d0-e8fe0c107e62,MC,87e5505b-db00-4e1a-accc-c21b95c41d77
14f7a130-fd1d-465a-94c6-47296490ba4e,VISA,a25f2228-4bf6-4cb5-9943-289c23176c13
b4658ffe-23b3-4cf4-ad40-9bac5fc80149,PayPal,33265e14-16a1-40c7-8cef-835f3f4627c4
1ddf5c45-1f07-4331-b865-525ce946b7e6,VISA,f7f7485d-0f12-4d3d-b0a2-ae6533cb3bcc
2c22707b-6d70-4465-9400-f7ca0d9ff345,PayPal,cec47827-b54d-4d16-863d-7b45bffa2edd
48d0423e-1a02-4abe-bc7e-f1f32a8a6b00,MC,2444a82b-a46d-4588-9835-96ec99142654
ce6f2e3f-48f2-4afc-a287-7d6a6be1f808,AmEx,85739484-ea65-40c8-9208-6aef240154cc
8efd235f-893a-437d-8b78-dc158d7000aa,AmEx,b432294c-4ce5-4a6d-8439-fd8f7d0fc8d1
2eba689d-e307-4b5c-b425-82c80b315d18,PayPal,d2762d91-9700-4b67-b4ff-19bdf8c6e97d
c483ebf0-5435-4e9c-8ed5-51a5523577cc,MC,22fb9b1b-f8fb-48c6-aeec-5a9c3595b643
d6a2bb59-c18c-4a3c-a1ef-5457e5840d3c,MC,12ca1c24-644c-4d96-869f-8f01c9afbba4
ab56aa4b-24a6-4050-bba6-7d9590ea1569,MC,6ae38c4c-6745-48c2-b651-4668452800e2
91c20fb5-821d-411b-a2c5-9ce6052908bc,MC,2bf2a15b-f273-41c8-a21d-0b57208ad33e
5f82e742-407d-4849-8aae-1580958528ae,VISA,0dfba129-1e8f-4651-947c-0d5ce16abbda
1ae98cc8-5119-4554-a91d-b327889fed57,Discover,8f16fc5f-b576-42e8-a1f0-efb17748fc43
c9d6d4e6-82f5-4370-ba7e-7d3983d69d4e,Discover,551e5a8f-3626-43f5-9bd3-cfc9bae125a5
04c1a07d-5254-4a73-9dac-ed9a5715bfd9,VISA,8d313446-ae1f-4f2e-b6c8-40489c4ee064
e34daed7-ae81-45e4-a9c6-9844cdc09bf4,MC,b3179ecb-fb08-4ca6-a52d-cc72af0e2e4d
63cfb062-3286-4eff-b1cb-d7cd0e06cef0,VISA,7bb0c651-e7a0-4a54-b61d-c70cd2f8f4a6
197395e6-1435-4b3d-92ef-f94eec6cf7c9,AmEx,2d60280c-ec2c-4bbe-a44c-e05d5a004e12
92a5d3bc-7a85-4f99-ab0b-c204547da304,MC,dd53f229-3609-4eb4-a90d-c17afc4ae892
0a337155-aea4-47cb-88f8-b0427bde6f69,Discover,2235fb5f-6999-49c1-b185-21bfea879456
7b9345c1-7def-4a49-ab3b-ce13cf808f2e,MC,40ae7095-db76-47f6-b801-f0fac38e1884
ee4ca42e-1870-432a-a2bf-2adc34cd734d,VISA,9604fd53-9e82-42d3-bde7-96b9d2399ec2
0b418283-b89f-4a5b-bbc6-4bfc96c343d2,VISA,9a556fbe-ca37-4042-a40a-aa9cd46aa95b
b7bebea6-d14d-42c3-9648-57f55dd3335a,VISA,e8b27566-b7b4-4d76-8274-93b324f95a4d
3155416a-dcc4-4da5-89d1-44e29e42d8cc,MC,9333d65f-4eef-45c3-b710-6c7754796827
99fd8e95-fcec-44f6-8850-820f94bb2204,AmEx,1f0ee699-8d03-4aaa-b9de-3dcd78836642
304f9f6d-7e39-4a0d-b095-4b705ceda625,MC,0d7e0fac-5952-4561-9833-27d026f765ac
f607ce84-59e6-4a04-a72d-bb9d61b53fbb,AmEx,15abf113-f86b-4877-90ca-e372a82eb742
fc40c8a2-16bc-4d87-ac53-4635a744ab7c,VISA,14d6ad0d-913f-408b-a765-903e36f32698
6b8757ab-e2ca-4d10-a523-99a72125669e,VISA,9b81e0fe-b725-474d-95c3-0e321ed98f89
3643e4d1-bd18-41e3-9592-6e7fbb339cf0,AmEx,f9bdb0d6-637a-4309-aaf1-5e83833e34eb
a9e4d50c-8fe6-4c10-a953-078f1aebec92,VISA,d6a2b104-bc48-4ace-9fd2-d2fa6bfe4187
7a9cb272-3257-47c6-8a33-a62440ca7526,VISA,9863d489-1ac9-41fa-93c3-6bbc9b3d7151
513c908f-c98f-4a2e-b2eb-3f03725a77c6,VISA,af25f947-660b-4ae0-b251-2b25a18dfa32
369559b5-3b9a-465e-9791-af68ca32949e,PayPal,2eb16532-9491-4d09-8f09-b69c7922451d
e1573a2c-fca1-427a-8919-05d549ce225a,VISA,7a8c3b0a-20d5-4d0c-8b3f-65367cb4f57d
70d10b28-b8b2-45d9-9ebc-f3d53ac64ce4,VISA,98f0b67d-4162-4df7-9abd-8aba6728dc5e
28f582f0-d4cd-459a-919a-f0134f6b4fbc,VISA,bb07453d-7fbf-4bca-bfde-f73424fe8fcb
02c09dd4-b155-4b7b-98d7-fbdcdf253a62,Discover,3093f210-56d8-46c4-b78e-aa202bc415eb
50d8c323-7f55-45a7-bddb-ef606040265f,VISA,765c010f-178c-4031-b154-a672afa0ae82
ae279211-4a46-453b-b69d-a84c86f17641,VISA,9eb65478-46e9-47b1-8f64-b31bbabd221f
5900bffc-bc82-4b0f-9cc9-bafaec15c8a6,VISA,e66421c3-3d15-4d01-96e6-4bf396eafe38
7c847578-8d92-445e-9657-3c78d9708f1a,MC,b0ad4db2-f10f-45ca-a3a9-92ab9dc12b88
bf4624f1-a936-464e-a5fe-ca80670d9c8b,MC,803e2047-fe5b-4dfc-a6ee-c1844383bdce
688d8f25-ca54-48e9-8817-fa8074cbf2f0,VISA,6aad0618-688d-463f-a328-0beaac0e392a
c248fe73-2333-4779-917d-9e75248f2029,VISA,f2d94931-cd8e-4a7c-8b39-3ad1a2f68fdd
af2c054f-7410-438e-b2f7-9b7832b26ae7,MC,35e779c8-780f-4c9d-b86e-5f24305e91b5
918cb6d1-829f-460a-9b15-a979d8644bb2,VISA,96d4a15e-9641-4cd6-9c26-ce43f885c249
625f66e6-8500-4884-ac4e-96d159458547,PayPal,13a49dba-4ab6-4c90-ba5a-b82224d6fd84
cbcf63f3-ef21-4188-8935-1c4ae02ce716,PayPal,64cf1602-fe49-4e92-8bf3-ddd93873c8c2
31fb9d1f-55f4-410a-8f37-e1b0ff613674,AmEx,fecd4718-c0ea-4661-9b38-b1e8e74b188d
9ae251ad-eb43-4a2f-ada2-1ca20655c94c,MC,6c81146c-81fe-4038-b964-f7fe96e7a610
50a4d2f7-8253-4222-9ff9-c019d6494eb3,VISA,23ad54d0-06c1-4713-aa21-a2dbaf9978f3
efd2afed-e961-4684-9439-03faaaaa229b,MC,ec1068d8-d275-4a2e-96d4-7d72613d525a
f9a0df37-0ff3-4fd4-9334-008cc1b1b672,VISA,a68073b5-a0a0-4e20-ac70-cca02231b971
292f12f4-c129-4775-a53c-946362bc63d6,MC,a2000302-b4a2-4caa-9c6e-dc0b0ee5b448
4476b8b3-c6cd-424d-8d4b-fd681462a8a5,Discover,16e2028a-41ce-4cbf-adf1-fb1ca6b40336
20ff0655-fed9-4d4c-b591-c26eb8f29162,VISA,5c608bf2-3228-4a1d-92fc-74a62720e1b6
ef5d1071-75a2-4c53-8032-3c28bb23f5f2,VISA,aa6d1179-f481-4c06-8b1f-e247aca525c1
edd7a841-43a7-4ba6-b070-b40a734a45c4,VISA,03593260-d2c3-4e91-a34b-2ae8ac452376
27dde735-2695-4af9-9cd8-59c8df9e0173,MC,790a2d8a-044d-40cf-a474-5b2161487c97
8ad2591f-b6dc-4f96-bc70-7296589673df,MC,47cb2377-14b3-4479-adaa-bf917d7aca9a
9c3edf07-7714-4b59-bc1c-08504e52e20d,AmEx,f598cc8d-4634-4992-9bed-5fd984fa54b3
fe3393c4-1187-4828-951b-6ade248145c6,MC,6f091294-cc91-41ae-a2c2-50895e932fae
5ba962cd-b511-4ffe-905a-907679c42b96,VISA,cb36a368-df1f-4a6c-9b35-f356e2f58efd
8002e476-9144-450e-b21c-4d96301fe14d,Discover,a9e35310-af30-4f8e-88cd-4c0d72f258aa
14e85273-814f-4903-915d-4b96a738b204,VISA,edf7ab75-165b-4169-a81c-1c03fe0a6f13
09027bf6-49b6-4fa3-bd4c-893c8a14187d,VISA,d2466b42-1624-49e7-aa46-eec6dec2bc1e
1814952c-d3f8-428a-8b40-0a08ae016a60,VISA,0d5056f8-d3e5-466a-bb42-6e4eb074bec6
58ca8d86-413d-4fd6-bab9-f6e1a768ba56,AmEx,7da77177-e8e7-4a45-8362-897d14f790f9
69a4027b-7ade-41b9-a778-150b0e8c4e85,MC,446b1977-6471-45c5-a359-22307b74f2e3
b1ba6851-e909-495d-8edf-d97e645d551c,MC,555789df-e123-422c-8aff-f4446aa366dc
a174811c-b719-455d-bcac-a7fb9ae4cc07,VISA,6c68f816-f1e0-436e-92bf-6dbb21209fe9
7266dae7-5deb-4475-a719-3d78131951e1,Discover,3160df93-c6ae-48af-a5f3-b299877fd717
915a23bb-8275-4aa4-aac2-a21465db2023,VISA,389bc01b-ba36-455d-b2b8-0205b5ad6db1
841c8ccc-974d-47e3-85e3-1aeb5b2ee1ca,VISA,b8c8d90a-7066-4e47-8675-2a7605ac228a
56486428-6e1f-4428-81d7-017649a32d56,MC,16556fd9-6902-49ae-9d20-3182464126c2
588f734a-9150-4c16-9bf4-e028fb31cfc7,VISA,84db42e6-eb9c-4bf0-b5d3-d3075554a629
32129f83-74fa-4d48-b754-2bb517f3de4b,PayPal,21a8ef76-e623-4545-b8a4-48f87590589a
d56c6e16-106f-409c-910d-997ca1fb28ba,Discover,dbba1070-9eab-419d-996b-9fd27f80a733
26664631-cb65-4650-96b0-c2662d1ec5d8,AmEx,1fc525f2-f0e6-498b-a2f1-26243b877ce5
d5a1b234-268c-4ca1-9c9f-6eefc7b62e27,VISA,27b77ce6-8f40-4aa2-a3d3-9bb819dd82a6
eb5b731c-3b77-4864-9727-27e98893e030,VISA,d9859ecb-766a-4ce7-8a2d-7a685a04ff5a
05ec499f-54f1-4f63-9557-34e5b062c54d,MC,a491a248-d56e-4096-b335-3c6974200d15
483a6bd7-5434-42f5-b9b6-c2042abbea34,Discover,30549ee7-7373-4d87-abe4-3f9c82f2c973
47cc969e-5e49-41c8-811a-63c0dbc34def,VISA,0973a55c-7ecc-464e-b3eb-c02a9d239e61
b39067df-e0a7-4b80-b03b-3c2039929ae3,MC,9b9aa346-3c53-4201-91e3-10b80a3b55a9
bd82812b-8fe2-4227-baaf-d9cd548c4d83,AmEx,12ca7d15-9d30-48b1-8af9-fecd13223bd0
5beec514-012a-482b-8184-769bd4588620,MC,a619485a-b537-4e7d-aa26-18450e88fd42
1e247ec1-a489-4304-bede-d08a969ed06f,Discover,823af00c-d497-4a1f-a504-ac86e394e2d7
96eac6c6-e99c-443e-b186-e4dabe76ce5c,MC,682cebf5-006d-4cb5-8768-2e302f82dac1
b23df967-2e54-4cb2-9a17-584229818399,PayPal,a4d1e0aa-bc3b-4d2c-bc4a-5c732cdf87ef
8cbfadef-e78f-4028-8a3b-03c664d7fad2,MC,2b3a8ea4-db21-4a14-9fce-55835b8bb7a1
88f1cdb8-4916-4458-9150-6e368028af82,AmEx,bf8877bb-d621-40d3-926d-322275f0b47d
2498294d-4f7b-407b-8513-3425ee28790b,VISA,081b62d5-e45e-4991-ab18-e5b0def1c52b
c1597a16-1c75-438e-b25a-1faa63b91caf,PayPal,ddea58c5-81e8-476c-bd05-f084d6fc2c5b
66019b1e-9e7f-4a52-a218-4488bfce17f4,VISA,7901118e-1480-426f-a96d-b8f4ead905b8
614444ed-6794-4efe-b0da-114d0f7d1158,AmEx,dfc79f44-28a8-4c48-a45f-01d8d0ecd8d1
ab29b35d-cf8d-46fc-8e56-c82ed6e79fee,AmEx,de4f6d99-22bd-4441-aa3f-475d6ac6aaeb
7285e3f1-b745-4257-b6c1-23c710d2f8bc,VISA,2003e003-46b3-45b1-8784-7d8779736449
5e232f93-a027-4381-939f-f3cb2703b1f5,AmEx,7bfc32f3-756d-4843-891b-67fdae531aa2
bf691dec-5571-4f7c-8cfa-0f9eb6432d64,VISA,532bd743-984b-4ea9-9b82-c0b1eb86abac
422b877c-ec75-461c-aa46-20eeaac305b8,VISA,85ed490c-df6b-49d0-a39c-1dc2c2a9be5f
b1d8a47b-c065-4001-b79f-fe225217785b,MC,efd6257b-565b-4a3e-ba41-582a712e4212
46b2e6bf-8929-4844-a8ff-e81ba854fbc5,VISA,e1ec8810-61dc-4958-971d-5c71938f88ff
d3a693ed-011a-4e16-8e63-acb1ac4ec52f,Discover,d341477f-48e5-4244-ab10-a4a8cf51cee9
c244bd21-3dcb-4565-9b54-2975bd5eaaca,MC,1e535068-fc06-46c6-834f-12034b3ba272
8b7fa868-b3e8-4920-b820-7698effaf44e,VISA,a9d5fb06-4cca-42c8-be84-87b21382e1a4
5fc2477a-9adf-45e1-b74a-8d4b2467eae5,Discover,44ec58d4-24cc-4354-a3cb-321552f32bd6
66d04c8b-4b43-498c-b0a0-19e64cab4f30,VISA,9239a9ee-575c-411b-bb67-4a020b7e504c
02fc1700-589b-4a48-931d-6fe89fb5c896,AmEx,4a79f4ff-c70a-4762-a8a7-ea29e6a1af84
e4b78347-2ac6-4bad-aedd-b8b7d575ca43,AmEx,bbb79e44-a266-4b79-bb7d-3662485287f4
8284813c-d375-4b8a-b290-4b9037b1a51a,AmEx,d4b77dcc-ac32-4021-88c3-6fb8d689a759
18d6e80f-e284-4700-8cee-20e08dc3cca2,Discover,db176be0-235a-499c-ad08-dbb66904db2e
793b27c6-1d1b-4d98-b4a5-b88d1aab52bc,MC,75628cbb-948d-489f-a4c5-e770279dd7c3
5627ddd9-1f62-4cfc-a2c9-4a6e7346d42e,VISA,d74de9cd-3f76-4edc-97fc-9539909eb908
8964f615-30c0-43e6-ab16-531ecb25ff1d,MC,c2fcc049-9f23-4d89-874b-d0aba38eed06
3187918b-fc88-40e9-acd7-52149fae195c,MC,53218a82-6d81-4af1-a06d-a861383ca04f
7b6e5547-6ed2-48f2-a642-776316564c61,VISA,8ff9aebf-ac85-48e7-8674-5157890b8b00
4ab8e688-d15e-45ab-ad59-e98a9756dc7f,VISA,4748c3db-8bc1-4e56-958e-261af1fab1dc
3de8d7df-690a-40f2-bbee-d35d8c382872,MC,3de0e68e-1465-493a-951a-2b95416c1529
e7a37f8a-5186-4a1e-8afd-34f78c067169,AmEx,8c450a87-e1a6-472d-b61b-7fea3c955e03
1a37c5f8-f443-4764-b262-9337e240a941,AmEx,ff92ea16-432f-446a-bb01-357bc5016d5a
5d36b0df-e49d-42b4-a8d9-c90ddc3dfd79,VISA,09e59537-5149-4940-ac9d-4ae3e8c41b8c
a9f8726b-740d-448d-9486-789338e6c0f5,VISA,9b2d348f-9833-444a-9474-e4676f8e2fcc
46e702ce-937e-4da5-98bb-265dfab35de0,MC,dfb4b481-9a55-45c2-b66b-896327ae7e65
2e73273b-dc2b-46f3-b085-97e89d6ac9ff,Discover,611fd3ee-40d5-46db-89dc-40b1e3a9558e
577876fe-168f-411a-b7ce-1d1057bd459a,PayPal,bad997be-580c-4796-88fb-9c4757d357e4
f4550019-bd14-4a83-a739-3c1cfba6c82b,VISA,0d55deec-aad8-496a-916a-85fffdaef2e3
645209bb-ad61-46d9-8906-7983ec5675be,VISA,ecf0503d-e4a6-4239-b09b-0a2cfe4e5879
edbedc25-9055-4bce-aeff-16089a4621a0,AmEx,572f7868-cdce-41c8-aad9-b894440637e8
cda822a0-9160-47fd-b67d-f8802f2fb3b6,PayPal,6719f68d-4955-4531-ba6d-0ec13378dec1
fbd415aa-50ec-4d21-a4ed-c6e77d20ff87,VISA,461a8ce0-171a-48ca-bf82-56a43965bdbc
7c5c7bd0-d9ce-46c0-bd72-6af3efaa8e2a,MC,ce5193df-d95b-4a89-abc1-d351885f3ead
f965b572-c38c-4f94-bcc3-7af6ddcaa688,VISA,f2f1401a-8bd2-43a4-aa62-e14e8cdb7a9d
6ab1ef47-3190-401c-9217-6bf82a8e6b8b,MC,dcfe50e7-5e56-465f-a404-8621b5320b66
13514c95-320a-44d1-9261-7d0fb15aaab4,VISA,134d9ffc-9c84-44bb-9ff2-ef4f8438cd77
ff4056b3-ba7f-4702-97ff-e0dba0754073,MC,6f27994c-c0eb-496a-b026-b2f4a892fc10
9c03658e-ff74-4939-a528-0b4453cd3ee8,MC,5c82b78d-7a8d-4f24-91fc-f12e25d8f2da
0002ea46-aa71-459a-9c86-41fc853817e0,MC,11dd4f85-1988-4bbd-b7d0-a31cc01e804a
8083dfb9-9872-4e47-a545-d58403129509,PayPal,7825de56-fe8e-4236-92db-68eb8db2f619
f6c30fe3-3876-4cf7-a881-992defdd003d,VISA,6635f16f-00b7-42a1-9837-c38768c60fee
56427e59-ef55-4af1-ba18-8321b722bb55,VISA,09c3b202-b1c3-4cf3-b44d-db0efb85eb8e
a0ee9010-2992-4499-bf01-2e842ec25506,Discover,6f177093-39de-4d5d-99b5-804c739c3f08
1d1e2d80-514e-4a42-b88d-30dc83c5382d,MC,96608e14-daac-4a70-8484-29ac03fbf1ce
5b17a408-c166-48f2-a54f-5ccb3d6c2d0d,PayPal,2dbf48e2-30a6-469c-9e11-d2ac6bf65ab1
6fbbe76d-c612-45bd-b922-8f14edc2277e,AmEx,90b6ff42-2051-4465-b44f-bc1520be133d
a5f65474-d588-4823-ba4a-0a3c0cd50645,MC,40859d51-e76b-429d-8b6f-8a64b4a79737
e3b0b3b3-90b5-4a4f-95a3-d866d63c21e8,MC,2c763b65-86b3-46e5-b0b4-09f01f1be739
b53b1f5f-aab0-459e-a0cf-9ccce1184404,VISA,ab8f9aa6-b69a-4f36-99f7-fd262ebe6f18
9f961f54-8a88-4f76-9f26-994f955c907b,VISA,0976e5c1-a104-41b1-a671-a8c18fb3b768
bdb078b3-bfae-4f3a-a478-b0a9e6f2db84,MC,8ea66c3b-d844-48bd-9415-39c308003cd2
265d7f87-1f20-4a1d-8147-4261bfe917bf,Discover,f9048797-6d4d-4da6-aba5-4079f1677618
3d33989d-c725-4222-8db0-5fcf3ab4461d,PayPal,67a0b4d1-26e6-47a1-a910-050af2440994
ffbeacd6-5120-4f5b-a407-70c56f46bf79,PayPal,24dacb60-3eb4-4303-9917-8dec54098b6d
a8f2142e-a07e-4d01-88c4-eb273f114bdf,MC,ce18a58b-f46a-42c0-8a29-e3936e4bc4c0
f8be8637-49f1-41d1-974a-c283934f3315,Discover,bd37a673-ae1a-44c8-8abd-183e7cd98c62
8ada582c-5f2b-4981-a467-ddde6ea0f0ff,Discover,aa63c086-14c1-4410-930d-b099a8d5d5d9
0413fdcc-fd87-4804-acea-c993b249b70f,MC,bd140dc6-02ab-46ff-a16a-ba74948b431b
1865f1d2-18e2-4bad-94bc-4cae62b08266,VISA,f358ef73-044e-4716-a5f5-1833112bae95
98679de6-365b-420a-85c2-ef34264ca404,AmEx,949e37a8-d995-421f-971f-d9771f9cb80d
11178348-e63a-4658-8f35-f0c5390c8394,AmEx,decdacd8-bfe0-4bd3-8950-2c3923d30e40
c2650ec1-5d9c-4c37-94bc-59a59aa058c2,Discover,97baa58c-b0eb-4523-9059-eba984dacbbd
e6f94bd8-546e-4fcc-968d-cd2b543abb2b,MC,79da0391-7b1d-4892-8563-04d2804c533f
a6c7f20b-7ebc-465d-9edc-e5552b58aec6,VISA,4f9114d1-82b1-4989-b8d0-2495b4eab0ed
fae3ae55-fedc-4713-910e-689c22b4539c,MC,c4ee74e0-f11e-484d-8b08-79065b4463bb
be499f57-8dd3-477a-bbc0-334d66100ced,VISA,dc9ae57d-fc21-4279-ac7f-0b7224c14235
1afd39ce-0bee-4490-841f-0f8bfae23d72,Discover,4317a68e-a2a1-4c50-b63b-f96be2f52a85
08a48c2f-3139-434c-b7c0-aa912009efaa,AmEx,c91bc99c-e3cd-4bd1-8e94-5b3ff49ebcf7
e56abd19-1b7e-4829-89a4-09653d2fcd4e,PayPal,b182c8fc-1a09-47de-8991-dc689f77e856
08605905-1a53-4e7a-b33e-43f517a707a6,MC,92a5b9bf-ad70-4e4f-8ad8-d462e61c40f7
9793f73a-516e-4f9f-9bd2-11057e83c163,AmEx,9ca0f80a-ae96-48ba-b34b-2d4f2cad3b53
4b248846-e51a-411d-9ae9-d213929a4f97,MC,8e4da3f6-2744-4354-bc69-81bfb883b811
ad12ba85-8aac-45f4-8700-2a283e7074ab,MC,00c32301-3340-4edb-8078-bc8787bcfc1d
a4c0645e-ed1d-4350-84e6-8ddcfcc1b2a9,MC,254f1a6a-ca47-45c2-b2d3-55db6a7aa625
1e33c153-0b00-4a2e-bf61-06f992f3db2a,AmEx,24f125bb-cfae-48d4-99c3-10a0cb1f4cd8
c577b2a2-9ef8-43a0-96bd-500aeb0bf575,VISA,36284048-4055-4058-b730-135fb143fa14
88448891-2a97-4312-ac06-f0beaef8a226,AmEx,498637e2-bc5c-4dc6-a6f4-f54d73db8462
53d3b6dc-5524-4359-8602-cbd7fb3f2d6e,VISA,e0b9f486-ec7f-45f9-a9d9-ba3a57b8454d
18b53cc3-eb57-48cc-a557-73670ab0e130,MC,8573eeec-fc59-4b58-b10f-1bd28e7c33a9
ef85cdd5-4d6d-4f62-9bf6-6efd250d9324,VISA,f199e2bf-1322-489d-b00a-c282ffc7409e
842dfacc-faaf-404b-a7b3-a7b3568e9911,MC,ab32f00b-7df5-46aa-89da-376b5352e6bd
a9ee5818-265c-4361-88a0-8822ff5a5975,AmEx,8c381707-0f98-4f2a-9c8d-ebadde5882a2
a57e4fe3-988f-44d1-b066-c7a3ccda69d0,Discover,6dc80efa-5848-46df-a0e4-99344a859853
26889165-7b08-4efe-a061-bb7077ef117c,VISA,25f19fc7-e9cf-4706-a277-81e2e8d85767
ffe5ac10-8f58-4c0b-8787-b924b3d33563,AmEx,454b7617-65ca-494a-8084-f6f8c107be99
ce20aa47-c2cf-4f80-9455-67acd8adafa1,VISA,e75e4b74-8449-446f-b156-28d92033733c
de6ec35f-4ada-4188-98c7-03f3c3effb9f,Discover,48913157-3601-43cd-8c68-6ed91b4f21b4
e7cf2c70-171c-46df-a646-3249eec348a3,VISA,a66cbbee-608b-48c5-aa9f-61574d656219
8811fe68-da43-46b6-ac92-36350fa23570,MC,d6d222f6-82ed-49f3-af13-2e75e39a704c
50ba712c-1193-46a4-a4de-dfcd2d2c37f2,PayPal,04f3b29a-0c85-46a2-a8bd-28425fb0c591
e10d506c-c7e6-4595-a719-b56a55d8eab6,PayPal,ed9cd571-6584-4d50-9d8a-7c8b6e62d798
7dba835f-c2e3-47b8-b7c0-df8f923c2aef,Discover,80e34d24-7510-42f5-bd6c-2cb07ec16e4b
3ae36c79-9b8e-44e1-914d-7c91ed2218da,MC,37ad3b10-e85e-40fd-9874-9949c6b42915
3cfb7a97-62a0-4afc-817d-7818bda6a1a8,PayPal,16a2e0d7-6fa5-4184-8a5f-a3d04b2cf821
f2bb766b-c227-48ac-8c24-0f3cd053e75c,AmEx,adf4f28f-feff-4562-8997-3f3f270c949b
0e4082cc-779f-4ff2-96bf-6ffe8444f82e,MC,52d287a3-b4ea-43df-9d40-2b5d73de2a1f
747c77e3-e7d2-4899-be97-45936f82b8d9,PayPal,0ddba32b-72c7-4ee0-8622-b32caf622535
c2cae727-3a44-456a-b9dc-04507e79420a,VISA,31f25aee-05be-4be4-a105-2aea2ee2e4e6
1d6ad211-ff8a-4b0f-9584-596432ba7222,MC,744e7bd7-e712-4791-b8cb-15532bc10424
80da3eba-8213-42be-9a09-1b55d02811e5,AmEx,aa586e0b-bbb8-4ce8-927d-a883f06eca47
349e836b-3228-402f-b3fc-0979fcf480c0,VISA,f7f39270-8a8b-4938-bdcf-58207553b00d
a4abba2e-8918-4276-a0f8-97a5a60797d2,VISA,8174eb61-abc4-46bd-9dbb-95ca10ba5637
2fbf2b24-ab2b-4288-9389-bd64ba4eda9b,VISA,962e6beb-5d6a-4928-808f-87e4162c7dc1
78d1922c-ef5d-4a52-85c1-c5acee38cc16,AmEx,c2f6054c-c8c7-400e-b15b-dd0131510309
98ecc043-8c7d-4534-b30e-3106f82539c0,Discover,0232052d-291d-4fdc-ae43-2db61ef915bb
b541ea32-1e7c-4810-84a4-9c05e006513a,VISA,5cc34c63-9940-431e-b97b-5333ba49baf7
6816214a-e030-48e5-a985-3c67054a76c1,AmEx,9dab3707-6c93-4609-b34a-33b1c9a61837
080c80e4-8b66-4380-87fd-91029b707fc2,VISA,e0443691-4c13-49ac-a013-cbe9381242c7
a0ae2592-c2c8-4185-8318-50637ed5b7aa,VISA,97bd8568-19d9-4300-93b5-5be1ba126c4a
261351e7-e095-404b-b671-24100151044f,VISA,61fcd7d2-d298-4cd6-850e-3529c99cec3d
64ceb0b5-8a5b-4291-b49e-b8251f1b9eed,VISA,cd8bbf19-a09e-44ac-b69f-e7ea5afc9e99
243ca93d-9f83-47e7-a588-a2d9ca2ee796,MC,8a28aee5-87ed-44e2-979c-b2164e70e5fb
7d5a12ee-854f-4684-96fa-c96b1c644895,AmEx,0be2dd4b-7581-4b36-af5c-d68ce70a055e
97539be3-f672-49b2-b773-88388f4119db,VISA,3cd0cef3-1099-46f2-a2a9-81383c07116d
d809ada1-e841-4d03-8f50-1b5aadf59805,VISA,e01dfb3d-2ff0-4772-98ca-fbd977d7ae4d
0078a730-d7a5-4883-8190-5d73755ec9e6,MC,8f51322f-65f7-467b-9859-265bd5941a00
ce885890-5064-4cec-b4fb-51bce1b15130,MC,f51d22a1-16c1-41fc-a831-3e9060fc8b0c
08f150f4-7f8b-4e61-9e4d-fb8b8763efd6,VISA,c995f839-a220-4ff9-98c9-d28f8cc3cd73
ea96ec1c-d072-4140-9ffc-6a4f5eb11500,MC,9b90dee9-a2b8-4f5e-a379-659ce66094a1
df994aa5-9215-4c83-bd39-ec1257ad9dbd,PayPal,85360fef-04bf-4a78-bf0d-a7cf29e3dd65
3707c26a-a946-42f8-b89a-402e80f79774,AmEx,68c2c1bc-7798-4063-92ef-b8a6f1567d08
9e88437e-2e19-4220-a01c-02333c6fba79,VISA,c1cd70ff-3ac6-4614-b744-45320fd4f994
adcae8e6-abc8-48a0-abf8-cb87bfa5bf90,MC,7fc65fd4-4c42-4fa1-acb1-bce036b14ce8
b18a8dac-4867-4c17-b144-621a7ced457f,MC,c9ccd175-85db-46f0-a921-db7e599f3351
3806f3e4-da6b-4f54-89ff-1504ea44f36b,VISA,3363c73d-03e7-446f-88d9-2613e9e2de1c
78f0fd1f-2464-4015-8663-e511976bb9b2,AmEx,41f1df43-cabb-4d28-94d1-2c09cdd4f2e6
ae34fa8d-ad37-4c19-aea4-6c69c76bd0f7,VISA,9b738653-b1f5-4db5-a756-7f57311f486f
d658f549-897e-4b4f-aa14-4dc4f22de4f0,VISA,57776235-8a18-49be-86e9-45dc16807116
ca090ef9-667b-4b85-825f-3531a52079be,AmEx,fcf2a48d-8e8b-42a8-adc8-b09385be3023
a092b840-4936-43a9-bfe2-c65b621e1920,MC,3d98a134-c185-4887-b835-3532a14de195
a7cb5027-a272-4a25-aa61-81cf7626e046,VISA,e535c196-ca2c-4bfb-b215-6dc45175146c
b837b535-d229-420d-a102-7a0fe90af4b1,Discover,369b4bfb-c602-4ffb-a8de-0c5d64a11b56
c5111739-4f01-4fd5-8256-51d85d3fca1b,AmEx,ee50a108-2fca-46d0-81bf-e5fc0639f9b1
2d699056-5ddf-4509-a353-28508f037be0,AmEx,44bfdc4d-ae0d-4396-9c0d-1949f667129a
1091c32f-0c77-4b1c-bb38-4ba1243bef98,VISA,3f172ab6-db67-4a89-a8fd-7053a3145b4d
f184c705-0262-4b7d-8640-fed537c36dd9,MC,e4a3aa2c-b0b1-4133-b496-8e24e411c50a
abe08644-1bd8-4372-86d0-8e166b97fa05,VISA,946afdbf-fafb-40e9-a4dd-a55fca2ef19f
833536bd-1342-4fd1-bb90-d63635e69a2d,VISA,c34d004c-f9cf-4d7d-b655-93873d1c41a1
d1455b5d-3ea7-40a7-9e46-785040731a1f,AmEx,5df5179a-8654-472c-9c9e-9204354ad1cc
dbe86d1c-b92c-472d-847e-2cdf60cf83ca,VISA,ada673d7-3222-4397-966b-bb5b4a551959
3856ebe1-15dc-4a05-9ba6-b6fe1249a594,PayPal,ab112073-af04-43d2-bce3-0fd420d9b275
e388be7b-fa2a-4fd4-adff-48934628c02d,MC,78af32e6-27b8-4e15-8d85-36ad3fabedcc
700fffcb-2552-4a4e-ac05-faf2ec8ecc03,VISA,38cb1e7a-44e3-491f-ad74-78273d850e8b
9b0cec51-443d-4f53-beea-eb3993a025f3,VISA,0f391937-7937-4fe9-bca2-e338eb30dd50
27f1021d-70ea-4d2f-89d4-638be017cc73,MC,6cb8fe21-425e-4b46-b20b-1d83e6229683
29f08605-1f32-429f-a4b4-f5892fa1256e,MC,8b1da2e2-b379-46bf-9499-5c48d72e27eb
eebfd7ec-19cd-4e4f-8b48-d4b58f9c8eea,Discover,5586f1f1-920f-4727-b58d-c0cb3627eb58
a52e36f1-8865-4dfc-8e80-ec84809a6ab2,MC,54556075-321d-4ffc-b36a-aca0651d2338
5ae1b3f5-fb1a-4ce4-b426-98d2f5fbd92c,MC,c9412130-ad2a-495b-b09c-f72db794a3ff
64678846-599e-4a05-8e15-ba95e13e836c,MC,60f26fb6-1265-493e-9d4b-3b5729716dfc
256b33a0-e83f-4c36-b2f3-beba48fb2dc1,PayPal,9382120b-42de-467d-9112-39af866a6e25
8897ca8d-a8c4-476e-bbf0-676cb8653b6d,MC,bdd04e5b-a228-467c-8eb6-50dc17a4599b
f556e144-e448-4c50-820a-353d4f64e8cf,MC,c9252050-46db-4ae2-a31a-5dce8251f055
e07866fc-1338-42e7-861a-638438ee03cd,VISA,a1297725-fb99-42c1-9df5-95d9d4bc15a3
4ca55efa-6388-4810-8008-8c2455214c88,MC,517e43a1-1e47-4692-8646-7230df241949
7ee0a4a4-0e98-47d7-9889-79e4cbb7c7c9,AmEx,d283e200-b352-45c5-a0c0-af7bc3c77462
38544097-5d6b-4949-995c-26b9b991cedd,VISA,37a0104f-c454-43c0-85c1-d9341c77ca6f
2aacf8b9-7391-4d6e-99d0-eca1dc3eeeaf,VISA,1d522edd-2082-4fac-bb96-072475bc8ff6
3be0d4e4-ebf9-4583-90fe-cb5c92c154dc,MC,3d1cd668-2443-4623-b1b3-d0a9110a02ec
d53c2133-d33f-46cf-99ed-520ce17317b5,VISA,a9bc5b96-9161-4e8a-a12d-1b547e5c821b
cf165ed3-2e17-4fdd-a3ff-faa45ed12519,AmEx,e7b9be99-b951-49f7-a429-8ee4cd066876
fb5d18a3-8ca9-43d9-8ba4-9e3278acf7c8,AmEx,fdbf3327-ef52-4b91-a717-259a8fc95219
f64d04d1-8429-4725-b197-3cd1df5067f4,VISA,3fbf461c-3a38-43ad-b499-c1d22f354beb
19cef8e1-9a96-452d-9ebb-b5aff9808579,VISA,f4924776-552a-4541-964a-f15e23ee865e
4d138703-0386-44a9-b65a-ac22158a885e,Discover,94a4cc9f-6611-4716-8d86-98de093fa61a
570f9c60-21d5-43d7-a538-3183e5d5981e,VISA,380fbfdc-70aa-421a-9bb0-3abd3ebed65d
9112e498-30f9-4521-97f7-e8a9b8cbe9be,AmEx,fdf331aa-75cc-4bf5-9e35-3a92d1834625
e5598da0-f105-472b-aa20-1a0122b5ffac,MC,2d5e0d56-3f77-4478-b860-3d84e9c18a3f
9d504e6b-2d30-47a2-805b-8d84d3515b79,VISA,c337538b-71ef-4190-81c0-8ce8e9129ecf
ece2d6aa-a592-4b34-9dcd-effdb6d7307e,PayPal,8663ada6-4cf6-4f91-bcb0-6e74a1fcfc23
f1fe00cf-2e6e-465b-b7c3-f8b4b29c7296,Discover,ca4d0e55-53a3-4125-bca0-c25eddda503b
359402f1-b58e-4491-94b3-7d625ed1f487,Discover,48a7abdb-ab32-4023-9581-1121a8b1d035
128e41e4-4d00-4e74-8b31-0f7e335935a6,MC,ca5fe385-ab75-4be2-916f-30bc9c9dbbcb
4ad65588-0cde-4a3a-994b-19ed1c0da0ac,MC,f3b0c28e-88e0-4472-ab3c-f9452dcf1543
35c59609-c10a-4a05-a70e-236cf138fe26,MC,68b735e9-7216-498a-b9f5-728ba92d9ebe
d590efa5-1540-4aa6-9575-95bb5bdf157d,MC,5fd5730f-5423-40e0-aa14-fed6d8f1bb90
85cbc4b1-72ff-4770-9bb6-c4fc3655ade0,VISA,e0b09c5f-b7ac-4fda-ad5b-5d0550a79e92
8c10ca8e-5ec0-4519-b51d-50b38640786d,MC,4db8cdb6-4d5b-4ae6-82bf-b91b5ff0594e
d0fe5368-361e-434f-8abc-3b10330027a9,MC,632b75c3-5293-4957-b209-2488f6664c00
4f4afb0d-8a44-493e-ac15-914fe224ee53,VISA,ee732b62-618a-4f5a-8a34-202a66e81a3c
f56c049e-e6e4-4509-b5ad-27680a5147df,AmEx,75e2710d-e200-42b2-b900-036e9e13fc2b
ef85ba40-fd72-4cb3-9df2-db65feaaea2d,VISA,0d600cdd-81b3-4e16-a307-b3a7ca20b335
598b7254-d7c9-4f2b-a0e8-cf6bd6bb6a72,Discover,3a8bb34b-f008-4e3a-8818-55fee1200675
66ba10d5-5815-4d94-85e1-8113718889bb,VISA,471f49b0-a800-46cc-893c-8bce994c0b74
52a565fe-d0d1-40e9-8b4d-46f377ef35f5,PayPal,5fd0e592-47c7-460e-8460-9d145112b2ff
bf9d2dab-a409-423e-9c6f-6f6b9700e5e6,Discover,305d879f-bf41-4272-a98f-64be5adf4afb
c0c96d52-cf1a-49d4-80f2-90895beea2ce,VISA,fddf11f5-482b-4e82-88fe-1f6fe8d9f908
f3c06630-e69d-49b1-bbb7-a066052aff36,VISA,d59950c4-6d46-46ec-9819-419c92db0f80
9496eafd-3b41-4120-a126-9ded7be18c49,MC,487d3815-7823-45e4-8d9e-9b3ffe0e45fe
b0b7e947-66c0-41e2-b343-25fb3515f4b9,MC,4e1fee76-7391-47b1-8604-1ac8636b5ce6
eb479f34-492b-4d1c-a6b5-f02dcaecb254,PayPal,49e1faf6-e643-4c2e-ae44-13de7109c91f
ef61e1cd-6279-4fe2-b285-2fea985cd14f,PayPal,ec03f6de-2a3f-42b1-b17f-e87763bca4f0
1ec74b72-a755-4ebb-89de-bffee91dcb9c,Discover,8bcafac3-c5f1-4c55-aa15-c94d7d3fadba
4541a2e5-4261-4409-88e4-e9374d8fcb07,VISA,4a7f62b5-1bda-45f0-bab2-95858282450c
f58fb7e6-b10e-43aa-99be-96484895f66a,AmEx,f1d01c44-490c-4cca-b692-92a5fa9db6b3
48052b9c-36ea-45fa-b0b2-c62658f745e3,Discover,33fe4c70-177a-476b-9450-52fc42ed2fed
84a68c0c-39ca-4d22-905d-9221fa5635bb,VISA,60a32f75-e222-479b-8209-82f43978eb88
972b98c2-3029-4945-9fa7-de83a5759b0a,VISA,379e0d63-d2f5-4529-b060-340ae1c57463
14932eed-410b-408f-a977-023c2b948432,VISA,03994f74-a4fa-4091-85bd-78b98e0e0f49
3d91884f-3e15-4e45-9709-806213a2ae6b,VISA,44461d4c-7eb9-4d3f-a095-8d962cac25bd
2290c0c9-da52-454a-a83c-4327cfe09472,VISA,4b43adcd-a7b2-4a3e-9478-1d6c939ac141
56d6b576-90ac-43a4-9538-d0f696c93c0f,VISA,fa1c32e5-2c72-486f-8b2c-687ae7e11814
e455b150-14d1-4e7f-99ea-c8e3c35d9294,VISA,83e19818-0570-473e-b0e3-146c98965b60
da247485-79b5-458e-92f1-8f5db81e6be7,AmEx,b9e67669-e05d-4d65-9392-3f050a269edc
25bdcf89-3a3f-415c-8dae-2796e3f9c9a9,VISA,f9b9329f-0c4d-456b-a9cb-8008ce4981d4
22cb2680-5f1a-43d2-a774-b4a7a44e1c3d,VISA,4b45756b-6d01-4efb-89bc-c853ee63fec4
968f8bb3-082e-4ecd-a237-d78247b2b8eb,MC,c1eda99e-413e-45dd-a966-067eaf11a753
9ba56dda-9ec9-4fcf-90bf-804c4a75667e,AmEx,2573abf3-6928-435f-919c-4922901e88a0
f09fe3e7-4e68-43ea-8ed9-8793289c3b0d,MC,28e1a048-dce5-4790-bc4b-2417f49680a1
f2d46263-2111-4949-bbb3-8eaa2db20184,AmEx,2fcd36f2-329d-4e97-83e4-b9a8b3afc572
a60bed2e-d6b4-4c62-9928-f6279edca852,Discover,2099babb-18f2-48b1-8f64-b9a26c55205d
f93f581b-ec20-43f0-9e02-fd67035cdf9b,VISA,9cd3106a-968b-48c8-8f5e-d527deca4160
99f80b87-7d65-4958-971c-bd828b7a177c,Discover,0168de15-8ed7-4f33-acb6-43b35dcaf456
788da77c-dc8c-4286-b98c-851c6e054579,MC,a2b9bbb7-ea16-4135-932a-4f81faa4a04e
bb3765e2-aec6-42fd-a2ee-2e85c3270a24,VISA,745be399-3c14-4eec-b13d-4a818329ea52
c09ea72d-7cf4-4c4e-b5bf-320c105126ca,AmEx,10972cdb-5765-4976-9186-ca980acbb570
8d5556d6-2b75-4da2-93e3-9c055150c9be,Discover,8e4ef9cf-6476-466d-b5ad-ff41ec23f54f
a972a4a2-c194-4178-af8f-6513d88a9d55,PayPal,4174edda-3a24-4e9d-a4f1-f5da480e7cb3
60f7c11a-62fd-4a70-a788-3a08ae2f54e3,VISA,d9ad2c6e-ba7c-4430-bbc0-269909908e7e
00e9eb24-a342-4ae9-8e3a-63660b4613b6,VISA,dd1d3920-343d-4323-ab58-d891ff16292e
c63f3265-ac8b-4380-865d-0e1c714d9442,MC,99ece86b-2ef6-40eb-8a76-4433e280a9da
31cc5de4-c887-477f-88a0-3dd2626df073,VISA,9ce98dfe-8041-4a59-b94a-0a6b7344263c
626420e1-e3aa-4998-8d22-4d5affdf71bc,VISA,3a4883f8-579d-4a3f-864c-275eaa448bab
7118780f-d0b9-4a41-af98-020832957ff5,VISA,f2240cd3-5e07-4d13-9a87-b46067101ab2
66bc0d05-56c7-4e3e-81e7-a213d64fc21b,MC,302c843f-44a4-449e-aa9f-be872a50b2a5
a5a24636-bdc9-4433-8571-0c692ec3a7ec,Discover,ec30502d-89bb-40bb-84f2-99ecd37f23c7
8d07d49b-9744-4c05-95e1-202f4c3f651e,VISA,3ba0709e-4fac-4e58-a39b-7ce62b9dcc87
753f6717-6580-41b3-b865-cda280fbda2f,VISA,b3441234-6df4-4485-b916-98e1db279bb9
a24f483f-c737-415c-bda6-032d30bcf577,VISA,36e3d618-6705-4828-b064-37d842babb20
ec4ab796-888d-4973-80bd-02e9c67aa43c,Discover,07f5ab47-2ebc-4d7c-81ea-d1960ee2ff4d
01f2223a-4e5e-490b-9ed4-8ed93b1f8f55,VISA,588af8a9-b91c-4ced-9e60-96b6c5afef8b
81142817-4b89-40ba-a49f-ac73aa0fd85c,MC,9e939874-a9f4-4bfb-9dda-40cbe8c24a7e
27770f9f-6280-475d-9820-5eaec5bcb213,MC,36a1dbec-74e0-4e05-b1fd-ca32bd7acb5f
729cf5e4-07af-4e48-97dd-785770324655,VISA,b9be6b57-8948-47b5-99fc-b6462ce0cc1d
471f79a8-1f83-467d-811a-fb06da52e6e6,PayPal,d4e8c0f0-4543-435a-bcdf-22626c329b1c
f3e58c02-cbb9-4c96-87ba-5a7151e2fbb1,VISA,3728adb7-5246-4286-862e-181f1d244d61
e0dd8116-08b2-4914-acb0-23029123f481,MC,f51cf218-8320-4114-a0fd-78f5adc45b9a
b8efa88a-1b28-4444-8ce0-1f60cb59da0d,VISA,bc6f4552-7a1d-4f45-abaf-2bc109ba296c
288bbeaa-f8e3-4847-bcbb-96d5564e1445,VISA,96b82751-cf17-4ec9-b4c3-0d95cd551eb2
e960e8e4-81d5-4757-8838-46d1ec102dbc,VISA,5ffe6eda-5bde-4481-8dba-ef5491c8be08
bd7261b9-7384-4051-984a-93728a195712,MC,1db33357-a4aa-499e-ab38-7002c7a8519e
e4d2418f-42e6-416d-b68b-adface185851,VISA,192d117f-771c-4f20-925e-fb753ee0aa0a
de2399ba-a048-4e94-96d7-d48defb479ff,Discover,f1a44d1d-d5cd-4f33-82f7-f5a78ee8c659
4648bb66-5ebf-49dd-bf82-7c30f5eddbd7,AmEx,663b5fa3-709b-4213-a83e-aad5d04a05c4
49aedc84-73d1-45c3-b98c-2d8cf8ceef66,VISA,9035a3c7-a079-4b81-aad4-dad38b8cf78a
8126e758-8499-423b-a14d-f82e9cc01fd4,VISA,cb895bd6-dc9b-4f28-afa0-0933f125ffb5
586050fe-bcd1-45ef-a198-1c5651ce66ad,Discover,5e2982a6-126a-4043-bc36-67f4ae427565
3e14f8f1-1baa-4b30-8ce9-3967bfd98385,VISA,6814cc16-4924-4c81-a3f3-d7c003650fb3
321fe21e-f409-411e-8367-d9a411509580,PayPal,c705ca07-0db6-48c5-87f2-078a85010de5
75af8fd8-9d71-4c2e-8c05-36125f512960,AmEx,cac3da6f-4a65-44f4-b7a4-f2bc6ac25436
285fa66f-bbd2-42ff-9629-2788ecfaee95,PayPal,c2594fd1-d21a-426a-8932-bc1f927733af
8a69ebd3-9b15-453a-afd2-bd3eb200df94,AmEx,171ebf97-a43c-49b2-9311-b56eee86f4a3
08d6dc7a-25b7-4a77-befc-c0c8504f564c,Discover,9096ea43-55da-4eae-b12d-0ee6248e5b9f
f11de7bd-5dd4-4c46-8fa5-e608bc6966a9,AmEx,ef759a07-30ac-4a49-9757-f73114aa11d4
bc5c2767-1de2-4ba6-8f26-928c1c3e6983,AmEx,74309f41-94d6-4024-a9d2-5c995967618e
44d2bf41-7a2b-4cbc-84d8-d684fca17574,MC,f8069336-b800-4c49-af1c-6fd5b2f780d4
1f160b07-c45d-4ac9-961a-87f94accf283,PayPal,337612a7-1635-4944-bf18-49c31f8fc443
c46fdacc-58d3-4da6-994b-80f24760e70b,Discover,3e24e6b3-e87d-4c4d-bebe-8aa2e4af4882
5cb64d51-33df-4afc-b523-13ed912fd634,MC,b7e49c4b-b213-42db-9db0-21cc39f28960
df84df57-6119-433d-9c75-1f98b2dc7a91,AmEx,55f5f47a-c8eb-4d7f-bf3f-3187ca848fe9
380b8383-ea28-4f90-a296-01a359fdc549,AmEx,77ef0e41-06a7-41e4-ba62-b4b1e3eca9b0
f0ca3692-3e0f-4309-9814-ae37401c05f3,VISA,4c5f65c2-0a75-4d67-8928-8b4192093676
2e34f6ec-f638-4975-b579-ad83620ee925,AmEx,35f1196d-a476-437d-b516-3886ad3828f8
df313d25-ff5d-4d33-92f1-5540b8dc75e3,MC,6ba970ea-42d8-4228-8af8-284f6b3fad0d
5cd0c9c8-50f8-48f3-94e0-265c2e6e2415,Discover,454e250e-2e2d-4439-9e20-dbdcffce9119
d5109181-709e-4afc-bcb4-f7048d8061fb,AmEx,1970df6e-72cd-4935-8a21-b35a5ddb4480
3e01d7c0-b47e-4178-8b32-5045cc902d2f,VISA,102de2bc-e828-48bf-aa74-3e1baf358e97
1bccd41b-a118-4251-8763-4a1dc9474a69,VISA,6cdb8e3a-5851-4bfd-bd5d-079ee39f8781
ef3cbe90-52f0-4143-8c4d-7ebd7f54489b,VISA,f664457c-af45-4e2f-8836-9d64940eb00c
272795be-dcc9-4368-8211-089d17f326d6,AmEx,9d3035eb-f3da-421a-8d59-600e5c8992b7
e0dbd1f0-a7f6-490d-b4ec-9ab41f955415,VISA,5e84ea08-f1a6-4b88-91a4-c2682a95c4aa
35c6fead-845d-4cd1-87d0-e7287d3e8e5b,VISA,b52b87dc-56b1-4373-8496-ece53783abff
49e326b8-ce95-44ae-8dcf-2627e5de064f,VISA,3abeeff5-8a43-459e-9465-12f64660efc3
c971d94e-4187-4f9a-ba5e-16d09194f8b2,Discover,f57d2f6e-737d-4d0f-8f2a-b66c8f9f0a41
2628c945-b49f-44bb-a313-533622e5165f,MC,259a0ef6-656c-40a3-91b9-69f5f3c61dfa
e9a5262e-516b-4c3e-8818-533686f5b69c,MC,efb74833-0dd5-4534-85ae-213820304786
dbc7ded4-20ad-4d57-95b7-9f23d2a42def,VISA,75a66a97-ce61-4db4-b85b-9504e5ea709c
b96e8358-125d-4b61-9a66-228d1cd2629c,VISA,32c07817-d109-4b1d-9218-6e1b528b3d79
2483eee5-816e-4cc8-b32a-a926e9d306ee,Discover,185bcfbb-207b-4b1e-aab4-6a8f6ca8546f
ff2da4ec-75ce-4570-9b4d-6711694b0227,VISA,281df881-2ffe-43b9-8228-1481205c0c95
bce6ec89-8af1-4440-8a43-83d9eacd9a7e,VISA,09a427b7-4277-40cc-b972-615587fc6d70
bab6d549-43e4-49b3-9eaf-ba0d4abcc015,MC,0befcf04-f28b-46d3-8107-fd000f845ae7
02a00ac1-06b2-40f6-9716-6deb9cf678e5,MC,0bc6a017-ac95-4c04-af68-27a111f03598
f4f9afe9-643c-4724-9f58-5ebe51369f11,PayPal,3722b348-5efd-40ef-be80-fceab03aab40
99676e1e-16ea-44f5-abbe-5a055e420f0b,VISA,5491b740-d7de-47d5-a3c2-18cb32333d6c
211239d3-b3a0-4f4f-8483-31b269a11966,MC,d22809a0-9c6d-4890-8961-db109c70299b
a13f5c0d-3a21-446b-9d7c-13ba48f62dac,VISA,c7940a4e-e201-4bd9-9d55-a1008019927a
5ee2358b-b3aa-4908-aa65-76a09e74907d,PayPal,9dea27ff-ac3c-4970-afd8-484c350df313
e3d81608-c282-40f4-b4b9-6bbb38b1a2c5,PayPal,76048a5b-a382-492c-96bc-1e6696e333cf
5332e594-eaf4-44d6-9846-c4efeb3df04d,VISA,99a10a6a-9b03-49eb-adc8-220e2efdfe29
71a3e3d6-6cf2-43b1-92a1-69c7c2d0cad9,Discover,974390f9-34a9-490a-b37e-1c07f39a7193
00df315e-f9a0-4471-9b58-e2ecec87bd90,Discover,2b2ce661-3846-4d0e-8af4-dde61a4c9091
cb9e6850-a419-4f98-bee3-4a6ad114aabc,VISA,3f42709a-3555-4102-abd4-92964ffee22b
f8de3529-1a25-4794-88ea-a4c4c53e8df9,VISA,c8b96160-5ede-4c69-9fbc-ab5601ad3d77
0cb9c752-56a7-4c87-8e19-989e769a8857,VISA,cb5871b6-6397-4abd-8edf-8f0136a5d3e5
089e9743-ef9c-4f38-a4a6-981d4d786952,PayPal,3d42942d-d97e-498e-ae17-58c491b30a7d
4ddbf752-0232-43b7-9d51-b1f801b9e5ee,VISA,0aa64dd6-7448-4017-b848-1c0eacc5695e
f9ff0bba-8c91-48b7-8759-d320ca99d277,MC,4067feaf-9a68-4ead-93c2-4ef060aa8846
3c66e53e-fb35-4a20-b1ef-30fb89bb1eee,PayPal,6d84a8a9-86d6-42fc-b14b-1d9978de9674
47e3600d-0d46-47e2-a20e-2afc1cc307e5,VISA,d7ef08c6-fa69-4b83-94c4-4a5b4e3cde85
cc55f19a-45b0-4078-b9c0-496c3deb4962,MC,698a2c98-978b-4619-aba1-37abf3c8b501
2caa4eed-aec2-4886-9124-7edae5f78db3,Discover,6f20ab65-5505-4c46-a596-3ffed4ab5e56
83ccf2ac-72e0-49c4-8f59-a4ddfc4ed24b,VISA,5bd11204-1ddf-43e2-a4d6-b0992079e634
63c5128a-634f-411a-b837-6c8a09080d2a,PayPal,94161e70-6bae-4e3e-ab87-35014aa033e5
57c9e63c-55a9-4d58-ba8e-8df3f838b42d,Discover,0f9cf499-ce93-43b5-93cd-adb49f502013
15f11035-c358-4062-90b8-007fb642bb46,MC,4b3a0b35-2d6d-4582-8d3d-ff244189e43c
f2dab20c-3fc3-4e26-81a9-04973c403618,Discover,2b99cd22-df10-4401-ac16-066eb7d49385
e2dc59da-de61-417a-a40e-d2662ac6560e,MC,cbf64d7b-8a7d-4627-9186-b659d6c1eea0
91203d2e-cc57-4f42-8636-945e5d26d73d,Discover,5bad1956-5843-4f5d-86b2-48c426aec31a
c29027e0-ab3d-4246-8b20-1fea1c7957f8,PayPal,a95f79e7-fdd1-4e4c-a220-e0dbfc510b78
99042a32-372d-4e63-9ac4-691ac4489d9e,VISA,444bee3f-1565-4cf0-9de4-1f55d8bc8aa4
c963def1-a5b4-4697-9a45-6a47218b8929,VISA,6e76658d-62bb-44dd-bc4c-f63c8c5ac83c
216f43be-6337-4a86-9a89-1b920dad6467,VISA,01a3152d-ca0f-437c-9360-f53678cd052c
e8548a14-165d-40ac-9dd4-50f0308e06b2,VISA,39124ece-ecf1-4a6c-a252-7e1ec0206a7f
2d5b4602-fc7c-4ce1-9284-aa4fc5cdfc6a,VISA,a19a858d-e1ae-4df6-8b79-cbc23c499e1f
7de77fcb-d5a8-4b08-98de-9691d7aabccf,MC,2b0fc8ef-357f-4f16-91ce-7839360ca3ef
44d3b125-9f05-4b72-adae-d60e25932874,MC,b800ad46-2993-41dc-bc2d-5ad5d21781b9
f7f4b8c4-6667-4fae-84e9-3db0e94dade1,AmEx,5e8688f4-5b39-476d-be56-c81c454fff5d
ac2dd786-742b-4122-bec8-6745a18109b3,VISA,d4fc27ee-5487-43f9-a58d-816ade98210b
0986d68c-fd89-4d67-9a6a-a94de2e0e80d,VISA,f1d83eac-5f8b-44b4-9ccc-7b3df69e7993
789522f3-8c38-4932-93bf-6a2dd5e1cf2b,AmEx,16640c1c-c4de-42ee-ac30-fc20ae5080db
91a6ad7d-15da-441d-a3a2-1f89a5c3ad7c,MC,1c451b3c-7120-4535-8376-f67474c0e325
f9c8c011-e0f8-4f77-837e-cd4103a86588,VISA,f32544f9-c80d-4536-b1cb-cdb616f4c0ef
35eaaaa8-3fa3-441f-800a-1fa250850c41,VISA,2dc1f417-5348-4440-a88b-70a438c78624
5cec4a3a-9b30-449e-b1e8-acae13a94efe,VISA,3d53aff6-8989-4879-ad2c-605f9ea24006
b5a53903-ed68-47b0-8bad-5eac8507e12a,MC,cca65961-0753-4831-adf7-aa608be17883
4cff1976-e473-49c0-ae9e-6d5b03b59b36,Discover,72d1e2ee-71c9-454b-a89c-7aed986fc3d8
9cd69376-522c-4ed5-ac9c-8cd15f9f6450,VISA,debc46ee-428c-47ee-9919-4469af31cc61
28345e12-55db-45d1-aebd-dd7eddaf289f,AmEx,07a5d793-d7aa-4764-9e48-51dd6459898d
dffe61b6-1ecb-4809-9bb1-edb5909e7752,MC,f289d399-7299-426a-982c-b8f8f20617e6
6e7556d3-62c2-462c-aaf2-cfc37a03253f,MC,35386a71-6bb5-4f1f-8ac7-c3b2712ee2f3
3816b7f0-07eb-4937-921c-132b3765fdef,VISA,9a40bb8f-b5db-4f73-bf19-4322a4669953
1dbb9abe-4b19-40c2-b475-9e90dd8a9a0f,Discover,21db1aaa-e586-4bc2-ad6f-b28c5f876d66
29d9a08a-ec68-4c72-a17d-7c32e8b651a4,PayPal,8016b0b9-5d3a-499d-89c3-4b52e187ff77
bd7edb92-3d13-4021-9689-4dddf984ab92,VISA,91f9fbdf-7c96-422a-992d-7fa672a94636
5b8e1020-e784-45dc-9a34-d856322364f8,MC,570437d9-3742-4551-8a46-6c385531d4b5
4b26b5de-9dcd-4c72-b6b9-712256dcb1db,Discover,7049166d-008b-4941-834e-892729af0357
d6b219c0-c607-47cf-9b02-0f77e34d2fac,VISA,0e6113a3-758c-4b47-a40c-8d1fa1a02e56
6d44c86d-e166-4a84-a0e7-51be9c59747b,MC,227161e3-3e3d-4636-b8e4-9b8af580ae3a
9ed08195-1533-41d8-b119-2596f0ef5bd0,PayPal,90ad7468-b417-4218-bf14-36ad1db4427a
5b7326fc-1fc3-45f8-a1e7-605e389e4855,MC,2b45a079-ca51-40c8-94ba-d0b481f8adde
02e4904b-c21c-4cf9-b8bf-f90c1aceebc5,Discover,fd5b7bda-867e-4633-933a-71ff69f18ffe
9b36f937-a0b5-4908-b502-3f12a00f2c05,Discover,6d18a24b-438b-4730-b353-058921d15271
78a957f6-2e51-4a36-963a-ef5516e94657,MC,89aafe7b-8566-47d4-9a4c-03fbb2c54cf1
dc927215-a7de-4fcd-b46d-fdca7741f9d7,VISA,a0aa16a6-341c-4958-965c-d6dcf2a22693
18154fc4-b051-4f23-99d7-3a44013bd003,VISA,b1c687fc-01b2-4b67-b45a-7adc3a0aa9ae
5844c6cd-6a4e-44a7-8811-3600c77ad02f,VISA,de6319c7-9240-4a43-bac4-67eb7f4d271b
ca17dbcc-6922-46b8-a6c5-077350addf75,VISA,151f929b-2b23-4315-9e37-3f46e5c67ecb
a41c4fc5-71ec-4c34-850d-ba71015aaa27,VISA,9082b783-5fcb-4934-a6ed-1b76f72ac9e2
89bd7f58-d442-407f-906d-ddc247c0b9b7,VISA,4ba657b5-2520-4764-a872-08381291d141
5b119e9d-37af-4760-ad81-75a8232d76bc,PayPal,0b386388-a045-46bd-8d44-87774a5d21d9
d106a9b5-59be-488c-9659-86e0e3400f55,AmEx,f6ceeac9-a96a-4c7e-bb14-4745fb9bf42a
7cd3c1b8-af6f-4ef1-b88a-50c893016c4b,MC,396fc90c-ffa1-4bd4-9d3c-a936dda95f4f
da1b82e5-c011-4c84-9ef7-a970d49a0437,MC,ef4328f1-7255-4bbd-b27c-6bcd9e4deb04
228ecec6-43d0-4e98-bb2d-5c0c15eb7422,MC,0df5559c-77b9-4199-94b7-fa51fb55ce06
30d86e1d-a178-49e8-981d-0462dbb54982,MC,a6f6e9d3-d130-4ead-ab1a-dc96ca53f34c
e6c560d6-10c4-41c5-bcf0-0a70e373268c,MC,929d0a31-c102-43e5-b904-60582c575d72
c7929080-9df1-4b82-8590-efa9f42e445c,MC,6ed8767f-a392-4064-9132-58297de1aecf
440f229e-ec33-4a7a-a7d0-46d824cd2db8,MC,78dea8d2-2f81-4e20-b088-79b43ff381c3
289dbe42-42ab-4171-9365-b4a3af6434f2,VISA,3eac57ca-5a0f-4a20-8956-71aabfd960c7
eeb5b396-8a6a-47fc-b1d7-10d695fc6ff6,PayPal,6c0b7455-2aa0-4374-b026-68145f3782ab
343de9f0-9895-4041-bfdf-c5dcbb263423,MC,f497f589-862b-4c74-a075-a1e179c988c3
bd8131c2-45af-495a-b9fd-a34ada62c12e,VISA,6d87e09d-1d4c-4d94-a2a5-67ade4875ec5
7154ea7f-f9bd-4fa7-93bf-3a79a953a1d3,VISA,9c882e24-69ec-424c-9303-c9b5285c051c
fdefc732-5df4-4146-a862-f152d09a8857,PayPal,b6af9bf3-8ad5-4dcb-a46e-eff58c454b2f
a581a444-e2a7-41bc-83d3-e6bad4370e9a,VISA,56ad3d0f-71de-48e0-82ae-114e6165c91e
1585b8d0-ac67-4150-b715-48c715aeb14b,MC,99fc5ae5-4d33-4e9a-a152-361b52a2d773
5382897a-b0a8-486a-9cbb-21fd34293bc4,VISA,b1fe9681-a360-4741-86e3-5986d7ad7f10
26ab4834-3fca-489c-9d7b-bfb9f84da79a,VISA,ce9b2bbf-6b69-4c76-813e-9899d2ac7e24
38bc2819-da6e-4cce-93a7-befeb5351eb4,AmEx,df23e5ec-b03e-4ff6-b122-0e0115c76d1c
3779ed94-e7a4-4bf5-a7c0-fd1d21434307,VISA,520d03db-d9dc-4f04-a055-803d59d0388a
64f01287-9aae-4455-81f7-682aa4ea708d,AmEx,cf5fcba6-acb9-4b5a-b6df-dab330e3bc32
f6c8fdbb-b943-4d4a-9098-5ab1bb841ac4,AmEx,88b2bb42-660e-4d89-b4a8-800ec30a49a5
e8d7c87e-357d-4406-880e-2dbb8abd50f7,MC,398dc4bd-7375-4917-b7e5-96dfe0ebc038
1b2b1040-9111-4ed8-89ec-f34e3fdad789,VISA,d9994cd0-75b5-4946-9f2b-5c7d571c1193
e32ead73-7992-4587-af2a-6d84f3739006,PayPal,bcd226d4-da5b-41a9-9a05-834aaa4d2487
27fb8546-d72a-41f8-931c-a6b5f7cf5289,MC,e3cd4bc9-6397-4907-b428-e3a49c0a2c19
a0981c8e-deb4-420e-b331-681e12cd7318,PayPal,dc376efd-c7f2-4c9e-8967-b4ee3c806522
7d02e23d-4a94-42e5-9802-6ef42ca5efd0,VISA,7c9025e1-43eb-463e-bc51-0a606a6b01c4
2d1dfe53-45aa-41a1-be82-3ab4dce26527,AmEx,258d57bf-8ff0-4415-88d1-4a894d279d4b
307f344b-52d0-4ecb-8e29-2436586bf0a4,VISA,051434fe-652d-4ccd-a0dd-6150231dbe5e
c449216b-d1ca-4977-82b0-6f0b43d45642,MC,3d6ace2e-43e8-4749-872c-b7bb0a9b369a
57083e5d-bcdb-4073-ba1e-aa1c1656eef5,MC,36270629-8255-4eeb-aa7a-21317737944b
e701cb0b-9666-4b93-87eb-08da78df12ad,Discover,a4becb62-a933-4556-97ab-5cfcf5d0a6b5
c26b6294-83fc-4e51-8cc1-2c3605e04dc4,VISA,8518f0fa-3957-4730-93c1-238abeebfed7
03b57f7b-3323-4d6a-8cdd-942a26fc7db9,MC,5caafa8c-d7ee-484a-9e37-0387198ec9ed
2cfd4f56-d65d-46ec-8fae-e7e15a4fbd71,VISA,df18fda6-074e-4b7b-845e-c9d677941608
055a9821-7ba0-423e-a6e1-a63731750903,VISA,653c8f90-0910-4277-9046-8531d089ad75
9a3741ef-22e7-4cbc-8049-bee6632f8fd8,VISA,a6c22f06-2caf-45c9-819c-b19c4252e853
4cab06de-f865-4179-a58f-b7217c794659,MC,89cff728-f29f-4f66-8538-348ffc1eed28
b46de07c-cc78-4ce3-bc20-ba9e000616d3,Discover,52ea2c4b-d521-4913-a4d7-53485237e4a0
49899210-76e4-4cff-bd39-b5cf5f57b401,VISA,52f897aa-5896-45bb-ba3d-967e005290b5
940de38c-cdb5-4d0c-88a9-62b7f41fcb64,Discover,6ca73601-e8dc-4988-892f-feef70c77964
a5384914-749e-4cbf-b1b4-2a626ac5f417,VISA,79681fd2-fa2d-4f0d-acab-92373802cd07
c69a3506-bb21-4630-a718-90aff556c0f2,MC,21616d8e-5306-4d2f-90b4-e8e0f29fa3d4
53bc855c-b4e2-4f42-aeb3-a8fbb7425cd7,MC,a6bf25a6-574f-48c4-862a-48e276557b97
57ec76e1-7b05-4258-b815-6b95b0b44255,PayPal,1d7f6013-011b-4804-b823-c4f0bcda4e33
8fe38514-8eb0-4bd8-a392-9b5515ff908a,AmEx,1cc3d3d9-d6b3-4c09-91b2-80b0f393d59e
5bf52e25-3a60-49e9-a8c6-dc12d7c80f18,MC,b414cab1-8993-4822-b182-6faae4d6c0d6
4f4a2904-4873-4548-b91b-411b77f43874,PayPal,1797be1f-9a26-4c52-99e2-86e02738962d
3caf03da-820a-448f-8edd-b4087d08cca1,MC,b3b36a8e-7a40-4ed9-a3d8-d4665e3a2d2b
65197ee1-ea93-42ab-b94c-39a46bae3dfc,MC,88c04153-6608-4c47-9aec-fa79b07ddec9
420acd09-d451-443e-b3b9-4efc1bd77b7f,MC,c6f5bd9c-1a08-4e8b-bac8-063bd07c8465
cf7cf3dd-dec9-47d3-ba3e-2fc658d8437c,VISA,722edf0b-b427-4104-8c92-07cffa29c46e
c03a1de7-c0cc-48bd-9744-86cd82b9ce03,VISA,a3c56c8c-f675-4b1d-9021-2afc4c23a342
315dce25-9c78-46ff-b409-42e6d56c6813,VISA,62e4203c-c478-4cbe-80c9-804b94c967d7
bc44eb12-81d4-4334-9f84-fc7f83ab3959,VISA,4cfa737a-b8c9-4f12-b9d4-cc7e59199d79
a3f30a5a-4d8a-444a-a724-4a48a0c14aeb,MC,2d9b3a06-0ef0-448e-85ee-6ed81422887a
f9823747-1425-4123-8878-70af14f99a08,VISA,01e4804f-3fe4-4bbc-89bf-c2a8d38b2ca1
c9bb04fb-62c5-4f5e-8daa-0a6f103f63d2,VISA,6d59697e-dd6c-47ff-ae43-2dbe76153ee9
4ca179a2-30f7-4a62-b2b8-a0f1afd9b99e,VISA,087ea6cd-7070-42fd-adb3-83a492a6e883
36b84ab8-2745-4d05-b385-6217e138eba7,MC,e4517997-93da-4d35-84f7-f39a4f78f134
76b5ef77-7ff8-4967-917a-32eeffd46661,VISA,a3191aca-7fa8-4c22-bc8e-20a399c160b0
68eb3ad3-7761-4558-a58f-f6cdd2b455af,MC,7e70b265-45f3-45ef-987a-35da58347737
ebd9c07c-d7cf-4ed9-9e37-d734d9bdc0a1,VISA,26c673c4-9837-438d-b31c-9efecdb1dad0
a22761cb-a90a-47c7-9bae-55334fe9e9c4,AmEx,5484d3c0-02da-4a8a-b8b1-9217fe385ee9
7888cd73-746e-4914-bace-2c5d03475b03,MC,5b3f3202-e4b1-457c-9929-833a1fba49a9
130e9965-aab8-4d83-9009-aab19b934d02,MC,98544701-9fa8-4541-80db-ca9fe1168e18
194bda71-fd33-4152-b275-38c561a45644,MC,ed2ddc94-9c56-410c-bdb5-ed4d7faabc0d
e627ffe9-ca04-4350-a326-8716a163c288,MC,ba76e0c3-e32b-4a3d-834d-77979d25de8d
38135edb-bf90-418a-9560-a68bf523da13,Discover,6c96baee-3a4e-4cf9-b9c8-5dacf67811df
0655dbcb-3f7f-42b7-b872-350fbfe6354d,MC,90e886c2-9174-41c8-a6ba-dbf556bfbd5f
a27de89f-4460-4d5e-8dd0-0c32468a3b59,MC,24017d96-7522-472f-89f0-207d683ed201
00e3aadf-c955-4773-a653-ee19abab09c2,MC,8694819c-0842-4b30-b45c-53617349c57a
5579fd49-83a3-4a11-aed6-5fa763eacab5,MC,dc266e80-c79f-41cf-afe0-aaa88c2baff6
f51aea0d-ad41-4883-a99b-7e2192403416,VISA,4d475f10-7050-4f0b-ac24-20465abbb359
a9ef1a74-b6be-4c77-a0f8-5ec8edd1d3d0,VISA,29c4c333-4723-42e1-ac6a-89b4cbffd66f
3f9926ba-5b6a-447a-a4ba-706fa98c78cc,VISA,2d0c6781-ca10-48d7-82f4-96b1a5b06ed8
cf66ad87-9949-4195-8d2c-396be943626b,PayPal,06df9f4c-cb13-4ddb-b605-c092b17b0a31
170e5ac2-081c-4a7f-b924-ea7f74fc2846,Discover,d821b33c-6b9e-47ca-9036-e088dcc12678
96dab1b8-663d-4155-a365-fc48cbc355d7,MC,a86d3d2a-4895-448a-a7bc-69bd00eafaeb
bd5fbf3b-c6a7-4745-92e9-5b86492fa403,Discover,ea96f43e-9cdc-4668-8811-e9e3f436544f
618c801f-6f28-448a-ae9d-0b9118121624,Discover,8703109f-fa19-47f8-97b5-4ce16a3ac04c
4b8e195f-7c9c-4c79-a06e-ed64f0b8ade4,VISA,561342e8-8371-4954-80e4-2dc23cc264cc
307bc263-7f7e-4405-a342-05cc782d9ab1,VISA,8e94225f-f578-4a01-813e-f9af800fe52a
0ba309c0-dce6-4618-a790-20ebc59a665f,VISA,769be717-619c-4734-a73c-943fc945c672
f65572cf-012e-47b5-bffc-f8eeeaf60050,VISA,3608f650-23a7-4415-959a-b6ef9a78c82b
6accb4cc-667f-499c-8c01-6a079f0474d6,Discover,511b211f-d33c-4891-8f21-c0791461a958
40f6b1cd-2587-4e0b-bfcb-933938971d87,VISA,fd9d0d9c-47d7-45d1-aeb6-383a32219938
8ceaf5d9-2d77-4d8f-a188-5ca7ba6f1797,VISA,3ee0aa0c-6694-433c-bcec-dbc5b31fe0a9
5551647d-14ec-406d-a106-a9a82472bc81,AmEx,434a91dc-5b30-4499-82ca-dc32f5864be4
bfbbf572-18b0-447e-8bb4-cd2149c8bab5,MC,d3da7ab1-d5bf-4c44-b421-54336a31cc40
1f90a7ad-f68b-4d2d-ad6b-69476b56e8b4,AmEx,f36e94a6-ce52-4688-b558-8428c4755653
69250a04-2754-4f2e-b998-61818fc2e66b,PayPal,5b1437ed-271a-49a0-85dc-a6dbe1d6fd8b
080f86d1-1063-460d-ba03-e33f1d3b34f5,MC,3d49fa4a-cab5-46d4-ae95-216625af5f4e
089d2d36-c243-4e49-94cf-ff5c4062b3f9,MC,624d809d-3b3b-4f37-ad54-eb5430c10342
3e147382-4399-4f29-a5b6-21764f49612b,Discover,390393e7-5daf-4513-b1f7-57427aab17c8
867b31a4-f410-4172-acb1-a464aafa9817,AmEx,665007be-91ad-4876-b2a3-1db6f28476f2
b7fd2cb5-36db-4d81-991a-7997d711c3a6,MC,1a8e9d79-5cf8-404b-862e-db51a54e57e0
a2240507-3efc-4d49-b510-521b22000986,Discover,229d26a2-6f9f-40e5-8a8c-1fd86ab14de9
14be60bd-fe7e-4a26-a767-96890b4050ea,Discover,271f70b7-0ea5-4b60-8b5f-056cde3656f9
8ec8b174-666f-4ff1-a86a-d47a3abb2961,Discover,185d5ecc-c6b3-4a0d-8db7-546ea04ff874
e3de164a-e73b-462b-bdb1-ac45bb672fbc,MC,36543001-9244-4f84-a737-60f9b6156f0d
6b877b88-87d0-4d15-b311-168a0b62553f,AmEx,e8c7bdb9-6b11-49a1-a6e8-fa18099e7292
c74b537c-2ebc-41cf-b7c5-82734e0368e8,AmEx,6d0d1cb6-b8f6-4206-bc05-185ec6cba7cf
44011358-5438-4f0f-ac02-4cfbc82466bb,PayPal,79004125-4b8b-43e4-aea2-58729979b866
1c34ccb1-e475-4372-a72b-a6090e4a6300,VISA,28678370-47b5-480b-a0ba-22d81c70fdd0
71dedac6-d10a-41ab-9efb-cbb8fad96538,VISA,f176fae6-45fb-4df8-a148-585f40113c8a
350ef648-2560-4282-b65b-c6702f95458d,Discover,cb4edeb5-9de3-4d54-aa39-b8cca5fb1844
9f95d7d5-07fb-4284-98bc-8204ed7a6f0b,PayPal,f0939c1e-3b91-4ebd-a25c-b7a153ab2648
67bee059-c55d-4c10-9e17-3953584862ad,VISA,63fd8e85-2b8a-401b-98bc-54ddbc891e0c
875a9c7e-baec-44cb-ad3f-8e25c221f9a9,PayPal,3c4b5ede-972a-4ce0-8037-ff48009f7c18
54a0e29c-44c0-4df9-9e30-1a057cd1349b,MC,34fe404b-6a2a-4894-84df-a2e9b590af8d
0c74c4e1-600f-4d2c-81b8-fa8ff1bb21ea,PayPal,a7dffb4e-028f-4993-b9d2-a7ef35959483
c41caa79-f0e8-427e-ad9b-2115d8db597d,MC,f24b27ef-d38c-42c8-beae-0fb999841f5d
229bddc6-3f18-42bb-8cb2-23882564073d,AmEx,515e61e0-faa5-4c4a-b980-533476e58a2c
f6d503ce-53ab-4d40-849d-b41f44668368,MC,6a6052a9-f9b3-484f-98e1-11495ad6e56c
8b2b8b51-12c9-412c-8835-c0a53666e4ea,VISA,e0168939-87cc-4bb2-ab0d-fb023599b8ea
b1e3808a-9079-41c2-810c-d5c758867e64,AmEx,323c96ba-a0a5-4d54-9ed4-a817bd88b01a
6e3a05e0-b073-459c-a7aa-b69b1247a2a7,VISA,d2e923d9-0a6a-4d4e-ba17-621cac7dc31f
5e4e1977-290f-4197-87a5-30bd7e6f0ee5,AmEx,4f46518c-5214-4eaa-a1a9-ebbecb7caecb
4c588309-7bfc-48b6-9780-52acb85c59d9,PayPal,6529a42e-be22-4aab-a888-3ea8bbc93cdd
9eb204fd-bfa6-4886-98f3-42b101e1eb3d,Discover,39bf0253-3954-4189-ab6f-2eb4af15cab9
ec68cb38-f225-4f6b-aeed-40a8cedf4aa1,VISA,3ae42cc5-1bf7-4eb1-b332-a7df9f52743f
a472306d-ecfe-40d2-aa01-d5f06f868072,VISA,b8a3866d-4e6e-4d19-bfbc-be37cdeed672
1d5f19e2-4674-438a-94ba-889a054fa070,VISA,6e3aee86-d32f-4cad-bc69-f5f2fe4b23fe
88c2c08a-58a0-4a84-9ec0-c5fea5189959,VISA,c331a515-46b3-4b0b-a27e-54a5edb5cd30
da42c56f-645b-45e1-9772-2f524cd5d472,MC,85c5cbb6-be4a-496b-ac94-23515982fc87
ce38642a-acb1-429a-ac24-c5df2373b117,VISA,47105902-15af-4e62-93ac-af63b9342e5a
ec48df8a-e2d6-4d4d-9a8c-2d88731309aa,Discover,f73377df-82d9-4f76-b182-f52001b83b8f
30c24de0-5806-4118-8f5b-c0d4bc644c5a,MC,dd624032-973b-4e63-9d55-7c472648df22
2b8ea87e-ad3f-4e75-b01b-902e969a2b83,VISA,bc70d7e6-1fec-4059-ae28-402f28f24765
f70d4666-f5df-4f2e-8fa0-25e950966e47,MC,3954f953-0764-4624-8a2b-20de07021fad
9e1f0111-c0f0-4368-b970-454a90ed46ae,Discover,62dc1721-7c19-4602-b44a-9dbba7a4a219
ef078600-99ee-4794-aac1-2e375219f7a7,MC,da33c120-5e9a-4a51-8ebe-e33ea14e7675
ae0cdd32-e8b2-4380-bebe-8dc78702c0b3,MC,58c3cb53-76a0-40d6-af9e-4d558ef3a1fa
9dc6d73a-bc18-4cc9-b5bd-1aece44049f0,MC,1f4e4a06-d021-485e-915f-cfd479742036
7795c658-f555-433c-8d19-a5082ebcb910,MC,3bdac7e9-1c21-4677-8419-1133cca63a9c
8b5b8422-7878-4fb4-a5c2-bd0689683ac3,AmEx,9ef97056-cd71-46df-b9b3-f20520978c12
76d49de4-2f48-49d2-a3f8-93dc12b964cc,AmEx,41e75396-a265-4c1d-aff5-6904c895228c
ada8542f-2f51-42ad-a5a6-c2a367bf3f3e,VISA,5144b5be-6a8b-44e1-b287-5477d9996b57
e24277e3-bfa2-4ec6-a389-87aecf48611d,MC,82968c3c-676f-45f1-a9d3-d506bf958cb6
964716ef-6244-4689-b886-e169103126c3,MC,c541b1a1-f28c-44e1-bf94-658ab7abffcb
b926d4fa-1e24-4f5a-845d-de67f7c372d5,VISA,3e5155b1-c33c-41c7-9204-3dde4e39fc56
447c7504-cec6-4d76-8668-13359a3c444a,Discover,b91837b2-9a3f-4d7d-83ce-83db57f44f50
e381e559-bdce-4933-826b-531bfc83ac2c,Discover,e2f096a2-58d8-44c4-95c0-081cdb5f3dad
d75a6831-d234-420e-a1ef-fe5a7626ee3b,VISA,c959b715-1920-4f9f-838e-311057ee8723
78bf9d8a-f19e-480a-814e-d0a923a6760d,VISA,be827502-4643-4db0-b74b-f2e54e9617a7
2814f9f7-238b-4670-a303-8fa61ec57215,MC,0b313f07-3b70-427a-8552-5282090c9109
4253709c-8e51-4914-ad4a-05105fd15f75,VISA,859fbfbf-c5f7-444c-8600-699d375d31a0
05d7888b-90f1-4e0e-b2df-6c6fe5938029,Discover,1047cfd7-bd57-4cfe-b775-e2b08f5572ea
47d10d5f-f295-406d-a7e7-01db04a5a3ab,VISA,8494dd89-1ade-4fa2-af88-488334828fbc
a0fc6647-a081-47cd-8e11-397ad30c163d,Discover,86b8ab09-d0ab-4ebd-b46f-24cd7d57f6b7
fb865ae5-1fc7-4c2c-836b-c0a0a1fb5d35,MC,5d0b0f53-17ed-4b9c-b3ee-9508b89ee6e7
c58b5aca-143f-455b-bc3c-ae2ab1e600c9,MC,3c699053-6c68-46b8-913d-47a1b4c7dc7e
3885ab09-0c81-4df9-a0c6-c900c079e19e,AmEx,87e8a860-6763-44ac-be78-926e44892ac4
50bd80f6-5ab9-4d72-bd9c-f959875c36f0,MC,6793c5ea-921e-4549-9518-ea331e1b387c
37458f2b-6e87-4bcb-8e45-bbd1cbc6c27a,MC,5fcd2076-9993-4ec2-b5ca-6d1e3704e9b3
2ce48403-a810-4925-88fa-19ac1dc6498f,Discover,e581ed93-f3c6-4000-8586-59ee87e61582
5da59ff6-f518-433e-ad76-05baa1a822e2,MC,2461951e-6a9e-475b-ba38-34e461fce059
c4c562cb-5040-4362-bf44-73eaefa1756d,MC,99b71370-acda-4421-be55-4b3653e348e2
a883e1a0-055c-494c-b82d-51a54aa176fd,Discover,89e4468a-71b9-4f33-abb5-05e4b1e860fb
b4e2ad25-73c6-4b26-b2c1-e8f2cd12e382,MC,801cbe08-1fd9-4380-9cf8-68b49c52708e
c7f29774-a1cb-4d15-851b-e53adbb2c797,VISA,71956946-dca9-4b8b-879e-f92f4d0d7731
073aa4f6-565e-474c-b518-f00c8b7f8108,MC,d3d64dd6-3923-4cbb-9411-76cc07df4075
6bd8b456-2303-4c73-b1e7-ad3848b68bd4,MC,8db57317-5c5c-4f73-98fc-8076bc48742b
b4096bb5-4c80-47a1-8936-d6415b24f26f,MC,31a136d3-0353-4ec1-84f5-70b129fc1a16
cb5b016d-bdb2-406f-86eb-6ad2f2394a3b,Discover,aad8d202-c277-4e25-9eac-2962fec396f3
f845c3d8-2faf-41f8-be2e-193f700faa73,Discover,91954b2c-c2f0-47f2-92f3-b1bebbe78f4f
8970cb76-adee-4b29-93ae-96a231022590,VISA,6fabf667-51b2-44ba-b38c-09147629f02f
a2dcd885-d0c8-4913-ac6b-0e4a6949dfb6,Discover,2e83e2e2-a517-4fa2-a8c1-e04f33df7038
99034ef7-5bc4-4efa-a5d6-2dfe671c37ea,Discover,daf3fdbe-5c1a-4209-bc4d-b712611dbed9
9a3870fd-83f8-4514-809e-82cdc26dd9ee,AmEx,04f61f03-7bd2-4fd2-9a71-d1a939e9246f
aa857867-f438-41ff-afd1-23b80ff0bc28,MC,44629ea0-edf0-40e3-a03a-da7d916298dd
fbdbf809-5282-4200-8aad-5fc13dc63ec5,VISA,4315aa3e-3c9a-4e63-884f-4be613bc9744
270cbbbb-9b96-43d3-8ac2-a05fb65c66d3,MC,8700b20c-22a9-47f5-8977-de51e9633ca7
723d7c7b-9c5a-4ba7-a3de-3bf4c8f50a0e,MC,1120eb3c-47d8-4997-9f52-81f30fefa444
74ea034e-5a01-4cf1-b5d3-bcfec1e2eb6a,Discover,307028f6-03e6-43a5-92e8-09e48f11c518
a7e33ab8-8845-4576-9368-b2126bbe6391,VISA,c15bec32-e8fd-45b5-a268-e15ebecf82a9
c7be8018-5a2b-446e-b426-d6fe409dfd0c,VISA,57d89b06-09c9-4861-bf9d-beec3a04aa46
c4d80737-2ec1-47b6-9b0f-da4d57bc91aa,PayPal,f829b21c-4a5d-4644-8db0-ad787c2ac36a
33276fd7-19bc-4abc-a642-1fc5d7cc9614,MC,cb3c577f-dfcd-4819-9840-5898794ae238
544f16de-de42-4b5f-af41-e20ef6a3f311,Discover,8939b562-11a0-4766-90df-2f85ae8a366d
ad623ef8-d62a-45e4-a6fc-cddce39bc52f,VISA,9c662be0-2ea4-4b1b-9df7-e22e56d4b485
2be4cc39-f019-4833-95a7-0262a9afe03e,VISA,94bfce49-c866-4ff7-bb5d-593eecc7c38e
4ebed35a-75d4-476f-b1b0-83251f6a4222,VISA,80455396-80c2-47cf-901c-3b3430d3c680
4e176da8-001f-45b1-870c-96109db510f8,VISA,56d6b852-a8d7-4607-90a8-9e2cb063b931
8849c963-47db-4772-b262-564efdcd0707,VISA,aabd806c-2eea-4a7c-bbc4-54ddea925aa1
caa2196e-ba81-4392-9f90-92156b943fa3,AmEx,20853bdf-54aa-45e1-b8ac-1b177f509bee
8416cfee-1996-4721-a367-fcf33fcfdf27,VISA,dfed1d3f-dd80-4725-9749-22a6f1c1e1b5
832561cb-b4c7-4e67-9bc2-62e510c581e6,VISA,3107cae9-7411-4b54-b96d-ad5e293229f5
b48a0f50-81a7-468a-a641-787a55ee006e,MC,b6d0d433-c785-41e7-bb9f-ea8f2ca0b362
d900aede-83e4-44ea-9bee-473cbf4bae23,PayPal,401a1043-6bfa-4c27-b917-b0124ca1b235
2061ead1-3bbd-4abb-8c18-4c893930ed83,VISA,6062852e-bd06-41b4-9d98-82bd6276f8ef
5c2893cf-3b3a-4c27-9e3a-c9202fc95757,MC,22504f4c-f531-4982-93c8-48f7212e948d
45fc91f0-ee86-44ee-b334-b0a2c94b3569,AmEx,0cf3df24-629c-4c1c-a60e-945cdda35250
ec5e2034-1d5b-4a91-a578-c9d262c9d777,MC,1a3b6e5c-8394-4ca8-8e05-ed31480c032c
ad66c97a-3e15-4827-9926-009c9c4498e8,MC,e1e546a9-b37a-48a7-b62b-9e247efdb99a
6be799a8-47a4-430b-9f82-36c624367c2e,VISA,078e6a8e-941f-483e-8646-1db0294eac4e
6228ea4b-1f4c-49bf-bd0e-418c045c3a56,AmEx,833d8605-c9ce-44c6-bf73-5ccfcc3dca73
22663f7c-9240-405c-a328-a55000e66abd,AmEx,0bf1b33b-0d61-4b10-aa88-8b93fbcb0260
2368d23e-9f82-4e99-baa0-61d36b66cf4d,MC,f0250d13-4083-4d40-b931-d567f6d144f3
59776c83-a0bb-4fc8-bb94-6094be048449,VISA,079b72fb-4e96-4140-adb3-854bcdf557c4
3932ee3d-35d7-4bfb-bc0c-de0b02b0b777,AmEx,bd8e21c6-ed07-4816-84b2-dcf6dd1c1fac
210f8973-74d3-49a5-813b-8cdf8c854357,VISA,5847c704-090f-475f-8fd0-4aafdf2c859d
6d38b512-15ce-4891-bbb7-294da8f94e60,VISA,af434af7-a07e-49ff-a206-c3dfb6d1e61d
28b3c905-8d3f-45e2-805f-5974b4ded902,VISA,6556cfc6-a765-4021-89d3-0528d6f5ab1d
7e6f9def-a9bf-4967-9086-1c07e305671f,AmEx,1bdb72a6-3d62-4462-88ef-66e0b24b8f9c
e3623e07-19fc-45e2-829c-2ae23f5abd08,VISA,191672a2-1b7a-4cff-81ab-4884d5bcb50f
c21dffab-b15a-456d-b731-e8dade9f0f5c,MC,2993e24d-8a70-4969-a866-6ff574c7166a
fc9c285b-737f-4ca7-bdc4-266aa78b1462,MC,6636090b-463d-4d7e-be4c-b5ec971e1fbc
5c1bac87-1315-4d46-b63c-1a9ffd293edc,AmEx,94315dc9-b58d-4fac-b015-6c7565a58c55
8fa4e62b-26af-4617-92a2-65bfb488208c,AmEx,18b7c8a2-7d3d-4936-b3b4-494a312501ff
057ac3ce-d11c-4129-a5e1-18c2ed2157d1,VISA,26f4841e-24b3-48b8-823a-d2990605ecc7
f5cf1a72-7d52-4ef5-ac2b-5032d0e3fd9c,VISA,1badc7c0-8335-4ae9-ab02-89b5cfee35c5
42fcd0bf-9c65-416d-a3a7-15d85eb6b549,VISA,195f9014-3490-4c39-9994-9d4a8ac3f509
92a29544-aadc-412c-9cce-8dc962a51583,MC,83cbf121-f91b-44df-9332-7c37ca4619ad
d019e434-05b9-4881-85e0-11112f86a22a,Discover,b5bd6c26-7124-4063-8917-0fe5b009bdc3
3effed49-8022-4cbf-a351-6765372965f9,VISA,ec387bc1-9c2d-4937-96eb-5543391d813c
ce00020d-74bf-4d29-b4f4-4adfa0a3cc77,AmEx,2e615433-6d12-4148-a4cc-0b9b9c5ae55a
1be6e92c-0223-49d3-b185-d40c0e3406c5,VISA,4ff4aa6a-22c3-4020-9c31-456e7bf5f7f5
e28907c2-7076-4902-b2f3-5fc9543e6279,MC,c3640d79-2b40-47ca-a88f-bac9c00224fa
f43a2445-3ae3-40da-a929-91fbd53d5624,VISA,06a93c3a-9163-4f3a-8baf-688d62e823be
4b727819-2abf-40a1-85e3-733c1891ccfc,PayPal,3d6220fd-d9c6-4ba2-a3ee-2de94ed4558b
e8f42767-7821-49f2-8165-2436b74816d9,VISA,33574592-fc30-4bb9-ba13-dc24b42aa646
dfc95970-1ab0-4bfa-9447-f9dadd4b0307,PayPal,55fd68a1-7613-4827-b84e-3ba53eb96dfe
f2491d0f-0d15-4a83-9bad-e1389a9214e8,AmEx,7e7c28c5-8953-4689-a000-73a34a5f79b7
d8d0f0ff-a154-4354-aa9a-58f818d52ad1,Discover,a1e23875-bb41-4c2f-a8a5-10b0abcf31a1
f294350e-23fe-4876-ac88-5bd5c05f81be,VISA,7e2f2dc1-7650-4d30-acaa-579bf4cf4d7d
c24b4979-e2a4-4433-aade-88622b5a1b9e,PayPal,98c792bf-46a6-4d51-ae89-342a76c2e710
01c13aef-3bb5-4ead-9469-98d344e31110,MC,95beb443-1849-45be-92b4-566ed6627820
84306dfe-3ef4-465e-84e0-ae109ea83fc8,AmEx,97bfde6f-2a4f-4b26-b704-c2da4c005a74
3c181ca6-a27d-4e2f-bc22-7bf7ebfb392c,VISA,a63c1403-42de-468d-8bb6-652d4b7eec20
52e4646c-aced-4037-8a96-b920dd8b270c,PayPal,3e53868d-ee54-4269-ba9d-5d9452417ac3
a40c9bc2-c92a-4d47-a762-f7423fd1edfa,VISA,63211d42-0014-41ec-bf17-b5e003dc864c
74717fb8-c776-4054-a531-8f61884432b0,VISA,b525708e-59dc-4dd7-b548-f71bd703350a
b9458a70-f986-401c-a069-5b5240c2f66a,MC,f206e22e-f622-44aa-b5c3-af6a37b0c5a4
0e713fcd-a409-4278-94bb-ec5413878ce2,MC,6738c45e-8b03-4997-960e-3937f9f2fa92
6e2ce79d-0e70-4bf2-838e-a46bb26a0848,VISA,4a2fce4a-8b9f-458f-a108-a203c334d893
c410a384-8cc4-48be-8281-c5fd31104e57,PayPal,079e7a97-bee8-490b-9f96-054edfcf2639
96ce7cdf-0e2e-43b2-9f3c-e6d5e9616ef8,MC,866195ee-c52d-4359-acbc-72193a8cc19d
bd787edd-8a7e-4c11-b996-4e20b84d181b,Discover,ca944c33-a021-4acb-a9e6-79ebaa851964
ecccad61-d85a-42ae-a9b8-e532880565f9,VISA,155c9a92-9009-47d1-8781-0dbb15439025
0cbf9591-70c6-44a2-bc29-95748d6fb695,AmEx,0aa87f66-5f5c-413d-ac3b-b52bd44de410
35ecc4ef-5e7c-4c2b-a6b7-a7f24427ace8,AmEx,27a408c8-86de-4a1a-beb4-3acf231d7c41
aaac435b-7c9d-44a6-8e97-7b03471b6509,VISA,b00173c9-4791-40b9-8bc2-0e83c8af314d
2adb3f59-fa44-4c01-bf99-1f43192fb5dc,AmEx,c5bec045-898c-4a82-a3f7-5778750feed7
1804d057-2288-41aa-9d7c-1c7ea7ec6ea1,PayPal,74e81c5b-edad-4100-8f03-16772cee3fa9
c99691ca-cd28-49af-8aef-2505138eb7ea,VISA,ff7ebef9-d98d-4bb8-bc37-93d29338aa68
7cae7f4d-9d5e-49f6-814d-84f124ae69e1,MC,4080131f-ddc8-4a0b-b66a-ba6f94c6fdf9
06644ad3-a39c-43de-8ac3-20119792a4c8,VISA,94b0cd92-525c-4315-ad04-360490bb222d
1164d202-0029-41b2-9069-02c9b54952bf,VISA,281623e0-0c3a-48e6-9b75-2c5184805dec
d801e4bf-d55a-498d-b4c5-d4feed4ae483,AmEx,66e66a38-d8cc-4f83-a12c-0c2ee0061ab4
6f39e28a-cd8b-42bc-9171-fc7c9686b25f,PayPal,d63de6b5-9361-4913-9253-949482a70683
a1346f98-457f-493a-a5f5-12075b3323f2,VISA,6fdf92d3-6c0c-4111-b5e5-d63d4ebf5621
06b53877-5fa2-4fbc-9bcc-1f3cc481b273,AmEx,1bd80d3b-61a8-4ea5-8ea0-f2670dc66266
2dfbcc42-fac5-4dec-b3f4-0823d564ed0d,MC,1781bde9-c707-441d-a94b-17a772784a6a
489d37c3-dbc5-4872-80ee-dcc74b2784e7,VISA,a80bd2fb-469e-4c72-80b0-f3e64b88d0cf
7d7e02ff-5d1f-462f-9cc0-52880db016e6,PayPal,219fd6d6-1d9b-4c89-ba59-93ecbdf05251
82a9fdd1-c084-4ebd-a44a-40d4974ed236,VISA,fd6d6404-3203-45d8-a323-ac441cb732ae
22b6a642-b6b2-4d3a-9d53-4672717dc9f4,VISA,f3f69986-88ce-4908-908d-e5426925b518
7d6a4206-ebd3-4043-bf39-e355022b4e15,PayPal,71d61dc4-7421-4aca-8cf1-d69258a90156
1bae92af-5640-4c23-8f83-9aed2f1a2b19,VISA,64133aa2-343a-4cb1-a459-97d634084dfb
e9b83471-1e2f-4684-8476-c064e95d4d8d,MC,05c8790b-9c72-42e0-aef6-a48469e318d7
e2c82ea5-027c-46d2-9137-0bb983b7c408,MC,b3f34c09-e6ba-4784-85c0-6df290376425
3c79a24d-0717-405a-876b-b34de7bb82f4,MC,d7a2c357-d0f4-489c-9e60-06578a8fed3c
bfd6b2d7-4674-47c5-87de-5e1aa21251f2,VISA,094abe2d-8f6b-461e-a1d6-d0eb11651067
e5c0fd7e-cbdf-4824-a5e1-d47c1cd25a49,Discover,c5e478d5-bd35-4988-8160-1d9b2fa03fa8
ece1b202-5944-4642-ade1-81ce2461d017,MC,5186b630-70a0-410f-b24b-07d2277b225e
a37d6463-f103-49ae-a5ed-d77b5d30cdfa,VISA,8ffc6a18-dc94-4eac-b836-d0aea7a45fe8
7dd52943-9554-4941-87ae-5bd543d2da83,MC,6a6b2bdb-f152-4419-81b9-89fb31b9c564
d16f0120-8732-4f29-b5b7-4184f5784da5,Discover,881e0e6f-2024-4854-bd2b-2b1fa6088fc0
272cee0f-2c37-46c0-8b1d-f56b7fd21040,VISA,fda88bb4-e757-4d30-b755-8e04b6bcdd11
b2b1df16-ff7e-414c-bfb4-1954dbb3aa48,MC,441e2ae9-f609-4044-b4c0-dd3045f843e2
9d2359be-e88c-444b-8189-e7b600795547,VISA,a2489e62-b1d0-4c03-883d-107f577643c5
54113bfd-7ef1-42d1-9c60-35eebf709682,VISA,aad65389-2e01-44ae-83bc-763191d8e81e
815a607b-4609-474c-b84d-e38f3c3323cd,VISA,794395a2-e94b-4418-892d-2c6cc4d15394
4a993dc8-e4f9-4685-9c5d-fda288956141,AmEx,6bd3286a-0f9d-4329-8616-8312bf014b3e
09776ee8-89ee-4d5b-a523-64649a046e0e,MC,f7d9e907-1b81-4da2-966f-0dbaf70f394f
f40a2491-90d0-446f-bfab-e2d3f2a6faa7,MC,ee961a0e-5a6c-40a8-815d-75e2d0b56ecf
f784d478-df22-4956-9e83-a7372a9812d8,VISA,4d18b83f-2434-4f59-b5c3-9b074ac2042c
a712c35a-8176-4c70-94bf-8a383bdce542,PayPal,fd2c7c49-fd3f-426e-9fed-0e9fdb66f90a
11b5c469-0eab-4706-8632-c40c263b9aaf,MC,0dbfad22-64b2-4b9c-ab85-444da84e1c07
b18ac99a-a851-4edd-95ba-c444628b026d,VISA,562aa21e-db68-4c00-ad39-a83e8ceec775
3a5d190c-781c-45ad-b163-e6625e762934,VISA,3b6e2bd3-c4ab-4fae-96dc-294f2fad94e1
576e24f7-a966-42a5-b6d7-6509907e5a4e,AmEx,5a09e1f4-34ba-43c9-9ed0-a0a5d7a60858
717af7ce-7b80-4aec-9eda-730ff8d54757,MC,2c628b90-afa2-4614-966c-22620f184299
ef9b8ff9-0a4d-4293-b1fe-74c5fa497896,PayPal,60afbfdc-0c8c-4b61-85af-a89ece7adace
7eebe71d-12be-4a0c-bccf-369745a78ac9,VISA,4c449e22-8934-4fa9-92af-dc9746e70f2c
f0a78d7c-1da1-4c57-ac6d-022317ff46a8,VISA,83d85583-9eb8-4e76-af8b-f7e347d419fd
4f64228a-ab32-4d3f-9b4d-c0c77feedd62,AmEx,1612a661-f0bf-4527-9498-eb8212eb8812
1f2fe07e-65dd-4757-b77a-88bb0407415e,Discover,60fca62b-fe4a-49f7-85c8-2ebc76d259e1
6a744500-070a-4b32-be8b-421f8e622935,MC,51d8e53d-c40b-4db3-b2f2-9e1152686ca8
89204fba-6abc-4176-b04e-b1f0f3814bd9,VISA,b21c0005-1c00-42f2-8cd7-eaf0bddd22ef
1fec3867-fbb6-424d-8806-d10c04035968,VISA,b2574685-766d-46cf-8703-b05a55022603
b2db7f2a-7d42-4cf7-bd45-a1a84c250848,MC,40408195-080f-4139-9f3b-455de0bce002
4ecbe347-526d-4e4d-ab80-653d4f3e7270,VISA,73295457-675f-401c-b44b-4b36e5c7ff9e
fe347a71-12d3-4997-bf33-9d465db8cb73,VISA,a897c67a-aa13-43d9-831f-353ae611c671
20e83b37-975b-40f5-877a-5006c68230d4,VISA,3efafaf8-4720-4c3a-994c-17a22ae2fd26
5aa23f01-c56c-4fd9-a64a-19e78cc838c7,Discover,66ebf14e-ecba-4ea8-b444-466ca167856b
467442ca-5189-4807-9a71-f4929dece354,MC,5761fb5b-dddd-4e68-a101-90d603afd6f2
31e66d6e-d735-4306-8b4f-44944a8a55ad,PayPal,239fdc19-9f34-4eed-b22d-06b163e4cbfb
2c8d70da-b518-4640-9778-86ece61bb5ba,PayPal,22f9af29-bf99-4db6-a0ef-803e05160309
febd0eb0-ec15-47ca-99db-459e94876698,Discover,9043d78d-cbea-4c27-8fa2-ffacc9c3513e
abb14f5d-e078-4ce5-97d4-51acb05b769f,PayPal,90d3f30a-291e-4545-a593-9bfab16800ef
8ea519eb-aebc-41ff-ab4a-5a8a1a00b2f0,VISA,18fa7c58-fff6-4a0b-881f-d375bec37a60
2283c9f9-454d-4727-963f-acfec7fceeec,Discover,09eef239-a7b6-4e75-aa9e-fb2f425c33ff
99ed17bc-3069-4c57-a7ad-7eee8b8feec4,VISA,481ca712-bbd0-479d-9b29-f1398ca85f48
338454ff-daf7-4e06-99a3-f2cdc7bf0624,VISA,8e3abb8b-9b93-4f49-bb76-12e4cd90390e
c1d3b337-06f0-4737-86f2-1df2a15e37ce,MC,c0b868e0-cdb1-4fce-b1bb-36c16eadee41
ce8c0fb2-e260-4156-b682-9e7edcf12053,MC,89571579-f618-46bf-a5c6-530a6049fd0b
6dd4d717-d34d-48eb-b78d-67e6f8cb1aca,AmEx,a40212f5-7596-4aee-b3d6-57998bf10bde
3ac112f8-f163-4bac-9317-c01114e80fcf,VISA,6f5230d2-5f01-4f92-8336-ecc9b31479f0
fd74e4ac-5796-4593-a21a-7642fee1dc84,MC,24a85c5b-00bf-4ffb-898c-9bc3ccdb8108
65b0463e-eed0-4955-ab17-aa11ec830699,VISA,ed6ddfaa-eb2e-40a3-b69c-3c19050eab46
cbce0734-c6c3-417a-a331-804d17808787,MC,049c5e9e-1d51-45b1-b90f-68ee42642af2
79803540-4d20-4294-8357-c02d47595509,MC,23da6497-949d-4e9c-8e03-0c3324cf1d26
5c1b1900-5fb0-41d6-aa3f-3e8bc2834b5d,AmEx,c981f984-4bbe-4c00-b9f7-828b1f81e2ba
5b1e0a4e-409d-4c57-bf19-e908aa70abde,VISA,1c7ea545-dab8-4768-b11f-e704243dc50b
0bdb74e6-2b1f-4c30-8099-e92383824431,AmEx,8977efa6-9305-4f89-a20d-45460cc4ec4c
ba8dcf75-99f9-4835-91e9-9a819eb23469,Discover,c34fa8b7-c943-41f4-a305-725363935252
403adfc9-a54d-4e69-bbc0-b3fed88279c4,Discover,e90dae85-68ff-4a07-8fd0-7adbb31184bc
472786c2-a1cd-4c64-9053-291c1453d189,VISA,594fc75d-a66d-406a-9c5e-ff5e8a554ba9
7a163808-7265-4988-87f3-3c09c2944fca,Discover,40a4a3ff-1302-4370-b3d9-a5af70f733c6
bcc42435-3861-4e54-9881-c3e2f08e224d,VISA,7fd9a681-4cdc-47c3-8b06-a0171c190c17
759d3df1-23f5-4272-95bd-28488756b20e,MC,5dc09e3e-3d18-420d-8f71-2b54bd0a4268
600c627f-d941-4a76-a114-93d1db84e738,Discover,4f1d6262-ced5-4a85-a1ce-c1d2f5bbc5f5
692c85a8-928d-4425-a057-dcf5067135b7,VISA,3e0140ee-e64f-4de3-95fc-c5eaf06f59ea
2b4f6687-eece-4a6c-88fe-6ac67cfcb931,PayPal,09904c45-943e-4099-bd62-1fac1bfb15d7
dc0461ae-3ea5-45dd-9357-2458c5a36706,MC,1e7d716b-6abb-486f-b638-80c4d01a896a
b5bfaf2a-733a-44e0-b77b-39d4fb08ad04,PayPal,918c8c6e-d1be-4c3d-8156-921c4dbf43f7
98eae157-0ee2-4723-9424-836df7500933,VISA,20f4b1bd-7e2c-41e3-8924-1790b4622fe7
7d97f7d0-efcd-46d8-8dc7-283fd4da8c43,VISA,16dca7b7-b700-47f2-9fd1-98b9bd9edc55
4e009300-c8e0-4da4-87d9-b4b935b16512,PayPal,87ad3cd0-23d0-4b40-a06b-7bc685635be9
5289dd8d-155e-4b88-926b-69c362d7b576,Discover,49998f04-713a-4963-8d04-211197571964
de1c6eed-2a9e-4436-b338-72608522d106,MC,cf4704cc-f948-497c-834b-fb2a72feb94e
13235cdc-fb56-4499-9c94-90bf6d9c2441,VISA,b5ea4d1d-f32a-442d-95ad-03a855fbd4e2
fad35537-41fa-445b-8568-47d76f7e6884,VISA,6254a41d-383b-4a66-888c-65b48094e5c6
7146a9ac-1d96-48ca-89bd-638fcdae6470,Discover,3ef53252-a1eb-415e-bbf9-71c77f6e4857
77722bb2-9849-466f-bd48-ab034495d59e,AmEx,1a367a65-a3a4-4052-8aa6-f377b843a0f0
48fa9be0-9690-4a2c-b27f-6aae2c75b4e7,MC,600a7e30-b9dd-454f-a563-9a3931fdd7bd
2b8ce2c1-e976-4adb-a1a3-f97c2d13d0c3,VISA,5fca82d2-c42b-473b-ba30-740ab364bdda
cb0a7f95-f06d-41d6-9d4d-900dae75bea2,Discover,10f89ecf-f7cd-4fee-b013-0d4dcedb7db2
8447a722-f596-497f-9610-986be7c43e88,MC,4db7f535-5cb7-48b9-ab30-dd55b39e0461
ae245e69-9a89-4029-9172-af8d42e7008e,VISA,d76da07e-1f20-408e-b476-2453a0486fa9
8bdbf701-93c5-4668-92f2-76f27c5e71e7,Discover,8f2c1123-7a56-42b1-ac40-d774e4118101
ac1d6fe1-1e66-4b8e-a2a2-cbe3e1daf3b4,VISA,423d4da6-4a8b-4b43-9005-8c79bbb3d149
8c567ea8-3c81-4992-8fbf-2524114d5fdc,AmEx,485b3bff-7b3d-4b58-a2d5-c291be644f6f
d06bf632-4def-40ce-825b-74fddce230e1,MC,1bfc4361-9ce0-4e79-9e2f-f8aedc255b44
c6df6de7-470f-4401-89c3-f64e928cf9ad,VISA,dcda568b-024c-47e6-9a0b-5e771f8a7af8
61e22cc3-6d95-4dd5-9c79-03d14dddd289,VISA,2b3cac25-b14c-437d-ad43-b87dc1d2b039
966cdcab-1c7d-4a47-823a-d27229174fbb,MC,baa06eda-8eb3-4298-801b-286eb4bd3d36
e190671b-a461-4a2e-aed1-cdd7e7fc0c4a,VISA,d5c716d0-aa2d-4bd9-bd64-1275c855d494
b092d630-e161-445f-9270-02c4f67c2280,MC,f9c99cbc-b57d-44df-b7c3-945032728453
a3bb87b2-86bb-4b4b-b1e4-13e31145009f,MC,ab77485d-7f87-4272-974e-9b7201b3aefb
7528269f-0ddc-4978-824e-db2e6b9f33df,AmEx,d5d244d8-a65d-43f9-a98d-8d319e6a3aa7
308bd170-49db-4e11-bd8c-3fa3d625a2fb,MC,a611a252-c26d-4880-baf3-227e5b07bc05
63e7e31a-6923-4645-af53-2e17c4885f28,VISA,ab1473ae-16ac-4beb-8a2a-0586034e58cf
52bebcd8-7304-43c1-ae34-6fc3af71ef9e,PayPal,b36c0eef-946d-42bb-8c69-eb3c892b4da1
53648ed4-101c-4215-8548-276793f57f7e,AmEx,7e9dfa41-bb40-41ae-ba12-e7c7e662d3ae
6faabe40-3646-4dcf-a3a1-cdb411d54a73,AmEx,88bd5ef1-40f9-44bd-a39a-f7c4d7e7c0bd
7f2fa6fb-1610-41c7-a9ad-f27aadec6fe7,PayPal,44467ced-c111-4a4f-aef6-33a96ac29cd3
037a0add-3f06-4d20-abb9-4997e8532ac1,AmEx,b8fb8cf9-e95c-4320-9e55-e92963c488b1
74b67dcc-20dc-44f2-b072-01d760eb1fd7,Discover,8d142737-103d-469b-8e7b-f9b29f00393f
69c19fd6-3ea3-4369-97cf-3bf9277251fc,MC,dc3f45ff-b451-42b7-9343-411d9f003ae3
69ced944-f900-4111-adb3-a2f471e15c7a,AmEx,085beb3d-c6ee-4006-9a56-3d1647bb1ae5
f04cdba3-bd7f-4fe1-9be4-a4a084deb6a4,Discover,aea106c5-d0ab-48a2-a3ed-61182ff447d2
1969114a-3ae2-47ee-810e-2c0ad5fa18e9,MC,38bc266c-6b11-420d-bac1-310935747f7c
33928fba-1525-4441-9946-11f9a641eb47,PayPal,52c7e02c-b892-4b42-a660-8d10780d84ee
7f036a7c-24ec-47c9-920b-fc5fe8ff8216,VISA,f25dfc58-04b5-4161-b7bc-d6349d08672e
d57999cd-0887-49f5-9dcf-cc6aa77daf15,Discover,c29ae861-9f70-4b94-a86f-1c9411208415
b207c769-ac49-4647-9e02-e046173e3e96,PayPal,23228d16-680a-475a-b959-6099815eb2f9
ecf62b13-12f7-4835-94a3-9eeaa6f73621,PayPal,07d6f14a-e3af-4e6a-a7ea-71e905b09376
14647564-a312-4054-b038-38c6c345f427,PayPal,51a5f1dc-211e-427a-848e-330336b96c23
98e09c17-bc3e-4f78-b9ed-c1a47616abde,MC,6809aa25-b955-499d-acba-1cbca76410c7
1bdac586-c209-442f-9b97-521b2ef3ded2,VISA,a3c12c74-a06b-4e3b-9417-2660fe3bfc73
c715eb87-0708-480c-ade7-0a6d3d975a30,MC,87a83182-b721-47d6-8fe6-d8becabafcc2
0c9b10d6-d448-46a1-9833-f8c142125981,VISA,333cf3b6-0440-417b-942e-6480824769a3
d761780c-0296-40a5-b5c8-0ebee03fcadb,AmEx,4864b700-2365-45d4-876b-5276a3650543
83d741db-81b8-4892-b49b-034f8a6cb1b9,VISA,42e588d6-33f3-4573-b62b-f2650ca4ba2c
ab918eda-958e-48c3-8f00-44809f1d9f41,PayPal,d0f717be-f311-405b-9777-80f030dd49ba
21343250-da68-40f6-94d4-de5f7383eab8,Discover,f50c8e9b-260b-4bce-8d0b-14cd685aca14
8fafe420-e06b-4826-a955-9dfd2f68ba1b,MC,648a1e20-bf2f-4549-b5f2-ff2fd391e016
26f1a51d-42f0-43eb-98e6-e78b03089df0,MC,ff049050-6083-4616-a59e-f94512cf28f1
2d5569b8-d0a4-4ee8-b7ee-ce74a0fc6371,MC,16dfa975-7744-4fff-9a54-eae882cb848d
1296ebe4-4cab-472c-b22a-85bb1a941c1c,AmEx,d8f62377-127f-475b-a155-288b56b65252
a4489f2b-1d49-4dd2-802c-6db9fdca60b0,Discover,b4534897-702b-4401-82f2-3a627c6f9521
ff98f470-6479-4a94-8d21-69ddcc4c5b39,AmEx,321ba962-4e4c-45ab-adfa-6566c829ab7d
18ec7b48-3690-428c-aa10-10feeeab7afb,VISA,4c7f6135-5f3c-45c9-9728-2b4986ead949
8e247ade-cff4-4ba7-8aa1-521665e01969,VISA,1174b7e6-c7a1-4cf7-a166-fc8ab89e503c
6a65d448-0535-4f34-b7b1-bb5319a70d13,AmEx,f9c80753-6a26-4fbc-8b70-5e64bf9e3eef
317817b4-96b2-4e99-af88-82a545f07b4e,MC,21975034-9555-4f51-9ed2-b577d8e8f635
c915489b-cf1d-4c01-ad46-dd77ac109b72,MC,b0c1e913-d717-482d-ba34-386c8182b800
dc4271b6-33a7-457d-aba5-695f3cb32840,Discover,e5cffae2-ebe8-4e41-a61f-1c05564f49a3
61c75f18-0857-4bea-9824-529ae224494d,MC,4fea6a58-e1fc-4096-a040-15c19bae71ab
b5d04b22-d9b4-42f5-a290-281ce9788200,MC,6b788121-bd93-4710-87cf-729b9111275d
14f268b1-7dc7-4e6c-aa2c-980320f6f7ba,AmEx,b728b9c7-14be-4e25-9b70-945323e0b0c7
91632387-f241-44ed-bda0-6222c1c4dcd1,VISA,6c7ecfbd-75bb-46f4-932a-ef2de04e0a19
8b7fda0a-c1a1-4b3b-96b1-232a90be9841,MC,c250f6c7-355c-41bf-933f-f1c537f37002
e66e2527-83e2-4926-bc10-01d621c5f775,PayPal,0e9403df-bcc0-4a04-842d-cd30ff1c7e8f
fa2ed1c1-19f1-4e69-a8c7-6d8821178bd1,VISA,d94bd377-7bf1-4088-ba85-46f1043af0a9
8e135fa2-b07d-48d3-81ee-4c31839f5af6,AmEx,900b2180-46d7-44a6-8784-c0f26db1d0ba
6ecaadf5-e3b6-4e82-8037-fdd9f6e5c710,AmEx,56a19c32-7dca-41a5-9d16-d2ce3b2745dc
db88b557-c642-424c-9749-1d776e222bb2,MC,3355a16a-b0fa-41bf-ad0f-eb4953f8e792
40f72eb5-ecff-427c-8b95-3d0ff6ca8bb6,MC,db9cd140-ef2e-4e9f-8b22-5b6dd56de0a6
8ad06800-d0ae-418c-b76f-7d4a4536a26f,AmEx,9530d305-9758-4a27-9eec-47e8c72cd06c
ef2491c9-24b3-4381-947f-d97b5e990052,VISA,ed122349-01d3-41a7-a344-58a7fb550362
42f674ba-e579-4625-ab25-af53c593e6c5,PayPal,f37b4f81-44b0-4591-a06d-db66551e9885
8118c647-c53e-452b-85b6-a1c78dba6fd7,VISA,b9c776a7-7802-4d28-8414-c73aef1d5d89
faf7b1c4-8ffe-4ce6-a89a-abbb079f9201,MC,decafa06-0772-42db-a77e-3c1667d93e26
4cd77d5d-8568-4eec-817e-27937924951e,MC,5a2100dc-4965-4601-8201-900aea9bf36d
5d013578-261a-44c2-9e2d-9bd76480db8a,MC,19b397a4-8bdb-456d-8ef9-deddc94b91ec
b12ec94a-8abf-4214-93ca-4fda639706f1,VISA,8303bccb-2d4f-4cb9-b9a1-ff2bd822d6ca
fceee864-9885-4399-9c40-7ba3c32c1e05,PayPal,1a3adc6a-6044-4f69-b47d-b8533bbb0500
4d8eb932-8e9a-4541-b936-c01a543ab4e6,MC,c1d631a4-cc4f-4493-b0d8-ff1bbefffec6
abb55c3d-9edb-46a4-bbb8-e63dd3e33442,VISA,9458597f-6a3a-4ded-9313-b34c2f70d2b0
94be0f2a-9e77-4e48-b734-3262c73fa018,VISA,bfef5087-21d0-42d4-bd3a-fb49e552acda
71deb197-81dd-4bb2-9b50-2212a3e2e6e4,MC,fafd41b6-f332-493e-b081-1dd8308da632
db6aa279-661f-40d8-ad68-cc34d44bc695,MC,8859a97b-c79c-43c2-a4da-05d94169361c
c3e8ef11-f8ff-4818-94c3-e5fb96d98cdc,MC,1f858014-1985-4424-ba56-64ebae0096e4
3189f1e8-3a25-4a91-8045-3b5676d87974,VISA,b3c5f7ad-b1c4-418e-b21d-25f58c678c67
38da674f-e4c6-46f4-8878-839fbfbb603d,Discover,4136605e-f976-45aa-80db-fe5b63ea5a05
30aaebb8-4c38-4127-822d-50433c66168d,VISA,32dba0d5-5f6d-42e0-ac86-4a613d26268a
f3717036-2d8c-4489-a17b-a5eed281af05,AmEx,1b735cb3-02db-4678-845f-e4c20ddf673f
ae81f411-db7c-4db8-a48c-0434f76e9cb5,MC,b05883c5-25f5-4c6a-bff3-4d595b067345
d12929dc-2d61-4509-b739-d7c67d926072,PayPal,afbc9bd0-c244-48ba-b326-292d57de4d26
ed9d4562-568e-4edb-823d-705f547edd3a,MC,91bfa712-d5bb-462b-869a-88e96cbcdca4
c1d142aa-5087-4191-b314-b2113d8ab5d5,MC,407c85a6-c3e3-450d-9c8b-9022d4daddea
a8b121e4-2666-4b55-8d74-5a82f1f88fa0,AmEx,13b75587-e590-4cae-89b0-889f45bcdc82
e3acce98-94b8-417f-895e-f875768f725f,VISA,c7c9110b-cb4e-47a2-8a28-2494b8c70f5d
8bdc978e-e4cb-4855-8497-7c8a1e34d62c,PayPal,6105fec0-967b-444b-a59b-9153f2f3bf90
c4205065-dfd3-4f9b-9f48-4a7e5686d9d4,AmEx,4e23b8d0-d936-4003-8c43-252354c2536a
86710cef-f84b-4762-aa64-7d7abeaa90b0,MC,1ef9e30d-bf7a-4bb0-9873-f95b64dcedd5
8ba67d31-7d1f-4e86-a43e-9f4a94c2eca8,MC,7f32d189-bf50-4def-bbb1-a56c0349964c
4d03c7c7-9271-492c-bd2e-53f98bf5c624,MC,a984e569-00ee-4a27-8384-f2c1d0496e9c
633ff91c-a01d-4666-b9db-7a079053779f,MC,1df96d3e-a6f4-4fb6-8f2f-d194daf4678b
c37ab9ed-12c2-485c-80c0-ff6f4f1c057b,VISA,7f1bf3a4-3188-4ea3-a58b-77ae53507d45
bf171155-7218-4495-bfb3-60d7597cd44a,MC,1fc714b7-0569-41e1-b198-230f84029e5f
c8f22812-0994-45e9-8952-44d33a10d6b0,VISA,4999785e-4ffd-4bcd-a018-cbc2fc751a24
a1847d60-be4b-4309-92b3-d49a3952a79a,VISA,754f4fbf-8faf-451e-9b70-e366005f5c4e
7afaefbf-7ff9-4f58-a260-e85b8c78a0b9,PayPal,7abaf266-ff85-47d4-af4d-aa11939de28d
423ec8f9-e8ca-447b-85c2-e5137683157f,MC,7b3a6a5b-f182-40c7-b8a1-513fcf75a33d
a7c2aa78-85c3-4762-8561-8c6b0cb65029,MC,5904bda0-9733-42d3-8b71-6a9d0996654a
1cfcfd40-9f86-49b9-98e6-76ff23636640,Discover,9b4b78b6-c647-49af-92b7-7a995b35eb25
57d0785a-dcff-4593-9ea8-b138b1ddd381,VISA,477efa3e-e4bc-4ad2-8510-610836278c38
8749215b-3c73-40f1-ae24-fb2d50853d03,MC,95243cd7-55af-42cf-b689-6921b1d0288a
fe3b63fc-00d4-4f33-bc13-d6e72eb24004,AmEx,bc6fdc5a-04b7-4f74-8e64-dbeb84635c15
1337713e-6487-4f50-a550-53eca148a702,MC,ed0c9c38-82ff-4369-9e05-e6022b18f5cf
a87fcfc0-df23-421d-a7b8-71a6ee9e7ca4,MC,3812f936-d5d0-4f96-afdd-c501d1ebd2ef
4065c992-021f-492d-bfe2-2be83601b999,MC,b3f2a650-5cdb-4183-8eba-88b072f477d2
224651aa-3e6e-465d-8870-41eeb749a8b7,MC,62d8b0cc-fac4-4917-b0dd-8d9ab4cb87b1
db5c41cd-f984-4557-b6c6-9a8aa3fb2127,AmEx,e1a0e8de-a81e-4d15-927d-b9c2e4f2cb7d
a539bdf4-239c-495f-9ba5-e53c858aa325,MC,56604e45-b2c7-42f9-9418-f161ad7eb8ee
d0c0d116-8b6a-4f2b-af48-bc5014cea9f0,VISA,dc5e389a-3bc5-4551-871c-37d042629ebe
0d0adf69-d196-42e7-b569-8f1b22b88723,VISA,23012b19-457c-4add-830d-db29173a7fd2
24957e41-f204-4ea7-b20c-9a2fde3d9b15,VISA,4718b752-e278-45cf-96c3-ca1889923d4c
0eba63ce-d2fe-4f09-96a0-d5593e6ec95f,MC,60fab424-f9df-4526-8ac7-a1a3606b74c8
162506a0-bdff-4b6c-b355-743bdea453dc,AmEx,c4d32c57-ae1b-4416-8d24-055d886e15b3
50d1c6ce-4dcb-4cb7-915f-6edd223fd0b3,VISA,b389b59c-cdd7-4ce5-aa35-8707c6574448
ecc08819-51bc-457a-a565-ec6ab83b2357,PayPal,bdb1f795-c825-4aee-9eee-fe8eb06b296a
21cc4481-e5ab-43b0-94c6-48694e97e0ff,AmEx,25ac93f1-5814-42e8-a89d-5cff40eb5e5d
1ad8eacf-cfe9-4153-9667-a3457537a805,Discover,74eac22d-4e62-4d03-837c-d9b131a2a7d0
413206a2-ab28-4bfc-ad71-6c497a64b953,MC,eb0c54ae-2d15-439c-9598-029b132ca8f5
bd68e4e7-b8a2-488d-acd4-7e622f6cfd8a,VISA,332f92a3-50d1-4d22-97cf-3a5f29c0b934
860788ff-8037-4313-b647-84675e972eb4,Discover,9e9b8118-5522-45fe-98a6-87151364f3c7
0832024f-ec79-4f31-90f4-52fa947b814a,VISA,193e9781-c9d4-48fd-9051-edfc04b5700e
6e79482a-c508-4924-9de9-f65ada6b8ef0,MC,566e8cbe-74ec-49e3-950f-3c4cbbe9b3bd
525c42ac-09d5-4231-bd0b-ae1f415a8058,MC,22fb3353-0afd-4a64-8c34-5a8e0f9bb516
043836a0-9581-44bb-b634-69977a059b32,VISA,b227737c-7e94-4899-9fb0-26ed13b9c83b
53340526-4c7e-4643-97c5-2faf443257e5,VISA,dfac1ca8-6e88-4715-b4a4-a08e999f8042
a16b86e2-366e-4a3f-a93f-46428047154e,PayPal,20bbd850-e98a-49e2-9d0e-8c30b70e5775
48c53757-46b8-4f9a-8e14-35c912e51e8b,AmEx,7cc1ed7f-867c-4160-8448-aeb0f3373805
4f326c25-cff9-492d-9d8e-1d5f1c28ecea,MC,99630cb6-cc8b-495b-b620-e6240149b5b9
08845d0e-54d9-4816-ac12-3a3cb9094bd8,MC,30c6aba3-c328-4b3d-80f7-2572b3ff6f73
3e1c7302-3311-4c8f-a146-f33f944a85ca,MC,3c8913d9-7480-46be-971f-60b1c604308d
5f5d7167-87b3-44ac-aa25-6a5e2dc38ccb,PayPal,58e730d0-53ca-4297-8035-816668bde821
9e85d290-520c-4971-a358-94f5c2986ac9,MC,389a1043-ba1e-40f0-a31e-8f8b185a594b
f6f28ef3-039a-4dcd-bbd4-63691e54680c,MC,2ebd546c-d3b4-4a4a-b532-9ac7eb909759
6d64b0bd-4eb6-465c-968d-aab4ffa6d231,MC,f41410f5-5a0f-4fb1-870d-30ca8e010a44
e3d31270-298b-4c2b-b3c7-15c5fb89c73a,Discover,1bc21b87-ec20-4f25-bc85-302c44fe6708
658eef05-bc65-412b-b20b-8e5be4088aa0,AmEx,dc86acd4-b237-4431-99f4-f9d3252dae0f
0df7accd-c6d3-4678-b086-8b4adca719ab,Discover,d3d49197-a04c-4905-9007-3f2f4b030865
06b5d352-54ec-4848-9bef-2f703974ea5a,Discover,754b9257-7069-4baf-bcfe-ec0d4db7cbde
db780fff-c5ad-43fd-bdd1-ea123d59427b,VISA,bc5fbd8e-4016-4a52-a5dd-2d8c3840d09f
d301bd03-b4e8-47bd-a1f4-e1f07bb31e4f,MC,f38a5ac3-3f62-4000-b03e-367869476bfc
1b4284ab-2088-426d-9e88-231c2ef5bac2,MC,93a08770-e1fe-4786-8274-da63baa74b5f
b45b9ba8-0f88-4625-811f-ffa893241494,AmEx,76f36ba4-e350-4816-bc7b-a6b78cfa94f2
1d179508-c2c0-421c-8a9c-dde2315e69b4,VISA,f25b8df1-d682-49c1-900e-7b6beba19d6f
fbe2ebc1-3cb7-40a4-9fd7-e62336c66e14,MC,a984ba1c-45b7-4b39-89fe-d59d08efb2ae
a66d9bd5-469c-454d-b02c-5f1bb154b0e9,VISA,362b7e2f-b593-4938-a7cc-de7781e6ed73
db582945-44c9-4cce-afcc-7a433fc159d3,VISA,c4f8fad5-f6a3-430c-acce-a906ff7b6ea1
a02ef53b-edb0-4218-a7b7-4a1c70ef1cf6,MC,adb88871-e1cd-4028-8feb-0576b78e83d4
b341b256-325d-41f3-adfe-af93bce7ec4a,MC,3e19ff3b-42b4-474c-b0c6-1ab54d8fdfb0
cda1e8d6-f42e-436c-9c47-03c4ad71411c,MC,70f34a38-93ee-418f-ac27-1423958a3d07
112e3b5c-57d3-4cd3-8a39-e11ed13151e5,MC,33347c6d-7b01-42a7-981f-c29a3ea5c251
968e62cd-67eb-4a49-847a-4bb560c724bd,VISA,f30c8748-414f-4fa4-bf0b-c69fd19b3cd3
0cbe5869-1944-4add-824f-9f0b390a3fad,MC,bb3fd06b-4421-4d4f-8834-ff2f65b53594
efe03d71-db54-42c3-b282-efc80a5de697,Discover,0a703e0e-3607-43b7-ad89-d2f65a9e6ea4
f2d7d050-a7d9-43c3-b35a-a16ec65f24c1,VISA,ccb02392-5a6e-42a3-a5da-cf24e10fec89
24c55a5d-1869-40ee-ba55-b5ccc8911479,AmEx,8377eae6-4d6d-4690-9c5d-f3dcc12745bc
95452a1a-6e1d-4b6e-8908-7a4432c9ba42,VISA,d5dcc886-9387-4c6d-ba1b-3bad467749ce
aef114a7-6e40-455c-9c5e-4f017608f8bb,AmEx,aa397ce5-039f-4184-ab41-13c5bf40be63
48e926c4-fe8c-4044-95fa-0829e54358bb,MC,bcc2ec6b-e2b9-4dd6-ac2e-1d9e9947a6dd
04da4672-a0f8-4002-b650-109151853a48,AmEx,70a164f6-2f09-41c7-9769-c27516a37920
24da2b7a-a37e-41c5-9ae2-47eaccedf641,MC,028e6945-bf54-43bd-a833-b8a0699a3dbb
21a5538d-7008-4b6d-a54b-13e0d777c7af,VISA,e0fcb657-5b31-48d3-9f0b-0849f87a2787
73eff472-cc73-4ce9-8d1a-6adb713c7fa1,MC,3e73aec8-465d-4075-ac80-ea76766dd2c3
27704289-8e61-44a6-9e1c-9c684feb96e5,VISA,c99a1ba5-d0c8-4f0d-a5cb-8599b8ace6de
4e03d232-1083-4c9e-8b52-262035ca6942,VISA,c621e69a-fa3a-4fe8-9ca4-ab83db1bda85
8e501a1d-2efb-4f12-adc1-ff83694cf830,MC,554dd7a8-9313-4108-b3ec-17dea21d83d5
b0fcce56-8185-447f-9716-3d37ef7486ae,AmEx,301c9acc-efdc-495d-afd4-bb8b43d01a98
4b2dd519-ddca-4395-822a-5a3824c4125e,MC,3cf6e26c-56e3-46b8-9d7b-e1729a922fa0
d77e05d2-7ba5-4669-9657-76d2f56f4d69,PayPal,b180e74e-b7e8-48bb-808c-2fec5e94fa7e
c082c209-c621-4876-bbbe-9aef2e8839c3,AmEx,2f76a6b7-7fa2-4874-af00-a797d0be996a
02e60282-ccfc-43a0-b9b8-b0b9d7473ab7,MC,0762f0ee-fe5d-4d9c-ab6e-7ddc35c754b6
a532f78d-57a9-432b-941e-c4a99dd56d20,MC,2b802295-b1c4-4eba-8fb0-517b4ed0d45b
a53d24a4-063c-4fba-b448-c442820665c6,AmEx,3626569e-ac16-44e5-8d12-8348a6aa59d4
c2fd245a-0060-4c79-b3c8-42f37698cb71,MC,e8fa2626-b7b9-498d-9859-dcfc812a8906
61a13642-78a3-4be8-876b-afd5e646ac89,VISA,1a3940c0-a563-4835-b1ad-81a669769171
6e62a77c-121b-45cc-94c3-51eb5e02305c,VISA,f5f6dbc0-ac40-401d-9bbe-bb28f841364e
7190883e-86d0-46b9-a012-b5a176d6de3e,MC,8e002f36-cdc4-47d2-8124-31772d641158
7ced1e06-2dbf-4ccf-bcdb-929b224cc290,VISA,e9982fce-573e-43da-b3fc-071f1f9645bf
8d60a891-ab99-4a2e-ab22-470c7bf9a176,AmEx,f6afeb66-5252-4033-aba4-9f5bbe461cf7
640fe453-6464-4e58-97c7-20976b642419,MC,ee0a31a8-5a3d-4d11-8260-7f2debc81e42
310c0ec6-5c81-49af-9e62-f88fb7ac9250,VISA,6d9cd7b5-ac42-4804-bbf6-b1afdeb012f7
43368d19-8e97-4917-b47b-a44a362dd180,MC,e7422c66-aadb-4535-998f-cf16be4775dd
9480e882-9c40-49a1-b149-24ffaa19577f,VISA,b5b43f8e-9d21-464e-88b8-f8889ee3cfb0
fca544d4-a59d-476e-9c12-671ad8025280,MC,94bc6a2b-8ee1-4090-98f9-20e259e8c1aa
078e76ae-732a-406d-8507-d2e8012adf6a,AmEx,5c36526a-bb82-4a5b-abfe-7e4b416daa1a
306a59bc-5657-4e14-b452-00224b5c6409,VISA,9dee168c-7774-4d13-93b0-7c4c7f96a75b
e19f0b4e-b7e9-4a4f-87d0-26727f4dd0fe,AmEx,143a962d-61d7-4e76-ad0b-9bce4e9661e1
0d221fed-42f5-4e7b-8e0a-646892370a12,PayPal,1681db9b-1ea5-4327-9fcd-9edd1dbedaca
2862b5d9-30cc-4423-b5ce-e81db4356c4d,PayPal,061d7679-d912-4b87-a3df-3e7e0ebfc220
27439d74-d048-4627-a5d6-2caae3ff5358,Discover,33d117ac-d408-4251-96a9-4c7881231f39
339bfdac-9c80-40c5-bbd7-adf5204705dd,VISA,2b101cbf-f4bc-446a-be89-3dc54d01e78f
422da499-2544-4651-a935-0426ee17b65b,MC,fdc226fb-ae43-4198-8c8e-1d1b7439ea74
585570e3-ce43-4641-b2bf-a5d97587efff,VISA,fe145994-3868-44a9-aaee-33209aafaa40
a11f08d1-3888-434f-b879-273e15fc8db2,PayPal,6d588b66-a996-4410-aec2-4d640c27a217
fc3bd6eb-e792-4486-b589-7fc514337be8,VISA,bdebf6c0-ce9c-4fb9-8349-b2048c41fdc2
6bfa6bd0-7b8d-4a65-ad94-7b59708addc0,VISA,3ccad60a-f901-4a3d-b4f8-93fc884ce66b
0c2b2beb-3622-4745-a84b-208a1267fb69,AmEx,0663b9de-0bc9-4963-8666-4bb83bea96e7
6a506489-a083-4e23-af4c-62df7627a41e,VISA,bf17da1e-0c28-4e1c-b074-b731105dc17b
141cb57f-c1e5-47e2-80f7-4e8fd821fd7d,VISA,5f6ff310-b924-4a5b-9d9a-b090221be7af
009c01eb-5f48-4d82-b16c-6f27de3b02e4,VISA,2a47aa3c-7b99-49f4-b2b5-3efdc3354d58
a9e9e123-a134-406c-8d29-e97810c20b58,PayPal,78807499-7a35-4103-bf2f-08bee2cb5ae7
8d783dc4-7e6d-4488-9e0b-3e36fad49acb,VISA,7ae6189c-6864-4aee-8496-9a9148f647f7
d59d763d-d563-449c-a90a-10e4d09bb7cc,MC,c5f8487c-fa70-48f8-b992-db732bb06189
d2d436de-0d2f-4321-b41a-d445e2c40f80,MC,765c9a56-e2e5-49e3-bd69-5d47c288b808
e7f7a33f-5412-4479-aec6-7d598cfdc921,VISA,3b96095f-03ad-4135-8bf2-8b19282688aa
2472f4f0-bfe1-43a5-bc63-19181831fe5c,VISA,c0969995-2b61-43e3-84a5-628ed161b73c
9ebdebc7-0713-4366-a207-1b3a630093c5,AmEx,bc55c584-7748-4bf4-8b67-9e841581af20
9abff1f8-879f-4938-8627-d546937e49ad,MC,4a036314-bb2d-435b-9ab3-652a1ee9f7c0
47db7b8c-020a-4c6e-9106-81b7514ddd2a,Discover,af630da6-85f8-4600-ac95-d58dd49055f0
f0bc1c95-fb04-4324-9bcd-056c2ae5b0d9,VISA,e260da4c-726a-43ef-90f9-d0eab45180a1
44aaba17-3dc8-4585-9d83-ddacd31736cf,PayPal,bc80a4e9-a7a3-48cd-8fc0-d9176565732a
dddc30c3-1aa3-4391-b397-d335e2117a98,MC,fb62b3cd-6d15-4253-b498-84444e9e13cf
3823a24e-ea9e-4449-bc6c-c427c32f8f43,VISA,dbebf01d-cdc4-4879-8145-249157f94b42
3e95c8b3-8b6f-406e-8b49-9cdbfab42647,MC,1c506220-a6fe-42a5-9c87-c9b68397c58f
0666ac04-8853-4fde-b66b-2b8dc0001cbf,MC,7594ef84-4edb-437f-965c-067586ddbfec
54e9f36c-f3f5-4fdf-984c-7812e52e3258,VISA,fd744c05-9547-4946-b286-5b456e76582e
f6a49ec4-793c-4cf8-8063-21951c25b5ee,VISA,562c0ccb-7c6c-4e75-b306-4ed12cadb4b3
81f80cf5-3b47-422a-9883-b1d63e019249,PayPal,09ff3548-f9ae-4fb2-bca2-69d9846d2764
7af9ad70-ad55-4b47-8a1c-96cc267facbd,VISA,93b94fc7-aa55-45a5-8cdb-a4ffaac98caa
906d9e8b-8736-472f-b280-f1c7b8b854e2,MC,05ef3695-8155-49b0-8dd5-f619c9bf931a
77568645-6887-4ac3-a929-0a2c2e8f4b19,MC,5ee0e23c-b656-4870-bd0a-1df1927826e1
d48c165f-63c7-4c79-88b3-b12ec770d90b,VISA,66c109a6-ab19-4337-9e5e-2fe954a9f629
b2630948-c0a9-45c4-bc5d-1e2742a47046,VISA,9416f8e6-5a65-48ae-9739-6d6ce4d8026e
3512bf84-e17d-4256-8206-a086146daf49,MC,b14559b1-f2af-4fd1-8eb6-0bb91edda978
9561eb97-c83a-4f3a-b456-21a5756e6a12,VISA,a4c4d9e7-42e1-4e98-bfbb-897b22020184
e80610ea-deb6-42ef-99fa-9784a84c31e4,AmEx,d9084fb1-2273-4561-9805-88502c90183d
02cebc13-0991-448b-a56e-902180498e29,AmEx,e78db3f6-5a70-42c0-9f7b-be711836c3b5
dbd676bb-d3d6-4a8e-89ba-6c579d61aa0e,VISA,b828e81b-fb03-45ed-82a3-e81f973ba4ac
ca41466e-6bce-45f7-90d3-fd058e9fd842,MC,e43b9ea0-3fd2-47c4-942c-43b8c4c7c2a6
39711ec0-166d-4b77-9d79-c25e73e2f48a,VISA,75bf92ed-834c-4849-825c-c5040d0cc3f4
c606b297-0fda-4155-bfaa-3b34f074c313,PayPal,8bbec8cd-8191-4844-af20-e591937efff5
9af3930e-2473-4857-9927-811c9a7e785e,MC,e599d601-101e-49b0-80f7-1890b34b736c
4fadf1c2-dac1-4aa9-a54f-96b232a4c239,MC,25d72505-460f-4cb4-94ad-7d80df79fbd0
57703d0a-5376-413f-88d3-00aaf5c6e454,AmEx,8bd5095c-459b-4d88-b524-fa9f1030240f
49a5e22c-8298-4991-9b6c-a0304014ed60,AmEx,9a1ef2aa-3b1b-4aa3-b613-81b354f6c949
6d96ed92-b99a-4229-8d34-6168efe46b6b,Discover,f69b5666-2f7a-44bd-96ca-e85f29ee9abd
9083e487-b71e-4817-8af4-370e33fead47,VISA,7319c9f9-ee65-41b4-aa7e-fe15f435c297
6b77ab7a-dace-4599-9ff1-a9252edf6a7f,PayPal,25824a5f-4015-40a6-8867-ec2f404715ae
c5510e37-1602-4404-9312-8e8ee856a43a,VISA,8a40bbc2-bff2-4212-bb92-c300f3a8fd1c
d944145c-6210-46a2-9d74-e488dc287c62,VISA,e384030c-6f5f-415c-9285-1ad38840c898
6a77903b-ca08-428a-be49-85dec5ec7965,MC,ec2f7027-9fb8-44a1-84f0-9d30124d85da
791a27af-fe9f-4bf7-8831-170425e6b55a,VISA,d1166b84-3235-404d-a9d4-c6ad97b63706
05621da8-e9ae-4443-8bd4-e961a17cb00e,MC,80d34131-38e7-429b-9679-55ffa0499cfe
4ebdba7d-01f4-4992-8782-ad85c4b270a0,MC,c3ea84c3-9ae5-4906-825b-9b5c4e0affa8
ef80900d-f131-4c65-8715-1f512f8d4c09,VISA,19adfc83-7e9b-4a20-bd2e-b17a0f64138f
52011ee6-3296-4e3a-bb26-1377629c76ef,MC,59fdd289-25f6-4331-9a7b-f4348ff878a1
932fd7e4-53ed-4dc9-b686-a0ac6b2147c1,PayPal,323fc167-8132-4b9e-bb72-abb140c11353
aaa67b73-7ca0-49e6-9b69-b02afde547c9,Discover,79e5fe85-17d0-41f9-9ec5-31133f346555
a72a2f7b-b9a5-4a74-9ca9-5ed0a1c338b3,MC,3c11af82-66ff-4225-b8d0-1f18604310b1
637a1fe2-722d-4844-9872-8359e4481bea,VISA,0c323c8f-8b1e-4c13-8c5d-709dc810528e
30a82ee9-316f-4804-bf5a-d52911b10b23,MC,9aeea6e4-61b1-457e-89d5-0d9ba8a7397c
3682c8cc-0601-4c4e-9025-7a39efc23866,MC,455c9218-e590-4044-9a38-db6e5ffc5763
e19183a8-13b0-4b00-83d6-51a3fbd88223,MC,c6f79421-93b1-48fd-abfd-4a07ae747821
a3bf90be-e742-418c-86fa-672f9b7da072,MC,1b303788-96a3-4178-99ff-a342ff32bbe3
9a95f18a-9ad6-41fa-821a-0eedba86d261,MC,6e474f64-5d0c-496a-9285-08f3380911e0
afe7c2bf-8f22-420b-bf2e-5f9a4d285bca,VISA,73ac514b-b904-4678-a751-001327c76888
08f8bae6-0525-47de-866b-ddf9fa59df0e,PayPal,5e20ec70-47e7-40ed-9d84-e3551ce6a167
66ee5ec4-c06e-40f4-ac4b-eb50350d1aea,VISA,8b6a6639-64f4-4406-876f-91ce8d22c901
105dcad0-1647-44c3-9d65-4fa337be3c32,AmEx,54e3e1db-88a3-4a0a-9f22-25e21f625333
d6d3c503-3078-437f-bfc4-458f8b65cf9b,VISA,608a9a7e-f12d-41fc-856b-b98da355f33b
9da06769-05f9-4618-bab3-4e0ce5124980,MC,de366fae-dda7-4665-8d0a-628f76fde8fc
7e37a06c-4c34-4aa5-a457-19081d500608,PayPal,8a57e1ba-d7c5-4a72-956d-ec8a7de79d2f
32a42dc5-c1b0-41ef-a377-00c3535e79c9,MC,216b0af9-fc25-43dd-95dd-2af362ecc5ad
8aa5a182-3a0d-45c7-807d-8611411398d7,Discover,fe410291-d082-4792-8a1e-c6f73128ed41
8a46d916-c4a0-4b66-a626-b71fc6eb22be,AmEx,981591c6-04a4-4307-b66c-fe0944ce7f3d
4cf7b6cf-f243-4b44-8cfe-814bafb04d8b,MC,67817184-da8a-40cf-976e-0739c1ae0d27
ba7b0061-aa37-45db-9de5-b4aeeef6eb6f,MC,ea5bcebc-a65e-465a-8253-59b6f4be4b26
26899be7-75bb-4e4f-a7b2-2fbd2e524e57,AmEx,727fb37a-784b-4cb6-9754-d0069b5d102d
65c759bf-ff12-4527-95d9-f8934b49f971,MC,6ea2755e-31c4-4bf1-bee0-e31ee492d3a5
243a1304-1f2a-4285-b136-c7a41a19c67f,VISA,f0787640-b2d7-46a9-97bf-4d2256224bd6
55a7f4bb-7f62-4daf-94e4-6f96be6e0d58,PayPal,01492812-b476-42b2-a87a-a7c7433d789c
a6305d83-e1cf-407a-a994-9d93b4b3298c,AmEx,fa3062da-7696-425d-b39c-bf0a67e873d6
435bdc27-7d86-40f3-b360-72bdafcf6973,AmEx,a2f828e9-7d2d-4144-a6dd-33df3c202c3f
8d59a38b-7f00-4e2f-9b44-48e8f100d9c6,VISA,591d1411-eaeb-4151-9af8-1c149ab34568
31ca56fd-5f1f-49d5-b8a6-38efe19821c2,VISA,80e45d6b-f7aa-45a5-b726-9f9a1dcfea67
f3052ac6-b7cd-462a-896b-1b616e40b3ed,VISA,5d4de2ee-59b8-4044-a55d-3a3aaf8efc36
5e28d3c4-1b88-4b3a-b1ae-736be32eed92,PayPal,9a6e0e05-708c-4402-9f67-1fbbde4981f2
5da33824-9209-4755-a12d-2444ba7e7176,MC,521e0b75-2f65-44e0-b6f7-1fba56b61361
869d13b1-e66e-434e-8432-fb90c5a614bd,VISA,c504c79e-03ed-40db-a281-75fd3b94be77
453930bc-06ea-48e0-93c4-add559723cae,AmEx,cc67ea48-4a81-4375-9135-bfb3fa6c2491
9c0b5d18-0443-444f-ba24-e2a662bbfd57,VISA,5c01c988-363e-4b2c-abb1-defe391ab9c2
cb63227f-477d-40bd-b4a6-96bff48690af,MC,31642644-9017-4c34-b879-e58a5e124be8
f75b0ad9-49b1-4e83-b2e6-0f3ac082b358,VISA,a0362b09-488a-4448-9cfd-556a7a87eeac
1f701c49-6576-48da-aa2e-63644b084a5a,VISA,8540ed37-0a3a-4416-a256-025f22be25cd
39fa9f7c-abcf-403d-90c2-a735598a9bc1,VISA,e6a3ac8a-8b31-4a34-a46f-0d69196f2412
5d7cbbbb-0c04-463e-a843-6c8d44c437f1,Discover,8f392e98-77b1-4b93-8fdf-e263883c199e
5f038332-a2fa-4112-91af-b890b1601f76,PayPal,b40aae55-264f-46b4-bf07-e0b14326a27a
c6f3cb2e-105d-4c5e-98ea-fbf0cf9ec23d,VISA,7561eeff-8097-45c2-9db7-0374a4ba99bf
b64bd844-e846-450f-a784-181acbc63879,MC,b2d1f6bf-af3c-4b7f-9ea6-519403ca7a5a
74d65456-2eca-4017-be98-da30e2d9958d,PayPal,20e461dc-30be-471b-ab1f-8f4e28e57488
3e3ba149-de73-423e-89f8-48dc1b6196b8,VISA,c75f7c04-4636-4ed4-9a94-23c16b561696
52cd99f5-66df-4e37-8985-e509dfb3b892,VISA,996599e1-2f42-44ac-ac2d-d1900a36a641
321909c3-6f2c-47ab-b7e4-2a7bcd9477d6,AmEx,c3bcc93c-9ac5-455b-ba34-27aa8d26eef5
a7a2fce6-0193-40c5-826f-61854cedb62b,MC,a5726929-28f4-470f-964a-fbc1d7ae2969
b6ad2158-c980-4305-8c18-39023f350533,AmEx,7e310b31-febe-4049-82d3-369972be3c71
efa95dac-5dd3-4e4e-9aaa-3c69412eba02,MC,1626861d-86ba-4906-befb-04305c4f2d5e
67d6fb73-a558-4d52-a006-95ab8657771a,MC,8118154d-5e8f-4348-8606-f4508c69e6c9
145cd0a4-8371-4add-a6c7-ba3698d6ae23,VISA,b545bd70-0246-4ad0-9960-582d40062cf5
06cfef2d-c05f-4de5-8691-12fd90e610c3,PayPal,56f2e5ed-d976-446f-8c7a-755f9e38fe9b
87b6c295-d098-4a83-bb00-d0618f48ff54,AmEx,321d027b-70e1-457e-bd90-5547103671d2
aa09c281-ba80-4fd0-a036-39747fbfdd86,MC,0660580c-ce4b-4845-993f-37097de558ac
4c9d4177-6acf-46f9-b0e4-aff24415397e,VISA,e544f943-f558-4ddd-b1f8-da74e9e5e692
dd07076f-0d33-46f2-9c86-e8fe6bf2d4e7,PayPal,2a96399d-5141-4aea-99af-e4d31675fc79
b9b0b064-9cad-4e5e-86fa-cce1c5f7d82f,VISA,6fea29c3-917d-405d-8e51-0e7d0f1ba1c1
bd6d4487-3165-4f9c-914b-eab2516c6a6f,AmEx,aea02ada-c0c0-4023-b0e3-7522bd736d26
1198341c-2c4d-471c-a413-ba9ee119ac06,Discover,f3914f3c-8451-4200-82ff-c22fcfadb7ca
b08d158f-f885-4dd3-8a33-47422cba2ae0,MC,add393f6-a4df-44e3-a82b-deb4f7ba6c56
c8ba2354-2e48-4c06-828a-ea3dd4b24b68,Discover,4fcab8a2-bf4c-414f-878d-d1d06d4ce586
73f16116-4fab-496d-b5ff-f1d3dbc461ac,AmEx,e4278fd3-a794-4aac-a13d-f1caf0674990
8e00cbd7-1a49-4eb7-a1b3-9d0ac95af5c3,VISA,ec556002-e25d-486b-87b2-74fe17036321
f5a29f70-a195-4e5e-babd-b3f5d726ef34,PayPal,a1e5f05b-8273-4d4c-bce3-ee0c682a4536
b19dd8e2-0709-4931-83c1-e175d6392e12,VISA,0952be28-1606-4734-a66f-dc742cb20680
0af04bf6-b641-4ac8-bc9c-3caca32acced,AmEx,c2710040-6a6a-470c-8631-2feb11572c15
49e9669a-207a-49ea-ab37-eb5eae2045e3,PayPal,7be8e2cf-89dc-4d6c-87c6-eb07ed4efb05
1badc0c8-a431-4dec-84a9-30f7c6914e96,VISA,d2008075-49e3-497f-843c-6082b88797e5
c579203c-2fc5-412f-8a29-89a370bb7b9a,AmEx,3bd798bd-0f34-444a-b9d5-149409614b4c
b02d8a00-a602-4cbb-9ec6-168a783a0d61,AmEx,c2d93d1c-5f68-43b3-b802-4ed886c27dcb
8ec97199-21fb-46a7-b240-a79b65b30b49,Discover,663fdbae-5474-4bc1-b301-114f973e6fe9
a715334d-c87f-42e4-895d-bc6634929450,MC,d1dccdea-9e76-4f23-b925-76c6a80824e4
7b618a67-a07d-4b6d-9a02-edcf0cf19c0c,VISA,a6d06695-e8ca-460e-a992-b40dc3a43cef
79fdacd2-5639-4be1-abc5-bee59809040b,VISA,f02d7007-ea94-4ff8-8776-b8d92fab9f03
d9e43084-48e8-4182-b508-cb28821e091e,VISA,3b141db6-b672-4348-b3f2-b87601036bab
c791836a-09be-4525-b72e-f1ae1f2bd75b,MC,ae9a9a78-121f-486b-b8a1-b8188bb03bf2
070d2088-c191-451c-b681-775b1a5a8ed7,VISA,8b120a6c-c1f9-4c29-a81e-076221261bdb
0d70abac-7d05-4fae-bf6a-54e0d3026157,VISA,4764c126-359a-4302-8e97-0fe95c38d56f
bd81472e-752c-42f7-b96f-f7d794461e07,AmEx,85cf2170-9df1-4a1a-b15a-885000de667b
649ea2ea-040f-4e1d-9b5c-1eebc396cdb2,PayPal,ccddd024-6c4d-428a-93fa-16cd4e4d946c
d8ac80d0-a67e-44d9-a5b9-0564997472ce,VISA,764947e7-bd48-4ce8-a5a2-7b99a1a2c787
69593ff4-0ebe-45b9-9fd0-8d167fc4f302,Discover,5cb2cd0d-cb7f-439b-b8f8-301abd39c70d
0a059601-ec6a-4c5e-8793-1cf3bb60facb,AmEx,c3c75b59-a2c8-47fe-b0a6-69ea60ecd07d
0cd22d7b-6676-49e5-ba7f-ec7655a7ab88,Discover,298e712e-5c06-4c73-bc0e-47935db9116e
b439f44e-8383-424b-b7e6-087068acb510,PayPal,02ccd2eb-4f3f-420d-9da7-6fa3077a2fcf
faa4de5e-6674-4446-b7a6-391565e0a3cd,AmEx,0ca4e29e-7b71-4d23-a5de-0481b281bc2c
25f9196a-2cc0-488b-8889-3ae6139068f8,PayPal,495e71bb-8907-4e04-84db-d86c712ba914
27ea5f34-0a99-49e4-8468-e9b5c411270d,VISA,ba4154ed-b6c4-4c48-b628-5bd81c2199b7
0578a2fd-d428-4411-b99c-4153216f890e,VISA,3bda1752-e082-40cf-9ea4-76867708b147
da27e80d-3e45-4b00-82a0-c6a206fa09f7,VISA,bedc6be6-0fa5-4580-87a5-34da3614e4e5
b62385e9-30e0-4075-ae97-e50f031df8d5,MC,8fb3b861-9cec-41bd-b528-795eba0bca93
18d24e86-0f61-40f7-a05d-d8e3cb9441e2,PayPal,119d835a-b85e-40ee-a5a6-09368fe9aae5
fd685b3a-2a35-4e31-be9f-f47f38394133,MC,a3cbdae7-2e20-41e8-82a3-90469d983f6b
e0ce5316-15fd-4ec6-9224-666422d656e0,AmEx,10d99cd5-5826-4636-9bc1-81ef6146c974
7643f18e-0f23-4800-84a3-f5b806583d64,VISA,7b11f1f9-9ca3-4ba0-9376-b04009d14cce
eddad97f-932f-43dd-a91a-4ffcc249990a,AmEx,d92c518b-556a-4e38-b1aa-d324f4e426b4
3fdbe306-1f10-4124-96d0-513a7084bcdf,MC,03421ee4-513a-4145-8c83-7b374a7c62a8
8cf56948-db09-4f2a-b9c5-8c377a68ad48,AmEx,cd2a327f-6da4-4da4-917c-4c4f89fe3b62
c1722cf4-4e3e-43a1-86a5-5cae166d955f,VISA,0fe56c02-c713-4a08-a4ec-54ca367bcc2a
f6cda4aa-e938-417d-b9ae-fac1ce0f0e32,VISA,b4f72d19-94b7-47df-bf0a-ac2d2ab2678c
1536b997-7012-4d85-ae26-63e42b3a325d,MC,02e15453-9d12-4d9c-a30b-936515ab432c
9ae76cee-4376-464d-8d71-42d24664208e,VISA,024bd616-7e2a-44d5-9ac1-e83f408dd5d9
3667220c-1330-49be-892b-7e6cdf6ba1cf,AmEx,e46624fb-e948-4d0d-a0e9-7e4b308d617d
9a447a9e-1b51-4afa-92a3-b9d170d8b1cb,VISA,c153afb6-cd18-4e66-8167-22f07d8e9a06
f03d4dbf-0d1a-4880-91bc-9b9ef2ac6fa9,VISA,0c47fce5-ab42-4cca-b4f8-b9a8d6abbe88
80258434-3935-446b-b0b8-395f8897ecba,Discover,706b57a8-d949-4c2e-a230-0cae209b5c1f
6679fb77-b51c-4c5a-8932-e4926a3ba0fb,MC,96db1302-a3fb-41fa-884e-814ed97655c3
1d44bddc-bb60-4fd9-9fff-494819370edb,AmEx,6cf70020-1665-4c17-b0c1-f3ce13ec1a84
5eb6b6bc-d0dd-4228-882f-f5f5f662772f,AmEx,a5194ca6-0009-46aa-bec8-46461835387d
0474173f-a509-462f-9fd8-92b5689a7517,MC,6a88834c-4463-4606-9214-fa91a21d56d0
160d13e6-eb24-4de2-b12b-2a053b18eda7,VISA,5d52f86d-fbbd-4714-9cbc-7c01fb251eb6
493a6149-e050-457c-b237-d3c990c19e3e,AmEx,65f6ef44-a086-48e7-8562-b3b9cf011335
80d5cfe0-262a-4419-a642-6dfc465bfb21,VISA,b94d425e-f50a-4a6e-ba64-0df71f0762ff
38c0f81e-5779-4df6-a107-dbfbe4ff44f3,MC,5bfc2f59-f718-4b54-ab37-c7989b0b3a97
156b5e6a-0723-48ab-b5f0-a095a10d4921,AmEx,bd77acb0-27c9-49d4-92b9-17b4fad27e87
442e17c9-7d59-4ef2-a5fe-030dd87a6315,MC,19721e62-70ed-4647-a86b-fea852d2e35b
ae7741c4-2d1b-4a0b-8d91-e8d3501fcd52,VISA,2da1fe92-e270-4f45-be83-05f7ad578912
de6bd65b-4ed7-4701-bb89-104367c80e80,MC,462529f1-be65-45ba-bb10-3bcf7088b3ea
bebba544-b544-4311-bf4c-901238cc9e85,VISA,b6f2db9b-16e0-4ccc-946c-8435dd94eb9f
a31ca0bc-3ad0-4ac3-a8c9-c0634cdf5cdc,VISA,1f5ae6d1-a696-4dd5-a2c2-175b69ab3f6a
f3b5fe9f-5f7e-430a-9476-360b8e2c17ac,PayPal,45eec3ce-33fe-4f12-b5a8-616fb2107b9d
0ec6da35-749f-492f-bd16-7e8b800bef61,MC,0f7974d0-a764-4b97-b91c-dabef86d56aa
83a371fa-2ea8-40f1-8df2-3bb1f18ab23c,PayPal,4e445b45-2a34-44b4-b933-7010482c1a55
906cbd76-8847-4236-bfc5-f781686a7ed1,MC,47cd35e0-1da2-418d-aef1-1e23a00e2700
8ed06f82-83b9-4d59-ad52-45f926773582,VISA,e7ec8402-ec88-47e4-a55c-f793da7b06c7
613939a1-bb8f-4b89-818f-a8af067ddebe,AmEx,1dfd308e-1231-460e-acb3-de97a55638e0
d4ae25d9-cae0-48e6-a14f-e239dcdd939d,AmEx,3345657e-9ae3-4f7b-8952-52a84cd37752
49412211-016c-4ae0-a7d2-d4ebc2a04aa8,MC,dd94f0fc-7893-4b9d-82b0-46e1a248cccb
cf3207c2-1d2f-4d15-9f41-39c46c847eb3,VISA,cd7ad656-dfb1-4104-8619-f64d1ba4d121
c650aacb-6edc-4dd2-b3ec-655eeb121ddd,VISA,947df937-2322-4f97-8cd8-efd085fbb2f1
3760d511-12d8-4e2a-810a-5767a635dbd2,VISA,a3b30b07-1395-42f7-92f6-102dc36586a5
5013914e-cbcb-4e80-a826-4bde7d14f2cb,VISA,7a62c957-2ebc-44bd-9158-cc6f6d966238
f054cc8f-b89a-46f6-8660-5c75485d6acf,VISA,040b580b-2b7d-4c76-9199-864e9bec2a28
28e0ecca-44ea-42f7-a2dd-2678190b982f,VISA,954ee241-0d6b-4df5-8cff-e0a861f8b3fd
8ce3a51f-863c-4f08-8dd3-7ac73e735eaf,PayPal,22928704-0221-4c8d-b8d6-ff566cc237cf
67294928-8fc1-4af8-a824-ad86fce5a2d3,AmEx,52d2253d-6048-4ecd-9af3-62fe621abf1c
84e429d4-fbac-4c5a-9ed7-7e85b3441e16,MC,edbaa64c-f2ea-4850-a04c-e325a4968a38
04c2792d-c853-429a-aa19-2b7975b449b1,MC,0cce2326-896a-4af8-93e4-2ddac23e2002
23fe3d1f-92d4-4be8-bb7d-371ebb4d4006,AmEx,4dcda315-ce20-4f93-a5be-0e186a054894
f0a397f1-a76a-408a-95bc-628c4b49150a,VISA,7e52634f-051b-4bce-84a0-dda6fee9e4cb
ca61671c-4a4e-45a7-829c-d400f981f849,MC,d03dcc95-f4be-4b81-bd5f-31fd764d8141
7287d537-a95a-4be2-a726-6e22d6ec569f,VISA,c8683fc2-0302-4708-aa9c-c1755936ed69
3193aa87-a900-4002-94a5-7596d5e49468,VISA,38e29909-a7b5-497b-8b9a-67cd66f5fda6
de223dd1-a031-49e6-833a-f9b83100ea4c,MC,3c1013f2-8755-4fc7-85de-9e39b720ca27
2707a5ab-81d8-4708-abb8-8509a9acf41b,VISA,d152a5bc-0cae-400d-a292-79c2a8bd603e
54802e14-2871-4740-9174-f927e19bf5d7,PayPal,58178489-a372-4c27-aa53-475bab827632
6936922c-3379-4be7-9bff-7615440d47e5,VISA,d693290b-63bb-4879-9d0b-c85425a35d21
1f8a07f1-5442-4f5b-9657-488b4c31616d,VISA,7f651264-9471-489f-9ea6-c882b2cc6b33
1da57108-a22b-4952-aeb6-d07adea25dc6,PayPal,5019b535-eee3-4c6d-b3de-20d47924e6f0
9d6308fb-afa3-4cf5-b0b3-a6bcb0e89bf7,AmEx,79f69470-3ea2-4124-a559-d2229e4b5bf2
f88e0001-da59-464f-9e78-a2647c74b279,VISA,3240e447-f6fd-4eb9-980f-97f1d8129d58
cade9003-3a4c-478c-8a8a-5692e7634f67,PayPal,450d441c-d59b-4ec1-aac9-4669b93bb462
640d7fab-caf0-4b5a-a1ce-44a30c53e699,Discover,57f2dcaa-87fe-484c-8005-f059a26b7691
7fa29c1d-ae11-4043-873b-d2e8e11145b7,VISA,0ae47529-7b84-4a9d-a523-419407f3a7e1
e8136764-613c-4cf8-88c1-02db850765ed,MC,ae8fa5e1-3ba6-4b01-a4c6-5b24803f7131
f4ac7433-8903-4013-9f76-695690e7e0ac,PayPal,bb746131-9fd8-4a0e-b263-4a479ed7957b
9079173a-7343-42f6-9a0f-e69d6ec964c0,AmEx,0b28dcce-f30f-4996-94e6-7e597886a4fa
0f8cb0e4-0b38-4eec-83f6-41e4300e5a3e,VISA,841654a1-4466-4004-9da0-1bac66690faf
d224fb96-7fa0-4f91-a36f-4af4ce80180c,VISA,1fb8c6ae-6750-436e-a226-9ed75a54c9c9
00ea4663-6308-4485-8468-d093f582c5f6,VISA,6a8106b5-ac83-4f62-9c05-5aa64877f9f1
e073dfca-9864-484a-adcb-1aef00a6e1f4,VISA,4cf0485c-56b1-47ac-9e52-88961f021f2f
b6c972dc-153a-4fd2-875e-761f0aa6be53,MC,5ac6432a-e8b1-4ea8-a100-39a4021cfbe8
462fbfed-ddc4-40c5-a802-f2bfb65718cd,MC,98573264-1c5c-4506-b84f-6aeebaae3ddf
02d0726e-df76-453f-a01b-56b54f79fe83,VISA,6c33e332-b373-49f0-ac59-3b743ff5673b
422bd823-ab98-4d69-9cf5-eb63810bb9e4,MC,00156c1c-6dba-4b3d-b089-4011f6e935c2
e949fe78-a433-408f-97d2-1ba36409da24,MC,e7f53776-3405-436d-b26d-23dc3a76dc6f
d072f471-de46-45b1-87bc-8a142e03c8a2,MC,fd06770e-7104-427c-aa94-9148472d92ef
e6bec36d-338d-45a9-808e-55bb8fd0da3c,VISA,99a41a0c-e909-4203-b56c-734c1f761c5c
e02a05c6-dddf-4f3e-b622-3e3d95905f81,MC,7a3c8bf8-8271-4f6b-b178-bf993424a114
47c826d5-ebf3-4d60-b507-2a096766047c,Discover,bbb6b5bb-a309-44d5-95c4-a31f20b03678
0ff55932-a7b9-4281-bd4b-b8f5bb9389e9,MC,9511d9b7-5889-47ce-a7a7-17439a1aa995
1bc119ba-500b-4509-a2af-09f9b84c898f,MC,91d70000-6b49-44bc-9ae4-610b4e52de39
a7be2d31-fe0a-40da-890e-1b82534d34e2,VISA,b976ee78-fca1-40ca-b7bd-9bd1e32f3b95
9305d5c0-5373-4842-8c85-bbf79bfe0a84,PayPal,dc26d8df-9db7-4cb0-a8cd-45e0f26528e3
5f3ff057-a4d1-43e3-a851-ffe3c5f8069d,Discover,60485e36-7de4-469c-b065-cbd790342442
4612e70c-4b85-49ae-bd97-83046167983f,Discover,09175bd0-3f36-4c91-ba34-192c00c32a29
2ad98ebf-2c16-430d-b91f-2e9cdfafc3de,AmEx,72a9a2b4-fa2e-4214-af23-5243ccf344aa
a5f928bb-fae6-456d-8802-513780d5961d,MC,7ac0b8ca-731a-44fc-a836-2766ee9095bd
3e974065-a07e-4ddc-89e5-7e6de6e42aae,PayPal,2d920316-5465-4d33-9b57-c7953b72d46b
35f2a8a9-b7eb-4621-851a-2d01007c3fbe,AmEx,e460538e-7b28-46f7-a709-40f90d809e5c
5ea036b9-d18a-4b9c-ad54-6f2a1f4ab462,AmEx,c7253453-77fa-408b-83de-b21ff8cce343
ac75b14c-8c55-453c-9d69-c016abe73d4d,AmEx,8155afeb-7af2-4e2f-bcdb-e4de422cf804
5c304dbb-405b-4097-a5c6-123328b42ee9,VISA,f8062c13-d5b2-4eaa-a67c-891d1503e759
b5028b40-e372-4190-b678-4b35e8232270,MC,28d63b29-2e04-4e78-a937-d5b9e812b183
ffc53a91-948b-48c7-863f-469c1d3cbc59,VISA,abd00872-ae69-4d3a-b09e-6433999fd359
98827321-12a6-47a1-a36d-664fccab99d2,MC,90587ffc-ddca-46ee-aceb-cf52d438d64e
be80bf70-ccd2-4ba0-8172-3f045d1f4204,VISA,7a8bfa7c-3cf4-4477-8a24-1a7d5cbdc82e
c70f9c4a-288b-4cfe-86f3-22c16e22cf60,VISA,18a37c83-06c6-4383-82f1-b06644069bae
0d76b55c-2466-45e6-9e57-9e2e34a0a0c6,VISA,a6b8bdc6-9098-4dc6-939d-7d32591ae1c1
fe8622d8-4974-4c94-8319-efb7388719ab,Discover,895ec0ea-88df-4587-a82b-ce722f9b7f5d
2bacbe6d-2b05-4935-bd44-7160e5b4604f,PayPal,e453b7f8-386e-4743-83b5-ab78b624d5c3
077d0035-b447-42b2-8121-e0dcd6141b7f,VISA,b71bd6ff-0a2a-4a9e-9b20-0f7303f9ca9a
e81d7c94-a550-483b-9f76-498cdf068d49,VISA,9abb15b9-133a-4fce-9503-a70567754917
b00eacf1-f5cd-45b0-913f-2dd5147dc8f7,Discover,27cf0537-3302-4887-a1fc-4fe308096fe0
81481e96-4a2e-4bee-9195-41f424487db3,VISA,0ff049f4-353c-4b0e-b1a8-29d8206c15da
264462e6-5017-42b3-a9c7-aade6d550c8f,MC,878bcaa3-7bd2-40e2-94cc-f573ffd0ec3b
bcf82a12-b116-48c1-8ee8-9fe987006a33,AmEx,5dd7a377-7db0-41b3-89da-b4d850b0371e
6dd4aa68-5611-4555-a801-bdb59316d4df,PayPal,3ef218bb-a481-4651-b31c-bfd0e7301413
74cc6d11-0de2-4c5e-a314-646bcc9e8c98,MC,2ad7ea70-a8a8-4ae7-bffb-07ddf074505d
9e031e2c-8a9d-4e4c-823d-d8ba68028fc6,Discover,aef190dd-5379-4625-a71c-c0bb46bfb01b
d8aa1d52-cd1d-43c6-a9ca-c08b8f414e5c,MC,76a50b9d-25ab-476e-8a98-fff7f9406987
83a648bd-fa55-4bd7-a936-880cdd14aebc,VISA,4ac20088-3fcc-49fe-b2d5-ec2d6e03e15b
30d5523a-bd15-4074-b9de-07a280c82606,VISA,e9844d4f-8a8d-429c-abac-1fdab0fbabce
d2c52f48-332a-4853-ae53-9d3f17e5853c,AmEx,38ff73d2-7253-4105-89fb-bb18aba11a6d
7353f62d-109f-433f-ad9b-46e09dbc3a3c,VISA,34c3ebbd-be77-46f6-8dc1-74e354527827
b9e58031-1703-4efb-8cb1-bfd9d0b21af5,VISA,9404c8f1-6cc6-4c2e-8147-aa2bad031589
9cf1ab2c-e7c8-4ec5-9a50-e3ce084dc760,MC,c49fd52d-5c5f-47e0-a9d2-c1c6017e3ae5
54b4ad53-db07-45ad-ae55-b757ab0e5059,MC,30606435-a821-4067-88d9-859b7f78e6e2
27d3dca4-132e-4ba4-83fb-a39d9459ac13,PayPal,c11437e1-bd9e-42e3-9d7d-3ad1009a9884
ffddaf9c-2dc5-42ad-a396-ebe23da73ab0,MC,a317a6cc-deff-497b-bbc2-032886e79141
c35741a7-8ee3-4a71-9460-9e0e25cf87c7,PayPal,7b7927c4-54b6-4347-a1aa-b040c4053b59
f675f400-da51-4b9b-ad1c-13789d91cb79,VISA,07e2e7cc-e024-4a1e-bc9e-ce1fa0737dc2
fc8c9691-85ac-4eb9-a08e-1d44f6602f2c,Discover,52d5661b-3f7f-45c0-9b8f-e07ac04e9c25
c3696ac3-d100-4a24-a834-9fa82ac624fa,VISA,cf442422-42b8-4194-90d3-1b11d8d4a05b
81e77d3b-cbef-4b75-9cbe-6181c38a8eaf,VISA,1a8f1d8b-4830-4b0a-bfe7-25b13914c9ca
b4db671c-d219-47de-ba0a-be98f5c5857d,VISA,db2486f7-b512-4fc9-a591-f00413acc6d3
747de9db-c4ac-45e5-a64d-19467483a0ec,MC,81117b69-bee3-463b-9f4a-08211b5db942
f0c62ddf-bd93-42fc-9ed6-df2026009ee0,Discover,de104e5c-f8cb-4655-a63a-65487fc90806
66f1d9d5-9be8-4419-b774-5769dc9649b6,VISA,f96a5395-e668-42ac-966b-261b2b056009
e10d498b-c6fe-4559-ba7a-bf5c62a92e66,PayPal,cdae393d-7b82-4e54-b6f4-11fd141b50ab
37f5d72a-c216-4eef-82de-7e323c863e8f,MC,6f88df14-5de2-40b5-80d5-1ab76eba2b99
c3dc64d6-f45f-4fd2-ba35-983427d104ca,AmEx,402c70b2-fa9a-4032-ac5f-379b3df95697
9f75333c-755d-4606-83df-ade4a0c227ef,AmEx,fbf9ab7a-4718-44ca-9a91-582c06fda835
1cb33d2c-397e-4069-80d5-f801efb622c8,AmEx,956a7e5b-2738-4bbe-96c5-4939b9c06fd4
ad22ed69-4fb3-427c-8a7e-a91a4488264b,AmEx,3629ed99-9b88-4cb7-bc99-6606b4b75246
ac228752-a86e-4e49-a6d2-932c925ec667,VISA,4f907da3-cf5a-44b3-80d8-d5a093d287bc
b116a0b1-685e-4a23-8fb6-ad30a7c50025,PayPal,adc969ea-7059-4287-a085-429303e4ddb5
13cfbb4d-4590-4cf6-929e-7f4fccc2259c,VISA,d09d256d-5652-4709-bc59-49e3e61b9fff
ffabb769-740e-40e3-85db-103a7e0b46c6,MC,2f22f609-b22f-4ed5-8981-8ce0f0ff44eb
f0345678-b58c-4192-b0a5-a1a6afa69cb4,VISA,f67a21b5-3df2-415c-9482-658d3f7c0076
c9d6c597-ee8d-4679-a010-50fdeb591d2d,MC,f12824b6-da97-4276-9b15-4bb676389430
b86bc6e9-418f-4288-a176-cf49d4d2e543,Discover,9e77e2a2-431f-4fa0-a147-777f0374607b
d9470259-7cc4-4f7b-a6a2-0b1ca25643db,AmEx,9b921169-b1d5-4b40-8a3f-17b4c6bebeb0
cdacd457-2d99-4b5e-85a2-0340ed0f2bf9,VISA,0de50d77-a675-4a8d-81cf-06f34f4a5890
82d07b72-dd4c-40f3-8315-ebf1612f95e1,VISA,bec1a0e5-7403-420b-a86f-fb4e6ac266ef
f491422f-b934-4938-8954-ee44b280a087,MC,1698690c-97b9-451b-b99c-82eb6611f88e
1e94deef-17b5-48a2-9429-4e4c2d6eadb5,MC,9680ff71-3857-469f-8924-41987ca1a7e0
09670ebc-075b-4938-b053-47d7bc6896e0,VISA,82dc94d7-f54f-479b-95e6-a3d8ef9f94f1
37344e70-7a48-4ba7-a923-faac02a0a558,AmEx,ae46d7aa-80a4-4e71-84f9-73f5b2ebf80c
3a71c3b0-9c6a-4057-93b0-e17bab4488d5,MC,bd7341aa-71d8-4491-8ffe-b649a7ceea89
5c3c66aa-76a2-432c-b36c-4229be2e3b9d,MC,8ab26a4c-deba-421b-80a5-9d60112fabcd
c0b6a996-c2ec-40b7-b654-7762d0a98806,Discover,e7a4a9f8-b618-43de-8113-b57503f4b874
cc60f02e-78fd-4afe-ba4e-55c0695c6c51,VISA,39e2cca4-6515-4f92-a645-6635af54b3e2
9709da0c-8861-45c7-a17e-87bcf1860f4e,PayPal,a3901f54-a5ef-4001-bff9-f5c6ac42e6c4
cb830680-85ec-440c-a144-b03fe39b98e7,MC,e3180753-949c-43c4-b26a-ee62c2b9fe2a
ac17e7eb-0f4e-4963-a664-aba3f9083046,VISA,d041dc1b-e12d-4893-9997-a7664d376bad
ca9a9595-4a16-4e4d-833f-8c52bafc8233,MC,ea642dda-3df2-4153-aea3-c3ec602b6253
2a6852eb-eede-4853-a04a-2e2d8337d297,VISA,da636c9d-3186-475c-b293-0703adeb2958
cd7ddfc0-6a6d-4a4d-af16-58239ba4f629,PayPal,b7fedcd1-9c76-45ae-8564-b88eafd35814
6846db8e-07a0-4397-8122-69f3cbffb8ad,Discover,5a57016f-489a-4869-8587-b442eaab73fc
4de2970a-4a66-45b0-8c6c-d059eb1ad7d7,VISA,062612e6-6730-4e57-b155-88fd1bb0f03b
3707a4ec-1296-4c8f-ae4c-b88b76c36a6a,VISA,2bb84ee3-04ef-4b9b-906d-6563cdba3bd8
02844155-0be9-479f-813f-e48d32a7ba4a,VISA,8b3fa500-2037-4b12-9a4f-f3b4eb5b204e
ce4a3a48-9220-468d-a5cf-013bc1654876,VISA,21db7c4b-7ab6-4c95-9530-65ab53287519
b5c84952-c844-4115-a998-d174162abe3f,PayPal,0a60da5a-b679-462d-bf6b-013b02bb9edf
374c662d-4803-4e61-8410-3c541ec89a29,Discover,45b325cc-b93c-407c-9a25-1e026b22bb80
473ea0c1-1277-4162-821a-9a77c4388ef5,AmEx,573ff102-bb6b-47fa-baca-4dd5973fe5c7
0252e585-7ad6-4065-9d48-93fd896ddef6,Discover,5514fb0e-db25-4feb-9306-d53cbfce72c1
330b98e5-a461-4b1c-a8c4-793358d5bc19,MC,42cfb55c-b249-4d15-b8fc-138111ef59eb
00e93d5d-0468-4c50-ad20-77dc8c23254e,VISA,43e74b79-0838-4259-a81f-796a270d2440
43a1bdfa-2972-4ccd-abe6-8572a3079811,VISA,00616730-7fbf-4b43-8074-0b5732f329bb
19cf3a1a-3c9f-4e4b-bfd9-c021309b0bcc,AmEx,99055517-8ab8-461a-9300-55aad4420edb
36b628bb-be90-41fc-a373-9a5857e94749,MC,7a52ab10-043f-4d92-9c06-b6fb2152a7df
d549e858-d4a1-43f3-bef0-343efdec2ca3,MC,b4100665-8d73-46ee-917f-6abc3e25c60b
714f944c-cfbd-4821-aae3-8ba828792610,MC,5cc97d61-fac2-49e0-97cd-ab236946c8fc
28b3427a-c09e-46f2-8723-674722f727a8,Discover,75517801-fa55-4851-a618-023597105768
7cf60575-ab30-4a87-ac71-2880f3969918,VISA,3d386bac-8196-4a80-9700-d0cc5700c490
29c93390-434f-4c88-8784-693e2531c113,VISA,e24b0ce1-0d79-44c5-94a5-736c196b9464
71a8c7d1-68f1-4d1d-92fd-c628b8550962,MC,0b2588a7-921f-48a2-aaf3-dcd2e92e03da
144fb3af-d90f-461f-939b-76d944f6eaf5,MC,8031a7cc-520a-453d-a038-fe9930a06584
c09b6e44-779d-4c0a-8750-e1ba8c9b0c42,AmEx,83dc4a3c-6830-41fa-9e9d-71f368f6ff6c
edf049e1-4d2b-4996-8f2a-f07a5d216115,PayPal,dbc09ad8-3717-4c57-b603-d7b31def4506
04d6be0d-75ec-465e-a00a-12f7ef991807,PayPal,5bfe69c8-2369-4e3e-8a7e-8478c0702063
daaedbdc-8246-46cb-bfdf-161e0f3599ca,AmEx,824e86ae-3664-48aa-b647-0dccdbff9188
35a919e1-61da-4cae-b789-864195087bd3,MC,e3024305-586b-497b-af41-a2cc9566f8d3
ddba4a1f-18df-4061-b45a-15d323e6cb74,Discover,da0a622f-d76b-4b78-9f42-234021f5378a
ded76115-481b-4f05-b2f4-2499f409322a,AmEx,e5a688ce-3acd-42c6-94d1-a53e4622f001
42c9ce82-9d2a-475a-87f9-7c79a9cde8c2,VISA,c14f94fd-40f4-40f4-ad23-9870f607fabe
da782ade-3f67-413f-b3b5-fa56f1a4f05d,AmEx,1abecf79-16ed-4908-87d5-2c1698caa83d
05581f05-bb25-4045-bfd0-e4df16f8a0f8,VISA,2841545a-11e1-4691-9b80-7857d882ef37
cfbb2477-7f25-448e-9d5d-c3d4c72281a9,MC,60115a4d-ede2-4709-8f15-9c27ce6a0e6c
9647ab28-81c3-43c3-82d4-e9b9cb333643,MC,071b186f-c1f7-44a3-a87c-236e9ceb58aa
1121143c-5879-45b0-b88e-593c1c31171f,PayPal,1a4f2533-9476-4c7b-8401-407d7ddd161d
2b155cf8-c6ba-4b9c-8bd4-48b349227c47,Discover,3278883f-5830-4dab-b53a-49fcc6d7bbdb
2f9650e8-2e98-48ca-a079-b8ef79e8925b,PayPal,a6d5ee4d-1250-4aaa-8563-d055f4926f44
e2e3bc6b-f1ff-45c0-a090-da711dd71fee,Discover,44080fa8-ab43-47dd-a5a3-108bd3c6e9d0
d46acee4-2479-4544-ae84-e2121e250e76,PayPal,1bb2f6a5-caa8-41f9-a2a2-a5c227873276
2104cbd2-a5f3-4009-a698-824bd47d9667,VISA,2f3c9482-ca17-4f1a-a810-123aa516b4e8
778d1ac9-3a80-4c53-8137-72d2a6299bfd,PayPal,8fa10cf4-6315-4d8d-8b0c-a5c7f08926ed
16ce08c2-5756-4cf8-992c-11841081404e,AmEx,0713639d-242f-422d-9e41-fdcc9fec2b3d
b21d409a-b82b-4434-87c4-32a9540e6c48,MC,f437c9ce-811c-47c7-8392-4dc241e88f53
d6b21fef-d801-4b3e-a35c-b2874dad1add,MC,a13a4dd6-3130-4f83-bb0f-7c3c6216f973
6d84f447-d619-41f0-831d-92c31e4243b1,VISA,4b908b0f-d3c4-4619-a69d-cd9aa307ee4e
61c72e9e-fe98-4031-be81-4ed8ce068194,AmEx,c463d684-ba85-4fbf-b382-861aca779b36
e5f4116b-fe02-4950-bb1b-b418fd5a0a7a,MC,0476ace6-fada-47b7-bc7e-47e355ad3b72
2e32d575-d6b3-448a-96f1-bff00032574e,VISA,598e0cba-9d37-4451-a9be-1c3126e26867
c97e43e4-0d78-4324-bd02-92cea7970c5a,MC,9579f355-a97b-4c15-b83f-e5ed4c32d110
9d413dd0-6568-49f9-9465-fd8ab4736e0e,AmEx,44d63967-2580-472c-b089-61b94d6756a5
6b64346a-58b7-424b-b374-06a04f6fff71,VISA,2a787045-72a0-4ba3-9399-631910b6df85
cacd55ab-c9aa-4b9a-a27d-4b31080be563,PayPal,9960c648-8e89-4330-a7da-826bff84acdb
7c80a3ff-aa24-4f11-a4ad-2735890b5326,PayPal,e53c70a5-e986-4976-b57f-7cdbc91115b4
79587af4-77a5-40c7-afd2-02d2ca12acdf,VISA,ba003c78-5f89-4bbc-a159-1d2a23b0d780
824b836f-7323-4ab7-9d3e-541bb61d88ac,VISA,5b8a8444-359c-4790-bceb-1d8e99e42246
f3d42a0d-079b-47dc-bb0d-f188a0406e35,MC,5d79db80-a2a2-430a-ad7a-cc57ae04f7de
29588bea-df2b-45b1-abfc-0961ed536e64,VISA,ca030980-70fb-42ba-bb47-3b8210e0d265
4c2a0fb9-8439-4642-8551-852d92c4f99d,MC,e276e510-5b16-486a-865f-7b7a07050d33
0013ef03-9f5c-49e3-b00d-dcaf63c59360,VISA,55e9e7b4-60a9-44bf-9ac1-a5bb7b3627cb
ac70c21a-e9aa-492a-a1a8-0401cc5afb79,VISA,92d23345-e2e1-4882-b17c-a819bd5b1ba1
794fd203-a1ee-4dc6-ab45-f468d9267fd1,VISA,2fd5aab9-bc61-4757-9898-a98a0b940a71
b7f7fd11-3dfb-40d2-9fb6-c67ecf6f4051,MC,7e60fde9-f8d6-4a72-8cdb-5ab37ba104e1
dfa3bf62-6d05-4936-805a-317f2de10821,VISA,1032dbb5-fda6-4b77-ac95-d1b46b462922
c91dcb90-64b4-465e-9085-2d1b66f1cbca,VISA,aa2b8caf-0ebd-42fc-b29a-e6447b939272
a9ead04c-f1d1-4da6-998c-3e26e1e00a17,AmEx,947043f3-9b1b-4fbf-b199-8d8cd53ea2a6
c228c821-db6a-4bb6-afe5-472cb1f96783,VISA,c2325f27-1ca3-4ca6-b14b-1c3592dca738
da32b239-78a7-401b-910d-3f7d585f5363,PayPal,70c9c496-a427-4cd1-9f96-b337c61ac6f5
08ea78e8-134b-4cb6-8682-ddeef56bb48d,AmEx,c535c5ef-a116-48ef-9111-7962187626fb
276af3a6-84c0-4a64-839a-51fbc0fa0c18,VISA,c44f49e3-e947-4a28-8d78-206586dce846
6021a485-9135-44c0-9c0f-237906ece02a,MC,502800ca-b4d6-4d26-a2a6-7f2a662ee833
06c38884-bde6-4bf3-a176-595951f0abc0,VISA,424cbeae-bdf1-4f7b-a456-072e4ca3f212
1912bbeb-7809-475b-91d1-054321460856,MC,e4e37311-68b4-4ff0-9399-75dcbfb47469
a309482b-78ff-4a6b-a293-fa656e0b883e,Discover,38b8dd88-ffe7-4bbb-ba50-180bd53a51a9
d893a70c-0bb9-446b-a777-28b83a5e6b9b,AmEx,06fcbf89-e379-4f1b-9af9-f16fa8d10703
1c0f673e-c6c8-4624-92c1-3d8e10501d72,AmEx,cd9fc29e-e040-4e4b-9f42-6d44cd784eae
35e9c932-3b44-46fe-9004-90d6da3f01bc,MC,cb900bd7-adb1-46e9-a9f5-d947acdde2de
170917e7-7d25-4a99-94d4-1a2973b91ab1,PayPal,aae39051-3db6-430a-8f27-443f0160fda3
635ae4a4-f7bb-41e5-8e71-d0a506c95acd,MC,84b387ab-0174-4dc0-9ae6-0a531c8f3ada
99625c43-fa72-4bc9-bc7c-97dce5ed4f97,MC,07b4d372-8d8c-474a-adc8-29c120d596d2
be3e51ec-2e74-459b-b20a-777a0ddd65e7,PayPal,a78a8241-34da-4911-80e8-f3cb9ad73828
3a0729b5-f6bf-4e32-842e-2c4886959241,VISA,bc9a0926-d4ba-4e4b-a61b-7382a479b12e
8978cab2-e078-4d72-9b2a-a4de04be539b,VISA,5ff0b7c3-dcb6-4409-bf8b-04351acd06bc
0fcb568f-089c-4ecd-86df-98bd37b061d9,MC,35f8a7ad-2353-496e-be3c-3b744d9b65f5
19e0be86-2c5b-4841-8ae8-61d6d58fa6ac,MC,84bbd94b-f955-41ed-8327-d23d621ce2a7
ee62438e-4f8a-4a58-b4af-39a4c7859529,VISA,34b0d1ae-1e4e-414b-aba9-90b5cd31b844
981769c3-a4c1-401d-8912-8a3995e37219,MC,8692e896-f973-418a-abc9-f6efa72da062
2368dc59-d426-471c-b741-7997a776b4a3,AmEx,d86c6f1f-667a-44c4-b8bf-09e3e8e98ea5
51d43125-314c-4e1c-a791-3ea8fbbb764f,VISA,5aac2b5c-c5bf-4c7f-891e-e83e90429c68
65625bf4-3b98-408b-8367-d3d6937bf31f,VISA,e00b84cc-e111-4f08-bb33-18b4e1083c32
e0d0b3f9-595e-44d6-ab15-aab0482bd485,MC,c6cd250a-e75e-45b9-841a-c429847e1928
fd7375c5-f5e5-4968-ade6-e15181e5e0c5,MC,30e22d0f-88ce-4fb0-80d7-01d3165bbac8
1205061a-f3f0-418a-adb6-975bed72d193,VISA,a5817d17-8b32-4780-92de-f8440759d1ba
3f8704f6-161e-42a0-86fc-5a4020440b67,MC,abeb2aa0-20e7-4411-ae6a-26fb7f142112
eedda380-c60e-4fe0-a9ce-d30abc11022a,AmEx,b8d1fb73-da05-4723-af74-f1643d48f638
9554847d-09ec-4261-b74f-1470c09a6c80,PayPal,26ce2bf1-8e1d-4ec3-aed3-4f57b2f6a25a
4307572c-ef11-44c8-9377-94ad1397b5db,AmEx,6d9ee3bb-0902-4f3d-bc7e-1289990001b1
f989b5bd-8428-446f-9c14-0355f1ca5196,VISA,b00a1c5d-e676-457f-a150-c76ab35478d2
7ea87e9a-b55a-43d7-9b21-225ee2daf4ad,MC,b3122c69-0b80-4dd2-b409-b939811a0c83
4c980b53-42af-4e9c-ab04-58e9e52bdcd8,MC,76548070-b7c2-4893-ae4c-0b00ca477625
584ff4ad-38cd-444d-a5b0-845592b57aec,MC,061d7360-3f45-4213-9c6c-b4b1d36c2d3c
2a8afc62-fdd1-4dfd-ab11-dbea486395f0,PayPal,35b51e09-9645-41b9-b6ae-157031735508
14761143-f3f2-4209-9d9a-22ade8554c6f,VISA,c264040c-a47e-4a8e-9d5a-3234f98b7c9e
7018e0ab-4521-45de-a4f7-939004b94b4a,MC,a92052a9-5078-4645-a2de-2c3e4dc91f25
cb502995-b279-43b5-b02b-cf236e0a0210,VISA,187a4d71-d1db-4f8b-924f-2c18ac6acdad
e693d9de-ecad-4431-a4d1-1b4d097e99ea,VISA,283ace53-3e55-4e45-accc-78b88ec9f6bb
032c90ba-4ad6-495c-abc3-65c166fc81e3,VISA,e4605e74-2f54-45bb-9d5d-b3f8e96749cf
26b4604a-9c9c-4355-9962-1f2c5b9f3e53,VISA,fb7cb254-9f87-4686-b609-388b8e13d4ec
5292e2eb-bfcd-4bdb-9325-9c0c621ec003,AmEx,836a5d67-0945-4fc8-9462-af3c9ccdde36
4d625cd0-4172-426c-a6e2-5080f8465247,VISA,b5010ce8-f3fb-4d9b-a7bc-1bc85281d566
64a47dd2-5933-4d15-a447-ddb803f79c71,PayPal,c63285fe-db8e-4bee-b04f-56750a11610a
64b0c490-6b8f-473f-96ec-a0b1c656b94d,VISA,43ffa6ea-28f2-4116-843d-125936a0e0b0
4cc61811-4a10-489c-82a5-1e0be655dc83,PayPal,7269c69d-c798-4dd9-aeb2-f0e8f6bbddac
4e55bd84-d1ec-46ae-93c2-39daca108402,VISA,730d1580-d5c3-4a43-84bd-d1ce60d9261f
c1353643-c4fb-4e11-8ada-d999bc7bda15,AmEx,41c8f2fd-4be5-47af-ae5b-05112b5f4041
9a47ff33-f731-404d-a910-42075995dddf,VISA,5d8bf9e1-2524-46d5-b37c-9e63094e1ebe
98bd2455-78a1-4a3a-af2d-294ff411a2db,MC,732c10ce-da5c-4d14-b29c-600e141e28f7
939dc891-5dc8-43e5-9ca6-6694087838f7,AmEx,cccaec02-5f6f-4c96-90d2-ee207b215020
71b66b15-d2e4-4c37-89cb-07d3df4c2ea2,MC,27156962-5c3b-4d67-80ae-c213ddd65b51
c0f5d421-c7b4-4782-bc9d-5ac14d6ac8c8,VISA,586b4475-5065-4e05-bd1e-8e6844121ce9
73f5aa43-26ff-40d8-90c8-481f18adce36,VISA,466372cf-0bb9-422c-8382-2b001fa56955
d4097575-eea3-46df-99ab-c948708769ca,MC,d0d4b7c1-6a09-4e23-8153-369f1b27ab73
d339adfb-d190-4131-b103-d94a523abea3,VISA,7876f285-b798-42e6-b16c-d1cf186b85d8
90b0010b-4c96-4fe5-a6ab-86279e1dd4c3,PayPal,e3e6821e-4868-4a12-91e4-8ab184db0a18
5e91a0b1-b83d-4be3-a699-702f265bbf09,VISA,5873a4dd-a34a-4ca4-8531-481386294516
1a66d730-9781-4229-b4d6-4ee22a448d3b,Discover,6391e12d-2252-4fc3-879c-1903cf8f0336
555764be-81f8-4672-b137-43c3c974ff0d,AmEx,bc3f0a23-2ecc-4db6-8c9d-459d5dacf18b
fee24af0-1b26-4530-b043-5bb1911600f0,AmEx,2a2f93ee-1144-44e0-bd9d-5d44024d42cb
86ec1a60-aadc-4cd6-841e-df4065f847b3,MC,cabbc5b3-94a8-46a2-bbcb-0a35974364fd
2b7899c2-bf6d-4e75-a7f7-bca80ec534cb,MC,53bfe5ed-4d77-4e01-a184-e84ae2b714bd
073dd957-2fd6-46b9-8218-ce0ba77ec5b1,MC,0e8ed4a0-8dc2-4cb7-902b-365ebc87ae9a
03a81427-97dd-43f1-b8ef-bae84171f2e1,MC,0a25a8c2-6440-43fe-b585-0d16998e07b5
792f8a7c-f9b7-412f-818e-d3886ef24594,MC,01f4420a-d4db-4680-b7ed-af17d18e12ee
6f21d0d4-465f-4c5d-b917-6cd0557b8af4,VISA,1baa5ac8-0dc6-4062-97b1-2f5671ad9b15
3127b761-fe6d-4e47-8607-28cc0938a076,MC,ed99999d-7a1c-4c69-9371-08222aa20a61
cfa02355-b53e-4fb5-ac71-80a9ea675784,AmEx,14b5355b-dad7-40b0-9e88-80381b4b1566
daae7bed-0b9f-4d2e-a5e3-679825c747a3,VISA,2ff95f1a-1725-43e8-bddc-ba74ae62ad6e
86914e3d-ecc9-48ee-beea-85d6e7ceafde,PayPal,eaea5c4c-a60d-404b-b65a-77a56324b8f3
2debdd4a-ad56-49fe-b7d0-e3c8d9741bf7,VISA,31a91cd5-fe30-4489-827d-65d2e82b8186
a484052d-9808-46da-813d-200fe38fe27a,PayPal,1ebda2fa-50f4-4ea4-a5e1-d3d1d556a7f1
3c0eeb59-83bb-46f8-abb7-6b01c3d7343c,MC,f7321762-4a4f-4d9e-aa65-4c772bd41b17
ac097246-e02f-4d17-b0ab-13c14c2be008,MC,22d2bed8-17c3-4f8b-b667-1b576cf54740
c386dc6d-7589-4c57-98f7-6930e13c7122,VISA,2c36e8b4-d959-48d7-853c-e6914841088c
33b82bda-62d7-4049-a339-47ca7b9379e5,VISA,e0b68ac5-771a-4c1d-9d12-3051e9f48c0f
d12461b4-bc54-4592-a9ad-2d08820fb4f3,VISA,881e6ab8-4e20-40ec-9f6f-051bf0c3bcc7
54516340-6526-48fd-849a-2aa5514e02aa,MC,55c09029-e147-499c-a30c-a32793b048dc
6960d350-175a-4309-9779-be1712ff93e6,VISA,71987a8e-8994-4ef0-9251-3c9c3cee7cd3
8eb3c011-f7b0-4d87-93a0-0af0f5766a41,PayPal,72c6ac7c-c3a2-4ecd-b199-288719077f1d
239f6a42-1b24-49be-8a7f-27aa91ccbf81,AmEx,d5e9c175-7d0a-4c36-b983-7dd89e20026e
9a6e73cb-4b50-42f4-bb59-9e90358efefd,VISA,a990c4fe-889e-4eb8-b5ae-c757cc7bc848
639b8add-152b-476b-ae26-854737b095f9,VISA,c3d741dd-90da-4c56-bbfe-43030110336e
ff8c06b8-df8f-43a3-8330-204bfc31b638,VISA,25e10e59-8912-4895-9d01-331027768904
775edb75-3060-4a6d-bf0f-bc7fa69fd08a,MC,148c2f39-9e1f-4383-875c-9efdab8c52a4
be38ae6b-d91b-4863-bd46-8b95ea09e583,MC,f5b577c4-232a-4647-993a-a7baf71888b9
05c27b74-4431-40bc-a514-b75902161709,PayPal,3a21599d-177e-4024-8cae-f89f4f513b81
8283d74b-135e-4ebf-9884-ee688200353b,VISA,d6aa8e09-b3c9-4bfc-894b-30c3a6d31cd2
3e45b3aa-b18c-4f43-810e-4f8e9629fd0b,VISA,57437e2b-28c3-4011-8405-d088c4618818
2b194517-21b8-4d73-9d8e-219c30dea250,VISA,d1d29b27-2939-4551-b0fb-1b81299da8f0
520dc726-bcb5-4980-be3c-04d0c6a65707,MC,5509fb8a-9b1f-4670-8907-95743de30dec
8825f7f3-6119-4bb3-a511-dc3aeebce7b3,Discover,2cd33799-d2f4-4dae-a225-5ade8f05e72f
fb72e91c-026f-447c-a451-29c91794cdb1,Discover,5bbd2520-9972-429c-a267-5e0466d4979b
0144f914-0dc9-48b3-9ac9-2755a63690a1,MC,161a4042-2c8c-42e5-ab24-b67d52bc4f5d
02c3d0c8-6c61-4557-aa51-3d618097c63b,PayPal,6b1ec610-0a9b-45be-89c4-50f849c320eb
391c6c28-67db-4f7f-ac90-7a42dd5a8dfe,VISA,ff052ed4-b022-41ca-8cad-41757fa14308
1030955e-75db-4ed0-8986-680058e0e021,VISA,68091850-06b6-421e-b848-06a283dabd10
e32da049-f529-48cc-b2a1-5678a4f73df9,VISA,1e410e37-926d-468b-aef4-0fb5883bfc7a
60543232-ade9-4aaf-b152-f004b8985928,MC,b936e4bd-a560-4fcc-8f85-9e8f0f69c321
ad58fbc4-d2d4-4701-ada9-5ac4947eaf75,MC,0d1757fd-cadb-437d-92c7-98b6916e5782
a95fcf88-c57c-4857-9683-2dd6324d6073,PayPal,badea933-45da-45d9-b35d-a1b97f663e37
2c2348ad-e102-4b4d-a8f1-11f9bfffafa4,VISA,e021f330-9ae3-4a90-9379-625a47db6069
254385b3-08fa-4d00-86b1-30814757ac39,VISA,e184d71b-9840-4b2f-b0c5-cbfa73d6e07f
db814afe-073e-4cb1-9450-13f8dc23d986,AmEx,ea3c21c0-6b44-4184-8df3-c97b6c9dab41
75c93599-7746-4816-82f9-37a6b64f392a,MC,4fdc9fdb-c403-4343-985e-952e222c14bf
c1873f5f-aa70-47f3-bfc7-b5b86400eeef,MC,940bf71a-a07e-438f-8872-a84d2ec93b63
dd0966b0-6253-4536-9e4a-8979d79b48c7,AmEx,47420730-4b97-42d3-b1b1-2ecb5be3a3de
62c2df94-e183-425b-89ed-6234e32b8d7f,Discover,55d5074b-54a8-43a4-8b1c-0d96146255b7
018a57b8-78a3-4aba-bdb4-67d6146de21e,VISA,198082bb-f6c6-4731-af0b-814ebfc25b9c
c6c569a6-751a-4785-8eb1-57634a7cbefe,MC,e85e53f3-c378-4569-b403-76bc8b6447ab
89241409-c1e9-4ca4-a522-8e36346b04d8,MC,50fc1de8-dd85-436c-a006-988af2ba0fe0
49d88862-eea9-4e6e-9823-78d895fdbf65,AmEx,ff6ac100-b2c6-4d39-bd6a-38e969534f54
c9d0d3c0-aba8-4619-baec-6141cf9b98f0,MC,51a4f381-3555-435c-8db5-2e4dfac426c8
4190f407-a3f4-44db-8ac4-f983992d537b,VISA,6f27100d-1d9b-45d9-b231-73c4fd6f34f3
847c0eb8-d91f-4da1-9dab-5cc72f1e8d58,Discover,ff6a66ac-6025-4d76-9c47-a4d3a07e23d4
7f7f2ce6-9b57-4796-a1e1-f55e5f5db024,VISA,7cc34e84-f342-4f2f-b8cb-ff4a093e4404
1acecd62-07e4-49e6-a398-b59a2acbb447,PayPal,fee27461-bc99-437b-8ac8-fd56987a7dcb
a0caadcb-54b5-4819-aeb9-23e036065cd4,MC,2673e712-7933-45fd-9471-dbfbe6bcebe9
5cfe722a-dbb6-4aa1-a309-aa38f438902b,Discover,216dd55d-2a3b-4916-8280-462ed96b0177
beeb421f-d1b1-4ab0-a7e2-28911893f498,MC,11961105-802e-46c5-94b5-e2193b24a08e
c4e5a9da-3dd0-48c2-b5e5-5fb9e832107a,MC,2c0fe65b-2693-4eb0-9dc3-e3ab8f2e398e
d9a44f68-b459-403e-9a7c-7c80f15f6956,AmEx,0db20666-24b0-4061-846a-646395412455
61a83a27-de3a-487b-bd54-83aa891c697b,VISA,9fa80b05-6e21-4557-bbdf-bf81fee76716
f4cead4e-bc6a-42bc-a8fb-c2201681e477,PayPal,b8c00941-bab3-4da4-9957-58028da184a9
c00bd891-a2d8-432b-a29d-529e7485bac7,VISA,73c97cf7-8d11-4081-b60e-db60d8a85f2f
78f4aaca-4f42-43bd-b6e3-f38362396e13,MC,1e2e3ad7-1fd0-4b8f-98e0-61aef6bff2b8
309fbc45-d220-4255-990a-f9818f17d5f2,VISA,9f3fc715-79f1-4cd0-8e76-ba4239065789
626ddcbc-6b5c-400c-b2f6-470eea80a2bc,MC,2298d70e-d768-40e1-830d-5e257cabda9b
a6c774af-6e6c-4ba0-a6ba-020a7372b0d5,MC,3e2c43fa-3b35-4023-87cc-fb5429b039ea
d642e793-f816-4403-935c-68a6ac1cda04,PayPal,e114a244-804f-41ec-b236-25c53be8a0e6
5ca878a5-0185-4ac8-88a3-0049f4cf683a,MC,746d75be-5bdd-4027-b5a5-dd20a64cf5cd
3c74470d-09a9-4546-9ef5-51f3234935a9,AmEx,4f8d456a-1e1b-415e-a00f-cb34f5f5be6a
654be384-395a-4fe2-8c3e-9639e7e1eb2a,VISA,f96e0e75-c71d-4655-9b4f-194e81105c80
0ac89a2e-d53a-4b3c-b824-6e9945a3b3ac,Discover,007e894e-9a00-4f7a-a20e-622bbe339808
e28a5057-48a7-4b67-9ebb-7dd79cb5b04e,AmEx,e6f2341f-f903-4999-8ef4-51b2e1b0873e
cbc5b166-3651-4b31-a3f1-96e4a4cfa538,MC,76d7f2be-1f94-464c-913a-0066cd276ee7
0c861e86-ac5f-4c39-8b2e-2b8b089313b7,AmEx,578be0f3-c503-4896-ac91-929f361bdbfc
b2f4eb55-fafc-469b-b9f7-1aa75c91db82,VISA,c906b9d2-6992-48d0-a156-9ab9f5a9034d
63f1b4d1-7489-4f10-ac6a-3aed67fa2425,VISA,94fa79f0-4915-400d-ac09-be1024a703ce
6e860edb-4434-4d9f-89dc-ee46ba3b2217,MC,2396c06f-5811-48b5-bb27-683ca16130c7
7b39ff36-5efb-4961-9a86-bf464256f538,AmEx,26dfb6db-0905-4392-9615-4a4bdb18a208
acab0038-f35f-419e-b61b-ff95c59e7535,VISA,becdcf04-b989-45a8-a450-16e9f3a58620
19150b23-bba0-4586-9ae6-aa3655c5edc1,VISA,b1252c05-a84f-482d-ae4c-f611dcb92e29
ae0d4549-58dc-433e-a4ae-cf4b00d4c2a2,Discover,4c56b65c-dc6c-4ee0-813f-710b5b745b3a
e3cc9a8b-ab85-4796-869c-a6f2e09ff2c2,VISA,66a7b986-62d1-4105-8539-3a7ed44d74b8
8b039c58-f1ca-4473-88bf-85b3c30bba72,VISA,65cbed26-f1ea-43e6-a515-096028ba903c
2f394c16-045f-4958-901f-5636c4e4d02e,MC,04010754-77e0-4092-b8a4-d2ec610bdb1e
fe7cc705-d97c-4a4d-867d-28b3c498f4e9,MC,23eb264a-8a02-437b-89aa-bb58e6284e13
bd6f466b-6a0a-439d-9940-eb2c526a6ded,VISA,693ab100-3d22-4904-9c80-a67b9a286ef0
58cdc01b-ee7d-42ad-9986-7df86ca4981e,AmEx,c6aa604c-687e-420f-a329-dd184a9e67cc
0d0943ec-4f36-4fb7-92b6-b68a11dfbf48,MC,cadd860e-582a-471b-9e51-aa152a44f9f6
9cded47d-b4c2-40af-a178-7894e7fa4b4b,Discover,80f0ac5d-3d23-4844-82f3-e0c68725ae6d
3a3da65b-dc6b-4781-8765-db08097ff428,MC,13c710b2-065b-4993-8db0-49445e171583
9e888ee8-acba-4336-839e-756706c8efbf,MC,e69a0065-c999-4f5e-b823-6ea9756f88cd
0cf99a6f-53e0-477b-afaf-3ebe38343373,VISA,a0330e92-e1a2-46d3-a5a7-926b643a7cf1
8456f8e9-dcc4-4362-9033-a48bb912fa91,MC,b28d1015-e696-4c35-9f0c-4cdf95f3bab1
fef2d324-2f61-45db-a5e4-4821dc9529de,PayPal,6bafe005-b729-4335-ab0d-2e765b06a525
bf906ab0-cc0e-41ff-b9d9-9ff636ae1feb,AmEx,35327227-6389-4cb5-b926-7866a1b16e2f
4830b06c-5ec3-4741-84fb-0400bd9690d7,MC,5a54106f-0829-4201-93e4-cd3ab721a62d
388e520b-19c6-4552-8867-61c22c6e2b0b,PayPal,442f5836-15ee-4bf6-970c-5a238ceca2bc
86e7ad2d-4ff8-4d95-ab81-0d8ef6c51460,VISA,6e9f17eb-f1f7-49fc-852a-63b6c78203b1
0e57a273-ffda-42b7-9b06-09ff3762135a,PayPal,cae28f2d-8a0a-4d61-8997-758eadf6b925
751c9ec0-2199-434e-b245-7db954015822,VISA,85c2f296-85d9-4a3b-b820-97e69c3da81d
c3e01b05-edd1-4141-a0ec-996ee8989ac3,VISA,1161ce18-2d9a-4834-a152-c9b7932d4f44
ba924b2f-a5c5-4609-a8ed-7c1c41494666,MC,f1383ce1-9e2d-4ecd-9e45-9d637a6a8577
313cbf67-4142-485e-99c0-b6aeee3d8937,Discover,d5382df8-e277-416a-a517-57af034becf6
8f2ced43-b9b4-44ea-9b7d-4945ecd6ede9,VISA,95882a69-e402-48ae-8604-33338f3c02a1
dd3758ac-1b6a-4d2d-82d4-6a5c6b7ada71,MC,8ad3836d-41b4-4f5d-9e7a-7265f59a1f88
a385f000-f13b-428b-825e-b23a5518710c,MC,7f57e0e9-74c3-4270-b79d-23914a4eefea
c2a76f4c-c03a-4077-b05f-6fea7ade6053,VISA,14c78282-49ba-4aed-a5b9-d2021838b0ce
fa9f7f24-130f-466d-a541-95ca29fd3cc5,MC,1f7353c0-d63d-4bef-8a76-4077b0980c2f
a01421e7-1de4-4783-9525-e6822bd1fcf4,MC,b3407a76-ad6d-40bb-984f-d83917d429c5
a63818a2-c190-4dbf-844f-e9c6e7417854,VISA,d9653f21-c3d5-4a60-ba77-b1c537b8e69e
6d596ed4-74e4-4773-bc3a-ac6ad527d795,Discover,09b28430-5306-4cb2-8e24-82dfb652b1e2
4cfa73e8-e2de-49a1-8222-08521ff52d06,MC,77d30e9d-028c-47cb-ba19-b5e0738f5e97
507c8ea9-2e5f-462f-b1d0-ca797e627a83,PayPal,5696589a-bdd3-4ee1-a3d4-5bf883d83e7a
ee5ef7f6-3d55-479a-8abf-f4e2b4924c48,MC,50710b2e-c697-4b22-b803-564e02684315
e92cfc4d-ff0c-4f96-8ff7-cbaa9b8bb765,VISA,acc1162d-ba1e-44e3-8913-372bb115abb0
3a0f28d0-7101-40c8-b1b3-e7aa0f7e2621,VISA,d04513e2-4e2d-4b20-a0dd-9841b81f9853
79ecae49-9676-4cc5-9360-2b229e95ae07,VISA,e95dc283-b030-4e21-9073-b4f3c6a5dbca
e2579f93-524b-4e59-b089-9393f7fa0c6c,VISA,9f58eba7-1c57-4405-aca2-3746c0c923fd
9a4b1e4f-5136-47e7-a504-7668433ebce2,MC,36faf2f0-7b94-449c-a5d0-61cd230e5b6b
091c0356-aef2-4f5f-8cc2-e8ab96024bb5,MC,af532114-7a2f-474b-81b5-f5dcc42c92dc
76129a44-6263-4911-a43f-8c91369536c9,PayPal,210024b5-8626-4322-a3b5-29746684b897
7e1d3394-0dd7-46a8-a6a1-22dfb9d77a4f,VISA,069f6e55-91b9-4b0e-8837-a2de1a1407f3
a58bf23d-5063-4029-9cd4-2d9a3f4912a6,PayPal,0ad3b1be-7a74-4a96-8f77-21559c3e3209
33ac4aca-c99a-4630-9f01-2c88a36a9876,AmEx,7918e66a-b213-4885-800c-0cad129ca4d3
18ea3ac6-0449-40f7-a7d3-694afad70ed8,VISA,5993848f-427f-4a2b-a7af-87681302e895
69eeeef8-c003-4a48-bbe0-4cf0f6ce576f,VISA,1221015b-88be-4052-aff9-0582f049e235
cc6b6f5f-97ab-4075-9f15-f987e0d55ca0,Discover,d7b86d3d-02e9-4e21-8d9a-551f5f01d489
27db9491-9dfb-4505-945c-94f45923c993,VISA,8f620e02-d549-4715-93a9-db71cf139c1e
f448af8c-c7c4-4d33-990b-81e069031477,VISA,e6634c64-1b7c-41de-b2af-0448f0902469
bb270bfd-f96c-4c13-9999-03ac434bcad7,AmEx,03e64396-8ffe-40c1-a204-962688e79b57
cf144acd-4e3b-4e0f-897b-30d4c8a3535c,AmEx,c630187e-7314-4283-8f52-653f60f85e85
0d9a98e9-b7ab-4988-a3b7-10a22e4e3e19,Discover,e821dae7-f621-4abc-a8df-aec9a1de8b21
abc52a33-4b15-473d-a292-99013c17709e,PayPal,c76ef4e1-6830-4e51-9e2d-fbb1f25ea8b5
328086aa-239a-4b25-9348-06cdd27fb52d,VISA,a4d9a802-c36b-49d1-852a-2b9f9e07236c
ea570500-1df4-4af1-a104-be0297aea109,AmEx,04622b58-befb-4802-8f74-077082ce2c38
152843f1-99da-4c0f-b762-6965bcfce2ef,VISA,33b1c90d-6671-4467-85a8-a59d5f95103b
2e855800-d5f7-482d-8e12-434cbd065e57,PayPal,9e1924d4-6bd7-47be-ac18-1d878172856c
5d536acb-d457-452f-b92a-30e13996171c,MC,7e52890d-045f-4b06-b653-b4c4d70d016c
979a42fb-ce35-4938-9822-abb0965bf583,VISA,bb784b1f-2c2e-4a20-ac83-3e4de32a0c60
26a34cf3-fa2f-4fb7-87ae-01e03cee1e61,VISA,80406e58-b6e4-49a3-b6ca-c67a19975ac3
24b114ee-37b2-476c-9c42-9597e66f42e3,VISA,321c5bc6-c9a1-42eb-bec4-0b8fe47c6156
7b16070d-cd8f-4c45-8c87-1a6c5b8a115e,VISA,d31cd39b-2b64-4e9f-b390-939fd00dad85
7d753836-5178-4cf0-9568-2d82262d5cbc,VISA,62a0a67d-bc71-44d9-84f2-ec977fa79d9a
562f7cb6-967c-4b88-bdd5-3c91d127cf8f,VISA,04f06354-2dbd-4d34-8e50-3f3edbef7a15
9ea6c5b6-0271-4b11-a04e-8ece71240abe,MC,d7342ec9-fe05-4e63-a2a4-93942daf7b2d
83475bff-57f0-4065-90d5-016346abd997,MC,e1360e91-0469-453a-ac13-56f01b2d8777
72d7007a-be2e-4bfc-9346-5556a5dc27a1,MC,1e255feb-9e3c-4973-be86-dec3dcf705e0
2c013743-e2c6-41e7-909b-f66fd1eb4c15,VISA,fc03bd83-b674-40b6-bdee-69fa2a17a090
738a0f5c-24b1-4c16-97eb-e4d16aba2af1,VISA,bcd7b750-378b-4b77-8001-080db1f22f34
86e820ad-53ae-45d4-b7a6-1639aed74999,VISA,2807cbb7-4213-43d8-aaf4-5431dcd8a70b
b7487422-9cf9-45f2-bc1c-02c5f549d0e8,VISA,0545562a-ab8c-412b-a0cc-b731b570087b
5a9f5462-4d99-4910-b837-ceeefd20747f,MC,b7e11633-b320-4ae5-94e8-a32cc67dc44c
2419d669-6730-4333-998c-1c89033f567f,VISA,c21d6e46-6019-4565-9a0f-7ec37ae65b54
5339524b-6268-411e-82d1-1426aaba1026,Discover,d46622e9-7bce-4e13-9987-3d5e472d0853
566fd198-e863-4106-b8aa-d225e51029e1,AmEx,5263ad5e-bf6f-4ef3-bdba-be9f486eaa8d
e9a9ad9f-2b1e-44dd-94b1-b81331b5993a,MC,5094fad6-7581-4a9f-95cc-047525f5f47a
a0ce9809-b99e-4ed8-992c-3e765167d0b0,VISA,48008ac8-602d-4ac3-a96a-a54a7bae4a5f
f0ee0a96-8e65-47ad-bdde-e23ccd5104f3,MC,b049ef15-ce0b-4f72-a782-508701f6b809
3890415e-ab19-4cd2-925e-c5e84a732e5f,MC,8b2e6b75-865c-4d18-8ce8-662a3a8bddcf
0f7bdad0-7659-474c-9c68-86df8015e229,MC,99041fe8-9f14-4fbe-ba20-84189199c20f
79a73cc1-5352-4de8-95ad-9fc92e18f8cc,AmEx,a50d0536-4056-4f54-a51d-810a81969058
d15de473-5f2a-4571-a6ba-ceae8e375446,MC,1a103cb2-5050-40c0-a6fe-49b452380418
8e831bba-c0db-4797-8d87-1c7c1cf9c0ed,VISA,da9afe50-dedf-4aeb-abee-de3881f038f6
4769c167-7a9f-4a03-9589-c5dd3190c01c,VISA,6badcb29-3880-4aaf-894d-e37a8a577e64
1638bc4e-037c-41b0-914c-7b9e3b05f5fa,VISA,b0207ec4-8bcb-4d66-9214-89166d361aef
cb94a949-2825-4baa-8523-2087095eca60,MC,f08300ba-f25d-44f4-868f-98cd3f3827b8
a58b55b6-83ac-40a9-921d-dc6aefa05bd2,VISA,469b434d-a265-4749-bf14-75cff33d8a45
69227623-0b57-4080-a088-b8ab03e0aa57,AmEx,bbf244d0-3a9e-40a4-8cfd-36d7c9becc42
9bb06831-ebdd-4718-8cc1-89a0a0d06179,VISA,42f3398a-c213-4c30-be60-b1c8b2a390f8
6edd0cfe-78dc-4ef1-9d91-0c0b38521301,MC,9b80a496-2ba5-49b7-8e67-a1a2f874e1ee
62a7b390-b654-4317-a3db-dfde0b922531,AmEx,9f17aaf5-b36a-4ca3-8ccc-f4bd47858c98
74433bde-2466-4b5e-8437-c5c00bb5a41c,MC,292a7e63-28f3-4ad3-8725-f23e9e8d8c73
6189ee0a-d2b0-41bd-b2d5-73c8e9ac2a67,PayPal,fed29c1e-f699-4aaf-81fb-deaa97a8c670
a4ada767-a34d-4863-92b9-846bf1a18271,VISA,f5af3d6c-82a0-42e1-aad7-9cd55fbbaeed
a12905b5-c1bf-4bcb-9b07-99f6aff39f8b,VISA,a98e7b51-1265-484f-96d5-648209b50ec8
48a64fe6-6b01-4953-85cb-d1678a7af6d8,AmEx,127ba57f-262b-416d-9356-ac87ed87cad8
49a28301-3e05-4a5a-b082-3a7c03227958,Discover,320e4ec4-6133-4810-a99e-1b65e18e6c5e
1554e2ca-0512-4505-a7d5-85727fb683a6,VISA,0a42ad04-dfc3-43bd-8396-84e978b61e68
ca5d2456-4f97-48c4-9171-cf87f7397f9a,AmEx,e420424c-9634-43d0-9f16-ba0267e99dbc
1e1f5957-e221-48be-a250-ef117e99ea91,VISA,78b3f127-ec67-48ba-8510-7e024a809499
f1310cae-7e32-487c-afed-c0452eb97230,VISA,93c95861-9434-4b01-998d-f398b07ca128
3aecb299-21ff-488e-b378-2847454b79ed,MC,936efc5e-f06f-4de3-bee6-27c97d7de8c5
4fd8487a-ba80-4ae6-9387-4b5e6c8d8001,VISA,7ef25757-5f5d-4aca-9e8a-403d2c6ce135
9ecacb0a-5ab7-4352-9231-671555973a37,MC,1cd996d2-8acd-4d22-96e2-30eb502490e0
7b73f633-1c09-4605-8548-8aa0edb4fb76,MC,eec39875-153d-49b7-9bcd-128f5c25e96c
ee3fa7d9-64db-4897-bf2e-ac34d8967e2d,AmEx,8e928290-1602-4050-be3d-4ab2aefc0e49
e23714c9-951b-492f-8cff-30f01da0972c,AmEx,cc6a9da1-124c-4d65-997f-402dc11a3ea8
91ec4d33-e72e-4a14-931d-21f2c29d8e9a,MC,7edd6b18-ae9d-44b2-9e76-e1d35afbd195
47140852-69ee-428c-a829-e3f8ec8b44ee,MC,bb99312e-60af-40cc-b6b1-4ba5600528c0
130b7232-ec12-4968-b5d1-dfa68737cb60,VISA,1333d1b0-6e1b-4a8a-93ba-c841c79c34f5
d54b66b1-09d2-469d-bc7f-5a7f3633c526,Discover,305438f8-c32e-4dcf-af82-97707154f807
26f23210-9a11-4130-9f52-147dd7ee4353,PayPal,a8abd0d6-1ba6-4f69-93b3-89b76d1a0f0a
785a2077-7380-464f-ac6a-0e62a31f832c,VISA,58e44f21-66bd-4614-8801-a92b35e462fd
22c67df4-c6da-4933-9435-59144ad485d2,VISA,0dcc88af-f159-4107-a970-885441eb561f
822fe22f-7f55-43ca-87d5-8dc74c3372c4,VISA,f4acd73c-baf4-49a1-a7fe-8d0ad8a3c7d9
e3f1dd55-0ee9-4718-b972-34dfc1014667,Discover,1c9e9a29-e9b2-4ca0-9fd1-f58ea9784fd4
4fed41bd-4335-4c83-bdc5-b9afcf425c02,Discover,4e420780-a4a8-4695-a448-9755c8c0915e
5403f076-ac88-4d48-b11f-2d6728156918,MC,6df4d038-d23e-4999-8734-0a505f28167c
929b4cce-0757-40d2-8bb6-8b1343ef312e,PayPal,62c9426a-ed94-4e7f-a6b3-372f7f49f982
cd891573-e270-4a24-896f-863348d630c4,VISA,27d9dea2-54be-4cb3-9f25-15fcac41d57d
a3ee2c6e-c8bf-44fb-a9bd-7ef8359eb515,AmEx,67a882fb-9d3d-46ac-958b-b6e3cc8f1eac
0ee5e425-2ecb-463d-bd43-94cfbfbcef33,AmEx,72b342d0-99bb-446c-9e22-b05c452f2729
44f8487c-1ec2-4113-be0d-d5300e89c8f8,MC,84d56e09-6869-4d13-a6ab-523f5b0b77bf
6d9b3ffe-1b25-4268-acb0-6a80466f7d96,AmEx,af210267-7b72-475a-b192-8bda2bec1d4f
c552d295-eecc-4fe3-bb4f-aaedc3d51799,VISA,c0050748-6f33-449b-b84f-41d9ff41c88a
ba6faff7-96ed-4860-8c93-66aec4daeca8,AmEx,d9eac1fd-601b-4df8-afff-ccb1b6adab7c
ea5a430e-35d3-42d2-8dc2-229d22cd84ed,AmEx,aae39ea8-f611-4cfd-85de-9ed81270b97f
699b5204-756d-42c2-ad98-62366c01be6b,PayPal,e561ae77-8bce-400d-9f00-7b746a89fdea
4521a186-126d-43d5-b82d-d4025739dfed,Discover,ce90977f-d403-4469-8743-61c9a4e090d0
058271f2-f75c-4dc1-b69d-8e314ec00377,VISA,ec0a177a-9878-4457-b088-93848deba8c9
298a86b7-8d2c-448f-98e1-4f6793446b01,Discover,ed60bea4-3291-43b1-aca0-a644f89cb85e
f7d2a644-44cb-4ca9-a2d8-2ffc310ad5fb,VISA,1a1981c6-ae53-4384-97b8-0f74ad752423
5f6d3487-c156-4a2e-9232-f3e9daf72858,MC,08b255e5-f34e-455e-ba14-a7443bb7a0c1
47f1960a-7f66-4194-8d18-85e65a14c37b,MC,ce65b3f3-1981-43f7-a305-3d41d28ee2b7
66ff3fd3-2559-43d1-b761-0d9940107d36,AmEx,71238cbd-2018-4923-92f9-911cb9a942d1
1a82bbe2-76ac-4b1a-a5e8-ac973b58b08f,VISA,c1755f3f-bcd9-4b7d-a96a-954757eee38e
cd0cd64f-b278-4db3-9455-532473e1d8f3,MC,dade5fc5-2283-41ba-9d83-99ca98b37aed
284de15a-df82-46fd-b058-0777157dc56d,VISA,2a937b45-4068-4609-9944-154fb3fe86a9
1c840aa7-f1ca-41f3-9566-b072c1987dba,MC,69b62eb6-b077-445b-ad53-5a4729420fec
b53f2617-d47c-4857-b6a4-1f59f5fcb2cc,VISA,53eedd0c-eb42-4218-8063-4f78c19f3e43
4963360c-523d-4ebf-82c2-bf67769cea46,VISA,6ebdbd29-4a74-4b01-9c9a-59a4049b484a
542118c0-7891-4473-bb53-aa5a35594142,VISA,60ac15cf-ead2-44bb-8add-4f0829ff6345
fa22dcf2-f7b8-46d7-b26e-bffe8190534a,MC,6fa3157c-3bce-45bf-8262-ae9967b13c15
e44fbba3-0d71-43f1-ad6b-8873a39bdaa2,MC,41c3f957-692d-4969-aaba-68abec8354fb
3b92bb66-c9aa-4775-8269-97047a5d23e2,VISA,01c11dba-3950-4f9b-8197-746232ba77e3
1fa7aab5-ba57-468c-896d-497d5c6aa094,MC,47d41571-fa11-4ebd-8bf7-9e1085a55706
3d4926f9-f5d0-40a6-ad46-eb707e63dd49,VISA,b3019839-57d0-41ff-8767-6c4a510f8434
76e89302-b12f-4746-a664-3f8da45b154e,MC,0bb180b9-e85f-4701-83be-468d72376df1
396044f0-06fe-4856-9025-93bf7a395ce5,MC,4c445165-c47b-4610-a628-e7eeed9d9dbb
b9c39b90-305c-4b29-8370-d3965e6e821f,VISA,ea9bbcc6-b89b-41f8-a4e5-cb2ebb185e95
19cc2933-9ca0-4505-98e6-47080cfa6edf,MC,c787a12e-9653-4c99-9f2a-3ccc7f1ab91c
7fd1faa2-9224-40f7-8f63-e37454dd4328,MC,e8d7508e-95c9-4c95-b0fd-f0511ed24a57
3fea6ae1-d8b1-4b8a-a8d7-0e90b2024f7c,VISA,37aedd57-6a25-43a1-b8a6-2c019eee4e0f
05f6c4a7-2659-4a37-8daf-303076de82dc,VISA,144392a7-6bde-41e6-a099-ab0a5eeff109
1f1a4918-e96a-4d73-abb3-ea01d4351edc,MC,dda4e3aa-b090-4518-970f-669703100333
f4ed5ca6-68f6-4f2d-8955-3b1f574f1276,AmEx,d0b681dc-9dfd-41c2-934f-a164d313518e
edbe2d79-3967-4172-98bf-327f85c98c1f,MC,4ccd1455-ed2b-4877-8d0d-d1a138c22f6f
7668fac3-131b-43c7-bd9c-7bd8184586a2,VISA,f941bf20-8ff8-45cb-98e8-4783406289db
68e88694-9cbe-47d4-a703-68f180fe9a22,MC,81ad9ed3-0e81-4efe-8d3e-172ec63ae989
90097bb5-8355-4304-b6bd-25cd0dc57123,VISA,0cc2d838-a763-4150-ac5d-ea2d3c96a181
aa54a932-a329-4a46-86ed-f6a6d1225896,AmEx,d0e52c4f-3803-405e-98a3-ed3a392193bf
5c7ca0bb-dead-44e0-aa5f-eda22dcf332e,VISA,ba6bff36-aae7-4c40-ae15-0a00873810a7
32d1bf77-8bbf-4672-87d4-56dcec9908d2,VISA,f0a56553-d690-4793-84ec-8833eabe6dc6
d57f53ea-520b-4850-a629-dea64d7fe8d5,VISA,732b9884-bb74-49da-b426-83148e7bcb0a
d13e6844-2739-4313-9e49-e71263cedf0a,AmEx,846d5567-7509-4c87-a710-41358b8443e3
21417ce2-391b-4fde-97b1-31b11f129e25,MC,3b2cd1ef-af45-48b1-958a-08b6034a2aa4
d17f4864-abfe-4873-a3d2-252816e7ae50,MC,2dcada72-788c-4944-9045-dcbd0d9d92cd
6a2745a7-2fa7-4a88-a834-d9c50780d635,Discover,5d7235ec-ffea-4ded-a5b4-f2d3bd4d5662
0e55b9fd-be6c-419c-9d91-8fa95a6382b1,VISA,232d2dbf-b1e5-4eb8-9ad2-d35afb1e3b3f
21ad87bc-e643-4e8b-a733-a0447c62f0dc,MC,5a9e540c-85bc-49ed-923d-b6b90e3a6894
b0228da3-18c1-4058-8353-1308d7719ef8,AmEx,926367ca-c44b-41b1-85ef-c37eef0cf87f
0fd22f84-2155-46e6-a354-ed80b414874e,MC,f5092087-edce-4457-9bd6-b03f9517dd6d
7740e31c-049d-4898-95f6-71a6d23a9348,VISA,c6efcb14-41bd-43c2-8d3b-64d536eeecf9
13c0cf76-c336-49d2-8358-d40812929a15,AmEx,62318207-a921-4b3b-9994-2733c72f5b3f
6f1dbba2-038b-406a-a032-6c0c0998a1c8,PayPal,60ed78bc-5a92-4380-aa91-204005d9710f
502713d4-5f73-489e-b5f8-2fd0d0469042,Discover,9bea7068-cb89-46bb-8d9c-d9b8882ae4b9
431c40e0-c994-43b3-9e55-b389eb0a244f,AmEx,b9d88d22-3aae-434a-97bb-0d2ca656b9e9
50a42b6b-e7b4-48ac-98a4-9e3304e6c2cf,VISA,ec4bef78-d530-4514-b93a-d4224e18fcaa
9da82ff3-6cba-44c8-9e11-cd828b882e92,MC,f63f8a87-6292-4e55-bbf6-b7e22ab11745
344585a6-6829-4b66-972f-7f73a2d9b9e8,VISA,efcb173e-cdb0-4464-b714-cf550d4e160a
6ddb43ca-62ee-4a66-8ed5-a66ce385e2a4,PayPal,9cdf6b37-7dd3-4759-a604-decb985f6713
9ceb94e3-1051-4fd8-affc-4b376fb3cdbe,VISA,a59c5625-bb27-4ef4-b97e-c33b00536530
321125a1-242b-421b-b977-9077cb03b86e,Discover,bac690cb-8107-43f5-9a86-bcf2ca7c6e4e
22fc9547-f674-4270-adda-b884a4449e02,MC,d8dfcbf3-d4f0-49de-9046-7aa0815d2d1c
fab9cab1-31ee-4e98-8f40-0c92d5c73a25,Discover,70be326f-95d1-43b5-af4a-cbda577c6fa8
73da38af-dd97-4d50-a7d9-0c463805e1d2,AmEx,6af159db-cff9-4809-8222-c87e09a6feb6
6f818f47-3b1c-4086-bbe4-0c8971e51c59,AmEx,1e9d512e-ae2b-4faa-9d5d-d7d1305a4148
fe75695a-a1cd-4dab-93a0-f68460472c92,VISA,4ccb0a8e-13ea-42b5-87b9-cbeb1420eb5b
cd576c8b-3de7-4027-8fc4-356560d5628b,PayPal,090664be-2d25-437a-8d89-1fc3250229f9
5e18789c-e5b9-42f2-b675-43e794d5e8a9,VISA,adee6a82-47d3-4f27-b2b2-2141e3af01bc
400ca078-9d36-4abd-8c68-a4d6ede69a5a,MC,5c210bc5-5e50-4bd1-a5a1-27378bea9579
fe5d9d80-f4eb-4282-bcfe-3c2728d84187,Discover,6794b455-f49a-411b-9162-5359695f2e12
b94985ae-79ba-4503-ae0d-6868e3568ac2,VISA,6bdf97f6-1a0e-4835-8472-7983be0bc3df
c65e660a-7e7c-4444-bb6e-f86d02d9aa39,Discover,5b2e3e5c-66e3-4e33-817d-77488bfdc383
e8fc953f-7f37-4a56-9277-e1301b3cdaaa,VISA,d89c5ff2-ad11-4b2b-859f-3130f798cfb0
223a33f2-d5e0-4432-8bca-9d54b8189f7a,MC,ce1c66ec-0830-492b-9cd8-8546904a4973
630adaf4-29d7-46d5-b53e-fd234f5c16ee,AmEx,c7ff8057-2e80-435e-99d9-31476c4e38c1
8453d0e7-ddb7-49d5-9564-0daa02823f73,AmEx,023f6274-ae79-40a7-8a10-07f67a5eba85
ff19b875-51c9-4902-9055-904ba172a51d,VISA,6958d6b9-d005-4d35-8428-40efc0268656
6e605e9d-fb14-4ba3-8478-b17326f56f7b,MC,58e346b1-53e5-48de-8ed7-3fe93bb47059
6c548e1f-6682-4040-9424-32cf58d58e6a,VISA,5c50fe4d-7618-447e-a5a5-2e07658d2e83
87d984a4-b17f-4e90-89b7-12e0380d5b1d,PayPal,8c065644-0d91-487d-b5dd-87a7e88ca174
e66f2d52-a1ec-4e28-aa4b-451088af9da4,MC,c8800a29-e02f-440d-b6a5-19299cf5683d
55f4828c-069b-40ec-a282-19c7a9f388ba,VISA,adf8a412-6541-4f2f-8554-7409415fee7b
74fa2ef5-1400-4bf4-9b00-4a503a08c3c0,VISA,5d4eebcc-2b00-4371-bc0b-24864ffe16e6
a024069f-2a17-4489-b3b3-077c59160888,VISA,15d12c30-8370-4aa6-a2a7-410c7cf31aca
91be578b-06b8-472e-b7bc-dc0226d5def1,VISA,7d30ad79-a644-4f98-bc85-0bca6786fad6
626bddba-be8e-4ebb-97dc-d097b9bd7138,MC,fb5deaa2-a16c-4eca-bf19-d587f634ff18
b722d6fa-bc48-4bdb-adc6-d2909c962146,VISA,57e7d855-c2b9-4e32-ae08-00ce71f0cda5
5c2d367c-40fc-4086-95b0-cd9c7a741d9e,MC,c97675ee-4559-4a24-b3a5-a6140280b71c
dc3442a4-aec1-4fdb-b591-21ff0a2d85c8,Discover,4a80bc7e-5538-4b11-b25a-abe2077da5b5
13bc47b5-63f2-45dc-8ce4-ab4764aba915,PayPal,5541defa-ad19-4fab-a065-9b716f0329a8
7361dc7e-e408-49ca-b56d-153e4679df41,VISA,47c707a9-330c-4153-9a97-2174ffacc832
f96716fd-9477-4b4e-8421-d00fc1be4848,VISA,f3d51473-b522-4ba9-9ab7-bf5c619c6964
839ec4df-ed1b-4080-a9d7-bfc9e63d77a4,MC,8c9f550a-5788-4cb0-8249-4789445e711b
1d17c900-d6f3-42f0-ab6a-9f3b4c3e34d2,Discover,91754155-921c-4c0d-9e66-6a510dfe2bca
38ed8fbe-f3d9-4097-8d03-f2005833bd21,VISA,04828a8d-ec68-4382-8c99-748f0a07d921
8ce23e19-a7c8-48da-b67e-5243fb8aef34,VISA,64222f14-6493-4f47-a870-31dacbcb78c1
00d86946-d896-4d3d-ba2d-37b3a725f64a,AmEx,791071e7-5ac0-4d5b-970a-5415cc4d2d91
d71436e3-8912-49ba-9ec7-ce782756d484,MC,26ecda55-d614-439b-9740-1be4513b21a7
a48e03de-ffaf-48a9-b260-22857ca39f51,MC,d42134d9-8f1d-4527-8339-6f159d130f2d
99f82ed5-9287-48be-a2f8-b04155797a2b,VISA,41ce3115-5208-4c4b-8cf0-42881369adaa
20fab005-5700-4b8d-a5ea-b77e17f5c797,Discover,be92b675-ac72-454c-ab1b-06a4eee35445
cc752cb1-33c5-462b-bba6-016d127ec766,PayPal,62ae9094-2124-4282-a671-1b011a1a3362
c5fec35a-aa9c-4fe0-af9d-828c5ee6c35a,VISA,842f4a6d-7339-4a91-8c37-73edd34a7a25
31fc3005-aceb-47b6-b0a8-5fd096120aeb,VISA,1e8acdbf-1335-470c-9a87-3a5f34a8aae2
d908b3c8-5513-44da-a976-d2c3a306c232,MC,2f842c28-fb17-48bd-9e45-bf2ce22766cc
7b54f4f1-431d-446b-890e-63b05909a812,MC,3bd5f821-6b7a-4bb5-924a-38ea29e46fd8
9c1d76c6-eb2f-4a04-a9a2-2532f26ecd00,PayPal,a9a0a9b0-fbfc-4ea8-bdb8-dcf71e4f4799
7e8f276c-1ce5-45af-abec-a6cea53b3878,Discover,520477f9-09ff-4461-a7ec-4aa85131f819
f11364e9-106c-47c0-9ef0-cfb7d3946dc5,VISA,42e377c9-34f8-4b6e-b828-d03718eb0765
d4990244-3fce-4bde-8e8a-4085f4d65e16,VISA,035ac809-e290-445d-b6ed-ffa704f3f220
6375bddc-3178-44dc-879e-737ced707c9a,AmEx,8bca93b4-229e-4fd0-b24e-cf595021f347
4ae1658a-5dc3-4e0b-b7f0-e3ef23773228,AmEx,7427e5da-ffea-4385-a676-4dc47f68033b
74f955ec-d25b-4e59-8b8f-66080b7818b9,VISA,af1c05ce-0488-457a-8ac8-021d7cd4a424
8723814c-ac3a-40d1-ba5c-2c2f87c96092,MC,ebc514e0-9483-400e-95df-89a224c48b1e
0c932990-c9e9-4690-9cc9-e8d53e16dbfa,VISA,a046d011-8794-420a-aede-9b96cdf51189
0b065a85-c817-4c41-abcb-9b3a4faaddc2,VISA,a06f158d-25c1-474e-86e8-31c49dd6ab5b
dd62985c-b0d2-4547-befb-f02a13573437,VISA,e78969f0-3779-4ab9-8c53-7f23fdfd967a
6aa2d064-fe44-46fe-a95b-97b98472964e,VISA,60b6425b-f2d5-410d-aa92-1427e7bcc7b0
5f70d531-ab69-4eb3-8ce6-801e66b37ee2,VISA,63870ea2-051f-423d-96f6-623af6a71857
8e072ab0-e29f-420f-af05-060074f7cf51,MC,96cc1bba-d119-461e-b01d-70839f2ccf7f
a339fcde-abdd-422a-97d0-69f3b668e746,VISA,686da689-04f3-486b-ace2-29541dafdd24
ff6536ae-6838-4f2f-9efb-6440cef95ffd,MC,590dc450-2c99-4544-a382-a4a28a6ebf5f
09d8b3d6-458f-404b-8513-7217e36ddd55,MC,6b7c9027-481b-4d8e-8f6e-160fa2eb76de
ab16cf7e-c960-45a9-81da-c55f72bf0c95,MC,f32f6231-524a-47b3-b6e1-8e98e6ad5171
a18b151e-dc7c-4ee2-bf4d-9b6960940829,MC,2a357a8f-9b5e-410f-9312-6d24bf482382
26f3affa-85b8-4114-83ca-688e1c3e11b4,VISA,0f2eabc5-aba2-41c5-aea0-360bad57d909
7df0beb2-0f74-421b-8ad8-a401fdadb636,VISA,fb69dbde-8f52-4e0a-a6fc-971f22689f76
3bfd9a2f-2707-422f-a70b-7dd020deadf3,MC,d82a185f-53ee-42d6-becf-27e3c9f8937f
f16ab886-451a-4769-a207-918c8a6d33c8,MC,5a56e4cf-70ae-44d6-a69a-d7f5c049b09a
e5a408fe-7891-4b95-8a84-8abeeef2b8e1,VISA,21eb311a-873d-47d1-b1ad-2ce85b099461
ea7698d5-3ab8-4660-83b7-83e5542eae19,AmEx,53429506-779b-4c38-bbae-531a13586c6a
969345d5-ef10-483f-9785-815bf80719f5,VISA,4fad06aa-e0e9-4281-9197-004a4e1fb64a
236ff2cf-83b1-4e7e-83e4-8a81d7acb666,VISA,63f97fff-0b69-4102-bce9-84f11ffe28c8
b66b2745-140e-43a7-a960-dc2bd304c056,MC,904f7456-406c-4203-8986-8a0c3791f65c
1ce3a3a1-8288-423a-8bc5-b7d5163c0026,Discover,b97ef1a1-3e8b-4544-b001-4b516aaa7b23
5b49f6f6-da1c-4120-9b8e-5f4ada6f3036,AmEx,ff6bd9ef-d0ad-444b-9857-046a47d3c99a
12f37a0c-be01-4ad9-bfe6-801a8aceefb0,AmEx,ad5d6303-f952-4ed5-a53d-322dd071bb15
d096a9fc-34f2-4446-ac76-06b46d5801e1,Discover,df40061c-9c49-4b91-b7bd-6220148eb2a8
3083b9ad-1996-43fe-ba50-1f714ea45994,VISA,1789f9d5-c57a-4c94-83a5-70044e3a0996
629d0cbb-14b2-4d50-9891-5d9b9d9ec37e,Discover,e09ca09d-4e08-4737-87fc-25a101b66cd8
f05bf18b-cc41-4547-b405-8d0a9c3c2150,VISA,93ac29da-d3df-40ae-820a-5f25e523e293
950452e7-1d90-4cb7-9de3-04c7f14c428e,AmEx,3d07195f-1f11-4d0b-81b6-a1baa077184b
e15d838e-c636-4d06-8e32-9634d51a5325,MC,11b49060-26dd-49b5-85bb-8d433a09b5c5
1654c9ff-11a2-41ab-ae4e-1b6bb1cb4f97,VISA,5f0e5497-55b4-4c8e-a77b-596e313bfe78
fdb96e90-a386-4d0a-9899-f62400d7a41b,AmEx,c37edf92-8c46-49fb-9639-fa4b214572f9
c1a314a5-82c3-4b37-89cc-25f912da0d97,MC,6dac4288-2aef-44f7-8dfa-4424d582c874
828eea88-b126-4515-9dc6-f058c565bc7c,Discover,a1602004-f967-46e4-b136-99cddc33e456
5c4baf50-4fa8-4da2-9a94-27473027622d,PayPal,eed72733-d4ed-43b5-834c-d769b00e3914
62243e20-4a2b-4230-9c68-73e5166334f7,Discover,1bfe3615-68b9-419b-93c5-cc507a7e49fc
f2b4c056-4396-432a-93c0-663a9065d98f,PayPal,3f99644e-a294-4dbe-95c2-548761dd795a
618fe081-86b1-4d82-baf5-5387d461f51f,Discover,7f62d287-5ce2-4926-a153-872969d0d34d
ea909bc6-ab46-4bec-b619-caeca76a2977,AmEx,6d1a3836-87b6-4536-8306-539d61bafa21
91ebc829-e11a-4e5d-9711-3f714ce52021,VISA,c16d772b-c904-4069-b5d9-1e1b635f2543
c09c9a63-cb39-4c54-b2f1-03efe41ded76,AmEx,0a931a45-0b37-4d77-accc-ad159b0014d2
6ccb1a85-4288-4212-9e1f-7048b8a888c1,MC,e81cd949-4319-40b8-9579-b4ca5210dfb1
f59fce7e-96db-4ccf-a441-085e46a8475f,AmEx,d600ebb1-faa4-4316-96e1-21f439ea0fdd
aba09747-0017-40f5-9e4b-8643401e1f0e,AmEx,c86ef89f-f61b-4047-912a-1a3eba858685
f1cb106d-f108-46f6-b379-919f9f7a2afa,Discover,5f06f45d-ddeb-463b-9df2-b38309b510c0
13724141-ac1e-4cf8-a5ba-32f879beed03,VISA,310b775d-dbcf-4f48-a6fe-72fa932d29cb
253e882a-e4c8-4a36-a8cc-3a83c4c9d374,MC,730b10dc-1933-4289-95b0-1d548cabad07
aa463ae1-3c66-4a61-9dc9-e509ace9f96d,MC,ea08fb1c-4af0-454f-bd4a-b2a4ccf7634a
ab88de9d-b3d4-41a7-a497-34a6fb0c5477,VISA,22f996a3-45cb-4773-b17d-f0c64415500d
d04960f4-3bf5-4d48-805d-41e5755f4a23,MC,b0ae7213-d642-4df8-b4a2-e2fbe4f08b9c
799504c1-8498-4574-82e1-ef9bbcd8cc1e,VISA,b3b695a5-3d3d-4a3f-bbf5-170da578a9a8
7348499f-3bfb-43c1-84cb-6bcbe8d339b7,Discover,4f83ba19-956d-42b7-a803-74631291622d
d1cc8de7-4546-49c6-948e-f60c76f6c142,Discover,6a98702e-f331-4748-80cb-399a2419ac50
2975b7da-5382-4fcc-938e-f97a2ea5ab86,VISA,c7bc366f-399a-4bd5-a55c-9f65088f9cfc
13708e1d-7389-4b33-b66c-1caef153a3f6,Discover,8fd70c69-7289-4b2f-8ed6-7b53b848f5b0
117469a5-1fc4-4834-b6f4-d6cefbbb844a,AmEx,00ac3761-9011-4f28-a7c0-d4f3c260c762
1bf1966f-3d93-4453-a570-3d76a35e5f25,MC,6fb5416f-7564-40a3-83ef-919c7038a827
2300bb82-2e3b-43de-b1ae-6215206ef677,VISA,ba845835-ffdc-4fa0-9aa5-0d83d969c314
ec650156-ae04-4eb6-affc-42e1bbf9b05e,Discover,a026ee24-b778-4513-938c-e83fe1720e9d
8a2dd92b-9f9d-4953-9384-b1689c8eafb8,VISA,6a8c22e9-f116-4c68-a1e9-e3a7a3f1b7aa
35f1597b-c894-4e82-8a87-ceebba53da12,VISA,af42cc91-5ab7-4118-bdf8-d14fd5e82846
965acdf8-ce13-4233-8cc3-be7c3e05a5e1,VISA,96b84b5d-2cfb-42a1-83a5-20136436f8e6
fd09e3b9-7bf5-48fe-818f-6679359edf5f,MC,e8a90357-5936-4d8b-8183-55511e490201
d6f6810a-0506-4cc0-b5e4-0a8ca6aeea31,Discover,291dfbbd-0ed9-462b-b75f-3415cbc9c72b
9722c831-71a1-43be-bc3a-e3c4d79297bf,MC,53943d24-cdba-46e9-a91b-f79cc63b76f2
cddfe1b1-fe99-4b23-bd1f-b8624d297aca,AmEx,4cecd191-4310-43a5-83ca-52162e3041cc
2d79e284-34cf-433f-8a4f-c1b92f3c9525,PayPal,3c399246-59e2-421b-8b46-0543aa45150e
b740bb9c-26e6-4890-a621-36698d940959,VISA,34eba5cb-c5f3-47fa-90c1-79c9ab66d3a6
f1c8fce3-dd5d-4afe-9704-10d449d14ee5,AmEx,e7dbfa01-222b-4e61-8349-3f270a189a3e
a89d72c8-4b5f-4814-b38a-ec6730ee1703,AmEx,3f499afd-5a4a-4aa3-94cd-084db9290c05
ab3681ba-1608-4f21-a4db-7a4e2d4cdd30,MC,f31da92c-1a5f-4876-b7b2-c55fce9be469
cbbf7731-87d5-4285-a3f5-c61f3d2255d1,PayPal,ccb2b61a-b209-4007-a7fa-f351cf83638e
265cd8e8-fc04-4ddc-89a7-8f6355d9aa81,AmEx,cf817d69-f1f1-4529-bfdd-9092476e16a0
773a4f87-c917-4fe3-913b-21e7cab0e7fa,AmEx,8c767d10-5a44-48e2-bf1b-4c10fb46b6e0
746e47f5-f6df-4370-b827-55458ff11f84,AmEx,fce35a9a-03f9-4634-87d1-7a069624f6fe
2a611816-e050-436e-9699-b96a3f03443d,Discover,2a58bbad-41a3-4286-b756-51ffb035d5e8
b3a11ee9-43b4-41e4-a1f4-3fff33748373,AmEx,dcc3144d-8acd-4e9b-84e5-0f2fa870b16f
6101f936-b4e9-4e1a-baf8-d8d7450072a5,MC,f7310e1a-fd44-420a-9124-c52e2d3d6ba5
2dce0c33-e1f3-476f-8b34-ea9ddfacb572,Discover,aae5573f-4971-4060-831e-fda193d42bc8
98fb90a7-608b-4c2a-b3a6-9c4365515491,MC,0d0537f6-8058-48b7-9df9-548df6bad9ee
c868d38b-d2c5-4041-b52e-e8cef365b5b5,VISA,30a0d40d-53dd-4fd5-8a5f-0dfa26eab149
512a1cbb-ab2d-4f66-b669-1f998e9ce3c1,Discover,ae2df8f1-b4c4-4cc4-a747-622aa9214311
77aa1560-dcbf-42e7-a24b-492468eac5b4,Discover,fd422d5d-5e5f-4414-b0dd-a8945b02a5e5
4a61e224-66b7-46d3-b157-e9c42848d113,Discover,c8953d1d-4259-4734-a205-64fb508aef54
e19353e5-ecdd-4213-9478-2a8459dc5604,MC,735f7e54-5f05-48bf-99cc-30960d990904
647e4047-c2bd-4717-a303-a3044c613ee0,AmEx,9aec6b89-f00c-4c21-9071-d63a0ce94130
38cac7ee-2701-4547-bb31-03b85b125ec0,VISA,931655d3-7337-4d1b-94c3-9596097a82b0
a8981dc9-dd02-4dee-9e15-fa522d54df2c,VISA,6034ad1c-3d97-40ef-b4ad-2b809cb05bd5
0c63e998-e852-4b60-a94d-b9b9b012d664,AmEx,e988cf41-6cff-4508-a8b2-ec9452a30d0b
7430a8c9-4d3a-4965-bea4-c7edac84d0d4,Discover,a83439f8-d521-4992-be7d-9224c780442d
c0620f68-0c10-4f5b-a068-5fd42a18874e,PayPal,8b95d335-277c-40a3-8174-a302c447791f
7d6042a1-420c-4b1a-a703-4bb71ff2c14f,AmEx,a26d713f-0e63-45e8-beaf-a58c0ddd09cf
b559d708-6d42-4d1f-bdf8-555f62606253,VISA,d1350f29-36bb-4c34-9fa3-3285bc0629f7
64b3914f-0275-4df5-98bd-ba901c7dc9b3,MC,795559f8-ec2e-40d0-abeb-bc8da8b66922
1486f8da-c7ed-4b23-b412-50738ed38d5a,MC,7628cae2-09e9-4864-8669-3c9d1947ed63
1158b4b4-e209-4c4e-830e-c3d4b2be2570,MC,f182e7b2-6d5b-4397-8ee7-1a1ddf324b58
89c80e71-b51b-44a2-b4e1-68e69478b691,MC,71c594fb-ffa6-4042-a3de-276b2ff3a2c6
4bf4897f-7528-4857-9a08-4a556b53da5a,MC,81021173-2710-4b39-88c8-063d4e94db3e
5a64b4ff-e4da-4c3d-bec8-531fdad0df66,MC,72c3e658-77d7-4fa5-9ee2-cb764d3cf474
ffc2cc6a-412b-4a4d-a9ae-b1780bf40abf,MC,a9510585-02b8-456e-8554-126cbefc2947
9bb9a88d-8b7e-456c-83b4-5894f6606c68,PayPal,bea6d445-fa9e-4582-a855-3afa88fe9167
ef4d15b7-90a3-4edf-b73e-e74aaa457fab,VISA,cf7c57d8-3fa9-4253-b340-037516e2ba90
5db604d3-c4ca-4efe-9dfb-af1a92821497,VISA,bd91e256-a008-4ec4-9943-f07fa593299a
18caa6a5-06c3-4131-8777-19ee1becd792,VISA,b7491b59-89f3-4087-a19c-275dc12901fc
189ee5b5-4845-48b7-b09e-ab6de1c63952,AmEx,6feb518e-6e0b-4bee-a696-62da0f82d380
5911366b-f2db-4e40-8d75-b140f3d14154,PayPal,343e5518-f9cc-4de9-8316-e32fd30d0b97
9219708f-74c8-4c85-9c21-4ba2baaafcb9,VISA,4e6a7e40-e483-4525-bf38-1e40a8c129c3
6c8adcb5-8451-4ff6-aace-130314815e9e,MC,61725f3d-20fe-4b42-9349-4f5f5d16660c
19b8166b-753a-4b7a-87dc-88e7b065d8f6,VISA,c1496856-b10d-4f59-83a0-b6bff23e7987
a9ff0ab5-c164-47e1-b9cb-c222a585a9ab,AmEx,afff3991-5e08-4c2c-9ac9-2c82d7727a65
08ed21c3-1091-4853-b16a-5c887dc81d95,PayPal,95d3b1cb-ffab-4b60-ac48-4ac26d1eaa03
cdb4017b-d6f8-405d-89f2-87a5ede9e20f,MC,8bc55a6f-31e5-4c9e-bed5-1474ec46323e
039b3f64-3c6a-47b4-ac65-14bdfcadfee1,MC,3523ce6a-a8ed-4fc3-9f0a-f8be1e29ddac
14beef8d-c1c6-4497-b4c6-d7659be59b61,PayPal,823d8ff0-f2e7-4705-a2bf-70ec05b5f833
bdcdc93f-0754-4eda-9fd0-5e58a210bf8a,MC,07daba58-6839-4433-9cf8-40be4475b1ab
05637f12-543c-4302-ab0c-4ffd30324638,AmEx,750f0c1a-5380-4e55-aafa-b4b319445d03
8ba87a94-25e2-411a-946e-40256f354bd3,AmEx,9de0a10b-855f-4fdd-932e-a5eb49350a78
98724e5f-16c0-47ea-9c2b-806aac5241ad,Discover,369c7e9e-9b46-40e1-a9ba-b34fc66ae925
d68cabe9-026d-4966-9073-d1571cd2ecde,VISA,e0f7f327-3878-48e1-bbdc-078bddc2f215
75b2d1de-bb4c-4b8a-a8a7-e8cf82fa06fc,VISA,b3858754-ccb3-4319-abd1-d6524e2f46ba
a4a375ce-23fd-4f11-bf59-0b009bf6883a,Discover,bc603613-a8cf-4bbe-b34c-030e4666e17b
8c966b84-0e77-49a8-bcd2-2032738a8dbb,MC,af360106-9f3e-4d92-ab7f-7dae8ac75fe8
8e817479-391a-4e52-8d3f-cc36f069c5d7,AmEx,c5477be0-0b75-47ad-b927-3d9044d38236
6c7b64b5-614a-4a83-9d55-b5d9a81d593d,MC,53da7d83-ce53-4323-9ebb-09c8b45665b1
269b73bf-5371-43ba-9c2d-575bbcc65f44,VISA,83f5635e-d620-41ec-a64a-e8f1e0b92ff2
2dcc5a70-dfa0-4ccb-8811-2d5ef3afcf1d,VISA,52ad4e11-2013-4bec-8dc6-94707ea57351
c65aca70-dbd8-49a4-9d7b-aeab60feacd6,MC,242add2f-657b-47a9-962d-09e09003dfef
c63c9b37-5317-4f73-ae07-fe7365b9ca37,VISA,5026e9c6-c82e-4bf6-b74e-d8e7540bb65f
31c2eb77-b607-40a6-a22b-8f46d182e283,Discover,9e0db3eb-d224-4dbe-b35f-63b3e26c16f2
ec151123-7843-4403-9c53-1300d7b6d11c,PayPal,32c8fd4f-b4bd-4bdd-88de-24c5e11dac88
b3848564-2790-4739-aca3-2b7f1b8c369a,AmEx,f903b8f6-4ea8-482f-b368-a9de68c210f4
309cca19-93d4-4461-9783-b4d98fba852e,VISA,3d52c116-c4da-4ce2-8619-7367fff0e15a
0d4f06ef-5c5c-4c08-9773-8cc809f26893,VISA,e9b82905-7076-4e7d-8f04-b35c0cbe3e87
b75a5136-8661-4551-86a2-54a8368fa90c,VISA,10cdb359-f55e-405f-8868-99a5bea2927a
4bc92ec7-9fff-4243-b823-4d2584072458,MC,9d26aaf2-92d6-43ba-b0fe-2975592b547f
58db3a34-d2fb-4309-9fb9-22fefdcc7aed,VISA,4abd32ce-9ce6-426a-834b-b2e8a10ab782
660a0425-2aa1-45f9-9048-3c48725bfa15,VISA,bd3e1f60-f2f5-4b67-b053-bf5d26e2ab5a
e2644a6c-8634-4c58-9044-470d011f5535,Discover,ecc20f37-b50a-4908-926a-9bc699114dba
a134bbbc-a392-484e-81d5-fed81d745499,AmEx,94f0c176-c210-4ea2-813d-4799d4af5a48
aaaea3d0-1e75-494b-9422-76a240eef248,PayPal,e22c3acf-c02f-4f46-a58e-912185ac431f
9f0a5057-0742-4882-b3c5-5656363c48e7,VISA,d4664530-ef42-4dbe-94d7-7cb94ac2b5c0
738f8066-39f7-452c-b9db-ab0336b45276,Discover,77779ce8-c667-46a1-9a50-7aaf967f2469
55104091-d342-46ee-845b-b07f026a14bd,Discover,56c7f649-00c1-4215-9689-75365deda939
f68f9b0f-d751-4482-a4c8-9902798654b9,AmEx,a3bbeb1b-3e46-4d6b-b27f-abe1917a571f
69f3d1f1-272c-4af1-9099-26656f1f3de4,MC,943d13a9-ca92-4dab-bd7b-52fb4a1b9fcd
886f9dc1-bcf8-45b6-a12d-8284aa9ac3e5,MC,56072c64-057c-4aa9-abe8-4586ecaeb87e
914152f7-6aa8-4081-86f1-c4b5b57c36b1,VISA,0eddcc51-e891-44e9-bb2d-6f91e1b9378c
b3728b57-7961-4c39-bb23-2a16f748aca7,AmEx,a96441b5-0593-4c0f-b760-53ca448cb503
80825292-6b77-40da-8d85-94935dbda394,MC,be9de7aa-1800-44ee-8483-f50e7c9d4e69
6030f6d8-4341-4266-b535-3eaeac86079d,Discover,dc9ac891-6e2b-4e67-945a-669909126344
e9fe0ec8-5208-4736-bde2-f6243cd40249,VISA,4b3fddfa-f878-4f15-8283-eac19961dd72
2127a554-9da7-4504-9afa-4086fbbfd100,VISA,de481b50-4030-42c3-aedd-e0b0434230df
e501bc6a-a14d-42b3-9471-389bd008e0fd,VISA,980b9f84-bad7-4142-96ec-337663650d61
64bef14a-1508-465b-8a48-667f8d1cccec,VISA,9f155aee-6c9b-43cf-9437-527102cc0962
17a205e7-38f9-450a-bb74-97ccafcf776e,MC,c5f8668d-f482-4b8c-b229-9225fadfb1a8
fbee43e3-5655-4e81-af97-a2b3917756ae,VISA,a1cc3b2b-4a00-4061-a9ce-dc3707404f97
afeaea96-0bbf-4805-8671-8fbca07c7202,VISA,ec77d5da-2f86-4c5e-9f83-4638962588f5
b1bf2f3a-6ecb-4c4f-a43a-3fb9cdf514e6,VISA,901a76a1-ac87-4aff-9434-6ce84d11a284
86a13fb3-e783-4006-97a2-e954fb2f9411,AmEx,17fcc37f-3088-417d-9a7f-a5d1bf56b460
007e8850-21d6-4620-992d-633d10acc5d3,MC,1d95c7ac-2182-44d4-9410-e82adc44580e
e368aa34-0e07-4c67-9236-c59682e47bf8,Discover,e2eab4ee-3441-446e-885f-1ade73541468
4707a73a-25bd-4d87-abfd-21a788fbac56,AmEx,5e641555-45c1-4a6f-b05c-235495502af1
7f6a742c-8a23-48cd-bbd6-138346ee3942,Discover,ec143a17-11ad-41cc-a152-4e44ba27ab46
da588531-d87b-481a-8bb9-ac3523a1a3ab,VISA,138eb34e-f6db-48e3-8ad0-3ee498ce7dbb
3e6af88b-acd6-4f67-995f-644eb95a3333,VISA,ac22cf83-989b-4885-b8b4-ee32d856ae78
2cfb0d2f-b6a5-4723-90fe-61ac1201f218,VISA,5c187991-767c-43a6-8939-3b4ad60cc22a
935c9129-5fed-4fc1-90ee-4633487cf59b,VISA,4b29ea1f-b6df-4c51-b441-80d5dd35ef46
c7b764bb-059c-49a9-9549-3db76e31152f,VISA,129d5a84-47a9-4fa2-89d4-ef5a4064147e
9cba8d60-aa22-4352-a325-44036840165a,MC,1c738f53-211b-4b3a-9497-80b6ddb6d8a6
a1e378f5-1812-468e-810a-597737bc7de7,VISA,8bed6637-68ee-4950-bc79-e46d6f887a60
707f0090-551f-45c3-ac9a-48645a9eea49,VISA,d4af5af0-097c-4679-955b-d927909da136
3cd8e379-16dc-4911-bb4c-eb57a8efe213,VISA,e644e709-1c49-4e88-bfb8-53ea5f6d2c6d
6f02c0ac-b82e-41b0-8482-396dfc482bdb,VISA,1a3167f7-6228-4913-af69-974572b57f44
38234dce-10c7-4ee7-bc4d-6b56a861e787,PayPal,b959ffa6-2921-4f1a-929b-22897e5f1756
a489f161-3e6b-491d-988a-12144f09552e,VISA,0841b2a7-524a-4a57-9314-418944a92f7d
34d972b2-6808-431a-b4d7-5a2959c953fd,AmEx,687d3cab-5853-464b-9af8-2b50c57e8a9c
aa1c1e49-0bc7-4717-b9f6-56755d296ee3,AmEx,6a40935a-c08a-4b31-8158-2e8e86310270
515e79f5-35e5-4d84-bfc1-9366a4621889,AmEx,5ba34fa4-6830-4d29-89ba-f7e8747d675e
ac43ec87-0d4e-4fa6-8c03-d54976e8ca37,PayPal,62d715de-b521-4dc6-a8b4-a1edbdf46464
718b3cf7-d700-43e1-b207-eadded6d6fe8,VISA,13be3ab0-4f12-44e9-b373-8478917336fe
16e57726-8a8e-41aa-9907-0cad7c0f08ff,MC,6f868516-f847-4f30-8078-7d7b1f197134
0d667ee4-2ee6-4ccb-9fa9-10f064e3cbb4,MC,f9bd3e53-412b-45f5-b94a-32d026cd2e9b
cfa1c86f-b8dc-4329-978a-024991c1c9e5,VISA,5659568f-c0f4-4f43-9e15-ec7765b9d1e9
e50fc513-c542-45f1-bb1c-008f8580e19b,VISA,7df47653-5f9a-4e6b-80be-337550f5bde3
e59af07d-0357-40cd-a5e3-befd24ecd7e6,MC,3fb02580-1c87-43e5-9e8d-d15425467ece
6822cdf1-1002-4909-9bed-527395a2f6e5,VISA,1391b215-2008-48a5-91de-6166acf7521c
259782df-34f2-4a99-b0b9-6a51c59cb4d9,MC,99ae9d57-56c1-49c4-9e59-5e9a1c119d70
6f54d8ad-9706-4be0-ab22-d78ae361a407,MC,5a8ccac9-98e6-4f91-83dd-6ead7724803a
9e94df0d-e470-4f9d-807c-41b1355be017,VISA,7bd81854-2b67-419c-81aa-191614be455f
9bcdf969-11e6-4e0a-90f8-19dfc1ee4b4b,Discover,fbbd9445-343d-49a8-93c3-0f8a1995a8ad
a5cbb7d3-123c-4f7d-946b-e02fa7a44da3,MC,96963827-c806-4a6e-aa3c-99af0e6f8663
2d49d981-5866-4fa8-8c75-cb1596cb7ad7,VISA,89112044-e007-493b-987a-8888e28b95d4
5e94a3e4-30f3-4323-8d77-7d075d304e17,VISA,67ead5d5-3c54-4cbe-bf5a-38e2ad720798
fede5e5a-1c3c-477f-9153-c4f0f87b46be,VISA,ff9634b1-7e0b-414c-8ec3-8fed0592221a
9e19ebb5-d8c2-4fc2-9c63-9e5fb3b1cd85,MC,d5acae5d-a433-4863-b0e6-d59ea6bbfa11
304e2e8b-ee77-4cd0-aa9e-4fa8c06fcbc5,MC,418a5811-1b52-43ab-9591-8b2e7b86ba76
022930ec-008e-4647-8ef7-e3ea00857136,MC,33034275-413e-4375-98a2-550d1453617f
e9c011e7-b3d8-4270-9e6d-35b71136b0c1,PayPal,b84a2fea-3a57-407b-ac87-67f917e541e6
b1fa18e8-9690-4b56-aa93-c9cc34ba6a6c,MC,7a7dd7d3-bd44-4369-9710-f7a602025c0d
50b2296d-2b6f-44b1-a18f-6fc1d24274ea,VISA,12b79ad6-0dfb-42df-809a-f9ea63ba5d9e
17cf685d-31e9-4e1c-bfd5-d702ee7ec539,PayPal,4f6c91be-2c9e-4b09-a797-945f5ae7c8d8
eff542bf-b056-4686-ad74-b79774621516,VISA,61ce1f3b-f0ac-4ec0-b754-4d629f6ca95f
204ec3b9-69f3-44bf-ad95-74184f05e942,VISA,fceede3b-dff8-4ed4-a66f-ee7c82e2df9f
91c21fd1-3776-4c79-b13c-92e6730c68a2,VISA,45fe354e-3dc8-4f83-8423-7cd4fa775bfb
2e378977-7686-4fe7-98c6-6e3e571e0a4f,VISA,1d914def-a8d3-4548-a811-07ce07ea1fcf
fc15cadf-ac5d-4e37-a980-c970b8f7987c,AmEx,b7ceb7fa-f196-4402-a7c5-349adde6835e
da17c498-61d8-4a6d-a998-90ac36b0952d,MC,d6ec111f-afcf-45c1-a9de-aa49aa14778f
e954cba0-8425-4e33-8d3b-d9d18ec7ab47,AmEx,5e2222cd-86e9-435b-b3ba-ea4f47afd270
ab2fd9b8-10cd-410a-b24a-91918f77ad31,VISA,27f5a284-6720-4433-bb20-45f4d02598c1
a5f46ece-5c6d-495c-869a-ce3d98370f39,Discover,3142002e-8bb0-4388-89ff-622e382b62cc
4e809b7c-6a63-44ab-8eb5-d62b0bd9d4b0,Discover,bee03add-a193-471a-89b0-b69e87047e33
788ea95e-2c7d-4efe-bda5-c4af7e733b1f,MC,5d6b8402-8a52-4ee5-a015-b02e5c03fe73
305e65f2-b514-4d36-8fe1-361fd325ee25,AmEx,52fa6024-4ae1-4a8b-9fc6-428dc7d6251e
91e5f167-277a-4983-9a61-626d02b937c1,AmEx,0025d5f6-abfb-41d4-8fb6-f54484ac2275
fa57c783-b065-46ac-987a-25ae93afa424,Discover,ab91976f-6e68-49e9-9420-77d74db7b837
70d27289-5025-439a-9af2-88a4478df019,VISA,0c92af97-9901-4e05-ae22-dd41cc04e535
afc65d1b-ea38-4a00-b7ed-2e1374273d3b,VISA,896d7757-f86e-4d0e-bff5-a4c8deab80a1
c1aacc04-8ea5-4cde-9410-cc82f68e0107,Discover,d8f61798-ff9b-4efe-a024-3c09176c700f
46c35d8b-a798-491e-9266-1111138bf5e3,AmEx,e2855f03-bd6d-4565-9327-6c31bb8f71e0
8230895f-ecbc-424e-bf43-bcec4f564970,MC,1ddd493f-1847-46d9-9dca-90a75e8fef3c
d3fa6f2e-4a40-4910-9f1a-8ca3f5e94538,MC,d2a7d4d4-60b0-41d1-ac2b-a4d3a95d7f23
b6d21873-1b30-4f7b-ab08-8dd5f62b6dcd,MC,65c0e16a-e97c-49a1-8892-34505a94aa0b
7bd88578-52fb-409e-bd71-5ced13f488e5,VISA,c4cd012c-17b2-4d89-8c9f-49cdb38c40b1
bea4e710-c836-4f5a-a23a-503e104a9a9e,AmEx,c804e94c-66f0-4b22-b17a-d52013785f80
4f5fbbcc-db0b-4b33-9225-5578ccd888ab,VISA,fb044ac3-999a-4d81-8dac-61700ef21015
d759cee4-619e-4f15-81c5-0636992a94ec,VISA,8054cec6-b214-4f33-9646-3786e2f5e740
c042771c-8af4-4b31-b668-09b086608808,VISA,03561401-ed0b-440a-b518-52734f4cb69f
f47894da-7299-4892-8e8c-1b17aacfa4b6,VISA,42cdd4ee-781c-4053-9b4b-644dda89fcf0
f3454f4c-eaed-4674-acb4-c27f9795e409,MC,ba649431-6ac8-4a33-909c-0351276d6dce
58050c49-c303-4a3b-9ff8-3ca8652541f9,Discover,70a260bb-085f-43b9-8650-eba669224a92
7a1d5cc3-fa28-4353-8529-4aa61a4bba08,AmEx,fe9d7afb-0417-4ec5-8598-058c6f748006
13f88e6a-54f8-43ee-9e15-4e70ca775279,MC,f1f303aa-f745-4be2-817f-22f64ff442ee
b9e9068b-7f82-44ce-9df8-6ff6d5521989,MC,4cba6703-c7c8-4137-9736-300b457bf6b8
758c4850-96cf-498b-82c4-c77cf938da38,MC,98f80a50-a974-498d-a501-3af747fac934
22c4c22f-cf20-4bb6-b8ec-cca6dd663bb6,PayPal,4880a5c4-715f-4c76-937c-6cbf150bcb58
66000eed-404d-486c-9cb5-fed96556a74a,VISA,80a1edfd-7ac4-4c4e-a6a3-c38ca6e0afda
654f78d8-3adb-443d-8a3c-a1a5a47cdc5e,PayPal,e7c3df01-6e7f-4d9a-b72e-25375332d024
0536fa37-7c1e-4979-9fdd-e38c81ee3689,AmEx,875099b9-d732-4bf7-abb2-8e79d64e1519
4268f83a-c5c7-4af5-9be0-c7fcc2bc3702,VISA,3fa50b9e-715f-4c81-83e9-5162d404280d
5b52a68c-3b85-4cc3-a144-41004db9ec98,Discover,1a63c163-3897-451a-a7ca-70e2bd63677f
0a04a26b-3ab3-4050-aaca-093f51964c83,MC,cdb20712-894f-4802-a11c-de1bef573fac
0821cae7-56f3-4906-a2f9-a99ac9f8c8cd,MC,dbb4657f-3f5c-4e74-97ce-0f68327e0e47
8eeb2f93-637f-440b-9cf4-e015e6163731,PayPal,b18f9ed3-3568-4596-a663-be73b5a33fac
db29f5b8-1c03-44a6-ac79-7cfae8b77e3e,PayPal,2524e547-5a15-4db4-8965-f7a53399c985
103900c2-86d6-4470-9f40-3fcbd02adf68,Discover,2c0dbfa6-e3d3-4e6a-a02d-2ba6a7ac70fa
3bc3595b-a748-4b3f-9d07-b381ae94a0a5,AmEx,0f50a333-dab9-4942-912c-d2f080bf37de
8e9dacbc-3104-43b9-bdd2-0d034227b4d8,MC,265c758b-e40d-4d5c-b658-6f7e76edc58f
ae18aa49-5060-44ca-95b7-72b7139f8137,AmEx,43e0c8ad-c746-4272-9263-5c5e2ebd1582
ee5c4cd2-4a5a-4b34-8877-bd81ede0949e,VISA,fb3bb3e7-af32-4160-a9eb-957a4594f4fd
8e884677-2efc-4e5b-aae4-7d757db28012,VISA,9e51a8b5-b652-49f2-b77e-0d57cf89ff5a
72f7918b-eb0f-4463-88c1-09271c111ed3,AmEx,cb915314-3420-4666-9205-7b1eb25e66c7
daba4c2a-010d-4b61-a93f-5d4fcd066543,VISA,5e3cedcd-ccab-488e-ad19-7b791ccf0246
de72975c-7293-4585-a25f-291264d026e8,MC,c68ee3c7-5691-4ed3-8cb2-1f3e1c3c3c54
785b1fe4-5a3a-49eb-ae06-2be39eee8a8b,MC,9e0680c9-756a-4302-ad65-d679f054671a
00b0b0e1-561f-4574-b982-b908f44cc817,VISA,5a7f023f-6b36-434b-9ee6-8e3f1a668373
15e507c1-95ec-49c7-bf33-b32c51e78fb5,PayPal,b327be81-257d-4cde-9ffb-7b292f9c1d51
e7d7ba99-663a-4056-a2cd-9965fe404495,Discover,b3cd9e32-7fdf-4e8c-acf8-c8076987a45e
72617e37-7dec-4b9c-a60f-b317c9233ae5,MC,c2dcf3d2-6181-4478-a920-2f489cb2df38
95ab1505-9895-4f8d-b3b2-339f8d8c0f47,Discover,e051d097-b5c0-4f60-939c-1799161a5ed4
6363a563-5ce6-4d1b-a1c4-2b4946accd78,VISA,a6e23b9b-ecdc-4f4c-a6c3-b089c3ab3b3b
9472e474-4b20-4d09-97e2-1ff62e52eec6,MC,8a38aa59-cb5e-4e59-a8a9-cd26a29d6f68
1c676eaf-ff38-4ca5-83ec-ce2501076923,AmEx,4aaeaa17-6735-4116-bdbb-473300530654
d33bbb3e-c075-414d-96f6-eae4e340d82a,AmEx,58426c87-669f-4a64-9793-5a5d9e7f78a4
2d095dc9-da65-479e-9502-80544b539401,AmEx,d2c547f2-d499-4d05-90a3-04e08b8afa2f
9282ed7a-7f15-4a03-91c5-d24bbff70a28,AmEx,f52ab3e3-1319-4c7e-83ca-707e02ae58dd
23ab6d18-9b68-4fd5-ac74-b9ebe4443cc4,MC,f4b9f743-c415-4527-85e0-e4e112c5f17c
de946bcc-b365-4357-817a-a4341f02fbc3,VISA,b183ab99-55c8-4e12-acb3-b601694bddfe
5f911d09-f942-4dca-9faa-7a5a9d4d962a,Discover,d3af6588-3193-4b25-8178-f107ed488b7e
821ad860-f666-476e-b96b-91e0262bb7e8,PayPal,b29d5e9b-e47c-4eb8-be59-cf9cc820736b
881afc31-6548-48b3-9e98-cfa2bc69161e,VISA,ee25ba51-ccf0-4dc3-9789-9c86fc788251
a99bc287-1692-4324-a448-6b736b8ac70b,Discover,e61f6937-b525-49cb-9022-a2bab0ce7ef9
8c4704cb-f9a6-4dcf-88c1-2a807a22748b,Discover,43d33c96-cf52-4823-b686-05f87440cde2
6e4ea52c-802a-453e-985f-4571ed1f3bfb,VISA,78c5b0cd-64c1-4805-a918-df3304993b56
c31fd802-1a30-45d9-93c6-d3cfa5b41874,MC,986a8308-6e36-4fe3-ae7d-3e1866294c63
404c4783-9d41-440f-95ce-c0e7e7c079a4,PayPal,bae1adfc-d9df-436d-ab97-50d7e33ebab4
8a7a9e48-8934-4fa0-9df4-92035decf200,VISA,d6eca9ed-1a6f-4fd3-8b9d-c4a1d0260f20
385ac333-8e54-48ef-a1fb-4228b2c1499d,PayPal,3db25aa4-a3f5-458b-95f2-55263dbb7e2c
55a02eb5-714d-4ac4-a6df-829936762b79,MC,2a8ba12d-de28-44cb-8da7-7a3a50df806d
65f5dcb7-dafe-43df-9efd-b8929e8ef8dc,MC,ec2aeb1f-420f-4746-90a5-acd5bd06bf92
e4dec36e-0583-4421-85fe-92630199c6de,MC,eabc6542-caab-4df1-9180-827139f0df1e
055c1b6b-1a3c-4132-89b7-364d10813b10,MC,0e0e3291-f9c0-4973-952f-646993a5c08f
0cfa9516-7f52-433f-a1f5-4660cc48e2f1,PayPal,5d238d58-6060-4211-bc15-def7ce868cd2
67b5d67f-918f-46cc-beb4-8057cd5171c2,MC,f9c7ae82-0a69-4502-974d-9ddf67d3582f
a57186a3-47fd-4ebd-afd2-82d7bb82508b,VISA,61ba1d05-ed85-4cb0-91da-b8810552af5b
06a5d5ed-ec0c-4bf8-926a-9cba8045c963,Discover,712448a7-de33-4ebb-840f-fbdaf779c551
6e515e05-f3dc-4688-a3a3-9c3423a7dd19,AmEx,14ed18bb-ca67-40be-8970-ed31ee11caee
1647b470-e2fe-4881-a4f9-c82eb0019be7,MC,40dc7605-63de-4fe9-aaf7-9c8360602654
08ff9b1b-2145-49e9-9ad8-3e4848f35009,VISA,138fb43e-465a-4207-bd7b-7498cd7113e2
9ee81b1c-7f1b-4422-9792-48fa8ede7177,MC,8c2640c3-c107-481a-b500-b316764b6d0d
ed710e6e-e5a1-470f-a154-6eeca6583e08,MC,f9a8c62f-9446-46d4-bcc2-21cd2ec1fa52
58a68ea0-bd54-494d-857c-5e773f61f0c7,MC,d928f505-38c9-4620-9cb3-655bbf843967
dc57fbd2-937d-4413-b4ea-360744bea2bf,MC,5f39c44b-f69c-4be3-a642-dea85e763808
71bad7ed-9363-4285-9110-0f0c2ce578aa,MC,b326766f-f3f5-4ce2-a5b4-8e83722bd54a
6ff23040-f4a3-45b0-abfe-899d1f9adc39,VISA,22aba4b8-31a8-4e82-a44a-0d040912122d
e4578fed-3359-44ec-be2e-1705190ec7a2,VISA,72b3210c-7bff-4eca-bbc8-32234f9c60b6
f2c2093d-301f-40f2-a92b-a6727d0e9fe7,MC,6633b75d-3748-4ac9-8f5f-8ca27610854a
e57fb021-53ad-4b54-9f22-28334029116e,MC,5e46a679-25d1-4aae-a6b5-c38af7a8e088
2ad7c6bd-8486-437a-a2f5-ecd0289ca8c8,AmEx,8c5c4f19-d86d-4c01-b599-1df9026a330f
8f5f5737-051f-4ed6-aee2-2bea9475b4cb,VISA,95cb475a-4e51-4eab-8b58-dbd4e90d53e6
5ff5f18e-2db1-4020-8086-6cd623bc3939,AmEx,9fe0db1f-d3f1-4978-b101-08b1ba16d587
fa9f3201-379e-4148-b38d-227efab31993,VISA,3e784167-9a73-4322-bc86-dc805bd7b488
91dbf053-cb3a-459f-b216-24efae31cdce,VISA,a1ec37d4-a952-4ae3-8b8b-2174390bacce
8c8d1160-3251-477a-a26a-0bde301ddf4f,VISA,76ddc4b2-330e-40ed-a997-8db9ac24838a
d0a2c603-75be-4cf7-bb7f-304c250b2de5,Discover,0bb04500-48bd-48b0-923c-2e749b9adaa3
b45e2d2b-e96f-4942-b928-b265992088fb,MC,a3fccbe4-5971-4a7d-bfa3-260d8a3c2f18
b1cd7b31-521d-4a50-b2cf-6ddd3ab71b6f,VISA,c11c369b-dc5c-411c-9306-790e56760db5
db00a00e-7028-4352-8f74-eafb1fca77f9,MC,8b4f141b-4531-4a51-8b58-10bfa0cc534b
95ff5aab-eae1-46af-b244-ccbc743ae2b5,MC,00b02a3b-8e17-46d3-af47-5796b7589fd8
03f0f802-867b-4920-9da1-f5befa69ce89,MC,31226c03-25ad-4a3f-9817-604a3084b841
47cd1077-3e77-47d3-be9d-bc3dc6768c50,Discover,5dc10030-2ae8-41ee-a984-c5bc419a6952
a489bfa2-5138-4cfa-b776-1dabaa752a15,PayPal,bc37c61f-1fe2-4f95-9ba3-371bf6ad472f
53c71f2d-ad5e-4360-b687-97536acf60a5,VISA,fd7bdd32-fd2c-4116-b9bb-83f711539e3e
c27593bb-0773-46c5-afcf-dd422d35c09a,MC,1ea8955b-5dad-49ba-9926-47b6c129a8da
061c39e5-0392-41f5-8cbb-420e3fe41d80,MC,f2b1107d-6c18-40bd-9403-0aec71b67c6e
b3d79cfa-9641-460f-97c8-23ba77640dff,Discover,b5e14ab0-aaec-4fea-8f42-8575c78a6426
45d48c81-2e02-4ec1-a50c-657495c3305e,AmEx,d7aa5e69-370e-4c45-a3a5-dca69433b059
5213ac2c-7446-4572-ae0a-6705681eeca9,VISA,acf2b965-0bdb-445a-8720-e32ba3bc9042
61d15c4c-b7ae-48b1-a452-77b28c299e6f,AmEx,b3e4bb10-ebce-4873-b798-2b0d6176fdc4
caaac32f-fd40-4432-a86b-ab50f7f432c9,MC,527ad0cf-2716-4dc0-857e-ca8c18966055
64c690ff-6622-4f34-bee3-4c78d870fa3b,Discover,8e9cb12e-2224-4c87-ad33-2b21ee88382b
98dbc531-0c77-4b75-9b34-e3851119e4ff,AmEx,22ab59d1-9827-4a3e-8da6-6d9da02dd8ae
e0733b8d-4726-4b10-96c8-f416b97cbfcd,VISA,57471bce-9db3-4fa7-8ce8-456c2aca8cff
888735dc-e7cf-47d7-8a06-ccf26184d60b,PayPal,7ee46d3e-9844-4f33-8ca8-5e5b6bd2b973
f111e545-6f5a-4565-ab6c-b2fb667710de,PayPal,7d7607f6-b12a-4da1-9238-515bbbdbe469
69be192e-bae5-4a41-af45-594cd690319e,AmEx,62f225a3-01ee-4ded-b029-341a309a2c52
15f316f6-c41f-490c-ae53-0c47a7909e05,VISA,19012758-0e1a-4192-a446-e61def1ef0e7
7c126ac2-ef38-4646-b599-e0e2d9c560ad,AmEx,a7704cd6-acab-48fb-bb5f-f76fa526efc5
1b5658bb-da91-411f-89e5-77ad19bcda42,AmEx,146ff85c-3faf-4008-a35a-7dbcb8b1e4f9
abe7725f-22a3-40ad-8b84-b8aa074ffa61,VISA,96778f6e-ebf5-4c71-ac08-b8d43a40b90f
4245079b-f239-438f-97e4-cf5a2a92da7d,MC,a5d3555c-4646-48b3-8b10-8f9c31f6d64f
b06aa716-3153-40fd-a029-ed4a2ce2bd72,VISA,2b8b9848-07a8-4162-8109-466cc53d5170
98ca7a75-e620-4c8e-86b7-0af2634db90f,MC,5abbbea9-6444-47b1-99a3-e2ccf5836f48
d64c0219-4f95-417f-b127-6869a7476244,VISA,a2b1ea1c-d966-4d14-890c-5c2df23be5b5
740a5fbf-b6a4-439a-98ac-5bcd52551cb0,AmEx,e0ccef49-1169-4da7-b536-a278304b190e
65fc30bd-d933-4309-b407-baa191107aa7,MC,0b8d393e-30c5-4da5-8a5c-890d78cc3415
519fdd59-6e1f-4bb1-a85e-53f528fc7b00,Discover,5944f13c-d424-4030-8d25-4e9502e5f479
523619fb-3d13-4dff-8e3a-4ce41dbd97a9,PayPal,4fa0605d-4466-4dd6-8831-43038b34c4d1
70627309-1390-4147-b1e7-8a4fb2de5f86,VISA,b7ecce7f-9ad5-4593-8eec-8d474bba126f
6bd42e47-41c8-4182-bcb6-8196a5fb250b,VISA,eadb2792-d6c7-47ae-a360-d7af0046c3ef
ae044b8c-07b7-4aad-896c-8e7f57479084,VISA,a2bd318b-7735-489d-8865-3814c9e2234e
21f926e1-54b3-49c1-8f4c-68c72724c474,MC,d786bcd4-4f25-406d-8d98-e5a992ba8bea
697cdc52-b55e-4ff8-aff3-e8585cb9b668,VISA,bf563406-05ea-4313-a832-32e7019cfd9f
bc5e7ba1-d1ee-4e3c-bf5c-d3595ee05db3,PayPal,1c0a6e3f-7021-4081-8bcb-bfc95bfc1da3
6b4be5ab-0c6a-4c83-94c0-ca58f57cf234,VISA,ab6f452e-851a-4e23-9187-cd11e5e9bbe3
6c14ecc8-4e11-42d7-b2fa-0a06ab8cd036,Discover,7b90ea13-623a-44a9-9508-acf8aecbbc6a
ee6e554b-a5c6-4886-8c73-c8dc8548a823,VISA,eeebbe41-5e6c-46ca-9204-1acb076ca5d6
8ba68617-5927-453b-9054-92cdfe159bef,MC,426fa373-ebcd-440f-8381-d2191ebb71dc
56217528-c77e-4c66-823a-c46780fdca66,AmEx,f23376ce-0541-4c20-a21c-bc6285902038
c3f5fc85-6436-43f6-bf54-894efbbface1,MC,fb83a854-48b0-4918-9fd8-5f989f0bd966
447b22b4-b8e8-40b5-8726-7471d12629a3,Discover,218c8e54-c75f-4eca-ad13-f42bb1b63498
38d5599f-0581-4227-ad31-e36f7e083878,PayPal,bf1fa3f6-c971-40b4-a1f3-0b45e1111e91
ee9a4410-a6d4-4dbf-b8e0-02355ef83bac,VISA,b616cf94-d66a-435d-a0d0-17746dbbe6e7
a1919bc4-6a42-41a0-bea2-fc9525db2476,PayPal,60c204e7-684f-4380-958b-35d8989d2573
ec52ec51-0fa8-4403-bd34-32cdb14bc4ef,MC,5338de0f-a353-4dcf-b11c-4ef73d0019d6
c60e5d76-f05d-439a-9527-78ee3e1717cf,PayPal,2e489bf9-41be-4e44-b746-52470b068043
d731bb4b-c826-4b50-a187-761c96c71705,MC,a7a5b66a-4512-415b-8c7b-0dfd90a8e4bd
e8f1eb1e-0940-4ceb-a9d9-d6b58bbd07ab,VISA,3eeb5904-2f09-42fc-8635-65160e14de18
a48b5dc3-362f-4325-bf3c-4315b6633d31,VISA,76993bc3-f6a7-4e66-b2f7-7b95ec632fd0
4b4aca8f-9b2f-4d17-9893-f2297fa9de94,VISA,710e42eb-98e1-4eab-849c-788890661644
c3dce34c-17ed-49a8-bf48-7d9a614026bc,VISA,2402de98-a7a1-4fc6-bd41-abbe6d0d2aed
16941306-5892-4317-ae92-c30a9de60967,MC,10441e33-8ccf-480c-9691-83117fcb74cc
2c6c847d-036e-4029-92df-425d7e5962fa,PayPal,7a301721-0df2-4b28-b70b-3a193df28380
5469cef5-5f42-47a0-838c-54fb41b09cc1,VISA,12dd5dd7-2930-4042-8928-53396231ac2b
c7707a53-2dea-4103-a1d4-6e9eb4138a44,MC,08ef03e9-d3f8-474f-a565-d51a0013e82f
dcfb5394-23d9-421e-ace2-871202b869f3,PayPal,debf446f-22e3-4e44-8010-0591e309c4a5
1dd89abb-a7a5-4b9d-a3b2-aefd0f43b97c,AmEx,018ae167-8cc3-439a-b570-52cdb00da8f0
e4dac4fe-f15b-4bd7-8e37-979c5c26dd6d,Discover,afddf7b0-33f4-4008-b89d-3c24ce44dc07
01df345e-d4fd-4c16-a9c7-bbe7b283b40e,MC,bb858f40-3bfe-4ee8-b07a-c75d4fbd69da
f19bbe9b-bae4-4ab0-a0f0-171ca2033713,Discover,0fe2b13d-bae5-40dd-a8bc-9f6318b94a9a
5a310f59-f1cc-4a7a-a397-2ccb1e374a77,VISA,23309035-9352-4695-8da6-a3f35bdb0b2e
b96c54a2-3565-4869-8c70-3f753e41f209,PayPal,7b66e5dc-8b9a-4da0-90da-5805f912967d
4ec6e135-530d-4cb3-be07-84a48620b2fa,VISA,95a2f235-513b-45b1-bbb8-69ce401ad9df
e3f23d85-52dc-434b-aecc-c73e4d47fb94,VISA,7ba651f2-d913-4334-b027-dd13beceb9b3
cfafb2b7-d976-4ed2-bf2b-b90e69d7d6ba,MC,c3a2aa52-1fe8-4141-b34e-ce3dd0afaeb3
f7b697d8-2017-49e0-9389-76d465da9d19,Discover,5a57756a-f12b-4b4c-a2d0-afb96dadfbe2
afafbf3f-7cb2-4bb0-ab17-a8e5e4c48c4e,VISA,5f7d45cb-eaaf-4aee-9fa9-1b63ccdb9453
e9ac512f-798f-48fc-833a-d8aefb0699bf,MC,71d5cffb-1a41-471a-ba6f-53e60f3a7786
4f06cae7-c58d-43ff-905d-b3b7ca01433d,AmEx,80723bf4-a88a-494a-be5c-5e09101ba183
850f53d3-a306-416f-9458-d55db45ddbfc,VISA,52343b69-4488-4262-8bc7-2379a3353e67
0d438acf-6202-4c1f-9c82-8e82e1ef53d4,MC,77b1c5e1-c2d4-4690-944c-c7959a7a04d6
fae38894-d7e8-4106-92bc-ba0f5ea5a25a,Discover,62adf019-59b3-49ab-b060-d93bc60cf8f9
182d3427-fefe-4fe8-8bff-dd491dbb4912,VISA,8399992b-ff53-4847-bbf3-5a923f9e12e2
92ecd50e-4120-4822-bf56-15155aacb558,VISA,d486c3a2-ea5c-4047-aa0c-9745bdc6ac7c
98e54717-06c2-4d4d-9958-0bf74bfa6ae3,VISA,017eb99e-55c2-47f9-904d-07275233bcfe
f615141c-9c91-4037-8bf6-ad831e70a641,VISA,fa7e9baa-23ac-4d5e-92d8-a50baa2c9184
a324fab3-03bb-4973-9e5d-866c97536222,VISA,58b97cbc-7f1c-4a58-8cd5-afc7043f98a7
31dbc365-cbe7-449a-a157-b4cb14eddca1,Discover,116a9020-c64d-47b8-91d6-1cc18a365834
9ca9584f-2355-4c1e-bdb2-a6e11605197a,Discover,79175192-218e-493a-8d64-f263aa0742f9
7e0e9388-d036-4eaf-a7f1-a8f8a000ec56,MC,a1732a4c-86ca-4771-a6ca-8006e34b2380
34868a13-0e7b-495f-910f-0ee3854d5b07,PayPal,1f175933-3522-4b62-8c91-0a45d6ecce03
dc2f1251-2ae4-4dcd-8eaa-1dd720f32da9,VISA,34ae413b-3202-4435-bc85-7c44009c9705
2b5797ae-236f-41d5-bb5c-de3cc6430dc6,PayPal,8ea7c65f-6724-478f-ae67-087c23eee650
beebb69b-ef87-4aff-9aa0-8c746226e1ef,MC,97b42366-0984-4989-8650-46717c9daaba
763cca74-6c55-4823-a1cd-7dd0c8119b6a,VISA,ab5ec970-765b-4fee-a8bc-9849949555d4
f1c4dd9a-a276-4594-95fc-5672d9687321,VISA,a55f6ac3-8970-4b90-856a-080b2773fba5
3d7c2d8f-9fd5-44cd-a92e-149ba4745335,MC,44d68870-6e8c-4812-804c-9ac48e5aed20
1c6fb093-16b7-4e18-8bc4-c5fc951c3941,Discover,c1aacf93-58f8-4aff-b802-467548429c1c
0d0f2631-f7e7-4b28-8cf3-1e16c914298e,PayPal,a36a7ed4-b58e-4b3d-bbd2-db601fa79f81
cfd8c125-6f03-436e-91ad-518e892b3772,MC,7cf164d9-1b6c-44ce-9423-59ce2a3fc51c
f6bb7af9-7958-49f7-9a50-b8750b1aa0f0,AmEx,89601fd2-79ef-4aea-8149-567074824afb
8650d069-fe1a-4c51-88ac-ee35f69db4be,VISA,7f2dec9c-8ebf-48a5-addc-1b4fdb702f64
52c8b004-dbf9-40cf-9129-d515fa38b9ec,MC,8778ca0a-8aca-4d7d-9e45-ca3a165210dd
8b4c911f-f0f3-4fa0-a023-136fe3839c3e,VISA,0ce8525e-ae15-4f28-a3f7-bff4bca6f538
e29adbcf-ccd4-4613-be2b-f2ac6e10ac22,Discover,30dce424-01d6-41f8-97c4-fa6d3cdfa97a
c84cb949-857e-4ce9-acd6-4e7278a29846,MC,a998bc48-162c-4e66-a313-fd0bbd56a6e4
fd05c21c-5fdd-4642-bbff-6e8763f8c84c,AmEx,cc75e87a-b4f3-4379-bd27-b657d230f4f8
4e70688e-d270-4c9c-b2c5-95c6f4b3cf88,VISA,7ff42462-a4a2-45c2-be94-0ac7d5b4ecb2
12803f36-5777-4c31-b2be-cd41d190189d,MC,3b802e2b-ae82-4ec4-a438-63dfdab4c6f5
f1c76b8b-7df9-4cfc-9f9d-b7cf9c96b812,VISA,dcdfb1f0-793b-4b61-b154-ccac63c5c5d8
44ebd313-5bef-403d-bc4a-872dda0de863,AmEx,8a7e3b59-3758-4c41-9772-ef1aceffc4d9
15fd91c1-f946-47cd-b326-e1d61004efde,MC,11b4d443-294f-4326-a545-19cf837efe25
7dd495e3-7668-4c68-9450-d111979660d9,VISA,8ec70ed1-a973-411a-b53f-2daaa84b4b6b
2d8241b4-2465-43bf-be58-1a3e8a99d74f,VISA,2909183d-7fbd-4573-8bf3-90f3ecf0854e
8c873e32-634f-4f54-8825-8e10d545344e,VISA,9ef39b32-da3a-4ae5-b2cf-81b2502b591f
48c30bf2-b5ca-40b1-9d65-c8b6166f8650,VISA,784091c1-2618-4e8f-b18f-a62989bc8f70
4e048283-b4b2-4dd7-8f57-f56ba04ff250,Discover,6bc7b86e-3472-484e-a638-98ef075efa0d
1b77056b-6815-49af-b8f2-083bd1d7fa04,VISA,526744eb-cdac-49f0-a37d-fa41d86272d4
e2f30458-60fd-426b-ab56-557b9f301baf,AmEx,d734ca74-e41e-43a8-8daa-573fda80f2fd
1c816b25-4f5d-4e14-84ba-63e0c5d13363,AmEx,df096f67-82b7-4123-91b0-f7b29aca10a3
06a15fe9-2719-4a6d-89c4-e9a60d708201,Discover,debd9ff3-1e33-4533-95bf-a66786bbc0ad
86b29673-56d3-43da-b649-d8ba8b0e50fd,Discover,bd9f6365-e338-42ce-8978-bb186cf83816
e7326bb1-2074-4265-8272-7016425fbb4e,AmEx,19d9e256-dfce-4c27-b2d2-98fba4e870e7
be8b25af-bdb6-43e5-8ed1-7d0aa4dcdb67,MC,8a4d5630-5fed-4cd6-af8f-1923c18dc581
ee4320b8-8b7e-4308-bfcb-a8ac5038e0c6,MC,084ebc87-accf-4f6c-b166-9e2ad6998316
24e0bcd8-b72c-4368-be92-9a0c8b58c794,MC,833f327a-8511-43db-9769-9af040f2ec12
c86d67a0-d386-401a-a4ed-b056f329be1d,MC,d9e6c3c7-d793-4f20-818f-8a4c2ab66a67
3bf4e444-e5e5-49cd-8fe1-19195d72df5e,AmEx,3617ca56-2afc-48c1-ac03-6c74b06f4121
0d8ddce7-4cb9-48fc-aff3-d5086510c02c,MC,1116cb8c-65f8-4de8-bc50-c2618f039777
cddcaa19-c089-41ef-a1c2-b3fca870285f,PayPal,01564a75-1e96-438e-b30c-3a3d1a0b4c7a
43eed2d8-86b2-40a7-b5b9-9dfee3c13f5b,PayPal,9b4806be-4d2e-4aa1-a33d-619eea6646bb
36dd4007-2f11-43ec-95d8-72cd9e009155,VISA,dfab129b-98c4-4fa6-95d7-5185b05ae45f
691d47d4-7f9b-4341-8190-8cf62f0c3f38,Discover,40e15aec-0b4a-4148-aba5-55a3e2ce30cb
0a30267a-3c8f-401a-84c5-6bff0ec59ba6,PayPal,9f7b6ae2-e111-4ad0-b4e0-93cb0f194135
2ecc172f-98c2-4e4f-9c09-055537f7c309,PayPal,4c6fb870-b2b4-4471-842b-c325d526f683
e1d9da06-cf42-4622-8363-244004c6fd40,PayPal,ab98ebe7-3e80-4a41-8cd4-f9a04ad42725
a48bb390-d0cc-44f6-b4b3-70e3758fb202,VISA,ed31b606-c65b-463b-9e6e-3dc2348166be
69991fd7-8c84-48b6-9444-a40fa5c6e227,VISA,19f00f4a-b96f-4ccb-9886-2ab811a00f41
efdd4049-5976-478f-b443-b29ccbed871c,AmEx,56daaaf4-532b-47d3-8a67-e57812076113
f61b369e-3161-4898-8a00-283e5b266d89,AmEx,519369c6-d724-4401-8dfe-2fd29ffaf2fe
f049cd14-c976-419d-8aff-626f273cf249,Discover,8afed6c8-aa17-4396-bcea-8e5e39356b26
86de9ac8-32fb-48c6-a576-fcb759d38f55,VISA,8516d6e1-6cbc-4650-8b1d-1db3013b502b
b6be1a2a-99ec-4acb-a281-3ca5e5b1a851,VISA,2218f59a-0c54-428f-b01d-7549e7307ad9
b265180e-cc64-4dd1-af55-3fbeaded1797,MC,63380561-b308-459f-8280-31d86a3f0567
e0226bde-cf6e-46e5-8eee-544b7d32560c,VISA,b2086e4e-54aa-4228-b70a-482d9ddf2ddb
4fb98bdb-7d4f-48c4-80d7-8445f627a409,VISA,5c413b9a-39c4-4afa-8b52-6e5d2031a0e8
3d5c69c7-6e4d-4789-b7d2-c85bb44b87e9,MC,c67f9d86-29d8-4dc2-9ffa-b7d2e582603e
66aae144-645f-47a3-b98d-8ec1818b38f3,Discover,f4947922-c391-4413-a859-fb928507fcdb
7642199d-4bb9-43a2-8fd1-0bd198484751,AmEx,2b5d505a-566c-47fb-8531-74d604150b25
8b1789a3-87e9-4317-a120-f82e13009702,VISA,f6a7c6ea-67d3-48d5-aca8-3a1bcab4a98a
9c4e3d1c-3b58-472f-8ae5-29a860ac8c46,VISA,71b6e7ef-d2ea-4aaf-9ef6-e12c428ca2b5
34a65393-f3a5-4cdc-9a5c-f183807ef694,VISA,1d7bc7ee-b907-486f-bc07-5e378cc7901f
23622630-974b-4556-a5ed-86ec6bfd2505,VISA,5ef71e26-07fb-4ee1-971f-648f4392ad33
d83e8bf5-3228-4395-be7d-52e80e15176a,VISA,7518e4f3-bf7f-4b0e-9d09-c0ed803b738b
a2dc6693-d933-4c18-9069-660b2234654b,VISA,1a356e43-9467-4867-8930-839e0a1f196b
544f2635-ecd9-44b3-a3c7-d31786d72ef0,AmEx,c3adc273-1a22-42af-a89b-179857f8051d
9162431b-b9a2-43d7-b7a4-737c23ee032d,MC,40bf3fb8-2135-49c3-bf02-de54086f2e32
f698520e-4637-4027-951b-556d1a39323f,Discover,bd73e43f-4041-40a6-8b2e-e09ea7b06b07
d8ef7ff1-5a3a-4211-a1f6-a1adc4096ace,VISA,b615b02c-37ac-463b-9965-f55f1738f81d
710e4677-f067-4ee5-9137-47d5034fb2c7,Discover,496f8085-16ae-4f2a-bfd9-8057fb02fbec
45e6ef5a-4863-4ac4-bfeb-bdfaced92729,MC,135b6596-6ec3-43c3-9c30-2c71e30912d9
f2b53128-27eb-4a32-8815-263f46bd70e3,VISA,b1e9d625-e553-4872-ab1e-03a9197a3f4a
7e6cb9b6-3af5-4c15-bc05-db705235380a,VISA,e4d7ad74-4346-42b5-b339-5cf512698106
a1cac8c3-55d4-4259-bb8b-d6e5ba1a000a,MC,50bd8d17-fd4d-4d10-8290-cc5d7ddf860c
bd125bba-3f06-4059-823c-b7d9025dd7d4,MC,4f8687e4-9273-4b86-aa54-57c9eba25c77
9da2ed12-fdbb-414d-950f-1766012dfe82,VISA,573b8a7a-1dd5-4b45-9f89-2a9e1d34c540
b625b3b8-3297-4bd4-b69d-0c1aaf4687b8,MC,d33098a4-3107-4f36-9741-a3e7b5b60ca8
29714ebb-3d9f-47b2-8ca7-1da434e20aa2,VISA,a50a34a2-d5ab-4f4c-9f5a-710890482edf
440b96b6-b7db-4910-a6a4-3dc94d9fc7df,VISA,4049e2be-cad4-4285-bd5b-d9ccf4fb2e20
e965f81e-2d07-4378-bcfd-4dfb2c8064e6,AmEx,8e8121ae-056c-44c2-9a0d-48349bce563f
47efb405-2505-4bcf-8069-50f0c0b91ddd,AmEx,a7c905e8-e1a3-48eb-abd1-e92afbef76ce
04c98ee6-6846-49dc-a139-edeae460b8d5,Discover,cd01faa6-0702-48a8-9040-1666783e0d12
c0830e30-ad32-4232-ae5f-ea16d41888ca,MC,130e65a7-22e6-4e7c-b1d0-0779861694d8
fc423df5-5be7-4d4a-a200-76dc946cb120,VISA,0af99877-6b49-4254-b160-98e4d79781a8
e7867039-71a0-400b-86ae-355980fa4c55,VISA,b8805655-0f51-4c28-a9e3-4f693493a1bd
6747fea2-1046-4507-a167-2b373146bd48,Discover,a30aae1c-5ec2-4290-ae15-a3d84324a31f
d76a639b-ec4b-4200-b0f2-ece0dde9dc17,MC,3886d981-dd98-453b-a0b6-40acb3b049d9
d7a57dba-ca36-4c04-a967-d3f247cf2aba,AmEx,7a3f51ec-3c03-41fb-a2d5-6cbba19d10d3
26943fa9-5aba-4097-af28-8b5f0815afec,AmEx,2c4d6557-6cf1-43ed-b626-37e13382de98
e46bfec8-d146-49fe-a7df-991ab6f7eadb,VISA,cb3a6f82-e6bd-4f6a-908a-dc178fc10294
bc7b538c-c02b-4ec1-bfb1-4943d47bc6fa,VISA,cc24e9ac-0868-4caa-9d13-bd4afc78636d
69050ced-2382-4a05-adaa-f0709a5ecf76,VISA,ece5c487-df5d-47db-94f7-41d40412b940
3a41ced2-35ec-4408-b2b8-606ad2ce4807,AmEx,b0ff19d0-1be8-41b2-998d-2528182b6d37
123a73f1-94c1-438a-ada2-acf4422cb233,VISA,7708fa96-ef7c-4a71-a96a-f80f369c3105
34560fb1-d4f1-4fa5-9a15-36b7bf8d74a9,VISA,957d9ba8-225e-4333-aedc-2d8917e8095a
54f27e84-7fe5-48c7-84af-ad5eb167427f,MC,cab2116c-491e-440a-ab05-31accd3a3f7a
ec2eba4e-29a0-4236-b3f3-8a2db1535ba5,VISA,69ffa71e-6cc4-4783-945a-0fe9e8b6e33c
78132c6d-b8a8-4615-a914-6f5e4c243ebf,MC,367f2f95-d470-4bba-9336-3a93ffd8c71f
3ca47cc5-c0b4-48fc-a2a0-eadb7da61338,PayPal,8cc4b70b-c8ef-4c17-b87a-c0a09279fe8f
20cf26ff-f045-41fc-b8d8-2a0542b4369a,VISA,ab835258-0ff4-4a23-887a-12fb5f4b6d5c
5f619760-1fc2-43c2-aaf6-9a62faa18c1a,VISA,07d6e141-39c0-4ea4-9ab1-d3a2aace7cda
b018574a-32a1-49b5-8d4b-52685da2ed6d,MC,613027bd-d129-4e6e-b303-aa804ec27087
2af67888-1798-417a-9a35-6fc1e5b7a764,VISA,0ba8c5d7-1df4-485c-a635-93c1afbf58fb
53fb51ea-9ca8-4719-8fb6-62805f8c1f00,VISA,69f6b2bb-4db5-4861-b4d5-58859aa39d26
04dfd6d8-0c2b-4528-94ef-f006f26e9b4b,VISA,3e3fab93-c430-4baf-a84f-8c2b49b61bdf
bde641f3-6b35-4ab2-a13a-38a214c703e8,Discover,1c136016-a558-4096-aae9-bca973de4931
2964a9b4-046b-417a-a54f-31c550f9bf4e,VISA,22607f6d-5ecd-467e-a9b1-f6afcf9455ee
ca419ee9-fb4a-4192-bdbf-4842ca35d1a0,MC,9379af02-c8a2-4d1b-99f8-6d17d43707c4
64cbb413-7a8a-40a7-bdda-10e125c6c8ce,VISA,9723d66c-67be-45ed-b014-1e65c55e98a6
291b56cd-0e7e-45d6-aa93-fb864df5429d,VISA,245deb93-0cb1-4b9b-ba87-a07976457655
50cc2227-6b0f-409b-aa1e-460c4b297212,VISA,0ee729f4-8cf0-42dd-9850-645407dae211
1e9f8e5a-37af-485d-98a8-f85771514126,MC,1e731787-91ec-4a4c-8ffa-a202ad19004a
0aa6c122-a4a9-43ca-b24c-bc3af39474d0,AmEx,535c52b4-aeea-4ef7-b7bf-7d5cdca9447e
4d4f180a-4afa-45e2-973f-19c36b30d43c,PayPal,9b8da6ca-5c12-4a20-98fc-77b8fe8904b2
acad32ad-32a0-4da5-ac94-c425b8185bcd,PayPal,e2cce038-3d6a-4835-972b-9845939ef3b2
dcc8b669-984f-436b-a2c2-b95266d91d04,PayPal,08b9424c-96e4-451c-9c08-0bb08e4aa4f7
e0a1436f-262e-428e-ae8b-1a8897b4f469,AmEx,9ac2688c-0ece-4e83-8c7e-155f0798572c
4d15d66d-e570-40c2-bf4b-39841fac2412,MC,37f0ead8-d60b-4224-a888-ca0e9233949a
622a0540-0172-448d-b35b-4d5bdea251d4,Discover,044f5abc-bc95-42c4-a117-94e5635e3f6d
e936a839-1cbe-46aa-bb84-a775880e160b,MC,f2c52abb-d716-41e6-9415-14a71c96a3cb
85f57011-8964-4d1b-8549-a538ec8de679,MC,9471e473-8fc7-4fb8-a143-ba4cc5e963f0
5799f361-4246-4848-ad83-446676be7398,VISA,0948e2fe-22f3-41f5-a9fd-ca6958aca3fd
8db0634b-563d-44a9-b652-d24bb76309d2,VISA,653841c4-8508-46ff-b05f-ba1967aefb6d
3b096651-4880-4004-83fe-d53f7f4fbad3,VISA,e6ef5430-0f93-4265-b915-db7c86d2484a
c09ccc6e-8537-494d-8eef-72061673e0ff,MC,50ff776c-3a3a-43b7-9c4c-eeec81a9171b
3dfa3141-ed35-4054-a502-17cf4f0b54c9,VISA,d99b67f9-32fd-494f-8fc1-2c30813018c9
cf4fbe20-f543-4796-9d56-0ccf5b584e1a,Discover,7a7bc27e-5d99-4170-a546-c7730073a88a
1451a1ba-1234-425d-8f80-85b82ef6d14d,MC,71a4377f-ad22-48af-8ded-ac604d051625
dbd99725-4282-40e3-bdd1-2215f2fe8cc0,VISA,c15c6467-19b4-474f-ae82-7fed70571ba4
2e172500-2bd5-40b1-80a9-9bf28b00a883,VISA,d4d4225f-9573-47d1-a44b-3b6def189737
d9899250-3729-4481-9db1-2b1ff4e581f0,MC,e9036815-e3b1-4588-96d1-4cb58dfedd42
72e62daf-c88f-4aa0-83c9-fa923c698af5,Discover,ed69ab6a-9b87-443d-a504-69819d03c6f8
3cb38b01-2e48-4428-8555-02f9a1f6808b,VISA,381aee2d-5460-4a3d-a7c3-6cba2787cd35
f1d038e7-4967-4e07-9d5e-3c9a3db0e832,MC,81f90f9f-38b1-4e48-9a19-1994c137fa3f
03eb802f-3223-4469-931f-39bf207c90c3,MC,2b8b0884-d291-4b14-9045-af38f7564350
14d0d452-396a-42bb-ba90-e45d34dc80e2,AmEx,ab582fd0-53e0-4389-8d6b-098bf8151592
f9f7bae2-6cb6-46fe-987c-cebcef293573,VISA,75b27da3-0458-4e20-a340-da41892f2200
f4579109-ea62-4458-bb8b-f77ac578088c,MC,a12ec8f1-031f-4a77-81e1-634f36b395fa
6f959e21-5b0d-4f5a-aa7a-d7825f94b5c0,VISA,6781a185-406a-4182-8627-a7ab8245250a
981db311-e526-4c26-9288-fae83f1db485,VISA,e26d16c0-7ab2-47ac-bdf4-93c89c122fc5
df28f2b3-c502-4944-b718-b36a44d293bf,PayPal,57c27c2a-e589-4e4b-bb40-3366c725a114
b8d4898e-39a6-46e5-89d6-552632e66ba5,AmEx,4e880380-09eb-4fed-a660-65a70de6e421
04e10684-2323-4971-85d3-cf5b4afaea26,Discover,f801eb6d-3dd8-4db7-a779-4d10f05b2178
44619c6f-4f12-4199-a77d-a54214632056,MC,b52f8c74-c517-4b32-aaad-69f0b43b4636
f0a01668-7145-4f0b-84fd-8af87fb597b7,VISA,12b51dbd-5d8a-42c7-91a0-f9f9e0eb5569
02c765d7-eabc-440c-a0e6-16fd206b610f,MC,792bf1ed-d2a7-4ffb-b4ed-64050942b0b7
d5cde0c2-d89d-4d55-8fe7-38ea0a23c704,VISA,a8fdcbe4-5f46-406c-9c5b-de0b261f519a
4633f92e-49fa-4cd1-a45a-560b2830ef04,MC,5331d668-a7fd-49bc-8385-48c0036f2609
f9ea69a1-5cc3-4123-a7c3-cfbf8f98da40,MC,1ba81548-7be7-4dd9-9c6d-5224fb7a3f87
1578324c-6500-4f04-81ef-bbb68796222a,PayPal,be83f812-02ee-4bca-8de9-f27d158d4d90
e631a964-8405-41e9-9b1e-4a982d49172b,AmEx,b0aaef24-d117-427f-a074-1b697a5e24dc
b3bc6681-d32a-4f33-8386-c12a6c5e8b2d,VISA,b608e53f-fe46-4a69-bbbf-2ae3bbd2b3f1
91470d70-1fca-4214-beed-8acb61233d2e,MC,ed245e8d-cbfa-4e15-a99a-c45562e4fa6a
ac677e0c-8a82-41f0-9b2d-167b94212fcd,Discover,a944a8df-b3fc-43cc-b8dc-2712111f341a
ae70f5c3-93f3-4c6a-9a73-a50332ccabb6,AmEx,92376132-87cf-4649-9c14-23cac5f93a24
3d023f6d-9a40-40b2-b56f-30daf427f27b,VISA,616e28ed-32b6-4113-be2a-c008c5f75b67
e36ef084-6c1c-4f47-9824-7b3dcf0028e6,Discover,df87721e-46ee-4a8b-b3ef-4d627a46b19a
901935c2-90f8-4a7a-9a54-04e993c046e0,MC,6926895a-aa01-4263-925e-4bcd57cf394b
056ebbe1-b203-4b2b-9472-bb435feae7ed,PayPal,5dfaa75d-713c-417b-ae97-e60f23939423
2692806b-0f44-4b37-9740-623098167621,AmEx,d72ad745-a54e-4a26-9c3a-4ab16aab90a9
d903b5a8-d055-4f7b-be56-2a3d489f1cb8,MC,4762e558-b985-4348-8f48-86b99fd5b4dc
3f62b293-116f-4408-86fb-a1496cc1b42f,AmEx,cf1de422-db33-47d0-a104-eaf14a1964da
2f9211c1-05f3-4faa-8b58-be226e4fb57d,AmEx,c60ebb48-9349-4db6-b1d9-500fbf75d96c
8f0b0254-bde6-46eb-89e2-b62d0f1408c8,VISA,fd921c27-a348-4196-ad13-ae3b4dabacb0
96a03095-ab0d-4200-9972-8286e0e8ca6f,PayPal,24ab0095-708a-408e-9a10-f3c9a0c38d8e
554895b8-de60-4e50-91bc-93632aae475e,VISA,d35b6070-4f5b-4d8f-be45-05b4dda16487
1223d119-7bbf-4fda-b178-f9e345c88b20,MC,d70b9b92-b0e3-4cb6-b73d-0b2996399e41
5aa28039-24cf-4f4e-a145-d78d0ee6cea1,PayPal,b13953d5-141c-4063-b088-f21a2875316c
ba5b5108-72dc-460a-8602-10035a4d4be6,MC,d8daa16d-de24-46de-bfe6-1241fc26821d
dce8293f-1089-4c2d-b99d-a8cfed2f1fb4,Discover,452dd892-e497-4d01-a0bb-4ee8d3816889
465cfafa-bcf0-4a9e-93ab-b01cb626f9f2,VISA,1a4e0e81-d6a0-40e1-97e2-713a8df65f20
64e9da8d-91d5-4873-b85c-a92665902fb3,VISA,83a8590f-2abc-4fdb-8733-d7812c7ee10d
9b6f4339-273e-40ff-b946-9132ec511b2d,AmEx,53637f83-654c-410a-a7c9-cbb9abb67f97
89a97922-d855-446b-b4d2-30492a73dd3e,VISA,8833224e-ab62-4e01-9c9c-d101a0cbfb82
c207f04e-1e6a-4c1d-8233-d6d40caa8f8d,VISA,5ce55cc4-8dfc-4349-80f1-7b732fa1eb72
8b58a6bd-732a-4e65-a1de-85362ab5d63c,VISA,deee7fab-ce9d-4e3a-82a3-2548c461cb3d
241a7821-c051-4ebc-a6cc-774750a8a3b1,Discover,b472dc90-b449-4294-b806-b039d0a08838
b9f30c35-8c74-4afe-9e1d-46d367410e70,VISA,237e8da5-b3d3-4877-999a-78bacd038a6e
744cf92c-baf4-4b20-82fa-84b274c1e19e,MC,0fa02e87-11c4-4948-8259-92d8be56a786
fa162aea-04d6-45b1-ac5a-3064d7c22d31,VISA,7a353a08-38b6-493d-b2ae-37381f3af3d3
221bd058-e96d-4920-ab10-3e17af7a8bc1,AmEx,f144fd81-f07c-4d71-b854-c99ea2b1a604
b2d987c1-3e03-46fd-8cdf-1cab3c745224,Discover,8b8e98a7-1daa-45b0-81b1-e9650b65dd6e
540ed4f4-323d-4880-ac7a-b28904a0933a,VISA,261ac9ad-1592-4b30-87f2-caf8bb6d7f33
ed955aa8-a5d0-4343-a7f5-a71156c50316,VISA,72b90af4-b492-4188-85cd-3bb9addd9f31
4348a265-8118-41a7-9934-293ac4475b2a,PayPal,61007cea-5814-4031-bfa5-9a4506fbdd60
05227d64-a599-48a4-bcc5-5db6aedd1159,MC,91442c60-b610-48eb-9c92-f1f38257d7e7
c2c674b9-1e35-4e36-b0e8-45274eb958a2,VISA,4f65acb9-4fc0-452b-a696-6142b8c5c2fa
1610d5bc-750e-439f-a3ef-e4da9b5a6048,Discover,a4bc4746-54ad-486d-ac78-c5ac7b6a6c5c
67490df8-bff4-4a37-97ae-e942e112bd87,VISA,0c5c86d9-8826-4f0b-a772-5c530e4fdae4
4ebf2c7e-171a-4d86-8912-241a101fbe16,PayPal,ed063ca2-11ca-48f0-b62c-4db751bc994d
f2f5760d-17ca-4662-948d-c6b55aade9e8,VISA,8e7ed493-8c60-4a9d-a462-56b1e99756eb
374511d6-c7a9-4a38-a38d-e417f001e654,MC,6ad1e1d1-9ac8-4491-86d1-598944f43d5d
32d1517c-2b13-4396-876a-ca603796e6a0,Discover,7d6d4ca7-6c1a-422f-8b72-62d506e57a4d
306f7522-e161-46e8-99c2-ae20db15d525,VISA,329b80e8-de54-4247-9f7c-36e781948a8e
de0ef84b-556e-4bc3-80c4-356ae5ff6ddf,VISA,3ed0d590-5c08-4678-8422-8d4ff2f59f56
de6f1124-7146-4493-b494-1d541d9d0d82,VISA,774a9cca-4b75-44ec-b955-08fd4a3efff7
3b9c7104-cb92-403c-a73c-7513cee55110,PayPal,1e994344-7265-42b8-bd58-b894ca2322d3
06b96942-b83e-4520-b490-efb34c968db2,AmEx,ff1e23a8-734f-4a30-8b19-85108d1db6ce
b75b4be9-fb24-48f3-97b1-a7e17c472466,Discover,8a70dfc0-b443-46ac-b19e-cd56b00cc0ca
f9daee54-9f6d-47ad-b1ba-bbfa25723e94,MC,29982372-4a8f-48f0-bdba-de79ddd48942
52e511fa-e382-412f-8150-9c836ac05794,VISA,35b5df9a-aca5-41f0-b3f0-0bea8d045206
c5f9c19a-7ed3-4c41-80fb-636b8a2f02fe,VISA,2c07ed5d-2e48-40aa-8a07-1d7498b16d4b
2a911916-bd58-4604-baed-df2adbd42320,VISA,3b9da42e-ea32-464b-b9f8-3b44e62ece1e
cbf6ff8f-0baf-4bb4-8783-551c8aa33a9e,VISA,90039fb5-e7d5-41c1-8767-d20f2900d91d
7aaa002b-275b-42cb-a23a-a8e0f2649378,Discover,396acbfc-86a7-4b2b-92fb-f76b98ef9ca1
7cebdc72-2d38-4cbf-bfa6-09f61f3367c4,MC,996047fe-80ce-4ba0-9801-ecded5772cb8
7924a0a7-ebdf-4b6e-97a1-e6e70ccd3c7e,AmEx,b6767cae-8f75-49e9-923d-a62187fe7552
8caa6ac7-6bd5-41d8-80e9-3e738ced4c10,PayPal,9bb1ce7e-8647-481a-9764-8d6d80cc8853
facf331f-08db-49ee-95bf-faee6297ca72,MC,9d90b66d-25dd-401b-a155-52fe0bb6e228
d21f4e38-e217-4255-8dc6-5fc871b09d0c,AmEx,d33a268a-e206-417e-ac0e-df7cf4b59e57
4ed2fc68-2b9c-4b25-b718-62c45ba6af9c,VISA,8540d83f-b566-4f9e-8ce8-65c3e799acab
0793927a-c9cf-4212-8201-77318ca25907,AmEx,c11afed9-7d3f-441e-a92e-2f01c1b534e3
a0dc58b3-ead7-4aa1-b931-e0bcd3bd78e0,VISA,96979398-1822-45f5-a2dc-bff229a7f550
4a77782b-5a16-4a1b-84d1-265343ed8d72,MC,fb55f22d-99f4-43ea-8b13-e4bda5bc27bd
329bfb19-fa32-4ee8-be10-3671f96d1051,MC,16ba775f-9e4e-4eb1-bcc9-10be29a04d1a
353f7ff3-e938-4212-b311-ea4e5e5c6e2b,MC,5c8b183c-d924-4697-90c8-4737b3f04c85
cdaaa8fb-a660-49a6-b813-a517ef676e1f,AmEx,ba139477-fa4e-444e-a137-38f25a5d0943
d443b4bc-537d-4985-afac-5d3e21229f92,AmEx,e151b1fc-ad19-4a33-a31a-b45dc4ddbc8e
64998cf3-de78-4bd7-ae0a-6780c533c0fd,Discover,243b5310-21e3-4d8e-920d-4161dd3c2024
47b8b745-9434-4870-8e92-84c1aeb8ec2b,PayPal,af546ba8-75b0-44fd-8576-b11be2b64a41
06c55948-d95f-4a69-a968-86b546da1842,VISA,3c0435cb-2065-4756-8136-3a9b797a9046
66d107fd-fff3-459b-a6cf-a01932d3fdfe,PayPal,cbeb199c-81c5-45f4-bb3b-f9670b4dd866
d14dd84d-9a73-426d-8596-68c943518c62,MC,43d63291-9c62-4cdc-b6c6-ff34d4829bd3
a50ea148-9ddd-4a2f-a757-84d3f935d4d6,VISA,ea506f04-025a-4bb0-844d-b9bb1e98b112
98a518c5-7bf8-4a3e-a765-f7a09f28b853,MC,de8b6fc5-398c-4bf6-87ad-eaab759bd743
e0c0a245-b762-49a5-94c7-8536cf7df011,AmEx,9bcfdfb3-8a96-4abf-aa69-bc9a91b7ea61
f9fe1148-e962-4478-8472-b95ba8d3cd86,AmEx,1a8245c9-a05e-4d0b-9015-620e971303eb
3c7e99c8-71a3-493e-bae5-05c885044cbe,AmEx,fa648b36-dd07-4893-aa64-dc8eddadd898
db63330c-444b-4736-ba20-1b10ed98bcda,VISA,c158b8ae-d8de-4ced-b14c-d0505580a086
e1d8e320-1d2c-4c17-99ba-60e5965ddbb1,MC,4a666511-59f5-4154-9bcb-4854713ae8f1
1461c1b2-cc0f-4b88-adb9-aef9b52c5cdd,Discover,f4092e2c-711e-463b-a00b-65028b128290
82c2e009-612f-4c4f-bd1a-ab06d7d70173,VISA,7672489a-3817-46af-b9c3-15090443d7f6
ac6e39b6-331a-4bf8-858b-96a5b17b43b1,VISA,7fc09afd-c847-46c6-b86b-7e761f467195
b9402d53-abf1-44d3-8371-d59046609028,AmEx,d59b3bb4-ebc1-4279-983c-a49a0fff1a91
b02173ec-c83a-4e80-b8a4-173bc62eae0b,AmEx,0cc299dd-3f2e-4a36-8456-239be0b1ba0d
cf8d6a28-91dd-4da8-91c5-e146ca70e344,VISA,173b9316-b73a-4cd4-ac73-3f7d037e8b5c
2d0a25b5-aaaa-4f2b-86d4-82c3944f5acc,AmEx,7740b2fc-44da-4801-bdbc-11f74fd9f556
2b4a0ff7-d881-4c92-9c27-a9aca206b78e,AmEx,ba25fcb6-1f50-4404-9ef9-b9a83b77a146
ce01f7e6-3d0d-463d-b81d-650dae614c56,AmEx,0d2f39d5-2b76-40c4-bcbd-3aae48072550
c229af02-6c25-477a-9d97-76458ebed179,AmEx,da3769f8-37e8-4d02-a0a2-66c1f1cda211
17072621-e542-48a3-b112-2975855366b3,PayPal,e5b7bfa8-80f2-45c5-b06a-eb2ba47f9461
615fb2e4-657c-4729-bb11-07f25722ef35,AmEx,65e64351-af2a-42fb-8726-74e006b21947
40669201-9712-4d48-8031-1dda1de1f2dc,AmEx,b9d7c1df-941c-445c-bf2f-26bcfbf7749d
4b001989-3d6e-44bf-8e2c-fd9374108791,MC,50bb3c39-f133-471c-b1bf-276130bd78e5
e0e4a560-5d2b-4d25-9018-7595787a7a1b,MC,4fb902ef-2484-4368-952e-c4a173661ee1
b753e42b-3d92-40c1-bc0a-d2df4bab7a53,VISA,a4ffae41-ab23-4eec-acd1-de969d9187e4
42f5d275-ccd6-408a-87a7-ec51734e9cc5,VISA,ef21f7f0-dc3c-4938-8013-f012144335dd
df2ddd71-be15-409e-9b4d-eaaee2d23e22,VISA,25034a4e-9883-4534-a85c-d237476c2d0e
fb975a4c-60cb-4300-a632-eb7fdb57eb7a,MC,c83d302f-b19a-4c14-a192-fce8f76b224c
c7189f7a-7302-42e1-ab96-1138eb546b1e,VISA,0e082508-688a-41d6-baf6-bfe81000fc71
b5e30ae9-747c-4ec6-9ffc-0e47b34f442b,AmEx,46b5308a-6768-43be-aab0-dcb3be9323c5
4827c7a7-7a9e-4220-9e76-7ab83569d51f,VISA,44c47a1c-38dd-437c-b808-39cbd606eb3c
ae967d9e-9be7-4b99-a788-ef89c21d67f1,AmEx,f715c86c-25f0-4ab1-b551-220830b24c13
f62da35b-948f-412a-9505-7e9e4e2fae5e,VISA,aec51f1c-523c-41b4-bd45-31185d5cb43a
58cfeb18-c9eb-48f4-98dd-ac16a8bcdf3b,AmEx,b8f2ca4c-c329-41a9-8315-879b3d816e4a
53ab83df-4915-4267-a4ee-a9d3c2b3654d,VISA,ddac1100-6ed4-4de0-9f3f-ba347da39ff5
b1478647-9f46-4a8c-8ec4-4dfead810029,Discover,71a922f5-b922-48d9-9992-b9d305378369
0fea7065-46b0-41d4-9449-18dfc7bf9c7d,MC,25fe07ef-a367-4746-a45e-332dc64dd5a1
e9ce6000-7c5d-478a-99f6-99d611888d0e,VISA,dce88d54-8919-4f0f-bfee-62ee3ccbf70e
ea62285a-eb9c-4c65-ae89-a247eff2a332,MC,0bc9ff2d-ea59-4f08-b238-06c85c665524
3f22c3c9-ae8b-47e3-9e32-2cbc58fabe54,MC,4f446e8b-b54e-4b09-aa3a-5016c95f385f
fe9a2504-918f-46b5-bd9b-05542d48b127,VISA,ef576f10-1d31-44e0-8114-74bfa5dbe0d5
b50a82c4-074d-40db-8384-6b0d6b20a569,AmEx,f9a6e4d2-8ec6-49ac-afe6-32fa529e3ed3
57226a4e-76e6-48be-8348-887b28fcd75b,AmEx,dce26951-ab71-4013-9e44-b6a736f40802
78b2cce5-db76-4671-9b30-5089b44b84c8,MC,d6882350-e483-4f56-97f3-68f1f20f8756
ffee527f-4525-4259-ac6a-033d808e43a0,VISA,1bd0c3a4-4bc6-4994-bbb1-2be5e9ada356
f61b46cb-281d-499e-b20c-6f7cd65b8825,Discover,0058e910-4b47-4dcc-adbd-db19d9bb14fa
2e00640b-0159-4179-b66b-f0d7f71710a7,PayPal,a190cce0-5874-4885-9d09-c7c046fe7bdf
d0d21041-b5d2-4624-a763-41cb332809c3,AmEx,f8167ba1-c30d-462b-b2d6-02b288660aad
eaeed632-8db3-4265-949b-396496d84ec7,VISA,47dac4d4-73d7-42dc-95f1-658a03da5ea7
ac75c3d9-e705-406f-b05d-591ffda175b1,MC,6624baaf-4063-4db1-ae31-59b3ed3bf0a2
153b8169-ee8a-4e36-97ee-60a747c1ea07,AmEx,a9db7c2c-4008-40bc-96e5-015ceb2e2783
1ea9e60e-cb34-4b03-9ad9-ba10da44b4b1,AmEx,408011c5-a608-4c34-9ecb-0e9cac894db3
c6f736bc-9949-4a40-8042-100f6b381306,VISA,ee5f5202-203d-4ac0-b71e-c2234115ae7a
0a46c2e9-eb5d-4528-ba83-8bd626f8b67a,VISA,57a323cb-d746-4ed6-8f88-f579a3690209
c600cd45-41d4-4a30-882f-51a76c2e17d1,VISA,f644306e-73be-47fc-bf8f-e92c9e261c08
69c7a2d9-4bd8-42ef-ae28-5af91df2cb16,VISA,be1adc0f-651e-4304-9208-a4246ab97cff
e976eff7-7fab-47ba-82ad-4ad3760eeac7,MC,ebba12d0-69d0-4731-9284-3f43b1eb751d
dd5d250e-8ed2-45eb-a22f-3e085b3d8f49,MC,5afde638-8cef-4c3d-a8a1-a89bb62dc425
3001e527-65a8-45b6-baa6-5811077852c5,VISA,8f9099f6-6825-476a-9d1d-4c9864f1f6fe
3b439aa2-8ced-467a-af39-48e3344f188f,VISA,e0011c8d-cf9f-40bb-9bcd-c54b52f55639
9e8e6b9d-1b1d-4def-9ad6-c385252fc86e,VISA,f1bcd937-e12e-451b-bdd6-b60d7d0fda41
2c317b89-bda4-4654-b529-f07486b5e12e,AmEx,a737c05f-ca58-47d4-a019-5e73b60e5e60
c0bf3177-4c74-433f-86e5-769812ddd650,AmEx,a459f1e7-6f33-4ff5-af4e-987e9afa757a
0fd263a9-a170-484a-963c-c40a606a5964,VISA,b9dd9fa5-6a85-43b0-bc92-654f35549f0b
24ca8ffd-0161-4c91-ae7d-bf147ebc971f,PayPal,6a091233-90db-4889-8f49-51f1f382ce46
0e82d5cd-0168-4cdd-9c5b-3b3f3f97212d,VISA,ffd5ed58-4981-4292-9efd-0557cf57a861
4749320a-e544-45f2-a339-334b128381c9,MC,c6489cce-d23e-405f-800b-70acf08efe51
aada026d-8365-40fd-ab80-a4602f91a805,MC,11f35c0f-e330-433d-a3a3-008f63667cb9
d7d444d8-7d60-4689-92df-433ca24a5f05,MC,e3e82aee-ac3e-4344-960d-f283f4e2470d
89ce7453-5280-428c-849b-4d0803153220,VISA,740cc9e3-a1ff-44a6-a105-cc012a767619
1a801a2b-414b-483d-bfc2-3f5308a1479e,AmEx,99921fe4-e494-4493-bfbf-ab37acf305ab
a0dc10df-a5f0-4148-a200-743e51adc4c7,MC,d12ed8b7-b2f0-4ca4-ba10-34c338aa7482
dc5bebc8-a2d1-4006-b2e9-7f3f9cd7e239,VISA,def2e54b-393c-436f-8578-19e8b9c19bdb
69b74a40-fb37-4b53-a8f6-7f0e532b653b,VISA,08fe513e-7f0e-4792-ade9-807688f4ce18
0afce37e-296b-4851-946e-9de09b4e9def,Discover,b786e72e-dbb1-4490-b5ac-081bd81ffca7
3921763a-f902-4e7d-ae5c-13706dd4c3b7,AmEx,95162708-8b26-4652-977d-7adb5adb18d8
4acafb80-5baf-43e4-95ef-30feb95a21f9,VISA,a7720822-b428-4e8c-8899-b29896eb8e1d
a04b92a2-cd82-4f16-8000-c0f74579ace3,Discover,2187b458-b7ab-49e8-9651-f11bd144b709
25f80ced-4aaa-419e-b80a-ef3f17284e0b,Discover,48de2f81-7692-4553-8c8f-17591b7f7598
64928eec-7ade-4fe4-8bdd-fb9cfa1920b1,VISA,3b52a2ad-f16f-42eb-8460-0d3179204564
2c4f2420-fb99-4a50-9a56-0cf2c389f9a8,VISA,e836c3fe-369a-432b-8769-9e68fc84403d
7cf2b56a-ca58-4c5a-a39c-28e14a42f6ce,AmEx,f9fa4649-d556-4c42-991e-6ac6c2b6a0fe
a9869a42-586d-4803-b318-315bb935dc20,VISA,5bfd179a-7de3-433b-ab73-d4371f11ee11
45237597-650f-4b94-975b-b672eaf0fe4a,MC,51f3ba20-ef3a-4d90-aa5f-951734fc12dd
c76d3346-f417-4888-a129-4736b496cad5,MC,a3eccff5-27f5-4721-b993-8fc4567362b0
fc052b52-4aaa-4cc3-9e16-86b09d683d1e,MC,c68c5fab-e604-4e77-953b-d887fa22e422
804877c0-63b0-4628-8ce3-cda306bfde9a,VISA,7f62f67c-edfe-4b73-83c3-4c8b5b3ccff2
a3cfee10-6d38-4944-88d5-f5bddc8379eb,PayPal,c5258e4d-aaa9-4ac2-b9e4-92ca39845d69
b82f3e6b-31a1-489a-8ef5-39b2bf41453e,PayPal,9da986bf-7014-4098-a654-d26ffbe0c55d
81402192-2f2d-4b48-a986-4b7cd5bf60df,PayPal,a3597de3-a852-47d9-b312-026f88100c19
09536198-20e1-45e6-a11b-a95499a0f2ed,VISA,92121612-c402-41e0-9c79-08559d831435
522fa10c-d0e5-43a7-96ed-c2ba26f212a0,MC,6e0435e5-47e6-473c-847d-3be71dbf1282
6df54347-4b55-4ec8-a17d-dd87cefed383,PayPal,095f2ebc-d0dc-4b55-9aee-949d4a0a2f76
b09e8205-1141-40d6-b504-7535cd5bbd6f,Discover,1787bad7-45da-47f9-be15-e25122f4b46b
87aed8ce-993e-4893-a50c-abab6d291fc3,PayPal,dd9559ad-6288-44be-82a5-f8f22a9b1c10
5457417c-721e-463c-828e-f8e5142f8a26,MC,0f57f044-b2dd-4f11-9b24-98c05a6a1ecc
02de4629-9956-4d50-90fb-5d6b2d5c6aa7,MC,959004c4-44f6-428f-bda1-716e33f97b15
e83a0af7-7b20-4b54-9b28-09e09fb85ed0,Discover,7d04dbe0-0a9a-4c64-893e-3b536eebd1eb
d8ef2976-660b-4899-a8a3-3f438c50b2af,VISA,67762817-19b5-467d-aa3e-cee8485421fb
8ed34f0f-9ed8-4303-91c3-58eba330de5a,VISA,7b206ca2-b483-459f-8534-b1cb87e23bfc
75206ac5-384b-4360-b050-47c9c8ba486c,PayPal,8c4e1be3-dc70-4072-9d7f-f2617dc13f33
f6360165-e229-4a6a-8f1d-b3223733ea2c,Discover,f6c2f40d-57b4-42bd-9e4f-b938382b86ca
ed49d045-1e6f-4059-b1dc-c42cfaf5dccf,MC,0e3c96c2-2be4-4645-a7fb-7dbd1a90650f
5bf5c4a2-e666-45cc-9224-3a8bdaf4420a,MC,e902a6f4-8cd5-4daf-8544-ca4dc62f7501
1ad7877e-44f8-438e-a33d-7a6a0f6b479a,MC,dfd717b3-5bc1-4018-8e4c-f300e54a1f01
0379f0f8-89e1-4ca4-ad7e-0bdf593e164c,MC,9cc5e72b-1025-49f6-bde8-a690e8d1b7e8
bd30623f-e102-4aad-8d38-76488db142f2,VISA,b3122275-5a81-434f-b3b0-4ad8587d9eec
2595b684-0f2d-400d-a888-52b414b91fa9,MC,45ff9f14-80fe-4846-a811-4edc88f119a8
66e153c9-059d-4de3-b3ee-128a5c68f0f8,PayPal,e36933ff-eb6a-4a9a-b54e-995b80cee35d
33e5021a-fb6e-4001-be17-227afa6491d5,VISA,2967765a-3c90-4198-82e3-75835178fb90
0cd6a5b1-9fb6-49d4-9a4e-f15ff6f335a6,Discover,a0eaae8a-34c5-4b08-a94e-cee64e7b1609
c9e65e7f-1c6d-4cf3-8083-433af228a736,MC,598da878-f657-4d16-9f19-81a2b1fcfa40
377c0d4e-495c-4854-b712-a0dbe2009af5,PayPal,07cdc142-12a5-4c93-932e-501accbb3de4
d0516c68-9b3f-47a6-8f30-155fd73f9274,VISA,53b4a3d4-c8c5-43a3-b6e9-ce6670774b25
8e949256-62a1-463a-be87-fc352ec14146,MC,dc1f6382-304b-4ff0-917f-a41da20e472d
9bcabd69-fa06-411d-b1b0-80c3bffad7fa,MC,cc2e2952-5b34-47b3-a713-fbda167ad478
5b4e72fa-5dfa-4e27-917f-61e42d634aa9,PayPal,7dad8c12-0072-4070-8b89-8068f3edee6c
28422d7f-67e0-4ffa-a56d-d6ffb59d5e7d,AmEx,a462c86f-3baa-4feb-98e4-23d0298d776c
08053db5-2b4a-4cbc-9623-df20f9f67894,MC,31c944e9-aabb-402f-8b74-5bd3eb02805f
a604fee6-eec5-4fb6-b64e-9f3ae321e6fb,AmEx,8f89d461-8ac0-4662-9827-0a1c475fd676
5fb92d30-ca3e-4966-9c97-e131559f9be3,AmEx,2a186f64-3bfe-4c5a-b0db-c373a36daa72
ff7c6aa4-d7bf-49d8-8f33-8673fe38a0a8,Discover,27b62fce-51dc-4e03-9934-7a2282658189
82a262d2-a1ff-44f0-96ee-b95ed6d88155,MC,58e4fd92-75fe-4eaf-9f9e-35d1c7a73545
b6827e2b-6552-4d6a-b41c-59c6d4b67b7a,AmEx,c2265372-b309-4131-baef-1f6fca27c50e
bb337927-7a4c-48cc-a352-c941c2524b9c,Discover,d0ee142e-83c7-4ca2-9b00-aa463c322e48
b512ab38-227a-461a-99b3-1e66fe24669a,AmEx,99148996-d11f-4039-9121-478e25871eef
0372ae89-17fc-48d1-bc40-0294421d8c95,MC,68a9bcc7-5942-4453-9032-6ada073e9c40
a6adc8ed-f778-4893-a3ff-9c1907475e17,VISA,5d95ecbf-1e55-4485-8674-080501a831f4
1ade9ad9-0fcb-446f-b521-fe697679358e,AmEx,a4b81821-6141-4c3d-9c61-a3d493fbad1d
058503ca-302a-466d-8077-3a78d041f405,AmEx,3fb89eb3-ae4e-440b-bf65-b2a4ff3bb1ad
439cb69a-a8b3-4533-b179-ee62c0c387a5,VISA,87d60589-5c1b-47db-962f-87a6d06fda4b
7460a348-cdf2-4f03-a72d-ab4fb815f3da,MC,7abd987d-e5ed-42fc-bb70-e84fc1a4a61b
addbf3e1-a664-4720-aa0e-15bda86c5741,PayPal,c2857e55-887a-48ce-8ac9-11d75aebf846
12d5d164-762f-416f-b1a6-5d89c2a4d226,AmEx,70c08c69-d1ab-4966-a83a-7337da4196f0
7b21c57d-60ad-400a-a322-61b3ac3ffaf3,VISA,6fe98f65-96aa-4ea7-8c43-fd45bc2f322a
98748bd1-8f59-45c6-bccf-03435afaae10,PayPal,4817e33d-2342-4328-aee4-c265ef7ea56d
5353060f-b7f8-41a3-b368-689394d85cf4,AmEx,d1be71ff-ba9d-4110-8db9-698cafc7aec7
2f57ce0c-3eab-4974-a6d2-4b949c5a53a8,Discover,e81f3971-1744-4a84-9a89-4bb61fc1a60d
2f3308dd-4768-41ee-afd5-9658e7c3d0cf,Discover,7ec88688-359f-4476-ab41-88d18724186b
037376d3-51c6-41c4-a01a-2328329bcb03,VISA,973e5545-a501-4fbe-9bae-d710bed8726b
418df308-5e29-44c3-a2b4-65994b226382,MC,e51e47c0-7b8c-4ea3-9588-9da7d157fd0e
b65f7ac0-d544-4fcd-89ff-053b2b3447ff,VISA,305f880b-06e7-4a40-bcdf-e63ff6d49029
69d4baee-7f0d-4b94-a1c3-21df835195aa,MC,f2da14f9-9265-47a0-823f-fd998b73530c
8fd2b90f-c004-4de7-b595-0eeac7b2cf52,AmEx,a918183e-82ba-497f-bf5f-728f40062b55
e7a075c3-fa01-4f85-b52d-80b5f3a35b09,PayPal,b0924457-f713-4d8f-badb-65e02b074014
7889e63c-68fb-4e1b-b6f6-7aaee027d340,VISA,f51c0008-8094-4c29-9330-5f405bc738b0
3c5ef5f3-5aa4-4957-9e03-4b05e1aa027a,Discover,469c670b-3dc1-4db7-b6c2-4a994fc93a3f
84b8cb44-55c0-47b1-b4b4-95ac9ccd15df,VISA,78e0c0b3-9760-4120-a6c8-48831e72645a
4dfb6050-2ac1-4e59-9177-d3785a20fe4c,AmEx,0d1229be-39af-430a-8a25-3d849576faf6
30c3fddd-e2a6-4281-9ce5-8e1b0d2e8228,AmEx,833d9d25-693e-4bab-a16c-f9717ad5df5b
18b644d0-9aeb-4fbf-a1d2-bc3a42a78913,AmEx,c1b6f0ca-c434-4710-ac35-a7dc69641335
b5a04208-2f1d-4eb2-b0d8-f6c0541f03e5,VISA,3ccdec77-665f-44c4-9db3-94377d309ae4
b2fd3195-2159-46e0-ad8d-45e771918a0f,VISA,c566e4ac-4ac5-4f6f-901d-2acf0d3af096
0631d82e-d1f4-44fc-8ca7-f78161ed2c60,MC,5b4a3c38-bb49-4fe0-ab9f-681d31924a60
716f98a1-9b8c-43d0-b5a1-0e8c9d7a88f8,VISA,36cfa22c-0146-4ab8-a3ab-f30706f28c8a
c313632d-d76a-4354-9587-0f27c72bfe2a,MC,5357592c-a202-41d1-9093-69e081b21e7c
3c424982-13c6-418a-8512-001cb4bda313,AmEx,1c66f298-dfe3-4741-af6c-cbf09841f13c
57bbb559-37f7-49c4-924f-7ad33a3dd216,AmEx,4c61644e-a9a9-4ac1-9419-b0e3f3ccf787
00ee5ec0-7bd5-410f-ac9d-0347eba51812,MC,34b6f539-2143-43f6-a5e7-e27204cee163
254c42b9-69fe-4459-bf89-5df490b94e48,MC,289d51a2-127a-46a1-8db3-4dffce2f1b70
f698bd4d-dc92-486b-8eac-15ee05070b16,VISA,e278e573-caf9-489c-a4bf-e31368c36740
f502956c-dc9d-4e2a-bc88-3eaf052fd7c6,PayPal,c4748c37-042c-4849-9fbd-f9c75900c4f6
4cf373be-95c6-4689-ba39-bff5f18f565c,AmEx,9a643378-061c-4320-b298-28f888ef8e61
a9183ca2-68f1-474e-b548-aeeed8a224b6,Discover,6af4aa43-ff76-4e69-b2b6-b1309e6659ca
d208b34b-8aa6-4e9d-849f-7ef785bdee97,VISA,ef0052a1-09eb-4ca9-bd42-deed3bee1c0e
280aab6b-5bfa-4617-acab-1d487c8a488a,PayPal,a76640d3-6971-480a-bb28-b43cfeb836a0
215f7789-fce1-46d3-9a30-a2c5942aa094,VISA,40cdab45-8157-4d83-9b22-b2064beed91b
676f0e9b-05db-4549-91db-1729c3d9aff0,AmEx,7450a34e-1861-4c68-8450-a5c02d6a4eb6
bf338ce9-4b62-4d40-a11b-9a398b320618,Discover,bd02c77d-6d64-4f35-96aa-8db516b982df
324e528b-f614-4a32-a2e8-ab3b4f23221a,PayPal,f83663c5-2fdc-48bd-80e2-41e88e6924f0
8851207f-52da-4c46-8fa8-338262da7577,PayPal,4fed414c-b8d4-4108-934f-08b60fa6403d
8e6cf63a-72b3-48be-b483-ef36ff2a3516,VISA,3d6e2a7a-dbc2-481a-821c-073780f639d1
282be3db-abe9-4e7d-8966-a684a50f4783,Discover,80c30eaa-778f-4126-b795-9172fda7661f
d3167520-cb8d-4e83-87d6-f48c5552d4e4,PayPal,e9075ed8-f42a-418e-8eff-2513d9855f8c
3f45f7bf-01b4-47fb-9772-cf641b01d327,AmEx,4d3bd0a2-aaa3-49b1-af58-de67413ee876
45af7b3c-00ab-4d94-920e-39b531dcfa46,VISA,f8ba7eb4-e5f0-4d75-b7a0-b77df63b3ac6
9d7dfc52-28ff-4479-b09d-2fb1784269b8,VISA,8329faa1-e006-470b-844a-fdae56a49c5f
b876db1f-e8f0-4e84-92a9-a43baed0d665,MC,b0ee87d2-dcdb-46e6-b052-baeaa6121dc1
09d74179-22d7-4547-abe3-6e6d32b9299d,VISA,33695f5c-8103-46ce-acd9-7ba5986db830
55f6e39c-ec71-44db-8534-1adf4752c9c6,VISA,e70d05c5-7b09-4346-bb95-78626c319e9d
57fc26e5-de6f-4fe9-a2f8-39a37c46c106,VISA,bbeaa020-cb31-4daf-965b-90e0c9e761de
b3ab6a67-9bcd-4e6e-ae8c-2194ef81eaba,AmEx,d416828f-3f73-4801-ab38-6be7c88b4eec
d8182198-bba4-4f7b-81f9-35f946154f1e,PayPal,ff6772c6-1ac7-4a6b-b01f-0b58435e26fd
e03904f9-d7de-474b-b4b9-2a7320eb80e8,AmEx,3ae3fffb-87e6-42a4-9520-48ca49bd52ed
d742b05d-3f67-4d73-bf19-cbec8ed8009a,VISA,f41d3e31-ddd3-40de-9f46-4194de7ce217
52385b27-f275-4ee1-a507-d9e46fd862fd,VISA,b892b552-d612-4bb8-a587-270664d300f3
d4021264-b256-469d-8f18-aacfd9df03ec,PayPal,e2d1b19d-658a-4afe-aebd-b284170c8ec6
d47d072e-817c-4019-9100-85c2cb142bfa,MC,5425c5be-e328-4832-90f1-85a33dbf810c
5c608d7f-d523-439f-8231-da2a1746ae69,VISA,2e44f9d6-3e10-43a1-baad-e12fff3119d2
fbb66f2b-802e-42ce-a307-eb0ea06e2d82,AmEx,e2171939-78cc-49f4-9885-3a0c0ebb03f3
9b2fea1c-8fd1-4bcb-8432-1a4dbc844c5b,PayPal,fb70a1a6-b619-4db8-b291-846b00cd5112
89aa7578-06f6-4f23-b906-f0007bc44a79,AmEx,1088f0ed-6c64-4abd-90a5-368d942a3e2f
f76a13ae-f12e-4cf5-aeaf-7dc4ed42d855,VISA,8b65f7ff-13f4-46b4-b937-87264f44ab7e
4f64fa40-b785-41b9-ab2a-8e249a0582cf,MC,7be57675-d3ca-4ddb-890e-0250c8cc5fa8
0525b8ee-ca3c-4fef-86f1-3bd7f87cfbd7,VISA,62746c48-7615-4673-8ae4-1b9293999c39
d22527a7-a6da-4dd1-be16-5369ad0f3113,Discover,cbf849bf-1885-416e-bf79-0e2cb2764183
db6ab14a-2f6f-4d70-b836-4c6a45ffff0e,AmEx,94dbe426-415b-468d-9638-8306b2b4bba5
665f860f-dea8-43e1-a318-96acb39d7d1c,MC,d8870035-4537-48df-8b48-421dd61c9fc1
153ae315-615e-41db-9f5f-3bb5a113c6f1,PayPal,fc3011d7-32cb-42d7-bdf6-dffc6e3ac49d
9cb0722c-58ce-4bb3-8e25-a1d55a9fcf00,MC,2d3341b1-7fed-42e7-a7e3-f49932942e79
9d6b0b13-d209-4b46-a52d-9b74957e1517,VISA,f7cf6360-0d3d-425e-8201-881588823c7f
ac3783f8-cb68-4dc1-b60a-7ba9ae4ef999,AmEx,8e2bd5cb-2420-4852-b6f2-25b4e2d4f528
a32e2b45-f279-4b4d-a250-94d0badc4302,VISA,62a17364-eec1-45c8-b111-0d97b0b4547b
2f6fd585-8cc8-4fdb-b110-958acbda9b2c,MC,9e578efd-4e79-4277-b72c-638b07c61d22
ad8b4092-132f-4c53-9329-a3766396719e,VISA,428db0ec-e2a6-481d-9887-f5910b728116
add4f89c-7b85-4dd8-a6bf-ff6a430e0df1,VISA,f8671726-3ea6-4f72-a7ad-750487b6f2b0
8d145d2b-e1eb-420d-a8bc-d3b2beb2cf67,VISA,d32f1418-b458-4911-a7ae-731980cd03ad
ebeb817e-33de-4bd9-8767-7382a95eda14,MC,37b6a6bd-1b96-48cd-9a8c-49d734aa6b34
f215aafc-ccef-4d7d-bcfe-5ba278baa137,Discover,d69ad880-d614-4305-adb9-4ce140363719
c4ed2b12-e4cc-4b3d-8200-9365fd272d2d,PayPal,6b6be41f-73ab-4617-8b61-0f5cc0c22d32
57ffec67-6796-47cb-954d-c64a451d76d8,VISA,dc1ce8ac-2c30-4d1a-9b71-bcca5107604f
6cd3b065-f36f-4fcb-87a3-ec8ac3e4c6ed,MC,70605ca8-ad69-414b-9bd0-ba30e36a7941
eaf69a91-7ac0-4e14-9f47-ea068cd91d6a,PayPal,ab673e81-8841-4940-953c-5f6f22a8498c
c414e503-c25f-40ad-85dd-febd95f8aa3e,VISA,59ba32e7-371b-4d0f-870c-cbdfaca08716
b943c983-fa73-4f9f-968f-d8c1c1f6f7b1,VISA,8076500b-5d58-4c4a-bdf3-9f4220d1ea14
08fb8aaf-b6d8-412c-b944-fdd8359e2cb9,VISA,8c438cc1-5ff4-43ca-83c7-a20f0dcf8b0c
73c9060b-f058-4f3f-b75a-5205d842afa6,VISA,de82623f-cd81-433d-83bc-b4231e0343b4
38ea9c44-b2bf-4583-9522-f51295511b9a,VISA,f5351a09-e542-48db-8d31-d70182461435
45341de7-e837-4269-911c-c9fab4356362,VISA,8adf4b7b-23de-4158-bdc7-68ce80be1d38
2f0e2f76-4183-4710-a1d1-b5c78be8d29c,Discover,daeda562-095e-4fc6-a4ed-3a45076c8e17
ee084881-b67b-4bfc-89ac-bd0310ba82a0,MC,92f3ebc0-cbcd-482f-8c0a-57856657e6c2
6c53c69f-3f3f-4f28-a2b8-0f5ad8a22480,MC,1c8b36e2-338e-454a-8cf4-4f57889729e6
0928b2e7-0d40-434a-845c-d445e5072019,PayPal,94decabb-5cd5-4f5d-bfbf-2da138b85c07
818827d0-3866-4536-bc12-605e45d3431c,PayPal,ab399124-bb63-4f62-b50b-16ac3059e40b
eaf9b8be-4e41-4eb9-a2de-22e4895a541f,VISA,b5a5df0c-9d80-4761-8b04-f9c7b51743ea
1775da42-febb-43b6-aa4d-43aaa2090c84,MC,6d32692d-3490-42e0-b2be-17850e5b33bf
b4c04818-615b-4eb8-a014-30d3b157ad18,MC,44515e5f-0870-4e68-962a-6fc39d9461e5
832f6c9a-e066-4620-b75b-2a3b6a3f3fd4,VISA,cbc203f7-7711-450e-8554-9be412445aec
cb3bf544-620c-49c5-b971-6fe837048014,VISA,4b7db1c6-2062-4a6e-a9d6-0b50d27dbd81
173368a3-8f89-4c75-b368-7b448b2ec0d0,PayPal,5eb11008-75a5-4134-b9b5-79b233fc0060
3edaa43e-a1eb-4e83-9994-c837a7b9689c,MC,3e5ffbde-a304-494f-a6d1-3012d15bc434
1282ff8c-cbef-4acf-9a36-5408d9456021,VISA,5ddc4c25-b3a7-4e27-b23e-8ba4e970c0e7
17a11e4d-71a5-448a-83f4-24a18e4048d0,PayPal,084b16f1-5c28-422d-9aea-13524967f46a
24039909-38e1-41c8-a490-6618ae0c4184,MC,fa9f6346-5cbc-4453-ab29-aeeafd067404
06d21279-7d9f-4ff6-83cb-c96124393358,MC,5712ee65-f5c0-4ca4-b632-b24f6719c038
a82b902d-1315-460a-82bb-88c2c4732e1d,VISA,8171dfde-d0cf-4665-89ce-c677c3dc779c
41a5c7c7-6d60-4199-8453-7c2714dee050,MC,515ab98b-6361-4f8c-80b2-2678ad0c3387
d55abb95-4a4a-4fc7-9091-eaed5fb0ff71,PayPal,dd24c605-3545-4add-be26-d518657249f5
06f3acbf-077a-4f76-9ae5-f1f912912b06,AmEx,aedbfe9c-81bb-49e0-8ff2-83716b72b064
b78a6f32-6dac-4b5e-9b6d-77d60f2e715d,PayPal,14636744-17bc-487c-88ca-e76168c34af1
548176a3-e6d7-4869-80e5-93779994a746,VISA,8c44d020-8e2d-42fc-a128-563dcc5ac9a0
c100e639-5490-4ad1-accc-ea469d247461,VISA,95db9f34-6b2c-43a6-ab83-ca976c09787b
3c2fed1d-5f07-4b5c-a9f3-2652d0de3a6d,VISA,e19dd7bc-f408-4254-b831-3f5161e8f36c
e2b1d3f8-54c1-4b63-92cf-db29c9a37b49,VISA,b6103e1b-cd24-4b8d-971e-95cbb8703545
c964f276-b2af-473a-a9d9-b11dcb2f64b1,PayPal,65582675-f984-4380-85a7-13b87754ecc4
612c6cff-6afe-495c-8a24-cc499fab1bc0,Discover,4165216c-140c-4f21-8821-2695ae4a1402
f7a98fd3-a57c-447b-ba7e-d8df3bb08d6b,AmEx,940bb8cb-995e-46a3-85ec-501ef696f7a2
5e9004c7-0048-4b49-a37a-08c9d896fccf,MC,e06d0298-93fa-4bad-a599-262a2bac0e67
39bd946d-e16d-4750-8563-a99cb904f0c3,Discover,9fdb3a5d-cb60-4b14-afb6-c715cbe2856b
2b2858b6-d383-4b91-94be-30709bb99b94,VISA,c4dff657-d01d-4b10-ad5d-6b143eb09866
cd8d4c93-3226-4547-a88c-d138e9da56a5,VISA,e678d97f-f22c-497d-8943-9a0540f796f8
11dd98dd-e891-41a3-9609-f5dd2ba3a0e8,VISA,3a874a69-fdc7-437a-823d-8f05b04b8a3f
3be5df19-3f1e-4de9-a286-4866e5ba0c85,AmEx,f322c15f-8f23-4424-b52c-30c81d085086
13bb9891-9904-4f36-99b7-c1f54733facd,Discover,c7d4731c-da41-4a26-87b8-e92d522304e9
d62ef21e-9a1a-498c-9fe9-3982d4f29034,MC,ae654da9-0271-4067-932c-3c88e0644797
224f9a46-e117-49aa-9b21-b8de3a833630,MC,1d649133-e8e7-472b-aeb6-3b8991f09203
c8b4bf36-9b03-4150-8801-c1ba9b25ec5f,MC,32cc7da8-4f3c-4fb2-82ac-83b19cc83476
0b3c025a-ae92-4d36-a526-06168a1aaad1,VISA,f7838b57-2028-471f-a59b-1684995bd47a
31d2c1fc-704a-4df5-ab67-8702956369fa,MC,fe7b5fda-a24d-45a5-9734-55b3767c6a5a
9a154e86-88dc-48e7-afdc-d129c5be164e,Discover,aa67ab3d-d8a4-4ae5-b0e5-295b3809e316
24873f1f-10e3-49a1-bf90-9ca3d6f1006e,AmEx,5c15a1b7-1c69-4534-9937-1d3be807b22e
83df41c5-6f93-410d-884f-68e0a8a18e62,VISA,63e4af4d-57f4-4e7b-a3d3-1d2ee7992be8
b908d676-1e49-4d8a-967a-2c3ca8eb5899,VISA,4d4f4ced-e37b-4a16-82ef-447ddb15022c
da06ddb7-63a3-4653-bcee-63761e0969c6,Discover,5f5314ba-14fa-494f-be04-81487e178c1e
27d10ccd-e409-47f8-b713-08f8c14ed9ab,MC,a908f163-6e3c-47eb-bd76-4b8754b6b8e9
879c2722-421e-4e0f-b739-a14bef34013b,VISA,58f423ea-b54a-4e30-a477-e42f03f353b1
5ca0e849-4bea-49dd-9602-0f00a4ced2a2,MC,3ada6c91-20ec-4ecb-946e-8b8f6c64aa22
53dd3361-91a4-42fb-be2c-8e777f4595c7,VISA,163f4850-c40e-43ea-99c6-4265c0e73f08
2a825367-349e-41f3-a506-c953ac80b737,VISA,869210ae-04e2-46bf-ae78-0f7baa7586a7
f9001fdd-f70a-4854-821d-bef126f93877,MC,6459054d-530f-495c-8f0f-1f8ef348bbec
68673ef3-f696-4028-8d3a-c331d05cce02,VISA,102e9b5f-1f6a-4b88-a1df-f4825dd98476
af066956-cad1-4349-92ff-aeb17b4a732b,AmEx,37025c99-e09e-4871-beb6-1aeac1d6c4fd
2e868467-d5f9-4905-a8f4-fe8ff72f469a,PayPal,9126e84c-8482-42a1-8f90-2ade4a6722e9
e90cb29e-8b1a-48bf-9032-c91de2e681d7,MC,73d2719a-5bff-48a6-bd57-797dfcad4beb
0cce4a68-656e-48d6-98d3-164a78e096ce,PayPal,0e734d5c-2317-4403-bafd-ca58d07f1a68
18da7f92-86ff-4c47-a823-b9924a1ef4b6,AmEx,a26294b1-c4b5-4024-b7b2-eddb6545e452
ce4be445-6495-4b6e-bad0-bece7c839ee4,VISA,9fee427e-4e08-4cfb-b85d-a344e406a9fb
477efc63-4f14-4af2-b8ba-d7f5eec332e4,VISA,8bfc2ce7-c111-4675-aa9e-2dd80f6055ac
7b941340-5091-49be-956e-7832ad53c08b,VISA,c4672b3e-4e4e-4547-a170-731b69e42817
7b75d3b9-cddb-421d-a4a7-b4af4e27f8b6,MC,1df19fb4-5a47-4864-9898-0b4608f7bf37
503b6d0a-91fd-448a-898e-322b5256133e,MC,d3f1c392-2053-41b2-b48a-722cb8bb6677
a1b2645f-1094-41b5-8d2d-c36710de4035,MC,65789de9-6b93-4137-aede-1dcbb0f23b10
f1090d6c-566e-4072-afa2-c03614921888,VISA,0ec8947a-6bad-46cb-8f35-502e772d67bc
807a6e98-1836-4cf4-afd3-cd642a841a9b,VISA,dfb6082a-45a0-48a9-bd65-6d88055af684
35a6c4e1-9e32-4339-8d00-4b8d32b01ebf,VISA,bf78c08c-4d66-485e-b9db-b2fbc498be0f
a0eaeedc-b2ab-41d8-90dc-0a79eafb1064,VISA,963ad43d-775a-4bce-9dec-2a898e432ea3
c1a53d1e-d51a-4111-9445-7aad34931971,VISA,b6b9eaee-b959-4775-ab29-6ba48981bef3
c5c18ba1-e8f4-49c4-9e60-28375f34c47d,MC,5a4c66ce-06dd-4bb7-8828-b50d14129402
124adba4-4da2-4782-9649-e2296e9db557,PayPal,a45d56b6-c125-44bc-9d33-c1db9ef63e21
c1fdcd8b-5804-43e6-9441-77c49b762286,AmEx,1802ddc1-1204-4101-9c22-933ce0d30b8b
7086cebc-3a3a-409a-9cae-5050e556f5cc,AmEx,99489f7c-e187-41af-855b-d646fdbd5938
b0026b26-1a2d-426c-8361-76168e59985b,VISA,f6b0e267-c459-4f5a-81b5-ae26d2e63042
64fe1eab-2774-40d4-89fe-3db3595de828,PayPal,ccada33a-7520-4033-89d5-d7164853c207
9bed7f6b-fc34-47b3-8d61-281a6f9f999a,Discover,ca6282ff-9e11-4b4c-82cc-50297c960648
93acc120-2b9a-4671-b000-1fd96917bdcf,VISA,254867f0-19a6-4c8a-9b14-ecd8e267c238
93e622f8-e8c6-4072-8501-c49ff131288e,VISA,3d5dd355-29fc-4046-9eb5-f5a0aac2f60c
87ba65c0-ff33-46f9-9673-782881d3bd2a,MC,3a3edbc4-0300-48c0-9263-182390294b83
170b5271-5717-4413-b3c0-0e03ea74124b,MC,a606d284-fb41-4437-9a46-ae053590cb6b
347d2c83-365a-4473-b04b-46a16ddfc455,AmEx,c06cb335-9e3f-407d-a6de-c4cb62dd5ab7
7c603764-987a-4acf-a183-bd7a683eb990,Discover,f766202b-a900-4362-b1dd-03c469200531
dd62c57c-f692-4895-8d87-15180feb5528,MC,8d328f4b-d883-4064-8033-585114bd873b
69ed03a1-2077-40f5-b07f-b1b6f4a0c80f,VISA,d8554ee3-0fcb-446b-9917-a8ff1b61f80a
8b1a6d1d-68cc-434d-bc59-1a9a8043b68c,AmEx,37ea3a44-e8dd-4b87-b4c1-7cf73332e961
af4f5166-5ae1-4b1f-ba01-8d5f0aa350e2,MC,323cfcb0-1fad-4ea4-b067-45cd2383ad15
1ecc23d4-f100-4157-aea4-04d5c1bba652,VISA,519745d3-29cf-4942-af7a-12b31cab0437
34726222-91c8-473f-8ce3-e8354fef5b91,MC,a2946d7d-7e63-4dcc-ae62-c5868f674304
8dac6271-9e51-4575-b981-470f45574dab,VISA,9aa555ef-94ff-484d-9f93-7f4908907486
4de5c958-799c-42d2-aadb-38974d09228f,VISA,b645b321-b79f-4ee5-8215-a95b0a7f3910
cf899933-14f4-4aa2-93ae-9e0fccc2bf26,MC,273b0bed-b435-4d5d-bdde-63ea10406b47
fc37769d-a04f-4a02-825a-591f2f35ccb5,Discover,96de685e-9916-4694-8ea5-b8032c59cef3
5689292e-aa7e-4ac7-a65e-2a74ba700bd4,MC,1739f140-0f17-4e31-92e9-a768024ab6b2
bc3b659f-6ae8-45b5-af45-580253e69df2,PayPal,07ba043e-9322-4936-b19f-0a4f4b741893
55c7464a-0437-4afd-8b76-59846e39ca75,MC,2b4ea6fb-a525-46dc-bfa9-79e682b21c96
6ec56b82-3e8d-45ca-b8e7-ed30a4379e5c,VISA,c8c18798-d403-4ea1-bca3-3b2576a99e88
8194b904-fba8-45bf-997c-5f659e3a2914,MC,817fe51e-5b48-4375-a119-c5f3fe799a28
ada171de-de8e-46ee-baf0-c51eea02baab,MC,82f242c8-ec89-463c-8654-2840aa286090
5e13e599-c205-40ac-b285-fa838f81614c,Discover,61c69e9e-5b55-4e03-9c19-32946e6abc4a
aa65faea-b9b3-4094-998b-2b40686d55ed,AmEx,403b6cdc-b73e-4b45-b06f-f4223f137df7
980710b3-edfb-4fd0-a243-c42919abadf1,VISA,a5c5f8ad-8bca-4a60-bad4-0ce5ba0675b4
31aeac76-5683-430f-9dc0-e4db64052d0c,MC,e7d17511-7a8b-4cb7-aa7e-6ada122557cf
99fc2250-b071-4cbf-b607-214957b68d22,MC,346b4b7b-3c96-459f-b102-f74b53def2ac
23dc2557-add9-4f71-87ec-e0af064ed71a,Discover,75b6e14d-c2e7-44e0-aed8-8f9e7a821f39
e010fb71-2fad-453c-b596-f50c11cc72da,MC,a9fcde00-0e56-41b0-844a-9451c770e153
17ffa49e-bfc1-4ab0-bd1e-658dcc21faeb,AmEx,a1c8892a-3abb-488c-94e9-6234d15bc03e
cad33dd3-f534-45dc-95cb-3bd8e6d93d75,MC,390de826-66e7-44d1-878d-a933f031145d
6be4dbe1-b80e-4574-b54b-7c6d2a78af42,MC,0acfe15a-9807-420f-8409-59259112448e
026dd5cf-aa55-490e-99e5-c35a661b24ea,VISA,bae9b1f8-6510-406c-9657-14cbdcb25241
0d23eb39-930c-45c3-85e4-0936bd09e79c,MC,e08fecf3-c475-470b-85e2-20e1ad112ac7
357f28a5-4079-4abb-8377-8424a3694cfc,PayPal,b92809e6-3c2f-4f14-91d4-77cb6873db61
c2493758-9034-4e9c-9854-42c395acbec3,AmEx,ef1f8850-597a-490d-80ba-5c22044885b5
2387fcc6-62ec-4463-b620-5115b3251757,AmEx,a6dd3e1a-9caf-4f87-b51a-8b338a239f92
f3aef85b-55bc-4818-95e5-19b45b1862bc,PayPal,8bea7340-5277-4ded-8560-10804acca1f9
373bba02-cd7b-41c7-8435-1cbba0429bb3,VISA,5780ba2b-7a72-49e0-90f6-de847eab2895
efb2e01e-03b8-4ba8-aece-9da79644da12,Discover,e227ad68-9b17-458e-b20d-e0065494b087
ec0fbf45-9dad-46f1-bea2-540caa7e3321,MC,6e6861d5-cf51-4499-b303-e009899a74f7
9280c3bc-09d0-4ab2-ad42-ea98036f9ac9,MC,9719f594-a98e-46a2-9124-a735bf2324b2
27114ba5-717c-495f-b63e-87c8485857e1,PayPal,ed2fb022-dca2-425b-8749-94075ad8b29f
d158000a-028b-44d7-9749-fa729cb77af8,VISA,a7bb8f05-2760-424d-9b00-897020f8dff4
ffe99c5d-3177-4946-b288-5d895e8b89fa,VISA,75ad728e-cb06-42fa-9c3e-fc502d60a4a5
dab32473-9aca-4137-83b3-3b2614722886,Discover,0d2b1f2c-e240-466b-89d2-6fe4e4438183
a41f6bfb-1b29-4498-baf4-1559daea02d6,VISA,e724aa13-59ad-442a-a9e6-5c3db5384acf
6024667b-b791-4c29-9d73-6d2f7ea89714,VISA,ae70d7a4-6de2-45b6-b61e-693bdb5be699
5984ab4a-0170-4d97-ab65-da86e8e0a5e2,AmEx,4898b69d-14b2-4121-ba59-50bcac3a445d
b550cb95-be68-4f10-a0bc-166f9bb310e0,VISA,4f01502e-c05a-4715-8d79-6ac0d2bc4f8c
eeddbd79-6233-43e1-8d0f-fbdf240fa187,VISA,4a964349-5cba-4b24-86bf-3c7f9a8719d6
0d2f9acc-5d8c-4231-a286-081e76eb6432,MC,ad0a7282-2b49-465a-8674-5b0f5044cec4
51f3ffe9-2c5c-4016-8096-97ac2482a422,VISA,7c75109b-b212-4548-8668-f978bf0e7b91
d06825f7-4fb5-4e52-9c01-fff86fd65a46,VISA,c94abcd9-7f8a-4ccd-b2c0-92949dfae932
ce2a1e13-7f68-4d03-9d8b-2000bde163ac,AmEx,839edb16-107c-47b5-906c-33068a8fe3fb
03aab6ee-5a3e-4a85-bf86-8073452a8427,VISA,87185039-63d5-405c-84fa-b954b5b2d4cb
66223932-12e4-44fc-8839-b485b272bd1a,MC,4abfe0b9-1be1-4867-8248-9dfc4520862e
eac36dae-1da8-40af-8d77-d2851dd1b457,VISA,9bf0a38a-0609-4c2d-8580-569932e9d467
57097b00-9c3a-4bab-a179-2dffb432169d,AmEx,5d781b0a-6d72-4364-af1c-305dd8f66797
750164bd-59ea-47fc-ac98-89953486eb7c,VISA,8d4b8d89-f2ce-40fc-8886-3eeef4fcb569
9d40987f-d0ff-4da8-8f4f-12db6433a43d,VISA,fb99804c-c29a-4924-9606-9e7ac507e0e0
a20f9e45-95e8-46bd-974a-25b3ae8252f2,Discover,11ea4366-5c68-4eae-95d0-c825d4ae13a4
9c381201-10c0-4980-9073-10a9cf903a36,MC,dbbba58a-66b0-4863-882d-6515e48ac2d9
999cfabe-1085-4158-9b3d-c44ec95c9bcc,VISA,01d547e5-e286-401c-a063-c9ba1a4036ed
c831e0f3-aeb5-4d86-a7bb-6d72d1517a38,AmEx,43cf9297-f2d9-483d-86cd-54fed8e9fb3a
a3ddc4aa-6039-4fa2-b92a-03d0b81058d7,VISA,81c56e4d-5da0-4668-baba-a792fbe1b24e
e1d20262-6963-4980-8e25-1aae1c4b5f36,VISA,f89407f5-b480-4679-98a8-6b02d2b57ce1
8cb801fc-f1e3-4bfb-a4b3-18b7320d014d,AmEx,80f2a4b1-a9cb-4f0d-89fa-972694836407
2ee37b41-45d4-4a96-a21f-a784c006850d,MC,f36af488-bd0e-4ec9-bc45-51f4251ba707
041e2d43-141f-48a5-9db5-b6239d3ad551,PayPal,e8590617-64ef-4c2b-85dd-e145d37673c9
1e59e370-71cb-4140-90a4-8ae8fbfaada3,Discover,ee06aa99-4d59-4d20-a668-c3a5757a9329
e8fbb472-02c6-4471-8f0e-39910546ad6b,Discover,f610d2f6-72a3-4db9-b5d6-0eed8ddd1119
00677f99-2607-4bee-88cd-82aedbca6015,MC,e51ca56a-2916-4551-9b41-58918b5d39c4
d30290fa-b49c-4604-bc72-f06aa17636e1,Discover,09b4aa3a-98e1-4868-909e-e5daf6bd727b
f7f42e32-e72e-44dd-82c5-cfb49c357283,MC,3f8f2deb-a7a2-4f7e-80ff-5ae2610fe4d0
a8f293c2-d30e-4af3-bec2-9ef511de3fc9,MC,372c38b7-4d99-42f0-b872-635906e22ba3
375c0548-3fc6-4f1b-a348-f973088a0977,VISA,a00b5419-b3a0-43aa-9d32-983123b775d9
47af51ba-b500-4982-9825-0b7ab5c69aaf,VISA,ae3f7a1d-094e-4019-869c-4b772a3527ed
88f570f0-7929-4b9c-b733-9e1163e7d381,VISA,4759a241-28e7-4d5e-9e03-a3df75eff3bd
607c45f5-8d55-4a21-8d32-dad20096903e,VISA,1fe7b840-5170-46ca-aadc-4660b42f978e
34a186e3-d8c1-4cdc-a2fe-e188cb68f4b9,AmEx,39f34446-e5cf-4af5-8611-1b46aa623dba
becc7d3d-5b10-41db-8c21-c924611d1034,VISA,cb06c468-a67a-44e3-83c4-48038fdb7fc2
72df0535-b39b-4815-948c-ad01ff61d906,AmEx,84d16396-f179-42b1-9d29-fb376dfe63a4
353018d3-c5c2-40cc-b398-d5d9e827937d,VISA,9717ff38-7022-41d6-b174-96083cc482bc
9570dd57-1c8e-4731-b0e5-53e2a6d59c5a,MC,c43b9b15-595a-4927-a693-34be55991ec5
61d5c5a2-64ce-4282-8510-f8d3f1acb438,VISA,a6c32f54-36d6-4139-a3f5-e131eb94c5d3
bda9b3b3-58d7-4cd0-93e5-52a8f5ccbee4,MC,f878b9c3-2f5b-4304-8599-1edcc5e334b7
d9db5f89-dab4-4d33-b7f9-ce058bff5e68,MC,ade81289-2ea9-45cd-ae49-409eee3fdfce
d284362c-769b-4f64-b180-10e6a1cb9c16,MC,049de686-e4d3-4684-b90e-67e2c6390a3a
551c509f-b948-428d-b8bf-79f4aa93eab4,Discover,dbef43bc-7c87-486a-8927-01ba9427c106
ae62538e-484a-4b03-9470-377cdd00cafb,AmEx,59527bd0-ec4b-409f-a514-e18efc1b77ed
839b18cf-cfed-48ea-8e22-211d1ed6a5a9,Discover,3ad93ac1-1a0b-480c-861d-c61b67f84013
effd28cf-7ce5-4196-b49e-44956d119b22,MC,adac65f8-4261-437e-86e6-3b9dbf943e85
f12ad816-8b25-4411-bcee-0b30e76bdb82,VISA,982fb243-eb2d-4f4d-b1ad-f70da8a27424
fbcf34ea-6d50-4073-af77-a824da6e4e77,AmEx,b092d020-cde8-4ddf-bba8-8e4b9bf356fa
5521f831-b728-4cdf-b9fc-8c56b2da9107,Discover,12b4650c-7339-4d7d-a5c0-58eea9fcd614
5be36704-7d17-4388-bfae-96dde29664f2,VISA,5c2bcd03-a075-42af-bc68-9c3ee1235c72
b971935d-ffba-459a-bd97-1825f29c34d4,Discover,23f4e3e2-5510-4580-9129-dfd211f13d03
d6d3cce0-d39e-4b8a-b61b-0c60ec4baa20,AmEx,84a50fe7-77f6-4793-bbcb-f0c7af1d402e
62ed2f07-492b-470a-a53a-f688cab269d4,MC,6ec3d7e4-feab-4281-914c-02bd627afd06
8ee4cfa5-025f-4ea9-977e-57a545d8feff,PayPal,742a1d71-8bab-4cce-8e3c-bb7657cd40be
31b78c57-bc22-401d-bd5b-671463012092,PayPal,85f1798f-7550-42dd-a58d-8d2c3fbfb377
d3686a74-c3df-41bd-aa9a-96badffb71da,Discover,36b75f3f-3960-4fb6-9a50-d08e43ae4183
5eaef111-4c89-49ea-9f1f-0678d3ee3246,VISA,c5fb136b-0375-4918-ac0a-852a1af0787a
83079505-c321-4374-8bc9-ffd526b5f85f,AmEx,3d2e8482-ba5c-492b-8777-fe106eca60c2
0606004b-27b2-4e90-b1ea-fe0e4f85bc60,AmEx,110c6131-4583-48be-8879-c0e99dac79d7
d864ad0e-d3ec-4722-986c-91b5dd0dec38,VISA,ab189e21-46d1-4c70-b062-b00f45ad1816
c339118e-6530-4bba-86af-2394b46f5002,Discover,58f37c13-4b93-4594-88c2-810b2f2b09b8
5bdc268a-26eb-4de3-9b12-dae17ca9f7d4,PayPal,9c8829e2-5183-449f-890f-ab79b1880103
21461359-2be9-453d-a8c6-7b03ea9cf6e4,PayPal,2f27ac00-00f9-4486-a3d7-31c62428a0cb
b2e54c66-ad83-4df8-8a37-7ff19b16f4e5,VISA,1dac24ae-d57f-4ae9-8782-6c49709f0093
ce490094-8c18-42ea-bb50-837fec548153,AmEx,243c6344-64b4-43b8-8ffe-674369a8b1be
4ee3b69e-d6e7-40c7-8cf7-55934fa5e1bf,VISA,bc39a684-9d32-40f1-bf9a-5ce55ea92353
2576b944-62ec-40d9-baba-2cce116fa0cc,PayPal,8e602e43-a9f7-452b-b0da-1d7c5cedbaa0
e8d0ba32-86d9-4fa4-bcf8-1c291ad3cb30,PayPal,b9812869-da27-4618-8493-983f0bbb6ea0
12de5911-e9b1-4e44-8d14-3d6388bf917c,Discover,90a7239d-1a86-4b81-8a8e-cbc4c57d874c
709b695e-e3cc-4ec4-9f0b-b62539fc2a0a,MC,35f7c95a-666b-4d9a-87d5-f8b9d8cad390
d999614b-dd76-4b72-9bd2-51a882e07eb4,MC,38469fa6-5c23-4e88-b375-cf84127d9868
b0cd34e0-c28f-4274-afb6-a97af51b3584,Discover,c14549bf-a359-4b04-95bb-a54a2503f0b3
10c52668-2823-499e-8266-9370a5dc4dfe,AmEx,515ecc80-fb8a-4ff3-83a9-7c0a4bacc1f4
021965cb-0b6c-4347-bad6-5a341e1a7297,MC,f5aeaa1c-88c8-4114-80a2-6871faddcb25
cec7fcbe-23dd-4d8c-bcc4-6d3cdec3f46d,MC,b318caa5-bac2-495c-9763-2784c24feecb
5c317112-0598-49ed-843e-a520c3d885c1,MC,127ee60d-3f83-4cf1-af7c-78963dbba07a
ad4cbe1e-4d47-4548-8dc2-d41f34de1829,AmEx,1f44cef1-e3f6-4631-93a2-373e5439bbd1
418baf97-f2ac-454b-b9ec-3c9810d9f0ca,VISA,5d9e2184-ac4a-4e05-8dcc-1c58c5567de1
91d7ad34-a564-4381-a841-a09dde681d77,Discover,32e5a0f7-161f-4269-bbf3-ce97aaeb3108
304f208c-066d-4f45-bed2-55956d6411ad,MC,545ad8f2-4b60-408f-a416-b8e000465aed
77278540-9fe7-4135-acb7-b1e90a1132de,Discover,645c8a38-b16a-435d-b397-4c60ae97e8c5
b7da12a4-ed3a-49c0-8ec8-568ed3f580d4,VISA,e2c17e19-2909-43a7-a26e-70dfd39f840c
ca942134-d303-404f-977a-95529b754d9d,Discover,fa18dfde-e04f-4776-8bb2-482c217f88bc
b0fb4b8a-eeac-4793-938e-12229e5d74bd,Discover,fa0812a9-8ea6-4104-9142-959208897659
44df0589-3b4f-42f9-964a-71fd2d101a8e,PayPal,01e05118-a104-463f-a2e5-3f1352c4916b
d1ec7992-c558-40a2-9a9a-d85dcc6d2f84,PayPal,9affbb48-c705-4ca6-bcf3-869ac42bd017
dfdb9b49-711c-4d91-b722-38b3c4ee5f9d,AmEx,aa68b95a-5277-49ec-94b0-0583187ff771
38845724-6f58-471f-a1d7-8e0bcffdcc49,AmEx,4dfbee2e-66d5-460f-b75f-931b11c49541
07ba7a7b-9a8b-4f88-91fc-aa155713b6fc,Discover,d0fc67a8-214b-4735-94f9-ecad090e167f
8552e92d-bed7-443c-aadb-bd1117b38432,VISA,44374679-6967-43b2-80e3-4e2d8f2fdb9f
1de0ee78-2183-403a-8b21-0de9a458c585,MC,d30c1d27-a1b3-4690-93f4-b1324ae1d76f
5363594e-2eb7-4a23-9df3-db648692bc82,VISA,e2cbaa16-489b-43cf-8d22-da07e289e535
ccfd060b-1fc3-4f3b-9c7b-bf75dfa43062,VISA,a9d1aeba-47af-4647-8fc9-7497f9fabcc2
bd532488-5547-4632-b9ef-fa2e2f196d6c,MC,f9f30f1c-943a-4e31-b1f9-8e3c982e250c
48ca074f-ccf3-42b7-a386-c65d9dd3c494,VISA,5b73bef3-c700-4be9-b0c4-20e52162fe39
7c26daf7-24e8-4556-9d0c-b246d213ac06,AmEx,545e17bb-8d24-482c-b983-b9f974c7c61e
5322c7d8-d14b-4933-a3a7-e99cbdabda2f,Discover,f92d3e5e-a4ee-4304-9c19-0bc16b6fda78
c935a458-9105-467a-9347-698b973c545e,Discover,387406b5-6477-4125-b57b-f6db8851d5a5
08bd596b-0b95-44f2-b999-5bd4aeafcb06,MC,d5065a10-2e43-41ff-8c6e-195bb1a86eee
5efe0016-8eea-43bf-a740-386a4ddfb57d,AmEx,cd3b6bbf-526f-432e-9292-1fc4da27573d
8bab799f-add8-4db9-9b22-4953fc950585,Discover,38ff3bd0-eeef-463e-9526-6ea7b6fc7970
47fb7d01-e94c-4e23-8315-6240964d157e,VISA,b27c1514-f576-4160-ae8f-09c372852163
139b4664-fffa-42a7-b516-5cd861bac0e7,Discover,457357ea-f240-4fba-af6a-b75d213bc9a3
b02ee786-bc16-45f0-a37f-a583231ddc4d,VISA,d6c3a246-bf63-47d9-af56-cdabf771f3e9
b30fd020-d7d2-4e1d-aa5a-54da670c8950,AmEx,96c7cc47-b6da-4e9b-bc2c-d94e34a88489
5d2d8a13-a803-431b-bfef-404eb0e47e21,MC,c14693a1-fff2-42c9-8e0a-27609a8cebda
bf6c2eaf-39e2-4b20-952a-25e4dd3870a9,AmEx,238be9ec-0568-47c0-b148-59fe595c81e9
7f7b507d-6fcd-4bd5-920f-82d046811c99,VISA,a51517a5-962c-405f-a4b0-12e8c72aee23
f813166e-094a-4f1f-ac11-1cae608d6f81,MC,fa797b78-2fe6-48d4-a988-e16b29a39443
b5e24336-e63b-4888-8ab0-70b6fdd37ff4,MC,9549bf5e-31eb-4d6e-b508-ad400a98b64a
6f35ae81-f645-4a29-98f4-f167eb4c2b9d,VISA,170e0422-e9b8-4d1e-96d0-69ea491261a8
e7b83c20-46c2-493c-9a9c-c3e9b425ca03,AmEx,49c9f1a3-7daa-4212-9539-602e4c9e858f
25bc752f-e1d5-49ba-bc22-2d8b42b9ec86,VISA,fde20995-73f3-4f3d-b345-ddbf7bc9f11c
b3c7c5fa-f2b5-4877-88fd-35614a9d9584,Discover,95ee87bc-ce7e-4415-8726-310be3b2bc92
50fe6cb1-feaf-4552-bab7-a445c86f44bf,Discover,eed62bf7-f2c0-47be-b18e-0fda73579f6b
ac694d96-7820-4e24-b0a9-dbf03d3aa4f7,AmEx,1a93b045-bf06-4b24-91fe-2f9fc9f99f3e
24ed41e6-e92a-4227-945f-004e750bc8b6,MC,9c493273-c01e-457f-8de0-06db51e1b217
808308fa-76fb-4492-98ef-daf9d3003ab1,MC,d0ac841d-dd41-47c4-8768-def7e88cd7f8
a50ffc63-59fe-4b0d-b250-03d5ce8a23bc,VISA,536ed1f1-afba-4335-affa-a7210c0ac82e
bfff7bea-fa87-40ff-b4ea-47fe28c964ba,PayPal,99548091-e6c4-45d5-9d0a-5e0b4f467b4d
e6f5edb5-9a06-4e86-83ae-8dd7022e561b,MC,77ab4e53-25a9-4f0b-b692-94daea32dd1c
d8f1357a-a764-4f1a-9d66-70a45a482960,AmEx,b4559848-c873-4380-bc01-d179c251d053
ebf81ec6-63f9-4b45-9633-39016421bae1,AmEx,18a78cd1-aaa3-484e-9b12-69538c3bc74f
a459cd40-f64a-4b68-bc68-766eb8e40a6c,MC,2451626c-fa4f-4810-ab45-df97d5221277
761d6240-4edf-4e1b-8e5f-c0bf94b15e60,MC,93d34ccb-e3b6-40a8-b679-8acb31542d43
a50ba709-ce59-43a6-b558-e9a4ea586357,VISA,5b0c47ee-c7fc-436f-8d65-3c4aa9d6b3fe
34b801fe-41be-4a69-b1bd-25523b6d8d50,AmEx,82fd486e-625d-487a-a889-a50f6a07248d
131f4232-c826-4b26-a377-5166f533721c,MC,9b10839f-2607-4d4a-b283-b164859b6673
80f5293b-b49c-42d8-829b-e29078a83c2d,AmEx,130e0867-c622-400a-b4dd-ef762bd72fff
122d3815-f027-4036-b799-fdf779654df3,VISA,23c150e0-8fc7-42f5-9e34-f647c02bed06
574c243d-9a49-4a56-8feb-fc472cd16c15,VISA,427024f8-31f7-48d8-9027-5268fc43f664
f6aaa253-30eb-425b-88b0-bc31da2d62fe,Discover,25b2fa78-907b-45fc-aaeb-5ae4d7b123ec
95b3680a-4da2-4156-99e1-80a310d0d9df,VISA,69f2866d-f9e4-47c0-a369-0115251e2a41
abf96467-9c09-41ea-9646-71fa36f779a2,VISA,637d8d72-a6d2-46c3-bd3e-115b0b7778dd
9223c7cd-5abc-4264-b7f4-1fa7891a6181,Discover,528a6046-c1d4-40ad-bedc-f5bcffa1b81b
64ed6cff-dfc9-44b8-bbb7-cec2c55e0e87,MC,ebfa9f65-b53a-4a19-b0b7-94203a472b30
61a411c9-0118-419e-92c1-e51d834fe904,AmEx,9b64812e-fda4-4792-8d17-411d8d8c2651
846c0e2c-e7a0-4000-b0a9-aeeab4b4072c,VISA,48815bc1-ee6a-491d-b4c1-18ffc92a1fb9
11518ffc-d641-4a0e-bec8-402c0bc63ef8,MC,09bc5d8f-2eb2-4798-83d2-5d7f4ce48491
41476196-a085-4fdc-9316-35ccc454b801,MC,811d2c4a-b0bb-4e6d-b294-43e8c1473858
74d65770-58f8-4637-9db0-8d91a313ac17,Discover,25ae1458-f6ab-49ca-b6e9-fddf1690948d
6dfcf9a7-829d-42af-8f50-2eda1ccd32e9,VISA,0b0326f3-12de-4b46-831c-88ada7c83c88
8af02417-96a3-4da1-b38f-d94bcbfad4eb,MC,6c8e5816-c8ed-4c34-ba2a-38e338b6c15b
213d5139-3020-4f9e-94dd-7821a52f590f,AmEx,086fdf18-7078-4518-95dc-a3a02dedc436
548b855d-1ff7-46e4-8eda-2a47d6151ad8,VISA,8dd7153a-51f9-4349-a4da-aee663d9fe21
435fce6f-209d-4feb-9d74-7e1b3852ff76,VISA,667160e5-1d97-4c62-a1b1-de5d2b453892
957e75f5-ed20-4122-b53f-daa5064dd3af,MC,14055cf6-2a0e-4d61-8ca3-fbaae4d6500a
fc0c0dba-e7c3-4cb1-b140-e5be21ee40de,VISA,9ee2f490-6896-4705-b974-fa230c7f4a70
e1e8cdbc-34a9-4a66-89e7-b8ecec92cb2e,MC,71d57671-4b83-4400-9e84-72c8e5c1a3fd
3f2a23ea-0ec9-46b1-ac3e-66fb648a451e,MC,b946854e-aa20-4ac7-bbad-5ea3712af6d9
f2bf33f2-4114-48ff-8a41-cc57101cdae4,PayPal,56fd5cf1-9f0a-4d52-82bf-f0ce5976c18e
5fd09cea-37db-4b18-bae6-f35f7b898306,MC,a63ae73d-1fb3-4888-8a2b-c249828294a6
fe5fd899-367b-4673-9e5e-5bbd31fd07a9,AmEx,16371f44-2456-4bf6-b2ac-32dc046a08ae
a4511353-7a45-49ff-9436-e39321df3377,VISA,60186d21-8c8a-4a5f-9f84-c8cf47f8d576
322915d2-e208-4088-8573-5b3b08c77ef2,Discover,c53033c1-6340-409f-b42b-9b7030dc900c
b4793cb4-879d-4b9d-8f25-e6b6d5d14d6e,VISA,4003f963-8984-474d-aba1-e51033d40606
607ff3b1-bc55-450f-850e-8495cddd7e1f,PayPal,06a5bf06-60bb-46ad-8d1c-cd62532a9b48
4ed1c263-fc45-4240-92a8-cc55aeaf2710,MC,7822f2b8-1fad-4091-9597-b9e3d609647c
5be1c8c3-737b-4ac0-8078-dfb3897cd068,PayPal,0f62e59e-eade-40ef-9d01-0aa63f1f589c
263e7e46-b468-4f22-882f-21e7ce75dcb7,VISA,260483d1-8b44-4221-9c38-f49153c40f02
8a46c124-3f28-4a11-8e21-a0d4387402f2,MC,52225e65-b9c5-42e5-954f-95b65e1eecfc
814a31fb-b7d7-4887-8463-ec8e77ae0701,VISA,e628d132-fdcf-4ba2-9595-7b654e994ad3
94606f29-1fbf-4208-a3aa-9937f3e63681,VISA,efa46420-12ef-4f0d-8886-86867074bb5c
08eb2626-351f-48be-b8c3-0975350916be,AmEx,1bc65d94-5602-4601-b3bb-2fb370b85c50
080d5e24-3b5f-4373-99e9-91a33da47981,AmEx,66ce4530-730d-46dd-9cd2-85d5cf9a6da9
9682cff4-7e46-41b2-81d8-0ad31aaa0d1a,Discover,e380db3f-0043-4daa-adc1-886ac7ccab7f
b8b8847e-df3d-44f9-a2d0-93a7cf18c5e5,MC,55b82697-405b-4ff1-b4fd-72c81125b6ac
ec1d9b03-4e1b-4e8e-a263-6c0a44ecb9df,VISA,436bc65c-776d-4817-8a08-04a7af77beae
782aca3c-c67b-431f-89a1-11462a5b5f03,VISA,c7ddb917-ee59-47df-9eef-8dc5fdc21ffd
90f976c8-0197-49f4-a043-e3098c85d404,VISA,e95d2035-9190-4abc-a2cb-1358f91d0381
8694b129-3452-4ae9-b643-bbe2db582d26,VISA,37e6a126-daeb-4e85-bdc2-001ef4b8b006
2bf0e3ef-db19-4c5a-b884-9b8fcf2ce44d,MC,71f2023f-6995-49cb-b4fb-69b8e8c53bdb
2b97531f-dbc9-451e-b24a-1904032335fd,VISA,9ddba88d-3323-49c3-9149-5cff861dc99d
e9970b7e-9345-4015-a062-a5252feb2453,Discover,11e9de17-171a-4e0c-b811-2c8c4b6ec9c7
dc4c6e6f-e7dd-41cb-8b65-dc360a9c5d84,VISA,a04c17ce-f18e-459f-80d5-514ba24a5300
ec3bb36e-ff2c-4bf3-8fab-33b5b21901ae,MC,c34aff9e-bbf1-4016-9ff3-fd09689758f5
31b5e768-1493-4737-b470-63a230e97eb6,VISA,6d0856ea-2d2f-4cc6-8c6c-aa20ef86c482
f75eee07-e663-4107-bbca-6ac194cfd9b9,VISA,a620cb93-d48e-4d99-ae7a-e6dcca8b61da
0683ad48-3828-4ac2-aae4-cf212a61b131,MC,e0663c3a-a93e-47f8-b8b2-9a75f462fb81
aec33051-f743-4a17-887c-3a30774d6756,MC,1120e4df-5fe9-4b7a-b7a8-43e274270ba0
ca4eea6e-6959-4d05-9f4d-50c2f43e7b6a,MC,07773544-7c36-467e-b075-45a47b2a7f41
41b30fa4-0514-43cc-88aa-6a521eadd634,AmEx,4fc05ac7-68fb-4d85-a353-806ea9a7dd6c
42dd22ef-cf8e-486c-aa28-d2267c97235e,VISA,d89f5af8-15a2-4b6d-a0e3-5fb482b984cf
f31517f9-b5fc-4f98-afed-4e4019dbfbd8,MC,54afae07-e1a6-4f5a-82fc-c82f2b5638cf
fb3bd8f4-76ac-46f2-ae67-f9572ba9cc45,MC,83756cdf-b493-415a-bd01-1b9c4fbc50fc
943649e1-0c12-476c-9ef8-9833d4e5516f,AmEx,fe5a8e8d-9081-407f-b42a-06b536aa6d42
288c9396-6f13-4558-89f4-86393897965a,VISA,9a7cc50a-99c0-4480-a7e0-58ae5a96067e
3ddb1412-af01-44ba-bb47-8fc7c5473b50,VISA,82ef2df3-5676-4957-bd8d-41e534d8b328
947a5a85-e4cd-47fd-8982-e0f1c9770248,PayPal,48fa1ff6-55c4-41c5-bb7d-73f5b3223eae
9a2de037-577c-42c3-84f1-5288bb983b6f,VISA,e2031431-1d75-47bc-8d2f-fd3022d799de
2dd7f76b-0276-4cc0-b062-110ad86c4fd9,VISA,12e0b20d-082e-489d-9d72-f0cd64cd4fa0
582fffd4-b3ba-4a2f-b020-ba3bac62f163,MC,b228f3ae-be87-4e3d-a32a-0429093fd809
1cfd8325-abd9-4f03-8309-510c4c3334fb,MC,3e1d8d75-b439-4d68-af7a-844c5b2a987b
88017bc6-5f75-4289-8628-b52ece838a1d,MC,58a8c0d7-5714-4391-8457-8d7251e7c125
06f1a3f8-0e84-4835-9847-26a8324366a4,VISA,15a3d41c-7151-4246-b154-10ae6364492a
00d03da6-00b6-4ecc-80b5-f86c2c84d60c,Discover,78b37022-c86a-4c35-ad1f-06fa1bcbdf9d
75f905f2-c111-4cd3-9095-d6b52f03111d,VISA,f3800f8e-8411-439b-9c5a-51240406798c
f16b219e-e678-487b-921f-3882e26a026b,Discover,86c4aec6-853b-4831-a9f6-1a8119f3c119
b02c43fb-237e-4b2a-83e6-2873b9c18a4c,Discover,fd3caf4e-664a-4f52-b2a4-d930ff5c5b62
3612f4fe-4999-4676-8d41-fa283d5ed869,AmEx,ac54aec0-2ce1-4014-a4c7-3e2b61ecb8f7
c226ecd0-7f77-43bf-89cc-41ff46fddf9d,VISA,4f9cb95c-e476-47cb-aaeb-1db1e9afa977
1cb112b7-6f22-44c0-98c7-2d18fd0ef39b,AmEx,dc8de96c-460e-4e4f-bfb4-2a24d609fb3f
6d0d2283-4401-454b-b4b8-8849c5326279,VISA,9fe049aa-36e9-4042-8d70-0df3ad026ec5
01f9648f-137d-4188-a907-0dc024fa3db7,VISA,78c3b15c-3ada-46be-866e-535d901e7b20
317eacd8-774d-4a5d-abd4-79e4f4cd0daf,VISA,930a068d-89f7-4b90-bc8a-84500aadab4c
1047ab9d-28d9-4d32-935e-cc1035da73fe,VISA,2acfff49-f85a-4220-a8e0-1b5962fbb4a5
f0336e72-871f-4f24-acb4-1eda912ae3a2,AmEx,fc6015ff-b455-4a80-b3cb-35d40742699c
b7586dfb-2d40-47e8-a992-ff25fcf5328f,PayPal,beab3f3b-8ac7-4332-a332-0fe0fc1cf5e3
15b07495-032f-4723-9043-b142b5d84eb7,PayPal,f421aab0-8090-484d-abfa-1ff762fc6b10
c9b5671c-ff1a-42b4-83ca-3a82338e9f1b,Discover,3d22da1e-e3ab-49a1-8b7b-4336bb764db9
5186d159-dfb9-44cb-b870-145903afd652,VISA,90996165-2d6c-46d8-8932-74c423012739
f737436d-c62e-442a-b473-1cbf1f851d82,VISA,6f4d2fce-fe55-4049-912b-00a7b1bc1526
66adaa9e-fb3b-4f49-8958-1e1b4b5ba3a4,VISA,607164c0-ed7e-420a-9a86-25916c183814
0149f8f9-6ba0-4f21-a3de-d39a861cc744,MC,442a9cc6-f3fc-48bf-9a83-a528605d246e
77b8ff4d-7fbf-4d52-9137-cad53d91b00a,VISA,8fecb590-969c-412e-8153-d3716bc2f801
644302aa-94a8-4fd6-9504-b822e6cb1260,PayPal,45d25ee1-8bf4-4d68-b63f-e90bd402ad6d
52c0517b-070f-4d4a-b0c5-f1b19aba6ac4,VISA,19b1eecc-6ed3-4e66-9c12-ebaeb1094862
0c7ff1f6-1092-46d9-9d1c-d4a57336c789,MC,55b19ea7-8761-4615-a1a8-eea32d5d0edf
51f83dbb-a0cf-425a-9d42-1c38f3084d7d,VISA,74912684-2634-483f-9407-3eb64e610cf0
6a1a8e02-de99-4822-89e8-f52cbb25ff29,PayPal,c0edd690-1b39-44a8-b1cb-754608669299
2bc41244-7887-447c-b36a-fb24b8735edb,AmEx,3b2e0966-b699-4408-b0ae-cbf05bb7c02e
93348102-cf81-4358-80fb-925326dacbd1,AmEx,2f87b446-91a0-40c8-987f-cf0a25bd1df5
9baa13c5-65f3-4158-9428-b26b400bcd70,MC,d44485da-52e7-4245-8c0e-eb3dd3e80405
69e1d791-5e73-44ea-afd1-7fc1999a1786,AmEx,96e2a310-8c02-4fef-9d41-138dbf32bac3
bdbb640c-0749-46d9-a45f-9d414e2a4028,VISA,8b8c8702-6378-4f2f-92e4-a14844b8da62
dbecd3bb-8efa-4da2-9f75-1f1867ba296a,MC,0b6ea216-7165-4dae-8064-dc7ea3ec22ed
295769ec-3d51-4a74-9b08-eea1239ef40c,Discover,b38c21e8-19b0-494b-be62-76e03bb39ed1
b83b4e53-d47d-4067-898b-5afc9bcf3281,AmEx,9829831d-6a53-4f20-93f2-efd23d8078f8
3b7f9182-95bd-4f0f-acf2-c933fafda55d,PayPal,49f5f643-6900-4943-b442-648bf91252ea
747c04ef-fb55-4a50-b058-70d470ef542d,VISA,147a2f80-9c9d-4486-bcc7-b44d3260b425
6dfacdbd-e3aa-4168-a338-8d743bc08734,MC,31b0c105-3603-42e5-ba35-dc21d660d841
38027c4d-034a-471f-b469-8b87110dc2aa,MC,36842568-3074-4830-8dc8-3ffff4a896b5
d83235c4-266a-4748-9036-40ebf95abbff,PayPal,1f3e7dea-d7a1-4e58-86a3-43c445ce0c07
542e6e28-9951-4196-a2f5-db0ac00b0280,VISA,4c20b357-db4e-4b55-a9db-840520b9d618
ba684b52-f00f-4f97-a4d2-a8da2270cde0,AmEx,c40f7559-6a4e-4b4d-b80b-1b1f1f4fed21
f73ba2de-b506-400d-a219-185d12fe5038,VISA,a6956f9e-bc6d-4c1c-aca0-d1dd086af02d
d7a787d9-d50e-44ee-8450-93ffd642cc5f,MC,eb3fb435-00d3-4d5a-8346-fe5a8a914560
459ed474-dec2-4d03-b924-cc2a7553892a,VISA,f5515777-d9ec-43b6-8676-b40a12c3c02c
b7d34a35-c7bc-441e-a47a-18290add0591,MC,5121b9d8-2af1-4e3f-8cdd-78a4d7ad8e6e
aa65d82f-04ae-4b9c-8d16-1f5c66f76c35,VISA,687e2f16-4979-48fb-ae32-f601c6abdcab
e9bd351a-040e-403f-a7a9-25f8893ac28f,VISA,1dea215d-2b54-43f4-a702-17a036edc25a
9c6f3abc-4dbd-470f-9bdd-6a29b323033a,MC,dda2a562-96ac-4cc7-8842-c7d3fe2e7532
65113a45-1ef6-4070-a878-c731585bbd6a,VISA,c727aaf1-55fc-4f79-acd0-13d5bf0989a9
88378437-8d55-48d0-8944-e0c40f06c3e6,PayPal,30197060-da10-434d-a3f8-d24e658f58f9
8f6c1967-466d-4c98-9855-26715a9faa00,AmEx,1cde3216-64d4-4ef4-b106-e3ec09eccd5a
301112de-ccf2-4f4d-8ea1-e665a77fae79,Discover,8f6af3e3-20ea-4648-a3f2-4ff1f2e6afc1
b4cc81cf-0365-4ac3-aa57-6f7f882524fa,AmEx,539ccd61-91d0-4d42-ac26-5958a13510d7
be06d2df-8df7-4d20-9f9b-9bb94357ae0d,MC,78ea35b3-b759-470e-81a3-6f70ac9dcbcf
0f32a111-9ed3-4ce2-8186-595216445791,VISA,5a498e47-1308-45b0-8e22-d506886cc680
a76592bb-29fd-4e4c-a7e9-051bae411bd4,Discover,12019dac-981a-4012-8144-8b613af78dfc
f837b4f1-4a11-4dc1-8aa7-97797f05d156,Discover,eaf64f56-4750-4fe7-946d-3fc281b6b1c7
c241ee21-3a2f-49e7-adee-5828e46eade6,PayPal,190ec1d2-1453-41e8-a0c5-bab12fdfb24c
175e7fce-fb5c-4f9e-b0ad-e8bb5b3b8bcd,PayPal,9aefc8e7-0968-4b33-9082-8662c6371acf
25dbf4ee-a782-4f6f-8482-0d84f4263b94,VISA,dfcae4ea-bdc8-4d56-a541-cdc167050004
8c06e522-fb3d-4815-b252-4bb9ec070b1a,Discover,1ce672d9-8af2-4817-b3d7-adc332129f29
20017a55-cca6-49d9-aed4-5c805bbd46b9,AmEx,672d2bb6-d264-4170-9887-ccf7e0c13b49
12c53ad9-9d47-47dd-8e11-593ea93ffda5,VISA,31eb3e00-2abf-4c8d-a44d-dc814643af7f
3501b630-929a-4351-9abc-bfc1a204bb59,MC,2bc890d3-ab42-47ea-ab9a-33939c947988
df49cd92-3805-4a05-9d37-4c44ca86e8c6,Discover,7dcdb4cf-9e36-41da-9ca1-53358d80d2fd
b44290b0-64ef-49e7-bc95-141f00d7ba07,AmEx,4eb18fa6-25a1-40a0-8e8d-3c90cd731683
d6d2d532-0468-49a1-814c-23b9f8f2c4b2,PayPal,15ed6cef-cace-4b96-9942-5eaf88bc9c58
cab90f23-bc27-4a76-a817-ae9064b633d1,VISA,5453c434-1373-400f-8735-08e2d596126d
95dd956c-bbd1-4758-a5ad-ed550aaeb2e8,VISA,aaacb55c-36e8-438f-bb04-444c504658c3
748fb8ad-d931-459c-a77b-b2fb6f97b2e5,VISA,5934d172-fef6-4d7c-a2e7-f1d4d2a38988
c5cf287b-5004-4ce1-be6c-92c74dbf933b,Discover,43c327f6-e410-44d0-90f5-75c6cf1a60d1
d4fe1f41-7679-46ea-8703-42d1a1657b6d,AmEx,1e39598a-e91f-4d34-b9d7-770a31c5c1f7
16e1025d-7fbc-439c-bcab-7986ef14f172,MC,7dddeac7-0b75-4968-b752-4e701c46b500
f370b4f8-f233-42d5-ae6e-56a3f6cd530b,Discover,c49b9d65-011e-451d-a390-dbe08580e94f
4b92ffa0-a7fc-47d7-b7f2-8ec7b66f945a,VISA,af88fb21-5844-4821-ae37-a2fddefd6e34
5a9769e1-7242-469c-897f-cc265ae64de5,VISA,c15b2306-a4e3-469a-b065-b5f93dab814c
e00b08d0-975a-4c35-9610-a16e57385c77,MC,0fce9f1d-9918-40a2-891c-3f561d9cc2e8
f8ba15a5-2e3f-4ef3-a195-ec9fe530d50f,MC,81b72921-b38c-4dbe-bcdf-b3e05c740880
09491f8c-a947-4136-b164-46418445adc2,MC,eb00b425-6751-4b9d-afbd-2ac54c5ff3be
34590c28-1dd0-478d-a061-0e9cdabd63e3,PayPal,33907d4c-9b7a-4a20-83d1-b93ebbdfc655
b4d57e14-a2e3-4155-92d0-e75d3adb6292,VISA,e1d5e74c-592a-4438-8d81-d0776e5981cc
f07bcf5f-419d-49c4-8fe9-e5fe67e63902,VISA,4f913eb2-98b7-4184-9590-a527fc2dd402
65868153-bf9f-477b-b267-fdf97fec600f,AmEx,41da6179-7a57-4d62-b042-47649b50e607
176cadc9-ffcc-4ab5-b969-e78011d32ce7,AmEx,ece71beb-f1d0-4a09-aaa1-5d5c86f9fd32
8338d9e2-e999-4e64-bc9b-9ee956667c7c,MC,d71b0f02-171a-4663-b845-256b4ecdfb30
5a6be2c4-669d-4fc2-a69a-c28f6f0c9f5f,MC,5c293842-fe04-494d-bcaa-6cc9c92e40ce
5c3c3897-912f-44aa-bf85-1d5d044da85e,MC,a1c91541-8817-4d5c-80ca-aed1cba5afb7
acfa138a-54ac-4ef1-b28a-1d322e04e096,PayPal,6994bdf9-6322-4f8a-8634-0352013afe10
dcd36a53-fc94-4f1f-abb9-712fba146ef7,MC,58e4b2db-869b-433b-a547-574a9388491c
5ab97d1e-d57e-4587-9848-0dbbe9289374,MC,09304b0f-66dc-410c-9006-89c4bcd05cdf
328f68fa-2fb7-47d6-a2f0-d75efe054c6d,VISA,744d1e7e-1369-4049-aedf-a8a1f2d55418
bfe3556d-0dad-4172-8a92-f5a099875293,AmEx,880c8a5f-69ed-4153-af7a-c3f254d82056
a27ac48c-c957-452a-978c-a0b0a88924a1,MC,1a3219b4-e3e3-48f7-b3b8-a346ec4250a2
1b59afed-8a21-483f-9b29-10f6b19255d0,AmEx,952fdeca-10ea-4056-bbb4-d7b3fdf189aa
85985ee1-bd8d-4cd2-ba3b-6952059a43f3,VISA,e295c27e-2e66-4d4f-a0de-be1311bf5929
aebb8113-822a-49ba-90ab-9592f22a1287,PayPal,56e787f8-3591-4abe-a530-f2e3034667ae
beeafe35-35fb-48d0-a4e0-2c989704383e,MC,6adaf6a8-07c0-4dde-bd97-a1d6637551f1
cd8ed53e-cdd5-4bc1-bf71-2ed4925d0303,VISA,bb8f61bd-f980-42d3-be81-d37a1cbc57e7
857029d9-0ba0-4a06-a8f0-4db5f5e9e43f,MC,4b3682ad-2283-452e-81ae-05ff1b78f88b
729c05e9-87e6-4754-b518-004c1f35f4f9,Discover,e4a22715-bdde-4cfe-b7a6-60735cb81c87
5e3bd17a-0cbb-4d76-8c87-efaff9dd04a0,VISA,5e4581b5-68fa-4c62-9a7e-8003c1400b5a
d87c5c98-a25d-4968-9c1d-dd646a0c213e,VISA,aa2fb317-8d3e-4151-9a9d-0e2596baa26e
62d8b8f4-7094-4bb2-a11c-8c3875b083e5,Discover,a57eaf92-16ca-43c5-ae02-8cec3dca78f1
753e568c-dd02-49b4-a3f4-c131e8aab8c7,PayPal,be28312c-4d86-45b4-9d1a-87416a303836
2aec2628-fe1b-413e-8c62-29954c368b3b,MC,7d82cc58-6b0f-4b7b-bede-b73d99ed5399
84702345-73ae-46d0-a107-8a0cb0411993,VISA,43ac33d0-508b-440e-9d47-4a0b63c59b3d
d6753f0b-4aba-41a6-b080-71488266a130,VISA,aebeb88f-781f-42f1-a388-df9b7df76df1
82584072-de0f-4dd6-91b5-96abc9d503d5,MC,378782bb-15c6-49bf-8c01-5cefcf9e962d
ac060be8-2c87-426e-8223-2f6f1ea77c85,MC,ddbc9e3c-3fee-41c1-ba4e-82cef8613ccb
5af0841d-6147-4b32-beee-493135f37d5a,VISA,f3801987-1717-44d8-ba2d-88ac33c3259b
7ffc55d5-602b-4120-a902-cf2bb63291b1,VISA,dae413b0-78f6-40bd-8057-44408bea159a
91dcc77a-6dbb-456b-b334-87f5c30df759,Discover,3e58818d-87b7-495f-b3b9-5749e782900f
da1e351e-ae91-492d-9ad2-e02f360d4533,Discover,1dcba4b8-ffb1-426c-a459-070bfb37bf7c
53cb88ee-89d6-4491-b7f7-d9a1060c8a78,MC,27261038-a3b4-462f-a7b6-4df30a8d433e
1da98b1c-9cb6-4b60-b619-5dda206188be,PayPal,e0c91d08-be45-4e58-b0aa-3553b8eefdc6
38990838-52aa-46b7-b220-a67425d49128,PayPal,a15165f0-2051-426a-9066-9db83d18f5d7
a6f5af4d-9c22-47e4-aab2-0ea1a2cfc32f,MC,9a63306a-408b-4979-b2a1-92e74474c695
2b6dda4f-bcc9-4cd3-91dd-eb44ecdb2f9a,VISA,718434dc-2c44-484e-8498-186d61a2f84f
2219257f-0072-4eda-958e-63cb2da2b025,Discover,c4a89065-a117-43b2-9327-5c96eb713419
f3adca61-4507-4953-8207-a9a45028d007,AmEx,b8b22c55-6c64-4b1d-a924-914476546f71
38881d08-0050-49a1-ba5d-6d75daee8e4e,VISA,cbd92bd9-3d00-4a61-950d-92a37cfd6eb0
2390ee61-906c-4f57-8327-beae457121f0,MC,5377aa8f-7421-47f8-ab85-c3d1ff4220f6
0b65e779-49a5-4f0f-8f1c-4568067dbae0,MC,53282c70-0444-4d8b-a8cc-a1cea314e0ef
e381102a-b6e2-4b0a-93b9-65e66d347292,VISA,dc7174b7-02d3-45a7-9e9a-b6419301818d
fe3c8da6-ae44-46fa-9fc7-cf40a778001d,AmEx,8f220b44-b5dd-4cb3-b41c-872fb5bf7f03
4e8fa0f9-38f0-4300-86a6-efaf3b637d04,MC,914aa80d-c0dd-42f9-94ed-aaee2f05ea9c
8adee153-d747-45d2-81d2-97daf8d0f224,PayPal,c8968b19-c722-40f5-8980-424a5aa25bbc
568cceab-49c3-4481-9d07-0c19ed89e742,AmEx,043553f3-cb72-42db-a56d-27d79a19d94d
10ad1fa2-2efc-4855-b2db-0ce9f13102d4,VISA,73ba9234-9ad6-48f4-ba3b-eef6887d62c9
d86ea4db-77f6-4cda-ac11-d74e4e51fe99,VISA,f000a855-4ebc-48c1-bff0-2db827bb5e79
d6410b96-fea0-485e-acc0-df91054cbbba,AmEx,c52b25bd-bea0-4c2e-8769-998c3cde963c
5dfd1cef-c856-4e88-9247-f0eb264f802c,VISA,e8c1360e-d716-431a-9189-1927f34c2f61
55f633d1-6c5c-4622-a56f-9ce5dfc3179e,MC,2012f7c5-8668-47a6-b914-11ac28b3a238
365b6565-4814-4bc6-89b6-1615cb3d2e6c,MC,5bfa2061-2729-4c6e-9d20-e28cd027db9a
ef8584b7-9e4a-4b12-a759-2b09bf3a829e,AmEx,ea811aee-67f6-4e22-b054-e6451da70c23
4ee764d3-20ba-4762-8e59-f169b411eaff,VISA,ffb582f0-e5de-4e45-84d5-ad5fd363fda9
fd4b8c0d-0e3c-4cc7-9b6c-031acd173d4d,VISA,6ad57faa-d933-476d-a3ee-beb0e7968fd0
93124e3a-3702-47ca-bd76-6fbaf4794892,VISA,c23f5203-6155-4ccf-ba3f-a46c1ff026ec
5a2b8c8a-5185-44a7-a503-32566d64c2dc,MC,2687e409-9d13-4465-8a78-22a256a74242
9d4a676e-680b-4605-8ced-07f29ed41ad7,VISA,9fb814db-743a-4123-a1d5-1a69d37142eb
36792752-0dc2-4a2e-9629-fae0ae8c0218,MC,a49bd179-fb62-4fb0-a866-9d4a1d60e9ec
4f49c060-b65f-4725-b57a-ffe1b844023b,VISA,303c509c-8985-4c91-b227-ed78db3241fd
9573755a-920d-47c7-9e75-ab2f4bd48752,MC,f6fb4633-20a2-400b-9004-a9adfcb9e9a3
be26b80b-fc49-4df8-ab4d-f55694306349,VISA,bc4c1714-916b-4609-bb58-0b7aefea7baa
b2a7e3a2-bf2b-4631-b18e-6d78a3ca3391,VISA,84247bca-a6b5-4f1f-9c21-2553b275f333
68fbff67-b3d9-496f-8c67-b04268738afd,VISA,bd992665-7662-4300-a609-3c96bc065c09
0ed5a3e2-396e-4467-b106-267338de1d64,VISA,67a22def-a1f1-4bf2-88bd-4d28ceb40cf0
3b82570a-01eb-4bb9-b0a2-8cb6a9ecfe46,MC,4727117d-5e8d-469c-bb91-ffcbba3f366f
86208374-2b6d-4056-b61a-935f550fda96,PayPal,d195c8c4-f7a6-4807-85a7-7005faebe156
cf97e692-862f-4773-82aa-f92181f94eda,VISA,2641c5ed-a4f2-421a-806c-16672b4c921a
994d1b7c-a890-4d1e-aa5a-ddcd2107227a,Discover,e645b36b-42fc-4003-b2d3-a403962a9982
d5523555-af7e-4364-ad53-068f7de2e02e,PayPal,3b482147-acf1-44ae-88de-decffb0e65f0
6ff1ff24-12a2-45fd-b86d-cf58d1463e77,PayPal,533572ef-699e-4c39-8bf9-0b3695370342
c651505b-4610-4d2b-84dd-348cf24b82cf,VISA,e48b6a5f-5cdc-4cd4-b398-e450cb0659b9
4165ce3d-ae60-480c-954e-d9f0442ceb2c,VISA,ecf4deb2-dc0a-4776-8543-d4f46a091f05
cd1b08fc-787f-4192-b46c-419c72b0240a,AmEx,77d32430-f5a0-4f70-ba51-4c92ae27c688
743a06cc-5356-4256-9e84-dc04552a7329,MC,3d99fd13-b717-40ad-8a6c-d29d357ef8cc
c9903bbc-4c6c-42ba-a335-08498338b588,MC,dc78f987-94c7-4e21-acfd-afe3b51ce226
adf9643e-d6f5-40a4-b732-8e672a139bc6,AmEx,fc202a34-24be-41c8-8da8-e97820351b60
14bffb06-50dc-4ad8-80ae-c3502b68460e,VISA,8cca74d2-5a70-4fe2-9eab-c0d42c32628e
0762a62f-f3f4-4435-bc23-9964890e5a83,MC,93bcba37-f1bc-40bb-8ef7-5e66876e8e71
b725bd79-efb5-4f13-a2fb-d80c56701064,VISA,05a03512-9ae0-4c87-8f44-7ede2ad69a40
13271223-b6e0-4694-8384-1f6e46782355,PayPal,f845a999-db1c-4619-aa32-3a4edf27f9c3
b8b0a878-19d6-49b4-983e-d33aab303555,AmEx,ec1634f1-63f7-41e3-a027-8f1cc21796be
11db18d9-5318-4725-9ee3-d3d6535c2c67,AmEx,060f062f-d1f3-4b35-8fcc-879dbc014ca9
9eb75af3-052f-4540-bb05-35c2ea08b96c,PayPal,3ced0042-5012-4ecd-9aff-ba52716a70ae
cab86b93-9d5b-4e9d-9281-e7d9698a4b5f,Discover,520a6122-a21e-435d-9107-c157274ce8b1
2984bd21-2c26-4b13-84fc-fcd284483482,VISA,efa3d256-5768-45e5-89f4-8e8a328c38ae
eab6efdb-76ff-451b-8b08-c1f9a5e3114c,MC,83ab9b43-234a-40d0-8dc6-11e661ceb8d0
078171c7-ac77-4716-9cbf-a5e7abd75a6c,PayPal,4a3585a1-308e-4267-9133-83659d3be21c
891803b6-b480-4afc-a234-44ada0b2d4b4,VISA,8b1f5559-da9c-4e24-a0f3-94c6bfc58b17
a897b596-eae0-47a6-8bc8-9d01e6af760b,MC,80140ea0-1cad-4088-bf4e-2cbc561c5bf1
e4c9ca07-d7b4-4ec6-a1ee-7c54dfccd219,AmEx,6dc56b3d-dac4-4143-a3e7-96bd581b130f
d9b269e5-2f20-477e-a918-f5c535dedc9e,MC,74ed921b-dd8f-4529-b90d-4c21de8d051c
8435a34c-bce1-4782-9fbf-cd12df2c8d79,MC,2d9060a1-6a6b-4213-8361-817398a9e0d0
b9bafd6d-e413-4ec7-84e6-c8b242291f7c,VISA,67f9150b-d523-4247-97f6-bc96d7e7ce31
45bc55a6-9355-45bd-a0c6-a50cfe3cc382,VISA,9aa78abb-9fdc-4e0d-b3e5-61d0598c3a23
89e44fce-ce39-4f55-afeb-4b855f42673a,MC,204964c6-8d68-461b-9e91-111eacd6b340
0437671d-0a50-4753-9a01-db113cddd1e7,VISA,7ddfc4f6-fafe-4619-9e79-12770c925176
ace4ef95-6bbf-41ce-8bff-173a3d45eb17,AmEx,9ebdae81-07fb-42a6-b89d-677e1c7d3d36
76fd9971-93b9-43dd-80e3-4065af70e7ac,AmEx,41cac1ac-c63e-43fd-b9ac-f17befa62ef5
915f0431-c35a-40cc-8bb1-350717f905de,MC,949b42c2-1d56-4293-856c-49945d5cb78f
3416e2a2-a463-4379-82af-1cf6752a5ebe,VISA,e344d70b-91d3-4454-9a95-0e2dd931b3ee
d612ba42-522e-47ec-a070-b06fb4d1cc8e,VISA,5f13bb4d-0176-4387-a7f8-8d39096d7298
d06db504-b435-44ff-ae4c-dcd0f54d751e,VISA,d2c7ee6c-cefb-4f42-be5a-ce03b9ed894b
a5cbd5a4-0839-4dda-a6cd-e0bd68f72e9e,AmEx,5b0ccb3c-a6e9-4d7d-a802-44a4a0939694
63812b37-bdf0-455c-8f69-fcbd9b00fdfe,VISA,501ef282-b7aa-4006-80c6-e1924df516ea
a7816930-38ba-4422-b69a-7d6d91302344,VISA,80cf03f0-0a23-4a5e-be24-704caa95f3e6
b9ec6f61-50e0-4a97-a6b2-ac827fcbc149,MC,706c9e48-f264-41a5-838a-bc3e89e6eb88
21889928-35df-498c-bb72-d6b4a100e406,VISA,f55d87c9-769d-4cc6-8b0f-14d341f27166
3908fa11-e791-4d49-86d5-0278621b58ef,VISA,081f7235-08b5-4b22-89b4-7a661857a1db
4d898b77-c2d9-4cc9-ac79-d7809be4e6a1,VISA,aeb5deec-ff4c-4159-88fa-76765544a628
3e849582-abd8-4075-9092-d9cf127358ee,AmEx,56146552-4fe0-4a5e-a2a7-d541a2b15ccb
72b75037-995d-44bd-9cc8-41700ccb85f0,VISA,4fbcc2c5-36e6-449f-856e-673cdd6f4cf2
1944c1b1-f445-49e2-8667-3b8f5d128cc2,VISA,447de5a1-6854-4380-a29b-583aa0f8e20c
829d601e-3f88-4d29-baa4-de81ca9d4243,MC,49a3fd6a-45da-48f3-b3a7-0da2491fd348
1ac414e6-4c14-4307-b0ca-7af704a7d648,MC,1d77e962-3ebb-4487-908c-b608290867b4
a9ecdc3d-3dd8-4b53-9bb3-41cc4db15c8c,VISA,7a414585-a47f-40ff-8571-c69bce8616a5
34671a7e-317a-4561-8625-349ab8fe3a4f,MC,0fb456f8-f51d-48f0-96ed-4a1ad86f1341
09a63462-a214-49bd-b603-037b6f3a4c7a,MC,ca7e4cc6-2dc8-4884-8dc4-f99e51ef3b8c
bc694518-8e7f-405e-bf74-57a5fbec78ce,MC,c124f815-6e3a-46ac-9bbc-28937a36f64c
8ceb6d2d-1253-4fd0-941b-49c7d84673be,AmEx,3d009bb4-175c-4f7c-8538-e5d88a774d57
3433ffb5-ef4b-4c93-a81b-94e20828feaf,MC,44f36807-53b1-4ab5-9888-cbdd772017c7
1cff088c-1d6c-45de-a041-273644ea6110,AmEx,fbc95592-8bfa-440f-80f9-636ee9a9b9d8
50276be3-1c1b-48c5-80ff-3b2c6a2d0315,VISA,0864cce3-dfd0-4a93-a700-a79b893efb32
7c60246f-0780-4013-9f88-b0e28211b054,VISA,05203b51-98c0-48a5-8b6d-b0034fe9e004
7f0a7bf7-e9f8-4f52-8d30-4e9ed0649d02,MC,d113fa94-ed48-486a-9d97-b0bfd8096644
4d03f68f-4f84-422f-9b89-bde77c42ebb2,VISA,942d0392-536c-4ea0-9204-2b38e3f5c679
aa6819e5-a077-494a-8d63-b94da78341ba,PayPal,e9940957-db7e-4d67-9558-9e2c3ec88361
c45c4d69-c737-42f3-8dfc-9add144b0412,MC,356516b1-8339-4d36-9eba-c5a7c2ec6870
402e7d76-36fd-4a23-892e-fbe6cf7b0139,AmEx,deda9fbc-2023-4cff-b637-e1befd5934f5
6c7ee09a-7469-4d23-b05c-7816c6b091f0,PayPal,a7ceba24-baab-4c9f-82fa-de43ae456745
6d033e20-4d80-46ea-8c14-a4d89b9f6d1f,VISA,23c2bc11-52bc-4d50-985b-ca3e27323f7e
612fc2ce-0607-4f49-9f97-f27c916ee741,VISA,9b26c1c5-224a-4d52-820f-dffbf0784b70
2decfbc1-5c61-4d48-9a52-162a49d7f176,VISA,89c22a8a-a260-46b1-8764-e79c04ec41c7
ffd8ff3f-af0c-45a9-9ce5-783e248afdd1,PayPal,696b834a-d6b0-464d-b577-9866ea96edb8
d3f56d07-3bd3-4e10-b13c-79a52b5dd2d3,VISA,441d8a72-6b0d-4cfa-9052-a8d5a9b051c5
74f4ed5e-cd2e-483a-9ee5-16b6c1be0526,VISA,67ca833b-0ab5-498a-990a-6fd651ac5124
9da7cbc8-9cb6-4f98-b232-a1131db05e0b,VISA,e4012799-3e04-4ac8-84c9-058438b8153c
93d23afb-2aaa-4448-9c6e-f30b780c62a0,MC,801b1a14-c924-4597-b040-fb5991cd8c6d
5d1d9ef3-d8d7-48ee-975a-73a3a099de61,Discover,63a749e3-8480-4ca4-b64a-8d394e79ff88
c4420ebd-27ce-4c79-9ebb-7ee540c845f0,PayPal,84c64818-d8a4-4252-80b3-0b9bf51642b1
dbc40dac-4867-4e1b-807e-31682f657a8a,MC,ceacfb93-e546-4f0d-aee3-02d30099b571
3a689767-6f4c-452f-a624-98cfaf629e12,AmEx,876dcdaa-bbcd-4add-8c18-01620ca94776
5a3bc60d-a39a-40af-9b44-3660e53a564c,MC,153468e6-6c4a-41c7-8e8a-e3e435073abe
bf22a2a9-a833-4b52-81d2-6b741e4e15a3,MC,d02dc393-08ca-449e-8a0d-9aaf3d4c90a2
7a6307b5-85be-4c4f-8b95-08595be22495,AmEx,81f9ba5b-b673-48a5-b267-ac47a55c516e
e1d87ece-6335-4ffb-a6c3-789e511cef26,MC,91d6b3af-fd89-4468-b0b5-b3345ef314df
aeb6cb98-ac54-4cc1-9034-2e67dafadcf8,VISA,bfe340b9-60bb-4c2f-844d-f35059d2b18f
f7bf1a8e-cc5a-4b67-83b8-fb4cfe508b70,AmEx,974d7c76-77a3-4d40-b53e-df7cf6b95119
1d2e5d8e-cf95-40c3-8c69-7f0d65048fd0,MC,1a772a94-82ba-435a-b1a2-8c2aea127844
cb08d383-aad0-424d-9aee-8c1776129e4e,VISA,b372491c-65b8-430c-bf8c-752af22bb241
2d9a91ab-c15b-42f3-8366-dc355089fe59,MC,5b18a928-0809-4704-bba8-c6341625a45f
d7405142-2939-42a4-858f-18d6b4107887,VISA,d0beed44-fbb7-4987-be20-6615879fed7f
8f5c7b08-1fd2-4a88-bcd5-c04b67b9edab,PayPal,ce2f725f-b15e-4c60-a370-fb0edfe6f51a
50c2ecc9-c36d-45b1-bb12-a9983c84f3d6,VISA,2db1612b-c649-4cbd-b21f-4088de6cb054
fca58b31-2835-455b-92ad-41de5763bcf7,VISA,9d9d52b7-5e51-4f29-8302-6066a2a09be0
57684280-a1a6-430c-9fdc-ee2eb49ecae2,MC,c1347654-3e28-4ce9-bbad-607a0d68f3ec
5581ddaa-163d-4af5-bb30-e8f273736993,VISA,d24da28a-548d-4b66-83c3-e524889ab1d6
5095f600-333f-4a13-939a-d22307550da0,VISA,a2609e0a-9c05-40b7-9d35-f9533514cd8d
5d0b202b-c68b-478b-815b-8c2e95760d7b,VISA,9ee435d3-61d5-4140-9b3f-5f73aaade4c0
647674fa-d400-4c5f-978f-d0d8d817b957,MC,a5aaf56c-c5af-40a2-86d1-b513a6302ec8
184964c0-55b6-40c5-9052-b678591fa552,VISA,0aa5f672-8992-4afc-8686-71074f009ca4
9354625a-cfd5-4b0a-9e5e-1e6b3b12dd32,MC,3bd6c7ff-a324-4d4a-9ba3-6d531a2d033f
6fe7ee01-735b-4764-861e-5fe6346ef2ad,VISA,44d1de3c-c6e1-46a9-9c16-ce80193d63af
c486e125-29e7-4eea-85eb-f885c5f077f3,Discover,c35355c3-1892-47fd-adbc-0bdc16ba9f15
2000d481-1bf8-4a56-85ab-a4f42e73a8c8,MC,d956780e-159b-4307-929a-f2f293e726d5
aa1233fb-9db7-4e7b-9e9a-5fcddf1913bc,Discover,b2d73510-6c6d-4cad-ab39-6e0c0e8aa9c2
2abe5cf2-112c-420d-9931-ef1fa2f573e0,MC,64d46100-c5ec-4b30-a385-7b97a067e098
8491722e-ad6d-41a9-9bf3-7bd8f187cd51,VISA,14686b16-17ae-4e91-8a23-921c7b755805
d1f72fbf-33ad-4ca6-ab86-05162bb8fc6c,MC,9df4e88f-3a34-4664-8139-e359e9a4ba33
7204b94f-8e51-4231-b81c-3ef44c8e38a6,MC,1e5a8e8a-4ea5-4aaf-8abf-7dde81f7c05c
4d540dfc-f852-48f5-bf6a-7dd9c9036ecd,VISA,bb92df0b-6fd4-415c-be0f-5f42405614d9
3d7fa22a-29c1-4cab-8f92-0f831da930db,AmEx,f0cd31e3-7019-4fdc-a91b-c6cb26ea6ced
c009573d-a81b-481a-9b7d-49c10bb7f712,VISA,172804c5-dcae-457b-8807-ef0ca051e317
4ceefa55-664d-4516-bb17-4e31c82d7543,VISA,cdf6e1f0-38a6-4481-8c7b-4da29ce22a28
75d5527e-a81b-431d-9993-3169af1aa7c1,MC,2d7de409-4fe4-4282-9d2a-c093dc7f6eee
9841b26d-dfd8-4252-ac86-f3d2f94ecc4d,AmEx,48a81e0a-b194-47c7-acd2-969b8731d781
9439ec80-9d55-48af-b337-8ff0ef155b50,VISA,7f9fbc38-9029-4224-b6a6-a8420acbe58a
90f9348d-61fd-434f-984a-3aacf8135d48,Discover,0b96302a-adad-4866-969f-c3b0c45d0f0f
a11895da-5b78-440a-b5b5-7b98d985bcef,AmEx,696aeece-07aa-4a79-b8ca-6e57fbc5d9d2
da8b00de-f007-4791-872d-1329621a7426,MC,da14bb23-0851-433f-be0b-5975c374d09e
088aaf02-849c-4a26-9c35-bc4db470ad3a,MC,5b77b259-3308-46af-a5bd-44f11c2a3ac2
3e49ae8b-0db4-4299-90f2-397b82b8e176,MC,6d16b336-00af-424e-aba0-d5f99d7d7b4e
f5a43e40-7d65-4d81-a0a5-706573e3cbaf,VISA,d2842c49-cec0-4115-9d1e-ee307e128007
a94f750b-f9b0-43db-b389-0a0b6096c981,AmEx,4d88083d-c8b1-478f-a232-1809d9614f3b
f57d7580-edc1-46a2-901b-517566cf574e,VISA,3e309557-a1fe-4208-98b7-146e93a9cb26
b683e37f-e2ed-47a6-9940-183214894d9b,AmEx,58c1d9e7-0fe9-4850-848e-2bb772588a69
92d10782-cf13-4d5d-b544-38b99f994c51,MC,c01d4573-608d-44c4-ae99-d10911147c43
590b490d-1d2f-42b4-ac10-bd9a52586e13,VISA,7811ae8d-5b6d-4a49-ba6f-1200032ad8fa
d2d67390-88b3-40a0-9a19-c49e3b3b59e1,Discover,dc458029-7e74-4049-b77b-ac85cff1ca53
55eaa8da-035a-4696-ab38-57cb103304f0,VISA,833499e7-3948-40fd-aed0-73acf0116c11
5a246ed0-6def-4710-8d53-75a95e01b786,PayPal,f8090444-a8e7-4299-a703-1d81ae767779
59a4fae3-f877-4d60-8a76-00486f118de3,Discover,656a88f9-158e-42eb-a36e-2bab7bd3a3fe
eabcc0e2-1b9a-489b-8bed-75e3abcee192,AmEx,70dbb008-b3e9-48c9-bc97-d2a241a216de
5f41adb5-00bd-4b85-b987-afe2d61f9165,AmEx,01113cd1-a161-4494-b5c7-088bdfcdcc03
c9cded2b-111d-4018-8f53-e4a835ed9c95,PayPal,70afbe75-2903-4b00-a7b2-8c55a51cdb2f
d9cf8166-4c5f-4f60-9f05-20136abb6c33,MC,6fcdb0ec-2968-4781-826f-6acbb980e723
a8b49369-6eb5-4b11-8470-b07bca6b05d0,MC,4f284481-e637-4dc3-a293-8b2a98fdeac3
a0ddb4b4-b034-4d74-8ea9-375aa9e06f69,VISA,27640973-fb30-4243-bd81-abbab2fa195a
797f9ecc-61a1-432d-acd5-5ce4d1e19460,VISA,813e77c0-14f8-4c8d-83b0-e6cef198745a
d68f0213-97e5-4b88-845a-5ba9137ef505,VISA,ae2f25ce-8ad9-492d-b3a5-e59af0db2e94
52f6fde8-2bce-4cb1-b412-63a97a7cf2ef,VISA,f584e363-9a5f-4b3f-a5c4-43e52214a7e5
0af1ef22-2863-4032-9435-27c471a0e8b7,VISA,1324db45-3a2b-4527-824f-25d6862adcac
c38cfd3c-b3d4-46f4-8787-4ef2115b3940,MC,93350fb8-8a4f-4d36-9480-46b76b047c35
3e20c6fd-d02f-4920-a720-69bce537eb4d,MC,08590d67-e3b7-42f6-902f-41492ff686a7
e225e23c-f0d8-493e-8208-08e7aa024441,MC,d23714ab-cc6c-43a2-a591-f48a753ffb9b
cf02c72e-a79f-4bd8-8409-cf4bf9ed505c,VISA,61fda74a-602a-4c4f-a37f-4ef4bd845e7c
40ad02b3-560b-4dfe-b8b1-8ae9512a2449,AmEx,842fa5aa-10ea-4752-beec-cd9f4b208c64
705908de-a147-4b1b-84a0-f3a9d0060dfa,MC,da853405-c719-41fe-a051-b140b282749e
b50d60c3-1e3d-4457-a2cc-7a9104a3b06c,MC,e916c42f-9c5b-4306-b903-87c6858983f1
ddeed5d8-ece6-4b8d-a81f-db24d03ee3ef,MC,998d7f12-d883-43f0-9574-cf5700793977
63d935df-7f59-4844-b575-1cfb9bfeb451,AmEx,b6c12da4-1347-40ae-b685-514717d3264f
3625f193-9dde-4124-abaa-13cec0b2ec98,VISA,667b5fc2-e2f6-48f1-b276-b1f22e30969d
fdc655b8-0f44-4609-b396-8b9ec5bc1c1b,VISA,b1e2e1eb-fde7-445d-9edb-2dea13523a22
a36d90c3-736e-4f09-8cbf-abe3341c6899,MC,76404e8f-aacc-4745-a0a7-2e1a5a739bb3
7120fee4-60cc-4a58-b5e7-a78a639bdbb3,AmEx,71df34fe-ad44-4aa6-bf43-a6e1732b01fa
1d396add-e876-40b8-95d2-40a2dfbb55cb,MC,54ee4f2b-40f4-4183-8eb8-1cf8a20ae6a2
9d132aa8-8422-4c63-bddd-17f51ac21196,PayPal,9ce7d2ca-3fcd-4cea-9e74-5530d0960626
61815b92-774c-47a0-8f22-d2a868cc8a00,AmEx,613c451b-5fe1-4694-9b53-36af02ed3955
b2ef3924-904f-4770-8952-4a87b8717c67,PayPal,8be925b7-5b1e-477b-ac83-32989ce27745
618ebc97-57cc-48bb-9890-9ea50a9901da,MC,4ed0c60a-8b80-4454-ac2c-248e1c6e976b
78e2be55-ca12-4014-91d2-3384aee86063,AmEx,c85fe939-ce59-4d13-bbdb-6e5f81644358
1eb7249c-d9ea-4534-b989-faa169b61f76,Discover,3648dee8-7a87-45eb-9138-1b761d6d8850
e9abd241-f1ee-40ae-8bf9-277b2f9c0672,Discover,3414a5be-10d3-4b4e-812a-b3885bd69927
6078debc-bbc0-4b48-82df-96f51b64635c,Discover,86c790b2-788b-4f46-8c68-1ca67e190029
f91b0498-7226-4dbf-90d5-5ab86006484d,VISA,1b197a2e-b893-4e2a-84ec-d22a4f9a8ca9
a6dfcd99-0cbe-4270-a1e1-2e0ea17ebc55,PayPal,f57a9852-9d39-4955-a001-d3d59d7ce654
5542e1e0-9a09-4454-b9c4-dbe909cd9ad5,VISA,bc4fb11c-866d-43f4-831b-95726d177e0a
4fe388fb-54fb-4f99-a9e4-58248c7b1504,Discover,210d0e54-f5cb-4be3-9cf8-a766c9e72be7
26442982-fbac-4f88-b3d3-9cda8959f6d1,AmEx,3e93a4fd-bc80-47f1-89e2-2bdfea529f15
f7cda7a0-767c-47b4-921b-af064844dcaa,MC,28aed6e8-094b-404f-aafa-6aa1e2c2d909
4a0daca3-cecf-4dd7-a1ba-9db1d80e6e06,VISA,c3402801-b66f-4c32-8075-bbd12759dbde
5b423eaf-828d-4d2c-af84-9fe6f8a20df7,VISA,9067ec50-3a80-4240-b5be-5096c694d813
d749762c-07ad-4e84-a619-242ee2b18286,VISA,e804a5fe-56a2-46f4-ae32-31969b877ab0
822a7791-1b81-489f-a47e-935a4c373e64,VISA,0b84e9d5-41eb-4cef-b777-1111cf33b0a7
31edecb7-830c-4ffa-97d3-f8077abf2560,MC,81d07a57-fcc6-48ba-9454-8d78013561bd
b9eaf6da-d63b-49ed-a056-0b5a00c3622f,VISA,7c8783a6-647b-4055-853c-94f93feb214b
7aff4a6f-aca5-459b-8352-bb71c94906ed,VISA,dc7bc522-00f8-4b47-83c2-09c9c62966ad
38dc27f7-7713-457e-9cc5-e5653d905abd,VISA,f7e9f112-5f21-4e13-82ff-4a35d9e3406c
11f89567-ac02-477e-bc1a-d11089456f99,VISA,62c1917a-bac1-4e0e-8eb1-376ce24af748
b7a1834a-d0ec-4b31-85f2-2f6bb4160b9f,PayPal,b404c3c9-35ba-4e49-adeb-220219375dbe
71be485a-18dc-4fe0-ac35-60bc587ed6ff,AmEx,6017aa1c-0298-4afe-b6f4-f2b98ad5a59f
c98fbd44-0c84-4f95-9142-2a169d9d3dc9,MC,00c93cb6-13d1-4b1d-96d7-16d3251030ab
2c66c305-2808-4fc9-8571-f47a642a870c,MC,7671e61f-d0e9-4c59-8cfb-f0d2eff1f765
e1375725-9506-4a96-89e6-2fb57ea2c8b9,VISA,cd8e83e4-7f92-4a84-b467-3eed163fe454
02085b1f-e7f1-44f2-b995-d6cc0df80e3a,VISA,0942f0e1-3975-47c0-88f4-271032e1ebdc
d91150a5-096e-46e8-a5ab-5a37fd7b6654,MC,d2be92c0-9687-43a5-8723-754f7b03f1e5
09b5f42c-5a10-4f7d-be1f-761c5ab4f309,PayPal,a86b4184-0a2a-47c1-a6b3-d867989f29d5
33845881-81ca-44b9-82a5-bb6101495fd9,PayPal,2b043d85-a682-4168-8638-ed968f01624a
77d8f88b-46ff-4e81-afda-f0485f5e24a9,VISA,7f9abdc6-1f78-4515-9d44-42ad77301d6e
5125d4c9-8ecb-41d5-b86b-c203ba95d804,MC,d2a4dc52-1da5-4ef7-9739-6c4de9db2934
df70c50f-48a2-40c4-b90c-d6890dcc5741,VISA,9d664d24-37e6-48be-b76c-3236031361b5
914d2e0c-05ef-4f25-8f31-a31191b15cdb,MC,4e9cd03f-8263-40d3-821d-4dcb0f6e8416
577d5b80-439a-4a36-b5a0-ef63a899be72,VISA,0f5d42a1-a563-4181-aa01-d997917754c7
1f1c80ee-e5df-42ef-b2d5-e850447c7f3f,AmEx,61fcefaa-dd52-4fd4-a90f-229f90b45ecc
5d273e76-4463-41a5-8e10-863a24b562c3,Discover,b28debb9-b78f-4463-afb0-21e16f895ee0
c15ab5ef-f522-4f65-bc8d-650f42080e89,MC,c450940a-4ff3-4b90-bc5a-64805fe719bc
db09dc6a-5822-4498-ae76-954e889514e9,VISA,dace2a2f-c499-4229-8a1f-b9724aa9671b
02eebc87-7272-43f6-8f2d-19873a0b9ee8,PayPal,96ed5a35-16ea-468b-8d50-e01f58d4f666
b79f6f1a-15f1-4216-9b20-38f6c32a7ae2,AmEx,ff1a9fd2-df27-431a-8996-886c957db71f
8187ffc3-f120-4832-a3b3-376d7664bc5b,VISA,33289ebb-1f61-4e55-b999-480e6cefce58
fe73764b-c7bb-4d20-9d03-f05c7ef8360e,AmEx,a50ac10e-7519-416d-9a31-eab63fb93ee7
427dd733-3620-43f1-ba7e-59358fd5fbad,VISA,bad26b03-8049-4fa9-a51c-0dba61db4d18
f18a4096-a2dd-43e0-9b3f-5e6ff8e365d6,VISA,0d8d7079-ecd7-4f46-a99a-f38ffe387f9f
b5fc5e6b-a271-4155-bffd-3551b0b1a889,Discover,0dc1dc37-7f5b-45b6-bab2-a1eacd856902
1d7f83a4-4b1c-4ae1-b578-43e1a87463a8,VISA,9d38faff-4bdd-4b8d-9eb6-323bd1388b9e
9d22a0b2-2e54-4c55-bd90-479299b6eb32,AmEx,6c535b5c-5ecc-495d-985a-9c5385093b4e
36e9c278-4bbb-43c5-b3fb-3fd709c36ae1,VISA,0739da9d-ce30-451f-906c-b034a8fe2fbd
3f855317-3e68-48fc-aaf4-f8eee3512501,VISA,c1439073-0ad6-44f5-8c56-619afc30a0e3
fec6c3a6-d3be-464f-80ce-9b2d88608cf1,VISA,72bb6a76-e5f0-4d9f-bdb5-5ac7bc7ebd73
b47efde7-576f-4552-9cf3-a1a98259aef7,VISA,732d3c8a-18d1-4eae-8353-eb3902c0ac4d
752936da-eaa8-4a0c-bc12-662790050a3a,VISA,7cce0835-d997-4038-93b5-e53563914bda
12245adb-0a3c-4aa8-95a1-9e7ab62a7902,MC,081b38d4-bb27-4220-b690-55b5b79101bb
0b51bf8b-5325-4e8f-9d7f-7378457d8fcd,VISA,3680bfda-1ff1-4485-9430-97e070d0fc41
b2bce743-b6fb-4ec0-9798-fe9f0bbba733,VISA,35805065-1ef0-4168-bae5-547e4e800891
0f887a0c-e198-4468-a38b-c048210a940a,VISA,00548f80-5d8e-4012-adee-4082b4e25676
814f3b52-067a-4382-933f-e3e2aeefc304,VISA,4c2b7a0c-a5ae-45ee-b5b1-241e21297322
2fa7ef3d-9b9a-4d99-af6a-a2f866fd6045,MC,292893e3-6044-4df2-8971-91724d49b401
13746fca-f5f1-400f-8aa9-efb90f6be471,MC,80873266-3f8b-4032-a4f3-d0c4293d3003
38f5ced6-ce22-4847-80a1-a630b84bbcd1,VISA,994cf42d-8c94-41b7-acaa-1c46484f9084
e9aa49ec-2727-400d-ae9a-ff9c811b18c8,AmEx,68f3f8cf-6b8a-4265-b60b-1c210c71183c
77566ccd-1a4b-4067-9672-de6f2d220b50,VISA,2bb1cc36-f06c-45e4-a7ad-0ccca699ac32
b0119f73-292c-46b5-b517-6fe7ee73a9ea,MC,7d0786e7-f806-4a75-9102-49d898ef9b0c
ab10d10c-b2f7-461a-a282-95be3e7d5aa6,PayPal,b7f02a83-46e6-4cb9-93c8-2bf8e753eb71
b3dbd3d6-9460-492c-8871-43aec13d93e6,VISA,81ad5d42-c1d3-4683-98fc-c71e3f59129d
3be20ea2-34a9-40dc-9dac-ee8becb780d8,VISA,e887bb8c-3217-46ea-b24a-da8a707f552e
2bef9415-9129-4cb8-ac7a-a40fa01c4e66,VISA,df4f568c-3274-44df-8dca-5d3d4c711392
626caf22-1033-48ad-9aa0-d48ed5f4a5ec,AmEx,7070defc-8a83-40f3-880f-856b3d0b3a22
5ac04fae-8302-4120-b448-f7218e841788,AmEx,28822397-9f42-47f3-9272-736cb7b43383
beda8343-249f-4087-8771-065b2db69b7d,VISA,5b1aec42-b23c-43fb-bc58-daf9c0a41e77
b1fb6b91-e02a-4a50-b93b-f2731af76a4b,MC,ecee7d52-cf41-434d-be08-3e8d131e0659
36010620-8875-4fe1-852c-0d7945036759,VISA,3c6148d6-4160-42fe-8472-46533454e7d0
ff406b1a-d2d4-4a60-a6ae-6074b8487e57,MC,cf8d5896-46ea-48e6-9917-2cf12e789334
4183a48a-f1eb-49f5-82cd-1dc05d2adf33,MC,38c6225c-4f2f-4b67-a126-164b9af7c487
399f0282-ac22-42be-8ab4-a5b90fb3f727,PayPal,193defef-a0b8-4e1f-a3ca-77553b4f74d4
48873747-69de-4be0-8e17-16bda11ff659,Discover,4ba297bc-70ca-481e-8520-e0bf15b1fef8
1ce48521-aad6-4d43-96b9-3d78cd248e2d,AmEx,b7d0dfb2-f89d-4e67-8a97-f6c3d177bcca
f230c55d-2748-4859-b3ac-d24db645dcf7,AmEx,8afeca99-0f04-4dc1-9c8f-496535648597
16fd2451-158a-498c-abdb-e6428dab856f,VISA,13f05b3c-2ce5-4333-b319-aa935a42e4c6
54df6e17-42f3-4ef6-b36b-e461caa0fcae,MC,359207ad-7296-44ce-a09a-e3211bc8a501
5a3166c6-dd80-4759-8a91-d115998da91b,VISA,d1aec5d7-2c64-4fd1-a49b-713b41ffa5c7
417e4508-06f4-4cfa-8d73-4f89267a83c6,AmEx,ceecc612-e696-4745-83b5-cca7bce9b692
9a9c61a4-2685-4d4d-ad96-50c5179a94cd,MC,9e346477-ad6f-48f8-8b0f-349e592e7b86
767671cf-d6a3-467a-9e3a-b15673cdbe41,Discover,732486f7-980f-41ce-9735-262ec3a24f05
722fdca3-85bc-4bf5-b7c4-a77435ed87d2,MC,67cf9a87-e434-4eef-8125-f6afaaa397c1
8d78c3e5-b409-4fba-bef8-faa6f1e1aaf5,Discover,5fca9979-7015-4793-b3da-86ef683d16b9
8bb7b382-1bdc-43f3-95fa-7ff1fec40fa8,MC,5d9a5186-649b-4a63-854f-05a5bba3041f
d3ead0ed-8027-47e3-8615-421f3c39c69d,VISA,e7683649-077f-4fe6-8161-fb5ad9f2ef68
e3f27f0f-d2c4-4d98-81f5-d8d2ee90b76a,AmEx,9640b74b-6acd-4157-8784-c3b90e4333f4
83fac54c-f5b2-4811-b990-801bf80f159c,VISA,48e34efd-aef7-4745-a71f-7a9fe04aa152
f6dc703d-56ca-42c5-be81-eabbb0b2b814,MC,c4c8ff71-6b02-49c5-b010-899924084375
326cfb2a-1e9e-47cc-a141-41a2ba6a759a,MC,d86d1de7-58a0-4865-815b-675fe4fe2c82
61abb927-e0ce-4ece-961a-f0e0d229398e,MC,6d5eca63-a38f-4c83-874f-fe22fbec2bb2
46afa9b0-8849-48c2-a446-6ed9ea7171ac,AmEx,3c1a7065-0623-4744-906a-c38a4b2f19b7
c3b1d07e-926e-464a-9b15-1324119f6774,VISA,620d65ac-3f3b-40f5-97cb-e91f97d32ddb
7b68eb9c-2be8-45f0-ab82-b7828916b53e,MC,7031f5ab-7265-4702-bb2f-880d87a34d37
eeaf6762-3406-4cb4-aaf2-71520b3cdf4a,VISA,30496f02-305e-45e8-b375-c7d1084ed1f3
b70013da-6102-4d0d-9675-1fbb5e2ab08b,Discover,8b314833-afc5-4c74-aeef-6b0d902f50d8
710d2049-0183-4520-bd0e-8c0d61f4df94,MC,ff3d4949-b8ca-4afa-8024-f37c5f58b69d
e0f4d44a-f17f-4ba3-bc01-648f61a365e6,MC,13357999-c744-42ca-a922-fc58a96931d3
12d67b2c-69ff-4523-b7e2-171e0bc0ecb3,MC,d9ad078a-420b-4081-b4e8-f33c96a4bbf5
1ceb693e-2d34-4f52-9a8f-ba06ab3f7ccd,PayPal,709c69d6-6211-4e56-83dd-669366d16ef4
69633dad-7649-4c50-84f1-209251ecac76,VISA,5f04d1c2-4f66-4b8e-8edb-272cc05be987
aec1b227-81dc-4431-80bb-bd6befcf221a,AmEx,18e506b9-c1b2-4c67-8acd-fc79bbea3aaf
b7790336-d516-43fe-9942-37e6eaadad8b,PayPal,579a7b46-d37c-40f6-91f6-50aeca1a8a36
ff31abf3-5af3-4551-a4af-37e0e7302894,MC,29571af1-6791-4bba-8bc3-e7bde3c67ea8
48e9b2ce-904a-46c1-904b-749490616295,AmEx,0f02878d-ce5a-47b7-b624-b37d7b5ad507
2d2a572b-46d0-4dda-b8ab-714d0ace86f1,VISA,bedfe017-0294-490e-bbfe-31ec442c76dd
b439d751-10ff-4470-9f36-970beed10a42,VISA,686e4503-91d8-479d-868a-6598835a08a2
54ba3fa9-10ad-475e-88dd-9e7bb44043d0,MC,c2e18c89-69bd-48af-9504-77b85e65e333
e6380ead-f2a5-4985-b353-b0987dca962f,MC,14fbed95-f843-4041-b907-ce130a3bc0f0
cdbafae9-edf5-4f63-b71a-b9394e18c4f9,MC,7de4eaf2-1d6d-41c6-9b49-720c90fd5e10
dcc897f7-baa6-458b-9143-96b19ea7b845,VISA,dbb63573-f699-432f-84fe-4092777d9825
5dc884ce-048d-4a74-8622-f91af1a2c8ce,MC,f76150ec-1277-4b66-8f62-11d7564da176
272ad167-6f7a-464f-9acc-bbf947dfec0d,MC,ec57dcf6-cc35-48f9-9cbc-3d8df7b2353f
bb669321-67bb-436b-93b8-2d8bc6e17e40,AmEx,639b3208-4c11-4314-876b-e07b15332940
23debffd-3096-43ba-8c87-5aad8772edfe,VISA,d00c4088-9adc-4461-b87d-56f8ce843af2
41f250e1-0fc2-492b-a0fd-0279bcb73c64,VISA,11452832-3b02-4654-8e5a-219e36b38db5
2f64d0bb-6d3e-45ba-a06f-32fd2f8ff020,Discover,32e52e53-bd42-4054-a295-5e58768ec016
adc3b6ec-9050-4e41-836b-6ad3cb08b093,Discover,022808c0-6347-4350-ba39-99fba397aff1
9a4a8ebf-cffb-4ca3-b167-d4fe36fba176,MC,832c972f-fcd7-46f6-92f5-8f8daa064095
9e79b144-07f9-40ff-8910-59d5fc469c58,MC,b5846513-bc23-45bb-93b3-67897d69531a
6e78e9f1-d433-4e19-8194-00dbacbf3280,MC,e2aa6c7e-61ff-40a5-8adc-1d3120b4a957
1fe7055f-efd2-4d88-84db-ff08c643e25d,AmEx,8c318a0e-f8d9-4317-a432-9dda8c734c51
52cf48b1-45c6-44d2-91af-8f3fb2a75a85,Discover,609e5cf0-4cd2-427a-80b0-bd820352a300
b449cd7c-a193-4b99-9b12-796a7694f060,VISA,5add34a3-a908-4260-a96d-c4eb691be29d
7aaafd14-1df7-4080-8785-998e7c5f1d40,PayPal,f8b7c159-93db-4505-82fa-5f5c75784ea5
7b714b33-5e9b-40ee-a984-3768702dfee4,VISA,5adba797-8d84-4cff-9c29-2daf22bedf2d
939eeb7a-0273-4509-a18f-d48fb12f0c19,VISA,1edaf37a-0c0e-499f-82df-3858438657ed
de7a0902-f5e0-4d08-a83b-4787b6ed6d9d,VISA,652bb62d-022a-4045-97de-e5a420d753aa
0ad4fa2f-b8aa-4182-a7cc-620083a61d6d,Discover,c703eb7f-594e-4aad-95e1-46eb0d928dad
49064132-5b05-426a-9372-adce2c4b5d9a,MC,b997d7af-4356-4565-9bc9-b9ac9f8a9f64
81d8735c-c205-49d1-a3a6-562d596c0713,Discover,2e964ae0-85d9-43be-ba38-bc55f08c69d0
6f1df8a0-6921-4ebd-9d3d-9686e16ab8d2,VISA,9e034f74-7194-4095-bb12-6185c332efb9
0c638a93-007e-4264-8085-774c97e0e795,MC,4afb929e-f99a-4544-8cc2-d75d6f1110de
e3451efe-80d7-4f65-84aa-b399631a0420,AmEx,ec82eec8-f599-40ea-bd29-7d2d3cef8dc7
c43b1757-7015-4db6-8f10-4d3151398438,VISA,1282a073-2ef8-4fa9-a79e-1d12f5728873
b954593c-dc3a-4870-ada5-7aa79f33aa2f,PayPal,19fc251a-97fb-4d11-a4af-651ddad1d16c
835239c9-6eb0-45f5-80c8-6b6a16203be6,PayPal,e0461859-ca1a-4db6-b1ab-87d4bcd59569
9b4f60a6-c7f1-41f9-8160-46bda76db834,VISA,7002befb-0b90-4a22-8568-2174ac9a9a84
f207c127-315f-4057-82f2-8722726630d7,VISA,ed947795-71c8-46dd-82c4-92bd0de8525b
b91ebc2b-70f5-4008-989e-00b313eef0b1,AmEx,6b13f412-68fc-4a6e-9b81-85f6e3884cbf
b223382c-9f9a-4b6e-a063-9ebb8fccda53,AmEx,f858f92d-4a1f-4130-aeab-29dd1c29abc1
2e1ab58c-237f-4646-8a93-8a9ac61b116c,VISA,0c66f176-59c3-425d-bbea-14b329be06c1
5697e255-bd39-4dd7-ab2c-474f3c721ece,VISA,3c207f39-383c-41de-bd27-74714696f3c1
7903c4b8-6e89-4a22-a067-e14c14b53814,MC,af87a56f-e3e5-48e6-917f-0f772fa911f6
84bdb6c3-74b9-4e75-9dc5-f14d6065c500,PayPal,9d47ecd4-2edf-4378-aed1-9e010d7cb9cb
25d04aa3-9ee3-47b8-8315-6519e58de4db,AmEx,0d6db266-8372-4690-84e0-779a0199670d
16d543da-67f5-4dfb-8633-1b9cf1cec5a1,VISA,0de58e9f-65e6-4856-be04-ac891505be3f
7599d6b8-3938-4bcc-b450-33f979403c90,VISA,ea9e7e54-2b8d-485a-b276-15ea81135b31
61fce240-98c5-402b-b53f-2fcc719c400a,VISA,2374f136-a230-42f7-a103-c4769cc44870
5bd2597e-94a4-4b40-8feb-4f105eff3a60,VISA,ecef46b2-5109-4805-bfa7-9ba2dea65317
fc27e845-4fe2-439f-a9f9-33beeb0d7546,VISA,cd6f903e-9e50-4745-9e2c-b305e8b2c3bb
c0cd1f5a-64f5-4c04-ad16-f6b7ec66c294,VISA,c8594e3b-ab62-4ffe-b6c2-d7b7cf8a83a7
b22d522f-6c0a-4443-9dca-c15bb0887153,AmEx,1fb39fd5-4d34-4a32-807a-16a594749e0c
5a535637-49cf-409d-8648-e716b3bd354f,PayPal,69ee5400-ebe1-4ee0-85d1-2f13e2ec5e90
6659a0a9-059f-45ad-8bdf-c52f71921f8f,PayPal,e74cfca0-c40c-4f7c-8ee9-3c57429ef590
caea2b5b-1c04-48e2-87db-816f55bceb53,VISA,aae9b936-eac1-4529-b14c-90be8d9b05f6
19f9c023-c5aa-4a95-bfc5-b906cc258d01,MC,29afff58-8532-416d-91a6-6f78f4991cf5
a8107e16-06cb-48c5-904f-a5477f373ac9,VISA,559df0ae-36c7-41d4-8fca-454abd5b1a14
012b0b28-dd52-42e6-8d09-b5e6986416fe,VISA,dc4af09c-cd00-4757-a980-dbe7b0e3ce58
7c5685e3-f017-4770-a60b-e3a3560c766c,MC,13d8510a-ea3c-4b77-ad20-b9021a0f18d8
b179b68f-1eef-40d5-860f-15cd38c17014,MC,e609bbfc-0ca5-4303-99b2-0c9bbd0e2e41
8ef4a544-4e62-4939-b577-9f205325b13c,Discover,9d23d4dc-8fb3-4567-9608-a9a6cedc561c
45b7d39d-e282-49a9-9aba-39a2809d45f1,VISA,6d65f2f8-a102-4ca9-921d-432e826c7e52
80c72e88-5ae0-4032-98ca-4f74a59b7bee,AmEx,549deaf7-3cfb-44ff-a594-5496531a53c3
20a5dea5-ca5e-499e-8f5f-a061dd54fd0d,VISA,8d17cc86-9455-4db1-b771-fffd062dab18
4f9e0b38-c40c-41d6-994c-cc1274813f62,AmEx,8886cbdc-3caa-4e58-b509-ddb6914a255e
3cbc3c87-fe86-43a1-8ea3-fa1a05e3fe44,MC,0c903f68-8484-4769-bf0d-88c99e97171b
35c8fd8c-7e28-4772-bb25-38085fbbdda1,VISA,585f1902-31ae-4c3e-ab7e-a32b4dc56a9e
2d923cad-cc0e-4056-ac69-f60323b2a5e5,Discover,61639021-ea83-437f-871f-8051e7bd8146
bc017dc5-4af1-47bb-b298-4ee1d655c08b,AmEx,c79a3575-b24e-46a5-b8d4-dfb5374bce77
909f3e7a-1d37-41ed-a4a0-34c218320ec6,MC,66b7da9f-ea3e-4fec-92a7-add412af13ec
4d38062e-ea9e-463a-8b1f-bb2569d90469,MC,794564e8-d3e2-47a9-a68c-21203a4856a8
834fa25c-c8e1-460e-8b4b-98073dbca65e,MC,0a9995b2-3593-48cf-a23f-e085e3c1e40a
eab5ffe9-2c6f-4ea5-8155-3440c2050c7a,AmEx,30724d88-5d45-443e-a83c-c1b127d18e68
422034c3-c1ce-4620-8eae-dfae1c01e4f4,AmEx,5c349d16-4fb4-4237-8992-8872093d03f5
69f3137a-a3a6-445c-b186-c9b63dbb5b53,AmEx,fd674eae-03c6-41f1-9d2f-a4f44645f2cd
1356612e-64c8-4f2c-8026-dc435ed549e7,VISA,6d4dd9b7-c673-4029-a3f2-247e5f35f052
146b4355-daa5-4708-a3a1-ff119d091b1a,VISA,935ef02e-5fc0-4f3e-9a4e-da72ac418adb
5f343688-de06-4f88-a2d1-c17fa150d4c8,PayPal,91dcfd52-4fde-43f1-9539-7ed72b250e8c
8b16fb07-9ef8-4967-9cff-e63a6ebed2e0,VISA,f2687ae3-51f1-4cca-b39b-07fda35fc11b
54c8e299-0429-4e6c-b66b-6184d35c6da4,Discover,cc32e37b-2569-4ee5-8a5e-01f59740c5a9
052e72b7-3eb1-471f-bb51-dac5270a18bf,VISA,e116f66d-608e-460d-8aba-e87c3461a9ff
c059edad-fee0-4287-96a8-a87c87115468,PayPal,aeefa56a-0670-4f68-a304-d0c9e539b3ac
8b6b08fe-4197-4034-a787-8bcff0db4d04,MC,14e2349c-3677-4f3e-9bde-227332d33c50
833838bb-6c1e-41a7-bc06-e4f111bcbae9,AmEx,7a0f952b-88e6-461f-ba2e-f212465f9aa0
3329badd-8876-4067-841b-3e3597b8ec9b,PayPal,2ce21e58-ad6c-4c5b-a4a4-e5eb1bf60fd2
f560c4d4-f8bd-4134-a6c2-498f3a504e00,AmEx,8d760523-61c2-4e1d-a8c9-3dfd12456141
3a32325d-a1be-4214-b5b0-f29d208ca317,MC,797a64bb-6ae9-4fc8-8682-5174721e21c5
e573ef44-745d-4c90-bc5c-99602d7acdf2,VISA,c0d8512c-26a5-491e-83de-244a32f8caef
b4975743-7f36-4b43-9a01-93f06c91aa37,PayPal,0de1bd0e-4d86-4dab-8883-549bf03f384a
145e2dfd-da2d-432e-8313-44b93e7d25d7,MC,e14b9a13-40ef-456d-9341-96fc98660c1e
45d0b995-23a0-40ea-bfa1-1f002d89a6b5,VISA,5f2671cd-12c0-464b-b8c6-8de6ac9fb7d0
2b6f04b8-360c-4428-ba96-1e1cd2dc0f13,MC,3da32c8e-0c1b-4dc1-8c4b-98c45262a26f
3a3f186c-71fe-4900-8709-f22e98707650,AmEx,912c2d11-f764-4742-ba38-e6062f9ae2a7
c5a70a33-b01f-4ece-ae76-aa83a74a120e,MC,5fe4871e-7458-41d6-bd25-be3bd3cafb18
072b7343-211d-4a62-9a70-e0f459faaf62,PayPal,7684cfd8-da65-4463-9497-9c13b3a75e15
42705d4c-feeb-409f-9feb-efabb520a4e4,AmEx,72858a06-e1fd-4e6a-a3e3-b62319f2d77f
cb27e8aa-9300-427d-9b3c-5448f61127ec,PayPal,bd9c5a50-6fb4-4d52-a2bb-fd6d178c4b36
29c0fa12-db90-4055-bc5f-1418b68a2582,PayPal,b12c3c21-eb1c-4378-9f8f-7f211a886a8f
ad6eea9b-f3a8-4a36-8de5-dda3bf12883e,PayPal,84ed0a62-026e-48ec-bade-4bdc543d9305
d38a757f-2e0b-481c-856f-b9d16ca28fa1,MC,d746e86d-2c3a-4ea9-a98f-63bd1c3a7e6c
35467c77-b4ed-47c4-8e00-35b9c6d81f05,MC,d095aeff-bd4b-4096-bfcc-30383234f347
71917201-94cc-4d28-a299-d0af6bae7514,MC,dd1e9e2a-3021-42c1-9679-9a723dacd048
bdf6eedc-c558-48ea-aa74-cd0907078751,VISA,5a85ed8d-b5a8-4a76-a7ea-ef92e136cc70
9dc3f8ac-b985-4388-8ce2-9c6c9d404d44,MC,814dda60-7d30-4fcc-abb1-848d024674e9
0ba2dcac-ebcb-4569-95b3-90c13f2e9cbd,VISA,0311cc26-393c-4319-95bb-f3e27266a851
ef973363-62ae-4e18-b468-948b59c63909,PayPal,ec57a787-0a55-4434-9054-9f507868fbdc
a3c0203a-538b-4844-91ae-11a6733f8176,PayPal,878318cf-5220-41ce-98cd-b21a5e274380
90fab023-deec-4073-8e76-720d4ace26a1,AmEx,178bffd1-10f0-4e75-9cae-a1903a1c61af
e755feb8-b457-485f-95bc-223978b65f5c,MC,6d23fbc1-9c72-4da5-9fe6-06a9dbf01365
54e7827d-ab38-4845-a9a6-5921e9efe512,PayPal,ff8adb7e-e752-4fa2-8e9a-61a51cd35261
143e647d-26b4-4c6c-bac3-2f2dd7d10449,VISA,06db0029-aa8f-4419-a634-dd0bfe170dad
89aab110-63cb-4df7-ab1d-c624153ce3f2,PayPal,d87f42ab-37a4-42c9-bcd4-ec8d57d4a7d0
55981e9d-61ce-4af6-aae0-c2986de325d8,Discover,2a7a43eb-7ec6-474b-aa87-085615a43062
9554cae3-ee37-4f35-b0a5-702de26307fb,MC,6b04bdbd-7897-4c5c-9308-378c23a4a638
daabdfea-f9b8-4cab-a80a-e9b773c8f9d9,VISA,12a6e639-9674-4189-bbc6-9f1ff2c38db8
c1ab4cbe-a755-4f3f-acb7-7c112f291822,VISA,dd030c07-f297-4002-8611-c6084795d923
fd316c7d-997d-4a20-8107-cf9ed4ccdde3,AmEx,1864e68c-ea83-4acf-b566-050e1d6488e9
8f2a8fff-9b30-4f17-9283-320b2444d629,VISA,ceaf316e-9118-4fd9-a18b-9279c08d84f8
4d82b1c7-1eb3-42ea-9ab0-42dea3fbfd18,PayPal,92e874c6-0727-4b55-9410-40325e49965e
11a03e30-f8a4-4d3c-8f09-439ae0c74761,MC,0468435c-4ee8-4a16-b725-45fe43a7ffe3
9cac4411-0ca3-4274-a7de-6a5c6ef3faf8,MC,3e42f95f-e185-46e8-a6cb-c0a4db834d68
c4d63306-ec9a-4938-b3ad-4ad89587067f,VISA,d05feff0-7376-4341-82a9-53b5a5d24649
a1c8e5ad-8bfb-44d2-b7c9-ea0a1ebcc2f0,Discover,562a96cc-c6df-4200-a23c-44f61fe32cf2
ac2e782a-bf2c-4fbe-93de-6fde54f42502,AmEx,3e420b4d-9566-4190-99cf-57d5a39ffd1d
23ba722e-edc9-4c89-953c-403f016b16e6,Discover,22f3d954-a50f-4f1b-8627-bebd87482008
2306cd59-bbb6-4a8d-8c4c-7cf8ac7e3a33,AmEx,b5f328db-8362-4ff6-a319-8a72790ef8fa
293a70f1-59a7-4f31-ad5c-4e3c34017f3f,AmEx,1661d631-ad99-43a4-ad86-175fe920dab8
2a68c090-e734-4a18-83a9-c47243d7a15b,MC,6332c774-6400-4029-9e10-308bf7c93107
580a564e-e4da-49e7-a8dd-2913f120358e,PayPal,5c66fe5d-1503-4fb9-be16-c34276996935
a6118d73-466c-4b58-996e-df23371781f1,MC,4d17f57c-9f84-45b5-8e74-198c7925789e
e427d8ca-cc4e-4709-b33a-353bad7abc0d,PayPal,459f2057-53fc-4972-b313-b21076e24fc0
6a43e2d8-cdf3-46e5-b096-465fe60fb004,AmEx,e8b3b022-15b8-4e42-b69a-920d3a94dc74
89d85607-2312-4d3b-a8ca-f7ade075c608,VISA,b4370751-aaa3-4e3c-bbc9-e0d0d814e1e8
201c5b96-8098-415a-8300-346f87038ffd,VISA,a4f7ea86-b54f-4d35-9424-1417eb377318
d9fbdc55-e007-4b0d-b47b-ab3327f168fc,VISA,9f7272f5-abe1-4294-aa04-a8860bb6d56d
8cfd02bd-2ed5-485d-bd28-ec017d58f20d,AmEx,c098505d-07a9-40af-a8fe-4f31327d36fc
aa5c304d-d498-4b7d-82d0-41771472d7ef,AmEx,248ee68b-1327-43bb-8b13-25b5489df44c
8b702ee4-bb49-4b25-ba25-fdbc653956da,MC,0090e159-0090-4bbf-aec8-b5d4290cebe1
659fa2ef-3b17-460d-8cf0-8734316d8154,AmEx,7d6f0d4e-db14-438e-aa92-e91ab8b98a85
9dff66f4-8ba3-4891-9636-e4cf6016c814,Discover,9b71c1a2-ed16-414c-b8a1-412c496affe9
273e3c32-6d7c-41d4-9428-5528349d2808,Discover,a930a7b1-872c-4832-a453-8027115bba8a
70878f4d-d628-49f6-8ab7-0588b814863f,AmEx,dbd02366-e4cc-4f40-b78a-7ba65069186f
405f906c-e4f8-43b6-93d9-6d8442af2d55,VISA,f9e46fed-8daf-4bcb-b9fe-5429e89728a8
78d4cbfa-9b70-4ffe-b8ee-5dcefd907463,MC,7756d2eb-05d6-40d8-9d5e-d6f3c0c89bd7
34930d53-923e-4698-ac76-6dc51d29950f,AmEx,d96ec64f-740c-4feb-9eb7-c5e068fab29c
314df85f-fdea-47f9-87ee-c8e20b3e4906,AmEx,672b0581-f035-4402-96e4-350c9f8d8f45
617a326c-7dbc-41d3-8d34-a6ee9cdcc502,AmEx,f7aae0af-1a57-4ef3-811b-07ed687341cd
9c5a9a73-0aa5-481f-93aa-87f6b3da6001,AmEx,2ac76fc4-847d-4f34-8296-9c00410f1ee7
2fb2bfc7-19c4-4048-afb0-499a3898dbe1,MC,31c00cb6-39e6-43bb-8599-f2831e040ff3
9749ddb9-13a1-433f-b30b-fb1fc3dca006,AmEx,526c4cb3-aab3-42d8-a5b9-07a0fc9e739b
8d02d2ae-1bc8-49ba-9638-9195ec109080,AmEx,9623b3f0-6a97-4c9a-a06a-a6b837c42630
6e98b2bb-6cb7-43a4-899c-ff0d7f8f2217,VISA,4d0324e2-2959-4f56-9085-6c50f7da6961
224d3a82-b35f-43aa-97fe-ad18d1994241,VISA,9a6a3207-86dd-444d-b80d-2a06dd8ecf65
fb6fbc7c-f517-44d6-bcbd-99e355e7dbf6,VISA,c32876cd-758b-48ff-abc9-44a9c4fd13cf
15e6746c-22a4-45b4-9cd5-bb664b231a80,Discover,8ff16de1-23bc-4e30-8011-95a3468cd862
a6921b5c-21e9-4668-8044-2c9b828746a6,MC,68c9b37f-1a69-4863-990d-1e52c03059a7
7862981d-4022-4dff-ab13-b5818c35335a,PayPal,9981ad1f-0308-4a40-98ae-6a14c4e9d1a1
3f6136f9-283e-49ee-9975-3dc906365fc7,AmEx,49e98b83-4531-4aac-80ea-2b143b3de649
dc19b9f8-2faf-483f-b2c0-efc79eaa48b8,AmEx,9f09aa51-3ec1-4973-a432-ce1c42cf4b97
b844c70b-d589-4598-9fea-e93e6201d836,MC,6aaf562b-9c12-4f2a-9512-6ff028942cbe
da409921-dbb4-408c-9dff-7ce9027c4de5,VISA,5ddaf26d-02c3-4c58-97bd-27d90b85a9f2
f7216964-6bf8-4155-99f6-ae95a4af00e6,AmEx,2f8de664-b573-4139-8955-918392278793
20f21c42-6c82-4f79-a98e-330ad535b5f9,MC,0b1a876d-873e-47da-a7c7-5feaca784c1c
6e259595-db14-46f9-a70c-9fbb27c7733b,VISA,c341b2aa-5336-44c1-bb88-75efac8279bd
e69967ba-6331-4dfd-b304-5cf2484d64be,AmEx,7ef3c1f5-7305-445c-9d89-156dd919cbac
ca516725-e29b-458d-9fcd-375188fd1d09,PayPal,3629041c-6e69-4557-a3ed-9d53d95c6ef7
93afff1f-c3d5-4216-9199-62992740a73f,VISA,58788340-d25e-4b0a-b608-35a6479f617d
8951367b-5875-42c8-9434-b1c7fe46fd25,AmEx,d2e3351a-8ab5-4041-bd52-4bc7dc9620b9
a138e6ed-930b-4f51-9865-d52890d557b8,VISA,7490dcfb-6c0f-4227-9070-cf17dcd80b72
dbdc31bb-02ee-4163-91fe-5fc027b29776,VISA,3795b01e-5173-4649-a1da-58a9c74b57fe
9f2cea4b-b241-4db3-96a1-f3e37713bb88,MC,0b8929ba-c63e-4e45-a248-53e71364fea4
a9e70464-6b12-47d0-b07e-d8a06c364019,VISA,a10e1ca8-d00e-4ad7-a214-36d532a9bd90
5c8a2c71-8c56-4cdc-9a36-1c0426f8f2b9,PayPal,05d8383d-20ac-48cb-855c-c1725f64e938
3ff0ca65-fda0-4a92-b8c1-c4436bd7b32e,VISA,0e5102b8-46a9-48f6-b8d0-7ffe44c022c8
0e03aa7b-e953-42d8-8475-ac2dbd21bd7e,VISA,95965fd6-ca63-4cea-bd06-831838a44d54
63d579db-87d8-4b80-9ef6-f547557ba7cb,MC,05a81d46-d24d-4567-a738-08fc7a26f2e9
2f936498-ff13-460f-844b-b2fa4cf0f278,Discover,ef70e828-05c9-4d06-9618-e9ce3efdd0af
4a54f8e4-9b22-4f37-a37a-5cd420c59075,VISA,c6590e1f-3a54-4098-a3c3-8dd0de4520eb
debf986c-36a8-499f-842b-4c3e4b1971fd,PayPal,590a831c-dea7-4a03-ab44-9653b5c2eb9c
023d0a3f-bbfd-4f39-a2e6-d177ea977efe,VISA,1fe9a54d-9b8e-4aa6-80f7-bbc60ec22c02
766289fc-6a80-4f6d-95eb-d796e3e7c464,VISA,ae8cd5b1-cb5f-46cf-9aa8-c944dc000f55
bd69781e-7fbf-466e-a95f-b92b7ffd1074,VISA,3607129e-9e4a-43a7-82e1-0db858b7a139
425d1798-7e58-4f76-a753-96fa9913a446,VISA,96e8b068-3099-4789-a852-8be647092137
ff2b27cd-10f8-4998-b895-b3189f85617e,VISA,87aa52ec-3ec8-4bdd-b096-7e018c6c03a5
e212956e-7e60-4b9b-a42d-b804ae3643bd,VISA,7b4cfbe0-becc-4970-80e7-6bbc729defd6
aefdfa81-5953-4e4b-9dba-9711e8abca51,MC,1f01a100-8e2e-4c72-97bc-a6c1b6b4a268
1947ad50-0b6b-4c5e-b748-506b75f282af,MC,1cfbe76f-2f99-488a-af0c-88a5b25d30fd
09a51959-6a5b-49c4-b243-4241a8c7e3b8,Discover,89b31447-c74a-4dbe-bec3-2095546a0097
5e34d490-c899-4bbd-9a14-2f93749dfd22,VISA,4654f612-9a16-4e96-a46a-53608197ad6a
4c04d8c2-5970-4be5-a04a-b94b825eef33,VISA,eb835825-e8f0-452d-adb7-7f7cfe0cf343
0c029811-2b79-4db1-b802-7a0465ead4c3,VISA,30254256-c2b5-4446-9fe2-9fd3b45c6f1a
48129eb6-7299-47ed-8a52-e11feb94bcb3,AmEx,a98767fd-1525-4d01-88c9-68eb63d32366
10c1bcd9-4004-43c8-97a6-5b8d8f38e8f0,AmEx,9ef32806-1201-425a-9477-7ad0c3e646ea
b14a0ec6-eef1-4a70-8629-29e465e71907,VISA,cb5e6918-f906-4320-b873-e8bf2b5332b0
529ce346-728e-4e16-9c1d-fd12d5d6a11b,PayPal,680930e0-686c-4a4e-b957-be4933c3b710
92cd8bce-136b-4487-8685-40f2a81d2257,VISA,293ef41d-fb05-4e06-bd05-ff2aee3e241c
1b9a4582-b47b-4276-8773-7dae24955738,Discover,51945319-acf6-4be9-b983-08d4897914f0
1391059d-49cd-4181-b781-4184a364a87f,MC,aafe3fd5-7deb-4c81-a3f6-c6416e37a2a9
73de6541-2784-4a07-9bfe-6d11d0825a05,MC,d352582b-9966-4bf7-b76f-b33ca27c002f
e08f0a08-153a-4cc8-9fba-6fbbdf2e000b,PayPal,e100550e-9db4-4ab6-9092-c3d816aa8381
218aa94b-069f-40bd-ac63-4c6338222a65,AmEx,b60e8cf3-2162-47b0-918f-52d32e195f2c
23a29d1e-939d-4fbf-bfbd-e28c8ea7ced0,VISA,9f7f6e23-dd43-4b43-99ab-f5de9b6ac740
96f42553-55bc-4101-8e61-73cb4190bd9d,VISA,c615a53c-ecf5-4530-80f3-ab7cb9bf2a58
91ab259d-d196-431c-a15e-19903d78ed65,VISA,b9ecd276-4fb3-4a89-b6b1-7deb6d49ecc9
d9f0484a-dd03-476a-ab2c-1c878bf112e2,VISA,a6c34af2-2f91-4987-be14-6b576e947d69
7ddaf653-84cc-484a-8711-53e45e4a27a4,VISA,9b3be5b9-6ddc-476c-ae2f-86c382f7a941
1299b68e-e217-4e99-bdcb-25e9d849c825,VISA,1e49bf67-df2d-4e4d-889e-6c347ab6dcf6
7cb29e59-fdbf-4c42-8566-03d9741ad1d6,AmEx,ba714771-c978-4141-aca3-6df13a4cd326
f9efd338-0307-406e-b5b5-cbe742740092,Discover,2d9a6022-c48b-4dcd-b788-2d7bb38b491b
c4a1a81b-3e10-4aeb-ab2d-fe3ce5b7faf3,PayPal,57bda7c1-d2ff-4a33-8f5f-3fd2b4fc1052
4fb36fb3-39a4-47ca-93ce-a983ef6d002e,VISA,5aa9b138-7a3c-42ff-9924-7b168c3364db
82ba5aa8-bfc4-4da4-a025-27cd87982993,VISA,20f3ffae-350d-4f41-9be3-28cfbc8b1c82
cd0be2a5-55b9-41d5-82c5-af5c3fb3ced0,VISA,4cd2e0cd-418d-499c-8e36-9535e547746c
538f2ccb-3c54-42e2-b3d2-3a524fe071df,MC,0cb6eb23-ccde-4b9c-adb1-ac983240ac74
252ae083-2383-429f-95df-8831898399ce,VISA,1c1fbf60-de7d-45d0-a2fc-ce3003412ec5
6bae084e-a00f-4c04-9e2f-20792eedeca0,MC,f9d77afc-eab0-4fbd-a1e0-37bd3b1b2199
065cbe83-e969-48f6-b25d-1a4675decad1,VISA,3abcfc85-6512-4057-b575-dbc38f1ddd11
90c43857-09af-449f-b276-eea004ea1b34,VISA,9f2a9334-44c4-4925-8b0b-049c6f37dea5
8731dc1a-94d1-408c-afa3-917e03bebf3f,Discover,8bf10dbc-02ed-4602-adb4-e94bea1c0e14
0cd830de-cf56-4ee5-8492-46e9195b7886,VISA,fbeaf8b4-69b8-486c-8190-51be5c584b7c
72e6ad72-f3de-4606-aeb0-71c99bd2cc3d,VISA,ec9ee553-d396-4261-9a7a-a6f6c62b8b20
a606b9fd-925b-4ba6-a81f-c0b00d075832,VISA,afdf322f-b658-4115-8202-c1661b263a0f
9a14804b-ba18-4e06-89e6-aa5cac65d222,AmEx,95346e87-260b-4ef2-aa8f-cd9c94afd1d0
12a59f23-170b-4c9f-8b59-a2e0f0058c15,VISA,f363824a-bc56-4d56-bd4a-5a75db6b4c33
12a609db-3a66-4eb2-912e-89c25c8ec260,Discover,03988d2b-ca0e-4138-bb18-68df34709bc5
77ba3012-4f18-4c8c-83ad-96a0bea5bf7e,MC,cf1d73e4-446a-4dc1-9479-153d0ebc884a
2cdfe979-3075-4443-bdd8-18421df7cdac,MC,b0e47e1b-1235-46f1-9328-13870b1f277b
202b18e4-7b8a-4dbc-b06f-ed8963514e87,PayPal,68c3038d-b623-444c-baa3-7dc0b3367352
249ebb3d-299d-4b71-8abb-7ca81e89eda5,MC,1ca95ff4-a782-48a7-9ef0-171cfc11869a
51df6684-e2c5-445e-868e-8e67fe790a64,AmEx,654374e2-40f0-48fe-8c4d-90411682ec31
2e9ff812-880f-4f20-a2b1-0a085408a853,AmEx,43026982-ac86-4cc5-b7a3-7c007b2dc52c
359b8756-6feb-4bdc-bf05-205e38db0a79,VISA,27702a62-d610-455d-94bd-70cbf0980a8a
301fed09-05fe-4828-9a1e-399302a9a9d6,Discover,a2b750e2-d27a-425c-b204-c373583828c6
a7936b81-0dd5-475e-9ead-fce6babadee2,VISA,8e987067-61f2-41ba-bb27-28d475438050
ccc68055-b0f3-492d-95e3-0c626f0168b0,VISA,556ffe35-80f0-42e3-9855-6f39f2a69e92
1ccfd60a-1214-4a64-9db5-69d42e9c19cf,VISA,eab88eaa-b38d-4a55-b016-320ec7fe09f6
7b718109-dba5-4ce6-9822-1e2f9b6b6dab,AmEx,64903ae0-b23a-421a-b0b1-250110c6a0de
bc5e0705-c1eb-4493-b513-bdf94baeaf2e,AmEx,823bdcc5-450c-43fe-a860-deda54ad7f28
3096257f-edcc-42de-add5-32578c4adab8,PayPal,f62c9850-8bdb-4456-b78e-3ef8b4292b37
2cbb2350-a057-4080-86a2-6f983b53ecf9,Discover,09d9247e-ff9a-4f05-b95b-48f360e64a29
60fb4d49-1f48-4112-a8bb-c608ad2bd027,Discover,d274ad10-79a7-479a-8c63-21191b6ca398
b9700b4e-c5ea-4b8c-ac1f-c9cd4d4dddc1,VISA,0538f474-85f5-4a3b-b56a-f190c2a11062
96a9d9b7-e520-402f-8080-2e8baa0cda25,AmEx,9da80fc6-3d2b-472e-b3b2-83e8dd0bd62c
89282f51-3231-4d50-ad23-f72b34d31f6b,MC,a7697122-5e1c-40ad-a3ae-c41d61b38136
91c72e96-e4c5-467c-8a94-ecdafd25dabe,MC,dca9e4dd-3461-42cc-b166-b8cb4827b6b4
b83df127-4958-43eb-8d9f-f9cc950eb834,MC,7d4df569-3439-4241-ba0e-9ad560370379
7757b1a3-bddc-4b40-9f97-5ae8a3383a6c,VISA,0bf05e2e-43e7-448a-b117-a1ea174c2c8b
6ffe6dbd-e83c-47a6-8cb3-5cd0e6842729,PayPal,d319c299-aa4b-4639-8629-d49186c32c40
0f600eb5-9891-42d7-afc7-0761dc1dafa4,VISA,00a0da4f-638d-4bb0-90c6-fa842188b7ec
d4e8aac9-656b-4af5-8baf-5d8e6a9f125c,VISA,8aac4205-cdc1-493f-9e8c-317bbc38bb27
90c84f13-04ee-4d91-8b59-9545e24ee4ff,VISA,4e71d10f-757f-4b2a-b498-00b30ac04a9b
19c7e155-3e78-4189-abb5-73b0ace9703a,MC,1a23b0ca-e95b-4741-99b3-837d73d314c6
89427630-36d7-47f1-b7ec-240f9dc7ff23,MC,75843936-6034-4905-9ebb-81ae7582d539
35d9749e-3dec-4f5f-89df-9474974f6815,VISA,5ef7ea6a-ff56-482f-b786-2269059bca2d
2868cfa4-98e5-4599-a62a-bb8a4b6b5de2,VISA,4ecdc017-1139-49b5-aa57-b46dce7ed56e
89368d09-2e2a-46a9-97de-8bfa8aec34a1,VISA,494b0959-99e3-4b8f-b62d-cd8fb11fc8b2
f3846729-f5a6-4619-8964-5389fd46702c,MC,def15a22-f56a-4175-b697-26b7403758e5
20a966cc-43a6-4834-8638-abdf9475aabb,MC,5364c2c5-e9b6-415c-856b-397584bcfe21
917722b7-aebc-4fa3-a929-e0baf91305ea,Discover,2832fd8b-dcdd-414b-b268-c8000d6b9c50
856fbc4d-3e45-4dac-bb9f-6d7cc01f2baa,PayPal,608fe6ee-d374-47ec-8e57-4ec25dd01dc8
9d4eeb0a-dc16-4a80-a1c1-618020101d60,MC,ad917a43-f3c7-4248-8439-7d233543ba04
034d2f18-3206-401b-9a2d-5e3092b0ac6d,VISA,c0e3b4d1-dd49-4ce9-bc5f-4f1d08a1e447
6cc6072f-be5f-4c83-8c9d-626cacc3d402,VISA,d8a2f44d-615c-4262-ba8d-07bfeff4f9ae
cde63afc-c9e8-46e6-8c35-8e46b1bbbd86,MC,b9d1b3ba-a5d0-4b3d-941d-95de33b4ee2e
c04ebe5d-5fac-41d6-b8f9-cc8829a0d3a3,Discover,19a184a7-f4d3-4178-a1d8-5a5b562fcea3
d849eb76-4b71-4f15-9720-3106786f255d,MC,0331b8da-e577-4f22-a46f-4affb32660ab
e2dbf0f5-9a3e-431f-965a-48250ad924cf,Discover,9455d750-53da-4a3c-a588-cb9d8603c97d
53e10604-e7e8-444e-85e5-95dbab3a22fb,MC,8c46ee3a-abba-41b5-902f-1d8afd5c629a
fcee1e36-4e20-4b59-9123-a79ef325b267,VISA,4fc0becf-ab77-4d2a-bf0e-f88957b5b9f0
ca57d6df-edba-4493-a91c-e62bd62d4d92,VISA,b0e36196-d6e2-4f63-bd0d-0ab4e3c4eaf3
7efd3b9e-fcd7-4c6c-ad29-99e02e3df8bb,MC,7b27253b-4fbf-4810-a441-59940e926e8a
d134c594-de03-4c38-abc5-7ed343c06939,AmEx,0e7f3438-4125-4b26-82eb-f579085b1bd6
f1aa6764-1c74-4f14-8c50-ee73792a7a36,MC,8e38e44c-f8b4-4499-93b2-718e2f7ebc63
cbe1fdad-a154-43e5-a7a1-fc9f87b0446a,Discover,fdf4bcc7-b638-45f6-a6bc-9f8563bd8040
14bd3eec-cee0-4304-a5cb-d238e5ccda05,MC,c7c8c74b-bb62-4bed-9d48-edf0d325f56b
fca1783d-ec05-4f36-8c9c-462e5dbd5d1c,PayPal,88d53b62-e15b-4afc-92e3-9096806acf1b
0aa3c0e3-bfdc-4c6a-aa0e-a7021aaeb96a,MC,1ea25196-6b81-48f1-a97c-9fc77ebd13ec
374bd10f-1ae2-42a7-a248-041c285869ea,Discover,083d9029-d4cd-4106-bd9c-3d837cc178b5
7d2cddcb-2821-43c2-817a-bdbf09f9a584,VISA,3e2197ca-7999-41ab-86ae-2c86d68382b3
fc7e1f9a-56f9-4337-b62e-cf49174b016a,MC,49613c3a-aa24-49e2-af5e-6fe3677bc23f
259ef414-e0c3-4ad5-8b60-720013dc5313,MC,13f3b9b9-be38-41ea-acf3-f3c5fae2488f
d7c94c7d-ab93-47e7-82c6-c517476fa1ec,AmEx,06379fa2-b2f2-480c-a534-6f9998a60bbc
da873e9c-d0e2-470a-8a85-e8ce9974bfa6,AmEx,026be7cf-fbad-4e53-bb88-d7eadfb9d6f2
6d1531e8-ad80-4adf-adbe-d3bc5412ec72,VISA,339c0b85-fdb4-439c-bb32-b1955cd9bd60
0e0ca465-1ecf-4b53-a4d0-1d5cc203baeb,VISA,dc7c5f35-ba37-4296-a09e-cb30563fa399
ae0dd043-6745-4051-9e3e-83cfbbbd3cc8,Discover,60a827e8-7aa3-45fe-89db-4b4fc53a1fc9
b9953bca-acca-4a57-b67c-b34eeb7f4f1a,AmEx,6f6e22b5-c657-4a69-a519-116ff104b6be
9cac9b47-7ae0-48e4-bb8a-02b083c5aac6,PayPal,04148565-3874-42fd-8aa0-1e6c57685b7d
e796e080-f3bf-4624-9887-fe5a1c02e5e8,MC,de003785-64d8-422d-97bd-58fa194cb5b0
4bb34037-b305-48db-83e5-4b85444ca88a,PayPal,4a42448a-6bc4-4e1f-83d3-4ff552ce15d4
f5e06a31-2ada-41cc-8594-d16c4a60d50c,MC,f12b63ff-fc51-4363-b808-e07b7a70296f
b6784a5a-d375-439c-98fa-af46cd59cd89,PayPal,b65d5f72-51a1-4b8d-ba97-f000abb169e6
e14bbfc0-061a-4262-9e22-64a029971e03,MC,45e46bc0-cd8d-42d7-8846-1a2310d64e3b
c60aa87f-3b58-409c-8a34-15b4e0cc42e1,VISA,432459c3-b5c5-49b3-b207-2694285cc847
8342fe69-c960-4167-adab-9fc756d2c153,MC,7881521e-1033-40f7-a65d-a3e1f213e7b1
8a097f37-c6dd-4785-bce7-b36151da0046,VISA,9f773721-4fa6-4d70-afd6-61bdf4647cf6
78cd9619-9b84-4e33-8227-d4c5e0d841ef,Discover,8e1a24f0-ad7d-4763-9a62-473367ad3a54
e091ccaa-87ea-40c9-b33d-25cbb363904d,MC,9479d7c5-70b8-40e4-8c9b-31f72289f8ba
ba8fc69d-54d7-4832-8967-cc0fd5f9461d,VISA,0c3dac89-2712-43d1-a42f-1a303d9ac4ef
d6515dd2-3cb1-40dd-b3a8-c7fcf3d02d4d,VISA,d45148fe-6e88-4e90-8266-1e297b1dd88d
ab467d53-ba81-4da2-baf1-72d13b14b314,VISA,a118ffae-53c4-46ed-8697-e36746f6ced9
cf050917-5f21-444e-b7b4-0dabed039af2,MC,4fad9156-52c7-4e17-848b-f72c02afd264
ccecd9fb-0c88-4f64-b640-5d2a6e014604,MC,17ff249f-0e94-4a12-b829-ec6d106f62fc
c26e195c-8a8a-46b2-b863-34e7a8d493d9,MC,4a756dbe-90aa-462a-9325-09c858dae46a
bf3f7c01-381d-4f05-b461-eb9ad35da009,MC,003ce49f-be76-4423-b6c3-a224cc96b279
8f205f3d-a407-4ba1-a570-67afa350eaee,VISA,197aeb38-c789-4b01-9d71-5fe42ecab537
a0b172ec-8216-4000-82e2-5abaee37b58d,AmEx,f4b2823c-9827-4f58-9a6c-bfefa8ef0949
12db52f0-8105-406f-8959-32d4f76c9a75,MC,95ffb32a-54bb-4a7d-9179-3bcd603b5340
24423fa3-8a20-4682-93ed-6e25ba910c7d,PayPal,1215e7d2-d933-4ec8-9698-f81c818cea57
70c8df5f-eacf-406a-9b99-aa75de531e27,MC,0c663020-b1c2-4a3a-b70e-fb0e787cad11
e8969b6d-8762-40a9-8074-63fe85ec057f,VISA,d4f568a4-438d-422c-a73e-4aa5528c511e
aae3d7c5-7d71-422f-9405-1b337ea09af3,MC,e70b9f3d-cfa1-4bc6-bcb9-a09436bf8518
c18b3641-e53c-4b32-bcb5-a01c20152333,VISA,d948a193-dc98-4884-a688-8ebbb5f376d9
9bde4adf-7bde-4f03-ac4f-63b3b8cd3a1a,MC,0b677011-36f3-4840-b3f6-3ed86fb1a266
b48606ed-ff9d-4d36-9501-c99179f1dddd,AmEx,bfef32ab-7c39-4707-8770-2dce6cd16673
f0971e0e-630b-4f5f-bf88-78f65fb95101,AmEx,16fe86b5-4087-4225-b896-2214d02494fb
bac40f49-fcd2-42d2-9c80-287020ae8764,MC,47249e2f-0a8f-4aef-9c0a-e8c14f1a5003
d5501548-d5dd-4f7b-9ba7-047b8b93a227,AmEx,4b60c4a4-e436-48ed-9453-cbdf81b4facb
c316720d-5fa8-4baf-bdca-d6ed04b00b01,VISA,324e79ea-9740-48ab-8f03-ece2c5d78b9d
2119dacc-3bc7-456f-978a-beaa8360df61,PayPal,9c6a0ef7-8f20-4191-b7c8-61166262e581
eeab025a-2be6-4348-92fe-9ee3d377db54,AmEx,0a849727-325c-460f-8091-7078b602a5cb
545726f2-8808-4fbc-abd2-ae3befde5145,VISA,de8af092-ea8e-45ba-90a4-af1e3cd16fc3
dfdb3cc9-5292-4cee-aea6-eb3d879f018b,MC,7aa92d12-aadc-456c-b157-8203679142a9
bdf31a42-be6d-448d-b9ad-371e5d10eafb,MC,2d262e43-b7a8-4a19-ae2d-b2d76e02b087
ec383035-6d62-4882-9a1e-58f4fde5d505,VISA,728b678e-296b-492e-ab8b-2e8f71dcebdd
61c938cf-f7bc-4236-9358-73f433706f88,AmEx,59c781ae-92cf-44b3-adb8-727905fa5276
83e29be3-1b05-4049-8f08-2df3d1b05b83,VISA,6fc491a7-75e1-4254-9be3-f2b27154d0da
b5119194-01eb-4308-bd69-4915687f2668,VISA,cd4e835c-254d-4c4e-b0a3-3b701f8b2223
d0491410-f2b4-4256-8492-32956fa9e56c,VISA,2c80767b-4a9b-43bf-b8ef-91f86de681c3
fb5b9007-27cc-4d51-8cbe-5e84cf207a14,PayPal,1555f862-5caa-40fd-8eb3-f242272e914c
d553d5b4-0755-47df-933d-5d7c10b33f6c,VISA,29887467-6f34-4a81-9c92-2146ab431630
ac674432-b3d1-4fcc-8e59-93d88925c270,VISA,c5d28b26-1ffd-4c57-a46f-545c0b25963e
b94e3507-08fb-497f-9390-4504d58ae738,AmEx,74d3992d-9b5e-4b41-8dd0-00cf902fc625
5d96da27-4a66-413f-8659-04121512e647,MC,1021d12f-3b64-4aa2-b56e-a37dcc14d66b
fa4b095c-8ce5-4c1c-90ea-9452517416cf,AmEx,e1dd6435-56e2-446b-b654-0234c9c5222b
12426713-69af-4d81-b0bf-31dde277ce05,MC,7407480b-6234-4940-b7ae-abae8f5b2a1e
c4208818-e925-4578-bcb6-6be78a54dea2,PayPal,e2a3c81d-7b7f-440a-9bc4-c7a723e81488
0c7d510b-6c35-4442-ac75-f6306d270a5d,MC,e3d2d3e3-56e2-4abb-8f63-80ff890ac4f3
4f620738-95ea-40fa-a34d-0486dbcc47e0,AmEx,c95495f1-6e8a-44f1-a0df-a4168f098bb5
a6ca5d1d-1aac-4164-9c48-53ed14fe2468,MC,c4ad58f1-b8f0-44e0-9aa9-f90b3b7266a3
6a5223bc-d6e5-439a-bb66-622c070d9a07,MC,21848d8a-1c87-4721-80c1-e0bbfa458722
bbaafd27-018b-467a-b643-e304d7cf4c20,AmEx,702804c4-cf65-493c-bb89-11a8c6e746f5
a204daed-c3b0-4862-af1e-afb0eb6d002e,VISA,3006a316-9d03-4e7a-a7eb-1fd8624815b9
f1e754bd-519a-43f8-bf36-a9893749427a,PayPal,4b7589cf-3a08-4559-9b4b-1545622b232f
28dcd217-2944-4c09-a65b-d7de13376ff6,VISA,8d09bf7e-27f0-4535-b141-5d8c6a456138
bbc7805b-462c-402f-870b-76900274be66,VISA,fdc9756c-ac91-4ce8-9208-af2c6db891a4
38ced282-c63c-4237-98b0-a79d21fd46c8,AmEx,de42437b-dd52-444f-abfb-b2dbddb7db2b
62107309-843b-49c9-a003-e8a217b0a269,MC,ecdf2e48-ab59-4162-8992-5196e319ae9c
7542f5dc-6f9d-46c8-a18b-2c035db5c761,VISA,eae3f805-697c-4366-b23e-c18d28e151d8
d80a0a70-9bb8-4abc-abbd-d3ee06cb328f,AmEx,b9d692af-cd56-402c-8e3e-bd4cd97754f7
5bd7e822-48a1-49ae-a28b-d746261e9b21,VISA,e3ae9e93-7027-4bf0-8851-5ddbab865bce
55001541-cac8-4c28-ab6a-22130e46a3bf,AmEx,189ef499-1430-43d3-bda4-00c5da9c956a
170287b9-77a6-4a01-a221-0412b3cb4bb2,AmEx,979cbba9-360e-4d41-99ec-5b74faf06a8c
4a84eb3e-1236-491f-a71c-9ee62056ab76,VISA,e68affe4-7ae2-4bb6-810f-4dcc8e938020
f6af300e-56b9-49eb-a7b2-da82907c5a77,Discover,c4676c3f-160a-45cd-ad34-978a84755a46
525ff265-780c-4af2-bf0b-e2521bbd20a4,VISA,1e09d706-d0a6-4703-a77f-867399b83398
5b561e57-f676-4fd9-b8d7-b613a50056e8,VISA,df21862a-7b32-4004-aea8-e99242ba3bc4
a836efb6-61ec-40ae-bb74-224ee2dce5b1,VISA,17591ed4-0b0f-49de-aba3-bbf4b459feb4
484ff3e4-5e72-41d1-b1de-bf1f2679bf1c,VISA,d6da0484-dfa0-467d-b3b3-143fb727092d
af05f5d1-dffe-4b7e-ac7d-7b408e23f72c,VISA,9a5cfe7f-604a-4487-8bba-388bbc9d9b0d
3d369c96-0220-4a87-9b81-5f6f0036b5e2,AmEx,32f790b1-00da-482c-9ebb-1e1c597dd03c
d69c28d6-ab7a-4ffb-a938-f5e37a7998e6,MC,83f7a7e9-ce95-49ce-8d4c-44687b09d957
11541a28-13f2-4226-aa76-18708233eb26,MC,713b3f4e-49f9-4e50-b1d4-fed41923fdf5
b4686061-2b28-4ff5-8719-d4abe1163cde,Discover,0db517b7-0eee-4646-a05d-79f4494e9c67
f7e56a19-3355-4606-8536-74179714be70,MC,b5bf8b48-6d76-45f0-8b95-ac4812393003
2183787e-ab5e-4ed5-82bc-2139fb8a4501,MC,d00690a3-6778-4360-a180-b3112362e209
e7ebffdb-02d4-4a26-9b3b-c67361b124ad,VISA,f1fe1700-627c-4c34-be7b-7cda62e21419
edfd3cc9-8aa6-44be-b538-b47e9f3a54b3,PayPal,7d27d3a8-cb45-4c19-bf35-76bb3d309852
8f9a0577-865d-4ff1-8fed-7cfb70e7d2b0,VISA,ac5118d8-3edf-4704-9aa0-d0fd53b64c10
a81aaa26-94aa-4a74-8268-291be1b53ac8,Discover,a0bfc54e-3a65-490a-836c-07b07f5cd868
e73a6631-a794-4ace-b9eb-a0322ba25b45,AmEx,1a02c441-bd44-4498-904f-2720dabd47b3
53f96aa2-e216-4010-aa13-d387b370fcb1,VISA,ca96e3c8-834b-469b-b48c-a6d7a1fb95d5
8c8c7227-a34e-4f06-af4b-70eb7bf23df8,VISA,f2c9eeef-c035-41aa-81ec-b322a022b109
2e17e58f-75a0-4a3f-aa2b-cc3ca6c11317,VISA,7b4fd246-86bd-4f51-9bfe-13d550905755
740acd3c-d46d-4657-9227-0767cc0bd9e8,PayPal,f53ae5bb-1ba1-4a94-b0cb-413247ca50b1
7b73bd9e-b85a-450a-b2f1-7cba5c552dee,Discover,adba73ec-328f-4751-8127-d457e43483fc
a0ffd3ce-3290-43ff-baa2-f828dfd3fceb,VISA,dfd0684c-9934-4d38-8c6d-d8de2a2266a2
c5652a28-7f9f-4ba3-9c8e-6a058ec8ac38,PayPal,27794e46-32c4-4bdf-8302-acf6e4a26fe5
2279095e-55f4-409b-9619-9699ba02d278,MC,aa5fd828-33e1-4159-acf0-662c29b113e3
d89131ed-6c5b-448a-bf43-48556faa3083,AmEx,090e883e-8150-4fce-ae4c-067f9b976f86
e6ccedd4-b4be-482d-9a69-b19bd0426f12,VISA,a1efd683-cc13-4dcd-87e4-f292d099021d
fa8f8d58-f6a7-4860-bc7a-08c6efeaad17,Discover,543e6afa-49ae-47e5-b0ec-fcd7aad34099
5055c261-d64a-4554-9cef-4653376b6257,MC,1e0450ae-df02-4543-85d7-b19ae82abd7e
aef8429b-621f-41d6-bd40-da357f609073,AmEx,ffedc1db-a966-4598-a611-5ff95e27954f
f25594a4-d7bf-4ed3-8db5-5a021bb58eb2,Discover,9c228ac4-8ca1-4500-a3fa-1850e7126b83
6fcb2807-be76-45b9-aada-4198dbf53ba6,AmEx,a1a594e7-dd1f-4cd1-9209-9142166e2c48
25591f48-0e21-4787-bdea-b13a3c6cd3d9,AmEx,ba34ef2d-0114-4846-992b-f8ae01f7a40f
b3c97dbe-185f-4644-a6e0-0c5e5292afed,AmEx,8f2e3d2b-4f9f-455b-bcaf-a3ee90591118
