InvoiceId,InvoiceNumber,CustomerId,CustomerAccountId,InvoiceDate,DueDate,InvoiceAmount,IsoCurrencyCode,CreatedBy
INV-31582f7b-c599-4edf-a159-b0abaf67be42,ID200000,CID-001,CA-0002,2025-06-30,2025-07-30,2893.68,USD,SampleGen
INV-51b83d94-27e7-4f39-bd49-a243c2f26094,ID200001,CID-001,CA-0002,2025-06-20,2025-07-20,2425.1,USD,SampleGen
INV-08cb49c1-6850-449b-a3f4-d1d3cc7d2c4d,ID200002,CID-001,CA-0002,2025-06-19,2025-07-19,2919.12,USD,SampleGen
INV-0a346611-dcf0-4fc1-a082-f917ea539f18,ID200003,CID-001,CA-0002,2025-07-16,2025-08-15,5329.48,USD,SampleGen
INV-b95ba895-b1a9-4fdc-bcce-2cf13f6b634e,ID200004,CID-001,CA-0002,2025-07-09,2025-08-08,1055.62,USD,SampleGen
INV-e6cdcca1-3fde-4b2d-8850-69c38b573366,ID200005,CID-001,CA-0002,2025-07-02,2025-08-01,2609.48,USD,SampleGen
INV-a46f0343-fe0a-47b5-b224-a89e3ef37f4a,ID200006,CID-001,CA-0002,2025-07-26,2025-08-25,2654.04,USD,SampleGen
INV-f441595a-60dc-40fc-b75e-a82851c62f9c,ID200007,CID-001,CA-0002,2025-08-25,2025-09-24,457.8,USD,SampleGen
INV-8d581f18-525d-4a98-a10f-f0c977c05064,ID200008,CID-001,CA-0002,2025-08-05,2025-09-04,958.12,USD,SampleGen
INV-542ed912-4e9d-47ef-a8e5-00cef133959c,ID200009,CID-001,CA-0002,2025-08-07,2025-09-06,1293.0,USD,SampleGen
INV-0688b302-6f40-4773-96d6-924454235ef8,ID200010,CID-001,CA-0002,2025-08-14,2025-09-13,2357.16,USD,SampleGen
INV-91c6365b-5ee8-4356-a3bf-baef3e937597,ID200011,CID-001,CA-0002,2025-08-04,2025-09-03,2984.74,USD,SampleGen
INV-558283c6-7238-44fd-a2cc-3bacfec04647,ID200012,CID-001,CA-0002,2025-08-20,2025-09-19,983.48,USD,SampleGen
INV-29da8c4f-d434-49d4-9aae-ae1952ad615e,ID200013,CID-001,CA-0002,2025-09-27,2025-10-27,1362.94,USD,SampleGen
INV-e48b8e09-ef68-4665-a4d6-48d2654b110d,ID200014,CID-001,CA-0002,2025-09-06,2025-10-06,353.94,USD,SampleGen
INV-659d6c61-51fb-4788-8837-7f553a86085f,ID200015,CID-001,CA-0002,2025-10-17,2025-11-16,440.86,USD,SampleGen
INV-9d84d1b1-8d1f-4340-8ac8-3f5c819781ef,ID200016,CID-001,CA-0002,2025-10-22,2025-11-21,750.34,USD,SampleGen
INV-eb4940a3-ebf0-441a-b9e2-a3d73f85e4f8,ID200017,CID-001,CA-0002,2025-11-29,2025-12-29,5655.84,USD,SampleGen
INV-23fe3ec4-b220-4b3c-8eb0-61daf30e40c5,ID200018,CID-001,CA-0002,2025-11-24,2025-12-24,915.68,USD,SampleGen
INV-cd27228d-20b8-450d-aba8-b15d0fd3935a,ID200019,CID-001,CA-0002,2025-11-23,2025-12-23,1441.4,USD,SampleGen
INV-470dbad2-d163-464f-b565-28e10e25677c,ID200020,CID-001,CA-0002,2025-12-17,2026-01-16,2577.68,USD,SampleGen
INV-48510378-db1f-491f-8c0f-b2ffbda21cdd,ID200021,CID-001,CA-0002,2025-12-22,2026-01-21,5484.16,USD,SampleGen
INV-6e17d7c0-5640-4322-94dd-30243daaf214,ID200022,CID-001,CA-0002,2025-12-15,2026-01-14,4545.08,USD,SampleGen
INV-5310cab7-8cb3-40c1-a9f4-b2fc2bc13c60,ID200023,CID-001,CA-0002,2025-12-15,2026-01-14,585.0,USD,SampleGen
INV-409fc17e-d131-4cbb-8315-a6b911f0b8c2,ID200024,CID-001,CA-0002,2025-12-21,2026-01-20,1290.96,USD,SampleGen
INV-87722f67-b821-4c75-9b5a-b86fb16cee8b,ID200025,CID-001,CA-0002,2026-01-19,2026-02-18,2111.44,USD,SampleGen
INV-3a6094e7-7356-41ca-8e4f-bf805c8d8693,ID200026,CID-001,CA-0002,2026-01-17,2026-02-16,3820.1,USD,SampleGen
INV-cbd346e2-21e7-49c0-9ec3-d96768450a8c,ID200027,CID-001,CA-0002,2026-01-15,2026-02-14,788.4,USD,SampleGen
INV-ae823934-15e5-4ea3-ae38-436739e939ea,ID200028,CID-001,CA-0002,2026-01-25,2026-02-24,195.0,USD,SampleGen
INV-93ac39e2-ec5e-4868-952b-228ed2d5c1b8,ID200029,CID-001,CA-0002,2026-01-25,2026-02-24,1191.34,USD,SampleGen
INV-686c0924-1cee-4f41-b872-41467e4a61f5,ID200030,CID-001,CA-0002,2026-02-20,2026-03-22,1611.12,USD,SampleGen
INV-a240edb4-e96e-4f40-aadf-a197401d053f,ID200031,CID-001,CA-0002,2026-03-01,2026-03-31,627.42,USD,SampleGen
INV-9a38910e-055f-4f39-ae68-eab645ee5fcc,ID200032,CID-001,CA-0002,2026-02-16,2026-03-18,2187.76,USD,SampleGen
INV-5ee645c7-2977-4db1-88f9-3c8f579f6c65,ID200033,CID-001,CA-0002,2026-02-15,2026-03-17,1721.28,USD,SampleGen
INV-82a5002c-1ef3-486d-b71a-a7655d73e963,ID200034,CID-001,CA-0002,2026-02-23,2026-03-25,811.78,USD,SampleGen
INV-c21428a2-712d-4ed9-af67-2c81dd9e6e60,ID200035,CID-001,CA-0002,2026-02-22,2026-03-24,2005.32,USD,SampleGen
INV-314b1006-2f20-484e-bf63-6a1ccdd5d097,ID200036,CID-001,CA-0002,2026-02-02,2026-03-04,1547.46,USD,SampleGen
INV-7087c446-d6c9-4bc0-8dfa-ee36b5f6c2ba,ID200037,CID-001,CA-0002,2026-02-22,2026-03-24,4933.02,USD,SampleGen
INV-c0e4097d-de5f-43bb-bb93-cefcc48367bd,ID200038,CID-001,CA-0002,2026-03-17,2026-04-16,1229.38,USD,SampleGen
INV-d338e5cd-d7fa-41ad-8153-a1a85128e62e,ID200039,CID-001,CA-0002,2026-03-24,2026-04-23,4740.1,USD,SampleGen
INV-3ef5334c-847d-4f7c-bd50-c446a4f21447,ID200040,CID-001,CA-0002,2026-03-27,2026-04-26,888.18,USD,SampleGen
INV-03efff1a-bf1f-46a2-b306-4006f265ccf0,ID200041,CID-001,CA-0002,2026-03-28,2026-04-27,2569.32,USD,SampleGen
INV-f6ff5626-1fa5-4b07-81cb-edd143c598a3,ID200042,CID-001,CA-0002,2026-03-13,2026-04-12,3137.46,USD,SampleGen
INV-068f87ad-f1cb-44c8-bd39-69a38153f93f,ID200043,CID-001,CA-0002,2026-03-25,2026-04-24,644.34,USD,SampleGen
INV-6d87512c-a7ad-470a-ade0-b10249f01b30,ID200044,CID-001,CA-0002,2026-03-25,2026-04-24,519.26,USD,SampleGen
INV-acd5531b-c22e-45ad-b81b-e38f0aac1568,ID200045,CID-001,CA-0002,2026-03-03,2026-04-02,597.64,USD,SampleGen
INV-678c7ced-9af3-4657-9fd2-8e2e2c4de43f,ID200046,CID-001,CA-0002,2026-03-28,2026-04-27,3243.38,USD,SampleGen
INV-3a659e21-bc7e-48a1-a678-fdfe890851aa,ID200047,CID-001,CA-0002,2026-03-03,2026-04-02,932.7,USD,SampleGen
INV-9510121c-ff5d-478c-8720-923224a4920f,ID200048,CID-002,CA-0004,2025-07-09,2025-08-08,1456.32,USD,SampleGen
INV-65d7ff53-5f40-42d4-b9be-48b76657391c,ID200049,CID-002,CA-0004,2025-08-03,2025-09-02,1505.02,USD,SampleGen
INV-aa565d42-ba89-4b97-9d62-a88d36cc95d1,ID200050,CID-002,CA-0004,2025-12-08,2026-01-07,3001.8,USD,SampleGen
INV-4610c992-7023-4da9-a9c6-0fee26331c04,ID200051,CID-002,CA-0004,2026-01-17,2026-02-16,292.5,USD,SampleGen
INV-ff30d7cb-97f7-49be-8831-89aee9a840a4,ID200052,CID-002,CA-0004,2026-02-08,2026-03-10,1861.18,USD,SampleGen
INV-f92e228b-0318-4153-9c8f-55add7ca35b7,ID200053,CID-002,CA-0004,2026-03-31,2026-04-30,5797.98,USD,SampleGen
INV-66df16e2-54c8-4418-964b-7d5019fbe450,ID200054,CID-003,CA-0006,2025-06-02,2025-07-02,1786.92,USD,SampleGen
INV-2ef9e886-a9a9-43ee-86c5-7d81926ee9df,ID200055,CID-003,CA-0006,2025-07-17,2025-08-16,866.88,USD,SampleGen
INV-086cf8d9-e1ce-4738-a003-74b5d0792c75,ID200056,CID-003,CA-0006,2025-07-23,2025-08-22,4157.06,USD,SampleGen
INV-e5009bf1-7c26-4815-830a-d596d0a6fe61,ID200057,CID-003,CA-0006,2025-08-02,2025-09-01,572.3,USD,SampleGen
INV-ee5d85a3-10ed-4f7d-9649-1039034eec40,ID200058,CID-003,CA-0006,2025-08-02,2025-09-01,1123.38,USD,SampleGen
INV-c18159c1-d0b1-4445-a88a-850500a757e8,ID200059,CID-003,CA-0006,2025-09-26,2025-10-26,684.58,USD,SampleGen
INV-e78f0b38-f22c-45a7-a023-a72748f9a0f0,ID200060,CID-003,CA-0006,2025-10-26,2025-11-25,1229.52,USD,SampleGen
INV-b65ad082-5256-4d09-a320-2a7b07b5aec6,ID200061,CID-003,CA-0006,2025-11-04,2025-12-04,1640.7,USD,SampleGen
INV-424e34be-9a49-497e-8422-0952c86bcc86,ID200062,CID-003,CA-0006,2025-12-24,2026-01-23,1530.48,USD,SampleGen
INV-28ac2a9e-10ff-48ac-b3bd-3005c491ad3e,ID200063,CID-003,CA-0006,2025-12-28,2026-01-27,4277.98,USD,SampleGen
INV-8ea67bf4-497d-4a1f-82bc-f7f31199f7b9,ID200064,CID-003,CA-0006,2026-01-14,2026-02-13,2043.54,USD,SampleGen
INV-23f083b4-9618-4a74-bf59-a86142a7dd9b,ID200065,CID-003,CA-0006,2026-02-22,2026-03-24,1975.68,USD,SampleGen
INV-30136982-e9a4-482b-8995-9503c7395071,ID200066,CID-003,CA-0006,2026-02-12,2026-03-14,2098.7,USD,SampleGen
INV-d0e7dd4b-2945-4253-90dd-3cbc3df1266a,ID200067,CID-003,CA-0006,2026-03-27,2026-04-26,1038.6,USD,SampleGen
INV-c3fdafa0-fe8e-45f0-b599-58c9b1596fc6,ID200068,CID-003,CA-0006,2026-03-25,2026-04-24,1812.36,USD,SampleGen
INV-abe8492b-7035-42f2-bb72-ba5dc47d941d,ID200069,CID-003,CA-0006,2026-03-18,2026-04-17,5393.08,USD,SampleGen
INV-ab1c2503-7e09-443f-bcfe-19f4b7b4c763,ID200070,CID-004,CA-0008,2025-06-26,2025-07-26,3230.64,USD,SampleGen
INV-8ef01e91-1c99-408b-993d-b484667c4c1c,ID200071,CID-004,CA-0008,2025-07-31,2025-08-30,6508.18,USD,SampleGen
INV-adc74393-2cdb-467a-a33b-42e571c16ad4,ID200072,CID-004,CA-0008,2025-08-19,2025-09-18,1148.92,USD,SampleGen
INV-ff4955f6-2510-44bf-8c00-cb956a6e1c91,ID200073,CID-004,CA-0008,2025-11-10,2025-12-10,989.94,USD,SampleGen
INV-4b674f06-b6ed-41a3-89ed-adf216d534c0,ID200074,CID-004,CA-0008,2025-12-07,2026-01-06,2365.64,USD,SampleGen
INV-bdc413c5-dbad-4b1f-82c0-049beb80f437,ID200075,CID-004,CA-0008,2026-02-03,2026-03-05,2878.86,USD,SampleGen
INV-1b8fe4d5-1637-4939-a9ae-09359afe1068,ID200076,CID-004,CA-0008,2026-03-28,2026-04-27,826.68,USD,SampleGen
INV-e28dacd2-d315-4b5f-ab6c-edfb65f8ceb0,ID200077,CID-005,CA-0010,2025-06-19,2025-07-19,1182.72,USD,SampleGen
INV-5debf2f2-9bfd-4290-bd47-34ae66a1dc95,ID200078,CID-005,CA-0010,2025-07-18,2025-08-17,661.32,USD,SampleGen
INV-49db2822-ca9a-4b8b-ab32-bf5613e710de,ID200079,CID-005,CA-0010,2025-08-07,2025-09-06,1418.16,USD,SampleGen
INV-9e59badf-6ef1-4aa3-88af-1bc4f9c05a1e,ID200080,CID-005,CA-0010,2025-08-06,2025-09-05,1034.44,USD,SampleGen
INV-56cc0e41-20fe-490e-bb93-fcbf3481e399,ID200081,CID-005,CA-0010,2025-09-13,2025-10-13,754.54,USD,SampleGen
INV-afe379fe-bf5a-4464-9dec-0c4985baafea,ID200082,CID-005,CA-0010,2025-10-23,2025-11-22,1519.84,USD,SampleGen
INV-a63209a0-c525-4df9-b432-e4361a2109dd,ID200083,CID-005,CA-0010,2025-12-13,2026-01-12,2018.12,USD,SampleGen
INV-d9348e5c-b2e9-4228-b3b1-dae3b30154d2,ID200084,CID-005,CA-0010,2025-12-14,2026-01-13,3167.14,USD,SampleGen
INV-0b25f158-6577-4c7c-bded-4dc8a150fc71,ID200085,CID-005,CA-0010,2026-01-03,2026-02-02,3900.52,USD,SampleGen
INV-baa12f99-39bf-42ce-9aa2-c8fa59797a9e,ID200086,CID-005,CA-0010,2026-02-04,2026-03-06,1441.42,USD,SampleGen
INV-479dca6d-0fa4-4825-8809-be1ae6b0cecd,ID200087,CID-005,CA-0010,2026-02-07,2026-03-09,5808.6,USD,SampleGen
INV-a2a389af-f99c-4f8a-b725-f0eda1809f41,ID200088,CID-005,CA-0010,2026-04-01,2026-05-01,758.74,USD,SampleGen
INV-39bb32e5-e8ba-4ad3-8024-07466dffa6ba,ID200089,CID-005,CA-0010,2026-04-01,2026-05-01,3010.2,USD,SampleGen
INV-9e567257-daaa-4c32-9a02-b02c8e1faab3,ID200090,CID-005,CA-0010,2026-04-01,2026-05-01,1441.46,USD,SampleGen
INV-ab847442-fc77-474e-a449-132270eb0aa7,ID200091,CID-006,CA-0012,2025-06-23,2025-07-23,2280.96,USD,SampleGen
INV-1ab58ba4-986c-4308-b52d-52795a4720e4,ID200092,CID-006,CA-0012,2025-06-21,2025-07-21,2745.1,USD,SampleGen
INV-0f27d2a7-929f-4f9f-a2fd-6a390a533456,ID200093,CID-006,CA-0012,2025-07-11,2025-08-10,767.34,USD,SampleGen
INV-0d031473-c690-4978-9b71-3097e78c12c5,ID200094,CID-006,CA-0012,2025-07-10,2025-08-09,3822.22,USD,SampleGen
INV-ac45843a-5333-4ddc-ac9d-96ba5a2d5652,ID200095,CID-006,CA-0012,2025-08-28,2025-09-27,474.76,USD,SampleGen
INV-2843ff93-3db9-4613-92cf-8065c34951aa,ID200096,CID-006,CA-0012,2025-08-26,2025-09-25,351.8,USD,SampleGen
INV-5729ba06-0483-4903-8b0f-13a0b85d0961,ID200097,CID-006,CA-0012,2025-08-16,2025-09-15,491.68,USD,SampleGen
INV-e0c33fdb-4b65-41bb-9abb-60eb9c7cba70,ID200098,CID-006,CA-0012,2025-09-24,2025-10-24,2001.12,USD,SampleGen
INV-4c06d8ee-f379-4dab-8b9f-c52f75f0223c,ID200099,CID-006,CA-0012,2025-10-09,2025-11-08,1009.0,USD,SampleGen
INV-da6243f0-0987-41a6-bbe0-daf790090d89,ID200100,CID-006,CA-0012,2025-11-28,2025-12-28,2403.9,USD,SampleGen
INV-ff2e8cac-4910-4709-a137-f18ada2aa326,ID200101,CID-006,CA-0012,2026-01-01,2026-01-31,813.98,USD,SampleGen
INV-157fed45-23ff-4006-a4d2-de57b09d6a76,ID200102,CID-006,CA-0012,2025-12-20,2026-01-19,2704.92,USD,SampleGen
INV-e4ff676c-44c4-41d7-a20c-04550ba9728e,ID200103,CID-006,CA-0012,2025-12-02,2026-01-01,2035.02,USD,SampleGen
INV-176f1df8-b797-4879-ae2b-87e6250b3a43,ID200104,CID-006,CA-0012,2026-01-06,2026-02-05,697.22,USD,SampleGen
INV-e963c331-e6c1-40e2-9a92-799d6d2a0d02,ID200105,CID-006,CA-0012,2026-01-25,2026-02-24,2611.76,USD,SampleGen
INV-f750a064-9a05-445d-b61a-4ed76f07aae6,ID200106,CID-006,CA-0012,2026-02-13,2026-03-15,1706.36,USD,SampleGen
INV-e55652d1-a550-46fc-a27f-47c01c8a6fd5,ID200107,CID-006,CA-0012,2026-02-15,2026-03-17,4820.74,USD,SampleGen
INV-b3d56516-c97f-402a-a1d8-b1e8ac64bf3d,ID200108,CID-006,CA-0012,2026-02-04,2026-03-06,5393.08,USD,SampleGen
INV-96c34606-c731-4e3e-847e-1ec2625bb5d3,ID200109,CID-006,CA-0012,2026-02-25,2026-03-27,864.72,USD,SampleGen
INV-3e47089b-4fb3-4831-88ea-9cd6f42d5153,ID200110,CID-006,CA-0012,2026-03-05,2026-04-04,2102.8,USD,SampleGen
INV-efb5e5b4-0216-46f1-81db-5dd837b5f143,ID200111,CID-006,CA-0012,2026-03-22,2026-04-21,1233.66,USD,SampleGen
INV-86ada6bf-1cec-41b5-a6ce-ce78abb621c5,ID200112,CID-006,CA-0012,2026-03-20,2026-04-19,440.86,USD,SampleGen
INV-fbad3d83-b25e-4ae0-8c8f-b1c1fb486c1f,ID200113,CID-006,CA-0012,2026-03-19,2026-04-18,767.34,USD,SampleGen
INV-592b44d5-ee28-4ebe-bb22-b1c28d7af5cc,ID200114,CID-006,CA-0012,2026-03-26,2026-04-25,3892.04,USD,SampleGen
INV-a54bbd88-bda2-4bac-b45a-149b528ae8c2,ID200115,CID-007,CA-1477,2025-07-12,2025-08-11,2141.0,USD,SampleGen
INV-5f208ca5-360b-4d9e-8bd6-4fbe6bd4cfaf,ID200116,CID-007,CA-1477,2025-12-04,2026-01-03,2904.24,USD,SampleGen
INV-fe604076-ada0-40b8-9ee9-4df2dd65ce5a,ID200117,CID-007,CA-1477,2026-01-07,2026-02-06,1481.76,USD,SampleGen
INV-a8347a81-0ae5-478a-a121-34a66f9d8097,ID200118,CID-007,CA-1477,2026-02-16,2026-03-18,1907.8,USD,SampleGen
INV-6a5d0cd9-4bd5-4641-824a-592652bcfa48,ID200119,CID-007,CA-1477,2026-03-31,2026-04-30,2628.56,USD,SampleGen
INV-bd9f1fc4-7d37-4cda-8eee-0dc6c91d40bc,ID200120,CID-008,CA-0015,2025-06-14,2025-07-14,601.98,USD,SampleGen
INV-61fd142c-3b81-4846-bc74-c0e1e0a1090e,ID200121,CID-008,CA-0015,2025-06-22,2025-07-22,1598.34,USD,SampleGen
INV-b8979c06-6be5-4a60-98b9-47e15da46b91,ID200122,CID-008,CA-0015,2025-07-14,2025-08-13,1284.56,USD,SampleGen
INV-27ceeec3-9d7f-454b-9c64-e89d33f29e11,ID200123,CID-008,CA-0015,2025-07-24,2025-08-23,1146.64,USD,SampleGen
INV-c8b18c29-edf6-4960-b271-f2b50c211d66,ID200124,CID-008,CA-0015,2025-08-10,2025-09-09,1335.44,USD,SampleGen
INV-6ca227d9-2daa-4f87-ada6-744279a3f0b8,ID200125,CID-008,CA-0015,2025-08-09,2025-09-08,2522.64,USD,SampleGen
INV-5e67ead7-37eb-4c6b-96de-ae8b890eb7cb,ID200126,CID-008,CA-0015,2025-08-25,2025-09-24,3222.2,USD,SampleGen
INV-c6649943-4226-4fbc-9c94-28577b005571,ID200127,CID-008,CA-0015,2025-09-15,2025-10-15,2073.16,USD,SampleGen
INV-93b55d49-371c-459f-919d-678b1bc2ffeb,ID200128,CID-008,CA-0015,2025-10-15,2025-11-14,2272.44,USD,SampleGen
INV-17a4d079-0b3b-423a-88cd-18d1bed7a852,ID200129,CID-008,CA-0015,2025-11-03,2025-12-03,2651.86,USD,SampleGen
INV-99a468ba-4ffb-4f3c-8c2e-0b546a7f1d68,ID200130,CID-008,CA-0015,2025-12-15,2026-01-14,2367.8,USD,SampleGen
INV-6cc7077d-87a8-4a08-be72-26debc198a3f,ID200131,CID-008,CA-0015,2025-12-05,2026-01-04,3730.92,USD,SampleGen
INV-1c8a9dfa-7610-4244-98dc-7e123ee3d745,ID200132,CID-008,CA-0015,2025-12-26,2026-01-25,1174.32,USD,SampleGen
INV-e9891224-0750-43a0-9f29-a4a8dc619781,ID200133,CID-008,CA-0015,2026-01-05,2026-02-04,5933.66,USD,SampleGen
INV-3e9d8340-3cae-431d-a0e4-6543142c7b01,ID200134,CID-008,CA-0015,2026-01-23,2026-02-22,97.5,USD,SampleGen
INV-76116fab-255e-49b9-8426-f07649917279,ID200135,CID-008,CA-0015,2026-02-04,2026-03-06,953.92,USD,SampleGen
INV-dcd35a5d-aa80-4c50-9a25-f821cbf69366,ID200136,CID-008,CA-0015,2026-02-26,2026-03-28,3807.36,USD,SampleGen
INV-2b28e0de-22ed-4c7b-b8d9-d9f2e366f665,ID200137,CID-008,CA-0015,2026-02-11,2026-03-13,3332.44,USD,SampleGen
INV-d3c17d99-c080-464e-a627-dd564496b218,ID200138,CID-008,CA-0015,2026-02-13,2026-03-15,4044.82,USD,SampleGen
INV-6579b2bb-7beb-4890-b873-80d2e795ca7d,ID200139,CID-008,CA-0015,2026-03-20,2026-04-19,635.84,USD,SampleGen
INV-d6849fe1-b51f-4e23-9f70-47dd79c4fcba,ID200140,CID-008,CA-0015,2026-03-02,2026-04-01,1547.46,USD,SampleGen
INV-96aea4cd-7ea5-4e4c-83b8-48cb27839717,ID200141,CID-008,CA-0015,2026-03-17,2026-04-16,478.96,USD,SampleGen
INV-602a0769-d5b4-4bca-91a2-c2b9b946406f,ID200142,CID-008,CA-0015,2026-03-07,2026-04-06,3442.7,USD,SampleGen
INV-cbb49257-1fb6-4f96-bf97-6766844cd84d,ID200143,CID-008,CA-0015,2026-03-16,2026-04-15,3591.04,USD,SampleGen
INV-33d9b77c-b002-47ba-8622-bbe30ed7f932,ID200144,CID-009,CA-0017,2025-06-02,2025-07-02,500.2,USD,SampleGen
INV-bb57afde-f661-4e63-a61b-0878ac827f9f,ID200145,CID-009,CA-0017,2025-08-29,2025-09-28,404.82,USD,SampleGen
INV-e08bc77a-e298-47e2-8026-655ea07092dc,ID200146,CID-009,CA-0017,2025-09-21,2025-10-21,1131.88,USD,SampleGen
INV-5e4fe54b-bbfd-4994-aef4-9e2e58953196,ID200147,CID-009,CA-0017,2025-10-05,2025-11-04,523.5,USD,SampleGen
INV-796247fa-6ebb-4c97-8d42-b8af891db91f,ID200148,CID-009,CA-0017,2025-12-13,2026-01-12,4477.24,USD,SampleGen
INV-2d6060db-3fd0-42bf-a4db-6f2d2fc49943,ID200149,CID-009,CA-0017,2026-02-12,2026-03-14,1729.78,USD,SampleGen
INV-e2f1820a-167e-42c2-b7f4-8015dfb39af4,ID200150,CID-009,CA-0017,2026-03-09,2026-04-08,1055.62,USD,SampleGen
INV-10308dcf-0db8-4cff-a69c-8cd204c212da,ID200151,CID-009,CA-0017,2026-03-16,2026-04-15,1530.4,USD,SampleGen
INV-7436eb6b-8339-41bb-9071-02453204b706,ID200152,CID-010,CA-0019,2025-06-26,2025-07-26,3497.78,USD,SampleGen
INV-953f6c48-734e-41e6-9e4f-7d9d5ed4be60,ID200153,CID-010,CA-0019,2025-06-27,2025-07-27,4532.34,USD,SampleGen
INV-336b2ede-d40b-4327-b0e9-ac95ba88aa4f,ID200154,CID-010,CA-0019,2025-07-21,2025-08-20,3962.08,USD,SampleGen
INV-f93073c4-921b-49df-b472-0f0d4a386805,ID200155,CID-010,CA-0019,2025-07-11,2025-08-10,1286.62,USD,SampleGen
INV-b8a86d2f-bc22-4753-b344-bd8d847b1b52,ID200156,CID-010,CA-0019,2025-07-24,2025-08-23,1049.18,USD,SampleGen
INV-069217ab-6192-483a-aa30-e429714525ee,ID200157,CID-010,CA-0019,2025-08-14,2025-09-13,1806.02,USD,SampleGen
INV-ee571868-9f5f-4123-961e-18ae3c75ffba,ID200158,CID-010,CA-0019,2025-08-24,2025-09-23,2471.74,USD,SampleGen
INV-715e9ea0-4488-4c5a-9a99-25b61ce0bcc5,ID200159,CID-010,CA-0019,2025-08-06,2025-09-05,498.1,USD,SampleGen
INV-3e1bf5cf-9eb3-4997-a033-307468bfa6e9,ID200160,CID-010,CA-0019,2025-08-22,2025-09-21,822.34,USD,SampleGen
INV-e8e751e8-2f6f-4a03-be53-411aa998b32f,ID200161,CID-010,CA-0019,2025-08-02,2025-09-01,3694.96,USD,SampleGen
INV-f2d45a07-7a6a-4dcb-9aca-4efcc0fda2ec,ID200162,CID-010,CA-0019,2025-09-26,2025-10-26,2092.18,USD,SampleGen
INV-074fb581-af49-4dfd-ab38-9985b60b1a8d,ID200163,CID-010,CA-0019,2025-10-17,2025-11-16,356.0,USD,SampleGen
INV-96e3f7cc-1990-4d24-a070-8fc3032d1be4,ID200164,CID-010,CA-0019,2025-11-04,2025-12-04,2556.54,USD,SampleGen
INV-3fcc5de8-52f8-4867-beea-01656a73e686,ID200165,CID-010,CA-0019,2025-11-10,2025-12-10,5002.96,USD,SampleGen
INV-5380b2f7-81dd-4d29-9a04-848976961211,ID200166,CID-010,CA-0019,2025-12-04,2026-01-03,4926.7,USD,SampleGen
INV-2886778a-142a-4eeb-9631-13569ce35de1,ID200167,CID-010,CA-0019,2025-12-30,2026-01-29,4473.04,USD,SampleGen
INV-4a853006-c4f0-4967-9560-912d22930386,ID200168,CID-010,CA-0019,2025-12-04,2026-01-03,1314.16,USD,SampleGen
INV-51e662e6-87c2-4ebe-bbd3-32b3159c3cee,ID200169,CID-010,CA-0019,2026-01-29,2026-02-28,1806.2,USD,SampleGen
INV-0cb8e162-3bd3-4bb8-8a95-fdc9cd0765bd,ID200170,CID-010,CA-0019,2026-01-06,2026-02-05,5214.98,USD,SampleGen
INV-3faac51d-f059-449f-9e5c-fe1a09d83eae,ID200171,CID-010,CA-0019,2026-01-21,2026-02-20,288.24,USD,SampleGen
INV-0ef84b90-09c8-4711-b70b-e81480c42f51,ID200172,CID-010,CA-0019,2026-02-15,2026-03-17,419.64,USD,SampleGen
INV-15c28ad7-2c08-471a-a85e-010112382c37,ID200173,CID-010,CA-0019,2026-02-09,2026-03-11,252.18,USD,SampleGen
INV-dc14ae4c-a7de-4d44-bf58-ee224f29a123,ID200174,CID-010,CA-0019,2026-02-18,2026-03-20,813.98,USD,SampleGen
INV-596364ab-71ee-4db9-ac8b-3f1d36c11151,ID200175,CID-010,CA-0019,2026-02-17,2026-03-19,1042.88,USD,SampleGen
INV-cbadf9e9-bfca-494c-9603-8a2aec0707e3,ID200176,CID-010,CA-0019,2026-02-10,2026-03-12,5469.34,USD,SampleGen
INV-0adac947-d448-43ba-a6f9-33773b0f8ec3,ID200177,CID-010,CA-0019,2026-02-02,2026-03-04,1369.22,USD,SampleGen
INV-fcd5b027-8dd1-41ce-a2a6-41da60b27054,ID200178,CID-010,CA-0019,2026-03-30,2026-04-29,1023.8,USD,SampleGen
INV-2ad65356-d8c2-4d3f-ac58-e9648c0b2668,ID200179,CID-010,CA-0019,2026-03-13,2026-04-12,2013.9,USD,SampleGen
INV-7fbde0b3-39bd-404f-babc-56d512da643c,ID200180,CID-010,CA-0019,2026-03-04,2026-04-03,852.06,USD,SampleGen
INV-ad23811f-eb1c-4819-8c8b-2f5cb44df841,ID200181,CID-010,CA-0019,2026-03-10,2026-04-09,1140.38,USD,SampleGen
INV-74b706b8-d588-4f7e-a1dd-c1242b3684eb,ID200182,CID-010,CA-0019,2026-03-21,2026-04-20,2611.76,USD,SampleGen
INV-b5c38572-67cb-4231-bc61-5964670c5ef7,ID200183,CID-010,CA-0019,2026-03-31,2026-04-30,1034.34,USD,SampleGen
INV-14f97197-035b-4c7f-b200-3256755daf21,ID200184,CID-010,CA-0019,2026-03-21,2026-04-20,5643.24,USD,SampleGen
INV-2802084b-28f4-401a-ab2a-05c2936d610e,ID200185,CID-011,CA-0021,2025-06-09,2025-07-09,877.44,USD,SampleGen
INV-1f24bc09-a1da-4dc9-b288-2717073fc106,ID200186,CID-011,CA-0021,2025-07-27,2025-08-26,1008.98,USD,SampleGen
INV-ec61f4b0-a0a7-4659-bbbb-3043a9079a7f,ID200187,CID-011,CA-0021,2025-08-24,2025-09-23,1331.2,USD,SampleGen
INV-d656ac58-b77f-4c3c-b78d-7469ffa3f876,ID200188,CID-011,CA-0021,2025-12-23,2026-01-22,1753.06,USD,SampleGen
INV-efd87d30-f734-45fd-85fc-d72c43b68f1e,ID200189,CID-011,CA-0021,2026-01-13,2026-02-12,1327.0,USD,SampleGen
INV-bf8c3cca-2a60-4c3f-811c-125cc7ee60a3,ID200190,CID-011,CA-0021,2026-02-05,2026-03-07,1776.34,USD,SampleGen
INV-afcece1e-850d-48f5-8bd1-6c6c9d606a16,ID200191,CID-011,CA-0021,2026-02-22,2026-03-24,830.9,USD,SampleGen
INV-13f93113-4a50-4cd2-9b79-5469377c0fd1,ID200192,CID-011,CA-0021,2026-03-08,2026-04-07,3510.44,USD,SampleGen
INV-cfe459bf-6e74-4c3b-8600-06a046d6c23c,ID200193,CID-011,CA-0021,2026-03-07,2026-04-06,1543.18,USD,SampleGen
INV-e2978a6d-7ecd-4466-add1-83e6dcf2ec94,ID200194,CID-012,CA-0023,2025-08-23,2025-09-22,269.1,USD,SampleGen
INV-574dd590-f7b2-4479-8f6c-6b42259075aa,ID200195,CID-012,CA-0023,2025-10-09,2025-11-08,508.64,USD,SampleGen
INV-7b6d7b00-cd36-42b1-bc7a-8fb9a1d2b8b4,ID200196,CID-012,CA-0023,2025-12-17,2026-01-16,4807.96,USD,SampleGen
INV-4a6e250b-3b31-4d2c-b051-4b4802c7b4fe,ID200197,CID-012,CA-0023,2026-01-11,2026-02-10,5365.44,USD,SampleGen
INV-c80c830a-619f-48bc-8fe8-318500515373,ID200198,CID-012,CA-0023,2026-02-12,2026-03-14,1203.92,USD,SampleGen
INV-baa6b276-1d0a-43e6-bdae-b76014bc62b2,ID200199,CID-012,CA-0023,2026-03-18,2026-04-17,334.84,USD,SampleGen
INV-dba68543-d31c-4dc5-b4ac-6752761213be,ID200200,CID-013,CA-0025,2025-06-03,2025-07-03,2590.38,USD,SampleGen
INV-d906a259-745c-4836-a5a5-d97cb9774af0,ID200201,CID-013,CA-0025,2025-06-04,2025-07-04,3016.6,USD,SampleGen
INV-f16f658c-9c67-4f10-809d-41ea20a72353,ID200202,CID-013,CA-0025,2025-07-20,2025-08-19,455.66,USD,SampleGen
INV-1ed07517-4e04-4700-984d-100f8406cc07,ID200203,CID-013,CA-0025,2025-07-13,2025-08-12,1172.08,USD,SampleGen
INV-fe46980b-e7a4-431a-b68a-2dd4dc1a0c1d,ID200204,CID-013,CA-0025,2025-07-21,2025-08-20,4286.48,USD,SampleGen
INV-2aa22680-9a0f-442c-829a-4d754643680c,ID200205,CID-013,CA-0025,2025-08-26,2025-09-25,3090.86,USD,SampleGen
INV-425fc7b5-69db-4605-9f8e-d8d2cf34eebf,ID200206,CID-013,CA-0025,2025-08-09,2025-09-08,5679.18,USD,SampleGen
INV-3daf9128-7c02-4d72-870d-1c986b9b6d72,ID200207,CID-013,CA-0025,2025-08-08,2025-09-07,3294.3,USD,SampleGen
INV-50d3fde3-edf6-40d2-aca4-a17334b12c38,ID200208,CID-013,CA-0025,2025-08-18,2025-09-17,1717.08,USD,SampleGen
INV-24d0e458-4597-479b-b706-a6b1d87f79fe,ID200209,CID-013,CA-0025,2025-09-07,2025-10-07,1167.94,USD,SampleGen
INV-4f76e1a1-119a-4fc6-a010-85e6895947ff,ID200210,CID-013,CA-0025,2025-10-28,2025-11-27,1640.72,USD,SampleGen
INV-2dca3b20-74a3-49e7-9e6f-e2ed637f09f5,ID200211,CID-013,CA-0025,2025-10-18,2025-11-17,3048.42,USD,SampleGen
INV-404de232-35e4-4dba-930a-e72d343df870,ID200212,CID-013,CA-0025,2025-11-24,2025-12-24,2882.92,USD,SampleGen
INV-455cceb8-a779-46f2-bbc9-11d57073a758,ID200213,CID-013,CA-0025,2025-12-07,2026-01-06,9934.1,USD,SampleGen
INV-06bb4cdd-dd0c-4205-9624-71e516e855a2,ID200214,CID-013,CA-0025,2025-12-05,2026-01-04,2077.38,USD,SampleGen
INV-4d10c6f5-f649-4d0e-a979-dfb09ee33755,ID200215,CID-013,CA-0025,2025-12-02,2026-01-01,674.06,USD,SampleGen
INV-66f6d6d3-745b-43f8-8480-310ce5c11d2e,ID200216,CID-013,CA-0025,2026-01-30,2026-03-01,144.14,USD,SampleGen
INV-060bd465-c0fc-46bc-a9c1-c6550dcf95df,ID200217,CID-013,CA-0025,2026-02-01,2026-03-03,3275.24,USD,SampleGen
INV-494c4681-d7cf-403f-a7b7-7713bc97e4d8,ID200218,CID-013,CA-0025,2026-02-10,2026-03-12,3209.46,USD,SampleGen
INV-7ec76206-15ca-40d1-a606-4ea129ae0a59,ID200219,CID-013,CA-0025,2026-02-20,2026-03-22,674.06,USD,SampleGen
INV-1090968b-bc46-45ea-bf52-0dfc75f315c3,ID200220,CID-013,CA-0025,2026-02-19,2026-03-21,6533.62,USD,SampleGen
INV-8e60e341-50d7-4cf6-96e5-e2a693a251e6,ID200221,CID-013,CA-0025,2026-02-05,2026-03-07,5713.14,USD,SampleGen
INV-4dd28b70-b801-49bf-bc1b-3924ade7f48b,ID200222,CID-013,CA-0025,2026-03-27,2026-04-26,2395.36,USD,SampleGen
INV-a777309f-e794-4143-9cb0-86a9363f35f4,ID200223,CID-013,CA-0025,2026-03-22,2026-04-21,381.48,USD,SampleGen
INV-50bebff0-928d-4ce1-8185-a60d1e262aac,ID200224,CID-013,CA-0025,2026-03-12,2026-04-11,2794.06,USD,SampleGen
INV-71a1e7c2-9148-4aeb-b808-f89b675b1aa6,ID200225,CID-013,CA-0025,2026-03-30,2026-04-29,5011.48,USD,SampleGen
INV-30968d56-df11-4081-8caa-1490d1b50b70,ID200226,CID-013,CA-0025,2026-03-16,2026-04-15,610.42,USD,SampleGen
INV-7af9d1f8-71f7-4a1d-8a3d-1fa5e47bef00,ID200227,CID-014,CA-0027,2025-06-12,2025-07-12,911.52,USD,SampleGen
INV-269a0418-21ad-45d5-b3cb-3bcde7344877,ID200228,CID-014,CA-0027,2025-07-28,2025-08-27,4114.72,USD,SampleGen
INV-a2e00005-f085-4372-9af1-5086f707e96d,ID200229,CID-014,CA-0027,2025-08-26,2025-09-25,4070.16,USD,SampleGen
INV-2a8cb407-aa20-49c3-b3a3-a44c7c0ce8e0,ID200230,CID-014,CA-0027,2025-09-30,2025-10-30,1466.94,USD,SampleGen
INV-38776b57-fc44-430b-9095-2c0e28835821,ID200231,CID-014,CA-0027,2025-10-30,2025-11-29,4133.84,USD,SampleGen
INV-c9e8f462-2323-4f39-9202-c93f8fa133b0,ID200232,CID-014,CA-0027,2025-12-04,2026-01-03,2687.92,USD,SampleGen
INV-d2931885-96ad-4775-8cea-87ad040d25af,ID200233,CID-014,CA-0027,2026-01-23,2026-02-22,903.1,USD,SampleGen
INV-a5f32cd6-d0c8-48a5-8a75-baaa3552d9ee,ID200234,CID-014,CA-0027,2026-02-06,2026-03-08,5433.34,USD,SampleGen
INV-cbcfd1b7-e8ef-440e-93fa-0639f012413e,ID200235,CID-014,CA-0027,2026-02-21,2026-03-23,1725.46,USD,SampleGen
INV-dde721a7-01af-4c70-b45b-babf5683ab1d,ID200236,CID-014,CA-0027,2026-03-10,2026-04-09,2083.74,USD,SampleGen
INV-1c252b27-2ddb-48f7-80ab-2d971c92c6bd,ID200237,CID-014,CA-0027,2026-04-01,2026-05-01,826.6,USD,SampleGen
INV-2f73045d-b803-42c2-87ab-313f9698a4d4,ID200238,CID-015,CA-0029,2025-06-16,2025-07-16,599.82,USD,SampleGen
INV-2266c991-4034-4b0c-ab5a-7c639d92f847,ID200239,CID-015,CA-0029,2025-07-02,2025-08-01,1534.68,USD,SampleGen
INV-f678e237-2f72-408c-919d-0177e1688053,ID200240,CID-015,CA-0029,2025-08-03,2025-09-02,2545.86,USD,SampleGen
INV-23e45d9a-0971-4540-84e8-8b95a768bb62,ID200241,CID-015,CA-0029,2025-08-17,2025-09-16,529.88,USD,SampleGen
INV-81d8caa5-ecff-4d66-b8b7-6b44859a2949,ID200242,CID-015,CA-0029,2025-09-29,2025-10-29,703.7,USD,SampleGen
INV-1e5fa50f-0fff-4823-838f-d2be9f8d0559,ID200243,CID-015,CA-0029,2025-10-29,2025-11-28,809.72,USD,SampleGen
INV-773694ba-a55f-4e68-8d54-69b3500f2ca7,ID200244,CID-015,CA-0029,2025-11-17,2025-12-17,816.0,USD,SampleGen
INV-f663c040-04ff-4f68-9f27-1c054b2e7d31,ID200245,CID-015,CA-0029,2025-12-21,2026-01-20,4668.02,USD,SampleGen
INV-dd7974e6-c6ba-49c9-9cff-edd08cd42e0f,ID200246,CID-015,CA-0029,2025-12-20,2026-01-19,2950.8,USD,SampleGen
INV-06d910fb-329e-4aa3-88e4-c18c17f898ec,ID200247,CID-015,CA-0029,2026-01-23,2026-02-22,400.6,USD,SampleGen
INV-bf79a7f6-4ced-4eef-a20c-83b54ebdc566,ID200248,CID-015,CA-0029,2026-02-15,2026-03-17,2751.52,USD,SampleGen
INV-8cec0665-66c8-4451-841a-e41b932da12e,ID200249,CID-015,CA-0029,2026-02-09,2026-03-11,661.26,USD,SampleGen
INV-98c40ced-e841-41bc-a40a-0792d90e0603,ID200250,CID-015,CA-0029,2026-03-29,2026-04-28,4375.52,USD,SampleGen
INV-4bc86351-922d-4637-b201-df2883a70f9a,ID200251,CID-016,CA-0031,2025-06-11,2025-07-11,447.22,USD,SampleGen
INV-d50dcffc-9bf9-425c-a032-3b01b8d74733,ID200252,CID-016,CA-0031,2025-07-23,2025-08-22,2480.18,USD,SampleGen
INV-01146c44-1109-48d5-a1df-d2e382e1d3ad,ID200253,CID-016,CA-0031,2025-08-30,2025-09-29,4263.1,USD,SampleGen
INV-dbc76649-3037-4a76-af96-706e18d914da,ID200254,CID-016,CA-0031,2025-09-22,2025-10-22,5236.14,USD,SampleGen
INV-8c9cd743-0802-474b-b4e0-8231cb210592,ID200255,CID-016,CA-0031,2025-10-15,2025-11-14,972.94,USD,SampleGen
INV-c302db08-01e3-40e7-86c7-985d140f7173,ID200256,CID-016,CA-0031,2025-12-21,2026-01-20,3048.3,USD,SampleGen
INV-f553fd6e-5f84-4c77-a307-a551fb035a69,ID200257,CID-016,CA-0031,2026-01-24,2026-02-23,612.6,USD,SampleGen
INV-d14e7250-daec-463b-8fe5-fa20e808a5e3,ID200258,CID-016,CA-0031,2026-02-10,2026-03-12,2136.8,USD,SampleGen
INV-3662ea58-0e73-4717-8fb4-b26d68bad5e3,ID200259,CID-016,CA-0031,2026-03-24,2026-04-23,2117.68,USD,SampleGen
INV-3546e427-c8ce-4919-bb6e-6db1795998ea,ID200260,CID-016,CA-0031,2026-03-29,2026-04-28,3947.24,USD,SampleGen
INV-d1a1a57d-23a1-407d-b19c-b8c882d50f7a,ID200261,CID-017,CA-0033,2025-06-22,2025-07-22,2283.08,USD,SampleGen
INV-c9356bb6-14c4-49f0-8de5-292edc75628e,ID200262,CID-017,CA-0033,2025-06-29,2025-07-29,822.3,USD,SampleGen
INV-3053cffb-7efa-4c1d-9b56-8a3ca38eb8a2,ID200263,CID-017,CA-0033,2025-07-13,2025-08-12,2107.08,USD,SampleGen
INV-52eb8575-6652-4d1c-ab9b-8d9c335ef009,ID200264,CID-017,CA-0033,2025-07-31,2025-08-30,833.0,USD,SampleGen
INV-e61b6cf7-47fb-4a62-86d2-eb410d09e097,ID200265,CID-017,CA-0033,2025-09-01,2025-10-01,1494.38,USD,SampleGen
INV-cf71f65e-90ef-4a9f-84e8-662ef4379519,ID200266,CID-017,CA-0033,2025-08-17,2025-09-16,421.74,USD,SampleGen
INV-7efd684d-277f-48cb-80e9-bf29ef3abd54,ID200267,CID-017,CA-0033,2025-08-02,2025-09-01,727.0,USD,SampleGen
INV-d993b026-7790-4578-9c1f-24dfa02099d3,ID200268,CID-017,CA-0033,2025-08-23,2025-09-22,455.66,USD,SampleGen
INV-7073dc68-4eb6-4030-b644-86219de17125,ID200269,CID-017,CA-0033,2025-09-19,2025-10-19,3697.16,USD,SampleGen
INV-fb7eedc9-1f39-43a1-83b0-4b54d1c36ef8,ID200270,CID-017,CA-0033,2025-10-07,2025-11-06,919.9,USD,SampleGen
INV-42a2c75a-0755-4ffa-8f4c-d356655ccdcb,ID200271,CID-017,CA-0033,2025-11-04,2025-12-04,1276.04,USD,SampleGen
INV-ef4d4069-a342-4e7f-8d7c-632fabe6b68c,ID200272,CID-017,CA-0033,2025-12-01,2025-12-31,2569.32,USD,SampleGen
INV-7fc89a00-e9a6-47ee-a2be-f28f3935b83c,ID200273,CID-017,CA-0033,2025-12-24,2026-01-23,1140.46,USD,SampleGen
INV-ed7b7ab6-201f-4173-a893-944409e2ae78,ID200274,CID-017,CA-0033,2025-12-30,2026-01-29,3688.52,USD,SampleGen
INV-8b1b8a58-f601-4749-93fd-bfe5650f3a7b,ID200275,CID-017,CA-0033,2025-12-26,2026-01-25,2959.34,USD,SampleGen
INV-238b99d0-4f44-4f61-9a83-ecbed4aa1d73,ID200276,CID-017,CA-0033,2025-12-29,2026-01-28,1212.48,USD,SampleGen
INV-c1fa011f-dbf8-4ad5-bd83-9f790f47d2e3,ID200277,CID-017,CA-0033,2026-01-02,2026-02-01,4672.24,USD,SampleGen
INV-07a08322-a8ac-42b4-82fd-08df564f43db,ID200278,CID-017,CA-0033,2026-01-20,2026-02-19,432.36,USD,SampleGen
INV-c3fe86bc-3223-4690-91c8-42e935ed6284,ID200279,CID-017,CA-0033,2026-01-18,2026-02-17,1180.7,USD,SampleGen
INV-7f438c4c-f0c0-4e33-91da-02aa061fae0f,ID200280,CID-017,CA-0033,2026-02-27,2026-03-29,5043.28,USD,SampleGen
INV-1d04f393-a9b6-40f9-a9e6-55c9db7872ce,ID200281,CID-017,CA-0033,2026-02-22,2026-03-24,2062.54,USD,SampleGen
INV-b38a76e5-e57a-4221-927e-901b78cc7a46,ID200282,CID-017,CA-0033,2026-02-18,2026-03-20,483.28,USD,SampleGen
INV-96033eb2-c1e2-4683-adc3-1ecc3feae2ad,ID200283,CID-017,CA-0033,2026-02-09,2026-03-11,2246.96,USD,SampleGen
INV-604851b3-d195-488a-80ce-5cf87fcf2d6b,ID200284,CID-017,CA-0033,2026-02-02,2026-03-04,214.02,USD,SampleGen
INV-b3fe3d0b-8062-46be-94cc-3204a352db27,ID200285,CID-017,CA-0033,2026-03-21,2026-04-20,5113.24,USD,SampleGen
INV-b9dd3564-5082-45cf-bc42-ffbf3542cc8d,ID200286,CID-017,CA-0033,2026-03-19,2026-04-18,294.54,USD,SampleGen
INV-692d2a42-bad3-4f67-a8a3-a49099f4452f,ID200287,CID-017,CA-0033,2026-03-12,2026-04-11,288.24,USD,SampleGen
INV-2f33ae2c-f0f9-49c2-bf1b-fb5c411c356d,ID200288,CID-017,CA-0033,2026-03-22,2026-04-21,1153.12,USD,SampleGen
INV-d0b553ba-ef2e-4fe6-9e52-3d76c0440ef9,ID200289,CID-017,CA-0033,2026-03-21,2026-04-20,428.12,USD,SampleGen
INV-d572ac88-ea67-4477-b027-e5d83ce6e58f,ID200290,CID-017,CA-0033,2026-03-14,2026-04-13,2577.76,USD,SampleGen
INV-0ef91e8a-272b-4bb9-b1d0-d4338ed350df,ID200291,CID-018,CA-1478,2025-06-04,2025-07-04,5916.7,USD,SampleGen
INV-fc3c470f-237d-4ad5-b6cb-601cd4c6e1ce,ID200292,CID-018,CA-1478,2025-06-29,2025-07-29,1195.36,USD,SampleGen
INV-132c9f66-b0a0-40b8-8edf-c8762f9a2322,ID200293,CID-018,CA-1478,2025-07-27,2025-08-26,1254.84,USD,SampleGen
INV-ce914e60-8432-4195-96ab-3c1b3653dbd3,ID200294,CID-018,CA-1478,2025-07-19,2025-08-18,2412.32,USD,SampleGen
INV-ecadd0ea-decd-45df-a8bb-20d0bf93ce2d,ID200295,CID-018,CA-1478,2025-08-19,2025-09-18,809.66,USD,SampleGen
INV-4a607cfb-0522-4f6c-a92f-16e343a0046c,ID200296,CID-018,CA-1478,2025-08-23,2025-09-22,1140.34,USD,SampleGen
INV-d9ba9e37-3fce-4361-a8cc-6b5c0be7e1b7,ID200297,CID-018,CA-1478,2025-08-22,2025-09-21,1015.38,USD,SampleGen
INV-cc7c5ecb-3297-44aa-bd37-b5af0eedca03,ID200298,CID-018,CA-1478,2025-09-19,2025-10-19,1000.56,USD,SampleGen
INV-38fe74b0-bc4e-4a16-b98f-07f97d456772,ID200299,CID-018,CA-1478,2025-10-21,2025-11-20,1551.7,USD,SampleGen
INV-a6102ea3-e37e-465b-8326-4cf1a662eaad,ID200300,CID-018,CA-1478,2025-11-05,2025-12-05,958.02,USD,SampleGen
INV-dd79c6c7-4241-41c3-851b-cd7d4142f8a1,ID200301,CID-018,CA-1478,2025-12-26,2026-01-25,1856.96,USD,SampleGen
INV-bab9ecea-41f0-4c2c-b754-9cbb4c9c6d29,ID200302,CID-018,CA-1478,2025-12-17,2026-01-16,597.58,USD,SampleGen
INV-2ebb1fa5-5370-4f4e-a75b-65a7e27893ed,ID200303,CID-018,CA-1478,2025-12-27,2026-01-26,2815.26,USD,SampleGen
INV-90289b1c-90ea-4cd5-90ce-67d2295e77a4,ID200304,CID-018,CA-1478,2026-01-08,2026-02-07,4307.56,USD,SampleGen
INV-578fb4b2-80ea-42e7-91df-945d4bfd98bb,ID200305,CID-018,CA-1478,2026-01-27,2026-02-26,122.92,USD,SampleGen
INV-94736b08-c09a-42df-a58b-6b8d0b17ba2a,ID200306,CID-018,CA-1478,2026-02-10,2026-03-12,1589.74,USD,SampleGen
INV-2629e70e-51da-401d-a7f9-3f3ab462f10c,ID200307,CID-018,CA-1478,2026-02-10,2026-03-12,4366.96,USD,SampleGen
INV-f094566f-52cf-4bab-b6ae-dae32147c990,ID200308,CID-018,CA-1478,2026-02-10,2026-03-12,476.88,USD,SampleGen
INV-9b658382-9961-4038-8f9c-0ded1ea8a667,ID200309,CID-018,CA-1478,2026-03-16,2026-04-15,1579.24,USD,SampleGen
INV-cfaeb7f5-f26d-45ad-b472-77a4eee8abae,ID200310,CID-018,CA-1478,2026-03-14,2026-04-13,3478.68,USD,SampleGen
INV-35619fe0-b514-40f7-9e93-0714310d9337,ID200311,CID-018,CA-1478,2026-03-12,2026-04-11,5501.16,USD,SampleGen
INV-9db4278d-f83c-47ce-afea-59455cd0995a,ID200312,CID-018,CA-1478,2026-03-26,2026-04-25,309.42,USD,SampleGen
INV-4f6bc419-603d-4c87-adae-8a27533972a5,ID200313,CID-018,CA-1478,2026-03-12,2026-04-11,1409.62,USD,SampleGen
INV-7757ada4-df8a-4a89-9607-6012fbc7baca,ID200314,CID-019,CA-1479,2025-06-02,2025-07-02,434.46,USD,SampleGen
INV-82062b09-ff53-4081-82d3-44558b2f7581,ID200315,CID-019,CA-1479,2025-06-13,2025-07-13,3684.34,USD,SampleGen
INV-a2305136-fae2-4517-8840-9762a515d960,ID200316,CID-019,CA-1479,2025-07-03,2025-08-02,3099.16,USD,SampleGen
INV-82b122db-ba00-439f-a67c-2db5deed80b5,ID200317,CID-019,CA-1479,2025-07-21,2025-08-20,2420.86,USD,SampleGen
INV-913c8643-cf12-4618-aa9c-76079247b5e7,ID200318,CID-019,CA-1479,2025-08-19,2025-09-18,2183.46,USD,SampleGen
INV-12df55f9-3dd3-4739-b93a-d9834c289521,ID200319,CID-019,CA-1479,2025-08-16,2025-09-15,2921.22,USD,SampleGen
INV-1d941aa0-3eae-4ede-9abf-888019f1d9e4,ID200320,CID-019,CA-1479,2025-08-10,2025-09-09,1449.78,USD,SampleGen
INV-1d0593d0-dacb-47c0-8d8d-580b2732247f,ID200321,CID-019,CA-1479,2025-09-25,2025-10-25,3128.94,USD,SampleGen
INV-6527d7ec-0837-4ae3-a96e-0602e2331d31,ID200322,CID-019,CA-1479,2025-10-20,2025-11-19,3909.12,USD,SampleGen
INV-c742968a-0547-47ca-bc84-250f00c4f0d9,ID200323,CID-019,CA-1479,2025-12-01,2025-12-31,1229.45,USD,SampleGen
INV-775043dd-cb40-452f-b725-5950f4b147bb,ID200324,CID-019,CA-1479,2025-12-07,2026-01-06,3343.02,USD,SampleGen
INV-e0e32508-43b8-4d4e-bd9d-db0c6a8d1013,ID200325,CID-019,CA-1479,2025-12-31,2026-01-30,1988.42,USD,SampleGen
INV-e819f58f-6bb6-4469-a2af-922e8193c5f9,ID200326,CID-019,CA-1479,2026-01-09,2026-02-08,3383.36,USD,SampleGen
INV-2800ef3b-9f84-4ae0-bac7-37a3b541a59a,ID200327,CID-019,CA-1479,2026-01-31,2026-03-02,2779.24,USD,SampleGen
INV-4d4ecf67-fa3b-4b90-bba3-69ebb3437492,ID200328,CID-019,CA-1479,2026-02-23,2026-03-25,858.44,USD,SampleGen
INV-85d51cee-c153-4b13-b003-d32b329ed3d9,ID200329,CID-019,CA-1479,2026-02-13,2026-03-15,279.76,USD,SampleGen
INV-11309e11-415e-4d12-ae9d-2c916482f1fe,ID200330,CID-019,CA-1479,2026-02-24,2026-03-26,805.42,USD,SampleGen
INV-a38501ac-a9fa-4733-b54c-f13fc8199a4a,ID200331,CID-019,CA-1479,2026-02-21,2026-03-23,7364.68,USD,SampleGen
INV-dfa81177-8bbb-49d2-a576-058d9194bdb9,ID200332,CID-019,CA-1479,2026-03-11,2026-04-10,1042.88,USD,SampleGen
INV-53f5e8a0-b07d-4986-bcc8-c45420ef3cba,ID200333,CID-019,CA-1479,2026-03-25,2026-04-24,288.24,USD,SampleGen
INV-ac962689-7479-4c6a-96ab-d1ffb8226200,ID200334,CID-019,CA-1479,2026-03-13,2026-04-12,3073.82,USD,SampleGen
INV-2598ea44-1e29-4526-802a-0837992a607c,ID200335,CID-019,CA-1479,2026-03-27,2026-04-26,3684.42,USD,SampleGen
INV-efc789ce-d461-4608-9d12-1ae39b864394,ID200336,CID-019,CA-1479,2026-03-07,2026-04-06,979.2,USD,SampleGen
INV-0b466bc5-d500-4c72-b46e-b6faaf65bf41,ID200337,CID-020,CA-0037,2025-06-23,2025-07-23,5418.52,USD,SampleGen
INV-79d8f2d9-02cc-47dd-82aa-de50630f74af,ID200338,CID-020,CA-0037,2025-06-15,2025-07-15,2859.66,USD,SampleGen
INV-65e71632-a87b-48a7-8e27-501f2ea1c343,ID200339,CID-020,CA-0037,2025-07-06,2025-08-05,1477.44,USD,SampleGen
INV-bda1a410-a36c-46a7-829e-6656f2051272,ID200340,CID-020,CA-0037,2025-07-04,2025-08-03,1110.7,USD,SampleGen
INV-f39b78f2-a969-4ee5-a397-a4865cdef35d,ID200341,CID-020,CA-0037,2025-08-17,2025-09-16,540.5,USD,SampleGen
INV-895c4f5b-c72d-49d6-914f-5b77cfa5f216,ID200342,CID-020,CA-0037,2025-09-01,2025-10-01,2416.68,USD,SampleGen
INV-f0a87577-23bb-41d3-9922-11c62e9144d2,ID200343,CID-020,CA-0037,2025-08-23,2025-09-22,1432.96,USD,SampleGen
INV-0c4f9a58-4178-4dde-a6c9-5cd40e29858e,ID200344,CID-020,CA-0037,2025-09-25,2025-10-25,2582.0,USD,SampleGen
INV-98d952dd-e22a-4cb4-880b-4efc4baa6d57,ID200345,CID-020,CA-0037,2025-10-25,2025-11-24,1954.46,USD,SampleGen
INV-83cdcc2c-4922-4975-b58c-cf1988c69aae,ID200346,CID-020,CA-0037,2025-11-03,2025-12-03,3001.8,USD,SampleGen
INV-34cfc08c-b5fd-43f0-9a44-02a471d83d97,ID200347,CID-020,CA-0037,2025-12-28,2026-01-27,3993.96,USD,SampleGen
INV-1c3543ef-2cb2-4b54-9b40-8527b3937ef6,ID200348,CID-020,CA-0037,2025-12-21,2026-01-20,425.96,USD,SampleGen
INV-2e673e06-a1fc-47ca-80e3-97e2b651c188,ID200349,CID-020,CA-0037,2025-12-22,2026-01-21,1398.98,USD,SampleGen
INV-62a9f2e8-0ffb-47ce-a168-184c9399a220,ID200350,CID-020,CA-0037,2026-01-19,2026-02-18,82.62,USD,SampleGen
INV-cb6f3164-5cc9-43f1-aa4a-0910efc01db5,ID200351,CID-020,CA-0037,2026-01-11,2026-02-10,1572.9,USD,SampleGen
INV-ecfcd763-df78-4e63-a8fe-0d18280229a0,ID200352,CID-020,CA-0037,2026-02-11,2026-03-13,5015.74,USD,SampleGen
INV-a213a6eb-70e4-4d86-9bd3-1ac0309eaab0,ID200353,CID-020,CA-0037,2026-02-14,2026-03-16,5859.46,USD,SampleGen
INV-f871b16e-be94-4d08-bae6-6a0c608b8c2e,ID200354,CID-020,CA-0037,2026-02-14,2026-03-16,2005.26,USD,SampleGen
INV-cf7781ed-54aa-4119-a0d9-8650d1c7c088,ID200355,CID-020,CA-0037,2026-02-20,2026-03-22,1138.24,USD,SampleGen
INV-b31b4b89-273a-4c38-bb16-a9e8a244c173,ID200356,CID-020,CA-0037,2026-03-31,2026-04-30,1844.28,USD,SampleGen
INV-caf411bd-5f9c-4f25-8ac1-6eb64ad9c845,ID200357,CID-020,CA-0037,2026-03-17,2026-04-16,1712.74,USD,SampleGen
INV-e644bb50-88f4-4eab-8835-bafe00d17960,ID200358,CID-020,CA-0037,2026-03-22,2026-04-21,5032.6,USD,SampleGen
INV-c92571bd-a3f4-4987-b8ba-4b21b3dd1ab1,ID200359,CID-020,CA-0037,2026-03-24,2026-04-23,3951.52,USD,SampleGen
INV-a1360368-3273-4dbf-8ff3-f58080772b00,ID200360,CID-020,CA-0037,2026-03-19,2026-04-18,716.44,USD,SampleGen
INV-1a6e9391-76a2-4c85-ab4f-420a5d500358,ID200361,CID-021,CA-0039,2025-06-25,2025-07-25,1540.98,USD,SampleGen
INV-f0b74610-1d8f-4cc7-81f6-32a07872588b,ID200362,CID-021,CA-0039,2025-08-01,2025-08-31,402.66,USD,SampleGen
INV-42c7feb7-facb-436c-908a-6d0c4049373d,ID200363,CID-021,CA-0039,2025-07-23,2025-08-22,1765.74,USD,SampleGen
INV-4ccf234c-a04e-4764-8e58-6314afe85b8e,ID200364,CID-021,CA-0039,2025-08-03,2025-09-02,964.34,USD,SampleGen
INV-5425b3b8-3e78-470b-bd9b-ec56b3291a71,ID200365,CID-021,CA-0039,2025-08-18,2025-09-17,879.62,USD,SampleGen
INV-c7410809-77fe-4b8e-9c97-527f1fa716f1,ID200366,CID-021,CA-0039,2025-09-02,2025-10-02,1992.62,USD,SampleGen
INV-a7ffa0cf-4bd5-4ffd-a1d8-0f9ee717bab5,ID200367,CID-021,CA-0039,2025-10-13,2025-11-12,746.12,USD,SampleGen
INV-b85a1ce1-9109-4908-b420-febccbe0cc84,ID200368,CID-021,CA-0039,2025-11-15,2025-12-15,4405.22,USD,SampleGen
INV-beb0ab67-c981-4cbc-bb49-b05a373aab84,ID200369,CID-021,CA-0039,2025-12-06,2026-01-05,561.62,USD,SampleGen
INV-1543d457-3940-4602-89d5-e287c9e255ef,ID200370,CID-021,CA-0039,2025-12-27,2026-01-26,267.02,USD,SampleGen
INV-eed7fb51-2cf3-4606-bddd-a1681ad92aba,ID200371,CID-021,CA-0039,2025-12-03,2026-01-02,4417.96,USD,SampleGen
INV-f9580d09-7666-404d-8343-8f284fddfc33,ID200372,CID-021,CA-0039,2026-01-22,2026-02-21,1394.86,USD,SampleGen
INV-6a8a4aee-b210-4184-b785-3861bf59242a,ID200373,CID-021,CA-0039,2026-01-22,2026-02-21,82.62,USD,SampleGen
INV-7d1aa999-6b3a-4bbf-81e0-f4eaf75a8888,ID200374,CID-021,CA-0039,2026-02-23,2026-03-25,2128.26,USD,SampleGen
INV-067e4ba9-e62f-4674-8fd5-892f020f6a55,ID200375,CID-021,CA-0039,2026-02-19,2026-03-21,2204.58,USD,SampleGen
INV-e26cc2bc-ed7b-48ae-9cab-fa7914164d13,ID200376,CID-021,CA-0039,2026-02-24,2026-03-26,294.58,USD,SampleGen
INV-cdce2a83-aef9-4370-aba0-91d4c34de00c,ID200377,CID-021,CA-0039,2026-02-12,2026-03-14,890.26,USD,SampleGen
INV-42f77c8b-199f-4c8c-91ea-88624d8b4081,ID200378,CID-021,CA-0039,2026-03-18,2026-04-17,3627.14,USD,SampleGen
INV-9702777e-ad0b-494f-b99d-7e40847694c4,ID200379,CID-021,CA-0039,2026-04-01,2026-05-01,818.18,USD,SampleGen
INV-84381251-b937-4fd7-bb8c-43a152f90292,ID200380,CID-021,CA-0039,2026-03-02,2026-04-01,1390.52,USD,SampleGen
INV-e9ffe3ed-6cfa-47f0-9cbc-c4e5d70f8231,ID200381,CID-022,CA-1480,2025-08-04,2025-09-03,3281.6,USD,SampleGen
INV-08be5619-1677-47b7-8a76-cd474471e4a6,ID200382,CID-022,CA-1480,2025-09-27,2025-10-27,885.96,USD,SampleGen
INV-a6eeaa3f-e684-4d72-8ca2-534dd4b22910,ID200383,CID-022,CA-1480,2025-10-10,2025-11-09,379.38,USD,SampleGen
INV-12768fc9-1f44-4797-859e-0ac034a22578,ID200384,CID-022,CA-1480,2025-11-23,2025-12-23,1127.72,USD,SampleGen
INV-ea1251e5-abdb-49d6-ad1a-a4965635f5a7,ID200385,CID-022,CA-1480,2025-12-05,2026-01-04,2522.56,USD,SampleGen
INV-ce0c8f36-4d78-4cd0-bb32-ad9b16433269,ID200386,CID-022,CA-1480,2026-01-12,2026-02-11,6050.22,USD,SampleGen
INV-c67a3482-85f5-480d-8c71-7b7398f3822d,ID200387,CID-022,CA-1480,2026-02-19,2026-03-21,2687.96,USD,SampleGen
INV-64291dc6-030f-4b6f-89ce-0680f5f22733,ID200388,CID-022,CA-1480,2026-03-19,2026-04-18,2611.76,USD,SampleGen
INV-0881341c-7e3f-4c4c-82de-5d936914d991,ID200389,CID-022,CA-1480,2026-03-16,2026-04-15,1064.06,USD,SampleGen
INV-7c284726-3c5b-4edb-b98b-e921167a9942,ID200390,CID-023,CA-0042,2025-06-15,2025-07-15,1600.4,USD,SampleGen
INV-d5098b2d-6d1b-4de4-8c91-cb54a58b4dc8,ID200391,CID-023,CA-0042,2025-06-10,2025-07-10,832.88,USD,SampleGen
INV-18087ad1-65e7-4f8d-a994-7999086bd949,ID200392,CID-023,CA-0042,2025-07-16,2025-08-15,2077.4,USD,SampleGen
INV-8408440a-15d3-43b6-b59e-471d7004ff08,ID200393,CID-023,CA-0042,2025-07-25,2025-08-24,748.14,USD,SampleGen
INV-3509e5ba-8b50-4064-b4d7-5fcf40a333f7,ID200394,CID-023,CA-0042,2025-07-19,2025-08-18,500.16,USD,SampleGen
INV-9dbe96df-1f5f-4e3f-a1fa-be7d42436498,ID200395,CID-023,CA-0042,2025-08-19,2025-09-18,699.4,USD,SampleGen
INV-9d72b1fb-5569-433b-8cc7-06a0e5a80831,ID200396,CID-023,CA-0042,2025-08-19,2025-09-18,1027.96,USD,SampleGen
INV-608ee8e2-2f4b-4e12-9580-b534a45895fa,ID200397,CID-023,CA-0042,2025-08-13,2025-09-12,627.42,USD,SampleGen
INV-af114fe8-430a-4dbf-83c1-4bf0bd903837,ID200398,CID-023,CA-0042,2025-08-25,2025-09-24,2196.12,USD,SampleGen
INV-8ffdfb42-e761-4416-bad0-18f3533cd96a,ID200399,CID-023,CA-0042,2025-09-10,2025-10-10,2573.46,USD,SampleGen
INV-bfa25864-6039-48cc-bd07-dea37b8803f9,ID200400,CID-023,CA-0042,2025-10-29,2025-11-28,4621.36,USD,SampleGen
INV-c8ad020d-b500-45ce-82a3-c08c17cafac5,ID200401,CID-023,CA-0042,2025-11-06,2025-12-06,3601.62,USD,SampleGen
INV-61307718-cca2-45e2-8212-47dd6066c3fb,ID200402,CID-023,CA-0042,2025-12-27,2026-01-26,1734.04,USD,SampleGen
INV-69dfd7e9-3e35-4f77-a526-742be2c797e5,ID200403,CID-023,CA-0042,2025-12-17,2026-01-16,5007.26,USD,SampleGen
INV-30aa72e7-79f8-4ea4-88ae-f7d4d2a89a75,ID200404,CID-023,CA-0042,2025-12-27,2026-01-26,279.76,USD,SampleGen
INV-891e1af7-744e-47a3-8451-4fe7046634d9,ID200405,CID-023,CA-0042,2026-01-24,2026-02-23,158.94,USD,SampleGen
INV-40cbebbd-e9ac-4aac-bc82-498f69711ce9,ID200406,CID-023,CA-0042,2026-01-25,2026-02-24,195.0,USD,SampleGen
INV-ac0222a5-8015-474b-8f44-94b04bca06e3,ID200407,CID-023,CA-0042,2026-02-03,2026-03-05,1098.04,USD,SampleGen
INV-0181edf1-a5a6-4aa6-9b0f-6d6ba5824b7a,ID200408,CID-023,CA-0042,2026-02-17,2026-03-19,3285.86,USD,SampleGen
INV-18609e94-1369-4f50-b4f9-e33748c9b5e0,ID200409,CID-023,CA-0042,2026-02-26,2026-03-28,7932.82,USD,SampleGen
INV-27dd855b-983f-40cd-8aa9-c3d641ebf404,ID200410,CID-023,CA-0042,2026-02-24,2026-03-26,3357.88,USD,SampleGen
INV-3fb1aa3e-af24-4c3d-a644-14f246f67236,ID200411,CID-023,CA-0042,2026-03-14,2026-04-13,2293.68,USD,SampleGen
INV-4d07f942-9566-4e15-a757-7b44fbc788bc,ID200412,CID-023,CA-0042,2026-03-09,2026-04-08,818.12,USD,SampleGen
INV-7a3d9653-44ec-4fab-8dd4-ae59848af21e,ID200413,CID-023,CA-0042,2026-03-04,2026-04-03,3951.52,USD,SampleGen
INV-7d4842ce-2873-4e4c-b384-c76185831e1c,ID200414,CID-023,CA-0042,2026-03-14,2026-04-13,394.2,USD,SampleGen
INV-4e4511af-3424-4abe-836d-8ba85bfc41c8,ID200415,CID-023,CA-0042,2026-03-25,2026-04-24,1757.24,USD,SampleGen
INV-8fb9e704-fffc-4536-8d28-ebf7f78dce2b,ID200416,CID-024,CA-0044,2025-06-28,2025-07-28,574.38,USD,SampleGen
INV-56dd354f-0125-4513-b36f-5c35e6f61735,ID200417,CID-024,CA-0044,2025-06-25,2025-07-25,4460.3,USD,SampleGen
INV-1315da89-caa8-4d0f-ae80-e102f379fb8f,ID200418,CID-024,CA-0044,2025-07-26,2025-08-25,4294.92,USD,SampleGen
INV-eada6d7c-4413-49aa-84f1-e62bbf61c636,ID200419,CID-024,CA-0044,2025-07-25,2025-08-24,686.72,USD,SampleGen
INV-80b9b8c5-6822-4f4a-a4e0-4f2f4cd2130a,ID200420,CID-024,CA-0044,2025-08-29,2025-09-28,375.12,USD,SampleGen
INV-c07ad92b-0a5e-4298-ad92-82dfb9ac1950,ID200421,CID-024,CA-0044,2025-08-24,2025-09-23,3771.34,USD,SampleGen
INV-7d25e6e2-c1df-4419-8b1a-add29bfcdfae,ID200422,CID-024,CA-0044,2025-09-14,2025-10-14,2238.52,USD,SampleGen
INV-49ae2b93-0c5a-458b-a2b6-bf38020b1bdd,ID200423,CID-024,CA-0044,2025-10-23,2025-11-22,964.38,USD,SampleGen
INV-0b003e96-5518-482b-949b-228214659944,ID200424,CID-024,CA-0044,2025-11-18,2025-12-18,4576.84,USD,SampleGen
INV-1defdb19-282f-44d7-94a2-dd933b0b2144,ID200425,CID-024,CA-0044,2025-11-02,2025-12-02,1269.7,USD,SampleGen
INV-36b355c4-6e4a-42da-b957-4330d6d3b663,ID200426,CID-024,CA-0044,2025-12-24,2026-01-23,1674.62,USD,SampleGen
INV-4f56da15-046d-4460-8834-ad2531efbfc5,ID200427,CID-024,CA-0044,2025-12-29,2026-01-28,3480.78,USD,SampleGen
INV-3498f1f8-b743-46c3-8b22-ef0ce5042aeb,ID200428,CID-024,CA-0044,2025-12-27,2026-01-26,9175.04,USD,SampleGen
INV-5562f999-a6a0-460c-be4c-faf16733d75b,ID200429,CID-024,CA-0044,2026-01-21,2026-02-20,805.56,USD,SampleGen
INV-8f6ddfac-8afe-412d-b133-ef842c77f4cb,ID200430,CID-024,CA-0044,2026-01-16,2026-02-15,1002.56,USD,SampleGen
INV-4ce27a57-aaa9-41f8-b31b-e5dbcecfb90f,ID200431,CID-024,CA-0044,2026-02-06,2026-03-08,3690.68,USD,SampleGen
INV-8670b36c-5a00-4a35-acf2-92506607ab3e,ID200432,CID-024,CA-0044,2026-02-16,2026-03-18,729.14,USD,SampleGen
INV-84665000-6636-415f-8c66-4182219dc0d0,ID200433,CID-024,CA-0044,2026-02-11,2026-03-13,406.92,USD,SampleGen
INV-d7797522-4f21-4daa-8128-3616c1f02765,ID200434,CID-024,CA-0044,2026-02-07,2026-03-09,2666.74,USD,SampleGen
INV-952792fa-2676-4924-b6dc-86fb542babdd,ID200435,CID-024,CA-0044,2026-03-24,2026-04-23,2832.22,USD,SampleGen
INV-d799c74b-94fd-4fa0-a3eb-e2875addc42b,ID200436,CID-024,CA-0044,2026-03-27,2026-04-26,489.58,USD,SampleGen
INV-9a31837d-66c5-46fc-8153-e034387dde35,ID200437,CID-024,CA-0044,2026-03-24,2026-04-23,3993.86,USD,SampleGen
INV-97b6be88-afdd-4065-96a0-7d5b99142731,ID200438,CID-024,CA-0044,2026-03-08,2026-04-07,1254.76,USD,SampleGen
INV-a42e92d9-3e71-40ab-a4e8-fc03080fe03d,ID200439,CID-025,CA-1481,2025-08-16,2025-09-15,2393.24,USD,SampleGen
INV-19487c51-e235-45c9-b7a4-dadfb1da27aa,ID200440,CID-025,CA-1481,2025-09-08,2025-10-08,3866.74,USD,SampleGen
INV-bd921fe4-6ead-42fb-a63a-f5ee10347225,ID200441,CID-025,CA-1481,2025-10-05,2025-11-04,436.64,USD,SampleGen
INV-4012e114-45d3-4102-a19d-ff848eff091d,ID200442,CID-025,CA-1481,2026-01-01,2026-01-31,3675.86,USD,SampleGen
INV-b1cde607-96cf-40eb-9d4e-874904c7b6c2,ID200443,CID-025,CA-1481,2026-01-18,2026-02-17,3642.0,USD,SampleGen
INV-699a5cdc-5286-4df0-9bbe-255cbc9268fe,ID200444,CID-025,CA-1481,2026-02-17,2026-03-19,3858.24,USD,SampleGen
INV-ef5e8ee7-252d-4bb1-a3d8-6e2b3e466f69,ID200445,CID-025,CA-1481,2026-03-18,2026-04-17,368.76,USD,SampleGen
INV-74075d95-98d4-45fd-b349-e88f53c15274,ID200446,CID-025,CA-1481,2026-03-15,2026-04-14,1403.34,USD,SampleGen
INV-5c7204b9-e7f0-4038-9bc8-af0b688c6462,ID200447,CID-026,CA-0046,2025-06-18,2025-07-18,3404.52,USD,SampleGen
INV-3a281c2e-e84d-4b14-a40f-e3c92bb89c77,ID200448,CID-026,CA-0046,2025-06-07,2025-07-07,6480.64,USD,SampleGen
INV-d2db9767-8e20-4201-9d04-011a93c2466d,ID200449,CID-026,CA-0046,2025-07-19,2025-08-18,962.34,USD,SampleGen
INV-7de701b1-a2c0-4258-b697-80ee588b44fc,ID200450,CID-026,CA-0046,2025-07-04,2025-08-03,2675.14,USD,SampleGen
INV-915f1d18-e9b9-4f47-a889-1b1183c7d8a0,ID200451,CID-026,CA-0046,2025-08-06,2025-09-05,2416.68,USD,SampleGen
INV-6b0a844c-0bb5-4b0e-8402-6305d314f9b1,ID200452,CID-026,CA-0046,2025-08-17,2025-09-16,1017.52,USD,SampleGen
INV-d356b555-c3e1-4c86-b086-64eb57a511e7,ID200453,CID-026,CA-0046,2025-08-27,2025-09-26,879.66,USD,SampleGen
INV-a94a4959-4557-40d8-844b-2abb6f2e3898,ID200454,CID-026,CA-0046,2025-09-16,2025-10-16,796.98,USD,SampleGen
INV-57b3cceb-af82-4f57-9472-0323cb018db5,ID200455,CID-026,CA-0046,2025-10-13,2025-11-12,2085.92,USD,SampleGen
INV-799ef7bd-675f-46ff-bca5-bbd5092a96e7,ID200456,CID-026,CA-0046,2025-11-11,2025-12-11,3917.64,USD,SampleGen
INV-d8f8aa03-5080-4feb-b071-193fafa173e5,ID200457,CID-026,CA-0046,2025-11-28,2025-12-28,2225.84,USD,SampleGen
INV-d7c1d11e-efe7-4b12-9a71-d3e0fdbbf81f,ID200458,CID-026,CA-0046,2025-12-22,2026-01-21,529.88,USD,SampleGen
INV-e1b750e8-34f1-4c1d-ab2a-9e19353942cc,ID200459,CID-026,CA-0046,2025-12-27,2026-01-26,379.38,USD,SampleGen
INV-10037c17-a4c7-4518-9a3e-d37d36c79f1a,ID200460,CID-026,CA-0046,2025-12-23,2026-01-22,2997.58,USD,SampleGen
INV-9ddf980a-ecdb-493d-a753-3f282b65629d,ID200461,CID-026,CA-0046,2026-01-19,2026-02-18,504.48,USD,SampleGen
INV-bad17bfb-b1e2-422c-8af7-2912289dd287,ID200462,CID-026,CA-0046,2026-01-25,2026-02-24,144.14,USD,SampleGen
INV-3cbfd819-9bd5-4eda-9a71-1ea5028d40a4,ID200463,CID-026,CA-0046,2026-02-01,2026-03-03,279.76,USD,SampleGen
INV-27f17b4c-d24a-42df-b4ec-e45f7d9d99a1,ID200464,CID-026,CA-0046,2026-02-23,2026-03-25,2904.3,USD,SampleGen
INV-4307a7fd-756a-496c-b774-e2157146a95e,ID200465,CID-026,CA-0046,2026-02-13,2026-03-15,1704.36,USD,SampleGen
INV-69e00e09-fc15-4b8f-9534-959b7493c9cf,ID200466,CID-026,CA-0046,2026-02-23,2026-03-25,4672.3,USD,SampleGen
INV-c9942d80-67df-463f-b196-1282cc4ac1d7,ID200467,CID-026,CA-0046,2026-02-25,2026-03-27,3777.62,USD,SampleGen
INV-dd2971a0-1f0a-4144-bef7-e7df50a06366,ID200468,CID-026,CA-0046,2026-03-30,2026-04-29,1250.6,USD,SampleGen
INV-13f79169-2f54-4db3-90c4-5797c950a241,ID200469,CID-026,CA-0046,2026-03-30,2026-04-29,328.5,USD,SampleGen
INV-baf0c572-56b6-4f7d-bdac-67866c07bf1c,ID200470,CID-026,CA-0046,2026-03-02,2026-04-01,2289.48,USD,SampleGen
INV-04b7ad83-b9d7-429e-bdec-c0612db6291e,ID200471,CID-026,CA-0046,2026-03-24,2026-04-23,1102.14,USD,SampleGen
INV-58e4aee2-6cd0-40f4-b432-1b734f06fcc8,ID200472,CID-026,CA-0046,2026-03-18,2026-04-17,3438.42,USD,SampleGen
INV-a23fd952-3d55-4654-befa-f5f5f692672d,ID200473,CID-027,CA-0048,2025-08-09,2025-09-08,2787.58,USD,SampleGen
INV-e4a80814-cd58-4d70-87c1-166190da91c8,ID200474,CID-027,CA-0048,2025-12-24,2026-01-23,385.72,USD,SampleGen
INV-08808e5b-d0c3-4787-81b0-e2a4367bfa4c,ID200475,CID-027,CA-0048,2026-01-04,2026-02-03,1517.74,USD,SampleGen
INV-3c7f3c48-8e29-4751-8eb2-796a7295ee53,ID200476,CID-027,CA-0048,2026-03-28,2026-04-27,2244.9,USD,SampleGen
INV-5f490833-9509-4a15-8925-349721cf7385,ID200477,CID-028,CA-1482,2025-06-24,2025-07-24,3771.34,USD,SampleGen
INV-4f3f9eab-7af9-495e-be56-18197ac05404,ID200478,CID-028,CA-1482,2025-06-25,2025-07-25,4566.26,USD,SampleGen
INV-f1a154b7-c428-43bf-a5c6-be590f10d57b,ID200479,CID-028,CA-1482,2025-07-13,2025-08-12,2312.66,USD,SampleGen
INV-51319235-6476-4b56-a9a8-31c5b758235b,ID200480,CID-028,CA-1482,2025-07-06,2025-08-05,3006.02,USD,SampleGen
INV-06934f1c-62dc-441a-8eb5-6dddb159965a,ID200481,CID-028,CA-1482,2025-07-06,2025-08-05,5017.78,USD,SampleGen
INV-ff0bff94-66a8-4667-a2b9-7c5730628836,ID200482,CID-028,CA-1482,2025-07-05,2025-08-04,905.04,USD,SampleGen
INV-b379c5bb-59c1-4d70-824c-4b7979541e38,ID200483,CID-028,CA-1482,2025-08-07,2025-09-06,839.28,USD,SampleGen
INV-1e1f34e0-0106-4f8a-b161-3bb8cf4f4366,ID200484,CID-028,CA-1482,2025-08-05,2025-09-04,3705.62,USD,SampleGen
INV-d9d0da17-eda8-4ef8-9d5b-bf9efe4623a0,ID200485,CID-028,CA-1482,2025-08-30,2025-09-29,1148.86,USD,SampleGen
INV-6dd784c6-8083-4585-a32f-7de361cdaa6a,ID200486,CID-028,CA-1482,2025-08-10,2025-09-09,1806.12,USD,SampleGen
INV-c3569a79-36af-4caf-a39b-913516814a71,ID200487,CID-028,CA-1482,2025-08-22,2025-09-21,860.62,USD,SampleGen
INV-2a605c6a-b6c4-42ec-b3ff-1890b6d4451d,ID200488,CID-028,CA-1482,2025-09-25,2025-10-25,3803.14,USD,SampleGen
INV-2ade0d93-9761-49c3-ab37-8a998fddf4a6,ID200489,CID-028,CA-1482,2025-10-16,2025-11-15,3018.68,USD,SampleGen
INV-0dec06fa-2c94-40ec-844f-fde354507003,ID200490,CID-028,CA-1482,2025-11-03,2025-12-03,2236.42,USD,SampleGen
INV-04a1cac6-8b49-4483-89e5-a4e46c305a1c,ID200491,CID-028,CA-1482,2025-11-07,2025-12-07,1861.2,USD,SampleGen
INV-f1d585f8-afd7-4b8f-80a7-1308da5bd0a4,ID200492,CID-028,CA-1482,2025-12-06,2026-01-05,6629.0,USD,SampleGen
INV-640be159-579a-44ba-9394-64dbfd7d8519,ID200493,CID-028,CA-1482,2025-12-15,2026-01-14,2433.5,USD,SampleGen
INV-3137e1b0-df2c-4dee-9c61-930aa4733117,ID200494,CID-028,CA-1482,2025-12-09,2026-01-08,869.06,USD,SampleGen
INV-c5fb26af-c6a2-4cdf-b7f1-65220a7f26d4,ID200495,CID-028,CA-1482,2025-12-20,2026-01-19,4896.94,USD,SampleGen
INV-5cba9bec-4900-42c8-81c3-c98bfd38f10b,ID200496,CID-028,CA-1482,2026-01-08,2026-02-07,517.18,USD,SampleGen
INV-3999c2d4-8318-4bc6-8e26-7c58ec9654ba,ID200497,CID-028,CA-1482,2026-01-26,2026-02-25,3141.72,USD,SampleGen
INV-407a0c98-392c-4c16-a90d-c69a1dbd9139,ID200498,CID-028,CA-1482,2026-01-27,2026-02-26,415.42,USD,SampleGen
INV-a60e10ce-55e6-435c-8ce9-7fb531d63ad3,ID200499,CID-028,CA-1482,2026-02-04,2026-03-06,3239.1,USD,SampleGen
INV-05d94504-da69-40eb-b839-f2039b0878b2,ID200500,CID-028,CA-1482,2026-02-25,2026-03-27,5613.6,USD,SampleGen
INV-01e019f1-fa89-46c9-83d8-05b3287292c2,ID200501,CID-028,CA-1482,2026-02-14,2026-03-16,3078.14,USD,SampleGen
INV-7bc0c16c-2986-4957-b8dc-09182d2d939e,ID200502,CID-028,CA-1482,2026-02-06,2026-03-08,2796.06,USD,SampleGen
INV-5837643c-5766-4dfb-af1c-66fdd43e0ad5,ID200503,CID-028,CA-1482,2026-02-05,2026-03-07,1049.22,USD,SampleGen
INV-233d0b21-f367-4e77-b3f1-dcc2fbacd046,ID200504,CID-028,CA-1482,2026-02-16,2026-03-18,3991.74,USD,SampleGen
INV-751253cc-ab32-4d5f-8179-65c29f527921,ID200505,CID-028,CA-1482,2026-03-15,2026-04-14,1975.76,USD,SampleGen
INV-12db6098-4ce5-4f0a-8835-b7c82135dd02,ID200506,CID-028,CA-1482,2026-03-20,2026-04-19,1382.12,USD,SampleGen
INV-acea043c-700c-4ec3-9a8d-e175a62100c9,ID200507,CID-028,CA-1482,2026-04-01,2026-05-01,4358.52,USD,SampleGen
INV-b303eae5-ee81-44ee-a8d6-3157f7c3c30f,ID200508,CID-028,CA-1482,2026-03-25,2026-04-24,1104.3,USD,SampleGen
INV-9ce8b215-ef76-47b6-8059-9f4315ce0c01,ID200509,CID-028,CA-1482,2026-03-02,2026-04-01,336.96,USD,SampleGen
INV-5cb8a0ef-4896-4855-96fa-dddf86316554,ID200510,CID-028,CA-1482,2026-03-06,2026-04-05,1263.28,USD,SampleGen
INV-63854434-2cfa-4c77-a554-92fe046ce758,ID200511,CID-028,CA-1482,2026-03-06,2026-04-05,2145.32,USD,SampleGen
INV-c29e0305-79fb-47fe-8d9b-7b29033679c7,ID200512,CID-029,CA-0051,2025-06-08,2025-07-08,680.38,USD,SampleGen
INV-83614645-0d76-4eab-ad87-8b1eb5f59008,ID200513,CID-029,CA-0051,2025-07-01,2025-07-31,4873.62,USD,SampleGen
INV-707af602-cd5c-47d0-ab19-6a75f591b1e3,ID200514,CID-029,CA-0051,2025-07-28,2025-08-27,3014.54,USD,SampleGen
INV-6832096d-72e9-411c-bc4c-f5b3d7e59280,ID200515,CID-029,CA-0051,2025-08-17,2025-09-16,953.74,USD,SampleGen
INV-2fc4a9fc-0cb8-451d-9440-156a024115b8,ID200516,CID-029,CA-0051,2025-08-24,2025-09-23,2283.0,USD,SampleGen
INV-e40d2fb2-2c1f-4912-b09e-f382d306b26d,ID200517,CID-029,CA-0051,2025-09-12,2025-10-12,3909.1,USD,SampleGen
INV-a3a46038-b1b5-4b8e-9071-8dac622e9642,ID200518,CID-029,CA-0051,2025-10-30,2025-11-29,2227.94,USD,SampleGen
INV-c2ea8b30-d50d-4b16-8cf2-06c4bd882b6c,ID200519,CID-029,CA-0051,2025-11-03,2025-12-03,1585.56,USD,SampleGen
INV-6fea841a-edac-4c86-84fd-71e4afed8a74,ID200520,CID-029,CA-0051,2025-12-21,2026-01-20,9739.02,USD,SampleGen
INV-3453dc42-c561-4a3b-ae3d-127d560c22f8,ID200521,CID-029,CA-0051,2025-12-08,2026-01-07,4905.5,USD,SampleGen
INV-682a67a6-0a49-42aa-8794-63b4e8fe2a6a,ID200522,CID-029,CA-0051,2026-01-14,2026-02-13,4905.42,USD,SampleGen
INV-c3d4baae-f3bc-4821-9cff-11bb0f8fead7,ID200523,CID-029,CA-0051,2026-01-04,2026-02-03,1547.46,USD,SampleGen
INV-899f09af-6e05-49c8-9000-82fa4d145516,ID200524,CID-029,CA-0051,2026-02-25,2026-03-27,1861.28,USD,SampleGen
INV-14c8e3ca-8788-4c86-9465-10030e24515e,ID200525,CID-029,CA-0051,2026-02-10,2026-03-12,6754.12,USD,SampleGen
INV-b354f5a0-5586-4aca-998a-aa1d144a91c4,ID200526,CID-029,CA-0051,2026-02-11,2026-03-13,2511.96,USD,SampleGen
INV-ff041779-c99c-498a-88cc-59f8afa81327,ID200527,CID-029,CA-0051,2026-03-14,2026-04-13,2397.48,USD,SampleGen
INV-8384ebeb-ff37-409e-88ac-1366659b43b2,ID200528,CID-029,CA-0051,2026-03-16,2026-04-15,1318.4,USD,SampleGen
INV-a736059d-0eef-4023-af8e-a2a867652ef3,ID200529,CID-029,CA-0051,2026-03-15,2026-04-14,2149.48,USD,SampleGen
INV-83eb5eb4-5421-4a43-89c0-ac885d2e2d0e,ID200530,CID-030,CA-1483,2025-06-03,2025-07-03,2433.52,USD,SampleGen
INV-7ca2d631-1660-463a-a51c-0a8db776b3fb,ID200531,CID-030,CA-1483,2025-07-21,2025-08-20,710.02,USD,SampleGen
INV-5a5bd710-d648-493c-ab19-e9bc22ec263d,ID200532,CID-030,CA-1483,2025-08-28,2025-09-27,1017.36,USD,SampleGen
INV-c1f9be40-8110-4897-8b83-961b5f64e747,ID200533,CID-030,CA-1483,2025-10-09,2025-11-08,5859.42,USD,SampleGen
INV-07d43a0a-205f-4f18-9e62-2b7deb832a2c,ID200534,CID-030,CA-1483,2025-11-20,2025-12-20,2832.08,USD,SampleGen
INV-4f53b322-d8d5-4f2b-9064-fe69f12352a6,ID200535,CID-030,CA-1483,2025-12-18,2026-01-17,2043.54,USD,SampleGen
INV-bf0e82fb-27a5-4952-965c-b2e030922235,ID200536,CID-030,CA-1483,2026-01-19,2026-02-18,288.28,USD,SampleGen
INV-8ae615e6-34e9-4ebc-a4b1-cf362b5bc24f,ID200537,CID-030,CA-1483,2026-02-16,2026-03-18,4424.2,USD,SampleGen
INV-6a9c89d6-842b-4939-b78a-568062b3f783,ID200538,CID-030,CA-1483,2026-02-09,2026-03-11,2704.9,USD,SampleGen
INV-52cb3754-aaa7-479d-898e-ae4efd51756b,ID200539,CID-030,CA-1483,2026-03-29,2026-04-28,968.58,USD,SampleGen
INV-a8fd28fb-ba95-4072-9597-4306f1d964cd,ID200540,CID-030,CA-1483,2026-03-04,2026-04-03,1856.92,USD,SampleGen
INV-c358d9bb-3bac-49fa-9483-c7ee5e65d544,ID200541,CID-031,CA-1484,2025-06-20,2025-07-20,826.66,USD,SampleGen
INV-d12e6c24-1dab-44ab-9f5c-0b56028ad4ea,ID200542,CID-031,CA-1484,2025-06-18,2025-07-18,2393.3,USD,SampleGen
INV-5c5e63e5-4b4c-4307-8e93-4407206f68cf,ID200543,CID-031,CA-1484,2025-07-07,2025-08-06,3336.64,USD,SampleGen
INV-f130b063-9967-4852-b6d3-31f568b9ae84,ID200544,CID-031,CA-1484,2025-09-01,2025-10-01,2622.16,USD,SampleGen
INV-85a2c53e-e6a8-48cc-a11a-e36c215a5747,ID200545,CID-031,CA-1484,2025-08-14,2025-09-13,1958.68,USD,SampleGen
INV-43d36557-1f7e-4f9e-8c23-05e7faf6ffe7,ID200546,CID-031,CA-1484,2025-09-27,2025-10-27,4547.2,USD,SampleGen
INV-c5d01384-5114-4997-8ee1-794341277a6e,ID200547,CID-031,CA-1484,2025-10-23,2025-11-22,1568.68,USD,SampleGen
INV-52134c62-faf5-414c-afc8-f2fff1f2708e,ID200548,CID-031,CA-1484,2025-11-09,2025-12-09,379.38,USD,SampleGen
INV-01663e98-1dce-4bfe-bf0f-676ade73177d,ID200549,CID-031,CA-1484,2025-12-07,2026-01-06,813.98,USD,SampleGen
INV-05f8336d-af27-44ac-b28b-e2976ce2b218,ID200550,CID-031,CA-1484,2025-12-31,2026-01-30,3472.42,USD,SampleGen
INV-6c43774f-f4a6-4de6-9248-376402f5444b,ID200551,CID-031,CA-1484,2025-12-20,2026-01-19,1496.54,USD,SampleGen
INV-a9a2c36f-cea6-48bd-8071-1a42a709c715,ID200552,CID-031,CA-1484,2026-01-02,2026-02-01,813.98,USD,SampleGen
INV-36336e39-9a65-485a-8646-33551c218a44,ID200553,CID-031,CA-1484,2026-02-11,2026-03-13,5778.86,USD,SampleGen
INV-815a9c62-712b-4552-a52d-9115f1f07193,ID200554,CID-031,CA-1484,2026-02-21,2026-03-23,2030.76,USD,SampleGen
INV-90d26663-3ec3-4c1d-913c-9e916fdb049b,ID200555,CID-031,CA-1484,2026-02-17,2026-03-19,8560.26,USD,SampleGen
INV-b51eb663-1199-4be7-8b60-d28ffead163e,ID200556,CID-031,CA-1484,2026-02-02,2026-03-04,4706.24,USD,SampleGen
INV-f21ae0a2-04bd-433f-b706-f345851ce550,ID200557,CID-031,CA-1484,2026-03-29,2026-04-28,1971.46,USD,SampleGen
INV-8239af68-694f-4c89-96b0-9fcb52aa1fca,ID200558,CID-031,CA-1484,2026-03-05,2026-04-04,1543.14,USD,SampleGen
INV-77f4a340-5081-47db-a34d-59961b67f110,ID200559,CID-031,CA-1484,2026-03-21,2026-04-20,1085.26,USD,SampleGen
INV-7a121945-ea50-4ef0-95d3-733b6f5d2e52,ID200560,CID-031,CA-1484,2026-03-19,2026-04-18,5286.98,USD,SampleGen
INV-b8dbc2ab-82dd-48bc-8c7d-6c641728bfb8,ID200561,CID-032,CA-0055,2025-07-19,2025-08-18,2085.84,USD,SampleGen
INV-6fd9bfdc-9292-4417-a68b-3363e79daf09,ID200562,CID-032,CA-0055,2025-08-17,2025-09-16,1483.82,USD,SampleGen
INV-29e43922-8fa4-4021-ad50-c6bc3281049c,ID200563,CID-032,CA-0055,2025-08-15,2025-09-14,459.86,USD,SampleGen
INV-58133f16-c925-49a5-8d3f-802c388b99ce,ID200564,CID-032,CA-0055,2025-11-25,2025-12-25,5605.08,USD,SampleGen
INV-59197a58-0e5b-4227-8457-6abfda690f9f,ID200565,CID-032,CA-0055,2025-12-26,2026-01-25,464.16,USD,SampleGen
INV-cbc2a0c0-073f-4eea-9c25-09b02f14c670,ID200566,CID-032,CA-0055,2026-01-21,2026-02-20,2204.68,USD,SampleGen
INV-1124d902-ef77-4101-8af9-a273353922ac,ID200567,CID-032,CA-0055,2026-02-27,2026-03-29,1984.2,USD,SampleGen
INV-fd47b822-bdc5-409a-9df1-8867e5daf166,ID200568,CID-032,CA-0055,2026-02-23,2026-03-25,1674.58,USD,SampleGen
INV-8da328ea-2676-462d-bab5-b15bfdbcb575,ID200569,CID-032,CA-0055,2026-03-24,2026-04-23,856.26,USD,SampleGen
INV-e9f76e70-9d4f-4365-abcc-d8e15f7024ec,ID200570,CID-032,CA-0055,2026-03-04,2026-04-03,1025.9,USD,SampleGen
INV-125cbead-68bc-47b9-aaab-88da88c90324,ID200571,CID-033,CA-0057,2025-06-30,2025-07-30,3836.96,USD,SampleGen
INV-e2f35cee-3cad-4803-9a02-0fc3b3aad75d,ID200572,CID-033,CA-0057,2025-11-05,2025-12-05,1786.88,USD,SampleGen
INV-f2ac6fed-f4c2-44b4-890f-d60efb93db8d,ID200573,CID-033,CA-0057,2025-12-23,2026-01-22,841.42,USD,SampleGen
INV-19429ffe-fd59-4d9a-8f54-df12a63b4747,ID200574,CID-033,CA-0057,2026-02-26,2026-03-28,1553.68,USD,SampleGen
INV-e81e27e7-7ab1-4831-8dcf-226d9847d7fc,ID200575,CID-034,CA-0059,2025-06-18,2025-07-18,1589.9,USD,SampleGen
INV-74572cd9-ce57-43d7-96e9-1dd50d1d29cd,ID200576,CID-034,CA-0059,2025-07-23,2025-08-22,610.38,USD,SampleGen
INV-cfd877ba-e44d-4e46-aa67-155d633c6e38,ID200577,CID-034,CA-0059,2025-08-29,2025-09-28,1021.62,USD,SampleGen
INV-db48787e-3d91-4002-b8eb-a6130d286e2d,ID200578,CID-034,CA-0059,2025-08-06,2025-09-05,4222.78,USD,SampleGen
INV-bbf2376a-1399-47ca-adb7-b4cd89a33557,ID200579,CID-034,CA-0059,2025-09-05,2025-10-05,451.44,USD,SampleGen
INV-28fe0312-a18a-4169-82fe-d4fcfa237192,ID200580,CID-034,CA-0059,2025-10-19,2025-11-18,8110.84,USD,SampleGen
INV-63f6cb28-5be5-475e-945a-4baf76ccc4c3,ID200581,CID-034,CA-0059,2025-11-22,2025-12-22,1833.66,USD,SampleGen
INV-857fbcb5-670a-42fb-ad78-1a9744002506,ID200582,CID-034,CA-0059,2025-12-12,2026-01-11,2268.24,USD,SampleGen
INV-400ac48c-8361-4e6b-945e-69bf89da6a41,ID200583,CID-034,CA-0059,2026-01-17,2026-02-16,97.5,USD,SampleGen
INV-717358de-5740-4543-abc0-be0a7a3f6a75,ID200584,CID-034,CA-0059,2026-02-25,2026-03-27,1157.34,USD,SampleGen
INV-f9fba0fa-ce5a-4317-bb1f-7db8df0b1c98,ID200585,CID-034,CA-0059,2026-03-27,2026-04-26,2043.54,USD,SampleGen
INV-aab26b33-1ac1-4146-8999-8a2a1df748fb,ID200586,CID-034,CA-0059,2026-03-16,2026-04-15,1494.3,USD,SampleGen
INV-c60cb004-79d5-448f-9101-578b5b44dd44,ID200587,CID-035,CA-0061,2025-09-01,2025-10-01,2891.46,USD,SampleGen
INV-3dff5e9b-649f-4f33-8ef3-147c3448f467,ID200588,CID-035,CA-0061,2025-09-30,2025-10-30,2162.16,USD,SampleGen
INV-90f32ec8-c46b-4935-b7c4-fe881492b139,ID200589,CID-035,CA-0061,2025-11-27,2025-12-27,2340.28,USD,SampleGen
INV-835fe64f-53c9-40fe-8bfd-2ce392122a0a,ID200590,CID-035,CA-0061,2026-02-08,2026-03-10,2891.48,USD,SampleGen
INV-89016e03-cecc-40a8-87bc-45a620697e1a,ID200591,CID-035,CA-0061,2026-03-15,2026-04-14,2287.22,USD,SampleGen
INV-30c3c5c5-f3cc-41b0-8d64-7c2adee01dea,ID200592,CID-036,CA-0063,2025-06-06,2025-07-06,559.52,USD,SampleGen
INV-eebbfca0-25ce-40eb-b9c6-ce767b4e035a,ID200593,CID-036,CA-0063,2025-06-19,2025-07-19,5982.44,USD,SampleGen
INV-241a7e01-5cf8-4c82-8db9-8c9d863ec67b,ID200594,CID-036,CA-0063,2025-07-31,2025-08-30,712.18,USD,SampleGen
INV-c9e63343-50af-4524-8a4a-cced11c25945,ID200595,CID-036,CA-0063,2025-07-17,2025-08-16,3001.8,USD,SampleGen
INV-016f94b1-fbc8-4282-9ca5-fe92674e4f30,ID200596,CID-036,CA-0063,2025-07-26,2025-08-25,360.3,USD,SampleGen
INV-8bd0b5ab-2aad-4ee9-9e46-073053ffd762,ID200597,CID-036,CA-0063,2025-08-16,2025-09-15,2891.52,USD,SampleGen
INV-273aea4e-59ac-4e5c-a899-2797aca24e48,ID200598,CID-036,CA-0063,2025-08-09,2025-09-08,5335.78,USD,SampleGen
INV-b993c552-6253-4491-996d-6e1aaf05b7e1,ID200599,CID-036,CA-0063,2025-08-18,2025-09-17,580.72,USD,SampleGen
INV-8e0e8e95-25f7-4862-84f4-5b64da87321d,ID200600,CID-036,CA-0063,2025-09-10,2025-10-10,2997.58,USD,SampleGen
INV-1b8461c7-4c33-4773-8e3e-c21fe6c22852,ID200601,CID-036,CA-0063,2025-10-07,2025-11-06,269.14,USD,SampleGen
INV-55d949af-de23-4fdb-8265-9e79856e6ab9,ID200602,CID-036,CA-0063,2025-11-08,2025-12-08,665.52,USD,SampleGen
INV-a7b0331c-3327-425b-a052-aee7042a0d55,ID200603,CID-036,CA-0063,2025-12-06,2026-01-05,1960.76,USD,SampleGen
INV-9db88d50-feed-45a3-a408-88aaa94d3f5a,ID200604,CID-036,CA-0063,2025-12-19,2026-01-18,402.68,USD,SampleGen
INV-bfdbaf8f-1157-4553-8489-4621c1d81ea2,ID200605,CID-036,CA-0063,2025-12-10,2026-01-09,506.52,USD,SampleGen
INV-cc936c78-d2b3-4cae-8a10-d5fc35d42212,ID200606,CID-036,CA-0063,2026-01-06,2026-02-05,1547.46,USD,SampleGen
INV-cc284610-dbc8-436a-9bb2-e776396a856f,ID200607,CID-036,CA-0063,2026-01-24,2026-02-23,903.1,USD,SampleGen
INV-346eccb5-c407-44a1-975b-eb9f30e46b7b,ID200608,CID-036,CA-0063,2026-02-10,2026-03-12,4515.5,USD,SampleGen
INV-c1f46645-3b25-428b-bf4c-76bbe3cfe155,ID200609,CID-036,CA-0063,2026-02-23,2026-03-25,2013.9,USD,SampleGen
INV-5703729e-70a6-4518-bf3b-1a0c3a5e4c58,ID200610,CID-036,CA-0063,2026-02-12,2026-03-14,2157.98,USD,SampleGen
INV-070e41df-1ebf-46ff-8212-4365d336b225,ID200611,CID-036,CA-0063,2026-02-26,2026-03-28,3887.82,USD,SampleGen
INV-605c0402-6d57-4107-bdb1-639faa1b4122,ID200612,CID-036,CA-0063,2026-03-16,2026-04-15,2658.3,USD,SampleGen
INV-6a939f7d-64a0-4a47-a2f1-af92332ed9e1,ID200613,CID-036,CA-0063,2026-03-25,2026-04-24,3580.44,USD,SampleGen
INV-f75e1d52-33da-466e-bb79-4e787a616b95,ID200614,CID-036,CA-0063,2026-03-28,2026-04-27,657.08,USD,SampleGen
INV-e6a48671-6a9d-4a0f-bf2e-7724fa34b696,ID200615,CID-036,CA-0063,2026-03-15,2026-04-14,3141.68,USD,SampleGen
INV-1f2ae763-c9dc-4647-9a05-203603fa0d28,ID200616,CID-036,CA-0063,2026-03-11,2026-04-10,1602.4,USD,SampleGen
INV-ee092e79-a193-4778-89ea-f211f9525bf9,ID200617,CID-037,CA-0065,2025-06-19,2025-07-19,1488.1,USD,SampleGen
INV-a0dce6a0-0a4e-4ed4-be7a-f94e456ffca2,ID200618,CID-037,CA-0065,2025-07-17,2025-08-16,4706.14,USD,SampleGen
INV-f67d1b3f-1545-4a1c-b535-91497411d510,ID200619,CID-037,CA-0065,2025-08-22,2025-09-21,1159.42,USD,SampleGen
INV-cf163313-0670-4894-b5ce-6386d4272cd4,ID200620,CID-037,CA-0065,2025-08-24,2025-09-23,368.76,USD,SampleGen
INV-8c17e163-5ba4-4c8a-8567-5d0ae78eeb27,ID200621,CID-037,CA-0065,2025-10-05,2025-11-04,1820.94,USD,SampleGen
INV-0f5b6979-8702-436a-a698-aa9e0d0e925f,ID200622,CID-037,CA-0065,2025-11-11,2025-12-11,1127.64,USD,SampleGen
INV-d4574f80-28e2-496f-b7f5-6a8cd00e7042,ID200623,CID-037,CA-0065,2025-12-24,2026-01-23,2456.86,USD,SampleGen
INV-4ea7a7ce-63e5-4e01-b67d-f8ab4a8ff2d7,ID200624,CID-037,CA-0065,2026-01-06,2026-02-05,1040.64,USD,SampleGen
INV-ade1153d-562c-4017-9478-5822fd413f20,ID200625,CID-037,CA-0065,2026-02-11,2026-03-13,1818.84,USD,SampleGen
INV-2ea251ee-6e07-4863-ae99-5dcde318c65e,ID200626,CID-037,CA-0065,2026-02-09,2026-03-11,1187.12,USD,SampleGen
INV-d59389cc-0e92-4be8-8148-6efe907b2a0e,ID200627,CID-037,CA-0065,2026-03-03,2026-04-02,4369.04,USD,SampleGen
INV-7b874cc7-394a-4537-8425-419e706709e4,ID200628,CID-037,CA-0065,2026-03-22,2026-04-21,5418.6,USD,SampleGen
INV-0af685c7-1f31-4d90-ac5d-1bd20d2f1e5f,ID200629,CID-038,CA-0067,2025-06-09,2025-07-09,686.72,USD,SampleGen
INV-3ead81f7-a951-4da0-8b1a-e096619a81f8,ID200630,CID-038,CA-0067,2025-06-16,2025-07-16,5223.52,USD,SampleGen
INV-7ae3d6ca-7a5a-40da-a589-48dc4d1fa4e0,ID200631,CID-038,CA-0067,2025-07-19,2025-08-18,4023.52,USD,SampleGen
INV-268f2665-bc0f-42dd-b1cf-f64348948e3f,ID200632,CID-038,CA-0067,2025-07-19,2025-08-18,4188.96,USD,SampleGen
INV-a1307567-d042-4cb8-aed2-4be72b0534d6,ID200633,CID-038,CA-0067,2025-08-14,2025-09-13,765.12,USD,SampleGen
INV-ad1ea364-b335-434f-9e56-818e4e69dd5c,ID200634,CID-038,CA-0067,2025-08-25,2025-09-24,1793.38,USD,SampleGen
INV-7d1b6b01-8957-4b02-a189-7dd05bd6ea52,ID200635,CID-038,CA-0067,2025-08-14,2025-09-13,432.36,USD,SampleGen
INV-9a8faf1a-db2e-45b4-81d6-4c087bf4640d,ID200636,CID-038,CA-0067,2025-10-01,2025-10-31,317.92,USD,SampleGen
INV-738d2345-dfbe-4049-a92a-26e3d86c763c,ID200637,CID-038,CA-0067,2025-10-17,2025-11-16,6321.7,USD,SampleGen
INV-4861bb86-8d8e-46f1-af6e-71cd14292385,ID200638,CID-038,CA-0067,2025-11-06,2025-12-06,2781.32,USD,SampleGen
INV-fa28c59d-5453-4127-8c21-ebaf51c7dc7d,ID200639,CID-038,CA-0067,2025-11-12,2025-12-12,633.72,USD,SampleGen
INV-60edc7ef-22fc-480f-89e3-2f803df99d3a,ID200640,CID-038,CA-0067,2025-12-03,2026-01-02,690.92,USD,SampleGen
INV-07ca3799-4dbc-4110-814e-7cfc189ed95c,ID200641,CID-038,CA-0067,2025-12-08,2026-01-07,886.04,USD,SampleGen
INV-7356278b-b376-4ad5-819c-f944d06211e7,ID200642,CID-038,CA-0067,2025-12-25,2026-01-24,4793.12,USD,SampleGen
INV-95de0221-0032-467d-8bb2-a65bbc587a43,ID200643,CID-038,CA-0067,2026-01-17,2026-02-16,773.68,USD,SampleGen
INV-40ab3a69-85a4-452c-add3-6b2a40aa8d06,ID200644,CID-038,CA-0067,2026-01-30,2026-03-01,805.56,USD,SampleGen
INV-aad801dd-2e53-4b40-9f78-a604405bf2ca,ID200645,CID-038,CA-0067,2026-01-04,2026-02-03,254.32,USD,SampleGen
INV-e98cba2f-8560-4d3d-82b6-e3667397c1ea,ID200646,CID-038,CA-0067,2026-02-28,2026-03-30,464.16,USD,SampleGen
INV-af00b663-4d5d-4979-a2b9-628cc9b9e4ad,ID200647,CID-038,CA-0067,2026-02-27,2026-03-29,1734.04,USD,SampleGen
INV-de41c939-483f-4527-b1a5-6094a5fc17f8,ID200648,CID-038,CA-0067,2026-02-14,2026-03-16,2709.18,USD,SampleGen
INV-a1a2cb78-6ac5-4cfa-a31e-a783f9a41b29,ID200649,CID-038,CA-0067,2026-02-17,2026-03-19,2056.22,USD,SampleGen
INV-1979074d-b0c8-4b72-82b1-da1142c8539a,ID200650,CID-038,CA-0067,2026-03-28,2026-04-27,686.76,USD,SampleGen
INV-1c0eb269-a053-4520-9d5b-0565e826e6e9,ID200651,CID-038,CA-0067,2026-03-02,2026-04-01,1863.34,USD,SampleGen
INV-641d555b-72aa-4c1b-8ba1-a5c962ec8148,ID200652,CID-038,CA-0067,2026-03-09,2026-04-08,4820.64,USD,SampleGen
INV-602c795a-e33e-4723-a7ed-873731a28d17,ID200653,CID-038,CA-0067,2026-03-29,2026-04-28,3610.14,USD,SampleGen
INV-6752dac0-409e-466a-b43c-9df1577811c3,ID200654,CID-038,CA-0067,2026-03-05,2026-04-04,4320.42,USD,SampleGen
INV-ae423e60-9fe8-443f-96dd-811f748f3ca8,ID200655,CID-039,CA-0069,2025-06-22,2025-07-22,2329.7,USD,SampleGen
INV-b81e73b8-39bd-415b-8638-4e4e7da1fbfe,ID200656,CID-039,CA-0069,2025-07-09,2025-08-08,731.28,USD,SampleGen
INV-2eee2b77-5f64-4640-97e3-71dff3b336a6,ID200657,CID-039,CA-0069,2025-07-09,2025-08-08,4532.34,USD,SampleGen
INV-c5265517-b8d4-410d-ac9a-62bf29812109,ID200658,CID-039,CA-0069,2025-08-10,2025-09-09,1793.34,USD,SampleGen
INV-bc104f55-b40e-4276-8938-f9788468398b,ID200659,CID-039,CA-0069,2025-08-04,2025-09-03,464.16,USD,SampleGen
INV-70f9df55-2719-4dae-9b9f-fc45399c8f85,ID200660,CID-039,CA-0069,2025-08-06,2025-09-05,2085.96,USD,SampleGen
INV-4c296316-e66e-46f9-b0e6-1654ac5198ba,ID200661,CID-039,CA-0069,2025-08-12,2025-09-11,864.84,USD,SampleGen
INV-d0f4e256-b409-477e-b388-64fd33bc4e06,ID200662,CID-039,CA-0069,2025-09-29,2025-10-29,3044.1,USD,SampleGen
INV-511752ff-dc2c-4c0c-9d17-9786ce12b904,ID200663,CID-039,CA-0069,2025-10-05,2025-11-04,1000.56,USD,SampleGen
INV-b4db39bc-5a31-4bb2-b205-f9f5cbebaac6,ID200664,CID-039,CA-0069,2025-11-07,2025-12-07,2484.48,USD,SampleGen
INV-bd31beef-2f0e-403b-8e89-8ea0c73bdfbb,ID200665,CID-039,CA-0069,2025-12-13,2026-01-12,455.66,USD,SampleGen
INV-8270c1a6-ead2-4bc2-8a9f-35c8182ca92c,ID200666,CID-039,CA-0069,2025-12-18,2026-01-17,847.88,USD,SampleGen
INV-ac95bf32-7f3d-4e6e-a791-ef0175c257da,ID200667,CID-039,CA-0069,2025-12-06,2026-01-05,307.3,USD,SampleGen
INV-3cfb3a7c-26b4-4ccf-8415-339ebad23e92,ID200668,CID-039,CA-0069,2026-01-23,2026-02-22,2989.06,USD,SampleGen
INV-d5f31c8b-2686-4a3d-be3f-f66ec6aff1d9,ID200669,CID-039,CA-0069,2026-02-01,2026-03-03,996.32,USD,SampleGen
INV-e32d3873-7020-4c81-89f2-60dd884b7b46,ID200670,CID-039,CA-0069,2026-02-27,2026-03-29,3900.58,USD,SampleGen
INV-f1783200-8664-480f-89b9-389b28a0d541,ID200671,CID-039,CA-0069,2026-02-24,2026-03-26,3048.42,USD,SampleGen
INV-2e91d99a-c383-4bf9-b55f-246e8bb28af0,ID200672,CID-039,CA-0069,2026-02-12,2026-03-14,379.38,USD,SampleGen
INV-78babe45-6111-47a2-935f-37c1a73b8a19,ID200673,CID-039,CA-0069,2026-02-12,2026-03-14,2382.76,USD,SampleGen
INV-0729eac6-f49b-4ed4-94c9-60b7205f9738,ID200674,CID-039,CA-0069,2026-02-16,2026-03-18,2302.06,USD,SampleGen
INV-bbb9dcaa-deb7-443f-a400-73e7d8454d5e,ID200675,CID-039,CA-0069,2026-03-07,2026-04-06,4415.72,USD,SampleGen
INV-ba86152d-288f-4bff-87ae-5ab43830c0f4,ID200676,CID-039,CA-0069,2026-03-08,2026-04-07,6156.2,USD,SampleGen
INV-83f5a72d-65b1-4973-847c-e1f2baffb930,ID200677,CID-039,CA-0069,2026-03-24,2026-04-23,3834.94,USD,SampleGen
INV-ea02838c-b94d-4a4f-9902-b42773ab5f22,ID200678,CID-039,CA-0069,2026-03-02,2026-04-01,1059.84,USD,SampleGen
INV-b545a8ec-c109-4967-80e7-cdc1c3553cdd,ID200679,CID-039,CA-0069,2026-04-01,2026-05-01,2641.32,USD,SampleGen
INV-69028ec6-5b75-4cfa-9c86-9911aef2e3ad,ID200680,CID-039,CA-0069,2026-03-15,2026-04-14,576.56,USD,SampleGen
INV-a3ea644d-be00-4837-b504-9c80ce980f67,ID200681,CID-040,CA-0071,2025-06-23,2025-07-23,824.46,USD,SampleGen
INV-d8c8d1d2-d2d9-461b-bb46-d8118ff17278,ID200682,CID-040,CA-0071,2025-06-22,2025-07-22,3309.12,USD,SampleGen
INV-48f2ee4e-015c-4d44-8dbf-fd2013b4972f,ID200683,CID-040,CA-0071,2025-07-27,2025-08-26,2196.08,USD,SampleGen
INV-756db7b6-57af-4a75-bf7f-bd2630f3715d,ID200684,CID-040,CA-0071,2025-07-11,2025-08-10,464.14,USD,SampleGen
INV-8ddfc5e2-cb28-48ab-8638-c930b5832c04,ID200685,CID-040,CA-0071,2025-08-12,2025-09-11,958.12,USD,SampleGen
INV-fb094afd-4845-487a-9ccc-e64a3e172c4b,ID200686,CID-040,CA-0071,2025-08-13,2025-09-12,627.42,USD,SampleGen
INV-405942f5-0c38-48b6-ad03-6b8f6c50aaa0,ID200687,CID-040,CA-0071,2025-08-20,2025-09-19,1797.56,USD,SampleGen
INV-f5898e50-52e9-4e3d-9b7d-132e1330f347,ID200688,CID-040,CA-0071,2025-09-07,2025-10-07,3217.98,USD,SampleGen
INV-da449616-d6b7-465b-bba5-7a21badc90b9,ID200689,CID-040,CA-0071,2025-10-05,2025-11-04,659.18,USD,SampleGen
INV-fbaebb38-5433-4cb3-8e17-7b7322b06063,ID200690,CID-040,CA-0071,2025-11-17,2025-12-17,2374.24,USD,SampleGen
INV-30f18dae-b25d-463e-aa95-71bfa83de3b8,ID200691,CID-040,CA-0071,2025-12-03,2026-01-02,760.86,USD,SampleGen
INV-e4de3ff8-f6aa-44ac-8a9c-06ce17941098,ID200692,CID-040,CA-0071,2025-12-24,2026-01-23,970.72,USD,SampleGen
INV-fdde6d17-e5be-4259-b4c1-b594a2792d45,ID200693,CID-040,CA-0071,2025-12-20,2026-01-19,2196.2,USD,SampleGen
INV-0509a797-641f-44e8-8b66-a2b6d859d41b,ID200694,CID-040,CA-0071,2026-01-05,2026-02-04,4994.52,USD,SampleGen
INV-2f202990-942a-428a-ae95-7c5d851e2276,ID200695,CID-040,CA-0071,2026-01-22,2026-02-21,2709.3,USD,SampleGen
INV-8a7c5a1a-ef41-446f-83cb-0f3064e24e25,ID200696,CID-040,CA-0071,2026-02-10,2026-03-12,3904.86,USD,SampleGen
INV-c8b758d3-54ec-4468-afca-3cb258dad31e,ID200697,CID-040,CA-0071,2026-02-04,2026-03-06,3735.32,USD,SampleGen
INV-4d16cd50-ef2d-4e66-969c-19eab3f2d9bc,ID200698,CID-040,CA-0071,2026-02-21,2026-03-23,457.84,USD,SampleGen
INV-1e3b17b6-1cb7-4f36-bb78-02484270824e,ID200699,CID-040,CA-0071,2026-02-15,2026-03-17,1352.34,USD,SampleGen
INV-504f11df-e90e-4a51-a3df-38965c422060,ID200700,CID-040,CA-0071,2026-03-09,2026-04-08,2499.24,USD,SampleGen
INV-414e02cf-fd51-459c-8bdd-bd5b8642c89a,ID200701,CID-040,CA-0071,2026-03-21,2026-04-20,4324.48,USD,SampleGen
INV-b87c397f-0694-4c07-987e-578e0f7b02ef,ID200702,CID-040,CA-0071,2026-03-23,2026-04-22,4956.28,USD,SampleGen
INV-a150313e-a96a-4c44-85a6-553db44acf4a,ID200703,CID-040,CA-0071,2026-03-23,2026-04-22,2997.58,USD,SampleGen
INV-5cfc4ce1-262e-4b4a-bd51-6d32a4f35a19,ID200704,CID-041,CA-0073,2025-06-03,2025-07-03,3574.14,USD,SampleGen
INV-1da3e4a2-7bcf-4450-b698-de51e4690d3a,ID200705,CID-041,CA-0073,2025-07-22,2025-08-21,4288.5,USD,SampleGen
INV-9b4e8e83-4c16-4b9b-8f62-dbe4e433d45e,ID200706,CID-041,CA-0073,2025-08-30,2025-09-29,3552.9,USD,SampleGen
INV-b7c8bc51-69ac-4696-a41c-a1a7ec82ac84,ID200707,CID-041,CA-0073,2025-09-30,2025-10-30,996.14,USD,SampleGen
INV-37cc7d34-11c4-4b6f-ad4a-502586e4a5e2,ID200708,CID-041,CA-0073,2025-10-23,2025-11-22,2931.74,USD,SampleGen
INV-bb15fb21-e4f7-470d-9fd2-1151cb40d72e,ID200709,CID-041,CA-0073,2025-12-16,2026-01-15,771.54,USD,SampleGen
INV-41b6b195-09ca-4d9e-b781-8d32bfccd930,ID200710,CID-041,CA-0073,2026-01-21,2026-02-20,84.76,USD,SampleGen
INV-65b09387-6771-46b3-8f27-ce38c90dc55d,ID200711,CID-041,CA-0073,2026-02-21,2026-03-23,3101.28,USD,SampleGen
INV-6dac773a-bbd0-4b55-8f0c-ce63f86cf8c9,ID200712,CID-041,CA-0073,2026-02-24,2026-03-26,1155.22,USD,SampleGen
INV-b4da27b7-ddbe-46c3-8388-5ae668bc10a8,ID200713,CID-041,CA-0073,2026-03-04,2026-04-03,5602.9,USD,SampleGen
INV-1bb532c8-8a3c-4f51-9ba9-8c2fdbbac827,ID200714,CID-041,CA-0073,2026-03-25,2026-04-24,3951.52,USD,SampleGen
INV-bb45c4c4-9b65-4a40-8657-29eb646e7218,ID200715,CID-042,CA-0075,2025-06-26,2025-07-26,4188.96,USD,SampleGen
INV-df76e104-bdd3-4ea0-abed-589e1878ee56,ID200716,CID-042,CA-0075,2025-07-14,2025-08-13,2049.82,USD,SampleGen
INV-fbf645bd-852f-47ef-a52e-9eeae2d50509,ID200717,CID-042,CA-0075,2025-07-10,2025-08-09,3285.86,USD,SampleGen
INV-c085fe57-29f7-4061-b933-65f4a1224962,ID200718,CID-042,CA-0075,2025-08-29,2025-09-28,3839.08,USD,SampleGen
INV-372c4292-71bc-44b3-a7c3-9a08a8510e5e,ID200719,CID-042,CA-0075,2025-08-06,2025-09-05,2149.42,USD,SampleGen
INV-3e57f8ee-9f0e-4a6f-bbf5-77dc568a2b3e,ID200720,CID-042,CA-0075,2025-09-26,2025-10-26,2444.18,USD,SampleGen
INV-9bb46a08-111b-4db7-bea8-f3bbe6d318e7,ID200721,CID-042,CA-0075,2025-10-27,2025-11-26,5503.28,USD,SampleGen
INV-8a7569cb-2f84-4af9-9812-9e07ed8de74e,ID200722,CID-042,CA-0075,2025-11-04,2025-12-04,4731.58,USD,SampleGen
INV-28d8b025-e584-401d-b439-e142ac1626d2,ID200723,CID-042,CA-0075,2025-12-23,2026-01-22,3111.96,USD,SampleGen
INV-94d0aaf9-57a3-4f68-aa54-c2934d5b3065,ID200724,CID-042,CA-0075,2025-12-09,2026-01-08,958.02,USD,SampleGen
INV-60e8241a-f7c6-4459-b753-87f95df172ea,ID200725,CID-042,CA-0075,2026-01-20,2026-02-19,1028.1,USD,SampleGen
INV-257be832-3545-43ee-9c52-cae93e195f05,ID200726,CID-042,CA-0075,2026-01-10,2026-02-09,7457.94,USD,SampleGen
INV-1b2da94f-23f4-4460-ac29-2b60ad352658,ID200727,CID-042,CA-0075,2026-02-15,2026-03-17,953.9,USD,SampleGen
INV-ef8f0429-eccf-4ccd-836d-d82313d1fab9,ID200728,CID-042,CA-0075,2026-02-14,2026-03-16,4265.24,USD,SampleGen
INV-3287e797-ed2b-412b-86d9-18289ebeaa07,ID200729,CID-042,CA-0075,2026-02-05,2026-03-07,676.06,USD,SampleGen
INV-ed54a7cb-a514-45d5-8d6c-7f496617f2eb,ID200730,CID-042,CA-0075,2026-03-21,2026-04-20,4600.1,USD,SampleGen
INV-a99637aa-2c2a-4b76-bc3c-1bb77cf15d98,ID200731,CID-042,CA-0075,2026-03-22,2026-04-21,1235.78,USD,SampleGen
INV-964bcca3-fcdf-45e7-9fa5-52ccde606bfd,ID200732,CID-042,CA-0075,2026-03-11,2026-04-10,1526.26,USD,SampleGen
INV-f7cf30fd-8cab-4bfd-927f-740fec67f37b,ID200733,CID-042,CA-0075,2026-04-01,2026-05-01,2776.98,USD,SampleGen
INV-95c6d1c2-8774-419c-8db6-6ae2a72bbfcf,ID200734,CID-043,CA-0077,2025-06-13,2025-07-13,835.08,USD,SampleGen
INV-87770215-5bb7-4cc4-b023-fedc105568c0,ID200735,CID-043,CA-0077,2025-08-12,2025-09-11,731.24,USD,SampleGen
INV-d185e3db-a978-42e9-9bd1-3fa794356426,ID200736,CID-043,CA-0077,2025-11-07,2025-12-07,3709.86,USD,SampleGen
INV-2b376eda-2af3-44e9-afec-7ec0dd6c0199,ID200737,CID-043,CA-0077,2025-12-26,2026-01-25,3196.8,USD,SampleGen
INV-151b6944-f09a-47e5-b05d-aba058469c12,ID200738,CID-043,CA-0077,2026-01-17,2026-02-16,144.08,USD,SampleGen
INV-1f4bd0e0-18fe-4892-8440-01a20f7eb2c3,ID200739,CID-043,CA-0077,2026-02-27,2026-03-29,4375.52,USD,SampleGen
INV-b4e78e69-3578-4869-8093-baeb331807e0,ID200740,CID-043,CA-0077,2026-03-18,2026-04-17,2187.76,USD,SampleGen
INV-ba02eeb1-570e-4519-a8d9-e16ce23f3439,ID200741,CID-044,CA-0079,2025-08-22,2025-09-21,2213.1,USD,SampleGen
INV-28d83ffd-796d-4e1e-ab9d-a388fa871e2c,ID200742,CID-044,CA-0079,2025-10-27,2025-11-26,1806.12,USD,SampleGen
INV-eccce969-4962-451d-8494-561dc89736df,ID200743,CID-044,CA-0079,2025-12-14,2026-01-13,1462.68,USD,SampleGen
INV-c2af62d7-02f0-45e0-864f-767001ee5647,ID200744,CID-044,CA-0079,2026-03-05,2026-04-04,2179.12,USD,SampleGen
INV-44082854-f25f-4b66-87e8-cb18dc659990,ID200745,CID-045,CA-1485,2025-06-05,2025-07-05,3667.34,USD,SampleGen
INV-74c8fce2-a83a-42e7-8e2d-63eecf5bfc28,ID200746,CID-045,CA-1485,2025-07-16,2025-08-15,2143.08,USD,SampleGen
INV-6a393c40-c9c5-4769-acc0-d356fe8b3cd5,ID200747,CID-045,CA-1485,2025-08-30,2025-09-29,1517.74,USD,SampleGen
INV-789626b0-9904-486a-ba12-13e14c7623ac,ID200748,CID-045,CA-1485,2025-11-06,2025-12-06,1377.86,USD,SampleGen
INV-1dac46d8-5bc5-4965-b0ca-b49f79337057,ID200749,CID-045,CA-1485,2025-12-20,2026-01-19,495.96,USD,SampleGen
INV-ffdd55c6-3092-489a-b215-6fc2885646a7,ID200750,CID-045,CA-1485,2026-02-01,2026-03-03,2026.6,USD,SampleGen
INV-61f4fd9d-a0f7-4783-9892-191f96f3c8d5,ID200751,CID-045,CA-1485,2026-02-24,2026-03-26,2035.06,USD,SampleGen
INV-27490b3f-f32a-4971-b98d-4e5b9c3ea784,ID200752,CID-045,CA-1485,2026-03-30,2026-04-29,3281.56,USD,SampleGen
INV-3ff8c08b-9fcb-4923-b180-92fd3c6754ce,ID200753,CID-046,CA-0082,2025-06-09,2025-07-09,1108.46,USD,SampleGen
INV-2e109304-8c22-4f2d-aa45-fc5d6175ebac,ID200754,CID-046,CA-0082,2025-07-27,2025-08-26,616.7,USD,SampleGen
INV-ecab6153-3ba8-492f-8335-9c6720296136,ID200755,CID-046,CA-0082,2025-08-14,2025-09-13,385.72,USD,SampleGen
INV-8439b606-4815-444d-9e64-51d2861fb7b2,ID200756,CID-046,CA-0082,2025-08-10,2025-09-09,584.94,USD,SampleGen
INV-dc606ae3-2dc0-47ea-96df-22002811e132,ID200757,CID-046,CA-0082,2025-10-25,2025-11-24,2539.56,USD,SampleGen
INV-00997a9a-665d-4b9d-ab8f-13e152bd42ba,ID200758,CID-046,CA-0082,2025-11-16,2025-12-16,697.28,USD,SampleGen
INV-f7aa3ee0-ff60-4108-a6d3-fbfb658df161,ID200759,CID-046,CA-0082,2025-12-17,2026-01-16,786.38,USD,SampleGen
INV-d21f084f-e5b7-44b7-badf-409bc7953594,ID200760,CID-046,CA-0082,2025-12-11,2026-01-10,1577.12,USD,SampleGen
INV-727a5459-601c-4aa8-b490-57a83c2e9539,ID200761,CID-046,CA-0082,2026-01-08,2026-02-07,3491.4,USD,SampleGen
INV-9454dd84-da9d-4198-a19b-7b0aaa8ac525,ID200762,CID-046,CA-0082,2026-03-01,2026-03-31,7284.04,USD,SampleGen
INV-b067df30-27ab-4d6c-8282-7641fb0897a4,ID200763,CID-046,CA-0082,2026-02-15,2026-03-17,4752.84,USD,SampleGen
INV-8a79486d-72dd-48e1-b7aa-c0174c682eaf,ID200764,CID-046,CA-0082,2026-03-06,2026-04-05,1801.8,USD,SampleGen
INV-c96f5424-2224-4698-8e74-be61cc44c52f,ID200765,CID-046,CA-0082,2026-03-31,2026-04-30,572.2,USD,SampleGen
INV-3fcc5ac8-d42e-422c-934b-b9dc23d8de5b,ID200766,CID-047,CA-0084,2025-06-28,2025-07-28,3052.66,USD,SampleGen
INV-e8828e12-ac62-42f6-b0aa-ae11ffe6ef95,ID200767,CID-047,CA-0084,2025-07-06,2025-08-05,1534.68,USD,SampleGen
INV-9a1d2b9b-8d9e-44fa-9f98-591a297cc138,ID200768,CID-047,CA-0084,2025-08-08,2025-09-07,4396.66,USD,SampleGen
INV-f2c19691-5356-4089-b177-839512911679,ID200769,CID-047,CA-0084,2025-09-24,2025-10-24,2611.76,USD,SampleGen
INV-800d8a61-31d7-47aa-b116-fa85f13da941,ID200770,CID-047,CA-0084,2025-12-21,2026-01-20,4475.06,USD,SampleGen
INV-b9e1da55-b6bb-4870-bd27-7307e2c6bd7f,ID200771,CID-047,CA-0084,2026-01-15,2026-02-14,1055.62,USD,SampleGen
INV-f787a111-5184-4e07-99b0-d6f34470499a,ID200772,CID-047,CA-0084,2026-02-03,2026-03-05,2382.76,USD,SampleGen
INV-4bc383d8-f5e8-4c25-aa05-7e58ea1c365a,ID200773,CID-047,CA-0084,2026-02-11,2026-03-13,2223.74,USD,SampleGen
INV-89cd0cfe-d187-41be-87ee-ce019b138db1,ID200774,CID-047,CA-0084,2026-03-31,2026-04-30,5350.64,USD,SampleGen
INV-bebb88c4-bd58-4eb0-b3b5-5555dd126a10,ID200775,CID-047,CA-0084,2026-03-19,2026-04-18,4808.0,USD,SampleGen
INV-58030b40-23e6-4b11-8e29-7a10a5bd0f6f,ID200776,CID-048,CA-0086,2025-06-24,2025-07-24,476.82,USD,SampleGen
INV-75012c4c-f5c0-4f67-8a9d-9d8a72fe5adc,ID200777,CID-048,CA-0086,2025-07-06,2025-08-05,682.5,USD,SampleGen
INV-935c9730-af17-4c02-ac26-eec237d109c0,ID200778,CID-048,CA-0086,2025-07-03,2025-08-02,3518.92,USD,SampleGen
INV-26a3de43-cd6c-43a6-83d9-9d97497a7348,ID200779,CID-048,CA-0086,2025-08-09,2025-09-08,3042.0,USD,SampleGen
INV-06fa9f84-de73-4a31-812d-5cba085f0c66,ID200780,CID-048,CA-0086,2025-08-14,2025-09-13,1496.5,USD,SampleGen
INV-bc55dffd-05ab-4f76-a04a-0c3c787eb2bb,ID200781,CID-048,CA-0086,2025-10-20,2025-11-19,307.3,USD,SampleGen
INV-f2d66c45-de24-4535-8986-dd211a9f3eb0,ID200782,CID-048,CA-0086,2025-12-01,2025-12-31,1208.13,USD,SampleGen
INV-bf871365-bd5f-47b6-ab70-9070fa2d8f32,ID200783,CID-048,CA-0086,2025-12-20,2026-01-19,1254.84,USD,SampleGen
INV-deea83c4-2bc4-4453-b46f-166d4a036335,ID200784,CID-048,CA-0086,2026-01-16,2026-02-15,1950.26,USD,SampleGen
INV-4bca87c5-0555-411d-9c6c-9e302ffdc08c,ID200785,CID-048,CA-0086,2026-02-03,2026-03-05,3947.16,USD,SampleGen
INV-0b669689-2af9-4ad1-a7cd-9252e6348f07,ID200786,CID-048,CA-0086,2026-02-17,2026-03-19,1106.42,USD,SampleGen
INV-27064221-72c4-4da7-abd6-8982cc5d63ce,ID200787,CID-048,CA-0086,2026-03-24,2026-04-23,3434.22,USD,SampleGen
INV-d1a475a9-be36-4f99-92d7-0bd04e08ac26,ID200788,CID-048,CA-0086,2026-03-29,2026-04-28,224.64,USD,SampleGen
INV-8581a3b3-e854-465f-9c99-2e6dfe428087,ID200789,CID-048,CA-0086,2026-03-18,2026-04-17,1795.5,USD,SampleGen
INV-cde6a33c-c71c-4992-97ae-2711894299f1,ID200790,CID-049,CA-0088,2025-06-24,2025-07-24,275.52,USD,SampleGen
INV-d4ab7815-d104-412a-ae53-8cb0f1be698c,ID200791,CID-049,CA-0088,2025-07-03,2025-08-02,1191.2,USD,SampleGen
INV-3079e0ca-cc75-40a1-8a1d-679d7197f8b0,ID200792,CID-049,CA-0088,2025-08-16,2025-09-15,964.5,USD,SampleGen
INV-201af2c1-9455-4a46-9d59-cd4b1f681c18,ID200793,CID-049,CA-0088,2025-09-17,2025-10-17,4627.72,USD,SampleGen
INV-cf4e8a5b-7bb5-4703-9b7a-fb19c4e5f47e,ID200794,CID-049,CA-0088,2025-10-24,2025-11-23,3213.78,USD,SampleGen
INV-8cdc7ea8-5fd0-44cf-8dac-7f2ae0c5d0a3,ID200795,CID-049,CA-0088,2025-11-05,2025-12-05,2416.68,USD,SampleGen
INV-9d59e86e-7879-4d30-b9d3-b55ddde463a2,ID200796,CID-049,CA-0088,2025-12-21,2026-01-20,1195.56,USD,SampleGen
INV-32d84410-4fdc-4166-9fa9-3d62188aaa72,ID200797,CID-049,CA-0088,2026-01-12,2026-02-11,2102.8,USD,SampleGen
INV-626cec87-74c9-478f-976f-f1a3c8e760b7,ID200798,CID-049,CA-0088,2026-02-08,2026-03-10,3612.4,USD,SampleGen
INV-06a86b77-caed-4f9f-9c43-c40aff562b98,ID200799,CID-049,CA-0088,2026-02-16,2026-03-18,5605.08,USD,SampleGen
INV-bcddfc48-e537-4c3e-942a-48e0bd820bf9,ID200800,CID-049,CA-0088,2026-03-10,2026-04-09,601.94,USD,SampleGen
INV-67010f70-2858-4375-8247-a1b660d38bc3,ID200801,CID-049,CA-0088,2026-04-01,2026-05-01,1017.42,USD,SampleGen
INV-72c681b6-42ce-430c-b81a-514076060421,ID200802,CID-049,CA-0088,2026-04-01,2026-05-01,3603.8,USD,SampleGen
INV-89cc1740-1390-4bd4-8b1c-4d6eb1032980,ID200803,CID-050,CA-0090,2026-02-24,2026-03-26,2041.34,USD,SampleGen
INV-149215c1-260e-42fa-89bf-7c7ef6dd4bd5,ID200804,CID-050,CA-0090,2026-03-05,2026-04-04,771.56,USD,SampleGen
INV-f8941c5e-a7fb-41b3-8254-c02011ed0972,ID200805,CID-051,CA-1486,2025-06-09,2025-07-09,1116.98,USD,SampleGen
INV-4b9928a2-9f8c-45a3-90cc-72c943d3f915,ID200806,CID-051,CA-1486,2025-07-27,2025-08-26,5227.64,USD,SampleGen
INV-e1d805e5-3082-4ac0-b157-582454337e6f,ID200807,CID-051,CA-1486,2025-08-11,2025-09-10,500.2,USD,SampleGen
INV-fa19d502-0828-4d66-aced-7a894a209e10,ID200808,CID-051,CA-1486,2025-12-20,2026-01-19,4087.2,USD,SampleGen
INV-931201e7-bc38-4b49-84e8-9af433cad04d,ID200809,CID-051,CA-1486,2026-01-26,2026-02-25,2518.42,USD,SampleGen
INV-f17ea8e6-4d37-4d9e-98be-b1daf9053be7,ID200810,CID-051,CA-1486,2026-02-05,2026-03-07,597.66,USD,SampleGen
INV-c6a50030-64bf-4281-819b-cb18792f3942,ID200811,CID-051,CA-1486,2026-03-19,2026-04-18,1042.88,USD,SampleGen
INV-ed893ae4-dc68-43fe-99af-760f957c3a42,ID200812,CID-052,CA-0093,2025-06-18,2025-07-18,1174.2,USD,SampleGen
INV-85d908c7-0f50-4905-93d4-7d52ceda001a,ID200813,CID-052,CA-0093,2025-06-09,2025-07-09,587.04,USD,SampleGen
INV-b40c217e-8160-43e6-bb6a-2ebc9a303817,ID200814,CID-052,CA-0093,2025-07-19,2025-08-18,4002.4,USD,SampleGen
INV-437c3fb2-e0a9-47b9-90bc-e4fc88458b37,ID200815,CID-052,CA-0093,2025-07-18,2025-08-17,1770.06,USD,SampleGen
INV-ec05dbdf-8769-4384-b88b-101461d4409d,ID200816,CID-052,CA-0093,2025-08-16,2025-09-15,678.28,USD,SampleGen
INV-81a7876c-b3d2-433f-bafe-c7fa28f186a7,ID200817,CID-052,CA-0093,2025-08-27,2025-09-26,4290.68,USD,SampleGen
INV-319a9e8f-03f6-4698-b105-2a18cf3f5adb,ID200818,CID-052,CA-0093,2025-10-01,2025-10-31,1700.02,USD,SampleGen
INV-20be558d-7948-4983-b92b-d5b91a723a11,ID200819,CID-052,CA-0093,2025-10-02,2025-11-01,1468.94,USD,SampleGen
INV-006b0d74-7c09-4e94-acf3-0c6490bfa1ff,ID200820,CID-052,CA-0093,2025-11-14,2025-12-14,1725.46,USD,SampleGen
INV-3af82f18-751c-4408-9fcb-5f4a7db232ab,ID200821,CID-052,CA-0093,2025-12-08,2026-01-07,5253.16,USD,SampleGen
INV-db704977-ee4b-4121-b462-dfd41aa27cf3,ID200822,CID-052,CA-0093,2025-12-21,2026-01-20,3330.32,USD,SampleGen
INV-8a35d0dc-a2e6-46e0-8525-fc8cd33019fd,ID200823,CID-052,CA-0093,2026-01-12,2026-02-11,4002.4,USD,SampleGen
INV-81da7ede-0c22-4588-924c-b7179348af61,ID200824,CID-052,CA-0093,2026-02-07,2026-03-09,642.24,USD,SampleGen
INV-b17e156f-8f7f-4430-bce9-30f7cefb9a1f,ID200825,CID-052,CA-0093,2026-02-10,2026-03-12,7203.5,USD,SampleGen
INV-a92fc0f3-e08a-4825-b2c0-f702b59a2653,ID200826,CID-052,CA-0093,2026-02-12,2026-03-14,506.54,USD,SampleGen
INV-41e9aa99-752f-4fde-bc8a-c6898e9fd135,ID200827,CID-052,CA-0093,2026-03-15,2026-04-14,2157.86,USD,SampleGen
INV-1cfcf369-f84d-4bcd-ba6e-d0775f2f18bf,ID200828,CID-052,CA-0093,2026-03-04,2026-04-03,1666.12,USD,SampleGen
INV-187dea4b-3241-43ae-b332-7573c0a508da,ID200829,CID-052,CA-0093,2026-03-06,2026-04-05,1348.22,USD,SampleGen
INV-dd59905c-2adb-447f-9682-398d82298150,ID200830,CID-053,CA-0095,2025-06-13,2025-07-13,3807.4,USD,SampleGen
INV-c80d9ecb-d2f5-43f3-a1ad-d4304c889f35,ID200831,CID-053,CA-0095,2025-07-28,2025-08-27,5556.24,USD,SampleGen
INV-d883ec3d-adf1-4a9c-aa89-106a4aea44b7,ID200832,CID-053,CA-0095,2025-09-01,2025-10-01,2035.06,USD,SampleGen
INV-a192a7d9-fb0d-44b0-b490-90f2e7c91533,ID200833,CID-053,CA-0095,2025-08-16,2025-09-15,353.9,USD,SampleGen
INV-3dda6aa8-480a-4172-944a-255072dc27e6,ID200834,CID-053,CA-0095,2025-09-04,2025-10-04,3834.94,USD,SampleGen
INV-627cc7e6-3228-43e6-a991-7fa7513fad9a,ID200835,CID-053,CA-0095,2025-11-02,2025-12-02,2759.98,USD,SampleGen
INV-29c240e1-a449-4ccb-8b62-fc533e2b413b,ID200836,CID-053,CA-0095,2025-12-27,2026-01-26,3198.88,USD,SampleGen
INV-48bafde0-4372-42ae-b3fe-1431c9b2a201,ID200837,CID-053,CA-0095,2026-01-22,2026-02-21,903.1,USD,SampleGen
INV-82e33738-4a6c-410a-87ee-717ebc6e56be,ID200838,CID-053,CA-0095,2026-02-16,2026-03-18,5914.56,USD,SampleGen
INV-e19666c6-d9e8-4db5-9a01-a9d67d6bc8be,ID200839,CID-053,CA-0095,2026-02-20,2026-03-22,1734.04,USD,SampleGen
INV-e71d74be-7f04-4bc0-82a0-b9a9d4d12251,ID200840,CID-053,CA-0095,2026-03-19,2026-04-18,724.92,USD,SampleGen
INV-03468441-a624-4296-8ab8-3f3428f5ba91,ID200841,CID-053,CA-0095,2026-03-10,2026-04-09,1717.02,USD,SampleGen
INV-63716a06-eb6e-4279-bb7b-2fe9a0ee8026,ID200842,CID-054,CA-0096,2025-06-25,2025-07-25,972.92,USD,SampleGen
INV-c117ef28-b73c-47af-ae0f-e2cd25ceda86,ID200843,CID-054,CA-0096,2025-06-09,2025-07-09,3614.32,USD,SampleGen
INV-5b4d2dca-7220-43fe-8868-823a0542bd21,ID200844,CID-054,CA-0096,2025-07-25,2025-08-24,637.96,USD,SampleGen
INV-6cca57b9-181e-4044-badf-63095d627a87,ID200845,CID-054,CA-0096,2025-07-21,2025-08-20,1165.86,USD,SampleGen
INV-ab16c004-8434-485a-9703-9958e0a27653,ID200846,CID-054,CA-0096,2025-08-30,2025-09-29,394.22,USD,SampleGen
INV-7a04ec8d-c41b-4523-9280-5afadc8ba0d4,ID200847,CID-054,CA-0096,2025-08-22,2025-09-21,542.58,USD,SampleGen
INV-b8826e3e-ffdd-4c36-9ca1-aa4c57292eb2,ID200848,CID-054,CA-0096,2025-08-29,2025-09-28,1447.7,USD,SampleGen
INV-5555c0fa-4a10-4822-b394-6e8d778389ff,ID200849,CID-054,CA-0096,2025-09-19,2025-10-19,2016.02,USD,SampleGen
INV-65aa0bc0-e569-4a48-9dd7-b5dc9d14aee3,ID200850,CID-054,CA-0096,2025-10-06,2025-11-05,640.04,USD,SampleGen
INV-ecfb69e8-ab9c-4c87-b83b-e9999ca65246,ID200851,CID-054,CA-0096,2025-11-02,2025-12-02,3677.94,USD,SampleGen
INV-9d8df1e0-bc32-4af6-8068-7102b6be7fdd,ID200852,CID-054,CA-0096,2025-11-30,2025-12-30,2306.24,USD,SampleGen
INV-c9f4204c-dc62-4ff3-a1b3-ae9b8cc59a9f,ID200853,CID-054,CA-0096,2025-12-22,2026-01-21,3561.4,USD,SampleGen
INV-d44e3630-248e-4964-bbe4-656acd350155,ID200854,CID-054,CA-0096,2025-12-16,2026-01-15,5223.52,USD,SampleGen
INV-927c3b9d-8765-4b05-916d-929cfca2e303,ID200855,CID-054,CA-0096,2025-12-28,2026-01-27,3067.44,USD,SampleGen
INV-8c921899-0c85-41ec-a2f9-b30e02adf291,ID200856,CID-054,CA-0096,2026-01-09,2026-02-08,1850.58,USD,SampleGen
INV-19804f67-1027-4e11-8089-65042f751fcd,ID200857,CID-054,CA-0096,2026-01-16,2026-02-15,2374.24,USD,SampleGen
INV-b816e7f2-158d-4eaa-9d9c-0808985d2e93,ID200858,CID-054,CA-0096,2026-01-11,2026-02-10,987.68,USD,SampleGen
INV-a2a5c858-5c07-45ab-9b97-b96b5d3e2aa9,ID200859,CID-054,CA-0096,2026-02-15,2026-03-17,1483.84,USD,SampleGen
INV-e63922da-748a-45d1-a1ee-9d058f359ce3,ID200860,CID-054,CA-0096,2026-02-12,2026-03-14,3181.96,USD,SampleGen
INV-53389b7c-cd23-4be7-930c-8becb8cfc205,ID200861,CID-054,CA-0096,2026-02-25,2026-03-27,1589.9,USD,SampleGen
INV-246b48a4-ec88-4e39-b41e-e5e65c87f69c,ID200862,CID-054,CA-0096,2026-02-23,2026-03-25,262.8,USD,SampleGen
INV-21bc683a-f36a-4e2d-a069-d2182d12dfae,ID200863,CID-054,CA-0096,2026-02-22,2026-03-24,394.2,USD,SampleGen
INV-cc48ebfd-48a4-4c34-837d-cffdc615401c,ID200864,CID-054,CA-0096,2026-03-29,2026-04-28,2268.24,USD,SampleGen
INV-1a54def4-0950-413b-8ad9-9b61dd102303,ID200865,CID-054,CA-0096,2026-03-25,2026-04-24,515.04,USD,SampleGen
INV-3dafce56-7f70-4742-b6d3-4fec41c14675,ID200866,CID-054,CA-0096,2026-03-27,2026-04-26,4362.72,USD,SampleGen
INV-5a20e00e-7445-4fbe-87b9-6f639dfa1e92,ID200867,CID-054,CA-0096,2026-04-01,2026-05-01,4430.56,USD,SampleGen
INV-5b48be22-5f85-4c2e-b035-308796c82808,ID200868,CID-054,CA-0096,2026-03-21,2026-04-20,1000.38,USD,SampleGen
INV-f57c5170-c1bd-4732-9434-e186fe6d0284,ID200869,CID-054,CA-0096,2026-03-09,2026-04-08,3993.96,USD,SampleGen
INV-452cc643-b498-44e4-bae2-6e6af84cc36e,ID200870,CID-055,CA-0098,2025-06-14,2025-07-14,661.2,USD,SampleGen
INV-39fdfcf7-9ad6-4353-9751-417c39f25e08,ID200871,CID-055,CA-0098,2025-08-09,2025-09-08,3650.36,USD,SampleGen
INV-84c53046-b9f4-466d-b14f-6b920c9147c6,ID200872,CID-055,CA-0098,2025-09-08,2025-10-08,2151.58,USD,SampleGen
INV-bded3afe-f7db-4deb-a09b-a30a8be9c5ae,ID200873,CID-055,CA-0098,2026-01-27,2026-02-26,1299.48,USD,SampleGen
INV-588a1ef3-beeb-473e-a22e-078be299f76d,ID200874,CID-056,CA-0100,2025-06-10,2025-07-10,883.86,USD,SampleGen
INV-4db8fd8d-3de3-4fff-846f-b71fa91516cf,ID200875,CID-056,CA-0100,2025-08-01,2025-08-31,1420.18,USD,SampleGen
INV-6b5550fa-aab6-42ab-813f-2705f4f66c3b,ID200876,CID-056,CA-0100,2025-08-19,2025-09-18,322.14,USD,SampleGen
INV-894c6d5b-b164-40e4-b37a-4c403b0f038f,ID200877,CID-056,CA-0100,2025-08-19,2025-09-18,2484.36,USD,SampleGen
INV-41fe09f5-6e07-4da6-b22c-0ad9252a3a55,ID200878,CID-056,CA-0100,2025-10-24,2025-11-23,4858.72,USD,SampleGen
INV-303f7bb6-dfd5-4dc6-b256-282cee103fa5,ID200879,CID-056,CA-0100,2025-11-15,2025-12-15,1138.28,USD,SampleGen
INV-7ac99501-30fd-47b3-a70f-b48f509bad36,ID200880,CID-056,CA-0100,2025-12-31,2026-01-30,2289.38,USD,SampleGen
INV-31029ccf-ccc0-41c1-9a75-7a6497576cf6,ID200881,CID-056,CA-0100,2026-01-17,2026-02-16,169.56,USD,SampleGen
INV-1bda84cc-d548-486d-b407-9ef2249fd2ef,ID200882,CID-056,CA-0100,2026-02-05,2026-03-07,2507.66,USD,SampleGen
INV-fe15faa5-1306-4acd-a89b-c942e55904e7,ID200883,CID-056,CA-0100,2026-02-07,2026-03-09,2895.72,USD,SampleGen
INV-030e4236-6bc7-4bdd-bd62-cf74b73a9b5c,ID200884,CID-056,CA-0100,2026-03-25,2026-04-24,3014.54,USD,SampleGen
INV-b72dd127-c989-4160-b91b-43d8ac0bf1dd,ID200885,CID-056,CA-0100,2026-03-03,2026-04-02,2100.74,USD,SampleGen
INV-560914df-8571-4917-99f8-c4892cdad51c,ID200886,CID-057,CA-0102,2025-08-02,2025-09-01,1905.68,USD,SampleGen
INV-d2a8e2f6-2df4-4753-aa30-2a5a89bd13b5,ID200887,CID-057,CA-0102,2026-02-10,2026-03-12,904.96,USD,SampleGen
INV-0803144b-629e-4dac-802f-c074efd2c439,ID200888,CID-058,CA-0104,2025-06-22,2025-07-22,353.94,USD,SampleGen
INV-53ac8c7c-b941-4257-92e3-a9e0c51fc6f7,ID200889,CID-058,CA-0104,2025-07-19,2025-08-18,4725.2,USD,SampleGen
INV-21484085-a97f-48c3-9134-5f286e414fc4,ID200890,CID-058,CA-0104,2025-07-03,2025-08-02,466.32,USD,SampleGen
INV-473d412a-ecc7-4090-8829-619a37d05c99,ID200891,CID-058,CA-0104,2025-08-27,2025-09-26,5490.54,USD,SampleGen
INV-a7cf705d-8637-4f1e-8a5b-22c2168e3e9b,ID200892,CID-058,CA-0104,2025-08-13,2025-09-12,767.34,USD,SampleGen
INV-2b1e83ce-d5d0-46f8-9dd0-37c2204b19fb,ID200893,CID-058,CA-0104,2025-09-02,2025-10-02,464.18,USD,SampleGen
INV-54c1e1db-57e9-4263-9d3e-c555aab43fd4,ID200894,CID-058,CA-0104,2025-10-11,2025-11-10,3981.24,USD,SampleGen
INV-7b007a05-b10a-406e-bbe6-ab534f3c24c7,ID200895,CID-058,CA-0104,2025-11-11,2025-12-11,6983.04,USD,SampleGen
INV-5f000667-384f-4e5b-aca8-775b7ed9ae94,ID200896,CID-058,CA-0104,2025-12-24,2026-01-23,1602.56,USD,SampleGen
INV-6d01b014-04f1-4e17-b342-0c7e2092c788,ID200897,CID-058,CA-0104,2025-12-30,2026-01-29,2433.52,USD,SampleGen
INV-48c54e64-83e0-4823-a9ee-314d62c69c5f,ID200898,CID-058,CA-0104,2025-12-17,2026-01-16,1611.12,USD,SampleGen
INV-1188c92e-08e7-4115-ad2f-c6793c2d0097,ID200899,CID-058,CA-0104,2026-01-02,2026-02-01,4559.9,USD,SampleGen
INV-dc92b013-6c64-4110-a44d-91e156523580,ID200900,CID-058,CA-0104,2026-01-09,2026-02-08,2052.04,USD,SampleGen
INV-c95c153e-a5cc-43a1-acdf-38510d8dd007,ID200901,CID-058,CA-0104,2026-02-04,2026-03-06,1392.72,USD,SampleGen
INV-b4122e4d-3305-4178-a693-8e822a2c9895,ID200902,CID-058,CA-0104,2026-02-27,2026-03-29,3892.16,USD,SampleGen
INV-00a18eb6-9129-4217-8f6a-e1e979951d04,ID200903,CID-058,CA-0104,2026-02-02,2026-03-04,1827.18,USD,SampleGen
INV-36e8b595-77d7-4ce7-ad2e-e2e773ca5baa,ID200904,CID-058,CA-0104,2026-03-29,2026-04-28,2162.16,USD,SampleGen
INV-9ebac217-54dc-4a70-8cca-f4e607875487,ID200905,CID-058,CA-0104,2026-03-09,2026-04-08,3781.96,USD,SampleGen
INV-2645a5f1-29fd-4b74-b011-e65d3f846995,ID200906,CID-058,CA-0104,2026-03-14,2026-04-13,423.86,USD,SampleGen
INV-ba7cdcd1-e77f-4bec-8389-8a2e0c61e9ce,ID200907,CID-058,CA-0104,2026-03-21,2026-04-20,941.08,USD,SampleGen
INV-7a09125b-4d52-48d6-95e1-9c974261bb52,ID200908,CID-059,CA-0106,2025-06-11,2025-07-11,903.0,USD,SampleGen
INV-40fedf17-8791-4f7c-a153-4fed3c40b010,ID200909,CID-059,CA-0106,2025-07-27,2025-08-26,2569.24,USD,SampleGen
INV-988aa57f-b12e-4e74-937f-1455c551072e,ID200910,CID-059,CA-0106,2025-08-24,2025-09-23,362.42,USD,SampleGen
INV-0e9ac9d3-ca19-4143-a5af-7fb555261128,ID200911,CID-059,CA-0106,2025-08-07,2025-09-06,1187.12,USD,SampleGen
INV-ec053a22-512f-49cd-b0c0-253762a4b2a6,ID200912,CID-059,CA-0106,2025-10-11,2025-11-10,695.26,USD,SampleGen
INV-1eecbf65-9b09-4e2a-b395-165f4ae6dde7,ID200913,CID-059,CA-0106,2025-12-29,2026-01-28,3497.74,USD,SampleGen
INV-0d2fb439-c4d1-48d2-a261-995579fd2609,ID200914,CID-059,CA-0106,2026-01-20,2026-02-19,139.88,USD,SampleGen
INV-8e98e559-660a-45df-b7f9-9e5c6c1c34fc,ID200915,CID-059,CA-0106,2026-03-01,2026-03-31,2374.12,USD,SampleGen
INV-c2932024-3530-4ab6-9f0c-cdbf84858a48,ID200916,CID-059,CA-0106,2026-02-14,2026-03-16,1920.56,USD,SampleGen
INV-40e5ce8c-827b-4442-8ef5-ce1ab525a3bc,ID200917,CID-059,CA-0106,2026-03-20,2026-04-19,3309.08,USD,SampleGen
INV-c02b8d2e-0a81-4756-a5ed-57c68911e6bb,ID200918,CID-059,CA-0106,2026-03-28,2026-04-27,5132.24,USD,SampleGen
INV-26db4034-edde-412d-8fef-65896846100e,ID200919,CID-059,CA-0106,2026-04-01,2026-05-01,1780.68,USD,SampleGen
INV-2626022b-4a49-4800-aaa4-c6ee46a57b2a,ID200920,CID-060,CA-0107,2025-06-18,2025-07-18,2923.22,USD,SampleGen
INV-0e53ab4f-94a6-47fc-843e-130cbef10d7b,ID200921,CID-060,CA-0107,2025-07-24,2025-08-23,2683.72,USD,SampleGen
INV-c24ca455-6a39-4d3b-8a17-76e1280217c6,ID200922,CID-060,CA-0107,2025-08-30,2025-09-29,1008.98,USD,SampleGen
INV-0fd944da-67e0-4ca1-adf3-ec80e303a0a1,ID200923,CID-060,CA-0107,2025-08-19,2025-09-18,932.56,USD,SampleGen
INV-13602b1f-c2d5-4a4d-839c-3ba48cdd7de7,ID200924,CID-060,CA-0107,2025-11-18,2025-12-18,3633.42,USD,SampleGen
INV-ef74ef07-9542-408e-a55a-eef855fe8922,ID200925,CID-060,CA-0107,2025-12-17,2026-01-16,8238.06,USD,SampleGen
INV-370721e0-4989-4aba-bfd6-99fd9781a0f0,ID200926,CID-060,CA-0107,2025-12-18,2026-01-17,2039.28,USD,SampleGen
INV-3926d972-4637-4e80-9c6f-652d9a9995cc,ID200927,CID-060,CA-0107,2026-01-13,2026-02-12,1912.16,USD,SampleGen
INV-79abbd83-64b6-49d3-96e8-589a5714c44c,ID200928,CID-060,CA-0107,2026-01-31,2026-03-02,525.7,USD,SampleGen
INV-49005bd6-25be-4b4c-a4cd-3b638e7a52a0,ID200929,CID-060,CA-0107,2026-02-08,2026-03-10,2001.12,USD,SampleGen
INV-d4d80e75-c95e-458d-8088-e08428af0dcb,ID200930,CID-060,CA-0107,2026-02-07,2026-03-09,686.72,USD,SampleGen
INV-70351486-a47c-4340-8370-2d1c48914bee,ID200931,CID-060,CA-0107,2026-03-25,2026-04-24,2117.66,USD,SampleGen
INV-ed2b993c-eb6c-4c6c-aeb0-3366afad5354,ID200932,CID-060,CA-0107,2026-03-28,2026-04-27,279.72,USD,SampleGen
INV-6836bf2a-49cc-4bd5-9505-b76d469765ae,ID200933,CID-061,CA-0109,2025-06-17,2025-07-17,593.48,USD,SampleGen
INV-d709a12a-be8a-4c22-8bed-ee4252dfd48e,ID200934,CID-061,CA-0109,2025-07-18,2025-08-17,701.56,USD,SampleGen
INV-812479af-0b21-4bd1-b097-881bdd121031,ID200935,CID-061,CA-0109,2025-07-29,2025-08-28,538.38,USD,SampleGen
INV-44546a50-5d2e-4a5d-96ac-b706833d1d5c,ID200936,CID-061,CA-0109,2025-08-22,2025-09-21,474.76,USD,SampleGen
INV-478bf0a7-9dff-49fb-8256-cbb144574dfa,ID200937,CID-061,CA-0109,2025-08-11,2025-09-10,1059.8,USD,SampleGen
INV-7c06a6c5-fcce-4a6a-816c-68ff4237cb48,ID200938,CID-061,CA-0109,2025-08-13,2025-09-12,3258.24,USD,SampleGen
INV-9dca1194-20fe-4cff-aecc-51174ca899f1,ID200939,CID-061,CA-0109,2025-10-10,2025-11-09,1850.58,USD,SampleGen
INV-115caada-d93f-473a-af7c-940df1dc035d,ID200940,CID-061,CA-0109,2025-11-09,2025-12-09,574.38,USD,SampleGen
INV-80856607-504a-4ce4-a0b1-eab43fa03293,ID200941,CID-061,CA-0109,2025-12-28,2026-01-27,2819.4,USD,SampleGen
INV-fadf4740-b786-4c01-9216-bfb22b01a591,ID200942,CID-061,CA-0109,2025-12-07,2026-01-06,1068.36,USD,SampleGen
INV-3bf74315-2281-4f8c-9455-73a7aa59b3f3,ID200943,CID-061,CA-0109,2025-12-23,2026-01-22,3078.14,USD,SampleGen
INV-3bdbc5fe-b4d1-444c-b37d-46835ef244d3,ID200944,CID-061,CA-0109,2026-01-29,2026-02-28,432.42,USD,SampleGen
INV-067c1d74-2e9c-41c7-8540-144935f2a408,ID200945,CID-061,CA-0109,2026-01-03,2026-02-02,3493.54,USD,SampleGen
INV-0a56ff4c-d85f-458b-b2a7-707b3e90ec13,ID200946,CID-061,CA-0109,2026-02-24,2026-03-26,966.52,USD,SampleGen
INV-24e07aa8-7abf-4654-824d-845eafb922b2,ID200947,CID-061,CA-0109,2026-02-11,2026-03-13,4430.56,USD,SampleGen
INV-e90e84eb-4bcc-44e0-99ee-63f841d943c3,ID200948,CID-061,CA-0109,2026-02-07,2026-03-09,945.38,USD,SampleGen
INV-954cc736-b5d2-4a3b-9907-60e47bebd273,ID200949,CID-061,CA-0109,2026-02-12,2026-03-14,3063.24,USD,SampleGen
INV-d9a441f1-6ed4-4042-8f89-b132ebc4d701,ID200950,CID-061,CA-0109,2026-03-28,2026-04-27,267.0,USD,SampleGen
INV-da2fa1b3-b4cf-48d8-833d-7014918d2929,ID200951,CID-061,CA-0109,2026-03-02,2026-04-01,2749.42,USD,SampleGen
INV-80232d1c-679b-48b3-884e-cc9f916679f8,ID200952,CID-061,CA-0109,2026-03-06,2026-04-05,1808.16,USD,SampleGen
INV-9a1c6c6c-c21b-4e95-9c4d-5191698785fa,ID200953,CID-061,CA-0109,2026-03-05,2026-04-04,890.26,USD,SampleGen
INV-526609df-6253-4cea-aec7-2e4c00def7b6,ID200954,CID-061,CA-0109,2026-03-21,2026-04-20,5418.6,USD,SampleGen
INV-58ad55d0-6cb6-422c-94c5-11350ea6873f,ID200955,CID-062,CA-0111,2025-06-26,2025-07-26,746.08,USD,SampleGen
INV-74e9bec0-e994-4ba4-a9a7-796ef1fa0b4b,ID200956,CID-062,CA-0111,2025-06-21,2025-07-21,421.74,USD,SampleGen
INV-bbfd5b26-c276-4e5b-b3c1-3e1c2e983028,ID200957,CID-062,CA-0111,2025-06-25,2025-07-25,627.42,USD,SampleGen
INV-651dbe8c-69ae-4e9f-bd75-d6e930f5d6a0,ID200958,CID-062,CA-0111,2025-07-17,2025-08-16,627.4,USD,SampleGen
INV-638856e4-76e7-4fe9-b0b8-c11a6e1e61ac,ID200959,CID-062,CA-0111,2025-07-18,2025-08-17,3107.76,USD,SampleGen
INV-1fcd418e-85ab-4831-8c01-8c152595032a,ID200960,CID-062,CA-0111,2025-07-30,2025-08-29,7318.0,USD,SampleGen
INV-644e4169-141a-42a5-a09b-8300433511fc,ID200961,CID-062,CA-0111,2025-07-13,2025-08-12,943.18,USD,SampleGen
INV-038556ff-f305-478c-91f2-df91f40cf1ec,ID200962,CID-062,CA-0111,2025-08-22,2025-09-21,1572.88,USD,SampleGen
INV-d6907c39-2ab6-4ed7-bcaf-e05eabe11657,ID200963,CID-062,CA-0111,2025-08-09,2025-09-08,3771.18,USD,SampleGen
INV-9bf8a919-f007-4967-8241-491c43550129,ID200964,CID-062,CA-0111,2025-08-30,2025-09-29,1958.64,USD,SampleGen
INV-0d9b996c-2f07-4ee8-a07d-d84e4654429d,ID200965,CID-062,CA-0111,2025-08-10,2025-09-09,1288.72,USD,SampleGen
INV-e3f84807-d6f0-4935-8602-954420400559,ID200966,CID-062,CA-0111,2025-08-29,2025-09-28,1199.74,USD,SampleGen
INV-c49d266f-2a8d-48da-986a-78a4ee3652af,ID200967,CID-062,CA-0111,2025-08-29,2025-09-28,1604.64,USD,SampleGen
INV-de782998-27ed-493c-8d3b-6c7a4611024e,ID200968,CID-062,CA-0111,2025-09-16,2025-10-16,542.62,USD,SampleGen
INV-a9ae18e8-99db-48ae-b874-61aa464f8fe0,ID200969,CID-062,CA-0111,2025-10-21,2025-11-20,2077.38,USD,SampleGen
INV-c11e1544-c31f-497e-b47e-1a8f664e03e0,ID200970,CID-062,CA-0111,2025-10-30,2025-11-29,1210.38,USD,SampleGen
INV-5aeda7f3-fbca-4126-a592-e32ea60d4164,ID200971,CID-062,CA-0111,2025-11-29,2025-12-29,669.76,USD,SampleGen
INV-1a6e961d-986f-42d9-8fe9-18d91a224031,ID200972,CID-062,CA-0111,2025-11-05,2025-12-05,2819.46,USD,SampleGen
INV-303b2d60-7b63-4fba-a848-e726c739d35a,ID200973,CID-062,CA-0111,2025-12-30,2026-01-29,2878.74,USD,SampleGen
INV-0d794e26-ac81-46f3-81ea-3f402597d10b,ID200974,CID-062,CA-0111,2025-12-10,2026-01-09,991.94,USD,SampleGen
INV-d9c34627-111d-4a8a-be08-6242cd19c179,ID200975,CID-062,CA-0111,2025-12-06,2026-01-05,2251.18,USD,SampleGen
INV-b9f9bedd-b27b-4b85-bed0-5049ee622432,ID200976,CID-062,CA-0111,2025-12-06,2026-01-05,760.86,USD,SampleGen
INV-8404e1a0-3ee9-42d1-8d34-eb864c90ca62,ID200977,CID-062,CA-0111,2025-12-15,2026-01-14,6347.08,USD,SampleGen
INV-6d419f89-ab04-44ad-a3fe-d657b9028d8f,ID200978,CID-062,CA-0111,2026-01-13,2026-02-12,1695.88,USD,SampleGen
INV-d0414a57-156c-4c4c-ba34-f780d206e616,ID200979,CID-062,CA-0111,2026-01-24,2026-02-23,158.94,USD,SampleGen
INV-4b62d48f-563d-4d2c-922e-63d34857c4fe,ID200980,CID-062,CA-0111,2026-01-30,2026-03-01,55.08,USD,SampleGen
INV-f1dd1c56-dea4-4722-84b8-a4f53855dc03,ID200981,CID-062,CA-0111,2026-01-30,2026-03-01,1405.46,USD,SampleGen
INV-b041d8d5-24f2-49e3-a656-61475becd9e2,ID200982,CID-062,CA-0111,2026-02-20,2026-03-22,2016.02,USD,SampleGen
INV-c7ae3fa8-f533-488b-99c0-b0f3b394dc5d,ID200983,CID-062,CA-0111,2026-02-24,2026-03-26,2075.28,USD,SampleGen
INV-0110f514-907c-444b-a52c-4744437ca33b,ID200984,CID-062,CA-0111,2026-02-19,2026-03-21,3663.16,USD,SampleGen
INV-0e6f3020-b367-4072-bc50-9c0ffcc405cc,ID200985,CID-062,CA-0111,2026-02-12,2026-03-14,7394.36,USD,SampleGen
INV-33afa928-9bf5-4764-9ad0-c9b95b6d5d40,ID200986,CID-062,CA-0111,2026-02-02,2026-03-04,5808.6,USD,SampleGen
INV-e23a6c9c-bbc9-47e9-9c5a-2caf49c5d354,ID200987,CID-062,CA-0111,2026-02-11,2026-03-13,390.0,USD,SampleGen
INV-76571f23-a585-473a-86c0-9077bb2fcdd6,ID200988,CID-062,CA-0111,2026-02-03,2026-03-05,1513.44,USD,SampleGen
INV-4c9a9d27-9e16-4d45-9f2a-cdb1b81a87d0,ID200989,CID-062,CA-0111,2026-02-05,2026-03-07,1265.4,USD,SampleGen
INV-9be874a5-7eb2-4cbd-9484-515bf3c2729d,ID200990,CID-062,CA-0111,2026-03-24,2026-04-23,4979.68,USD,SampleGen
INV-26923379-83ed-4443-ab05-0e4cb03d7147,ID200991,CID-062,CA-0111,2026-03-30,2026-04-29,1685.2,USD,SampleGen
INV-414e3a66-655c-45d2-a665-f4140ecaea6e,ID200992,CID-062,CA-0111,2026-03-29,2026-04-28,572.24,USD,SampleGen
INV-63354113-b9b3-4ae8-b4c4-46ff8ed9f746,ID200993,CID-062,CA-0111,2026-03-27,2026-04-26,3334.54,USD,SampleGen
INV-5fc165bb-a7b0-4281-8850-e0d734cc5aae,ID200994,CID-062,CA-0111,2026-03-15,2026-04-14,1174.26,USD,SampleGen
INV-d69b237e-0c27-41e1-8835-2accb9b1706a,ID200995,CID-062,CA-0111,2026-03-03,2026-04-02,4089.28,USD,SampleGen
INV-25b096e6-98c8-4982-9529-dc1b01217579,ID200996,CID-062,CA-0111,2026-03-28,2026-04-27,1157.34,USD,SampleGen
INV-b02af504-340e-48de-b2de-5464ed3e82dc,ID200997,CID-062,CA-0111,2026-03-09,2026-04-08,4112.64,USD,SampleGen
INV-ac7b10cb-c5e6-47fb-852f-32a4fdc88f5f,ID200998,CID-062,CA-0111,2026-03-20,2026-04-19,2463.22,USD,SampleGen
INV-d3218edb-5400-46b5-af68-d1d6d268f1f8,ID200999,CID-062,CA-0111,2026-03-21,2026-04-20,635.9,USD,SampleGen
INV-b1abbd8c-bcbf-44f6-9a48-862703015bda,ID201000,CID-063,CA-0113,2025-06-17,2025-07-17,881.68,USD,SampleGen
INV-77cf6b57-a4a1-49d5-b42e-baa91bc87002,ID201001,CID-063,CA-0113,2025-07-01,2025-07-31,873.28,USD,SampleGen
INV-30eb2472-be0c-41a4-a01f-f9db7f9ade08,ID201002,CID-063,CA-0113,2025-06-03,2025-07-03,1066.14,USD,SampleGen
INV-8cafa553-b31e-4ad6-8927-d5a20367d422,ID201003,CID-063,CA-0113,2025-07-13,2025-08-12,1899.36,USD,SampleGen
INV-e5c6c5e0-bb3e-4727-9cee-c0c74e5889cf,ID201004,CID-063,CA-0113,2025-07-15,2025-08-14,2416.54,USD,SampleGen
INV-ede62ee9-4a49-41a6-9be0-bacf708667d8,ID201005,CID-063,CA-0113,2025-07-05,2025-08-04,731.26,USD,SampleGen
INV-af9a0e6c-2aa4-4a65-a7cf-a0578cf7b346,ID201006,CID-063,CA-0113,2025-07-12,2025-08-11,591.26,USD,SampleGen
INV-a647392c-35bd-4ec2-8010-49bea3909a28,ID201007,CID-063,CA-0113,2025-08-15,2025-09-14,4127.46,USD,SampleGen
INV-aeb88eeb-64cc-4e98-a90a-dc7586895421,ID201008,CID-063,CA-0113,2025-08-24,2025-09-23,3527.4,USD,SampleGen
INV-170e5e4a-9dc3-4710-99a4-711b449fbf38,ID201009,CID-063,CA-0113,2025-08-16,2025-09-15,1339.68,USD,SampleGen
INV-45015909-e393-4d42-8194-08d6618da657,ID201010,CID-063,CA-0113,2025-08-10,2025-09-09,1776.36,USD,SampleGen
INV-5f8fb49e-a375-4392-be6e-dd421a25efef,ID201011,CID-063,CA-0113,2025-08-03,2025-09-02,4044.82,USD,SampleGen
INV-fb257cf6-76af-4adc-b660-04bb3dba85fe,ID201012,CID-063,CA-0113,2025-09-08,2025-10-08,2753.7,USD,SampleGen
INV-f3691658-ca1f-4b8d-aa02-ee0dff1cbb99,ID201013,CID-063,CA-0113,2025-09-03,2025-10-03,2280.92,USD,SampleGen
INV-5d7e7e39-148d-4972-be15-cb7103e05232,ID201014,CID-063,CA-0113,2025-11-01,2025-12-01,5647.44,USD,SampleGen
INV-4265e09a-8d99-4f53-a751-ceb1d1e9d48b,ID201015,CID-063,CA-0113,2025-11-03,2025-12-03,1623.74,USD,SampleGen
INV-7245fee8-20ed-4c81-bf5b-a5659b029346,ID201016,CID-063,CA-0113,2025-11-29,2025-12-29,2791.69,USD,SampleGen
INV-25095fe7-43bf-4ba7-8cc4-8abb63af5be2,ID201017,CID-063,CA-0113,2025-12-18,2026-01-17,860.62,USD,SampleGen
INV-7426e54f-4627-4376-8ea8-5714cf19dabc,ID201018,CID-063,CA-0113,2025-12-02,2026-01-01,3665.24,USD,SampleGen
INV-adac0ce5-15f1-421b-bfa0-a33aa9048072,ID201019,CID-063,CA-0113,2025-12-15,2026-01-14,379.38,USD,SampleGen
INV-6572af18-559d-44cd-90ff-b05c20fd1b99,ID201020,CID-063,CA-0113,2025-12-27,2026-01-26,3900.68,USD,SampleGen
INV-76bc2df1-00d7-4f25-97aa-cde7d5939022,ID201021,CID-063,CA-0113,2026-01-01,2026-01-31,915.58,USD,SampleGen
INV-2235620b-19d8-47e3-af2a-ed10744c1a8b,ID201022,CID-063,CA-0113,2026-01-17,2026-02-16,3659.0,USD,SampleGen
INV-5d51e405-6856-4cae-9256-784e55563a98,ID201023,CID-063,CA-0113,2026-01-09,2026-02-08,4981.78,USD,SampleGen
INV-bec8386a-4a8c-4d2a-a461-e2cca91a50e5,ID201024,CID-063,CA-0113,2026-01-22,2026-02-21,597.78,USD,SampleGen
INV-54d49aac-3068-476c-a397-356a9538a03b,ID201025,CID-063,CA-0113,2026-02-17,2026-03-19,1780.68,USD,SampleGen
INV-231767a3-2650-4371-bd36-bddf1120ec80,ID201026,CID-063,CA-0113,2026-02-12,2026-03-14,3111.94,USD,SampleGen
INV-2cc88a79-0cca-4019-8ec1-c2fc9fd5a2f5,ID201027,CID-063,CA-0113,2026-02-17,2026-03-19,411.2,USD,SampleGen
INV-d9a2cbf9-c576-4cea-a462-37a2980fcd24,ID201028,CID-063,CA-0113,2026-02-17,2026-03-19,2490.78,USD,SampleGen
INV-86883a66-d038-4689-88e0-76568ff89ec7,ID201029,CID-063,CA-0113,2026-02-03,2026-03-05,726.92,USD,SampleGen
INV-730941fd-b2ca-4137-9705-c03bf949a5d9,ID201030,CID-063,CA-0113,2026-02-26,2026-03-28,4682.82,USD,SampleGen
INV-33dc162b-c876-4ed5-b986-07552a9bbcc0,ID201031,CID-063,CA-0113,2026-02-12,2026-03-14,2605.3,USD,SampleGen
INV-f71ffda8-f0de-4932-aba6-461c75d12c36,ID201032,CID-063,CA-0113,2026-03-22,2026-04-21,3938.7,USD,SampleGen
INV-14757e60-2880-4ed7-ad17-f79e173df20a,ID201033,CID-063,CA-0113,2026-03-14,2026-04-13,1776.38,USD,SampleGen
INV-58e1e149-526b-4d64-8540-b237b97dcdc2,ID201034,CID-063,CA-0113,2026-03-05,2026-04-04,2433.54,USD,SampleGen
INV-2158405f-de4b-4479-beeb-efc3ace73cdb,ID201035,CID-063,CA-0113,2026-03-03,2026-04-02,3362.08,USD,SampleGen
INV-4028d011-3f7f-4f12-a3df-0367f99eadae,ID201036,CID-063,CA-0113,2026-03-09,2026-04-08,1047.06,USD,SampleGen
INV-85fbc991-61be-48f9-86b3-ca673ab5e0d6,ID201037,CID-063,CA-0113,2026-03-03,2026-04-02,661.32,USD,SampleGen
INV-671fd797-7ce9-4580-ae4b-75f47bc5c7d6,ID201038,CID-063,CA-0113,2026-03-20,2026-04-19,710.04,USD,SampleGen
INV-57b2b67c-be0a-42a6-aad3-bd049d81d089,ID201039,CID-063,CA-0113,2026-03-22,2026-04-21,2310.58,USD,SampleGen
INV-31bf9797-363b-4402-b918-a6a8f6089a1a,ID201040,CID-064,CA-1487,2025-08-08,2025-09-07,915.72,USD,SampleGen
INV-97278a4a-08c3-4932-aece-7bfee955b96a,ID201041,CID-064,CA-1487,2026-02-19,2026-03-21,3722.56,USD,SampleGen
INV-e4ead1fe-7739-4e33-b522-ee2702cf2697,ID201042,CID-064,CA-1487,2026-03-06,2026-04-05,2904.3,USD,SampleGen
INV-93742351-1992-4168-8646-b6d76a58fc12,ID201043,CID-065,CA-0116,2025-06-03,2025-07-03,1547.36,USD,SampleGen
INV-0610d3ea-cf24-4761-a051-c0500aabda5f,ID201044,CID-065,CA-0116,2025-06-21,2025-07-21,1850.58,USD,SampleGen
INV-09011dde-09b7-4a23-b054-9a51d377533c,ID201045,CID-065,CA-0116,2025-06-03,2025-07-03,2382.56,USD,SampleGen
INV-49d499e1-b745-48da-b8ec-34a403e327a7,ID201046,CID-065,CA-0116,2025-07-06,2025-08-05,1246.4,USD,SampleGen
INV-d4cd6932-afce-45c4-8c41-127f4956b749,ID201047,CID-065,CA-0116,2025-07-14,2025-08-13,1939.58,USD,SampleGen
INV-c8565c75-37b5-4e33-b121-da20a86ded37,ID201048,CID-065,CA-0116,2025-07-20,2025-08-19,428.16,USD,SampleGen
INV-393e0097-e22f-4e4e-bafe-af89b057ad38,ID201049,CID-065,CA-0116,2025-07-29,2025-08-28,2588.36,USD,SampleGen
INV-0ce9992b-fc40-447d-879f-cc2b5c64481d,ID201050,CID-065,CA-0116,2025-07-20,2025-08-19,659.14,USD,SampleGen
INV-462e3e93-12de-490c-b39b-ded07f1304f5,ID201051,CID-065,CA-0116,2025-08-06,2025-09-05,504.42,USD,SampleGen
INV-020ead77-fd50-4c8a-a97e-27908e8e14f6,ID201052,CID-065,CA-0116,2025-09-01,2025-10-01,525.6,USD,SampleGen
INV-b85cab9f-1648-4397-ab0e-b259258f98eb,ID201053,CID-065,CA-0116,2025-08-09,2025-09-08,1104.38,USD,SampleGen
INV-f091c5d3-0620-4a91-a070-adbebf80419e,ID201054,CID-065,CA-0116,2025-08-21,2025-09-20,4137.96,USD,SampleGen
INV-374b2941-9f04-4665-b4cf-524273fe9ce0,ID201055,CID-065,CA-0116,2025-08-02,2025-09-01,1653.32,USD,SampleGen
INV-a1045930-2a64-4575-8277-d60f48115deb,ID201056,CID-065,CA-0116,2025-08-31,2025-09-30,4127.46,USD,SampleGen
INV-63c190ff-c6ad-4001-a200-c95171c66150,ID201057,CID-065,CA-0116,2025-08-05,2025-09-04,2200.3,USD,SampleGen
INV-452fd518-9134-4437-9cae-3dfb21e1aced,ID201058,CID-065,CA-0116,2025-09-21,2025-10-21,1102.24,USD,SampleGen
INV-057022d9-99af-4e5d-ac9b-120ad8db25d0,ID201059,CID-065,CA-0116,2025-10-14,2025-11-13,1763.68,USD,SampleGen
INV-0064d947-f8d9-454b-bdea-4b3ebc8c4764,ID201060,CID-065,CA-0116,2025-10-29,2025-11-28,699.44,USD,SampleGen
INV-3f8f61a5-2862-4b8c-9af0-27d45d86d74b,ID201061,CID-065,CA-0116,2025-11-16,2025-12-16,1483.82,USD,SampleGen
INV-88db0e7b-5f99-4f1f-be8c-9fcb97f1f2aa,ID201062,CID-065,CA-0116,2025-11-05,2025-12-05,2374.22,USD,SampleGen
INV-35324d0e-cc22-4e88-acea-4ada6488ddc3,ID201063,CID-065,CA-0116,2025-11-07,2025-12-07,1229.4,USD,SampleGen
INV-de3ae3d6-d74f-49b2-a0d2-3287f3946180,ID201064,CID-065,CA-0116,2025-12-19,2026-01-18,1594.06,USD,SampleGen
INV-9f687bfd-dea1-424d-8cf8-956af803f854,ID201065,CID-065,CA-0116,2025-12-27,2026-01-26,1903.62,USD,SampleGen
INV-54e80551-d493-40a5-b652-ba6d4c9f74ea,ID201066,CID-065,CA-0116,2025-12-20,2026-01-19,1176.3,USD,SampleGen
INV-2b99c170-c3bf-4302-96d1-dba1bb95966c,ID201067,CID-065,CA-0116,2025-12-05,2026-01-04,5024.1,USD,SampleGen
INV-4200f4fc-0b10-4bef-a7d8-95f657e674a4,ID201068,CID-065,CA-0116,2025-12-11,2026-01-10,2272.48,USD,SampleGen
INV-21b8c383-6e82-408a-8eee-6287bfecd93f,ID201069,CID-065,CA-0116,2025-12-16,2026-01-15,580.78,USD,SampleGen
INV-1216f4b7-3b9a-4283-b164-8753968ed439,ID201070,CID-065,CA-0116,2026-01-31,2026-03-02,2312.8,USD,SampleGen
INV-a917b50c-ee34-4f42-8296-cc80ef83adf9,ID201071,CID-065,CA-0116,2026-01-27,2026-02-26,1399.12,USD,SampleGen
INV-d0d141b4-44ea-43f7-979a-23d348c61d07,ID201072,CID-065,CA-0116,2026-01-23,2026-02-22,1399.12,USD,SampleGen
INV-ff3d00eb-404c-4bbd-ae1b-5e9a2c2fd437,ID201073,CID-065,CA-0116,2026-01-27,2026-02-26,84.78,USD,SampleGen
INV-2b10047b-e7b3-47b2-a003-624d162581ad,ID201074,CID-065,CA-0116,2026-02-24,2026-03-26,1237.98,USD,SampleGen
INV-1b2cd51c-33a0-4c56-903a-14a719f08d29,ID201075,CID-065,CA-0116,2026-02-19,2026-03-21,207.68,USD,SampleGen
INV-c66286a2-47dd-4d92-9865-8c60b55bdd5d,ID201076,CID-065,CA-0116,2026-02-18,2026-03-20,2963.64,USD,SampleGen
INV-96d0bfc3-028a-4392-a316-1606628d5e8b,ID201077,CID-065,CA-0116,2026-02-08,2026-03-10,4087.2,USD,SampleGen
INV-6f73b62e-18f4-48d7-a6cc-4075c2666a55,ID201078,CID-065,CA-0116,2026-02-25,2026-03-27,373.04,USD,SampleGen
INV-66f54825-dd2c-4dd1-b2de-b019158dcca0,ID201079,CID-065,CA-0116,2026-02-17,2026-03-19,8891.02,USD,SampleGen
INV-09056164-9b31-42ef-a06d-6f5840bfbdfe,ID201080,CID-065,CA-0116,2026-02-18,2026-03-20,6686.22,USD,SampleGen
INV-a9d8a96f-67c0-4236-8d9f-30b5ad4b2bcb,ID201081,CID-065,CA-0116,2026-02-02,2026-03-04,3440.58,USD,SampleGen
INV-c7ef7847-7418-4bc9-bb65-3bd88f3851d6,ID201082,CID-065,CA-0116,2026-03-16,2026-04-15,2092.2,USD,SampleGen
INV-28659bc7-2db1-4a38-84ad-8190ecb0cbee,ID201083,CID-065,CA-0116,2026-03-27,2026-04-26,3171.32,USD,SampleGen
INV-512a37ee-f940-4508-8023-63fef4d252e7,ID201084,CID-065,CA-0116,2026-03-14,2026-04-13,506.54,USD,SampleGen
INV-74ebc537-a5f3-431e-b36f-af953c723246,ID201085,CID-065,CA-0116,2026-03-11,2026-04-10,6321.7,USD,SampleGen
INV-71bd57bf-0c2e-4c62-8606-a63e81a5e72b,ID201086,CID-065,CA-0116,2026-03-26,2026-04-25,474.76,USD,SampleGen
INV-0f938414-8938-412d-b4da-5d25346fc465,ID201087,CID-065,CA-0116,2026-03-10,2026-04-09,1123.4,USD,SampleGen
INV-9ee83d20-cc25-48cb-8a7b-242a7efb90ba,ID201088,CID-065,CA-0116,2026-03-21,2026-04-20,729.1,USD,SampleGen
INV-23bbe6b4-b456-483c-a0ef-ffd63ffdbe89,ID201089,CID-065,CA-0116,2026-03-05,2026-04-04,3569.78,USD,SampleGen
INV-3f983333-97cf-4d1b-a647-8303f1b9e088,ID201090,CID-065,CA-0116,2026-03-04,2026-04-03,319.98,USD,SampleGen
INV-50a9d3cb-0df8-4bc7-bc38-1120635afb83,ID201091,CID-065,CA-0116,2026-03-21,2026-04-20,2798.14,USD,SampleGen
INV-1feb47da-c47d-4ce2-b514-c1990fe368f9,ID201092,CID-066,CA-0118,2025-06-09,2025-07-09,1447.7,USD,SampleGen
INV-de76975a-c766-4003-b793-73b5a1469726,ID201093,CID-066,CA-0118,2025-06-30,2025-07-30,1305.72,USD,SampleGen
INV-ed1ab563-ec87-4d4f-af2a-4802020b49a4,ID201094,CID-066,CA-0118,2025-07-12,2025-08-11,322.08,USD,SampleGen
INV-cc1c2485-2356-4fd6-8e25-a8023c0c17bb,ID201095,CID-066,CA-0118,2025-07-27,2025-08-26,502.32,USD,SampleGen
INV-bce6da13-3746-4066-a431-7b318db458b5,ID201096,CID-066,CA-0118,2025-08-07,2025-09-06,915.68,USD,SampleGen
INV-6165bea2-4313-4450-8747-56533588410a,ID201097,CID-066,CA-0118,2025-08-20,2025-09-19,2310.62,USD,SampleGen
INV-1a1278f6-0bc5-41c1-b91f-5c0485de29d4,ID201098,CID-066,CA-0118,2025-10-16,2025-11-15,4981.8,USD,SampleGen
INV-f8f1b111-5dfb-4c53-abd2-fd4ffba0e56f,ID201099,CID-066,CA-0118,2025-11-03,2025-12-03,1568.68,USD,SampleGen
INV-38ce39be-43f5-4cec-9d29-a8634238274a,ID201100,CID-066,CA-0118,2026-01-01,2026-01-31,4566.26,USD,SampleGen
INV-eab31d43-9b76-4e9a-adf3-56e798da52de,ID201101,CID-066,CA-0118,2025-12-21,2026-01-20,1208.24,USD,SampleGen
INV-e580ae30-31fb-4e25-85f2-681a778b2274,ID201102,CID-066,CA-0118,2025-12-20,2026-01-19,3858.24,USD,SampleGen
INV-0fcf3cd9-191d-407a-a4fe-6ebd9c3fd2d3,ID201103,CID-066,CA-0118,2026-01-04,2026-02-03,970.78,USD,SampleGen
INV-96e053a8-0dc1-4082-9008-3b23bbf77fd4,ID201104,CID-066,CA-0118,2026-01-09,2026-02-08,466.26,USD,SampleGen
INV-d112200a-6077-4bd5-a84e-ec576d630cdd,ID201105,CID-066,CA-0118,2026-02-28,2026-03-30,1763.68,USD,SampleGen
INV-73ccd046-0b14-4d3e-9587-46bc25dc607d,ID201106,CID-066,CA-0118,2026-02-12,2026-03-14,546.76,USD,SampleGen
INV-5e8016a4-9c70-479e-8e62-ee5577a1591a,ID201107,CID-066,CA-0118,2026-02-06,2026-03-08,2533.18,USD,SampleGen
INV-a933d9d2-2453-4403-b2d1-6be22584d329,ID201108,CID-066,CA-0118,2026-03-16,2026-04-15,735.5,USD,SampleGen
INV-90853d9d-a2c2-4635-8906-fa4675362e14,ID201109,CID-066,CA-0118,2026-03-19,2026-04-18,1462.68,USD,SampleGen
INV-3d067342-df9c-42dc-b5c7-9045b4f1c87b,ID201110,CID-066,CA-0118,2026-03-12,2026-04-11,915.72,USD,SampleGen
INV-42f30765-2200-40ad-a2e8-515d8d638c20,ID201111,CID-066,CA-0118,2026-03-23,2026-04-22,1136.06,USD,SampleGen
INV-8e46b0cb-dd55-4f55-8461-8d873f5cb148,ID201112,CID-067,CA-0120,2025-06-04,2025-07-04,2100.7,USD,SampleGen
INV-1d9c1bea-1ff2-48ea-b622-49704aed9e3e,ID201113,CID-067,CA-0120,2025-07-31,2025-08-30,837.24,USD,SampleGen
INV-5ace98a8-241e-4e0e-a16a-f58ac87e1b3d,ID201114,CID-067,CA-0120,2025-08-16,2025-09-15,2541.64,USD,SampleGen
INV-bba651ad-77c5-4f40-b510-b9c30acbe267,ID201115,CID-067,CA-0120,2025-09-29,2025-10-29,3281.64,USD,SampleGen
INV-7f2c1982-2067-469b-9931-f887ae261177,ID201116,CID-067,CA-0120,2025-11-12,2025-12-12,703.7,USD,SampleGen
INV-11808329-ff45-447c-a1da-80b7d136bfea,ID201117,CID-067,CA-0120,2025-12-25,2026-01-24,1074.6,USD,SampleGen
INV-d8f7607c-a855-44e0-a9dc-4842d685841d,ID201118,CID-067,CA-0120,2026-01-05,2026-02-04,3201.02,USD,SampleGen
INV-8ff919eb-f224-430a-8063-746ae1ce6a4a,ID201119,CID-067,CA-0120,2026-02-07,2026-03-09,4947.82,USD,SampleGen
INV-fcce6f9c-4f73-4efa-a3fc-19f565b32a9f,ID201120,CID-067,CA-0120,2026-03-07,2026-04-06,4188.96,USD,SampleGen
INV-ac38c7bf-947a-4e05-a1a1-982af77cb8e1,ID201121,CID-068,CA-0122,2025-06-21,2025-07-21,4197.36,USD,SampleGen
INV-6fe9d9c9-b0aa-4e65-ac83-9794b0df93b1,ID201122,CID-068,CA-0122,2025-07-03,2025-08-02,962.34,USD,SampleGen
INV-e6ab3854-b1bc-40e8-9946-10bcce8f1562,ID201123,CID-068,CA-0122,2025-07-26,2025-08-25,3387.52,USD,SampleGen
INV-ff791c6b-2b87-46d5-869c-134fe75369ac,ID201124,CID-068,CA-0122,2025-08-17,2025-09-16,6317.36,USD,SampleGen
INV-c30b0cda-9e4f-4175-8c17-3c8dac1a3285,ID201125,CID-068,CA-0122,2025-09-22,2025-10-22,947.5,USD,SampleGen
INV-cedd4ec8-adab-48e1-b01b-fede66d7f20f,ID201126,CID-068,CA-0122,2025-10-28,2025-11-27,1097.96,USD,SampleGen
INV-00518981-1e76-47ef-88a8-170ac195fb3f,ID201127,CID-068,CA-0122,2025-11-02,2025-12-02,525.6,USD,SampleGen
INV-39148a9d-d53b-46f5-8a52-185a75e8f2f4,ID201128,CID-068,CA-0122,2025-12-09,2026-01-08,4655.3,USD,SampleGen
INV-1c38ee74-4916-4cf2-bb77-206167f5f3aa,ID201129,CID-068,CA-0122,2025-12-09,2026-01-08,7224.8,USD,SampleGen
INV-a67cb55e-548f-42cd-a0c9-3660c348245a,ID201130,CID-068,CA-0122,2026-01-07,2026-02-06,7699.6,USD,SampleGen
INV-b166de3f-3e81-4829-bd0c-db7277f46ca9,ID201131,CID-068,CA-0122,2026-02-07,2026-03-09,5274.26,USD,SampleGen
INV-0b8faeee-68df-4eec-9a9c-e38e1e0982e8,ID201132,CID-068,CA-0122,2026-02-06,2026-03-08,574.38,USD,SampleGen
INV-d32960ae-59cd-4735-9d40-ca8697dada2d,ID201133,CID-068,CA-0122,2026-02-19,2026-03-21,4852.4,USD,SampleGen
INV-adf40e0d-c37d-493a-a268-894d65ac23c7,ID201134,CID-068,CA-0122,2026-03-24,2026-04-23,5660.16,USD,SampleGen
INV-e4b78a42-60ab-4bd5-a99f-e342315b35d8,ID201135,CID-068,CA-0122,2026-03-24,2026-04-23,7877.68,USD,SampleGen
INV-56fa7b4c-1a12-437c-9a2a-4ae45d5a7661,ID201136,CID-068,CA-0122,2026-03-18,2026-04-17,2526.88,USD,SampleGen
INV-28bf7999-cd47-4056-af19-5637509f2fda,ID201137,CID-069,CA-0124,2025-06-21,2025-07-21,1674.62,USD,SampleGen
INV-697e27f6-1469-4f92-85d3-5da44f9f21ba,ID201138,CID-069,CA-0124,2025-07-24,2025-08-23,1481.66,USD,SampleGen
INV-10eb7ba0-82ad-47a3-abb3-f44145d51fc4,ID201139,CID-069,CA-0124,2025-07-18,2025-08-17,741.9,USD,SampleGen
INV-b06050c2-aef9-4f74-8923-7d1f6f067714,ID201140,CID-069,CA-0124,2025-08-21,2025-09-20,4294.84,USD,SampleGen
INV-f322bd09-405d-417c-9af2-f899fa64c136,ID201141,CID-069,CA-0124,2025-08-11,2025-09-10,449.32,USD,SampleGen
INV-c8475149-404d-4271-b839-60a49f745bc6,ID201142,CID-069,CA-0124,2025-08-22,2025-09-21,349.7,USD,SampleGen
INV-1febd60d-511a-46dd-ab57-911402e2feeb,ID201143,CID-069,CA-0124,2025-10-03,2025-11-02,2946.6,USD,SampleGen
INV-81bfbb69-d9fd-4bf9-a8b0-abb6a5f8de57,ID201144,CID-069,CA-0124,2025-11-27,2025-12-27,2344.52,USD,SampleGen
INV-a76af15b-3f2c-4598-98b0-b23e5e942706,ID201145,CID-069,CA-0124,2025-12-30,2026-01-29,3695.02,USD,SampleGen
INV-68daba77-bee6-4cd5-a3ac-0b6064bf0dbb,ID201146,CID-069,CA-0124,2025-12-30,2026-01-29,4477.24,USD,SampleGen
INV-5c6fb41a-17ab-4d79-8838-2e09a7643ad3,ID201147,CID-069,CA-0124,2026-01-15,2026-02-14,1229.38,USD,SampleGen
INV-569d5608-a669-436b-8510-1981431b5d99,ID201148,CID-069,CA-0124,2026-01-06,2026-02-05,6940.58,USD,SampleGen
INV-84cdce1c-f25a-49e0-b0ee-8001ccdb268e,ID201149,CID-069,CA-0124,2026-02-22,2026-03-24,1019.56,USD,SampleGen
INV-3c8df002-5a5b-4e82-9f60-dc07aa3e5f33,ID201150,CID-069,CA-0124,2026-02-06,2026-03-08,2533.22,USD,SampleGen
INV-8dc608ee-c7f2-4f43-a347-e9d0772d3255,ID201151,CID-069,CA-0124,2026-02-20,2026-03-22,298.82,USD,SampleGen
INV-4990a52f-75e9-4d00-91da-7e32aa0e5401,ID201152,CID-069,CA-0124,2026-02-13,2026-03-15,3107.7,USD,SampleGen
INV-e4de22d0-aef8-4422-b11e-a60ace33ad46,ID201153,CID-069,CA-0124,2026-03-19,2026-04-18,6923.64,USD,SampleGen
INV-38268354-f933-4270-bc16-41edeb5514d5,ID201154,CID-069,CA-0124,2026-03-06,2026-04-05,2997.58,USD,SampleGen
INV-b6c9df69-62d2-4e94-89f4-8c2238eb9b25,ID201155,CID-069,CA-0124,2026-03-21,2026-04-20,936.84,USD,SampleGen
INV-f72df487-2974-42e6-897e-a24e64fcd66f,ID201156,CID-069,CA-0124,2026-03-14,2026-04-13,1751.0,USD,SampleGen
INV-62df05d6-b2e1-4d15-a5da-765fa7e25384,ID201157,CID-069,CA-0124,2026-03-03,2026-04-02,1878.1,USD,SampleGen
INV-f33b7325-c1a7-410f-aabf-80bcd33260f9,ID201158,CID-070,CA-1488,2025-07-30,2025-08-29,4116.88,USD,SampleGen
INV-fa4ebbb6-03eb-407b-9c3f-62ba418ff8b7,ID201159,CID-070,CA-1488,2025-08-09,2025-09-08,1080.98,USD,SampleGen
INV-1a0766f6-c78a-4d70-9b5f-eaff3228eb3d,ID201160,CID-070,CA-1488,2025-09-28,2025-10-28,3796.78,USD,SampleGen
INV-cf260289-05a2-40d7-b2ea-a003241ecbfc,ID201161,CID-070,CA-1488,2025-11-26,2025-12-26,3281.64,USD,SampleGen
INV-41b4da33-6f81-4ac7-8e5d-5299d1dc1391,ID201162,CID-070,CA-1488,2025-12-27,2026-01-26,767.26,USD,SampleGen
INV-232cad0e-3863-42dd-bd77-6bc32f9c4882,ID201163,CID-070,CA-1488,2026-02-23,2026-03-25,709.98,USD,SampleGen
INV-d5e6ef33-88e3-4fab-9dd4-b51f0b9dac41,ID201164,CID-070,CA-1488,2026-03-24,2026-04-23,644.34,USD,SampleGen
INV-06bdc1c8-3a21-4196-92cd-d023894db0dc,ID201165,CID-071,CA-0127,2025-06-11,2025-07-11,1666.1,USD,SampleGen
INV-bbc4e4f1-56e3-44e7-acd6-d6da9c381fec,ID201166,CID-071,CA-0127,2025-06-19,2025-07-19,2378.54,USD,SampleGen
INV-c334b737-8485-4b7b-897c-824eba70e3be,ID201167,CID-071,CA-0127,2025-07-26,2025-08-25,334.88,USD,SampleGen
INV-38bbe7cf-d59e-41d2-9774-2b880bddd45e,ID201168,CID-071,CA-0127,2025-07-19,2025-08-18,1912.08,USD,SampleGen
INV-59236707-45b5-4ab4-9edc-4e9576766873,ID201169,CID-071,CA-0127,2025-08-15,2025-09-14,7462.14,USD,SampleGen
INV-443de998-797f-43cc-8ac6-b09945565ca9,ID201170,CID-071,CA-0127,2025-08-16,2025-09-15,4570.52,USD,SampleGen
INV-1a4e28f5-a776-40ee-9773-b6c0dd2ec3c8,ID201171,CID-071,CA-0127,2025-09-19,2025-10-19,1348.22,USD,SampleGen
INV-f5ed06f1-b2c6-4174-99cc-ee7658b304e9,ID201172,CID-071,CA-0127,2025-11-01,2025-12-01,2353.02,USD,SampleGen
INV-f635fb8b-eb52-4a7a-a432-c8b215d800d3,ID201173,CID-071,CA-0127,2025-11-04,2025-12-04,1806.08,USD,SampleGen
INV-17540ede-6a7d-4958-a20f-a3068fd0e8ae,ID201174,CID-071,CA-0127,2025-12-06,2026-01-05,8070.54,USD,SampleGen
INV-ffe50376-2717-48fb-afe3-3c88bc022fa6,ID201175,CID-071,CA-0127,2025-12-27,2026-01-26,568.04,USD,SampleGen
INV-f51bf4d4-24ac-40ef-950f-9ec132f39f3c,ID201176,CID-071,CA-0127,2025-12-13,2026-01-12,2374.24,USD,SampleGen
INV-6e31b695-3e95-447f-bcf8-fc12f4f242ea,ID201177,CID-071,CA-0127,2026-01-31,2026-03-02,1026.02,USD,SampleGen
INV-5823d4df-e1f4-475a-9e5b-0ebc9c173408,ID201178,CID-071,CA-0127,2026-01-15,2026-02-14,3141.72,USD,SampleGen
INV-430c3d81-b2f9-4988-bbbd-93f9273e74b6,ID201179,CID-071,CA-0127,2026-02-17,2026-03-19,1547.46,USD,SampleGen
INV-b1613aa4-c497-4759-b76e-e5b4d47f67bb,ID201180,CID-071,CA-0127,2026-02-05,2026-03-07,1780.68,USD,SampleGen
INV-6d830ed3-e6df-4bab-871a-209348c92fdb,ID201181,CID-071,CA-0127,2026-02-28,2026-03-30,2914.84,USD,SampleGen
INV-b11699ee-dcad-43cf-aac7-29a28f1b0808,ID201182,CID-071,CA-0127,2026-03-20,2026-04-19,8462.78,USD,SampleGen
INV-ea319395-5541-4e42-b331-910cc748a68e,ID201183,CID-071,CA-0127,2026-03-05,2026-04-04,421.74,USD,SampleGen
INV-1b2a3f7a-8e77-4ab1-ac99-f509b80d5370,ID201184,CID-071,CA-0127,2026-03-09,2026-04-08,1644.86,USD,SampleGen
INV-cfc18d62-8377-4230-ac0b-9930f90091e8,ID201185,CID-071,CA-0127,2026-03-20,2026-04-19,1055.64,USD,SampleGen
INV-44e856de-b4ed-4428-a832-bcdff74307e2,ID201186,CID-072,CA-1489,2025-06-17,2025-07-17,2643.42,USD,SampleGen
INV-229070cb-9d88-4253-b8a9-53d7b485d555,ID201187,CID-072,CA-1489,2025-07-28,2025-08-27,637.94,USD,SampleGen
INV-11a48461-ba9f-4b78-8e36-2efe359531a4,ID201188,CID-072,CA-1489,2025-07-20,2025-08-19,2251.22,USD,SampleGen
INV-7028b918-357a-40a0-a4e4-64eab04c734a,ID201189,CID-072,CA-1489,2025-08-25,2025-09-24,936.84,USD,SampleGen
INV-b26147b7-9a47-4a8d-8239-82d4c31dcce0,ID201190,CID-072,CA-1489,2025-08-24,2025-09-23,4155.0,USD,SampleGen
INV-7044f2c3-6ccf-4e48-af6f-61262e627cc7,ID201191,CID-072,CA-1489,2025-09-25,2025-10-25,767.34,USD,SampleGen
INV-8da36bc3-89c2-46ac-b1f1-f63d225a4772,ID201192,CID-072,CA-1489,2025-10-19,2025-11-18,1687.26,USD,SampleGen
INV-df346a46-a356-4873-b218-68ddae4d05e1,ID201193,CID-072,CA-1489,2025-11-22,2025-12-22,4570.52,USD,SampleGen
INV-098e4723-054c-4349-acae-2a5ed6f7dad4,ID201194,CID-072,CA-1489,2025-12-30,2026-01-29,974.98,USD,SampleGen
INV-c6340067-9b7d-47ea-bedc-a349044ce6a2,ID201195,CID-072,CA-1489,2025-12-30,2026-01-29,1683.06,USD,SampleGen
INV-903fc8cf-fbb2-48b6-8f5e-a3d25977a961,ID201196,CID-072,CA-1489,2026-01-19,2026-02-18,2395.46,USD,SampleGen
INV-aec56b1e-667a-4c39-9537-781f293394f3,ID201197,CID-072,CA-1489,2026-01-12,2026-02-11,578.6,USD,SampleGen
INV-43ab3004-6993-4685-8682-6627b24db2ab,ID201198,CID-072,CA-1489,2026-02-22,2026-03-24,2819.46,USD,SampleGen
INV-3ec050e1-2324-4af8-bbbd-1908e7cbaab9,ID201199,CID-072,CA-1489,2026-02-02,2026-03-04,3141.58,USD,SampleGen
INV-b9fe8aea-f1f5-41c7-96f1-01146d65b4c8,ID201200,CID-072,CA-1489,2026-02-15,2026-03-17,358.18,USD,SampleGen
INV-bd231684-b05f-4f67-8f0b-84b118f840ac,ID201201,CID-072,CA-1489,2026-02-17,2026-03-19,4769.74,USD,SampleGen
INV-02908c88-36a4-49f9-b6b2-b2c5e712cc91,ID201202,CID-072,CA-1489,2026-03-03,2026-04-02,2567.08,USD,SampleGen
INV-d7298df8-7fd9-4207-9a8d-2782af55a61e,ID201203,CID-072,CA-1489,2026-03-25,2026-04-24,4714.56,USD,SampleGen
INV-d168eaf6-36ea-4aa6-9883-cde083b2cb5d,ID201204,CID-072,CA-1489,2026-03-28,2026-04-27,309.44,USD,SampleGen
INV-90ca9810-e096-493c-8807-938dd599ff95,ID201205,CID-072,CA-1489,2026-03-22,2026-04-21,5448.14,USD,SampleGen
INV-55ea0115-33aa-412e-a774-e4eedc89a81c,ID201206,CID-072,CA-1489,2026-03-30,2026-04-29,2815.26,USD,SampleGen
INV-1302be14-54c9-4e94-bccd-fe8d0c9599a4,ID201207,CID-073,CA-0130,2025-07-09,2025-08-08,1326.86,USD,SampleGen
INV-b57434a6-6fbf-4cab-af34-396714a9cd7d,ID201208,CID-073,CA-0130,2025-08-17,2025-09-16,3145.86,USD,SampleGen
INV-08752075-a9f1-471b-b732-ec56693575f9,ID201209,CID-073,CA-0130,2025-12-01,2025-12-31,339.12,USD,SampleGen
INV-686cc33c-7d38-430d-8437-06c5dbb0d1c8,ID201210,CID-073,CA-0130,2026-01-16,2026-02-15,2437.82,USD,SampleGen
INV-d78e172d-647d-4d03-b27f-af207d73eca9,ID201211,CID-073,CA-0130,2026-02-16,2026-03-18,2467.44,USD,SampleGen
INV-01e87536-cc1e-4215-9552-6db0a593ec46,ID201212,CID-073,CA-0130,2026-03-22,2026-04-21,4184.74,USD,SampleGen
INV-451f605b-adc6-4cff-bcdd-3426f8291fbd,ID201213,CID-074,CA-0132,2025-06-04,2025-07-04,417.54,USD,SampleGen
INV-fdd56b58-e857-4f2d-a6a4-8e5866b00c19,ID201214,CID-074,CA-0132,2025-06-18,2025-07-18,1780.68,USD,SampleGen
INV-9b346099-29ad-41d9-81ea-84833250e1b5,ID201215,CID-074,CA-0132,2025-07-17,2025-08-16,3887.88,USD,SampleGen
INV-7940789a-e92b-4ae0-9ec8-841571d0afe9,ID201216,CID-074,CA-0132,2025-07-15,2025-08-14,1426.5,USD,SampleGen
INV-2186e3fa-b05e-461e-8a93-dc022b75d835,ID201217,CID-074,CA-0132,2025-08-17,2025-09-16,1356.58,USD,SampleGen
INV-d9b52a07-d95f-4306-afc1-041e9b75e15c,ID201218,CID-074,CA-0132,2025-08-22,2025-09-21,1034.34,USD,SampleGen
INV-22b4a2f5-9b4d-4cc0-aabb-71c76b63df2c,ID201219,CID-074,CA-0132,2025-08-29,2025-09-28,703.6,USD,SampleGen
INV-4bc06645-1eb9-4124-a98f-5eb4e6c60c27,ID201220,CID-074,CA-0132,2025-08-14,2025-09-13,724.78,USD,SampleGen
INV-bb27ae41-411f-4a65-8d3f-c940479535dc,ID201221,CID-074,CA-0132,2025-09-26,2025-10-26,3900.68,USD,SampleGen
INV-19b9f86b-270f-4a80-acc7-159a45ef962e,ID201222,CID-074,CA-0132,2025-10-12,2025-11-11,2395.38,USD,SampleGen
INV-27668c39-e13e-4721-9a18-8fa4a4871de2,ID201223,CID-074,CA-0132,2025-11-08,2025-12-08,4952.06,USD,SampleGen
INV-9e761133-87d2-496a-b65b-acbb15680009,ID201224,CID-074,CA-0132,2025-11-24,2025-12-24,4006.6,USD,SampleGen
INV-bc39b138-0425-412f-88f9-a893808006f4,ID201225,CID-074,CA-0132,2025-12-19,2026-01-18,896.6,USD,SampleGen
INV-c4be2da5-dd85-41f8-949a-bbd2dac6b673,ID201226,CID-074,CA-0132,2025-12-28,2026-01-27,3309.1,USD,SampleGen
INV-50d19a11-e006-499f-9e6f-72f2cd5c630d,ID201227,CID-074,CA-0132,2025-12-29,2026-01-28,1861.18,USD,SampleGen
INV-d8de06e4-eb52-4f23-ba74-4f34505c4eaf,ID201228,CID-074,CA-0132,2026-01-24,2026-02-23,190.78,USD,SampleGen
INV-9c31cd2f-966e-4c0e-bdce-abaec98ebb8a,ID201229,CID-074,CA-0132,2026-01-10,2026-02-09,4627.72,USD,SampleGen
INV-60800076-c3e4-4bc1-af19-bf0bc0a05aef,ID201230,CID-074,CA-0132,2026-02-22,2026-03-24,5588.16,USD,SampleGen
INV-8e0acd45-4db5-4f54-870f-d841e95689e5,ID201231,CID-074,CA-0132,2026-03-01,2026-03-31,455.66,USD,SampleGen
INV-b0bc6f36-3748-4ece-a1a3-f3090fb6c626,ID201232,CID-074,CA-0132,2026-02-19,2026-03-21,3726.78,USD,SampleGen
INV-66fe241c-3174-4491-9e32-3816fd8042f1,ID201233,CID-074,CA-0132,2026-02-12,2026-03-14,1566.42,USD,SampleGen
INV-7a063476-5f10-460e-b5f8-625127ae71c6,ID201234,CID-074,CA-0132,2026-03-17,2026-04-16,5295.54,USD,SampleGen
INV-38067257-b469-42ce-a47a-c9cd25bb77e6,ID201235,CID-074,CA-0132,2026-03-12,2026-04-11,975.12,USD,SampleGen
INV-0cf1e13c-422d-46c3-9df0-185ce8c353d4,ID201236,CID-074,CA-0132,2026-03-10,2026-04-09,1670.38,USD,SampleGen
INV-b7157be3-ace1-4759-ba51-00af5f246635,ID201237,CID-074,CA-0132,2026-03-03,2026-04-02,4820.74,USD,SampleGen
INV-319bf138-6958-4b77-82cd-bb8b9ae2087c,ID201238,CID-074,CA-0132,2026-03-29,2026-04-28,462.04,USD,SampleGen
INV-91659f01-0188-4c29-a14c-8939d7d9d514,ID201239,CID-075,CA-0134,2025-06-12,2025-07-12,1488.04,USD,SampleGen
INV-95eb6348-dfdf-494f-b18e-3f8de4ce42ed,ID201240,CID-075,CA-0134,2025-07-03,2025-08-02,890.22,USD,SampleGen
INV-c7671c7f-258b-4002-b259-b4d859e06674,ID201241,CID-075,CA-0134,2025-08-08,2025-09-07,4343.64,USD,SampleGen
INV-d9c35023-ec6e-4438-840b-9194b7d339da,ID201242,CID-075,CA-0134,2025-08-15,2025-09-14,697.32,USD,SampleGen
INV-baccfca2-9e2f-42ed-95b0-6d7ea77b7e83,ID201243,CID-075,CA-0134,2025-09-14,2025-10-14,1818.84,USD,SampleGen
INV-7b96caad-bbb8-47d5-b90d-251c1012a285,ID201244,CID-075,CA-0134,2025-12-06,2026-01-05,2266.0,USD,SampleGen
INV-27f1aacc-a9c4-4534-80d4-461e5dd09ff5,ID201245,CID-075,CA-0134,2025-12-17,2026-01-16,1098.06,USD,SampleGen
INV-425542ce-ae95-4d6f-9e4e-b21031065ab4,ID201246,CID-075,CA-0134,2026-01-19,2026-02-18,84.76,USD,SampleGen
INV-e6175ca5-3df5-4891-bb05-5093fcb48c8c,ID201247,CID-075,CA-0134,2026-01-20,2026-02-19,105.96,USD,SampleGen
INV-5b9082cd-9f27-4477-b095-3e75bfcc0edb,ID201248,CID-075,CA-0134,2026-02-21,2026-03-23,1123.48,USD,SampleGen
INV-61b72f2a-1802-42df-9947-e7201601b3d3,ID201249,CID-075,CA-0134,2026-02-25,2026-03-27,947.42,USD,SampleGen
INV-a5e0b848-8a44-49d5-b879-d07fa55a436a,ID201250,CID-075,CA-0134,2026-03-18,2026-04-17,1865.48,USD,SampleGen
INV-7089325f-9a5b-481a-84b7-b28bac5bb8c1,ID201251,CID-075,CA-0134,2026-03-29,2026-04-28,3224.34,USD,SampleGen
INV-8b6b2fe4-e7a2-4e4a-bc0b-fcf1cfd7dc1a,ID201252,CID-075,CA-0134,2026-03-24,2026-04-23,818.18,USD,SampleGen
INV-767c3e16-35b1-44ba-9091-45428325ec06,ID201253,CID-076,CA-0136,2025-06-10,2025-07-10,394.24,USD,SampleGen
INV-54f7033b-d2d2-43f8-91dc-77660cc2b56d,ID201254,CID-076,CA-0136,2025-06-15,2025-07-15,1971.46,USD,SampleGen
INV-31a7853d-10af-4867-a335-91f21fa715ae,ID201255,CID-076,CA-0136,2025-07-02,2025-08-01,1161.56,USD,SampleGen
INV-4d6d8ecf-c38f-4b4b-bb25-d02d18799918,ID201256,CID-076,CA-0136,2025-07-19,2025-08-18,953.9,USD,SampleGen
INV-c11028a2-b76c-499f-b812-f4200f852366,ID201257,CID-076,CA-0136,2025-08-30,2025-09-29,2001.12,USD,SampleGen
INV-3109f6d3-cc4a-4636-af59-0662faf4a414,ID201258,CID-076,CA-0136,2025-08-04,2025-09-03,3247.6,USD,SampleGen
INV-9d9d397c-175a-423c-8de9-6715d83ac6b1,ID201259,CID-076,CA-0136,2025-08-10,2025-09-09,852.06,USD,SampleGen
INV-0089ed09-63e2-4913-a013-75970de32392,ID201260,CID-076,CA-0136,2025-12-24,2026-01-23,970.88,USD,SampleGen
INV-2b0f6cbd-330d-446c-a35e-79aecdd71034,ID201261,CID-076,CA-0136,2025-12-29,2026-01-28,953.9,USD,SampleGen
INV-9270fb99-3aa4-4570-bbc9-1d36a785de80,ID201262,CID-076,CA-0136,2026-01-28,2026-02-27,1539.0,USD,SampleGen
INV-87c9af16-95c4-43bc-9709-a2e57e33ef78,ID201263,CID-076,CA-0136,2026-02-27,2026-03-29,2138.84,USD,SampleGen
INV-cc8c835b-94b3-46a0-8c26-fc09210a4240,ID201264,CID-076,CA-0136,2026-02-16,2026-03-18,3429.96,USD,SampleGen
INV-8b516216-6183-480e-bb62-625332816d30,ID201265,CID-076,CA-0136,2026-02-23,2026-03-25,2408.1,USD,SampleGen
INV-74da7dcf-a4b2-423e-b776-6606d25690c6,ID201266,CID-076,CA-0136,2026-03-30,2026-04-29,712.14,USD,SampleGen
INV-1f870d57-6feb-4515-b26d-9f6db6d36e47,ID201267,CID-076,CA-0136,2026-03-17,2026-04-16,2187.56,USD,SampleGen
INV-8e0a1565-1286-4248-bb8c-42b0cae1c167,ID201268,CID-076,CA-0136,2026-03-30,2026-04-29,2919.0,USD,SampleGen
INV-b1fa01d5-8085-4aaa-b138-b23679328957,ID201269,CID-077,CA-0138,2025-06-28,2025-07-28,758.76,USD,SampleGen
INV-e3ad4da9-f35f-43a9-a42d-1a6ac15d6ba7,ID201270,CID-077,CA-0138,2025-07-30,2025-08-29,2868.24,USD,SampleGen
INV-0d1d6619-1df8-4d0d-99d1-8755e5257a2b,ID201271,CID-077,CA-0138,2025-08-17,2025-09-16,1015.26,USD,SampleGen
INV-c8c70973-3fa7-4b3c-a9bc-3f7f945d7f61,ID201272,CID-077,CA-0138,2025-08-19,2025-09-18,1958.68,USD,SampleGen
INV-b45bd9a3-a643-4463-9dbe-ff4fb7ac997c,ID201273,CID-077,CA-0138,2025-10-24,2025-11-23,720.7,USD,SampleGen
INV-2d88d391-571a-4f67-bf8d-6c66b4759350,ID201274,CID-077,CA-0138,2025-11-22,2025-12-22,2849.18,USD,SampleGen
INV-2224cc67-c366-4dd6-9438-a2da548d3773,ID201275,CID-077,CA-0138,2026-01-01,2026-01-31,5371.82,USD,SampleGen
INV-51a28d37-a9cf-484d-9bd3-6be66b629d2b,ID201276,CID-077,CA-0138,2025-12-15,2026-01-14,1937.48,USD,SampleGen
INV-02c84404-b595-44a8-96ed-88aa2a8cdce7,ID201277,CID-077,CA-0138,2026-01-29,2026-02-28,508.7,USD,SampleGen
INV-acd73606-1f1b-46ac-947d-12dc846d0800,ID201278,CID-077,CA-0138,2026-02-21,2026-03-23,559.56,USD,SampleGen
INV-c9e68ae3-1680-41a7-ac3f-5a01629accb5,ID201279,CID-077,CA-0138,2026-02-15,2026-03-17,5359.08,USD,SampleGen
INV-5dc30f95-806c-4f4b-a271-ea74375228c6,ID201280,CID-077,CA-0138,2026-03-09,2026-04-08,669.76,USD,SampleGen
INV-444d4c77-cd12-40a0-a71f-22243906b34b,ID201281,CID-077,CA-0138,2026-03-21,2026-04-20,1907.84,USD,SampleGen
INV-d3d20df0-a1fd-45ec-a36b-7ff70162f5fc,ID201282,CID-077,CA-0138,2026-03-24,2026-04-23,2997.58,USD,SampleGen
INV-729d3179-e0c5-4b2b-8081-7b86b9ccda87,ID201283,CID-078,CA-0140,2025-06-10,2025-07-10,568.04,USD,SampleGen
INV-a72293aa-ecb9-4945-9614-e94cb68b483e,ID201284,CID-078,CA-0140,2025-08-22,2025-09-21,4689.16,USD,SampleGen
INV-6349603c-925c-4b03-b54d-45df36ddc17c,ID201285,CID-078,CA-0140,2025-10-06,2025-11-05,2649.74,USD,SampleGen
INV-ac1f99e2-817d-454a-9f77-660294e5128d,ID201286,CID-078,CA-0140,2025-12-01,2025-12-31,2056.06,USD,SampleGen
INV-2c85fb43-a601-49d7-8a03-4f3c36652102,ID201287,CID-078,CA-0140,2025-12-08,2026-01-07,2079.5,USD,SampleGen
INV-52af66d8-0a47-4042-b92a-11d75d326244,ID201288,CID-078,CA-0140,2026-01-06,2026-02-05,2900.04,USD,SampleGen
INV-6dca7c07-9992-472e-8ebe-0d1a90e05bfd,ID201289,CID-078,CA-0140,2026-02-07,2026-03-09,2174.9,USD,SampleGen
INV-4ba9e73f-1b80-4d1d-99ab-371814856818,ID201290,CID-078,CA-0140,2026-03-24,2026-04-23,767.34,USD,SampleGen
INV-09f9ae17-2a42-4351-8f29-5c51e40d3e23,ID201291,CID-079,CA-0142,2025-06-15,2025-07-15,7530.04,USD,SampleGen
INV-7401a5ef-9391-419a-becb-bf58d8ace4fb,ID201292,CID-079,CA-0142,2025-06-05,2025-07-05,1449.86,USD,SampleGen
INV-f5f8583e-7563-4e00-9beb-1ae768a85f0f,ID201293,CID-079,CA-0142,2025-07-25,2025-08-24,4405.22,USD,SampleGen
INV-024e63a5-c490-4819-ba18-380882f94e1b,ID201294,CID-079,CA-0142,2025-08-11,2025-09-10,1733.92,USD,SampleGen
INV-ac9eeb01-71f6-4dc2-af53-56fd13f21206,ID201295,CID-079,CA-0142,2025-08-11,2025-09-10,2134.62,USD,SampleGen
INV-dc5e511a-8af2-464b-a6ca-71a71131582a,ID201296,CID-079,CA-0142,2025-10-07,2025-11-06,1734.04,USD,SampleGen
INV-e4d490fc-7ce8-49c2-949f-a23199a7abeb,ID201297,CID-079,CA-0142,2025-11-07,2025-12-07,3048.42,USD,SampleGen
INV-ac00f0cb-0736-4891-be98-84d60da977b5,ID201298,CID-079,CA-0142,2025-12-27,2026-01-26,572.26,USD,SampleGen
INV-e79d12af-2b79-4142-ac0b-9724eb291f7a,ID201299,CID-079,CA-0142,2025-12-16,2026-01-15,845.74,USD,SampleGen
INV-230ff0ed-d1b6-49ea-a8cd-8a5d66d22c99,ID201300,CID-079,CA-0142,2026-01-23,2026-02-22,890.34,USD,SampleGen
INV-7c34f4a7-3176-4c7a-b901-8fd4c19fd82c,ID201301,CID-079,CA-0142,2026-02-05,2026-03-07,4044.82,USD,SampleGen
INV-09eab4d7-7873-44aa-93e9-d83036e174a8,ID201302,CID-079,CA-0142,2026-02-17,2026-03-19,5990.86,USD,SampleGen
INV-758fe5c0-a001-463b-b474-d943f7953183,ID201303,CID-079,CA-0142,2026-02-15,2026-03-17,2272.48,USD,SampleGen
INV-febabffb-30d2-4655-820b-891d538dd4b0,ID201304,CID-079,CA-0142,2026-03-26,2026-04-25,608.24,USD,SampleGen
INV-24a12d53-7093-4a1d-b70f-f606bca65cc2,ID201305,CID-079,CA-0142,2026-03-21,2026-04-20,1905.74,USD,SampleGen
INV-0ff40492-e6e0-4822-8912-cd402f76d609,ID201306,CID-079,CA-0142,2026-03-28,2026-04-27,5329.42,USD,SampleGen
INV-e4a7c13e-c42d-4875-a8b4-e2305c68b9d1,ID201307,CID-079,CA-0142,2026-03-05,2026-04-04,915.66,USD,SampleGen
INV-8182d327-e32a-4e9a-a5d8-cac41ba16459,ID201308,CID-080,CA-0144,2025-06-16,2025-07-16,241.56,USD,SampleGen
INV-0e2bc375-2df2-45e9-ad57-be744ffc8102,ID201309,CID-080,CA-0144,2025-07-16,2025-08-15,875.38,USD,SampleGen
INV-63dbbb78-d73e-4a90-9bc9-1a4055891cfd,ID201310,CID-080,CA-0144,2025-08-11,2025-09-10,856.32,USD,SampleGen
INV-d9118dee-de29-40cf-871f-d4c10fa0061f,ID201311,CID-080,CA-0144,2025-08-31,2025-09-30,6754.06,USD,SampleGen
INV-6b6882b4-b8c1-464a-aaf7-cf79ef9fa7c0,ID201312,CID-080,CA-0144,2025-10-24,2025-11-23,6614.2,USD,SampleGen
INV-d9dd7dec-6686-451e-ac71-675dfb85612b,ID201313,CID-080,CA-0144,2025-11-15,2025-12-15,491.64,USD,SampleGen
INV-707f196d-7ca1-481b-bc43-df9387b7a665,ID201314,CID-080,CA-0144,2025-12-20,2026-01-19,813.98,USD,SampleGen
INV-2a6ad9e7-f343-4f6d-ac37-f413b0356579,ID201315,CID-080,CA-0144,2025-12-03,2026-01-02,3514.86,USD,SampleGen
INV-1d337a9d-d2ef-40e7-a908-f09965c04a90,ID201316,CID-080,CA-0144,2026-01-30,2026-03-01,292.5,USD,SampleGen
INV-74518f52-ca86-4771-9107-5f541926c120,ID201317,CID-080,CA-0144,2026-02-13,2026-03-15,1212.38,USD,SampleGen
INV-45f5fe46-6f1d-4230-8efc-cd28b303c735,ID201318,CID-080,CA-0144,2026-03-07,2026-04-06,1212.38,USD,SampleGen
INV-21473395-e734-4b60-8ab0-87e0e0546390,ID201319,CID-080,CA-0144,2026-03-10,2026-04-09,3811.54,USD,SampleGen
INV-c0404157-cce7-4bf0-bcae-5653c8c42ee4,ID201320,CID-081,CA-1490,2025-06-23,2025-07-23,1331.06,USD,SampleGen
INV-6250e5f0-e0d9-4f90-a06b-5c7548c944d1,ID201321,CID-081,CA-1490,2025-06-10,2025-07-10,3667.42,USD,SampleGen
INV-03ab97da-0de0-438d-90d7-d84c3c582905,ID201322,CID-081,CA-1490,2025-07-15,2025-08-14,4036.24,USD,SampleGen
INV-3233cfb9-3b41-449d-aba4-d3364877e3f8,ID201323,CID-081,CA-1490,2025-07-22,2025-08-21,349.7,USD,SampleGen
INV-39998865-792a-401c-ae95-26495ce04357,ID201324,CID-081,CA-1490,2025-08-12,2025-09-11,1146.78,USD,SampleGen
INV-36f2181e-ad59-438f-9261-3a560643e808,ID201325,CID-081,CA-1490,2025-08-23,2025-09-22,2878.86,USD,SampleGen
INV-e71ff74a-d112-4fbf-b0bb-bef362888f4a,ID201326,CID-081,CA-1490,2025-08-30,2025-09-29,1074.66,USD,SampleGen
INV-f37a6ddf-ad9b-4e7a-b9a8-b95f5306caf5,ID201327,CID-081,CA-1490,2025-09-05,2025-10-05,8238.06,USD,SampleGen
INV-bb77ab32-b23c-45c6-aebb-5a16e3e2e68e,ID201328,CID-081,CA-1490,2025-10-23,2025-11-22,3853.98,USD,SampleGen
INV-32e4c29d-631c-49b4-8abb-cfd1ce8e4259,ID201329,CID-081,CA-1490,2025-11-10,2025-12-10,178.0,USD,SampleGen
INV-3905f7ca-7a13-4b14-b64b-e36584ed8392,ID201330,CID-081,CA-1490,2025-11-25,2025-12-25,2416.68,USD,SampleGen
INV-74f0fe2f-7289-4436-bc75-15b5e9bbf8c1,ID201331,CID-081,CA-1490,2025-12-09,2026-01-08,2955.1,USD,SampleGen
INV-b6b51bab-21b4-4f8e-baa8-18652a73ede1,ID201332,CID-081,CA-1490,2025-12-06,2026-01-05,5422.66,USD,SampleGen
INV-88c72b4d-0d3b-40ba-ac1f-a6da48c8d0d0,ID201333,CID-081,CA-1490,2026-01-01,2026-01-31,6516.7,USD,SampleGen
INV-d44060d7-8121-487e-a02b-1c9f31ba6746,ID201334,CID-081,CA-1490,2026-01-25,2026-02-24,1144.68,USD,SampleGen
INV-cec0e655-3729-4e75-8714-0619604b3068,ID201335,CID-081,CA-1490,2026-01-20,2026-02-19,1242.2,USD,SampleGen
INV-59c308d3-b50d-4776-a314-ba39328ea14c,ID201336,CID-081,CA-1490,2026-02-25,2026-03-27,1030.16,USD,SampleGen
INV-f249be1a-8edf-484a-8acf-bfe7c5aee296,ID201337,CID-081,CA-1490,2026-02-23,2026-03-25,3472.42,USD,SampleGen
INV-9e951016-11c7-429a-b0d9-cfa63aeb9082,ID201338,CID-081,CA-1490,2026-02-09,2026-03-11,1907.68,USD,SampleGen
INV-a521dd9e-f10d-4538-a697-580142c89fd2,ID201339,CID-081,CA-1490,2026-02-23,2026-03-25,661.26,USD,SampleGen
INV-6b4b560e-a817-4ec5-9de7-349fda003e1c,ID201340,CID-081,CA-1490,2026-02-27,2026-03-29,1008.98,USD,SampleGen
INV-7e6a5a52-1b5a-4ecc-bb6c-db2691cda2ad,ID201341,CID-081,CA-1490,2026-03-30,2026-04-29,729.1,USD,SampleGen
INV-bd6cb2c7-1326-400f-8258-69d71c20d38d,ID201342,CID-081,CA-1490,2026-03-07,2026-04-06,5015.74,USD,SampleGen
INV-70c3ff97-9e3e-437a-9d67-845eea20909f,ID201343,CID-081,CA-1490,2026-03-02,2026-04-01,1199.76,USD,SampleGen
INV-a9aee715-958f-4986-b38a-680beb02c5f4,ID201344,CID-081,CA-1490,2026-03-02,2026-04-01,784.2,USD,SampleGen
INV-c11d9617-ed90-4643-b87c-bced861bdeaf,ID201345,CID-081,CA-1490,2026-03-21,2026-04-20,2066.78,USD,SampleGen
INV-0e3b34a3-73fd-4172-bf29-9187e2357955,ID201346,CID-082,CA-0146,2025-06-27,2025-07-27,3306.98,USD,SampleGen
INV-6f7d6f1d-628f-4aef-a904-63811ce65b23,ID201347,CID-082,CA-0146,2025-07-25,2025-08-24,5435.44,USD,SampleGen
INV-f0f35849-c852-4286-9874-8a96187afa10,ID201348,CID-082,CA-0146,2025-07-29,2025-08-28,504.42,USD,SampleGen
INV-bb300428-2d34-4e64-8cf6-a82dca6708de,ID201349,CID-082,CA-0146,2025-08-14,2025-09-13,1195.56,USD,SampleGen
INV-e71a2251-79e0-4283-b48a-3e8a5a726f97,ID201350,CID-082,CA-0146,2025-08-04,2025-09-03,428.16,USD,SampleGen
INV-f3005378-3529-4fc9-a09c-bb08884eeae2,ID201351,CID-082,CA-0146,2025-08-17,2025-09-16,298.82,USD,SampleGen
INV-a51e02e8-c164-412e-b466-6288977736ee,ID201352,CID-082,CA-0146,2025-10-02,2025-11-01,1763.62,USD,SampleGen
INV-1533ec31-9fdb-42ff-a67d-6bf6670c36c8,ID201353,CID-082,CA-0146,2025-11-23,2025-12-23,3565.62,USD,SampleGen
INV-c54ecc85-7214-4d84-a22e-132fc81ab218,ID201354,CID-082,CA-0146,2025-12-07,2026-01-06,3527.44,USD,SampleGen
INV-2c5453a0-8169-4bc0-94db-cf404e01e89c,ID201355,CID-082,CA-0146,2025-12-08,2026-01-07,462.06,USD,SampleGen
INV-460887c2-6c03-4cc9-94c9-1748a3a0e915,ID201356,CID-082,CA-0146,2026-01-15,2026-02-14,2654.04,USD,SampleGen
INV-aa416694-14c4-4750-812a-14cb265b3c91,ID201357,CID-082,CA-0146,2026-01-21,2026-02-20,1946.08,USD,SampleGen
INV-1c59f4c9-fd98-4818-a6cc-fceebfc738d1,ID201358,CID-082,CA-0146,2026-02-22,2026-03-24,1008.88,USD,SampleGen
INV-b01d59c5-1407-4a4e-9cca-9d2a435792a8,ID201359,CID-082,CA-0146,2026-02-13,2026-03-15,7127.26,USD,SampleGen
INV-8933ab51-11f9-4b6a-b55d-1226fa541c4b,ID201360,CID-082,CA-0146,2026-02-06,2026-03-08,504.48,USD,SampleGen
INV-e39fecab-b3f5-445e-b957-982eb989d0d4,ID201361,CID-082,CA-0146,2026-02-06,2026-03-08,5002.96,USD,SampleGen
INV-4259992c-296b-4540-bb35-c170e2a73b3e,ID201362,CID-082,CA-0146,2026-03-10,2026-04-09,565.94,USD,SampleGen
INV-4ffcac1c-3cd9-4bdd-af83-930db735d72c,ID201363,CID-082,CA-0146,2026-03-16,2026-04-15,4241.84,USD,SampleGen
INV-b5dfe757-55f3-487e-b6b0-96604258daaf,ID201364,CID-082,CA-0146,2026-03-19,2026-04-18,1517.72,USD,SampleGen
INV-362e8138-f8de-4117-a3d4-17fcf961cef5,ID201365,CID-082,CA-0146,2026-03-13,2026-04-12,5605.08,USD,SampleGen
INV-f045c8fd-2864-4229-bfac-fa7b4d1f1f73,ID201366,CID-083,CA-0148,2025-06-05,2025-07-05,1407.38,USD,SampleGen
INV-84ec6046-7617-4e94-8247-4b159f2b3df4,ID201367,CID-083,CA-0148,2025-07-25,2025-08-24,4142.28,USD,SampleGen
INV-3825f121-11c8-49df-874c-c28fda95ca1f,ID201368,CID-083,CA-0148,2025-08-02,2025-09-01,924.1,USD,SampleGen
INV-75a25ad4-4bce-4e59-b205-d7bea778c1cc,ID201369,CID-083,CA-0148,2025-08-05,2025-09-04,1066.14,USD,SampleGen
INV-67db8667-ceaf-4259-9f63-b851514bd1bf,ID201370,CID-083,CA-0148,2025-08-15,2025-09-14,5575.32,USD,SampleGen
INV-342b6013-f305-40df-b293-7394c12530e0,ID201371,CID-083,CA-0148,2025-09-07,2025-10-07,4044.82,USD,SampleGen
INV-332dba7a-6d80-4df0-8053-5ba555c6e4ed,ID201372,CID-083,CA-0148,2025-10-16,2025-11-15,724.92,USD,SampleGen
INV-a4eaec04-359f-408e-9baf-e8b5bef9dcd6,ID201373,CID-083,CA-0148,2025-11-19,2025-12-19,2386.98,USD,SampleGen
INV-6d2fa1b7-494a-48a7-a4c0-0ccfe4b204bd,ID201374,CID-083,CA-0148,2025-12-15,2026-01-14,860.62,USD,SampleGen
INV-4e1710f4-1e05-4ef4-83d3-74356553f180,ID201375,CID-083,CA-0148,2025-12-28,2026-01-27,661.32,USD,SampleGen
INV-5c201ff0-0080-4126-b4cc-be9571bfcaab,ID201376,CID-083,CA-0148,2025-12-27,2026-01-26,1727.6,USD,SampleGen
INV-89b25784-2f08-41c5-b4a9-f8a1b0cad239,ID201377,CID-083,CA-0148,2026-01-06,2026-02-05,1392.56,USD,SampleGen
INV-89d3863e-bbed-432a-9e86-b10c07cbfe0a,ID201378,CID-083,CA-0148,2026-01-24,2026-02-23,3417.32,USD,SampleGen
INV-72a52b56-b8f4-41fd-a741-b32cbad6dd53,ID201379,CID-083,CA-0148,2026-02-27,2026-03-29,1500.84,USD,SampleGen
INV-c8413ffb-7f5a-49e3-87bc-8a1443a8a8fe,ID201380,CID-083,CA-0148,2026-03-01,2026-03-31,1059.82,USD,SampleGen
INV-b79e5c73-d82b-4456-9e90-53081aa842a3,ID201381,CID-083,CA-0148,2026-02-09,2026-03-11,6836.76,USD,SampleGen
INV-f8a1254e-6f45-4e8e-8ce8-c0d33cafa0fc,ID201382,CID-083,CA-0148,2026-02-13,2026-03-15,2641.32,USD,SampleGen
INV-88b941ef-7986-43cd-869f-94b8d1a0e203,ID201383,CID-083,CA-0148,2026-03-15,2026-04-14,1445.58,USD,SampleGen
INV-9e73e2e0-67ba-43fd-b9d3-6fed2d848235,ID201384,CID-083,CA-0148,2026-03-07,2026-04-06,3048.42,USD,SampleGen
INV-8621465c-b7af-4934-a804-ba1b67d45804,ID201385,CID-083,CA-0148,2026-03-20,2026-04-19,2560.76,USD,SampleGen
INV-d4bfe4ea-872b-4f7a-959d-b761431fc6dc,ID201386,CID-083,CA-0148,2026-03-13,2026-04-12,2378.54,USD,SampleGen
INV-3a73284a-ab43-471e-9b00-94f974a7ff94,ID201387,CID-084,CA-0150,2025-06-27,2025-07-27,432.36,USD,SampleGen
INV-91899a3d-108d-46e4-9be7-f976ee5bcaed,ID201388,CID-084,CA-0150,2025-07-20,2025-08-19,4566.32,USD,SampleGen
INV-f28e8495-2012-43de-9c51-3bfee3012984,ID201389,CID-084,CA-0150,2025-08-19,2025-09-18,4850.38,USD,SampleGen
INV-b907bbcf-ae2c-46bb-a1bf-1db44f64a23e,ID201390,CID-084,CA-0150,2025-12-24,2026-01-23,2747.32,USD,SampleGen
INV-3b3b0c2d-3f8a-4924-a251-7026dc0b9cec,ID201391,CID-084,CA-0150,2026-01-28,2026-02-27,2077.5,USD,SampleGen
INV-3e7ebae2-ea85-49cf-a547-7c82f11453b4,ID201392,CID-084,CA-0150,2026-02-10,2026-03-12,3090.86,USD,SampleGen
INV-e3568078-be9f-4bfa-aace-ec4590662e2e,ID201393,CID-084,CA-0150,2026-02-28,2026-03-30,1403.34,USD,SampleGen
INV-4d29aba5-e067-4709-9eee-f0bbb8b3d66c,ID201394,CID-084,CA-0150,2026-03-28,2026-04-27,3531.68,USD,SampleGen
INV-7bde75a6-6061-45a0-8bf0-ce8022b7289d,ID201395,CID-084,CA-0150,2026-03-03,2026-04-02,6809.2,USD,SampleGen
INV-fccde3a4-95f7-47ee-8705-0da85fcf9bca,ID201396,CID-084,CA-0150,2026-03-21,2026-04-20,1678.8,USD,SampleGen
INV-7d014bab-8584-4f76-9803-17468bb38f74,ID201397,CID-085,CA-0152,2025-07-25,2025-08-24,754.48,USD,SampleGen
INV-d3c27073-3073-4473-9842-1cf14e9da73c,ID201398,CID-085,CA-0152,2025-08-25,2025-09-24,3892.16,USD,SampleGen
INV-03f8ab06-097e-4989-a779-82ea6970009f,ID201399,CID-085,CA-0152,2025-08-17,2025-09-16,1780.68,USD,SampleGen
INV-81026671-b975-4611-a2a3-956b053d6490,ID201400,CID-085,CA-0152,2025-10-29,2025-11-28,343.36,USD,SampleGen
INV-319d0b57-fc03-4f1a-ab00-765e9eb6e776,ID201401,CID-085,CA-0152,2025-11-23,2025-12-23,1619.54,USD,SampleGen
INV-c500c988-b635-421f-81c2-106baeb96c12,ID201402,CID-085,CA-0152,2026-01-01,2026-01-31,1377.7,USD,SampleGen
INV-04beb3ad-f693-4350-9f78-ad390b4898e6,ID201403,CID-085,CA-0152,2026-02-22,2026-03-24,2416.68,USD,SampleGen
INV-d87ce2c1-c2e6-4cd4-ac88-e7ea1713df64,ID201404,CID-085,CA-0152,2026-03-03,2026-04-02,1392.72,USD,SampleGen
INV-269acceb-5425-4f94-8eb4-543aa4448707,ID201405,CID-086,CA-0154,2025-06-29,2025-07-29,1293.1,USD,SampleGen
INV-818ff972-27d8-4dba-909d-1abfc4b29083,ID201406,CID-086,CA-0154,2025-07-12,2025-08-11,794.84,USD,SampleGen
INV-188cfa10-db72-4e2e-a5b6-d6ecb6009468,ID201407,CID-086,CA-0154,2025-08-11,2025-09-10,868.98,USD,SampleGen
INV-088533d8-bd7e-4b72-b0fb-3ac89e11f502,ID201408,CID-086,CA-0154,2025-11-24,2025-12-24,3881.54,USD,SampleGen
INV-3a9c7608-004c-431f-b238-ecf0d852db2b,ID201409,CID-086,CA-0154,2025-12-28,2026-01-27,504.4,USD,SampleGen
INV-ca6faeff-5995-4c5e-b193-225dfc434669,ID201410,CID-086,CA-0154,2026-01-29,2026-02-28,74.18,USD,SampleGen
INV-eb9030f1-2435-4b3b-97bf-9450ce5413da,ID201411,CID-086,CA-0154,2026-02-27,2026-03-29,1163.72,USD,SampleGen
INV-f35e275b-0a5f-4ca8-b1e3-ce0399fe4f43,ID201412,CID-086,CA-0154,2026-03-07,2026-04-06,4343.6,USD,SampleGen
INV-2c574317-bf08-4331-bf41-f4eabde8b4dd,ID201413,CID-087,CA-0156,2025-06-03,2025-07-03,548.86,USD,SampleGen
INV-8b403d9d-07bc-4f05-99a2-176365c0be12,ID201414,CID-087,CA-0156,2025-07-23,2025-08-22,267.02,USD,SampleGen
INV-b57e8481-67ab-4211-a5d7-38f87244e931,ID201415,CID-087,CA-0156,2025-08-11,2025-09-10,1341.7,USD,SampleGen
INV-8566a71b-e32f-4689-b24f-cb2cda2e7b9d,ID201416,CID-087,CA-0156,2025-08-17,2025-09-16,2437.86,USD,SampleGen
INV-146a7454-2d85-488a-98d5-df5c88d65b60,ID201417,CID-087,CA-0156,2025-10-21,2025-11-20,890.2,USD,SampleGen
INV-b5202093-5a29-455f-b2dc-9d434a5d51c9,ID201418,CID-087,CA-0156,2025-11-12,2025-12-12,1131.88,USD,SampleGen
INV-7c5eb7fd-266e-4c34-90d0-fbef44ef0d9c,ID201419,CID-087,CA-0156,2025-12-02,2026-01-01,2562.84,USD,SampleGen
INV-05744f69-c099-4d05-9071-bc23f2df5f66,ID201420,CID-087,CA-0156,2025-12-28,2026-01-27,4407.28,USD,SampleGen
INV-45eabf87-8dce-4ffb-b520-875fb420bc88,ID201421,CID-087,CA-0156,2026-01-22,2026-02-21,1157.44,USD,SampleGen
INV-99da3cb7-0b3e-4ec6-88f6-1273a7c99004,ID201422,CID-087,CA-0156,2026-01-08,2026-02-07,1193.36,USD,SampleGen
INV-8a036bc6-80b5-4b37-b928-b6ed1b37494e,ID201423,CID-087,CA-0156,2026-02-27,2026-03-29,2601.06,USD,SampleGen
INV-e92b9a54-8972-4c6f-9ab3-2be0b3f3a9ba,ID201424,CID-087,CA-0156,2026-02-23,2026-03-25,3875.08,USD,SampleGen
INV-c779fbfb-2b3b-4c37-bc68-8f81ea8e94df,ID201425,CID-087,CA-0156,2026-02-09,2026-03-11,2961.4,USD,SampleGen
INV-92b98c32-ee32-4074-b2f7-73c8acfdd375,ID201426,CID-087,CA-0156,2026-03-28,2026-04-27,678.28,USD,SampleGen
INV-cd5d9910-5196-43c5-893e-5aeee52c2d35,ID201427,CID-087,CA-0156,2026-03-04,2026-04-03,1532.48,USD,SampleGen
INV-33d8d331-a4ce-4977-b70f-2b17a73044db,ID201428,CID-087,CA-0156,2026-03-29,2026-04-28,2016.02,USD,SampleGen
INV-24c27943-d0f1-4713-8c6b-7d86ecdcba73,ID201429,CID-088,CA-0158,2025-06-07,2025-07-07,1004.66,USD,SampleGen
INV-840652ad-ee04-4ff4-b4a8-56ab04bd8e98,ID201430,CID-088,CA-0158,2025-07-11,2025-08-10,4087.16,USD,SampleGen
INV-f8790876-f67c-4b8d-b5c2-2126ec90f5ea,ID201431,CID-088,CA-0158,2025-08-30,2025-09-29,886.04,USD,SampleGen
INV-d115e286-49ba-469e-99da-63b6e1516522,ID201432,CID-088,CA-0158,2025-12-15,2026-01-14,964.38,USD,SampleGen
INV-1a131d3f-366b-4d00-acd7-ba9dd455382a,ID201433,CID-088,CA-0158,2025-12-16,2026-01-15,966.58,USD,SampleGen
INV-81919747-9fee-498b-9610-dc4b56a577d5,ID201434,CID-088,CA-0158,2026-01-02,2026-02-01,6720.16,USD,SampleGen
INV-c34df794-0ee6-4dfa-8b54-c2252098f79f,ID201435,CID-088,CA-0158,2026-02-17,2026-03-19,2259.74,USD,SampleGen
INV-84097dda-0060-468b-afb2-ec7035f58027,ID201436,CID-088,CA-0158,2026-02-18,2026-03-20,890.32,USD,SampleGen
INV-64ac57d2-c020-4d88-b7c9-dd1a52fce408,ID201437,CID-088,CA-0158,2026-03-15,2026-04-14,676.08,USD,SampleGen
INV-56fcc7da-39e2-4f13-8ddd-32574215762b,ID201438,CID-088,CA-0158,2026-03-03,2026-04-02,6474.22,USD,SampleGen
INV-cc50e49a-be4a-472f-9f98-2cbe8de3ec73,ID201439,CID-089,CA-0160,2025-06-27,2025-07-27,519.26,USD,SampleGen
INV-310d7950-d9b4-476c-a218-b51b17827b80,ID201440,CID-089,CA-0160,2025-07-22,2025-08-21,3591.08,USD,SampleGen
INV-c069c01f-2ab7-4f9e-8bd2-a2fd89e1acf8,ID201441,CID-089,CA-0160,2025-08-18,2025-09-17,2094.48,USD,SampleGen
INV-41eccde2-2f41-4946-92c0-2c3e7151a3da,ID201442,CID-089,CA-0160,2025-08-11,2025-09-10,794.8,USD,SampleGen
INV-c2506713-89fd-44ac-a330-e76f7aac3f9a,ID201443,CID-089,CA-0160,2025-09-23,2025-10-23,2001.2,USD,SampleGen
INV-473fce87-0b30-4a8e-a389-346e516f8a24,ID201444,CID-089,CA-0160,2025-10-26,2025-11-25,2204.58,USD,SampleGen
INV-ba8f6525-703c-44b4-a145-d87d4478feb3,ID201445,CID-089,CA-0160,2025-11-04,2025-12-04,3056.78,USD,SampleGen
INV-7a576fa5-f152-41e8-959e-ec07fe717ddd,ID201446,CID-089,CA-0160,2025-12-25,2026-01-24,1051.4,USD,SampleGen
INV-5c115d4e-ed04-4404-ad0a-95a5b0a03984,ID201447,CID-089,CA-0160,2025-12-19,2026-01-18,1042.88,USD,SampleGen
INV-78427a9c-d786-4628-b15f-b8ba9be988e7,ID201448,CID-089,CA-0160,2026-01-29,2026-02-28,1208.34,USD,SampleGen
INV-0ecf82b8-d64f-4f79-a31d-e61577839b11,ID201449,CID-089,CA-0160,2026-02-23,2026-03-25,474.76,USD,SampleGen
INV-c5ba3b86-49a5-4776-95e8-4b6667ffe731,ID201450,CID-089,CA-0160,2026-02-17,2026-03-19,1975.76,USD,SampleGen
INV-e4679a22-8a88-42fc-bd59-1af095b24ecd,ID201451,CID-089,CA-0160,2026-02-19,2026-03-21,1195.56,USD,SampleGen
INV-4f4ed781-dd39-47b2-b79f-2b3d67de1b66,ID201452,CID-089,CA-0160,2026-03-07,2026-04-06,591.36,USD,SampleGen
INV-760f028c-9eb3-47d4-a444-c15e8f0926cd,ID201453,CID-089,CA-0160,2026-03-16,2026-04-15,1971.46,USD,SampleGen
INV-db17f79b-fec2-4419-8c19-1f0100e17b52,ID201454,CID-089,CA-0160,2026-03-18,2026-04-17,277.62,USD,SampleGen
INV-a4ccb54d-58d4-4190-8ef0-be2bfb68d7ea,ID201455,CID-090,CA-0162,2025-06-05,2025-07-05,720.66,USD,SampleGen
INV-36e8e781-ec4a-4470-a38e-3d7762fdc62a,ID201456,CID-090,CA-0162,2025-07-16,2025-08-15,1530.46,USD,SampleGen
INV-9e5c6122-5e29-4fe7-b6bf-c9b9798e08c9,ID201457,CID-090,CA-0162,2025-08-08,2025-09-07,4494.2,USD,SampleGen
INV-92f1eb1c-0108-4717-a15a-4f221a91f736,ID201458,CID-090,CA-0162,2025-10-10,2025-11-09,1458.3,USD,SampleGen
INV-decc7c54-8fa1-49eb-b561-32deaaf1f9b8,ID201459,CID-090,CA-0162,2025-11-03,2025-12-03,5944.2,USD,SampleGen
INV-69990c73-78a0-4ab3-8df4-59e1164fdeef,ID201460,CID-090,CA-0162,2025-12-21,2026-01-20,1598.24,USD,SampleGen
INV-2337e768-9d4f-48c9-8121-8ff82a5489ef,ID201461,CID-090,CA-0162,2026-01-28,2026-02-27,2486.62,USD,SampleGen
INV-d52f11a0-ad13-4e17-a6b7-d47dc3092ffd,ID201462,CID-090,CA-0162,2026-01-18,2026-02-17,964.5,USD,SampleGen
INV-e7c5da57-f97e-47d6-872d-1a805c375fe9,ID201463,CID-090,CA-0162,2026-02-10,2026-03-12,4443.34,USD,SampleGen
INV-8e6b55a0-e920-4bf1-ae33-d5706b1a2582,ID201464,CID-090,CA-0162,2026-02-04,2026-03-06,3902.74,USD,SampleGen
INV-8ea2d725-14dc-4b03-b0e7-0978b63a92bf,ID201465,CID-090,CA-0162,2026-03-27,2026-04-26,2374.24,USD,SampleGen
INV-45953633-5c03-469d-bef5-2ef6c5f74c9f,ID201466,CID-090,CA-0162,2026-03-17,2026-04-16,3006.02,USD,SampleGen
INV-c471b8b5-9a46-4308-a7be-968c843773e6,ID201467,CID-091,CA-0164,2025-08-19,2025-09-18,4099.92,USD,SampleGen
INV-474812c7-0583-4a8a-930e-d003b8d149bc,ID201468,CID-091,CA-0164,2025-10-15,2025-11-14,724.84,USD,SampleGen
INV-ec24668e-1fbc-4fcc-a0e9-6e741a9c87b4,ID201469,CID-091,CA-0164,2025-11-20,2025-12-20,1975.68,USD,SampleGen
INV-0cb53502-ee5e-4174-a700-0b0dc0941032,ID201470,CID-091,CA-0164,2025-12-15,2026-01-14,406.88,USD,SampleGen
INV-fa2aaa70-ae5c-43b5-b1c9-1c6a80f65470,ID201471,CID-091,CA-0164,2026-02-12,2026-03-14,1717.02,USD,SampleGen
INV-45816550-5580-4b22-9990-f6fe62c86ff1,ID201472,CID-091,CA-0164,2026-03-16,2026-04-15,3364.26,USD,SampleGen
INV-501052b9-c537-4cde-a333-6cdceb0df0a6,ID201473,CID-092,CA-0165,2025-06-12,2025-07-12,2293.64,USD,SampleGen
INV-286ea5d7-890d-48db-8cc2-1e473e5df99b,ID201474,CID-092,CA-0165,2025-07-12,2025-08-11,2709.14,USD,SampleGen
INV-c389bf1e-5854-48f9-97cb-5432a0983044,ID201475,CID-092,CA-0165,2025-07-07,2025-08-06,1144.68,USD,SampleGen
INV-6d40c8ce-6509-4641-b677-5c455773a67b,ID201476,CID-092,CA-0165,2025-08-12,2025-09-11,307.3,USD,SampleGen
INV-19cc8330-ad8a-4e63-ab30-3cd3c74c9a1a,ID201477,CID-092,CA-0165,2025-08-21,2025-09-20,1992.68,USD,SampleGen
INV-a85cced5-cfb2-4bfb-9b70-b7adacfae3d5,ID201478,CID-092,CA-0165,2025-10-15,2025-11-14,2641.34,USD,SampleGen
INV-fb7d35e0-5177-46ed-8b15-dfccc64c4605,ID201479,CID-092,CA-0165,2025-11-24,2025-12-24,2266.08,USD,SampleGen
INV-a8178dfb-bbac-4277-8e55-9d15df7e98e0,ID201480,CID-092,CA-0165,2025-12-28,2026-01-27,4127.46,USD,SampleGen
INV-2088dc18-90c9-4e0a-94d0-1d03b96e5c5a,ID201481,CID-092,CA-0165,2025-12-19,2026-01-18,635.84,USD,SampleGen
INV-4f6b6f1a-fb67-4dad-9f96-743b2325ee37,ID201482,CID-092,CA-0165,2026-01-10,2026-02-09,4472.98,USD,SampleGen
INV-46fafea7-f145-4230-94eb-ec51dc745e27,ID201483,CID-092,CA-0165,2026-01-09,2026-02-08,2391.14,USD,SampleGen
INV-b3764958-4f15-4ecd-b7cc-6b212aa0c75a,ID201484,CID-092,CA-0165,2026-02-10,2026-03-12,5808.6,USD,SampleGen
INV-b6e8b5b9-2bef-47a9-8627-f32ae4908416,ID201485,CID-092,CA-0165,2026-02-03,2026-03-05,1059.84,USD,SampleGen
INV-b7f3c894-2513-4071-a385-b747c69a3650,ID201486,CID-092,CA-0165,2026-03-30,2026-04-29,2085.96,USD,SampleGen
INV-61b32a77-42f4-477d-867b-321b4f039d7d,ID201487,CID-092,CA-0165,2026-03-27,2026-04-26,4197.4,USD,SampleGen
INV-076d73e0-c455-4887-a5e5-34b5d5f2ae33,ID201488,CID-092,CA-0165,2026-03-08,2026-04-07,3332.44,USD,SampleGen
INV-1fb2c4d0-8e79-454c-9168-56d26ae8e491,ID201489,CID-092,CA-0165,2026-03-11,2026-04-10,2422.92,USD,SampleGen
INV-42ecd23c-d4df-4d6e-abae-5d45511692e3,ID201490,CID-093,CA-0167,2025-06-11,2025-07-11,784.18,USD,SampleGen
INV-8d2700db-5c32-4e84-a84a-da37d7d53749,ID201491,CID-093,CA-0167,2025-06-09,2025-07-09,674.06,USD,SampleGen
INV-8583ffd4-34e4-43a3-a40d-e25dc477b436,ID201492,CID-093,CA-0167,2025-07-19,2025-08-18,2609.44,USD,SampleGen
INV-0c2d79af-2769-464c-9353-74f18574d44d,ID201493,CID-093,CA-0167,2025-07-20,2025-08-19,1992.6,USD,SampleGen
INV-3115758d-9d66-4423-9c82-ef3e7eab8689,ID201494,CID-093,CA-0167,2025-07-14,2025-08-13,1386.34,USD,SampleGen
INV-20300ff5-8db9-4b29-af7a-9c39459ce792,ID201495,CID-093,CA-0167,2025-08-10,2025-09-09,1170.06,USD,SampleGen
INV-fff3f171-09cd-46fd-9357-4f29b2149995,ID201496,CID-093,CA-0167,2025-08-14,2025-09-13,2480.18,USD,SampleGen
INV-405005b6-d247-48d1-9123-b2c139a3c136,ID201497,CID-093,CA-0167,2025-08-15,2025-09-14,2386.84,USD,SampleGen
INV-9abbfa47-8f4b-4015-9d51-c8fdadad6448,ID201498,CID-093,CA-0167,2025-08-11,2025-09-10,4320.42,USD,SampleGen
INV-d2ad7387-4ebd-4118-ad60-fc7b532c72f3,ID201499,CID-093,CA-0167,2025-09-02,2025-10-02,2586.24,USD,SampleGen
INV-4be44387-c58e-4f5e-9e63-bf785e0ccf0f,ID201500,CID-093,CA-0167,2025-10-17,2025-11-16,905.08,USD,SampleGen
INV-53731a16-bec0-4059-b68e-949c5d3d21d8,ID201501,CID-093,CA-0167,2025-10-17,2025-11-16,1738.26,USD,SampleGen
INV-6cb8a212-9528-45e5-9e48-d816abdda861,ID201502,CID-093,CA-0167,2025-11-26,2025-12-26,3612.4,USD,SampleGen
INV-55917bd1-cefa-4c74-ab78-9a9c031cedd0,ID201503,CID-093,CA-0167,2025-12-03,2026-01-02,1244.16,USD,SampleGen
INV-ac872a01-f41e-418a-ac31-270fb3a1aeb0,ID201504,CID-093,CA-0167,2025-12-29,2026-01-28,4557.7,USD,SampleGen
INV-50340de2-4cd7-4c27-9a47-ded4e84cfeff,ID201505,CID-093,CA-0167,2025-12-04,2026-01-03,4127.46,USD,SampleGen
INV-b79c3d80-bd98-46ce-ba48-faf1ff6d99b5,ID201506,CID-093,CA-0167,2025-12-11,2026-01-10,4320.42,USD,SampleGen
INV-06bf710b-199d-4c9c-bb93-1e981c9db950,ID201507,CID-093,CA-0167,2026-01-12,2026-02-11,2261.76,USD,SampleGen
INV-6e939ab8-1e01-4e91-82e5-63ea937b1031,ID201508,CID-093,CA-0167,2026-01-29,2026-02-28,903.1,USD,SampleGen
INV-ad5b7eff-246b-4ea4-84f1-1c2affe61153,ID201509,CID-093,CA-0167,2026-01-02,2026-02-01,5282.84,USD,SampleGen
INV-ab0f6004-703d-42d4-887b-f57ece4ea33b,ID201510,CID-093,CA-0167,2026-02-21,2026-03-23,404.7,USD,SampleGen
INV-1df13d48-d24a-40aa-8848-64375fa7910e,ID201511,CID-093,CA-0167,2026-03-01,2026-03-31,5850.96,USD,SampleGen
INV-f1f19465-1e3e-448b-a115-ba6be8aaa13a,ID201512,CID-093,CA-0167,2026-02-03,2026-03-05,4017.14,USD,SampleGen
INV-b8015d82-875b-462a-9acc-94d5a80127a7,ID201513,CID-093,CA-0167,2026-02-16,2026-03-18,3317.56,USD,SampleGen
INV-da357b52-2d92-4cc5-928c-2598dc6b16a0,ID201514,CID-093,CA-0167,2026-02-16,2026-03-18,966.56,USD,SampleGen
INV-8b8576fc-cce9-4b22-b4d0-fd6dd79874d6,ID201515,CID-093,CA-0167,2026-03-30,2026-04-29,3243.4,USD,SampleGen
INV-6d486791-64fc-4aaf-b023-b233c022ba93,ID201516,CID-093,CA-0167,2026-03-20,2026-04-19,6224.16,USD,SampleGen
INV-2bb76d60-cb8f-4022-8d49-2e88b5d352e8,ID201517,CID-093,CA-0167,2026-04-01,2026-05-01,3896.38,USD,SampleGen
INV-b3a55d4e-d6cc-4631-a6cc-4110a0123b83,ID201518,CID-093,CA-0167,2026-03-09,2026-04-08,4434.82,USD,SampleGen
INV-3c1757f4-82f1-4348-9ef2-82a32d9e30b7,ID201519,CID-093,CA-0167,2026-03-30,2026-04-29,4034.08,USD,SampleGen
INV-6ce5de0b-80d6-44cb-9749-4315d06da97b,ID201520,CID-093,CA-0167,2026-03-09,2026-04-08,1965.0,USD,SampleGen
INV-a789b806-6a57-4d94-9072-41d010f2c640,ID201521,CID-094,CA-0169,2025-06-15,2025-07-15,1418.16,USD,SampleGen
INV-a64f64e7-8d68-491b-944a-eb40ff529ba7,ID201522,CID-094,CA-0169,2025-12-24,2026-01-23,7996.34,USD,SampleGen
INV-e90a1366-932e-420d-8cf2-c8c074f7cdd7,ID201523,CID-094,CA-0169,2026-02-13,2026-03-15,4417.96,USD,SampleGen
INV-f4614aa9-676b-4b68-a5a3-cfff3cbd08cb,ID201524,CID-094,CA-0169,2026-03-29,2026-04-28,1820.88,USD,SampleGen
INV-51719533-b64e-4416-9434-14be741d9665,ID201525,CID-095,CA-0171,2025-06-03,2025-07-03,801.1,USD,SampleGen
INV-dde9d3f1-6e57-45cf-98e5-3a8fd44067ca,ID201526,CID-095,CA-0171,2025-06-27,2025-07-27,1170.12,USD,SampleGen
INV-16c34851-81b4-4707-a6dd-32ad6e73f18c,ID201527,CID-095,CA-0171,2025-07-13,2025-08-12,869.08,USD,SampleGen
INV-ee7c3b20-c01c-43f5-be45-16ee51b08c7c,ID201528,CID-095,CA-0171,2025-07-23,2025-08-22,909.3,USD,SampleGen
INV-6a610468-6fa9-490d-915a-9edeb621d38d,ID201529,CID-095,CA-0171,2025-07-29,2025-08-28,2060.44,USD,SampleGen
INV-f4756b2e-6da6-494c-9e4a-2eaa157af7cc,ID201530,CID-095,CA-0171,2025-08-12,2025-09-11,1051.26,USD,SampleGen
INV-343ff93f-9263-44ec-96f8-6e1f3b095eef,ID201531,CID-095,CA-0171,2025-08-30,2025-09-29,2382.76,USD,SampleGen
INV-99523a65-545e-4078-ae0c-aa7a4b99aca2,ID201532,CID-095,CA-0171,2025-08-30,2025-09-29,3332.46,USD,SampleGen
INV-0b250b00-066a-4083-ae37-05a4a80ac8d7,ID201533,CID-095,CA-0171,2025-09-29,2025-10-29,6571.72,USD,SampleGen
INV-ac933df3-d875-4818-b83c-67e6b60dc480,ID201534,CID-095,CA-0171,2025-10-12,2025-11-11,574.38,USD,SampleGen
INV-11c06d98-3219-441d-a4ff-08fae5852041,ID201535,CID-095,CA-0171,2025-11-29,2025-12-29,1691.6,USD,SampleGen
INV-40b37c9d-3248-429a-a611-decef1b00f42,ID201536,CID-095,CA-0171,2025-11-23,2025-12-23,3468.14,USD,SampleGen
INV-a7712b1c-5171-4f03-9588-3e1f56a258a0,ID201537,CID-095,CA-0171,2025-12-26,2026-01-25,476.88,USD,SampleGen
INV-7d3c45c7-9e21-4b1e-82e2-200b839ea900,ID201538,CID-095,CA-0171,2025-12-17,2026-01-16,1072.48,USD,SampleGen
INV-6df38b0e-6bf4-4f6c-90d1-e7b45c25bc10,ID201539,CID-095,CA-0171,2026-01-01,2026-01-31,5893.4,USD,SampleGen
INV-0fb47174-2313-40f3-beb7-3c8ee32f6243,ID201540,CID-095,CA-0171,2025-12-02,2026-01-01,5028.44,USD,SampleGen
INV-d7cdaeac-55ea-481f-9b4f-4f5ed2f7f527,ID201541,CID-095,CA-0171,2026-01-20,2026-02-19,805.56,USD,SampleGen
INV-c7384712-f2de-4b3a-b8ce-e6df77b0b26f,ID201542,CID-095,CA-0171,2026-01-10,2026-02-09,2098.56,USD,SampleGen
INV-de3337d6-ac13-41a7-b055-f420db7b126b,ID201543,CID-095,CA-0171,2026-01-30,2026-03-01,712.22,USD,SampleGen
INV-8205c497-b60d-4daa-8e11-e70e3d34909f,ID201544,CID-095,CA-0171,2026-02-26,2026-03-28,3822.22,USD,SampleGen
INV-296f8ea3-b761-4510-8e04-21aaa6a4b4f9,ID201545,CID-095,CA-0171,2026-02-23,2026-03-25,2815.18,USD,SampleGen
INV-3e17fa0a-843b-4c5c-aa41-82f47a678fb6,ID201546,CID-095,CA-0171,2026-02-14,2026-03-16,580.78,USD,SampleGen
INV-dc845648-445b-4723-a9de-bfd805212510,ID201547,CID-095,CA-0171,2026-02-07,2026-03-09,4405.22,USD,SampleGen
INV-da99da1b-3579-48fa-ad91-84177e38b384,ID201548,CID-095,CA-0171,2026-02-11,2026-03-13,4780.4,USD,SampleGen
INV-ec9d2479-1055-40e4-a4b2-e6a4a35a3be1,ID201549,CID-095,CA-0171,2026-03-16,2026-04-15,483.28,USD,SampleGen
INV-0e5544c9-6018-4360-8024-f8631c0aa79f,ID201550,CID-095,CA-0171,2026-03-03,2026-04-02,2972.1,USD,SampleGen
INV-7bf86e9b-386b-427b-84d8-b9823453a10d,ID201551,CID-095,CA-0171,2026-03-27,2026-04-26,2620.02,USD,SampleGen
INV-2e371764-4b85-4dec-bbfb-08fd8e1a982b,ID201552,CID-095,CA-0171,2026-03-10,2026-04-09,404.82,USD,SampleGen
INV-34041f4c-a4dc-4195-98d4-57c00c677273,ID201553,CID-095,CA-0171,2026-03-06,2026-04-05,3773.36,USD,SampleGen
INV-7bcd81d2-7488-4c91-a2fa-5868805df970,ID201554,CID-095,CA-0171,2026-03-30,2026-04-29,343.36,USD,SampleGen
INV-b50390f4-13fb-4db4-841b-71bbffb28997,ID201555,CID-096,CA-0172,2025-06-16,2025-07-16,4884.34,USD,SampleGen
INV-70a14887-ee86-4863-92fe-ec20509d106d,ID201556,CID-096,CA-0172,2025-07-16,2025-08-15,419.64,USD,SampleGen
INV-6698ae9c-fecb-40e2-9125-8ac4565fb4f3,ID201557,CID-096,CA-0172,2025-08-17,2025-09-16,2569.18,USD,SampleGen
INV-0cb75892-a9e6-4dbc-b375-439c9bdfd04b,ID201558,CID-096,CA-0172,2025-08-23,2025-09-22,2217.32,USD,SampleGen
INV-d35acae9-f975-4fb5-be45-c096c602bccd,ID201559,CID-096,CA-0172,2025-09-07,2025-10-07,4358.44,USD,SampleGen
INV-9bbb94cb-92b8-4dda-9b5d-3ea03db5147e,ID201560,CID-096,CA-0172,2025-11-19,2025-12-19,3822.22,USD,SampleGen
INV-e03e3464-eed9-435d-9e17-92321a2fb56e,ID201561,CID-096,CA-0172,2025-12-07,2026-01-06,3090.86,USD,SampleGen
INV-f1439dd2-c657-46cc-a75f-f51dca292bc7,ID201562,CID-096,CA-0172,2026-01-04,2026-02-03,457.76,USD,SampleGen
INV-8154bca1-ac63-49d5-9386-51148c81224e,ID201563,CID-096,CA-0172,2026-02-26,2026-03-28,2102.84,USD,SampleGen
INV-c9b46c49-7712-41a3-af14-2362fb97c7a8,ID201564,CID-096,CA-0172,2026-02-13,2026-03-15,3446.96,USD,SampleGen
INV-f14b7347-1265-412f-a1f8-26c3746df7f6,ID201565,CID-096,CA-0172,2026-02-26,2026-03-28,5566.96,USD,SampleGen
INV-21f352e5-4341-48a5-80da-9f5de6668b4a,ID201566,CID-096,CA-0172,2026-03-24,2026-04-23,837.2,USD,SampleGen
INV-32774862-4be7-4bbc-8871-9c6772bd1d82,ID201567,CID-096,CA-0172,2026-03-19,2026-04-18,436.6,USD,SampleGen
INV-fa155846-3277-4475-bb95-f0ca3b98ce47,ID201568,CID-096,CA-0172,2026-03-16,2026-04-15,504.42,USD,SampleGen
INV-d441a138-e9f2-4b35-be11-38f2949eb12d,ID201569,CID-097,CA-0174,2025-07-12,2025-08-11,2060.44,USD,SampleGen
INV-4e57158e-3db2-4c42-8510-12cc4d65c081,ID201570,CID-097,CA-0174,2025-08-14,2025-09-13,637.94,USD,SampleGen
INV-c21b51a8-5180-4975-b4b5-4ea1f48335d7,ID201571,CID-097,CA-0174,2025-08-15,2025-09-14,1975.52,USD,SampleGen
INV-677b5923-a969-492c-a1cd-e5a24e4f8169,ID201572,CID-097,CA-0174,2025-10-16,2025-11-15,2024.34,USD,SampleGen
INV-533a9d8a-4915-4144-baae-d071b9f97442,ID201573,CID-097,CA-0174,2025-12-03,2026-01-02,3298.46,USD,SampleGen
INV-b2aed7d7-6ee9-4682-be24-632a7527b843,ID201574,CID-097,CA-0174,2026-01-25,2026-02-24,1806.2,USD,SampleGen
INV-25e1c2e2-ef95-47cd-b498-0655191f2020,ID201575,CID-097,CA-0174,2026-02-08,2026-03-10,1148.82,USD,SampleGen
INV-4c78ad00-d6d4-456e-83cb-4683bfdecb46,ID201576,CID-097,CA-0174,2026-03-08,2026-04-07,5660.18,USD,SampleGen
INV-09723cc0-d655-4d6b-b18c-a785ab323236,ID201577,CID-097,CA-0174,2026-03-31,2026-04-30,1025.84,USD,SampleGen
INV-1c20c1f5-18d8-4b5c-b65d-fa5780b8f40f,ID201578,CID-097,CA-0174,2026-03-31,2026-04-30,1657.66,USD,SampleGen
INV-59cab65b-4703-497e-bb6a-5cb922de0722,ID201579,CID-098,CA-0176,2025-06-22,2025-07-22,3527.36,USD,SampleGen
INV-e9a1deb3-d43b-4f85-9638-0fc60dd6aa73,ID201580,CID-098,CA-0176,2025-07-03,2025-08-02,3042.04,USD,SampleGen
INV-bb39381b-ead6-410c-a235-c885c2a20487,ID201581,CID-098,CA-0176,2025-08-17,2025-09-16,3135.24,USD,SampleGen
INV-d6bbdd8b-d195-4bb9-bca6-1126515c7158,ID201582,CID-098,CA-0176,2025-12-12,2026-01-11,1150.94,USD,SampleGen
INV-9fe9ee3d-ae77-4607-a6e0-85cf2d14e560,ID201583,CID-098,CA-0176,2026-02-26,2026-03-28,1568.68,USD,SampleGen
INV-9bbecb52-3bd0-4ad5-a3bf-2ab42cf214f9,ID201584,CID-098,CA-0176,2026-03-21,2026-04-20,4015.1,USD,SampleGen
INV-badd46b2-d431-4198-b000-49f4898e166e,ID201585,CID-098,CA-0176,2026-03-25,2026-04-24,576.56,USD,SampleGen
INV-ae51e536-a8d0-4281-80e0-f23f7a14d121,ID201586,CID-099,CA-0178,2025-06-16,2025-07-16,1750.86,USD,SampleGen
INV-a5072bf4-6c02-4737-bb6d-e636ae667f64,ID201587,CID-099,CA-0178,2025-07-15,2025-08-14,563.76,USD,SampleGen
INV-2fe679cd-bc73-4f05-bf38-68fb3bb9b1b1,ID201588,CID-099,CA-0178,2025-08-02,2025-09-01,1237.98,USD,SampleGen
INV-a4e05120-3a06-49c3-92e9-aa5e93a6bac9,ID201589,CID-099,CA-0178,2025-08-07,2025-09-06,735.5,USD,SampleGen
INV-c89888b1-c31b-4b2c-a7e2-aee7791a953e,ID201590,CID-099,CA-0178,2025-10-19,2025-11-18,4142.28,USD,SampleGen
INV-e680a566-b476-4d8e-93a4-c0fcc24394ba,ID201591,CID-099,CA-0178,2025-11-08,2025-12-08,3213.66,USD,SampleGen
INV-1ebe0a8f-58b6-4153-9e7e-48904b715e5b,ID201592,CID-099,CA-0178,2025-12-28,2026-01-27,964.5,USD,SampleGen
INV-93393d09-a0f6-47b2-aef5-8b6a493480fb,ID201593,CID-099,CA-0178,2025-12-15,2026-01-14,2955.14,USD,SampleGen
INV-3f6e8c69-cf35-4d41-b4e4-1c686228ecfd,ID201594,CID-099,CA-0178,2026-01-23,2026-02-22,1132.02,USD,SampleGen
INV-837ba21b-2cb3-4fbd-8d2a-6671a238e15e,ID201595,CID-099,CA-0178,2026-01-15,2026-02-14,919.92,USD,SampleGen
INV-5c442265-3472-4b6a-97d8-fa992326d40a,ID201596,CID-099,CA-0178,2026-02-13,2026-03-15,1297.24,USD,SampleGen
INV-88c604c1-1516-4c9a-a2c0-cd3e4f536993,ID201597,CID-099,CA-0178,2026-02-13,2026-03-15,2921.22,USD,SampleGen
INV-42545805-f7d9-4de6-b01e-ef1db70edce3,ID201598,CID-099,CA-0178,2026-02-25,2026-03-27,1011.02,USD,SampleGen
INV-2661536f-bfa5-4e04-b2a8-bac96f73ddfa,ID201599,CID-099,CA-0178,2026-03-11,2026-04-10,2238.5,USD,SampleGen
INV-62a576fa-0ead-4a34-8305-1d983fe91986,ID201600,CID-099,CA-0178,2026-03-26,2026-04-25,2683.64,USD,SampleGen
INV-f6de49c3-ca64-4976-b069-b01d2da65acc,ID201601,CID-099,CA-0178,2026-03-14,2026-04-13,1615.28,USD,SampleGen
INV-5c6cacd0-4b73-4f74-aa71-894dce8b09bd,ID201602,CID-100,CA-0180,2025-06-26,2025-07-26,3892.16,USD,SampleGen
INV-175f2d53-b17c-4ece-948e-a7e45305afdd,ID201603,CID-100,CA-0180,2025-08-01,2025-08-31,1093.74,USD,SampleGen
INV-2225037f-fa64-4b83-a990-956732fa1c69,ID201604,CID-100,CA-0180,2025-08-25,2025-09-24,1695.84,USD,SampleGen
INV-0e4ecf4d-de9d-4584-912b-9ff6242fa9f1,ID201605,CID-100,CA-0180,2025-10-12,2025-11-11,472.62,USD,SampleGen
INV-1aadb18e-77d5-4cdb-b7a4-1e39d775179e,ID201606,CID-100,CA-0180,2025-12-17,2026-01-16,4085.02,USD,SampleGen
INV-98d4aea7-2402-4366-87a4-41a237790bd4,ID201607,CID-100,CA-0180,2026-01-28,2026-02-27,277.62,USD,SampleGen
INV-9c622a59-5717-416a-bd98-d4e286ecc96b,ID201608,CID-100,CA-0180,2026-02-25,2026-03-27,2759.98,USD,SampleGen
INV-d3516b28-ac3f-4623-9cf9-24dba7fc04c4,ID201609,CID-100,CA-0180,2026-02-26,2026-03-28,1322.6,USD,SampleGen
INV-9755a42c-77d7-4617-a8aa-15de555342d4,ID201610,CID-100,CA-0180,2026-03-20,2026-04-19,3054.76,USD,SampleGen
INV-ad736899-a211-4af4-ac55-8203ef478e23,ID201611,CID-100,CA-0180,2026-03-06,2026-04-05,5605.08,USD,SampleGen
INV-534f1f14-9974-4446-b44c-544f0733b838,ID201612,CID-101,CA-0182,2025-06-08,2025-07-08,731.24,USD,SampleGen
INV-89a23ff9-1ffc-4768-8f75-3cda059cf7e4,ID201613,CID-101,CA-0182,2025-09-01,2025-10-01,1008.98,USD,SampleGen
INV-2345d16e-73b9-4919-af9a-d6b0aa6bef03,ID201614,CID-101,CA-0182,2025-12-05,2026-01-04,1040.7,USD,SampleGen
INV-8b196d8f-7661-4295-81c3-7483405b78be,ID201615,CID-101,CA-0182,2026-01-04,2026-02-03,975.12,USD,SampleGen
INV-e63477b4-c7a5-4451-bc85-786c7d4e9ae4,ID201616,CID-101,CA-0182,2026-02-07,2026-03-09,3514.74,USD,SampleGen
INV-65453179-281a-431d-af93-8520fa3618a4,ID201617,CID-101,CA-0182,2026-03-09,2026-04-08,559.56,USD,SampleGen
INV-8f4d8f6c-37c1-4565-8d1c-4de44ff4143e,ID201618,CID-102,CA-0184,2025-06-27,2025-07-27,4027.8,USD,SampleGen
INV-6f848cb1-a73c-4dfd-bccd-8278781f0d04,ID201619,CID-102,CA-0184,2025-06-28,2025-07-28,599.82,USD,SampleGen
INV-80d6df5c-ebb8-4c98-9d72-4898b7278f19,ID201620,CID-102,CA-0184,2025-06-16,2025-07-16,2196.2,USD,SampleGen
INV-8042eb2e-0bcb-4ae2-a936-3181bc7c1ce8,ID201621,CID-102,CA-0184,2025-07-27,2025-08-26,928.32,USD,SampleGen
INV-f5eea613-0f94-4917-a653-757ea31113e4,ID201622,CID-102,CA-0184,2025-07-31,2025-08-30,2433.5,USD,SampleGen
INV-8dc208b9-0339-47d4-8a57-c78b11a80447,ID201623,CID-102,CA-0184,2025-07-11,2025-08-10,782.12,USD,SampleGen
INV-565eb3a5-998c-4b11-854e-d08b616d3d90,ID201624,CID-102,CA-0184,2025-08-30,2025-09-29,3557.26,USD,SampleGen
INV-aab51f7d-4553-490e-9256-3fd6ac2f9a71,ID201625,CID-102,CA-0184,2025-08-18,2025-09-17,3523.28,USD,SampleGen
INV-140d1cfa-0ae7-4e22-be51-a2fb33062370,ID201626,CID-102,CA-0184,2025-08-31,2025-09-30,2308.48,USD,SampleGen
INV-968a7076-0a48-4e46-8912-5a376c5f61af,ID201627,CID-102,CA-0184,2025-08-11,2025-09-10,402.68,USD,SampleGen
INV-a374450e-160b-451c-ba44-64324a29a2d2,ID201628,CID-102,CA-0184,2025-08-14,2025-09-13,1394.72,USD,SampleGen
INV-e1bf149f-7293-4b74-af09-87c1b5a10c67,ID201629,CID-102,CA-0184,2025-09-24,2025-10-24,1477.48,USD,SampleGen
INV-12a1dc1d-e073-4100-b961-5f9f5f125033,ID201630,CID-102,CA-0184,2025-09-27,2025-10-27,404.82,USD,SampleGen
INV-501d7dd9-079d-4365-920b-d1251fcba2d1,ID201631,CID-102,CA-0184,2025-10-09,2025-11-08,1577.0,USD,SampleGen
INV-bf917249-e573-4572-8469-ea26c241f083,ID201632,CID-102,CA-0184,2025-10-24,2025-11-23,3904.74,USD,SampleGen
INV-8f59d888-03dc-4be2-833e-47da79806174,ID201633,CID-102,CA-0184,2025-11-12,2025-12-12,4210.06,USD,SampleGen
INV-03bc65a1-83fc-467a-8cd0-0ba9c080ac00,ID201634,CID-102,CA-0184,2025-11-23,2025-12-23,1153.12,USD,SampleGen
INV-8dd844ed-be13-4c75-b9f4-49b49b16830b,ID201635,CID-102,CA-0184,2025-12-03,2026-01-02,2187.68,USD,SampleGen
INV-e04f580c-5b92-439d-9bdb-5e27b76db233,ID201636,CID-102,CA-0184,2025-12-22,2026-01-21,3016.6,USD,SampleGen
INV-e8b5cfd1-e8b1-417b-b3e5-2c6fc6e34fc8,ID201637,CID-102,CA-0184,2025-12-17,2026-01-16,5108.96,USD,SampleGen
INV-a61d9a2d-c062-4f5c-b7e0-9bca6d6eae4f,ID201638,CID-102,CA-0184,2025-12-30,2026-01-29,2433.52,USD,SampleGen
INV-9de5af8e-58fa-4471-8bbc-5a55c03b5c02,ID201639,CID-102,CA-0184,2025-12-16,2026-01-15,1975.76,USD,SampleGen
INV-42a53f5e-2bed-4dd5-b6dd-0afaf341c643,ID201640,CID-102,CA-0184,2026-01-26,2026-02-25,903.1,USD,SampleGen
INV-5b828ad1-4663-4af5-8f89-c8b8f3573651,ID201641,CID-102,CA-0184,2026-01-31,2026-03-02,1172.26,USD,SampleGen
INV-7477d3e5-d60a-4719-b83f-596b3f02fb1f,ID201642,CID-102,CA-0184,2026-01-23,2026-02-22,144.14,USD,SampleGen
INV-ecb01ca9-e833-4bc5-8393-dc8d5faab864,ID201643,CID-102,CA-0184,2026-01-09,2026-02-08,2588.36,USD,SampleGen
INV-ac23d0ee-c742-4ddf-8819-8e77bce2ba96,ID201644,CID-102,CA-0184,2026-02-24,2026-03-26,585.0,USD,SampleGen
INV-59ab3b09-00ec-4dbb-bcf3-69112c0dad9c,ID201645,CID-102,CA-0184,2026-02-19,2026-03-21,3222.24,USD,SampleGen
INV-f2f51660-39c4-4fc7-8bd8-d28ed3aa7777,ID201646,CID-102,CA-0184,2026-02-25,2026-03-27,1833.66,USD,SampleGen
INV-af6f15ff-06aa-4a36-b7fd-4b4f92bcfd6a,ID201647,CID-102,CA-0184,2026-02-05,2026-03-07,4239.82,USD,SampleGen
INV-8fe49a4f-34df-4509-bd56-b5d80e51b9a5,ID201648,CID-102,CA-0184,2026-02-15,2026-03-17,1352.44,USD,SampleGen
INV-eb479938-78be-48a1-b88e-4f436de0b9f7,ID201649,CID-102,CA-0184,2026-02-20,2026-03-22,394.2,USD,SampleGen
INV-97cc8d25-7c03-40fc-83a9-4db591d9eb99,ID201650,CID-102,CA-0184,2026-03-23,2026-04-22,2842.72,USD,SampleGen
INV-537a017d-4e58-4c0f-865f-e7d1a211bc0a,ID201651,CID-102,CA-0184,2026-03-06,2026-04-05,3461.7,USD,SampleGen
INV-a400bb64-f3fb-47a2-b096-146cc5a970bf,ID201652,CID-102,CA-0184,2026-03-26,2026-04-25,1950.24,USD,SampleGen
INV-6c0dfd00-3cb4-4df1-8565-2f1687862075,ID201653,CID-102,CA-0184,2026-03-12,2026-04-11,758.76,USD,SampleGen
INV-92da3913-2c68-4b4e-95c9-b33b712a94ae,ID201654,CID-102,CA-0184,2026-03-13,2026-04-12,1080.98,USD,SampleGen
INV-9a2085c4-37d7-45fb-b8dd-73cc1bd514fe,ID201655,CID-102,CA-0184,2026-03-03,2026-04-02,818.18,USD,SampleGen
INV-f9575917-c97d-47d3-8e3d-a21107b67825,ID201656,CID-102,CA-0184,2026-03-06,2026-04-05,8127.9,USD,SampleGen
INV-fa021333-8a63-4d53-a778-fcf04acd0bae,ID201657,CID-102,CA-0184,2026-03-12,2026-04-11,476.88,USD,SampleGen
INV-ca5c4ab6-30cb-47c8-9997-a4f26a76b007,ID201658,CID-103,CA-0186,2025-06-06,2025-07-06,1322.66,USD,SampleGen
INV-1d7a91aa-983c-4edc-9d18-f458d91f998a,ID201659,CID-103,CA-0186,2025-06-09,2025-07-09,5706.88,USD,SampleGen
INV-9e17e336-fc84-4512-b630-12be759b61ce,ID201660,CID-103,CA-0186,2025-06-08,2025-07-08,432.36,USD,SampleGen
INV-929ecd71-5837-4b78-9d0b-12d5d5b937d4,ID201661,CID-103,CA-0186,2025-07-07,2025-08-06,3281.64,USD,SampleGen
INV-9fff8113-53e3-45bc-bbb1-b8aa9d7f9a6d,ID201662,CID-103,CA-0186,2025-07-19,2025-08-18,1420.26,USD,SampleGen
INV-fed0ecd2-cff2-4c1f-8028-ee69902a89bf,ID201663,CID-103,CA-0186,2025-08-01,2025-08-31,3936.66,USD,SampleGen
INV-3d91502a-7b85-4dc8-9250-79c7d5842c2b,ID201664,CID-103,CA-0186,2025-07-27,2025-08-26,2026.54,USD,SampleGen
INV-20766281-f632-426b-af89-1b72fcda5dd9,ID201665,CID-103,CA-0186,2025-08-09,2025-09-08,3455.42,USD,SampleGen
INV-4ffdd1e9-53ec-427b-9ffc-f30f3d793d2a,ID201666,CID-103,CA-0186,2025-08-14,2025-09-13,686.72,USD,SampleGen
INV-47b41e27-ad01-48f0-bd66-60d42fc57dbf,ID201667,CID-103,CA-0186,2025-08-29,2025-09-28,1146.7,USD,SampleGen
INV-55c7ea68-b3d8-47cc-9a4f-add87deefa63,ID201668,CID-103,CA-0186,2025-08-11,2025-09-10,695.18,USD,SampleGen
INV-662c41d4-0e75-40f1-b8bf-ecf3c977a0c5,ID201669,CID-103,CA-0186,2025-08-20,2025-09-19,2117.64,USD,SampleGen
INV-357af1d4-4798-4c3d-8923-f3e346edfaa4,ID201670,CID-103,CA-0186,2025-08-24,2025-09-23,3413.0,USD,SampleGen
INV-aad5bf51-3201-4e47-8e4f-23b3942f5b51,ID201671,CID-103,CA-0186,2025-08-06,2025-09-05,868.92,USD,SampleGen
INV-b70ba797-a36f-4776-940f-079ed920e24d,ID201672,CID-103,CA-0186,2025-09-10,2025-10-10,2772.72,USD,SampleGen
INV-2c0ce05c-97aa-4fa3-b62b-764687a5cc0e,ID201673,CID-103,CA-0186,2025-10-11,2025-11-10,487.5,USD,SampleGen
INV-067b2d40-cad1-49f7-a7bd-23fd0758c508,ID201674,CID-103,CA-0186,2025-10-23,2025-11-22,546.82,USD,SampleGen
INV-ca90e7c7-ded4-4790-8727-f6174b80d9b3,ID201675,CID-103,CA-0186,2025-11-29,2025-12-29,487.38,USD,SampleGen
INV-65ced9c3-6bea-4e06-aa2b-b4a0bed0b7d7,ID201676,CID-103,CA-0186,2025-11-27,2025-12-27,905.02,USD,SampleGen
INV-e9426e1a-6cbd-4a50-856f-9c9fcb92ce2e,ID201677,CID-103,CA-0186,2025-12-28,2026-01-27,5969.68,USD,SampleGen
INV-c3fbcb83-6f15-47c9-8f25-794478f0c041,ID201678,CID-103,CA-0186,2025-12-26,2026-01-25,6321.7,USD,SampleGen
INV-75cb879f-78f0-4124-99c8-1c6e39deb512,ID201679,CID-103,CA-0186,2026-01-01,2026-01-31,2942.3,USD,SampleGen
INV-ae3cb447-f441-4436-9900-63b56925175f,ID201680,CID-103,CA-0186,2025-12-21,2026-01-20,5490.54,USD,SampleGen
INV-4a12c913-291a-455f-b346-9cbd4861c479,ID201681,CID-103,CA-0186,2025-12-22,2026-01-21,1780.68,USD,SampleGen
INV-ed01b224-c8cc-45ca-95de-ea8145ddad5c,ID201682,CID-103,CA-0186,2025-12-05,2026-01-04,4428.4,USD,SampleGen
INV-33ca64f6-8837-494d-b36a-e9876ed7036b,ID201683,CID-103,CA-0186,2026-01-31,2026-03-02,1820.94,USD,SampleGen
INV-eb86eea8-3f16-4931-8a38-5cb52e79fc48,ID201684,CID-103,CA-0186,2026-01-20,2026-02-19,3665.38,USD,SampleGen
INV-4020a365-1440-4670-af3f-6f84dde7a4f7,ID201685,CID-103,CA-0186,2026-01-21,2026-02-20,911.5,USD,SampleGen
INV-4013bba3-5c01-4fb8-a585-378d8175be78,ID201686,CID-103,CA-0186,2026-01-07,2026-02-06,2143.04,USD,SampleGen
INV-1bb84ea9-4c7e-4c95-b55e-c2722145ba24,ID201687,CID-103,CA-0186,2026-01-27,2026-02-26,1763.72,USD,SampleGen
INV-43b61089-97ed-41f0-9149-40ec15d64b47,ID201688,CID-103,CA-0186,2026-02-05,2026-03-07,1933.34,USD,SampleGen
INV-5915eaf5-1670-4742-91a2-523830a8f3b3,ID201689,CID-103,CA-0186,2026-02-24,2026-03-26,2094.38,USD,SampleGen
INV-a7a7c901-3d2c-425d-af08-7d1fd1b44bba,ID201690,CID-103,CA-0186,2026-02-11,2026-03-13,958.12,USD,SampleGen
INV-4e87474b-0677-44b1-b3b6-32557120bd26,ID201691,CID-103,CA-0186,2026-02-07,2026-03-09,2615.88,USD,SampleGen
INV-ae13589c-4e6b-4ebb-9663-3b89d0afb622,ID201692,CID-103,CA-0186,2026-02-10,2026-03-12,1772.12,USD,SampleGen
INV-9745b5f2-2bb8-4f6a-adcb-6f4f908b8efd,ID201693,CID-103,CA-0186,2026-02-17,2026-03-19,1068.28,USD,SampleGen
INV-45f7a241-e71a-4dae-94ed-cd5619ccc459,ID201694,CID-103,CA-0186,2026-02-06,2026-03-08,1973.5,USD,SampleGen
INV-aef4765a-b28d-49aa-93ce-e7d99ac2cb1e,ID201695,CID-103,CA-0186,2026-02-14,2026-03-16,4509.0,USD,SampleGen
INV-b0d39a29-653b-4884-9fa7-0c7daaafac17,ID201696,CID-103,CA-0186,2026-03-03,2026-04-02,1203.96,USD,SampleGen
INV-0c0809aa-e04d-4b7a-9515-9d259f052ca7,ID201697,CID-103,CA-0186,2026-03-28,2026-04-27,2866.04,USD,SampleGen
INV-25be678c-9f7c-490a-83cb-b140f1bde8d9,ID201698,CID-103,CA-0186,2026-03-23,2026-04-22,432.38,USD,SampleGen
INV-52babb3c-d3e8-45c8-aa81-e51c8fe1103a,ID201699,CID-103,CA-0186,2026-03-20,2026-04-19,1526.16,USD,SampleGen
INV-3ec40895-10bb-488e-8239-37112ee6d44c,ID201700,CID-103,CA-0186,2026-03-19,2026-04-18,1356.52,USD,SampleGen
INV-f26c0374-7822-4032-b626-b6cee7b609a8,ID201701,CID-103,CA-0186,2026-03-25,2026-04-24,1494.34,USD,SampleGen
INV-075a37a6-3b75-4891-b141-82f55d148452,ID201702,CID-103,CA-0186,2026-03-19,2026-04-18,2187.6,USD,SampleGen
INV-cdcf3fb9-1f94-4b93-8944-8ada58cf9154,ID201703,CID-103,CA-0186,2026-03-16,2026-04-15,1611.12,USD,SampleGen
INV-ab4e7142-e9db-4d52-9f38-8460b90766d9,ID201704,CID-103,CA-0186,2026-03-14,2026-04-13,6045.98,USD,SampleGen
INV-e854b4c9-4305-4390-ab0f-a5b124f2464a,ID201705,CID-103,CA-0186,2026-03-03,2026-04-02,754.56,USD,SampleGen
INV-a13bbbae-11c7-4de7-94ab-e39e81894994,ID201706,CID-104,CA-0188,2026-01-28,2026-02-27,1806.2,USD,SampleGen
INV-2a69fa1d-a491-4ebf-ab90-c6fdadd829c3,ID201707,CID-105,CA-0190,2025-08-16,2025-09-15,932.64,USD,SampleGen
INV-56a5042a-3174-4ec9-8f08-8b6ba1015098,ID201708,CID-105,CA-0190,2025-10-15,2025-11-14,654.96,USD,SampleGen
INV-0c4d7233-d5c2-4690-b485-b7da913a6437,ID201709,CID-105,CA-0190,2026-01-12,2026-02-11,1000.56,USD,SampleGen
INV-ea4016fb-a369-44fe-a152-9b4f26402ebd,ID201710,CID-106,CA-0192,2025-06-27,2025-07-27,1110.66,USD,SampleGen
INV-fa4d77ac-4f1d-4f60-9216-c0aedbba41b6,ID201711,CID-106,CA-0192,2025-07-17,2025-08-16,1642.78,USD,SampleGen
INV-3cafd46d-f7b4-49c3-8757-cfa1ef08515f,ID201712,CID-106,CA-0192,2025-08-01,2025-08-31,345.46,USD,SampleGen
INV-994ee0ed-e7fd-4d01-bb3a-d25f45accc25,ID201713,CID-106,CA-0192,2025-08-05,2025-09-04,2083.78,USD,SampleGen
INV-b1b8ee36-cd5e-4b67-890d-b92df13537d6,ID201714,CID-106,CA-0192,2025-08-21,2025-09-20,411.2,USD,SampleGen
INV-3cffa0e2-ae1a-40af-b90b-943e0cafad18,ID201715,CID-106,CA-0192,2025-08-15,2025-09-14,438.7,USD,SampleGen
INV-60f4e110-a04b-41af-8b43-50019cd76aed,ID201716,CID-106,CA-0192,2025-10-01,2025-10-31,792.66,USD,SampleGen
INV-9b530d27-7018-47e8-8756-b9b90d78fe33,ID201717,CID-106,CA-0192,2025-10-24,2025-11-23,686.76,USD,SampleGen
INV-a60d5816-5ab0-4222-98c2-1bf92cc28c89,ID201718,CID-106,CA-0192,2025-11-14,2025-12-14,3991.78,USD,SampleGen
INV-2ecb0189-0d65-4c1d-b0cd-4954e4c95329,ID201719,CID-106,CA-0192,2025-12-13,2026-01-12,2416.68,USD,SampleGen
INV-cce5b04e-f054-4a48-9ce3-f791ddfc8297,ID201720,CID-106,CA-0192,2025-12-20,2026-01-19,1784.9,USD,SampleGen
INV-ed2911a6-4890-435d-8477-f6fbe2ed6e5e,ID201721,CID-106,CA-0192,2026-01-24,2026-02-23,1263.42,USD,SampleGen
INV-2d375c54-8146-444d-91c9-43d27d7dd814,ID201722,CID-106,CA-0192,2026-02-14,2026-03-16,2100.7,USD,SampleGen
INV-4e57d46a-0abf-43f1-88b7-5ec4bce7b309,ID201723,CID-106,CA-0192,2026-02-26,2026-03-28,2577.74,USD,SampleGen
INV-812c3545-d14e-40c4-858d-b74e993ac9f8,ID201724,CID-106,CA-0192,2026-02-23,2026-03-25,1587.64,USD,SampleGen
INV-d45d8c86-57ca-467b-8c49-33df2e85af12,ID201725,CID-106,CA-0192,2026-03-31,2026-04-30,3105.6,USD,SampleGen
INV-e89c771c-e3f3-427b-9628-346e6b753485,ID201726,CID-106,CA-0192,2026-03-12,2026-04-11,915.66,USD,SampleGen
INV-04157363-202e-4955-92d1-d03704636eb9,ID201727,CID-106,CA-0192,2026-03-12,2026-04-11,1013.18,USD,SampleGen
INV-107613f8-ebd8-44fa-a366-35cd4bff15e0,ID201728,CID-106,CA-0192,2026-03-10,2026-04-09,1161.56,USD,SampleGen
INV-a66aa949-49d1-4dc9-8b2a-24e833235f2f,ID201729,CID-107,CA-0194,2025-07-10,2025-08-09,5058.02,USD,SampleGen
INV-42d7ac48-95c6-45b2-8f68-571ffb8e3a51,ID201730,CID-107,CA-0194,2025-09-01,2025-10-01,724.92,USD,SampleGen
INV-32f714e7-b46c-439f-b37c-90f649569d40,ID201731,CID-107,CA-0194,2025-09-25,2025-10-25,521.44,USD,SampleGen
INV-bef5836c-a052-4604-989b-131ceb042b6e,ID201732,CID-107,CA-0194,2025-12-19,2026-01-18,678.22,USD,SampleGen
INV-1c7c771f-a091-4ca8-9ca3-06ab94d9b9ce,ID201733,CID-107,CA-0194,2026-01-13,2026-02-12,6321.7,USD,SampleGen
INV-a3e91901-a56a-41b3-a397-0e9a08a7d230,ID201734,CID-107,CA-0194,2026-02-27,2026-03-29,1672.48,USD,SampleGen
INV-927b0f00-c60f-46d4-a267-5bf05e159a5e,ID201735,CID-107,CA-0194,2026-03-03,2026-04-02,2946.64,USD,SampleGen
INV-54d071dd-77e0-4bd0-8159-52fe789b99eb,ID201736,CID-107,CA-0194,2026-03-15,2026-04-14,945.44,USD,SampleGen
INV-15617369-2448-424b-9e4b-e93f30b719cc,ID201737,CID-108,CA-0195,2025-06-26,2025-07-26,712.14,USD,SampleGen
INV-5b05a697-706c-4ef6-b7bd-f1a492e5786a,ID201738,CID-108,CA-0195,2025-06-24,2025-07-24,975.08,USD,SampleGen
INV-bae4a4bd-43e4-4113-915a-57b5656980c4,ID201739,CID-108,CA-0195,2025-07-18,2025-08-17,1191.16,USD,SampleGen
INV-2269a9bb-af53-4851-9a72-7b7af5f451e0,ID201740,CID-108,CA-0195,2025-07-26,2025-08-25,1203.96,USD,SampleGen
INV-1ae14cb1-1366-4a89-8557-e3f7a355bebe,ID201741,CID-108,CA-0195,2025-07-12,2025-08-11,294.54,USD,SampleGen
INV-d7d7d4a2-e2df-48e3-900e-19af2979ddd5,ID201742,CID-108,CA-0195,2025-08-04,2025-09-03,2187.76,USD,SampleGen
INV-c4ee5f0c-0085-4e52-be1e-4a31364de53a,ID201743,CID-108,CA-0195,2025-08-06,2025-09-05,1812.34,USD,SampleGen
INV-2d0c434d-0cdf-405b-a28b-813ed9568569,ID201744,CID-108,CA-0195,2025-08-20,2025-09-19,3964.14,USD,SampleGen
INV-12cc16ee-3ec3-4b77-aa3d-799108fc4817,ID201745,CID-108,CA-0195,2025-09-20,2025-10-20,3943.02,USD,SampleGen
INV-e2108721-c91d-4fbf-b78f-2d47c667cc8d,ID201746,CID-108,CA-0195,2025-10-02,2025-11-01,1059.82,USD,SampleGen
INV-8bb50338-ab36-4d5c-89cb-8ce0bffca0de,ID201747,CID-108,CA-0195,2025-11-04,2025-12-04,2876.56,USD,SampleGen
INV-e43e5bcf-c2ef-4241-9ab4-d55741216d2d,ID201748,CID-108,CA-0195,2025-11-02,2025-12-02,525.6,USD,SampleGen
INV-d89922ad-3439-4c7d-a141-038a8efdd2e0,ID201749,CID-108,CA-0195,2025-12-18,2026-01-17,1042.76,USD,SampleGen
INV-9d9296b0-a113-47b3-be1b-a28e571d94b7,ID201750,CID-108,CA-0195,2025-12-09,2026-01-08,1064.06,USD,SampleGen
INV-6a45534a-61c9-4d3c-a392-4b61b94aff16,ID201751,CID-108,CA-0195,2025-12-09,2026-01-08,4337.26,USD,SampleGen
INV-f65bac25-a29b-4255-ac8f-f483fd275787,ID201752,CID-108,CA-0195,2026-01-16,2026-02-15,3237.08,USD,SampleGen
INV-d8265b8e-4046-400b-8420-e94fa5cce050,ID201753,CID-108,CA-0195,2026-01-24,2026-02-23,2709.3,USD,SampleGen
INV-1f9ea201-77fc-44e9-84aa-9923984f01e7,ID201754,CID-108,CA-0195,2026-02-14,2026-03-16,489.58,USD,SampleGen
INV-9084f615-2d9c-406d-ba0e-c6cf2859b01a,ID201755,CID-108,CA-0195,2026-02-11,2026-03-13,799.1,USD,SampleGen
INV-c6e8bfac-5cdf-478a-bcf3-673f08eeba46,ID201756,CID-108,CA-0195,2026-02-20,2026-03-22,2266.04,USD,SampleGen
INV-7d251ab9-b026-40c5-a90d-4390ee907e7b,ID201757,CID-108,CA-0195,2026-02-08,2026-03-10,2878.82,USD,SampleGen
INV-39c8f848-6d28-4899-8f9b-5303e787a74e,ID201758,CID-108,CA-0195,2026-03-25,2026-04-24,4320.42,USD,SampleGen
INV-301f390f-275d-46c4-ab28-7cb9e8fe9f79,ID201759,CID-108,CA-0195,2026-03-14,2026-04-13,4197.4,USD,SampleGen
INV-56044595-2baf-4193-a9ed-92fed52b7881,ID201760,CID-108,CA-0195,2026-03-18,2026-04-17,1954.56,USD,SampleGen
INV-abfdfc4f-9e73-4a4f-974d-6c5d70c21a7c,ID201761,CID-108,CA-0195,2026-03-17,2026-04-16,300.96,USD,SampleGen
INV-ab3fb990-1de6-417f-9a97-99e23c341cc6,ID201762,CID-108,CA-0195,2026-03-17,2026-04-16,449.32,USD,SampleGen
INV-e2f12c42-3457-4f97-88d3-03a021e7bdc7,ID201763,CID-109,CA-1491,2025-06-12,2025-07-12,370.86,USD,SampleGen
INV-e2bdc07c-ba86-47f5-85fc-36781c4fb000,ID201764,CID-109,CA-1491,2025-07-27,2025-08-26,3421.44,USD,SampleGen
INV-72551ca3-e518-431c-a022-57acf8fecd85,ID201765,CID-109,CA-1491,2025-08-22,2025-09-21,1420.26,USD,SampleGen
INV-375e97ab-cda4-43a5-8328-0408b637eb41,ID201766,CID-109,CA-1491,2025-08-28,2025-09-27,567.96,USD,SampleGen
INV-c5374660-a531-4788-b8e8-5e4a639c1673,ID201767,CID-109,CA-1491,2025-09-16,2025-10-16,3434.14,USD,SampleGen
INV-40551415-e84f-4840-9509-d5e02aacc61e,ID201768,CID-109,CA-1491,2025-10-08,2025-11-07,2272.44,USD,SampleGen
INV-c91980df-0eeb-4f6b-8446-ea0bac0a594b,ID201769,CID-109,CA-1491,2025-11-05,2025-12-05,921.96,USD,SampleGen
INV-671c5f9d-dd05-4c11-8ea1-1e1c7c2c2000,ID201770,CID-109,CA-1491,2025-12-23,2026-01-22,2187.76,USD,SampleGen
INV-2e71b012-7970-46cd-8e6b-b159e9508cf2,ID201771,CID-109,CA-1491,2025-12-20,2026-01-19,2560.72,USD,SampleGen
INV-9bf53988-5c25-460b-918e-a710fd9154f2,ID201772,CID-109,CA-1491,2026-01-14,2026-02-13,1301.48,USD,SampleGen
INV-2588e11a-e9af-4435-bbc0-223f485092b0,ID201773,CID-109,CA-1491,2026-02-18,2026-03-20,404.82,USD,SampleGen
INV-fd61df65-eab0-48a9-a452-b1890b00b2db,ID201774,CID-109,CA-1491,2026-02-14,2026-03-16,2480.2,USD,SampleGen
INV-24c3807c-cdd0-4809-bf1f-979fc3d7758b,ID201775,CID-109,CA-1491,2026-03-19,2026-04-18,1890.88,USD,SampleGen
INV-369f6cb2-3ca6-4842-a189-1ed44541dcba,ID201776,CID-109,CA-1491,2026-03-31,2026-04-30,534.12,USD,SampleGen
INV-ccaf2452-21f0-4b02-8a83-8e4400144725,ID201777,CID-109,CA-1491,2026-03-13,2026-04-12,1430.88,USD,SampleGen
INV-90a6925c-818b-4f50-8214-e030b392a1fa,ID201778,CID-110,CA-0198,2025-06-04,2025-07-04,6480.64,USD,SampleGen
INV-b467002e-8d7a-41d4-a631-0812d3c98a83,ID201779,CID-110,CA-0198,2025-08-10,2025-09-09,2963.64,USD,SampleGen
INV-68077fe2-bae9-42b4-9429-b7137afd772c,ID201780,CID-110,CA-0198,2025-08-29,2025-09-28,1307.88,USD,SampleGen
INV-5f1e66e2-817e-4927-aaab-5091c7b86bc6,ID201781,CID-110,CA-0198,2025-10-30,2025-11-29,4341.52,USD,SampleGen
INV-08c5a2c1-93f9-4f2d-81ff-545eb23bbec7,ID201782,CID-110,CA-0198,2025-11-06,2025-12-06,4460.24,USD,SampleGen
INV-d70a795d-e543-438a-9e62-c70a335e9b30,ID201783,CID-110,CA-0198,2025-12-28,2026-01-27,309.44,USD,SampleGen
INV-9d53ff04-e591-4d9f-989b-8fb0ee32cda3,ID201784,CID-110,CA-0198,2025-12-05,2026-01-04,2567.06,USD,SampleGen
INV-604e54fa-451b-408c-aa5a-5e06d651f69a,ID201785,CID-110,CA-0198,2026-01-16,2026-02-15,1059.82,USD,SampleGen
INV-d45f61eb-64c1-4e0f-8a6f-54a731293432,ID201786,CID-110,CA-0198,2026-03-01,2026-03-31,2929.58,USD,SampleGen
INV-61967d44-ebbd-413f-b62d-c918a0c66527,ID201787,CID-110,CA-0198,2026-03-17,2026-04-16,1623.74,USD,SampleGen
INV-253d06f2-013b-4989-87c7-b53603a19404,ID201788,CID-110,CA-0198,2026-03-11,2026-04-10,385.72,USD,SampleGen
INV-720089e1-1c78-4072-954f-7e8625990cbd,ID201789,CID-111,CA-0199,2025-06-29,2025-07-29,1377.9,USD,SampleGen
INV-b1b77689-c9c2-49f2-bd50-a9de80cfe3bd,ID201790,CID-111,CA-0199,2025-07-22,2025-08-21,905.04,USD,SampleGen
INV-3a544c59-827e-43fe-88af-5fed11d4c82f,ID201791,CID-111,CA-0199,2025-08-30,2025-09-29,2628.6,USD,SampleGen
INV-484cb96a-ea0b-4bfb-903b-4f54d5629ffa,ID201792,CID-111,CA-0199,2025-08-13,2025-09-12,1148.78,USD,SampleGen
INV-6647a04e-54de-42cf-9658-cf116a2b9091,ID201793,CID-111,CA-0199,2025-11-28,2025-12-28,1547.46,USD,SampleGen
INV-7e876a5e-2749-4104-81f9-fb5200a66538,ID201794,CID-111,CA-0199,2025-12-14,2026-01-13,2219.48,USD,SampleGen
INV-e114e1b0-f3f4-499b-98e3-b920b32f8baf,ID201795,CID-111,CA-0199,2025-12-05,2026-01-04,379.38,USD,SampleGen
INV-af5533fe-35bc-4592-8b59-236ab2b209a7,ID201796,CID-111,CA-0199,2026-01-05,2026-02-04,4710.5,USD,SampleGen
INV-db3b1bfb-8aec-49de-b448-59920769c175,ID201797,CID-111,CA-0199,2026-02-06,2026-03-08,1485.84,USD,SampleGen
INV-c2bbe7df-5dfe-498e-8c79-fb306b2f9c8e,ID201798,CID-111,CA-0199,2026-02-03,2026-03-05,879.66,USD,SampleGen
INV-58365b7d-2f6c-4638-9dfd-5271c80d7974,ID201799,CID-111,CA-0199,2026-02-18,2026-03-20,1329.06,USD,SampleGen
INV-ec41a0b6-2e25-49c4-b5a1-cb8157d606d9,ID201800,CID-111,CA-0199,2026-03-31,2026-04-30,4146.5,USD,SampleGen
INV-18a7feef-b8f5-46c6-8e1d-daf1716a5d4f,ID201801,CID-111,CA-0199,2026-03-10,2026-04-09,3981.16,USD,SampleGen
INV-8390ac4f-f819-4cf3-af7b-43c740a863d7,ID201802,CID-111,CA-0199,2026-03-13,2026-04-12,462.06,USD,SampleGen
INV-42f795f8-bafb-4b3a-af47-f2a931d12a5b,ID201803,CID-112,CA-0201,2025-06-07,2025-07-07,4163.48,USD,SampleGen
INV-9305fb87-ea9d-47e4-ba2a-4f99573babc6,ID201804,CID-112,CA-0201,2025-08-01,2025-08-31,932.64,USD,SampleGen
INV-7b6c165e-f8e4-4e5e-92c2-b514739850b0,ID201805,CID-112,CA-0201,2025-07-12,2025-08-11,1500.84,USD,SampleGen
INV-734e0358-f462-423f-85e9-10151041cfde,ID201806,CID-112,CA-0201,2025-08-07,2025-09-06,1008.98,USD,SampleGen
INV-85cb8c1a-2577-406e-b042-873a9242cc4f,ID201807,CID-112,CA-0201,2025-08-10,2025-09-09,4621.38,USD,SampleGen
INV-37970b89-958a-47e5-9829-6f5b51e76252,ID201808,CID-112,CA-0201,2025-08-10,2025-09-09,559.52,USD,SampleGen
INV-11b96c84-80c7-4412-ba41-1439ba942584,ID201809,CID-112,CA-0201,2025-11-23,2025-12-23,900.76,USD,SampleGen
INV-8fbe92e4-a795-46ee-a3f3-9debadfbd669,ID201810,CID-112,CA-0201,2025-12-10,2026-01-09,6932.18,USD,SampleGen
INV-e86b2923-67b8-42c5-bb4d-7bc37da9d4c7,ID201811,CID-112,CA-0201,2025-12-27,2026-01-26,3866.64,USD,SampleGen
INV-857fbf82-837e-436c-9665-99ea371e84cb,ID201812,CID-112,CA-0201,2026-01-19,2026-02-18,3612.4,USD,SampleGen
INV-d9220659-ce26-4045-b5ea-35cb16adf0ec,ID201813,CID-112,CA-0201,2026-01-11,2026-02-10,945.44,USD,SampleGen
INV-483f96ab-8dbb-4c08-9ce0-34cd19da25bb,ID201814,CID-112,CA-0201,2026-02-20,2026-03-22,4070.16,USD,SampleGen
INV-832af731-c044-4377-b4e2-fb502d1bbae0,ID201815,CID-112,CA-0201,2026-02-16,2026-03-18,1695.88,USD,SampleGen
INV-7149b91a-86f4-4ed1-b6ef-a1d30f2978aa,ID201816,CID-112,CA-0201,2026-04-01,2026-05-01,763.04,USD,SampleGen
INV-22305a96-5204-47fd-8c1a-012bfcad8f34,ID201817,CID-112,CA-0201,2026-03-09,2026-04-08,2272.44,USD,SampleGen
INV-a9951c65-5816-4318-9fc3-67c08b9c74a4,ID201818,CID-112,CA-0201,2026-03-25,2026-04-24,1316.26,USD,SampleGen
INV-31f950c5-82db-4f6b-9d6c-a18c599b565d,ID201819,CID-113,CA-0203,2025-06-24,2025-07-24,1517.78,USD,SampleGen
INV-d6747731-26bc-4ec4-a7e0-26d9cfe7a728,ID201820,CID-113,CA-0203,2025-07-09,2025-08-08,3849.72,USD,SampleGen
INV-cafbae08-16c6-441b-9986-60168564e4e1,ID201821,CID-113,CA-0203,2025-08-06,2025-09-05,1820.94,USD,SampleGen
INV-c2a37bf4-879d-46fe-be49-25d8b5da30b9,ID201822,CID-113,CA-0203,2025-10-04,2025-11-03,3292.1,USD,SampleGen
INV-0f77be53-f8a4-493a-94ee-7194ab71489e,ID201823,CID-113,CA-0203,2025-11-29,2025-12-29,3794.46,USD,SampleGen
INV-96f0b593-6a69-46a7-b1ee-86b32dcee911,ID201824,CID-113,CA-0203,2025-12-22,2026-01-21,1064.06,USD,SampleGen
INV-4145a19a-3225-4a7f-9754-9fa73b64da36,ID201825,CID-113,CA-0203,2026-02-18,2026-03-20,3955.68,USD,SampleGen
INV-1a2b2d28-ca15-42be-a98a-0ea1e7282b1e,ID201826,CID-113,CA-0203,2026-03-09,2026-04-08,1193.42,USD,SampleGen
INV-14b2a0a7-536a-4030-8c18-57376c3625f5,ID201827,CID-114,CA-0205,2025-06-23,2025-07-23,1526.24,USD,SampleGen
INV-72aa58aa-1781-414a-8627-5bca7d96c979,ID201828,CID-114,CA-0205,2025-07-28,2025-08-27,1074.62,USD,SampleGen
INV-5f487190-19bf-40ee-bf8f-f7fab5e1d8a3,ID201829,CID-114,CA-0205,2025-07-24,2025-08-23,390.0,USD,SampleGen
INV-761f09f6-8ac8-479c-8e8c-453f8e7ad007,ID201830,CID-114,CA-0205,2025-08-22,2025-09-21,1055.62,USD,SampleGen
INV-b1da316e-eeff-483c-87a2-d8263ae2454c,ID201831,CID-114,CA-0205,2025-08-23,2025-09-22,500.2,USD,SampleGen
INV-529ce349-8ff6-4b10-838e-845590d3ed22,ID201832,CID-114,CA-0205,2025-08-17,2025-09-16,1212.48,USD,SampleGen
INV-9ec657bf-3490-4e76-ac4c-79d68b288cbf,ID201833,CID-114,CA-0205,2025-09-21,2025-10-21,3561.36,USD,SampleGen
INV-aded222d-3f8e-4ce2-90f3-71b05e9f31d7,ID201834,CID-114,CA-0205,2025-10-27,2025-11-26,5002.92,USD,SampleGen
INV-2c4f107e-871f-4a8b-aceb-b3d156064dbe,ID201835,CID-114,CA-0205,2025-11-15,2025-12-15,673.96,USD,SampleGen
INV-72fa4663-13ff-4e4d-acae-bcecf93b3ac4,ID201836,CID-114,CA-0205,2025-12-12,2026-01-11,4896.98,USD,SampleGen
INV-2aae84ef-6b4f-45c0-9924-27a12320e4a6,ID201837,CID-114,CA-0205,2025-12-22,2026-01-21,4515.5,USD,SampleGen
INV-568b96a3-1857-4c03-8364-fc7a993c460d,ID201838,CID-114,CA-0205,2025-12-11,2026-01-10,1627.88,USD,SampleGen
INV-09631c6a-c9dc-408b-8184-a633b7e3729b,ID201839,CID-114,CA-0205,2026-01-05,2026-02-04,2819.3,USD,SampleGen
INV-b229f4a9-ec69-4035-b0af-5a6d1e0a1e58,ID201840,CID-114,CA-0205,2026-01-30,2026-03-01,292.5,USD,SampleGen
INV-a7fb98b9-dcfe-4964-95aa-045c4962fad1,ID201841,CID-114,CA-0205,2026-02-18,2026-03-20,4417.96,USD,SampleGen
INV-6c6374b8-39a3-425d-93b7-2f0db25ac89c,ID201842,CID-114,CA-0205,2026-02-13,2026-03-15,1246.32,USD,SampleGen
INV-e1eaec6f-8855-474f-b4b1-7aeafd5dd254,ID201843,CID-114,CA-0205,2026-02-07,2026-03-09,1208.18,USD,SampleGen
INV-82af0798-0eda-4357-8e6b-b6bce86fc317,ID201844,CID-114,CA-0205,2026-02-15,2026-03-17,1329.06,USD,SampleGen
INV-bdff8cd6-1ebe-4236-af61-85224a1c7fe1,ID201845,CID-114,CA-0205,2026-03-25,2026-04-24,2001.2,USD,SampleGen
INV-67a67f56-d7e0-49fd-8b96-76d662b97f87,ID201846,CID-114,CA-0205,2026-03-05,2026-04-04,4121.08,USD,SampleGen
INV-4309d9b7-d51f-4b43-944a-e7f40c97cc1f,ID201847,CID-114,CA-0205,2026-03-30,2026-04-29,826.6,USD,SampleGen
INV-54a94c78-c5c3-430c-9fbe-def94774b0f5,ID201848,CID-114,CA-0205,2026-03-27,2026-04-26,3345.1,USD,SampleGen
INV-210c6bee-ee86-49bb-a1d7-7fedac25366e,ID201849,CID-115,CA-0207,2025-06-25,2025-07-25,1356.62,USD,SampleGen
INV-f00a60f0-c202-45e9-a6cd-756c334d88a7,ID201850,CID-115,CA-0207,2025-07-12,2025-08-11,402.66,USD,SampleGen
INV-ac6cc629-95c2-4383-9a87-19f6042718a0,ID201851,CID-115,CA-0207,2025-08-10,2025-09-09,1848.42,USD,SampleGen
INV-781f1be9-ce6d-4917-b04c-7c99e18a3bdf,ID201852,CID-115,CA-0207,2025-11-02,2025-12-02,652.74,USD,SampleGen
INV-b8da450d-3bca-4c96-8c35-b9cf238da89f,ID201853,CID-115,CA-0207,2025-12-13,2026-01-12,1717.08,USD,SampleGen
INV-0fd3e2d3-bf40-49e0-9ccf-c0697f21d0fe,ID201854,CID-115,CA-0207,2026-01-16,2026-02-15,627.42,USD,SampleGen
INV-cfd50c33-57f4-4cab-b52f-69418c178f86,ID201855,CID-115,CA-0207,2026-01-13,2026-02-12,6999.98,USD,SampleGen
INV-38515bc8-e88c-4127-aba7-1fcabcd53768,ID201856,CID-115,CA-0207,2026-02-12,2026-03-14,1000.56,USD,SampleGen
INV-d8de2a7f-6996-4e92-bcfd-067c65551353,ID201857,CID-115,CA-0207,2026-02-16,2026-03-18,222.5,USD,SampleGen
INV-9aceff44-b5a4-49ed-933f-74212b3848f9,ID201858,CID-115,CA-0207,2026-03-07,2026-04-06,1422.26,USD,SampleGen
INV-80f5124c-b7cc-4d36-8a15-4608c9e06dfd,ID201859,CID-115,CA-0207,2026-03-05,2026-04-04,498.1,USD,SampleGen
INV-df034021-8b5f-465f-b685-030390c458b5,ID201860,CID-116,CA-0209,2025-06-05,2025-07-05,3803.04,USD,SampleGen
INV-9367c451-aa07-4edc-9a21-9c0ac36093d8,ID201861,CID-116,CA-0209,2025-07-10,2025-08-09,559.56,USD,SampleGen
INV-54f05e7d-817e-476f-be89-cbff070e7604,ID201862,CID-116,CA-0209,2025-07-07,2025-08-06,2687.9,USD,SampleGen
INV-77a0338a-c8bb-4caa-84e9-7d1f3f2c56c2,ID201863,CID-116,CA-0209,2025-08-02,2025-09-01,5520.24,USD,SampleGen
INV-c3fd6d77-e089-42c6-a1f6-7754a3aa06f8,ID201864,CID-116,CA-0209,2025-08-24,2025-09-23,4188.96,USD,SampleGen
INV-edc2f59b-6c25-4617-b082-036b735c5bbe,ID201865,CID-116,CA-0209,2025-10-24,2025-11-23,2586.2,USD,SampleGen
INV-33dea394-ce82-4a00-a051-9900569dca98,ID201866,CID-116,CA-0209,2025-11-14,2025-12-14,4489.98,USD,SampleGen
INV-abc4514f-7a81-4c3f-bf1e-0dc4480d1eda,ID201867,CID-116,CA-0209,2025-12-18,2026-01-17,1833.66,USD,SampleGen
INV-15549c6f-4afc-4b77-84d8-8bdab9f917d3,ID201868,CID-116,CA-0209,2026-01-01,2026-01-31,4417.96,USD,SampleGen
INV-dcef7c59-0cf8-4511-9778-6a8c303deb06,ID201869,CID-116,CA-0209,2026-01-03,2026-02-02,4061.74,USD,SampleGen
INV-ddfa9fbb-201c-4ced-be8f-6e37633e71d5,ID201870,CID-116,CA-0209,2026-02-08,2026-03-10,3502.04,USD,SampleGen
INV-7ee4d668-4986-4f03-8219-e6327f7f7bd7,ID201871,CID-116,CA-0209,2026-02-16,2026-03-18,5272.22,USD,SampleGen
INV-158bc41e-01f2-4d14-8479-d8e7b1867842,ID201872,CID-116,CA-0209,2026-03-18,2026-04-17,5817.06,USD,SampleGen
INV-b52ceec2-f74b-4579-886d-44dd80e1d380,ID201873,CID-116,CA-0209,2026-03-07,2026-04-06,2198.28,USD,SampleGen
INV-a95bc12c-d249-4e95-8e1c-c3579c87fe75,ID201874,CID-116,CA-0209,2026-03-04,2026-04-03,428.12,USD,SampleGen
INV-91eb0d04-a032-436e-915d-bc0d811eb8e8,ID201875,CID-117,CA-0211,2025-06-16,2025-07-16,2471.74,USD,SampleGen
INV-44ddf98a-f532-4c8e-aa34-462ab2c783a2,ID201876,CID-117,CA-0211,2025-07-08,2025-08-07,758.74,USD,SampleGen
INV-c15e1f79-17aa-4264-8950-b46f8a67ae9d,ID201877,CID-117,CA-0211,2025-07-05,2025-08-04,6003.6,USD,SampleGen
INV-e76dec37-6d11-43fb-9f22-692777a57c76,ID201878,CID-117,CA-0211,2025-08-15,2025-09-14,451.44,USD,SampleGen
INV-b17ab962-f74f-4665-8633-efed1d6a6997,ID201879,CID-117,CA-0211,2025-08-04,2025-09-03,3188.22,USD,SampleGen
INV-dbde563b-4a16-4a47-be03-ba1cc2bcf7de,ID201880,CID-117,CA-0211,2025-09-01,2025-10-01,4263.06,USD,SampleGen
INV-f7750f52-9585-49cb-b3bc-35cec529c707,ID201881,CID-117,CA-0211,2025-09-02,2025-10-02,2043.54,USD,SampleGen
INV-bb3f4b27-7035-4fa0-95c0-ba2a22ef0635,ID201882,CID-117,CA-0211,2025-10-19,2025-11-18,767.34,USD,SampleGen
INV-4c045baf-7aeb-4ef9-819a-93ff54430847,ID201883,CID-117,CA-0211,2025-11-16,2025-12-16,1335.46,USD,SampleGen
INV-0235ecd5-277a-4e95-bd9f-36bc9f1edadb,ID201884,CID-117,CA-0211,2025-12-07,2026-01-06,2645.52,USD,SampleGen
INV-68e72579-6566-458b-90df-ac6fe3c31ea9,ID201885,CID-117,CA-0211,2025-12-12,2026-01-11,3824.22,USD,SampleGen
INV-3d4c7d82-003d-41e2-914a-b0b5b9ff9358,ID201886,CID-117,CA-0211,2025-12-04,2026-01-03,2028.74,USD,SampleGen
INV-7feb5c50-cf58-4007-b714-3319b260474e,ID201887,CID-117,CA-0211,2026-01-18,2026-02-17,975.12,USD,SampleGen
INV-ec37b0b0-3383-4f83-bea0-c31928812932,ID201888,CID-117,CA-0211,2026-01-21,2026-02-20,903.1,USD,SampleGen
INV-1a377176-e461-4526-9d95-62a9649442e1,ID201889,CID-117,CA-0211,2026-01-11,2026-02-10,3154.3,USD,SampleGen
INV-335b9132-e7a0-427b-8dd1-ba85e0d73392,ID201890,CID-117,CA-0211,2026-02-05,2026-03-07,640.04,USD,SampleGen
INV-bdc1d321-5d17-4344-a665-63900ab46bae,ID201891,CID-117,CA-0211,2026-02-07,2026-03-09,763.12,USD,SampleGen
INV-93513b51-caec-4cf9-a82e-336f890ddd58,ID201892,CID-117,CA-0211,2026-02-11,2026-03-13,1992.68,USD,SampleGen
INV-24075f3e-fb9e-44ef-b024-46030e13bd2e,ID201893,CID-117,CA-0211,2026-02-09,2026-03-11,1971.46,USD,SampleGen
INV-8bf30e3f-0af1-439a-a2b3-adcfc5b0d441,ID201894,CID-117,CA-0211,2026-02-18,2026-03-20,4723.06,USD,SampleGen
INV-db068e7f-3805-47c5-adc7-d0f4c08dfb4f,ID201895,CID-117,CA-0211,2026-03-24,2026-04-23,233.12,USD,SampleGen
INV-e696e045-98e2-41ad-a351-e4674ddf4399,ID201896,CID-117,CA-0211,2026-03-25,2026-04-24,2819.46,USD,SampleGen
INV-4b1fc129-6875-4711-bb07-3f004a3037a3,ID201897,CID-117,CA-0211,2026-03-13,2026-04-12,1725.46,USD,SampleGen
INV-f6a15af9-0cb2-4f06-bb66-964151ca503e,ID201898,CID-117,CA-0211,2026-03-22,2026-04-21,379.38,USD,SampleGen
INV-fc19a4b3-7596-4864-a62f-257b5aafcad3,ID201899,CID-117,CA-0211,2026-03-04,2026-04-03,466.32,USD,SampleGen
INV-8ce4526a-f56a-48aa-9878-7d1427fea827,ID201900,CID-117,CA-0211,2026-03-11,2026-04-10,432.36,USD,SampleGen
INV-130c7de1-296a-44c3-ab26-224963235a86,ID201901,CID-118,CA-0213,2025-06-28,2025-07-28,642.22,USD,SampleGen
INV-2371c01d-2274-40fa-b6a0-89f5ee6c7ce7,ID201902,CID-118,CA-0213,2025-07-08,2025-08-07,642.22,USD,SampleGen
INV-0a470780-8ef7-44b8-91ee-e1a85bfa0196,ID201903,CID-118,CA-0213,2025-08-22,2025-09-21,2662.52,USD,SampleGen
INV-e11eb6c3-2bfc-4992-b9f1-ff52267e1fbf,ID201904,CID-118,CA-0213,2025-08-04,2025-09-03,1246.32,USD,SampleGen
INV-5fff466c-a66c-4aec-8ccd-d8c44b7d8c06,ID201905,CID-118,CA-0213,2025-09-21,2025-10-21,476.88,USD,SampleGen
INV-8c7afc55-c346-43fe-ae9c-131e11b0f26b,ID201906,CID-118,CA-0213,2025-10-16,2025-11-15,3769.14,USD,SampleGen
INV-295f74a4-794b-4020-ab3a-799f60050c7e,ID201907,CID-118,CA-0213,2025-11-24,2025-12-24,568.04,USD,SampleGen
INV-d618fcdd-4352-491e-b402-b76215c8781e,ID201908,CID-118,CA-0213,2025-12-22,2026-01-21,1954.56,USD,SampleGen
INV-b2d91c7e-f992-486a-adce-74459852f66d,ID201909,CID-118,CA-0213,2025-12-31,2026-01-30,2013.9,USD,SampleGen
INV-13e7bbe9-f810-4cce-8b66-88d868607666,ID201910,CID-118,CA-0213,2026-01-15,2026-02-14,1017.46,USD,SampleGen
INV-daa9bc86-e675-4417-93dc-5c973c82f5dd,ID201911,CID-118,CA-0213,2026-02-09,2026-03-11,1496.62,USD,SampleGen
INV-5be84a8c-5538-4803-a214-b99461e8260c,ID201912,CID-118,CA-0213,2026-03-01,2026-03-31,4884.26,USD,SampleGen
INV-91ce6a8e-ab16-4590-8820-9dbcccd08659,ID201913,CID-118,CA-0213,2026-03-17,2026-04-16,2077.48,USD,SampleGen
INV-62d1c619-2d9e-4b29-81e7-586666e80e3e,ID201914,CID-118,CA-0213,2026-03-19,2026-04-18,1114.92,USD,SampleGen
INV-763eb7cd-064d-42b6-aad1-1a3a8e7daa32,ID201915,CID-118,CA-0213,2026-03-13,2026-04-12,2849.18,USD,SampleGen
INV-6b695505-01f6-40cf-ba04-0c570fec8e4a,ID201916,CID-119,CA-0215,2025-07-01,2025-07-31,724.92,USD,SampleGen
INV-c742c34f-8863-4ef2-9399-6a530b7bcc0d,ID201917,CID-119,CA-0215,2025-06-03,2025-07-03,572.3,USD,SampleGen
INV-46e24ac1-544d-4cc7-be32-20193f9f8cf4,ID201918,CID-119,CA-0215,2025-06-28,2025-07-28,317.92,USD,SampleGen
INV-04f8a5be-dcbc-4ad4-995d-940ab9187cd1,ID201919,CID-119,CA-0215,2025-07-13,2025-08-12,440.86,USD,SampleGen
INV-b9170586-763e-4ad9-aacd-7102f84c7a59,ID201920,CID-119,CA-0215,2025-07-09,2025-08-08,2819.46,USD,SampleGen
INV-7a9073dd-f580-4683-a615-b486e5bc8f6b,ID201921,CID-119,CA-0215,2025-07-31,2025-08-30,4863.02,USD,SampleGen
INV-3e8b7f5c-7562-4a95-9a29-1c5edb55c74a,ID201922,CID-119,CA-0215,2025-07-09,2025-08-08,1534.68,USD,SampleGen
INV-b961b7cd-2240-4ac5-bce8-8fd7edb3085b,ID201923,CID-119,CA-0215,2025-08-07,2025-09-06,576.56,USD,SampleGen
INV-50214f18-9cf4-4041-b61f-683f60375e5c,ID201924,CID-119,CA-0215,2025-08-26,2025-09-25,2077.5,USD,SampleGen
INV-c5471216-aa72-4550-8098-1682a4523737,ID201925,CID-119,CA-0215,2025-08-19,2025-09-18,682.52,USD,SampleGen
INV-77ce9361-4b1a-4af7-aead-655131ad607c,ID201926,CID-119,CA-0215,2025-08-12,2025-09-11,1191.28,USD,SampleGen
INV-519a3297-ec0a-49df-b735-d22d91d29cd2,ID201927,CID-119,CA-0215,2025-08-07,2025-09-06,1059.76,USD,SampleGen
INV-5e916667-6e18-4b16-b525-7c324e4c3f57,ID201928,CID-119,CA-0215,2025-08-30,2025-09-29,1335.48,USD,SampleGen
INV-7e0ada5a-9b9b-4451-b35a-13ad743a29e7,ID201929,CID-119,CA-0215,2025-09-19,2025-10-19,826.6,USD,SampleGen
INV-830e58a8-68c5-4f37-a90c-1f59523ea38c,ID201930,CID-119,CA-0215,2025-10-21,2025-11-20,379.38,USD,SampleGen
INV-e08d8756-b16a-4614-bfb2-6cc3983f3c9f,ID201931,CID-119,CA-0215,2025-10-21,2025-11-20,1589.9,USD,SampleGen
INV-17657162-d800-41c3-87c4-b24e03a941cf,ID201932,CID-119,CA-0215,2025-11-23,2025-12-23,353.94,USD,SampleGen
INV-c93de236-6756-4da4-80f8-1fc5d74a2405,ID201933,CID-119,CA-0215,2025-12-01,2025-12-31,1233.65,USD,SampleGen
INV-f3053e5a-192c-4702-aaf2-d2cf8b3cfa45,ID201934,CID-119,CA-0215,2025-11-08,2025-12-08,1091.56,USD,SampleGen
INV-c0080e31-c331-4ed5-89dd-bffe5a421ca5,ID201935,CID-119,CA-0215,2025-12-23,2026-01-22,1017.4,USD,SampleGen
INV-bf8456cd-d612-41ef-a4e5-fac1b9e1d065,ID201936,CID-119,CA-0215,2025-12-23,2026-01-22,1348.22,USD,SampleGen
INV-f90f118a-d290-42dc-b2ea-d1b7464c65d9,ID201937,CID-119,CA-0215,2025-12-22,2026-01-21,1390.56,USD,SampleGen
INV-5f4c81cc-15f9-496f-b4c8-2198c6476ea6,ID201938,CID-119,CA-0215,2025-12-03,2026-01-02,394.2,USD,SampleGen
INV-49f1289f-2c4b-4cd7-93c4-4ca72054a5a3,ID201939,CID-119,CA-0215,2025-12-23,2026-01-22,1098.06,USD,SampleGen
INV-55f9a519-2424-4b93-a1e0-9db1daafffc7,ID201940,CID-119,CA-0215,2026-01-26,2026-02-25,572.34,USD,SampleGen
INV-aa39115a-f1a1-414b-8458-a36e78d23c2f,ID201941,CID-119,CA-0215,2026-01-07,2026-02-06,4653.12,USD,SampleGen
INV-3dac5aaa-d9bc-4cae-a9fa-6108f463040b,ID201942,CID-119,CA-0215,2026-01-26,2026-02-25,2709.3,USD,SampleGen
INV-587ae086-05a1-49d0-b695-c8109092287c,ID201943,CID-119,CA-0215,2026-01-22,2026-02-21,1460.54,USD,SampleGen
INV-61c05f1e-bb83-414a-94eb-109878ede7d9,ID201944,CID-119,CA-0215,2026-02-18,2026-03-20,2501.48,USD,SampleGen
INV-6e28c82c-7f7a-4d89-a7a0-16c524ab030a,ID201945,CID-119,CA-0215,2026-02-13,2026-03-15,818.2,USD,SampleGen
INV-8767922b-e9d9-47ce-a7ff-cb3402383e3b,ID201946,CID-119,CA-0215,2026-02-09,2026-03-11,5079.28,USD,SampleGen
INV-0fc02469-dca9-4e37-8cbd-ed283d5b69e0,ID201947,CID-119,CA-0215,2026-02-24,2026-03-26,712.22,USD,SampleGen
INV-68cac3a6-5309-4d06-a86e-e1e14e19ff45,ID201948,CID-119,CA-0215,2026-02-03,2026-03-05,3875.2,USD,SampleGen
INV-c6f0b734-ba57-443a-811b-5906c785200f,ID201949,CID-119,CA-0215,2026-02-17,2026-03-19,1964.98,USD,SampleGen
INV-0e4800bc-fb97-410d-bda0-a2489fb0d359,ID201950,CID-119,CA-0215,2026-02-06,2026-03-08,1577.1,USD,SampleGen
INV-10d823e0-908d-4110-a4a0-dd7ffd04b624,ID201951,CID-119,CA-0215,2026-02-22,2026-03-24,864.78,USD,SampleGen
INV-10240e03-4d6b-430d-a5fb-493f073fdbb4,ID201952,CID-119,CA-0215,2026-03-05,2026-04-04,1369.3,USD,SampleGen
INV-4e4151cf-f70e-4776-a50b-0d9c96cc519d,ID201953,CID-119,CA-0215,2026-03-19,2026-04-18,4002.4,USD,SampleGen
INV-b080cc96-6c78-4b3c-abe5-dc6cd1121f3e,ID201954,CID-119,CA-0215,2026-03-11,2026-04-10,1314.16,USD,SampleGen
INV-6666431e-9da8-4a96-83a7-d16f12759305,ID201955,CID-119,CA-0215,2026-03-28,2026-04-27,1066.08,USD,SampleGen
INV-032db8d3-cd0d-406c-b837-f0ab9fbb2b5c,ID201956,CID-119,CA-0215,2026-03-05,2026-04-04,905.06,USD,SampleGen
INV-35cb8868-f829-4de9-a77d-19eff7977e9c,ID201957,CID-119,CA-0215,2026-03-16,2026-04-15,648.52,USD,SampleGen
INV-b022177a-109a-4aca-a912-bf9a7e57cc17,ID201958,CID-119,CA-0215,2026-03-30,2026-04-29,3099.3,USD,SampleGen
INV-43e65912-5b5b-457f-8241-44b4b33c3075,ID201959,CID-119,CA-0215,2026-03-21,2026-04-20,1407.42,USD,SampleGen
INV-f14fe76b-b743-4e76-ac07-3e57f353be75,ID201960,CID-119,CA-0215,2026-03-20,2026-04-19,1008.96,USD,SampleGen
INV-498ebe2a-9c04-46b0-ac06-bb16346cf5a1,ID201961,CID-119,CA-0215,2026-03-28,2026-04-27,1892.94,USD,SampleGen
INV-4a5b6322-cf8a-4c95-ad59-e697828a037d,ID201962,CID-120,CA-0217,2025-06-03,2025-07-03,1844.22,USD,SampleGen
INV-2c510156-5015-4f94-8434-8958d73281f9,ID201963,CID-120,CA-0217,2025-06-09,2025-07-09,2331.8,USD,SampleGen
INV-1cb64aa2-bf27-41ca-b46a-e60de8c1ac41,ID201964,CID-120,CA-0217,2025-07-30,2025-08-29,3285.86,USD,SampleGen
INV-da7f9512-2ed5-46c6-9c06-fcf1e2149e4d,ID201965,CID-120,CA-0217,2025-07-04,2025-08-03,690.92,USD,SampleGen
INV-28f137ce-8c62-4d53-9fa0-8528fb736eff,ID201966,CID-120,CA-0217,2025-08-25,2025-09-24,1878.1,USD,SampleGen
INV-29c3b409-62de-4edc-9c35-dce14435e8c8,ID201967,CID-120,CA-0217,2025-08-16,2025-09-15,1225.12,USD,SampleGen
INV-e778cfb7-79fa-4fe2-9972-c59f9fa27c51,ID201968,CID-120,CA-0217,2025-08-02,2025-09-01,2380.54,USD,SampleGen
INV-1dbe888f-6a0b-4036-b2ea-0382d42ca09c,ID201969,CID-120,CA-0217,2025-09-08,2025-10-08,2304.14,USD,SampleGen
INV-df06a87f-6576-4713-8a7a-fdd56be720d1,ID201970,CID-120,CA-0217,2025-10-08,2025-11-07,1327.02,USD,SampleGen
INV-2d3461fd-0530-4465-be90-7502ec336cf3,ID201971,CID-120,CA-0217,2025-11-25,2025-12-25,6743.44,USD,SampleGen
INV-ca92b827-32f1-458d-85cb-3b9f40fcd7ae,ID201972,CID-120,CA-0217,2025-12-16,2026-01-15,4146.5,USD,SampleGen
INV-5943410b-c707-4a9f-a17f-b6268c163694,ID201973,CID-120,CA-0217,2025-12-25,2026-01-24,1992.68,USD,SampleGen
INV-e059d1cb-6df4-4f1b-ad3c-7d11aefb0f7c,ID201974,CID-120,CA-0217,2026-01-24,2026-02-23,362.38,USD,SampleGen
INV-07b9216d-7c64-4f59-b45e-0d6a51e678fc,ID201975,CID-120,CA-0217,2026-01-20,2026-02-19,377.28,USD,SampleGen
INV-da36d2f6-2aa5-4f48-aef6-ac0625c15f68,ID201976,CID-120,CA-0217,2026-02-28,2026-03-30,1191.24,USD,SampleGen
INV-99e16ec4-674c-47eb-ab0a-ee82f2dfe29b,ID201977,CID-120,CA-0217,2026-02-17,2026-03-19,4061.74,USD,SampleGen
INV-e238f2a5-3667-4679-9afd-394d1415e3a9,ID201978,CID-120,CA-0217,2026-02-18,2026-03-20,555.3,USD,SampleGen
INV-c0ad7529-2f62-48dc-acb7-5576a7b2b14c,ID201979,CID-120,CA-0217,2026-02-07,2026-03-09,1598.34,USD,SampleGen
INV-6fdf75a1-8d68-4c6f-a652-55a0d9374724,ID201980,CID-120,CA-0217,2026-03-25,2026-04-24,648.58,USD,SampleGen
INV-9300e067-af04-4908-ba02-8ab110253edb,ID201981,CID-120,CA-0217,2026-03-09,2026-04-08,597.66,USD,SampleGen
INV-9dbc8ab1-a690-45c6-8780-0266afb5859f,ID201982,CID-120,CA-0217,2026-03-12,2026-04-11,7381.54,USD,SampleGen
INV-d156457a-e55f-48aa-9a02-3e39f277b454,ID201983,CID-120,CA-0217,2026-03-26,2026-04-25,962.26,USD,SampleGen
INV-409d8e2a-4792-4dc9-8eb2-cf0ba3690466,ID201984,CID-121,CA-1492,2025-06-18,2025-07-18,370.86,USD,SampleGen
INV-3082b3c7-6dcb-4b46-a794-8a8b51a97b1c,ID201985,CID-121,CA-1492,2025-07-17,2025-08-16,1250.6,USD,SampleGen
INV-aab8491b-8037-43ec-bdff-3c320da25cc1,ID201986,CID-121,CA-1492,2025-08-06,2025-09-05,4638.32,USD,SampleGen
INV-30b31f04-fae7-46a6-8691-ce35ffeaef12,ID201987,CID-121,CA-1492,2025-08-31,2025-09-30,2793.88,USD,SampleGen
INV-b969d95b-715d-450b-b6cd-77c4824c1b40,ID201988,CID-121,CA-1492,2025-09-26,2025-10-26,1051.4,USD,SampleGen
INV-32e5d09d-4cb3-4e2f-9a06-3b79374ec12f,ID201989,CID-121,CA-1492,2025-11-05,2025-12-05,1780.58,USD,SampleGen
INV-c9678ec3-038b-48a2-bb11-1c4ab0a29dd8,ID201990,CID-121,CA-1492,2025-12-04,2026-01-03,5641.06,USD,SampleGen
INV-3141e227-64d6-4917-b6e1-b136f5cde4eb,ID201991,CID-121,CA-1492,2025-12-14,2026-01-13,991.98,USD,SampleGen
INV-bd73d148-ff47-4aae-93d0-cfd5832c2754,ID201992,CID-121,CA-1492,2026-01-21,2026-02-20,695.28,USD,SampleGen
INV-44959e96-b4b6-420c-a777-100363f7be59,ID201993,CID-121,CA-1492,2026-01-12,2026-02-11,7792.84,USD,SampleGen
INV-62327985-d969-46fe-b687-1dfa8f396f7d,ID201994,CID-121,CA-1492,2026-02-08,2026-03-10,4104.12,USD,SampleGen
INV-dc216dff-3ee4-4a91-832c-8609314f1899,ID201995,CID-121,CA-1492,2026-02-22,2026-03-24,714.24,USD,SampleGen
INV-7a8d1ed4-4e13-4f7f-aac5-8df9577fd8d4,ID201996,CID-121,CA-1492,2026-03-11,2026-04-10,576.56,USD,SampleGen
INV-70f03325-0e88-4615-b480-481405ae0f0a,ID201997,CID-121,CA-1492,2026-03-19,2026-04-18,4099.9,USD,SampleGen
INV-0e1d1485-08b2-469a-bcec-2865f595fb76,ID201998,CID-122,CA-0220,2025-06-19,2025-07-19,4254.64,USD,SampleGen
INV-0ab81a26-2407-4757-a8f9-c47fdcbd30a1,ID201999,CID-122,CA-0220,2025-07-21,2025-08-20,5577.46,USD,SampleGen
INV-b0efc7fb-d241-4554-bcca-14bac17d7e12,ID202000,CID-122,CA-0220,2025-08-07,2025-09-06,506.54,USD,SampleGen
INV-a23e51dd-bd78-4dd7-a791-036ac7e13af2,ID202001,CID-122,CA-0220,2025-08-05,2025-09-04,989.82,USD,SampleGen
INV-cfedce3c-d191-4c0c-9a95-2142c95e1ea3,ID202002,CID-122,CA-0220,2025-09-02,2025-10-02,2865.96,USD,SampleGen
INV-b1c72588-514e-44ae-98ce-13528907ae44,ID202003,CID-122,CA-0220,2025-10-30,2025-11-29,714.3,USD,SampleGen
INV-990b890b-8e0e-495f-8dd1-f25c5f4b668e,ID202004,CID-122,CA-0220,2025-11-14,2025-12-14,2624.38,USD,SampleGen
INV-99d44a64-2fbe-436a-8d7e-e8088b737ebe,ID202005,CID-122,CA-0220,2025-12-17,2026-01-16,4324.58,USD,SampleGen
INV-45e979ee-65f2-4226-bb78-84f0e4ba6052,ID202006,CID-122,CA-0220,2025-12-31,2026-01-30,2013.9,USD,SampleGen
INV-b359debf-3131-4724-8192-5cf567af4448,ID202007,CID-122,CA-0220,2026-01-28,2026-02-27,903.1,USD,SampleGen
INV-b3177344-4112-403c-aa8d-1cbb8c5fd713,ID202008,CID-122,CA-0220,2026-01-05,2026-02-04,3637.66,USD,SampleGen
INV-0fb6807e-6abd-4f65-8514-df87f93a5151,ID202009,CID-122,CA-0220,2026-02-13,2026-03-15,981.38,USD,SampleGen
INV-3f20d756-7ec4-4c47-a50d-7f692059427e,ID202010,CID-122,CA-0220,2026-02-15,2026-03-17,3056.82,USD,SampleGen
INV-b465ceac-c2f6-4433-b849-0a46394d65ff,ID202011,CID-122,CA-0220,2026-03-01,2026-03-31,6156.22,USD,SampleGen
INV-b4e73e63-fc3d-4b95-bc5a-40d9ff1c9da0,ID202012,CID-122,CA-0220,2026-03-08,2026-04-07,1142.5,USD,SampleGen
INV-33d4baab-4028-4739-a37c-4f18372d447e,ID202013,CID-122,CA-0220,2026-03-20,2026-04-19,2501.48,USD,SampleGen
INV-f93b8e60-b5dd-429b-9542-93b8ddc0920c,ID202014,CID-122,CA-0220,2026-03-13,2026-04-12,975.12,USD,SampleGen
INV-e587f699-3549-46c8-84b4-32d77b7b7612,ID202015,CID-123,CA-0222,2025-06-10,2025-07-10,2276.7,USD,SampleGen
INV-73bda58e-4cbf-4ced-9544-eaa1d9c82b34,ID202016,CID-123,CA-0222,2025-07-30,2025-08-29,521.32,USD,SampleGen
INV-a0f1f1af-70b1-46ad-ba1e-f84564e70e04,ID202017,CID-123,CA-0222,2025-08-30,2025-09-29,1437.16,USD,SampleGen
INV-a68dbb2f-60df-49dd-8980-7774e9822956,ID202018,CID-123,CA-0222,2025-08-20,2025-09-19,767.34,USD,SampleGen
INV-ae89fc39-5a11-48d6-a0ee-cb6e39b989f9,ID202019,CID-123,CA-0222,2025-11-06,2025-12-06,953.9,USD,SampleGen
INV-b74989f0-8bf4-4800-b3ca-e65c655ac9fd,ID202020,CID-123,CA-0222,2025-12-12,2026-01-11,324.26,USD,SampleGen
INV-110fae5d-0bba-4598-bc88-7c50c38e5615,ID202021,CID-123,CA-0222,2025-12-29,2026-01-28,2416.68,USD,SampleGen
INV-9d23085c-bd97-4975-a485-4ce4d5b8b26b,ID202022,CID-123,CA-0222,2026-01-21,2026-02-20,1038.74,USD,SampleGen
INV-3896e1da-d717-4d24-b137-4fdabe986713,ID202023,CID-123,CA-0222,2026-02-14,2026-03-16,2755.72,USD,SampleGen
INV-50b7c501-74e6-4ce6-b66f-ddf74389713f,ID202024,CID-123,CA-0222,2026-02-16,2026-03-18,4121.1,USD,SampleGen
INV-6c9f30d9-52c3-4b8b-96e7-46d15fb8e473,ID202025,CID-123,CA-0222,2026-03-05,2026-04-04,2272.52,USD,SampleGen
INV-3eb7343d-1689-4619-98bc-b3cef6473186,ID202026,CID-123,CA-0222,2026-03-15,2026-04-14,3947.28,USD,SampleGen
INV-d3aac6c0-6f40-487e-b4d9-6bb0b014fd0c,ID202027,CID-124,CA-0224,2025-06-21,2025-07-21,697.34,USD,SampleGen
INV-a6285011-bed7-4f5c-9a9a-ec86468ff5c4,ID202028,CID-124,CA-0224,2025-07-04,2025-08-03,5223.52,USD,SampleGen
INV-af3fb2ef-67fe-4dc1-9d21-55dc22b5e013,ID202029,CID-124,CA-0224,2025-08-16,2025-09-15,729.12,USD,SampleGen
INV-aac89412-71ef-4630-bfae-85a377544370,ID202030,CID-124,CA-0224,2025-09-27,2025-10-27,654.96,USD,SampleGen
INV-1b49b697-a171-4306-aaa2-b85fd62a1e40,ID202031,CID-124,CA-0224,2025-10-30,2025-11-29,958.12,USD,SampleGen
INV-8ff40a98-ec1f-4fd7-823f-ee6ede135341,ID202032,CID-124,CA-0224,2025-12-16,2026-01-15,1687.26,USD,SampleGen
INV-eb10d729-af88-4a6c-b9d6-8805e72e845e,ID202033,CID-124,CA-0224,2026-01-22,2026-02-21,1640.72,USD,SampleGen
INV-5f54b0ed-fe05-4f58-9749-103df03430d6,ID202034,CID-124,CA-0224,2026-02-17,2026-03-19,1286.64,USD,SampleGen
INV-91a022ed-2173-40d1-800a-ff5cbbdeedd2,ID202035,CID-124,CA-0224,2026-03-29,2026-04-28,2598.96,USD,SampleGen
INV-8edebc16-0762-4bae-80bf-eeac9173c946,ID202036,CID-124,CA-0224,2026-03-09,2026-04-08,898.64,USD,SampleGen
INV-f93c79d5-e9cf-4b22-9d62-8fab63934f90,ID202037,CID-125,CA-0226,2025-06-18,2025-07-18,4905.5,USD,SampleGen
INV-acf85e0a-9421-4669-aabd-8dae5affa87c,ID202038,CID-125,CA-0226,2025-07-18,2025-08-17,1678.84,USD,SampleGen
INV-6f6cbc0c-3bfd-4255-a095-02714eb65a9f,ID202039,CID-125,CA-0226,2025-09-01,2025-10-01,1237.98,USD,SampleGen
INV-77e3d946-b8d4-4d7c-a631-86cd2a358e50,ID202040,CID-125,CA-0226,2025-08-28,2025-09-27,2721.82,USD,SampleGen
INV-e314f779-f9c5-43d1-9c3b-8e3acf7e03d7,ID202041,CID-125,CA-0226,2025-09-05,2025-10-05,1208.16,USD,SampleGen
INV-2084d3e1-fe1c-4ce5-b3e6-5416130c3ae2,ID202042,CID-125,CA-0226,2025-10-21,2025-11-20,3862.42,USD,SampleGen
INV-35b8c8de-f3a3-4e5e-bf4c-17b5be355b4d,ID202043,CID-125,CA-0226,2025-12-31,2026-01-30,5558.38,USD,SampleGen
INV-7181e2f5-8288-421e-9391-9f2b59c13a64,ID202044,CID-125,CA-0226,2025-12-20,2026-01-19,362.38,USD,SampleGen
INV-be1e63b5-f4dd-4630-9fe4-c27632d68fa4,ID202045,CID-125,CA-0226,2026-01-10,2026-02-09,1683.02,USD,SampleGen
INV-f3a253de-66dc-4496-af3a-41f3f6a23a80,ID202046,CID-125,CA-0226,2026-02-08,2026-03-10,1589.9,USD,SampleGen
INV-840b49bc-aa6a-4449-be6f-4e56e77aa985,ID202047,CID-125,CA-0226,2026-02-21,2026-03-23,1267.62,USD,SampleGen
INV-d42432e0-9f02-471e-b98e-8c61c2cc1a02,ID202048,CID-125,CA-0226,2026-03-04,2026-04-03,1339.66,USD,SampleGen
INV-57dca50e-c107-4118-bf3c-f4c1e2ff6b88,ID202049,CID-125,CA-0226,2026-03-05,2026-04-04,5685.58,USD,SampleGen
INV-3c1023e0-3739-477a-8777-032fed738856,ID202050,CID-126,CA-0228,2025-07-22,2025-08-21,3459.56,USD,SampleGen
INV-d38c9fb9-566d-4967-a14a-2e51bb6c8c89,ID202051,CID-126,CA-0228,2025-08-15,2025-09-14,712.18,USD,SampleGen
INV-93f85e63-7521-45b0-b92e-71b836f82d94,ID202052,CID-126,CA-0228,2025-11-22,2025-12-22,7042.4,USD,SampleGen
INV-6135c206-5467-435b-b39d-d74337be735c,ID202053,CID-126,CA-0228,2025-12-31,2026-01-30,633.66,USD,SampleGen
INV-043215a4-8856-4598-8f54-75bca1ebff3b,ID202054,CID-126,CA-0228,2026-02-17,2026-03-19,364.5,USD,SampleGen
INV-3131d6ac-5966-469c-8a71-03ea4209a690,ID202055,CID-126,CA-0228,2026-03-13,2026-04-12,667.58,USD,SampleGen
INV-022d2072-a98d-4365-aeba-8c2cc435567b,ID202056,CID-127,CA-1493,2025-06-23,2025-07-23,1227.3,USD,SampleGen
INV-6bde5bd8-4aa6-4c51-b1c5-5833b52c288d,ID202057,CID-127,CA-1493,2025-06-18,2025-07-18,1526.2,USD,SampleGen
INV-bd339d38-8503-4786-a3c8-f96953df0149,ID202058,CID-127,CA-1493,2025-07-12,2025-08-11,4188.96,USD,SampleGen
INV-fb035320-d4d3-4a89-b90a-76221cd6a986,ID202059,CID-127,CA-1493,2025-07-07,2025-08-06,1437.18,USD,SampleGen
INV-0ef3e8fe-d0dc-403a-9799-ef6aa5f0e98e,ID202060,CID-127,CA-1493,2025-08-10,2025-09-09,1674.66,USD,SampleGen
INV-89fc159e-4297-4edb-ac53-2367f174e5d1,ID202061,CID-127,CA-1493,2025-08-30,2025-09-29,315.78,USD,SampleGen
INV-6f5ac999-459c-465d-b028-f99ca76caa17,ID202062,CID-127,CA-1493,2025-08-04,2025-09-03,1309.92,USD,SampleGen
INV-3c648ee1-7ad9-4fa6-982d-a59f35988312,ID202063,CID-127,CA-1493,2025-08-09,2025-09-08,790.5,USD,SampleGen
INV-ceb8cb8f-dfdf-494d-bb0d-71f52715f2af,ID202064,CID-127,CA-1493,2025-09-23,2025-10-23,2212.96,USD,SampleGen
INV-49451f47-de34-4c30-8260-c77368deb431,ID202065,CID-127,CA-1493,2025-10-14,2025-11-13,2955.14,USD,SampleGen
INV-0329f310-e19f-4398-bce0-9cbdc7cd2242,ID202066,CID-127,CA-1493,2025-10-06,2025-11-05,877.46,USD,SampleGen
INV-acfb5760-77c4-47eb-b4d0-d201973159b2,ID202067,CID-127,CA-1493,2025-11-28,2025-12-28,5704.62,USD,SampleGen
INV-8f5779c8-969e-45e9-bebc-61975d753c07,ID202068,CID-127,CA-1493,2025-12-09,2026-01-08,3993.86,USD,SampleGen
INV-2433daac-251c-483a-bade-507790f10e0d,ID202069,CID-127,CA-1493,2025-12-24,2026-01-23,1259.06,USD,SampleGen
INV-2efd5826-efbc-448c-bd35-6cdba8b6fd58,ID202070,CID-127,CA-1493,2025-12-16,2026-01-15,1856.96,USD,SampleGen
INV-926a7f08-10ae-405b-9373-7b1b65660b22,ID202071,CID-127,CA-1493,2026-01-03,2026-02-02,1098.06,USD,SampleGen
INV-6ac844e6-5800-442f-9808-c46e22788952,ID202072,CID-127,CA-1493,2026-01-14,2026-02-13,7801.36,USD,SampleGen
INV-11722be3-ac9d-48f9-8f71-2d3a8d62cdc9,ID202073,CID-127,CA-1493,2026-01-07,2026-02-06,2728.26,USD,SampleGen
INV-072c3703-386c-47a7-902e-e4b82061c94a,ID202074,CID-127,CA-1493,2026-02-26,2026-03-28,2124.02,USD,SampleGen
INV-4f1889bc-347c-4a26-910a-a3ef429e83a7,ID202075,CID-127,CA-1493,2026-02-06,2026-03-08,2210.94,USD,SampleGen
INV-ceb3593a-e92c-425c-b2a9-29b02d322c93,ID202076,CID-127,CA-1493,2026-02-04,2026-03-06,1693.74,USD,SampleGen
INV-92cdb99e-7565-4e7a-b616-4894d05f575a,ID202077,CID-127,CA-1493,2026-02-26,2026-03-28,3798.8,USD,SampleGen
INV-c6f06427-09e3-4d44-8d88-f50bb98ae2e4,ID202078,CID-127,CA-1493,2026-02-19,2026-03-21,2488.72,USD,SampleGen
INV-e3425bc1-e3d5-4b68-9edc-37231cfc5420,ID202079,CID-127,CA-1493,2026-03-16,2026-04-15,2022.32,USD,SampleGen
INV-7636c04a-ef42-4c79-9f6f-3af5f05fc0ee,ID202080,CID-127,CA-1493,2026-03-20,2026-04-19,1833.66,USD,SampleGen
INV-5c7401d4-0b0c-4685-aa63-856774e7c897,ID202081,CID-127,CA-1493,2026-03-02,2026-04-01,1059.84,USD,SampleGen
INV-1c376e97-e667-45e5-aa36-d4acefa81813,ID202082,CID-127,CA-1493,2026-03-12,2026-04-11,1254.9,USD,SampleGen
INV-71571cf2-4cbb-4c7c-ae89-dab354f4e8ef,ID202083,CID-127,CA-1493,2026-03-07,2026-04-06,2001.2,USD,SampleGen
INV-5919d239-4246-4509-b0d5-50ffd9074dea,ID202084,CID-127,CA-1493,2026-03-27,2026-04-26,1971.36,USD,SampleGen
INV-1c1b8a45-7eff-4e29-bea6-2173491dd7ed,ID202085,CID-128,CA-0231,2025-07-01,2025-07-31,4765.6,USD,SampleGen
INV-f121fcf2-e448-49df-bd11-3b2218eee841,ID202086,CID-128,CA-0231,2025-06-28,2025-07-28,3014.54,USD,SampleGen
INV-2ac7c35f-e363-486e-a8da-ec6a816fa460,ID202087,CID-128,CA-0231,2025-07-16,2025-08-15,731.28,USD,SampleGen
INV-e0e1a045-7967-470f-a782-70f7d651d0ad,ID202088,CID-128,CA-0231,2025-07-05,2025-08-04,3993.96,USD,SampleGen
INV-928c3fbf-1e87-4bc3-a826-fde05f50ad54,ID202089,CID-128,CA-0231,2025-08-12,2025-09-11,502.32,USD,SampleGen
INV-c3103588-8268-4f2f-8bb7-efe7ac29bea5,ID202090,CID-128,CA-0231,2025-08-31,2025-09-30,1912.02,USD,SampleGen
INV-04c643e7-50f7-431d-8937-a4594c9a151f,ID202091,CID-128,CA-0231,2025-09-28,2025-10-28,4591.7,USD,SampleGen
INV-6aa7230b-05db-418a-80f6-4308bf88ad6b,ID202092,CID-128,CA-0231,2025-11-12,2025-12-12,3722.56,USD,SampleGen
INV-78e0fcea-9c34-4e92-a90e-350f7c083d30,ID202093,CID-128,CA-0231,2025-12-12,2026-01-11,852.0,USD,SampleGen
INV-42a8343e-4d8b-46a4-bc99-5fda583377ff,ID202094,CID-128,CA-0231,2025-12-29,2026-01-28,2001.12,USD,SampleGen
INV-689b8cdc-0bce-4370-b9ea-c904728d1235,ID202095,CID-128,CA-0231,2026-01-18,2026-02-17,381.56,USD,SampleGen
INV-1acc673e-012e-405f-a53f-26e29398279b,ID202096,CID-128,CA-0231,2026-02-25,2026-03-27,2755.76,USD,SampleGen
INV-6f0504ff-1955-4e66-949c-7475101c8e6d,ID202097,CID-128,CA-0231,2026-02-19,2026-03-21,4460.36,USD,SampleGen
INV-4a9cd5bb-e4cd-4d67-a61c-d2cb7ead7ae4,ID202098,CID-128,CA-0231,2026-02-16,2026-03-18,379.34,USD,SampleGen
INV-3c98ab16-728b-4382-b6e7-36ddb9966ab5,ID202099,CID-128,CA-0231,2026-03-08,2026-04-07,1560.14,USD,SampleGen
INV-8c6200ca-5a93-4b76-9cfd-415264f57058,ID202100,CID-128,CA-0231,2026-03-18,2026-04-17,1488.06,USD,SampleGen
INV-b29720dc-600a-4123-b311-8befe9e1e5d8,ID202101,CID-128,CA-0231,2026-03-14,2026-04-13,6626.94,USD,SampleGen
INV-c3e04739-611f-423f-949e-b0a2e32537eb,ID202102,CID-129,CA-0233,2025-07-20,2025-08-19,3247.68,USD,SampleGen
INV-6fd0b628-6599-476b-9b17-a7a79aeb7d8e,ID202103,CID-129,CA-0233,2025-08-08,2025-09-07,2476.04,USD,SampleGen
INV-42db69ab-280a-4734-8512-6560ebfca053,ID202104,CID-129,CA-0233,2025-11-20,2025-12-20,5007.16,USD,SampleGen
INV-785a561c-655f-4a38-a131-839a5c18b053,ID202105,CID-129,CA-0233,2025-12-13,2026-01-12,7784.38,USD,SampleGen
INV-cf32f80a-d3fa-49f8-a72a-a03f6cae0870,ID202106,CID-129,CA-0233,2026-01-03,2026-02-02,1547.44,USD,SampleGen
INV-8e40132a-8f42-4304-bace-cc3c653fd56f,ID202107,CID-129,CA-0233,2026-02-28,2026-03-30,595.54,USD,SampleGen
INV-c127864f-b702-4a2c-b85d-24325f66071c,ID202108,CID-129,CA-0233,2026-02-06,2026-03-08,724.92,USD,SampleGen
INV-758cbb34-9b0b-42d0-9188-3c25426883d6,ID202109,CID-129,CA-0233,2026-03-15,2026-04-14,389.92,USD,SampleGen
INV-8964e684-23ae-487d-a7ae-f55c442b41a1,ID202110,CID-129,CA-0233,2026-03-27,2026-04-26,5091.98,USD,SampleGen
INV-3f0c4900-eabe-40c2-ae4b-ab8af76cbb30,ID202111,CID-130,CA-0235,2025-07-23,2025-08-22,1017.48,USD,SampleGen
INV-7f6d7a3f-7a74-4707-b818-d805f190cf64,ID202112,CID-130,CA-0235,2025-10-09,2025-11-08,3417.32,USD,SampleGen
INV-59b6ec80-a227-4460-8326-54c3d5c03172,ID202113,CID-130,CA-0235,2025-11-30,2025-12-30,3239.05,USD,SampleGen
INV-192baa51-f5e4-4df9-9c43-cd02af26706a,ID202114,CID-130,CA-0235,2026-02-18,2026-03-20,222.5,USD,SampleGen
INV-cf12f16c-d98f-46e3-b0cd-810d0edf8433,ID202115,CID-131,CA-0237,2025-07-15,2025-08-14,3285.86,USD,SampleGen
INV-c713411c-4a80-44e5-add8-292de970d2c9,ID202116,CID-131,CA-0237,2025-08-06,2025-09-05,1971.46,USD,SampleGen
INV-a7416e80-ece5-41c0-bd4b-58eec0f385d2,ID202117,CID-131,CA-0237,2025-08-23,2025-09-22,3173.48,USD,SampleGen
INV-d779ff3c-f417-4df0-a5c1-9cc780512a35,ID202118,CID-131,CA-0237,2025-09-06,2025-10-06,1738.22,USD,SampleGen
INV-69339044-41d0-4a0f-8816-e4c77a4e276c,ID202119,CID-131,CA-0237,2025-10-09,2025-11-08,589.16,USD,SampleGen
INV-0f47b93f-e5b6-4cc0-87af-56ae16eb1e1b,ID202120,CID-131,CA-0237,2025-11-16,2025-12-16,508.64,USD,SampleGen
INV-591d5ad8-382f-4c1a-b0d5-c5e686b6d575,ID202121,CID-131,CA-0237,2025-12-05,2026-01-04,873.3,USD,SampleGen
INV-2a002881-5055-4633-b2c6-5bf1a348f97a,ID202122,CID-131,CA-0237,2026-01-12,2026-02-11,953.86,USD,SampleGen
INV-e5e55da4-790d-40b6-bb43-0bf57a6e1f79,ID202123,CID-131,CA-0237,2026-02-22,2026-03-24,1929.02,USD,SampleGen
INV-a7772e79-b1bc-4f92-8bd3-c728b73bb9dc,ID202124,CID-131,CA-0237,2026-02-26,2026-03-28,1102.28,USD,SampleGen
INV-bf69dd5f-d241-44f9-b402-5ffe573d605b,ID202125,CID-131,CA-0237,2026-03-26,2026-04-25,1418.16,USD,SampleGen
INV-9e91126f-df37-4170-addb-3fcbdba5ec5c,ID202126,CID-131,CA-0237,2026-03-17,2026-04-16,4184.7,USD,SampleGen
INV-65c7a875-4dab-4f99-886b-958e304064de,ID202127,CID-132,CA-0239,2025-06-11,2025-07-11,1793.26,USD,SampleGen
INV-e3b84285-d919-41f2-a083-ab25af8048d5,ID202128,CID-132,CA-0239,2025-08-06,2025-09-05,805.36,USD,SampleGen
INV-484b523c-2975-426e-b128-6dcae80584b0,ID202129,CID-132,CA-0239,2025-12-02,2026-01-01,915.72,USD,SampleGen
INV-ba352977-cac5-407d-88be-a583569b0c74,ID202130,CID-133,CA-0241,2025-06-26,2025-07-26,724.92,USD,SampleGen
INV-5d91847d-c5fd-4e2e-82c5-c171cb1870c1,ID202131,CID-133,CA-0241,2025-06-26,2025-07-26,1271.74,USD,SampleGen
INV-42b5b890-fe10-4103-b5c2-e7aa35fc7eb6,ID202132,CID-133,CA-0241,2025-06-25,2025-07-25,2085.88,USD,SampleGen
INV-b276200f-0b33-408d-b4dc-3bcc25ad5b67,ID202133,CID-133,CA-0241,2025-07-10,2025-08-09,1564.44,USD,SampleGen
INV-1a25a8ee-a69e-4d36-a524-dc4d47349abd,ID202134,CID-133,CA-0241,2025-07-13,2025-08-12,4598.02,USD,SampleGen
INV-93cb65cf-7faf-4bbe-bfcc-b9b3a1b96f50,ID202135,CID-133,CA-0241,2025-07-12,2025-08-11,1526.24,USD,SampleGen
INV-7b16d2e4-eda5-4050-90eb-10bf3681c1eb,ID202136,CID-133,CA-0241,2025-07-12,2025-08-11,1466.94,USD,SampleGen
INV-ea67bc7c-0c62-44b3-b800-f54e15434bdb,ID202137,CID-133,CA-0241,2025-08-16,2025-09-15,1888.72,USD,SampleGen
INV-ffe6659b-3e3b-4441-8c6e-51dffb854ff9,ID202138,CID-133,CA-0241,2025-08-13,2025-09-12,892.3,USD,SampleGen
INV-0ff94bf5-cd23-447b-9d5c-a82ff1ee6074,ID202139,CID-133,CA-0241,2025-08-06,2025-09-05,1280.38,USD,SampleGen
INV-8cb89027-b4c3-4bc9-98a6-4e13ed0c8101,ID202140,CID-133,CA-0241,2025-08-26,2025-09-25,6009.9,USD,SampleGen
INV-ee1a4232-2636-40f8-820e-1a832626aa77,ID202141,CID-133,CA-0241,2025-08-21,2025-09-20,786.38,USD,SampleGen
INV-48c58eb9-d365-4e6d-b1ad-c505757a4698,ID202142,CID-133,CA-0241,2025-09-26,2025-10-26,7029.72,USD,SampleGen
INV-c14467a8-88ea-4bc0-af55-70d5369d627b,ID202143,CID-133,CA-0241,2025-10-09,2025-11-08,2183.3,USD,SampleGen
INV-45b82c14-cbf3-428f-a5f1-6b69744caf94,ID202144,CID-133,CA-0241,2025-11-24,2025-12-24,3900.68,USD,SampleGen
INV-18a6069b-5716-445a-ad97-10984b980252,ID202145,CID-133,CA-0241,2025-11-21,2025-12-21,1362.94,USD,SampleGen
INV-a20e6d24-0d6b-4583-9c91-4cdb5113902d,ID202146,CID-133,CA-0241,2025-12-19,2026-01-18,2857.52,USD,SampleGen
INV-2b493bf3-11fe-4863-8931-f9c546492b3d,ID202147,CID-133,CA-0241,2025-12-14,2026-01-13,1187.12,USD,SampleGen
INV-4fe5d597-3fca-4c55-b7db-381f3225d906,ID202148,CID-133,CA-0241,2025-12-18,2026-01-17,750.34,USD,SampleGen
INV-7f9be448-7226-45ac-8aa6-0722b9573980,ID202149,CID-133,CA-0241,2025-12-11,2026-01-10,813.98,USD,SampleGen
INV-e43b379d-e2e6-4649-90c4-bdb07fd733b3,ID202150,CID-133,CA-0241,2026-01-24,2026-02-23,148.36,USD,SampleGen
INV-9f9d4102-9555-4dee-8e25-478f7c8e6bfc,ID202151,CID-133,CA-0241,2026-01-14,2026-02-13,4456.04,USD,SampleGen
INV-8300bd90-4f54-4d31-89f7-1237d4b27036,ID202152,CID-133,CA-0241,2026-01-12,2026-02-11,2891.48,USD,SampleGen
INV-607c0634-8845-4eb4-8485-04ba53d242a5,ID202153,CID-133,CA-0241,2026-01-14,2026-02-13,1371.5,USD,SampleGen
INV-4dac7833-26c6-4600-a31f-4e96f2917112,ID202154,CID-133,CA-0241,2026-02-12,2026-03-14,3588.96,USD,SampleGen
INV-3547f797-a4c4-4ec9-9416-782670972db2,ID202155,CID-133,CA-0241,2026-03-01,2026-03-31,5380.34,USD,SampleGen
INV-b220411d-32dc-40b0-8bd6-00a76c206272,ID202156,CID-133,CA-0241,2026-02-18,2026-03-20,580.78,USD,SampleGen
INV-b967d287-7e2a-4116-a187-383e49e81294,ID202157,CID-133,CA-0241,2026-02-07,2026-03-09,6749.86,USD,SampleGen
INV-d8f4faab-c62f-460a-bacb-ccbe93e1242d,ID202158,CID-133,CA-0241,2026-02-24,2026-03-26,3198.84,USD,SampleGen
INV-10b8c438-c8b6-41da-b3f9-4bca6f8656d8,ID202159,CID-133,CA-0241,2026-02-19,2026-03-21,4171.96,USD,SampleGen
INV-93bd1627-c6e5-4d69-9efe-671f3ed1d86c,ID202160,CID-133,CA-0241,2026-02-05,2026-03-07,3822.22,USD,SampleGen
INV-4a5c5ae5-15d9-4d48-a7c5-bad6541673dd,ID202161,CID-133,CA-0241,2026-03-26,2026-04-25,4307.64,USD,SampleGen
INV-2e0dab75-309c-40db-9d90-e67e3e70958f,ID202162,CID-133,CA-0241,2026-03-31,2026-04-30,1356.52,USD,SampleGen
INV-b2ee34cd-b9d6-4dc4-bba7-7610c40ce506,ID202163,CID-133,CA-0241,2026-03-28,2026-04-27,627.42,USD,SampleGen
INV-71fae596-49d5-4060-9034-f1e25fe6bb4e,ID202164,CID-133,CA-0241,2026-03-04,2026-04-03,3442.66,USD,SampleGen
INV-a339c179-7ae3-4956-956b-39a274bc5a5f,ID202165,CID-133,CA-0241,2026-03-10,2026-04-09,1945.94,USD,SampleGen
INV-b361a3c7-6406-4923-ae9f-c57d2671f2db,ID202166,CID-133,CA-0241,2026-03-18,2026-04-17,945.26,USD,SampleGen
INV-1429fbd8-b8aa-4137-8988-9564a763441e,ID202167,CID-133,CA-0241,2026-03-03,2026-04-02,6321.7,USD,SampleGen
INV-e8e444f7-ec7a-4811-a764-b64d59ce22d6,ID202168,CID-133,CA-0241,2026-03-22,2026-04-21,415.42,USD,SampleGen
INV-e95b1473-bb74-4624-bc10-d8d4f1d7f027,ID202169,CID-134,CA-0243,2025-06-19,2025-07-19,402.68,USD,SampleGen
INV-708ba5fd-8f7e-4a68-8815-1d73956c6ea7,ID202170,CID-134,CA-0243,2025-07-09,2025-08-08,1445.58,USD,SampleGen
INV-014513ca-58ff-4c8b-8365-0b436cf4c570,ID202171,CID-134,CA-0243,2025-07-20,2025-08-19,2849.18,USD,SampleGen
INV-49a41ad2-d092-40d1-a9c5-2c918fbd5222,ID202172,CID-134,CA-0243,2025-08-03,2025-09-02,1386.28,USD,SampleGen
INV-64af05ae-8991-49df-beab-ed90424b7c8e,ID202173,CID-134,CA-0243,2025-08-31,2025-09-30,3154.38,USD,SampleGen
INV-d3c75f3b-aba3-4789-ad3f-59bc24fd7f78,ID202174,CID-134,CA-0243,2025-08-24,2025-09-23,2463.18,USD,SampleGen
INV-0d2a2be9-7611-4a74-b193-c6720ba77636,ID202175,CID-134,CA-0243,2025-09-02,2025-10-02,1526.24,USD,SampleGen
INV-18ad125e-9d20-4cdb-b4ff-71966ff36999,ID202176,CID-134,CA-0243,2025-10-14,2025-11-13,262.8,USD,SampleGen
INV-cf18686e-9b62-4a24-8814-1a3102346f0a,ID202177,CID-134,CA-0243,2025-11-19,2025-12-19,1369.28,USD,SampleGen
INV-5bff3f08-1d70-43ea-8d09-b5c5368624f6,ID202178,CID-134,CA-0243,2025-12-27,2026-01-26,364.56,USD,SampleGen
INV-38d64894-7006-4835-a2ae-a56587d75912,ID202179,CID-134,CA-0243,2025-12-20,2026-01-19,3349.36,USD,SampleGen
INV-3fafef81-d65e-418c-8440-592c298ab52b,ID202180,CID-134,CA-0243,2025-12-05,2026-01-04,2512.0,USD,SampleGen
INV-26208b3d-2916-45a4-91b5-a8aab952fd82,ID202181,CID-134,CA-0243,2026-01-28,2026-02-27,385.78,USD,SampleGen
INV-ae22a54e-b96a-4127-944c-2543a53da8fb,ID202182,CID-134,CA-0243,2026-01-29,2026-02-28,2709.3,USD,SampleGen
INV-581437b6-45c9-4cdb-a51b-e0b709806326,ID202183,CID-134,CA-0243,2026-02-10,2026-03-12,1946.08,USD,SampleGen
INV-c081a9bb-9e63-4f40-b2fa-6a3826b3c511,ID202184,CID-134,CA-0243,2026-02-21,2026-03-23,1717.04,USD,SampleGen
INV-188942ad-ef2b-4176-a928-c00d9af60017,ID202185,CID-134,CA-0243,2026-02-10,2026-03-12,1572.86,USD,SampleGen
INV-4c1986ae-cc1a-40c5-8996-b502631b30c6,ID202186,CID-134,CA-0243,2026-02-19,2026-03-21,2285.18,USD,SampleGen
INV-74e8bfa6-880d-4a1c-9847-8d6bdba1bdc4,ID202187,CID-134,CA-0243,2026-03-31,2026-04-30,1055.62,USD,SampleGen
INV-f269d47a-a188-4c64-a075-ee0533e8fd43,ID202188,CID-134,CA-0243,2026-03-12,2026-04-11,3184.06,USD,SampleGen
INV-df5e9049-bc3d-4d8b-9181-ee53b36488ca,ID202189,CID-134,CA-0243,2026-03-21,2026-04-20,3561.34,USD,SampleGen
INV-3521df22-1c99-49f4-9964-4913a5691d41,ID202190,CID-134,CA-0243,2026-03-02,2026-04-01,415.42,USD,SampleGen
INV-c823a283-223a-4395-a6fd-4184c9f742b7,ID202191,CID-135,CA-0245,2025-06-18,2025-07-18,2085.96,USD,SampleGen
INV-4e357dfb-2aef-4933-8321-4bf3f513e649,ID202192,CID-136,CA-0247,2025-06-19,2025-07-19,1447.8,USD,SampleGen
INV-33a52a93-243f-427b-b451-93647031fe2d,ID202193,CID-136,CA-0247,2025-06-28,2025-07-28,3133.14,USD,SampleGen
INV-2e52a3fd-b89f-4e1c-9cc7-ef4b79332d19,ID202194,CID-136,CA-0247,2025-07-28,2025-08-27,1229.52,USD,SampleGen
INV-10cbce6f-a3d6-4fa6-ac40-a50601ce6e3a,ID202195,CID-136,CA-0247,2025-07-03,2025-08-02,3154.34,USD,SampleGen
INV-94db7f33-cc07-4474-893d-7f886736ae53,ID202196,CID-136,CA-0247,2025-08-24,2025-09-23,953.9,USD,SampleGen
INV-906999ef-94b3-440c-b395-d5e9fdd982f6,ID202197,CID-136,CA-0247,2025-08-22,2025-09-21,673.94,USD,SampleGen
INV-4cb2f212-ce8d-4020-b464-2c77a8ed08d5,ID202198,CID-136,CA-0247,2025-08-10,2025-09-09,3900.68,USD,SampleGen
INV-510ba251-25b4-4440-8167-cb68520bafaf,ID202199,CID-136,CA-0247,2025-09-02,2025-10-02,440.84,USD,SampleGen
INV-6f3fe946-8717-4bca-a45b-067dcb8944f5,ID202200,CID-136,CA-0247,2025-10-30,2025-11-29,1004.76,USD,SampleGen
INV-df8a0ad8-ff63-4700-800c-e255acee5e4c,ID202201,CID-136,CA-0247,2025-11-26,2025-12-26,953.9,USD,SampleGen
INV-638f0d01-aac2-4fca-9d25-500c14f5c7a2,ID202202,CID-136,CA-0247,2025-12-22,2026-01-21,2291.52,USD,SampleGen
INV-22d6c97a-3dce-418f-a665-02ad7560a9b2,ID202203,CID-136,CA-0247,2025-12-02,2026-01-01,1348.22,USD,SampleGen
INV-ebc31b88-d94e-4033-b56a-7a680d5f0770,ID202204,CID-136,CA-0247,2026-01-08,2026-02-07,2183.46,USD,SampleGen
INV-77c76ff3-fc55-4735-8cd6-255a04a17b31,ID202205,CID-136,CA-0247,2026-01-15,2026-02-14,729.12,USD,SampleGen
INV-225c2423-01d4-477c-a108-2786e2894cdd,ID202206,CID-136,CA-0247,2026-02-02,2026-03-04,4057.48,USD,SampleGen
INV-8868bdc8-901f-4ed8-888f-b81339a74fa2,ID202207,CID-136,CA-0247,2026-02-07,2026-03-09,1992.68,USD,SampleGen
INV-e7fc866d-fcba-4b03-b289-b30390a7a201,ID202208,CID-136,CA-0247,2026-02-06,2026-03-08,2287.3,USD,SampleGen
INV-a0377ded-8562-4f5d-bd06-7fa792fec222,ID202209,CID-136,CA-0247,2026-02-13,2026-03-15,1683.04,USD,SampleGen
INV-61bfa54f-d573-4b6b-a878-f7ab5f18c8e1,ID202210,CID-136,CA-0247,2026-03-02,2026-04-01,3866.74,USD,SampleGen
INV-08f12818-a231-4542-b1f5-a5065c33efab,ID202211,CID-136,CA-0247,2026-03-14,2026-04-13,905.04,USD,SampleGen
INV-953d4a43-e503-4ade-9d9f-8367474460bf,ID202212,CID-136,CA-0247,2026-03-16,2026-04-15,779.86,USD,SampleGen
INV-6ac171b7-9f1f-42b7-9754-8ad5d6d437ce,ID202213,CID-136,CA-0247,2026-03-11,2026-04-10,2637.08,USD,SampleGen
INV-fe41639f-8510-4803-9004-0d96fa84e71c,ID202214,CID-137,CA-0249,2025-06-24,2025-07-24,377.26,USD,SampleGen
INV-cc820baf-220c-4c90-a0ab-85f5a51aaf64,ID202215,CID-137,CA-0249,2025-06-12,2025-07-12,1909.94,USD,SampleGen
INV-6acd7e27-be23-4a22-b4ad-26776658a313,ID202216,CID-137,CA-0249,2025-07-25,2025-08-24,750.32,USD,SampleGen
INV-7f8014b4-832a-450e-a497-6c0f22978713,ID202217,CID-137,CA-0249,2025-08-31,2025-09-30,2196.2,USD,SampleGen
INV-42008c93-715a-4d8d-837e-45f941052a82,ID202218,CID-137,CA-0249,2025-08-29,2025-09-28,726.94,USD,SampleGen
INV-3c9eaec1-30ee-437d-a1e3-eeebdeaac47b,ID202219,CID-137,CA-0249,2025-09-09,2025-10-09,2183.38,USD,SampleGen
INV-8af53813-f15e-4848-b480-893e96b47c80,ID202220,CID-137,CA-0249,2025-10-22,2025-11-21,1153.12,USD,SampleGen
INV-5c8a2d0b-0af6-4902-ad8c-f066bf83ace9,ID202221,CID-137,CA-0249,2025-11-09,2025-12-09,610.4,USD,SampleGen
INV-a93f3f53-ca86-44ab-bdea-faa30b8e0287,ID202222,CID-137,CA-0249,2025-12-10,2026-01-09,1621.6,USD,SampleGen
INV-c6a36a2f-59f0-4405-b98b-d23ac8a0faeb,ID202223,CID-137,CA-0249,2025-12-10,2026-01-09,2467.48,USD,SampleGen
INV-5e1ae541-e649-49ba-9758-1192e2edcf54,ID202224,CID-137,CA-0249,2026-01-24,2026-02-23,657.1,USD,SampleGen
INV-4de5796b-4138-48be-b3f7-b710e295a972,ID202225,CID-137,CA-0249,2026-02-19,2026-03-21,5723.84,USD,SampleGen
INV-14d5db26-1b91-408a-ada0-94e09beb07ac,ID202226,CID-137,CA-0249,2026-02-05,2026-03-07,512.92,USD,SampleGen
INV-5674963d-bfa6-43de-a7b9-f67445a9f4e7,ID202227,CID-137,CA-0249,2026-02-22,2026-03-24,5916.7,USD,SampleGen
INV-cd2ad72c-57b6-4bbc-bb43-abc7877b9835,ID202228,CID-137,CA-0249,2026-03-13,2026-04-12,1049.18,USD,SampleGen
INV-a886a30f-2e33-421a-90dc-9db7edfa10a5,ID202229,CID-137,CA-0249,2026-03-17,2026-04-16,2102.84,USD,SampleGen
INV-4c8202fd-a3bf-4194-8fbb-ccf34b9819f5,ID202230,CID-137,CA-0249,2026-03-31,2026-04-30,1174.22,USD,SampleGen
INV-05de936f-a5e3-43a6-8da7-49d49dcbc1aa,ID202231,CID-137,CA-0249,2026-03-14,2026-04-13,2128.34,USD,SampleGen
INV-fdf1cf39-09ab-4ce2-b8a1-738a5c9e17d4,ID202232,CID-138,CA-0251,2025-06-05,2025-07-05,572.3,USD,SampleGen
INV-d82535cc-2896-40bb-a652-f50e31469c0e,ID202233,CID-138,CA-0251,2025-07-17,2025-08-16,1059.9,USD,SampleGen
INV-7ce157d2-88a5-487f-9a4c-cf9d3f7da72b,ID202234,CID-138,CA-0251,2025-08-07,2025-09-06,1954.42,USD,SampleGen
INV-ca62300d-caec-488b-924f-e6f54caab878,ID202235,CID-138,CA-0251,2025-08-24,2025-09-23,1140.32,USD,SampleGen
INV-e9e76484-13b0-4ff3-8305-af94b2842aec,ID202236,CID-138,CA-0251,2025-10-02,2025-11-01,1623.7,USD,SampleGen
INV-a082b283-750b-40da-88fe-520f0b8995f0,ID202237,CID-138,CA-0251,2025-12-01,2025-12-31,2836.25,USD,SampleGen
INV-080fdb26-ec69-4215-9312-2ff6bf25e1b4,ID202238,CID-138,CA-0251,2025-12-03,2026-01-02,2416.68,USD,SampleGen
INV-edb1692d-6b52-4d9e-a237-a7b9485176e1,ID202239,CID-138,CA-0251,2025-12-04,2026-01-03,837.16,USD,SampleGen
INV-b526bcd6-a293-487a-a448-4df2084080cf,ID202240,CID-138,CA-0251,2026-01-14,2026-02-13,652.74,USD,SampleGen
INV-c9f776bc-93d9-4b60-8eb9-ffe47f88c915,ID202241,CID-138,CA-0251,2026-01-02,2026-02-01,5613.52,USD,SampleGen
INV-f2d6042e-6d29-474a-8164-396991349187,ID202242,CID-138,CA-0251,2026-02-18,2026-03-20,5223.52,USD,SampleGen
INV-489d3473-a513-424f-955f-368b3c3c2ec9,ID202243,CID-138,CA-0251,2026-02-18,2026-03-20,3989.66,USD,SampleGen
INV-3bf37bd5-71ee-4c55-964a-3ebfe62dfb71,ID202244,CID-138,CA-0251,2026-02-21,2026-03-23,3724.68,USD,SampleGen
INV-49e5058d-46ff-4430-9856-a55d9196ce89,ID202245,CID-138,CA-0251,2026-03-11,2026-04-10,7377.32,USD,SampleGen
INV-1bf1ea10-b2fa-4f91-a388-054da55bd674,ID202246,CID-138,CA-0251,2026-03-06,2026-04-05,585.0,USD,SampleGen
INV-34ad537c-f438-4657-aecc-9c37ac3e088c,ID202247,CID-138,CA-0251,2026-03-20,2026-04-19,529.92,USD,SampleGen
INV-d0635b0c-39db-43d8-a55d-7ebb5751dc0c,ID202248,CID-139,CA-0252,2025-06-23,2025-07-23,591.38,USD,SampleGen
INV-ad526db0-4b28-4070-81ff-bf6bfcc918a1,ID202249,CID-139,CA-0252,2025-07-20,2025-08-19,2242.74,USD,SampleGen
INV-e7bd7ec9-133c-4308-9731-defccd0375b3,ID202250,CID-139,CA-0252,2025-07-21,2025-08-20,786.36,USD,SampleGen
INV-5d9d59e2-f691-4ced-a8ee-a7e39cd5e1b0,ID202251,CID-139,CA-0252,2025-08-02,2025-09-01,498.1,USD,SampleGen
INV-0b707e9e-66e9-4008-8c9b-96cbec15c472,ID202252,CID-139,CA-0252,2025-08-26,2025-09-25,922.06,USD,SampleGen
INV-68e1960d-7320-4ca8-b374-5ba7b93f6e17,ID202253,CID-139,CA-0252,2025-08-10,2025-09-09,843.52,USD,SampleGen
INV-0858d86a-4ba2-4200-b1e0-3ce344bacf66,ID202254,CID-139,CA-0252,2025-09-14,2025-10-14,3457.46,USD,SampleGen
INV-6c2c59ae-a6ad-440b-9ea3-b5e756b6dba4,ID202255,CID-139,CA-0252,2025-10-22,2025-11-21,1102.22,USD,SampleGen
INV-064bf0f3-2646-4900-9f0c-e2daad53d029,ID202256,CID-139,CA-0252,2025-11-02,2025-12-02,3841.16,USD,SampleGen
INV-e0fa6c55-db60-4351-97a2-b2f4a90be0de,ID202257,CID-139,CA-0252,2025-12-03,2026-01-02,2641.3,USD,SampleGen
INV-79da3e9e-d74a-4a0c-be85-ca1eae429c60,ID202258,CID-139,CA-0252,2025-12-07,2026-01-06,4089.28,USD,SampleGen
INV-db1aacc5-81f1-45fc-b8de-54f4806c1aef,ID202259,CID-139,CA-0252,2026-02-01,2026-03-03,1026.02,USD,SampleGen
INV-69543aff-2521-435b-a6f3-962250c63d07,ID202260,CID-139,CA-0252,2026-01-15,2026-02-14,2955.02,USD,SampleGen
INV-85039edf-7111-4b1a-bfcc-f5691c87e3cc,ID202261,CID-139,CA-0252,2026-02-24,2026-03-26,720.7,USD,SampleGen
INV-9d23d4d6-0e70-49b7-945e-1f6d7ca5a4fe,ID202262,CID-139,CA-0252,2026-02-18,2026-03-20,852.04,USD,SampleGen
INV-ebe48a29-bce4-433e-8028-65355cdb2929,ID202263,CID-139,CA-0252,2026-02-17,2026-03-19,864.78,USD,SampleGen
INV-89b958ae-3fd1-4717-bcdd-618802a1ee42,ID202264,CID-139,CA-0252,2026-02-04,2026-03-06,2255.48,USD,SampleGen
INV-f2316a18-5f12-4801-9272-f9a200183f4f,ID202265,CID-139,CA-0252,2026-03-29,2026-04-28,903.0,USD,SampleGen
INV-4480eb41-6a41-4463-b9b8-5a1ab04bea71,ID202266,CID-139,CA-0252,2026-03-12,2026-04-11,1381.94,USD,SampleGen
INV-ff274760-d066-444b-85c2-69ff816fa3cc,ID202267,CID-139,CA-0252,2026-03-31,2026-04-30,2391.2,USD,SampleGen
INV-a95ce530-684e-4afd-a963-288011ea034c,ID202268,CID-139,CA-0252,2026-03-22,2026-04-21,3896.3,USD,SampleGen
INV-a076782a-95c6-42ee-8b96-af95b280b998,ID202269,CID-140,CA-0254,2025-06-05,2025-07-05,423.84,USD,SampleGen
INV-d9a1bb68-bdaa-4562-8b95-8427af9fc7f5,ID202270,CID-140,CA-0254,2025-07-10,2025-08-09,6287.66,USD,SampleGen
INV-58f56948-3caa-4b8f-8d63-c1aded07c704,ID202271,CID-140,CA-0254,2025-08-09,2025-09-08,322.14,USD,SampleGen
INV-0b822898-1b46-4ba0-9aee-ca86597c286f,ID202272,CID-140,CA-0254,2025-08-27,2025-09-26,3667.48,USD,SampleGen
INV-daf5818f-4f86-4aed-83a6-8d586fb842a3,ID202273,CID-140,CA-0254,2025-11-22,2025-12-22,5893.36,USD,SampleGen
INV-13a8a25d-d8f2-4408-836d-aa585843c834,ID202274,CID-140,CA-0254,2025-12-02,2026-01-01,2094.38,USD,SampleGen
INV-e87084e7-ceae-4b95-97c5-176adf3c39cc,ID202275,CID-140,CA-0254,2026-02-05,2026-03-07,688.82,USD,SampleGen
INV-aa7fd68a-4ad2-4194-82cb-4d3f0b1d385e,ID202276,CID-140,CA-0254,2026-02-19,2026-03-21,955.82,USD,SampleGen
INV-0b2b603b-4172-463d-81cc-ab2e6cf02b38,ID202277,CID-140,CA-0254,2026-03-14,2026-04-13,1373.54,USD,SampleGen
INV-82622ede-5fb3-4841-9e7a-87d90187afeb,ID202278,CID-140,CA-0254,2026-03-28,2026-04-27,3735.24,USD,SampleGen
INV-6e9ac6d2-6615-4f1c-aeee-b36e4fe43dd9,ID202279,CID-141,CA-0256,2025-08-30,2025-09-29,4415.7,USD,SampleGen
INV-d9bda1de-bf67-41df-916f-4030d6a916b4,ID202280,CID-141,CA-0256,2025-12-22,2026-01-21,2518.42,USD,SampleGen
INV-d02aae58-c94f-414e-bfac-26c7132cd221,ID202281,CID-141,CA-0256,2026-03-08,2026-04-07,3752.18,USD,SampleGen
INV-8ce127d4-7084-443f-b807-d29bd8201df4,ID202282,CID-142,CA-0258,2025-06-17,2025-07-17,385.72,USD,SampleGen
INV-a02ab7c2-3f72-4157-adb5-078e89d8e190,ID202283,CID-142,CA-0258,2025-07-12,2025-08-11,1293.1,USD,SampleGen
INV-1dd226ef-9853-47f9-95dc-0d648b62b59b,ID202284,CID-142,CA-0258,2025-08-11,2025-09-10,754.56,USD,SampleGen
INV-5cebb021-2b4e-4ac2-9fbe-7b256912b0f8,ID202285,CID-142,CA-0258,2025-09-18,2025-10-18,1946.08,USD,SampleGen
INV-0566f424-99bd-4e4c-84f1-ebd5c8427c0e,ID202286,CID-142,CA-0258,2025-12-17,2026-01-16,2887.28,USD,SampleGen
INV-b3a75ac3-3cd7-45ac-afd8-eae26f6eeae4,ID202287,CID-142,CA-0258,2026-01-19,2026-02-18,1276.14,USD,SampleGen
INV-950f5e76-438c-42ab-8e49-44fdb88eebea,ID202288,CID-142,CA-0258,2026-02-21,2026-03-23,1377.9,USD,SampleGen
INV-23252421-0583-47ba-8e70-8c6c7a097ad7,ID202289,CID-142,CA-0258,2026-02-05,2026-03-07,1687.26,USD,SampleGen
INV-ac1aac01-a725-4b3a-9ebd-509fd07479e5,ID202290,CID-142,CA-0258,2026-03-12,2026-04-11,2064.6,USD,SampleGen
INV-09ae6007-fff2-4d86-88c0-ae06820ce5b9,ID202291,CID-142,CA-0258,2026-04-01,2026-05-01,362.38,USD,SampleGen
INV-40b62e16-e1a3-4801-871f-8a302a6a8174,ID202292,CID-143,CA-0260,2025-06-04,2025-07-04,3222.24,USD,SampleGen
INV-51554ce8-a0f3-48e5-a7da-3e8d36a472dd,ID202293,CID-143,CA-0260,2025-07-16,2025-08-15,1157.34,USD,SampleGen
INV-a43f106b-c17c-4ae0-8df1-34c84a34b9ee,ID202294,CID-143,CA-0260,2025-08-12,2025-09-11,911.4,USD,SampleGen
INV-c7c85e7d-1d5b-4e1a-bf49-6ff6cdada5a3,ID202295,CID-143,CA-0260,2025-10-29,2025-11-28,1454.16,USD,SampleGen
INV-534c89c7-8a83-4f02-b015-d11f9cd9e185,ID202296,CID-143,CA-0260,2025-11-12,2025-12-12,3625.02,USD,SampleGen
INV-1b282413-beed-4d0f-ab73-2b294e41f313,ID202297,CID-143,CA-0260,2026-02-25,2026-03-27,4562.0,USD,SampleGen
INV-8542ff8d-77fb-484b-9e23-c0ae24e7af2c,ID202298,CID-143,CA-0260,2026-03-27,2026-04-26,3457.5,USD,SampleGen
INV-50aca0f4-a866-414b-92ef-3e9f9ff5d568,ID202299,CID-144,CA-0262,2025-06-07,2025-07-07,1585.52,USD,SampleGen
INV-5738a137-36bf-4a71-ad88-da86d3ab6f79,ID202300,CID-144,CA-0262,2025-07-07,2025-08-06,856.32,USD,SampleGen
INV-614a2a2c-4169-4ff8-9a73-ecce38ecfc43,ID202301,CID-144,CA-0262,2025-08-09,2025-09-08,542.52,USD,SampleGen
INV-218b71ab-b04e-4a88-9f5f-6b5010719103,ID202302,CID-144,CA-0262,2025-10-21,2025-11-20,421.74,USD,SampleGen
INV-f467cbd2-9a4a-40c4-805f-fd9dfc3aaa8d,ID202303,CID-144,CA-0262,2025-11-25,2025-12-25,1990.58,USD,SampleGen
INV-5377375a-faed-43be-b42e-5c424a2b8cc0,ID202304,CID-144,CA-0262,2025-12-16,2026-01-15,5295.48,USD,SampleGen
INV-f60466c3-01ba-4dd4-9c1a-d1ec4aedd679,ID202305,CID-144,CA-0262,2026-01-18,2026-02-17,254.34,USD,SampleGen
INV-cd590ede-2bdb-4b72-92c1-855545a589fd,ID202306,CID-144,CA-0262,2026-02-10,2026-03-12,254.32,USD,SampleGen
INV-8ce03434-5bfe-4e99-9225-2636ceaa2e26,ID202307,CID-144,CA-0262,2026-03-21,2026-04-20,1536.74,USD,SampleGen
INV-a44078c4-6d68-4353-aa23-511aa2cdb599,ID202308,CID-145,CA-1494,2025-07-28,2025-08-27,4371.18,USD,SampleGen
INV-fa11542b-4028-4ff2-9664-357d59dd2e91,ID202309,CID-145,CA-1494,2025-09-01,2025-10-01,1106.44,USD,SampleGen
INV-763d5dd7-b517-44db-9b24-1287f2cb9b8f,ID202310,CID-145,CA-1494,2025-09-05,2025-10-05,1784.9,USD,SampleGen
INV-600bb4c7-d6bd-4523-bf6c-4bd2e080fd84,ID202311,CID-145,CA-1494,2025-10-23,2025-11-22,3591.1,USD,SampleGen
INV-b974d4ea-11af-46f8-9232-053402c831a7,ID202312,CID-145,CA-1494,2025-11-25,2025-12-25,3955.7,USD,SampleGen
INV-1977c7b8-7b2a-4c18-9968-370d54ca2ebf,ID202313,CID-145,CA-1494,2025-12-28,2026-01-27,5588.16,USD,SampleGen
INV-e52b5963-3c63-43ef-a5da-0c6f401c2c48,ID202314,CID-145,CA-1494,2025-12-04,2026-01-03,438.7,USD,SampleGen
INV-8b406dcd-5886-47fb-93a4-133755ef40db,ID202315,CID-145,CA-1494,2026-01-13,2026-02-12,2223.72,USD,SampleGen
INV-9637cf36-1d80-4078-a860-5d64f84c4a4c,ID202316,CID-145,CA-1494,2026-02-17,2026-03-19,3951.52,USD,SampleGen
INV-6b689579-0aea-4f21-b13e-b408eff30490,ID202317,CID-145,CA-1494,2026-02-11,2026-03-13,4947.86,USD,SampleGen
INV-f45c0cb9-99a0-48b3-9503-937b5f88510c,ID202318,CID-145,CA-1494,2026-03-12,2026-04-11,356.0,USD,SampleGen
INV-3d7abeea-00d1-483a-ba4d-1cf32b29bac4,ID202319,CID-145,CA-1494,2026-03-31,2026-04-30,1085.22,USD,SampleGen
INV-601ee3dd-a1c5-4d2d-a350-af3204657d84,ID202320,CID-146,CA-0265,2025-06-05,2025-07-05,1920.52,USD,SampleGen
INV-aa2b85ff-878b-42a8-adf4-26f888ee046b,ID202321,CID-146,CA-0265,2025-07-16,2025-08-15,474.76,USD,SampleGen
INV-4fc4e861-2a7c-46f5-ae30-ca6b7fcb6fbd,ID202322,CID-146,CA-0265,2025-08-21,2025-09-20,2007.44,USD,SampleGen
INV-2a3b65ec-5f57-400f-a0a2-1255587262e8,ID202323,CID-146,CA-0265,2025-10-11,2025-11-10,4608.62,USD,SampleGen
INV-38fe862a-c315-4211-8a19-35fedd52bad4,ID202324,CID-146,CA-0265,2025-12-01,2025-12-31,678.18,USD,SampleGen
INV-754ecbd2-d12f-412c-ba20-52ddf42c6286,ID202325,CID-146,CA-0265,2025-12-28,2026-01-27,1823.04,USD,SampleGen
INV-1551d88a-ef49-4c65-a2cf-01226adf8953,ID202326,CID-146,CA-0265,2025-12-24,2026-01-23,1017.46,USD,SampleGen
INV-bccfafa8-da45-4cc1-8b15-36da978c6a85,ID202327,CID-146,CA-0265,2026-01-06,2026-02-05,1403.3,USD,SampleGen
INV-ca5a2eab-4561-4f8d-a131-e6e23e3bbe6d,ID202328,CID-146,CA-0265,2026-02-03,2026-03-05,2039.2,USD,SampleGen
INV-ee50d6aa-ff5d-4f2e-8301-c26529575e1b,ID202329,CID-146,CA-0265,2026-03-20,2026-04-19,1208.18,USD,SampleGen
INV-16023c1a-2ab8-4db1-bece-e0c81c847862,ID202330,CID-146,CA-0265,2026-03-11,2026-04-10,1572.76,USD,SampleGen
INV-a030eb4b-1db6-46f6-99b9-8de789ecede4,ID202331,CID-147,CA-0267,2025-06-14,2025-07-14,782.12,USD,SampleGen
INV-e12c08af-d030-4eac-8d6e-4ceebaff57f0,ID202332,CID-147,CA-0267,2025-06-21,2025-07-21,3718.28,USD,SampleGen
INV-2984521b-066f-42fc-9538-4f270c893977,ID202333,CID-147,CA-0267,2025-07-11,2025-08-10,4214.36,USD,SampleGen
INV-380506a4-217a-4a45-978c-b355e5d3bcf0,ID202334,CID-147,CA-0267,2025-07-13,2025-08-12,580.78,USD,SampleGen
INV-39527d21-3f9e-4e15-a2bd-ec1dcaa0d7a3,ID202335,CID-147,CA-0267,2025-08-17,2025-09-16,735.5,USD,SampleGen
INV-e68fa0af-64fb-4244-ad07-a344828826de,ID202336,CID-147,CA-0267,2025-08-30,2025-09-29,1424.38,USD,SampleGen
INV-1996373e-580f-4483-b7d0-3a384bc5fcca,ID202337,CID-147,CA-0267,2025-08-27,2025-09-26,794.82,USD,SampleGen
INV-58072ee1-9b49-4d5d-955d-1eee118ed8d6,ID202338,CID-147,CA-0267,2025-11-01,2025-12-01,3569.84,USD,SampleGen
INV-84a4a661-84ed-46a3-90e7-e48682ea1645,ID202339,CID-147,CA-0267,2025-11-22,2025-12-22,2420.76,USD,SampleGen
INV-41470912-59b1-4025-baeb-20b9913c031e,ID202340,CID-147,CA-0267,2025-12-02,2026-01-01,1059.84,USD,SampleGen
INV-6eee83ac-14b7-4c60-a9d4-8f309ab3e144,ID202341,CID-147,CA-0267,2025-12-27,2026-01-26,262.8,USD,SampleGen
INV-510c6c1d-722f-4ff1-96f0-194db266d4e1,ID202342,CID-147,CA-0267,2026-01-13,2026-02-12,411.2,USD,SampleGen
INV-c8265e5d-aa8c-4166-9c98-f4ea49c8b64f,ID202343,CID-147,CA-0267,2026-02-03,2026-03-05,695.26,USD,SampleGen
INV-f6ae6520-c498-41b8-9551-7f2b0f4a136b,ID202344,CID-147,CA-0267,2026-02-21,2026-03-23,2060.4,USD,SampleGen
INV-2cb62e2f-44db-4e16-8edf-3691ff2fbb02,ID202345,CID-147,CA-0267,2026-02-16,2026-03-18,2777.02,USD,SampleGen
INV-447dd35e-50e0-4f2f-8daf-814fff7653e3,ID202346,CID-147,CA-0267,2026-03-22,2026-04-21,1085.32,USD,SampleGen
INV-141197c2-1115-4513-8147-bb7edcebc69b,ID202347,CID-147,CA-0267,2026-03-09,2026-04-08,2883.06,USD,SampleGen
INV-df5ec13c-b9f0-4796-82f3-4a4e4ab66bc0,ID202348,CID-147,CA-0267,2026-03-11,2026-04-10,2467.44,USD,SampleGen
INV-cfae6993-8124-40f2-ae70-7b0786632704,ID202349,CID-147,CA-0267,2026-03-13,2026-04-12,3546.54,USD,SampleGen
INV-9ff77bbb-4a0e-493f-adcf-5f7e819367a5,ID202350,CID-148,CA-1495,2025-07-07,2025-08-06,4629.8,USD,SampleGen
INV-a7e32a6d-c2c2-43b3-8367-84a59be4660e,ID202351,CID-148,CA-1495,2025-10-12,2025-11-11,972.8,USD,SampleGen
INV-49f3e688-9118-426b-a35e-0a40aa3dbf52,ID202352,CID-148,CA-1495,2025-12-11,2026-01-10,1259.1,USD,SampleGen
INV-40a0e01d-7655-4577-b5d0-fe410b79ab12,ID202353,CID-148,CA-1495,2026-01-24,2026-02-23,1519.9,USD,SampleGen
INV-9b266917-4546-451b-80de-956dd0db4025,ID202354,CID-149,CA-0270,2025-06-27,2025-07-27,2085.96,USD,SampleGen
INV-a6bfab1f-24e5-4705-845b-80bcf9f304f8,ID202355,CID-149,CA-0270,2025-07-09,2025-08-08,888.08,USD,SampleGen
INV-b5099565-848a-4628-b71e-dc0a30f6c071,ID202356,CID-149,CA-0270,2025-07-13,2025-08-12,779.94,USD,SampleGen
INV-35cc3942-b325-41b9-8f64-725fbc1fa533,ID202357,CID-149,CA-0270,2025-08-08,2025-09-07,1420.26,USD,SampleGen
INV-9e647a5a-981e-4829-b142-cfcf5eb03586,ID202358,CID-149,CA-0270,2025-08-29,2025-09-28,2378.46,USD,SampleGen
INV-2b1d8ecb-cd25-4734-a6a3-32becf86c6e9,ID202359,CID-149,CA-0270,2025-08-15,2025-09-14,1231.44,USD,SampleGen
INV-2eb0a7f5-d727-4119-b29f-796e5783ba39,ID202360,CID-149,CA-0270,2025-10-01,2025-10-31,4977.52,USD,SampleGen
INV-97577044-2978-40ed-9bb1-4445841e7ca8,ID202361,CID-149,CA-0270,2025-10-09,2025-11-08,972.94,USD,SampleGen
INV-18e327f7-84a1-43ba-974b-59fa2eeeb6a0,ID202362,CID-149,CA-0270,2025-11-24,2025-12-24,3514.86,USD,SampleGen
INV-28f99e3f-6f9a-409d-a7e1-24e10404d91f,ID202363,CID-149,CA-0270,2025-12-02,2026-01-01,610.4,USD,SampleGen
INV-9e3eb57e-9622-4792-a004-909f4bb8277f,ID202364,CID-149,CA-0270,2025-12-10,2026-01-09,394.2,USD,SampleGen
INV-ad28dce2-4cec-44d4-8ff8-e06058dfc9da,ID202365,CID-149,CA-0270,2026-01-15,2026-02-14,1734.04,USD,SampleGen
INV-b9c26308-3b89-4829-b208-310c6c254f49,ID202366,CID-149,CA-0270,2026-01-21,2026-02-20,139.88,USD,SampleGen
INV-c6b9b7f4-9ed6-4eee-9f2c-789db861c5db,ID202367,CID-149,CA-0270,2026-02-13,2026-03-15,1992.56,USD,SampleGen
INV-4666a283-d922-423f-a56c-2d8445f5d7e0,ID202368,CID-149,CA-0270,2026-02-04,2026-03-06,3069.5,USD,SampleGen
INV-5c11b29a-853b-4c65-aa86-4d41dc5721b1,ID202369,CID-149,CA-0270,2026-02-23,2026-03-25,5159.86,USD,SampleGen
INV-0004bbf6-ea2a-431f-8bc4-b768350fb4a2,ID202370,CID-149,CA-0270,2026-02-25,2026-03-27,1526.24,USD,SampleGen
INV-64937f31-1234-4b6b-9715-68180933ddee,ID202371,CID-149,CA-0270,2026-03-19,2026-04-18,1059.86,USD,SampleGen
INV-0ff02719-f179-45c5-9f47-c6b8ec751a67,ID202372,CID-149,CA-0270,2026-03-15,2026-04-14,953.86,USD,SampleGen
INV-005fea8b-70a6-4944-b831-1db70649ab44,ID202373,CID-149,CA-0270,2026-03-26,2026-04-25,3578.32,USD,SampleGen
INV-bf59a54a-989c-4961-be21-5ce3e1043dee,ID202374,CID-149,CA-0270,2026-03-25,2026-04-24,2840.6,USD,SampleGen
INV-7c49641e-c6ff-4f0a-a3b4-06e2c57ae01d,ID202375,CID-150,CA-0272,2025-06-29,2025-07-29,915.68,USD,SampleGen
INV-e6399712-de90-42c5-abc3-048a2420d9f3,ID202376,CID-150,CA-0272,2025-08-01,2025-08-31,1437.14,USD,SampleGen
INV-25336790-60b5-4ff9-8fb5-c5d7de045c44,ID202377,CID-150,CA-0272,2025-08-15,2025-09-14,1827.2,USD,SampleGen
INV-f91237a8-7154-4bcb-8b19-eb94cd75db6a,ID202378,CID-150,CA-0272,2025-08-08,2025-09-07,991.98,USD,SampleGen
INV-f09282c7-2387-4bfb-834a-1326af312b02,ID202379,CID-150,CA-0272,2025-08-20,2025-09-19,3824.32,USD,SampleGen
INV-2514a8b0-4a08-4408-92ca-f96fc2c120bb,ID202380,CID-150,CA-0272,2025-10-02,2025-11-01,1182.82,USD,SampleGen
INV-3f782e96-dc35-4d53-99be-e173f3bcb9d1,ID202381,CID-150,CA-0272,2025-11-13,2025-12-13,3177.68,USD,SampleGen
INV-36b17709-eb36-4fc7-bd0f-32f6a4f68f6a,ID202382,CID-150,CA-0272,2025-12-19,2026-01-18,1057.78,USD,SampleGen
INV-c162bc36-d3b9-4035-9f5e-80982bb96ae1,ID202383,CID-150,CA-0272,2025-12-02,2026-01-01,1178.54,USD,SampleGen
INV-ae621a89-c0b5-47d9-b45f-f4485ebfed91,ID202384,CID-150,CA-0272,2025-12-28,2026-01-27,436.6,USD,SampleGen
INV-4615d642-7806-4eac-95c2-95709b001e30,ID202385,CID-150,CA-0272,2026-01-22,2026-02-21,330.6,USD,SampleGen
INV-ae6ef8ae-97b7-42b3-85cf-ae8c9f92db22,ID202386,CID-150,CA-0272,2026-01-10,2026-02-09,3714.06,USD,SampleGen
INV-f24d4aeb-e075-43a1-a502-d2395271c775,ID202387,CID-150,CA-0272,2026-02-25,2026-03-27,1377.9,USD,SampleGen
INV-27023aad-bd61-427d-b947-978cd344b932,ID202388,CID-150,CA-0272,2026-02-18,2026-03-20,373.04,USD,SampleGen
INV-5046d197-3dcb-4048-bf76-c026c1e71743,ID202389,CID-150,CA-0272,2026-02-13,2026-03-15,6152.0,USD,SampleGen
INV-6dab2ead-85c9-4ddc-bfe8-18de16e4942b,ID202390,CID-150,CA-0272,2026-03-25,2026-04-24,2467.52,USD,SampleGen
INV-b222d047-82fb-4eac-92e6-d4719e88bb49,ID202391,CID-150,CA-0272,2026-03-27,2026-04-26,661.32,USD,SampleGen
INV-e5ad79c2-39e0-4427-964b-72c7512ce903,ID202392,CID-150,CA-0272,2026-03-29,2026-04-28,1568.66,USD,SampleGen
INV-2dddea16-f7db-49dd-b01b-71cecad44183,ID202393,CID-150,CA-0272,2026-03-12,2026-04-11,4820.74,USD,SampleGen
INV-410100be-0efb-4607-a651-f969c1f53332,ID202394,CID-151,CA-0274,2025-07-27,2025-08-26,707.9,USD,SampleGen
INV-a7dbb179-566f-4925-aa7c-7a3043e759df,ID202395,CID-151,CA-0274,2025-08-03,2025-09-02,5694.02,USD,SampleGen
INV-64a1930f-b70a-4097-a8e8-84009523cb45,ID202396,CID-151,CA-0274,2025-12-22,2026-01-21,864.84,USD,SampleGen
INV-b1b3b78d-480a-4a15-b6a5-e12e978fb8cd,ID202397,CID-151,CA-0274,2026-01-21,2026-02-20,2984.86,USD,SampleGen
INV-30970f9e-d034-432d-b148-af754ed8d890,ID202398,CID-151,CA-0274,2026-02-26,2026-03-28,3544.46,USD,SampleGen
INV-ad2019aa-cdbb-455a-aeeb-dd78c8f55473,ID202399,CID-151,CA-0274,2026-02-08,2026-03-10,860.56,USD,SampleGen
INV-344132eb-4577-42a5-a598-fee4e25a6e3e,ID202400,CID-151,CA-0274,2026-03-12,2026-04-11,2251.28,USD,SampleGen
INV-6e7e2ce3-62e2-4795-a452-60af92c3de1b,ID202401,CID-151,CA-0274,2026-03-21,2026-04-20,1973.54,USD,SampleGen
INV-cbd77456-03d9-40fa-84a5-16f8f663c2d7,ID202402,CID-152,CA-0276,2025-08-17,2025-09-16,2815.16,USD,SampleGen
INV-df96917a-f5ab-4d95-8f8a-3743e8f0e8c5,ID202403,CID-152,CA-0276,2025-12-10,2026-01-09,1475.38,USD,SampleGen
INV-54d07498-8985-4edc-9653-3d53c03b251e,ID202404,CID-152,CA-0276,2026-02-20,2026-03-22,2878.72,USD,SampleGen
INV-a908f273-d506-4922-a9de-e5765c647a6f,ID202405,CID-152,CA-0276,2026-03-18,2026-04-17,4044.82,USD,SampleGen
INV-33f42ffa-d172-407c-9f06-d985394d3e79,ID202406,CID-153,CA-0278,2025-06-26,2025-07-26,3722.5,USD,SampleGen
INV-4fc48dcf-5b9b-4edd-ad22-fab8e6081ae5,ID202407,CID-153,CA-0278,2025-07-18,2025-08-17,1377.9,USD,SampleGen
INV-fc8e0a43-bc22-4d77-961c-9c7c1560cb3d,ID202408,CID-153,CA-0278,2025-08-27,2025-09-26,368.76,USD,SampleGen
INV-87dd397f-5aeb-4d04-988b-429a6eaf4b55,ID202409,CID-153,CA-0278,2025-12-19,2026-01-18,970.8,USD,SampleGen
INV-8d2ab47a-772b-4874-9839-be86322b66e0,ID202410,CID-153,CA-0278,2026-03-30,2026-04-29,873.18,USD,SampleGen
INV-0488b67b-3255-4ecd-8aed-ecf79861b3f8,ID202411,CID-154,CA-0280,2025-08-08,2025-09-07,8178.66,USD,SampleGen
INV-9e33fef5-8c49-490f-b4a7-9d8ba5b9cc40,ID202412,CID-154,CA-0280,2025-10-10,2025-11-09,720.68,USD,SampleGen
INV-d787e7a2-3704-48e3-9e14-ccbf14a47401,ID202413,CID-154,CA-0280,2025-11-17,2025-12-17,631.62,USD,SampleGen
INV-16157867-c915-4d19-acfd-51b39c838466,ID202414,CID-154,CA-0280,2025-12-27,2026-01-26,5772.54,USD,SampleGen
INV-f8a69f46-a80b-4da7-98c5-a6774f7275c5,ID202415,CID-154,CA-0280,2025-12-30,2026-01-29,2914.78,USD,SampleGen
INV-1d65e90a-15a3-4153-aa92-d9486a27176d,ID202416,CID-154,CA-0280,2026-01-27,2026-02-26,190.78,USD,SampleGen
INV-627a8448-63a6-4ec2-9145-5022704a839e,ID202417,CID-154,CA-0280,2026-02-27,2026-03-29,279.76,USD,SampleGen
INV-ad72602e-88cd-472c-bb6d-a5c4cae1ceaa,ID202418,CID-154,CA-0280,2026-03-06,2026-04-05,2541.66,USD,SampleGen
INV-57686169-cb0c-4787-84a2-027e90d370a2,ID202419,CID-154,CA-0280,2026-03-18,2026-04-17,924.08,USD,SampleGen
INV-b79fb716-a3f4-48ec-902c-04199515b223,ID202420,CID-155,CA-1496,2025-06-26,2025-07-26,4229.18,USD,SampleGen
INV-73f3863d-f9ad-4d97-a0d2-39c4b5d0c7e2,ID202421,CID-155,CA-1496,2025-07-10,2025-08-09,1912.02,USD,SampleGen
INV-82c67515-c2ff-4ec9-ba5a-65962b7bde86,ID202422,CID-155,CA-1496,2025-08-26,2025-09-25,1309.94,USD,SampleGen
INV-3609d816-a53b-4d72-b675-dc9c2a2f94c5,ID202423,CID-155,CA-1496,2025-10-06,2025-11-05,4184.74,USD,SampleGen
INV-ce380851-f5cf-45dc-a276-092995cab7f0,ID202424,CID-155,CA-1496,2025-12-04,2026-01-03,504.48,USD,SampleGen
INV-3e0c632d-a522-472f-9d92-fadf50067e3b,ID202425,CID-155,CA-1496,2026-02-07,2026-03-09,2611.68,USD,SampleGen
INV-056ff912-5250-45d0-8e25-7e06aab6d4b6,ID202426,CID-155,CA-1496,2026-03-30,2026-04-29,932.68,USD,SampleGen
INV-c614f6b5-b9f9-47d0-ba89-61f1fccb52e9,ID202427,CID-156,CA-0283,2025-06-17,2025-07-17,2202.5,USD,SampleGen
INV-01613c17-1c4b-4367-bc7b-e586ac3ef1de,ID202428,CID-156,CA-0283,2025-07-02,2025-08-01,525.6,USD,SampleGen
INV-09bb4560-d269-425d-9e3f-58de7c2a7860,ID202429,CID-156,CA-0283,2025-08-02,2025-09-01,784.24,USD,SampleGen
INV-1d455137-d468-4697-9d15-a69f0161e64e,ID202430,CID-156,CA-0283,2025-09-21,2025-10-21,5910.32,USD,SampleGen
INV-1c17c06a-d4e7-4170-8649-c2531562f852,ID202431,CID-156,CA-0283,2025-10-22,2025-11-21,4188.96,USD,SampleGen
INV-ef058e83-7715-4a50-9f12-1af045fe64a4,ID202432,CID-156,CA-0283,2025-11-23,2025-12-23,307.3,USD,SampleGen
INV-33220ba8-eb40-46f9-b519-c37bc9e25c00,ID202433,CID-156,CA-0283,2025-12-05,2026-01-04,2751.64,USD,SampleGen
INV-811946ad-8a75-4405-afb4-98fb3a832e8b,ID202434,CID-156,CA-0283,2025-12-04,2026-01-03,4939.36,USD,SampleGen
INV-4ebe81e4-ec13-478b-b435-eed8683be42b,ID202435,CID-156,CA-0283,2026-01-31,2026-03-02,1327.08,USD,SampleGen
INV-9c8f716e-16e6-46b2-9c18-fcc392b13059,ID202436,CID-156,CA-0283,2026-02-08,2026-03-10,5363.4,USD,SampleGen
INV-5d9050b8-6ba8-4aad-b815-a07b6cbcb0e3,ID202437,CID-156,CA-0283,2026-03-15,2026-04-14,2162.24,USD,SampleGen
INV-b7e4166d-5388-47d9-a720-d2f10563a269,ID202438,CID-156,CA-0283,2026-03-06,2026-04-05,4311.78,USD,SampleGen
INV-dbabcbd8-f0cb-4b65-9b7f-bc4f2e32a169,ID202439,CID-157,CA-0285,2025-06-15,2025-07-15,822.42,USD,SampleGen
INV-94b2a0e9-4955-4cf6-947a-17d624642f78,ID202440,CID-157,CA-0285,2025-07-06,2025-08-05,3099.3,USD,SampleGen
INV-ebee0ae7-10f5-423a-a588-e35b8b31a125,ID202441,CID-157,CA-0285,2025-08-13,2025-09-12,1725.46,USD,SampleGen
INV-19454b36-1fdf-43dc-bd27-d256a8d244bf,ID202442,CID-157,CA-0285,2025-08-27,2025-09-26,616.72,USD,SampleGen
INV-fe0935a5-c040-438b-ace0-0359e7abde4e,ID202443,CID-157,CA-0285,2025-11-09,2025-12-09,576.56,USD,SampleGen
INV-f20389f0-5816-4725-8181-71d58479c29b,ID202444,CID-157,CA-0285,2025-12-09,2026-01-08,3917.64,USD,SampleGen
INV-a2086ce1-c206-4c2b-8089-58ddef4a0724,ID202445,CID-157,CA-0285,2025-12-02,2026-01-01,4328.84,USD,SampleGen
INV-05345073-2858-4342-ac39-82e74a0ee931,ID202446,CID-157,CA-0285,2026-01-31,2026-03-02,55.08,USD,SampleGen
INV-34c7258b-22ca-482b-aa76-6196cd10d4bc,ID202447,CID-157,CA-0285,2026-02-15,2026-03-17,1208.26,USD,SampleGen
INV-afc8388d-5f09-4645-b24c-7a003e2915dd,ID202448,CID-157,CA-0285,2026-02-13,2026-03-15,1098.06,USD,SampleGen
INV-610265e0-6dba-47a9-81ec-3ad1a1d2598f,ID202449,CID-157,CA-0285,2026-03-20,2026-04-19,390.0,USD,SampleGen
INV-3c13da88-6e2a-403f-9130-d68fa140f382,ID202450,CID-157,CA-0285,2026-04-01,2026-05-01,3514.86,USD,SampleGen
INV-636a6523-7f56-4068-9371-e9b1c8810701,ID202451,CID-157,CA-0285,2026-03-31,2026-04-30,2217.38,USD,SampleGen
INV-cce96204-4bae-4fe1-a520-d096c8a60bc8,ID202452,CID-158,CA-1497,2025-06-16,2025-07-16,5032.66,USD,SampleGen
INV-0640cec0-f4b1-409c-9874-1f525d362dc9,ID202453,CID-158,CA-1497,2025-07-19,2025-08-18,1369.4,USD,SampleGen
INV-8ed39a96-e190-4b92-9eaf-40fb8cbeca72,ID202454,CID-158,CA-1497,2025-08-30,2025-09-29,364.52,USD,SampleGen
INV-fdcd07cf-f7c4-40ea-916f-f1fc9b6aad6c,ID202455,CID-158,CA-1497,2025-08-06,2025-09-05,1265.46,USD,SampleGen
INV-fa993fe8-3fd3-4a71-9f08-b833d15939ed,ID202456,CID-158,CA-1497,2025-09-05,2025-10-05,975.12,USD,SampleGen
INV-c09295d6-8dd8-4117-ac61-88eb3e8e0184,ID202457,CID-158,CA-1497,2025-10-22,2025-11-21,856.32,USD,SampleGen
INV-8d45454d-8094-4ba0-9a8a-6746239a2352,ID202458,CID-158,CA-1497,2025-11-15,2025-12-15,2668.82,USD,SampleGen
INV-11208101-4ee6-48b7-ab3b-ac24394d4c2f,ID202459,CID-158,CA-1497,2025-12-23,2026-01-22,3478.64,USD,SampleGen
INV-f6e769a7-cbff-434b-b23a-06593aecd064,ID202460,CID-158,CA-1497,2025-12-28,2026-01-27,953.9,USD,SampleGen
INV-c2f7cc90-e26f-4f84-bfd7-7719083c6c24,ID202461,CID-158,CA-1497,2026-01-02,2026-02-01,843.52,USD,SampleGen
INV-c7c509e3-497a-44a3-b6e4-fc54db47503b,ID202462,CID-158,CA-1497,2026-01-16,2026-02-15,6703.26,USD,SampleGen
INV-1b540529-0720-4243-ab20-5cc668225a58,ID202463,CID-158,CA-1497,2026-02-08,2026-03-10,3993.96,USD,SampleGen
INV-7dbb0aab-c43e-4229-8a8f-8d6b1d9e0774,ID202464,CID-158,CA-1497,2026-02-23,2026-03-25,459.9,USD,SampleGen
INV-21b46468-7449-44d5-9d3a-23cc7bf6c98f,ID202465,CID-158,CA-1497,2026-02-14,2026-03-16,1057.78,USD,SampleGen
INV-538512a6-7646-4a5b-8c4d-bc7b83401001,ID202466,CID-158,CA-1497,2026-03-23,2026-04-22,2492.92,USD,SampleGen
INV-a74bfbfc-0b51-4edf-a9f4-8a573b7787ff,ID202467,CID-158,CA-1497,2026-03-04,2026-04-03,3756.42,USD,SampleGen
INV-dadbdc47-818d-4d8c-a0e6-8ef92b8d442d,ID202468,CID-158,CA-1497,2026-03-10,2026-04-09,767.34,USD,SampleGen
INV-26dc75b0-5cca-4ccf-b790-4dafe86a0b43,ID202469,CID-159,CA-0288,2025-07-01,2025-07-31,2372.02,USD,SampleGen
INV-65c4df84-f8a4-42d2-a863-0abe8b503622,ID202470,CID-159,CA-0288,2025-06-24,2025-07-24,4063.78,USD,SampleGen
INV-dd1475d3-1566-42b9-921a-048860de489c,ID202471,CID-159,CA-0288,2025-06-04,2025-07-04,1946.08,USD,SampleGen
INV-9ddefcd6-f135-4b9f-bf46-0cbc765a73cb,ID202472,CID-159,CA-0288,2025-06-24,2025-07-24,2174.96,USD,SampleGen
INV-88ed6c67-d435-4153-bb2e-10f9cf11b80f,ID202473,CID-159,CA-0288,2025-07-12,2025-08-11,4205.88,USD,SampleGen
INV-0a63d2d6-19ab-4029-9951-b6fcbdf0a1c8,ID202474,CID-159,CA-0288,2025-07-29,2025-08-28,1100.06,USD,SampleGen
INV-f887b54c-e869-46b0-8a07-87a6ff6bfe09,ID202475,CID-159,CA-0288,2025-07-19,2025-08-18,2062.52,USD,SampleGen
INV-00b0c660-b364-46d9-8fbb-1b9429784935,ID202476,CID-159,CA-0288,2025-07-14,2025-08-13,334.88,USD,SampleGen
INV-9bfe189b-aa5e-48c4-8b34-bffb3c5408b5,ID202477,CID-159,CA-0288,2025-07-06,2025-08-05,4778.22,USD,SampleGen
INV-6350f68e-75ca-49ba-9709-3f7a79131539,ID202478,CID-159,CA-0288,2025-08-23,2025-09-22,1979.88,USD,SampleGen
INV-185092e2-610e-4411-8645-10eab9db1b2a,ID202479,CID-159,CA-0288,2025-08-31,2025-09-30,2187.76,USD,SampleGen
INV-a7c96263-710d-4d54-8564-f37f7494bcb4,ID202480,CID-159,CA-0288,2025-08-24,2025-09-23,2573.54,USD,SampleGen
INV-38c90960-3d91-4173-87a8-8414788e6b07,ID202481,CID-159,CA-0288,2025-08-24,2025-09-23,4629.88,USD,SampleGen
INV-6621692c-228e-4d3f-b13b-0446d9215c5c,ID202482,CID-159,CA-0288,2025-08-31,2025-09-30,676.04,USD,SampleGen
INV-e4efb5c6-6f93-4b64-b2f9-20d691342ba9,ID202483,CID-159,CA-0288,2025-08-08,2025-09-07,3718.36,USD,SampleGen
INV-7e41f21e-dde2-41c4-9751-ccedf55ed811,ID202484,CID-159,CA-0288,2025-08-08,2025-09-07,754.54,USD,SampleGen
INV-85fd745a-e3b9-4b19-b199-9969b5dbe19c,ID202485,CID-159,CA-0288,2025-09-14,2025-10-14,1717.02,USD,SampleGen
INV-6935faea-3531-40ce-af37-ffca251f1eee,ID202486,CID-159,CA-0288,2025-10-06,2025-11-05,4481.46,USD,SampleGen
INV-788ad4c0-894c-4f3e-ba73-d35e4418307a,ID202487,CID-159,CA-0288,2025-10-28,2025-11-27,1835.76,USD,SampleGen
INV-a6bdd1df-ffbd-4255-96b6-194257d09377,ID202488,CID-159,CA-0288,2025-11-10,2025-12-10,2781.2,USD,SampleGen
INV-f75bc257-0569-4aa1-8f2d-e62ff97747a4,ID202489,CID-159,CA-0288,2025-11-13,2025-12-13,491.68,USD,SampleGen
INV-fd188bb5-2709-40c4-853a-a2bf85020d89,ID202490,CID-159,CA-0288,2025-11-14,2025-12-14,4184.74,USD,SampleGen
INV-01cb85e5-dd56-4964-ad96-34a5c221797a,ID202491,CID-159,CA-0288,2025-12-14,2026-01-13,1339.68,USD,SampleGen
INV-c6379024-c427-4055-ace6-dd34146f3f0f,ID202492,CID-159,CA-0288,2025-12-05,2026-01-04,3834.94,USD,SampleGen
INV-bfb51bd3-41da-49ac-8c63-a1da77af6876,ID202493,CID-159,CA-0288,2025-12-12,2026-01-11,3302.82,USD,SampleGen
INV-32148c77-aa81-45cc-8754-2dd72eb3aa72,ID202494,CID-159,CA-0288,2025-12-28,2026-01-27,2620.08,USD,SampleGen
INV-4fc6c8d4-0744-4aaf-8adf-f2ba029633cd,ID202495,CID-159,CA-0288,2025-12-08,2026-01-07,3540.14,USD,SampleGen
INV-2e8eea4a-8386-43af-a43d-0eaea8c4b830,ID202496,CID-159,CA-0288,2025-12-22,2026-01-21,1008.96,USD,SampleGen
INV-0b33173e-7bf9-4402-a5f3-d08f8f089593,ID202497,CID-159,CA-0288,2026-01-11,2026-02-10,1276.12,USD,SampleGen
INV-30c34e5f-2e62-4f54-bfdc-6fcb8da748ec,ID202498,CID-159,CA-0288,2026-01-23,2026-02-22,69.94,USD,SampleGen
INV-e5704bb7-3d61-47bd-858b-484e5cb50869,ID202499,CID-159,CA-0288,2026-01-13,2026-02-12,7224.8,USD,SampleGen
INV-53087d14-16a7-4ea1-aaff-1d8e62282a7a,ID202500,CID-159,CA-0288,2026-01-27,2026-02-26,474.76,USD,SampleGen
INV-3e08520f-dfeb-4887-9012-852fd47c6db4,ID202501,CID-159,CA-0288,2026-01-22,2026-02-21,3184.1,USD,SampleGen
INV-a815b935-240e-4ab5-8460-1b48526e8ef3,ID202502,CID-159,CA-0288,2026-02-27,2026-03-29,4027.8,USD,SampleGen
INV-9c91dc80-ef6a-4d2b-a0e4-39468a10d857,ID202503,CID-159,CA-0288,2026-02-27,2026-03-29,1142.5,USD,SampleGen
INV-1bfe605b-85b5-49d8-92a1-f8b4ef3c02e5,ID202504,CID-159,CA-0288,2026-02-20,2026-03-22,3663.16,USD,SampleGen
INV-56d0f23e-cd82-40a9-a0a5-16efca28945a,ID202505,CID-159,CA-0288,2026-02-16,2026-03-18,2906.3,USD,SampleGen
INV-91eedff2-697f-4e17-87b9-9ebd67f21421,ID202506,CID-159,CA-0288,2026-02-10,2026-03-12,1547.38,USD,SampleGen
INV-9d07b81f-dac6-4ece-b83c-ac82e8262321,ID202507,CID-159,CA-0288,2026-02-02,2026-03-04,2183.38,USD,SampleGen
INV-5eef6eca-7ab1-4c9f-ad4e-db620621af2c,ID202508,CID-159,CA-0288,2026-02-27,2026-03-29,2100.7,USD,SampleGen
INV-7d4d09b7-439e-4cf0-851c-da880425783b,ID202509,CID-159,CA-0288,2026-02-08,2026-03-10,2637.0,USD,SampleGen
INV-b5834237-7ead-4653-95bf-b3d8a1cc77a6,ID202510,CID-159,CA-0288,2026-02-02,2026-03-04,1339.68,USD,SampleGen
INV-530fafe9-204d-4000-a7b7-1851ba1f51ce,ID202511,CID-159,CA-0288,2026-03-18,2026-04-17,854.14,USD,SampleGen
INV-5c50540e-c7ed-4336-a79b-253226bf13ee,ID202512,CID-159,CA-0288,2026-03-07,2026-04-06,2908.44,USD,SampleGen
INV-4c6c010a-9419-4ac2-bcb6-6372c3e65bbe,ID202513,CID-159,CA-0288,2026-03-19,2026-04-18,1100.06,USD,SampleGen
INV-7478e740-c871-4575-aa3a-7f3aae93fb85,ID202514,CID-159,CA-0288,2026-03-21,2026-04-20,1208.12,USD,SampleGen
INV-09b9dc13-f98b-4287-a00b-bb6b5c9f5b62,ID202515,CID-159,CA-0288,2026-03-19,2026-04-18,1640.76,USD,SampleGen
INV-8c7e0661-cb8a-4349-aa6d-f8e9e73f75bb,ID202516,CID-159,CA-0288,2026-03-10,2026-04-09,682.5,USD,SampleGen
INV-dda661e2-f452-4df3-ad34-15999ecb1d80,ID202517,CID-159,CA-0288,2026-03-30,2026-04-29,4375.52,USD,SampleGen
INV-e5e03d9f-201c-48c0-84f8-f2d8f8f8fb86,ID202518,CID-159,CA-0288,2026-03-29,2026-04-28,3807.32,USD,SampleGen
INV-ba252499-7a03-41ec-bfa2-6f1564494f3e,ID202519,CID-159,CA-0288,2026-03-29,2026-04-28,3309.12,USD,SampleGen
INV-e6b6de58-e0b0-49ab-82fa-258dd40c282e,ID202520,CID-159,CA-0288,2026-03-16,2026-04-15,5306.14,USD,SampleGen
INV-f9b0bc99-0dd7-4686-9b8c-7a5815453637,ID202521,CID-160,CA-0290,2025-06-19,2025-07-19,864.84,USD,SampleGen
INV-b87cc91b-33e2-437a-8f96-f7bcdd4a27ae,ID202522,CID-160,CA-0290,2025-06-06,2025-07-06,4494.1,USD,SampleGen
INV-e32cd656-f731-46f6-b116-ef1397727d82,ID202523,CID-160,CA-0290,2025-07-26,2025-08-25,1142.46,USD,SampleGen
INV-aed4c413-4da0-410e-81ef-6d640f31c1e6,ID202524,CID-160,CA-0290,2025-07-02,2025-08-01,3105.6,USD,SampleGen
INV-5a3a5085-63b2-4bef-84f3-0fe4d2cd0024,ID202525,CID-160,CA-0290,2025-08-26,2025-09-25,1954.4,USD,SampleGen
INV-a7cd0d8c-0fae-4dfb-86b6-3c851596cd67,ID202526,CID-160,CA-0290,2025-08-25,2025-09-24,1946.0,USD,SampleGen
INV-c46757e0-1c76-47ec-b7fa-38f3ab387b9e,ID202527,CID-160,CA-0290,2025-08-21,2025-09-20,360.3,USD,SampleGen
INV-7d624ea5-19c6-4539-b6bd-db053b451965,ID202528,CID-160,CA-0290,2025-09-26,2025-10-26,7194.98,USD,SampleGen
INV-1c51a391-469d-4106-9659-b66c548a222c,ID202529,CID-160,CA-0290,2025-10-18,2025-11-17,1551.68,USD,SampleGen
INV-24a3bcf0-1f18-4bb0-9f05-cf8a108eb9fd,ID202530,CID-160,CA-0290,2025-11-02,2025-12-02,951.62,USD,SampleGen
INV-c9db5af8-93b7-4b60-b69d-2f59529ad62c,ID202531,CID-160,CA-0290,2025-12-10,2026-01-09,2793.96,USD,SampleGen
INV-66ab0f0e-ced6-45e5-b312-2919d22357ae,ID202532,CID-160,CA-0290,2025-12-08,2026-01-07,930.46,USD,SampleGen
INV-f0c74e9c-be2c-4b92-8264-1e84b43744fe,ID202533,CID-160,CA-0290,2025-12-27,2026-01-26,1517.66,USD,SampleGen
INV-e01ea797-dc98-42f1-bf74-f3e75290bfee,ID202534,CID-160,CA-0290,2026-01-10,2026-02-09,3137.36,USD,SampleGen
INV-178a2186-8f5d-49c0-ae8f-cec8c6a1e22a,ID202535,CID-160,CA-0290,2026-01-13,2026-02-12,2187.68,USD,SampleGen
INV-457798fc-0c66-4396-b8a6-293be428822f,ID202536,CID-160,CA-0290,2026-01-11,2026-02-10,1237.98,USD,SampleGen
INV-d6221717-18f9-4244-8ffd-1d57b3a1c6ac,ID202537,CID-160,CA-0290,2026-02-21,2026-03-23,2096.52,USD,SampleGen
INV-7e237720-43c4-4b41-831d-7e6688aad5a5,ID202538,CID-160,CA-0290,2026-02-25,2026-03-27,3035.6,USD,SampleGen
INV-7d5413a8-85ab-4db8-a971-10c3eb5e47d7,ID202539,CID-160,CA-0290,2026-02-19,2026-03-21,2001.12,USD,SampleGen
INV-9c6e1cc6-45ea-4589-8637-0f354e45ccb1,ID202540,CID-160,CA-0290,2026-02-28,2026-03-30,1059.84,USD,SampleGen
INV-2efc0af1-5b6d-4c05-b1dc-6e34714a5ab3,ID202541,CID-160,CA-0290,2026-03-05,2026-04-04,2001.2,USD,SampleGen
INV-c2087385-d05e-495f-80fc-e9261c27953a,ID202542,CID-160,CA-0290,2026-03-03,2026-04-02,269.14,USD,SampleGen
INV-945a8654-4c5f-4555-875c-5172911b8df3,ID202543,CID-160,CA-0290,2026-03-26,2026-04-25,627.38,USD,SampleGen
INV-aefe077c-7c70-47a5-a982-b9ee45a2cfe1,ID202544,CID-160,CA-0290,2026-03-12,2026-04-11,3667.42,USD,SampleGen
INV-538cfec8-4972-4637-9528-8f0a409b19fa,ID202545,CID-160,CA-0290,2026-03-08,2026-04-07,686.76,USD,SampleGen
INV-58f83816-3040-41a5-8f1d-9abde8a7b647,ID202546,CID-160,CA-0290,2026-03-31,2026-04-30,3917.64,USD,SampleGen
INV-08fed2fc-4d8a-4bdd-8316-d4d875f918e0,ID202547,CID-161,CA-0292,2025-06-12,2025-07-12,869.08,USD,SampleGen
INV-5df3ed54-a472-4ecb-aae3-0ebf83e4dede,ID202548,CID-161,CA-0292,2025-06-15,2025-07-15,1751.0,USD,SampleGen
INV-000e4008-4660-4094-aa39-b869ad96cb53,ID202549,CID-161,CA-0292,2025-07-19,2025-08-18,1772.12,USD,SampleGen
INV-0be7ca9f-14e1-4bb9-b59e-aa09761835d7,ID202550,CID-161,CA-0292,2025-07-11,2025-08-10,771.56,USD,SampleGen
INV-f2ef7ddf-a736-40af-8a30-5697b5afebc5,ID202551,CID-161,CA-0292,2025-08-27,2025-09-26,3078.14,USD,SampleGen
INV-43bcc7e0-c9b1-4cc5-bde3-3fcfdef41557,ID202552,CID-161,CA-0292,2025-09-01,2025-10-01,1140.46,USD,SampleGen
INV-1a25b00e-3b49-46ab-ae55-2771eb911167,ID202553,CID-161,CA-0292,2025-08-20,2025-09-19,4655.28,USD,SampleGen
INV-3eddd53d-49f0-4a69-a05f-be984cda1f07,ID202554,CID-161,CA-0292,2025-10-19,2025-11-18,4335.14,USD,SampleGen
INV-c787078d-4c19-412d-b122-ead1d6f507a3,ID202555,CID-161,CA-0292,2025-11-18,2025-12-18,1390.58,USD,SampleGen
INV-54b5bdd9-1c43-4648-b93c-66ae889074eb,ID202556,CID-161,CA-0292,2025-12-29,2026-01-28,4956.3,USD,SampleGen
INV-17fac242-89fe-4f3e-bba4-3439d0f4b4a4,ID202557,CID-161,CA-0292,2025-12-13,2026-01-12,4820.74,USD,SampleGen
INV-1bf08bc5-2581-4287-9fed-8b4715b24453,ID202558,CID-161,CA-0292,2025-12-07,2026-01-06,5851.02,USD,SampleGen
INV-a9cd99a4-8dbb-4a75-ad1a-cb8ee0bc7449,ID202559,CID-161,CA-0292,2026-01-13,2026-02-12,661.32,USD,SampleGen
INV-f7619ff5-9d9c-4589-9f4d-ae82a0c16131,ID202560,CID-161,CA-0292,2026-01-23,2026-02-22,158.94,USD,SampleGen
INV-833074d1-62e4-490d-b810-5520e15021ac,ID202561,CID-161,CA-0292,2026-02-23,2026-03-25,483.28,USD,SampleGen
INV-d6c1f065-102f-4ac0-b281-6d9c09c955e2,ID202562,CID-161,CA-0292,2026-02-14,2026-03-16,3294.26,USD,SampleGen
INV-ce6a8e07-1609-4588-a98e-10b88008b42d,ID202563,CID-161,CA-0292,2026-02-12,2026-03-14,576.48,USD,SampleGen
INV-48bd3f79-2195-4eea-9b9e-a4ec474aeea1,ID202564,CID-161,CA-0292,2026-03-13,2026-04-12,644.34,USD,SampleGen
INV-9fcc0e81-831e-4e39-bb25-cb55903576c0,ID202565,CID-161,CA-0292,2026-03-09,2026-04-08,3184.1,USD,SampleGen
INV-ea7a8a7b-a1be-4ea2-b472-1bc38798c80a,ID202566,CID-161,CA-0292,2026-03-06,2026-04-05,1566.5,USD,SampleGen
INV-c37042e6-ec77-4651-9b25-11396444e261,ID202567,CID-161,CA-0292,2026-03-09,2026-04-08,377.26,USD,SampleGen
INV-a307f4c1-0a1d-48b6-b8ce-713780464129,ID202568,CID-162,CA-0294,2025-06-05,2025-07-05,674.06,USD,SampleGen
INV-5e70d963-2726-48fd-8efa-377084daca35,ID202569,CID-162,CA-0294,2025-07-15,2025-08-14,2569.2,USD,SampleGen
INV-94ee64c2-c00c-48f7-a786-59f17e92e9b9,ID202570,CID-162,CA-0294,2025-08-16,2025-09-15,5916.7,USD,SampleGen
INV-7d988d6c-0314-4245-9781-68068f6d9020,ID202571,CID-162,CA-0294,2025-08-09,2025-09-08,6427.66,USD,SampleGen
INV-c5fa9a5c-1afc-4298-b466-93585becef51,ID202572,CID-162,CA-0294,2025-11-12,2025-12-12,1479.62,USD,SampleGen
INV-2d254960-0fcc-47c6-b2af-4c5cc618226e,ID202573,CID-162,CA-0294,2025-12-30,2026-01-29,2488.64,USD,SampleGen
INV-bdbcbe01-26c3-4b31-919e-afeeced42baa,ID202574,CID-162,CA-0294,2025-12-06,2026-01-05,1335.46,USD,SampleGen
INV-bf8ff768-39b1-45b0-aa4b-96614f18ef54,ID202575,CID-162,CA-0294,2026-01-08,2026-02-07,2393.26,USD,SampleGen
INV-56567e5a-b3ce-4979-8843-810c09abf8c0,ID202576,CID-162,CA-0294,2026-02-05,2026-03-07,1365.02,USD,SampleGen
INV-6335556a-7215-43cb-af4e-2b9746e3fcf3,ID202577,CID-162,CA-0294,2026-03-24,2026-04-23,5602.98,USD,SampleGen
INV-f7d53acb-2087-4f80-9c2f-eb2501307ba0,ID202578,CID-162,CA-0294,2026-03-18,2026-04-17,390.0,USD,SampleGen
INV-8ff584c3-d1b5-43ff-b42a-7177097d3afa,ID202579,CID-163,CA-0296,2025-06-08,2025-07-08,3605.9,USD,SampleGen
INV-4e2eec3c-91d7-4445-841e-1f47667c1503,ID202580,CID-163,CA-0296,2025-06-04,2025-07-04,2573.44,USD,SampleGen
INV-2aad009b-469c-40f8-98bd-585b3f50629b,ID202581,CID-163,CA-0296,2025-07-22,2025-08-21,972.94,USD,SampleGen
INV-2f525118-9afa-4d95-aad7-8bd80a5273e5,ID202582,CID-163,CA-0296,2025-07-02,2025-08-01,1780.68,USD,SampleGen
INV-f3449145-7bb3-4ada-ba8f-fabfbb896634,ID202583,CID-163,CA-0296,2025-08-02,2025-09-01,712.1,USD,SampleGen
INV-63c1d71e-d085-4b89-bb89-702aebe3ca37,ID202584,CID-163,CA-0296,2025-08-09,2025-09-08,720.7,USD,SampleGen
INV-d5d11fe8-1ebc-4580-a8c1-286ca7747c07,ID202585,CID-163,CA-0296,2025-08-16,2025-09-15,837.24,USD,SampleGen
INV-1eb558ff-4c64-4f51-b45d-dddb9d4b291c,ID202586,CID-163,CA-0296,2025-08-10,2025-09-09,2111.28,USD,SampleGen
INV-bc658e11-0152-44c3-96ff-7bd345bb6283,ID202587,CID-163,CA-0296,2025-09-10,2025-10-10,3158.58,USD,SampleGen
INV-22436d5d-d73c-4f7a-8d6f-77f9a2dcacb9,ID202588,CID-163,CA-0296,2025-10-17,2025-11-16,2372.06,USD,SampleGen
INV-f5d2bb88-3400-404d-ac1d-e7527e109cbf,ID202589,CID-163,CA-0296,2025-10-10,2025-11-09,826.62,USD,SampleGen
INV-24f4f414-47ab-4a0a-805c-9c4134422cf9,ID202590,CID-163,CA-0296,2025-11-26,2025-12-26,2522.54,USD,SampleGen
INV-f1400620-8b85-406e-9439-c1bf83e233c8,ID202591,CID-163,CA-0296,2025-12-10,2026-01-09,347.58,USD,SampleGen
INV-c3f52ddd-0662-4471-852e-b8baf94a2280,ID202592,CID-163,CA-0296,2025-12-10,2026-01-09,601.98,USD,SampleGen
INV-6f7d0def-c635-4a56-99e7-e99cdabbd5f8,ID202593,CID-163,CA-0296,2025-12-17,2026-01-16,1428.64,USD,SampleGen
INV-fa99c481-6a25-45ec-910c-dc78b9da4b4a,ID202594,CID-163,CA-0296,2026-01-29,2026-02-28,1500.84,USD,SampleGen
INV-f6d752e3-af8d-4af5-afda-bd29eeb59af0,ID202595,CID-163,CA-0296,2026-01-15,2026-02-14,1297.26,USD,SampleGen
INV-9e0221f8-4f0f-4dc0-b4b5-6a1a3f9c29d3,ID202596,CID-163,CA-0296,2026-02-01,2026-03-03,1857.0,USD,SampleGen
INV-7872f971-012c-48fd-9835-51bc5ff05a79,ID202597,CID-163,CA-0296,2026-02-05,2026-03-07,2094.44,USD,SampleGen
INV-56d94abe-5cd1-45eb-aa15-5a39b5200e7d,ID202598,CID-163,CA-0296,2026-02-02,2026-03-04,3527.48,USD,SampleGen
INV-b02f3311-981d-48b7-86a7-97900815dbb1,ID202599,CID-163,CA-0296,2026-02-24,2026-03-26,4220.64,USD,SampleGen
INV-5534edb5-bed6-490b-a5fd-2873e673798e,ID202600,CID-163,CA-0296,2026-02-23,2026-03-25,4969.06,USD,SampleGen
INV-9a361acf-5c14-46d9-ae33-a80668c94f52,ID202601,CID-163,CA-0296,2026-02-02,2026-03-04,896.6,USD,SampleGen
INV-418dc621-f0b3-4c89-b84c-b276f6567c98,ID202602,CID-163,CA-0296,2026-03-27,2026-04-26,1055.52,USD,SampleGen
INV-f0631498-8f59-45eb-b0e0-8315561ef169,ID202603,CID-163,CA-0296,2026-03-13,2026-04-12,3853.98,USD,SampleGen
INV-469142cf-75e5-4d34-a2ee-becd13f1d1f3,ID202604,CID-163,CA-0296,2026-03-03,2026-04-02,1093.8,USD,SampleGen
INV-2649fbc8-a62a-4815-9f35-96429e4e920b,ID202605,CID-163,CA-0296,2026-03-12,2026-04-11,1479.62,USD,SampleGen
INV-605bdc4a-3abb-41d6-91c8-305a95a9c591,ID202606,CID-163,CA-0296,2026-03-29,2026-04-28,1492.26,USD,SampleGen
INV-fbc18a7d-5ed6-423a-9945-178280c9f38a,ID202607,CID-163,CA-0296,2026-03-31,2026-04-30,843.54,USD,SampleGen
INV-a5a6100f-ad3a-400c-afb3-32bc9014a001,ID202608,CID-164,CA-1498,2025-07-15,2025-08-14,1182.76,USD,SampleGen
INV-60e86b3b-e67e-49b3-b84b-2a52cd3cb261,ID202609,CID-164,CA-1498,2026-03-04,2026-04-03,1990.58,USD,SampleGen
INV-e137f6a6-2f1a-4873-bc6f-47d9c93ee61e,ID202610,CID-165,CA-1499,2025-06-25,2025-07-25,1848.44,USD,SampleGen
INV-84c48e1f-19fb-417c-a42a-56822d1ceaf8,ID202611,CID-165,CA-1499,2025-07-28,2025-08-27,3822.22,USD,SampleGen
INV-8fcf45d9-b61d-4297-b788-771deb62db61,ID202612,CID-165,CA-1499,2025-08-19,2025-09-18,2221.52,USD,SampleGen
INV-e208030d-1c0b-42a7-8d27-1002f3112d0e,ID202613,CID-165,CA-1499,2025-08-11,2025-09-10,996.18,USD,SampleGen
INV-b39b8dba-98c1-40bb-a86f-6e37023190ae,ID202614,CID-165,CA-1499,2025-12-09,2026-01-08,3917.54,USD,SampleGen
INV-210bfd43-acf2-4e06-887e-1eacba6bfbc9,ID202615,CID-165,CA-1499,2026-02-16,2026-03-18,1695.74,USD,SampleGen
INV-adf6f6f6-afc5-4a5c-b91a-7e28e3f68f87,ID202616,CID-165,CA-1499,2026-03-02,2026-04-01,856.28,USD,SampleGen
INV-1b22a976-5d90-4531-a0d0-992a0ba07309,ID202617,CID-166,CA-0300,2025-06-17,2025-07-17,2340.26,USD,SampleGen
INV-5a4aa6c4-4a00-41ac-8d1e-c8e8d8796568,ID202618,CID-166,CA-0300,2025-06-30,2025-07-30,1316.3,USD,SampleGen
INV-cd9ec4a5-e047-489e-be6f-2f51125635ba,ID202619,CID-166,CA-0300,2025-06-30,2025-07-30,833.0,USD,SampleGen
INV-2e04f2e9-26ea-4bb2-b7e4-f9d17372a8ef,ID202620,CID-166,CA-0300,2025-06-11,2025-07-11,6703.26,USD,SampleGen
INV-0eb18cee-60b2-4b4f-b51c-71cec036684f,ID202621,CID-166,CA-0300,2025-06-25,2025-07-25,3629.24,USD,SampleGen
INV-14f0822c-df11-41ed-846a-918e409c5434,ID202622,CID-166,CA-0300,2025-07-26,2025-08-25,1195.56,USD,SampleGen
INV-781269d1-ab67-468b-aaf8-332b14272357,ID202623,CID-166,CA-0300,2025-07-13,2025-08-12,739.64,USD,SampleGen
INV-17c1b65f-6e63-4266-ad2f-2ea507366f90,ID202624,CID-166,CA-0300,2025-07-10,2025-08-09,3340.94,USD,SampleGen
INV-5a954e59-d58f-43b4-92eb-9b18f060ead9,ID202625,CID-166,CA-0300,2025-07-19,2025-08-18,1348.22,USD,SampleGen
INV-a53ca5b5-b144-41f8-9b0e-94b7ee759ae6,ID202626,CID-166,CA-0300,2025-07-12,2025-08-11,394.24,USD,SampleGen
INV-16dbaf61-6b06-46a3-b67a-4b1993b26523,ID202627,CID-166,CA-0300,2025-07-05,2025-08-04,760.94,USD,SampleGen
INV-09adbcf6-f222-45d1-b374-cf42d2586cef,ID202628,CID-166,CA-0300,2025-07-22,2025-08-21,652.8,USD,SampleGen
INV-e93d3286-097b-473f-9e28-49416ac9900a,ID202629,CID-166,CA-0300,2025-08-17,2025-09-16,1704.3,USD,SampleGen
INV-8626bdf3-bea6-4013-97d3-6d187e39d46b,ID202630,CID-166,CA-0300,2025-08-11,2025-09-10,2016.02,USD,SampleGen
INV-ccbe2e77-1959-4858-b8f8-50585b42483b,ID202631,CID-166,CA-0300,2025-08-27,2025-09-26,2035.06,USD,SampleGen
INV-1cc9fcbd-4c3c-48c9-8cbb-4892cb5c623d,ID202632,CID-166,CA-0300,2025-08-24,2025-09-23,1174.26,USD,SampleGen
INV-a79e0512-97d1-4922-b08c-d0285a504035,ID202633,CID-166,CA-0300,2025-09-01,2025-10-01,1117.06,USD,SampleGen
INV-e3ac8653-abed-430e-b264-022a7d38e937,ID202634,CID-166,CA-0300,2025-08-02,2025-09-01,4795.26,USD,SampleGen
INV-5f9cda50-73e1-4c78-ac0b-e21256e85411,ID202635,CID-166,CA-0300,2025-08-31,2025-09-30,771.56,USD,SampleGen
INV-efba6978-383d-48dc-962d-e18585941ae3,ID202636,CID-166,CA-0300,2025-08-06,2025-09-05,1269.68,USD,SampleGen
INV-3dfd1407-f04d-4128-8443-1a666ed1c716,ID202637,CID-166,CA-0300,2025-09-01,2025-10-01,2229.96,USD,SampleGen
INV-e90b6b7f-2c65-4d89-b9f0-757312702550,ID202638,CID-166,CA-0300,2025-08-23,2025-09-22,267.0,USD,SampleGen
INV-4584c57f-3d21-43ea-b689-5336e4ef4036,ID202639,CID-166,CA-0300,2025-09-10,2025-10-10,1038.58,USD,SampleGen
INV-9af419c9-21a9-4d7d-9981-6f1e2c232b6f,ID202640,CID-166,CA-0300,2025-10-01,2025-10-31,1411.64,USD,SampleGen
INV-265ce4a7-7e45-4871-b63d-ea815dd18438,ID202641,CID-166,CA-0300,2025-10-07,2025-11-06,1780.62,USD,SampleGen
INV-f6a6cd9a-6082-4987-a75d-c9515e60c37b,ID202642,CID-166,CA-0300,2025-10-13,2025-11-12,2755.8,USD,SampleGen
INV-5fa77416-70c2-45ed-8c0d-f824c7c57d38,ID202643,CID-166,CA-0300,2025-10-04,2025-11-03,3535.88,USD,SampleGen
INV-7bbb9883-22a3-4962-a9d3-8a70cec708f4,ID202644,CID-166,CA-0300,2025-11-27,2025-12-27,510.82,USD,SampleGen
INV-bf688872-5de1-4e01-acaf-da3d91929863,ID202645,CID-166,CA-0300,2025-11-07,2025-12-07,2713.4,USD,SampleGen
INV-4aa9ac07-0f8e-43bc-8af7-eb699c38bce1,ID202646,CID-166,CA-0300,2025-11-08,2025-12-08,2378.46,USD,SampleGen
INV-f0795482-6fbd-4ae3-91de-40d6a1e0f9d9,ID202647,CID-166,CA-0300,2025-11-21,2025-12-21,1381.98,USD,SampleGen
INV-97bcdee4-bdff-4d17-aa83-f9b2f8a34004,ID202648,CID-166,CA-0300,2025-12-12,2026-01-11,1572.86,USD,SampleGen
INV-9064809e-d8d5-4774-bb8b-160bce88b339,ID202649,CID-166,CA-0300,2025-12-11,2026-01-10,307.3,USD,SampleGen
INV-ec896964-391a-4f53-bed2-0d497bd2a71e,ID202650,CID-166,CA-0300,2025-12-24,2026-01-23,3480.8,USD,SampleGen
INV-4f1de3a6-08e7-42ba-9b93-4919c393c38a,ID202651,CID-166,CA-0300,2025-12-11,2026-01-10,4714.58,USD,SampleGen
INV-6e3e4da7-dfc7-4a36-9dd7-7354cfeb3518,ID202652,CID-166,CA-0300,2025-12-28,2026-01-27,548.94,USD,SampleGen
INV-a6c4ae25-4978-4d69-babd-7f41023fa789,ID202653,CID-166,CA-0300,2025-12-27,2026-01-26,1250.62,USD,SampleGen
INV-f25a1b8d-da6a-4940-b1db-911779bb628b,ID202654,CID-166,CA-0300,2025-12-04,2026-01-03,1717.08,USD,SampleGen
INV-e65bf4d4-c066-4e01-99e8-4c20545e9180,ID202655,CID-166,CA-0300,2025-12-07,2026-01-06,3502.12,USD,SampleGen
INV-2991f125-9304-423a-81c5-ac1826b38954,ID202656,CID-166,CA-0300,2026-01-03,2026-02-02,4116.84,USD,SampleGen
INV-0d0df2e0-40fb-478f-8c84-252f787fb0e7,ID202657,CID-166,CA-0300,2026-01-29,2026-02-28,2493.0,USD,SampleGen
INV-bb207908-9a47-4454-a043-ccc4d25c4bc7,ID202658,CID-166,CA-0300,2026-01-08,2026-02-07,2234.22,USD,SampleGen
INV-282be01e-2d67-4a17-bc00-fe89e37fdc19,ID202659,CID-166,CA-0300,2026-01-10,2026-02-09,1335.48,USD,SampleGen
INV-1dcc298f-2cd5-43ff-b6b4-9e872753db3f,ID202660,CID-166,CA-0300,2026-01-22,2026-02-21,158.96,USD,SampleGen
INV-299f9a43-d97f-4e0d-9abc-b1b8c4368294,ID202661,CID-166,CA-0300,2026-01-19,2026-02-18,1000.6,USD,SampleGen
INV-79cad6be-7367-4657-ab53-ee3d630f39b5,ID202662,CID-166,CA-0300,2026-01-07,2026-02-06,3578.36,USD,SampleGen
INV-abf4c4a8-1e9e-469f-aa2a-15a47fc709f3,ID202663,CID-166,CA-0300,2026-02-10,2026-03-12,2976.3,USD,SampleGen
INV-a9dc8293-ae42-49bb-8971-e3e16c3115e8,ID202664,CID-166,CA-0300,2026-02-13,2026-03-15,5189.48,USD,SampleGen
INV-2e696cb3-5b98-4ae9-bf73-3735f26b0db0,ID202665,CID-166,CA-0300,2026-02-25,2026-03-27,3239.22,USD,SampleGen
INV-c7fb8b3a-2954-4150-9fd4-20bc9b26239a,ID202666,CID-166,CA-0300,2026-02-07,2026-03-09,2064.66,USD,SampleGen
INV-cbce51e3-fcb5-49d6-906e-ad0a261163fb,ID202667,CID-166,CA-0300,2026-02-22,2026-03-24,3128.94,USD,SampleGen
INV-9a32efdc-d171-4735-9391-6c397d74cf75,ID202668,CID-166,CA-0300,2026-02-03,2026-03-05,4320.42,USD,SampleGen
INV-62f9c8d8-95ec-4edb-ae21-790b65a7a2f9,ID202669,CID-166,CA-0300,2026-02-22,2026-03-24,2569.24,USD,SampleGen
INV-ec7cb9da-18c5-4a3f-ba7e-9502e706ce24,ID202670,CID-166,CA-0300,2026-02-17,2026-03-19,4231.26,USD,SampleGen
INV-95a9a144-f7fb-4f14-bbac-5bd6cecd33da,ID202671,CID-166,CA-0300,2026-02-21,2026-03-23,328.46,USD,SampleGen
INV-46eefe74-9b2d-4e62-8a07-d6ab67289d4b,ID202672,CID-166,CA-0300,2026-02-15,2026-03-17,1568.68,USD,SampleGen
INV-6ee153e5-2cf4-4d54-ab4d-3eefb6d81a14,ID202673,CID-166,CA-0300,2026-02-15,2026-03-17,2670.98,USD,SampleGen
INV-425781f4-4d26-49de-95c2-0a31e1ccc74c,ID202674,CID-166,CA-0300,2026-02-21,2026-03-23,2819.46,USD,SampleGen
INV-3a685d21-592a-421a-a5ec-50cc26796eb0,ID202675,CID-166,CA-0300,2026-02-17,2026-03-19,2270.22,USD,SampleGen
INV-ea7021d5-577b-410b-b46a-2c2e734a9680,ID202676,CID-166,CA-0300,2026-03-24,2026-04-23,1042.96,USD,SampleGen
INV-05ea3b4a-51d0-4f36-bdce-49a040aae3ef,ID202677,CID-166,CA-0300,2026-03-16,2026-04-15,873.24,USD,SampleGen
INV-2406df67-a0e6-40f9-8e03-d88545bb68d4,ID202678,CID-166,CA-0300,2026-03-04,2026-04-03,1950.24,USD,SampleGen
INV-276b217c-1c44-41d0-b727-d9e20ca882ab,ID202679,CID-166,CA-0300,2026-03-16,2026-04-15,983.46,USD,SampleGen
INV-c3ad0966-306c-4a1f-a2b7-b787ae4078b6,ID202680,CID-166,CA-0300,2026-03-03,2026-04-02,1524.0,USD,SampleGen
INV-5976cefc-3819-4b6f-bc20-1fb051e8b097,ID202681,CID-166,CA-0300,2026-03-05,2026-04-04,3222.24,USD,SampleGen
INV-ecf76807-861a-43b5-8127-508ec4789c89,ID202682,CID-166,CA-0300,2026-03-22,2026-04-21,1125.48,USD,SampleGen
INV-cc62c5f6-36ae-4b27-91d3-fd0fbd023c6f,ID202683,CID-166,CA-0300,2026-03-25,2026-04-24,767.26,USD,SampleGen
INV-94537afd-8494-4f5e-aafe-33977062cb5d,ID202684,CID-166,CA-0300,2026-03-20,2026-04-19,2997.46,USD,SampleGen
INV-0fd5562c-bac8-4a3d-90e0-e08a066f41c1,ID202685,CID-166,CA-0300,2026-03-21,2026-04-20,1488.1,USD,SampleGen
INV-a19484df-46e9-43e6-80cd-54982ad67762,ID202686,CID-166,CA-0300,2026-03-18,2026-04-17,1890.88,USD,SampleGen
INV-f04b4780-c05c-41f5-a3b1-0c3d2fd7a8e2,ID202687,CID-166,CA-0300,2026-03-29,2026-04-28,771.54,USD,SampleGen
INV-c59dc79e-1838-41c6-a211-2ec1b8195bb5,ID202688,CID-166,CA-0300,2026-03-11,2026-04-10,1861.16,USD,SampleGen
INV-d570fe8d-0e1d-4042-8fbd-107e6dc5a4e5,ID202689,CID-166,CA-0300,2026-03-17,2026-04-16,1093.84,USD,SampleGen
INV-5a397a91-8665-4f7c-80c3-a114603444b7,ID202690,CID-166,CA-0300,2026-03-12,2026-04-11,317.92,USD,SampleGen
INV-4ff42d6b-bf8c-4a05-9de2-105e4ffb5fd3,ID202691,CID-166,CA-0300,2026-03-18,2026-04-17,987.72,USD,SampleGen
INV-c15b3688-028d-4d8f-b4cb-845fbbd0e1c4,ID202692,CID-167,CA-0301,2025-06-08,2025-07-08,826.64,USD,SampleGen
INV-61f55701-674f-4aa3-bc15-d8d6dda2c633,ID202693,CID-167,CA-0301,2025-06-02,2025-07-02,1890.82,USD,SampleGen
INV-2fc2c4e8-8943-4591-ad17-1efac4c26f08,ID202694,CID-167,CA-0301,2025-06-11,2025-07-11,2615.88,USD,SampleGen
INV-c8263e53-7d7b-4b74-82fb-73f5adee0b3e,ID202695,CID-167,CA-0301,2025-07-05,2025-08-04,1280.38,USD,SampleGen
INV-dd9cd242-f6fa-4984-befc-9c295d7cddca,ID202696,CID-167,CA-0301,2025-07-13,2025-08-12,892.3,USD,SampleGen
INV-898f79e0-76ba-43f2-beaf-ce6824ae88a0,ID202697,CID-167,CA-0301,2025-07-08,2025-08-07,618.8,USD,SampleGen
INV-fce2d65e-05c3-4560-a0f1-f7b7d5c496d9,ID202698,CID-167,CA-0301,2025-08-12,2025-09-11,2584.1,USD,SampleGen
INV-35d8bd23-75b9-4d3a-be7f-52c95cf1bdae,ID202699,CID-167,CA-0301,2025-08-21,2025-09-20,4871.46,USD,SampleGen
INV-795f9d35-4247-45b1-80a6-065705e9a70b,ID202700,CID-167,CA-0301,2025-08-20,2025-09-19,894.44,USD,SampleGen
INV-e2a0e3b5-4086-4715-a613-b36c31889a4e,ID202701,CID-167,CA-0301,2025-08-21,2025-09-20,4053.26,USD,SampleGen
INV-41f9b58e-415f-4b30-8460-5d882e9e4f46,ID202702,CID-167,CA-0301,2025-08-03,2025-09-02,775.78,USD,SampleGen
INV-572a40ee-62a0-4d1b-aaa0-14b8ee243fdb,ID202703,CID-167,CA-0301,2025-09-20,2025-10-20,1504.9,USD,SampleGen
INV-b0e2b060-c320-4ed6-b2e3-5d34d3ae4e5b,ID202704,CID-167,CA-0301,2025-10-14,2025-11-13,2471.64,USD,SampleGen
INV-d79e5b06-a048-48f2-be8b-5e2d83adb97f,ID202705,CID-167,CA-0301,2025-10-24,2025-11-23,6660.82,USD,SampleGen
INV-a6818137-4b05-4ef5-892a-edbf9dd68b22,ID202706,CID-167,CA-0301,2025-11-08,2025-12-08,1350.18,USD,SampleGen
INV-805557e3-8e61-4378-bae2-b03b084715c1,ID202707,CID-167,CA-0301,2025-11-08,2025-12-08,1123.42,USD,SampleGen
INV-500200c6-b718-4aa5-b754-c2564a55c3af,ID202708,CID-167,CA-0301,2025-12-18,2026-01-17,5053.8,USD,SampleGen
INV-e4aaf86a-c11a-4963-8583-9b60e6388171,ID202709,CID-167,CA-0301,2025-12-09,2026-01-08,4409.4,USD,SampleGen
INV-a2e801ae-22f6-454a-8fe3-daf500111de2,ID202710,CID-167,CA-0301,2025-12-02,2026-01-01,4824.84,USD,SampleGen
INV-015679fb-e099-4db7-8b1b-25ec786d9add,ID202711,CID-167,CA-0301,2025-12-29,2026-01-28,2378.54,USD,SampleGen
INV-7d78dcbd-aebe-44b4-b87c-742c02266a10,ID202712,CID-167,CA-0301,2026-01-10,2026-02-09,1806.12,USD,SampleGen
INV-67854416-f51f-4282-be32-d1c7b3eee30d,ID202713,CID-167,CA-0301,2026-01-04,2026-02-03,1114.88,USD,SampleGen
INV-cb8590bc-62d6-489a-905e-e5c6654e7aef,ID202714,CID-167,CA-0301,2026-02-01,2026-03-03,903.1,USD,SampleGen
INV-d63401cb-985e-4833-b1f6-47a5f7388dfb,ID202715,CID-167,CA-0301,2026-02-01,2026-03-03,1017.46,USD,SampleGen
INV-2123815f-06ed-44f0-a738-0032bbade413,ID202716,CID-167,CA-0301,2026-02-27,2026-03-29,559.52,USD,SampleGen
INV-1a48888a-de80-4177-be5f-d7e5ad006515,ID202717,CID-167,CA-0301,2026-02-18,2026-03-20,2323.34,USD,SampleGen
INV-f2c885d5-bc4d-46ee-860d-d284919df657,ID202718,CID-167,CA-0301,2026-02-13,2026-03-15,3357.82,USD,SampleGen
INV-5625b88a-5464-42bb-b3e6-b8c4d8fdf0e9,ID202719,CID-167,CA-0301,2026-02-12,2026-03-14,1360.78,USD,SampleGen
INV-90e5741c-6271-4b28-8933-c39fd71356af,ID202720,CID-167,CA-0301,2026-02-22,2026-03-24,506.54,USD,SampleGen
INV-dd90487a-5aca-46f7-81b3-3eb62247b7ff,ID202721,CID-167,CA-0301,2026-02-11,2026-03-13,4489.98,USD,SampleGen
INV-faf18478-648b-4eec-9543-99d58f131687,ID202722,CID-167,CA-0301,2026-03-31,2026-04-30,5278.54,USD,SampleGen
INV-e926dc15-9b37-495e-a6a1-37450c65b013,ID202723,CID-167,CA-0301,2026-03-27,2026-04-26,4101.98,USD,SampleGen
INV-e9a46cc9-789c-42b6-8d79-727db5caef54,ID202724,CID-167,CA-0301,2026-03-24,2026-04-23,1216.66,USD,SampleGen
INV-85f79821-d9cd-4244-acf6-a77502de9631,ID202725,CID-167,CA-0301,2026-03-07,2026-04-06,5159.86,USD,SampleGen
INV-9d36e92f-8546-417d-8e5f-8dc48d6a218b,ID202726,CID-167,CA-0301,2026-03-15,2026-04-14,2013.74,USD,SampleGen
INV-43e769bc-ab70-43eb-b8ef-5a7f3df0ee2d,ID202727,CID-167,CA-0301,2026-03-23,2026-04-22,2382.76,USD,SampleGen
INV-0fcacda0-02bb-4c71-99ea-de0c0d7e45a8,ID202728,CID-167,CA-0301,2026-03-17,2026-04-16,2170.68,USD,SampleGen
INV-6bc053fb-a834-4320-be87-0f8e66b677ea,ID202729,CID-167,CA-0301,2026-03-26,2026-04-25,3332.44,USD,SampleGen
INV-c3d3d9ca-7917-43f3-a7df-39dddda3c215,ID202730,CID-168,CA-0302,2025-07-01,2025-07-31,2989.06,USD,SampleGen
INV-c841a66f-0d3d-48c2-a50f-8a221ab78de7,ID202731,CID-168,CA-0302,2025-07-22,2025-08-21,2160.06,USD,SampleGen
INV-499e810c-1642-4507-be75-1e431be8c86f,ID202732,CID-168,CA-0302,2025-08-17,2025-09-16,529.88,USD,SampleGen
INV-54640cec-4433-45d4-a219-644be3d2bc5a,ID202733,CID-168,CA-0302,2025-09-27,2025-10-27,7199.2,USD,SampleGen
INV-5fceb6d8-c2bc-4eb0-8e99-8b0178dd2bbb,ID202734,CID-168,CA-0302,2026-01-01,2026-01-31,3268.86,USD,SampleGen
INV-49f8bdcd-ed44-4537-8e5b-bbb9da9a3489,ID202735,CID-168,CA-0302,2026-01-01,2026-01-31,1988.42,USD,SampleGen
INV-fb7f1eba-a0da-4fff-a1fc-0e67ce4a622e,ID202736,CID-168,CA-0302,2026-01-19,2026-02-18,973.04,USD,SampleGen
INV-85ef3642-135b-443e-b617-c358f073923a,ID202737,CID-168,CA-0302,2026-02-20,2026-03-22,835.04,USD,SampleGen
INV-b82a4fd9-feb6-4e94-9ecb-98436a020242,ID202738,CID-168,CA-0302,2026-02-14,2026-03-16,4417.96,USD,SampleGen
INV-4e21343b-f2da-421d-a28d-0b09433c327c,ID202739,CID-168,CA-0302,2026-04-01,2026-05-01,364.52,USD,SampleGen
INV-c1b6e1ce-cea4-41cc-8e0b-31337416c63b,ID202740,CID-168,CA-0302,2026-03-26,2026-04-25,1189.1,USD,SampleGen
INV-c5fb7b54-d2a8-4f21-973c-dee43dc603e8,ID202741,CID-169,CA-1500,2025-07-01,2025-07-31,2179.12,USD,SampleGen
INV-2d1131c4-f93b-4359-a0a2-5f806d65fca5,ID202742,CID-169,CA-1500,2025-07-15,2025-08-14,1119.1,USD,SampleGen
INV-0873a33d-40e1-4121-8096-61792bfb3983,ID202743,CID-169,CA-1500,2025-08-23,2025-09-22,1524.06,USD,SampleGen
INV-e6e4dea5-cf08-4480-b153-ab79b90246b3,ID202744,CID-169,CA-1500,2025-10-23,2025-11-22,4807.94,USD,SampleGen
INV-b96e0eea-6cb4-4aea-868e-65afdb5ab1c6,ID202745,CID-169,CA-1500,2025-12-15,2026-01-14,5876.36,USD,SampleGen
INV-0b6639c3-844f-4070-8ba1-71bf18a8d300,ID202746,CID-169,CA-1500,2026-01-11,2026-02-10,3849.68,USD,SampleGen
INV-6ebbdd78-294d-4c8f-9a83-ce5413e29274,ID202747,CID-169,CA-1500,2026-02-26,2026-03-28,1697.88,USD,SampleGen
INV-d868d300-ff16-4744-ac95-1372c769d79a,ID202748,CID-169,CA-1500,2026-02-19,2026-03-21,336.96,USD,SampleGen
INV-bd1875b2-ecc5-453f-8475-87e5e75aaae0,ID202749,CID-169,CA-1500,2026-03-02,2026-04-01,2378.54,USD,SampleGen
INV-e7dc2078-bbc6-4e43-ae37-93a70e836daf,ID202750,CID-169,CA-1500,2026-03-23,2026-04-22,1104.38,USD,SampleGen
INV-b61d3c53-fd5c-428f-b70e-01a80a108079,ID202751,CID-170,CA-0305,2025-06-18,2025-07-18,1303.56,USD,SampleGen
INV-746f3119-b72b-4089-8a28-db1cdec26e83,ID202752,CID-170,CA-0305,2025-07-08,2025-08-07,3281.64,USD,SampleGen
INV-66210607-7b10-4fc0-9f32-c8b4f6e674d3,ID202753,CID-170,CA-0305,2025-08-23,2025-09-22,1473.24,USD,SampleGen
INV-923c1d20-527f-4691-b490-c25387d3ceb3,ID202754,CID-170,CA-0305,2025-09-28,2025-10-28,1208.18,USD,SampleGen
INV-c02a68f8-130f-4267-ba83-ca7afc0e38cd,ID202755,CID-170,CA-0305,2025-11-12,2025-12-12,4587.48,USD,SampleGen
INV-ea13dbc9-961e-448e-8481-8c23ca09ecd7,ID202756,CID-170,CA-0305,2025-12-08,2026-01-07,2683.62,USD,SampleGen
INV-53c13e2e-1714-433d-aeca-1c9198d52ec5,ID202757,CID-170,CA-0305,2026-01-19,2026-02-18,2709.3,USD,SampleGen
INV-998211cb-bf8d-420f-8a17-a585dfccbda2,ID202758,CID-170,CA-0305,2026-02-08,2026-03-10,404.82,USD,SampleGen
INV-77810b5f-84e8-4d98-9c74-74891fe7cc4b,ID202759,CID-170,CA-0305,2026-03-20,2026-04-19,504.48,USD,SampleGen
INV-cc2097a1-1a3e-41f4-8284-bb06c627d851,ID202760,CID-170,CA-0305,2026-03-17,2026-04-16,2420.8,USD,SampleGen
INV-71ddf17a-508c-41df-9e6d-68f58abc8e48,ID202761,CID-171,CA-0307,2025-06-16,2025-07-16,322.14,USD,SampleGen
INV-72b248c6-cf80-4030-9268-58d6ea0b86c4,ID202762,CID-171,CA-0307,2025-07-30,2025-08-29,911.48,USD,SampleGen
INV-4abc15c6-be93-4065-875b-c4ee0db9f31d,ID202763,CID-171,CA-0307,2025-08-21,2025-09-20,2092.2,USD,SampleGen
INV-b5e64891-9ba4-438f-9d64-1da53e028a8a,ID202764,CID-171,CA-0307,2025-08-09,2025-09-08,2573.46,USD,SampleGen
INV-826516ed-aed4-4ba6-802c-990bd73ba264,ID202765,CID-171,CA-0307,2025-10-31,2025-11-30,419.64,USD,SampleGen
INV-d18148d4-6cd3-40a1-87d5-89d2215fdea5,ID202766,CID-171,CA-0307,2025-11-14,2025-12-14,1377.9,USD,SampleGen
INV-f00c0cab-72b7-41e0-be30-9f9bcbb32ded,ID202767,CID-171,CA-0307,2025-12-08,2026-01-07,4320.42,USD,SampleGen
INV-49bd7f30-3249-4f43-a27b-8c10033ce5fa,ID202768,CID-171,CA-0307,2026-01-02,2026-02-01,2056.18,USD,SampleGen
INV-bed5b234-daa1-4c87-9ba3-28ed45f0ca7d,ID202769,CID-171,CA-0307,2026-02-17,2026-03-19,194.96,USD,SampleGen
INV-148cd987-4075-4e9e-9036-00f5accc1259,ID202770,CID-171,CA-0307,2026-02-16,2026-03-18,1157.36,USD,SampleGen
INV-5f2238e4-f7bc-4515-8fe4-baecec22de35,ID202771,CID-171,CA-0307,2026-03-09,2026-04-08,1500.84,USD,SampleGen
INV-e29902d7-a111-4b8e-8c44-66766364b4a1,ID202772,CID-171,CA-0307,2026-03-07,2026-04-06,2183.46,USD,SampleGen
INV-3161818d-966b-41ac-8b60-65656abf4d9e,ID202773,CID-172,CA-0309,2025-06-08,2025-07-08,2071.1,USD,SampleGen
INV-7b636cba-425d-4de2-aa66-ec3f75a0a7b3,ID202774,CID-172,CA-0309,2025-06-17,2025-07-17,3260.42,USD,SampleGen
INV-e46b2ce1-b906-417a-b89f-684d82e9c2d9,ID202775,CID-172,CA-0309,2025-06-17,2025-07-17,2308.52,USD,SampleGen
INV-6a5705b3-2d14-4196-9a3a-acb143f3933e,ID202776,CID-172,CA-0309,2025-07-08,2025-08-07,894.44,USD,SampleGen
INV-4fb4cd2f-0ce6-435d-aab4-e780d4ba711c,ID202777,CID-172,CA-0309,2025-07-09,2025-08-08,1560.14,USD,SampleGen
INV-781ee4ba-e55b-4531-bc92-c1d013122d83,ID202778,CID-172,CA-0309,2025-07-09,2025-08-08,3181.92,USD,SampleGen
INV-4f3787bd-f681-4386-be0d-f0faaca45751,ID202779,CID-172,CA-0309,2025-07-15,2025-08-14,1526.22,USD,SampleGen
INV-9b179144-5e40-477f-aafc-18609a004b1e,ID202780,CID-172,CA-0309,2025-08-13,2025-09-12,720.7,USD,SampleGen
INV-38c61ccb-ddc9-43ab-a9e3-b50bb6f7e2e7,ID202781,CID-172,CA-0309,2025-09-01,2025-10-01,438.7,USD,SampleGen
INV-7ed13efd-f940-45d6-8b22-13fe6fc19921,ID202782,CID-172,CA-0309,2025-09-01,2025-10-01,7339.18,USD,SampleGen
INV-ebeeb030-c706-4f21-a951-6105b7cb02fd,ID202783,CID-172,CA-0309,2025-08-21,2025-09-20,2486.56,USD,SampleGen
INV-c44f1f4f-65f8-4a78-ac8e-161f30107ae6,ID202784,CID-172,CA-0309,2025-08-06,2025-09-05,3862.42,USD,SampleGen
INV-e57f1816-b383-4f7c-9d05-493b42740d92,ID202785,CID-172,CA-0309,2025-09-18,2025-10-18,3086.56,USD,SampleGen
INV-e0489d54-ce8f-437a-a18b-292163d4b2f1,ID202786,CID-172,CA-0309,2025-10-05,2025-11-04,3383.2,USD,SampleGen
INV-44fe5965-842f-4b7c-8b43-6786954cba84,ID202787,CID-172,CA-0309,2025-11-24,2025-12-24,2611.64,USD,SampleGen
INV-db982898-f58a-4061-ac73-3fa6849fe8e2,ID202788,CID-172,CA-0309,2025-11-08,2025-12-08,2717.6,USD,SampleGen
INV-ef33aefe-801b-4c76-95d6-9bac35ecc9e5,ID202789,CID-172,CA-0309,2025-11-21,2025-12-21,1649.18,USD,SampleGen
INV-21960788-e43a-4f14-8fcc-54577bcb65fe,ID202790,CID-172,CA-0309,2025-12-26,2026-01-25,3294.3,USD,SampleGen
INV-f9108145-2c74-44d9-a7af-94330fd90b1a,ID202791,CID-172,CA-0309,2025-12-10,2026-01-09,695.26,USD,SampleGen
INV-d0483dd1-28d7-49d7-b823-b4ded560fb25,ID202792,CID-172,CA-0309,2025-12-29,2026-01-28,1352.32,USD,SampleGen
INV-f7bb1e70-bb63-465f-9f82-54da4ac9b41f,ID202793,CID-172,CA-0309,2025-12-05,2026-01-04,1458.38,USD,SampleGen
INV-87602561-f33a-41a2-85a6-540cfecc847b,ID202794,CID-172,CA-0309,2025-12-29,2026-01-28,856.32,USD,SampleGen
INV-264288b2-3ea2-4bd9-8108-c8661bd3eb55,ID202795,CID-172,CA-0309,2026-01-29,2026-02-28,324.28,USD,SampleGen
INV-7c03c9c9-7873-4b96-831f-651847260c6d,ID202796,CID-172,CA-0309,2026-01-02,2026-02-01,1250.56,USD,SampleGen
INV-097ebdae-6575-4217-b632-37926b7a5cd4,ID202797,CID-172,CA-0309,2026-01-23,2026-02-22,805.56,USD,SampleGen
INV-59ba8583-4dd0-481a-954b-9eff73c00529,ID202798,CID-172,CA-0309,2026-02-01,2026-03-03,1536.86,USD,SampleGen
INV-5865d2ad-bb49-4126-a37f-0e164ca56a17,ID202799,CID-172,CA-0309,2026-02-22,2026-03-24,1392.72,USD,SampleGen
INV-e3ed7884-4bb2-4a4d-a421-4e66a0254491,ID202800,CID-172,CA-0309,2026-02-25,2026-03-27,5800.08,USD,SampleGen
INV-ad895d25-504b-442b-92b7-ffafef1093a7,ID202801,CID-172,CA-0309,2026-02-27,2026-03-29,4078.72,USD,SampleGen
INV-b3e53bfc-24de-4582-81a8-f3f22b4370df,ID202802,CID-172,CA-0309,2026-02-22,2026-03-24,6101.06,USD,SampleGen
INV-06dfb336-ef49-4a1c-83ae-8c4b9e596e32,ID202803,CID-172,CA-0309,2026-02-23,2026-03-25,813.98,USD,SampleGen
INV-7b87f9a0-db9b-4f65-b376-5709effab975,ID202804,CID-172,CA-0309,2026-02-16,2026-03-18,3353.56,USD,SampleGen
INV-8e619afc-3e28-47a5-aba8-c19dcb5345d8,ID202805,CID-172,CA-0309,2026-02-17,2026-03-19,5986.64,USD,SampleGen
INV-c1eceffb-ec53-4cbd-979f-b9ed16ed9b61,ID202806,CID-172,CA-0309,2026-02-11,2026-03-13,2217.4,USD,SampleGen
INV-e7ff08b5-455c-40ff-be34-948db69355a7,ID202807,CID-172,CA-0309,2026-03-03,2026-04-02,610.4,USD,SampleGen
INV-7854cc68-75ee-4c37-b568-ca428e3c03c6,ID202808,CID-172,CA-0309,2026-04-01,2026-05-01,2804.56,USD,SampleGen
INV-fa09db38-fa07-428a-a12c-5e4071dafb82,ID202809,CID-172,CA-0309,2026-03-28,2026-04-27,483.28,USD,SampleGen
INV-cbba3ef6-fb7b-40e4-a50d-7b1264dd19d6,ID202810,CID-172,CA-0309,2026-03-21,2026-04-20,741.9,USD,SampleGen
INV-a982479f-b046-41e0-852c-b02ab1601097,ID202811,CID-172,CA-0309,2026-03-30,2026-04-29,6957.54,USD,SampleGen
INV-5a045ec5-feda-40fd-a4e6-7a04debb99ba,ID202812,CID-172,CA-0309,2026-03-15,2026-04-14,2526.9,USD,SampleGen
INV-cd023c11-5294-4cf2-a855-0805315ff20e,ID202813,CID-172,CA-0309,2026-03-29,2026-04-28,4167.68,USD,SampleGen
INV-39db3906-a3db-4f27-aefc-7dca65c5d0f7,ID202814,CID-172,CA-0309,2026-03-30,2026-04-29,792.68,USD,SampleGen
INV-e561f8ba-831d-4e8c-932b-b254286aa3c5,ID202815,CID-172,CA-0309,2026-03-02,2026-04-01,3330.26,USD,SampleGen
INV-1b6c25f6-e01a-4c0a-b0ca-705310d23da0,ID202816,CID-173,CA-0311,2025-06-04,2025-07-04,2704.86,USD,SampleGen
INV-6f63f478-374b-4242-b504-85535cc2addf,ID202817,CID-173,CA-0311,2025-07-02,2025-08-01,724.92,USD,SampleGen
INV-63e76c3d-0ca0-4adb-b1a3-4d1dc61c92ce,ID202818,CID-173,CA-0311,2025-07-11,2025-08-10,1399.08,USD,SampleGen
INV-2d09a201-f63c-428a-bea6-3a47391e5f1c,ID202819,CID-173,CA-0311,2025-08-04,2025-09-03,958.12,USD,SampleGen
INV-69d1e24b-0dd0-4b40-89e2-571f24e82408,ID202820,CID-173,CA-0311,2025-08-21,2025-09-20,360.3,USD,SampleGen
INV-aedef281-0641-419f-abc2-3d57347944cf,ID202821,CID-173,CA-0311,2025-11-06,2025-12-06,1818.74,USD,SampleGen
INV-f482325c-5d70-43ef-bd85-68454ead36a1,ID202822,CID-173,CA-0311,2025-12-27,2026-01-26,572.26,USD,SampleGen
INV-6dd7164f-dd2a-4294-827f-284868c4dd54,ID202823,CID-173,CA-0311,2025-12-10,2026-01-09,4612.96,USD,SampleGen
INV-c32c25c1-a526-407d-96c1-7a465da4db00,ID202824,CID-173,CA-0311,2026-01-20,2026-02-19,519.32,USD,SampleGen
INV-ee390967-9ee8-4fc4-8d33-a0c9659ff072,ID202825,CID-173,CA-0311,2026-01-30,2026-03-01,903.1,USD,SampleGen
INV-285d3455-0db3-440f-ae07-99754f08bd2b,ID202826,CID-173,CA-0311,2026-02-14,2026-03-16,3663.12,USD,SampleGen
INV-99ea77ef-2625-4e49-9c1e-ad48858a3728,ID202827,CID-173,CA-0311,2026-02-15,2026-03-17,2552.24,USD,SampleGen
INV-8aa2cf02-e1ef-4ca5-8b63-6bdae932661d,ID202828,CID-173,CA-0311,2026-03-23,2026-04-22,903.0,USD,SampleGen
INV-c5994e97-216f-46af-998b-2bc0b109e251,ID202829,CID-173,CA-0311,2026-03-29,2026-04-28,3540.24,USD,SampleGen
INV-8506b260-a03c-4d56-9d41-00784609d966,ID202830,CID-173,CA-0311,2026-03-17,2026-04-16,2230.08,USD,SampleGen
INV-668f3245-5746-42b2-a70d-8b8abf758565,ID202831,CID-174,CA-0313,2025-06-30,2025-07-30,1856.96,USD,SampleGen
INV-3ca0e6b7-03eb-4e3e-9a6b-50a15443c17e,ID202832,CID-174,CA-0313,2025-07-30,2025-08-29,758.78,USD,SampleGen
INV-21e63279-7e57-46f7-8513-53ddfb3f1add,ID202833,CID-174,CA-0313,2025-07-05,2025-08-04,682.5,USD,SampleGen
INV-4c83213f-c9f8-4510-8414-86e24dc4722f,ID202834,CID-174,CA-0313,2025-08-26,2025-09-25,1890.88,USD,SampleGen
INV-f1416d68-39bc-4a54-a702-2b04a9f72dca,ID202835,CID-174,CA-0313,2025-09-01,2025-10-01,500.2,USD,SampleGen
INV-4ff1f84c-3f8c-460d-b15b-a81a9846cf00,ID202836,CID-174,CA-0313,2025-08-18,2025-09-17,2395.38,USD,SampleGen
INV-3958f6f0-63c2-4f05-b278-35fd3c8ac678,ID202837,CID-174,CA-0313,2025-10-01,2025-10-31,1708.5,USD,SampleGen
INV-db0d7382-2745-490c-843b-99c8ff9fadb1,ID202838,CID-174,CA-0313,2025-11-27,2025-12-27,1415.98,USD,SampleGen
INV-afe9ede1-cc9f-49c5-b813-efe0d213e423,ID202839,CID-174,CA-0313,2025-12-07,2026-01-06,3006.02,USD,SampleGen
INV-ac3524c6-a540-4b29-9a91-25bf30a5c668,ID202840,CID-174,CA-0313,2025-12-31,2026-01-30,1445.6,USD,SampleGen
INV-05a5f9c6-eeb9-4011-ac85-cf460e729bda,ID202841,CID-174,CA-0313,2026-01-21,2026-02-20,538.42,USD,SampleGen
INV-ea5ac290-66b8-4793-895e-718c8454aa6b,ID202842,CID-174,CA-0313,2026-01-10,2026-02-09,2268.26,USD,SampleGen
INV-964c201a-28a1-4d6c-bfdf-918c763aa582,ID202843,CID-174,CA-0313,2026-02-10,2026-03-12,1017.46,USD,SampleGen
INV-8a253671-3282-43f4-8bb6-be4631360d35,ID202844,CID-174,CA-0313,2026-02-16,2026-03-18,1784.9,USD,SampleGen
INV-c1d87861-354e-440d-9107-84dc3c0e5806,ID202845,CID-174,CA-0313,2026-02-18,2026-03-20,1954.46,USD,SampleGen
INV-8b13e769-91e9-44c8-b4a8-ddd7d6d7641c,ID202846,CID-174,CA-0313,2026-02-21,2026-03-23,1861.18,USD,SampleGen
INV-f40efe08-fa52-4b4b-a311-a75db7fb39be,ID202847,CID-174,CA-0313,2026-03-24,2026-04-23,3892.16,USD,SampleGen
INV-a8526b65-2006-4dda-a65e-ad9847f56a6b,ID202848,CID-174,CA-0313,2026-03-19,2026-04-18,5628.34,USD,SampleGen
INV-6447eaa1-8ccb-494a-b785-bd0eac5ac41c,ID202849,CID-174,CA-0313,2026-03-10,2026-04-09,2111.3,USD,SampleGen
INV-21fc377d-ea10-4231-96c7-f992f8aafc37,ID202850,CID-175,CA-1501,2025-07-10,2025-08-09,3565.62,USD,SampleGen
INV-18636a08-5b80-4c85-b972-dafd790beca1,ID202851,CID-175,CA-1501,2025-10-07,2025-11-06,5789.46,USD,SampleGen
INV-59cdeec2-a127-4d22-a94a-70beae15b626,ID202852,CID-175,CA-1501,2025-11-19,2025-12-19,5757.68,USD,SampleGen
INV-49ff1682-2075-4ead-ab1e-f06d3737f4ba,ID202853,CID-175,CA-1501,2025-12-30,2026-01-29,1488.06,USD,SampleGen
INV-48f0e7a1-3999-4e38-88dc-b3e005a58c75,ID202854,CID-175,CA-1501,2026-02-06,2026-03-08,4362.8,USD,SampleGen
INV-921b6ef0-eb87-45ab-b6e4-06d542c9d85f,ID202855,CID-175,CA-1501,2026-03-31,2026-04-30,5075.02,USD,SampleGen
INV-5b561445-76e0-45b8-a4c1-8f1aa343b81a,ID202856,CID-176,CA-0316,2025-06-07,2025-07-07,826.68,USD,SampleGen
INV-dcdb6084-df6c-4fe2-9b4d-e6e75ed00a71,ID202857,CID-176,CA-0316,2025-07-05,2025-08-04,1526.22,USD,SampleGen
INV-b2c5e280-4250-44b5-977a-e3104b54a138,ID202858,CID-176,CA-0316,2025-07-29,2025-08-28,2083.74,USD,SampleGen
INV-8487d090-dd73-4fde-b3d5-318a4eb5281d,ID202859,CID-176,CA-0316,2025-08-27,2025-09-26,2490.74,USD,SampleGen
INV-d7436985-ba3c-4ce2-9be1-5526c4b96e06,ID202860,CID-176,CA-0316,2025-08-19,2025-09-18,4303.36,USD,SampleGen
INV-2693fe7c-27e5-4df4-9965-f59e34088faa,ID202861,CID-176,CA-0316,2025-09-20,2025-10-20,1165.8,USD,SampleGen
INV-39af3bac-5928-4d92-8da7-7b8026caf7ad,ID202862,CID-176,CA-0316,2025-10-06,2025-11-05,1992.56,USD,SampleGen
INV-feb97151-709b-4d40-a36f-6a0e0a977045,ID202863,CID-176,CA-0316,2025-11-09,2025-12-09,756.72,USD,SampleGen
INV-856d7464-cce6-4831-9bbf-ce036a774870,ID202864,CID-176,CA-0316,2025-12-04,2026-01-03,250.08,USD,SampleGen
INV-7e968e32-c2a3-45dd-938b-d9beefc2a23f,ID202865,CID-176,CA-0316,2026-01-08,2026-02-07,267.02,USD,SampleGen
INV-bca63339-f564-455e-84b6-10a147a398d3,ID202866,CID-176,CA-0316,2026-02-18,2026-03-20,3184.02,USD,SampleGen
INV-150eda8d-f624-4f6a-9520-1f0f9456d563,ID202867,CID-176,CA-0316,2026-02-03,2026-03-05,3917.64,USD,SampleGen
INV-e7c939f4-e968-48f9-a971-b9f3b261ece2,ID202868,CID-176,CA-0316,2026-03-11,2026-04-10,3290.08,USD,SampleGen
INV-ac9062d5-b7c6-4438-b809-caa897e8d072,ID202869,CID-176,CA-0316,2026-03-04,2026-04-03,3090.86,USD,SampleGen
INV-b71388b4-3ad1-49f6-852f-dfc4ed575290,ID202870,CID-176,CA-0316,2026-03-07,2026-04-06,729.14,USD,SampleGen
INV-6e48de40-3f9a-4d77-9d85-0baa29995b7a,ID202871,CID-176,CA-0316,2026-03-27,2026-04-26,4947.82,USD,SampleGen
INV-21a27d34-d00b-4928-9c65-3e75d4a1e02c,ID202872,CID-177,CA-0318,2025-06-11,2025-07-11,2904.26,USD,SampleGen
INV-50398498-9790-4502-a853-6cbdf04223b2,ID202873,CID-177,CA-0318,2025-07-13,2025-08-12,2297.8,USD,SampleGen
INV-1dc05216-2965-4afd-9d84-14d11dd55e35,ID202874,CID-177,CA-0318,2025-08-12,2025-09-11,1820.94,USD,SampleGen
INV-3b3c58ec-96fc-484a-90b5-be03ec85fb03,ID202875,CID-177,CA-0318,2025-09-28,2025-10-28,7419.8,USD,SampleGen
INV-3556fde6-0d9c-45e6-ab09-96698341e3df,ID202876,CID-177,CA-0318,2025-11-10,2025-12-10,432.38,USD,SampleGen
INV-a20ee840-52ce-41db-b720-3fadf71a7eac,ID202877,CID-177,CA-0318,2025-12-10,2026-01-09,4044.78,USD,SampleGen
INV-6b5e9364-ef05-4241-b98a-713bf323cfa6,ID202878,CID-177,CA-0318,2025-12-21,2026-01-20,864.84,USD,SampleGen
INV-5fee085b-caa2-4cbf-96fa-d89e9e5f2088,ID202879,CID-177,CA-0318,2026-01-04,2026-02-03,7364.68,USD,SampleGen
INV-3c142059-1cb7-4491-abf9-fd98eb53ed8b,ID202880,CID-177,CA-0318,2026-02-23,2026-03-25,3205.26,USD,SampleGen
INV-ecea6f2f-fa6d-44d1-b275-55613235f933,ID202881,CID-177,CA-0318,2026-02-23,2026-03-25,1905.74,USD,SampleGen
INV-5331de21-1830-4af8-bdc6-71d5a34261d8,ID202882,CID-177,CA-0318,2026-03-15,2026-04-14,1774.28,USD,SampleGen
INV-3e9df1f4-779e-41b5-b3c5-7526851b4076,ID202883,CID-177,CA-0318,2026-03-23,2026-04-22,2522.54,USD,SampleGen
INV-f562399b-e8ed-4e89-a7f2-05eeea2a8177,ID202884,CID-177,CA-0318,2026-03-07,2026-04-06,3504.18,USD,SampleGen
INV-55cc1a60-378d-44ae-b284-853eef63f2a5,ID202885,CID-178,CA-0320,2025-06-10,2025-07-10,2196.2,USD,SampleGen
INV-e6874e50-f408-4a6f-8b62-6711e0d54506,ID202886,CID-178,CA-0320,2025-07-04,2025-08-03,707.88,USD,SampleGen
INV-deafc176-04c2-4eea-a442-f280aba6b9f2,ID202887,CID-178,CA-0320,2025-08-15,2025-09-14,805.38,USD,SampleGen
INV-ef848150-784b-4fc9-a971-77d4d8c009bd,ID202888,CID-178,CA-0320,2025-08-04,2025-09-03,362.38,USD,SampleGen
INV-f7689201-2b97-494e-bce8-dd243767aac5,ID202889,CID-178,CA-0320,2025-09-17,2025-10-17,1080.92,USD,SampleGen
INV-f47fefd0-5b21-4dc0-9b82-2328dec98a67,ID202890,CID-178,CA-0320,2025-10-19,2025-11-18,1810.28,USD,SampleGen
INV-030d5448-0626-43c0-8513-e9f78e978041,ID202891,CID-178,CA-0320,2025-12-04,2026-01-03,886.04,USD,SampleGen
INV-de80c26d-8b82-416e-9990-06871b475138,ID202892,CID-178,CA-0320,2026-01-08,2026-02-07,1178.5,USD,SampleGen
INV-71751d28-2f39-4ca5-8357-0d9f7b5a53e2,ID202893,CID-178,CA-0320,2026-02-14,2026-03-16,3667.42,USD,SampleGen
INV-dade22ab-efdb-4486-9052-6c00cb344026,ID202894,CID-178,CA-0320,2026-02-03,2026-03-05,1047.1,USD,SampleGen
INV-586487da-a91b-441d-8f34-c893f88631b4,ID202895,CID-178,CA-0320,2026-03-05,2026-04-04,644.36,USD,SampleGen
INV-0d41a34f-b797-4298-a2b7-c101a87a3f98,ID202896,CID-178,CA-0320,2026-03-21,2026-04-20,1543.22,USD,SampleGen
INV-ad8968b6-22ee-40db-8419-5bc95e9d823f,ID202897,CID-179,CA-0321,2025-06-16,2025-07-16,591.3,USD,SampleGen
INV-4333ce31-e5c3-496b-a36c-367aafcc0f48,ID202898,CID-179,CA-0321,2025-08-13,2025-09-12,720.7,USD,SampleGen
INV-66b1804e-cd56-40ca-a903-06ea313a7347,ID202899,CID-179,CA-0321,2025-09-17,2025-10-17,3529.58,USD,SampleGen
INV-c2d08382-0eac-4e8c-9ac6-8c59826046fc,ID202900,CID-179,CA-0321,2025-10-03,2025-11-02,2018.12,USD,SampleGen
INV-8f16ec5f-0acc-42f1-b7c4-436fb7b2522a,ID202901,CID-179,CA-0321,2025-11-07,2025-12-07,2976.3,USD,SampleGen
INV-9f9ab9e3-ea79-4770-871e-590568cb4d35,ID202902,CID-179,CA-0321,2025-12-17,2026-01-16,1144.68,USD,SampleGen
INV-1d7f35c4-9f90-491e-b7db-1b21d080e4ef,ID202903,CID-179,CA-0321,2026-02-17,2026-03-19,894.38,USD,SampleGen
INV-fffd202e-09c9-4a33-b611-2bf6fced8114,ID202904,CID-179,CA-0321,2026-03-25,2026-04-24,504.42,USD,SampleGen
INV-d324a725-5c1a-4a54-9edc-170d331f53a6,ID202905,CID-180,CA-0323,2025-06-27,2025-07-27,4729.46,USD,SampleGen
INV-28c44fcf-f607-4023-96b2-73a5b4f10f5a,ID202906,CID-180,CA-0323,2025-08-07,2025-09-06,1064.06,USD,SampleGen
INV-34527a4d-1c21-479b-962c-8b42cd5d1079,ID202907,CID-180,CA-0323,2025-08-17,2025-09-16,245.84,USD,SampleGen
INV-70483d0c-a58e-4c3b-b7d2-5ea7bd30744a,ID202908,CID-180,CA-0323,2025-12-29,2026-01-28,2327.54,USD,SampleGen
INV-381b0ae9-e75f-4e16-bcc2-c50e060ca3cf,ID202909,CID-180,CA-0323,2026-01-30,2026-03-01,521.44,USD,SampleGen
INV-6f4c6c5d-5936-4828-becb-731f329e041a,ID202910,CID-180,CA-0323,2026-02-27,2026-03-29,6079.9,USD,SampleGen
INV-5e62b273-16fd-4730-849c-0a200899e731,ID202911,CID-180,CA-0323,2026-03-06,2026-04-05,462.06,USD,SampleGen
INV-f790c3d2-7628-4ea9-bad3-53b5b42be214,ID202912,CID-180,CA-0323,2026-03-08,2026-04-07,960.1,USD,SampleGen
INV-1b6dd046-4c45-494b-8fb1-714cad5c1781,ID202913,CID-181,CA-0325,2025-08-17,2025-09-16,2187.76,USD,SampleGen
INV-bbb8cfdb-e800-4b77-a412-a43edeaf5eb4,ID202914,CID-181,CA-0325,2026-02-15,2026-03-17,3446.96,USD,SampleGen
INV-5537cc45-5007-4155-ae79-ec8c410c60df,ID202915,CID-181,CA-0325,2026-03-29,2026-04-28,1644.8,USD,SampleGen
INV-66fcefd0-6ca1-458f-8287-d5e3a1f53985,ID202916,CID-182,CA-0327,2025-07-28,2025-08-27,2849.18,USD,SampleGen
INV-f1ca91d1-2469-4437-a2c2-42a0cd2e7bfc,ID202917,CID-182,CA-0327,2025-08-27,2025-09-26,563.72,USD,SampleGen
INV-f4a3b7b9-3a93-4f24-b7ce-0094269ca907,ID202918,CID-182,CA-0327,2025-11-03,2025-12-03,1517.78,USD,SampleGen
INV-386da130-8216-4b93-b1b6-ad2ad35c19f3,ID202919,CID-182,CA-0327,2025-12-24,2026-01-23,565.94,USD,SampleGen
INV-a08df62e-51f0-4027-b15c-835baec919ef,ID202920,CID-182,CA-0327,2026-02-02,2026-03-04,1117.06,USD,SampleGen
INV-8b7f6f7d-87e7-4516-be79-99f93bf7816c,ID202921,CID-182,CA-0327,2026-03-31,2026-04-30,1348.22,USD,SampleGen
INV-29387f04-3549-4998-af76-b6d2ef15203f,ID202922,CID-182,CA-0327,2026-03-19,2026-04-18,4383.96,USD,SampleGen
INV-8e4ac56d-ea64-4011-a9ac-5dccaf0ea42a,ID202923,CID-183,CA-0329,2025-08-16,2025-09-15,364.52,USD,SampleGen
INV-c5ebc716-6482-4593-ae33-ae652ffdb694,ID202924,CID-183,CA-0329,2025-10-21,2025-11-20,2119.82,USD,SampleGen
INV-4de446fb-e7b5-43ea-b3ff-2ad0d312f69a,ID202925,CID-183,CA-0329,2025-12-16,2026-01-15,635.84,USD,SampleGen
INV-04edc684-469a-4162-a9ba-0b6ccae84e32,ID202926,CID-183,CA-0329,2026-01-30,2026-03-01,237.38,USD,SampleGen
INV-ed426e0e-2647-4b46-9b90-9677dc37558a,ID202927,CID-183,CA-0329,2026-02-23,2026-03-25,3578.34,USD,SampleGen
INV-75d489c3-1dc0-4315-b02f-aeca3a724e72,ID202928,CID-183,CA-0329,2026-03-05,2026-04-04,6404.32,USD,SampleGen
INV-75c1b8b1-0786-4d28-bf80-7dfd2d52411a,ID202929,CID-184,CA-1502,2025-06-21,2025-07-21,502.32,USD,SampleGen
INV-c0ad3aef-cca5-4fb6-bd74-0dfc6c07546c,ID202930,CID-184,CA-1502,2025-06-15,2025-07-15,707.86,USD,SampleGen
INV-5787c2e4-55a5-4c1c-ab01-c3c7418727c9,ID202931,CID-184,CA-1502,2025-07-15,2025-08-14,1237.96,USD,SampleGen
INV-2aebe9a2-f685-41bf-bcd1-0a21514f63f0,ID202932,CID-184,CA-1502,2025-07-29,2025-08-28,2374.24,USD,SampleGen
INV-46f5038e-61f0-4572-9e98-020fdbbe909f,ID202933,CID-184,CA-1502,2025-07-16,2025-08-15,627.4,USD,SampleGen
INV-0e7115be-d863-475b-86b3-aaaf786a3ef7,ID202934,CID-184,CA-1502,2025-08-28,2025-09-27,996.2,USD,SampleGen
INV-1979b68c-1d74-44ec-a7e3-76cf1e314c85,ID202935,CID-184,CA-1502,2025-08-26,2025-09-25,1212.46,USD,SampleGen
INV-bec7f213-1f0f-49db-a382-15c7cf30a3ba,ID202936,CID-184,CA-1502,2025-08-24,2025-09-23,3446.96,USD,SampleGen
INV-2e89a6d0-f1b5-4cd9-b427-0edaa8d4e6ef,ID202937,CID-184,CA-1502,2025-09-25,2025-10-25,1008.98,USD,SampleGen
INV-5a9bfed5-495f-46fc-a5ab-554144d2d9f7,ID202938,CID-184,CA-1502,2025-10-08,2025-11-07,4578.96,USD,SampleGen
INV-a0150f11-c43e-4a39-a2f6-1e925b9fef95,ID202939,CID-184,CA-1502,2025-11-28,2025-12-28,635.84,USD,SampleGen
INV-9dfa5adb-4d61-4ef9-a1d8-d51eda0fe8c4,ID202940,CID-184,CA-1502,2025-12-31,2026-01-30,958.12,USD,SampleGen
INV-27953c41-ed5a-4562-b10e-cdf9ca3c8b53,ID202941,CID-184,CA-1502,2025-12-21,2026-01-20,1538.84,USD,SampleGen
INV-20e99783-9090-46fc-addf-0936209f23e0,ID202942,CID-184,CA-1502,2026-01-01,2026-01-31,4627.78,USD,SampleGen
INV-98ee241e-bb5f-467a-82f0-f499f72b4c12,ID202943,CID-184,CA-1502,2026-01-12,2026-02-11,3951.46,USD,SampleGen
INV-f4df5d24-de1d-4362-aace-1a49ba23ca6e,ID202944,CID-184,CA-1502,2026-01-07,2026-02-06,1873.82,USD,SampleGen
INV-0cb2776e-c7ff-43c8-9fe8-fd90b909ee33,ID202945,CID-184,CA-1502,2026-01-21,2026-02-20,905.08,USD,SampleGen
INV-2c3bfb3c-ef97-4cc9-b665-c0182b57b926,ID202946,CID-184,CA-1502,2026-02-27,2026-03-29,2378.54,USD,SampleGen
INV-fdf27599-cb96-406f-8c4a-0ee6dcc94090,ID202947,CID-184,CA-1502,2026-02-25,2026-03-27,423.84,USD,SampleGen
INV-d01c8a74-e30f-42e3-8716-bc154052d248,ID202948,CID-184,CA-1502,2026-02-03,2026-03-05,6999.98,USD,SampleGen
INV-bd95c4c1-8245-4d69-bf01-a43e9ac5ee2f,ID202949,CID-184,CA-1502,2026-03-01,2026-03-31,1263.28,USD,SampleGen
INV-b495ac17-eb1d-48a5-8302-c0733f6d1008,ID202950,CID-184,CA-1502,2026-02-27,2026-03-29,1558.0,USD,SampleGen
INV-0cc62603-c54f-44ef-8e45-bcd71e8e0ef8,ID202951,CID-184,CA-1502,2026-03-04,2026-04-03,1335.46,USD,SampleGen
INV-8a146c41-df24-463f-a9c2-b2c93f46ae3f,ID202952,CID-184,CA-1502,2026-03-02,2026-04-01,1195.56,USD,SampleGen
INV-948e3abd-69b6-4fc5-ae37-c9da4252981b,ID202953,CID-184,CA-1502,2026-03-29,2026-04-28,741.78,USD,SampleGen
INV-9e8ae87c-cae6-4aff-80c8-7a0c1ea2edc6,ID202954,CID-184,CA-1502,2026-03-14,2026-04-13,633.72,USD,SampleGen
INV-3122d346-7147-43c7-b12f-bd6e20ec00f7,ID202955,CID-184,CA-1502,2026-03-23,2026-04-22,2427.12,USD,SampleGen
INV-064e140b-8f6e-46b5-a0f9-dd421d514735,ID202956,CID-185,CA-0332,2025-06-20,2025-07-20,5539.3,USD,SampleGen
INV-9bb05f80-55db-44d5-a10c-76977ab853f0,ID202957,CID-185,CA-0332,2025-07-09,2025-08-08,3029.28,USD,SampleGen
INV-e8d4077f-99b0-4d91-9642-e8b3211909da,ID202958,CID-185,CA-0332,2025-07-24,2025-08-23,1087.38,USD,SampleGen
INV-e3d671d2-cd87-453f-b7c5-7c0957a2c009,ID202959,CID-185,CA-0332,2025-08-09,2025-09-08,2098.7,USD,SampleGen
INV-8792c21f-b445-4368-9954-5f3e8ae0b759,ID202960,CID-185,CA-0332,2025-09-01,2025-10-01,1131.9,USD,SampleGen
INV-6bba12d4-6f55-4322-a8dd-a2435b5b9f3e,ID202961,CID-185,CA-0332,2025-09-30,2025-10-30,2427.14,USD,SampleGen
INV-edcfe124-2e57-46b2-8abc-04b128338f03,ID202962,CID-185,CA-0332,2025-10-10,2025-11-09,1006.78,USD,SampleGen
INV-0874c77b-ad7d-44da-83bc-e173aa736606,ID202963,CID-185,CA-0332,2025-11-11,2025-12-11,1888.62,USD,SampleGen
INV-6438f264-2e6b-40eb-bcc6-d9d6fb024cdb,ID202964,CID-185,CA-0332,2025-11-23,2025-12-23,3858.24,USD,SampleGen
INV-c685a1f5-850f-4da8-82a7-7dac08cc143a,ID202965,CID-185,CA-0332,2025-12-21,2026-01-20,1678.86,USD,SampleGen
INV-ec881c97-a3cd-42ab-bda2-06ebf5ed91d2,ID202966,CID-185,CA-0332,2025-12-19,2026-01-18,4345.76,USD,SampleGen
INV-6297497a-abd6-42e3-b8e2-603e2552544e,ID202967,CID-185,CA-0332,2026-01-13,2026-02-12,4515.5,USD,SampleGen
INV-670b9835-1e5a-48e6-946b-c3adea1d6dd8,ID202968,CID-185,CA-0332,2026-01-09,2026-02-08,1992.6,USD,SampleGen
INV-364e2c20-b25b-422e-a7cf-0770ed9733a1,ID202969,CID-185,CA-0332,2026-02-12,2026-03-14,1284.52,USD,SampleGen
INV-20086b57-3538-4d6c-9a6e-f26b9514ea05,ID202970,CID-185,CA-0332,2026-02-27,2026-03-29,294.58,USD,SampleGen
INV-8907db0e-5f30-4160-8661-504bc2fa1462,ID202971,CID-185,CA-0332,2026-02-05,2026-03-07,2001.16,USD,SampleGen
INV-a18b1214-6161-464d-a1cd-21848d51c52c,ID202972,CID-185,CA-0332,2026-03-21,2026-04-20,5361.18,USD,SampleGen
INV-4169cf8a-8f26-4938-8881-9bc84d9ee367,ID202973,CID-185,CA-0332,2026-03-18,2026-04-17,4169.82,USD,SampleGen
INV-1d34c103-d24f-40ae-9da2-cb0e3c526bcc,ID202974,CID-185,CA-0332,2026-03-06,2026-04-05,3909.12,USD,SampleGen
INV-7d830a00-5116-4d52-8327-3c9ead2d9f9c,ID202975,CID-185,CA-0332,2026-03-18,2026-04-17,580.78,USD,SampleGen
INV-d86eda37-8142-4315-9d11-4534760792f3,ID202976,CID-185,CA-0332,2026-03-05,2026-04-04,911.46,USD,SampleGen
INV-7c226fbd-81c7-4d83-98ea-7f63d427f54c,ID202977,CID-186,CA-0334,2025-06-02,2025-07-02,1420.26,USD,SampleGen
INV-66bc16d5-34c2-4c22-bab9-1d832366fd69,ID202978,CID-186,CA-0334,2025-07-10,2025-08-09,1568.68,USD,SampleGen
INV-50780163-6406-4c40-aa08-fa26bf9e8bc3,ID202979,CID-186,CA-0334,2025-08-10,2025-09-09,1000.56,USD,SampleGen
INV-7b078226-e143-47dc-8643-cd5f9e625340,ID202980,CID-186,CA-0334,2025-11-30,2025-12-30,2526.8,USD,SampleGen
INV-7f0e6bb1-0754-494e-8c45-5b09907a1a3e,ID202981,CID-186,CA-0334,2025-12-03,2026-01-02,2501.48,USD,SampleGen
INV-a44349e0-59c4-4edc-95ec-9ccf7bd5a1ff,ID202982,CID-186,CA-0334,2025-12-20,2026-01-19,4763.42,USD,SampleGen
INV-50d7db12-9d9d-4505-8380-0ac5daa7552a,ID202983,CID-186,CA-0334,2026-01-24,2026-02-23,3076.0,USD,SampleGen
INV-33e3ab65-239d-4b0f-b924-179eb9c2e3d0,ID202984,CID-186,CA-0334,2026-02-02,2026-03-04,5628.42,USD,SampleGen
INV-492c5f6e-e019-4750-8ebe-1a570fce5e63,ID202985,CID-186,CA-0334,2026-02-18,2026-03-20,1237.94,USD,SampleGen
INV-3dab3d87-1c9a-4e26-810c-59aa512ad4fa,ID202986,CID-186,CA-0334,2026-03-02,2026-04-01,5295.54,USD,SampleGen
INV-4f945de5-82ba-48e3-a21d-6071d208cc9b,ID202987,CID-186,CA-0334,2026-04-01,2026-05-01,1335.48,USD,SampleGen
INV-d8734029-6223-4931-9fdf-6bf587853f40,ID202988,CID-186,CA-0334,2026-03-17,2026-04-16,3224.36,USD,SampleGen
INV-2789bdf7-cfe5-463a-97a3-6bcf0d837f9e,ID202989,CID-187,CA-0336,2025-06-08,2025-07-08,529.88,USD,SampleGen
INV-2d1da6ce-dc91-4900-b49a-600a5264f207,ID202990,CID-187,CA-0336,2025-07-31,2025-08-30,735.4,USD,SampleGen
INV-0ad38ffd-d1e3-4bee-a8b5-936f15d01040,ID202991,CID-187,CA-0336,2025-08-07,2025-09-06,417.54,USD,SampleGen
INV-de66c70d-f18e-4ced-ad86-6dd38f0babf2,ID202992,CID-187,CA-0336,2025-08-21,2025-09-20,5414.28,USD,SampleGen
INV-55c9c25c-22b3-4f68-98e9-ed2f34194f5f,ID202993,CID-187,CA-0336,2025-10-13,2025-11-12,5418.6,USD,SampleGen
INV-6c91567b-10e9-4920-9f10-27d85b9ca304,ID202994,CID-187,CA-0336,2025-11-07,2025-12-07,856.32,USD,SampleGen
INV-27f1f84b-c08c-481c-933a-9659c4b83915,ID202995,CID-187,CA-0336,2025-12-18,2026-01-17,1903.62,USD,SampleGen
INV-368cf2ea-5701-42b9-b4f7-9cce71a90a38,ID202996,CID-187,CA-0336,2025-12-20,2026-01-19,868.92,USD,SampleGen
INV-35c4c8ac-e397-4187-9012-ba49c558b03e,ID202997,CID-187,CA-0336,2026-01-15,2026-02-14,474.76,USD,SampleGen
INV-bc1bbb10-07ef-42d1-a6eb-68225d2acaf8,ID202998,CID-187,CA-0336,2026-02-10,2026-03-12,4752.84,USD,SampleGen
INV-7f6b8e89-600c-4de2-993d-0582880dea29,ID202999,CID-187,CA-0336,2026-02-11,2026-03-13,627.4,USD,SampleGen
INV-944b0c8f-84c0-4c86-a470-92b28fc3c7fb,ID203000,CID-187,CA-0336,2026-02-14,2026-03-16,1356.64,USD,SampleGen
INV-b4b88c46-7476-406f-8213-75d16c3e103e,ID203001,CID-187,CA-0336,2026-03-02,2026-04-01,2598.86,USD,SampleGen
INV-028c54e0-e8f0-4984-a3f0-e53e3c0f1c26,ID203002,CID-187,CA-0336,2026-03-18,2026-04-17,3213.68,USD,SampleGen
INV-357c7947-f396-4598-93db-4978fcdfdaa9,ID203003,CID-187,CA-0336,2026-03-22,2026-04-21,2545.86,USD,SampleGen
INV-2012bf6a-c97f-4b7d-a795-2a8e8580851b,ID203004,CID-188,CA-0338,2025-06-02,2025-07-02,2085.96,USD,SampleGen
INV-202965f1-203e-4896-b958-beeba4232c9c,ID203005,CID-188,CA-0338,2025-07-24,2025-08-23,593.48,USD,SampleGen
INV-25a3f869-9fde-480b-bd2b-43d33c85f69c,ID203006,CID-188,CA-0338,2025-07-04,2025-08-03,4235.56,USD,SampleGen
INV-b6082e9a-9bc5-45b0-a1cc-6c33966b7be7,ID203007,CID-188,CA-0338,2025-09-01,2025-10-01,1076.76,USD,SampleGen
INV-5e45addc-0ea6-46cb-a629-dc5765ed5e3e,ID203008,CID-188,CA-0338,2025-08-22,2025-09-21,4112.64,USD,SampleGen
INV-db23dcd2-8b17-4b18-9b67-5b4c3701d799,ID203009,CID-188,CA-0338,2025-08-04,2025-09-03,648.52,USD,SampleGen
INV-a471a650-9de9-4e12-b5ea-2548488986ae,ID203010,CID-188,CA-0338,2025-10-05,2025-11-04,510.82,USD,SampleGen
INV-6f935415-ad3f-4422-ad5a-26076d75f5fc,ID203011,CID-188,CA-0338,2025-10-03,2025-11-02,1017.46,USD,SampleGen
INV-2b3ed278-28c7-427e-ba2b-55f0d0b590eb,ID203012,CID-188,CA-0338,2025-11-09,2025-12-09,1500.84,USD,SampleGen
INV-a712693f-4a03-4bd8-bb25-2ec56de9c4da,ID203013,CID-188,CA-0338,2025-12-18,2026-01-17,4371.16,USD,SampleGen
INV-dc0818cd-f76e-49c3-8114-a3f02e864e35,ID203014,CID-188,CA-0338,2026-01-01,2026-01-31,1992.68,USD,SampleGen
INV-42e67305-f25a-4e48-b369-b154ff157557,ID203015,CID-188,CA-0338,2025-12-07,2026-01-06,2009.52,USD,SampleGen
INV-ca671889-fb17-45ed-9137-339ea5712fe1,ID203016,CID-188,CA-0338,2026-01-08,2026-02-07,854.16,USD,SampleGen
INV-1a0e980a-5857-4778-bef9-dc7f505d186e,ID203017,CID-188,CA-0338,2026-01-12,2026-02-11,6433.98,USD,SampleGen
INV-f4bc3280-f1c0-4735-b43c-79b78ba40f1b,ID203018,CID-188,CA-0338,2026-02-07,2026-03-09,2098.7,USD,SampleGen
INV-d3fabfff-2ede-4f7c-a4f1-c15913400239,ID203019,CID-188,CA-0338,2026-02-09,2026-03-11,4561.92,USD,SampleGen
INV-dd1fd648-7604-4f9f-ba04-796d4122f244,ID203020,CID-188,CA-0338,2026-02-02,2026-03-04,455.66,USD,SampleGen
INV-e07ff869-744f-4c12-9728-6465d86ac033,ID203021,CID-188,CA-0338,2026-03-01,2026-03-31,2045.58,USD,SampleGen
INV-246f0135-4d31-48a9-95f5-470aafe4f661,ID203022,CID-188,CA-0338,2026-03-30,2026-04-29,3858.24,USD,SampleGen
INV-1a1ede45-d272-4921-b6e2-aefc166e3143,ID203023,CID-188,CA-0338,2026-03-22,2026-04-21,1358.68,USD,SampleGen
INV-ec3446fe-ebb3-42a1-ba0c-3c6318c2b7dc,ID203024,CID-188,CA-0338,2026-03-27,2026-04-26,2696.4,USD,SampleGen
INV-133126dd-4f90-46d4-87bb-97d01201c60a,ID203025,CID-188,CA-0338,2026-03-29,2026-04-28,2340.32,USD,SampleGen
INV-30d11724-d98d-47fa-a36b-5dfd3371069a,ID203026,CID-188,CA-0338,2026-03-13,2026-04-12,555.34,USD,SampleGen
INV-2625cef9-b252-4dca-8610-e16ff3237d1f,ID203027,CID-189,CA-0340,2025-07-22,2025-08-21,3247.6,USD,SampleGen
INV-b613b96f-1e2a-4b34-b81c-684032062e96,ID203028,CID-189,CA-0340,2025-08-18,2025-09-17,2518.38,USD,SampleGen
INV-68f524f3-d573-48de-8041-1230f93ecf0c,ID203029,CID-189,CA-0340,2025-08-23,2025-09-22,1560.22,USD,SampleGen
INV-d6cc9925-4b80-4fd4-a16b-68a3e099a1d5,ID203030,CID-189,CA-0340,2025-09-20,2025-10-20,2357.2,USD,SampleGen
INV-32d93fa1-5c0b-43e2-ac1d-93afc980d78c,ID203031,CID-189,CA-0340,2025-10-02,2025-11-01,807.5,USD,SampleGen
INV-6f951f17-7aac-4885-94f5-45422829e6b5,ID203032,CID-189,CA-0340,2025-11-04,2025-12-04,3029.28,USD,SampleGen
INV-4beaa7fe-477a-4a24-8367-f9dc7d69bf0a,ID203033,CID-189,CA-0340,2025-12-30,2026-01-29,1212.46,USD,SampleGen
INV-eb168e1a-2082-4e23-993f-e1b6ca18aeff,ID203034,CID-189,CA-0340,2026-01-01,2026-01-31,4570.44,USD,SampleGen
INV-71ad4e74-0319-4630-a23a-45c3b9e80317,ID203035,CID-189,CA-0340,2026-01-04,2026-02-03,2959.36,USD,SampleGen
INV-7037b456-710c-42c2-a033-a0fa8f5bf9e5,ID203036,CID-189,CA-0340,2026-02-16,2026-03-18,4138.0,USD,SampleGen
INV-ec2ec62f-1c98-4c57-a5c1-da4e804307f8,ID203037,CID-189,CA-0340,2026-02-22,2026-03-24,2997.58,USD,SampleGen
INV-d05543f8-a163-4fc7-8d32-b6562e6ffc37,ID203038,CID-189,CA-0340,2026-04-01,2026-05-01,890.26,USD,SampleGen
INV-799e0815-a3ad-40c5-9bd2-6d2ba96d58cc,ID203039,CID-189,CA-0340,2026-03-07,2026-04-06,5113.24,USD,SampleGen
INV-fa9c25e8-1a9a-4d54-aedb-8645320d2028,ID203040,CID-190,CA-1503,2025-06-07,2025-07-07,2637.1,USD,SampleGen
INV-2bb2c78c-52c6-4ea5-85ad-160d5ab8c8d3,ID203041,CID-190,CA-1503,2025-07-15,2025-08-14,553.18,USD,SampleGen
INV-acc27f84-e44d-43e7-a268-b22d2c966eae,ID203042,CID-190,CA-1503,2025-08-01,2025-08-31,3366.32,USD,SampleGen
INV-9b819d0b-10d7-4c80-b153-1ca06f048ed6,ID203043,CID-190,CA-1503,2025-08-25,2025-09-24,4046.86,USD,SampleGen
INV-57db03c7-2adf-4ac6-84ca-ba80581b8ddd,ID203044,CID-190,CA-1503,2025-09-20,2025-10-20,627.42,USD,SampleGen
INV-63041423-3f80-45dc-8b76-e3952e97670e,ID203045,CID-190,CA-1503,2025-10-15,2025-11-14,631.62,USD,SampleGen
INV-879264cf-afe8-419f-8238-ebe29947a22e,ID203046,CID-190,CA-1503,2025-11-29,2025-12-29,6054.34,USD,SampleGen
INV-d6ec6735-84f3-4cab-a13b-45ad7c848929,ID203047,CID-190,CA-1503,2025-12-22,2026-01-21,487.48,USD,SampleGen
INV-ec754289-ba8e-4904-9fed-4734732dba3d,ID203048,CID-190,CA-1503,2025-12-21,2026-01-20,1820.94,USD,SampleGen
INV-a5ffcd05-4d69-4828-a3f1-d2a92718918e,ID203049,CID-190,CA-1503,2026-01-11,2026-02-10,864.84,USD,SampleGen
INV-7dfce510-4388-45d3-94b7-c477c058aefb,ID203050,CID-190,CA-1503,2026-02-02,2026-03-04,1903.62,USD,SampleGen
INV-d2c04a9d-51b0-4c43-9ceb-aa6a619b2d98,ID203051,CID-190,CA-1503,2026-02-13,2026-03-15,2764.38,USD,SampleGen
INV-6c31ba5b-2d19-4b67-bdeb-6de8b44ff8bc,ID203052,CID-190,CA-1503,2026-03-12,2026-04-11,904.98,USD,SampleGen
INV-e32c32f0-c10d-457d-aa9c-e3394600ff1f,ID203053,CID-190,CA-1503,2026-03-11,2026-04-10,2045.56,USD,SampleGen
INV-6fe8f4f8-9561-4496-880b-8f60c1466e51,ID203054,CID-191,CA-1504,2025-08-04,2025-09-03,2077.48,USD,SampleGen
INV-4ce7f307-c4de-488f-a3ae-99f8b6b1f264,ID203055,CID-191,CA-1504,2025-09-24,2025-10-24,5418.6,USD,SampleGen
INV-bac641c6-a9dd-4ae1-b6a1-4c775509209d,ID203056,CID-191,CA-1504,2026-02-16,2026-03-18,1080.96,USD,SampleGen
INV-34d9d2d0-7da3-407c-9273-cb53eb13db43,ID203057,CID-191,CA-1504,2026-03-20,2026-04-19,1988.42,USD,SampleGen
INV-92de459e-d74d-49b1-b2a7-49ee47e1a7be,ID203058,CID-192,CA-0344,2025-06-13,2025-07-13,3930.2,USD,SampleGen
INV-1676b56c-6e0c-4fe9-838a-60ef78c3bb4c,ID203059,CID-192,CA-0344,2025-07-20,2025-08-19,686.76,USD,SampleGen
INV-62839c13-6c9b-4c69-88a0-fee1276ea581,ID203060,CID-192,CA-0344,2025-07-02,2025-08-01,5460.84,USD,SampleGen
INV-0e758d28-6afc-49a0-8c48-97262e540e8f,ID203061,CID-192,CA-0344,2025-08-14,2025-09-13,2357.14,USD,SampleGen
INV-b35726d7-53a5-4430-aff5-977413937519,ID203062,CID-192,CA-0344,2025-08-14,2025-09-13,2637.0,USD,SampleGen
INV-757b309b-e506-47a2-adc0-3c3b9c0119da,ID203063,CID-192,CA-0344,2025-10-21,2025-11-20,449.28,USD,SampleGen
INV-b5807bb7-3a7c-45b8-a74a-0e3be30094ca,ID203064,CID-192,CA-0344,2025-12-08,2026-01-07,5986.64,USD,SampleGen
INV-f768f08a-5f09-4d68-8eb8-fb757e72aca3,ID203065,CID-192,CA-0344,2026-01-14,2026-02-13,1365.08,USD,SampleGen
INV-c4beb673-d1db-4db7-8ebe-2da93d914fb5,ID203066,CID-192,CA-0344,2026-02-17,2026-03-19,3472.42,USD,SampleGen
INV-8f36a5a3-ae7f-4bdf-8274-9434f2373725,ID203067,CID-192,CA-0344,2026-02-26,2026-03-28,760.94,USD,SampleGen
INV-a9142b4d-95b4-4c9d-b6a9-4da641bd87b3,ID203068,CID-192,CA-0344,2026-02-03,2026-03-05,1248.44,USD,SampleGen
INV-7587071f-564d-4268-9ed5-4d769bf2268f,ID203069,CID-192,CA-0344,2026-03-31,2026-04-30,3198.88,USD,SampleGen
INV-0fa69675-66ba-4c7d-a586-9f8d79524557,ID203070,CID-192,CA-0344,2026-03-21,2026-04-20,3196.8,USD,SampleGen
INV-dc8d3f22-2c75-4013-bca1-ee61fb4abb7a,ID203071,CID-193,CA-0346,2025-06-18,2025-07-18,4947.88,USD,SampleGen
INV-2debabd9-928f-44a4-bcc3-070daa6a3c84,ID203072,CID-193,CA-0346,2025-07-31,2025-08-30,404.82,USD,SampleGen
INV-728bc32b-30f9-4607-bfd5-6df4f1cf081e,ID203073,CID-193,CA-0346,2025-08-12,2025-09-11,264.9,USD,SampleGen
INV-2e9ddf5f-4fbc-4740-96a7-856726b4761c,ID203074,CID-193,CA-0346,2025-09-08,2025-10-08,2569.32,USD,SampleGen
INV-4931e378-57a0-461d-bda4-0263fcbfd8d8,ID203075,CID-193,CA-0346,2025-10-23,2025-11-22,3421.44,USD,SampleGen
INV-e11fdbf3-3819-44f4-a439-de27eb9d5999,ID203076,CID-193,CA-0346,2025-11-30,2025-12-30,4296.89,USD,SampleGen
INV-e7a6d748-3d4d-4161-b1ee-679776b78bf1,ID203077,CID-193,CA-0346,2026-01-01,2026-01-31,4875.76,USD,SampleGen
INV-1f5b0603-92ee-4e38-9945-2cc29be84865,ID203078,CID-193,CA-0346,2026-01-30,2026-03-01,3612.36,USD,SampleGen
INV-9d0c92fa-de71-487d-9d3c-80d51a873e2f,ID203079,CID-193,CA-0346,2026-02-04,2026-03-06,1496.62,USD,SampleGen
INV-61237c95-ab04-40e8-bad2-c99c5c0f1e14,ID203080,CID-193,CA-0346,2026-02-18,2026-03-20,3972.7,USD,SampleGen
INV-28d85849-ed04-463d-9b7a-32c3a7135dbd,ID203081,CID-193,CA-0346,2026-03-31,2026-04-30,394.2,USD,SampleGen
INV-d692aadd-ec22-415e-be37-46c930f39bc0,ID203082,CID-193,CA-0346,2026-03-09,2026-04-08,3006.02,USD,SampleGen
INV-590e320f-aeb3-4634-8a9a-45c88da05813,ID203083,CID-194,CA-0348,2025-06-13,2025-07-13,712.08,USD,SampleGen
INV-c652104c-4812-4e41-b4aa-be4a9dcb1d7f,ID203084,CID-194,CA-0348,2025-07-06,2025-08-05,351.8,USD,SampleGen
INV-5e712e93-0d38-4047-b59c-2f69fbd96a07,ID203085,CID-194,CA-0348,2025-08-15,2025-09-14,614.64,USD,SampleGen
INV-3cf25d17-94a7-4f1f-acd9-fb3c733abd21,ID203086,CID-194,CA-0348,2025-10-31,2025-11-30,3256.1,USD,SampleGen
INV-25a922c4-20e1-4a33-bfc6-584ae80cb86f,ID203087,CID-194,CA-0348,2025-12-01,2025-12-31,2302.17,USD,SampleGen
INV-5ca1275c-5269-406c-bc59-906e6a3e6600,ID203088,CID-194,CA-0348,2025-12-28,2026-01-27,1918.46,USD,SampleGen
INV-b28d45ca-f2f3-4a1d-9635-9761485050f6,ID203089,CID-194,CA-0348,2026-01-13,2026-02-12,3531.72,USD,SampleGen
INV-09e4f835-1602-4e7b-9cc5-fbc40677cfb5,ID203090,CID-194,CA-0348,2026-02-09,2026-03-11,1411.68,USD,SampleGen
INV-598ebdba-dae7-4574-8775-e96a3f893bd4,ID203091,CID-194,CA-0348,2026-03-01,2026-03-31,1933.34,USD,SampleGen
INV-2721b265-a41c-48cc-82cc-0460537679dd,ID203092,CID-194,CA-0348,2026-03-08,2026-04-07,958.12,USD,SampleGen
INV-afa2a64c-455b-41e3-8622-530a825f2f6d,ID203093,CID-194,CA-0348,2026-03-28,2026-04-27,1322.68,USD,SampleGen
INV-355e6bfb-91c1-413c-b786-1a4268aecb26,ID203094,CID-195,CA-0350,2025-06-07,2025-07-07,1153.12,USD,SampleGen
INV-42cae793-bbd3-447e-903a-f4af9d18f709,ID203095,CID-195,CA-0350,2025-06-13,2025-07-13,1153.12,USD,SampleGen
INV-abc6b227-8278-4c60-9926-146c40051f1e,ID203096,CID-195,CA-0350,2025-07-24,2025-08-23,1729.68,USD,SampleGen
INV-b821feee-0478-4711-b572-7e4a2849e4fe,ID203097,CID-195,CA-0350,2025-07-11,2025-08-10,2524.62,USD,SampleGen
INV-dc431eb3-50e7-465b-b52c-b7b5ecc18007,ID203098,CID-195,CA-0350,2025-08-20,2025-09-19,6321.7,USD,SampleGen
INV-ee9d37b5-5f77-4365-89ca-a28e45949cf8,ID203099,CID-195,CA-0350,2025-08-24,2025-09-23,3684.38,USD,SampleGen
INV-b66d8b2d-3553-418c-a3b7-12727bd277f1,ID203100,CID-195,CA-0350,2025-08-16,2025-09-15,996.2,USD,SampleGen
INV-012dfaec-3800-4ccc-b75c-9307685a88fa,ID203101,CID-195,CA-0350,2025-09-18,2025-10-18,1462.66,USD,SampleGen
INV-820d8338-90c0-43f2-a517-7cecd646d81b,ID203102,CID-195,CA-0350,2025-10-04,2025-11-03,1051.4,USD,SampleGen
INV-37de49ef-bd08-4978-9d82-520b04fe6649,ID203103,CID-195,CA-0350,2025-11-23,2025-12-23,779.92,USD,SampleGen
INV-e0dc3e26-379e-4392-b026-f03b911dd1cf,ID203104,CID-195,CA-0350,2025-12-02,2026-01-01,1186.98,USD,SampleGen
INV-dd9492e8-b081-4dda-bb02-87540944cf07,ID203105,CID-195,CA-0350,2025-12-11,2026-01-10,4303.4,USD,SampleGen
INV-a744fe20-6056-45e4-8a77-0acaf77047de,ID203106,CID-195,CA-0350,2026-01-05,2026-02-04,860.5,USD,SampleGen
INV-ae47c111-c9e7-4e00-8da2-489cc63926d9,ID203107,CID-195,CA-0350,2026-01-15,2026-02-14,2955.14,USD,SampleGen
INV-dd08a99d-a2ad-4621-a065-1279d8f4b1dc,ID203108,CID-195,CA-0350,2026-02-28,2026-03-30,4197.34,USD,SampleGen
INV-9b968d62-34df-4767-9215-0c864b1e78f9,ID203109,CID-195,CA-0350,2026-02-17,2026-03-19,2598.9,USD,SampleGen
INV-b5c2d2c3-daa4-4257-aee2-be7d9f238d5a,ID203110,CID-195,CA-0350,2026-02-02,2026-03-04,4663.8,USD,SampleGen
INV-74a6eaec-5729-4ff3-bb47-926dbc8f1ff6,ID203111,CID-195,CA-0350,2026-03-06,2026-04-05,1420.3,USD,SampleGen
INV-d8237b00-b719-49bc-8f8c-8f94296baa8c,ID203112,CID-195,CA-0350,2026-03-22,2026-04-21,576.44,USD,SampleGen
INV-5165add4-8cf7-44f0-818d-ff360e34874f,ID203113,CID-195,CA-0350,2026-03-19,2026-04-18,3001.76,USD,SampleGen
INV-4d12e906-4d68-42ef-9b42-f44e15d2ebe2,ID203114,CID-195,CA-0350,2026-03-13,2026-04-12,1157.34,USD,SampleGen
INV-c18bc88a-ce19-4983-901d-1a4582b03925,ID203115,CID-196,CA-0352,2025-06-05,2025-07-05,1153.12,USD,SampleGen
INV-b67b6bf6-36ed-4d42-a5f9-de7b644a4ad4,ID203116,CID-196,CA-0352,2025-07-19,2025-08-18,2829.98,USD,SampleGen
INV-c46ef4c8-d9ce-495a-8596-b22a2a34ecea,ID203117,CID-196,CA-0352,2025-08-17,2025-09-16,871.12,USD,SampleGen
INV-48cdcf8f-5aa6-4a8d-855b-c005537ced44,ID203118,CID-196,CA-0352,2025-09-20,2025-10-20,2039.28,USD,SampleGen
INV-4be63e8e-69d6-4b3f-9af5-1ae3d0d86d97,ID203119,CID-196,CA-0352,2025-10-03,2025-11-02,627.42,USD,SampleGen
INV-5360eb26-d17e-441d-9faf-c7afd66df55f,ID203120,CID-196,CA-0352,2025-12-24,2026-01-23,3904.78,USD,SampleGen
INV-cc97eef9-f214-47c2-85fc-608553009404,ID203121,CID-196,CA-0352,2026-01-30,2026-03-01,2864.02,USD,SampleGen
INV-7188eab0-faca-4b8c-997d-7248b8c9c9d8,ID203122,CID-196,CA-0352,2026-02-22,2026-03-24,3949.28,USD,SampleGen
INV-fe2e2f46-cbcf-4448-9191-ab9123715d0f,ID203123,CID-196,CA-0352,2026-03-21,2026-04-20,2016.02,USD,SampleGen
INV-08fadafe-2595-4f59-934a-e81abb51f894,ID203124,CID-197,CA-1505,2025-06-07,2025-07-07,767.34,USD,SampleGen
INV-3d605927-5e50-4cd0-8370-52b20047e92b,ID203125,CID-197,CA-1505,2025-06-18,2025-07-18,487.52,USD,SampleGen
INV-41050b8d-0a11-4e66-aa47-7191edbd934e,ID203126,CID-197,CA-1505,2025-06-24,2025-07-24,493.82,USD,SampleGen
INV-156c689d-f415-4863-9750-902c1e9f1b69,ID203127,CID-197,CA-1505,2025-07-01,2025-07-31,498.1,USD,SampleGen
INV-87e346f6-cb62-4810-9b3d-b5cfc6e1aec1,ID203128,CID-197,CA-1505,2025-07-10,2025-08-09,2573.46,USD,SampleGen
INV-d7f86de8-11cf-4b98-9c7c-c16147a29653,ID203129,CID-197,CA-1505,2025-07-10,2025-08-09,9136.96,USD,SampleGen
INV-10cd1628-8d7f-4f80-8475-f04c9a2934be,ID203130,CID-197,CA-1505,2025-07-14,2025-08-13,4036.24,USD,SampleGen
INV-7f4a08d5-68ac-4195-a720-11ed4ecd45fd,ID203131,CID-197,CA-1505,2025-07-31,2025-08-30,3357.8,USD,SampleGen
INV-7d1607a6-ba32-4907-a9db-895b312fc4c8,ID203132,CID-197,CA-1505,2025-08-11,2025-09-10,1992.68,USD,SampleGen
INV-0f8f5281-d0be-4091-b8df-09d6b7f1f0cc,ID203133,CID-197,CA-1505,2025-08-06,2025-09-05,1191.28,USD,SampleGen
INV-35f968ed-ee29-4304-9b6b-9187e41a7c30,ID203134,CID-197,CA-1505,2025-08-29,2025-09-28,1704.28,USD,SampleGen
INV-dcef89ea-84a8-432f-a07c-c56680a22961,ID203135,CID-197,CA-1505,2025-08-20,2025-09-19,6457.22,USD,SampleGen
INV-6855db02-ede6-429e-b120-c4f14b557b72,ID203136,CID-197,CA-1505,2025-08-21,2025-09-20,4757.0,USD,SampleGen
INV-5aad1997-2b8c-45bb-a747-e047ec719310,ID203137,CID-197,CA-1505,2025-08-04,2025-09-03,1555.8,USD,SampleGen
INV-2b5e672e-ce8e-43ec-9d65-4c0685bd1ab0,ID203138,CID-197,CA-1505,2025-09-19,2025-10-19,2628.6,USD,SampleGen
INV-88f94242-58f1-43d4-8ef4-43b51bf9cb7c,ID203139,CID-197,CA-1505,2025-10-21,2025-11-20,3273.08,USD,SampleGen
INV-5344e202-ac86-48d6-9e79-cc947fc6e8f9,ID203140,CID-197,CA-1505,2025-10-07,2025-11-06,731.16,USD,SampleGen
INV-ef2f2b4d-1b2d-4f4b-852c-6de4ffdfa406,ID203141,CID-197,CA-1505,2025-11-21,2025-12-21,1144.68,USD,SampleGen
INV-22cfa2c1-3a5b-41f3-84b8-b95a7156e3ae,ID203142,CID-197,CA-1505,2025-11-03,2025-12-03,1379.84,USD,SampleGen
INV-f29677ec-77b6-4bbd-8f5f-828236efc3b6,ID203143,CID-197,CA-1505,2025-11-03,2025-12-03,3099.3,USD,SampleGen
INV-a66e7774-34c1-41df-9b8c-5ad1553923c0,ID203144,CID-197,CA-1505,2025-12-10,2026-01-09,1589.9,USD,SampleGen
INV-4944a53c-8f0b-4b49-a76c-b8e8a088b13a,ID203145,CID-197,CA-1505,2025-12-16,2026-01-15,3001.8,USD,SampleGen
INV-dcffb898-99d9-4ea4-84bf-e84eae226d96,ID203146,CID-197,CA-1505,2025-12-21,2026-01-20,2480.2,USD,SampleGen
INV-707ee119-a65d-4d4f-bb98-18333b4b2bf7,ID203147,CID-197,CA-1505,2025-12-30,2026-01-29,953.74,USD,SampleGen
INV-744a725c-4d12-4546-85a0-982157fff1b6,ID203148,CID-197,CA-1505,2025-12-05,2026-01-04,2043.52,USD,SampleGen
INV-f32a8de3-5e40-42fa-96d0-0634287b2914,ID203149,CID-197,CA-1505,2025-12-30,2026-01-29,729.14,USD,SampleGen
INV-695393b7-3847-478f-b15f-0748c7e36c9f,ID203150,CID-197,CA-1505,2026-01-28,2026-02-27,262.8,USD,SampleGen
INV-4bceb98e-56c4-41fe-a751-1cbb18c5c72c,ID203151,CID-197,CA-1505,2026-01-07,2026-02-06,4076.54,USD,SampleGen
INV-2b27fbcd-156a-4f18-ba70-f217f3def37c,ID203152,CID-197,CA-1505,2026-01-16,2026-02-15,2287.28,USD,SampleGen
INV-027b3d5a-f135-4a5a-8d79-029561298aaa,ID203153,CID-197,CA-1505,2026-01-18,2026-02-17,1723.38,USD,SampleGen
INV-b26c6674-3b45-4044-b838-525e800ddb28,ID203154,CID-197,CA-1505,2026-02-14,2026-03-16,4515.42,USD,SampleGen
INV-0b100370-12c9-422b-8d75-05e56bf177c2,ID203155,CID-197,CA-1505,2026-02-15,2026-03-17,7239.54,USD,SampleGen
INV-37a1e58d-2357-4868-bca7-0d177e522ca4,ID203156,CID-197,CA-1505,2026-02-06,2026-03-08,1990.58,USD,SampleGen
INV-831175ac-0685-480f-adf4-dd4a11ac896d,ID203157,CID-197,CA-1505,2026-02-28,2026-03-30,6660.82,USD,SampleGen
INV-47e8d557-e569-4a00-a92a-b965fd87452f,ID203158,CID-197,CA-1505,2026-02-05,2026-03-07,627.42,USD,SampleGen
INV-99772f8f-2cae-46ee-ba01-d55e9577c2d6,ID203159,CID-197,CA-1505,2026-02-24,2026-03-26,4114.72,USD,SampleGen
INV-8186a0d1-cbc5-4241-85bb-0fc4986ba7a5,ID203160,CID-197,CA-1505,2026-02-28,2026-03-30,1106.4,USD,SampleGen
INV-f15e526c-b893-4f50-bb1c-75b14d9d4e08,ID203161,CID-197,CA-1505,2026-02-11,2026-03-13,3514.86,USD,SampleGen
INV-63523a71-3199-4aa0-b1c6-2cef4030cb45,ID203162,CID-197,CA-1505,2026-02-14,2026-03-16,2064.66,USD,SampleGen
INV-673e542c-be9e-4f10-a209-6a173d5fb3fe,ID203163,CID-197,CA-1505,2026-03-08,2026-04-07,585.0,USD,SampleGen
INV-0cbcbea9-0737-419e-9cd4-7b2aec6c5446,ID203164,CID-197,CA-1505,2026-03-06,2026-04-05,2255.54,USD,SampleGen
INV-04edc8bf-7237-4785-92c6-300470fdabfb,ID203165,CID-197,CA-1505,2026-03-24,2026-04-23,955.94,USD,SampleGen
INV-88a7feaf-1ebf-48b2-8744-02f83164962b,ID203166,CID-197,CA-1505,2026-03-25,2026-04-24,2378.54,USD,SampleGen
INV-2ea95f9a-e260-4b6e-b5de-d5af4b128ead,ID203167,CID-197,CA-1505,2026-03-15,2026-04-14,1640.64,USD,SampleGen
INV-9926762f-8ff6-4601-99cb-9aec7b8cb5ad,ID203168,CID-197,CA-1505,2026-03-15,2026-04-14,385.72,USD,SampleGen
INV-7cb82bab-185b-491f-aa9e-4d6ef8dd535a,ID203169,CID-197,CA-1505,2026-03-21,2026-04-20,678.24,USD,SampleGen
INV-456393fd-2e22-4ae4-9a11-177a101646c4,ID203170,CID-197,CA-1505,2026-03-23,2026-04-22,1112.86,USD,SampleGen
INV-fc3a2f80-65f3-4867-9b9b-fad74881b1a9,ID203171,CID-197,CA-1505,2026-03-26,2026-04-25,3154.42,USD,SampleGen
INV-2ee7055a-8ba5-464d-906b-65be243089f5,ID203172,CID-197,CA-1505,2026-03-12,2026-04-11,2225.86,USD,SampleGen
INV-1a6f0858-c973-4e18-ab97-3e96ac7ff99b,ID203173,CID-198,CA-0355,2025-06-05,2025-07-05,404.82,USD,SampleGen
INV-ab60098c-91da-4c9b-bd4a-366c00ce4223,ID203174,CID-198,CA-0355,2025-06-17,2025-07-17,542.58,USD,SampleGen
INV-2164f092-37ca-482a-931a-dba49accc5ed,ID203175,CID-198,CA-0355,2025-06-25,2025-07-25,1498.62,USD,SampleGen
INV-2004636d-dbbb-4393-a8aa-9e2ac61bcb18,ID203176,CID-198,CA-0355,2025-06-29,2025-07-29,394.2,USD,SampleGen
INV-36d14d47-a3cf-48a5-ac9e-4815aa780279,ID203177,CID-198,CA-0355,2025-06-15,2025-07-15,6910.92,USD,SampleGen
INV-a071a0de-4bec-4177-a5a5-6dfb0c335090,ID203178,CID-198,CA-0355,2025-07-29,2025-08-28,1912.16,USD,SampleGen
INV-3d64fe68-ae05-48f3-a9ce-26dc4772264a,ID203179,CID-198,CA-0355,2025-07-07,2025-08-06,614.58,USD,SampleGen
INV-ca837e71-8961-47a3-aa9a-8ab0d4c2b0c7,ID203180,CID-198,CA-0355,2025-07-22,2025-08-21,2866.08,USD,SampleGen
INV-bc266c4c-f62b-41d5-8183-ae8a7186a301,ID203181,CID-198,CA-0355,2025-07-11,2025-08-10,695.18,USD,SampleGen
INV-7952ca3f-14f5-4e43-96fe-438134f345ac,ID203182,CID-198,CA-0355,2025-08-27,2025-09-26,2997.58,USD,SampleGen
INV-69cc8fe6-1a64-4c6c-866a-ab7f12018ba0,ID203183,CID-198,CA-0355,2025-08-17,2025-09-16,3682.24,USD,SampleGen
INV-2422eb70-4804-4379-8460-046a85a1deed,ID203184,CID-198,CA-0355,2025-08-23,2025-09-22,763.12,USD,SampleGen
INV-87ed3f6e-c582-4b55-81a0-e00ec74015b7,ID203185,CID-198,CA-0355,2025-08-29,2025-09-28,2270.3,USD,SampleGen
INV-fb863afd-4fdd-45fb-b8c5-8580b091648f,ID203186,CID-198,CA-0355,2025-08-13,2025-09-12,3892.16,USD,SampleGen
INV-940d8cb4-dc1e-46b9-95bc-8d33c8cbb56e,ID203187,CID-198,CA-0355,2025-08-03,2025-09-02,1926.86,USD,SampleGen
INV-691594b3-9282-49ce-b8d6-7a0a4b8fc98a,ID203188,CID-198,CA-0355,2025-08-24,2025-09-23,5562.64,USD,SampleGen
INV-99286c3d-726f-4070-bf18-58918b5a9cf9,ID203189,CID-198,CA-0355,2025-08-24,2025-09-23,3383.28,USD,SampleGen
INV-e525f0df-50d2-448c-99e7-b7e52ca89bd8,ID203190,CID-198,CA-0355,2025-09-02,2025-10-02,2187.56,USD,SampleGen
INV-5ffaaef8-b019-4c7b-9a51-33efd5264c78,ID203191,CID-198,CA-0355,2025-09-05,2025-10-05,574.38,USD,SampleGen
INV-caf6dc1f-8be9-4562-b65a-cee9b0a549a9,ID203192,CID-198,CA-0355,2025-10-25,2025-11-24,1235.74,USD,SampleGen
INV-07d5b1c7-9f9d-416e-b9e0-533b50ff048e,ID203193,CID-198,CA-0355,2025-10-05,2025-11-04,1638.56,USD,SampleGen
INV-75c8dc25-3983-426f-bb69-acc8755388ac,ID203194,CID-198,CA-0355,2025-11-12,2025-12-12,415.4,USD,SampleGen
INV-1450e309-f11a-4fe7-9771-c3e85f0ae748,ID203195,CID-198,CA-0355,2025-11-28,2025-12-28,1835.62,USD,SampleGen
INV-a83e397a-7739-4fe4-ab0a-5f8a52c96e33,ID203196,CID-198,CA-0355,2025-11-25,2025-12-25,394.2,USD,SampleGen
INV-8ddb90eb-11e4-4658-8489-aa1031341e08,ID203197,CID-198,CA-0355,2025-12-22,2026-01-21,858.44,USD,SampleGen
INV-fdd7b43a-a94f-4b58-b130-b2abd4776eb1,ID203198,CID-198,CA-0355,2025-12-20,2026-01-19,1322.74,USD,SampleGen
INV-af15ec85-98d9-4225-8b35-7ee3c50dd35d,ID203199,CID-198,CA-0355,2025-12-27,2026-01-26,786.38,USD,SampleGen
INV-3fc04c31-40c9-4115-aa34-cf8a1efacf95,ID203200,CID-198,CA-0355,2025-12-30,2026-01-29,3073.8,USD,SampleGen
INV-154d6d72-a736-437e-ad88-37a6051b88ac,ID203201,CID-198,CA-0355,2025-12-31,2026-01-30,998.26,USD,SampleGen
INV-0ca9419b-3b65-4498-b673-e1beb32537fe,ID203202,CID-198,CA-0355,2025-12-24,2026-01-23,2319.12,USD,SampleGen
INV-c1d86eb6-7f22-4304-aaa4-54526c514dc2,ID203203,CID-198,CA-0355,2026-01-27,2026-02-26,1155.28,USD,SampleGen
INV-3bc9e95e-d17e-4a49-aafa-e08ae7e05696,ID203204,CID-198,CA-0355,2026-01-13,2026-02-12,1965.06,USD,SampleGen
INV-5f5efbf2-1c14-4059-960a-ac5fcca81c5d,ID203205,CID-198,CA-0355,2026-01-04,2026-02-03,6380.94,USD,SampleGen
INV-f4942a9d-45ae-458b-b523-00b5260291ae,ID203206,CID-198,CA-0355,2026-01-27,2026-02-26,1208.34,USD,SampleGen
INV-b7ce9736-e06b-4481-b178-74982f65baea,ID203207,CID-198,CA-0355,2026-01-23,2026-02-22,1322.74,USD,SampleGen
INV-bd3deffc-1973-4740-8dc1-c0bd954b42dd,ID203208,CID-198,CA-0355,2026-02-24,2026-03-26,1647.06,USD,SampleGen
INV-ca08fd98-5044-458d-8502-7d7443259874,ID203209,CID-198,CA-0355,2026-02-15,2026-03-17,3968.36,USD,SampleGen
INV-19ffffcf-0faa-468c-87df-c7916217a563,ID203210,CID-198,CA-0355,2026-02-12,2026-03-14,1199.76,USD,SampleGen
INV-886f1235-d425-4678-9ed4-f53406332d1b,ID203211,CID-198,CA-0355,2026-02-05,2026-03-07,1526.24,USD,SampleGen
INV-a2e84202-9995-4d75-841f-433c4c834a4d,ID203212,CID-198,CA-0355,2026-02-09,2026-03-11,4155.02,USD,SampleGen
INV-01e190f3-7748-46c3-8407-63471d251096,ID203213,CID-198,CA-0355,2026-02-07,2026-03-09,2272.48,USD,SampleGen
INV-6cb729e2-0f34-4bd6-9066-b7a1e1a621c5,ID203214,CID-198,CA-0355,2026-02-12,2026-03-14,464.16,USD,SampleGen
INV-7b2f0429-6e44-4d6a-97f8-51615c780e84,ID203215,CID-198,CA-0355,2026-02-02,2026-03-04,674.06,USD,SampleGen
INV-49fd6b40-c6f7-45a0-bc96-f1e54c5357b0,ID203216,CID-198,CA-0355,2026-03-01,2026-03-31,3005.94,USD,SampleGen
INV-443c2d1e-df37-4252-abc0-28c90673b73e,ID203217,CID-198,CA-0355,2026-03-11,2026-04-10,767.34,USD,SampleGen
INV-4f48bac2-a8cd-40d2-9fe8-f768f37da275,ID203218,CID-198,CA-0355,2026-03-18,2026-04-17,4655.28,USD,SampleGen
INV-a9528997-5f21-4d87-8c70-7e5551a41213,ID203219,CID-198,CA-0355,2026-03-29,2026-04-28,5096.22,USD,SampleGen
INV-37960d11-74cd-4fa5-8e43-8f95d7092cbb,ID203220,CID-198,CA-0355,2026-03-21,2026-04-20,686.72,USD,SampleGen
INV-4f71513f-209c-49a4-87b1-c0dd2c257fc4,ID203221,CID-198,CA-0355,2026-03-15,2026-04-14,421.74,USD,SampleGen
INV-5a61d67d-8944-4a10-b5d6-d2035565d01a,ID203222,CID-198,CA-0355,2026-03-06,2026-04-05,1839.94,USD,SampleGen
INV-803c0f5f-9915-494d-b0fd-594f99c1aeae,ID203223,CID-198,CA-0355,2026-04-01,2026-05-01,720.68,USD,SampleGen
INV-74a8c2c1-116f-41a7-b096-f1e2ccefc6d4,ID203224,CID-198,CA-0355,2026-03-24,2026-04-23,945.28,USD,SampleGen
INV-ac688c27-b6f5-4f75-b69b-3552343a3050,ID203225,CID-198,CA-0355,2026-03-19,2026-04-18,1212.4,USD,SampleGen
INV-16bb47c2-1125-420c-807d-eef4194723e2,ID203226,CID-198,CA-0355,2026-03-26,2026-04-25,669.84,USD,SampleGen
INV-66c0af4b-55f2-4254-88c3-dbb59c4a0bd3,ID203227,CID-198,CA-0355,2026-03-16,2026-04-15,3866.74,USD,SampleGen
INV-6090c798-b882-4c90-86a5-827b923b605d,ID203228,CID-198,CA-0355,2026-03-03,2026-04-02,3822.22,USD,SampleGen
INV-58d6208f-515c-43e8-aac0-873bb08cecdb,ID203229,CID-199,CA-0357,2025-06-23,2025-07-23,6855.82,USD,SampleGen
INV-7c33242e-654d-4281-928c-3e599173016b,ID203230,CID-199,CA-0357,2025-07-04,2025-08-03,682.52,USD,SampleGen
INV-c85b91b4-93c7-453c-8874-cd27c6b09d9d,ID203231,CID-199,CA-0357,2025-07-27,2025-08-26,4123.22,USD,SampleGen
INV-8e790bf4-4000-4a4a-b559-e082aed089ee,ID203232,CID-199,CA-0357,2025-08-20,2025-09-19,317.88,USD,SampleGen
INV-f0eef2f6-f2df-429c-afac-92f97885e948,ID203233,CID-199,CA-0357,2025-08-30,2025-09-29,676.12,USD,SampleGen
INV-eb869a7f-f3a0-4cdf-a1e2-79910a069f10,ID203234,CID-199,CA-0357,2025-08-26,2025-09-25,4275.76,USD,SampleGen
INV-baa8304b-8042-4050-9ace-6846721d4292,ID203235,CID-199,CA-0357,2025-09-17,2025-10-17,1030.08,USD,SampleGen
INV-3e10a305-0a2e-4f36-881c-085f676caef6,ID203236,CID-199,CA-0357,2025-10-18,2025-11-17,557.42,USD,SampleGen
INV-d6bb1634-0289-4eac-a687-9d1302aa4878,ID203237,CID-199,CA-0357,2025-11-09,2025-12-09,5087.84,USD,SampleGen
INV-f704329a-453a-452e-9c8c-a791ae34db7c,ID203238,CID-199,CA-0357,2025-11-05,2025-12-05,576.56,USD,SampleGen
INV-2fde3fe6-db57-4336-b177-5c8271abf108,ID203239,CID-199,CA-0357,2025-12-23,2026-01-22,6533.62,USD,SampleGen
INV-ba574dad-f582-493c-b619-cff9b16a1cb1,ID203240,CID-199,CA-0357,2025-12-04,2026-01-03,3807.4,USD,SampleGen
INV-ce0209b8-46f1-4007-ba90-ed5fbc2af5ff,ID203241,CID-199,CA-0357,2025-12-18,2026-01-17,3167.06,USD,SampleGen
INV-6038cf47-ed35-49cc-9cf3-370aa4b7c161,ID203242,CID-199,CA-0357,2026-01-31,2026-03-02,1903.62,USD,SampleGen
INV-582a802b-b300-458c-b3fa-d03f3e65e1d9,ID203243,CID-199,CA-0357,2026-01-19,2026-02-18,252.22,USD,SampleGen
INV-59b569e7-fdfa-4958-8b36-049ac495f85f,ID203244,CID-199,CA-0357,2026-02-27,2026-03-29,890.26,USD,SampleGen
INV-4918dbea-99d5-4135-8e28-54b425f05f09,ID203245,CID-199,CA-0357,2026-02-22,2026-03-24,5588.16,USD,SampleGen
INV-9f81229c-aea2-4e31-b8c9-c1e869817276,ID203246,CID-199,CA-0357,2026-02-05,2026-03-07,3955.7,USD,SampleGen
INV-d1877140-b5ac-434d-856c-10e73379ba3e,ID203247,CID-199,CA-0357,2026-02-21,2026-03-23,300.96,USD,SampleGen
INV-c4436071-0f4e-47bc-97cc-3d28129ec908,ID203248,CID-199,CA-0357,2026-03-27,2026-04-26,1411.68,USD,SampleGen
INV-85b17062-fea0-41b6-968b-b92a477b6cac,ID203249,CID-199,CA-0357,2026-03-20,2026-04-19,3794.62,USD,SampleGen
INV-219df90a-9e52-493f-9843-e5fbd7c99d35,ID203250,CID-199,CA-0357,2026-03-06,2026-04-05,5851.02,USD,SampleGen
INV-85bd7b70-72e5-4968-a7d9-d50695df28e3,ID203251,CID-199,CA-0357,2026-03-09,2026-04-08,510.82,USD,SampleGen
INV-cd0c4062-9122-4fe5-b208-324e48348bc7,ID203252,CID-199,CA-0357,2026-03-28,2026-04-27,3396.02,USD,SampleGen
INV-18e0e5be-1bb0-45b1-88f8-8606ebb7a8f9,ID203253,CID-199,CA-0357,2026-03-07,2026-04-06,928.48,USD,SampleGen
INV-19616f81-2fb1-4070-9fd3-f4e883021876,ID203254,CID-200,CA-0359,2025-06-10,2025-07-10,1341.7,USD,SampleGen
INV-6302c485-aee0-43d8-b38d-0e4109436a16,ID203255,CID-200,CA-0359,2025-06-05,2025-07-05,2794.06,USD,SampleGen
INV-a6b35fdd-7be1-4506-9bd8-6e77d48961ce,ID203256,CID-200,CA-0359,2025-07-05,2025-08-04,780.0,USD,SampleGen
INV-357727c0-c375-42ae-aab0-a8048cfcc312,ID203257,CID-200,CA-0359,2025-08-02,2025-09-01,1670.4,USD,SampleGen
INV-abde52ef-848c-4a98-aa2d-927509ff0c5e,ID203258,CID-200,CA-0359,2025-08-04,2025-09-03,2794.06,USD,SampleGen
INV-afab4474-968c-4ba1-821c-6370946e02aa,ID203259,CID-200,CA-0359,2025-08-19,2025-09-18,5176.84,USD,SampleGen
INV-429c4779-a7a1-4d24-8757-8d60cc7faf5a,ID203260,CID-200,CA-0359,2025-09-17,2025-10-17,4587.42,USD,SampleGen
INV-93a537b0-9b55-47ba-b782-8331980ca010,ID203261,CID-200,CA-0359,2025-10-13,2025-11-12,1331.26,USD,SampleGen
INV-2272a91f-7774-40fb-8bf6-8a8cb6e636b5,ID203262,CID-200,CA-0359,2025-11-11,2025-12-11,5566.96,USD,SampleGen
INV-4628d86a-da5c-4d19-b4ca-c9749872c67c,ID203263,CID-200,CA-0359,2025-12-18,2026-01-17,2253.32,USD,SampleGen
INV-755ed5bd-8d21-4bb5-b1b0-b505eb79b150,ID203264,CID-200,CA-0359,2025-12-09,2026-01-08,875.36,USD,SampleGen
INV-692b9f05-fe80-4788-9ae3-13d62ed6dc94,ID203265,CID-200,CA-0359,2026-01-01,2026-01-31,2170.68,USD,SampleGen
INV-854e9353-7d18-4b33-850b-46364461dcd2,ID203266,CID-200,CA-0359,2026-01-25,2026-02-24,254.34,USD,SampleGen
INV-041170a5-137d-4b44-b0db-60f05403c580,ID203267,CID-200,CA-0359,2026-01-06,2026-02-05,504.48,USD,SampleGen
INV-e85d90d5-dd22-40ba-bd23-fade061883d0,ID203268,CID-200,CA-0359,2026-02-11,2026-03-13,1560.02,USD,SampleGen
INV-e439e5ee-94d6-4358-9a36-51f4e31a8c6d,ID203269,CID-200,CA-0359,2026-02-04,2026-03-06,4222.88,USD,SampleGen
INV-3181fdb8-08af-4727-bf7a-4f76d0bbb1ac,ID203270,CID-200,CA-0359,2026-02-12,2026-03-14,1738.24,USD,SampleGen
INV-c12db4d3-2049-4f85-a004-3e30f5362b30,ID203271,CID-200,CA-0359,2026-02-28,2026-03-30,1640.6,USD,SampleGen
INV-168cd8be-494d-48c2-b6ff-55d9f057acb6,ID203272,CID-200,CA-0359,2026-03-03,2026-04-02,1672.48,USD,SampleGen
INV-51fa03c4-6674-4427-a6c3-96eaa3935a39,ID203273,CID-200,CA-0359,2026-03-21,2026-04-20,2194.0,USD,SampleGen
INV-41924187-85e6-4cd3-8637-428cd1541791,ID203274,CID-200,CA-0359,2026-03-23,2026-04-22,1757.2,USD,SampleGen
INV-7428ae20-39d9-4ddf-9711-dd0cd7d6db52,ID203275,CID-200,CA-0359,2026-03-12,2026-04-11,695.26,USD,SampleGen
INV-087040c3-042c-43a2-b36c-1d50a905fd36,ID203276,CID-201,CA-0361,2025-06-18,2025-07-18,233.1,USD,SampleGen
INV-040509da-1391-4015-bb55-2001ea48a93a,ID203277,CID-201,CA-0361,2025-07-05,2025-08-04,298.82,USD,SampleGen
INV-dd5325b7-2d84-4c4d-a559-8d04ba99aef9,ID203278,CID-201,CA-0361,2025-08-30,2025-09-29,1704.16,USD,SampleGen
INV-4abbee54-9549-4e00-a5e4-55a053d39e53,ID203279,CID-201,CA-0361,2025-10-25,2025-11-24,911.48,USD,SampleGen
INV-962199bf-61ef-4d51-8ea6-78b6e77aca92,ID203280,CID-201,CA-0361,2025-11-22,2025-12-22,1369.32,USD,SampleGen
INV-4872b7a0-0fe3-4ca0-88b6-04d3e0d9b3c5,ID203281,CID-201,CA-0361,2025-12-17,2026-01-16,1458.3,USD,SampleGen
INV-ef2b77a6-be6e-4aa5-8f58-551f35c0fe91,ID203282,CID-201,CA-0361,2026-01-20,2026-02-19,568.12,USD,SampleGen
INV-e5d305e8-3a44-4c4a-a2c1-d87e88cf2b5b,ID203283,CID-201,CA-0361,2026-02-12,2026-03-14,3173.4,USD,SampleGen
INV-b83ba7a8-ad0d-4cb0-bc3e-f148b83f634e,ID203284,CID-201,CA-0361,2026-03-30,2026-04-29,1666.2,USD,SampleGen
INV-faa229b7-aeeb-4a8f-a10e-552fb62521e5,ID203285,CID-201,CA-0361,2026-03-10,2026-04-09,419.64,USD,SampleGen
INV-4b937545-dfd5-45e7-84b0-c3092459ed23,ID203286,CID-202,CA-0363,2025-07-19,2025-08-18,2514.04,USD,SampleGen
INV-d7a0103e-6cda-4927-80eb-1663668e378e,ID203287,CID-202,CA-0363,2025-08-07,2025-09-06,966.52,USD,SampleGen
INV-394bf77e-72cf-4060-9664-eb3f4811e3cf,ID203288,CID-202,CA-0363,2025-12-08,2026-01-07,3667.48,USD,SampleGen
INV-34037cf2-836f-4017-b8da-7f947aeacdeb,ID203289,CID-202,CA-0363,2026-01-30,2026-03-01,1208.34,USD,SampleGen
INV-6afc3b7e-5ab7-435d-b0ad-e083e8bcf101,ID203290,CID-202,CA-0363,2026-02-19,2026-03-21,1331.24,USD,SampleGen
INV-1baea61f-d5ac-4c9d-a93f-9445c1412ed0,ID203291,CID-202,CA-0363,2026-03-24,2026-04-23,2904.2,USD,SampleGen
INV-c0dcc21a-bd30-45e7-9304-6541ea86b0eb,ID203292,CID-203,CA-1506,2025-06-26,2025-07-26,228.88,USD,SampleGen
INV-99129f6c-f852-4432-bc2e-ff47b77a8212,ID203293,CID-203,CA-1506,2025-06-23,2025-07-23,796.92,USD,SampleGen
INV-e85fb91a-bedb-43f9-9fb7-7ba80c151f21,ID203294,CID-203,CA-1506,2025-06-09,2025-07-09,585.0,USD,SampleGen
INV-0cb25114-bc08-405c-9d0e-dea2f0b2a5c8,ID203295,CID-203,CA-1506,2025-07-24,2025-08-23,2191.92,USD,SampleGen
INV-9c65c55b-260a-4dd9-a73c-cd0789e41496,ID203296,CID-203,CA-1506,2025-07-27,2025-08-26,1201.78,USD,SampleGen
INV-669b3a88-ad87-4e53-a7fe-0217170b5e63,ID203297,CID-203,CA-1506,2025-07-29,2025-08-28,1367.28,USD,SampleGen
INV-f5712050-cec5-43fb-96df-63eece53ee68,ID203298,CID-203,CA-1506,2025-07-03,2025-08-02,1182.76,USD,SampleGen
INV-ecd8efae-45f0-4b54-94dd-ce40796c8f4b,ID203299,CID-203,CA-1506,2025-08-13,2025-09-12,2374.24,USD,SampleGen
INV-e64c7aa7-d8bb-439b-a507-eade7175ba61,ID203300,CID-203,CA-1506,2025-08-24,2025-09-23,4150.78,USD,SampleGen
INV-2e2a86d5-d216-42d2-a7b9-2b08c8a71522,ID203301,CID-203,CA-1506,2025-08-22,2025-09-21,1284.52,USD,SampleGen
INV-b4134dcb-33ef-4884-bda2-0bfa5d5d1b8e,ID203302,CID-203,CA-1506,2025-08-05,2025-09-04,487.5,USD,SampleGen
INV-c09a392d-58e5-4247-aec9-9ca1000d62df,ID203303,CID-203,CA-1506,2025-08-29,2025-09-28,2912.64,USD,SampleGen
INV-6614dcd5-8722-486e-94be-84d7074bef42,ID203304,CID-203,CA-1506,2025-08-09,2025-09-08,281.86,USD,SampleGen
INV-29a77c1c-374d-4aeb-9e92-804bc837ca20,ID203305,CID-203,CA-1506,2025-09-23,2025-10-23,455.66,USD,SampleGen
INV-f3de583f-690e-4cbd-92a2-eb5e412e9ffd,ID203306,CID-203,CA-1506,2025-10-04,2025-11-03,7530.04,USD,SampleGen
INV-f8b25057-99ba-4bd7-9b49-9dce7f0252d6,ID203307,CID-203,CA-1506,2025-10-05,2025-11-04,1780.68,USD,SampleGen
INV-9a1f6b7a-518e-420c-b241-af6878780e8e,ID203308,CID-203,CA-1506,2025-11-07,2025-12-07,4667.96,USD,SampleGen
INV-d5b09481-f932-4ae5-a290-5f5aaa9766da,ID203309,CID-203,CA-1506,2025-11-13,2025-12-13,3591.1,USD,SampleGen
INV-d788a2d7-2da1-40d5-b166-eddf9aa2e3e4,ID203310,CID-203,CA-1506,2025-12-05,2026-01-04,4786.8,USD,SampleGen
INV-b45dc563-72dc-495c-a3c3-8e63f3962b1e,ID203311,CID-203,CA-1506,2025-12-08,2026-01-07,3794.62,USD,SampleGen
INV-47bbd9cc-43bb-418c-ad1b-c9ba70ab7e27,ID203312,CID-203,CA-1506,2025-12-12,2026-01-11,1059.76,USD,SampleGen
INV-30e4f370-b6a2-4098-90f1-3df9956bb303,ID203313,CID-203,CA-1506,2025-12-07,2026-01-06,472.62,USD,SampleGen
INV-b6cef4f4-b789-4e1f-8b76-2dceab9575b6,ID203314,CID-203,CA-1506,2025-12-18,2026-01-17,2611.76,USD,SampleGen
INV-496678e7-8b53-47f8-ac9e-64528164d3c0,ID203315,CID-203,CA-1506,2026-01-22,2026-02-21,1462.68,USD,SampleGen
INV-b6bbbfa7-afec-4313-9e78-28efcd86fe17,ID203316,CID-203,CA-1506,2026-01-08,2026-02-07,4307.64,USD,SampleGen
INV-53eeb450-fc4e-4cbe-a05f-3b76ce1b67e0,ID203317,CID-203,CA-1506,2026-01-08,2026-02-07,2611.76,USD,SampleGen
INV-9e000c34-2bc8-44bf-84e9-dfd1dfe5529c,ID203318,CID-203,CA-1506,2026-01-15,2026-02-14,3561.4,USD,SampleGen
INV-4f47cce1-2eda-40db-ada9-c3bd7a84779e,ID203319,CID-203,CA-1506,2026-02-12,2026-03-14,4990.3,USD,SampleGen
INV-0c151820-0654-4fba-ba4f-05df2d00a92d,ID203320,CID-203,CA-1506,2026-02-14,2026-03-16,3268.82,USD,SampleGen
INV-88274513-5fe9-4b4e-bdf8-0d42d9014e10,ID203321,CID-203,CA-1506,2026-02-11,2026-03-13,1144.68,USD,SampleGen
INV-b93ef215-f3a2-4e16-b94b-010cb7167d80,ID203322,CID-203,CA-1506,2026-02-20,2026-03-22,5431.18,USD,SampleGen
INV-bf3a8e1e-1ee4-450e-8dff-c89f94d93e18,ID203323,CID-203,CA-1506,2026-02-16,2026-03-18,1280.32,USD,SampleGen
INV-0f2cb3b9-4987-403b-a278-47ec19421305,ID203324,CID-203,CA-1506,2026-02-06,2026-03-08,756.68,USD,SampleGen
INV-01ee73da-042b-4410-b90b-9ca5a74d89c9,ID203325,CID-203,CA-1506,2026-02-16,2026-03-18,2056.2,USD,SampleGen
INV-a6ba8816-48c7-4577-9fab-5130c570cb42,ID203326,CID-203,CA-1506,2026-02-11,2026-03-13,1055.62,USD,SampleGen
INV-df803b83-1844-46ff-9850-904d7181cafe,ID203327,CID-203,CA-1506,2026-03-16,2026-04-15,2921.12,USD,SampleGen
INV-97369f26-897f-4569-b693-43d60dbf5868,ID203328,CID-203,CA-1506,2026-03-20,2026-04-19,746.0,USD,SampleGen
INV-be92c902-b535-4b52-932b-9b94c1939ac8,ID203329,CID-203,CA-1506,2026-04-01,2026-05-01,4163.48,USD,SampleGen
INV-64f4bdd5-3aa6-42f7-8da4-c3cce0135759,ID203330,CID-203,CA-1506,2026-03-11,2026-04-10,5359.1,USD,SampleGen
INV-5092ea27-b689-4064-a523-7e00e9ae2b13,ID203331,CID-203,CA-1506,2026-03-14,2026-04-13,1373.48,USD,SampleGen
INV-ee12a40f-66c0-4732-9af5-d89f80f125ad,ID203332,CID-203,CA-1506,2026-03-26,2026-04-25,1929.12,USD,SampleGen
INV-7cb5c409-e83c-4452-9c22-22a3106e3367,ID203333,CID-203,CA-1506,2026-03-11,2026-04-10,2416.68,USD,SampleGen
INV-6ccadc66-4544-4614-8aa7-d1628e510e9a,ID203334,CID-203,CA-1506,2026-03-21,2026-04-20,3472.42,USD,SampleGen
INV-6a3fc90e-eccf-4e8c-8e1f-56b66c5be6b1,ID203335,CID-203,CA-1506,2026-04-01,2026-05-01,2013.9,USD,SampleGen
INV-ef53a8bb-242e-4e4d-b535-c688d140e90e,ID203336,CID-203,CA-1506,2026-03-05,2026-04-04,4322.44,USD,SampleGen
INV-19e301a4-bf64-4bd2-82b6-eac974fc26df,ID203337,CID-204,CA-0366,2025-06-26,2025-07-26,924.14,USD,SampleGen
INV-1eac91ee-329a-4379-8f7f-f124491deb2d,ID203338,CID-204,CA-0366,2025-06-03,2025-07-03,3917.64,USD,SampleGen
INV-5dc22617-130d-49af-89f9-3e56581f2a97,ID203339,CID-204,CA-0366,2025-06-21,2025-07-21,3739.54,USD,SampleGen
INV-182f09a6-0960-40ba-bf7a-6766e1774e61,ID203340,CID-204,CA-0366,2025-06-21,2025-07-21,4044.82,USD,SampleGen
INV-6e9ea078-aaa9-41ff-8a44-4d0bcdbb3a1c,ID203341,CID-204,CA-0366,2025-07-19,2025-08-18,3616.46,USD,SampleGen
INV-ddc0f60f-c42d-4927-be42-a2878ddac813,ID203342,CID-204,CA-0366,2025-07-11,2025-08-10,1212.38,USD,SampleGen
INV-dd2d229b-8f24-43dc-a99b-04ef678a4482,ID203343,CID-204,CA-0366,2025-07-02,2025-08-01,2272.48,USD,SampleGen
INV-52ca7fdf-3ab8-4480-8890-70e6f9730907,ID203344,CID-204,CA-0366,2025-07-21,2025-08-20,852.06,USD,SampleGen
INV-6a88f333-be11-4bf9-82b3-156390a6fc12,ID203345,CID-204,CA-0366,2025-07-05,2025-08-04,2174.96,USD,SampleGen
INV-345c0058-b3ec-47f7-8ea6-60d494637f28,ID203346,CID-204,CA-0366,2025-08-27,2025-09-26,879.64,USD,SampleGen
INV-6e507146-d534-4468-8e07-66bf7e4c15e5,ID203347,CID-204,CA-0366,2025-08-31,2025-09-30,4273.66,USD,SampleGen
INV-09626491-e9dc-4961-80b3-8461dbec1ffc,ID203348,CID-204,CA-0366,2025-08-06,2025-09-05,627.42,USD,SampleGen
INV-befa8a6a-46a2-472e-9371-79f4effa3aee,ID203349,CID-204,CA-0366,2025-08-25,2025-09-24,4704.06,USD,SampleGen
INV-40d2d38b-3289-4200-9739-a81cbabd21d6,ID203350,CID-204,CA-0366,2025-08-15,2025-09-14,3930.28,USD,SampleGen
INV-120543d4-6619-4a33-a758-0b3a3a449a07,ID203351,CID-204,CA-0366,2025-08-05,2025-09-04,5094.1,USD,SampleGen
INV-d0776b65-95db-48f0-9b8b-79a1b99c9615,ID203352,CID-204,CA-0366,2025-08-05,2025-09-04,1488.1,USD,SampleGen
INV-c3f06e05-2e19-4758-977d-51426283a1d1,ID203353,CID-204,CA-0366,2025-09-03,2025-10-03,2904.16,USD,SampleGen
INV-9e2e3ec8-8ae6-4a65-9171-df770acfbf11,ID203354,CID-204,CA-0366,2025-09-27,2025-10-27,1305.72,USD,SampleGen
INV-738745ef-a344-4324-a501-a9e3565bd6ca,ID203355,CID-204,CA-0366,2025-10-25,2025-11-24,1093.84,USD,SampleGen
INV-38544855-f4fe-4adb-a2ea-c1853c27de5a,ID203356,CID-204,CA-0366,2025-10-14,2025-11-13,1000.56,USD,SampleGen
INV-35dca3e4-a88d-4948-86cb-a01f0a83f5ae,ID203357,CID-204,CA-0366,2025-12-01,2025-12-31,2380.53,USD,SampleGen
INV-798d2834-9edb-468d-9ada-453e6d133ae2,ID203358,CID-204,CA-0366,2025-11-25,2025-12-25,760.94,USD,SampleGen
INV-a846b1d1-d5a1-4479-94b8-902fd512363b,ID203359,CID-204,CA-0366,2025-11-03,2025-12-03,2181.28,USD,SampleGen
INV-0344b896-d07b-456b-8dae-46e5748943a8,ID203360,CID-204,CA-0366,2025-12-07,2026-01-06,4066.0,USD,SampleGen
INV-7d584b70-6710-46b4-a26e-885d019cc8a0,ID203361,CID-204,CA-0366,2025-12-11,2026-01-10,1721.28,USD,SampleGen
INV-b772cde8-e499-4a62-b6f0-d9bcc7bdfa2e,ID203362,CID-204,CA-0366,2025-12-19,2026-01-18,2435.68,USD,SampleGen
INV-f3c99ba6-7c20-405f-b71a-4cdb391dac3e,ID203363,CID-204,CA-0366,2025-12-23,2026-01-22,1411.64,USD,SampleGen
INV-d9c721d1-066c-4fcc-80be-d4e6cb009bf5,ID203364,CID-204,CA-0366,2025-12-05,2026-01-04,5223.52,USD,SampleGen
INV-87d9987d-8d91-4e3b-9f58-3b19f2eb2fd4,ID203365,CID-204,CA-0366,2025-12-12,2026-01-11,6506.08,USD,SampleGen
INV-a45ab0b8-727e-4b6a-a1d1-51544a75fad0,ID203366,CID-204,CA-0366,2026-01-14,2026-02-13,4324.52,USD,SampleGen
INV-1dcb5fb2-27df-4bd0-9425-754641422ad4,ID203367,CID-204,CA-0366,2026-01-05,2026-02-04,353.94,USD,SampleGen
INV-b5d8b155-b07f-4604-97ce-210d2024132b,ID203368,CID-204,CA-0366,2026-01-06,2026-02-05,4602.34,USD,SampleGen
INV-b432493e-1d13-43c5-bab0-e25eb4d9cc68,ID203369,CID-204,CA-0366,2026-01-13,2026-02-12,873.3,USD,SampleGen
INV-112b4c21-fe1e-441f-874a-a91675a39094,ID203370,CID-204,CA-0366,2026-01-23,2026-02-22,1475.4,USD,SampleGen
INV-2da74464-aeea-41b4-9985-116e49f61339,ID203371,CID-204,CA-0366,2026-02-04,2026-03-06,4417.96,USD,SampleGen
INV-fd1e8b4f-f349-4819-a6cc-0819fbdfc3fe,ID203372,CID-204,CA-0366,2026-02-04,2026-03-06,2374.24,USD,SampleGen
INV-3508b372-2de9-497f-8ed1-a81cf560ec63,ID203373,CID-204,CA-0366,2026-02-09,2026-03-11,3697.14,USD,SampleGen
INV-e9f357ca-0d62-4111-8058-ceea1550d8aa,ID203374,CID-204,CA-0366,2026-02-09,2026-03-11,1153.04,USD,SampleGen
INV-5a756e1f-2c53-4b74-b337-ea8502c1b909,ID203375,CID-204,CA-0366,2026-02-09,2026-03-11,2013.9,USD,SampleGen
INV-4dc68f76-2156-43a8-9455-899a44b7cbcf,ID203376,CID-204,CA-0366,2026-02-18,2026-03-20,1505.04,USD,SampleGen
INV-25c2b62f-8d74-40c9-85cc-33f3940db250,ID203377,CID-204,CA-0366,2026-02-21,2026-03-23,1793.34,USD,SampleGen
INV-b00200f4-dbce-4506-bd43-8e7180bfbede,ID203378,CID-204,CA-0366,2026-02-22,2026-03-24,4907.6,USD,SampleGen
INV-fef35474-7de5-41a9-a610-8c8ed582ddc9,ID203379,CID-204,CA-0366,2026-02-11,2026-03-13,1869.66,USD,SampleGen
INV-381c77b6-5249-45a9-838e-fa303df2fb47,ID203380,CID-204,CA-0366,2026-03-18,2026-04-17,1121.3,USD,SampleGen
INV-cc244cff-ba2d-4163-a56b-624924caa8bb,ID203381,CID-204,CA-0366,2026-03-31,2026-04-30,3281.64,USD,SampleGen
INV-c03bbfbe-15de-42de-a3ca-8ab15a5c3e25,ID203382,CID-204,CA-0366,2026-03-04,2026-04-03,1263.28,USD,SampleGen
INV-3b256a9c-d8e8-4555-bd97-54e9af35645b,ID203383,CID-204,CA-0366,2026-04-01,2026-05-01,1239.96,USD,SampleGen
INV-b8aa4935-011f-4ae0-9e62-76a7569a5ee1,ID203384,CID-204,CA-0366,2026-03-30,2026-04-29,500.16,USD,SampleGen
INV-efbe7488-4f22-41f0-948b-5725916b9012,ID203385,CID-204,CA-0366,2026-03-10,2026-04-09,659.16,USD,SampleGen
INV-bdb43c08-0cb6-4ad2-8b3e-3e6b5983a737,ID203386,CID-204,CA-0366,2026-04-01,2026-05-01,5024.22,USD,SampleGen
INV-5c69e773-633e-4689-b233-683caf6fde07,ID203387,CID-204,CA-0366,2026-03-23,2026-04-22,1015.28,USD,SampleGen
INV-061c04b5-3f46-4f1f-b2e0-424bbf873fef,ID203388,CID-204,CA-0366,2026-03-14,2026-04-13,1059.88,USD,SampleGen
INV-5cb49054-a079-489c-8a46-f13fa5b73d83,ID203389,CID-204,CA-0366,2026-03-18,2026-04-17,676.14,USD,SampleGen
INV-8b400583-764a-4aa7-95d8-dda182193a3c,ID203390,CID-204,CA-0366,2026-03-24,2026-04-23,1435.02,USD,SampleGen
INV-69a17d28-f44f-4545-8d22-87bdd931eada,ID203391,CID-205,CA-0368,2025-06-03,2025-07-03,1119.14,USD,SampleGen
INV-607c9499-01ea-417e-b066-c6cf21fb71cb,ID203392,CID-205,CA-0368,2025-06-02,2025-07-02,464.16,USD,SampleGen
INV-a5d69cf5-77aa-442c-8cfc-145d61524663,ID203393,CID-205,CA-0368,2025-07-25,2025-08-24,531.96,USD,SampleGen
INV-911d640e-0486-4ecd-8b84-b1a3f6265940,ID203394,CID-205,CA-0368,2025-07-09,2025-08-08,491.68,USD,SampleGen
INV-24488f37-64f9-4387-842f-73ef3068e432,ID203395,CID-205,CA-0368,2025-08-30,2025-09-29,1343.92,USD,SampleGen
INV-aa3c4ec1-d81e-4c42-9bc3-3ceed536fb18,ID203396,CID-205,CA-0368,2025-08-26,2025-09-25,1373.54,USD,SampleGen
INV-4b285b43-12ec-4d1b-a8f9-2e079f0708b2,ID203397,CID-205,CA-0368,2025-08-18,2025-09-17,1237.8,USD,SampleGen
INV-46a2d002-21e4-4278-b04d-f66b7ee1c107,ID203398,CID-205,CA-0368,2025-08-02,2025-09-01,981.38,USD,SampleGen
INV-c054fb91-5bb2-4432-9a1d-f3ff150f8d29,ID203399,CID-205,CA-0368,2025-09-04,2025-10-04,1929.12,USD,SampleGen
INV-6d41259d-2b61-4597-87de-ecdf710cdcc3,ID203400,CID-205,CA-0368,2025-10-12,2025-11-11,1962.88,USD,SampleGen
INV-6c1617f4-228f-4077-a606-2ceaba2ddee1,ID203401,CID-205,CA-0368,2025-11-30,2025-12-30,3217.81,USD,SampleGen
INV-db63b193-4315-4219-b78b-93817be6d871,ID203402,CID-205,CA-0368,2025-12-16,2026-01-15,6232.48,USD,SampleGen
INV-25659da6-2891-4210-9e2c-312d37b88959,ID203403,CID-205,CA-0368,2025-12-20,2026-01-19,1102.28,USD,SampleGen
INV-d7a25266-b161-4fba-9ac6-113f63fbd872,ID203404,CID-205,CA-0368,2025-12-10,2026-01-09,585.0,USD,SampleGen
INV-80b28f3f-8fc7-4a63-8c09-00ea350c5eec,ID203405,CID-205,CA-0368,2025-12-11,2026-01-10,1032.34,USD,SampleGen
INV-6213779d-6d45-403e-bd64-8ee886bf69d9,ID203406,CID-205,CA-0368,2026-01-25,2026-02-24,122.92,USD,SampleGen
INV-7111a88e-7dfe-4e69-acd0-6cd0955cd114,ID203407,CID-205,CA-0368,2026-02-01,2026-03-03,459.94,USD,SampleGen
INV-f799a826-7ac5-4d56-8e8e-f648968b72a9,ID203408,CID-205,CA-0368,2026-02-03,2026-03-05,3421.52,USD,SampleGen
INV-0951e546-dff8-4723-be56-7f5e24e5baf7,ID203409,CID-205,CA-0368,2026-02-10,2026-03-12,2272.42,USD,SampleGen
INV-fc1aa996-e200-4d89-84e9-7aff9d2233b2,ID203410,CID-205,CA-0368,2026-02-07,2026-03-09,364.56,USD,SampleGen
INV-78facf0c-4504-40ef-aa5b-b750389d1365,ID203411,CID-205,CA-0368,2026-02-04,2026-03-06,2959.3,USD,SampleGen
INV-80526a31-af87-4de3-ba12-e39d4d35c48e,ID203412,CID-205,CA-0368,2026-02-21,2026-03-23,3697.1,USD,SampleGen
INV-a7c50d11-6fc5-4963-bed3-dfb429e19830,ID203413,CID-205,CA-0368,2026-03-15,2026-04-14,4087.16,USD,SampleGen
INV-8ce97dd2-b74b-40fa-a4c4-52713b3336ce,ID203414,CID-205,CA-0368,2026-03-09,2026-04-08,4797.3,USD,SampleGen
INV-cd44d3b1-23fc-4ab7-bf65-df5bec7b22ff,ID203415,CID-205,CA-0368,2026-03-07,2026-04-06,309.44,USD,SampleGen
INV-3975a6b3-3102-4be8-a78c-801ba3ae82cc,ID203416,CID-205,CA-0368,2026-03-22,2026-04-21,6224.16,USD,SampleGen
INV-522a873e-2d4e-4df4-a0da-724dd354526e,ID203417,CID-205,CA-0368,2026-03-21,2026-04-20,498.06,USD,SampleGen
INV-a1b82aad-5769-43de-9b75-22b54e817d9e,ID203418,CID-205,CA-0368,2026-03-18,2026-04-17,498.1,USD,SampleGen
INV-0dda773c-3639-4ebf-b985-f0f50bd89b59,ID203419,CID-206,CA-0370,2025-06-10,2025-07-10,1191.28,USD,SampleGen
INV-f0bd9b75-e9e4-49d9-87a8-c48cd89a3900,ID203420,CID-206,CA-0370,2025-07-11,2025-08-10,3582.58,USD,SampleGen
INV-770893eb-929d-43e3-9b6d-65634d460907,ID203421,CID-206,CA-0370,2025-08-20,2025-09-19,415.36,USD,SampleGen
INV-b9feeb9d-5294-4ea6-bf90-25779cb64ba2,ID203422,CID-206,CA-0370,2025-08-02,2025-09-01,500.2,USD,SampleGen
INV-cdac392f-e917-4757-a568-0762e388d184,ID203423,CID-206,CA-0370,2025-10-08,2025-11-07,813.98,USD,SampleGen
INV-9e737270-bd5d-4b33-99f7-5287e4d93b7e,ID203424,CID-206,CA-0370,2025-12-03,2026-01-02,3722.56,USD,SampleGen
INV-23c0ad17-39b5-48c3-8a5a-dc7f65e66ad3,ID203425,CID-206,CA-0370,2025-12-12,2026-01-11,4188.96,USD,SampleGen
INV-22c92a7c-878f-42f2-83be-5e95505a8224,ID203426,CID-206,CA-0370,2026-01-22,2026-02-21,1946.08,USD,SampleGen
INV-51cd780a-de6f-4f3b-98d5-82143b4916ef,ID203427,CID-206,CA-0370,2026-02-21,2026-03-23,1820.94,USD,SampleGen
INV-7e845efb-c724-444f-9708-5f1df4ba86f9,ID203428,CID-206,CA-0370,2026-03-08,2026-04-07,2573.46,USD,SampleGen
INV-129b5d78-6a0e-4bd3-8c53-67f344bcbc22,ID203429,CID-206,CA-0370,2026-03-23,2026-04-22,2465.3,USD,SampleGen
INV-d2fcbbd2-a872-4c2f-8bde-325444a4fa38,ID203430,CID-207,CA-0372,2025-06-28,2025-07-28,2297.88,USD,SampleGen
INV-bf6c98ff-c066-47b3-af3c-558bf91bb7b5,ID203431,CID-207,CA-0372,2025-06-14,2025-07-14,1237.88,USD,SampleGen
INV-b724605b-f380-4ec1-9655-cc620090f0b0,ID203432,CID-207,CA-0372,2025-07-21,2025-08-20,661.32,USD,SampleGen
INV-e872b294-651b-4680-bd8d-18cd057b3751,ID203433,CID-207,CA-0372,2025-07-20,2025-08-19,3421.4,USD,SampleGen
INV-cef860c7-1546-41c5-aefe-154db84fe348,ID203434,CID-207,CA-0372,2025-08-09,2025-09-08,2018.12,USD,SampleGen
INV-91c7c978-6138-43ca-a875-8be44261516e,ID203435,CID-207,CA-0372,2025-08-23,2025-09-22,2164.38,USD,SampleGen
INV-b422bb9c-8d55-48c4-bb1c-c6b129c173ce,ID203436,CID-207,CA-0372,2025-09-24,2025-10-24,3796.78,USD,SampleGen
INV-cebaf381-e2e7-4828-9e77-6cf3afd1cb38,ID203437,CID-207,CA-0372,2025-10-21,2025-11-20,349.68,USD,SampleGen
INV-b17ee98e-e8c1-4397-8af0-0301ac3c94fe,ID203438,CID-207,CA-0372,2025-11-08,2025-12-08,6255.86,USD,SampleGen
INV-2bbb44f8-627e-49c1-99f4-c518da35e106,ID203439,CID-207,CA-0372,2025-11-18,2025-12-18,1008.96,USD,SampleGen
INV-3c3408ee-f0c3-43bc-b1df-14911289da84,ID203440,CID-207,CA-0372,2025-12-23,2026-01-22,1481.76,USD,SampleGen
INV-d64d34ce-8220-4683-a360-b1f3ac7f5ff5,ID203441,CID-207,CA-0372,2025-12-09,2026-01-08,1403.34,USD,SampleGen
INV-ea9db970-3f77-47f2-8f14-085dcb201d19,ID203442,CID-207,CA-0372,2026-01-16,2026-02-15,1598.34,USD,SampleGen
INV-78b34576-6fee-4b02-b6a0-a0106ea88d9e,ID203443,CID-207,CA-0372,2026-01-07,2026-02-06,928.48,USD,SampleGen
INV-efdbd1a5-3122-4880-80a8-4df261027f88,ID203444,CID-207,CA-0372,2026-02-14,2026-03-16,375.1,USD,SampleGen
INV-0fabfba1-c1f5-4bc7-9fdd-fc79f0cf4ecc,ID203445,CID-207,CA-0372,2026-02-06,2026-03-08,379.38,USD,SampleGen
INV-3499e76a-14f8-4dae-b3e2-9b09d8771ddb,ID203446,CID-207,CA-0372,2026-02-06,2026-03-08,958.12,USD,SampleGen
INV-b336971d-529a-4a5f-8e2a-58d84d593a68,ID203447,CID-207,CA-0372,2026-03-08,2026-04-07,3417.32,USD,SampleGen
INV-efe29f19-1d5b-4ae0-92c0-30681091f2a2,ID203448,CID-207,CA-0372,2026-03-15,2026-04-14,1218.78,USD,SampleGen
INV-3dcbcd32-6fe2-48f1-9604-2fdc994fdfda,ID203449,CID-207,CA-0372,2026-03-02,2026-04-01,394.24,USD,SampleGen
INV-508305c4-8286-4140-82fc-d2899a88ad4e,ID203450,CID-207,CA-0372,2026-03-21,2026-04-20,3866.74,USD,SampleGen
INV-da6f9c1f-93ad-4ae5-b463-9b22412a05a2,ID203451,CID-208,CA-0374,2025-06-30,2025-07-30,631.62,USD,SampleGen
INV-84705eef-410a-4af3-b96e-dca9648db6a0,ID203452,CID-208,CA-0374,2025-06-12,2025-07-12,1589.82,USD,SampleGen
INV-6f5ab333-0944-4857-8380-3a07dcabdc62,ID203453,CID-208,CA-0374,2025-07-14,2025-08-13,697.32,USD,SampleGen
INV-3a479a01-5c39-495e-af0e-83fe723cc5a0,ID203454,CID-208,CA-0374,2025-07-18,2025-08-17,1517.66,USD,SampleGen
INV-5f08ad58-0108-46f4-9f1b-cb1b7766c068,ID203455,CID-208,CA-0374,2025-07-25,2025-08-24,370.86,USD,SampleGen
INV-fc0b1b61-0f15-40ff-8182-d54e13771df7,ID203456,CID-208,CA-0374,2025-08-06,2025-09-05,1587.72,USD,SampleGen
INV-820bf986-f43d-4fb4-a4ca-c3bbfe984302,ID203457,CID-208,CA-0374,2025-08-16,2025-09-15,2458.98,USD,SampleGen
INV-04842e6f-92e6-41ed-82c2-51c2960ae14b,ID203458,CID-208,CA-0374,2025-08-26,2025-09-25,529.8,USD,SampleGen
INV-b2bc3bcb-0471-4208-82b7-f0a9b300d0a0,ID203459,CID-208,CA-0374,2025-08-03,2025-09-02,1017.46,USD,SampleGen
INV-15a33573-74c2-4280-b571-e434dcc907b6,ID203460,CID-208,CA-0374,2025-08-09,2025-09-08,591.36,USD,SampleGen
INV-2578d155-dbe4-43d3-9568-dbb398df0043,ID203461,CID-208,CA-0374,2025-09-30,2025-10-30,3858.24,USD,SampleGen
INV-4671c6e2-e3e3-4a92-ace1-5236aa04b605,ID203462,CID-208,CA-0374,2025-10-17,2025-11-16,6974.58,USD,SampleGen
INV-5b138529-ef1e-4e7c-b6b9-b795cadb09db,ID203463,CID-208,CA-0374,2025-11-27,2025-12-27,1729.68,USD,SampleGen
INV-7a2ba3f8-ebb6-4ed2-b6ae-1371bdb23b60,ID203464,CID-208,CA-0374,2025-11-06,2025-12-06,1975.64,USD,SampleGen
INV-32b14afd-5b76-4eb5-b5be-c17f8bcef8bb,ID203465,CID-208,CA-0374,2025-12-31,2026-01-30,4432.7,USD,SampleGen
INV-042d09c1-712e-45f8-b4e9-8603452d10c2,ID203466,CID-208,CA-0374,2025-12-25,2026-01-24,4901.12,USD,SampleGen
INV-6a363568-cf64-4505-a01a-e75f5b2c58fa,ID203467,CID-208,CA-0374,2025-12-17,2026-01-16,4460.36,USD,SampleGen
INV-fcf328bf-8933-4da6-bab3-ccb322d9fc08,ID203468,CID-208,CA-0374,2025-12-22,2026-01-21,1314.12,USD,SampleGen
INV-37758714-671a-4868-a3ba-2e2059aa4920,ID203469,CID-208,CA-0374,2025-12-20,2026-01-19,3684.32,USD,SampleGen
INV-90e19fa9-d753-4d97-a0e8-4a3c5dcaf438,ID203470,CID-208,CA-0374,2026-02-01,2026-03-03,423.9,USD,SampleGen
INV-4da2b8dd-24d6-4804-978c-3b9d7835efb0,ID203471,CID-208,CA-0374,2026-01-31,2026-03-02,190.78,USD,SampleGen
INV-21146641-42ce-4643-8801-51db1ccd13c4,ID203472,CID-208,CA-0374,2026-01-05,2026-02-04,953.9,USD,SampleGen
INV-5e19973d-626c-4ad2-8d46-639078980509,ID203473,CID-208,CA-0374,2026-02-16,2026-03-18,2213.1,USD,SampleGen
INV-d2edf18b-8adf-46e3-9a6e-55c6452699bb,ID203474,CID-208,CA-0374,2026-02-25,2026-03-27,572.26,USD,SampleGen
INV-bf9d1d2f-2e91-4c89-a5e0-70c09a167521,ID203475,CID-208,CA-0374,2026-02-08,2026-03-10,712.08,USD,SampleGen
INV-b804897a-31b6-480c-add0-b5a75cbff18e,ID203476,CID-208,CA-0374,2026-02-22,2026-03-24,474.76,USD,SampleGen
INV-70dc141b-a7ec-4433-8cae-773fc22ef962,ID203477,CID-208,CA-0374,2026-02-24,2026-03-26,3771.34,USD,SampleGen
INV-c6cff08f-b7f6-4fb5-9242-ee8e9ab112e2,ID203478,CID-208,CA-0374,2026-02-07,2026-03-09,3866.64,USD,SampleGen
INV-9361ba9e-e4e7-4e4c-90eb-51abdd4e5cd7,ID203479,CID-208,CA-0374,2026-02-08,2026-03-10,269.14,USD,SampleGen
INV-f7221e84-e62b-44bc-a6f8-4fbb10426b8e,ID203480,CID-208,CA-0374,2026-03-06,2026-04-05,1136.06,USD,SampleGen
INV-b954dae6-dbc5-4fc1-891f-2146ba1c1ee1,ID203481,CID-208,CA-0374,2026-03-12,2026-04-11,3889.94,USD,SampleGen
INV-3b1df478-1ba0-43f9-bcfb-63f55c134f06,ID203482,CID-208,CA-0374,2026-03-23,2026-04-22,474.76,USD,SampleGen
INV-ebd440a1-d023-42f0-aeda-2358960a50e0,ID203483,CID-208,CA-0374,2026-04-01,2026-05-01,504.42,USD,SampleGen
INV-03f10464-64a3-46fc-9986-c2c3db9c462c,ID203484,CID-208,CA-0374,2026-03-23,2026-04-22,4920.32,USD,SampleGen
INV-f0ce1dae-0c8a-4a25-b5f7-77aab579f9ae,ID203485,CID-208,CA-0374,2026-03-06,2026-04-05,860.64,USD,SampleGen
INV-340853fa-31be-42b2-96e6-169224d75832,ID203486,CID-208,CA-0374,2026-03-26,2026-04-25,4184.74,USD,SampleGen
INV-05073e27-caa2-4d50-ae00-3556f97eca19,ID203487,CID-208,CA-0374,2026-03-08,2026-04-07,2480.1,USD,SampleGen
INV-0c57b2e1-13d6-4706-ad03-bde36ca6e785,ID203488,CID-209,CA-0376,2025-06-29,2025-07-29,546.84,USD,SampleGen
INV-ecf85766-8d92-4ab5-a125-f3051a1b6804,ID203489,CID-209,CA-0376,2025-09-25,2025-10-25,1229.42,USD,SampleGen
INV-53b2ad51-d026-4950-9cff-3e9a5c6ea888,ID203490,CID-209,CA-0376,2025-10-25,2025-11-24,746.12,USD,SampleGen
INV-2d251e8b-a3e0-405d-bd75-46a4322134ae,ID203491,CID-209,CA-0376,2026-01-28,2026-02-27,402.78,USD,SampleGen
INV-241f2f0e-dc99-4534-84f6-6b6064779930,ID203492,CID-209,CA-0376,2026-02-18,2026-03-20,286.08,USD,SampleGen
INV-75ad3a6b-b417-4e43-8df0-ed7ba9c50bf3,ID203493,CID-209,CA-0376,2026-03-26,2026-04-25,2849.08,USD,SampleGen
INV-127f429d-f030-4bc4-a4f1-61280f2291e7,ID203494,CID-210,CA-0378,2025-12-23,2026-01-22,377.26,USD,SampleGen
INV-5e2ff928-2096-46ad-85cc-59376813dc04,ID203495,CID-210,CA-0378,2026-01-13,2026-02-12,2236.42,USD,SampleGen
INV-a4388749-495f-46d6-a52b-bebbededb036,ID203496,CID-210,CA-0378,2026-02-20,2026-03-22,1284.48,USD,SampleGen
INV-7082ec48-e5d6-4bc1-ad7c-1017bfe98340,ID203497,CID-210,CA-0378,2026-03-17,2026-04-16,504.48,USD,SampleGen
INV-f953cc5b-820b-407f-b12b-f46ef1f11040,ID203498,CID-211,CA-0380,2025-06-24,2025-07-24,2060.54,USD,SampleGen
INV-8d1de2df-5190-4808-bf2d-6751a605bbda,ID203499,CID-211,CA-0380,2025-07-02,2025-08-01,2446.32,USD,SampleGen
INV-be9de90a-eb2c-4cac-bbae-e80237b39c34,ID203500,CID-211,CA-0380,2025-08-04,2025-09-03,3900.68,USD,SampleGen
INV-a2381e39-9034-4b2f-8094-8983275707dd,ID203501,CID-211,CA-0380,2025-12-02,2026-01-01,2560.76,USD,SampleGen
INV-1d0d4826-5406-4c15-8ab7-ddd779e66be6,ID203502,CID-211,CA-0380,2026-01-04,2026-02-03,4725.32,USD,SampleGen
INV-6d337274-8f59-4303-bd6b-ecbb202f5dd7,ID203503,CID-211,CA-0380,2026-02-02,2026-03-04,1751.0,USD,SampleGen
INV-3162e18a-0d38-4323-b865-ea2c5683ffb3,ID203504,CID-211,CA-0380,2026-02-16,2026-03-18,5272.22,USD,SampleGen
INV-32364921-d9c5-4c38-a5ad-b55f6daf6539,ID203505,CID-211,CA-0380,2026-03-25,2026-04-24,975.12,USD,SampleGen
INV-7be399b0-db51-486d-8827-2ab60b7d7789,ID203506,CID-211,CA-0380,2026-03-04,2026-04-03,1505.06,USD,SampleGen
INV-f3db9ee7-f0ab-4d73-b933-7a7725989cd2,ID203507,CID-212,CA-0382,2025-06-05,2025-07-05,254.32,USD,SampleGen
INV-485f23a4-5ffe-4710-8477-561122bea896,ID203508,CID-212,CA-0382,2025-06-07,2025-07-07,3474.44,USD,SampleGen
INV-e6173e01-e6e3-42c1-b284-0655ea52ab5b,ID203509,CID-212,CA-0382,2025-07-21,2025-08-20,1051.3,USD,SampleGen
INV-26231f96-7bf8-4f53-87e5-4f3db8e907cc,ID203510,CID-212,CA-0382,2025-07-19,2025-08-18,788.48,USD,SampleGen
INV-2706bfb9-2829-4b5f-aebc-120bbf26a4a0,ID203511,CID-212,CA-0382,2025-08-17,2025-09-16,2386.86,USD,SampleGen
INV-38ad33ff-f105-499e-8214-4341d9440a44,ID203512,CID-212,CA-0382,2025-08-12,2025-09-11,3892.16,USD,SampleGen
INV-d47c5040-09d0-4c5e-af96-e648713a52e3,ID203513,CID-212,CA-0382,2025-09-11,2025-10-11,1013.18,USD,SampleGen
INV-5e825bcd-5c33-4015-935a-39b38982fabe,ID203514,CID-212,CA-0382,2025-10-23,2025-11-22,322.08,USD,SampleGen
INV-3fbbab7a-a72e-49d0-9820-30536c70987c,ID203515,CID-212,CA-0382,2025-11-17,2025-12-17,1216.72,USD,SampleGen
INV-1cf633b1-5218-4e53-a332-1289b9e07b68,ID203516,CID-212,CA-0382,2025-11-29,2025-12-29,2768.35,USD,SampleGen
INV-6be20cfb-68f3-4315-bfe6-39e37eea501c,ID203517,CID-212,CA-0382,2025-12-15,2026-01-14,2077.48,USD,SampleGen
INV-23d44379-7176-4220-b5b3-028e6a0b801e,ID203518,CID-212,CA-0382,2025-12-06,2026-01-05,2569.32,USD,SampleGen
INV-12082836-84e7-4579-8529-26093af9f4b1,ID203519,CID-212,CA-0382,2025-12-21,2026-01-20,962.34,USD,SampleGen
INV-b28bc771-2119-4310-b1e8-6350b80bdcd9,ID203520,CID-212,CA-0382,2026-01-11,2026-02-10,402.68,USD,SampleGen
INV-22efd796-099b-4144-b45f-07a65d810a53,ID203521,CID-212,CA-0382,2026-01-22,2026-02-21,122.92,USD,SampleGen
INV-e3b0ac22-6e84-4a88-99e4-68aa258e8212,ID203522,CID-212,CA-0382,2026-02-12,2026-03-14,10156.64,USD,SampleGen
INV-fc5e0eac-42e5-45c3-8a15-a5d3dd4cea3e,ID203523,CID-212,CA-0382,2026-02-06,2026-03-08,4890.62,USD,SampleGen
INV-f4e74a6d-ba27-4d3b-a6d1-f45361f14d25,ID203524,CID-212,CA-0382,2026-02-22,2026-03-24,1051.4,USD,SampleGen
INV-523f1f8c-f891-44ca-a869-e7cc81f791a2,ID203525,CID-212,CA-0382,2026-02-28,2026-03-30,2819.46,USD,SampleGen
INV-80ef8b12-43e1-4d5c-a879-882976baf182,ID203526,CID-212,CA-0382,2026-03-09,2026-04-08,2162.24,USD,SampleGen
INV-892f1af4-60f3-4c7b-b3b2-1b3664f7b91f,ID203527,CID-212,CA-0382,2026-03-02,2026-04-01,601.92,USD,SampleGen
INV-755eee4d-8ea9-410d-98a5-27bde076d7bc,ID203528,CID-212,CA-0382,2026-04-01,2026-05-01,1403.34,USD,SampleGen
INV-71fe9ca8-3bcb-459d-8f0b-8b0d9c2d9ccd,ID203529,CID-212,CA-0382,2026-03-10,2026-04-09,2751.64,USD,SampleGen
INV-3db6ca6c-a7de-4054-a916-f69b9c1f2468,ID203530,CID-213,CA-0383,2025-06-20,2025-07-20,2611.76,USD,SampleGen
INV-1484cfb6-d452-4944-bb7e-20a2cc9bbb5b,ID203531,CID-213,CA-0383,2025-07-20,2025-08-19,425.98,USD,SampleGen
INV-99112d5a-deeb-45e7-ba7f-51a7578cd33a,ID203532,CID-213,CA-0383,2025-08-29,2025-09-28,2868.24,USD,SampleGen
INV-570d9172-cc96-4fb7-bcc6-db953fdd4a5a,ID203533,CID-213,CA-0383,2025-08-02,2025-09-01,1057.78,USD,SampleGen
INV-6f85edcd-9113-4f19-8a7b-0aea8f1692e1,ID203534,CID-213,CA-0383,2025-11-30,2025-12-30,5002.98,USD,SampleGen
INV-1a8896d1-b3da-4089-b024-15da2794dd13,ID203535,CID-213,CA-0383,2025-12-13,2026-01-12,5223.52,USD,SampleGen
INV-c52affcf-fb23-45ee-934f-fd6443e91ffa,ID203536,CID-213,CA-0383,2025-12-22,2026-01-21,1861.28,USD,SampleGen
INV-a23b99c4-00da-485c-9e29-be88962b7dfe,ID203537,CID-213,CA-0383,2026-01-10,2026-02-09,3510.48,USD,SampleGen
INV-346c2612-873d-4d6d-b221-9959035aad28,ID203538,CID-213,CA-0383,2026-02-08,2026-03-10,1098.06,USD,SampleGen
INV-df388716-1fd1-47a6-8b45-cd577b2e95b9,ID203539,CID-213,CA-0383,2026-02-27,2026-03-29,1360.78,USD,SampleGen
INV-fcf84d09-3a5b-48cb-875b-c61d5befe40e,ID203540,CID-213,CA-0383,2026-02-13,2026-03-15,843.58,USD,SampleGen
INV-fcd547ec-68fb-44e1-a632-bce19f996f45,ID203541,CID-213,CA-0383,2026-03-13,2026-04-12,682.5,USD,SampleGen
INV-e7d8e81d-3196-4ff0-9356-80691358aed6,ID203542,CID-213,CA-0383,2026-03-20,2026-04-19,4663.86,USD,SampleGen
INV-08eac171-7dae-4442-8aa3-3cf1b9b2f9b2,ID203543,CID-213,CA-0383,2026-03-18,2026-04-17,1017.46,USD,SampleGen
INV-f6f8a2e3-99d8-4c37-bfa1-b4a92c77055c,ID203544,CID-214,CA-0385,2025-06-24,2025-07-24,1547.44,USD,SampleGen
INV-96a8fd9e-4bb2-4c5f-aa40-04c543b64f9a,ID203545,CID-214,CA-0385,2025-07-23,2025-08-22,423.84,USD,SampleGen
INV-3cabb5e9-777b-4b84-85a3-18a59cc4e5d4,ID203546,CID-214,CA-0385,2025-09-01,2025-10-01,3518.94,USD,SampleGen
INV-21b1fafc-7070-443c-b84f-b446c53feb4f,ID203547,CID-214,CA-0385,2025-12-09,2026-01-08,2049.74,USD,SampleGen
INV-2d4f7113-3dd7-41ca-b8f0-775db579470f,ID203548,CID-214,CA-0385,2025-12-25,2026-01-24,5363.4,USD,SampleGen
INV-31bf95e4-13a2-48f8-a516-a4853cc050d0,ID203549,CID-214,CA-0385,2026-02-23,2026-03-25,735.42,USD,SampleGen
INV-524d7660-323b-42f6-b896-f6fd427a973f,ID203550,CID-214,CA-0385,2026-02-06,2026-03-08,3879.36,USD,SampleGen
INV-4719bd5f-279f-46aa-8815-fb1f27411609,ID203551,CID-214,CA-0385,2026-03-12,2026-04-11,2929.62,USD,SampleGen
INV-d3f7c5fe-e037-412c-ba77-9f2430783db7,ID203552,CID-214,CA-0385,2026-03-19,2026-04-18,945.44,USD,SampleGen
INV-61a88dee-ca36-40cd-a323-fbc82a741725,ID203553,CID-215,CA-0387,2025-06-26,2025-07-26,2166.42,USD,SampleGen
INV-2d8c1441-dc5e-47af-92c2-e3f8d358c42d,ID203554,CID-215,CA-0387,2025-06-19,2025-07-19,3557.26,USD,SampleGen
INV-b5b545c9-727d-4e61-8181-9154f82f14f1,ID203555,CID-215,CA-0387,2025-06-19,2025-07-19,930.52,USD,SampleGen
INV-ca6339a3-4702-4523-9245-c912cd2865f9,ID203556,CID-215,CA-0387,2025-07-17,2025-08-16,932.6,USD,SampleGen
INV-03318ee8-c98d-4843-98a0-aa6ad967ce5f,ID203557,CID-215,CA-0387,2025-07-24,2025-08-23,1593.98,USD,SampleGen
INV-63af9ff7-3a8d-4841-a2a9-2fdd3ece653e,ID203558,CID-215,CA-0387,2025-07-08,2025-08-07,572.26,USD,SampleGen
INV-70dddfd8-0381-473a-b933-e41bafd98f7e,ID203559,CID-215,CA-0387,2025-07-02,2025-08-01,790.54,USD,SampleGen
INV-6f3c6139-e323-4c7e-a3aa-77ebb5fec1d4,ID203560,CID-215,CA-0387,2025-08-20,2025-09-19,2314.82,USD,SampleGen
INV-42b5934b-6fe3-4fb3-b2a2-0a4927ea3b07,ID203561,CID-215,CA-0387,2025-08-13,2025-09-12,941.08,USD,SampleGen
INV-f6b731c6-1450-42f5-819c-b73e302ebeb4,ID203562,CID-215,CA-0387,2025-08-09,2025-09-08,4394.56,USD,SampleGen
INV-5538d76d-a3aa-404f-88d0-8f2ddcd71895,ID203563,CID-215,CA-0387,2025-08-14,2025-09-13,2488.62,USD,SampleGen
INV-ed8348d8-4adc-4ce5-a35d-9fd1cf9e404e,ID203564,CID-215,CA-0387,2025-08-14,2025-09-13,907.18,USD,SampleGen
INV-f94f8aa9-6c4c-47a5-8a8b-f6dce0aaebca,ID203565,CID-215,CA-0387,2025-09-29,2025-10-29,1186.98,USD,SampleGen
INV-e0a57360-998f-47b5-9ecb-645a6db33956,ID203566,CID-215,CA-0387,2025-10-11,2025-11-10,415.42,USD,SampleGen
INV-14af96ac-fb2a-42ff-8d94-718fcc83b43a,ID203567,CID-215,CA-0387,2025-10-18,2025-11-17,1042.88,USD,SampleGen
INV-b97add4e-47db-4ce0-bed8-96f8c33847a4,ID203568,CID-215,CA-0387,2025-11-25,2025-12-25,1820.94,USD,SampleGen
INV-d7e6ff2c-2b78-4e65-8b86-fd5b2ecb5840,ID203569,CID-215,CA-0387,2025-11-28,2025-12-28,2482.3,USD,SampleGen
INV-c7bd1f78-7031-4918-9b50-d2dd88c6695d,ID203570,CID-215,CA-0387,2025-12-25,2026-01-24,3285.82,USD,SampleGen
INV-10eb0391-47e9-4d27-bf7e-c9c7900ba5af,ID203571,CID-215,CA-0387,2025-12-17,2026-01-16,6923.68,USD,SampleGen
INV-3e614bdf-5309-464d-b184-1d893a3d899a,ID203572,CID-215,CA-0387,2025-12-18,2026-01-17,1568.68,USD,SampleGen
INV-abaeb3f8-19dd-45d8-84fa-017419acb5ae,ID203573,CID-215,CA-0387,2025-12-12,2026-01-11,1178.54,USD,SampleGen
INV-8ce42930-a336-4333-95bd-f80c6bff9306,ID203574,CID-215,CA-0387,2026-01-04,2026-02-03,1042.96,USD,SampleGen
INV-a3e155f9-f59f-49db-8927-575f36671332,ID203575,CID-215,CA-0387,2026-01-26,2026-02-25,1428.74,USD,SampleGen
INV-46997c8a-237a-4d6f-a6e6-34cd0d31427d,ID203576,CID-215,CA-0387,2026-01-17,2026-02-16,1170.12,USD,SampleGen
INV-65d8e0b1-a2de-4b64-ac4e-d1373b57b013,ID203577,CID-215,CA-0387,2026-01-25,2026-02-24,449.34,USD,SampleGen
INV-8f09a84a-7ab4-4d65-a845-ddc5ca1e665d,ID203578,CID-215,CA-0387,2026-02-07,2026-03-09,741.74,USD,SampleGen
INV-64898336-3cca-4b0f-bf41-8d099fcfe64b,ID203579,CID-215,CA-0387,2026-02-15,2026-03-17,593.48,USD,SampleGen
INV-3ebcc945-85e4-4101-889b-4627812e8f42,ID203580,CID-215,CA-0387,2026-02-03,2026-03-05,2382.76,USD,SampleGen
INV-4ff0feb8-4cc1-4685-a720-d6d8e7fc594c,ID203581,CID-215,CA-0387,2026-02-09,2026-03-11,1992.68,USD,SampleGen
INV-bfb52efc-a8f7-43e9-9c8e-18ec52b4d307,ID203582,CID-215,CA-0387,2026-02-10,2026-03-12,1784.9,USD,SampleGen
INV-e23b348b-c28a-430d-bb14-6004927a8d05,ID203583,CID-215,CA-0387,2026-02-10,2026-03-12,2066.72,USD,SampleGen
INV-d979138c-ee1d-483b-8c38-d5400f3947bf,ID203584,CID-215,CA-0387,2026-02-27,2026-03-29,1759.46,USD,SampleGen
INV-b5b421e1-68ee-4bf8-bff8-b610d324d30d,ID203585,CID-215,CA-0387,2026-03-23,2026-04-22,811.8,USD,SampleGen
INV-519e3237-270b-43c2-8b64-326f2cf4b730,ID203586,CID-215,CA-0387,2026-03-16,2026-04-15,4244.02,USD,SampleGen
INV-9d97dd04-7dd1-46f2-a45a-8145d9511f23,ID203587,CID-215,CA-0387,2026-03-04,2026-04-03,2378.54,USD,SampleGen
INV-58e36a89-2ed6-4360-b851-11b9f56a9a06,ID203588,CID-215,CA-0387,2026-03-09,2026-04-08,2145.32,USD,SampleGen
INV-8142d7cf-292b-461b-86a4-21f150030a21,ID203589,CID-215,CA-0387,2026-03-03,2026-04-02,2497.14,USD,SampleGen
INV-8e03b1f7-c652-41e6-8ede-b8da7483bd40,ID203590,CID-215,CA-0387,2026-03-13,2026-04-12,3879.4,USD,SampleGen
INV-44901704-81ca-4c1e-9faf-5b67e2efd371,ID203591,CID-215,CA-0387,2026-03-18,2026-04-17,279.76,USD,SampleGen
INV-07718b90-5161-4ba8-885d-9cbd85101497,ID203592,CID-215,CA-0387,2026-03-26,2026-04-25,816.0,USD,SampleGen
INV-0d82f8e0-0ce9-4b20-b876-ca41d9fe9690,ID203593,CID-215,CA-0387,2026-03-09,2026-04-08,2584.06,USD,SampleGen
INV-7fbfe797-85b1-4ea9-8a8a-e6fe63d53d7b,ID203594,CID-216,CA-0389,2025-07-03,2025-08-02,4379.7,USD,SampleGen
INV-c4b2a04b-66b8-4495-89e9-8900c4bfedce,ID203595,CID-216,CA-0389,2025-08-27,2025-09-26,1059.88,USD,SampleGen
INV-69cef71b-5419-44a2-833f-7e98c0280a4e,ID203596,CID-216,CA-0389,2025-09-22,2025-10-22,421.74,USD,SampleGen
INV-29f664c6-1273-4018-8809-47aa026531fd,ID203597,CID-216,CA-0389,2025-10-27,2025-11-26,1176.36,USD,SampleGen
INV-6b18adcb-9b60-4596-8ebd-22feb744dc06,ID203598,CID-216,CA-0389,2025-11-30,2025-12-30,12617.88,USD,SampleGen
INV-feb10d8d-0e62-4d15-a64f-89036ee7d333,ID203599,CID-216,CA-0389,2025-12-27,2026-01-26,3073.8,USD,SampleGen
INV-4f3fb421-68af-4b26-86e4-2bcbdd7c9979,ID203600,CID-216,CA-0389,2026-02-24,2026-03-26,517.18,USD,SampleGen
INV-3f57011c-9ecd-4b5f-af0d-bd32d35e2535,ID203601,CID-216,CA-0389,2026-03-05,2026-04-04,1946.08,USD,SampleGen
INV-10dcf467-e863-4c18-adc5-8c0369b40943,ID203602,CID-217,CA-0390,2025-07-12,2025-08-11,1271.82,USD,SampleGen
INV-a7ccf2cc-20ae-4cfd-86d2-703537d5267c,ID203603,CID-217,CA-0390,2025-08-26,2025-09-25,491.72,USD,SampleGen
INV-68dcd12b-cced-4c86-a656-1bcd4bceb7f9,ID203604,CID-217,CA-0390,2025-09-19,2025-10-19,2416.68,USD,SampleGen
INV-23b9f21f-6021-4d20-ad1b-8902874cd33d,ID203605,CID-217,CA-0390,2025-11-21,2025-12-21,4553.5,USD,SampleGen
INV-f5a5d969-de0b-4bbb-80e7-98f9a568eca3,ID203606,CID-217,CA-0390,2026-02-01,2026-03-03,2162.24,USD,SampleGen
INV-38e2cf2e-22bc-4ae0-8518-d73a5f454fb0,ID203607,CID-217,CA-0390,2026-02-23,2026-03-25,699.48,USD,SampleGen
INV-d5f050ee-5950-4196-900c-1f2183da10c5,ID203608,CID-218,CA-1507,2025-06-24,2025-07-24,1356.7,USD,SampleGen
INV-ec98a44a-36c6-48e2-a83b-a6510892f12a,ID203609,CID-218,CA-1507,2025-06-12,2025-07-12,1369.28,USD,SampleGen
INV-54cb72b1-afe9-4d03-8c2e-7cf6e49ea488,ID203610,CID-218,CA-1507,2025-07-16,2025-08-15,1568.68,USD,SampleGen
INV-cf915db2-72b5-4e13-a348-b922fb2f17e6,ID203611,CID-218,CA-1507,2025-07-17,2025-08-16,760.92,USD,SampleGen
INV-4cce46ad-de72-4076-b0c0-c0f14386cebe,ID203612,CID-218,CA-1507,2025-08-20,2025-09-19,3892.16,USD,SampleGen
INV-073b8a20-549f-48e2-86bb-d84c86d12b34,ID203613,CID-218,CA-1507,2025-08-21,2025-09-20,654.96,USD,SampleGen
INV-588f8bf6-efde-4dcb-bc9f-0e62accde122,ID203614,CID-218,CA-1507,2025-08-03,2025-09-02,3459.56,USD,SampleGen
INV-1d81159b-ccf8-4cdc-a953-4360f0001d36,ID203615,CID-218,CA-1507,2025-09-04,2025-10-04,4388.12,USD,SampleGen
INV-a94591fc-d28a-4806-abdf-abdf5a218e77,ID203616,CID-218,CA-1507,2025-10-04,2025-11-03,2210.94,USD,SampleGen
INV-677a3048-d794-4c57-8465-b27ed4c3ca27,ID203617,CID-218,CA-1507,2025-11-11,2025-12-11,886.04,USD,SampleGen
INV-a426fda0-8a90-46ad-976a-d31d562dc2d7,ID203618,CID-218,CA-1507,2025-12-10,2026-01-09,1666.12,USD,SampleGen
INV-bd3e7c28-5f6d-4ebe-9daf-cbb9f160d5ce,ID203619,CID-218,CA-1507,2025-12-04,2026-01-03,2963.64,USD,SampleGen
INV-266b2afd-f8b8-4c69-9adb-cbd00a5ff787,ID203620,CID-218,CA-1507,2025-12-28,2026-01-27,472.66,USD,SampleGen
INV-25ab6117-72e9-4fc7-acb4-ce7982d9aae3,ID203621,CID-218,CA-1507,2026-01-19,2026-02-18,597.78,USD,SampleGen
INV-f3a0074d-e298-400c-ae19-4de82003dcc7,ID203622,CID-218,CA-1507,2026-01-02,2026-02-01,2416.68,USD,SampleGen
INV-09a64c3f-272f-4f7f-9f6f-8b4f4732aea7,ID203623,CID-218,CA-1507,2026-03-01,2026-03-31,1055.56,USD,SampleGen
INV-927cbe86-98fd-45ca-be21-ef4a6d6f5563,ID203624,CID-218,CA-1507,2026-02-02,2026-03-04,1017.46,USD,SampleGen
INV-6f40dfe6-ada5-44ce-b378-f7ee8996f24a,ID203625,CID-218,CA-1507,2026-02-13,2026-03-15,1123.48,USD,SampleGen
INV-8cee0b74-43f0-45d0-b6f0-4092f72af266,ID203626,CID-218,CA-1507,2026-02-20,2026-03-22,3807.36,USD,SampleGen
INV-398ff7ea-f87f-4fed-a7a5-85700924744c,ID203627,CID-218,CA-1507,2026-03-02,2026-04-01,2183.46,USD,SampleGen
INV-eb652525-41b4-4244-8af3-a6a3353dca3e,ID203628,CID-218,CA-1507,2026-03-11,2026-04-10,1606.76,USD,SampleGen
INV-b4bf97f8-1c95-48fd-a8f6-009e0bce9d1f,ID203629,CID-218,CA-1507,2026-03-19,2026-04-18,4545.04,USD,SampleGen
INV-d0c462e2-f112-4f3c-aa09-7ef9750b68ab,ID203630,CID-218,CA-1507,2026-03-20,2026-04-19,2711.26,USD,SampleGen
INV-98368e1e-ac83-4237-a076-d0f9cdbf6f6e,ID203631,CID-218,CA-1507,2026-03-12,2026-04-11,2577.76,USD,SampleGen
INV-a85fcfb0-d19d-4242-b443-fd5161a5f65e,ID203632,CID-219,CA-0393,2025-06-05,2025-07-05,1416.0,USD,SampleGen
INV-23914534-26f8-47cf-85d8-615b61a17996,ID203633,CID-219,CA-0393,2025-07-25,2025-08-24,3289.96,USD,SampleGen
INV-5828c81a-d890-45aa-88d9-1a0164609089,ID203634,CID-219,CA-0393,2025-08-24,2025-09-23,724.92,USD,SampleGen
INV-e9817da3-0c7d-4ac1-8ebc-e4216de265d7,ID203635,CID-219,CA-0393,2025-08-16,2025-09-15,3557.26,USD,SampleGen
INV-67d5ff29-ff6b-49dd-abfc-e2d27a9a4e05,ID203636,CID-219,CA-0393,2025-11-02,2025-12-02,2200.32,USD,SampleGen
INV-3c35a40e-2f3e-49ac-af64-9f43f0baf3de,ID203637,CID-219,CA-0393,2025-12-07,2026-01-06,334.88,USD,SampleGen
INV-8ece1078-0d0b-4702-8c72-144675356d27,ID203638,CID-219,CA-0393,2025-12-18,2026-01-17,3425.68,USD,SampleGen
INV-5d7168b4-6cda-4a7b-9cda-84ebd88483ec,ID203639,CID-219,CA-0393,2026-01-30,2026-03-01,402.78,USD,SampleGen
INV-1f7b546c-af7e-4b60-b2ee-5895cfbfe79b,ID203640,CID-219,CA-0393,2026-01-22,2026-02-21,42.38,USD,SampleGen
INV-edee3bfe-e803-4eec-84f2-1b8dc418821d,ID203641,CID-219,CA-0393,2026-02-20,2026-03-22,1153.02,USD,SampleGen
INV-5e95ead8-fc3b-465e-89c3-602d32b7b1df,ID203642,CID-219,CA-0393,2026-02-12,2026-03-14,3466.02,USD,SampleGen
INV-b903db76-b400-4b4d-85d9-5af56bb30c73,ID203643,CID-219,CA-0393,2026-02-19,2026-03-21,3188.28,USD,SampleGen
INV-4f76f2da-57d3-4ca7-b7c0-37aa557a4639,ID203644,CID-219,CA-0393,2026-03-05,2026-04-04,616.8,USD,SampleGen
INV-f8292dec-e0b6-431e-921f-0dee077a841d,ID203645,CID-219,CA-0393,2026-03-18,2026-04-17,2094.4,USD,SampleGen
INV-7b27da46-268f-4ec6-ae45-ba00ddddad76,ID203646,CID-219,CA-0393,2026-03-23,2026-04-22,353.9,USD,SampleGen
INV-92036009-8dde-46b2-bb1c-13fd091f0595,ID203647,CID-219,CA-0393,2026-03-04,2026-04-03,3917.64,USD,SampleGen
INV-a3043cbb-3040-4c86-9196-d8d2b0b7627d,ID203648,CID-220,CA-0394,2025-06-29,2025-07-29,2172.84,USD,SampleGen
INV-41459819-e01a-470b-9d5e-02de323c030b,ID203649,CID-220,CA-0394,2025-06-29,2025-07-29,4570.52,USD,SampleGen
INV-f50b97ac-d83e-4c03-a45d-d73eb727ad1e,ID203650,CID-220,CA-0394,2025-06-25,2025-07-25,3203.12,USD,SampleGen
INV-885399d1-692c-440c-aac2-5562538645b0,ID203651,CID-220,CA-0394,2025-06-27,2025-07-27,1153.12,USD,SampleGen
INV-74821000-9265-4a95-9821-34b0319cb7d9,ID203652,CID-220,CA-0394,2025-07-19,2025-08-18,627.42,USD,SampleGen
INV-63368ba7-5162-41f5-97ce-1e12f672e20d,ID203653,CID-220,CA-0394,2025-07-03,2025-08-02,546.8,USD,SampleGen
INV-c0c461db-7be3-466e-a444-4681c8026b9c,ID203654,CID-220,CA-0394,2025-07-23,2025-08-22,699.42,USD,SampleGen
INV-81e25e9d-c906-429e-900c-34864e35f407,ID203655,CID-220,CA-0394,2025-07-04,2025-08-03,4343.6,USD,SampleGen
INV-7f0fac92-186e-4b2e-8316-705b88bb26f2,ID203656,CID-220,CA-0394,2025-08-27,2025-09-26,4254.64,USD,SampleGen
INV-aedb6afd-5c9d-48eb-9763-a19a86068664,ID203657,CID-220,CA-0394,2025-08-22,2025-09-21,309.42,USD,SampleGen
INV-a1107305-830c-43e5-928a-5a1b9843bf31,ID203658,CID-220,CA-0394,2025-08-21,2025-09-20,1477.36,USD,SampleGen
INV-011f74fb-fcf2-41a2-804f-887fc48f0545,ID203659,CID-220,CA-0394,2025-08-22,2025-09-21,3141.66,USD,SampleGen
INV-beaed160-87a8-4eff-90bb-781ee20eb0fa,ID203660,CID-220,CA-0394,2025-08-23,2025-09-22,1890.88,USD,SampleGen
INV-21b971a6-9a6b-4227-847d-ebb77e6a2aa1,ID203661,CID-220,CA-0394,2025-08-24,2025-09-23,1195.54,USD,SampleGen
INV-24398efc-5151-45ad-a110-e4d378c7c98e,ID203662,CID-220,CA-0394,2025-09-28,2025-10-28,2569.32,USD,SampleGen
INV-bfcb2fb8-5e47-4120-b524-ef1f0bd3c137,ID203663,CID-220,CA-0394,2025-09-18,2025-10-18,6071.48,USD,SampleGen
INV-72da67a1-def1-42bd-b32b-6d9233b452fb,ID203664,CID-220,CA-0394,2025-10-08,2025-11-07,1640.62,USD,SampleGen
INV-d9cd3d4e-6695-4d19-82c6-f4ccd1f73cfe,ID203665,CID-220,CA-0394,2025-11-01,2025-12-01,1343.84,USD,SampleGen
INV-c82683e2-ee42-43d3-bc3d-8adb42d5172f,ID203666,CID-220,CA-0394,2025-11-10,2025-12-10,782.16,USD,SampleGen
INV-2007bc1d-c9c9-4563-9fa9-7e4220e0b126,ID203667,CID-220,CA-0394,2025-11-11,2025-12-11,2391.2,USD,SampleGen
INV-44fcc1a7-672b-463c-9018-7d5db3e2a160,ID203668,CID-220,CA-0394,2025-11-16,2025-12-16,4127.46,USD,SampleGen
INV-0acf2b52-8a58-478d-9d88-3930dc6da846,ID203669,CID-220,CA-0394,2025-12-28,2026-01-27,1861.28,USD,SampleGen
INV-6f313e87-fb54-4628-a0ad-79d276f9890e,ID203670,CID-220,CA-0394,2025-12-16,2026-01-15,3472.42,USD,SampleGen
INV-37380840-43f9-49d4-b0e4-5248cee8ebdf,ID203671,CID-220,CA-0394,2025-12-12,2026-01-11,6185.94,USD,SampleGen
INV-3d0b22c4-4925-4c96-8261-795622b0fd1b,ID203672,CID-220,CA-0394,2025-12-21,2026-01-20,2340.26,USD,SampleGen
INV-eb7d47cf-865e-4238-a5c8-c156607c53fd,ID203673,CID-220,CA-0394,2025-12-02,2026-01-01,428.16,USD,SampleGen
INV-486085d3-c593-4302-aad1-e52b83e5f673,ID203674,CID-220,CA-0394,2025-12-14,2026-01-13,3247.62,USD,SampleGen
INV-a65b6c1d-70d1-4e3c-a98e-61fc311fe261,ID203675,CID-220,CA-0394,2026-01-14,2026-02-13,449.32,USD,SampleGen
INV-ed497e84-a904-437c-846a-3a88f8468f9d,ID203676,CID-220,CA-0394,2026-01-12,2026-02-11,2959.2,USD,SampleGen
INV-11db33e4-6e86-47d5-8b89-c0af3b54f765,ID203677,CID-220,CA-0394,2026-01-22,2026-02-21,2902.16,USD,SampleGen
INV-b7bb794b-684c-4773-acd2-d21348539097,ID203678,CID-220,CA-0394,2026-01-26,2026-02-25,209.82,USD,SampleGen
INV-937f44e4-d405-4c3f-a361-d982fafd50aa,ID203679,CID-220,CA-0394,2026-01-03,2026-02-02,2170.68,USD,SampleGen
INV-e1753b01-0d74-4f4c-a3ec-30b3616d1c25,ID203680,CID-220,CA-0394,2026-02-26,2026-03-28,1112.74,USD,SampleGen
INV-7e9b4741-0f9b-4252-855a-435b5089fc4e,ID203681,CID-220,CA-0394,2026-02-06,2026-03-08,888.18,USD,SampleGen
INV-294ac287-ee7a-4f5a-bf5c-aa37d9eea3f2,ID203682,CID-220,CA-0394,2026-02-28,2026-03-30,5210.74,USD,SampleGen
INV-555cc019-7561-4496-b3d7-c44b01153316,ID203683,CID-220,CA-0394,2026-02-09,2026-03-11,4434.8,USD,SampleGen
INV-721d5bfa-13d9-4c22-86b2-6e136bc93845,ID203684,CID-220,CA-0394,2026-02-21,2026-03-23,1114.96,USD,SampleGen
INV-4bd1e83b-051e-4a48-a2fc-10b4703b7baf,ID203685,CID-220,CA-0394,2026-02-10,2026-03-12,3116.22,USD,SampleGen
INV-59f79c0d-999f-4997-a338-b7c3fc29cab6,ID203686,CID-220,CA-0394,2026-02-10,2026-03-12,699.48,USD,SampleGen
INV-c6a2d8fc-45ac-43bb-8666-e5cd77e0e9f9,ID203687,CID-220,CA-0394,2026-02-07,2026-03-09,3200.98,USD,SampleGen
INV-9039cd1c-f9d1-4caf-9e7a-5a4b61a4620c,ID203688,CID-220,CA-0394,2026-03-15,2026-04-14,6771.04,USD,SampleGen
INV-6d3ed8d7-aab1-4461-b64a-a2d09aa65d4c,ID203689,CID-220,CA-0394,2026-03-19,2026-04-18,1110.68,USD,SampleGen
INV-c3f29bba-f7ce-418e-8cd1-e465e2217735,ID203690,CID-220,CA-0394,2026-03-08,2026-04-07,635.88,USD,SampleGen
INV-6e82dd8e-d9c1-4e0f-b393-c566598e86fa,ID203691,CID-220,CA-0394,2026-03-21,2026-04-20,786.38,USD,SampleGen
INV-3dbabaca-3036-4db6-b3ee-7854ce1b23f4,ID203692,CID-220,CA-0394,2026-03-22,2026-04-21,1975.76,USD,SampleGen
INV-6f6ec427-369c-4e25-9c6d-bfe7cebc9967,ID203693,CID-220,CA-0394,2026-04-01,2026-05-01,1547.46,USD,SampleGen
INV-fbb80260-93e5-45c0-b1dd-c020540ff3a1,ID203694,CID-220,CA-0394,2026-03-10,2026-04-09,6919.44,USD,SampleGen
INV-f3290296-0faf-49a7-ae03-0d2436d4adcf,ID203695,CID-220,CA-0394,2026-03-19,2026-04-18,1420.26,USD,SampleGen
INV-0146b40f-7134-45bd-92be-baf450fee833,ID203696,CID-220,CA-0394,2026-03-03,2026-04-02,2789.74,USD,SampleGen
INV-bd2d1116-e67b-40dd-b65f-5a3c816875bf,ID203697,CID-220,CA-0394,2026-03-27,2026-04-26,3701.28,USD,SampleGen
INV-bfc5cc59-0403-49db-b7b4-fafca5d28abb,ID203698,CID-221,CA-0396,2025-06-02,2025-07-02,5138.64,USD,SampleGen
INV-6107e1b3-b976-4c59-b8b4-e4f854553bd1,ID203699,CID-221,CA-0396,2025-06-28,2025-07-28,2495.0,USD,SampleGen
INV-f6cfe8ca-1e19-4893-9401-658ca2ea547c,ID203700,CID-221,CA-0396,2025-07-19,2025-08-18,6461.5,USD,SampleGen
INV-c6824341-9f9d-4472-8fcd-4cb5b92f8b6d,ID203701,CID-221,CA-0396,2025-07-07,2025-08-06,2323.34,USD,SampleGen
INV-d8b6cd79-5a14-4a43-b91d-71de35f65257,ID203702,CID-221,CA-0396,2025-08-25,2025-09-24,3900.68,USD,SampleGen
INV-716b0de8-f19a-49ff-9e18-6dc2dfc6c6cd,ID203703,CID-221,CA-0396,2025-08-25,2025-09-24,652.72,USD,SampleGen
INV-8a0837d5-b964-474a-9dc8-883d121b4622,ID203704,CID-221,CA-0396,2025-09-29,2025-10-29,1170.02,USD,SampleGen
INV-50b0b954-3f0e-44ed-844d-5f78f046485f,ID203705,CID-221,CA-0396,2025-10-11,2025-11-10,576.56,USD,SampleGen
INV-b5e84b98-6076-47cf-b89e-000593445dc8,ID203706,CID-221,CA-0396,2025-11-21,2025-12-21,390.0,USD,SampleGen
INV-e5626a87-b6a0-4ac9-93b0-1421021c7abc,ID203707,CID-221,CA-0396,2025-12-31,2026-01-30,3052.66,USD,SampleGen
INV-ae8133f1-ef9e-4c3e-8bf5-7a603df789f5,ID203708,CID-221,CA-0396,2025-12-21,2026-01-20,474.76,USD,SampleGen
INV-daf3b177-2db2-4679-97b4-bc6988df4d4c,ID203709,CID-221,CA-0396,2025-12-11,2026-01-10,7517.26,USD,SampleGen
INV-54189a4c-16df-4502-a1da-4e55ef292887,ID203710,CID-221,CA-0396,2026-01-20,2026-02-19,2734.68,USD,SampleGen
INV-12127760-597e-4bc8-93eb-5ee5fc03f402,ID203711,CID-221,CA-0396,2026-01-26,2026-02-25,190.78,USD,SampleGen
INV-ab34e69b-f30e-429f-9804-9e72215ae82a,ID203712,CID-221,CA-0396,2026-02-07,2026-03-09,4820.74,USD,SampleGen
INV-4d2a4a5f-97bc-4cfe-8b99-de7d1a1c835e,ID203713,CID-221,CA-0396,2026-02-11,2026-03-13,1941.76,USD,SampleGen
INV-edf09945-b8cf-4a2e-a803-0a0f817e24a6,ID203714,CID-221,CA-0396,2026-02-23,2026-03-25,2785.44,USD,SampleGen
INV-3a747c76-1855-4145-a2ab-69d13226e342,ID203715,CID-221,CA-0396,2026-03-23,2026-04-22,4405.22,USD,SampleGen
INV-ef5f2f1c-3996-4b87-8289-fef69bec8fa7,ID203716,CID-221,CA-0396,2026-03-17,2026-04-16,5617.74,USD,SampleGen
INV-fa388bed-915d-4310-af6a-8ece8e34af66,ID203717,CID-221,CA-0396,2026-03-16,2026-04-15,669.76,USD,SampleGen
INV-7a025760-9b08-4747-ad31-d103491dd77f,ID203718,CID-221,CA-0396,2026-03-06,2026-04-05,2567.06,USD,SampleGen
INV-05b32fbc-a184-439d-8e69-d42e0887325a,ID203719,CID-222,CA-1508,2025-06-19,2025-07-19,854.14,USD,SampleGen
INV-fe14d4f9-1898-4b38-bebb-ae0b070c85ef,ID203720,CID-222,CA-1508,2025-07-04,2025-08-03,678.22,USD,SampleGen
INV-dc34df59-4d53-49cc-8758-4088ada2b567,ID203721,CID-222,CA-1508,2025-08-20,2025-09-19,1767.86,USD,SampleGen
INV-1ac79fbb-d391-467b-84a3-519af2b30055,ID203722,CID-222,CA-1508,2026-02-01,2026-03-03,875.5,USD,SampleGen
INV-0837c636-ec21-4674-a271-be3d4938084f,ID203723,CID-222,CA-1508,2026-03-23,2026-04-22,487.48,USD,SampleGen
INV-d8cf9480-82c9-40db-bcbc-fb35f08e5f25,ID203724,CID-223,CA-0399,2025-06-30,2025-07-30,1191.28,USD,SampleGen
INV-f7004044-9388-4055-b91e-269155fe2534,ID203725,CID-223,CA-0399,2025-06-28,2025-07-28,4203.7,USD,SampleGen
INV-6088791f-6f58-4a83-a1b5-68c14781e31f,ID203726,CID-223,CA-0399,2025-07-21,2025-08-20,669.76,USD,SampleGen
INV-998a1de3-d742-4de0-ac82-fd3599b4ec42,ID203727,CID-223,CA-0399,2025-07-31,2025-08-30,521.44,USD,SampleGen
INV-73130a6f-3956-4879-9862-b81f8272004d,ID203728,CID-223,CA-0399,2025-08-07,2025-09-06,2675.2,USD,SampleGen
INV-ef1ec64a-903a-4850-bd02-450061ec0536,ID203729,CID-223,CA-0399,2025-08-24,2025-09-23,2868.24,USD,SampleGen
INV-a7a63bcc-b729-4976-bd7d-dad477890cec,ID203730,CID-223,CA-0399,2025-08-17,2025-09-16,1195.56,USD,SampleGen
INV-1e10af84-c1e3-4937-9668-590961eca570,ID203731,CID-223,CA-0399,2025-09-24,2025-10-24,7127.26,USD,SampleGen
INV-b34b2962-aa7c-43a5-a10b-3a04bead25f4,ID203732,CID-223,CA-0399,2025-10-10,2025-11-09,474.76,USD,SampleGen
INV-ef1d6097-0462-4c72-8ad9-78ca59d03933,ID203733,CID-223,CA-0399,2025-11-12,2025-12-12,3896.3,USD,SampleGen
INV-a937688e-9632-4a39-ac8e-d6912478c9ac,ID203734,CID-223,CA-0399,2025-11-24,2025-12-24,4583.18,USD,SampleGen
INV-a72b9df2-b2ae-4949-b1e1-2e575cde9703,ID203735,CID-223,CA-0399,2025-12-17,2026-01-16,949.56,USD,SampleGen
INV-00fee941-d712-4b39-9642-9898acd0c6f9,ID203736,CID-223,CA-0399,2025-12-04,2026-01-03,1254.84,USD,SampleGen
INV-0b3bbabe-7a56-4845-bb1b-fc60e7ca762d,ID203737,CID-223,CA-0399,2025-12-20,2026-01-19,805.42,USD,SampleGen
INV-af5dd609-9bc8-40fb-9331-5e2054cff295,ID203738,CID-223,CA-0399,2026-01-12,2026-02-11,1534.66,USD,SampleGen
INV-0bc3223d-9fa6-48c1-9f5f-1937d99fff10,ID203739,CID-223,CA-0399,2026-01-19,2026-02-18,1093.84,USD,SampleGen
INV-da3c26fb-3079-4f27-aa26-1f575e6fa815,ID203740,CID-223,CA-0399,2026-02-06,2026-03-08,3075.9,USD,SampleGen
INV-5cade47b-0716-4798-addd-d61bba0af78e,ID203741,CID-223,CA-0399,2026-02-21,2026-03-23,1106.48,USD,SampleGen
INV-839894aa-f2c0-407c-bec6-e00e1095522a,ID203742,CID-223,CA-0399,2026-02-16,2026-03-18,1965.06,USD,SampleGen
INV-734fc7fa-1156-49cf-adc5-8f8ab3fe0500,ID203743,CID-223,CA-0399,2026-02-24,2026-03-26,6754.12,USD,SampleGen
INV-b15e43d7-6d84-48b7-8dff-1190025cdd45,ID203744,CID-223,CA-0399,2026-02-21,2026-03-23,1068.28,USD,SampleGen
INV-a039cf10-3c06-4634-9d6b-e2198d4e8d3b,ID203745,CID-223,CA-0399,2026-03-24,2026-04-23,796.92,USD,SampleGen
INV-a6f7547a-ffd9-4926-82d1-1b1f300b223a,ID203746,CID-223,CA-0399,2026-03-27,2026-04-26,2289.44,USD,SampleGen
INV-c7be6c14-72b8-47c9-8fdd-51fbcf87f384,ID203747,CID-223,CA-0399,2026-03-05,2026-04-04,2001.12,USD,SampleGen
INV-f14f9d6a-76d9-4c90-82f0-799d500a88ea,ID203748,CID-223,CA-0399,2026-03-18,2026-04-17,1636.4,USD,SampleGen
INV-6d16672b-3e3b-443b-8678-621a2579d2f6,ID203749,CID-223,CA-0399,2026-03-22,2026-04-21,559.52,USD,SampleGen
INV-fb953b5c-a4d5-4547-bfe2-dc52af7d5838,ID203750,CID-224,CA-1509,2025-07-08,2025-08-07,712.22,USD,SampleGen
INV-88b63978-85c6-4afc-9a51-a915c61ea59d,ID203751,CID-224,CA-1509,2025-10-04,2025-11-03,841.42,USD,SampleGen
INV-acdb7319-38c0-413e-8b30-36f9cd7bc050,ID203752,CID-224,CA-1509,2025-11-18,2025-12-18,402.68,USD,SampleGen
INV-ef8a93b3-6a6a-4e82-bd51-7228661544fd,ID203753,CID-224,CA-1509,2025-12-21,2026-01-20,529.92,USD,SampleGen
INV-eb06460c-350f-4675-84af-89697d740077,ID203754,CID-224,CA-1509,2026-01-23,2026-02-22,472.66,USD,SampleGen
INV-501cd1b5-da36-4ae5-9679-0ebbf8492e31,ID203755,CID-224,CA-1509,2026-03-07,2026-04-06,864.84,USD,SampleGen
INV-759a7094-dc6a-468b-b7dc-b29f2e5016c7,ID203756,CID-225,CA-0402,2025-07-03,2025-08-02,1475.3,USD,SampleGen
INV-96655dfb-880d-4cc4-b829-cafe8ff2a214,ID203757,CID-225,CA-0402,2025-08-27,2025-09-26,2346.66,USD,SampleGen
INV-a52bb78d-2f8c-49a3-94ae-a274538c9457,ID203758,CID-225,CA-0402,2025-08-25,2025-09-24,3188.22,USD,SampleGen
INV-11c5020a-724c-4ff3-8d31-f1a467e00cdf,ID203759,CID-225,CA-0402,2025-10-02,2025-11-01,2217.3,USD,SampleGen
INV-898b72f4-ea0f-460d-9423-5fc5ee423797,ID203760,CID-225,CA-0402,2025-11-29,2025-12-29,3614.15,USD,SampleGen
INV-2476d1d2-2f7c-46ff-8d9b-519a7d0fb223,ID203761,CID-225,CA-0402,2025-12-23,2026-01-22,2709.2,USD,SampleGen
INV-9cadb733-7b3b-4068-b122-5b320255959f,ID203762,CID-225,CA-0402,2026-01-28,2026-02-27,1204.04,USD,SampleGen
INV-911297c2-d166-42d4-b9d6-11c6932a96e8,ID203763,CID-225,CA-0402,2026-02-13,2026-03-15,4867.3,USD,SampleGen
INV-c12c04cf-9860-43eb-8111-c50488ea6243,ID203764,CID-225,CA-0402,2026-02-21,2026-03-23,1975.68,USD,SampleGen
INV-d68723b6-d90b-445b-ab1e-0e7168f85012,ID203765,CID-225,CA-0402,2026-03-07,2026-04-06,2013.9,USD,SampleGen
INV-7c819360-fa6b-4817-bb57-d274e403d263,ID203766,CID-225,CA-0402,2026-03-28,2026-04-27,2488.7,USD,SampleGen
INV-1f313335-645e-41d4-bde8-25bd8b6a8987,ID203767,CID-226,CA-1510,2025-06-27,2025-07-27,2526.8,USD,SampleGen
INV-77862533-3d7f-4f90-be2d-e2f049204f9c,ID203768,CID-226,CA-1510,2025-07-02,2025-08-01,2183.46,USD,SampleGen
INV-fbb45eea-522d-43a6-b6b5-76bfbe529e41,ID203769,CID-226,CA-1510,2025-08-13,2025-09-12,1496.62,USD,SampleGen
INV-fa9f8ae3-feb4-4bd9-8a99-9a1ee5b1bc22,ID203770,CID-226,CA-1510,2025-09-12,2025-10-12,2433.6,USD,SampleGen
INV-71cbf763-bd2d-4143-bf5a-8a5c702d6e7b,ID203771,CID-226,CA-1510,2025-10-12,2025-11-11,924.12,USD,SampleGen
INV-e741f610-b20b-41e8-a985-311a75107d54,ID203772,CID-226,CA-1510,2025-12-27,2026-01-26,1500.82,USD,SampleGen
INV-1e02f8dd-03e3-496e-8861-0dd316eae3f6,ID203773,CID-226,CA-1510,2026-01-07,2026-02-06,769.36,USD,SampleGen
INV-ce22213e-4c7a-49d8-b38e-cf0b1ae9d3b2,ID203774,CID-226,CA-1510,2026-02-15,2026-03-17,3222.24,USD,SampleGen
INV-9f935de2-e09d-43c7-aa78-b269ac724095,ID203775,CID-226,CA-1510,2026-03-05,2026-04-04,900.8,USD,SampleGen
INV-03d8c634-5d4f-4793-89d5-a3f2a6794ac9,ID203776,CID-226,CA-1510,2026-03-25,2026-04-24,3582.58,USD,SampleGen
INV-1a2041bd-2de2-478a-9159-6ccf95940d9a,ID203777,CID-227,CA-0405,2025-06-24,2025-07-24,557.4,USD,SampleGen
INV-4d9d2d91-dc39-4fad-be5a-ade86987ab23,ID203778,CID-227,CA-0405,2025-07-15,2025-08-14,1403.2,USD,SampleGen
INV-2e535b3c-391b-49e9-ba83-5b4ba5ce3a6c,ID203779,CID-227,CA-0405,2025-08-12,2025-09-11,591.38,USD,SampleGen
INV-b08e715d-90f1-40e1-8715-ef2596814a36,ID203780,CID-227,CA-0405,2025-09-13,2025-10-13,2102.8,USD,SampleGen
INV-5c4f07d0-9870-4d57-9357-ac1dbe40aba1,ID203781,CID-227,CA-0405,2025-12-23,2026-01-22,2696.44,USD,SampleGen
INV-ca14e978-6d73-4e6d-b6af-b572f342a82c,ID203782,CID-227,CA-0405,2026-01-08,2026-02-07,4566.3,USD,SampleGen
INV-71f0e54f-5574-4a14-af6b-6c9d609d3d45,ID203783,CID-227,CA-0405,2026-02-02,2026-03-04,2085.88,USD,SampleGen
INV-f48ac90a-9a9b-4b3f-8b37-3a6210d79dca,ID203784,CID-227,CA-0405,2026-03-10,2026-04-09,1008.88,USD,SampleGen
INV-5cd107e0-da08-4737-9716-4bace03f9487,ID203785,CID-228,CA-0407,2025-06-14,2025-07-14,1585.54,USD,SampleGen
INV-044752ff-0b8e-4417-bd01-9ebeee419c12,ID203786,CID-228,CA-0407,2025-06-04,2025-07-04,2596.8,USD,SampleGen
INV-21dccd96-5ea1-43d3-b036-42a4addae4de,ID203787,CID-228,CA-0407,2025-07-24,2025-08-23,1462.68,USD,SampleGen
INV-d5e9f659-b573-4095-8d23-75e976be3133,ID203788,CID-228,CA-0407,2025-08-07,2025-09-06,652.76,USD,SampleGen
INV-ebd8504d-3ffc-4359-99bf-6d32d9223759,ID203789,CID-228,CA-0407,2025-08-17,2025-09-16,2149.44,USD,SampleGen
INV-0f8893a7-7bfb-4585-bfe3-7b7d46a01234,ID203790,CID-228,CA-0407,2025-11-01,2025-12-01,847.88,USD,SampleGen
INV-86f49120-5e70-43c7-9b90-a4e9e7d01e7c,ID203791,CID-228,CA-0407,2025-11-12,2025-12-12,1488.1,USD,SampleGen
INV-ec786ce2-8593-4cf3-a3ff-2161fd132390,ID203792,CID-228,CA-0407,2025-12-02,2026-01-01,2989.06,USD,SampleGen
INV-8fda830c-fe46-4827-b785-b48f332f95c2,ID203793,CID-228,CA-0407,2025-12-05,2026-01-04,6101.1,USD,SampleGen
INV-2ea96f9c-2306-4edd-be84-a82af1bbc4d7,ID203794,CID-228,CA-0407,2026-01-05,2026-02-04,629.46,USD,SampleGen
INV-8059497a-654d-4230-b713-7f6fd2f53e51,ID203795,CID-228,CA-0407,2026-01-06,2026-02-05,4485.68,USD,SampleGen
INV-b2294429-26ad-4504-b43e-6204586ea9ed,ID203796,CID-228,CA-0407,2026-02-02,2026-03-04,557.42,USD,SampleGen
INV-dd8486f1-b017-490d-9c16-b5eabcd8d077,ID203797,CID-228,CA-0407,2026-02-23,2026-03-25,989.78,USD,SampleGen
INV-dab99fdc-85bf-45dd-8214-696c19f0b73a,ID203798,CID-228,CA-0407,2026-02-25,2026-03-27,909.3,USD,SampleGen
INV-407ff3f8-b414-4588-b811-f5e4ed1a1227,ID203799,CID-228,CA-0407,2026-03-17,2026-04-16,3561.36,USD,SampleGen
INV-8897602e-792c-49e4-9828-cd83f4e87766,ID203800,CID-228,CA-0407,2026-03-12,2026-04-11,1008.98,USD,SampleGen
INV-5dffda3c-408d-4509-abab-ad7b96b8bea6,ID203801,CID-228,CA-0407,2026-03-18,2026-04-17,4820.74,USD,SampleGen
INV-899a690a-ed37-49e4-acf4-c691db16b4dd,ID203802,CID-229,CA-0409,2025-06-15,2025-07-15,3514.72,USD,SampleGen
INV-78f18822-8d41-4910-85b3-e195df8d9891,ID203803,CID-229,CA-0409,2025-06-10,2025-07-10,1348.22,USD,SampleGen
INV-6f2e0adb-2575-4a09-8ff9-657a6ba47219,ID203804,CID-229,CA-0409,2025-07-14,2025-08-13,2314.82,USD,SampleGen
INV-0f7def0f-9fdb-4d64-9e3a-5f54e2186ec9,ID203805,CID-229,CA-0409,2025-07-15,2025-08-14,498.1,USD,SampleGen
INV-722588cf-ad78-491a-851d-efb23ac5ad5e,ID203806,CID-229,CA-0409,2025-07-30,2025-08-29,1803.9,USD,SampleGen
INV-c5d1b1f1-4e83-489f-9335-f4f1433e3f96,ID203807,CID-229,CA-0409,2025-08-08,2025-09-07,813.98,USD,SampleGen
INV-b62924bf-be3f-4790-930a-c1f5fa2c45ed,ID203808,CID-229,CA-0409,2025-08-19,2025-09-18,1042.96,USD,SampleGen
INV-c170c464-647b-44d9-88c2-d503e6154346,ID203809,CID-229,CA-0409,2025-08-28,2025-09-27,3001.66,USD,SampleGen
INV-0ca905aa-fd55-4482-a75b-ee1fd1c74cc6,ID203810,CID-229,CA-0409,2025-08-13,2025-09-12,922.06,USD,SampleGen
INV-cc3cea5d-22dc-4b90-8bff-8645c282e8f4,ID203811,CID-229,CA-0409,2025-09-03,2025-10-03,941.1,USD,SampleGen
INV-e24a32c5-a1c3-43f1-8aca-35affe09c37f,ID203812,CID-229,CA-0409,2025-10-11,2025-11-10,5463.0,USD,SampleGen
INV-ff7e6b46-085c-447f-baf0-f49db21ca72c,ID203813,CID-229,CA-0409,2025-10-11,2025-11-10,2450.52,USD,SampleGen
INV-4e896345-4ebc-4037-85d5-6a13cea886ad,ID203814,CID-229,CA-0409,2025-11-29,2025-12-29,546.81,USD,SampleGen
INV-115fe97f-260e-44b3-a587-88415bc6fedb,ID203815,CID-229,CA-0409,2025-11-17,2025-12-17,1509.26,USD,SampleGen
INV-c745316d-8ce4-4509-840a-7a38ff5687be,ID203816,CID-229,CA-0409,2025-12-12,2026-01-11,888.06,USD,SampleGen
INV-b2fafb10-9221-4197-97da-52fe58198961,ID203817,CID-229,CA-0409,2026-01-01,2026-01-31,3421.52,USD,SampleGen
INV-6c3d0467-6120-49c4-b563-5ef4fdbf236f,ID203818,CID-229,CA-0409,2025-12-15,2026-01-14,5518.14,USD,SampleGen
INV-43899c0b-8c6d-4380-a849-d966ffae8fb8,ID203819,CID-229,CA-0409,2026-01-23,2026-02-22,2365.78,USD,SampleGen
INV-9374afb8-3ca9-44e9-b5e5-0c52adb3baa2,ID203820,CID-229,CA-0409,2026-01-03,2026-02-02,2480.18,USD,SampleGen
INV-977211f8-8b32-42e4-bd1b-7af860245b81,ID203821,CID-229,CA-0409,2026-01-10,2026-02-09,2001.12,USD,SampleGen
INV-3be237f3-ac72-4390-8f21-3c7dacc15618,ID203822,CID-229,CA-0409,2026-03-01,2026-03-31,500.18,USD,SampleGen
INV-1de1845e-4287-4e31-ba4a-8a89b93eb23a,ID203823,CID-229,CA-0409,2026-03-01,2026-03-31,2191.84,USD,SampleGen
INV-f90fb627-c0ec-4eb8-8daf-897c59ba402c,ID203824,CID-229,CA-0409,2026-02-15,2026-03-17,2043.5,USD,SampleGen
INV-4e9431e7-1d38-4b2f-a0c4-bae2c45a5caa,ID203825,CID-229,CA-0409,2026-02-14,2026-03-16,1085.32,USD,SampleGen
INV-c713afc0-4172-4cef-80d9-9b755afd13cf,ID203826,CID-229,CA-0409,2026-02-23,2026-03-25,3014.54,USD,SampleGen
INV-61749103-dbe6-4265-b28b-2bc4635b3c40,ID203827,CID-229,CA-0409,2026-03-28,2026-04-27,3211.56,USD,SampleGen
INV-542ca062-76dd-477d-b233-e89e57d5000a,ID203828,CID-229,CA-0409,2026-03-02,2026-04-01,5028.4,USD,SampleGen
INV-4e358335-b27b-4e80-838e-2e66569a2c10,ID203829,CID-229,CA-0409,2026-03-15,2026-04-14,5282.78,USD,SampleGen
INV-53b2e11b-d42d-42a9-9776-f9e091870779,ID203830,CID-229,CA-0409,2026-03-02,2026-04-01,4769.74,USD,SampleGen
INV-1d2d9530-bef8-4e18-9a83-da0078f7bc18,ID203831,CID-229,CA-0409,2026-03-14,2026-04-13,2912.6,USD,SampleGen
INV-99367308-63c3-41ee-b2f5-39ed0c117822,ID203832,CID-230,CA-0411,2025-06-09,2025-07-09,1284.52,USD,SampleGen
INV-a6be86d6-1b31-4826-a894-d9ceef3f8023,ID203833,CID-230,CA-0411,2025-07-24,2025-08-23,3760.76,USD,SampleGen
INV-15270141-7381-45fe-889c-2ee651d77c98,ID203834,CID-230,CA-0411,2025-07-29,2025-08-28,2234.24,USD,SampleGen
INV-70f2dbcd-e8e0-47b7-9cca-0bef2c114e24,ID203835,CID-230,CA-0411,2025-08-15,2025-09-14,1322.7,USD,SampleGen
INV-b512f7d2-7c95-45d2-9359-4b1cf8d6cb05,ID203836,CID-230,CA-0411,2025-08-11,2025-09-10,546.84,USD,SampleGen
INV-3ab53d94-a5ff-40e1-ba56-6e8847231c60,ID203837,CID-230,CA-0411,2025-10-27,2025-11-26,1509.2,USD,SampleGen
INV-ea0e6665-b61c-45da-bfe4-44f88c7440a3,ID203838,CID-230,CA-0411,2025-11-23,2025-12-23,845.64,USD,SampleGen
INV-14ccadc0-0014-4aad-a0d4-6d91f93ec3ac,ID203839,CID-230,CA-0411,2025-12-31,2026-01-30,434.46,USD,SampleGen
INV-5ee03183-f90c-4004-ba51-013032b31259,ID203840,CID-230,CA-0411,2025-12-22,2026-01-21,2946.58,USD,SampleGen
INV-8ec7093e-ebe8-422c-87df-160faac0362d,ID203841,CID-230,CA-0411,2025-12-26,2026-01-25,975.04,USD,SampleGen
INV-49d79948-abd6-4b2f-b0e1-39cd3dff0346,ID203842,CID-230,CA-0411,2026-01-03,2026-02-02,674.06,USD,SampleGen
INV-ce2729ea-0a48-492c-8eb6-fe4b6a248a1b,ID203843,CID-230,CA-0411,2026-01-03,2026-02-02,3938.76,USD,SampleGen
INV-6a8291c7-7d86-46d0-af4a-586e1df65305,ID203844,CID-230,CA-0411,2026-02-12,2026-03-14,2060.4,USD,SampleGen
INV-5b00504e-94c2-4422-be12-57276d709c43,ID203845,CID-230,CA-0411,2026-02-10,2026-03-12,1674.62,USD,SampleGen
INV-541f763c-2271-42b6-bb62-d69b60987082,ID203846,CID-230,CA-0411,2026-02-10,2026-03-12,1844.24,USD,SampleGen
INV-dcac0254-ae5b-4b13-9207-2c3ec02599d2,ID203847,CID-230,CA-0411,2026-03-24,2026-04-23,551.04,USD,SampleGen
INV-15265a4e-9ac7-4b11-933b-c2da54342e6d,ID203848,CID-230,CA-0411,2026-03-04,2026-04-03,2628.6,USD,SampleGen
INV-5e53b98a-bc1e-4ded-b1ce-294a0a46e347,ID203849,CID-230,CA-0411,2026-03-15,2026-04-14,582.84,USD,SampleGen
INV-bb472246-e619-4a89-b924-ebdaf5aeecca,ID203850,CID-230,CA-0411,2026-03-15,2026-04-14,343.36,USD,SampleGen
INV-d65b3126-94a5-4f5f-9e8a-8a9b39eeee1b,ID203851,CID-231,CA-0413,2025-06-10,2025-07-10,2747.3,USD,SampleGen
INV-afeee238-a285-4c2f-ba0a-ab5e11a069c8,ID203852,CID-231,CA-0413,2025-07-19,2025-08-18,930.4,USD,SampleGen
INV-2a0ac27b-029e-48b5-9ff1-81df358abb91,ID203853,CID-231,CA-0413,2025-08-16,2025-09-15,294.54,USD,SampleGen
INV-8deb2842-0fe3-4e84-8de0-7c4938a9485d,ID203854,CID-231,CA-0413,2025-08-05,2025-09-04,476.82,USD,SampleGen
INV-9d3111f4-af0e-4a63-aaff-7f8fcdc1d213,ID203855,CID-231,CA-0413,2025-10-07,2025-11-06,879.64,USD,SampleGen
INV-66b8704f-99c5-47dc-94dd-06dc6316cd76,ID203856,CID-231,CA-0413,2025-11-25,2025-12-25,2085.96,USD,SampleGen
INV-e23f4e7c-170d-465c-832e-024dab90a607,ID203857,CID-231,CA-0413,2025-12-19,2026-01-18,1055.62,USD,SampleGen
INV-b1b009cb-9c61-4a61-af50-f4d1381d4554,ID203858,CID-231,CA-0413,2025-12-21,2026-01-20,3993.82,USD,SampleGen
INV-6371b1ac-52a3-4b5f-a228-bfe1122db800,ID203859,CID-231,CA-0413,2026-01-18,2026-02-17,2762.28,USD,SampleGen
INV-891d46db-041f-4efa-8f4f-8c2b138b3038,ID203860,CID-231,CA-0413,2026-02-19,2026-03-21,457.8,USD,SampleGen
INV-22d900c2-2e90-4544-9be7-2bb99b550f24,ID203861,CID-231,CA-0413,2026-02-23,2026-03-25,336.96,USD,SampleGen
INV-b9656bb1-efa0-4661-bba5-d0cd707f8c66,ID203862,CID-231,CA-0413,2026-02-14,2026-03-16,3917.64,USD,SampleGen
INV-f9583bf4-95a7-4d29-8f96-ad7bca2dc8c8,ID203863,CID-231,CA-0413,2026-03-18,2026-04-17,2560.72,USD,SampleGen
INV-8010ed27-e988-4a5d-a037-074eca86911b,ID203864,CID-231,CA-0413,2026-03-19,2026-04-18,2204.66,USD,SampleGen
INV-31cf4e4e-5462-45af-a719-4e12b884b7c3,ID203865,CID-231,CA-0413,2026-03-30,2026-04-29,3014.54,USD,SampleGen
INV-b33966ff-96c8-4bc7-867c-83746781bdf4,ID203866,CID-232,CA-0415,2025-06-10,2025-07-10,4051.1,USD,SampleGen
INV-4e5728b2-6e71-4ca8-b290-fb8552f7d5ab,ID203867,CID-232,CA-0415,2025-07-20,2025-08-19,1159.36,USD,SampleGen
INV-10a497e2-8016-4aa7-9800-39ce03acd443,ID203868,CID-232,CA-0415,2025-08-10,2025-09-09,4294.9,USD,SampleGen
INV-55962380-24ef-40ef-a94e-b2e61e5fc5b7,ID203869,CID-232,CA-0415,2025-09-01,2025-10-01,457.76,USD,SampleGen
INV-e2170dea-dd5c-4ddd-ba21-53dc89eae51c,ID203870,CID-232,CA-0415,2025-10-01,2025-10-31,445.08,USD,SampleGen
INV-11b8d21e-17a5-4ab8-a710-17b08f91f354,ID203871,CID-232,CA-0415,2025-10-20,2025-11-19,4856.62,USD,SampleGen
INV-e74cd50c-3fef-4d26-a006-98d5c5cc26be,ID203872,CID-232,CA-0415,2025-11-29,2025-12-29,2444.01,USD,SampleGen
INV-2ea15bcc-a643-4198-bb62-5d4b6447b198,ID203873,CID-232,CA-0415,2025-12-22,2026-01-21,5566.88,USD,SampleGen
INV-fcc440eb-85ee-42ab-826c-962347b74d4f,ID203874,CID-232,CA-0415,2026-01-22,2026-02-21,1331.26,USD,SampleGen
INV-a24ea17d-b06b-434e-a711-0e5f450fbe0f,ID203875,CID-232,CA-0415,2026-02-05,2026-03-07,822.4,USD,SampleGen
INV-b490b81b-aa89-43b8-8863-c04b1a99d567,ID203876,CID-232,CA-0415,2026-02-23,2026-03-25,4358.48,USD,SampleGen
INV-31d2ffdd-a751-4edf-a49a-b38a0520c53d,ID203877,CID-232,CA-0415,2026-03-15,2026-04-14,548.94,USD,SampleGen
INV-9da81782-49f9-48ef-bec3-49204b1ed078,ID203878,CID-232,CA-0415,2026-03-09,2026-04-08,339.1,USD,SampleGen
INV-1733d0ab-1c95-4a5d-b95a-31dba57d0c1a,ID203879,CID-232,CA-0415,2026-03-05,2026-04-04,3364.26,USD,SampleGen
INV-7df066b6-4f08-4627-9742-7815b8dc7de2,ID203880,CID-233,CA-0417,2025-06-29,2025-07-29,809.68,USD,SampleGen
INV-60cd32a4-7c4e-4de1-93b1-33d868166a17,ID203881,CID-233,CA-0417,2025-06-19,2025-07-19,852.1,USD,SampleGen
INV-84f765bb-61bf-459b-a86c-78b466b9d1bc,ID203882,CID-233,CA-0417,2025-06-18,2025-07-18,2463.18,USD,SampleGen
INV-457ce0cb-2a28-4f36-b59f-229f0b3475e9,ID203883,CID-233,CA-0417,2025-06-29,2025-07-29,1396.82,USD,SampleGen
INV-9c188b55-fb7a-4f76-a52d-74f329774d93,ID203884,CID-233,CA-0417,2025-07-30,2025-08-29,2227.94,USD,SampleGen
INV-6d6bab88-38ef-44ef-9e15-7c6386db460a,ID203885,CID-233,CA-0417,2025-07-25,2025-08-24,682.52,USD,SampleGen
INV-1cc96d60-2e64-4576-9899-ca70a287911a,ID203886,CID-233,CA-0417,2025-07-25,2025-08-24,428.16,USD,SampleGen
INV-f7300ca1-7916-42da-9673-3eb9bf3db0cb,ID203887,CID-233,CA-0417,2025-07-07,2025-08-06,2085.76,USD,SampleGen
INV-882f7997-2747-434d-aa7f-8d53a433de54,ID203888,CID-233,CA-0417,2025-08-09,2025-09-08,1161.56,USD,SampleGen
INV-e5fbb8fe-5b84-4077-9d30-031d7c3b5726,ID203889,CID-233,CA-0417,2025-08-12,2025-09-11,2768.54,USD,SampleGen
INV-b5a15c07-4dee-4925-a460-cf0d85ba833c,ID203890,CID-233,CA-0417,2025-08-06,2025-09-05,769.38,USD,SampleGen
INV-4f82df85-f587-44f8-a845-27d67d5053aa,ID203891,CID-233,CA-0417,2025-08-21,2025-09-20,517.18,USD,SampleGen
INV-8f902855-92cf-4563-b5bb-e3a2c1f25710,ID203892,CID-233,CA-0417,2025-08-26,2025-09-25,2166.46,USD,SampleGen
INV-f2d47544-86e9-4fd7-bbc6-9d173a201fc2,ID203893,CID-233,CA-0417,2025-09-01,2025-10-01,2418.66,USD,SampleGen
INV-7fa9c3e2-1f42-4065-be7a-4d6e57b6c365,ID203894,CID-233,CA-0417,2025-08-23,2025-09-22,2160.14,USD,SampleGen
INV-45ba1145-dc45-4467-b7cc-4c2f9fb54b36,ID203895,CID-233,CA-0417,2025-09-02,2025-10-02,300.92,USD,SampleGen
INV-14af0f15-7995-46a3-8008-fccecb4ece5e,ID203896,CID-233,CA-0417,2025-09-07,2025-10-07,4689.26,USD,SampleGen
INV-2c84a5bd-a4b1-47bf-a49e-94a888a3a31e,ID203897,CID-233,CA-0417,2025-10-27,2025-11-26,9599.04,USD,SampleGen
INV-a9c7d6a5-705f-4c74-ba38-9494edc11234,ID203898,CID-233,CA-0417,2025-10-19,2025-11-18,313.64,USD,SampleGen
INV-23d4f4c5-6e35-4778-9159-232e62186a9f,ID203899,CID-233,CA-0417,2025-11-21,2025-12-21,2287.18,USD,SampleGen
INV-dbbc45c3-d61f-408c-b00e-d8b45ac48ef7,ID203900,CID-233,CA-0417,2025-11-30,2025-12-30,7487.5,USD,SampleGen
INV-d8c2aa34-4c3b-4494-a7aa-7ec20d404ca7,ID203901,CID-233,CA-0417,2025-12-18,2026-01-17,970.78,USD,SampleGen
INV-0dc5301d-cfdc-4619-b692-33a5821db7bf,ID203902,CID-233,CA-0417,2025-12-10,2026-01-09,9276.84,USD,SampleGen
INV-76bf834b-db27-4333-8861-a38ee41551e0,ID203903,CID-233,CA-0417,2025-12-28,2026-01-27,2013.9,USD,SampleGen
INV-00a1657b-c0e4-41dc-8eb4-dbf0d0532860,ID203904,CID-233,CA-0417,2025-12-05,2026-01-04,890.32,USD,SampleGen
INV-087b2853-47d0-4646-9576-c1e52a5eb121,ID203905,CID-233,CA-0417,2025-12-10,2026-01-09,3099.3,USD,SampleGen
INV-92b541b8-2c45-43b7-9766-82e3bfb3e0fe,ID203906,CID-233,CA-0417,2026-01-16,2026-02-15,1984.2,USD,SampleGen
INV-07d8316e-5b11-4c57-af84-40a13b11942c,ID203907,CID-233,CA-0417,2026-01-04,2026-02-03,1471.04,USD,SampleGen
INV-827c9a0e-567c-4e5f-be7a-06aa0ace329c,ID203908,CID-233,CA-0417,2026-01-03,2026-02-02,1873.88,USD,SampleGen
INV-1c458b2a-e2d0-4d63-b185-8dd7e4bc0411,ID203909,CID-233,CA-0417,2026-01-19,2026-02-18,197.12,USD,SampleGen
INV-764032d4-2abc-4773-a8f8-dc84c0547c70,ID203910,CID-233,CA-0417,2026-01-02,2026-02-01,2755.74,USD,SampleGen
INV-a0994492-69b6-4651-80d4-4361cc4d73f4,ID203911,CID-233,CA-0417,2026-02-08,2026-03-10,881.68,USD,SampleGen
INV-e298cfcf-3ef2-4c40-977f-549d2d313e6c,ID203912,CID-233,CA-0417,2026-02-11,2026-03-13,2429.26,USD,SampleGen
INV-d51836df-8414-4e6f-b168-05afd0e9936b,ID203913,CID-233,CA-0417,2026-02-09,2026-03-11,4659.54,USD,SampleGen
INV-40bc1b6a-54e9-4ac5-ae7a-a20fd87e75e6,ID203914,CID-233,CA-0417,2026-02-07,2026-03-09,2802.36,USD,SampleGen
INV-2b45f9af-67da-4886-bc56-3c22abc934f8,ID203915,CID-233,CA-0417,2026-02-18,2026-03-20,979.22,USD,SampleGen
INV-97c905e1-c039-4776-9475-7c25898ea423,ID203916,CID-233,CA-0417,2026-02-24,2026-03-26,1611.06,USD,SampleGen
INV-17677797-a2bd-431e-8ffe-d9f93652999e,ID203917,CID-233,CA-0417,2026-02-07,2026-03-09,1098.06,USD,SampleGen
INV-ac1728df-7ecf-4191-9b72-31a9bc92313e,ID203918,CID-233,CA-0417,2026-02-25,2026-03-27,2372.06,USD,SampleGen
INV-3b74ee17-c5ac-426b-800e-bed9de6aef89,ID203919,CID-233,CA-0417,2026-02-04,2026-03-06,5643.16,USD,SampleGen
INV-77a22b15-363e-467a-8914-80d5ad7f68e4,ID203920,CID-233,CA-0417,2026-03-13,2026-04-12,464.14,USD,SampleGen
INV-4900ff65-23de-4ee1-b5ac-564ed3b5a70c,ID203921,CID-233,CA-0417,2026-03-20,2026-04-19,4657.34,USD,SampleGen
INV-8f5bc695-a137-4cf2-a7fb-c4d57be500cb,ID203922,CID-233,CA-0417,2026-03-22,2026-04-21,3752.22,USD,SampleGen
INV-16e899c0-0f69-4933-8a6b-449683d01c34,ID203923,CID-233,CA-0417,2026-03-06,2026-04-05,2437.86,USD,SampleGen
INV-5a98ec56-44e3-4e7b-af1f-1e7ec1fb7dd9,ID203924,CID-233,CA-0417,2026-03-04,2026-04-03,926.26,USD,SampleGen
INV-4c0741cb-f863-4c08-853e-ee8b71570439,ID203925,CID-233,CA-0417,2026-03-07,2026-04-06,4280.02,USD,SampleGen
INV-b0a3ce84-d6cc-4b88-a566-3513169dfbb0,ID203926,CID-233,CA-0417,2026-03-07,2026-04-06,2353.02,USD,SampleGen
INV-f4ccb469-5d7d-46a1-b3a2-8b09eca804ee,ID203927,CID-233,CA-0417,2026-03-04,2026-04-03,2060.54,USD,SampleGen
INV-3046c198-cfb8-4f1f-b7a0-c8369d8f191c,ID203928,CID-233,CA-0417,2026-03-14,2026-04-13,542.54,USD,SampleGen
INV-d29de2f6-784a-4041-ac47-fa46dc27c5cf,ID203929,CID-233,CA-0417,2026-03-22,2026-04-21,2548.1,USD,SampleGen
INV-b473c811-c380-449f-bf93-cbd236349636,ID203930,CID-234,CA-0419,2025-06-19,2025-07-19,773.54,USD,SampleGen
INV-7e525c7b-cc66-44a4-a9d7-ca71363a4a52,ID203931,CID-234,CA-0419,2025-07-31,2025-08-30,1899.4,USD,SampleGen
INV-f4ffdf02-8c23-4d0a-8080-c03e09560ac7,ID203932,CID-234,CA-0419,2025-08-02,2025-09-01,2802.4,USD,SampleGen
INV-5206ed7f-5f4b-4d34-ae8c-e200ddebbc14,ID203933,CID-234,CA-0419,2025-08-16,2025-09-15,1566.48,USD,SampleGen
INV-bffe9bc0-0347-4bd0-a006-56429cf32e74,ID203934,CID-234,CA-0419,2025-09-25,2025-10-25,2302.12,USD,SampleGen
INV-7efb283d-f417-410b-b0ad-d4274c8a6961,ID203935,CID-234,CA-0419,2025-11-11,2025-12-11,1507.06,USD,SampleGen
INV-6bd03ffd-ba3a-4569-8b78-6319c2c09e41,ID203936,CID-234,CA-0419,2025-12-28,2026-01-27,2526.8,USD,SampleGen
INV-d829bb98-a713-4455-8a12-d3b177d3ace1,ID203937,CID-234,CA-0419,2025-12-09,2026-01-08,1299.3,USD,SampleGen
INV-110ea895-6c91-4eba-8fa1-fcc01f56b02e,ID203938,CID-234,CA-0419,2026-01-29,2026-02-28,2289.48,USD,SampleGen
INV-b67a056d-52e6-4f7a-8a88-15fd795d1124,ID203939,CID-234,CA-0419,2026-02-06,2026-03-08,3321.84,USD,SampleGen
INV-b2684ea1-3e87-4db5-a26f-f32b46bddaca,ID203940,CID-234,CA-0419,2026-02-26,2026-03-28,3943.0,USD,SampleGen
INV-09b96481-3d45-4526-9b39-51c7bb6be849,ID203941,CID-234,CA-0419,2026-03-07,2026-04-06,258.52,USD,SampleGen
INV-f5ed90fd-4352-46bb-8c5e-431cca230cb6,ID203942,CID-234,CA-0419,2026-03-03,2026-04-02,1053.44,USD,SampleGen
INV-6a494c30-2e9c-400f-b427-953a9eadbcd3,ID203943,CID-234,CA-0419,2026-03-08,2026-04-07,4375.52,USD,SampleGen
INV-9c5dfa18-3060-4826-8068-eb6d6b0b21b8,ID203944,CID-235,CA-0421,2025-06-06,2025-07-06,3275.16,USD,SampleGen
INV-2042619e-515f-418d-bce5-bbc28f8c6d6a,ID203945,CID-235,CA-0421,2025-07-21,2025-08-20,699.48,USD,SampleGen
INV-46eebb0e-2bc6-4461-8467-7f7fe89c4adb,ID203946,CID-235,CA-0421,2025-08-11,2025-09-10,970.8,USD,SampleGen
INV-556b3f29-2e53-42ac-a90c-885fdfe5023f,ID203947,CID-235,CA-0421,2025-08-26,2025-09-25,3612.32,USD,SampleGen
INV-b1985b35-0912-4094-9345-74f0d7422337,ID203948,CID-235,CA-0421,2025-09-13,2025-10-13,2172.76,USD,SampleGen
INV-51c5b742-2e86-4b92-a3db-26f9e5800cfb,ID203949,CID-235,CA-0421,2025-10-12,2025-11-11,4366.9,USD,SampleGen
INV-2920f7a4-5779-4b5f-8755-0a875987f0fa,ID203950,CID-235,CA-0421,2025-12-10,2026-01-09,3258.24,USD,SampleGen
INV-04425a5d-3520-45aa-94c9-97839d4f6404,ID203951,CID-235,CA-0421,2025-12-29,2026-01-28,4375.52,USD,SampleGen
INV-b48ae6c1-a02b-4584-a371-c32b0960096b,ID203952,CID-235,CA-0421,2026-01-19,2026-02-18,351.84,USD,SampleGen
INV-646e072a-8e91-4aba-91dd-4bf65714e771,ID203953,CID-235,CA-0421,2026-01-04,2026-02-03,3200.92,USD,SampleGen
INV-bfd2ba81-d668-47df-917d-e2ecace0f3c4,ID203954,CID-235,CA-0421,2026-02-08,2026-03-10,7347.72,USD,SampleGen
INV-b21e9b27-c0cb-49b9-a2dc-7c407d6b27a4,ID203955,CID-235,CA-0421,2026-02-18,2026-03-20,1475.28,USD,SampleGen
INV-e19974d1-c964-4f08-a412-d628f56ed40f,ID203956,CID-235,CA-0421,2026-03-08,2026-04-07,1547.46,USD,SampleGen
INV-a7fb6344-7395-423b-9ff6-ae91dc438500,ID203957,CID-235,CA-0421,2026-03-22,2026-04-21,2064.66,USD,SampleGen
INV-7c60f1bc-1be1-46d4-ba14-2b7748853258,ID203958,CID-235,CA-0421,2026-03-12,2026-04-11,1801.8,USD,SampleGen
INV-8fd95550-4e2f-4651-b641-5dfa4da7b56e,ID203959,CID-236,CA-0423,2025-06-30,2025-07-30,3781.96,USD,SampleGen
INV-1677e45a-fa3b-42f3-8d03-974b90e8284b,ID203960,CID-236,CA-0423,2025-06-25,2025-07-25,1418.16,USD,SampleGen
INV-2892a5b4-1e5a-45e4-8f79-ab77f70c8238,ID203961,CID-236,CA-0423,2025-07-29,2025-08-28,928.26,USD,SampleGen
INV-c5ce528d-808f-46ff-989d-4598e5d64fad,ID203962,CID-236,CA-0423,2025-07-11,2025-08-10,4320.42,USD,SampleGen
INV-b3d16eac-fd2c-4cf6-969a-92d1859396ba,ID203963,CID-236,CA-0423,2025-08-18,2025-09-17,1683.1,USD,SampleGen
INV-5be3b666-07e3-47b9-9d0a-56378266f707,ID203964,CID-236,CA-0423,2025-08-20,2025-09-19,1428.66,USD,SampleGen
INV-96a8a57b-16d7-41b2-9864-4620bbbc2b03,ID203965,CID-236,CA-0423,2025-08-25,2025-09-24,1928.96,USD,SampleGen
INV-0d4b43e7-2f97-4ccb-8044-9b38f2d2a848,ID203966,CID-236,CA-0423,2025-08-10,2025-09-09,941.06,USD,SampleGen
INV-15d2df3b-0d57-450f-90fa-c93c6412c74a,ID203967,CID-236,CA-0423,2025-09-17,2025-10-17,4871.48,USD,SampleGen
INV-22e07df0-c255-4a75-9141-92e474ea7ab8,ID203968,CID-236,CA-0423,2025-10-15,2025-11-14,5282.8,USD,SampleGen
INV-5685f713-7c0e-447f-a025-2800fc781386,ID203969,CID-236,CA-0423,2025-11-29,2025-12-29,1583.33,USD,SampleGen
INV-84738c5d-76a4-4f06-be10-8aaccd213d0d,ID203970,CID-236,CA-0423,2025-11-24,2025-12-24,1827.22,USD,SampleGen
INV-289d0b8d-e612-4eee-a936-1f81c2bb1132,ID203971,CID-236,CA-0423,2025-12-22,2026-01-21,4602.22,USD,SampleGen
INV-829f4e23-7a48-47d0-99d0-5a6b36ac9d78,ID203972,CID-236,CA-0423,2025-12-30,2026-01-29,2577.62,USD,SampleGen
INV-66229d2a-52a0-4c73-838e-35e10b894429,ID203973,CID-236,CA-0423,2025-12-11,2026-01-10,3605.92,USD,SampleGen
INV-fd64e822-50de-4dad-b3a9-6927f8e5a1b3,ID203974,CID-236,CA-0423,2026-02-01,2026-03-03,195.0,USD,SampleGen
INV-f43c044c-bb65-4d15-b91f-cf5ec871a56e,ID203975,CID-236,CA-0423,2026-01-12,2026-02-11,194.92,USD,SampleGen
INV-80eee489-8f28-48f2-9ce7-0681ba3853af,ID203976,CID-236,CA-0423,2026-01-20,2026-02-19,1806.2,USD,SampleGen
INV-1b3e206a-0040-4b6c-ba63-ad53562c0f4a,ID203977,CID-236,CA-0423,2026-02-09,2026-03-11,290.34,USD,SampleGen
INV-3b41eaa6-adf4-45fd-a2cc-618068ef3e3f,ID203978,CID-236,CA-0423,2026-02-27,2026-03-29,1000.56,USD,SampleGen
INV-4ff6d6e5-2f2b-4e61-888b-426e5907e279,ID203979,CID-236,CA-0423,2026-02-08,2026-03-10,368.76,USD,SampleGen
INV-1e88837f-27cf-4621-8388-bb5291b946b5,ID203980,CID-236,CA-0423,2026-02-26,2026-03-28,2893.68,USD,SampleGen
INV-5d2d600d-697e-4edb-9044-a9115c1c33fc,ID203981,CID-236,CA-0423,2026-02-14,2026-03-16,2308.5,USD,SampleGen
INV-894fd100-1bc4-4360-a5a8-5cde4ead8609,ID203982,CID-236,CA-0423,2026-03-13,2026-04-12,436.6,USD,SampleGen
INV-4a4686e7-31fd-49e9-8b6e-2d028364f0aa,ID203983,CID-236,CA-0423,2026-03-23,2026-04-22,695.26,USD,SampleGen
INV-5187e3bd-2e86-4c2b-8528-456c9d8e0af3,ID203984,CID-236,CA-0423,2026-03-05,2026-04-04,561.62,USD,SampleGen
INV-7cd3757b-edd1-4667-ba15-6fd8348f7f32,ID203985,CID-236,CA-0423,2026-03-29,2026-04-28,958.12,USD,SampleGen
INV-4ffef9bd-c2f8-4774-a758-18ada38e5f3a,ID203986,CID-236,CA-0423,2026-04-01,2026-05-01,972.94,USD,SampleGen
INV-841e24bc-a388-4395-81a0-a8cee8d8eb78,ID203987,CID-236,CA-0423,2026-03-07,2026-04-06,1080.98,USD,SampleGen
INV-f6469bdf-fab1-4382-8079-8a15905b6c9b,ID203988,CID-237,CA-0424,2025-06-04,2025-07-04,1818.66,USD,SampleGen
INV-f5ba67b9-1cb6-4e17-a07e-476d86050374,ID203989,CID-237,CA-0424,2025-07-27,2025-08-26,686.72,USD,SampleGen
INV-6543f05d-f108-4bcb-928c-c0df872eb57a,ID203990,CID-237,CA-0424,2025-07-21,2025-08-20,2028.74,USD,SampleGen
INV-be3e4369-7c9d-4990-9388-2174b36eb9c7,ID203991,CID-237,CA-0424,2025-08-21,2025-09-20,1892.98,USD,SampleGen
INV-0dc6faf0-2a00-45a9-a5ad-8fc05b84c0b2,ID203992,CID-237,CA-0424,2025-08-22,2025-09-21,2075.26,USD,SampleGen
INV-00cd0850-ef55-41c0-a06c-4e9170a316cc,ID203993,CID-237,CA-0424,2025-09-20,2025-10-20,1263.42,USD,SampleGen
INV-d614fd88-5395-4c9d-bd91-79d969222c6d,ID203994,CID-237,CA-0424,2025-11-07,2025-12-07,1187.12,USD,SampleGen
INV-f2e47d9b-c2d9-44d0-9ddf-9448525215f4,ID203995,CID-237,CA-0424,2025-12-18,2026-01-17,1810.32,USD,SampleGen
INV-4eca010f-f65b-45cd-96cd-5dfbd59c5652,ID203996,CID-237,CA-0424,2025-12-03,2026-01-02,2806.66,USD,SampleGen
INV-874b4fb5-165d-4180-9947-65c104012992,ID203997,CID-237,CA-0424,2025-12-25,2026-01-24,2501.48,USD,SampleGen
INV-40ae04d8-56f4-47e1-a76e-d99adb2e413c,ID203998,CID-237,CA-0424,2026-01-14,2026-02-13,3073.72,USD,SampleGen
INV-e2bdc49b-b21d-42c6-b789-2f3474d7dbbb,ID203999,CID-237,CA-0424,2026-01-28,2026-02-27,69.94,USD,SampleGen
INV-8049775f-c36d-4427-a7c5-55eafd6696ac,ID204000,CID-237,CA-0424,2026-02-28,2026-03-30,2085.96,USD,SampleGen
INV-40bb7633-a17f-48f3-ac23-a65ee0ad098f,ID204001,CID-237,CA-0424,2026-02-14,2026-03-16,5206.46,USD,SampleGen
INV-d82049fe-9d07-4cdc-9f9d-bdcbfd60288e,ID204002,CID-237,CA-0424,2026-02-07,2026-03-09,428.12,USD,SampleGen
INV-b6404966-f780-43ce-b5c8-50876b953160,ID204003,CID-237,CA-0424,2026-03-13,2026-04-12,2427.2,USD,SampleGen
INV-c627f744-9015-4b4b-9c34-d57f96615e8e,ID204004,CID-237,CA-0424,2026-03-23,2026-04-22,2319.02,USD,SampleGen
INV-5bf6e31a-64bd-47c9-a145-d32e6ae206fd,ID204005,CID-237,CA-0424,2026-03-28,2026-04-27,2908.44,USD,SampleGen
INV-155d1dc1-6274-4452-bd9b-1ab4ee8c8ca6,ID204006,CID-238,CA-0426,2025-06-06,2025-07-06,784.26,USD,SampleGen
INV-7e958d9e-ae24-4d7c-9bd9-77a8d3289fcc,ID204007,CID-238,CA-0426,2025-07-29,2025-08-28,428.16,USD,SampleGen
INV-9e5c2cda-847a-450b-9b3a-b21d951266f7,ID204008,CID-238,CA-0426,2025-08-02,2025-09-01,2475.96,USD,SampleGen
INV-95dfb3f5-6560-4321-9741-fa9ceb458f14,ID204009,CID-238,CA-0426,2025-09-27,2025-10-27,1746.64,USD,SampleGen
INV-84a2e77c-5ce6-4b4b-817d-af7372e18797,ID204010,CID-238,CA-0426,2025-10-17,2025-11-16,4341.5,USD,SampleGen
INV-838e8662-78dc-4d89-93cd-9978ab33eb8c,ID204011,CID-238,CA-0426,2025-12-13,2026-01-12,3222.18,USD,SampleGen
INV-9fd21df5-f271-465f-81af-bbd4dbe420f8,ID204012,CID-238,CA-0426,2026-01-25,2026-02-24,144.08,USD,SampleGen
INV-3fa4da4e-9465-4e35-8c2c-b7f45091ae2f,ID204013,CID-238,CA-0426,2026-02-08,2026-03-10,1091.54,USD,SampleGen
INV-eccc40f0-27fe-4f55-becc-15c82f19e58d,ID204014,CID-238,CA-0426,2026-02-18,2026-03-20,2210.9,USD,SampleGen
INV-4de81876-3983-438b-a2f4-4f85a9867d49,ID204015,CID-238,CA-0426,2026-03-30,2026-04-29,3849.7,USD,SampleGen
INV-3caa6703-7c21-4802-93da-38d6d4fa8655,ID204016,CID-238,CA-0426,2026-03-11,2026-04-10,1941.76,USD,SampleGen
INV-079d0c17-47c7-46dc-9aa0-94ae384f3d48,ID204017,CID-239,CA-0428,2025-07-01,2025-07-31,2815.26,USD,SampleGen
INV-8030f5e4-f7c0-43d3-8804-48f184e879f9,ID204018,CID-239,CA-0428,2025-06-14,2025-07-14,595.54,USD,SampleGen
INV-c0417537-e844-4ee1-9a34-aaaa3a947362,ID204019,CID-239,CA-0428,2025-06-21,2025-07-21,576.48,USD,SampleGen
INV-df79f1c6-9300-465c-989e-e4ad363087c7,ID204020,CID-239,CA-0428,2025-07-29,2025-08-28,1432.88,USD,SampleGen
INV-f0387564-9b89-4c9f-8de0-e5830799af56,ID204021,CID-239,CA-0428,2025-07-29,2025-08-28,3353.64,USD,SampleGen
INV-b178922d-a95f-4c5d-80fb-2885ed2a1abc,ID204022,CID-239,CA-0428,2025-07-23,2025-08-22,2336.02,USD,SampleGen
INV-4e10ad6b-5b0d-496e-adce-ed6779af2a18,ID204023,CID-239,CA-0428,2025-08-28,2025-09-27,2100.7,USD,SampleGen
INV-2de27fe7-7802-4e81-ad47-5da49e911f30,ID204024,CID-239,CA-0428,2025-08-13,2025-09-12,735.5,USD,SampleGen
INV-4eb4b75a-c4f3-4198-8980-160d4dbfdf73,ID204025,CID-239,CA-0428,2025-08-10,2025-09-09,487.5,USD,SampleGen
INV-c12fcf84-fa59-47df-8aee-d855d3605fcd,ID204026,CID-239,CA-0428,2025-08-11,2025-09-10,847.84,USD,SampleGen
INV-3fa1ae57-84b6-44be-99d4-ef20ec3a8c8d,ID204027,CID-239,CA-0428,2025-08-15,2025-09-14,2849.18,USD,SampleGen
INV-6c6f7ee7-039b-42b9-b39e-dd69daf907bb,ID204028,CID-239,CA-0428,2025-09-03,2025-10-03,1000.56,USD,SampleGen
INV-e3bef16c-13bf-4389-8527-3f69f2f779b3,ID204029,CID-239,CA-0428,2025-10-24,2025-11-23,731.28,USD,SampleGen
INV-4dd632a1-9ba0-4114-bcda-bef9e0517ebd,ID204030,CID-239,CA-0428,2025-10-30,2025-11-29,1051.34,USD,SampleGen
INV-d7254f9c-0904-4f40-9996-2bfda38b7328,ID204031,CID-239,CA-0428,2025-11-26,2025-12-26,2359.32,USD,SampleGen
INV-45f4ea85-135f-4382-b37f-0a01fb47f0e5,ID204032,CID-239,CA-0428,2025-12-01,2025-12-31,1220.82,USD,SampleGen
INV-ceab739a-40bb-41f6-aa50-2ebcaa800ef8,ID204033,CID-239,CA-0428,2025-12-14,2026-01-13,731.28,USD,SampleGen
INV-7fc7ee35-a2a7-4a7d-96fe-4ef719590028,ID204034,CID-239,CA-0428,2025-12-18,2026-01-17,5346.44,USD,SampleGen
INV-c610c8bb-964b-4c3b-b40e-5b9901949b9c,ID204035,CID-239,CA-0428,2025-12-10,2026-01-09,2085.92,USD,SampleGen
INV-d9522aa7-58ad-420b-a8ca-bf6b9ae8fbb6,ID204036,CID-239,CA-0428,2025-12-13,2026-01-12,712.18,USD,SampleGen
INV-6975e9a8-849a-45ab-bc98-c303e86a7030,ID204037,CID-239,CA-0428,2026-01-20,2026-02-19,1806.2,USD,SampleGen
INV-2b66f58b-6e39-4913-b168-30111d1e9a4b,ID204038,CID-239,CA-0428,2026-01-17,2026-02-16,525.7,USD,SampleGen
INV-139c64d7-a0ab-4f86-84c2-431da3263a3c,ID204039,CID-239,CA-0428,2026-01-14,2026-02-13,903.0,USD,SampleGen
INV-65b1db29-7282-4b05-b05b-e774d06e9d48,ID204040,CID-239,CA-0428,2026-02-09,2026-03-11,5017.78,USD,SampleGen
INV-57f61ca6-7dd4-4eef-baa5-d60e599df5c6,ID204041,CID-239,CA-0428,2026-02-07,2026-03-09,2170.64,USD,SampleGen
INV-c918e114-26c1-4508-b80c-4cd8a4f7cec0,ID204042,CID-239,CA-0428,2026-02-11,2026-03-13,2611.76,USD,SampleGen
INV-65b88a54-bc6f-4821-84ba-8000c520be29,ID204043,CID-239,CA-0428,2026-02-26,2026-03-28,5435.44,USD,SampleGen
INV-af85449d-6040-4b0d-9275-6507410a57c5,ID204044,CID-239,CA-0428,2026-02-23,2026-03-25,2904.3,USD,SampleGen
INV-a4198071-7d81-47c9-8370-25805e6abf2a,ID204045,CID-239,CA-0428,2026-02-25,2026-03-27,1284.52,USD,SampleGen
INV-4150cbfb-d607-4f7b-a546-7b03804143e2,ID204046,CID-239,CA-0428,2026-04-01,2026-05-01,3175.58,USD,SampleGen
INV-61159967-fd04-43fb-acf5-8fbae4acdd82,ID204047,CID-239,CA-0428,2026-03-25,2026-04-24,2151.58,USD,SampleGen
INV-fc4da779-f08a-48f3-a31a-4209bb9f14cb,ID204048,CID-239,CA-0428,2026-03-06,2026-04-05,4803.78,USD,SampleGen
INV-2264cacf-fa78-44c6-bda5-f46cea98fc22,ID204049,CID-239,CA-0428,2026-03-31,2026-04-30,1505.06,USD,SampleGen
INV-fa22591c-d668-4878-a900-7aafbce96fb8,ID204050,CID-239,CA-0428,2026-03-25,2026-04-24,2077.4,USD,SampleGen
INV-34301e36-703a-4405-baee-d38dde6fc0c5,ID204051,CID-239,CA-0428,2026-03-19,2026-04-18,1806.12,USD,SampleGen
INV-36a10c96-a1ec-4754-ab39-3e2b3d9a62aa,ID204052,CID-239,CA-0428,2026-03-25,2026-04-24,1992.64,USD,SampleGen
INV-16226181-5a5b-4371-8ca6-b900b1a7c7ee,ID204053,CID-240,CA-0430,2025-06-05,2025-07-05,4651.0,USD,SampleGen
INV-7e600e79-4b10-47ae-bb63-c38b63452112,ID204054,CID-240,CA-0430,2025-07-17,2025-08-16,534.08,USD,SampleGen
INV-259c4fdc-3d80-4725-bbd8-79b0d6b0bc16,ID204055,CID-240,CA-0430,2025-07-26,2025-08-25,2174.96,USD,SampleGen
INV-2c6d8af2-b692-45fe-85e0-10a335ee6eab,ID204056,CID-240,CA-0430,2025-08-02,2025-09-01,1314.3,USD,SampleGen
INV-042c5e57-0c0e-4529-adaf-2968060454f4,ID204057,CID-240,CA-0430,2025-09-26,2025-10-26,678.24,USD,SampleGen
INV-846acfbd-fa01-4a67-a9d2-19232034d5fc,ID204058,CID-240,CA-0430,2025-10-22,2025-11-21,1492.3,USD,SampleGen
INV-f56fc7c7-a56c-4644-a9d8-667804b45b80,ID204059,CID-240,CA-0430,2025-12-23,2026-01-22,4394.56,USD,SampleGen
INV-9c1b1646-4b70-45f7-9fd2-a911216db96a,ID204060,CID-240,CA-0430,2025-12-19,2026-01-18,3887.82,USD,SampleGen
INV-98b13071-5012-479b-b83f-80f0f693de5d,ID204061,CID-240,CA-0430,2026-01-29,2026-02-28,1051.4,USD,SampleGen
INV-5e7a0a38-5f63-4f9a-8e45-cfd65df2debb,ID204062,CID-240,CA-0430,2026-02-14,2026-03-16,1789.06,USD,SampleGen
INV-96f94b9a-ae0c-48b6-8f93-8f154ea96191,ID204063,CID-240,CA-0430,2026-02-11,2026-03-13,379.38,USD,SampleGen
INV-e24b5ba9-d523-4f01-8290-b68a8ef2acbb,ID204064,CID-240,CA-0430,2026-03-10,2026-04-09,1880.3,USD,SampleGen
INV-fb1a2ed7-3e40-451b-b559-9ced7f93d9e6,ID204065,CID-240,CA-0430,2026-03-15,2026-04-14,3631.34,USD,SampleGen
INV-632261ab-b2f0-464c-9ef0-756df21b00d8,ID204066,CID-240,CA-0430,2026-03-21,2026-04-20,3264.6,USD,SampleGen
INV-2db8526e-42a6-4688-9245-f6c5a300b570,ID204067,CID-241,CA-0432,2025-06-29,2025-07-29,1939.58,USD,SampleGen
INV-e2632882-6f7a-4a2f-8140-eb5fb4302671,ID204068,CID-241,CA-0432,2025-07-15,2025-08-14,1818.84,USD,SampleGen
INV-2956cba6-545f-437f-ba16-0d3f23ccde66,ID204069,CID-241,CA-0432,2025-08-11,2025-09-10,932.64,USD,SampleGen
INV-9834493b-3d66-468a-8003-450a3afca796,ID204070,CID-241,CA-0432,2025-10-01,2025-10-31,975.12,USD,SampleGen
INV-9a40d2d1-48d2-44d3-a339-46682269a2f0,ID204071,CID-241,CA-0432,2025-10-30,2025-11-29,822.38,USD,SampleGen
INV-e9300640-463c-42d0-ae5c-bb2512b96eeb,ID204072,CID-241,CA-0432,2025-12-03,2026-01-02,224.64,USD,SampleGen
INV-7c8ba6c2-acea-4395-8df0-81c3008e59f2,ID204073,CID-241,CA-0432,2026-02-14,2026-03-16,2755.72,USD,SampleGen
INV-66337b1c-7906-47e6-aa3b-4e19e0b558ca,ID204074,CID-241,CA-0432,2026-03-03,2026-04-02,839.4,USD,SampleGen
INV-e7516fa4-802d-4943-932d-ff5507a26e85,ID204075,CID-241,CA-0432,2026-03-25,2026-04-24,614.6,USD,SampleGen
INV-2dd96f57-713f-4d39-9141-0604e4003033,ID204076,CID-242,CA-0434,2025-06-15,2025-07-15,4277.9,USD,SampleGen
INV-a3d0424c-33e6-4762-bc7e-290c7290b66e,ID204077,CID-242,CA-0434,2025-07-17,2025-08-16,5933.64,USD,SampleGen
INV-40478a0f-0493-4398-a72d-f1a351040609,ID204078,CID-242,CA-0434,2025-12-22,2026-01-21,1142.5,USD,SampleGen
INV-bbf57abf-05fe-4ea8-b4d7-0cb4f02999bd,ID204079,CID-242,CA-0434,2026-01-22,2026-02-21,190.78,USD,SampleGen
INV-be8ccd6e-7316-495e-9e32-5d1e75fed566,ID204080,CID-242,CA-0434,2026-02-05,2026-03-07,3735.32,USD,SampleGen
INV-98e03852-ce5c-4a82-bae4-da4a40b8e9e9,ID204081,CID-242,CA-0434,2026-03-17,2026-04-16,4515.5,USD,SampleGen
INV-6525f5e9-19c1-4da2-97d8-ff2855ed2bb0,ID204082,CID-243,CA-0436,2025-06-03,2025-07-03,1924.78,USD,SampleGen
INV-e68378f3-d1ee-41de-9e5f-2e8b1f30047f,ID204083,CID-243,CA-0436,2025-12-12,2026-01-11,4468.72,USD,SampleGen
INV-503812d9-c6e9-45bc-9704-5d8cfa2c1486,ID204084,CID-243,CA-0436,2026-01-22,2026-02-21,504.48,USD,SampleGen
INV-72774a3c-00d7-4c71-aeb1-5a325475e5b8,ID204085,CID-243,CA-0436,2026-03-17,2026-04-16,1454.18,USD,SampleGen
INV-b6a2f488-2045-4812-8a88-3bef1203cbde,ID204086,CID-244,CA-0438,2025-07-01,2025-07-31,2904.3,USD,SampleGen
INV-bbd9474f-78c8-4b3f-a26b-d5892cb3d078,ID204087,CID-244,CA-0438,2025-07-23,2025-08-22,4210.14,USD,SampleGen
INV-3a2e7007-70d9-4693-8544-4d297b20af9a,ID204088,CID-244,CA-0438,2025-08-25,2025-09-24,1167.92,USD,SampleGen
INV-5b6bcfb1-4851-4c13-a1cc-5d22a5e2b237,ID204089,CID-244,CA-0438,2025-12-05,2026-01-04,2919.12,USD,SampleGen
INV-0298f998-8420-4192-9a09-b1d073b2556a,ID204090,CID-244,CA-0438,2025-12-16,2026-01-15,1717.08,USD,SampleGen
INV-29b4ea45-7343-4ce0-a72d-dd51da6c3767,ID204091,CID-244,CA-0438,2026-01-22,2026-02-21,419.64,USD,SampleGen
INV-78000220-4b68-4018-8657-39a815c10283,ID204092,CID-244,CA-0438,2026-02-16,2026-03-18,989.82,USD,SampleGen
INV-10463e6f-786e-442d-b8bc-f695d704c9dd,ID204093,CID-244,CA-0438,2026-02-23,2026-03-25,1000.46,USD,SampleGen
INV-afcafa19-1e2a-415b-a1c2-547f68c25176,ID204094,CID-244,CA-0438,2026-03-13,2026-04-12,947.5,USD,SampleGen
INV-1ad6b152-944b-4684-8c52-539b7b322f08,ID204095,CID-244,CA-0438,2026-03-06,2026-04-05,5206.46,USD,SampleGen
INV-bf5bd3a2-9b74-4ef5-8700-f5be5f169257,ID204096,CID-245,CA-0440,2025-06-26,2025-07-26,864.8,USD,SampleGen
INV-0286e4bc-bf97-431f-8315-064eee065ba3,ID204097,CID-245,CA-0440,2025-07-12,2025-08-11,334.88,USD,SampleGen
INV-e621fb68-89d4-4597-9494-60654b0f9eb3,ID204098,CID-245,CA-0440,2025-08-09,2025-09-08,580.78,USD,SampleGen
INV-8aab6eac-2527-401e-b748-e9bcfcc23787,ID204099,CID-245,CA-0440,2025-10-23,2025-11-22,2670.96,USD,SampleGen
INV-b4f2bf6b-741e-4d3f-a90e-b7672880bd77,ID204100,CID-245,CA-0440,2025-11-17,2025-12-17,466.28,USD,SampleGen
INV-d6ede307-27d7-44b3-b680-4786ebd1729a,ID204101,CID-245,CA-0440,2025-12-17,2026-01-16,650.7,USD,SampleGen
INV-fea27be4-f767-4bdf-8bbe-9f4a95dc48af,ID204102,CID-245,CA-0440,2026-01-19,2026-02-18,139.88,USD,SampleGen
INV-4b51801d-123b-43fb-be53-5dbfafc2cbc8,ID204103,CID-245,CA-0440,2026-02-04,2026-03-06,2223.72,USD,SampleGen
INV-624515c1-aefc-4dc2-ac34-367f79a4e561,ID204104,CID-245,CA-0440,2026-02-08,2026-03-10,1700.04,USD,SampleGen
INV-c683edcd-4afd-4d96-908b-ff89ae745fe7,ID204105,CID-245,CA-0440,2026-03-07,2026-04-06,1462.6,USD,SampleGen
INV-f9d6aa89-e3a8-437f-81f8-ebdae1099447,ID204106,CID-245,CA-0440,2026-03-26,2026-04-25,2505.6,USD,SampleGen
INV-a7609346-3b29-40a4-80a9-ccd465edf54e,ID204107,CID-246,CA-0442,2025-06-04,2025-07-04,2062.54,USD,SampleGen
INV-5240eb82-8a76-411a-932c-cbd88becd615,ID204108,CID-246,CA-0442,2025-07-07,2025-08-06,644.34,USD,SampleGen
INV-baf9ea1f-6c8f-46e3-a489-1dad037dd47c,ID204109,CID-246,CA-0442,2025-08-22,2025-09-21,1136.08,USD,SampleGen
INV-65251fad-751f-45a2-85b0-4240034aff9f,ID204110,CID-246,CA-0442,2025-12-03,2026-01-02,3989.66,USD,SampleGen
INV-f7d224cd-daf4-4c41-928c-d098a3fbca47,ID204111,CID-246,CA-0442,2026-01-04,2026-02-03,3090.72,USD,SampleGen
INV-2696dcf3-3e53-4f46-a26d-60698a71ec8c,ID204112,CID-246,CA-0442,2026-03-01,2026-03-31,975.12,USD,SampleGen
INV-a18e39c9-9e37-4dbc-9c6c-3646e6554843,ID204113,CID-246,CA-0442,2026-03-23,2026-04-22,1231.5,USD,SampleGen
INV-b888a3a6-4045-40c4-80e3-eb9a89bce04d,ID204114,CID-246,CA-0442,2026-03-04,2026-04-03,2976.22,USD,SampleGen
INV-b9e89505-1ac9-4aef-a29a-af6b8faebe89,ID204115,CID-247,CA-0444,2025-06-07,2025-07-07,697.34,USD,SampleGen
INV-bc66dc9f-3c59-4b00-b537-d2ec8a113f57,ID204116,CID-247,CA-0444,2025-07-28,2025-08-27,6321.7,USD,SampleGen
INV-05bf5990-b804-43f7-8fd3-7ccb17d5b4b4,ID204117,CID-247,CA-0444,2025-07-30,2025-08-29,1831.5,USD,SampleGen
INV-68c125b0-2a7e-497d-a1ab-e98fdd7cba9b,ID204118,CID-247,CA-0444,2025-08-28,2025-09-27,6898.26,USD,SampleGen
INV-ccb827c6-ff2b-4ad9-ab4c-506235116600,ID204119,CID-247,CA-0444,2025-08-27,2025-09-26,572.3,USD,SampleGen
INV-ada8f45d-2ec0-4911-bcbb-b9bd452a4ea5,ID204120,CID-247,CA-0444,2025-08-24,2025-09-23,678.28,USD,SampleGen
INV-9e7e85a4-c924-4ec6-81ea-3dc973b0a5a1,ID204121,CID-247,CA-0444,2025-09-13,2025-10-13,4888.48,USD,SampleGen
INV-3370744d-1e39-49a1-a44e-f40471e4efc9,ID204122,CID-247,CA-0444,2025-10-24,2025-11-23,2601.06,USD,SampleGen
INV-8459356e-18c0-4bcb-8652-1b3e602bafb5,ID204123,CID-247,CA-0444,2025-11-30,2025-12-30,2639.1,USD,SampleGen
INV-d6592198-e9ba-46f1-9970-a4d850a6fc2d,ID204124,CID-247,CA-0444,2025-12-16,2026-01-15,1513.44,USD,SampleGen
INV-b171f8ea-c26a-468f-9a80-8116610a3196,ID204125,CID-247,CA-0444,2025-12-27,2026-01-26,504.48,USD,SampleGen
INV-6bbeb74e-ef05-4bd1-a391-0f84226da863,ID204126,CID-247,CA-0444,2025-12-23,2026-01-22,2013.9,USD,SampleGen
INV-d072edd3-8781-43b5-9a96-8c09cd287016,ID204127,CID-247,CA-0444,2026-02-01,2026-03-03,1526.26,USD,SampleGen
INV-bdaa3a25-db9f-4cb2-bed5-2fba0a3f3f78,ID204128,CID-247,CA-0444,2026-01-07,2026-02-06,1668.2,USD,SampleGen
INV-11ce6bdf-1f43-4507-8aaf-6805602bf1f2,ID204129,CID-247,CA-0444,2026-02-14,2026-03-16,674.06,USD,SampleGen
INV-46b34635-1b1d-46c6-ac0b-46f367044941,ID204130,CID-247,CA-0444,2026-02-12,2026-03-14,1916.26,USD,SampleGen
INV-d2ec361e-ad78-4041-9847-b8a15a3dd235,ID204131,CID-247,CA-0444,2026-02-28,2026-03-30,1331.26,USD,SampleGen
INV-4299843f-a98e-482a-82a7-15337190a949,ID204132,CID-247,CA-0444,2026-03-19,2026-04-18,406.9,USD,SampleGen
INV-e057b8d1-4e15-4fd6-a38a-98074497cec5,ID204133,CID-247,CA-0444,2026-03-08,2026-04-07,3535.98,USD,SampleGen
INV-c6bc8de0-5ced-4f20-a878-51ef22b9b2a1,ID204134,CID-247,CA-0444,2026-03-28,2026-04-27,4600.14,USD,SampleGen
INV-85602591-0da3-445f-908e-451e6f00c78e,ID204135,CID-247,CA-0444,2026-03-21,2026-04-20,2480.18,USD,SampleGen
INV-d62933d8-72ff-4f94-87f7-cb3c660eb1d3,ID204136,CID-248,CA-0446,2025-06-07,2025-07-07,4184.74,USD,SampleGen
INV-942708fa-aa87-4aa4-acb6-54d081900fb0,ID204137,CID-248,CA-0446,2025-07-03,2025-08-02,1034.4,USD,SampleGen
INV-b65f8785-38e0-4cd0-bd62-caafd48f16ea,ID204138,CID-248,CA-0446,2025-08-13,2025-09-12,1064.08,USD,SampleGen
INV-5d305df3-3ccd-4ab0-ac86-32a2b3d5cf03,ID204139,CID-248,CA-0446,2025-09-25,2025-10-25,2378.46,USD,SampleGen
INV-e26fd0ba-1f42-4db7-adec-ba7dcb92b8e1,ID204140,CID-248,CA-0446,2025-12-15,2026-01-14,1865.32,USD,SampleGen
INV-a8376cc8-783f-4f68-9851-58825b955563,ID204141,CID-248,CA-0446,2026-02-26,2026-03-28,2266.08,USD,SampleGen
INV-bfe3ef4c-c743-440d-8a3d-25246ec23a3b,ID204142,CID-248,CA-0446,2026-03-18,2026-04-17,3595.26,USD,SampleGen
INV-873f9541-606d-4391-9efe-2df4f2bac6b9,ID204143,CID-249,CA-0448,2025-08-15,2025-09-14,538.36,USD,SampleGen
INV-3907a95a-e090-44d7-a643-a5c0cd0a8d21,ID204144,CID-249,CA-0448,2025-11-03,2025-12-03,686.72,USD,SampleGen
INV-a1e9a88a-e0b4-42df-9673-c8f3204c5f35,ID204145,CID-249,CA-0448,2026-02-08,2026-03-10,563.76,USD,SampleGen
INV-6a6fdd4e-f09e-48f5-baa7-76b106b9641c,ID204146,CID-249,CA-0448,2026-03-24,2026-04-23,2545.88,USD,SampleGen
INV-c2d667d2-94de-4b0a-92c8-f3c935f51715,ID204147,CID-250,CA-0449,2025-06-06,2025-07-06,682.5,USD,SampleGen
INV-e45406d7-2bf0-46a3-bb15-e786623e2443,ID204148,CID-250,CA-0449,2025-07-02,2025-08-01,252.14,USD,SampleGen
INV-145a0173-d48b-478e-846c-576d74ccb501,ID204149,CID-250,CA-0449,2025-07-24,2025-08-23,309.42,USD,SampleGen
INV-46d1f030-11d3-4f34-a810-095d164d850d,ID204150,CID-250,CA-0449,2025-08-23,2025-09-22,1301.42,USD,SampleGen
INV-47a20378-2ea0-44f0-a448-d92555d9f2d3,ID204151,CID-250,CA-0449,2025-08-10,2025-09-09,1700.1,USD,SampleGen
INV-b57a4be8-ee8e-4fb3-acb9-2c1e8007cdc8,ID204152,CID-250,CA-0449,2025-08-21,2025-09-20,1343.9,USD,SampleGen
INV-c01aaa98-77c3-4d57-9388-bab12f8fc264,ID204153,CID-250,CA-0449,2025-10-05,2025-11-04,1500.74,USD,SampleGen
INV-0b6ccf7e-461b-4ad3-a586-fc618d473947,ID204154,CID-250,CA-0449,2025-12-01,2025-12-31,4663.85,USD,SampleGen
INV-24ddb693-ad42-451c-b32c-cc96f3b1dbb7,ID204155,CID-250,CA-0449,2025-12-15,2026-01-14,1420.3,USD,SampleGen
INV-10c73504-ddbb-40a0-885a-a883ec134d28,ID204156,CID-250,CA-0449,2025-12-08,2026-01-07,2796.14,USD,SampleGen
INV-bfdd61c9-b312-49c4-bbe2-7ebf32fbbcd8,ID204157,CID-250,CA-0449,2026-01-18,2026-02-17,612.6,USD,SampleGen
INV-aaa53895-50a2-4d73-a54e-b0780020ed3f,ID204158,CID-250,CA-0449,2026-02-27,2026-03-29,2068.92,USD,SampleGen
INV-6449210a-b73c-4b7c-b66c-9c068ff80c02,ID204159,CID-250,CA-0449,2026-02-06,2026-03-08,6686.22,USD,SampleGen
INV-85d8a30a-fc9c-44ff-8be4-fa1ffce9d5bb,ID204160,CID-250,CA-0449,2026-02-23,2026-03-25,669.84,USD,SampleGen
INV-4d4cf3b9-a550-4a71-ac61-ca47401509d1,ID204161,CID-250,CA-0449,2026-04-01,2026-05-01,1186.94,USD,SampleGen
INV-1e244848-5d14-40a3-9566-710ba03bfc4c,ID204162,CID-250,CA-0449,2026-03-22,2026-04-21,1661.94,USD,SampleGen
INV-86c9cc1f-7e11-41bc-9998-60a02c0d22ed,ID204163,CID-250,CA-0449,2026-03-14,2026-04-13,2916.88,USD,SampleGen
INV-cb45e489-bc92-450a-a4da-1a0ca0b98742,ID204164,CID-251,CA-0451,2025-06-10,2025-07-10,903.0,USD,SampleGen
INV-c939f49f-9943-4791-aaae-0f8e330ae384,ID204165,CID-251,CA-0451,2025-06-27,2025-07-27,2690.0,USD,SampleGen
INV-1cf6b782-ab30-40be-9b26-dabb02c051c5,ID204166,CID-251,CA-0451,2025-07-20,2025-08-19,1534.6,USD,SampleGen
INV-59a4f424-8ba5-42bf-a595-130ab17d71f2,ID204167,CID-251,CA-0451,2025-07-29,2025-08-28,2238.52,USD,SampleGen
INV-d1022541-baf7-4430-9d00-b94f5015e90b,ID204168,CID-251,CA-0451,2025-08-07,2025-09-06,5414.26,USD,SampleGen
INV-69bbf644-5d5f-4961-b0d1-8ec0e702e04c,ID204169,CID-251,CA-0451,2025-08-05,2025-09-04,6520.84,USD,SampleGen
INV-baedd5c7-7ae0-46e8-afca-e589e590951c,ID204170,CID-251,CA-0451,2025-08-08,2025-09-07,2001.12,USD,SampleGen
INV-822f774c-e5a3-49f7-adfb-23e3b732adf8,ID204171,CID-251,CA-0451,2025-09-06,2025-10-06,591.26,USD,SampleGen
INV-e96cd52a-d3f3-490f-8951-89618c6b3a21,ID204172,CID-251,CA-0451,2025-10-17,2025-11-16,1000.56,USD,SampleGen
INV-d36d2e2e-1eea-4157-ad6b-79813b561720,ID204173,CID-251,CA-0451,2025-11-15,2025-12-15,674.06,USD,SampleGen
INV-49b692bc-bf4b-4241-be96-2101bd682de1,ID204174,CID-251,CA-0451,2025-12-20,2026-01-19,584.94,USD,SampleGen
INV-9c3695a6-33fb-4192-811e-9fb235df2e76,ID204175,CID-251,CA-0451,2025-12-07,2026-01-06,1051.4,USD,SampleGen
INV-6bcac2a6-27f3-42ea-9890-cf4bf1763b02,ID204176,CID-251,CA-0451,2026-01-09,2026-02-08,3612.3,USD,SampleGen
INV-456aece3-d01b-43e7-b6a0-59bba4d6bf94,ID204177,CID-251,CA-0451,2026-02-01,2026-03-03,415.42,USD,SampleGen
INV-a51043a1-e7dc-4ac6-a2da-dcd8076edf7e,ID204178,CID-251,CA-0451,2026-02-03,2026-03-05,1072.52,USD,SampleGen
INV-f79f4027-0c29-47ac-8917-0705c55ce631,ID204179,CID-251,CA-0451,2026-02-23,2026-03-25,3302.7,USD,SampleGen
INV-6360d8c9-ba02-4529-9d7f-9b9cb6949626,ID204180,CID-251,CA-0451,2026-02-26,2026-03-28,2989.06,USD,SampleGen
INV-30d4a333-53b0-495c-a6bf-bd90363aa73c,ID204181,CID-251,CA-0451,2026-02-05,2026-03-07,864.84,USD,SampleGen
INV-d8b53ea7-9229-4567-84e3-ca8313f94973,ID204182,CID-251,CA-0451,2026-03-20,2026-04-19,4188.92,USD,SampleGen
INV-c71f3929-e012-4b5a-96d1-660ab40f687c,ID204183,CID-251,CA-0451,2026-03-07,2026-04-06,3506.26,USD,SampleGen
INV-9e529bf2-eb03-4529-99ee-f43705afc846,ID204184,CID-251,CA-0451,2026-04-01,2026-05-01,2051.96,USD,SampleGen
INV-85c4782d-a66c-4a6a-9d43-26f75aff3e28,ID204185,CID-251,CA-0451,2026-03-18,2026-04-17,4515.5,USD,SampleGen
INV-e102ce76-f15a-4e23-bf6b-c1999d2076ad,ID204186,CID-252,CA-1511,2025-08-20,2025-09-19,464.16,USD,SampleGen
INV-add40b87-e468-4f7e-86b5-326dd71fda9a,ID204187,CID-252,CA-1511,2025-12-11,2026-01-10,2463.24,USD,SampleGen
INV-3526fdcc-fb8f-48d4-840e-08f4508149cf,ID204188,CID-252,CA-1511,2026-03-22,2026-04-21,4309.7,USD,SampleGen
INV-6e2dfd8e-a123-43e1-92ea-17ee81f3616a,ID204189,CID-253,CA-0454,2025-06-29,2025-07-29,1558.02,USD,SampleGen
INV-da4e37e2-e348-435a-998e-539a23e4519f,ID204190,CID-253,CA-0454,2025-06-07,2025-07-07,3243.4,USD,SampleGen
INV-fe8f340c-5b98-4506-9032-12681a7ceb5f,ID204191,CID-253,CA-0454,2025-07-08,2025-08-07,464.14,USD,SampleGen
INV-e31cab8f-5002-40ca-848a-35490c43621f,ID204192,CID-253,CA-0454,2025-07-27,2025-08-26,2726.08,USD,SampleGen
INV-e3f0721e-390d-496b-bc12-ebf34fb873a2,ID204193,CID-253,CA-0454,2025-08-04,2025-09-03,2141.02,USD,SampleGen
INV-8c879c41-caa4-46bd-b097-9f822e769a1d,ID204194,CID-253,CA-0454,2025-08-13,2025-09-12,975.04,USD,SampleGen
INV-c85d047a-78e8-4456-a028-0105e3c928cb,ID204195,CID-253,CA-0454,2025-08-11,2025-09-10,771.56,USD,SampleGen
INV-dc43cbd7-9097-46de-9f1a-14f0e6e4b317,ID204196,CID-253,CA-0454,2025-09-21,2025-10-21,2202.44,USD,SampleGen
INV-225966b2-2ea0-40ef-a2b7-408339084c43,ID204197,CID-253,CA-0454,2025-10-08,2025-11-07,5732.2,USD,SampleGen
INV-e796193d-e7b0-4045-b032-19cb6b561295,ID204198,CID-253,CA-0454,2025-11-04,2025-12-04,489.54,USD,SampleGen
INV-6de60c40-8282-4b38-a53d-cb23b03e5eb5,ID204199,CID-253,CA-0454,2025-12-09,2026-01-08,4244.04,USD,SampleGen
INV-a858b9a1-b55c-4576-a560-e1e1e478a33b,ID204200,CID-253,CA-0454,2025-12-27,2026-01-26,2535.32,USD,SampleGen
INV-34e1baee-9b65-4f07-8c47-1accd2bb0e89,ID204201,CID-253,CA-0454,2025-12-11,2026-01-10,2692.16,USD,SampleGen
INV-fc202c30-9c56-47fb-982a-42b332a7bd57,ID204202,CID-253,CA-0454,2026-01-21,2026-02-20,1098.06,USD,SampleGen
INV-a4545b52-c7ac-48bf-93f1-9fabf7b3116b,ID204203,CID-253,CA-0454,2026-01-17,2026-02-16,1305.88,USD,SampleGen
INV-f56ec413-266c-40ad-8483-050baaff3893,ID204204,CID-253,CA-0454,2026-02-10,2026-03-12,2001.2,USD,SampleGen
INV-b29fc2e6-d886-42a3-9b94-781a2d43a01a,ID204205,CID-253,CA-0454,2026-02-06,2026-03-08,2374.24,USD,SampleGen
INV-6e342cf5-146a-4b48-ab36-2967e7173978,ID204206,CID-253,CA-0454,2026-02-28,2026-03-30,703.64,USD,SampleGen
INV-642b04eb-1ab3-4547-8fd4-c208b7790d10,ID204207,CID-253,CA-0454,2026-03-13,2026-04-12,2111.24,USD,SampleGen
INV-fb229c19-4d78-4bea-ad82-83f07fef0d36,ID204208,CID-253,CA-0454,2026-03-16,2026-04-15,1642.8,USD,SampleGen
INV-8abc29c0-0bf6-44f6-bca0-9a6ba6f16a26,ID204209,CID-253,CA-0454,2026-03-06,2026-04-05,2819.46,USD,SampleGen
INV-33cc0476-690a-4673-84f6-95997cc8167d,ID204210,CID-253,CA-0454,2026-03-15,2026-04-14,6232.56,USD,SampleGen
INV-cbfea77c-dee1-4c68-9926-54d32412ddf3,ID204211,CID-254,CA-0456,2025-06-13,2025-07-13,697.3,USD,SampleGen
INV-c350d1e9-a4ae-4719-bcc8-f7d361710f1f,ID204212,CID-254,CA-0456,2025-06-29,2025-07-29,1823.04,USD,SampleGen
INV-8713e422-b972-4935-a26e-c8fa59fac8f2,ID204213,CID-254,CA-0456,2025-07-03,2025-08-02,4307.64,USD,SampleGen
INV-773543cf-3c24-479b-8440-f8475822e14d,ID204214,CID-254,CA-0456,2025-07-15,2025-08-14,1543.22,USD,SampleGen
INV-bf5f91b6-112d-4302-8bbf-4a87f6b9da5d,ID204215,CID-254,CA-0456,2025-08-11,2025-09-10,1526.2,USD,SampleGen
INV-c48f21ab-fe1d-4a85-a017-8db872820e06,ID204216,CID-254,CA-0456,2025-08-23,2025-09-22,780.0,USD,SampleGen
INV-7480fad3-5995-4209-9207-092b6f436ce7,ID204217,CID-254,CA-0456,2025-08-25,2025-09-24,1702.12,USD,SampleGen
INV-56f486b3-2eac-4d88-85a6-a42477b7a962,ID204218,CID-254,CA-0456,2025-09-19,2025-10-19,1335.46,USD,SampleGen
INV-a20dc0f8-3cb5-4f02-8c75-e68c3c6abdb2,ID204219,CID-254,CA-0456,2025-10-06,2025-11-05,2077.5,USD,SampleGen
INV-4dd892df-7a7b-495e-badb-23797b407025,ID204220,CID-254,CA-0456,2025-11-07,2025-12-07,3239.18,USD,SampleGen
INV-13b5518d-0a3c-4e6b-8f0e-0d13e7a71f1a,ID204221,CID-254,CA-0456,2025-11-08,2025-12-08,1632.18,USD,SampleGen
INV-48a7033d-1a82-4d39-beda-8bbd9abaf56d,ID204222,CID-254,CA-0456,2025-12-17,2026-01-16,267.0,USD,SampleGen
INV-91383de4-7d88-42bb-bb13-6ecfa026a595,ID204223,CID-254,CA-0456,2025-12-30,2026-01-29,411.2,USD,SampleGen
INV-11941035-4c88-44c3-a979-55549bfa33cf,ID204224,CID-254,CA-0456,2025-12-09,2026-01-08,4460.2,USD,SampleGen
INV-a46bed8f-8edf-4e9d-99cd-bd1962074aca,ID204225,CID-254,CA-0456,2026-01-25,2026-02-24,292.46,USD,SampleGen
INV-ee469291-ffa6-48eb-b2a5-4fc9179d89fa,ID204226,CID-254,CA-0456,2026-01-09,2026-02-08,724.9,USD,SampleGen
INV-3658cb15-deaa-4dc1-a6a9-c9f3be728c73,ID204227,CID-254,CA-0456,2026-02-15,2026-03-17,1195.56,USD,SampleGen
INV-199b826e-2025-487b-ac3a-8ff9cdd5dfbc,ID204228,CID-254,CA-0456,2026-02-10,2026-03-12,6987.28,USD,SampleGen
INV-0c75c751-d34e-423b-9165-478a92b015f6,ID204229,CID-254,CA-0456,2026-02-09,2026-03-11,852.1,USD,SampleGen
INV-648c917e-36d8-44ef-9a1b-d165120cfc2a,ID204230,CID-254,CA-0456,2026-02-08,2026-03-10,1990.5,USD,SampleGen
INV-fa041ed9-b16a-44a8-b9d5-a814c4425dce,ID204231,CID-254,CA-0456,2026-03-14,2026-04-13,2060.54,USD,SampleGen
INV-a5ca6c96-6d8f-4ba2-ba78-a2b0e7f45ede,ID204232,CID-254,CA-0456,2026-03-16,2026-04-15,546.78,USD,SampleGen
INV-556a0116-d824-45c8-acfb-44f6987acfd7,ID204233,CID-254,CA-0456,2026-03-06,2026-04-05,3099.3,USD,SampleGen
INV-60af4ee1-8a75-447c-86b4-a488b57aa451,ID204234,CID-254,CA-0456,2026-03-07,2026-04-06,1526.26,USD,SampleGen
INV-5669466c-e551-42f7-b846-d2029c89ddf0,ID204235,CID-254,CA-0456,2026-03-08,2026-04-07,693.06,USD,SampleGen
INV-ad31b72d-f87f-4905-a614-fdc048ac3162,ID204236,CID-255,CA-0458,2025-06-02,2025-07-02,4932.96,USD,SampleGen
INV-e2ae96cf-65b8-4317-a629-6bcecf26c473,ID204237,CID-255,CA-0458,2025-07-31,2025-08-30,3201.02,USD,SampleGen
INV-ed855a76-5e5f-4e01-a42b-d3d0da8aa7ce,ID204238,CID-255,CA-0458,2025-07-15,2025-08-14,2569.32,USD,SampleGen
INV-ecb73d29-165b-4a77-abed-ddea001039c2,ID204239,CID-255,CA-0458,2025-08-14,2025-09-13,1797.54,USD,SampleGen
INV-bf19ec47-50d1-4dc5-8320-6ba5aade0199,ID204240,CID-255,CA-0458,2025-08-04,2025-09-03,869.08,USD,SampleGen
INV-ae1352a4-911a-47a7-b938-8d52d9025e6a,ID204241,CID-255,CA-0458,2025-10-06,2025-11-05,2168.62,USD,SampleGen
INV-e903effd-1a65-4f53-95a6-7c136a2e8df0,ID204242,CID-255,CA-0458,2025-11-02,2025-12-02,780.0,USD,SampleGen
INV-c136a81f-d9d0-417d-a1d3-ab786e70079c,ID204243,CID-255,CA-0458,2025-12-19,2026-01-18,1511.38,USD,SampleGen
INV-3ce44ee4-a365-44ab-a649-7061c37471ab,ID204244,CID-255,CA-0458,2025-12-02,2026-01-01,720.7,USD,SampleGen
INV-fb98ab75-436d-4d33-9aa3-b90dfc44c2b5,ID204245,CID-255,CA-0458,2026-01-11,2026-02-10,449.34,USD,SampleGen
INV-a3f78d57-edb6-4c82-bb98-4a061943ba17,ID204246,CID-255,CA-0458,2026-01-10,2026-02-09,483.28,USD,SampleGen
INV-6e3d2edb-66ff-4664-a4e3-41de2eed6088,ID204247,CID-255,CA-0458,2026-02-25,2026-03-27,455.66,USD,SampleGen
INV-48b0004f-420c-4a64-a0e5-0d0773889bdd,ID204248,CID-255,CA-0458,2026-02-14,2026-03-16,1443.48,USD,SampleGen
INV-95e8527d-b8af-4fc1-ae4d-05f47ecec4de,ID204249,CID-255,CA-0458,2026-02-20,2026-03-22,890.32,USD,SampleGen
INV-fac2beea-292b-4d97-aa0f-c20d073515a5,ID204250,CID-255,CA-0458,2026-02-22,2026-03-24,4320.42,USD,SampleGen
INV-c6bd31f7-2221-49b5-a7c0-3b7177af0dea,ID204251,CID-255,CA-0458,2026-03-19,2026-04-18,3400.26,USD,SampleGen
INV-18b995d0-ffd2-415b-a82c-8711e4150c5a,ID204252,CID-255,CA-0458,2026-03-24,2026-04-23,936.84,USD,SampleGen
INV-dd3f1232-1f0e-4e89-9614-8010deb91c7e,ID204253,CID-255,CA-0458,2026-03-22,2026-04-21,2713.36,USD,SampleGen
INV-8560d668-7e5a-4a64-9f7f-493178b90fd1,ID204254,CID-255,CA-0458,2026-03-18,2026-04-17,394.2,USD,SampleGen
INV-7e8060fd-855f-485e-b909-18b44aa87411,ID204255,CID-256,CA-0459,2025-07-06,2025-08-05,1174.32,USD,SampleGen
INV-924bc890-1304-4326-b363-78fb57b740a1,ID204256,CID-256,CA-0459,2025-08-24,2025-09-23,2993.32,USD,SampleGen
INV-7633f356-ae93-4f53-865d-060b331cf6a3,ID204257,CID-256,CA-0459,2025-10-22,2025-11-21,5053.86,USD,SampleGen
INV-64b673b6-9f1d-44ee-8cca-6d288a86df66,ID204258,CID-256,CA-0459,2025-11-25,2025-12-25,1148.84,USD,SampleGen
INV-04efb96b-9b12-4cb0-b365-e19a1781747c,ID204259,CID-256,CA-0459,2025-12-07,2026-01-06,527.7,USD,SampleGen
INV-8307c1da-d090-46dd-8927-ea86933b74f8,ID204260,CID-256,CA-0459,2025-12-23,2026-01-22,1104.26,USD,SampleGen
INV-61726aec-aeb2-4596-b2c2-7c8ca5a91813,ID204261,CID-256,CA-0459,2026-01-17,2026-02-16,131.4,USD,SampleGen
INV-c89fed85-3c86-4395-996a-d8dc6a92fe4f,ID204262,CID-256,CA-0459,2026-02-17,2026-03-19,1780.68,USD,SampleGen
INV-ccbcf944-85e9-44fe-9359-84adedcd89e3,ID204263,CID-256,CA-0459,2026-02-04,2026-03-06,1481.64,USD,SampleGen
INV-20ae400e-f643-4cc8-b8b6-9b07e832b4c2,ID204264,CID-256,CA-0459,2026-03-25,2026-04-24,500.18,USD,SampleGen
INV-184e730d-ad0b-4d6b-b0a5-e06262d4b62a,ID204265,CID-256,CA-0459,2026-03-30,2026-04-29,975.04,USD,SampleGen
INV-de5ef6ec-ead3-4704-a0ff-0f3dbca1f723,ID204266,CID-257,CA-0460,2025-07-17,2025-08-16,3368.4,USD,SampleGen
INV-4c374194-c6ff-49cf-bfbf-51c37bcf6db4,ID204267,CID-257,CA-0460,2025-08-03,2025-09-02,1377.72,USD,SampleGen
INV-6a16aca1-6f8f-461e-b432-52e099f84584,ID204268,CID-257,CA-0460,2025-10-17,2025-11-16,2442.04,USD,SampleGen
INV-9b54fef7-b4db-41bb-ac05-5218b4092472,ID204269,CID-257,CA-0460,2025-11-20,2025-12-20,2056.3,USD,SampleGen
INV-d3790622-5104-4348-86ae-1ff856bcb856,ID204270,CID-257,CA-0460,2025-12-08,2026-01-07,1734.04,USD,SampleGen
INV-8f7ba389-fc02-4872-a682-c2420fb1b3af,ID204271,CID-257,CA-0460,2026-01-16,2026-02-15,3764.9,USD,SampleGen
INV-b91a2fbf-8dcd-40f4-9cb6-83a62868e610,ID204272,CID-257,CA-0460,2026-02-15,2026-03-17,4019.32,USD,SampleGen
INV-bf256a59-e3af-4517-98ea-f5bdb6c08b5e,ID204273,CID-257,CA-0460,2026-03-11,2026-04-10,3332.44,USD,SampleGen
INV-95a4c6a7-ce82-4fb0-9919-fc4ac26aceda,ID204274,CID-257,CA-0460,2026-03-02,2026-04-01,3981.16,USD,SampleGen
INV-ffd92937-5893-4d24-a730-87cd4f55354d,ID204275,CID-258,CA-0462,2025-07-02,2025-08-01,858.4,USD,SampleGen
INV-6d83bd80-607f-47f9-8976-3999772332c6,ID204276,CID-258,CA-0462,2025-08-29,2025-09-28,1019.52,USD,SampleGen
INV-2b1beb81-e596-4125-9d37-60b042ffd29b,ID204277,CID-258,CA-0462,2025-12-07,2026-01-06,4617.16,USD,SampleGen
INV-15ae818a-3573-470e-8033-c3d070696adf,ID204278,CID-258,CA-0462,2026-01-16,2026-02-15,1780.52,USD,SampleGen
INV-f09fae8b-9152-4930-8e22-d2c76ad64250,ID204279,CID-258,CA-0462,2026-02-06,2026-03-08,1568.66,USD,SampleGen
INV-beeaf2cd-999f-4011-a2b6-d5fd9bc61f63,ID204280,CID-258,CA-0462,2026-03-20,2026-04-19,462.02,USD,SampleGen
INV-1bbc63f9-d579-4855-a2ee-3beb80fab2c4,ID204281,CID-258,CA-0462,2026-03-19,2026-04-18,869.06,USD,SampleGen
INV-436cf92d-51c8-477c-afc3-a9633ab3da4e,ID204282,CID-259,CA-0464,2025-06-06,2025-07-06,4294.92,USD,SampleGen
INV-3a80c80f-542a-4626-a158-7b9457480941,ID204283,CID-259,CA-0464,2025-07-23,2025-08-22,612.54,USD,SampleGen
INV-c17b3ca8-401f-49e1-a92e-8e86e978e9ec,ID204284,CID-259,CA-0464,2025-08-25,2025-09-24,2187.76,USD,SampleGen
INV-d4de2ab4-c939-4d1e-b6ec-7bebafe255d8,ID204285,CID-259,CA-0464,2025-08-06,2025-09-05,1808.16,USD,SampleGen
INV-9f8dcbdb-2a1e-4ec3-a7d9-80fe1c70cfa4,ID204286,CID-259,CA-0464,2025-10-30,2025-11-29,462.06,USD,SampleGen
INV-4bf01727-8546-4fbb-8cd6-3d8622798c18,ID204287,CID-259,CA-0464,2025-11-20,2025-12-20,4341.52,USD,SampleGen
INV-9e9bfc07-7425-4717-b1e2-7d88335105ba,ID204288,CID-259,CA-0464,2025-12-18,2026-01-17,1047.02,USD,SampleGen
INV-d58c3cb0-f574-468e-871f-0e81bf60191e,ID204289,CID-259,CA-0464,2026-01-20,2026-02-19,1208.34,USD,SampleGen
INV-f3faa6ae-5968-4dd7-bf45-a9821d2f98a7,ID204290,CID-259,CA-0464,2026-02-16,2026-03-18,161.04,USD,SampleGen
INV-88aab5d9-e7e3-4001-afb1-e2baf69b7682,ID204291,CID-259,CA-0464,2026-02-19,2026-03-21,2849.18,USD,SampleGen
INV-8b57b9d3-ba81-40b2-bff5-6936d3254505,ID204292,CID-259,CA-0464,2026-03-21,2026-04-20,1144.68,USD,SampleGen
INV-f60e88a7-b363-4e35-b47d-b45d538dd9f2,ID204293,CID-259,CA-0464,2026-03-30,2026-04-29,317.92,USD,SampleGen
INV-d2ab8e5e-7e95-4a56-8cd3-70f18f93771e,ID204294,CID-260,CA-0466,2025-12-13,2026-01-12,2253.42,USD,SampleGen
INV-d7189299-eeb8-415b-8d84-389a682bfe79,ID204295,CID-260,CA-0466,2026-03-16,2026-04-15,3436.28,USD,SampleGen
INV-8536ec5c-167a-4655-90b9-2d2d61bafcb7,ID204296,CID-261,CA-0468,2025-07-24,2025-08-23,3858.2,USD,SampleGen
INV-2249bf93-2597-4b0d-a7c1-25c72d9a31d1,ID204297,CID-261,CA-0468,2025-10-14,2025-11-13,548.94,USD,SampleGen
INV-f23ca159-885d-4c88-afdd-1a75108f12cd,ID204298,CID-261,CA-0468,2025-11-28,2025-12-28,1903.6,USD,SampleGen
INV-8820ba49-907f-4c46-b4e7-840f16b1f264,ID204299,CID-261,CA-0468,2026-02-10,2026-03-12,2632.82,USD,SampleGen
INV-e1a4c8fc-ddf8-47d1-9386-3789af364c38,ID204300,CID-262,CA-1512,2025-06-09,2025-07-09,924.14,USD,SampleGen
INV-77bbbe16-64d9-4d5e-a368-7185202c4de1,ID204301,CID-262,CA-1512,2025-07-10,2025-08-09,856.32,USD,SampleGen
INV-a23b3df3-0a67-46c8-b939-9734b32c8e40,ID204302,CID-262,CA-1512,2025-12-03,2026-01-02,5418.6,USD,SampleGen
INV-1bdb5aad-8592-4f3a-b76f-b9b6fc3c263e,ID204303,CID-262,CA-1512,2026-02-03,2026-03-05,1261.22,USD,SampleGen
INV-59633325-bdc5-40ff-b697-46708d4ba403,ID204304,CID-263,CA-0471,2025-07-03,2025-08-02,1343.92,USD,SampleGen
INV-1f52d9eb-69fc-432f-a391-f8ed131ff867,ID204305,CID-263,CA-0471,2025-12-05,2026-01-04,830.86,USD,SampleGen
INV-3e6ba9b2-ba12-4164-9783-dbfb26cb29ee,ID204306,CID-263,CA-0471,2026-02-24,2026-03-26,3281.64,USD,SampleGen
INV-95c362aa-1d92-4841-aeac-ac24bfa3ddf2,ID204307,CID-263,CA-0471,2026-03-14,2026-04-13,2183.46,USD,SampleGen
INV-bf7a204c-9b92-4131-b68c-0109c29efa65,ID204308,CID-264,CA-0473,2025-06-29,2025-07-29,479.0,USD,SampleGen
INV-84de9f07-7eb5-4060-a5c1-fe177b1d9806,ID204309,CID-264,CA-0473,2025-07-29,2025-08-28,1299.3,USD,SampleGen
INV-d07d74c3-786f-4de6-a81f-97ee9ef293b4,ID204310,CID-264,CA-0473,2025-08-09,2025-09-08,6826.18,USD,SampleGen
INV-203cd35a-dc9e-4704-860a-0b44233374d6,ID204311,CID-264,CA-0473,2025-09-14,2025-10-14,1990.58,USD,SampleGen
INV-6e295756-e81d-4c1f-b7a8-8c321a0d1a7a,ID204312,CID-264,CA-0473,2025-10-15,2025-11-14,741.9,USD,SampleGen
INV-ee41ee85-94ce-4b34-8381-1695c2b48351,ID204313,CID-264,CA-0473,2025-12-22,2026-01-21,504.42,USD,SampleGen
INV-d25cebf2-b1db-4fb8-8e5d-b07d39fdf221,ID204314,CID-264,CA-0473,2025-12-15,2026-01-14,5015.74,USD,SampleGen
INV-7736af44-286e-4b5c-8c12-ae22abfc532b,ID204315,CID-264,CA-0473,2026-01-22,2026-02-21,144.14,USD,SampleGen
INV-3019a016-000d-4b51-9a48-1e824e380bbc,ID204316,CID-264,CA-0473,2026-02-26,2026-03-28,4426.3,USD,SampleGen
INV-1d7b8a6e-3c57-4a00-a0fa-69b3fc31ea6d,ID204317,CID-264,CA-0473,2026-02-11,2026-03-13,3811.46,USD,SampleGen
INV-291a781f-af80-4a10-99a2-5d6b97488b6a,ID204318,CID-264,CA-0473,2026-03-08,2026-04-07,733.36,USD,SampleGen
INV-00c5652b-775c-48c2-9705-a4b7eb21d0c5,ID204319,CID-264,CA-0473,2026-03-24,2026-04-23,5007.22,USD,SampleGen
INV-beb2439d-2c37-4ff7-b46e-8753f9f35316,ID204320,CID-265,CA-0474,2025-06-10,2025-07-10,903.0,USD,SampleGen
INV-04cb026b-b0e7-4cf9-9d7d-af09ed2d3aaa,ID204321,CID-265,CA-0474,2025-06-11,2025-07-11,1153.12,USD,SampleGen
INV-63fa95dc-572c-4c44-9488-0ec254fe8676,ID204322,CID-265,CA-0474,2025-06-25,2025-07-25,1373.5,USD,SampleGen
INV-3d018cfb-d87e-4520-ab5d-700d9c4076fb,ID204323,CID-265,CA-0474,2025-07-25,2025-08-24,1367.28,USD,SampleGen
INV-5161e356-7871-43a2-9a99-efb5ed1da69c,ID204324,CID-265,CA-0474,2025-07-28,2025-08-27,1053.42,USD,SampleGen
INV-18ac9155-e0f8-423e-942a-f4da76a8b513,ID204325,CID-265,CA-0474,2025-07-05,2025-08-04,896.6,USD,SampleGen
INV-3ab1a8a6-1c4f-482c-b6f3-f840c200df50,ID204326,CID-265,CA-0474,2025-07-19,2025-08-18,966.56,USD,SampleGen
INV-5ac2781d-2e35-4e41-a2d1-6531669eca89,ID204327,CID-265,CA-0474,2025-08-22,2025-09-21,2378.54,USD,SampleGen
INV-bc907a71-c180-4d5b-a33a-1c51b3512918,ID204328,CID-265,CA-0474,2025-08-27,2025-09-26,3906.9,USD,SampleGen
INV-4debc6ed-ec61-4c85-b63d-4c5167f1a96c,ID204329,CID-265,CA-0474,2025-08-11,2025-09-10,5840.32,USD,SampleGen
INV-6392a822-0ffd-4a18-98c8-5f72364d6198,ID204330,CID-265,CA-0474,2025-08-16,2025-09-15,1246.32,USD,SampleGen
INV-71c385c8-d7a4-42eb-874d-2df6eeb300e9,ID204331,CID-265,CA-0474,2025-08-23,2025-09-22,3404.54,USD,SampleGen
INV-fb7aa907-70c6-445b-b95a-d905e27ebba0,ID204332,CID-265,CA-0474,2025-09-15,2025-10-15,1165.8,USD,SampleGen
INV-022dba57-0565-41f4-b47d-9e0f6edc3e55,ID204333,CID-265,CA-0474,2025-10-26,2025-11-25,1161.52,USD,SampleGen
INV-b6382217-73e2-4b99-8c85-6f6bdb5cc797,ID204334,CID-265,CA-0474,2025-10-24,2025-11-23,5965.42,USD,SampleGen
INV-0a90880b-8655-467a-89d1-1d1524bf0b8c,ID204335,CID-265,CA-0474,2025-11-21,2025-12-21,2560.72,USD,SampleGen
INV-83ca0fcc-fc24-4556-9a6e-68ccb235b19f,ID204336,CID-265,CA-0474,2025-11-28,2025-12-28,4299.12,USD,SampleGen
INV-ad896dfb-222e-4355-a47b-760916ebb250,ID204337,CID-265,CA-0474,2025-12-22,2026-01-21,989.94,USD,SampleGen
INV-8307e8b6-ed8f-45a1-8de5-d9d858e159c3,ID204338,CID-265,CA-0474,2025-12-02,2026-01-01,336.96,USD,SampleGen
INV-adf3b5e8-5fc9-42e7-93fc-0110d30e3696,ID204339,CID-265,CA-0474,2025-12-30,2026-01-29,1784.9,USD,SampleGen
INV-b9fcaa3a-950e-4495-854c-40994a6914bb,ID204340,CID-265,CA-0474,2025-12-28,2026-01-27,2654.16,USD,SampleGen
INV-20d62615-3954-45a0-a3fe-9a034fe7ad11,ID204341,CID-265,CA-0474,2025-12-10,2026-01-09,1979.9,USD,SampleGen
INV-3004db45-8e74-4875-8ff7-c48c9d0e05df,ID204342,CID-265,CA-0474,2026-02-01,2026-03-03,190.78,USD,SampleGen
INV-59710255-f823-42d6-87c0-4e0a635e7764,ID204343,CID-265,CA-0474,2026-01-16,2026-02-15,7029.72,USD,SampleGen
INV-a02bc770-e3a9-489c-972c-1e6c8b98bc95,ID204344,CID-265,CA-0474,2026-01-19,2026-02-18,1208.34,USD,SampleGen
INV-3235ef8d-b774-4192-8f00-0c58db38cd8d,ID204345,CID-265,CA-0474,2026-01-31,2026-03-02,122.92,USD,SampleGen
INV-820d1aef-8b89-404e-8097-20df890e9af7,ID204346,CID-265,CA-0474,2026-02-10,2026-03-12,631.56,USD,SampleGen
INV-a4595171-f493-4f35-8ad9-7558a147d71a,ID204347,CID-265,CA-0474,2026-02-05,2026-03-07,1203.98,USD,SampleGen
INV-986b550f-4134-4b88-849e-56d46c200415,ID204348,CID-265,CA-0474,2026-02-04,2026-03-06,5028.44,USD,SampleGen
INV-04272efb-13bf-4fc1-a4ea-64c5721896f5,ID204349,CID-265,CA-0474,2026-02-03,2026-03-05,250.08,USD,SampleGen
INV-37a3809e-1eb8-44bd-9446-9b95ad84df54,ID204350,CID-265,CA-0474,2026-02-03,2026-03-05,4087.2,USD,SampleGen
INV-6afee9a2-a97c-424c-ac88-00d0f9d91488,ID204351,CID-265,CA-0474,2026-02-19,2026-03-21,1339.64,USD,SampleGen
INV-c384aa3b-0f11-41ac-9467-e5a9bff09a2f,ID204352,CID-265,CA-0474,2026-02-13,2026-03-15,2200.3,USD,SampleGen
INV-18de2b1c-1ab7-4d0d-82a6-19f61e174422,ID204353,CID-265,CA-0474,2026-03-17,2026-04-16,1051.4,USD,SampleGen
INV-fac04583-5725-412f-a0a9-eb32d47147b1,ID204354,CID-265,CA-0474,2026-03-03,2026-04-02,1074.64,USD,SampleGen
INV-330be99d-ad7f-4b81-8849-f5f0efd70ef7,ID204355,CID-265,CA-0474,2026-03-20,2026-04-19,5418.6,USD,SampleGen
INV-9ccb41be-fcd5-4aab-9956-164fbc4418bb,ID204356,CID-265,CA-0474,2026-03-27,2026-04-26,1346.02,USD,SampleGen
INV-ce51e0df-02ba-48af-ab78-bbdffdcf7b46,ID204357,CID-265,CA-0474,2026-03-02,2026-04-01,3781.96,USD,SampleGen
INV-91412219-bc0d-4f37-b9a5-8d52c862f069,ID204358,CID-265,CA-0474,2026-03-20,2026-04-19,767.34,USD,SampleGen
INV-8763d195-d895-4fd5-8e8a-130fba36ca41,ID204359,CID-265,CA-0474,2026-03-04,2026-04-03,2794.06,USD,SampleGen
INV-0caadda5-c1d2-4dfb-9172-0563cfed61b8,ID204360,CID-265,CA-0474,2026-03-21,2026-04-20,2641.3,USD,SampleGen
INV-c6d1f7fa-d5ed-4a51-b591-db3604220415,ID204361,CID-266,CA-0475,2025-06-06,2025-07-06,1021.64,USD,SampleGen
INV-126daefb-205e-4882-9a5c-8f62002fd237,ID204362,CID-266,CA-0475,2025-06-24,2025-07-24,1585.6,USD,SampleGen
INV-d67e42b0-b722-4e36-a3a2-4a9c136607af,ID204363,CID-266,CA-0475,2025-06-28,2025-07-28,716.44,USD,SampleGen
INV-e5474937-9001-4608-b31b-eb85f7df6349,ID204364,CID-266,CA-0475,2025-07-11,2025-08-10,1087.34,USD,SampleGen
INV-17c17157-3d63-43db-af27-d5f7f77d2e93,ID204365,CID-266,CA-0475,2025-07-21,2025-08-20,1757.2,USD,SampleGen
INV-51a1eb9b-ebe3-4f9f-9818-f9facb65cff8,ID204366,CID-266,CA-0475,2025-07-18,2025-08-17,2649.74,USD,SampleGen
INV-561716ab-b64a-4d09-b21a-b44101c5c178,ID204367,CID-266,CA-0475,2025-08-20,2025-09-19,474.76,USD,SampleGen
INV-8d9599fa-eec5-403f-82c3-90a710b9d038,ID204368,CID-266,CA-0475,2025-08-25,2025-09-24,161.04,USD,SampleGen
INV-336b1456-7fe5-4586-97f9-4aced1572eec,ID204369,CID-266,CA-0475,2025-08-20,2025-09-19,2323.3,USD,SampleGen
INV-c3360885-ce22-4b53-a6d2-a83948196ccf,ID204370,CID-266,CA-0475,2025-08-17,2025-09-16,949.52,USD,SampleGen
INV-00f9df8c-2027-4665-8fe3-8aa879b37271,ID204371,CID-266,CA-0475,2025-08-13,2025-09-12,1335.48,USD,SampleGen
INV-20d0a225-2ce5-48b6-b182-a67df8725e62,ID204372,CID-266,CA-0475,2025-09-15,2025-10-15,1856.96,USD,SampleGen
INV-bbf68f01-2d00-4d5b-8643-7a907fc39fd5,ID204373,CID-266,CA-0475,2025-09-12,2025-10-12,1990.58,USD,SampleGen
INV-79ac5f23-1094-4119-b143-8568057052fb,ID204374,CID-266,CA-0475,2025-10-11,2025-11-10,1098.06,USD,SampleGen
INV-1965487b-5ba3-413b-a898-91ab4322aa2b,ID204375,CID-266,CA-0475,2025-11-02,2025-12-02,2365.68,USD,SampleGen
INV-c9de7a3c-c9e8-474d-9cb4-4f30cb7b829e,ID204376,CID-266,CA-0475,2025-12-01,2025-12-31,5999.33,USD,SampleGen
INV-d9ff1033-1b44-4f29-bcba-6a7aea47a996,ID204377,CID-266,CA-0475,2025-12-28,2026-01-27,3853.86,USD,SampleGen
INV-9e9aeb27-76d1-4afb-8880-17d8a3cb8dad,ID204378,CID-266,CA-0475,2025-12-30,2026-01-29,3760.76,USD,SampleGen
INV-db7905a7-f25c-499a-a563-0150f74f7dd8,ID204379,CID-266,CA-0475,2025-12-31,2026-01-30,1454.18,USD,SampleGen
INV-ca5b56b1-839a-4a4c-8a67-3097e9552a91,ID204380,CID-266,CA-0475,2025-12-30,2026-01-29,932.64,USD,SampleGen
INV-849e40a9-0ad7-4a7a-b3df-09872b194582,ID204381,CID-266,CA-0475,2026-01-17,2026-02-16,3001.8,USD,SampleGen
INV-b4ce46cf-d8b1-4ca3-87a3-43edd2680920,ID204382,CID-266,CA-0475,2026-01-19,2026-02-18,209.82,USD,SampleGen
INV-810ee1ea-b767-4c58-9829-b9f153683e5f,ID204383,CID-266,CA-0475,2026-01-08,2026-02-07,1655.44,USD,SampleGen
INV-fac6d31a-a9de-483c-9ebe-ec2d3218d817,ID204384,CID-266,CA-0475,2026-01-20,2026-02-19,292.5,USD,SampleGen
INV-789b931c-3dcd-47c0-903f-dff9f3f17ef4,ID204385,CID-266,CA-0475,2026-02-17,2026-03-19,3141.66,USD,SampleGen
INV-794313d7-d400-4251-8f6f-642e4dfc7893,ID204386,CID-266,CA-0475,2026-02-08,2026-03-10,3198.92,USD,SampleGen
INV-2c47f2d8-bdb2-4eb1-89be-c57c48a12f03,ID204387,CID-266,CA-0475,2026-02-02,2026-03-04,1975.72,USD,SampleGen
INV-5ea960c7-432d-45cd-9a1f-68defdb98190,ID204388,CID-266,CA-0475,2026-02-23,2026-03-25,3099.3,USD,SampleGen
INV-7f357f3d-a745-49f0-848c-8f01dd5b9128,ID204389,CID-266,CA-0475,2026-02-07,2026-03-09,5210.74,USD,SampleGen
INV-fe078661-d779-4c30-a1e2-fc5fb939e4b6,ID204390,CID-266,CA-0475,2026-02-20,2026-03-22,3612.4,USD,SampleGen
INV-606335f1-5c78-44da-8638-5060bb1e305d,ID204391,CID-266,CA-0475,2026-02-19,2026-03-21,1153.02,USD,SampleGen
INV-7c061676-0bdb-401c-82ea-d184a4372d33,ID204392,CID-266,CA-0475,2026-03-08,2026-04-07,269.14,USD,SampleGen
INV-06793225-b730-4dff-b358-abbc8e8b054a,ID204393,CID-266,CA-0475,2026-03-13,2026-04-12,1884.5,USD,SampleGen
INV-2ed115ba-0285-4e43-93e0-9e4658dda9f8,ID204394,CID-266,CA-0475,2026-03-20,2026-04-19,381.48,USD,SampleGen
INV-fb7a6ed7-693f-4185-a619-c6e335016f30,ID204395,CID-266,CA-0475,2026-03-25,2026-04-24,888.08,USD,SampleGen
INV-788cbd1c-d6d4-4044-89c4-1eaf6c93b6ca,ID204396,CID-266,CA-0475,2026-03-24,2026-04-23,1293.02,USD,SampleGen
INV-6b24242f-9d10-410b-8d54-1e67d1d517f5,ID204397,CID-266,CA-0475,2026-03-09,2026-04-08,1899.4,USD,SampleGen
INV-a34bff86-b80a-4429-adc1-6956093c3cea,ID204398,CID-266,CA-0475,2026-03-21,2026-04-20,3294.26,USD,SampleGen
INV-a822346f-f9db-4b11-80e6-04d9d1628e2e,ID204399,CID-266,CA-0475,2026-03-12,2026-04-11,4229.16,USD,SampleGen
INV-c6ffbfb2-8c3a-481f-bbfa-eb20b6ef61e4,ID204400,CID-267,CA-1513,2025-06-18,2025-07-18,674.0,USD,SampleGen
INV-d98d285d-0118-4c27-9dca-41a14cbd6977,ID204401,CID-267,CA-1513,2025-07-02,2025-08-01,682.5,USD,SampleGen
INV-9d1febb4-f1b7-4a8c-8056-e1be506632a9,ID204402,CID-267,CA-1513,2025-08-23,2025-09-22,2897.88,USD,SampleGen
INV-61577c43-966d-4fb6-8b88-a84c553c107c,ID204403,CID-267,CA-1513,2025-08-04,2025-09-03,2149.5,USD,SampleGen
INV-c77c8b0e-089f-4657-8b6a-b2b2dfee07c7,ID204404,CID-267,CA-1513,2025-09-18,2025-10-18,1734.04,USD,SampleGen
INV-d9db045a-acf3-41fd-972a-7de6575ccbbd,ID204405,CID-267,CA-1513,2025-10-04,2025-11-03,3247.66,USD,SampleGen
INV-3233323e-62dd-48d4-8a67-50c665f638d5,ID204406,CID-267,CA-1513,2025-11-28,2025-12-28,2119.9,USD,SampleGen
INV-12c58424-1e6c-428b-9ce6-4525ec5f776d,ID204407,CID-267,CA-1513,2025-12-04,2026-01-03,5617.72,USD,SampleGen
INV-433977f9-ed85-4ceb-a086-205d1ad9eb1c,ID204408,CID-267,CA-1513,2026-01-14,2026-02-13,813.9,USD,SampleGen
INV-afc432ff-bc6f-49e0-a035-369bbb5e44cb,ID204409,CID-267,CA-1513,2026-02-26,2026-03-28,2751.5,USD,SampleGen
INV-60a1289c-33ee-41eb-9aa2-3cfcef1762c2,ID204410,CID-267,CA-1513,2026-02-25,2026-03-27,1500.84,USD,SampleGen
INV-fdd3bcd0-d7c8-4d96-b39c-7ced795435d3,ID204411,CID-267,CA-1513,2026-03-05,2026-04-04,3824.22,USD,SampleGen
INV-99ad52a5-22f4-474e-8525-447836283ada,ID204412,CID-267,CA-1513,2026-03-05,2026-04-04,3334.5,USD,SampleGen
INV-0fec7a14-d085-405c-8ef1-2a7cb5c4fcb4,ID204413,CID-267,CA-1513,2026-03-21,2026-04-20,362.42,USD,SampleGen
INV-8114e3c1-9708-43a7-a5b5-5c6a9e990857,ID204414,CID-268,CA-0478,2025-06-30,2025-07-30,2189.7,USD,SampleGen
INV-e86b90bd-53f7-4f64-8e92-2fc3afbde8a7,ID204415,CID-268,CA-0478,2025-07-15,2025-08-14,945.24,USD,SampleGen
INV-b6933a31-f3f6-48ac-9c61-7d8c1bc49d08,ID204416,CID-268,CA-0478,2025-07-08,2025-08-07,2208.76,USD,SampleGen
INV-029caa8c-ee6e-4680-9f34-b456e436b1e6,ID204417,CID-268,CA-0478,2025-08-21,2025-09-20,589.22,USD,SampleGen
INV-8516337f-b687-4d92-8910-f615ab14c0e3,ID204418,CID-268,CA-0478,2025-08-30,2025-09-29,1710.64,USD,SampleGen
INV-beb88334-76f0-4e15-a108-61caf6e35d6a,ID204419,CID-268,CA-0478,2025-08-24,2025-09-23,489.58,USD,SampleGen
INV-c73f18c0-90ca-4dad-a1d3-c556564f5541,ID204420,CID-268,CA-0478,2025-08-16,2025-09-15,298.82,USD,SampleGen
INV-7ba24dfa-4fc9-4f59-a7f4-8e988c045f17,ID204421,CID-268,CA-0478,2025-09-12,2025-10-12,4375.52,USD,SampleGen
INV-613a7915-dd11-4d5e-85a3-0f3737d0857d,ID204422,CID-268,CA-0478,2025-10-14,2025-11-13,455.66,USD,SampleGen
INV-a3c66312-0bb9-4990-829f-955606b346cb,ID204423,CID-268,CA-0478,2025-11-24,2025-12-24,1943.86,USD,SampleGen
INV-811a61f7-96c9-46aa-90fb-e67b66110fb4,ID204424,CID-268,CA-0478,2025-12-30,2026-01-29,3595.32,USD,SampleGen
INV-05737577-e54a-4384-95da-853e5911bbba,ID204425,CID-268,CA-0478,2025-12-06,2026-01-05,2963.64,USD,SampleGen
INV-f0bbda7f-c8d0-46fa-becc-dabcc2f95a43,ID204426,CID-268,CA-0478,2025-12-30,2026-01-29,913.46,USD,SampleGen
INV-8362aedc-c6d0-4361-93ff-f40a339a472a,ID204427,CID-268,CA-0478,2026-01-20,2026-02-19,195.0,USD,SampleGen
INV-b738318c-6606-4c15-8f65-a55d4231d4f9,ID204428,CID-268,CA-0478,2026-01-27,2026-02-26,167.44,USD,SampleGen
INV-b5805aec-d352-4d87-a616-f3a3ed4077a6,ID204429,CID-268,CA-0478,2026-02-21,2026-03-23,3847.54,USD,SampleGen
INV-424ea540-0ffa-4082-898b-f14bae0a5707,ID204430,CID-268,CA-0478,2026-02-24,2026-03-26,756.68,USD,SampleGen
INV-d2296a4e-e194-432e-a8da-8bf553ab74d1,ID204431,CID-268,CA-0478,2026-02-11,2026-03-13,2280.9,USD,SampleGen
INV-d3c22c37-193b-4e6e-812e-68f8fd90f330,ID204432,CID-268,CA-0478,2026-02-19,2026-03-21,307.3,USD,SampleGen
INV-7b951240-f9f5-4c1d-8ef7-93c180de122b,ID204433,CID-268,CA-0478,2026-02-07,2026-03-09,7364.68,USD,SampleGen
INV-73236dac-a219-44b6-b028-cb40e8b635f6,ID204434,CID-268,CA-0478,2026-03-06,2026-04-05,4184.74,USD,SampleGen
INV-d0d248c6-8122-4f88-a6c6-235d61ec1aa9,ID204435,CID-268,CA-0478,2026-03-11,2026-04-10,796.98,USD,SampleGen
INV-a2d97504-fe10-4209-bf41-65d950b29bcf,ID204436,CID-268,CA-0478,2026-03-08,2026-04-07,1015.38,USD,SampleGen
INV-bbc2aa8b-6c7f-46f4-b15e-551f42cedbf3,ID204437,CID-268,CA-0478,2026-03-26,2026-04-25,3919.7,USD,SampleGen
INV-ac28a806-9e28-4c7c-89e4-ae1f3a74cd33,ID204438,CID-268,CA-0478,2026-04-01,2026-05-01,2713.38,USD,SampleGen
INV-fb4b4420-ddf8-4db6-972a-eb47867d7672,ID204439,CID-268,CA-0478,2026-03-04,2026-04-03,845.62,USD,SampleGen
INV-1bac9e23-51e5-4857-a298-a95a5d720ef3,ID204440,CID-269,CA-0480,2025-06-17,2025-07-17,1903.62,USD,SampleGen
INV-04f38d10-cb27-4913-af6d-5df4502d7618,ID204441,CID-269,CA-0480,2025-07-15,2025-08-14,2183.46,USD,SampleGen
INV-b96f705b-fe10-4d2f-b1ee-671de1d31666,ID204442,CID-269,CA-0480,2025-08-30,2025-09-29,1454.18,USD,SampleGen
INV-ea196a1b-9542-4640-819d-2e93dab1f24a,ID204443,CID-269,CA-0480,2025-08-26,2025-09-25,2408.14,USD,SampleGen
INV-5d6b22ff-eded-4984-9062-fb4b3eeeb6a0,ID204444,CID-269,CA-0480,2025-08-17,2025-09-16,1767.86,USD,SampleGen
INV-eca5da1f-4239-48a9-9d6d-4c5c60eaf84e,ID204445,CID-269,CA-0480,2025-09-27,2025-10-27,3065.28,USD,SampleGen
INV-19539710-1dd2-45b6-9d60-69c99aaff1ba,ID204446,CID-269,CA-0480,2025-10-16,2025-11-15,775.78,USD,SampleGen
INV-800f2a4a-8cf4-4341-b8b8-d6d95f7afcd8,ID204447,CID-269,CA-0480,2025-11-23,2025-12-23,612.54,USD,SampleGen
INV-cbb06073-2f8b-421c-906f-bc873817891a,ID204448,CID-269,CA-0480,2025-12-21,2026-01-20,1551.52,USD,SampleGen
INV-596427d3-97b7-4699-b099-cb9fd7230830,ID204449,CID-269,CA-0480,2025-12-04,2026-01-03,2488.68,USD,SampleGen
INV-3d00e7ff-ea99-4c13-825b-0b52608f3f31,ID204450,CID-269,CA-0480,2026-01-11,2026-02-10,3752.28,USD,SampleGen
INV-ccc91c53-1280-4ebf-a95a-d3e710bdb6e9,ID204451,CID-269,CA-0480,2026-01-31,2026-03-02,2077.5,USD,SampleGen
INV-de589d56-9180-47cc-ae50-8184df726740,ID204452,CID-269,CA-0480,2026-02-06,2026-03-08,4031.94,USD,SampleGen
INV-7467aaf1-eb9a-46a1-bb48-96a92627cd4f,ID204453,CID-269,CA-0480,2026-02-16,2026-03-18,1454.04,USD,SampleGen
INV-52eb83ac-59a7-4985-b258-06e0fabb2ee6,ID204454,CID-269,CA-0480,2026-02-16,2026-03-18,2240.68,USD,SampleGen
INV-6ae8e4b0-4d01-4c4a-83e0-a22f922d3f50,ID204455,CID-269,CA-0480,2026-04-01,2026-05-01,854.22,USD,SampleGen
INV-fa39a9fa-debf-4dd0-a31c-19f128683cb9,ID204456,CID-269,CA-0480,2026-03-05,2026-04-04,2501.38,USD,SampleGen
INV-0ddea85d-11c3-4f59-a121-465dc748c3df,ID204457,CID-269,CA-0480,2026-03-21,2026-04-20,1589.9,USD,SampleGen
INV-af958875-1f4e-4746-84ee-6866f3cb978b,ID204458,CID-269,CA-0480,2026-03-27,2026-04-26,3184.1,USD,SampleGen
INV-3578bd01-c4d7-42ab-9c35-cd9c5e716c66,ID204459,CID-270,CA-0481,2025-06-17,2025-07-17,932.62,USD,SampleGen
INV-9f931615-c05c-4962-b1d0-4bfd3eb074db,ID204460,CID-270,CA-0481,2025-07-21,2025-08-20,1013.14,USD,SampleGen
INV-4c107ea3-645b-4624-a975-a23a2c1a5763,ID204461,CID-270,CA-0481,2025-08-13,2025-09-12,966.58,USD,SampleGen
INV-64f09568-a79e-4ef2-946b-4889776669af,ID204462,CID-270,CA-0481,2025-11-09,2025-12-09,2051.94,USD,SampleGen
INV-3dec56d3-c20f-448d-848a-d56b3b50983e,ID204463,CID-270,CA-0481,2026-02-16,2026-03-18,1929.12,USD,SampleGen
INV-9f64c6db-1584-4f02-b093-b5d880408544,ID204464,CID-270,CA-0481,2026-03-30,2026-04-29,4006.5,USD,SampleGen
INV-cdf8cfce-f441-41d1-bb5e-8897a03df800,ID204465,CID-271,CA-0482,2025-07-01,2025-07-31,3815.76,USD,SampleGen
INV-2165077c-41ed-4599-aa4e-b9cee2725d51,ID204466,CID-271,CA-0482,2025-06-03,2025-07-03,2393.2,USD,SampleGen
INV-b7a976a1-2846-49b1-9bda-601cba2558aa,ID204467,CID-271,CA-0482,2025-07-24,2025-08-23,767.3,USD,SampleGen
INV-cda413e8-8e8e-4652-8da9-da138a7139fd,ID204468,CID-271,CA-0482,2025-07-17,2025-08-16,4375.52,USD,SampleGen
INV-7e144d2a-1157-42ef-b2b8-e49a30c451bf,ID204469,CID-271,CA-0482,2025-08-31,2025-09-30,1187.08,USD,SampleGen
INV-db210e20-8edf-4061-8f88-094105b3e9be,ID204470,CID-271,CA-0482,2025-08-18,2025-09-17,803.28,USD,SampleGen
INV-ead598ac-50b6-4d2a-9830-889cf321303b,ID204471,CID-271,CA-0482,2025-08-11,2025-09-10,1912.16,USD,SampleGen
INV-86c68c8e-7f5b-45dc-9162-4ddf74269b53,ID204472,CID-271,CA-0482,2025-09-08,2025-10-08,4636.2,USD,SampleGen
INV-9f951744-7ffa-4a57-aed5-9366f7b83f0b,ID204473,CID-271,CA-0482,2025-10-29,2025-11-28,3873.0,USD,SampleGen
INV-9d5fbf70-8751-4c8e-b161-f1d0fa9684c4,ID204474,CID-271,CA-0482,2025-11-20,2025-12-20,3595.34,USD,SampleGen
INV-da9656a4-a63e-4ea7-9681-d8258e2b0847,ID204475,CID-271,CA-0482,2025-12-31,2026-01-30,4515.5,USD,SampleGen
INV-65c0d622-f362-44e8-b61d-5ad956fc34c8,ID204476,CID-271,CA-0482,2025-12-15,2026-01-14,5310.36,USD,SampleGen
INV-76fd2444-39e6-4719-8109-63c097fb6cbb,ID204477,CID-271,CA-0482,2025-12-15,2026-01-14,2187.76,USD,SampleGen
INV-956af90c-3ef2-40a8-ab75-f28d98709c76,ID204478,CID-271,CA-0482,2026-01-31,2026-03-02,557.48,USD,SampleGen
INV-98977549-14ba-493e-89a3-e602fba2987c,ID204479,CID-271,CA-0482,2026-01-26,2026-02-25,712.22,USD,SampleGen
INV-85c0a4b7-fb7b-4a37-8190-32257ebdf5da,ID204480,CID-271,CA-0482,2026-02-06,2026-03-08,6444.62,USD,SampleGen
INV-b7c055e6-daf9-4342-8792-d9d6a12339a4,ID204481,CID-271,CA-0482,2026-02-25,2026-03-27,451.38,USD,SampleGen
INV-81060f44-926c-4620-b187-6175834ba5c1,ID204482,CID-271,CA-0482,2026-02-15,2026-03-17,2378.5,USD,SampleGen
INV-d3b41805-f81b-4f60-9488-d4bed3f1bc4d,ID204483,CID-271,CA-0482,2026-02-19,2026-03-21,4757.08,USD,SampleGen
INV-3b2e335f-d67f-43e6-8f5d-947ceb138ca5,ID204484,CID-271,CA-0482,2026-02-08,2026-03-10,568.04,USD,SampleGen
INV-52a715bc-1c21-48a0-a495-f1d4b10d6b90,ID204485,CID-271,CA-0482,2026-04-01,2026-05-01,2247.04,USD,SampleGen
INV-a4d04bed-d559-4edc-8bb5-4bc8d8934f69,ID204486,CID-271,CA-0482,2026-03-29,2026-04-28,610.42,USD,SampleGen
INV-4b1e21bd-e2b8-4984-8700-e19823d4c198,ID204487,CID-271,CA-0482,2026-03-08,2026-04-07,2051.94,USD,SampleGen
INV-1506ceec-ed84-444f-9f56-5cd3aa852ba5,ID204488,CID-271,CA-0482,2026-03-24,2026-04-23,476.88,USD,SampleGen
INV-01a42c39-61c9-4502-9478-f9ae1df59aa9,ID204489,CID-271,CA-0482,2026-03-15,2026-04-14,919.9,USD,SampleGen
INV-9926a040-c2d2-473f-bc9b-03e784725a02,ID204490,CID-272,CA-0484,2025-06-17,2025-07-17,975.04,USD,SampleGen
INV-facd6fea-f316-4436-bb7b-025a6646afbb,ID204491,CID-272,CA-0484,2025-07-21,2025-08-20,1850.58,USD,SampleGen
INV-62dbc36a-2d05-4b24-841c-aeacce0c94d2,ID204492,CID-272,CA-0484,2025-07-10,2025-08-09,568.04,USD,SampleGen
INV-b541c0f4-a238-4e56-b657-b3f3fbd7da11,ID204493,CID-272,CA-0484,2025-08-16,2025-09-15,1382.12,USD,SampleGen
INV-a2e968af-f524-4e26-bae2-ce3bf7200907,ID204494,CID-272,CA-0484,2025-08-14,2025-09-13,370.86,USD,SampleGen
INV-e9c56f94-4e51-4a9e-9da4-e2f5878f8de1,ID204495,CID-272,CA-0484,2025-08-29,2025-09-28,322.08,USD,SampleGen
INV-775bd3e9-8a8e-4846-b141-428744a1d267,ID204496,CID-272,CA-0484,2025-10-14,2025-11-13,2187.68,USD,SampleGen
INV-c9cd6dfe-7ede-41de-bf91-5f45d3af674f,ID204497,CID-272,CA-0484,2025-11-04,2025-12-04,1441.46,USD,SampleGen
INV-9e201829-f52c-40ee-a9e2-768ef588509e,ID204498,CID-272,CA-0484,2025-12-31,2026-01-30,1604.56,USD,SampleGen
INV-05696330-d5c6-451d-832d-bd8ed9e8fb0f,ID204499,CID-272,CA-0484,2025-12-07,2026-01-06,4625.64,USD,SampleGen
INV-24cf1a96-85b9-444a-ba7f-11f09d1c97f4,ID204500,CID-272,CA-0484,2026-01-07,2026-02-06,1617.28,USD,SampleGen
INV-6737c16e-797f-4225-96b8-71f2fb4591f2,ID204501,CID-272,CA-0484,2026-02-13,2026-03-15,534.12,USD,SampleGen
INV-f2f69adc-5138-40e4-ba11-f7200886da9d,ID204502,CID-272,CA-0484,2026-02-12,2026-03-14,6346.98,USD,SampleGen
INV-f023755a-11ff-41d8-a94d-1c093e7d53a4,ID204503,CID-272,CA-0484,2026-02-08,2026-03-10,1382.12,USD,SampleGen
INV-48c6b152-8d59-4d1e-a1dc-7c8d991908b4,ID204504,CID-272,CA-0484,2026-03-18,2026-04-17,6461.58,USD,SampleGen
INV-7a4211f5-de5c-4291-987b-8baa7b5e7ef4,ID204505,CID-272,CA-0484,2026-03-18,2026-04-17,618.86,USD,SampleGen
INV-963794d8-1406-4e8e-85eb-1544d325502c,ID204506,CID-272,CA-0484,2026-03-21,2026-04-20,336.96,USD,SampleGen
INV-b682f38e-de86-4c20-92dd-f16768353b71,ID204507,CID-272,CA-0484,2026-03-08,2026-04-07,3196.78,USD,SampleGen
INV-fd98b7d1-8947-481b-ada5-aea0210e1439,ID204508,CID-273,CA-0486,2025-06-14,2025-07-14,3735.24,USD,SampleGen
INV-f2647552-4890-49a7-b474-86e1c1f957ae,ID204509,CID-273,CA-0486,2025-06-25,2025-07-25,2420.8,USD,SampleGen
INV-746cf4e0-c586-4a14-a09c-18f6716901c3,ID204510,CID-273,CA-0486,2025-06-04,2025-07-04,735.5,USD,SampleGen
INV-7c39129c-0f46-4888-b2f7-980842c6c357,ID204511,CID-273,CA-0486,2025-06-08,2025-07-08,1136.08,USD,SampleGen
INV-8250dba9-0717-460b-85c5-c5ad8abf7e74,ID204512,CID-273,CA-0486,2025-06-07,2025-07-07,754.54,USD,SampleGen
INV-a3899ad1-0aec-4567-8662-22e87da0787d,ID204513,CID-273,CA-0486,2025-07-11,2025-08-10,833.0,USD,SampleGen
INV-7c7880ab-ab81-4d99-80ef-5c26200ce153,ID204514,CID-273,CA-0486,2025-07-11,2025-08-10,835.08,USD,SampleGen
INV-86f97431-37b7-4091-95d7-8a089776a6f1,ID204515,CID-273,CA-0486,2025-07-18,2025-08-17,4481.46,USD,SampleGen
INV-52d2759c-af2f-46f3-a2b5-2a0620f10d6c,ID204516,CID-273,CA-0486,2025-07-27,2025-08-26,803.28,USD,SampleGen
INV-aa0a5f93-dd20-4aef-b0be-683c21de2728,ID204517,CID-273,CA-0486,2025-07-17,2025-08-16,786.38,USD,SampleGen
INV-92c24d57-8c28-45d6-825c-a4612e91db76,ID204518,CID-273,CA-0486,2025-07-13,2025-08-12,2183.46,USD,SampleGen
INV-94c315ed-64e1-48a0-ac28-3c5180270d06,ID204519,CID-273,CA-0486,2025-08-09,2025-09-08,216.12,USD,SampleGen
INV-9987578e-3721-4558-b904-72e42cb5dbdf,ID204520,CID-273,CA-0486,2025-08-29,2025-09-28,2016.02,USD,SampleGen
INV-b6651f34-4f6f-47ad-8dd9-10969991f67b,ID204521,CID-273,CA-0486,2025-08-14,2025-09-13,2821.46,USD,SampleGen
INV-657b7920-c23d-45b6-b302-d99d3da0c271,ID204522,CID-273,CA-0486,2025-08-11,2025-09-10,678.3,USD,SampleGen
INV-b3047a3b-86ec-4660-b1c9-65c0346b839e,ID204523,CID-273,CA-0486,2025-08-22,2025-09-21,4076.54,USD,SampleGen
INV-b9662c1e-a190-4276-9f83-d1b64cac9f81,ID204524,CID-273,CA-0486,2025-08-04,2025-09-03,2191.92,USD,SampleGen
INV-d1b3cc2f-f7c3-4b02-8199-8356e8854002,ID204525,CID-273,CA-0486,2025-08-05,2025-09-04,3370.64,USD,SampleGen
INV-a915e80c-5df8-46d7-9e7a-852704ba598b,ID204526,CID-273,CA-0486,2025-08-20,2025-09-19,4383.96,USD,SampleGen
INV-030f232a-4f91-48f0-85b0-367b70a08a27,ID204527,CID-273,CA-0486,2025-09-28,2025-10-28,5944.2,USD,SampleGen
INV-f03dfacb-0dc1-4714-80f9-f1f34de306d6,ID204528,CID-273,CA-0486,2025-09-19,2025-10-19,644.34,USD,SampleGen
INV-9bcdcab8-767b-4530-9ec0-2783ecc1af9e,ID204529,CID-273,CA-0486,2025-10-19,2025-11-18,1992.68,USD,SampleGen
INV-11a366c5-287c-44ea-85e6-6821a01fbbe8,ID204530,CID-273,CA-0486,2025-10-09,2025-11-08,2289.4,USD,SampleGen
INV-51eb7aa8-7527-455b-872c-91f10aaf8015,ID204531,CID-273,CA-0486,2025-10-09,2025-11-08,782.16,USD,SampleGen
INV-9d9f99f8-0647-4a12-b205-0f032ceede4b,ID204532,CID-273,CA-0486,2025-11-16,2025-12-16,2609.48,USD,SampleGen
INV-2951a9f4-f926-4cd0-b1b4-37017793a941,ID204533,CID-273,CA-0486,2025-11-10,2025-12-10,1028.1,USD,SampleGen
INV-729431e8-1010-42df-b913-1eb4e8b0ebf0,ID204534,CID-273,CA-0486,2025-11-11,2025-12-11,3917.64,USD,SampleGen
INV-90eddd0f-ec1e-4a97-87d0-92b15e7b0b61,ID204535,CID-273,CA-0486,2025-11-07,2025-12-07,756.72,USD,SampleGen
INV-7671aa5a-0a72-4325-b357-804609466a39,ID204536,CID-273,CA-0486,2025-12-13,2026-01-12,771.56,USD,SampleGen
INV-b5a79155-54d7-4c73-b3ab-892ae625be37,ID204537,CID-273,CA-0486,2026-01-01,2026-01-31,1371.38,USD,SampleGen
INV-dc171a62-cadf-4a74-bac5-d499ddda02b0,ID204538,CID-273,CA-0486,2025-12-07,2026-01-06,818.2,USD,SampleGen
INV-d4cd1cec-93ae-4d29-9af2-ca77d984e082,ID204539,CID-273,CA-0486,2025-12-22,2026-01-21,3099.3,USD,SampleGen
INV-69f92312-1f08-4091-850a-8ab410e56953,ID204540,CID-273,CA-0486,2025-12-21,2026-01-20,1392.72,USD,SampleGen
INV-e712e4b2-0453-43fa-9bd9-d5f61a98f2cb,ID204541,CID-273,CA-0486,2025-12-20,2026-01-19,3281.56,USD,SampleGen
INV-9326e19b-1be9-4c78-ba65-0f6d3fa09dfc,ID204542,CID-273,CA-0486,2025-12-10,2026-01-09,972.94,USD,SampleGen
INV-114451fc-1c8a-4302-a511-2c9f527f0a53,ID204543,CID-273,CA-0486,2026-01-24,2026-02-23,903.06,USD,SampleGen
INV-2ac1d9e2-2ec9-4f30-a437-4a5b88b74438,ID204544,CID-273,CA-0486,2026-01-29,2026-02-28,521.44,USD,SampleGen
INV-7fe5b326-5f28-44c6-9bb8-413eac222930,ID204545,CID-273,CA-0486,2026-01-08,2026-02-07,2365.72,USD,SampleGen
INV-20e6fbe1-5f99-45b6-9276-b51bd6059544,ID204546,CID-273,CA-0486,2026-01-29,2026-02-28,1780.68,USD,SampleGen
INV-8429e527-68b3-4ffd-acfa-41bbb80bb2b8,ID204547,CID-273,CA-0486,2026-01-15,2026-02-14,2577.68,USD,SampleGen
INV-d623bb13-5874-402c-a6ea-e1a3027cbf6b,ID204548,CID-273,CA-0486,2026-01-23,2026-02-22,1929.12,USD,SampleGen
INV-41e4f183-0cfd-489c-a631-fc4c4376b42c,ID204549,CID-273,CA-0486,2026-02-21,2026-03-23,292.44,USD,SampleGen
INV-18d8f3f1-750c-4eeb-add3-8c252990983d,ID204550,CID-273,CA-0486,2026-02-04,2026-03-06,6995.76,USD,SampleGen
INV-f67af0cb-a990-4697-96e5-9df601a60759,ID204551,CID-273,CA-0486,2026-02-14,2026-03-16,4320.42,USD,SampleGen
INV-8cdfa3bd-08ef-4aba-8b0d-b04771c0fb1c,ID204552,CID-273,CA-0486,2026-02-25,2026-03-27,4040.56,USD,SampleGen
INV-040acda5-fa78-4ea7-ae8f-1a0e0400dbb9,ID204553,CID-273,CA-0486,2026-02-21,2026-03-23,604.1,USD,SampleGen
INV-808bb173-3fc4-4819-92ff-c624b98cffa3,ID204554,CID-273,CA-0486,2026-02-18,2026-03-20,771.56,USD,SampleGen
INV-651d7345-5927-4e5c-a895-600cb049f636,ID204555,CID-273,CA-0486,2026-02-02,2026-03-04,3472.36,USD,SampleGen
INV-56103fc1-e3da-441e-abb5-2a7694f265a1,ID204556,CID-273,CA-0486,2026-02-02,2026-03-04,1059.9,USD,SampleGen
INV-a2422cc6-ecbf-419b-a685-ade898d959a8,ID204557,CID-273,CA-0486,2026-02-10,2026-03-12,1080.98,USD,SampleGen
INV-fccf608f-b55f-49fe-9133-c9db44d4ed25,ID204558,CID-273,CA-0486,2026-02-15,2026-03-17,1382.12,USD,SampleGen
INV-ce5859f3-5dfe-4c1b-ab1d-e7c7966f4cfb,ID204559,CID-273,CA-0486,2026-02-14,2026-03-16,4087.16,USD,SampleGen
INV-7e31a4c1-ffed-4771-abcd-2ba601cd682d,ID204560,CID-273,CA-0486,2026-03-12,2026-04-11,267.0,USD,SampleGen
INV-79b14f7d-c8a8-422e-9db3-8413ad5f323b,ID204561,CID-273,CA-0486,2026-03-15,2026-04-14,1971.46,USD,SampleGen
INV-548e96ba-f342-4a4f-ab64-7246d7093014,ID204562,CID-273,CA-0486,2026-03-02,2026-04-01,591.38,USD,SampleGen
INV-2d29fdb5-b763-4f16-b629-a390dc1f0627,ID204563,CID-273,CA-0486,2026-03-21,2026-04-20,551.06,USD,SampleGen
INV-82c74435-c329-40c7-b31d-6997707bee60,ID204564,CID-273,CA-0486,2026-03-28,2026-04-27,3103.5,USD,SampleGen
INV-d517f313-ffc2-464a-ab49-49d85ea25d71,ID204565,CID-273,CA-0486,2026-03-22,2026-04-21,1856.96,USD,SampleGen
INV-c4d553e2-6144-488b-b35f-67c9006d3920,ID204566,CID-273,CA-0486,2026-03-10,2026-04-09,3697.16,USD,SampleGen
INV-0ae1a4d2-c047-46db-98ad-b90d280779bc,ID204567,CID-273,CA-0486,2026-03-09,2026-04-08,521.44,USD,SampleGen
INV-4aabe0f5-c34d-4aec-9825-7a267f29e942,ID204568,CID-273,CA-0486,2026-04-01,2026-05-01,2963.64,USD,SampleGen
INV-8cede50c-d404-4274-b31d-cb59c12a6fa4,ID204569,CID-273,CA-0486,2026-03-07,2026-04-06,4689.16,USD,SampleGen
INV-1d95715b-48a8-4cb0-87e4-56ffd89a5328,ID204570,CID-273,CA-0486,2026-03-20,2026-04-19,1074.56,USD,SampleGen
INV-eec45bd4-00f9-441c-9b12-2588e0c577a5,ID204571,CID-273,CA-0486,2026-03-23,2026-04-22,3754.28,USD,SampleGen
INV-f1b6c65f-1303-45f4-9d22-ef794cddd40a,ID204572,CID-273,CA-0486,2026-04-01,2026-05-01,601.94,USD,SampleGen
INV-2fa22175-20a0-4dfd-8eb2-99784ec3c55a,ID204573,CID-274,CA-0488,2025-06-19,2025-07-19,1237.94,USD,SampleGen
INV-ccff3e6f-e48d-4b24-956c-57405745b6f8,ID204574,CID-274,CA-0488,2025-07-31,2025-08-30,300.96,USD,SampleGen
INV-aef2111f-6a56-483b-bc32-fc6442dfa558,ID204575,CID-274,CA-0488,2026-02-11,2026-03-13,5108.96,USD,SampleGen
INV-c89515c5-9237-4b91-9b20-05c30b9ffde2,ID204576,CID-274,CA-0488,2026-03-09,2026-04-08,1621.64,USD,SampleGen
INV-d57666b7-7f5c-4a1f-a02e-9c4571ef416a,ID204577,CID-275,CA-0489,2025-06-12,2025-07-12,1140.46,USD,SampleGen
INV-d2f9a3a0-13b2-4d7e-af57-723a7fe775e4,ID204578,CID-275,CA-0489,2025-07-11,2025-08-10,504.48,USD,SampleGen
INV-4f903f51-8c34-4b4e-82d0-359c05794b14,ID204579,CID-275,CA-0489,2025-08-19,2025-09-18,777.86,USD,SampleGen
INV-ccce5de9-d45b-4351-9ac8-5833c5bf4c64,ID204580,CID-275,CA-0489,2025-09-05,2025-10-05,2584.06,USD,SampleGen
INV-d5e1d006-3ced-4250-8190-0c909fd92bd4,ID204581,CID-275,CA-0489,2025-12-29,2026-01-28,1428.6,USD,SampleGen
INV-d20026db-b44f-43bc-b064-ffebecb6b4b5,ID204582,CID-275,CA-0489,2026-01-31,2026-03-02,69.94,USD,SampleGen
INV-3d5a0502-5424-4ae6-b6fc-ae224c820f1c,ID204583,CID-275,CA-0489,2026-02-04,2026-03-06,3031.38,USD,SampleGen
INV-3983a45b-2e67-4cd6-9d76-bcc003727c77,ID204584,CID-275,CA-0489,2026-03-26,2026-04-25,1021.62,USD,SampleGen
INV-708779d9-72fe-457a-92dc-9eee1919ac4b,ID204585,CID-276,CA-0491,2025-06-04,2025-07-04,1127.64,USD,SampleGen
INV-4bb74de2-d268-4d9e-93c9-d2d6456a7d0a,ID204586,CID-276,CA-0491,2025-07-18,2025-08-17,5418.6,USD,SampleGen
INV-1fb33b12-0288-4231-8064-8523ac5192d4,ID204587,CID-276,CA-0491,2025-08-09,2025-09-08,2278.76,USD,SampleGen
INV-c291d4bd-9cdd-42bd-9ce9-92366ea66f8e,ID204588,CID-276,CA-0491,2025-08-30,2025-09-29,3285.86,USD,SampleGen
INV-fdc70a88-3d92-4867-b17e-d703bfe24b08,ID204589,CID-276,CA-0491,2025-10-17,2025-11-16,743.94,USD,SampleGen
INV-a03d005a-85c6-4393-90b2-07424ae92e35,ID204590,CID-276,CA-0491,2025-11-28,2025-12-28,292.48,USD,SampleGen
INV-9b3b32fa-dfa8-4eb9-960c-bbd66d5bb1f4,ID204591,CID-276,CA-0491,2025-12-27,2026-01-26,5992.98,USD,SampleGen
INV-f2dca17b-3aa4-4110-aa0b-fa3c3582bfe8,ID204592,CID-276,CA-0491,2026-01-30,2026-03-01,252.2,USD,SampleGen
INV-e0cc657d-dafb-40b9-83c7-0d48d92960cf,ID204593,CID-276,CA-0491,2026-02-24,2026-03-26,3591.02,USD,SampleGen
INV-994269d2-957b-4b41-b77d-c5789b46f63e,ID204594,CID-276,CA-0491,2026-02-04,2026-03-06,2654.16,USD,SampleGen
INV-95455761-2039-4490-941e-638cc0be4fc8,ID204595,CID-276,CA-0491,2026-03-16,2026-04-15,1496.58,USD,SampleGen
INV-d25d8977-d0d3-4395-be2c-2472b95df0b7,ID204596,CID-276,CA-0491,2026-03-05,2026-04-04,1407.48,USD,SampleGen
INV-df86797a-9e88-41b4-9861-96a23120ec1b,ID204597,CID-277,CA-1514,2025-06-10,2025-07-10,1551.58,USD,SampleGen
INV-ccf882a9-076a-4a71-bc51-5c70eba67642,ID204598,CID-277,CA-1514,2025-06-12,2025-07-12,1617.34,USD,SampleGen
INV-a88d5134-fd66-4f34-b8f9-e22c10ed0981,ID204599,CID-277,CA-1514,2025-06-20,2025-07-20,1354.42,USD,SampleGen
INV-345fcb08-56b7-4b03-8bed-85db5fb5dc26,ID204600,CID-277,CA-1514,2025-06-29,2025-07-29,1114.92,USD,SampleGen
INV-3aa04086-e1fa-42a2-a5d3-4dbfcd772777,ID204601,CID-277,CA-1514,2025-06-18,2025-07-18,1367.18,USD,SampleGen
INV-93b5282f-3a06-4c26-9881-3f32579a4a45,ID204602,CID-277,CA-1514,2025-07-07,2025-08-06,1312.04,USD,SampleGen
INV-dbc83fb6-19d0-4f64-914d-bc90e43f515a,ID204603,CID-277,CA-1514,2025-07-20,2025-08-19,4203.76,USD,SampleGen
INV-1f31cd8a-139d-4b01-8caf-61c8ea55ea08,ID204604,CID-277,CA-1514,2025-07-21,2025-08-20,712.22,USD,SampleGen
INV-0b0f1e00-84f7-49b6-aab3-378701a817c9,ID204605,CID-277,CA-1514,2025-07-25,2025-08-24,856.32,USD,SampleGen
INV-31d08aa4-9625-48f9-9d34-bf770252d731,ID204606,CID-277,CA-1514,2025-07-15,2025-08-14,368.76,USD,SampleGen
INV-399e7f59-f99b-469a-bd39-6e65b813e5b6,ID204607,CID-277,CA-1514,2025-07-10,2025-08-09,2999.58,USD,SampleGen
INV-65f7fc90-bc71-46fa-8412-33d45d566a61,ID204608,CID-277,CA-1514,2025-08-29,2025-09-28,1409.66,USD,SampleGen
INV-3f8acf86-5ce8-4f64-a216-173cd4142c2e,ID204609,CID-277,CA-1514,2025-08-24,2025-09-23,1975.72,USD,SampleGen
INV-22bfcaf8-447b-4d2c-bf08-be5626f38944,ID204610,CID-277,CA-1514,2025-08-29,2025-09-28,720.7,USD,SampleGen
INV-7d398682-49bf-4224-a1db-d94cc4a2fe91,ID204611,CID-277,CA-1514,2025-08-08,2025-09-07,3438.44,USD,SampleGen
INV-20638bbe-93fa-49d5-bfd4-74c40baa7a6a,ID204612,CID-277,CA-1514,2025-08-19,2025-09-18,351.8,USD,SampleGen
INV-4d8af8bd-ca72-4de9-a544-047e05c36ac2,ID204613,CID-277,CA-1514,2025-08-24,2025-09-23,1589.9,USD,SampleGen
INV-fc1e4c0c-ebb3-4297-b950-b35d849d0596,ID204614,CID-277,CA-1514,2025-08-23,2025-09-22,5723.84,USD,SampleGen
INV-d17bdb76-731f-477b-8030-555320641ffd,ID204615,CID-277,CA-1514,2025-08-05,2025-09-04,2425.02,USD,SampleGen
INV-bc57057c-01ac-4119-bcbc-ad07166f91b5,ID204616,CID-277,CA-1514,2025-08-23,2025-09-22,756.72,USD,SampleGen
INV-d3778f4b-78b4-4050-9458-e95f816c9c23,ID204617,CID-277,CA-1514,2025-09-19,2025-10-19,847.88,USD,SampleGen
INV-20ff713b-587a-4662-84a6-72400bba8921,ID204618,CID-277,CA-1514,2025-09-25,2025-10-25,500.18,USD,SampleGen
INV-0222b6c7-22cd-4ce4-8753-45b514deff44,ID204619,CID-277,CA-1514,2025-10-19,2025-11-18,2823.68,USD,SampleGen
INV-82924c34-5458-4921-8924-877021734f2e,ID204620,CID-277,CA-1514,2025-10-08,2025-11-07,3574.06,USD,SampleGen
INV-c6911c77-cfe3-4116-9568-cbf2da6872db,ID204621,CID-277,CA-1514,2025-10-06,2025-11-05,885.88,USD,SampleGen
INV-63ed6c44-6522-4f36-a775-b6b1efe3f517,ID204622,CID-277,CA-1514,2025-11-08,2025-12-08,1988.42,USD,SampleGen
INV-64778742-dca0-4026-9d14-2bc5c34ec2cf,ID204623,CID-277,CA-1514,2025-11-24,2025-12-24,3735.32,USD,SampleGen
INV-d6c808f4-8607-48a5-854c-e9c533d895fa,ID204624,CID-277,CA-1514,2025-11-24,2025-12-24,4714.64,USD,SampleGen
INV-d5345bfd-f671-449a-bba7-0f3dd975a273,ID204625,CID-277,CA-1514,2025-11-15,2025-12-15,1708.54,USD,SampleGen
INV-7a103598-c148-4992-bb8d-30152bcbaa62,ID204626,CID-277,CA-1514,2025-12-14,2026-01-13,2238.62,USD,SampleGen
INV-5afd593a-830d-4cc9-839f-9ca173386152,ID204627,CID-277,CA-1514,2025-12-31,2026-01-30,3906.9,USD,SampleGen
INV-e80751ae-7622-44ed-ab6d-4a5702a8d314,ID204628,CID-277,CA-1514,2025-12-31,2026-01-30,1049.22,USD,SampleGen
INV-3678873a-2cff-4e3d-86c6-1bd7c9907cf5,ID204629,CID-277,CA-1514,2025-12-13,2026-01-12,1184.94,USD,SampleGen
INV-34530f4d-c444-4bdc-824a-e711568123cb,ID204630,CID-277,CA-1514,2025-12-26,2026-01-25,996.14,USD,SampleGen
INV-d13aaf0a-ab73-4968-a671-19b904928527,ID204631,CID-277,CA-1514,2025-12-27,2026-01-26,1015.38,USD,SampleGen
INV-a0dc1b89-faf9-44e4-b42d-b7fc851b25b7,ID204632,CID-277,CA-1514,2025-12-29,2026-01-28,1203.96,USD,SampleGen
INV-6fbfc721-80cd-432c-88c9-61ce10685a73,ID204633,CID-277,CA-1514,2025-12-23,2026-01-22,1738.24,USD,SampleGen
INV-098cb6a7-2494-406e-90e9-00d1cf7e5855,ID204634,CID-277,CA-1514,2026-01-06,2026-02-05,3362.12,USD,SampleGen
INV-93659f7e-4aa9-4c74-bfef-e6f69674653f,ID204635,CID-277,CA-1514,2026-01-18,2026-02-17,2709.3,USD,SampleGen
INV-ca8c4f65-cc98-4081-8207-2b1e3b419b94,ID204636,CID-277,CA-1514,2026-01-10,2026-02-09,2376.28,USD,SampleGen
INV-5d304821-e4ed-42c3-a6fc-f322e9997e1f,ID204637,CID-277,CA-1514,2026-01-08,2026-02-07,292.44,USD,SampleGen
INV-cc099ad0-707e-47de-b2b6-75b7749cc147,ID204638,CID-277,CA-1514,2026-01-11,2026-02-10,440.84,USD,SampleGen
INV-52b112bf-27a6-4a73-94bd-69fcee5803f4,ID204639,CID-277,CA-1514,2026-01-18,2026-02-17,1596.22,USD,SampleGen
INV-b57dcae9-95e5-4dc9-bd02-660f119f875a,ID204640,CID-277,CA-1514,2026-02-17,2026-03-19,682.5,USD,SampleGen
INV-487baac8-fd56-4949-acb8-a08ed3c80286,ID204641,CID-277,CA-1514,2026-02-02,2026-03-04,464.14,USD,SampleGen
INV-3307c12c-ecbe-41be-bb3d-c3f54d2bd218,ID204642,CID-277,CA-1514,2026-02-12,2026-03-14,440.84,USD,SampleGen
INV-0d2af7c4-d1bd-4eff-a8d4-5cab78b35d09,ID204643,CID-277,CA-1514,2026-02-11,2026-03-13,4434.8,USD,SampleGen
INV-8acb5ca9-df56-411d-8aba-5429e43b7927,ID204644,CID-277,CA-1514,2026-03-01,2026-03-31,985.66,USD,SampleGen
INV-afa6d233-a438-4164-8dcb-0d0852af0792,ID204645,CID-277,CA-1514,2026-02-02,2026-03-04,7606.28,USD,SampleGen
INV-34f79d10-62cf-4ba5-9912-49bccc3ff67e,ID204646,CID-277,CA-1514,2026-02-21,2026-03-23,3417.32,USD,SampleGen
INV-e2f03d6d-8109-48e0-92ab-f8ba0e38cb52,ID204647,CID-277,CA-1514,2026-02-27,2026-03-29,402.7,USD,SampleGen
INV-13570148-d32d-49a7-8673-7b752fdc5560,ID204648,CID-277,CA-1514,2026-02-24,2026-03-26,6614.14,USD,SampleGen
INV-6050a2ba-c791-4296-aa26-1542bc71bf2b,ID204649,CID-277,CA-1514,2026-02-21,2026-03-23,8496.74,USD,SampleGen
INV-4250adfb-7e69-4ae9-8d82-d0c851147f7f,ID204650,CID-277,CA-1514,2026-02-22,2026-03-24,3514.86,USD,SampleGen
INV-3072eb38-9a67-4e04-a361-58743818c38b,ID204651,CID-277,CA-1514,2026-03-22,2026-04-21,3090.86,USD,SampleGen
INV-edd9b7c5-a232-405d-b840-afc8bb14b82b,ID204652,CID-277,CA-1514,2026-03-28,2026-04-27,1946.08,USD,SampleGen
INV-e509a9db-b931-4809-8c8a-7e88a5a1b302,ID204653,CID-277,CA-1514,2026-04-01,2026-05-01,667.62,USD,SampleGen
INV-dbfa1abc-a75e-481f-a445-675c2c56d3d8,ID204654,CID-277,CA-1514,2026-03-14,2026-04-13,2492.92,USD,SampleGen
INV-d2663bc6-4f2f-4e4a-bda4-9332a6019141,ID204655,CID-277,CA-1514,2026-03-16,2026-04-15,1025.92,USD,SampleGen
INV-27111b58-aabe-4bdb-ae6f-a4a40dd3ed04,ID204656,CID-277,CA-1514,2026-03-07,2026-04-06,1721.24,USD,SampleGen
INV-aee165ac-0259-4268-baa2-c4538a4c8194,ID204657,CID-277,CA-1514,2026-03-23,2026-04-22,977.1,USD,SampleGen
INV-527b0a66-6c20-4f93-8fe9-f778b6d021e0,ID204658,CID-277,CA-1514,2026-03-05,2026-04-04,436.56,USD,SampleGen
INV-7ddf25ef-eede-4b6b-9bf5-34336048ce1c,ID204659,CID-277,CA-1514,2026-03-02,2026-04-01,945.44,USD,SampleGen
INV-8b6fc0bf-81fb-40be-b2c3-3991ece9a19f,ID204660,CID-277,CA-1514,2026-03-08,2026-04-07,2378.54,USD,SampleGen
INV-cfad01b5-0342-41d8-a72b-fe7aeac3066f,ID204661,CID-277,CA-1514,2026-03-23,2026-04-22,2225.74,USD,SampleGen
INV-2d765fd7-1a7d-4d4c-a3a1-de7cde410317,ID204662,CID-277,CA-1514,2026-03-17,2026-04-16,3781.92,USD,SampleGen
INV-99b6b2db-8419-49f9-94ac-33e4d02c26d4,ID204663,CID-277,CA-1514,2026-03-03,2026-04-02,4036.3,USD,SampleGen
INV-91ec5c2f-2894-4ddc-ac7b-c21c1d9fcbd5,ID204664,CID-278,CA-0494,2025-07-28,2025-08-27,892.32,USD,SampleGen
INV-529a6326-2344-4190-bb7c-f10d2247dad6,ID204665,CID-278,CA-0494,2025-12-20,2026-01-19,462.06,USD,SampleGen
INV-5bc85136-b923-4885-8611-2b85ed80a6a2,ID204666,CID-278,CA-0494,2026-02-11,2026-03-13,2234.26,USD,SampleGen
INV-c1a17ec3-f0f0-4f19-9f44-8ae0a1b7fe43,ID204667,CID-278,CA-0494,2026-03-29,2026-04-28,7879.76,USD,SampleGen
INV-d9aa4ddc-32d4-4a43-88a9-7f71826542dc,ID204668,CID-279,CA-0496,2025-06-08,2025-07-08,1517.66,USD,SampleGen
INV-f750bd14-b740-4592-a335-4c0224304421,ID204669,CID-279,CA-0496,2025-07-31,2025-08-30,1611.02,USD,SampleGen
INV-8c1f6fe4-25b7-4223-8db7-629e1b0ea4ba,ID204670,CID-279,CA-0496,2025-07-19,2025-08-18,712.18,USD,SampleGen
INV-2dc8e329-8f85-4ace-b56d-4f263a70f35d,ID204671,CID-279,CA-0496,2025-08-27,2025-09-26,3472.42,USD,SampleGen
INV-fe32328d-7185-438a-bee9-d317cd14ec12,ID204672,CID-279,CA-0496,2025-08-25,2025-09-24,659.14,USD,SampleGen
INV-d7e5537c-a526-4cf9-9e48-1db7a4cf45db,ID204673,CID-279,CA-0496,2025-08-08,2025-09-07,966.56,USD,SampleGen
INV-c0244734-f9c0-4a14-bfbd-bd6949cf4dde,ID204674,CID-279,CA-0496,2025-09-03,2025-10-03,1572.9,USD,SampleGen
INV-7dc82668-723b-4d63-8184-c52805d34d68,ID204675,CID-279,CA-0496,2025-10-16,2025-11-15,1547.46,USD,SampleGen
INV-fda311a1-a8e0-4b88-b331-0e6dc05e872c,ID204676,CID-279,CA-0496,2025-11-14,2025-12-14,3832.72,USD,SampleGen
INV-6b46657d-0664-4cd6-8ef5-d931f49a252a,ID204677,CID-279,CA-0496,2025-12-06,2026-01-05,1992.68,USD,SampleGen
INV-8f356c8f-9255-4ec6-aa04-b2e433b74616,ID204678,CID-279,CA-0496,2025-12-11,2026-01-10,3953.58,USD,SampleGen
INV-7ac744a4-fc21-4859-b0eb-3dcdc8e5322f,ID204679,CID-279,CA-0496,2025-12-13,2026-01-12,4299.2,USD,SampleGen
INV-b83ae002-09fe-4fb1-ae60-6a72ede5d0c1,ID204680,CID-279,CA-0496,2026-01-12,2026-02-11,1725.46,USD,SampleGen
INV-86e48345-1a92-4c70-b749-1a98bc193940,ID204681,CID-279,CA-0496,2026-01-21,2026-02-20,195.0,USD,SampleGen
INV-71402831-3d3f-447c-8655-a7065da6196e,ID204682,CID-279,CA-0496,2026-02-21,2026-03-23,332.74,USD,SampleGen
INV-98c43068-4ee2-48f5-adde-3348a268ac64,ID204683,CID-279,CA-0496,2026-02-22,2026-03-24,1237.98,USD,SampleGen
INV-f7b17f85-1d1d-4ad1-99f9-57fb04fa51de,ID204684,CID-279,CA-0496,2026-02-27,2026-03-29,3976.88,USD,SampleGen
INV-db3c22b5-e3c5-48c1-99ec-1b3ca5d57ebf,ID204685,CID-279,CA-0496,2026-03-27,2026-04-26,2857.66,USD,SampleGen
INV-7e62aeae-4877-48de-a266-d8d31271b569,ID204686,CID-279,CA-0496,2026-03-05,2026-04-04,977.16,USD,SampleGen
INV-5c5ef48b-0547-4def-ac12-8145600802dd,ID204687,CID-279,CA-0496,2026-03-06,2026-04-05,1772.12,USD,SampleGen
INV-421b0048-c914-4cf0-9c02-1225b185e636,ID204688,CID-279,CA-0496,2026-03-28,2026-04-27,364.56,USD,SampleGen
INV-5f7bd733-b56f-4d56-bf17-7c8eceaa66fd,ID204689,CID-280,CA-0498,2025-06-26,2025-07-26,2109.18,USD,SampleGen
INV-ec6023ae-7057-438b-b2c3-3590f1856961,ID204690,CID-280,CA-0498,2025-06-13,2025-07-13,710.02,USD,SampleGen
INV-db0af59d-d2e1-41ef-8d1e-5786ed5a09e7,ID204691,CID-280,CA-0498,2025-07-26,2025-08-25,601.94,USD,SampleGen
INV-86c1409c-9ff2-4cb3-bee9-648c53143c67,ID204692,CID-280,CA-0498,2025-07-28,2025-08-27,2244.86,USD,SampleGen
INV-607b921c-bf14-4bb4-b58b-860c8e67d4b5,ID204693,CID-280,CA-0498,2025-08-11,2025-09-10,868.98,USD,SampleGen
INV-5a3f35ba-1e12-4a06-a0ac-8e425029a187,ID204694,CID-280,CA-0498,2025-08-05,2025-09-04,2868.24,USD,SampleGen
INV-8b721e54-1b6f-4d2f-9915-29407b97c35f,ID204695,CID-280,CA-0498,2025-08-06,2025-09-05,559.56,USD,SampleGen
INV-83edb75d-8cf7-4fa1-a1f8-177a652833c8,ID204696,CID-280,CA-0498,2025-09-06,2025-10-06,1237.96,USD,SampleGen
INV-99c57f27-4688-432a-8bb2-a20925682d0b,ID204697,CID-280,CA-0498,2025-10-10,2025-11-09,394.22,USD,SampleGen
INV-30568a77-4d69-4e91-bec0-7b48a4e13113,ID204698,CID-280,CA-0498,2025-11-28,2025-12-28,1975.68,USD,SampleGen
INV-4097df2b-6273-408e-a0ba-be7a8979b69e,ID204699,CID-280,CA-0498,2025-11-03,2025-12-03,1674.56,USD,SampleGen
INV-1e42a313-fbfc-441f-8884-39695e0949c1,ID204700,CID-280,CA-0498,2025-12-27,2026-01-26,4184.74,USD,SampleGen
INV-58d3fd99-599e-435a-84a0-0a4f7977eecf,ID204701,CID-280,CA-0498,2025-12-09,2026-01-08,975.02,USD,SampleGen
INV-75db2c05-8136-44c3-b522-f9c9ab05f015,ID204702,CID-280,CA-0498,2025-12-22,2026-01-21,2526.9,USD,SampleGen
INV-8048e955-32de-4453-bf22-90e025a7db68,ID204703,CID-280,CA-0498,2026-01-26,2026-02-25,288.28,USD,SampleGen
INV-ffbb5a3c-176e-40a9-9275-f3455bb16f4a,ID204704,CID-280,CA-0498,2026-01-05,2026-02-04,3374.8,USD,SampleGen
INV-8336e6d5-a2b1-4f1c-8a81-c357dcde36f5,ID204705,CID-280,CA-0498,2026-03-01,2026-03-31,478.96,USD,SampleGen
INV-bdda922c-2847-4eb7-a4e0-ef8054603666,ID204706,CID-280,CA-0498,2026-02-17,2026-03-19,2085.96,USD,SampleGen
INV-f82b7feb-fd97-4b31-b1f9-db4f64b54b59,ID204707,CID-280,CA-0498,2026-02-07,2026-03-09,1246.4,USD,SampleGen
INV-2309a5c9-1390-47e2-952b-2c5472ed3f09,ID204708,CID-280,CA-0498,2026-02-22,2026-03-24,4354.3,USD,SampleGen
INV-16e7c7ff-1b39-44cf-a17c-99e1f5f67770,ID204709,CID-280,CA-0498,2026-03-05,2026-04-04,1019.46,USD,SampleGen
INV-baacf2e6-05a8-4e5a-8907-39f152940350,ID204710,CID-280,CA-0498,2026-03-03,2026-04-02,2196.2,USD,SampleGen
INV-dd342456-ef45-4470-ae57-7a54d5750bf0,ID204711,CID-280,CA-0498,2026-03-28,2026-04-27,4947.82,USD,SampleGen
INV-c37b7679-0e0f-48b8-844f-ac550b8847bb,ID204712,CID-280,CA-0498,2026-03-08,2026-04-07,5736.52,USD,SampleGen
INV-cc41014d-4600-4855-a744-efc7e838201d,ID204713,CID-280,CA-0498,2026-03-05,2026-04-04,894.4,USD,SampleGen
INV-e8af7a34-70e6-42a4-b9cf-fb41ab903b15,ID204714,CID-281,CA-0500,2025-06-12,2025-07-12,1280.26,USD,SampleGen
INV-b6803414-189e-4a6c-805a-534aaf324271,ID204715,CID-281,CA-0500,2025-06-23,2025-07-23,1269.72,USD,SampleGen
INV-c1f71b23-0363-4784-acfd-a925b7a2c523,ID204716,CID-281,CA-0500,2025-06-24,2025-07-24,1912.16,USD,SampleGen
INV-03f3463b-b061-4699-aa90-e8559ce240c6,ID204717,CID-281,CA-0500,2025-07-17,2025-08-16,1042.88,USD,SampleGen
INV-f3b2101a-e1cb-4dbd-9c4e-8430bf64b368,ID204718,CID-281,CA-0500,2025-07-30,2025-08-29,5698.36,USD,SampleGen
INV-8d0dffff-2745-45b8-ae02-2c3857d1791b,ID204719,CID-281,CA-0500,2025-07-30,2025-08-29,1786.92,USD,SampleGen
INV-84261cfc-b7f4-4e21-906f-c7c44dfb5594,ID204720,CID-281,CA-0500,2025-07-19,2025-08-18,1377.9,USD,SampleGen
INV-e6cc92f7-8dec-4154-9da3-6a3c875138d5,ID204721,CID-281,CA-0500,2025-08-24,2025-09-23,981.38,USD,SampleGen
INV-fef408ea-64bb-42c5-a512-09284dab3c5c,ID204722,CID-281,CA-0500,2025-08-19,2025-09-18,1095.9,USD,SampleGen
INV-03d11c72-3d73-4d6f-b2f6-492f4a79a7f4,ID204723,CID-281,CA-0500,2025-08-25,2025-09-24,286.08,USD,SampleGen
INV-c466bc78-d6ef-4e93-a46f-456c225f8bdc,ID204724,CID-281,CA-0500,2025-09-01,2025-10-01,2272.44,USD,SampleGen
INV-a60fefd7-e769-4343-9fa9-4f9467f41473,ID204725,CID-281,CA-0500,2025-08-09,2025-09-08,771.56,USD,SampleGen
INV-44aad7a5-1263-4578-94a3-0710669ebff4,ID204726,CID-281,CA-0500,2025-08-30,2025-09-29,2834.26,USD,SampleGen
INV-e5f91dfc-8b2d-4f9f-87b6-f8c5d66170d6,ID204727,CID-281,CA-0500,2025-09-15,2025-10-15,3099.18,USD,SampleGen
INV-01eb7842-a69d-406f-8967-7a3cd559cec1,ID204728,CID-281,CA-0500,2025-10-09,2025-11-08,1144.54,USD,SampleGen
INV-d8f24bf1-b72a-45b4-b761-a5dbaf721409,ID204729,CID-281,CA-0500,2025-11-20,2025-12-20,1598.34,USD,SampleGen
INV-41d5467d-735d-4f78-86a4-33cff7f7266b,ID204730,CID-281,CA-0500,2025-11-24,2025-12-24,818.18,USD,SampleGen
INV-c766e1fd-6e1f-46c9-96ef-1a07ecf4d7d3,ID204731,CID-281,CA-0500,2025-12-22,2026-01-21,4364.86,USD,SampleGen
INV-b0734d26-086c-415d-a8a1-bfc65cd1236c,ID204732,CID-281,CA-0500,2025-12-22,2026-01-21,364.48,USD,SampleGen
INV-094aaa58-88bd-4232-b899-e35520cd774e,ID204733,CID-281,CA-0500,2025-12-16,2026-01-15,585.0,USD,SampleGen
INV-691bd5fc-4a52-4268-8bab-6dd8fb2b2e8e,ID204734,CID-281,CA-0500,2025-12-03,2026-01-02,3347.28,USD,SampleGen
INV-e53c76e6-8273-4271-83cf-0c0b09165044,ID204735,CID-281,CA-0500,2025-12-06,2026-01-05,546.8,USD,SampleGen
INV-fab042b5-bfbd-4b6c-bf70-357c5105c8ef,ID204736,CID-281,CA-0500,2025-12-18,2026-01-17,4689.24,USD,SampleGen
INV-87ef03a4-dbef-4d05-8732-ab3cc80dffaa,ID204737,CID-281,CA-0500,2026-01-25,2026-02-24,2416.68,USD,SampleGen
INV-9b48498e-f55a-4546-adb0-3ac7b4888091,ID204738,CID-281,CA-0500,2026-01-05,2026-02-04,1148.9,USD,SampleGen
INV-35f91fa0-314c-46e9-bbcb-d69f9d903f95,ID204739,CID-281,CA-0500,2026-01-23,2026-02-22,2671.04,USD,SampleGen
INV-59ab0da6-7910-4d52-b473-cdecccbc0006,ID204740,CID-281,CA-0500,2026-01-09,2026-02-08,487.48,USD,SampleGen
INV-68f80283-65c8-47b1-8d48-e03722ebd61a,ID204741,CID-281,CA-0500,2026-02-17,2026-03-19,3822.22,USD,SampleGen
INV-d651437c-2e17-433e-9f5e-7f629a73635e,ID204742,CID-281,CA-0500,2026-02-26,2026-03-28,2989.06,USD,SampleGen
INV-d3a6e5dd-3fc7-4b45-ba79-002f757dd9e2,ID204743,CID-281,CA-0500,2026-02-11,2026-03-13,375.12,USD,SampleGen
INV-fe275a35-c3eb-494a-ba27-caa7615bbf7d,ID204744,CID-281,CA-0500,2026-02-14,2026-03-16,4812.16,USD,SampleGen
INV-13c422eb-2d20-4a69-ac3f-e6c8c55cb90d,ID204745,CID-281,CA-0500,2026-02-22,2026-03-24,1793.4,USD,SampleGen
INV-cf92417a-ebfb-4ee1-b072-c26e1ac9c8b5,ID204746,CID-281,CA-0500,2026-02-12,2026-03-14,1598.34,USD,SampleGen
INV-b0b0cf8e-d487-4d1e-bbc2-44685d39e8fb,ID204747,CID-281,CA-0500,2026-02-22,2026-03-24,1428.66,USD,SampleGen
INV-d5f707a7-0479-4c19-9209-b8c4334f83b2,ID204748,CID-281,CA-0500,2026-02-08,2026-03-10,5193.7,USD,SampleGen
INV-35095fd3-4703-41a4-ac21-76d32ec073da,ID204749,CID-281,CA-0500,2026-02-26,2026-03-28,428.12,USD,SampleGen
INV-04ead739-78e3-4fc4-b109-c540e7ed6dec,ID204750,CID-281,CA-0500,2026-03-31,2026-04-30,792.68,USD,SampleGen
INV-642d7c64-db61-4ccb-a42e-e031e1829497,ID204751,CID-281,CA-0500,2026-03-14,2026-04-13,1157.34,USD,SampleGen
INV-289e0b7a-cf28-41ab-9e5c-e66ce5837280,ID204752,CID-281,CA-0500,2026-03-16,2026-04-15,2285.18,USD,SampleGen
INV-118bf956-0156-439b-b30f-338fee4ff53e,ID204753,CID-281,CA-0500,2026-03-08,2026-04-07,2658.26,USD,SampleGen
INV-74fcfe53-a56d-4a0e-bb57-109546a567d9,ID204754,CID-281,CA-0500,2026-03-09,2026-04-08,309.4,USD,SampleGen
INV-3037e44a-b04b-440d-9000-a6b452ac8bda,ID204755,CID-281,CA-0500,2026-03-07,2026-04-06,6906.66,USD,SampleGen
INV-90d60fe2-332e-4834-87be-67c471d8a7c3,ID204756,CID-281,CA-0500,2026-03-15,2026-04-14,879.66,USD,SampleGen
INV-7afd25f7-e858-4744-b5b3-effe23f5cfa4,ID204757,CID-281,CA-0500,2026-03-28,2026-04-27,1140.44,USD,SampleGen
INV-8a83c54e-d6b9-4a59-aa12-84f471c0e812,ID204758,CID-281,CA-0500,2026-03-07,2026-04-06,1208.2,USD,SampleGen
INV-beb31456-70e9-4d8e-ab06-df54fd472b70,ID204759,CID-281,CA-0500,2026-03-06,2026-04-05,2181.26,USD,SampleGen
INV-d0798133-1ecb-4355-b02b-ab6cfc9b16c2,ID204760,CID-282,CA-0502,2025-07-09,2025-08-08,502.3,USD,SampleGen
INV-02bc5760-e87b-4d2e-a534-e62066eefb38,ID204761,CID-282,CA-0502,2025-08-23,2025-09-22,534.1,USD,SampleGen
INV-5b264bc8-e6c7-44ef-8960-981874e9da2a,ID204762,CID-282,CA-0502,2025-09-02,2025-10-02,3981.24,USD,SampleGen
INV-16f39bde-d31c-4036-b0c2-f7cd1637acc1,ID204763,CID-282,CA-0502,2025-10-14,2025-11-13,741.82,USD,SampleGen
INV-821f05bf-6155-4cfa-9a80-c53071287aab,ID204764,CID-282,CA-0502,2025-12-06,2026-01-05,3883.56,USD,SampleGen
INV-242cd03b-d5b5-4343-a97f-73eb53305a5a,ID204765,CID-282,CA-0502,2026-01-23,2026-02-22,252.24,USD,SampleGen
INV-4296128d-53de-434b-8006-23614f6b1221,ID204766,CID-282,CA-0502,2026-02-04,2026-03-06,1098.06,USD,SampleGen
INV-0c9d11ee-c840-4455-9f7c-8167fb921e2f,ID204767,CID-282,CA-0502,2026-03-29,2026-04-28,3300.6,USD,SampleGen
INV-cda92904-bfc9-43fe-b75b-a061f40de71f,ID204768,CID-283,CA-0504,2025-06-02,2025-07-02,792.68,USD,SampleGen
INV-873fd069-d774-4bae-afec-ad5242c6305a,ID204769,CID-283,CA-0504,2025-06-05,2025-07-05,525.6,USD,SampleGen
INV-c6097e19-666c-4856-8828-7eea6123cd12,ID204770,CID-283,CA-0504,2025-06-28,2025-07-28,3544.4,USD,SampleGen
INV-00033ad8-e660-4c31-a682-b2d80124d4df,ID204771,CID-283,CA-0504,2025-07-08,2025-08-07,3302.82,USD,SampleGen
INV-9682c15a-844d-422e-b227-32319f1b9e85,ID204772,CID-283,CA-0504,2025-07-28,2025-08-27,1835.76,USD,SampleGen
INV-68325b15-bd87-4f8b-b1c6-95f90b648e6d,ID204773,CID-283,CA-0504,2025-07-06,2025-08-05,2187.68,USD,SampleGen
INV-e7077c10-e82a-4d33-8435-2b8e197a797f,ID204774,CID-283,CA-0504,2025-08-27,2025-09-26,1093.84,USD,SampleGen
INV-60e8cc0a-d0db-47fe-ad2c-e5a75be579b9,ID204775,CID-283,CA-0504,2025-08-24,2025-09-23,474.76,USD,SampleGen
INV-4d141549-d3d9-4fdf-9466-d9699f4c2914,ID204776,CID-283,CA-0504,2025-08-27,2025-09-26,2378.54,USD,SampleGen
INV-97654831-6258-4770-b1f3-06ab0aca3e9e,ID204777,CID-283,CA-0504,2025-08-20,2025-09-19,913.44,USD,SampleGen
INV-6f840c6c-45f7-4dc9-91e4-d72305508644,ID204778,CID-283,CA-0504,2025-09-23,2025-10-23,5246.74,USD,SampleGen
INV-f3f8c49f-9b0c-4bd1-a57d-3df6e59e2074,ID204779,CID-283,CA-0504,2025-10-18,2025-11-17,1579.24,USD,SampleGen
INV-f71de680-b500-4316-99e3-e20fabdf750c,ID204780,CID-283,CA-0504,2025-11-28,2025-12-28,2060.54,USD,SampleGen
INV-63d7a8df-2aa3-4e8b-93a6-7ee6c516af93,ID204781,CID-283,CA-0504,2025-12-23,2026-01-22,3412.94,USD,SampleGen
INV-916d3099-f452-4bfd-9b72-1a116b0c7ab2,ID204782,CID-283,CA-0504,2025-12-20,2026-01-19,2304.22,USD,SampleGen
INV-a42ffa93-8909-4694-9bed-1cd0d5438340,ID204783,CID-283,CA-0504,2025-12-21,2026-01-20,3268.78,USD,SampleGen
INV-22fbaa2e-a9ec-41a2-b179-b842a1a3bab5,ID204784,CID-283,CA-0504,2025-12-22,2026-01-21,1577.12,USD,SampleGen
INV-a5c28fde-32ef-4a99-9c3a-51471da12e99,ID204785,CID-283,CA-0504,2026-01-12,2026-02-11,1008.98,USD,SampleGen
INV-ce68b683-b18d-45dd-b4a3-c72c7b084d3c,ID204786,CID-283,CA-0504,2026-01-11,2026-02-10,820.28,USD,SampleGen
INV-5b7a9904-98a7-4714-83ba-fb46e230f349,ID204787,CID-283,CA-0504,2026-01-23,2026-02-22,1191.38,USD,SampleGen
INV-f528372a-4afe-4c0c-85ed-2bb5f8d25b0c,ID204788,CID-283,CA-0504,2026-02-08,2026-03-10,2020.14,USD,SampleGen
INV-e11d7657-3a5c-4bf5-a064-6a96dd1d1fd8,ID204789,CID-283,CA-0504,2026-02-09,2026-03-11,3205.24,USD,SampleGen
INV-d37f2ec6-5a83-4eee-b663-32d57c4579fa,ID204790,CID-283,CA-0504,2026-02-28,2026-03-30,633.72,USD,SampleGen
INV-fd21b789-9f56-4ff4-a182-49b18fb6ef28,ID204791,CID-283,CA-0504,2026-02-18,2026-03-20,2866.0,USD,SampleGen
INV-0502d7c8-d6d2-49fa-a459-be5ee41f638f,ID204792,CID-283,CA-0504,2026-02-11,2026-03-13,1598.34,USD,SampleGen
INV-765590af-8001-42a7-87cf-6a150bdbb673,ID204793,CID-283,CA-0504,2026-02-25,2026-03-27,2352.94,USD,SampleGen
INV-b2d9bc46-8330-4c83-9429-1972e4b0d11e,ID204794,CID-283,CA-0504,2026-03-11,2026-04-10,2569.24,USD,SampleGen
INV-2d1a559c-9abb-4874-9e25-f55100490e35,ID204795,CID-283,CA-0504,2026-03-14,2026-04-13,775.78,USD,SampleGen
INV-4a51b545-0f2b-4038-a114-785c071174a0,ID204796,CID-283,CA-0504,2026-03-28,2026-04-27,1632.24,USD,SampleGen
INV-27af871a-66a8-4f6c-8a32-65d9db03823c,ID204797,CID-283,CA-0504,2026-03-26,2026-04-25,3275.24,USD,SampleGen
INV-15420845-5e93-4796-b4e9-eeae58b4640e,ID204798,CID-283,CA-0504,2026-03-18,2026-04-17,1195.42,USD,SampleGen
INV-7d5bdd99-411c-442f-ae30-c83f5f3e473a,ID204799,CID-283,CA-0504,2026-03-23,2026-04-22,1899.4,USD,SampleGen
INV-ce1f7d1c-1abd-40dc-b9f5-0ac39f6f6af1,ID204800,CID-283,CA-0504,2026-03-17,2026-04-16,451.44,USD,SampleGen
INV-630fb808-cb95-4351-aadd-77437618ae0c,ID204801,CID-284,CA-0505,2025-06-21,2025-07-21,699.4,USD,SampleGen
INV-ecba4125-4f32-45af-8ce6-aac3253c28f1,ID204802,CID-284,CA-0505,2025-06-20,2025-07-20,962.28,USD,SampleGen
INV-fae732c3-0488-424f-a7e6-274568dda66d,ID204803,CID-284,CA-0505,2025-08-01,2025-08-31,3059.0,USD,SampleGen
INV-ca62d7a0-8ec9-4552-8bd4-a08c277e2db0,ID204804,CID-284,CA-0505,2025-07-24,2025-08-23,1432.96,USD,SampleGen
INV-02a1f3b9-ab8a-4851-b9b4-ba77cd20b352,ID204805,CID-284,CA-0505,2025-08-06,2025-09-05,2499.24,USD,SampleGen
INV-559e8d2d-d00a-4ca2-a259-81b4f607344d,ID204806,CID-284,CA-0505,2025-08-29,2025-09-28,398.46,USD,SampleGen
INV-5d487a33-14af-496f-b975-da7c80936935,ID204807,CID-284,CA-0505,2025-08-16,2025-09-15,7903.08,USD,SampleGen
INV-ac1d7a38-dfee-4aa3-9ee8-8663086c0309,ID204808,CID-284,CA-0505,2025-10-23,2025-11-22,5895.48,USD,SampleGen
INV-e9c72ef7-f795-4287-88b6-e83da54dcdaf,ID204809,CID-284,CA-0505,2025-11-20,2025-12-20,5982.36,USD,SampleGen
INV-119d0457-cc15-4847-b214-6b696de4914a,ID204810,CID-284,CA-0505,2025-12-06,2026-01-05,2569.18,USD,SampleGen
INV-7b0f147d-a60e-48ea-8075-f85f3a345287,ID204811,CID-284,CA-0505,2025-12-31,2026-01-30,1100.04,USD,SampleGen
INV-c30396f7-658f-4c72-9785-c3063320b416,ID204812,CID-284,CA-0505,2025-12-08,2026-01-07,2662.52,USD,SampleGen
INV-de69a52c-8392-4f49-881c-3d29685c496a,ID204813,CID-284,CA-0505,2026-02-01,2026-03-03,1208.34,USD,SampleGen
INV-f7e0dbbe-501f-430a-8a21-41fe35c47df4,ID204814,CID-284,CA-0505,2026-01-25,2026-02-24,292.5,USD,SampleGen
INV-74c8ee62-e116-4823-81a3-35ffcdcb00d3,ID204815,CID-284,CA-0505,2026-02-26,2026-03-28,869.06,USD,SampleGen
INV-68445596-c484-471e-a53a-f6253d2df3af,ID204816,CID-284,CA-0505,2026-02-08,2026-03-10,2819.46,USD,SampleGen
INV-a7872844-56ca-4bce-a338-1b12b1902523,ID204817,CID-284,CA-0505,2026-02-13,2026-03-15,2259.74,USD,SampleGen
INV-0dce4717-153c-4e42-8fda-e7b6dd538044,ID204818,CID-284,CA-0505,2026-02-11,2026-03-13,627.4,USD,SampleGen
INV-deb8af2f-70a7-456f-a782-044628cc2f62,ID204819,CID-284,CA-0505,2026-03-12,2026-04-11,3201.02,USD,SampleGen
INV-50e0c3ae-6bb2-424a-a44f-dac86b2f4a15,ID204820,CID-284,CA-0505,2026-03-16,2026-04-15,3472.42,USD,SampleGen
INV-12fdfaf0-64a5-4f06-bd2e-ad50392ea17f,ID204821,CID-284,CA-0505,2026-03-25,2026-04-24,724.92,USD,SampleGen
INV-e8cec3c4-ebb6-4adc-8437-b09eefb89e61,ID204822,CID-284,CA-0505,2026-03-07,2026-04-06,1670.4,USD,SampleGen
INV-ae3f96cb-a87e-4b8a-92bb-e00e4489bd4b,ID204823,CID-284,CA-0505,2026-03-30,2026-04-29,4224.94,USD,SampleGen
INV-8951fd1d-4697-4cae-bc0e-5eedb3d454eb,ID204824,CID-285,CA-0507,2025-06-21,2025-07-21,6728.6,USD,SampleGen
INV-5703b3cf-6d3f-4542-86cc-01af20202244,ID204825,CID-285,CA-0507,2025-07-15,2025-08-14,1112.86,USD,SampleGen
INV-1fc21474-d124-4181-bc16-7bc292527d3e,ID204826,CID-285,CA-0507,2025-08-29,2025-09-28,5316.76,USD,SampleGen
INV-c3aa5dcc-0cd4-46a6-9903-7a95bd8b1c04,ID204827,CID-285,CA-0507,2025-11-02,2025-12-02,1602.54,USD,SampleGen
INV-9be3cd54-df00-49a8-a592-24f40d550d49,ID204828,CID-285,CA-0507,2025-12-11,2026-01-10,1284.56,USD,SampleGen
INV-9ca2dffa-06d0-4a38-86a0-473727f35209,ID204829,CID-285,CA-0507,2026-01-04,2026-02-03,3472.42,USD,SampleGen
INV-b0949048-c169-403a-8830-117dbfc52962,ID204830,CID-285,CA-0507,2026-02-08,2026-03-10,1708.52,USD,SampleGen
INV-dc96ca91-7488-4325-aa3d-2d4561149654,ID204831,CID-285,CA-0507,2026-02-27,2026-03-29,2524.7,USD,SampleGen
INV-ad574ae4-8475-407f-88f7-abf4772e766f,ID204832,CID-285,CA-0507,2026-03-10,2026-04-09,534.12,USD,SampleGen
INV-ba25bc02-ff29-47da-938b-1c979751f7dd,ID204833,CID-285,CA-0507,2026-03-04,2026-04-03,5499.02,USD,SampleGen
INV-ace4742a-4e37-4a36-b3d6-9e955f27fbc7,ID204834,CID-286,CA-0509,2025-07-14,2025-08-13,364.5,USD,SampleGen
INV-a7ac6f63-0858-4202-886d-f0e900ea7287,ID204835,CID-286,CA-0509,2025-09-01,2025-10-01,911.52,USD,SampleGen
INV-86029829-d734-4299-a7ca-d60d35a86f3a,ID204836,CID-286,CA-0509,2025-10-18,2025-11-17,2268.16,USD,SampleGen
INV-3c915e86-edef-44c4-b1de-c1a0fe0de1d1,ID204837,CID-286,CA-0509,2025-12-13,2026-01-12,521.44,USD,SampleGen
INV-8f978344-779a-4ffa-b9b3-5852d577aecf,ID204838,CID-286,CA-0509,2026-02-07,2026-03-09,1163.72,USD,SampleGen
INV-8515b3c4-f287-40f4-8752-994f68db8fd8,ID204839,CID-286,CA-0509,2026-02-27,2026-03-29,2013.78,USD,SampleGen
INV-6a173710-c27e-4bb5-928f-bc5ddd5d7ae0,ID204840,CID-286,CA-0509,2026-03-10,2026-04-09,2333.86,USD,SampleGen
INV-93ef795b-b966-4d66-9f58-04deb4da6960,ID204841,CID-287,CA-0511,2025-06-16,2025-07-16,4229.2,USD,SampleGen
INV-a56a58b1-7f02-479a-9b79-cd7b7f6f05da,ID204842,CID-287,CA-0511,2025-06-09,2025-07-09,7224.8,USD,SampleGen
INV-5d856b15-0fe1-4061-b082-dba386444a9c,ID204843,CID-287,CA-0511,2025-08-01,2025-08-31,298.82,USD,SampleGen
INV-0a79dd39-8856-4f1c-9611-fc4f9632c098,ID204844,CID-287,CA-0511,2025-08-07,2025-09-06,383.58,USD,SampleGen
INV-40300f72-2762-487b-bf0b-634ad25f53d3,ID204845,CID-287,CA-0511,2025-09-01,2025-10-01,5032.66,USD,SampleGen
INV-6822df7f-a9e0-4318-9424-cab4d8ebdc5d,ID204846,CID-287,CA-0511,2025-11-06,2025-12-06,3724.66,USD,SampleGen
INV-4b6114bf-c2e1-497d-9ef8-c4aea1a395d0,ID204847,CID-287,CA-0511,2026-01-01,2026-01-31,385.72,USD,SampleGen
INV-3ac14013-1312-4ca0-a85d-898ce190b103,ID204848,CID-287,CA-0511,2025-12-06,2026-01-05,2668.9,USD,SampleGen
INV-5adce1e4-9591-47c3-b189-4a9c79a7e505,ID204849,CID-287,CA-0511,2026-02-01,2026-03-03,1348.22,USD,SampleGen
INV-a1fd257c-98bd-4d8e-b090-d2df56ad86f7,ID204850,CID-287,CA-0511,2026-01-25,2026-02-24,472.72,USD,SampleGen
INV-f992b189-d9fe-478d-857e-7794c9397968,ID204851,CID-287,CA-0511,2026-02-19,2026-03-21,2363.62,USD,SampleGen
INV-2539e2d3-769f-422e-9815-9880a50a9b4c,ID204852,CID-287,CA-0511,2026-02-11,2026-03-13,1598.34,USD,SampleGen
INV-0556e38a-8209-4c81-9b6e-7af2224d8b63,ID204853,CID-287,CA-0511,2026-02-25,2026-03-27,3856.1,USD,SampleGen
INV-0016e918-4c54-40d6-a4ae-a0890fe36571,ID204854,CID-287,CA-0511,2026-03-23,2026-04-22,822.3,USD,SampleGen
INV-610336f4-871c-4398-924e-5dea0b7504be,ID204855,CID-287,CA-0511,2026-03-16,2026-04-15,2234.24,USD,SampleGen
INV-15ccee50-e975-440d-bcff-8187ac16f3e1,ID204856,CID-287,CA-0511,2026-03-12,2026-04-11,6238.9,USD,SampleGen
INV-cd598962-e8bd-473e-b151-17071cbda5fd,ID204857,CID-287,CA-0511,2026-03-27,2026-04-26,1570.72,USD,SampleGen
INV-4097e019-5d77-4041-8e87-d6883ec60a6e,ID204858,CID-288,CA-1515,2025-06-03,2025-07-03,1263.28,USD,SampleGen
INV-31b39314-9272-4da4-b0d1-5920bea05b96,ID204859,CID-288,CA-1515,2025-07-12,2025-08-11,726.96,USD,SampleGen
INV-ed81aefc-6d8e-44ae-8ba7-0c8f047e6b74,ID204860,CID-288,CA-1515,2025-08-26,2025-09-25,1806.0,USD,SampleGen
INV-b235829f-a103-4f31-94fe-67a7ce7750ee,ID204861,CID-288,CA-1515,2025-08-12,2025-09-11,1335.46,USD,SampleGen
INV-421b33f9-4e5c-4bb7-b410-f87725121353,ID204862,CID-288,CA-1515,2025-09-21,2025-10-21,4369.12,USD,SampleGen
INV-63ff0c63-07d4-4107-b1d1-b110daaccfe9,ID204863,CID-288,CA-1515,2025-12-31,2026-01-30,1946.0,USD,SampleGen
INV-f3227924-ca73-45c3-8c43-737af48a868e,ID204864,CID-288,CA-1515,2026-01-12,2026-02-11,2955.14,USD,SampleGen
INV-49627341-fe59-4ea7-b01c-3745d3b069d6,ID204865,CID-288,CA-1515,2026-02-24,2026-03-26,1770.06,USD,SampleGen
INV-27f205b2-75c8-4cbf-bbb1-f0e10bce4e0f,ID204866,CID-288,CA-1515,2026-02-17,2026-03-19,3752.28,USD,SampleGen
INV-a437e7b0-0443-4d98-99ee-362beb11e226,ID204867,CID-288,CA-1515,2026-02-03,2026-03-05,1975.58,USD,SampleGen
INV-acf71661-c5d9-4c67-a168-4c34e8ddf098,ID204868,CID-288,CA-1515,2026-03-30,2026-04-29,1945.96,USD,SampleGen
INV-ffa281df-a261-4dae-bf06-60ab804b1aa0,ID204869,CID-288,CA-1515,2026-03-28,2026-04-27,667.62,USD,SampleGen
INV-b8ea1de0-a6c5-497a-a39b-99783fbfc976,ID204870,CID-288,CA-1515,2026-03-25,2026-04-24,1159.5,USD,SampleGen
INV-6298b577-9697-4449-88cd-3245d1be7366,ID204871,CID-289,CA-1516,2026-03-27,2026-04-26,2077.44,USD,SampleGen
INV-6648313c-5eb6-4726-90ac-5886842aeb89,ID204872,CID-290,CA-1517,2025-06-14,2025-07-14,678.3,USD,SampleGen
INV-1c9d2d36-2475-4dda-aa1f-97fbcfa942ed,ID204873,CID-290,CA-1517,2025-07-17,2025-08-16,3402.36,USD,SampleGen
INV-b244e3c9-097e-4687-a924-d55150507205,ID204874,CID-290,CA-1517,2025-08-02,2025-09-01,2365.64,USD,SampleGen
INV-5c0fbdac-6dcc-4b9e-a33a-955853088667,ID204875,CID-290,CA-1517,2025-08-25,2025-09-24,686.76,USD,SampleGen
INV-754095b1-b073-47a6-9e79-2fdd02f2a7a0,ID204876,CID-290,CA-1517,2025-09-17,2025-10-17,370.86,USD,SampleGen
INV-93f2484c-7963-4c79-98c4-92825029954c,ID204877,CID-290,CA-1517,2025-10-13,2025-11-12,2912.68,USD,SampleGen
INV-38661d00-6d50-4a8d-8269-55fc7dd1f928,ID204878,CID-290,CA-1517,2025-11-30,2025-12-30,6096.82,USD,SampleGen
INV-5b5c6745-ccce-43d3-a966-53f057a9f5ea,ID204879,CID-290,CA-1517,2025-12-14,2026-01-13,5503.28,USD,SampleGen
INV-59409051-dbb7-43ae-b749-8a206e063033,ID204880,CID-290,CA-1517,2025-12-27,2026-01-26,2094.48,USD,SampleGen
INV-20bd22d4-d62c-4234-a1fe-375a882de0db,ID204881,CID-290,CA-1517,2026-01-22,2026-02-21,148.36,USD,SampleGen
INV-feb4bfe5-8e56-46dd-a1a5-e4bb755185cb,ID204882,CID-290,CA-1517,2026-02-14,2026-03-16,2416.68,USD,SampleGen
INV-ffe343de-5c26-4239-bb8e-d63e681ab6ea,ID204883,CID-290,CA-1517,2026-02-16,2026-03-18,669.84,USD,SampleGen
INV-6ffd1807-a23b-49bb-b1d9-dfae7c2c5940,ID204884,CID-290,CA-1517,2026-02-22,2026-03-24,4952.08,USD,SampleGen
INV-10ccdf93-c33a-41c9-9ecb-b056920bb12b,ID204885,CID-290,CA-1517,2026-03-15,2026-04-14,2052.04,USD,SampleGen
INV-e781d8bc-902c-4f7d-a0a0-e0eb74d95e43,ID204886,CID-290,CA-1517,2026-03-31,2026-04-30,2365.64,USD,SampleGen
INV-2a47ddb9-0d41-49a4-ba95-ed42b22413fa,ID204887,CID-290,CA-1517,2026-03-09,2026-04-08,2081.6,USD,SampleGen
INV-d6e33242-990f-488a-ab5d-83bfe915a53e,ID204888,CID-290,CA-1517,2026-03-26,2026-04-25,1695.84,USD,SampleGen
INV-897c81a5-b17c-4577-b1f6-654b2ff9bb08,ID204889,CID-291,CA-1518,2025-07-08,2025-08-07,756.72,USD,SampleGen
INV-0d6714e5-9530-475f-bd1c-8c3daf5d3ce4,ID204890,CID-291,CA-1518,2025-08-20,2025-09-19,3141.72,USD,SampleGen
INV-153b6a8e-92bb-41e0-b1fa-27d45fe58fd6,ID204891,CID-291,CA-1518,2025-12-10,2026-01-09,2365.66,USD,SampleGen
INV-530fc974-983d-4112-aa79-511a1fa4c6e8,ID204892,CID-291,CA-1518,2026-01-03,2026-02-02,932.68,USD,SampleGen
INV-44c76d58-857b-4818-ac97-637b245782cd,ID204893,CID-291,CA-1518,2026-02-06,2026-03-08,542.62,USD,SampleGen
INV-9407f07d-4adb-47c4-bc4a-a52c086030c7,ID204894,CID-291,CA-1518,2026-02-22,2026-03-24,1534.68,USD,SampleGen
INV-43bc7ebb-4f07-4ac8-bcbc-55e8303d8f44,ID204895,CID-291,CA-1518,2026-03-04,2026-04-03,652.74,USD,SampleGen
INV-745c1a53-80ff-491f-afbe-4626e1a6875f,ID204896,CID-291,CA-1518,2026-03-11,2026-04-10,771.44,USD,SampleGen
INV-36a0e404-8381-4a2c-8a38-1700e0783ad7,ID204897,CID-292,CA-0517,2025-06-15,2025-07-15,508.62,USD,SampleGen
INV-99514dc4-9d98-4912-8217-df427898a32a,ID204898,CID-292,CA-0517,2025-07-05,2025-08-04,2408.1,USD,SampleGen
INV-87b6b779-4b5b-4b50-9427-39de677988ca,ID204899,CID-292,CA-0517,2025-08-29,2025-09-28,1543.12,USD,SampleGen
INV-f7e11b08-4329-4ba8-85f0-ad2ac92b52b1,ID204900,CID-292,CA-0517,2025-09-09,2025-10-09,913.46,USD,SampleGen
INV-82534b23-2c50-4235-859a-50b2982033fc,ID204901,CID-292,CA-0517,2025-11-25,2025-12-25,3688.6,USD,SampleGen
INV-495443f8-bff3-40e5-a0d7-a0a0a4e6b605,ID204902,CID-292,CA-0517,2025-12-06,2026-01-05,1068.26,USD,SampleGen
INV-c06329b5-c946-418b-8333-771e86cd7a7f,ID204903,CID-292,CA-0517,2026-02-05,2026-03-07,1195.56,USD,SampleGen
INV-21edaa94-190d-4370-a3e9-3dec9dc0107a,ID204904,CID-292,CA-0517,2026-03-10,2026-04-09,1312.1,USD,SampleGen
INV-1e448045-b3ba-45ed-b972-d7983680491e,ID204905,CID-293,CA-0519,2025-06-29,2025-07-29,5469.36,USD,SampleGen
INV-c48fea35-55be-4009-b3a7-16107f3a955b,ID204906,CID-293,CA-0519,2025-06-12,2025-07-12,2196.12,USD,SampleGen
INV-52a0280b-0baa-4bd1-8403-608a95cc2bad,ID204907,CID-293,CA-0519,2025-07-20,2025-08-19,835.06,USD,SampleGen
INV-ea364894-b762-4f0c-9b1f-04dbcd033bb1,ID204908,CID-293,CA-0519,2025-07-03,2025-08-02,852.1,USD,SampleGen
INV-6a37079a-a83a-4d40-8311-23038b7cb92f,ID204909,CID-293,CA-0519,2025-07-02,2025-08-01,2189.74,USD,SampleGen
INV-0370d515-5936-4d1e-b1b0-cc29d981ed0f,ID204910,CID-293,CA-0519,2025-09-01,2025-10-01,1462.54,USD,SampleGen
INV-49149c0f-808c-459b-8f51-bd059ef903e9,ID204911,CID-293,CA-0519,2025-08-27,2025-09-26,1102.22,USD,SampleGen
INV-c55f787d-8c53-4354-8b97-544fd3df4483,ID204912,CID-293,CA-0519,2025-08-04,2025-09-03,3993.96,USD,SampleGen
INV-584e388b-21de-4916-9191-9bcdc7e02e2d,ID204913,CID-293,CA-0519,2025-08-14,2025-09-13,1254.88,USD,SampleGen
INV-fcba8f88-5e9d-459d-acd8-9f1be53fdb28,ID204914,CID-293,CA-0519,2025-08-11,2025-09-10,1114.92,USD,SampleGen
INV-27caf675-acc4-458f-bc2c-f3b5acfd6c10,ID204915,CID-293,CA-0519,2025-09-12,2025-10-12,1534.68,USD,SampleGen
INV-815a0fea-f737-4fea-a4e3-d644b3185f45,ID204916,CID-293,CA-0519,2025-11-01,2025-12-01,1051.4,USD,SampleGen
INV-55e541c5-1aad-4717-afe7-53cbfb880d52,ID204917,CID-293,CA-0519,2025-11-09,2025-12-09,733.34,USD,SampleGen
INV-f60d9fc2-2edd-4e78-9b07-d80ac36a6229,ID204918,CID-293,CA-0519,2025-11-17,2025-12-17,873.28,USD,SampleGen
INV-6bbcff87-b2a7-4f7a-9f34-0cb6baa2a76c,ID204919,CID-293,CA-0519,2025-12-16,2026-01-15,1806.12,USD,SampleGen
INV-a7753150-5653-44bb-a856-72e4276dc689,ID204920,CID-293,CA-0519,2025-12-23,2026-01-22,2278.8,USD,SampleGen
INV-abeae03b-2b1d-4302-8acb-ace831c54145,ID204921,CID-293,CA-0519,2025-12-30,2026-01-29,2085.96,USD,SampleGen
INV-8bcc0c77-0b02-4b1a-8a09-a748cfc01c12,ID204922,CID-293,CA-0519,2025-12-20,2026-01-19,1568.68,USD,SampleGen
INV-556bc92a-db2c-4396-9eff-1bc00369bcc5,ID204923,CID-293,CA-0519,2026-01-03,2026-02-02,1301.48,USD,SampleGen
INV-fdaf48a9-575b-4ffa-a38d-c17c28ccdc8d,ID204924,CID-293,CA-0519,2026-01-09,2026-02-08,2280.9,USD,SampleGen
INV-f0a06778-9d7e-4d84-b5c3-e117a57e1a79,ID204925,CID-293,CA-0519,2026-01-21,2026-02-20,962.34,USD,SampleGen
INV-0bed033c-aa22-4b39-8f01-ea7a3dd4d1a7,ID204926,CID-293,CA-0519,2026-02-02,2026-03-04,1182.76,USD,SampleGen
INV-b1024475-bd89-4262-8c33-041a4fe59d01,ID204927,CID-293,CA-0519,2026-02-09,2026-03-11,1746.68,USD,SampleGen
INV-30e946d5-aafa-46a2-92a7-7f7c6f27554f,ID204928,CID-293,CA-0519,2026-02-04,2026-03-06,4324.58,USD,SampleGen
INV-86acaee8-e4c3-4f30-9db3-fb0b9fca61e5,ID204929,CID-293,CA-0519,2026-02-22,2026-03-24,4163.48,USD,SampleGen
INV-38433477-2712-4205-8ae8-3144be42d971,ID204930,CID-293,CA-0519,2026-02-23,2026-03-25,1929.02,USD,SampleGen
INV-915aca40-7067-4f04-85e1-01b3b1feae4d,ID204931,CID-293,CA-0519,2026-02-24,2026-03-26,1589.9,USD,SampleGen
INV-8d0a7ad3-150f-4ce8-9c3b-bb5c919582cd,ID204932,CID-293,CA-0519,2026-03-15,2026-04-14,5761.96,USD,SampleGen
INV-5f3c0d61-7497-46c2-8195-5d8daae6c0ee,ID204933,CID-293,CA-0519,2026-03-05,2026-04-04,1833.66,USD,SampleGen
INV-1f145240-0971-4f0b-ba6e-4334a0a580a6,ID204934,CID-293,CA-0519,2026-03-14,2026-04-13,419.64,USD,SampleGen
INV-40e857b5-1380-4e5b-8a4c-16c7d5880967,ID204935,CID-293,CA-0519,2026-03-07,2026-04-06,1216.62,USD,SampleGen
INV-3011b971-c064-46e7-a482-c796e68006c3,ID204936,CID-293,CA-0519,2026-03-21,2026-04-20,3612.24,USD,SampleGen
INV-9c7b82ec-8129-46a6-96e2-aa62515edacd,ID204937,CID-293,CA-0519,2026-03-23,2026-04-22,2204.62,USD,SampleGen
INV-17193815-9da3-4863-aa79-2de87b1b3d3f,ID204938,CID-293,CA-0519,2026-03-15,2026-04-14,695.18,USD,SampleGen
INV-785a261e-4748-42d3-832d-a361d8aab3f9,ID204939,CID-293,CA-0519,2026-03-02,2026-04-01,3289.98,USD,SampleGen
INV-97bed871-fc4f-4076-b8c2-b2b5a24d2a90,ID204940,CID-294,CA-0521,2025-06-28,2025-07-28,3391.8,USD,SampleGen
INV-365483f6-21dd-49c8-84bf-45fd8df303ff,ID204941,CID-294,CA-0521,2025-06-12,2025-07-12,1080.98,USD,SampleGen
INV-78503793-5200-45eb-8fde-079789046a4e,ID204942,CID-294,CA-0521,2025-06-14,2025-07-14,3258.24,USD,SampleGen
INV-2cc29af5-8730-4dfa-8036-3288092a8430,ID204943,CID-294,CA-0521,2025-07-23,2025-08-22,5257.38,USD,SampleGen
INV-8cb6e007-0602-4965-9b47-904340e655c2,ID204944,CID-294,CA-0521,2025-07-12,2025-08-11,1428.74,USD,SampleGen
INV-2d6a7970-f9d7-4cb5-a60e-fbdcd28bb78e,ID204945,CID-294,CA-0521,2025-07-23,2025-08-22,4534.44,USD,SampleGen
INV-91bcbb72-0748-4627-b793-5477e500d8e8,ID204946,CID-294,CA-0521,2025-08-27,2025-09-26,1411.82,USD,SampleGen
INV-fe966c97-68f1-4034-9bd1-4258a80bda9e,ID204947,CID-294,CA-0521,2025-08-23,2025-09-22,2204.66,USD,SampleGen
INV-2001c8cf-3410-4a6d-8e21-f09472bc5856,ID204948,CID-294,CA-0521,2025-08-27,2025-09-26,576.56,USD,SampleGen
INV-9a7dbdae-45f8-454d-bd42-0c38b17a90bd,ID204949,CID-294,CA-0521,2025-08-05,2025-09-04,2459.08,USD,SampleGen
INV-cd5d56c2-8b6b-4390-983d-d77beb4edb6e,ID204950,CID-294,CA-0521,2025-08-27,2025-09-26,2565.04,USD,SampleGen
INV-0c3ed1b3-cc4e-4adb-8191-90f2749bb19a,ID204951,CID-294,CA-0521,2025-09-13,2025-10-13,743.9,USD,SampleGen
INV-937aa3a3-eb5c-4597-88cb-a19c09ef4edf,ID204952,CID-294,CA-0521,2025-10-29,2025-11-28,2439.94,USD,SampleGen
INV-8389d820-7f45-4560-b44f-8abc90ac4744,ID204953,CID-294,CA-0521,2025-11-08,2025-12-08,4273.7,USD,SampleGen
INV-a3178dea-c8e1-4dc9-a01c-1c606ed46ec7,ID204954,CID-294,CA-0521,2025-11-19,2025-12-19,551.04,USD,SampleGen
INV-9705d44a-3c32-478e-b54d-cc38cf93d388,ID204955,CID-294,CA-0521,2025-12-13,2026-01-12,4960.52,USD,SampleGen
INV-e747bcd9-1a4f-4c78-8420-175a92bd978f,ID204956,CID-294,CA-0521,2025-12-18,2026-01-17,1810.3,USD,SampleGen
INV-a3d4b89d-33a3-4018-9127-05ed9325f36f,ID204957,CID-294,CA-0521,2025-12-03,2026-01-02,3771.34,USD,SampleGen
INV-2ec09e7b-02b0-48b3-8e5e-2bcaa851e6d4,ID204958,CID-294,CA-0521,2025-12-27,2026-01-26,2204.66,USD,SampleGen
INV-92c05b72-faad-4d07-bae7-e6ab9e751d65,ID204959,CID-294,CA-0521,2026-01-26,2026-02-25,4184.74,USD,SampleGen
INV-1f098fb4-d7d1-4ddc-aed7-a0a2000afbd2,ID204960,CID-294,CA-0521,2026-01-04,2026-02-03,4854.54,USD,SampleGen
INV-6e1fa4e9-4c2d-4f69-83bc-22c46d9ad8c1,ID204961,CID-294,CA-0521,2026-01-03,2026-02-02,972.94,USD,SampleGen
INV-0cb3ab87-c682-4327-bafc-7f403f311b61,ID204962,CID-294,CA-0521,2026-01-20,2026-02-19,1233.74,USD,SampleGen
INV-c39fb921-1fe1-4bbc-bfed-356f30ad6a7a,ID204963,CID-294,CA-0521,2026-02-25,2026-03-27,1577.1,USD,SampleGen
INV-0e1b7d3f-6bcc-46fa-92d2-49b61435526a,ID204964,CID-294,CA-0521,2026-02-16,2026-03-18,415.42,USD,SampleGen
INV-b58e4c7c-dba3-4a62-9db0-fefb3f369251,ID204965,CID-294,CA-0521,2026-02-23,2026-03-25,2085.96,USD,SampleGen
INV-f9f3371f-e3a8-4f7b-b897-c730d998adf7,ID204966,CID-294,CA-0521,2026-02-10,2026-03-12,194.96,USD,SampleGen
INV-bb0a3764-9979-43b3-af79-10487bfa01c9,ID204967,CID-294,CA-0521,2026-02-04,2026-03-06,4176.24,USD,SampleGen
INV-08313450-98b0-452f-b45d-d9193ca3dda2,ID204968,CID-294,CA-0521,2026-02-28,2026-03-30,1017.34,USD,SampleGen
INV-49f2fcbf-d92c-48bd-9408-25906c156df7,ID204969,CID-294,CA-0521,2026-02-04,2026-03-06,3014.54,USD,SampleGen
INV-9e980c38-1c6d-43e2-a148-e2a3425aecaf,ID204970,CID-294,CA-0521,2026-03-21,2026-04-20,1055.48,USD,SampleGen
INV-2996f34e-90e1-48ab-853e-e0aa3132add2,ID204971,CID-294,CA-0521,2026-03-26,2026-04-25,2003.16,USD,SampleGen
INV-3c22d10b-b5e6-4eb7-afba-b2bf49377190,ID204972,CID-294,CA-0521,2026-03-13,2026-04-12,1248.42,USD,SampleGen
INV-52553df1-b739-4eb4-8042-649bff54e9e6,ID204973,CID-294,CA-0521,2026-03-16,2026-04-15,351.8,USD,SampleGen
INV-bdd88112-9657-4460-b72a-3f25ad6bb95c,ID204974,CID-294,CA-0521,2026-03-03,2026-04-02,3832.74,USD,SampleGen
INV-f6a9da13-501c-4be6-a11b-236e1bc768e0,ID204975,CID-294,CA-0521,2026-03-23,2026-04-22,3947.28,USD,SampleGen
INV-367e0ef3-543c-4f56-8158-65fe01b36df4,ID204976,CID-294,CA-0521,2026-03-18,2026-04-17,1954.56,USD,SampleGen
INV-c10ae2f0-548a-4860-b849-2fc873b7e82d,ID204977,CID-295,CA-0523,2025-06-23,2025-07-23,1672.5,USD,SampleGen
INV-876bc21a-aaf9-4d57-9ffc-bde026d8b507,ID204978,CID-295,CA-0523,2025-06-14,2025-07-14,360.28,USD,SampleGen
INV-a18410cd-abc9-43d2-8992-db28a929d97c,ID204979,CID-295,CA-0523,2025-07-25,2025-08-24,1922.6,USD,SampleGen
INV-a0ce7629-237b-4a41-9af6-c0985dc2d436,ID204980,CID-295,CA-0523,2025-07-04,2025-08-03,1977.68,USD,SampleGen
INV-d9ccf60c-d455-424c-a909-f969894e90d4,ID204981,CID-295,CA-0523,2025-07-02,2025-08-01,1466.94,USD,SampleGen
INV-246b6b61-ef75-4587-b6bf-b51990983e6b,ID204982,CID-295,CA-0523,2025-08-25,2025-09-24,903.0,USD,SampleGen
INV-f31b569e-c0d5-4943-a5d1-da81184a511d,ID204983,CID-295,CA-0523,2025-08-16,2025-09-15,3103.54,USD,SampleGen
INV-f48b0ebb-61a1-4a3b-868c-0be82284c2e3,ID204984,CID-295,CA-0523,2025-08-10,2025-09-09,3440.48,USD,SampleGen
INV-884532ea-d53f-49e8-88de-e40ec6af61c3,ID204985,CID-295,CA-0523,2025-08-07,2025-09-06,1903.58,USD,SampleGen
INV-c5429eae-745d-4709-a058-98a12838286a,ID204986,CID-295,CA-0523,2025-09-05,2025-10-05,1702.12,USD,SampleGen
INV-a1949ae5-bdd5-4cfc-b0e9-b53a7033737d,ID204987,CID-295,CA-0523,2025-10-30,2025-11-29,1623.74,USD,SampleGen
INV-b034cf9f-04ad-4883-9be2-b9b27b478d51,ID204988,CID-295,CA-0523,2025-11-16,2025-12-16,3306.98,USD,SampleGen
INV-cab7fb96-9435-4448-b453-2262fe6af942,ID204989,CID-295,CA-0523,2025-11-08,2025-12-08,1627.98,USD,SampleGen
INV-b263fa09-c373-4825-b7ff-9f325114eb11,ID204990,CID-295,CA-0523,2025-12-13,2026-01-12,1780.68,USD,SampleGen
INV-43f4e3d3-3de7-4fa4-ae08-d45224fee2ae,ID204991,CID-295,CA-0523,2025-12-07,2026-01-06,2121.86,USD,SampleGen
INV-7cc1ed47-32ef-4098-b4bc-2fcf2a44f72a,ID204992,CID-295,CA-0523,2025-12-18,2026-01-17,1176.4,USD,SampleGen
INV-b2f956dd-d091-4b01-8074-7cdeb0812c5b,ID204993,CID-295,CA-0523,2026-01-21,2026-02-20,775.78,USD,SampleGen
INV-b126e4cb-0e38-4c19-8477-c832d0907a65,ID204994,CID-295,CA-0523,2026-01-09,2026-02-08,2168.58,USD,SampleGen
INV-03c9a73a-9e6a-4a56-8071-eb4b0967f78f,ID204995,CID-295,CA-0523,2026-02-22,2026-03-24,3306.94,USD,SampleGen
INV-884cdf3c-4ddf-46ce-9325-09c1c1ef0675,ID204996,CID-295,CA-0523,2026-02-12,2026-03-14,377.26,USD,SampleGen
INV-ccab1649-b19b-4048-81a6-3007e740db52,ID204997,CID-295,CA-0523,2026-02-03,2026-03-05,2518.42,USD,SampleGen
INV-d95b5640-a7c9-4903-bd24-be4e51f24bcf,ID204998,CID-295,CA-0523,2026-02-07,2026-03-09,601.98,USD,SampleGen
INV-7d46f1ec-d23a-442b-9638-33e3cf9158ec,ID204999,CID-295,CA-0523,2026-02-09,2026-03-11,1195.54,USD,SampleGen
INV-a134bec6-896b-4777-ade6-97a1b9d244e1,ID205000,CID-295,CA-0523,2026-03-24,2026-04-23,2586.2,USD,SampleGen
INV-c5788929-46a6-42af-8f7d-190fb765622c,ID205001,CID-295,CA-0523,2026-03-20,2026-04-19,277.62,USD,SampleGen
INV-8a77167e-eae3-46fe-8328-cd3c58caa58d,ID205002,CID-295,CA-0523,2026-03-27,2026-04-26,601.98,USD,SampleGen
INV-445be914-5b53-4be9-9f77-be9f302bbb91,ID205003,CID-295,CA-0523,2026-03-31,2026-04-30,2378.46,USD,SampleGen
INV-2ada8e5c-f16b-4fa4-b4fd-7cb031313c32,ID205004,CID-295,CA-0523,2026-03-27,2026-04-26,2255.42,USD,SampleGen
INV-fcadd8fa-c272-4d61-8d95-227caa546196,ID205005,CID-295,CA-0523,2026-03-21,2026-04-20,2986.84,USD,SampleGen
INV-8c9edafa-b4f5-4c3a-a766-5f175acaf00c,ID205006,CID-296,CA-0525,2025-06-27,2025-07-27,1770.06,USD,SampleGen
INV-0cce21d5-f6cb-410c-876f-b81715954b91,ID205007,CID-296,CA-0525,2025-06-03,2025-07-03,563.76,USD,SampleGen
INV-7988f2df-431c-46ae-9151-a64b0f2dcca4,ID205008,CID-296,CA-0525,2025-08-01,2025-08-31,2641.3,USD,SampleGen
INV-7f8442ad-194c-462d-a756-d9f5a7560736,ID205009,CID-296,CA-0525,2025-08-05,2025-09-04,879.64,USD,SampleGen
INV-a2990c83-4f47-4a06-96c4-e40cfd6282e9,ID205010,CID-296,CA-0525,2025-08-18,2025-09-17,1028.1,USD,SampleGen
INV-80c876dd-558a-4947-a35a-9a7a6ff58d5b,ID205011,CID-296,CA-0525,2025-09-27,2025-10-27,1926.86,USD,SampleGen
INV-463e58c5-9e9a-4d7c-8a99-767d32f5a4a7,ID205012,CID-296,CA-0525,2025-10-11,2025-11-10,1331.16,USD,SampleGen
INV-ce7ce707-bfb4-487f-a6e5-99886c0cb67b,ID205013,CID-296,CA-0525,2025-11-04,2025-12-04,7347.72,USD,SampleGen
INV-598653d6-6519-47d7-87c5-1d20cc7a9bfc,ID205014,CID-296,CA-0525,2025-12-29,2026-01-28,589.12,USD,SampleGen
INV-d361c9ec-fb24-4d7b-9d43-74b2688f7102,ID205015,CID-296,CA-0525,2025-12-14,2026-01-13,3786.12,USD,SampleGen
INV-e8fe48a1-2d5d-4c4d-ae85-5abd5f48c536,ID205016,CID-296,CA-0525,2026-02-01,2026-03-03,1430.88,USD,SampleGen
INV-ecd0f487-bfd0-4c61-8a20-3282e992bd32,ID205017,CID-296,CA-0525,2026-01-10,2026-02-09,1767.82,USD,SampleGen
INV-65a5a1f7-e407-4d7b-8c6a-0ad1c573b582,ID205018,CID-296,CA-0525,2026-02-07,2026-03-09,3035.56,USD,SampleGen
INV-7929d4ca-ea90-4713-9c4b-0b007a1811e2,ID205019,CID-296,CA-0525,2026-02-22,2026-03-24,1042.88,USD,SampleGen
INV-fe8e78e4-856a-417e-93a1-cc78e858ae52,ID205020,CID-296,CA-0525,2026-03-07,2026-04-06,896.54,USD,SampleGen
INV-df351c95-cb1c-469a-b82c-558695b88bc0,ID205021,CID-296,CA-0525,2026-03-30,2026-04-29,3425.7,USD,SampleGen
INV-ffc6aaad-96f6-468a-af4d-f6b69c8cacbc,ID205022,CID-296,CA-0525,2026-03-03,2026-04-02,2696.44,USD,SampleGen
INV-814f8173-18fd-47ea-b294-4328e7e822b6,ID205023,CID-297,CA-0527,2025-06-16,2025-07-16,911.52,USD,SampleGen
INV-66f40de5-a183-41ef-8f41-b12a7569209e,ID205024,CID-297,CA-0527,2025-07-03,2025-08-02,2416.68,USD,SampleGen
INV-236ff81c-c223-4b9c-8080-24b990ee8342,ID205025,CID-297,CA-0527,2025-08-03,2025-09-02,1462.62,USD,SampleGen
INV-ad83e6da-31ba-4e2f-b9ea-40aed7673263,ID205026,CID-297,CA-0527,2025-08-12,2025-09-11,796.98,USD,SampleGen
INV-4057d105-c47f-4970-88eb-fb6db342221e,ID205027,CID-297,CA-0527,2025-11-06,2025-12-06,1316.28,USD,SampleGen
INV-6e53a32e-69b5-437d-988a-fcf94d2ea825,ID205028,CID-297,CA-0527,2025-12-19,2026-01-18,6321.7,USD,SampleGen
INV-c8e0ed64-10b0-4564-b8b4-4e9fb591d877,ID205029,CID-297,CA-0527,2025-12-07,2026-01-06,5571.1,USD,SampleGen
INV-ffd4e53d-b9c7-42c2-b649-d869dc226098,ID205030,CID-297,CA-0527,2026-01-06,2026-02-05,2034.98,USD,SampleGen
INV-687afd5c-c138-4918-8e9c-21d8a107c999,ID205031,CID-297,CA-0527,2026-02-18,2026-03-20,886.04,USD,SampleGen
INV-e94a31e5-0f55-4527-83c4-8c1d32649d63,ID205032,CID-297,CA-0527,2026-02-16,2026-03-18,1098.06,USD,SampleGen
INV-5ba64985-f376-4955-8271-4f7396465138,ID205033,CID-297,CA-0527,2026-03-15,2026-04-14,1017.48,USD,SampleGen
INV-0429c5b5-0103-45e3-aea9-abe1e0b7cbab,ID205034,CID-297,CA-0527,2026-03-02,2026-04-01,3964.14,USD,SampleGen
INV-f8eb1c0b-6cdf-4b71-a135-1a68b523950a,ID205035,CID-297,CA-0527,2026-03-11,2026-04-10,3491.46,USD,SampleGen
INV-7556f922-9353-474a-9445-6ba0ee3d141a,ID205036,CID-298,CA-0529,2025-06-25,2025-07-25,3111.98,USD,SampleGen
INV-b6a31fc0-682e-4441-82c3-dd3d20c7fab9,ID205037,CID-298,CA-0529,2025-07-22,2025-08-21,510.82,USD,SampleGen
INV-0103ba37-126c-44b3-b6b5-8634b93451b0,ID205038,CID-298,CA-0529,2025-07-28,2025-08-27,1846.22,USD,SampleGen
INV-248303bd-1202-4d52-9b8b-2c0e27d5edb8,ID205039,CID-298,CA-0529,2025-08-07,2025-09-06,3853.94,USD,SampleGen
INV-12be922f-aabd-4773-b2d4-6f1526a13171,ID205040,CID-298,CA-0529,2025-08-28,2025-09-27,2372.06,USD,SampleGen
INV-2c58b608-04e0-402c-938c-6a958d4b4bde,ID205041,CID-298,CA-0529,2025-09-01,2025-10-01,498.0,USD,SampleGen
INV-53bf78f3-e987-4cb9-b69a-15c54fb71b98,ID205042,CID-298,CA-0529,2025-09-28,2025-10-28,3090.86,USD,SampleGen
INV-42b115c4-970c-4293-b713-ec9e52c3cf80,ID205043,CID-298,CA-0529,2025-10-10,2025-11-09,2141.0,USD,SampleGen
INV-80172faf-8d55-4c1d-900e-1538552e5b2a,ID205044,CID-298,CA-0529,2025-11-12,2025-12-12,1661.94,USD,SampleGen
INV-58bc31f0-5a31-4d16-9fcf-50a5f95b545c,ID205045,CID-298,CA-0529,2025-11-23,2025-12-23,695.26,USD,SampleGen
INV-7660b984-2543-45e6-a940-7011ff6aa37e,ID205046,CID-298,CA-0529,2025-12-30,2026-01-29,835.14,USD,SampleGen
INV-7dd55f99-b445-4cf0-9a94-6ac11404c782,ID205047,CID-298,CA-0529,2025-12-05,2026-01-04,3794.54,USD,SampleGen
INV-7299da0f-efcb-4a0b-a7fb-f5e0c197fd6d,ID205048,CID-298,CA-0529,2025-12-24,2026-01-23,1630.04,USD,SampleGen
INV-6248cb41-d051-429e-abf9-ff953a141ecf,ID205049,CID-298,CA-0529,2026-01-19,2026-02-18,2876.7,USD,SampleGen
INV-67f1f9b5-1e1d-47b5-aa30-d9fac4f1920d,ID205050,CID-298,CA-0529,2026-01-31,2026-03-02,292.5,USD,SampleGen
INV-40c36057-d43f-4515-a05d-2de845f6bc36,ID205051,CID-298,CA-0529,2026-02-15,2026-03-17,2942.38,USD,SampleGen
INV-718f0b1c-41db-45ba-9a10-77445b33f0a9,ID205052,CID-298,CA-0529,2026-02-16,2026-03-18,3472.42,USD,SampleGen
INV-fad387c9-eddf-444c-b20b-2eab46a904e2,ID205053,CID-298,CA-0529,2026-02-05,2026-03-07,1903.62,USD,SampleGen
INV-191af85d-9a7e-4c8f-957c-99a33773e01d,ID205054,CID-298,CA-0529,2026-02-02,2026-03-04,2611.76,USD,SampleGen
INV-549d4151-f9cd-45e0-8415-4f903e74aa46,ID205055,CID-298,CA-0529,2026-03-26,2026-04-25,2405.94,USD,SampleGen
INV-4cfd6529-c72d-4ffd-9103-191eef689a65,ID205056,CID-298,CA-0529,2026-03-27,2026-04-26,4216.42,USD,SampleGen
INV-1842e016-6d5f-475f-8715-f6da18429acb,ID205057,CID-298,CA-0529,2026-03-14,2026-04-13,1670.4,USD,SampleGen
INV-8bb09c3f-6db9-436b-857f-a4cf8d4a844c,ID205058,CID-298,CA-0529,2026-03-30,2026-04-29,2043.54,USD,SampleGen
INV-c8f6fdd5-c87e-4006-93b1-500d4bab2e28,ID205059,CID-298,CA-0529,2026-03-05,2026-04-04,3014.54,USD,SampleGen
INV-c41ed5b0-1b65-4643-aaa8-74a599f06de0,ID205060,CID-298,CA-0529,2026-03-26,2026-04-25,2196.2,USD,SampleGen
INV-79a16106-0101-42ed-8ef7-28b8601d5a4b,ID205061,CID-299,CA-0531,2025-06-19,2025-07-19,1339.68,USD,SampleGen
INV-60600592-b596-45d5-8a73-f93a24d5b341,ID205062,CID-299,CA-0531,2025-07-12,2025-08-11,2639.22,USD,SampleGen
INV-ab42294f-592e-481d-8034-528ea4027588,ID205063,CID-299,CA-0531,2025-08-03,2025-09-02,279.76,USD,SampleGen
INV-835791a7-cfc7-4fa4-9dbd-fdb97b862a86,ID205064,CID-299,CA-0531,2025-08-04,2025-09-03,4256.68,USD,SampleGen
INV-fc1b47ae-7c6a-4183-9f65-9755d44926b4,ID205065,CID-299,CA-0531,2025-12-04,2026-01-03,782.16,USD,SampleGen
INV-3069f142-9107-4aae-90c2-3c04d9156ff9,ID205066,CID-299,CA-0531,2026-01-11,2026-02-10,4850.38,USD,SampleGen
INV-817bf9ac-d31f-4475-9f52-9073f2596c92,ID205067,CID-299,CA-0531,2026-02-05,2026-03-07,2522.64,USD,SampleGen
INV-bb5aa0b9-eeae-46c1-938a-60e4d360ef1f,ID205068,CID-299,CA-0531,2026-02-19,2026-03-21,1017.46,USD,SampleGen
INV-7bcd8e87-914c-471a-8698-8d76b7c77fa8,ID205069,CID-299,CA-0531,2026-03-25,2026-04-24,858.36,USD,SampleGen
INV-8dbb5a8c-106e-48fc-a64a-33081462f33f,ID205070,CID-299,CA-0531,2026-03-02,2026-04-01,1589.82,USD,SampleGen
INV-887015e6-739e-48bf-a926-03d289df9de3,ID205071,CID-300,CA-0533,2025-06-05,2025-07-05,678.22,USD,SampleGen
INV-70badc5a-8440-4f0c-aaaa-a5f7cbe6225b,ID205072,CID-300,CA-0533,2025-08-22,2025-09-21,502.3,USD,SampleGen
INV-650896de-aa66-465c-8662-4eaf41a1b16d,ID205073,CID-300,CA-0533,2025-10-19,2025-11-18,3417.28,USD,SampleGen
INV-77aa1844-e931-4a42-acc2-6fb41efa8a0c,ID205074,CID-300,CA-0533,2025-12-22,2026-01-21,1138.24,USD,SampleGen
INV-21153db1-199c-40e0-ac55-309ecbe5fc18,ID205075,CID-300,CA-0533,2026-01-03,2026-02-02,813.98,USD,SampleGen
INV-e5eaca8c-1391-4687-86b6-39e347f624be,ID205076,CID-300,CA-0533,2026-02-04,2026-03-06,2925.34,USD,SampleGen
INV-3c8d19cf-97d2-40e2-b949-cdb364ab1e85,ID205077,CID-300,CA-0533,2026-03-04,2026-04-03,6739.24,USD,SampleGen
INV-e47631fe-4a8d-4a0f-adee-8a8519fb1ff6,ID205078,CID-301,CA-0535,2025-06-25,2025-07-25,1579.24,USD,SampleGen
INV-344f7248-1b55-4810-a5c6-262d99eeb3fd,ID205079,CID-301,CA-0535,2025-06-13,2025-07-13,4049.04,USD,SampleGen
INV-958140de-1f8f-4302-84da-c7bb22133caf,ID205080,CID-301,CA-0535,2025-07-26,2025-08-25,866.82,USD,SampleGen
INV-6775f945-25b0-4ee8-85cb-4f2cdd2c0aef,ID205081,CID-301,CA-0535,2025-07-26,2025-08-25,512.92,USD,SampleGen
INV-146913e3-7294-4831-996f-2ce82c87b5b7,ID205082,CID-301,CA-0535,2025-08-10,2025-09-09,3285.86,USD,SampleGen
INV-3c6f8619-81f3-4994-9a4c-ffe188eefce9,ID205083,CID-301,CA-0535,2025-08-04,2025-09-03,3061.06,USD,SampleGen
INV-f12263f7-dddc-45ca-b96c-81877e2df0c2,ID205084,CID-301,CA-0535,2025-08-22,2025-09-21,2408.14,USD,SampleGen
INV-0c1682c8-308c-47b3-8b37-050b8e316e09,ID205085,CID-301,CA-0535,2025-08-11,2025-09-10,4152.9,USD,SampleGen
INV-a08369e4-fadd-42c5-ba29-fad219c7f1d6,ID205086,CID-301,CA-0535,2025-09-26,2025-10-26,2017.98,USD,SampleGen
INV-88c3534d-f73f-40c0-94a7-ef2be40da33e,ID205087,CID-301,CA-0535,2025-10-09,2025-11-08,1102.24,USD,SampleGen
INV-dc6ca981-affc-4f70-8ac8-c5cafabb0cbf,ID205088,CID-301,CA-0535,2025-11-05,2025-12-05,457.84,USD,SampleGen
INV-960f494a-28fd-4a7c-b4e3-1e65ca987f4f,ID205089,CID-301,CA-0535,2025-12-06,2026-01-05,1265.4,USD,SampleGen
INV-20698ea0-1b30-4790-835d-f896958959eb,ID205090,CID-301,CA-0535,2025-12-18,2026-01-17,886.04,USD,SampleGen
INV-db6e8d35-8b60-4888-a264-58a3a1766e45,ID205091,CID-301,CA-0535,2026-01-14,2026-02-13,1670.4,USD,SampleGen
INV-d16de077-d4af-4223-aa5d-aa9cd76f5e12,ID205092,CID-301,CA-0535,2026-01-03,2026-02-02,3088.64,USD,SampleGen
INV-97e971e0-5355-4134-8f1b-91217e29d04c,ID205093,CID-301,CA-0535,2026-02-22,2026-03-24,1812.34,USD,SampleGen
INV-27b70ed5-191b-4921-869a-d93ccc315290,ID205094,CID-301,CA-0535,2026-02-05,2026-03-07,6005.68,USD,SampleGen
INV-2c966ed7-c30d-4798-82fa-f49ebde3cc42,ID205095,CID-301,CA-0535,2026-02-11,2026-03-13,5583.86,USD,SampleGen
INV-a0996c6e-1dcb-4158-8a31-dd7792b7abd9,ID205096,CID-301,CA-0535,2026-02-08,2026-03-10,2581.96,USD,SampleGen
INV-cdab4ff6-2d4e-4f47-a1fa-92d7b63e5b38,ID205097,CID-301,CA-0535,2026-03-09,2026-04-08,1988.34,USD,SampleGen
INV-662ea6a2-24de-40b5-a4c2-508a58261c21,ID205098,CID-301,CA-0535,2026-03-04,2026-04-03,905.06,USD,SampleGen
INV-22f49495-3a66-437a-973e-209edbe1bd05,ID205099,CID-301,CA-0535,2026-03-02,2026-04-01,3777.66,USD,SampleGen
INV-5ea087bf-9bcb-4080-a620-ae891ea25ee8,ID205100,CID-301,CA-0535,2026-03-03,2026-04-02,2446.22,USD,SampleGen
INV-50b3e705-5ed2-4fc1-a989-db72aa44dd5f,ID205101,CID-301,CA-0535,2026-03-10,2026-04-09,684.6,USD,SampleGen
INV-5c5226d1-2153-4574-a414-be06f59f4ef3,ID205102,CID-302,CA-0537,2025-06-09,2025-07-09,3951.52,USD,SampleGen
INV-f28114dd-1e94-4d41-9671-0a5d53112d85,ID205103,CID-302,CA-0537,2025-06-06,2025-07-06,2475.96,USD,SampleGen
INV-392757b0-08b9-43c5-947b-11c73aa4a070,ID205104,CID-302,CA-0537,2025-06-30,2025-07-30,3667.42,USD,SampleGen
INV-3866a459-3fd1-40e4-a9e0-7830b78b8da0,ID205105,CID-302,CA-0537,2025-07-17,2025-08-16,1360.82,USD,SampleGen
INV-eb62a1fb-d24f-4005-bf77-a214eff5a3a2,ID205106,CID-302,CA-0537,2025-07-26,2025-08-25,3718.36,USD,SampleGen
INV-6bb6e34f-a13c-41d4-941c-e5c2f20e7c2f,ID205107,CID-302,CA-0537,2025-07-13,2025-08-12,2382.76,USD,SampleGen
INV-60e0d4d4-0928-459c-b559-41bc767b92c9,ID205108,CID-302,CA-0537,2025-07-03,2025-08-02,4089.22,USD,SampleGen
INV-2c0b3709-9aa5-4be8-a519-c94589ff9f8d,ID205109,CID-302,CA-0537,2025-08-17,2025-09-16,1642.7,USD,SampleGen
INV-de2541f2-e7d6-491c-91c2-83fee0917d91,ID205110,CID-302,CA-0537,2025-08-27,2025-09-26,1717.08,USD,SampleGen
INV-518a2856-0c8f-468a-b7e1-12a4bca1da55,ID205111,CID-302,CA-0537,2025-08-25,2025-09-24,985.66,USD,SampleGen
INV-8edcef00-1597-4ebc-94ad-de6f5103b9e4,ID205112,CID-302,CA-0537,2025-08-03,2025-09-02,474.72,USD,SampleGen
INV-14ec7a95-1185-4997-b515-9e88fb0f80c5,ID205113,CID-302,CA-0537,2025-08-20,2025-09-19,2321.14,USD,SampleGen
INV-3f788bd3-2cb1-4f37-a2b5-62d4634d0ec5,ID205114,CID-302,CA-0537,2025-09-15,2025-10-15,1208.16,USD,SampleGen
INV-8c7467f2-8b1f-4e63-bc8e-3812a2d647bf,ID205115,CID-302,CA-0537,2025-10-23,2025-11-22,1140.46,USD,SampleGen
INV-244c084c-8b46-4d6c-bdb1-0484dfc2e70f,ID205116,CID-302,CA-0537,2025-11-28,2025-12-28,958.12,USD,SampleGen
INV-7e27ff82-b6bc-4d40-9275-fdec0bf8790b,ID205117,CID-302,CA-0537,2025-11-23,2025-12-23,5647.42,USD,SampleGen
INV-c87ba9cd-b5c2-4fdf-9b74-00e7a20063b6,ID205118,CID-302,CA-0537,2025-12-21,2026-01-20,2293.62,USD,SampleGen
INV-51743142-fcbd-47a8-ae8d-eb6cfe302491,ID205119,CID-302,CA-0537,2025-12-22,2026-01-21,932.6,USD,SampleGen
INV-e1098f55-ad20-407a-89ff-dd6b11fa2977,ID205120,CID-302,CA-0537,2025-12-10,2026-01-09,1971.46,USD,SampleGen
INV-b1b2b4ec-e4de-409a-b578-f97ae3502526,ID205121,CID-302,CA-0537,2025-12-10,2026-01-09,534.1,USD,SampleGen
INV-815ff1dc-459d-4d40-876c-afab858773d0,ID205122,CID-302,CA-0537,2026-01-24,2026-02-23,436.62,USD,SampleGen
INV-b9561039-0130-4358-8a48-81c8cf9a9e23,ID205123,CID-302,CA-0537,2026-01-22,2026-02-21,2452.72,USD,SampleGen
INV-03dcaf6d-940d-4855-8ec4-46ca16dab993,ID205124,CID-302,CA-0537,2026-01-23,2026-02-22,1876.14,USD,SampleGen
INV-30286674-dd89-48ec-a63f-e31cc8446720,ID205125,CID-302,CA-0537,2026-02-01,2026-03-03,903.1,USD,SampleGen
INV-fe2df087-5ba3-471e-bb11-754040098399,ID205126,CID-302,CA-0537,2026-02-14,2026-03-16,430.22,USD,SampleGen
INV-f8b911f1-1e94-46e3-8b66-10a9d020655c,ID205127,CID-302,CA-0537,2026-02-28,2026-03-30,1119.16,USD,SampleGen
INV-1a4c9c43-c104-4a47-875a-c3466e776477,ID205128,CID-302,CA-0537,2026-02-28,2026-03-30,4127.46,USD,SampleGen
INV-0979d2d3-14c3-4cd6-b5e7-a2e4b96ec6a1,ID205129,CID-302,CA-0537,2026-02-07,2026-03-09,4383.88,USD,SampleGen
INV-8181b748-53a2-4166-be79-a984c250340e,ID205130,CID-302,CA-0537,2026-02-19,2026-03-21,1125.52,USD,SampleGen
INV-2295c7f9-6f8e-4c37-988f-8e566a3ac71a,ID205131,CID-302,CA-0537,2026-02-03,2026-03-05,1820.94,USD,SampleGen
INV-d8915057-6158-4462-a518-dd888317f937,ID205132,CID-302,CA-0537,2026-03-27,2026-04-26,2535.32,USD,SampleGen
INV-e2175420-a822-4850-a7d8-fd800d344c1e,ID205133,CID-302,CA-0537,2026-03-26,2026-04-25,786.38,USD,SampleGen
INV-2f720eb2-2686-41b2-953a-35ee206b2c8f,ID205134,CID-302,CA-0537,2026-03-02,2026-04-01,1042.88,USD,SampleGen
INV-24de44ba-2520-4b3d-85ac-1a6f786705b0,ID205135,CID-302,CA-0537,2026-03-18,2026-04-17,2060.54,USD,SampleGen
INV-57c98beb-a8f3-4c88-952e-0316ed6084d6,ID205136,CID-302,CA-0537,2026-03-18,2026-04-17,1367.28,USD,SampleGen
INV-5e80089d-21e8-43dd-83df-1d39728ff754,ID205137,CID-302,CA-0537,2026-03-11,2026-04-10,955.94,USD,SampleGen
INV-1f76b4de-aa4b-4ac8-8a8c-1b59eca31934,ID205138,CID-302,CA-0537,2026-03-24,2026-04-23,975.04,USD,SampleGen
INV-3d8c5f67-e3a7-450d-87e7-ccb28c732615,ID205139,CID-302,CA-0537,2026-03-18,2026-04-17,1263.32,USD,SampleGen
INV-be8c8f9e-21ec-484b-902a-6cc72a7cb41e,ID205140,CID-303,CA-1519,2025-06-29,2025-07-29,504.42,USD,SampleGen
INV-6b67ca4d-ea8f-41d7-86e2-c9ae88904b30,ID205141,CID-303,CA-1519,2025-06-02,2025-07-02,1611.12,USD,SampleGen
INV-899f5175-2058-46ca-af83-875c20dabe4f,ID205142,CID-303,CA-1519,2025-07-27,2025-08-26,1042.88,USD,SampleGen
INV-b6ed4a51-6a73-4800-a3f7-5cd30e3fa182,ID205143,CID-303,CA-1519,2025-07-09,2025-08-08,1165.78,USD,SampleGen
INV-6a2e9805-f24f-4f1c-a0e8-39848d4fb625,ID205144,CID-303,CA-1519,2025-08-12,2025-09-11,2989.06,USD,SampleGen
INV-038b7fb2-fc6a-4f37-9b6a-618336affe90,ID205145,CID-303,CA-1519,2025-08-10,2025-09-09,1403.2,USD,SampleGen
INV-0755210d-811a-47e8-9d72-65ed391b77ff,ID205146,CID-303,CA-1519,2025-10-04,2025-11-03,3718.24,USD,SampleGen
INV-55f714a2-fac2-482e-95f1-0874ab022d5d,ID205147,CID-303,CA-1519,2025-11-15,2025-12-15,5469.32,USD,SampleGen
INV-23a5ee7f-2ba8-488f-81b5-9193bd403ab0,ID205148,CID-303,CA-1519,2025-12-05,2026-01-04,3739.54,USD,SampleGen
INV-43fea638-9e9a-46a9-b1d7-0796c63547df,ID205149,CID-303,CA-1519,2026-01-01,2026-01-31,3281.64,USD,SampleGen
INV-0df63bc6-90a2-4edc-a4b9-7d8c53f18569,ID205150,CID-303,CA-1519,2026-01-08,2026-02-07,1365.14,USD,SampleGen
INV-167d0c2e-1fc0-4ed4-9d91-b674032b345b,ID205151,CID-303,CA-1519,2026-01-25,2026-02-24,464.24,USD,SampleGen
INV-6d3ffbbd-1155-476c-8981-41f1688a519d,ID205152,CID-303,CA-1519,2026-02-21,2026-03-23,3285.78,USD,SampleGen
INV-3ab16029-b128-4e17-a22b-6584c28b7f5e,ID205153,CID-303,CA-1519,2026-02-04,2026-03-06,353.94,USD,SampleGen
INV-03427929-8d95-41ad-8217-ddcbcb899b13,ID205154,CID-303,CA-1519,2026-02-10,2026-03-12,2378.54,USD,SampleGen
INV-6f265843-0b7e-47d4-8a6b-5d71be74c00c,ID205155,CID-303,CA-1519,2026-03-16,2026-04-15,843.62,USD,SampleGen
INV-562dd7d8-5ade-4395-b5b1-22045d6cf956,ID205156,CID-303,CA-1519,2026-04-01,2026-05-01,551.0,USD,SampleGen
INV-647da9a1-3d11-4139-9500-7bf36b1b0acf,ID205157,CID-303,CA-1519,2026-03-21,2026-04-20,5520.2,USD,SampleGen
INV-6e550d78-39a4-43df-8b76-0a0ba83d29b5,ID205158,CID-303,CA-1519,2026-03-02,2026-04-01,4515.4,USD,SampleGen
INV-6fa2273a-b9d1-4797-99c9-022604db0015,ID205159,CID-304,CA-0540,2025-06-27,2025-07-27,5698.36,USD,SampleGen
INV-2280e4da-daa1-4c5d-950d-43907596830c,ID205160,CID-304,CA-0540,2025-07-07,2025-08-06,2302.08,USD,SampleGen
INV-aa500779-b1cd-4610-8201-3c191407d2ce,ID205161,CID-304,CA-0540,2025-07-29,2025-08-28,5488.42,USD,SampleGen
INV-32c7c9fb-c8ee-4af3-a0df-c74da5577987,ID205162,CID-304,CA-0540,2025-08-14,2025-09-13,1085.32,USD,SampleGen
INV-7b5d43a6-6afa-4670-b323-a2ab7f02fc45,ID205163,CID-304,CA-0540,2025-08-28,2025-09-27,2365.72,USD,SampleGen
INV-523c3aed-8c92-4535-819f-aef9e016d6fd,ID205164,CID-304,CA-0540,2025-10-29,2025-11-28,1753.06,USD,SampleGen
INV-53192a55-a861-482d-92e8-d87f386095ce,ID205165,CID-304,CA-0540,2025-11-16,2025-12-16,4748.52,USD,SampleGen
INV-439063bb-b8f4-4991-a172-1a5a9d6e9f6b,ID205166,CID-304,CA-0540,2025-12-26,2026-01-25,364.52,USD,SampleGen
INV-439f6701-9cd8-4b20-a652-f070c12bf991,ID205167,CID-304,CA-0540,2025-12-18,2026-01-17,385.72,USD,SampleGen
INV-c663beb0-a016-4cb6-b290-9cd6d78339af,ID205168,CID-304,CA-0540,2026-01-12,2026-02-11,1187.12,USD,SampleGen
INV-18191d20-6e4e-444c-921d-e2351ac5ccbb,ID205169,CID-304,CA-0540,2026-01-24,2026-02-23,158.94,USD,SampleGen
INV-23cb4afa-3abb-4fbb-96e8-06118ec0ec9b,ID205170,CID-304,CA-0540,2026-02-11,2026-03-13,2687.98,USD,SampleGen
INV-25f61438-a366-4707-922c-7a92060001ab,ID205171,CID-304,CA-0540,2026-02-24,2026-03-26,2098.6,USD,SampleGen
INV-29c6505d-8423-4af1-85a9-afc5a4c15a18,ID205172,CID-304,CA-0540,2026-02-22,2026-03-24,585.0,USD,SampleGen
INV-6bbd3205-32f0-4a73-83a9-d763b37c2fd8,ID205173,CID-304,CA-0540,2026-03-23,2026-04-22,3627.06,USD,SampleGen
INV-f43bc069-67bd-492b-bb36-88ed45e0e9d0,ID205174,CID-304,CA-0540,2026-03-24,2026-04-23,693.06,USD,SampleGen
INV-6220789a-1787-4711-9715-f6bf3c18a66b,ID205175,CID-304,CA-0540,2026-03-13,2026-04-12,2658.3,USD,SampleGen
INV-d08a055b-97bc-4f20-8fe1-f18bca5f19b2,ID205176,CID-304,CA-0540,2026-03-02,2026-04-01,1148.82,USD,SampleGen
INV-4decce0b-1b9e-4d45-850b-53d7ca7c8dd3,ID205177,CID-305,CA-0542,2025-06-25,2025-07-25,487.5,USD,SampleGen
INV-e7cdf22b-1f44-450a-b32a-f2672f6bd909,ID205178,CID-305,CA-0542,2025-06-30,2025-07-30,4566.26,USD,SampleGen
INV-897c1c37-ce24-4a13-8c70-dfdefd4b3f12,ID205179,CID-305,CA-0542,2025-07-10,2025-08-09,1770.06,USD,SampleGen
INV-7d04898d-c0dd-4071-9d3d-ef45d2b07044,ID205180,CID-305,CA-0542,2025-07-30,2025-08-29,3627.14,USD,SampleGen
INV-55e36419-76b7-4933-ad75-730e7bf1ffd0,ID205181,CID-305,CA-0542,2025-08-25,2025-09-24,686.72,USD,SampleGen
INV-8a4fdfbc-5326-473b-8173-b03628d20822,ID205182,CID-305,CA-0542,2025-08-14,2025-09-13,2416.68,USD,SampleGen
INV-05245b3e-49b7-41a7-bf54-e347068cfe73,ID205183,CID-305,CA-0542,2025-08-09,2025-09-08,1674.64,USD,SampleGen
INV-d15f0ab7-4564-4742-9ae7-bcec55dea172,ID205184,CID-305,CA-0542,2025-09-10,2025-10-10,1445.62,USD,SampleGen
INV-fbc76d3d-95b4-461e-b3e5-496e4109749b,ID205185,CID-305,CA-0542,2025-10-27,2025-11-26,2785.46,USD,SampleGen
INV-b4a0d7e5-85f5-4bd8-8f59-28b51834daf0,ID205186,CID-305,CA-0542,2025-11-16,2025-12-16,958.12,USD,SampleGen
INV-59f2b3bc-453c-41fe-bef5-504e757de0a2,ID205187,CID-305,CA-0542,2025-11-15,2025-12-15,3099.14,USD,SampleGen
INV-39d27215-1cf3-46f8-81f1-91400fc6f82a,ID205188,CID-305,CA-0542,2025-12-02,2026-01-01,1309.92,USD,SampleGen
INV-500f1d2d-0d79-4bf5-8890-5ccf5f9838d7,ID205189,CID-305,CA-0542,2025-12-29,2026-01-28,864.7,USD,SampleGen
INV-f6ae6f01-455f-451b-bf10-a18c14340b89,ID205190,CID-305,CA-0542,2025-12-06,2026-01-05,3006.02,USD,SampleGen
INV-1e81d5be-1244-4e31-84c4-aa76f3bd2f2e,ID205191,CID-305,CA-0542,2026-01-02,2026-02-01,3680.06,USD,SampleGen
INV-1eb93bb0-c91e-4062-bb77-6c5c08b78fda,ID205192,CID-305,CA-0542,2026-01-07,2026-02-06,264.9,USD,SampleGen
INV-6ee439ab-0626-4b12-9f4b-18d0bac62ca7,ID205193,CID-305,CA-0542,2026-02-07,2026-03-09,2488.7,USD,SampleGen
INV-eb52e49e-fe7d-40c4-a224-f6b4d8d7bd0d,ID205194,CID-305,CA-0542,2026-02-28,2026-03-30,2569.24,USD,SampleGen
INV-58830aa9-b07b-4fc4-bc35-f76a47019588,ID205195,CID-305,CA-0542,2026-02-04,2026-03-06,970.76,USD,SampleGen
INV-a7626f6c-d5f2-4dd0-ac4b-0a1270f48966,ID205196,CID-305,CA-0542,2026-02-18,2026-03-20,3595.32,USD,SampleGen
INV-9654fae6-c307-4585-a1f0-9a7681ba7991,ID205197,CID-305,CA-0542,2026-03-15,2026-04-14,975.08,USD,SampleGen
INV-c95194a1-5a26-4356-8ac0-af5922ca02c3,ID205198,CID-305,CA-0542,2026-03-11,2026-04-10,3699.24,USD,SampleGen
INV-adcd66a0-c4be-42e3-b9fd-1e12972b9dd6,ID205199,CID-305,CA-0542,2026-03-30,2026-04-29,559.56,USD,SampleGen
INV-9ec89454-7a95-4709-b4c5-b38d6fc2c2ba,ID205200,CID-305,CA-0542,2026-03-31,2026-04-30,847.76,USD,SampleGen
INV-dad9f52e-fd43-4b78-8bd1-658880f2793a,ID205201,CID-306,CA-0544,2025-07-16,2025-08-15,1996.78,USD,SampleGen
INV-95c4c94b-c45c-4b0e-8088-0ccda2bdd498,ID205202,CID-306,CA-0544,2025-08-21,2025-09-20,964.5,USD,SampleGen
INV-6afbe5f4-97ed-4b1e-ac25-66f7d874f923,ID205203,CID-306,CA-0544,2025-11-20,2025-12-20,699.48,USD,SampleGen
INV-53b0ded6-4660-4c66-bfbe-41f6e0369728,ID205204,CID-306,CA-0544,2026-01-17,2026-02-16,1763.72,USD,SampleGen
INV-768228bf-68b6-48fa-b004-99362e568321,ID205205,CID-306,CA-0544,2026-02-22,2026-03-24,832.92,USD,SampleGen
INV-712a2236-94d0-4feb-a36b-e07952bea65e,ID205206,CID-306,CA-0544,2026-03-31,2026-04-30,309.44,USD,SampleGen
INV-de5840ec-9db0-4059-9dd0-0c3c10b8e706,ID205207,CID-307,CA-0546,2025-06-26,2025-07-26,1343.92,USD,SampleGen
INV-841a214e-1749-45a9-9105-567d3ede5bc2,ID205208,CID-307,CA-0546,2025-07-13,2025-08-12,1551.58,USD,SampleGen
INV-53ba7825-e433-45c8-83ba-a1ce891efeed,ID205209,CID-307,CA-0546,2025-10-17,2025-11-16,1454.18,USD,SampleGen
INV-e95417fa-861d-4e9c-aba7-1267ec6b75bb,ID205210,CID-307,CA-0546,2025-12-08,2026-01-07,7190.76,USD,SampleGen
INV-78e0cf76-5b3c-4de5-b218-1c2fa8397080,ID205211,CID-307,CA-0546,2026-02-06,2026-03-08,1483.84,USD,SampleGen
INV-5c7bee28-3fd4-4774-95a6-08ce88df5c2d,ID205212,CID-307,CA-0546,2026-03-09,2026-04-08,826.56,USD,SampleGen
INV-ffdda7d4-998d-420a-b49a-cfa6cd6cfc16,ID205213,CID-308,CA-0548,2025-06-08,2025-07-08,796.92,USD,SampleGen
INV-58b27818-26bb-4a25-bea7-68c0d4583e8a,ID205214,CID-308,CA-0548,2025-06-09,2025-07-09,4044.82,USD,SampleGen
INV-c743d3c9-00f7-4d08-a6fd-58d49ace45ec,ID205215,CID-308,CA-0548,2025-07-22,2025-08-21,4142.28,USD,SampleGen
INV-1cec344d-1040-4056-8e28-ce9693797fc4,ID205216,CID-308,CA-0548,2025-07-30,2025-08-29,1127.72,USD,SampleGen
INV-82945a66-c3c7-4392-b1d1-401a21683ddd,ID205217,CID-308,CA-0548,2025-08-07,2025-09-06,3771.34,USD,SampleGen
INV-775b1610-1a2e-46ba-b6f2-d0cf5d8e39bf,ID205218,CID-308,CA-0548,2025-08-07,2025-09-06,799.1,USD,SampleGen
INV-0ec3d67d-245a-4d2c-b086-b890ab2d14ae,ID205219,CID-308,CA-0548,2025-08-08,2025-09-07,377.26,USD,SampleGen
INV-fd7ec93a-cd80-473a-b664-049d4e07fc52,ID205220,CID-308,CA-0548,2025-09-29,2025-10-29,690.94,USD,SampleGen
INV-e5a20a91-8dcc-4801-aad5-1ef254571df5,ID205221,CID-308,CA-0548,2025-11-12,2025-12-12,4235.54,USD,SampleGen
INV-7b808833-13c5-44d6-893a-19204003205f,ID205222,CID-308,CA-0548,2025-11-27,2025-12-27,3735.32,USD,SampleGen
INV-9a5e3763-b710-4238-a668-4387c4bac867,ID205223,CID-308,CA-0548,2025-12-10,2026-01-09,2124.02,USD,SampleGen
INV-ffbbf9d4-ce33-48b7-81ca-c12731e318ab,ID205224,CID-308,CA-0548,2025-12-07,2026-01-06,4133.74,USD,SampleGen
INV-9d874230-af0b-4116-af36-bef7030112c4,ID205225,CID-308,CA-0548,2025-12-13,2026-01-12,2416.68,USD,SampleGen
INV-92fe4b05-b136-4698-bd8e-f5ab97c6a6b9,ID205226,CID-308,CA-0548,2026-01-31,2026-03-02,139.88,USD,SampleGen
INV-de32a05a-2d2d-4207-aad8-414cdcb92e23,ID205227,CID-308,CA-0548,2026-01-23,2026-02-22,1261.32,USD,SampleGen
INV-727a2702-8eb0-40f8-8132-d0cf7e4e4101,ID205228,CID-308,CA-0548,2026-02-25,2026-03-27,2149.42,USD,SampleGen
INV-f005a3b4-01e3-4d2f-8826-ca0aec2bd29b,ID205229,CID-308,CA-0548,2026-02-06,2026-03-08,4044.82,USD,SampleGen
INV-7914a59c-3234-4580-a40e-781dc9157c17,ID205230,CID-308,CA-0548,2026-02-25,2026-03-27,2993.32,USD,SampleGen
INV-c03d95d0-2d7e-496b-90f1-2556cedca111,ID205231,CID-308,CA-0548,2026-03-28,2026-04-27,2051.98,USD,SampleGen
INV-7cc70343-2416-4f18-8fcc-77549ffe2a87,ID205232,CID-308,CA-0548,2026-03-08,2026-04-07,2035.04,USD,SampleGen
INV-06f5b927-5fa2-489d-b25e-44444dda6c61,ID205233,CID-308,CA-0548,2026-03-04,2026-04-03,1907.72,USD,SampleGen
INV-8036787a-ccf4-4a83-b00a-fc9688c1f5bc,ID205234,CID-308,CA-0548,2026-03-08,2026-04-07,3201.02,USD,SampleGen
INV-47d67bfd-9fb8-4df6-84d2-117a36321228,ID205235,CID-309,CA-0550,2025-06-03,2025-07-03,2098.7,USD,SampleGen
INV-7473f16a-6ec2-4841-af74-93f122f307f4,ID205236,CID-309,CA-0550,2025-07-15,2025-08-14,794.82,USD,SampleGen
INV-aa5e69f2-45c7-465c-a984-6cceecbc3fd4,ID205237,CID-309,CA-0550,2025-07-05,2025-08-04,3822.22,USD,SampleGen
INV-c120dc19-c010-4444-8faa-a6be0698f8c7,ID205238,CID-309,CA-0550,2025-08-02,2025-09-01,317.88,USD,SampleGen
INV-a2f91c63-3bd1-4958-8110-da574a6a7349,ID205239,CID-309,CA-0550,2025-08-23,2025-09-22,2764.38,USD,SampleGen
INV-5045f95f-07af-4539-bc53-898e8114830b,ID205240,CID-309,CA-0550,2025-08-23,2025-09-22,1699.98,USD,SampleGen
INV-8f2fd5fe-d091-4c95-afd9-a87d5e3124e9,ID205241,CID-309,CA-0550,2025-09-29,2025-10-29,3243.3,USD,SampleGen
INV-7056e2ee-bc58-4883-8d94-00fa8120e093,ID205242,CID-309,CA-0550,2025-10-22,2025-11-21,6754.06,USD,SampleGen
INV-1a44261f-7c16-4903-8150-3ae9a7e66702,ID205243,CID-309,CA-0550,2025-12-01,2025-12-31,1076.81,USD,SampleGen
INV-079fc8b2-441c-4e48-b66c-cb31092d1706,ID205244,CID-309,CA-0550,2025-12-31,2026-01-30,2787.58,USD,SampleGen
INV-31ceb672-38dd-49da-906c-ef0ac5d9ec56,ID205245,CID-309,CA-0550,2025-12-28,2026-01-27,1500.68,USD,SampleGen
INV-094c0e1c-35db-425f-b5c3-ab4022c853c7,ID205246,CID-309,CA-0550,2025-12-13,2026-01-12,4137.96,USD,SampleGen
INV-21a80f4d-9ce8-4cc4-9699-1535c0710a70,ID205247,CID-309,CA-0550,2026-01-04,2026-02-03,1890.84,USD,SampleGen
INV-a40fbd46-b535-418a-a744-80fd0e297963,ID205248,CID-309,CA-0550,2026-01-22,2026-02-21,752.46,USD,SampleGen
INV-ddc1d592-9a18-4c8d-bcb6-ab82b57455b4,ID205249,CID-309,CA-0550,2026-02-14,2026-03-16,3925.98,USD,SampleGen
INV-37bb1323-7b86-41a6-93fa-64081a37ab10,ID205250,CID-309,CA-0550,2026-02-11,2026-03-13,593.46,USD,SampleGen
INV-0af97a54-f405-4da2-ba6c-005928139ad5,ID205251,CID-309,CA-0550,2026-02-28,2026-03-30,5965.42,USD,SampleGen
INV-35ce5913-7380-4cf7-8a49-850f9cc19d6b,ID205252,CID-309,CA-0550,2026-03-25,2026-04-24,2904.26,USD,SampleGen
INV-54600591-4741-437c-a3ee-b789553be13e,ID205253,CID-309,CA-0550,2026-03-04,2026-04-03,6224.16,USD,SampleGen
INV-d22a22e5-5a6f-4d56-bc08-489b5c53a6b1,ID205254,CID-309,CA-0550,2026-03-15,2026-04-14,1992.68,USD,SampleGen
INV-59989c3d-a50e-41e9-82bb-4eef4981a133,ID205255,CID-309,CA-0550,2026-03-17,2026-04-16,601.98,USD,SampleGen
INV-3fecb126-0c00-4972-92cf-cb866b6b718b,ID205256,CID-309,CA-0550,2026-03-04,2026-04-03,964.38,USD,SampleGen
INV-5a1b9e4a-f4b5-48ed-820f-940cdbfd9f1c,ID205257,CID-310,CA-0552,2025-06-18,2025-07-18,3417.22,USD,SampleGen
INV-f8ae45e3-c3a1-41bd-b4ff-e627399ef4f5,ID205258,CID-310,CA-0552,2025-07-15,2025-08-14,211.92,USD,SampleGen
INV-03a59e42-ca37-42eb-8d53-df2470231e19,ID205259,CID-310,CA-0552,2025-08-24,2025-09-23,4375.52,USD,SampleGen
INV-8c5db87d-af1b-4361-b9ed-710ad55c3c34,ID205260,CID-310,CA-0552,2025-08-03,2025-09-02,534.1,USD,SampleGen
INV-32939856-34ed-4c07-8023-4d5d28a528b9,ID205261,CID-310,CA-0552,2025-09-29,2025-10-29,2052.04,USD,SampleGen
INV-b112af86-d187-436f-a999-764dfa8780b7,ID205262,CID-310,CA-0552,2025-10-11,2025-11-10,3993.96,USD,SampleGen
INV-a64e0e18-ae79-4b98-a473-bb3488ded086,ID205263,CID-310,CA-0552,2025-11-26,2025-12-26,339.12,USD,SampleGen
INV-fca9f64e-aa9e-42fb-a33d-97247c9e33bc,ID205264,CID-310,CA-0552,2025-12-05,2026-01-04,4515.5,USD,SampleGen
INV-ba2174a3-5d98-41b6-89ca-fa21eaf05c4b,ID205265,CID-310,CA-0552,2025-12-19,2026-01-18,5655.94,USD,SampleGen
INV-f50c956d-3e5c-4daa-a84c-d2b06987336e,ID205266,CID-310,CA-0552,2026-01-31,2026-03-02,400.6,USD,SampleGen
INV-9da87604-da20-4e08-82c2-8586a973f8e8,ID205267,CID-310,CA-0552,2026-02-23,2026-03-25,4101.98,USD,SampleGen
INV-a626cf6e-bcc0-4768-adf9-d36cfd716062,ID205268,CID-310,CA-0552,2026-02-10,2026-03-12,633.7,USD,SampleGen
INV-7641cd67-087c-4eee-9e81-beeaecc71e10,ID205269,CID-310,CA-0552,2026-03-13,2026-04-12,741.8,USD,SampleGen
INV-1adf8b41-a439-4395-a62f-b08aa2835cc5,ID205270,CID-310,CA-0552,2026-03-04,2026-04-03,3625.02,USD,SampleGen
INV-7dbdfd84-a177-4adf-a315-ce1f2bd40875,ID205271,CID-311,CA-0554,2025-08-09,2025-09-08,5834.0,USD,SampleGen
INV-16fbba10-3ebc-472e-a4af-99cbbaeea556,ID205272,CID-311,CA-0554,2025-12-13,2026-01-12,1513.48,USD,SampleGen
INV-4565cc43-45c9-4461-a1d8-a2193053628c,ID205273,CID-311,CA-0554,2026-01-09,2026-02-08,2849.18,USD,SampleGen
INV-b69f7089-5bcb-42fb-8181-6c5e7e7c72ef,ID205274,CID-311,CA-0554,2026-02-22,2026-03-24,716.44,USD,SampleGen
INV-1bf58c1a-fdc9-4b16-813a-da87067bf48e,ID205275,CID-311,CA-0554,2026-03-15,2026-04-14,3432.06,USD,SampleGen
INV-1c5aefe8-182e-4c65-be01-e49da1949ed7,ID205276,CID-311,CA-0554,2026-03-07,2026-04-06,4759.12,USD,SampleGen
INV-c280ca14-4e53-483c-be8c-af4fde02c833,ID205277,CID-312,CA-0555,2025-07-01,2025-07-31,735.5,USD,SampleGen
INV-aac1077f-1049-4796-b0eb-eb11438d4272,ID205278,CID-312,CA-0555,2025-07-26,2025-08-25,379.38,USD,SampleGen
INV-097e07c0-3fc0-44f5-8d58-e7960abecb19,ID205279,CID-312,CA-0555,2025-08-15,2025-09-14,457.76,USD,SampleGen
INV-7b384441-c857-4b62-9e0a-cd899e89d7f7,ID205280,CID-312,CA-0555,2025-08-08,2025-09-07,661.26,USD,SampleGen
INV-b2a1e6f2-6e01-4e72-b1e7-a5d07c7085af,ID205281,CID-312,CA-0555,2025-08-29,2025-09-28,1965.14,USD,SampleGen
INV-bc78471a-41a8-4d3f-9bd4-03c476fc630d,ID205282,CID-312,CA-0555,2025-09-02,2025-10-02,4629.8,USD,SampleGen
INV-55903e34-52fc-49ab-95eb-c9a3f59e8138,ID205283,CID-312,CA-0555,2025-11-19,2025-12-19,845.64,USD,SampleGen
INV-66a54055-3a70-4cc9-ad60-af701b032ad5,ID205284,CID-312,CA-0555,2025-12-28,2026-01-27,3003.84,USD,SampleGen
INV-e45cad9e-802b-4b4d-90ff-9f7c11726b0e,ID205285,CID-312,CA-0555,2026-01-25,2026-02-24,3296.46,USD,SampleGen
INV-cec2c335-98c8-47fe-99bc-8e475e449d3f,ID205286,CID-312,CA-0555,2026-01-17,2026-02-16,423.98,USD,SampleGen
INV-96a945f7-3ae4-4875-be7a-bc588579448e,ID205287,CID-312,CA-0555,2026-02-07,2026-03-09,1017.46,USD,SampleGen
INV-91741f7c-a9f0-4cff-8e1c-58f67683f403,ID205288,CID-312,CA-0555,2026-02-23,2026-03-25,3514.86,USD,SampleGen
INV-c642f02e-70ad-4f4f-8c0b-0fbc3a6a2240,ID205289,CID-312,CA-0555,2026-02-26,2026-03-28,2607.3,USD,SampleGen
INV-8edd9cd4-21fe-419d-987e-eaaab789f63f,ID205290,CID-312,CA-0555,2026-03-04,2026-04-03,5630.46,USD,SampleGen
INV-9dd2dd95-4f29-4866-8415-1662462100a6,ID205291,CID-312,CA-0555,2026-03-18,2026-04-17,618.88,USD,SampleGen
INV-b1571f94-ab5c-44fb-8b3f-bbfbf2ad2fda,ID205292,CID-312,CA-0555,2026-03-15,2026-04-14,975.02,USD,SampleGen
INV-090f3bbd-395d-4841-aaf2-5a5c9e245066,ID205293,CID-313,CA-0557,2025-06-16,2025-07-16,2925.36,USD,SampleGen
INV-24807cd4-3719-49e6-8226-da9e4f6da975,ID205294,CID-313,CA-0557,2025-06-22,2025-07-22,1059.88,USD,SampleGen
INV-4f7b9e82-de5d-4741-b8a0-59a176adb7aa,ID205295,CID-313,CA-0557,2025-06-19,2025-07-19,856.32,USD,SampleGen
INV-2bdfe304-3c28-437d-b0c1-b01660a0581f,ID205296,CID-313,CA-0557,2025-07-05,2025-08-04,3200.98,USD,SampleGen
INV-2643f5af-2222-42e3-b6e6-e4b541cc19c2,ID205297,CID-313,CA-0557,2025-07-08,2025-08-07,584.9,USD,SampleGen
INV-e77edc12-bf0d-43e2-ab67-5fac3d21d2a1,ID205298,CID-313,CA-0557,2025-07-10,2025-08-09,2329.58,USD,SampleGen
INV-75c871d2-7441-4f74-a5bd-b271f511217d,ID205299,CID-313,CA-0557,2025-07-05,2025-08-04,4566.26,USD,SampleGen
INV-de377c38-433c-4104-8b56-235698261b13,ID205300,CID-313,CA-0557,2025-08-08,2025-09-07,428.16,USD,SampleGen
INV-874a87ca-3f2d-499e-9b05-a6943349500c,ID205301,CID-313,CA-0557,2025-08-28,2025-09-27,2713.34,USD,SampleGen
INV-07f3a3f5-9f97-43ba-be5f-29d3be183f91,ID205302,CID-313,CA-0557,2025-08-05,2025-09-04,911.38,USD,SampleGen
INV-dbbdba08-1d9b-436a-9dff-f80c2579ca91,ID205303,CID-313,CA-0557,2025-09-01,2025-10-01,1659.72,USD,SampleGen
INV-262233a0-6856-49a4-b401-a10f8ddf7c80,ID205304,CID-313,CA-0557,2025-09-01,2025-10-01,1000.56,USD,SampleGen
INV-b87f488e-9e75-4e82-ba61-1da2fca0871d,ID205305,CID-313,CA-0557,2025-08-24,2025-09-23,724.84,USD,SampleGen
INV-e31b6c12-e0f0-4a9e-98e8-d3f17da1ec0f,ID205306,CID-313,CA-0557,2025-09-27,2025-10-27,2579.78,USD,SampleGen
INV-f1008a0a-04a5-4398-95db-49efe22474cf,ID205307,CID-313,CA-0557,2025-11-01,2025-12-01,703.6,USD,SampleGen
INV-9b163fd5-6e13-40c4-8345-37bac3cfd532,ID205308,CID-313,CA-0557,2025-10-27,2025-11-26,2060.54,USD,SampleGen
INV-707f7e0d-b27f-4660-8835-0b85d16f68ab,ID205309,CID-313,CA-0557,2025-11-08,2025-12-08,2403.9,USD,SampleGen
INV-c7dcf55f-3c94-47f3-93b9-82d99df55c1d,ID205310,CID-313,CA-0557,2025-11-20,2025-12-20,1464.74,USD,SampleGen
INV-1f762f98-c332-4bf3-b17a-42ffd975ef0c,ID205311,CID-313,CA-0557,2025-11-04,2025-12-04,1822.94,USD,SampleGen
INV-92e60a84-c42b-4d57-be26-edd09dc53e34,ID205312,CID-313,CA-0557,2025-12-26,2026-01-25,860.62,USD,SampleGen
INV-332222c8-f676-4fdc-8a7e-3587551b3102,ID205313,CID-313,CA-0557,2025-12-09,2026-01-08,3014.54,USD,SampleGen
INV-abe5f15f-37ac-40eb-95f9-8a06d965e085,ID205314,CID-313,CA-0557,2025-12-18,2026-01-17,523.46,USD,SampleGen
INV-38e7b398-ca8f-48fc-b18d-7f48204ac3de,ID205315,CID-313,CA-0557,2025-12-07,2026-01-06,1538.9,USD,SampleGen
INV-bfd2371f-7a85-4e1f-b97e-a90a7a64968b,ID205316,CID-313,CA-0557,2025-12-13,2026-01-12,657.04,USD,SampleGen
INV-9f6cb30d-a5e1-49d5-982f-db33896e8b06,ID205317,CID-313,CA-0557,2025-12-28,2026-01-27,1833.56,USD,SampleGen
INV-7acfb211-0c10-4f1f-b237-386c972355ab,ID205318,CID-313,CA-0557,2026-01-25,2026-02-24,1269.8,USD,SampleGen
INV-d9d32387-4fce-49cb-af9f-7c2cc1d86d4b,ID205319,CID-313,CA-0557,2026-01-12,2026-02-11,1140.46,USD,SampleGen
INV-38720393-19a2-4c78-aea0-4956a0a6b027,ID205320,CID-313,CA-0557,2026-01-10,2026-02-09,1907.82,USD,SampleGen
INV-19705570-fa23-4451-be89-b0b506152995,ID205321,CID-313,CA-0557,2026-01-06,2026-02-05,9115.68,USD,SampleGen
INV-c611a186-6c89-4e17-87f2-8a7a602afbd9,ID205322,CID-313,CA-0557,2026-02-03,2026-03-05,2323.2,USD,SampleGen
INV-be1f2df5-dd23-49ca-8c35-dbd39f26f8bb,ID205323,CID-313,CA-0557,2026-02-27,2026-03-29,2094.48,USD,SampleGen
INV-29359689-0ae0-471d-b918-306587ef4c6b,ID205324,CID-313,CA-0557,2026-02-19,2026-03-21,4235.58,USD,SampleGen
INV-2400abc2-34cb-4caf-a3bf-f5641e243a7c,ID205325,CID-313,CA-0557,2026-02-03,2026-03-05,1784.9,USD,SampleGen
INV-35157a50-de2c-4bf5-9716-ddbfb4ebdf0c,ID205326,CID-313,CA-0557,2026-02-18,2026-03-20,1074.66,USD,SampleGen
INV-5fdeae72-a9e4-4655-9374-1aea01d952a7,ID205327,CID-313,CA-0557,2026-02-23,2026-03-25,2993.32,USD,SampleGen
INV-03879bb2-81b9-4c9f-ba57-16de0165dcfe,ID205328,CID-313,CA-0557,2026-02-12,2026-03-14,4218.56,USD,SampleGen
INV-09674bdb-d0fa-4728-b1d6-8b79d2e61cf1,ID205329,CID-313,CA-0557,2026-02-20,2026-03-22,1004.64,USD,SampleGen
INV-2fa4daf2-e037-4512-bb33-3aa253399de3,ID205330,CID-313,CA-0557,2026-03-05,2026-04-04,5880.58,USD,SampleGen
INV-338154dd-bf9e-4016-a18e-6303ae30316c,ID205331,CID-313,CA-0557,2026-03-24,2026-04-23,3150.14,USD,SampleGen
INV-6c4a542f-27ac-43a9-8745-b2902e4a42a4,ID205332,CID-313,CA-0557,2026-03-30,2026-04-29,1890.88,USD,SampleGen
INV-e483b1f8-6ab7-457b-8529-d3119650d6be,ID205333,CID-313,CA-0557,2026-03-28,2026-04-27,3858.24,USD,SampleGen
INV-e39fcc1c-10c9-4a46-96a3-6ddbf1d327a6,ID205334,CID-313,CA-0557,2026-03-20,2026-04-19,896.54,USD,SampleGen
INV-3e655e17-b493-4a69-9efc-45fd8747bde1,ID205335,CID-313,CA-0557,2026-03-03,2026-04-02,3900.68,USD,SampleGen
INV-bad25d01-10e8-45da-abfc-f36fbfbdc130,ID205336,CID-313,CA-0557,2026-03-03,2026-04-02,2560.72,USD,SampleGen
INV-a908f783-c14c-4f6e-8278-b2958e68966c,ID205337,CID-313,CA-0557,2026-03-27,2026-04-26,2321.24,USD,SampleGen
INV-7110715d-4c49-4ec3-9bcf-29e231c3508b,ID205338,CID-313,CA-0557,2026-03-11,2026-04-10,7330.76,USD,SampleGen
INV-983541ad-09f0-4026-97de-32eb9c48870d,ID205339,CID-313,CA-0557,2026-03-05,2026-04-04,2620.1,USD,SampleGen
INV-cf5411cb-5d89-4832-bca3-dd75d0ec3fd1,ID205340,CID-314,CA-0559,2025-08-22,2025-09-21,1157.36,USD,SampleGen
INV-0c26532a-db6c-468d-b452-81a4e99c9e4e,ID205341,CID-314,CA-0559,2025-11-29,2025-12-29,4905.49,USD,SampleGen
INV-24c8f006-6d63-4e85-856f-f801f20a3860,ID205342,CID-314,CA-0559,2026-02-21,2026-03-23,4214.32,USD,SampleGen
INV-4436e057-a270-4b51-aa14-805e71426935,ID205343,CID-315,CA-0561,2025-06-09,2025-07-09,2096.52,USD,SampleGen
INV-bd4a613c-5da7-4532-8f57-d1434dd7be87,ID205344,CID-315,CA-0561,2025-07-27,2025-08-26,2480.18,USD,SampleGen
INV-6a2e3cb4-289c-432d-8ff4-0b6007c4fef9,ID205345,CID-315,CA-0561,2025-07-16,2025-08-15,2838.42,USD,SampleGen
INV-308f5c19-2c4c-4d9f-a51f-b6fcc585ebc5,ID205346,CID-315,CA-0561,2025-08-10,2025-09-09,1587.68,USD,SampleGen
INV-9acf5347-961a-4f6c-b42a-ace7cb2d71c7,ID205347,CID-315,CA-0561,2025-08-08,2025-09-07,1664.0,USD,SampleGen
INV-537d3700-b825-4055-bf94-42c30eed4080,ID205348,CID-315,CA-0561,2025-11-25,2025-12-25,1017.52,USD,SampleGen
INV-1c385f20-a754-4894-a9dd-18aff853a498,ID205349,CID-315,CA-0561,2025-12-02,2026-01-01,2140.98,USD,SampleGen
INV-b17c0935-5635-494c-9cf4-ef02cdcf5e59,ID205350,CID-315,CA-0561,2025-12-28,2026-01-27,5223.52,USD,SampleGen
INV-c2e6e4d7-6b64-4d23-bce3-450b2d27d89e,ID205351,CID-315,CA-0561,2025-12-29,2026-01-28,4366.96,USD,SampleGen
INV-2ced000b-89d7-40f5-9108-c48307d1e15d,ID205352,CID-315,CA-0561,2026-01-08,2026-02-07,334.88,USD,SampleGen
INV-dbdb8536-0f59-4bbe-9d7b-c730769af105,ID205353,CID-315,CA-0561,2026-01-20,2026-02-19,1645.0,USD,SampleGen
INV-cd62f40f-91b5-4083-951c-872979c23069,ID205354,CID-315,CA-0561,2026-02-23,2026-03-25,1301.46,USD,SampleGen
INV-7382acd9-806a-473a-9086-ce3431f9c5a1,ID205355,CID-315,CA-0561,2026-03-01,2026-03-31,782.16,USD,SampleGen
INV-f7733f0a-007f-4c54-9694-e326e1d62673,ID205356,CID-315,CA-0561,2026-03-15,2026-04-14,1965.14,USD,SampleGen
INV-e92efa47-70fc-47f0-a150-8597ffb91c63,ID205357,CID-315,CA-0561,2026-03-14,2026-04-13,521.4,USD,SampleGen
INV-b4c37e18-ae42-487c-9a44-9922e3f22ecd,ID205358,CID-315,CA-0561,2026-03-03,2026-04-02,637.96,USD,SampleGen
INV-6f36ab2b-4cfa-46e1-b6f9-919cadfb8ec5,ID205359,CID-315,CA-0561,2026-03-03,2026-04-02,589.2,USD,SampleGen
INV-ce340545-9434-4a05-ada0-235a9a974762,ID205360,CID-316,CA-0563,2025-06-20,2025-07-20,3438.38,USD,SampleGen
INV-a41bc3bd-da15-4ff9-a9ad-a0085600994b,ID205361,CID-316,CA-0563,2025-07-09,2025-08-08,849.9,USD,SampleGen
INV-e1d21e63-7d2c-4296-bba6-407424e6ad33,ID205362,CID-316,CA-0563,2025-08-20,2025-09-19,1157.26,USD,SampleGen
INV-41607e24-dec4-461c-b3a6-71f006670579,ID205363,CID-316,CA-0563,2025-09-21,2025-10-21,9794.12,USD,SampleGen
INV-e71a688d-2109-4aef-8e15-8c4eb394eeef,ID205364,CID-316,CA-0563,2025-10-26,2025-11-25,2804.46,USD,SampleGen
INV-ad05b40a-b174-400a-893b-cccbd8d6b263,ID205365,CID-316,CA-0563,2025-11-19,2025-12-19,2704.88,USD,SampleGen
INV-59126e2c-4042-414a-89ca-968a838f6cfc,ID205366,CID-316,CA-0563,2025-12-28,2026-01-27,1734.04,USD,SampleGen
INV-62851d3a-8a76-44a2-b0fa-9abfcd7fa440,ID205367,CID-316,CA-0563,2025-12-26,2026-01-25,4536.52,USD,SampleGen
INV-1db498e2-9226-4cdd-bc70-e20c320264d4,ID205368,CID-316,CA-0563,2026-01-31,2026-03-02,2416.68,USD,SampleGen
INV-04d87e83-d6fe-4497-9582-2cad9e263300,ID205369,CID-316,CA-0563,2026-02-28,2026-03-30,3921.74,USD,SampleGen
INV-d7e67c8a-f586-4a0f-a9a9-3bdd4944f9f1,ID205370,CID-316,CA-0563,2026-02-17,2026-03-19,5927.22,USD,SampleGen
INV-a2ba8ece-b655-46c4-91f0-b62b52172333,ID205371,CID-316,CA-0563,2026-03-09,2026-04-08,2878.86,USD,SampleGen
INV-bc853c2e-aecc-45cb-a7aa-5cf3b35618b1,ID205372,CID-316,CA-0563,2026-03-02,2026-04-01,2889.3,USD,SampleGen
INV-e5a01eb4-f305-45f8-896a-0149e24296a4,ID205373,CID-316,CA-0563,2026-03-13,2026-04-12,1918.42,USD,SampleGen
INV-40fc62fd-e797-4c78-88f1-80c590afdb6f,ID205374,CID-317,CA-0565,2025-06-18,2025-07-18,1040.7,USD,SampleGen
INV-95c15104-f152-4057-82bb-49e44ec621f2,ID205375,CID-317,CA-0565,2025-08-01,2025-08-31,1280.38,USD,SampleGen
INV-74552282-bd52-4384-b25f-c27b32c012b1,ID205376,CID-317,CA-0565,2025-08-08,2025-09-07,3518.92,USD,SampleGen
INV-a9c85d7b-8f26-4960-ac45-81dc8cba428d,ID205377,CID-317,CA-0565,2025-08-12,2025-09-11,4426.26,USD,SampleGen
INV-f479691c-8796-4a0a-a74f-c8c925b8ed33,ID205378,CID-317,CA-0565,2025-10-20,2025-11-19,1254.84,USD,SampleGen
INV-002b1293-9d59-4a08-becf-2cdf8208045f,ID205379,CID-317,CA-0565,2025-11-08,2025-12-08,436.64,USD,SampleGen
INV-dd7ecb74-d5fc-43d4-b4a6-0e304f083a99,ID205380,CID-317,CA-0565,2025-12-09,2026-01-08,4095.64,USD,SampleGen
INV-bd993fb4-dd83-437d-aea5-150b7fd20631,ID205381,CID-317,CA-0565,2025-12-23,2026-01-22,1121.26,USD,SampleGen
INV-e68e907a-cf95-4fac-ad7b-696d95373f5f,ID205382,CID-317,CA-0565,2026-01-30,2026-03-01,695.26,USD,SampleGen
INV-ecf0bb9c-3774-4137-95bc-68aafb7627bd,ID205383,CID-317,CA-0565,2026-02-27,2026-03-29,3141.72,USD,SampleGen
INV-4c3fbda1-3077-4ed5-b5d5-ffb72b94d0ce,ID205384,CID-317,CA-0565,2026-02-23,2026-03-25,1890.88,USD,SampleGen
INV-b0183c73-ed00-46ed-a910-d64e4f018324,ID205385,CID-317,CA-0565,2026-02-06,2026-03-08,3417.32,USD,SampleGen
INV-6ed2caa0-cf83-4443-8b17-c7354936eb77,ID205386,CID-317,CA-0565,2026-03-09,2026-04-08,2439.86,USD,SampleGen
INV-25a52b76-963e-40b7-81ef-01d62fac8e8e,ID205387,CID-317,CA-0565,2026-03-22,2026-04-21,472.66,USD,SampleGen
INV-003664e7-88af-4bcb-812d-5db12079b72b,ID205388,CID-317,CA-0565,2026-03-04,2026-04-03,415.42,USD,SampleGen
INV-e736c6e7-833d-48dd-8da6-4577a9e81769,ID205389,CID-317,CA-0565,2026-03-28,2026-04-27,4010.84,USD,SampleGen
INV-66604ab0-8d21-43c9-a834-98dcaa0c83e4,ID205390,CID-318,CA-0567,2025-06-05,2025-07-05,932.64,USD,SampleGen
INV-1c2e6058-7c5f-410a-9292-29822637683f,ID205391,CID-318,CA-0567,2025-07-30,2025-08-29,5969.64,USD,SampleGen
INV-69dcec21-5a94-4776-b364-db7641bc54da,ID205392,CID-318,CA-0567,2025-08-06,2025-09-05,2323.28,USD,SampleGen
INV-0a2c1f23-e0bb-45fc-a0ab-2ad854bb76e4,ID205393,CID-318,CA-0567,2025-11-08,2025-12-08,421.74,USD,SampleGen
INV-03d6bc5d-8f91-4bc3-a041-d4b15c220a75,ID205394,CID-318,CA-0567,2025-12-04,2026-01-03,502.32,USD,SampleGen
INV-420f2c42-7481-49f2-9da6-9cad22d86e62,ID205395,CID-318,CA-0567,2026-01-27,2026-02-26,445.08,USD,SampleGen
INV-5cf4f412-d55d-491f-ab12-3726684736b5,ID205396,CID-318,CA-0567,2026-02-04,2026-03-06,2160.12,USD,SampleGen
INV-f90a4505-e2e8-4602-8ffc-9ead7d592a28,ID205397,CID-318,CA-0567,2026-03-22,2026-04-21,2698.52,USD,SampleGen
INV-d7d78ae5-b549-4e4d-96a6-bf24035c9e9b,ID205398,CID-318,CA-0567,2026-03-10,2026-04-09,690.96,USD,SampleGen
INV-22e245c4-d09b-43f2-9239-45f66e465497,ID205399,CID-318,CA-0567,2026-03-12,2026-04-11,1975.64,USD,SampleGen
INV-9a4f75bf-e416-44df-9c5a-a1327c7465db,ID205400,CID-319,CA-0569,2025-06-13,2025-07-13,1984.2,USD,SampleGen
INV-3fdaffd9-b718-46ba-a57d-30b0e5ceab2c,ID205401,CID-319,CA-0569,2025-06-10,2025-07-10,572.26,USD,SampleGen
INV-48b00aa8-843b-4ace-a2a1-248200d618d7,ID205402,CID-319,CA-0569,2025-07-22,2025-08-21,839.32,USD,SampleGen
INV-7d24bf41-2e71-4212-8c9b-d7f4ec5fd939,ID205403,CID-319,CA-0569,2025-07-20,2025-08-19,2764.22,USD,SampleGen
INV-d05ce37e-7c20-4a89-8875-d4c00319766c,ID205404,CID-319,CA-0569,2025-08-03,2025-09-02,754.48,USD,SampleGen
INV-b0998e01-53af-43b8-9de7-8e4c4018f2e3,ID205405,CID-319,CA-0569,2025-08-11,2025-09-10,3764.92,USD,SampleGen
INV-cca45a67-be2f-49cf-b781-a3735c1a3343,ID205406,CID-319,CA-0569,2025-08-18,2025-09-17,737.58,USD,SampleGen
INV-3eb77671-5ee8-42d2-85ac-fddae11c3ee2,ID205407,CID-319,CA-0569,2025-09-13,2025-10-13,5223.52,USD,SampleGen
INV-74c6b7d2-6d1d-4da1-b737-6a1026e0261b,ID205408,CID-319,CA-0569,2025-10-09,2025-11-08,2052.04,USD,SampleGen
INV-7981c269-5369-4b08-a83d-5318f4b31271,ID205409,CID-319,CA-0569,2025-11-27,2025-12-27,2094.48,USD,SampleGen
INV-f8473753-aaa6-47d7-b1a3-605bc727a911,ID205410,CID-319,CA-0569,2025-12-28,2026-01-27,2185.46,USD,SampleGen
INV-f60563c1-03a9-48ee-bc38-05bc841a2703,ID205411,CID-319,CA-0569,2025-12-22,2026-01-21,351.8,USD,SampleGen
INV-5c2812cb-7bf5-4e2b-a87f-38a70a86c505,ID205412,CID-319,CA-0569,2026-01-27,2026-02-26,426.02,USD,SampleGen
INV-df81a844-b5b7-483e-807e-93a2dd69c717,ID205413,CID-319,CA-0569,2026-01-30,2026-03-01,254.34,USD,SampleGen
INV-a8058202-36c0-4126-8a28-6053a12dc66c,ID205414,CID-319,CA-0569,2026-02-27,2026-03-29,3277.34,USD,SampleGen
INV-7deb7640-9128-49c1-b48a-64144cc99357,ID205415,CID-319,CA-0569,2026-02-15,2026-03-17,3841.18,USD,SampleGen
INV-03e47ab7-df1f-4d31-984f-e906bec74a81,ID205416,CID-319,CA-0569,2026-02-09,2026-03-11,419.64,USD,SampleGen
INV-c3efa596-a2b8-4e5e-a6eb-391289f74edd,ID205417,CID-319,CA-0569,2026-02-04,2026-03-06,712.22,USD,SampleGen
INV-4a9cd7db-f0aa-4d2e-a7c9-337d35d37611,ID205418,CID-319,CA-0569,2026-03-26,2026-04-25,2615.82,USD,SampleGen
INV-82994403-6bd7-4cc5-8021-94e34bffdbae,ID205419,CID-319,CA-0569,2026-03-28,2026-04-27,4430.58,USD,SampleGen
INV-ddeede83-b1fa-44a0-af9d-1ad574420988,ID205420,CID-319,CA-0569,2026-03-11,2026-04-10,4685.06,USD,SampleGen
INV-fd8154b7-419c-437e-8d72-22f3bf44ec61,ID205421,CID-319,CA-0569,2026-03-28,2026-04-27,417.54,USD,SampleGen
INV-e42abbcf-d77e-42ff-99b8-a6fe549ba72d,ID205422,CID-320,CA-1520,2025-06-12,2025-07-12,663.4,USD,SampleGen
INV-ea82b2f4-a455-428b-88a5-04a629d69694,ID205423,CID-320,CA-1520,2025-07-18,2025-08-17,720.6,USD,SampleGen
INV-83294898-954b-49d7-8b73-eec40e72d788,ID205424,CID-320,CA-1520,2025-08-29,2025-09-28,2230.0,USD,SampleGen
INV-a12a89f1-37aa-4e50-892d-2638fcf1b430,ID205425,CID-320,CA-1520,2025-08-19,2025-09-18,1700.02,USD,SampleGen
INV-ad1657ff-ce71-42ca-aac8-f6df18b85292,ID205426,CID-320,CA-1520,2025-11-18,2025-12-18,2102.92,USD,SampleGen
INV-d6813fa2-1158-4184-abef-0d4b005e44fc,ID205427,CID-320,CA-1520,2026-01-01,2026-01-31,1479.6,USD,SampleGen
INV-6f7b427d-ea3b-4c37-8b1b-d4ac7e36e89c,ID205428,CID-320,CA-1520,2026-01-16,2026-02-15,886.04,USD,SampleGen
INV-e2d2f857-00f4-4bb9-ab25-6ded98b8dd73,ID205429,CID-320,CA-1520,2026-02-24,2026-03-26,2323.34,USD,SampleGen
INV-24b595c3-72d3-4e53-bc96-0092f5b425a3,ID205430,CID-320,CA-1520,2026-02-07,2026-03-09,2696.46,USD,SampleGen
INV-d10c8bc1-cd6c-4fa3-9e77-71cc396479bc,ID205431,CID-320,CA-1520,2026-03-24,2026-04-23,2395.34,USD,SampleGen
INV-d2a6f9b4-1bc6-4550-927b-06b74ec51fad,ID205432,CID-321,CA-1521,2025-07-15,2025-08-14,3777.64,USD,SampleGen
INV-71d5b6c1-3261-41db-96c7-ac30142a1641,ID205433,CID-321,CA-1521,2025-08-23,2025-09-22,3103.52,USD,SampleGen
INV-efbba111-f6ac-4739-835d-668bff528db1,ID205434,CID-321,CA-1521,2026-03-01,2026-03-31,2526.88,USD,SampleGen
INV-b10138ed-5295-4b56-ab6f-c23fc706efaf,ID205435,CID-322,CA-0573,2025-06-16,2025-07-16,839.34,USD,SampleGen
INV-9e450969-9e3a-4e76-ae4e-4bda288b917f,ID205436,CID-322,CA-0573,2025-07-27,2025-08-26,6126.62,USD,SampleGen
INV-d77b936f-85ca-4dcc-8405-48315fa2cef3,ID205437,CID-322,CA-0573,2025-07-30,2025-08-29,398.44,USD,SampleGen
INV-c0bcf0a8-c06e-46ee-a22f-a44ab75579e5,ID205438,CID-322,CA-0573,2025-08-03,2025-09-02,4394.56,USD,SampleGen
INV-8904da01-87db-4364-9d85-954ffe2e1766,ID205439,CID-322,CA-0573,2025-08-25,2025-09-24,919.88,USD,SampleGen
INV-f1ccc265-940e-4642-beb7-aa86b619261c,ID205440,CID-322,CA-0573,2025-09-27,2025-10-27,2798.24,USD,SampleGen
INV-6fe49b8c-552a-4cff-9e53-c8e3aadaccc5,ID205441,CID-322,CA-0573,2025-10-09,2025-11-08,584.96,USD,SampleGen
INV-0a65cc1b-847f-4810-8497-4b2fee3332a5,ID205442,CID-322,CA-0573,2025-11-12,2025-12-12,491.72,USD,SampleGen
INV-53bf998e-1387-4f47-8b31-0f5c57e8ee6d,ID205443,CID-322,CA-0573,2025-12-21,2026-01-20,3107.76,USD,SampleGen
INV-80270bda-ed20-4ee6-ab8c-e4113ef9d96a,ID205444,CID-322,CA-0573,2025-12-09,2026-01-08,2590.46,USD,SampleGen
INV-10cbed75-8bde-465e-a6b0-d2d5f46e2f3f,ID205445,CID-322,CA-0573,2025-12-18,2026-01-17,886.04,USD,SampleGen
INV-d6553b31-9347-4642-b661-6e24a8408c94,ID205446,CID-322,CA-0573,2026-01-28,2026-02-27,472.66,USD,SampleGen
INV-d614dd55-da2d-4c90-a2a7-f085cf8daa81,ID205447,CID-322,CA-0573,2026-01-10,2026-02-09,957.98,USD,SampleGen
INV-1d36c6c9-f770-444a-b5b3-035a2cb7ac3e,ID205448,CID-322,CA-0573,2026-02-24,2026-03-26,1619.38,USD,SampleGen
INV-f45c0ae6-58ef-46df-8926-0e574b41a339,ID205449,CID-322,CA-0573,2026-02-11,2026-03-13,3667.48,USD,SampleGen
INV-1997f44c-e535-49e7-aef8-4626117f1f88,ID205450,CID-322,CA-0573,2026-02-07,2026-03-09,5308.32,USD,SampleGen
INV-f0fc9ded-0c3b-4dbe-8b92-bd455316b069,ID205451,CID-322,CA-0573,2026-03-11,2026-04-10,4212.22,USD,SampleGen
INV-dc122b6b-5f38-462c-9a1a-68dda0de59c3,ID205452,CID-322,CA-0573,2026-03-06,2026-04-05,3667.36,USD,SampleGen
INV-ff8f5ed3-346d-45ff-91a1-e3480cfd2556,ID205453,CID-322,CA-0573,2026-03-16,2026-04-15,3071.72,USD,SampleGen
INV-4a0ecb97-afa6-446c-a290-4c6092b58d07,ID205454,CID-323,CA-0575,2025-06-24,2025-07-24,813.98,USD,SampleGen
INV-a8fd8ad0-b837-4cb3-9246-1dc962f38b34,ID205455,CID-323,CA-0575,2025-07-30,2025-08-29,1647.02,USD,SampleGen
INV-72bdc7f0-26ac-4ed1-9b56-fd0d178dc623,ID205456,CID-323,CA-0575,2025-08-19,2025-09-18,1133.94,USD,SampleGen
INV-09159ec3-4a1e-4113-ba67-b574e9a92148,ID205457,CID-323,CA-0575,2025-09-27,2025-10-27,3639.86,USD,SampleGen
INV-d6c08677-ff33-43f9-891d-a8e389fc0a12,ID205458,CID-323,CA-0575,2025-10-13,2025-11-12,2049.9,USD,SampleGen
INV-f624bcb1-383e-48c8-8a2e-5578f43573cd,ID205459,CID-323,CA-0575,2025-11-12,2025-12-12,4184.74,USD,SampleGen
INV-fedd4103-b8dc-4c69-9abe-a70ad84085b8,ID205460,CID-323,CA-0575,2025-12-02,2026-01-01,576.48,USD,SampleGen
INV-c2381f90-0a92-452a-aec9-701ced5bc80d,ID205461,CID-323,CA-0575,2026-02-24,2026-03-26,3514.86,USD,SampleGen
INV-803b324e-1bf8-41da-9bd0-89e63df05a40,ID205462,CID-323,CA-0575,2026-03-30,2026-04-29,4381.78,USD,SampleGen
INV-ee6af0b1-7f87-47b5-ad7d-0a873853b4ed,ID205463,CID-324,CA-0577,2025-06-05,2025-07-05,3417.32,USD,SampleGen
INV-080bf845-0c0a-4708-a2e2-e950452b4b95,ID205464,CID-324,CA-0577,2025-06-14,2025-07-14,4184.66,USD,SampleGen
INV-03b879c0-5c34-47e0-be58-613765491c6d,ID205465,CID-324,CA-0577,2025-07-13,2025-08-12,2187.68,USD,SampleGen
INV-30c805ef-66f4-4b27-a79a-56dd69067c50,ID205466,CID-324,CA-0577,2025-07-19,2025-08-18,1831.48,USD,SampleGen
INV-bf9b8c26-6c39-48c1-a54d-e02738d7c9d7,ID205467,CID-324,CA-0577,2025-08-20,2025-09-19,2022.28,USD,SampleGen
INV-71cbbcd4-4651-4592-8b0a-f6d6f0109446,ID205468,CID-324,CA-0577,2025-08-17,2025-09-16,1795.5,USD,SampleGen
INV-fea27709-0642-4f47-9838-b7b5a73845df,ID205469,CID-324,CA-0577,2025-08-21,2025-09-20,1899.4,USD,SampleGen
INV-827e926c-56e4-4a7c-a55d-d55603a67dba,ID205470,CID-324,CA-0577,2025-08-13,2025-09-12,2416.58,USD,SampleGen
INV-f9b89f23-a5a8-41a4-b473-b3555d86dfb4,ID205471,CID-324,CA-0577,2025-09-27,2025-10-27,4943.6,USD,SampleGen
INV-5e438b39-33f0-4526-b3e5-3e1ab6e5d568,ID205472,CID-324,CA-0577,2025-10-27,2025-11-26,2098.7,USD,SampleGen
INV-d6f37eb6-5b6f-4881-b17b-856064d0d383,ID205473,CID-324,CA-0577,2025-11-26,2025-12-26,1146.66,USD,SampleGen
INV-4bdcf005-c2d2-4538-bad8-3d8b4046a5c5,ID205474,CID-324,CA-0577,2025-12-18,2026-01-17,1950.2,USD,SampleGen
INV-477ed70b-72b6-4c5f-a18b-b5417ee57481,ID205475,CID-324,CA-0577,2025-12-11,2026-01-10,1795.5,USD,SampleGen
INV-ee5ae0e3-cf50-403b-b0bd-2e01802218d8,ID205476,CID-324,CA-0577,2025-12-06,2026-01-05,3230.72,USD,SampleGen
INV-d3ee1312-796c-4194-86a4-2e4e616acef8,ID205477,CID-324,CA-0577,2025-12-08,2026-01-07,415.42,USD,SampleGen
INV-9b1483a6-bd96-4130-8e4e-994e4ce80ece,ID205478,CID-324,CA-0577,2026-01-11,2026-02-10,4273.64,USD,SampleGen
INV-8fc38785-3c9e-43b5-8400-90f2987a4a4c,ID205479,CID-324,CA-0577,2026-01-30,2026-03-01,1087.48,USD,SampleGen
INV-c80900e7-ed6f-4d49-90fc-4e601a996047,ID205480,CID-324,CA-0577,2026-01-21,2026-02-20,97.5,USD,SampleGen
INV-d4e2d56f-3e25-44b2-8b15-d3087b27be39,ID205481,CID-324,CA-0577,2026-02-07,2026-03-09,623.16,USD,SampleGen
INV-403a7813-3ad0-488e-bb2a-500097bd2bae,ID205482,CID-324,CA-0577,2026-02-22,2026-03-24,5053.88,USD,SampleGen
INV-d7c68d0a-dfc0-43f6-915d-28d5edc65d21,ID205483,CID-324,CA-0577,2026-02-15,2026-03-17,4237.62,USD,SampleGen
INV-5673579b-1a70-49a4-9030-130bfc7ef7d1,ID205484,CID-324,CA-0577,2026-02-04,2026-03-06,4640.4,USD,SampleGen
INV-83caf934-872e-4b36-a88e-12c5317cd93e,ID205485,CID-324,CA-0577,2026-02-13,2026-03-15,584.94,USD,SampleGen
INV-6c0a78b2-a377-44d5-b15c-ed956c053913,ID205486,CID-324,CA-0577,2026-03-16,2026-04-15,4188.96,USD,SampleGen
INV-2c076c09-81f9-414d-8749-a02759595711,ID205487,CID-324,CA-0577,2026-03-16,2026-04-15,508.68,USD,SampleGen
INV-279f6745-4ad6-491e-80b1-1c60920d611b,ID205488,CID-324,CA-0577,2026-03-02,2026-04-01,3781.96,USD,SampleGen
INV-6a1e31f4-9061-4ca5-b817-db06ca700aaa,ID205489,CID-324,CA-0577,2026-03-09,2026-04-08,1488.1,USD,SampleGen
INV-adc96f1d-aa65-4a73-90f9-3f1d50119295,ID205490,CID-324,CA-0577,2026-03-19,2026-04-18,1856.96,USD,SampleGen
INV-28d0d6a5-31c1-423a-8c3c-ea359bcc3d91,ID205491,CID-324,CA-0577,2026-03-10,2026-04-09,472.62,USD,SampleGen
INV-8a3c183d-e55b-4119-b463-89e77aad6fac,ID205492,CID-324,CA-0577,2026-03-27,2026-04-26,1098.06,USD,SampleGen
INV-e64e11bd-a9a2-4914-aa00-c28c590cdb69,ID205493,CID-325,CA-0579,2025-07-14,2025-08-13,1098.06,USD,SampleGen
INV-272a75ae-c75e-4bd1-a787-b2c94c618393,ID205494,CID-325,CA-0579,2025-12-17,2026-01-16,4417.96,USD,SampleGen
INV-49f0652c-7908-495f-bfe2-9541a81aa337,ID205495,CID-325,CA-0579,2026-01-02,2026-02-01,3582.58,USD,SampleGen
INV-e6eff0f0-8b57-4bed-8306-b3e8c0dcc086,ID205496,CID-325,CA-0579,2026-02-09,2026-03-11,917.74,USD,SampleGen
INV-66713101-d11a-44cc-86ad-d8cb381ae217,ID205497,CID-325,CA-0579,2026-03-03,2026-04-02,5456.58,USD,SampleGen
INV-2fe57c79-10af-425e-a2a4-30c653408258,ID205498,CID-326,CA-0581,2025-06-05,2025-07-05,483.28,USD,SampleGen
INV-8967f886-5acb-42cc-a2fb-81fc563f4e3c,ID205499,CID-326,CA-0581,2025-06-02,2025-07-02,1729.72,USD,SampleGen
INV-ac09d95b-2707-46e9-9f59-3d4e4ce5fc86,ID205500,CID-326,CA-0581,2025-07-22,2025-08-21,716.44,USD,SampleGen
INV-3518d298-6392-4d54-95ac-51ab0ea7a59e,ID205501,CID-326,CA-0581,2025-07-30,2025-08-29,1047.1,USD,SampleGen
INV-d959088d-aa59-4a4c-aced-8f8216fe33b8,ID205502,CID-326,CA-0581,2025-07-30,2025-08-29,4585.34,USD,SampleGen
INV-405d748c-4e21-47e4-8e21-b30b16f4d494,ID205503,CID-326,CA-0581,2025-08-29,2025-09-28,548.94,USD,SampleGen
INV-31176702-24ce-4cf8-b79c-f3fe88d06ac9,ID205504,CID-326,CA-0581,2025-08-02,2025-09-01,483.28,USD,SampleGen
INV-f0cdaa0a-8dd2-4382-a41d-13a818c0f770,ID205505,CID-326,CA-0581,2025-08-16,2025-09-15,1452.06,USD,SampleGen
INV-d685b58a-9166-461b-b960-d93bbc74a4ec,ID205506,CID-326,CA-0581,2025-09-26,2025-10-26,2198.16,USD,SampleGen
INV-abf6135c-3cd6-4c10-85d1-bef78a3e065a,ID205507,CID-326,CA-0581,2025-10-27,2025-11-26,2577.76,USD,SampleGen
INV-b0019f3c-f4b3-4591-b5b2-2e6399ae2a04,ID205508,CID-326,CA-0581,2025-11-04,2025-12-04,5223.52,USD,SampleGen
INV-fd729190-1a53-459c-ba28-29fdcbf7af65,ID205509,CID-326,CA-0581,2025-11-02,2025-12-02,3531.7,USD,SampleGen
INV-87e715e9-062d-45b9-b96c-feec2e26e1dd,ID205510,CID-326,CA-0581,2025-12-02,2026-01-01,2268.22,USD,SampleGen
INV-7703d1ff-6926-4725-be5e-448fa05dd3f5,ID205511,CID-326,CA-0581,2025-12-17,2026-01-16,2522.58,USD,SampleGen
INV-4c9ec0c5-a1d6-40e8-bebc-ef058a86e9dd,ID205512,CID-326,CA-0581,2025-12-21,2026-01-20,3695.02,USD,SampleGen
INV-68ed2d60-4df2-4d6e-9cc5-36e6857465ff,ID205513,CID-326,CA-0581,2026-01-16,2026-02-15,3050.48,USD,SampleGen
INV-b343be84-a448-498a-9af0-63bf2eb9d9a6,ID205514,CID-326,CA-0581,2026-01-15,2026-02-14,932.7,USD,SampleGen
INV-ca232109-ae63-4b88-8828-73dc88790f8a,ID205515,CID-326,CA-0581,2026-01-20,2026-02-19,254.34,USD,SampleGen
INV-91c715b6-65a5-4838-8279-802cc336e694,ID205516,CID-326,CA-0581,2026-02-19,2026-03-21,1806.12,USD,SampleGen
INV-42dc71f3-7f8b-42e2-82bf-e625822e7a41,ID205517,CID-326,CA-0581,2026-02-15,2026-03-17,2162.24,USD,SampleGen
INV-d4f0c860-ad16-45b2-96b2-c12aba28bf9e,ID205518,CID-326,CA-0581,2026-02-24,2026-03-26,3222.18,USD,SampleGen
INV-2752f8da-c08c-47be-bc56-b123cc8648ca,ID205519,CID-326,CA-0581,2026-02-07,2026-03-09,962.34,USD,SampleGen
INV-c54f6acb-7af7-4cfc-955a-7b82c8a5b000,ID205520,CID-326,CA-0581,2026-03-24,2026-04-23,1483.86,USD,SampleGen
INV-9fb3eb60-feb2-431a-83a0-0f69fd2123ef,ID205521,CID-326,CA-0581,2026-03-29,2026-04-28,2211.02,USD,SampleGen
INV-859d52f7-ed92-47b1-a787-4ec50b633d56,ID205522,CID-326,CA-0581,2026-03-03,2026-04-02,487.5,USD,SampleGen
INV-fc970270-e337-45c9-ba64-816be33bc477,ID205523,CID-326,CA-0581,2026-03-10,2026-04-09,1982.02,USD,SampleGen
INV-990495ce-1d00-4775-afe7-7f89ff10b16b,ID205524,CID-326,CA-0581,2026-03-09,2026-04-08,462.04,USD,SampleGen
INV-36875cb7-046b-4d46-8897-0334f74be7f5,ID205525,CID-326,CA-0581,2026-03-21,2026-04-20,1996.78,USD,SampleGen
INV-11aa2e00-b652-4b9e-8f64-98bd29ab5938,ID205526,CID-327,CA-0583,2025-06-08,2025-07-08,1028.0,USD,SampleGen
INV-d5c81142-c70f-4905-8957-25bc146da9c7,ID205527,CID-327,CA-0583,2025-07-05,2025-08-04,722.74,USD,SampleGen
INV-6aaa52cc-24fa-4f3d-9f00-ac4ab09ee865,ID205528,CID-327,CA-0583,2025-07-12,2025-08-11,646.42,USD,SampleGen
INV-cf1b236b-910c-44b8-97bb-3efa85d00ded,ID205529,CID-327,CA-0583,2025-08-27,2025-09-26,3896.26,USD,SampleGen
INV-f3cdce7b-ef03-40ab-ad24-04aa47cf8efa,ID205530,CID-327,CA-0583,2025-08-11,2025-09-10,642.24,USD,SampleGen
INV-9795c60b-cecb-4ef4-b957-bb85c83f1dc3,ID205531,CID-327,CA-0583,2025-09-08,2025-10-08,6771.02,USD,SampleGen
INV-7fdd4334-f13a-4dd2-8f62-1aa43647ecd9,ID205532,CID-327,CA-0583,2025-10-26,2025-11-25,676.08,USD,SampleGen
INV-3f968e7a-2850-4eb6-9582-f6b8410b5295,ID205533,CID-327,CA-0583,2025-11-09,2025-12-09,1335.46,USD,SampleGen
INV-d24428e3-706e-41eb-ae4a-5f5b2e13fdc4,ID205534,CID-327,CA-0583,2025-12-26,2026-01-25,538.36,USD,SampleGen
INV-b12dd972-8657-46a5-94f1-d766803143e2,ID205535,CID-327,CA-0583,2025-12-31,2026-01-30,2592.5,USD,SampleGen
INV-45c349e3-416c-4055-bc58-b84a5ca827f6,ID205536,CID-327,CA-0583,2026-01-05,2026-02-04,4542.96,USD,SampleGen
INV-938da877-a1dd-47eb-8974-881176b7f4e3,ID205537,CID-327,CA-0583,2026-02-17,2026-03-19,2367.84,USD,SampleGen
INV-59a4e234-9013-493d-8f7a-28e02642aabd,ID205538,CID-327,CA-0583,2026-02-10,2026-03-12,898.66,USD,SampleGen
INV-21c0dca3-bb60-48b3-a76f-03de46565cef,ID205539,CID-327,CA-0583,2026-02-16,2026-03-18,648.52,USD,SampleGen
INV-9d95f8c2-441b-4998-9cbc-7ed3fef0a2f1,ID205540,CID-327,CA-0583,2026-03-25,2026-04-24,928.32,USD,SampleGen
INV-3376ceee-3edf-4adc-8cf2-9db39ad28def,ID205541,CID-327,CA-0583,2026-04-01,2026-05-01,4405.08,USD,SampleGen
INV-9880cfa5-ca43-4339-90a5-f971cec8deee,ID205542,CID-327,CA-0583,2026-03-27,2026-04-26,1246.42,USD,SampleGen
INV-71933c6a-aa36-409d-93c3-eafb349baacf,ID205543,CID-327,CA-0583,2026-03-13,2026-04-12,1418.16,USD,SampleGen
INV-7b699d38-b286-470a-9a4d-9e2616fbc976,ID205544,CID-328,CA-0585,2025-07-11,2025-08-10,3044.14,USD,SampleGen
INV-bda0a76f-fed4-4c09-b1a1-c38ed72dfcc6,ID205545,CID-328,CA-0585,2025-08-11,2025-09-10,495.96,USD,SampleGen
INV-bf353ca5-7ceb-45bf-b2b6-fc0569a2d68b,ID205546,CID-328,CA-0585,2025-10-26,2025-11-25,1314.18,USD,SampleGen
INV-05cbc5bc-3c4d-4b23-9a7a-5410b1f17192,ID205547,CID-328,CA-0585,2025-11-26,2025-12-26,8127.9,USD,SampleGen
INV-7f21eb85-971e-49d4-9b42-45ca64f75520,ID205548,CID-328,CA-0585,2025-12-26,2026-01-25,843.62,USD,SampleGen
INV-76b65cba-8959-47d7-9b5f-cc9f4c4f57d4,ID205549,CID-328,CA-0585,2026-01-19,2026-02-18,536.26,USD,SampleGen
INV-b4366c38-7bfc-4d9a-ac0d-1f09ace33528,ID205550,CID-328,CA-0585,2026-02-25,2026-03-27,3198.84,USD,SampleGen
INV-c5ec4488-3eb6-4ff0-968f-29b9c75f630f,ID205551,CID-328,CA-0585,2026-02-04,2026-03-06,1971.46,USD,SampleGen
INV-954d7830-7ba1-4660-b91a-d61b75f3133e,ID205552,CID-328,CA-0585,2026-03-09,2026-04-08,1555.92,USD,SampleGen
INV-e99931da-9cde-458e-b0b8-bb7688f0d8f9,ID205553,CID-328,CA-0585,2026-03-17,2026-04-16,4481.46,USD,SampleGen
INV-cafb0b7d-7417-4a30-9012-a1764e305a00,ID205554,CID-329,CA-0587,2025-06-25,2025-07-25,3491.46,USD,SampleGen
INV-3fe8a87d-d5d0-49d9-b9a5-aa4b528b9bfa,ID205555,CID-329,CA-0587,2025-07-07,2025-08-06,1028.02,USD,SampleGen
INV-a73e7513-2bb9-427e-a7fe-da9ed7d155a7,ID205556,CID-329,CA-0587,2025-08-22,2025-09-21,722.74,USD,SampleGen
INV-1acc8c1a-36e8-433f-b393-687589d29033,ID205557,CID-329,CA-0587,2025-08-28,2025-09-27,241.56,USD,SampleGen
INV-6d80f648-9e11-421e-9514-d47aad6de3dd,ID205558,CID-329,CA-0587,2025-09-02,2025-10-02,2878.82,USD,SampleGen
INV-15acd50f-1625-450b-94da-e2e90e8f7bfa,ID205559,CID-329,CA-0587,2025-11-21,2025-12-21,3345.16,USD,SampleGen
INV-ab0dbe8f-99a5-4934-86da-dac7ca6dce31,ID205560,CID-329,CA-0587,2025-12-09,2026-01-08,2963.64,USD,SampleGen
INV-6feab795-7766-4952-b802-9a7fb403cd93,ID205561,CID-329,CA-0587,2025-12-28,2026-01-27,2798.18,USD,SampleGen
INV-3f6740d9-3e4b-4261-8815-1367e1bfc90e,ID205562,CID-329,CA-0587,2026-01-23,2026-02-22,97.5,USD,SampleGen
INV-8e28a67e-dab2-4290-86f5-3fc38308ca59,ID205563,CID-329,CA-0587,2026-02-21,2026-03-23,3760.7,USD,SampleGen
INV-4ae19264-cec5-4916-8ed4-10561b18fa01,ID205564,CID-329,CA-0587,2026-02-02,2026-03-04,5236.14,USD,SampleGen
INV-e3b32c27-be3e-44c2-819e-b7b460efc590,ID205565,CID-329,CA-0587,2026-03-07,2026-04-06,4935.08,USD,SampleGen
INV-b2c41d0c-dec2-4bc9-a6f6-13966028f906,ID205566,CID-329,CA-0587,2026-03-12,2026-04-11,1568.68,USD,SampleGen
INV-65fd0534-9e80-4e50-bc9c-e71860950b43,ID205567,CID-330,CA-0589,2025-06-06,2025-07-06,4271.58,USD,SampleGen
INV-6d988d8d-82da-41ac-a84c-a9a334b18841,ID205568,CID-330,CA-0589,2025-07-09,2025-08-08,877.44,USD,SampleGen
INV-23fdb97a-b7f9-46fd-ab27-b0bfd206286f,ID205569,CID-330,CA-0589,2025-08-20,2025-09-19,941.1,USD,SampleGen
INV-08c2fc01-18a2-429c-ba3c-4f22161cd74c,ID205570,CID-330,CA-0589,2025-08-20,2025-09-19,657.04,USD,SampleGen
INV-25e5f28a-5f9f-4b7e-8c60-ac5119a8a6eb,ID205571,CID-330,CA-0589,2025-09-06,2025-10-06,2077.38,USD,SampleGen
INV-bcc1cf0f-a486-4c58-a7fd-8d049357e2e3,ID205572,CID-330,CA-0589,2025-10-17,2025-11-16,514.94,USD,SampleGen
INV-632d9df7-8945-461e-92a8-9a81e44439fd,ID205573,CID-330,CA-0589,2025-11-25,2025-12-25,1746.68,USD,SampleGen
INV-72d9668d-8638-4e57-8b95-786c7705fc99,ID205574,CID-330,CA-0589,2025-12-04,2026-01-03,2556.52,USD,SampleGen
INV-9616c1e8-c4b6-4828-8d8c-38c8fd20adea,ID205575,CID-330,CA-0589,2026-01-17,2026-02-16,1208.34,USD,SampleGen
INV-fb826ac4-f3ab-47b8-8715-ec51ae561e79,ID205576,CID-330,CA-0589,2026-03-01,2026-03-31,6236.78,USD,SampleGen
INV-3807af32-7c75-4139-8bb8-a353f1ccedc2,ID205577,CID-330,CA-0589,2026-02-09,2026-03-11,580.78,USD,SampleGen
INV-883667f0-56e8-4021-ac33-708c85149571,ID205578,CID-330,CA-0589,2026-03-19,2026-04-18,440.84,USD,SampleGen
INV-c58310b3-a51e-4dbf-9e7a-ef2d493c54cc,ID205579,CID-330,CA-0589,2026-03-13,2026-04-12,2018.06,USD,SampleGen
INV-4115fdc0-72b8-4302-865b-05ff2e4d8769,ID205580,CID-331,CA-0591,2025-06-27,2025-07-27,300.96,USD,SampleGen
INV-659bc717-de08-43f0-889d-af1e7c3d1769,ID205581,CID-331,CA-0591,2025-06-06,2025-07-06,2670.98,USD,SampleGen
INV-d6fef83d-6d9b-4531-8edf-c0ea7250949e,ID205582,CID-331,CA-0591,2025-07-03,2025-08-02,1303.56,USD,SampleGen
INV-2eb662af-f6c7-45c3-b34e-4ffdc3260a1f,ID205583,CID-331,CA-0591,2025-07-08,2025-08-07,919.84,USD,SampleGen
INV-b88e017e-8e9f-4000-b1e6-8ac9b027b90c,ID205584,CID-331,CA-0591,2025-07-28,2025-08-27,1174.2,USD,SampleGen
INV-c9a820e7-582f-41f3-9227-258e310d19fc,ID205585,CID-331,CA-0591,2025-07-10,2025-08-09,2764.32,USD,SampleGen
INV-82a560c4-5952-4959-95a7-a14fca12a53b,ID205586,CID-331,CA-0591,2025-08-12,2025-09-11,2213.04,USD,SampleGen
INV-a3e2847b-5791-472f-ae30-471a35678215,ID205587,CID-331,CA-0591,2025-08-05,2025-09-04,860.58,USD,SampleGen
INV-21061c52-a2db-4ecb-9ba4-f5a1fd018e3b,ID205588,CID-331,CA-0591,2025-08-06,2025-09-05,1640.76,USD,SampleGen
INV-c76d4ba7-e572-43bc-b8e3-413d39c4f169,ID205589,CID-331,CA-0591,2025-08-08,2025-09-07,2158.0,USD,SampleGen
INV-8d8bfa38-280c-4bc0-801f-86712b5240fc,ID205590,CID-331,CA-0591,2025-08-16,2025-09-15,3082.26,USD,SampleGen
INV-d571ef69-c5bd-4a40-9a8d-1fbf25a60d01,ID205591,CID-331,CA-0591,2025-09-20,2025-10-20,2225.84,USD,SampleGen
INV-926bd722-6d34-4a22-9b59-e55d55460bc9,ID205592,CID-331,CA-0591,2025-09-12,2025-10-12,271.28,USD,SampleGen
INV-cef3ff99-573e-40f6-b96d-472b24921944,ID205593,CID-331,CA-0591,2025-10-15,2025-11-14,3858.24,USD,SampleGen
INV-8dc9aeaa-8e61-4f50-90ba-4756f1a24a3a,ID205594,CID-331,CA-0591,2025-11-24,2025-12-24,1890.88,USD,SampleGen
INV-b5c0a47d-92d3-457a-9cb1-f86c08a51709,ID205595,CID-331,CA-0591,2025-11-12,2025-12-12,964.44,USD,SampleGen
INV-052c6dc8-39cf-4231-8310-5bba24fa3ac5,ID205596,CID-331,CA-0591,2025-12-13,2026-01-12,2768.46,USD,SampleGen
INV-a72230cb-1be1-482e-bfa5-68896a1568a0,ID205597,CID-331,CA-0591,2025-12-23,2026-01-22,4294.9,USD,SampleGen
INV-a68246ec-6ac2-4922-887c-6a8680c191dc,ID205598,CID-331,CA-0591,2025-12-03,2026-01-02,5528.76,USD,SampleGen
INV-8503f2c7-332e-40ca-a2e2-471a22c99d05,ID205599,CID-331,CA-0591,2025-12-16,2026-01-15,4432.62,USD,SampleGen
INV-b0a0c07e-8259-4bfa-8a44-386389145b1e,ID205600,CID-331,CA-0591,2026-01-29,2026-02-28,1806.2,USD,SampleGen
INV-7fabb9cc-c8bf-48cf-a929-72202bb794fd,ID205601,CID-331,CA-0591,2026-01-15,2026-02-14,6376.72,USD,SampleGen
INV-42fb0a71-f6cf-4a1d-b93e-e027ed09edc7,ID205602,CID-331,CA-0591,2026-01-26,2026-02-25,69.94,USD,SampleGen
INV-15d17b18-5fa2-4a28-8e02-e445f9cbec2c,ID205603,CID-331,CA-0591,2026-01-11,2026-02-10,1869.66,USD,SampleGen
INV-d95d6d44-628a-4124-ad4e-74cd18db6fdf,ID205604,CID-331,CA-0591,2026-02-24,2026-03-26,4820.74,USD,SampleGen
INV-0fe6c445-5f4e-4ead-8874-062841acb56d,ID205605,CID-331,CA-0591,2026-02-02,2026-03-04,1138.3,USD,SampleGen
INV-e82b7ed0-4641-441b-8f80-1349a9a0ffd5,ID205606,CID-331,CA-0591,2026-02-20,2026-03-22,2861.86,USD,SampleGen
INV-b6edc092-cb08-4c06-97c8-09af56832c4b,ID205607,CID-331,CA-0591,2026-02-17,2026-03-19,1534.68,USD,SampleGen
INV-a7d15f10-81ed-4a7b-9b2b-b471cd994820,ID205608,CID-331,CA-0591,2026-02-02,2026-03-04,2416.68,USD,SampleGen
INV-60ad0326-d4b9-407f-af2c-ad51ab38ba91,ID205609,CID-331,CA-0591,2026-02-23,2026-03-25,682.44,USD,SampleGen
INV-f8879fef-4189-47ae-9183-67bfbdbafa5b,ID205610,CID-331,CA-0591,2026-02-28,2026-03-30,756.72,USD,SampleGen
INV-e38259d3-5c6b-454e-96ec-8b3d8df66702,ID205611,CID-331,CA-0591,2026-03-11,2026-04-10,3654.6,USD,SampleGen
INV-38dbceeb-ee77-4172-984d-e561e987d142,ID205612,CID-331,CA-0591,2026-03-29,2026-04-28,508.68,USD,SampleGen
INV-9f680692-7587-4718-bddb-84299912ec6f,ID205613,CID-331,CA-0591,2026-03-20,2026-04-19,1666.2,USD,SampleGen
INV-d06a06f6-a388-456a-a599-0bd7e16a2f5a,ID205614,CID-331,CA-0591,2026-03-20,2026-04-19,5170.44,USD,SampleGen
INV-0a7e29f6-9954-4570-881c-2214ae9ab5c5,ID205615,CID-331,CA-0591,2026-03-15,2026-04-14,869.06,USD,SampleGen
INV-1a9aff8e-bf5e-4b5d-b156-b1266193f528,ID205616,CID-331,CA-0591,2026-03-12,2026-04-11,489.58,USD,SampleGen
INV-c3e54ae1-f22b-49f7-8813-c170be46f7f2,ID205617,CID-331,CA-0591,2026-04-01,2026-05-01,3472.28,USD,SampleGen
INV-7f8e2ee9-f37f-44ea-95a8-ecafc7fd4eb9,ID205618,CID-331,CA-0591,2026-03-09,2026-04-08,1890.88,USD,SampleGen
INV-8451820d-28e3-4285-9593-797b2e010f67,ID205619,CID-332,CA-0593,2025-06-18,2025-07-18,1212.44,USD,SampleGen
INV-99ebe211-dcdc-43f1-8ee5-2069d342695f,ID205620,CID-332,CA-0593,2025-06-26,2025-07-26,985.6,USD,SampleGen
INV-d4f576a0-54d1-49e8-84f0-f974f4d44a20,ID205621,CID-332,CA-0593,2025-07-19,2025-08-18,2369.88,USD,SampleGen
INV-9e873960-7299-4a32-b774-cf33b3f56b13,ID205622,CID-332,CA-0593,2025-07-16,2025-08-15,3773.44,USD,SampleGen
INV-e904fa62-063f-48a6-9167-cfd85b6c2f95,ID205623,CID-332,CA-0593,2025-08-23,2025-09-22,667.62,USD,SampleGen
INV-40b2115a-2dac-41ab-a84f-c1d368ec9231,ID205624,CID-332,CA-0593,2025-08-15,2025-09-14,2030.76,USD,SampleGen
INV-58d63dba-f484-4f00-ac2f-61ff3d5ea636,ID205625,CID-332,CA-0593,2025-10-05,2025-11-04,2242.8,USD,SampleGen
INV-9edf9f53-8ab2-4651-a36a-063d1dbb8652,ID205626,CID-332,CA-0593,2025-11-06,2025-12-06,1950.24,USD,SampleGen
INV-3c382ac6-019c-4835-8e95-08212e088ab0,ID205627,CID-332,CA-0593,2025-12-17,2026-01-16,7214.1,USD,SampleGen
INV-f52c74f0-079f-41b3-a50f-968019233429,ID205628,CID-332,CA-0593,2025-12-23,2026-01-22,1695.88,USD,SampleGen
INV-d0c3a126-6efc-4d15-bbe4-1d42457b2635,ID205629,CID-332,CA-0593,2026-01-23,2026-02-22,903.1,USD,SampleGen
INV-e5bbb6a8-be59-4f25-aab0-cf9a8dbfd7aa,ID205630,CID-332,CA-0593,2026-01-11,2026-02-10,2280.96,USD,SampleGen
INV-bf99a8b4-a656-467f-b57d-ac1a2fa73c58,ID205631,CID-332,CA-0593,2026-02-26,2026-03-28,1761.46,USD,SampleGen
INV-bdcc104a-df36-4c7e-b313-ead76417887c,ID205632,CID-332,CA-0593,2026-02-12,2026-03-14,4990.3,USD,SampleGen
INV-2358cb7f-39a4-4a51-826d-2e17cc25ecc8,ID205633,CID-332,CA-0593,2026-02-14,2026-03-16,2391.12,USD,SampleGen
INV-8cabd10b-d99b-4ebb-aac3-7b38a73eebbc,ID205634,CID-332,CA-0593,2026-02-10,2026-03-12,1153.0,USD,SampleGen
INV-cd3de722-4a99-424f-87f9-1f3aa27a5a4d,ID205635,CID-332,CA-0593,2026-03-03,2026-04-02,1956.48,USD,SampleGen
INV-bd18e199-e76e-4a3f-ac58-9b61d1701796,ID205636,CID-332,CA-0593,2026-03-03,2026-04-02,2136.8,USD,SampleGen
INV-2799cf75-d06e-4239-90d2-51ba53bb7fc3,ID205637,CID-332,CA-0593,2026-03-27,2026-04-26,2238.62,USD,SampleGen
INV-0d5d75ea-0994-4535-a595-473dbbf189fb,ID205638,CID-332,CA-0593,2026-03-14,2026-04-13,2480.2,USD,SampleGen
INV-9c799a41-9cb7-4086-9386-38d6ee3587c3,ID205639,CID-333,CA-0594,2025-06-27,2025-07-27,724.92,USD,SampleGen
INV-d28ff56f-c2d2-47ad-80d3-3c9e3f64cd2c,ID205640,CID-333,CA-0594,2025-12-02,2026-01-01,3285.86,USD,SampleGen
INV-55928823-3990-4dc3-9ab4-d3cc2ee9e9c6,ID205641,CID-334,CA-0596,2025-06-20,2025-07-20,1441.44,USD,SampleGen
INV-01ac5db7-493e-48eb-a76d-401dfdfdcb98,ID205642,CID-334,CA-0596,2025-07-15,2025-08-14,3237.0,USD,SampleGen
INV-512ae213-d0a1-438f-b1d8-64604d981da8,ID205643,CID-334,CA-0596,2025-08-12,2025-09-11,1293.1,USD,SampleGen
INV-89c065bd-909d-4ffb-ace5-85029408d256,ID205644,CID-334,CA-0596,2026-02-12,2026-03-14,1835.7,USD,SampleGen
INV-323a39fa-fbf9-4906-b9db-2bdbc260ce2f,ID205645,CID-334,CA-0596,2026-03-16,2026-04-15,2115.6,USD,SampleGen
INV-d4ca1dd2-b143-44f9-bebb-f4e8f37e2480,ID205646,CID-335,CA-0598,2025-06-09,2025-07-09,3822.22,USD,SampleGen
INV-c46933ac-f1bb-4172-b3f8-aa04f58b28d9,ID205647,CID-335,CA-0598,2025-06-21,2025-07-21,896.5,USD,SampleGen
INV-fae1250a-89a8-408b-a3d9-00a17e281abb,ID205648,CID-335,CA-0598,2025-07-25,2025-08-24,1070.5,USD,SampleGen
INV-e07757d8-2656-4434-a1a0-124eee056009,ID205649,CID-335,CA-0598,2025-07-24,2025-08-23,2897.8,USD,SampleGen
INV-7074e5a3-4e6f-4579-859a-5d28051310d5,ID205650,CID-335,CA-0598,2025-07-24,2025-08-23,3987.46,USD,SampleGen
INV-69e6b90e-c6d7-4edb-99b3-9ae5deb1b2a2,ID205651,CID-335,CA-0598,2025-08-16,2025-09-15,3983.26,USD,SampleGen
INV-fe9986ba-83e9-4868-bcc5-b15324fa6a4f,ID205652,CID-335,CA-0598,2025-08-16,2025-09-15,1095.9,USD,SampleGen
INV-5f03d115-f240-4178-88be-d8907cc08442,ID205653,CID-335,CA-0598,2025-08-17,2025-09-16,3489.3,USD,SampleGen
INV-c16f30d6-7a91-4a8e-b245-af4926a597e1,ID205654,CID-335,CA-0598,2025-09-18,2025-10-18,3417.16,USD,SampleGen
INV-2b8bfd47-cd86-4403-bc8a-b1edda153ab8,ID205655,CID-335,CA-0598,2025-10-14,2025-11-13,2242.84,USD,SampleGen
INV-a6987a5e-b98c-441c-ab6e-4dc1c46159d0,ID205656,CID-335,CA-0598,2025-11-16,2025-12-16,576.56,USD,SampleGen
INV-5ce0ecf3-7fbc-4daf-a8ad-a559deb0903a,ID205657,CID-335,CA-0598,2025-11-02,2025-12-02,5549.92,USD,SampleGen
INV-8098e43f-0772-4016-83d5-f97436eb0005,ID205658,CID-335,CA-0598,2025-12-29,2026-01-28,703.64,USD,SampleGen
INV-21f2dd97-0e51-40b7-865c-814c42373ef5,ID205659,CID-335,CA-0598,2025-12-07,2026-01-06,580.78,USD,SampleGen
INV-9f685bc8-7102-49f0-aa8c-a20ce290c9a7,ID205660,CID-335,CA-0598,2025-12-22,2026-01-21,788.44,USD,SampleGen
INV-0a2e4834-3493-4c0b-87e5-04f1352e6f25,ID205661,CID-335,CA-0598,2026-01-19,2026-02-18,224.66,USD,SampleGen
INV-0e2eef88-5ebb-4285-8281-61593f0d845a,ID205662,CID-335,CA-0598,2026-01-03,2026-02-02,4002.4,USD,SampleGen
INV-7b3714fa-b03b-4a42-975f-f9048737b4d7,ID205663,CID-335,CA-0598,2026-01-15,2026-02-14,3917.48,USD,SampleGen
INV-86828bcf-5697-46bf-8374-7a8f28759cf3,ID205664,CID-335,CA-0598,2026-02-26,2026-03-28,1890.96,USD,SampleGen
INV-a3d715bf-ccf6-44d4-b389-eeb851b95b57,ID205665,CID-335,CA-0598,2026-02-26,2026-03-28,4778.28,USD,SampleGen
INV-cb877931-feec-436c-9535-c1a552b6841d,ID205666,CID-335,CA-0598,2026-02-15,2026-03-17,1244.22,USD,SampleGen
INV-ec629a91-21c5-4610-a8ab-1020ad075def,ID205667,CID-335,CA-0598,2026-02-08,2026-03-10,559.56,USD,SampleGen
INV-9aedb32c-4a30-4751-8f8c-251af048d9a4,ID205668,CID-335,CA-0598,2026-02-10,2026-03-12,972.94,USD,SampleGen
INV-5a711ff6-64fa-4e3f-b342-ae1dd40b9853,ID205669,CID-335,CA-0598,2026-04-01,2026-05-01,673.98,USD,SampleGen
INV-389ac4b4-b5f0-4d4e-b59e-d37c8b564219,ID205670,CID-335,CA-0598,2026-03-07,2026-04-06,3419.36,USD,SampleGen
INV-7d7bdc28-33eb-41f5-a4b6-3053fe6baa1a,ID205671,CID-335,CA-0598,2026-04-01,2026-05-01,451.44,USD,SampleGen
INV-b18e5665-2bb4-4283-8717-704f8f5e3faa,ID205672,CID-335,CA-0598,2026-03-29,2026-04-28,2692.18,USD,SampleGen
INV-b5c732b2-4ec3-46f3-8de4-9aff90918d73,ID205673,CID-335,CA-0598,2026-03-29,2026-04-28,4184.74,USD,SampleGen
INV-d02968f9-f6b8-47ff-bc2e-a13e26d8a9e9,ID205674,CID-335,CA-0598,2026-03-17,2026-04-16,2458.94,USD,SampleGen
INV-db259d74-1f3f-4bf8-a570-a4f6ae468253,ID205675,CID-336,CA-0600,2025-06-25,2025-07-25,4489.98,USD,SampleGen
INV-aa414675-89be-408d-895a-6e308eaf93a8,ID205676,CID-336,CA-0600,2025-07-31,2025-08-30,1878.18,USD,SampleGen
INV-d4d03c97-e04e-4330-ab78-93b04fe3e931,ID205677,CID-336,CA-0600,2025-07-15,2025-08-14,953.82,USD,SampleGen
INV-d57b1ca0-a23a-4ec4-8d0f-78301a19f578,ID205678,CID-336,CA-0600,2025-08-27,2025-09-26,4778.22,USD,SampleGen
INV-714aea24-4e13-454f-9647-800e9ee8cf6e,ID205679,CID-336,CA-0600,2025-08-05,2025-09-04,585.0,USD,SampleGen
INV-dad61342-77d0-4c78-b752-94c08f7b76f3,ID205680,CID-336,CA-0600,2025-08-06,2025-09-05,860.46,USD,SampleGen
INV-d5e1da94-faa7-48e4-8871-68b55a10a087,ID205681,CID-336,CA-0600,2025-10-18,2025-11-17,512.84,USD,SampleGen
INV-122e1963-5621-4132-8d85-5953f8581fe1,ID205682,CID-336,CA-0600,2025-11-13,2025-12-13,775.72,USD,SampleGen
INV-f7d01834-66a2-4b5d-bfab-26300ea72cd6,ID205683,CID-336,CA-0600,2025-12-23,2026-01-22,782.16,USD,SampleGen
INV-97286ec4-a42e-4f80-b0b2-748544502763,ID205684,CID-336,CA-0600,2025-12-04,2026-01-03,3078.14,USD,SampleGen
INV-62452b76-b62b-4342-953b-fa8b4a304744,ID205685,CID-336,CA-0600,2025-12-05,2026-01-04,2039.28,USD,SampleGen
INV-a2737607-63b5-494d-bd96-7a073d73e617,ID205686,CID-336,CA-0600,2026-01-19,2026-02-18,402.78,USD,SampleGen
INV-cd9138d3-09f4-4525-8137-2d29a52a3876,ID205687,CID-336,CA-0600,2026-01-20,2026-02-19,288.28,USD,SampleGen
INV-b9e39e56-6f8c-404d-b17f-c7c4998e5cdb,ID205688,CID-336,CA-0600,2026-02-17,2026-03-19,3294.3,USD,SampleGen
INV-2c640701-5d5c-453d-b445-f691157da3c5,ID205689,CID-336,CA-0600,2026-02-06,2026-03-08,2480.28,USD,SampleGen
INV-8501dec3-3880-4342-a5d3-2382c5c6129c,ID205690,CID-336,CA-0600,2026-03-01,2026-03-31,3892.16,USD,SampleGen
INV-fd238e45-42f6-4997-9fe7-38159239bfcd,ID205691,CID-336,CA-0600,2026-03-03,2026-04-02,4036.26,USD,SampleGen
INV-8319b803-3f2b-4f40-b295-31d96a914851,ID205692,CID-336,CA-0600,2026-03-26,2026-04-25,2255.42,USD,SampleGen
INV-e4f4b448-5bc9-42c0-b811-066f6ce5f075,ID205693,CID-336,CA-0600,2026-03-10,2026-04-09,4112.58,USD,SampleGen
INV-17551153-143f-4e31-82a9-1bb1c1dbdd35,ID205694,CID-336,CA-0600,2026-03-19,2026-04-18,4443.28,USD,SampleGen
INV-15e5beb9-0d7b-4737-8ef4-d3a1c893b96a,ID205695,CID-337,CA-0602,2025-06-19,2025-07-19,1354.42,USD,SampleGen
INV-fb0ec804-6f3c-49cd-80c7-d7b0990a2e85,ID205696,CID-337,CA-0602,2025-06-28,2025-07-28,534.1,USD,SampleGen
INV-41e23823-bede-46a0-80bf-3ca846a082e5,ID205697,CID-337,CA-0602,2025-07-23,2025-08-22,517.14,USD,SampleGen
INV-e8c2302f-08cd-4987-9aa5-eb0157110288,ID205698,CID-337,CA-0602,2025-07-20,2025-08-19,678.18,USD,SampleGen
INV-fc4fc74c-73dd-402e-b9ed-889bfc4f4c45,ID205699,CID-337,CA-0602,2025-08-24,2025-09-23,561.66,USD,SampleGen
INV-9a2db34f-a402-444e-8218-f8e9a37e8126,ID205700,CID-337,CA-0602,2025-08-20,2025-09-19,2157.92,USD,SampleGen
INV-01b8cf77-f15c-4460-b7b2-12708d5468f2,ID205701,CID-337,CA-0602,2025-08-04,2025-09-03,1112.82,USD,SampleGen
INV-c30c47aa-16e7-41d2-8b7f-78a9a9ee95db,ID205702,CID-337,CA-0602,2025-09-29,2025-10-29,4458.14,USD,SampleGen
INV-2488b158-8bae-4548-b645-34077aecf39d,ID205703,CID-337,CA-0602,2025-10-28,2025-11-27,1608.88,USD,SampleGen
INV-8c800de1-f18e-41a0-8a72-b42ad354a33f,ID205704,CID-337,CA-0602,2025-11-14,2025-12-14,1780.68,USD,SampleGen
INV-207ab864-d43e-4048-a95f-15c483620415,ID205705,CID-337,CA-0602,2025-11-15,2025-12-15,3472.42,USD,SampleGen
INV-417d14e9-45c7-4504-ac31-803d8913dcbe,ID205706,CID-337,CA-0602,2025-12-23,2026-01-22,604.02,USD,SampleGen
INV-2d6e79d8-aef1-465e-9d9f-2f14cd1e3b01,ID205707,CID-337,CA-0602,2025-12-08,2026-01-07,1666.1,USD,SampleGen
INV-87b1edb5-0b8b-4e5e-bcfe-9f6cd790df21,ID205708,CID-337,CA-0602,2025-12-28,2026-01-27,1195.56,USD,SampleGen
INV-402895af-d9df-426b-9dae-12e859932a98,ID205709,CID-337,CA-0602,2026-01-19,2026-02-18,1780.68,USD,SampleGen
INV-6f3ebef6-ebd7-411b-b851-fe1beac9d11a,ID205710,CID-337,CA-0602,2026-01-20,2026-02-19,572.34,USD,SampleGen
INV-aea6d58c-62c8-4bf7-b8de-bf19c41e8b25,ID205711,CID-337,CA-0602,2026-01-28,2026-02-27,97.48,USD,SampleGen
INV-c1518ff1-1c67-4498-b855-90eee12a8ae1,ID205712,CID-337,CA-0602,2026-02-12,2026-03-14,1161.56,USD,SampleGen
INV-201c3d05-66dc-4791-aeff-ade618aaf5a4,ID205713,CID-337,CA-0602,2026-02-17,2026-03-19,604.02,USD,SampleGen
INV-1f16795e-b828-4747-b296-f6376adbdee2,ID205714,CID-337,CA-0602,2026-02-27,2026-03-29,2893.68,USD,SampleGen
INV-8f79fc2c-675d-4aa2-80be-ff3c3e9ba883,ID205715,CID-337,CA-0602,2026-02-24,2026-03-26,1492.24,USD,SampleGen
INV-2ece2c91-8a33-4307-b2d7-7ffe8f301de1,ID205716,CID-337,CA-0602,2026-02-26,2026-03-28,502.32,USD,SampleGen
INV-e70c89b5-069e-49dd-bdeb-b9f4b710aa11,ID205717,CID-337,CA-0602,2026-03-21,2026-04-20,815.98,USD,SampleGen
INV-43223787-5ce7-46a8-8985-2dc791cc8666,ID205718,CID-337,CA-0602,2026-04-01,2026-05-01,438.72,USD,SampleGen
INV-02a8a869-356f-49c8-a0e9-ddbbf165f706,ID205719,CID-337,CA-0602,2026-03-23,2026-04-22,6821.86,USD,SampleGen
INV-cc7dd938-d172-4874-9ec8-3486cb5e5c4c,ID205720,CID-337,CA-0602,2026-03-25,2026-04-24,4002.4,USD,SampleGen
INV-09697584-60d2-4a56-bc25-afc33194ebd3,ID205721,CID-337,CA-0602,2026-03-14,2026-04-13,646.46,USD,SampleGen
INV-c52bcdf2-c4ac-4738-920d-0842164da3d8,ID205722,CID-337,CA-0602,2026-03-17,2026-04-16,2020.1,USD,SampleGen
INV-a6db7d6f-225b-4946-89a5-a26e9b80cd60,ID205723,CID-338,CA-0604,2025-06-24,2025-07-24,1890.88,USD,SampleGen
INV-07537e90-a851-4056-a358-d6933ab4e0df,ID205724,CID-338,CA-0604,2025-06-17,2025-07-17,1027.94,USD,SampleGen
INV-a728808c-3ee9-4092-a965-b55eb76f9961,ID205725,CID-338,CA-0604,2025-07-10,2025-08-09,2272.48,USD,SampleGen
INV-661c39b4-0f27-405e-a094-8dd89a189cf0,ID205726,CID-338,CA-0604,2025-07-28,2025-08-27,6567.54,USD,SampleGen
INV-45aadafb-838f-4d81-a346-92b791c6d190,ID205727,CID-338,CA-0604,2025-09-01,2025-10-01,936.9,USD,SampleGen
INV-b3208c40-5c8e-46f0-ad4e-fcef4e8091c0,ID205728,CID-338,CA-0604,2025-08-04,2025-09-03,958.0,USD,SampleGen
INV-9aa53c93-c9af-4b74-b6b7-6faf74f8f379,ID205729,CID-338,CA-0604,2025-08-23,2025-09-22,517.14,USD,SampleGen
INV-75a32b04-30df-49f8-b589-a087140131fe,ID205730,CID-338,CA-0604,2025-09-29,2025-10-29,1343.9,USD,SampleGen
INV-fca7c214-d468-461a-b266-49eb25f75c52,ID205731,CID-338,CA-0604,2025-10-14,2025-11-13,782.16,USD,SampleGen
INV-31f93117-0b0c-489f-a321-fec959a06e98,ID205732,CID-338,CA-0604,2025-11-13,2025-12-13,3092.82,USD,SampleGen
INV-ecfe86df-8372-486d-8c61-74c43818f445,ID205733,CID-338,CA-0604,2025-11-06,2025-12-06,718.46,USD,SampleGen
INV-2c3e6bd4-505d-434e-9024-ddf78d947b2a,ID205734,CID-338,CA-0604,2025-12-21,2026-01-20,2255.46,USD,SampleGen
INV-169016ad-2249-4460-a2cc-a308aa1c93af,ID205735,CID-338,CA-0604,2025-12-23,2026-01-22,3561.36,USD,SampleGen
INV-e98c738f-7681-46d9-a2b5-2cb938e1aa55,ID205736,CID-338,CA-0604,2025-12-31,2026-01-30,4027.8,USD,SampleGen
INV-bca7fd39-eac3-4078-bf37-d33f73ff681c,ID205737,CID-338,CA-0604,2026-01-20,2026-02-19,3557.26,USD,SampleGen
INV-25fdf69a-ce43-4dde-bcef-ecf78c6e3228,ID205738,CID-338,CA-0604,2026-01-10,2026-02-09,3641.92,USD,SampleGen
INV-f9c3272a-047b-4a79-9137-f7ae6eab3630,ID205739,CID-338,CA-0604,2026-01-13,2026-02-12,669.74,USD,SampleGen
INV-e99ebd5c-ff00-4376-9662-b49b744643c2,ID205740,CID-338,CA-0604,2026-02-25,2026-03-27,1475.4,USD,SampleGen
INV-208dffc2-9e08-4499-b489-c8ab4b7492e4,ID205741,CID-338,CA-0604,2026-02-03,2026-03-05,720.6,USD,SampleGen
INV-118c3caf-4b86-4e6e-a540-40d60483cfab,ID205742,CID-338,CA-0604,2026-02-03,2026-03-05,555.3,USD,SampleGen
INV-4d032bd4-deab-4b4f-a986-00ef8541d56e,ID205743,CID-338,CA-0604,2026-02-06,2026-03-08,985.66,USD,SampleGen
INV-61fc7312-77d8-4417-b438-d0de4400de61,ID205744,CID-338,CA-0604,2026-03-04,2026-04-03,1206.02,USD,SampleGen
INV-e71e3418-7e84-4089-819e-9920aa4905fa,ID205745,CID-338,CA-0604,2026-03-14,2026-04-13,4379.74,USD,SampleGen
INV-ce739e3a-948a-4e98-a163-2ab30f06ef07,ID205746,CID-338,CA-0604,2026-03-20,2026-04-19,415.42,USD,SampleGen
INV-c1af023d-cb11-490e-9153-ff0fbd73807c,ID205747,CID-338,CA-0604,2026-03-18,2026-04-17,279.68,USD,SampleGen
INV-d369d89d-a4dd-4b7e-8836-b0e925a3699b,ID205748,CID-338,CA-0604,2026-03-10,2026-04-09,3349.36,USD,SampleGen
INV-5a7542b1-254c-4252-b63c-cb82d04e8f67,ID205749,CID-339,CA-0605,2025-06-29,2025-07-29,788.48,USD,SampleGen
INV-2f0a6239-a1db-46f7-be8e-1b5c9a39003f,ID205750,CID-339,CA-0605,2025-07-04,2025-08-03,3518.94,USD,SampleGen
INV-1e00f873-1ff0-4875-b412-a6b0fdb8b2ec,ID205751,CID-339,CA-0605,2025-08-10,2025-09-09,1695.88,USD,SampleGen
INV-1efb0c26-e615-46cc-811f-2b4101c2b3ca,ID205752,CID-339,CA-0605,2025-08-02,2025-09-01,2815.26,USD,SampleGen
INV-6d6892c6-bf95-48e3-bf93-b4d81721b6eb,ID205753,CID-339,CA-0605,2025-09-21,2025-10-21,674.06,USD,SampleGen
INV-f2a6ad8b-ebe7-4dcc-8ae3-57b042b71e83,ID205754,CID-339,CA-0605,2025-10-09,2025-11-08,2187.76,USD,SampleGen
INV-206ea0ff-87b5-43a6-b736-90cff205f319,ID205755,CID-339,CA-0605,2025-12-31,2026-01-30,1907.84,USD,SampleGen
INV-b6f4f3b5-6737-434c-b65d-404968e3ed17,ID205756,CID-339,CA-0605,2026-01-20,2026-02-19,519.28,USD,SampleGen
INV-ad37798e-7204-4d83-bc13-d50e16a123f3,ID205757,CID-339,CA-0605,2026-02-16,2026-03-18,377.26,USD,SampleGen
INV-31e38e89-4398-4dda-ba8e-d7dc1931417f,ID205758,CID-339,CA-0605,2026-02-12,2026-03-14,2255.4,USD,SampleGen
INV-ce9eed62-6de7-49f0-986f-5ff5a8687a62,ID205759,CID-339,CA-0605,2026-03-12,2026-04-11,1583.46,USD,SampleGen
INV-c9d70277-9158-4b82-bfbc-aee5c55f3427,ID205760,CID-339,CA-0605,2026-03-24,2026-04-23,6516.7,USD,SampleGen
INV-456e4ed4-acd9-4d2f-ad48-6f8fcf70710f,ID205761,CID-339,CA-0605,2026-03-29,2026-04-28,1070.46,USD,SampleGen
INV-3a783a11-5899-45bc-a744-df8a4126caa0,ID205762,CID-340,CA-0607,2025-06-04,2025-07-04,3281.64,USD,SampleGen
INV-f6165ef4-bcb6-4485-b6ba-99fc5f3b03ef,ID205763,CID-340,CA-0607,2025-07-24,2025-08-23,495.96,USD,SampleGen
INV-e4e15591-4052-419b-a96e-7967168cd5bb,ID205764,CID-340,CA-0607,2025-08-11,2025-09-10,3555.02,USD,SampleGen
INV-eaec4fcb-e404-4eb5-9e59-51e431206d12,ID205765,CID-340,CA-0607,2025-08-10,2025-09-09,894.42,USD,SampleGen
INV-0fde446d-5e35-4273-9427-e11102c745ae,ID205766,CID-340,CA-0607,2025-12-13,2026-01-12,3663.16,USD,SampleGen
INV-ec456ce0-e43a-4281-a330-74bf8205881a,ID205767,CID-340,CA-0607,2025-12-13,2026-01-12,616.8,USD,SampleGen
INV-0bc11859-a137-4b06-b9a8-840480e20bf9,ID205768,CID-340,CA-0607,2026-01-09,2026-02-08,3718.28,USD,SampleGen
INV-561429f3-bfdc-451e-8c81-4cc4b5359f77,ID205769,CID-340,CA-0607,2026-02-17,2026-03-19,1984.1,USD,SampleGen
INV-d511e123-f0ab-4a4e-b5ad-a0e66a0803fd,ID205770,CID-340,CA-0607,2026-02-06,2026-03-08,852.06,USD,SampleGen
INV-6ddd8810-aeba-4a02-8223-bb3b68d4f3c8,ID205771,CID-340,CA-0607,2026-03-10,2026-04-09,2959.24,USD,SampleGen
INV-1cfcadbf-f0b7-437f-b16a-9d2f8d790630,ID205772,CID-340,CA-0607,2026-03-08,2026-04-07,1203.96,USD,SampleGen
INV-17cd9b31-28dc-4b96-8744-b067d069b42d,ID205773,CID-341,CA-0609,2025-06-20,2025-07-20,3826.42,USD,SampleGen
INV-7bafdcb1-42ec-4e4c-bfb9-20b91bffb25e,ID205774,CID-341,CA-0609,2025-06-08,2025-07-08,1144.68,USD,SampleGen
INV-2f18288d-8d18-4d7a-b69c-48ce9cbc3c41,ID205775,CID-341,CA-0609,2025-06-29,2025-07-29,2628.6,USD,SampleGen
INV-563950ae-7901-4383-bd39-2ec2a0aab020,ID205776,CID-341,CA-0609,2025-07-23,2025-08-22,892.3,USD,SampleGen
INV-c08eab61-eb8f-4a1e-a08b-e7fef7467087,ID205777,CID-341,CA-0609,2025-07-22,2025-08-21,4846.06,USD,SampleGen
INV-1d7eeb19-8ae4-4876-9e51-8924ed8f91ca,ID205778,CID-341,CA-0609,2025-07-23,2025-08-22,3391.8,USD,SampleGen
INV-d8f24134-9a49-453d-8517-efa61bb1be1a,ID205779,CID-341,CA-0609,2025-08-02,2025-09-01,2158.0,USD,SampleGen
INV-c913b709-ccdf-4dcf-8164-d172563f7602,ID205780,CID-341,CA-0609,2025-08-11,2025-09-10,455.66,USD,SampleGen
INV-7634dc37-4fee-4aab-aac4-a0f03255cf01,ID205781,CID-341,CA-0609,2025-08-09,2025-09-08,2374.24,USD,SampleGen
INV-b965b882-8106-423c-be8c-a8cd1574e5d3,ID205782,CID-341,CA-0609,2025-08-26,2025-09-25,633.66,USD,SampleGen
INV-f5899102-6308-47e9-8d4c-ac998f876e52,ID205783,CID-341,CA-0609,2025-08-20,2025-09-19,2675.28,USD,SampleGen
INV-d0f6672a-64cf-45cf-ba0c-89af6f813d89,ID205784,CID-341,CA-0609,2025-09-07,2025-10-07,8678.98,USD,SampleGen
INV-0c34ae2f-909e-476a-a662-c143a5719039,ID205785,CID-341,CA-0609,2025-10-18,2025-11-17,1280.28,USD,SampleGen
INV-e2d1e009-eb48-44b5-836b-744746dcd703,ID205786,CID-341,CA-0609,2025-11-05,2025-12-05,8823.14,USD,SampleGen
INV-fa123dbe-e7db-41c6-9f53-f84c91260e3a,ID205787,CID-341,CA-0609,2025-11-26,2025-12-26,720.68,USD,SampleGen
INV-20e84231-d705-4d9f-9df7-6a7774162ba1,ID205788,CID-341,CA-0609,2025-12-24,2026-01-23,4409.36,USD,SampleGen
INV-b76f0759-6108-403c-b76b-b955b940774d,ID205789,CID-341,CA-0609,2025-12-16,2026-01-15,2374.24,USD,SampleGen
INV-3b8a3de6-1a60-4a33-987c-b3037c898b0f,ID205790,CID-341,CA-0609,2025-12-09,2026-01-08,3841.18,USD,SampleGen
INV-33f532ff-1f17-415d-8c2f-98a7523ea6fd,ID205791,CID-341,CA-0609,2025-12-22,2026-01-21,2185.54,USD,SampleGen
INV-6dae8a09-6e65-47b7-8e3a-a6838af10e9d,ID205792,CID-341,CA-0609,2025-12-31,2026-01-30,1517.74,USD,SampleGen
INV-f4b2e8d8-53d9-47cc-bd06-ca150bbf663b,ID205793,CID-341,CA-0609,2026-01-07,2026-02-06,406.88,USD,SampleGen
INV-54bdbd49-11a8-4d93-a36f-e11aad8d4ae2,ID205794,CID-341,CA-0609,2026-01-06,2026-02-05,1208.24,USD,SampleGen
INV-de78e038-1bde-4c27-83db-9d80553c1801,ID205795,CID-341,CA-0609,2026-01-04,2026-02-03,1903.6,USD,SampleGen
INV-7bb608d0-3c33-4336-9e75-508701004828,ID205796,CID-341,CA-0609,2026-02-21,2026-03-23,3656.8,USD,SampleGen
INV-f2e55e27-1d75-458a-a523-2a047973812b,ID205797,CID-341,CA-0609,2026-02-11,2026-03-13,5528.76,USD,SampleGen
INV-abd166ce-29fd-4838-92fe-211466053078,ID205798,CID-341,CA-0609,2026-02-28,2026-03-30,2953.0,USD,SampleGen
INV-ec126d3b-900f-4239-80af-5a430d1d7d75,ID205799,CID-341,CA-0609,2026-02-15,2026-03-17,2991.14,USD,SampleGen
INV-1dd07658-0fb2-481b-935f-d652c4b84be1,ID205800,CID-341,CA-0609,2026-03-01,2026-03-31,411.2,USD,SampleGen
INV-871c3bcb-6737-40d6-8aa1-b1319a42ef05,ID205801,CID-341,CA-0609,2026-02-10,2026-03-12,1051.4,USD,SampleGen
INV-6efb73bd-f81f-4af8-8d19-357d18c2ccbd,ID205802,CID-341,CA-0609,2026-02-10,2026-03-12,328.46,USD,SampleGen
INV-b5d03ab7-a491-48be-bcca-d08fb8f66cb9,ID205803,CID-341,CA-0609,2026-03-14,2026-04-13,1929.12,USD,SampleGen
INV-ca302d67-3034-4737-9311-107120d7ac74,ID205804,CID-341,CA-0609,2026-03-13,2026-04-12,1199.76,USD,SampleGen
INV-25992b84-f80f-4634-83c7-256bca5574df,ID205805,CID-341,CA-0609,2026-03-07,2026-04-06,413.28,USD,SampleGen
INV-97c31925-5490-40af-9afc-c33c2ec78c5e,ID205806,CID-341,CA-0609,2026-03-19,2026-04-18,758.68,USD,SampleGen
INV-2000d466-4973-4975-9baf-7a24accce13d,ID205807,CID-341,CA-0609,2026-03-28,2026-04-27,445.08,USD,SampleGen
INV-78773aad-6b63-4d97-a2d3-004fc25f280d,ID205808,CID-341,CA-0609,2026-04-01,2026-05-01,3892.16,USD,SampleGen
INV-dc8008b7-34bf-4abe-a3f9-37062adf0f3b,ID205809,CID-341,CA-0609,2026-03-06,2026-04-05,6198.6,USD,SampleGen
INV-79424206-49f1-4073-a894-bad3addc1a3c,ID205810,CID-341,CA-0609,2026-03-02,2026-04-01,1916.24,USD,SampleGen
INV-078f03f3-4426-45f7-ad55-c119486ff7e8,ID205811,CID-341,CA-0609,2026-03-13,2026-04-12,1903.62,USD,SampleGen
INV-c3b63f64-988e-4a86-8c89-55a5aafd0cb3,ID205812,CID-342,CA-0611,2025-06-11,2025-07-11,1439.2,USD,SampleGen
INV-85d68909-bab2-47f6-a695-03cb273b8019,ID205813,CID-342,CA-0611,2025-08-20,2025-09-19,4481.46,USD,SampleGen
INV-6cd8896e-e558-46a2-af18-64b88a37ad16,ID205814,CID-342,CA-0611,2025-11-24,2025-12-24,1157.3,USD,SampleGen
INV-30ae365d-8adb-4471-90e7-84e257bfabae,ID205815,CID-342,CA-0611,2025-12-23,2026-01-22,3078.14,USD,SampleGen
INV-dba850cd-ef7c-4249-8774-cc87f58b5ac0,ID205816,CID-342,CA-0611,2026-02-12,2026-03-14,1534.68,USD,SampleGen
INV-e8f264a3-021a-4481-8c27-f069f488e997,ID205817,CID-342,CA-0611,2026-03-29,2026-04-28,5486.32,USD,SampleGen
INV-ed9d7d64-9bda-4ba9-a81a-3188a170f416,ID205818,CID-342,CA-0611,2026-03-10,2026-04-09,5804.32,USD,SampleGen
INV-96375ebe-ec48-4070-9eff-1dd9d18dd0ef,ID205819,CID-343,CA-0613,2025-06-19,2025-07-19,3073.78,USD,SampleGen
INV-ec9c8c37-4d78-4eac-86a6-211fc4da6bf4,ID205820,CID-343,CA-0613,2025-07-12,2025-08-11,775.72,USD,SampleGen
INV-de896fee-6a8d-4987-9107-37b1d680dea8,ID205821,CID-343,CA-0613,2025-08-24,2025-09-23,2382.76,USD,SampleGen
INV-fad43972-e179-4998-bede-52ec4d132ce9,ID205822,CID-343,CA-0613,2025-09-14,2025-10-14,587.1,USD,SampleGen
INV-a8d163fa-fd1f-4173-a892-2caeb25c101e,ID205823,CID-343,CA-0613,2025-10-31,2025-11-30,2963.64,USD,SampleGen
INV-705a2b6d-1f84-49de-9725-659a2a170622,ID205824,CID-343,CA-0613,2025-12-18,2026-01-17,4523.92,USD,SampleGen
INV-599470f9-12a6-4aef-8df8-e15894766390,ID205825,CID-343,CA-0613,2026-02-14,2026-03-16,2340.32,USD,SampleGen
INV-428786a9-3569-4082-8401-c6580ad01590,ID205826,CID-343,CA-0613,2026-03-09,2026-04-08,1051.4,USD,SampleGen
INV-8138a349-01d4-4fc1-8672-9ab671cb52b0,ID205827,CID-343,CA-0613,2026-03-11,2026-04-10,1619.54,USD,SampleGen
INV-d457222b-977e-40d9-83ff-84a6a92ce5eb,ID205828,CID-344,CA-0615,2025-07-16,2025-08-15,686.76,USD,SampleGen
INV-080f9353-c048-40da-84f9-552d1878e6da,ID205829,CID-344,CA-0615,2026-02-26,2026-03-28,334.84,USD,SampleGen
INV-5a227b5b-f491-4ab1-ab43-452fed12f007,ID205830,CID-344,CA-0615,2026-03-30,2026-04-29,1644.94,USD,SampleGen
INV-2692564c-e811-4ccd-a2b7-59bee9260db9,ID205831,CID-345,CA-0617,2025-06-10,2025-07-10,1981.98,USD,SampleGen
INV-a5b0dd04-c791-4fbe-8646-43e1ccf07b45,ID205832,CID-345,CA-0617,2025-07-25,2025-08-24,3574.04,USD,SampleGen
INV-39ee2b5a-7906-4756-9a00-c0fbac491358,ID205833,CID-345,CA-0617,2025-07-27,2025-08-26,1432.88,USD,SampleGen
INV-a62ed03d-cdca-49ea-8619-246ae1e5930d,ID205834,CID-345,CA-0617,2025-08-20,2025-09-19,2615.84,USD,SampleGen
INV-25cdc23a-6270-4526-9544-539a64e25b66,ID205835,CID-345,CA-0617,2025-08-22,2025-09-21,710.02,USD,SampleGen
INV-8784d766-2b2f-4bec-8b01-2eebf63e8ce4,ID205836,CID-345,CA-0617,2025-08-04,2025-09-03,1691.52,USD,SampleGen
INV-0e192f10-be77-4776-8b8e-1234edf2636f,ID205837,CID-345,CA-0617,2025-09-21,2025-10-21,1070.46,USD,SampleGen
INV-ec3fc384-b482-47ed-a584-4f42783c2d12,ID205838,CID-345,CA-0617,2025-10-09,2025-11-08,1929.02,USD,SampleGen
INV-5a3ea3b3-4671-41b1-baab-ce670529ded4,ID205839,CID-345,CA-0617,2025-11-12,2025-12-12,919.8,USD,SampleGen
INV-32a23512-6473-4a94-8fd6-1276ca399d22,ID205840,CID-345,CA-0617,2025-12-06,2026-01-05,546.84,USD,SampleGen
INV-b782c609-337f-453e-8a20-b28680d49964,ID205841,CID-345,CA-0617,2025-12-28,2026-01-27,6321.7,USD,SampleGen
INV-02368b8a-1e60-44a4-aa9a-98b27fc4c553,ID205842,CID-345,CA-0617,2025-12-11,2026-01-10,1519.86,USD,SampleGen
INV-07ac6fb9-dae4-454e-8116-3be8e0c6cb4a,ID205843,CID-345,CA-0617,2026-01-20,2026-02-19,228.88,USD,SampleGen
INV-6397233c-7d0e-4186-b69e-067efb0afc62,ID205844,CID-345,CA-0617,2026-01-18,2026-02-17,84.78,USD,SampleGen
INV-608ec4a1-e46d-42ad-af88-773a1690b844,ID205845,CID-345,CA-0617,2026-02-27,2026-03-29,2043.54,USD,SampleGen
INV-77141bd9-3e49-4c65-ab84-6f5763113b00,ID205846,CID-345,CA-0617,2026-02-23,2026-03-25,4479.36,USD,SampleGen
INV-51fbafd1-0c2e-4933-8f63-e9f1deb3eae3,ID205847,CID-345,CA-0617,2026-02-23,2026-03-25,2001.2,USD,SampleGen
INV-670284fb-908c-407b-b149-d92c2c39b476,ID205848,CID-345,CA-0617,2026-03-01,2026-03-31,1907.78,USD,SampleGen
INV-e1f1914a-d25b-46f4-a2e4-8dd7fcc8bf88,ID205849,CID-345,CA-0617,2026-04-01,2026-05-01,2215.16,USD,SampleGen
INV-840142a6-98ef-4f04-b50c-54b6d95cabf6,ID205850,CID-345,CA-0617,2026-03-13,2026-04-12,4080.78,USD,SampleGen
INV-f00f20d3-6776-4dec-bc32-ae7ca99d78c0,ID205851,CID-345,CA-0617,2026-03-21,2026-04-20,1180.66,USD,SampleGen
INV-982c6bde-9320-418e-bef1-47e8e3115fe8,ID205852,CID-345,CA-0617,2026-03-24,2026-04-23,1235.78,USD,SampleGen
INV-ac5caba6-fb7f-4605-b4fd-b1ad54d9c84e,ID205853,CID-345,CA-0617,2026-03-18,2026-04-17,1153.12,USD,SampleGen
INV-bc1339e2-e1a4-4df1-9f53-80b84125a714,ID205854,CID-346,CA-1522,2025-06-29,2025-07-29,2013.8,USD,SampleGen
INV-7af01a3b-42c4-4887-a9ea-dc795787bdef,ID205855,CID-346,CA-1522,2025-08-01,2025-08-31,4123.14,USD,SampleGen
INV-2c21b020-b8eb-478a-bedc-44b03cf7e0a8,ID205856,CID-346,CA-1522,2025-07-11,2025-08-10,4405.22,USD,SampleGen
INV-de1ebd33-1985-426a-b051-731efa1b9c84,ID205857,CID-346,CA-1522,2025-08-19,2025-09-18,4142.24,USD,SampleGen
INV-705e86e6-9ea3-49f5-af4f-5e59f0c42467,ID205858,CID-346,CA-1522,2025-08-28,2025-09-27,3444.72,USD,SampleGen
INV-3335eccc-9c6f-41e6-81e0-7a12b1fd1a9d,ID205859,CID-346,CA-1522,2025-09-17,2025-10-17,205.54,USD,SampleGen
INV-a8e14bc8-0f60-4e5a-ad9c-941ebb37eb5c,ID205860,CID-346,CA-1522,2025-10-15,2025-11-14,1547.32,USD,SampleGen
INV-a3f25934-9503-41b8-86d4-0b248f6f267a,ID205861,CID-346,CA-1522,2025-11-05,2025-12-05,572.24,USD,SampleGen
INV-16f33d6d-8522-4064-b081-ab4ed766bea3,ID205862,CID-346,CA-1522,2025-12-02,2026-01-01,3349.36,USD,SampleGen
INV-1fb3cca5-0035-458a-b06a-630bd7a23472,ID205863,CID-346,CA-1522,2025-12-09,2026-01-08,2374.16,USD,SampleGen
INV-9f8e4e85-ae85-434d-9f46-ce201045424c,ID205864,CID-346,CA-1522,2025-12-19,2026-01-18,6932.18,USD,SampleGen
INV-cbc185b3-2439-402e-9b02-be90c47e0b9c,ID205865,CID-346,CA-1522,2026-01-30,2026-03-01,498.1,USD,SampleGen
INV-ad38f16b-cdb7-4644-859e-6d74464ccb9f,ID205866,CID-346,CA-1522,2026-02-07,2026-03-09,2422.88,USD,SampleGen
INV-10d36f52-b8ca-403a-a1f6-954862b0cfba,ID205867,CID-346,CA-1522,2026-02-05,2026-03-07,822.42,USD,SampleGen
INV-28ca54b1-169a-4f72-abf1-b423263c4d3a,ID205868,CID-346,CA-1522,2026-02-08,2026-03-10,1117.02,USD,SampleGen
INV-33c10ee3-4fee-42d4-842a-7ef25280e1fc,ID205869,CID-346,CA-1522,2026-03-22,2026-04-21,534.12,USD,SampleGen
INV-de0eac47-c5e5-4062-a7b4-8ae586033c5e,ID205870,CID-346,CA-1522,2026-03-09,2026-04-08,606.16,USD,SampleGen
INV-854ebb7e-5a0c-4b61-bcff-83d430d29aa7,ID205871,CID-346,CA-1522,2026-03-20,2026-04-19,1193.32,USD,SampleGen
INV-be084653-67dc-4c3d-b82f-10ffb6c7fb65,ID205872,CID-346,CA-1522,2026-03-16,2026-04-15,1685.22,USD,SampleGen
INV-ecf8e570-9170-4ff9-8ccc-b940dee5b0f9,ID205873,CID-347,CA-0620,2025-06-16,2025-07-16,1500.74,USD,SampleGen
INV-b4613b3b-3379-4ca8-bb4c-b10aa106fa43,ID205874,CID-347,CA-0620,2025-07-12,2025-08-11,1051.4,USD,SampleGen
INV-a46e2884-3906-46fb-8054-10f17b1a78b0,ID205875,CID-347,CA-0620,2026-02-10,2026-03-12,2484.46,USD,SampleGen
INV-e2926aed-d53b-45a8-b8b5-dcb9b6db25a7,ID205876,CID-348,CA-0622,2025-06-18,2025-07-18,1530.48,USD,SampleGen
INV-67d181bf-ca34-47d8-9cd0-f6a508d53c31,ID205877,CID-348,CA-0622,2025-07-22,2025-08-21,1500.84,USD,SampleGen
INV-c23d4af1-629e-4916-b6ab-3e671f388b43,ID205878,CID-348,CA-0622,2025-07-29,2025-08-28,4044.78,USD,SampleGen
INV-e12f2c21-06e5-41b3-ad93-dbd5c6a71d8f,ID205879,CID-348,CA-0622,2025-08-10,2025-09-09,606.16,USD,SampleGen
INV-20a8d54b-8bf1-4c47-a122-95f3f9036279,ID205880,CID-348,CA-0622,2025-08-12,2025-09-11,455.66,USD,SampleGen
INV-9399892d-ec42-45f9-9663-059f0e35aeb1,ID205881,CID-348,CA-0622,2025-09-18,2025-10-18,1890.92,USD,SampleGen
INV-ff975965-1a7c-4351-90e1-0d4c8b006cb4,ID205882,CID-348,CA-0622,2025-10-07,2025-11-06,1144.68,USD,SampleGen
INV-5e9c5397-bc1a-4c49-abeb-c8dd7a84930e,ID205883,CID-348,CA-0622,2025-11-02,2025-12-02,2628.58,USD,SampleGen
INV-edadc58a-14f6-4f5c-bd82-aa1524708d02,ID205884,CID-348,CA-0622,2025-12-19,2026-01-18,508.64,USD,SampleGen
INV-ce2c9115-640e-4960-b0a5-31503b15282f,ID205885,CID-348,CA-0622,2025-12-24,2026-01-23,1051.4,USD,SampleGen
INV-bb1c6eec-ff51-4e3d-b0ca-42b5efe3e799,ID205886,CID-348,CA-0622,2026-01-09,2026-02-08,3917.56,USD,SampleGen
INV-3176e81d-e48a-404c-9a18-e003a2e64a9b,ID205887,CID-348,CA-0622,2026-01-18,2026-02-17,1057.78,USD,SampleGen
INV-fe0b0d5a-ad0b-4e66-a8e9-d589d12b807c,ID205888,CID-348,CA-0622,2026-02-17,2026-03-19,4099.9,USD,SampleGen
INV-87b067cd-bbb3-492a-95a9-75caca068943,ID205889,CID-348,CA-0622,2026-02-08,2026-03-10,4655.38,USD,SampleGen
INV-d866d145-717d-4bba-a78c-15b021eeb323,ID205890,CID-348,CA-0622,2026-03-06,2026-04-05,782.1,USD,SampleGen
INV-70d66ee5-f4de-4ee3-a312-b00f3cc87cee,ID205891,CID-348,CA-0622,2026-03-13,2026-04-12,733.32,USD,SampleGen
INV-e9518323-92f6-42a8-a1c3-628d1ca356a6,ID205892,CID-348,CA-0622,2026-03-12,2026-04-11,1339.6,USD,SampleGen
INV-8314fd81-742c-4e8f-b458-b5aa0f142664,ID205893,CID-349,CA-0624,2025-06-24,2025-07-24,701.5,USD,SampleGen
INV-78ebf75c-7e05-418b-b239-e5fdd101e5cf,ID205894,CID-349,CA-0624,2025-07-16,2025-08-15,1534.68,USD,SampleGen
INV-146deed1-efe7-4edb-abc1-c9fe76210404,ID205895,CID-349,CA-0624,2025-07-25,2025-08-24,782.16,USD,SampleGen
INV-dda68749-e9f6-4f57-991c-c51677ed2aff,ID205896,CID-349,CA-0624,2025-08-15,2025-09-14,703.64,USD,SampleGen
INV-c3c7924d-d12a-4a52-b97c-773b6cceef06,ID205897,CID-349,CA-0624,2025-08-28,2025-09-27,1127.72,USD,SampleGen
INV-8e2ff041-1d08-4b36-9bc3-293b00fb7091,ID205898,CID-349,CA-0624,2025-08-20,2025-09-19,451.44,USD,SampleGen
INV-b6488ba7-8c54-405b-970e-b2a5464a3ed1,ID205899,CID-349,CA-0624,2025-08-07,2025-09-06,2111.34,USD,SampleGen
INV-2066981d-2b40-42cf-81e3-8a0ee1bbc946,ID205900,CID-349,CA-0624,2025-09-18,2025-10-18,1278.18,USD,SampleGen
INV-171b2131-2d9f-4d24-9e24-9ced7001c344,ID205901,CID-349,CA-0624,2025-10-03,2025-11-02,394.14,USD,SampleGen
INV-6b7fc9cf-f050-4ebf-9053-6f7e66fb6260,ID205902,CID-349,CA-0624,2025-11-10,2025-12-10,941.12,USD,SampleGen
INV-4e5a3f8c-1256-453a-bdfb-7e86d752afee,ID205903,CID-349,CA-0624,2025-12-28,2026-01-27,4309.72,USD,SampleGen
INV-002f9774-ff71-4ea6-b8a2-4942352e7bd2,ID205904,CID-349,CA-0624,2025-12-14,2026-01-13,3807.36,USD,SampleGen
INV-a0a4026e-9435-4b65-ad9e-2127ca0fdce7,ID205905,CID-349,CA-0624,2025-12-07,2026-01-06,1530.4,USD,SampleGen
INV-a44a8c0a-6446-4afa-8d44-0b60ba8658ce,ID205906,CID-349,CA-0624,2026-01-31,2026-03-02,716.48,USD,SampleGen
INV-c4e3459e-af7b-42d3-a9c3-148d0ad4f3dc,ID205907,CID-349,CA-0624,2026-01-23,2026-02-22,97.5,USD,SampleGen
INV-a26b44bf-4a0c-4854-8de0-16b5596265ce,ID205908,CID-349,CA-0624,2026-02-08,2026-03-10,5863.72,USD,SampleGen
INV-1aecfa4b-dd8f-4feb-a768-71913ad5ab78,ID205909,CID-349,CA-0624,2026-03-01,2026-03-31,983.5,USD,SampleGen
INV-92aae126-d311-42de-ba14-718e415536bc,ID205910,CID-349,CA-0624,2026-02-14,2026-03-16,1203.96,USD,SampleGen
INV-5b2db71c-0d2b-4873-addc-7cae6b92d683,ID205911,CID-349,CA-0624,2026-02-18,2026-03-20,483.28,USD,SampleGen
INV-c09d9828-6ab6-4566-a2c2-9474f5415b07,ID205912,CID-349,CA-0624,2026-04-01,2026-05-01,1526.24,USD,SampleGen
INV-220c7ef5-3fe7-4143-8610-b013d81b387c,ID205913,CID-349,CA-0624,2026-03-29,2026-04-28,2293.7,USD,SampleGen
INV-c20a40e0-108d-4038-b8b1-558d0f99222b,ID205914,CID-349,CA-0624,2026-03-09,2026-04-08,830.84,USD,SampleGen
INV-3089576b-0a38-4c12-b71a-07fc50e06231,ID205915,CID-349,CA-0624,2026-03-23,2026-04-22,1462.64,USD,SampleGen
INV-136e24b9-d438-40d6-8f5d-765c8c835962,ID205916,CID-349,CA-0624,2026-03-07,2026-04-06,1008.98,USD,SampleGen
INV-5ae83f09-cada-4cf6-a845-814899208783,ID205917,CID-350,CA-0626,2025-06-18,2025-07-18,970.8,USD,SampleGen
INV-06fa1b0a-eb51-4f49-8acc-bc71708607e0,ID205918,CID-350,CA-0626,2025-06-22,2025-07-22,3472.42,USD,SampleGen
INV-33cfc014-77ea-4776-ac50-a83bfae04003,ID205919,CID-350,CA-0626,2025-07-31,2025-08-30,860.58,USD,SampleGen
INV-71b8a3d3-a469-41e2-b8b1-d2743af85b7a,ID205920,CID-350,CA-0626,2025-07-22,2025-08-21,1551.7,USD,SampleGen
INV-225c74ee-3b8e-44e5-a96a-b50a08ab02f5,ID205921,CID-350,CA-0626,2025-08-28,2025-09-27,712.22,USD,SampleGen
INV-66edc56f-0faa-4f96-ab6e-a1df738420e1,ID205922,CID-350,CA-0626,2025-08-11,2025-09-10,1560.18,USD,SampleGen
INV-ba6373e7-6eb4-4232-83bc-dcfbdf9882ec,ID205923,CID-350,CA-0626,2025-08-24,2025-09-23,2980.46,USD,SampleGen
INV-f65bf172-82af-40a9-8703-bf9f77435f13,ID205924,CID-350,CA-0626,2025-09-03,2025-10-03,296.7,USD,SampleGen
INV-cf507319-118f-4f69-9a03-d6654aa41b2a,ID205925,CID-350,CA-0626,2025-10-27,2025-11-26,1155.26,USD,SampleGen
INV-d3fd19e6-8ae6-463b-801e-cffb056308ba,ID205926,CID-350,CA-0626,2025-10-15,2025-11-14,1042.88,USD,SampleGen
INV-bafcab0e-869e-48c3-81c3-7223900a41f6,ID205927,CID-350,CA-0626,2025-11-16,2025-12-16,2134.64,USD,SampleGen
INV-a6fff1bb-8dd8-42da-ace6-98c9be55b0ce,ID205928,CID-350,CA-0626,2025-12-10,2026-01-09,455.66,USD,SampleGen
INV-89c9fa1e-39e9-4f44-82ed-26b3fb0e1f84,ID205929,CID-350,CA-0626,2025-12-03,2026-01-02,599.74,USD,SampleGen
INV-28ac6835-299e-42e2-a10d-0513f72d867b,ID205930,CID-350,CA-0626,2026-01-06,2026-02-05,6126.62,USD,SampleGen
INV-8476dde3-93d3-4b29-9dd0-23e727b812d2,ID205931,CID-350,CA-0626,2026-01-08,2026-02-07,2997.58,USD,SampleGen
INV-711f9e19-72ee-4642-8237-0ff67ea8d1d6,ID205932,CID-350,CA-0626,2026-02-23,2026-03-25,267.0,USD,SampleGen
INV-c5e018c2-83fd-4afe-a699-50c90a646dad,ID205933,CID-350,CA-0626,2026-02-16,2026-03-18,1784.9,USD,SampleGen
INV-53ef27ef-742b-424a-a8b2-50ebe9be4cf3,ID205934,CID-350,CA-0626,2026-02-22,2026-03-24,1335.46,USD,SampleGen
INV-8fb5eed7-9658-4393-816a-0478145cf4e9,ID205935,CID-350,CA-0626,2026-03-11,2026-04-10,4053.22,USD,SampleGen
INV-00667ee0-621c-4ced-9d34-3583e158a818,ID205936,CID-350,CA-0626,2026-03-06,2026-04-05,1146.72,USD,SampleGen
INV-e8aabe1a-f73e-44bb-a4c2-9343c6d1c1b0,ID205937,CID-350,CA-0626,2026-03-22,2026-04-21,822.42,USD,SampleGen
INV-28788df6-ff2e-4d15-904b-77abbe5798ce,ID205938,CID-350,CA-0626,2026-03-09,2026-04-08,6181.72,USD,SampleGen
INV-f8f91149-6891-415e-8a16-ed3f4b004ed5,ID205939,CID-350,CA-0626,2026-03-02,2026-04-01,4629.86,USD,SampleGen
INV-67826464-1129-4bf2-90a8-c96c6cc06277,ID205940,CID-351,CA-0628,2025-07-25,2025-08-24,966.54,USD,SampleGen
INV-aea9ee41-64d7-4cff-8c82-6c4618809a37,ID205941,CID-351,CA-0628,2025-08-07,2025-09-06,724.92,USD,SampleGen
INV-6e374107-322c-4fc9-a8d4-0bac860517e4,ID205942,CID-351,CA-0628,2025-09-28,2025-10-28,1890.88,USD,SampleGen
INV-618b0c83-2693-4158-9664-13550c9a82a4,ID205943,CID-351,CA-0628,2025-10-21,2025-11-20,635.9,USD,SampleGen
INV-02ebe414-1d0a-439b-846e-1cda3a3bf9ab,ID205944,CID-351,CA-0628,2025-12-14,2026-01-13,5465.08,USD,SampleGen
INV-d2900805-47c9-4fed-b602-7224b9c65eea,ID205945,CID-351,CA-0628,2026-01-20,2026-02-19,292.5,USD,SampleGen
INV-e5d3065f-d0b9-4750-956f-895443e938f0,ID205946,CID-351,CA-0628,2026-03-23,2026-04-22,544.7,USD,SampleGen
INV-ffbbf244-1c80-4530-9160-bd8944219b6a,ID205947,CID-351,CA-0628,2026-03-02,2026-04-01,947.46,USD,SampleGen
INV-286ecb01-0712-48f6-89cd-ea4590c1ee28,ID205948,CID-352,CA-0630,2025-06-06,2025-07-06,404.78,USD,SampleGen
INV-d990f28b-d02d-4323-9bfe-cabdf2749f3f,ID205949,CID-352,CA-0630,2025-07-02,2025-08-01,3044.18,USD,SampleGen
INV-1029d956-4b99-4a62-bce1-b99a5aa9d6ff,ID205950,CID-352,CA-0630,2025-07-26,2025-08-25,2921.22,USD,SampleGen
INV-a3324174-1e22-4e51-a98b-67f347912050,ID205951,CID-352,CA-0630,2025-08-13,2025-09-12,2755.76,USD,SampleGen
INV-5bc9bf77-b870-4a44-b54f-f369d12004a0,ID205952,CID-352,CA-0630,2025-08-22,2025-09-21,6444.62,USD,SampleGen
INV-36f633e7-8b2d-40ad-b69c-5796a5b5b29d,ID205953,CID-352,CA-0630,2025-10-18,2025-11-17,3858.08,USD,SampleGen
INV-dce3b41f-f679-4fda-971f-1b44ddbbd622,ID205954,CID-352,CA-0630,2025-11-19,2025-12-19,1780.68,USD,SampleGen
INV-f9e6cc32-ab46-4f93-88a4-aaba76d3b5c4,ID205955,CID-352,CA-0630,2025-12-22,2026-01-21,958.02,USD,SampleGen
INV-591ad837-0804-4761-90e1-2d94e4b5f512,ID205956,CID-352,CA-0630,2025-12-15,2026-01-14,1876.02,USD,SampleGen
INV-f04b8755-8296-4e4a-8682-a5e2671e48de,ID205957,CID-352,CA-0630,2026-01-12,2026-02-11,627.4,USD,SampleGen
INV-3dacdd03-1776-47ac-a258-36981dd38445,ID205958,CID-352,CA-0630,2026-01-25,2026-02-24,2611.76,USD,SampleGen
INV-5e6e154b-7d12-4cac-9582-e0d0aa8ca34a,ID205959,CID-352,CA-0630,2026-02-07,2026-03-09,4044.78,USD,SampleGen
INV-a16f1b05-ce6c-44cf-a925-062e36cf83d6,ID205960,CID-352,CA-0630,2026-02-19,2026-03-21,1059.9,USD,SampleGen
INV-ee86c455-802c-4d2b-933b-98cfd92fc148,ID205961,CID-352,CA-0630,2026-02-09,2026-03-11,1322.68,USD,SampleGen
INV-a25ef534-9554-4cb2-9ba3-5e6b80705763,ID205962,CID-352,CA-0630,2026-03-02,2026-04-01,385.72,USD,SampleGen
INV-1f3b0cc4-ec38-488e-b39e-1332744f6751,ID205963,CID-352,CA-0630,2026-03-29,2026-04-28,2596.78,USD,SampleGen
INV-60657f13-b4a7-4f7d-b5b0-ddeec561e550,ID205964,CID-352,CA-0630,2026-03-16,2026-04-15,860.54,USD,SampleGen
INV-b508c048-58fa-4549-8290-b60510c1cf75,ID205965,CID-353,CA-0632,2025-06-24,2025-07-24,1049.22,USD,SampleGen
INV-d9b87557-6b2b-4a92-8079-57cae1998ee2,ID205966,CID-353,CA-0632,2025-07-21,2025-08-20,958.04,USD,SampleGen
INV-95d683d1-dc8c-4e94-87f5-e1355d2e14fb,ID205967,CID-353,CA-0632,2025-07-15,2025-08-14,1301.42,USD,SampleGen
INV-ca1997c1-b6c0-48ee-ac7d-109b448b9cfc,ID205968,CID-353,CA-0632,2025-08-18,2025-09-17,4473.02,USD,SampleGen
INV-381e9ff1-12f3-4651-b189-92a9c486bcf6,ID205969,CID-353,CA-0632,2025-08-12,2025-09-11,334.84,USD,SampleGen
INV-b5560807-ab9e-4932-9931-ca1799dd0d24,ID205970,CID-353,CA-0632,2025-09-21,2025-10-21,364.56,USD,SampleGen
INV-c7e4439f-7322-49ef-9b6d-5569defd44e4,ID205971,CID-353,CA-0632,2025-10-30,2025-11-29,809.72,USD,SampleGen
INV-dd1dcf37-22d7-41f4-a6ea-d1b272ca838d,ID205972,CID-353,CA-0632,2025-11-17,2025-12-17,406.88,USD,SampleGen
INV-e11cfb63-e8ed-488a-a7b0-0815f4b629b5,ID205973,CID-353,CA-0632,2025-12-03,2026-01-02,1814.54,USD,SampleGen
INV-3852eae6-2421-4f26-aa40-3bebd91c6bc8,ID205974,CID-353,CA-0632,2025-12-15,2026-01-14,2166.46,USD,SampleGen
INV-fc51e564-8331-465c-8c32-d93d7c9d6aa8,ID205975,CID-353,CA-0632,2026-01-31,2026-03-02,487.5,USD,SampleGen
INV-4ddb67a3-1cd6-4ed3-a24b-a765cbc2ce8c,ID205976,CID-353,CA-0632,2026-01-05,2026-02-04,593.44,USD,SampleGen
INV-830e113b-8fd3-4069-acea-9a91ffa01394,ID205977,CID-353,CA-0632,2026-02-15,2026-03-17,1975.68,USD,SampleGen
INV-6e38e0eb-9ab8-495a-b9f2-08647b1de804,ID205978,CID-353,CA-0632,2026-02-25,2026-03-27,1199.76,USD,SampleGen
INV-22a3919b-d4a9-4e46-aa42-d7b6427b10ac,ID205979,CID-353,CA-0632,2026-02-12,2026-03-14,1242.16,USD,SampleGen
INV-d4ddfba1-369a-44fd-b2f9-5b461331ef3c,ID205980,CID-353,CA-0632,2026-03-05,2026-04-04,1017.46,USD,SampleGen
INV-260e0950-a8e9-4f96-9cf2-64c1bf7f2659,ID205981,CID-353,CA-0632,2026-03-22,2026-04-21,1589.76,USD,SampleGen
INV-2fac56db-64bc-4507-bd1e-93e3676e5440,ID205982,CID-353,CA-0632,2026-03-25,2026-04-24,3281.64,USD,SampleGen
INV-e8708891-78e7-41fb-afd2-37ec065e5bab,ID205983,CID-353,CA-0632,2026-03-05,2026-04-04,1293.04,USD,SampleGen
INV-482fc665-d8c9-4341-aa61-556cc65046c2,ID205984,CID-354,CA-0634,2025-06-27,2025-07-27,1358.72,USD,SampleGen
INV-2cd5c4c6-dac3-4f9d-af7c-2ad68a7b953b,ID205985,CID-354,CA-0634,2025-07-23,2025-08-22,2806.76,USD,SampleGen
INV-2ac30925-8af9-44dc-bb38-dfaf0240aac1,ID205986,CID-354,CA-0634,2025-08-08,2025-09-07,1004.76,USD,SampleGen
INV-c17a7917-96cf-459e-925c-f20088ed0fa9,ID205987,CID-354,CA-0634,2025-08-22,2025-09-21,1110.76,USD,SampleGen
INV-aa21bd35-0906-42cc-9953-d3a238c6cd0e,ID205988,CID-354,CA-0634,2025-10-31,2025-11-30,2908.36,USD,SampleGen
INV-5fc3355a-5b31-4330-9dbe-94b190f9a949,ID205989,CID-354,CA-0634,2025-11-12,2025-12-12,1282.44,USD,SampleGen
INV-f731c6e3-8f10-470d-9be7-e3dd77bd8d39,ID205990,CID-354,CA-0634,2025-12-11,2026-01-10,690.92,USD,SampleGen
INV-5e304f5e-d07e-4e35-ab25-11932048c469,ID205991,CID-354,CA-0634,2026-01-05,2026-02-04,383.54,USD,SampleGen
INV-c3b2b373-5f5a-4a1d-9e81-c803cacee619,ID205992,CID-354,CA-0634,2026-02-15,2026-03-17,402.6,USD,SampleGen
INV-225d271a-22cf-493d-8e06-d80beb1e3b0f,ID205993,CID-354,CA-0634,2026-02-14,2026-03-16,1064.04,USD,SampleGen
INV-9ebf8913-88bd-4bc6-87bf-0d378761e07c,ID205994,CID-354,CA-0634,2026-03-19,2026-04-18,349.7,USD,SampleGen
INV-ba238b65-e029-49f1-87e1-ff1b086abe22,ID205995,CID-354,CA-0634,2026-03-11,2026-04-10,1666.08,USD,SampleGen
INV-3e34330a-130a-4184-a4f0-fb62e09ceeba,ID205996,CID-355,CA-0636,2025-06-08,2025-07-08,1627.92,USD,SampleGen
INV-78197346-0b88-4c8f-a489-c46af0ab5d8c,ID205997,CID-355,CA-0636,2025-07-13,2025-08-12,1218.76,USD,SampleGen
INV-70d78e78-fbbe-473d-b83f-a76c49fdf3b1,ID205998,CID-355,CA-0636,2025-08-17,2025-09-16,394.24,USD,SampleGen
INV-b6591da8-b3e1-44ae-a651-6948d025a487,ID205999,CID-355,CA-0636,2025-08-09,2025-09-08,1784.9,USD,SampleGen
INV-32219e2d-d665-4246-ac3b-b88c3e6362f3,ID206000,CID-355,CA-0636,2025-11-25,2025-12-25,2463.2,USD,SampleGen
INV-9902f544-c394-4ffa-bc15-ae32472f7069,ID206001,CID-355,CA-0636,2025-12-27,2026-01-26,4689.18,USD,SampleGen
INV-9cbfec38-d105-49e1-8982-18180cd27422,ID206002,CID-355,CA-0636,2026-02-01,2026-03-03,2836.44,USD,SampleGen
INV-4dd31cca-bc78-4495-819b-f50a09d54e6b,ID206003,CID-355,CA-0636,2026-02-21,2026-03-23,1428.66,USD,SampleGen
INV-1f174859-f064-4679-af3b-ff57699e33f4,ID206004,CID-355,CA-0636,2026-02-27,2026-03-29,2904.18,USD,SampleGen
INV-259aa945-b3fc-40bf-b858-68f2a4fc2cb6,ID206005,CID-355,CA-0636,2026-03-18,2026-04-17,2573.46,USD,SampleGen
INV-7ef6e720-eb77-4c8f-91cd-7b8a85c24f0e,ID206006,CID-355,CA-0636,2026-03-19,2026-04-18,538.34,USD,SampleGen
INV-7aa5578d-5bc4-4c1b-819a-aa87302a1c6e,ID206007,CID-356,CA-0638,2025-06-15,2025-07-15,3993.8,USD,SampleGen
INV-2e207ce0-bf28-40d7-ae93-cf9796765eb9,ID206008,CID-356,CA-0638,2025-06-30,2025-07-30,419.64,USD,SampleGen
INV-41e21f2f-9002-4c87-bd1e-c6dc83502ae6,ID206009,CID-356,CA-0638,2025-06-07,2025-07-07,709.98,USD,SampleGen
INV-6001c599-dee7-4e75-9c00-64142fa4fb59,ID206010,CID-356,CA-0638,2025-07-22,2025-08-21,449.32,USD,SampleGen
INV-b8a80850-58c5-4c76-b5ba-cc36f4b002f9,ID206011,CID-356,CA-0638,2025-07-18,2025-08-17,4468.72,USD,SampleGen
INV-f14bccd5-11f4-4779-afea-2cdae2808da4,ID206012,CID-356,CA-0638,2025-07-09,2025-08-08,1706.44,USD,SampleGen
INV-6f7973f9-bca4-423b-9d16-2e9f708702d2,ID206013,CID-356,CA-0638,2025-07-10,2025-08-09,1835.72,USD,SampleGen
INV-9259edc1-e5d0-4d16-ab32-537b438ed328,ID206014,CID-356,CA-0638,2025-08-25,2025-09-24,1182.72,USD,SampleGen
INV-03406ae1-82f9-4ec1-9dea-2d8b4021eeb9,ID206015,CID-356,CA-0638,2025-08-27,2025-09-26,7322.26,USD,SampleGen
INV-92d3e8ac-26c6-4126-801f-801352f4f78f,ID206016,CID-356,CA-0638,2025-08-12,2025-09-11,1780.64,USD,SampleGen
INV-db188e4a-adf9-42e6-9f9b-8c928727a612,ID206017,CID-356,CA-0638,2025-08-14,2025-09-13,2522.64,USD,SampleGen
INV-81832cdf-3ab2-4229-afb2-a4a9c58455a6,ID206018,CID-356,CA-0638,2025-08-29,2025-09-28,4032.04,USD,SampleGen
INV-f69e8d87-829c-425f-92df-3d07ac299108,ID206019,CID-356,CA-0638,2025-09-06,2025-10-06,975.12,USD,SampleGen
INV-f6408e99-a0e8-4e3f-8abc-285e69152d21,ID206020,CID-356,CA-0638,2025-10-27,2025-11-26,962.34,USD,SampleGen
INV-4035f564-fcd1-4be3-aaa1-81e0d73bd197,ID206021,CID-356,CA-0638,2025-10-22,2025-11-21,1000.42,USD,SampleGen
INV-c8cd2e4b-e934-4e7d-b29c-24ec56b7a6e4,ID206022,CID-356,CA-0638,2025-11-09,2025-12-09,3684.3,USD,SampleGen
INV-8a97385b-8d23-427f-968a-aa6bebbf44e1,ID206023,CID-356,CA-0638,2025-11-26,2025-12-26,542.62,USD,SampleGen
INV-10960a82-20f5-4d2a-963b-9ce6cac0798a,ID206024,CID-356,CA-0638,2025-12-28,2026-01-27,523.46,USD,SampleGen
INV-1ad99e82-a808-41fc-b4f7-3318cadb0bc6,ID206025,CID-356,CA-0638,2025-12-08,2026-01-07,2145.22,USD,SampleGen
INV-e086aa29-14d1-4a64-b036-2ac2772261b9,ID206026,CID-356,CA-0638,2025-12-31,2026-01-30,6406.46,USD,SampleGen
INV-3553e7ef-0cf1-4488-9759-2ea1273a60b1,ID206027,CID-356,CA-0638,2025-12-10,2026-01-09,1449.9,USD,SampleGen
INV-3121ee70-4d16-4bd4-baab-e2a4c9c7b074,ID206028,CID-356,CA-0638,2026-01-07,2026-02-06,1878.18,USD,SampleGen
INV-548877e0-111a-4a14-ad08-243122beb14e,ID206029,CID-356,CA-0638,2026-01-18,2026-02-17,61.46,USD,SampleGen
INV-f56828a7-21d4-4398-ab16-f8c63bd42ab6,ID206030,CID-356,CA-0638,2026-01-16,2026-02-15,534.12,USD,SampleGen
INV-1a0bceeb-5ce8-42f5-a8fe-e49e13dcff73,ID206031,CID-356,CA-0638,2026-02-12,2026-03-14,1543.22,USD,SampleGen
INV-3a0c117a-3735-48e6-b0b1-123da6c18af2,ID206032,CID-356,CA-0638,2026-02-22,2026-03-24,317.92,USD,SampleGen
INV-fc7203be-1a60-46f8-be98-b809f640dbca,ID206033,CID-356,CA-0638,2026-02-25,2026-03-27,684.6,USD,SampleGen
INV-6665eabb-39f4-4469-b31f-023db9c8dfb2,ID206034,CID-356,CA-0638,2026-02-11,2026-03-13,756.72,USD,SampleGen
INV-7a7f96fc-532c-49a4-9f31-c56bff9d98d2,ID206035,CID-356,CA-0638,2026-02-19,2026-03-21,966.56,USD,SampleGen
INV-4398d446-7862-45f7-9f3e-71d951d6d003,ID206036,CID-356,CA-0638,2026-02-08,2026-03-10,3099.22,USD,SampleGen
INV-52f084fa-987a-465d-bd71-8cad25f174ef,ID206037,CID-356,CA-0638,2026-03-07,2026-04-06,3014.54,USD,SampleGen
INV-2c7ca883-af7d-404c-b7c2-f6e947ff6b98,ID206038,CID-356,CA-0638,2026-03-02,2026-04-01,1102.24,USD,SampleGen
INV-15a55188-4b91-41d1-95ed-8211ff3fe576,ID206039,CID-356,CA-0638,2026-03-28,2026-04-27,292.48,USD,SampleGen
INV-9a21c962-bba1-4f05-b327-87455488aac3,ID206040,CID-356,CA-0638,2026-03-07,2026-04-06,2918.96,USD,SampleGen
INV-a669c894-1a42-4ba3-8bbd-95caa892fa71,ID206041,CID-356,CA-0638,2026-03-28,2026-04-27,4328.84,USD,SampleGen
INV-a6628d0b-61dd-45be-9988-11628bf177cb,ID206042,CID-356,CA-0638,2026-03-28,2026-04-27,565.94,USD,SampleGen
INV-dfe1323e-e5cd-48d1-88dd-faf0e88e14a9,ID206043,CID-356,CA-0638,2026-03-06,2026-04-05,1865.46,USD,SampleGen
INV-259d0cc5-6c7c-4c2f-9b9f-98809565bc8e,ID206044,CID-356,CA-0638,2026-03-14,2026-04-13,1144.54,USD,SampleGen
INV-25207d9e-60e5-4b1d-9cfb-1427198b4e62,ID206045,CID-357,CA-0640,2025-06-28,2025-07-28,1254.76,USD,SampleGen
INV-61a5f0ac-d360-41a3-9e9c-a29238edfa62,ID206046,CID-357,CA-0640,2025-06-27,2025-07-27,894.44,USD,SampleGen
INV-51bb0f63-2f93-4ab9-966c-8e34e86dea19,ID206047,CID-357,CA-0640,2025-06-26,2025-07-26,4502.6,USD,SampleGen
INV-b4ab3e34-23c8-4ba9-854b-a0d9fc912a80,ID206048,CID-357,CA-0640,2025-07-06,2025-08-05,3001.8,USD,SampleGen
INV-d88e4f34-7683-467e-87e0-daa9f3507798,ID206049,CID-357,CA-0640,2025-07-06,2025-08-05,2634.9,USD,SampleGen
INV-104acc39-d028-489e-af63-48e4f7ff6f5e,ID206050,CID-357,CA-0640,2025-07-25,2025-08-24,4152.9,USD,SampleGen
INV-84951601-d552-473c-b51c-c1d7196895db,ID206051,CID-357,CA-0640,2025-07-22,2025-08-21,1475.3,USD,SampleGen
INV-73ea98aa-53fd-4427-a127-7c13cfb29216,ID206052,CID-357,CA-0640,2025-08-23,2025-09-22,3137.42,USD,SampleGen
INV-4ca0e4f3-9da8-4fa6-a9ec-f961631ad0b4,ID206053,CID-357,CA-0640,2025-08-05,2025-09-04,1025.88,USD,SampleGen
INV-b624669d-6237-4b19-8dec-838c83071d2d,ID206054,CID-357,CA-0640,2025-08-19,2025-09-18,3200.96,USD,SampleGen
INV-bf6f1a9c-bf38-4ded-b9df-08dfc641b599,ID206055,CID-357,CA-0640,2025-08-26,2025-09-25,2611.62,USD,SampleGen
INV-b7ca985f-7208-4d89-aeb6-48f799a89e54,ID206056,CID-357,CA-0640,2025-08-07,2025-09-06,1102.24,USD,SampleGen
INV-76215759-fb8b-42bb-88ca-2563ac310f59,ID206057,CID-357,CA-0640,2025-08-30,2025-09-29,3277.34,USD,SampleGen
INV-fc0f86c3-58be-496a-baff-02d35f4250ab,ID206058,CID-357,CA-0640,2025-09-20,2025-10-20,3588.94,USD,SampleGen
INV-20029bbc-aec7-4e90-8878-5954d027c2d5,ID206059,CID-357,CA-0640,2025-09-05,2025-10-05,1348.12,USD,SampleGen
INV-eb5aef39-ce71-4616-8a5f-66e39d7193ce,ID206060,CID-357,CA-0640,2025-10-04,2025-11-03,4135.9,USD,SampleGen
INV-636bdb9a-6448-4544-8501-8515f2ef983b,ID206061,CID-357,CA-0640,2025-10-11,2025-11-10,1948.0,USD,SampleGen
INV-74a86395-d2aa-410d-a69e-786dbf32c59b,ID206062,CID-357,CA-0640,2025-11-29,2025-12-29,4672.12,USD,SampleGen
INV-08a903fd-e487-4911-b61a-623691af6643,ID206063,CID-357,CA-0640,2025-11-26,2025-12-26,3904.9,USD,SampleGen
INV-ae65dd34-16e4-4cd3-8e13-c7ce43026885,ID206064,CID-357,CA-0640,2025-12-12,2026-01-11,1751.0,USD,SampleGen
INV-3dac45bb-e4a5-4eec-a5ef-a26c0719fe51,ID206065,CID-357,CA-0640,2025-12-23,2026-01-22,362.42,USD,SampleGen
INV-05d25b14-9be5-43a4-91e7-468c4df79efd,ID206066,CID-357,CA-0640,2025-12-02,2026-01-01,6406.38,USD,SampleGen
INV-5b014f7d-cdfe-423c-9810-2339dee6fe05,ID206067,CID-357,CA-0640,2025-12-22,2026-01-21,3408.74,USD,SampleGen
INV-401f6504-f879-4995-aefa-e68b195cbcdf,ID206068,CID-357,CA-0640,2025-12-29,2026-01-28,4193.12,USD,SampleGen
INV-19b5ac73-0b62-46b1-a262-db831707d8c5,ID206069,CID-357,CA-0640,2025-12-29,2026-01-28,873.26,USD,SampleGen
INV-023e4811-fe9b-4bc4-a889-3f94578c461d,ID206070,CID-357,CA-0640,2026-01-02,2026-02-01,1348.22,USD,SampleGen
INV-55985300-721e-4719-90d7-f427f6411db0,ID206071,CID-357,CA-0640,2026-01-08,2026-02-07,2238.5,USD,SampleGen
INV-6e759503-a14e-49d1-b901-42031ded53a4,ID206072,CID-357,CA-0640,2026-01-05,2026-02-04,601.98,USD,SampleGen
INV-d396bd7e-d708-410a-9bd7-2ec877124223,ID206073,CID-357,CA-0640,2026-01-03,2026-02-02,3345.2,USD,SampleGen
INV-158d01b2-2b23-4ab6-b386-30360aad6b28,ID206074,CID-357,CA-0640,2026-01-16,2026-02-15,1555.82,USD,SampleGen
INV-30407a79-6b31-416c-83cc-8bdcd97e0466,ID206075,CID-357,CA-0640,2026-02-02,2026-03-04,2611.76,USD,SampleGen
INV-729933ca-0d11-4a86-b431-200089318667,ID206076,CID-357,CA-0640,2026-02-19,2026-03-21,2382.68,USD,SampleGen
INV-4637df8d-bb13-405c-ae75-afdf54246ccd,ID206077,CID-357,CA-0640,2026-02-24,2026-03-26,4576.9,USD,SampleGen
INV-7de593d4-1d95-47ec-8671-f727193120fb,ID206078,CID-357,CA-0640,2026-02-25,2026-03-27,3892.12,USD,SampleGen
INV-82afce94-879a-4f7e-9645-cb72a5bd8ea2,ID206079,CID-357,CA-0640,2026-02-17,2026-03-19,3595.32,USD,SampleGen
INV-bab482c5-9417-4045-b63d-a3e7e37dcf60,ID206080,CID-357,CA-0640,2026-03-01,2026-03-31,1254.84,USD,SampleGen
INV-5e38a92e-0730-4a06-becc-1482bac7051a,ID206081,CID-357,CA-0640,2026-02-11,2026-03-13,3179.8,USD,SampleGen
INV-eabb97c6-5202-4e56-902b-f2cf2691208e,ID206082,CID-357,CA-0640,2026-02-13,2026-03-15,1971.46,USD,SampleGen
INV-255d0c54-0ebc-48ba-87d6-381b5b087b3a,ID206083,CID-357,CA-0640,2026-03-27,2026-04-26,1451.94,USD,SampleGen
INV-f4bf0f29-195a-48f9-98c6-cc2bfd0c8f0d,ID206084,CID-357,CA-0640,2026-03-27,2026-04-26,3578.32,USD,SampleGen
INV-9408881a-d6e4-4323-8d80-89e10ad728bd,ID206085,CID-357,CA-0640,2026-03-19,2026-04-18,1899.4,USD,SampleGen
INV-5c9495ac-0516-4f5d-b38e-93ea9980eb00,ID206086,CID-357,CA-0640,2026-03-18,2026-04-17,2098.52,USD,SampleGen
INV-5ac2a7ac-cce4-4ced-aa6b-c31ac518e493,ID206087,CID-357,CA-0640,2026-03-10,2026-04-09,695.26,USD,SampleGen
INV-d89fc643-dc67-4963-b9b7-0a6eecde64c0,ID206088,CID-357,CA-0640,2026-03-03,2026-04-02,1920.56,USD,SampleGen
INV-a8685e78-5180-4166-a0ca-ca8fbacc02c6,ID206089,CID-357,CA-0640,2026-03-27,2026-04-26,1738.16,USD,SampleGen
INV-7d3fb04a-cabb-43eb-a411-adbdf8f88b3d,ID206090,CID-357,CA-0640,2026-03-05,2026-04-04,2043.54,USD,SampleGen
INV-2b2efd25-770b-4103-9e28-dae7e51c39dc,ID206091,CID-357,CA-0640,2026-03-09,2026-04-08,3027.12,USD,SampleGen
INV-2c8ce389-74b9-429d-9157-076a6cd871b8,ID206092,CID-357,CA-0640,2026-03-27,2026-04-26,1386.34,USD,SampleGen
INV-8364ea16-73d8-4adf-9651-ecf5e4cacc54,ID206093,CID-358,CA-0642,2025-06-11,2025-07-11,975.04,USD,SampleGen
INV-8025c2d4-69e8-4a48-868d-1dd94bfed181,ID206094,CID-358,CA-0642,2025-07-29,2025-08-28,1776.32,USD,SampleGen
INV-7ccdbc61-8ece-4fcc-a362-a81aaa7b2835,ID206095,CID-358,CA-0642,2025-07-30,2025-08-29,2054.1,USD,SampleGen
INV-4eb2f43e-22ab-45a3-8216-d421ed30a8aa,ID206096,CID-358,CA-0642,2025-08-24,2025-09-23,1769.96,USD,SampleGen
INV-3e07567a-45ca-4e56-8c09-47b1637c8139,ID206097,CID-358,CA-0642,2025-08-11,2025-09-10,2490.76,USD,SampleGen
INV-d9192963-dffb-40f9-a6ec-da59c31e0d5c,ID206098,CID-358,CA-0642,2025-11-30,2025-12-30,1199.73,USD,SampleGen
INV-51ec853a-952f-4da7-851c-937a29291cc1,ID206099,CID-358,CA-0642,2025-12-16,2026-01-15,2026.44,USD,SampleGen
INV-69085c1f-1346-4432-82ff-826bc7b32c13,ID206100,CID-358,CA-0642,2025-12-17,2026-01-16,4612.92,USD,SampleGen
INV-9f5fb4dd-ab06-4da8-b016-d9a2e51e3dab,ID206101,CID-358,CA-0642,2026-01-03,2026-02-02,3391.8,USD,SampleGen
INV-fceb95b4-32fb-45b1-ba54-8db0f7784b6e,ID206102,CID-358,CA-0642,2026-02-04,2026-03-06,4771.9,USD,SampleGen
INV-186fd560-912a-438d-b2c8-f79a93b3b2e1,ID206103,CID-358,CA-0642,2026-02-27,2026-03-29,1025.88,USD,SampleGen
INV-207394af-fdbe-42e3-9294-e2a39eda7bcc,ID206104,CID-358,CA-0642,2026-03-31,2026-04-30,2908.46,USD,SampleGen
INV-4caa841c-9d33-4568-ba08-3c7e32712997,ID206105,CID-358,CA-0642,2026-03-18,2026-04-17,1890.76,USD,SampleGen
INV-1157f722-27ee-40b6-8a2c-58bafdd84728,ID206106,CID-358,CA-0642,2026-03-14,2026-04-13,3046.26,USD,SampleGen
INV-818dbeef-1620-412b-9afc-f94bb980c4a9,ID206107,CID-359,CA-0644,2026-03-13,2026-04-12,1371.44,USD,SampleGen
INV-04866b84-5995-4e5c-be65-0514fb8db858,ID206108,CID-360,CA-1523,2025-06-29,2025-07-29,1220.92,USD,SampleGen
INV-dd24da53-3aa1-45f2-abb8-2b6767a185bd,ID206109,CID-360,CA-1523,2025-06-30,2025-07-30,860.64,USD,SampleGen
INV-6b30f7a1-968c-485c-8ff3-626b8db18642,ID206110,CID-360,CA-1523,2025-07-17,2025-08-16,864.84,USD,SampleGen
INV-e945bb08-61ba-483c-a271-a84ac9d6065d,ID206111,CID-360,CA-1523,2025-07-02,2025-08-01,792.7,USD,SampleGen
INV-a75823b1-cf8a-4962-a64f-1d2cbe6e35ef,ID206112,CID-360,CA-1523,2025-08-18,2025-09-17,4892.76,USD,SampleGen
INV-7bc8f5f8-1ea3-406e-ace7-366dc0a772fa,ID206113,CID-360,CA-1523,2025-08-14,2025-09-13,3374.82,USD,SampleGen
INV-112662ad-567e-4e4c-ac22-4004998a1291,ID206114,CID-360,CA-1523,2025-08-09,2025-09-08,1683.08,USD,SampleGen
INV-78beb23f-fd22-4b80-9f5f-2f732428bf82,ID206115,CID-360,CA-1523,2025-09-05,2025-10-05,4127.46,USD,SampleGen
INV-d14a6bbf-251a-455a-8df6-2c3f000448b7,ID206116,CID-360,CA-1523,2025-10-31,2025-11-30,2378.46,USD,SampleGen
INV-552b769d-9512-4d4f-8c27-048d6bed9547,ID206117,CID-360,CA-1523,2025-11-02,2025-12-02,1589.9,USD,SampleGen
INV-f8d52f3c-ae50-44ba-8599-1fb96a283369,ID206118,CID-360,CA-1523,2025-12-23,2026-01-22,2654.16,USD,SampleGen
INV-1b3d513c-a429-45c0-96df-2ae8182d65e9,ID206119,CID-360,CA-1523,2025-12-26,2026-01-25,1878.18,USD,SampleGen
INV-c03a4141-466f-4e23-8796-18d824d115a0,ID206120,CID-360,CA-1523,2026-01-10,2026-02-09,6003.52,USD,SampleGen
INV-eb6f0b26-f135-470b-ba08-112427acfb40,ID206121,CID-360,CA-1523,2026-01-20,2026-02-19,97.5,USD,SampleGen
INV-2cb9aded-efbe-4587-abaf-810277f9ffb8,ID206122,CID-360,CA-1523,2026-02-07,2026-03-09,654.9,USD,SampleGen
INV-28c99117-53f5-46cc-aac2-e70cb1e3d3a5,ID206123,CID-360,CA-1523,2026-02-03,2026-03-05,712.18,USD,SampleGen
INV-c91215f5-eb59-4a8c-9321-0cd982e55784,ID206124,CID-360,CA-1523,2026-02-27,2026-03-29,534.12,USD,SampleGen
INV-a8be11a9-ccd4-4f8f-b0f9-0df35262c3df,ID206125,CID-360,CA-1523,2026-03-18,2026-04-17,1979.88,USD,SampleGen
INV-2fa21e72-3a5c-4fa9-b115-6d85b462bc03,ID206126,CID-360,CA-1523,2026-03-15,2026-04-14,2164.38,USD,SampleGen
INV-11e74503-8eca-43b5-acdb-d08c6f83563e,ID206127,CID-360,CA-1523,2026-03-07,2026-04-06,1437.18,USD,SampleGen
INV-4950a66f-5dea-4049-b0d7-c851c49266bb,ID206128,CID-360,CA-1523,2026-03-31,2026-04-30,2107.02,USD,SampleGen
INV-1ad37dcb-fb88-403b-86df-4e70fe32a4b5,ID206129,CID-361,CA-0647,2025-06-24,2025-07-24,902.9,USD,SampleGen
INV-0c275fb5-8459-44b2-be0d-029885e12638,ID206130,CID-361,CA-0647,2025-07-07,2025-08-06,856.32,USD,SampleGen
INV-7c80fbfa-f903-4f14-a1dc-9acbf4a20d1d,ID206131,CID-361,CA-0647,2025-09-01,2025-10-01,970.74,USD,SampleGen
INV-1a6067b8-886d-4bbb-9ddc-a5037ee28015,ID206132,CID-361,CA-0647,2025-12-13,2026-01-12,2478.08,USD,SampleGen
INV-30ecfb07-39a5-4d7c-8f73-2f54c045165f,ID206133,CID-361,CA-0647,2026-01-04,2026-02-03,2484.46,USD,SampleGen
INV-d4ea7d3f-af1a-4e1b-bac0-4c2829844e76,ID206134,CID-361,CA-0647,2026-02-22,2026-03-24,627.42,USD,SampleGen
INV-5336f55b-b3ac-4148-9af7-a354312c2fdc,ID206135,CID-361,CA-0647,2026-03-13,2026-04-12,1301.46,USD,SampleGen
INV-5864c415-a212-4fff-8622-9a7db6907ba2,ID206136,CID-362,CA-0649,2025-06-20,2025-07-20,5893.4,USD,SampleGen
INV-3d042cb9-a71b-4d23-a464-a176e1cb28c6,ID206137,CID-362,CA-0649,2025-07-08,2025-08-07,1903.62,USD,SampleGen
INV-eb348b5d-7191-47c0-8f31-6914da82c01e,ID206138,CID-362,CA-0649,2025-08-15,2025-09-14,2043.54,USD,SampleGen
INV-c62296b3-4268-421d-bdb2-054d963d6b37,ID206139,CID-362,CA-0649,2025-08-25,2025-09-24,2872.34,USD,SampleGen
INV-c419f0cf-addc-4713-b988-eeb5391586f4,ID206140,CID-362,CA-0649,2025-09-03,2025-10-03,2094.48,USD,SampleGen
INV-14ecf59c-b4a2-4b6d-910f-e15891eb9889,ID206141,CID-362,CA-0649,2025-10-31,2025-11-30,7144.12,USD,SampleGen
INV-bb53a945-def2-4dca-925d-f33dacead3b5,ID206142,CID-362,CA-0649,2025-12-02,2026-01-01,4629.86,USD,SampleGen
INV-f27f2c0b-788e-46dd-aa9e-834f693a7415,ID206143,CID-362,CA-0649,2026-02-27,2026-03-29,3979.0,USD,SampleGen
INV-ae87497b-31d8-4380-b8ff-621452b3b67b,ID206144,CID-362,CA-0649,2026-03-06,2026-04-05,2760.1,USD,SampleGen
INV-4ab70ff5-5b59-4fb3-b98d-35e6419f630d,ID206145,CID-362,CA-0649,2026-03-10,2026-04-09,2013.8,USD,SampleGen
INV-e87ead79-f8b7-4e22-b689-b80182640b1b,ID206146,CID-363,CA-1524,2025-06-03,2025-07-03,3722.56,USD,SampleGen
INV-139a829e-921c-4e4a-96f3-dbf02e7894ff,ID206147,CID-363,CA-1524,2025-08-01,2025-08-31,972.94,USD,SampleGen
INV-094ce79c-50f5-4fee-a159-c2618306dc88,ID206148,CID-363,CA-1524,2025-08-13,2025-09-12,476.82,USD,SampleGen
INV-3e319cfa-9af5-441b-8420-f508211186d3,ID206149,CID-363,CA-1524,2025-08-30,2025-09-29,1263.28,USD,SampleGen
INV-52f44565-e2e2-4633-90aa-51842b96c36f,ID206150,CID-363,CA-1524,2025-09-07,2025-10-07,2893.68,USD,SampleGen
INV-6ebf25c1-ec6e-4b5e-bd5f-4e8a8ad85492,ID206151,CID-363,CA-1524,2025-11-13,2025-12-13,529.88,USD,SampleGen
INV-7f69c596-e8c0-456c-84e1-0c742137e404,ID206152,CID-363,CA-1524,2025-12-30,2026-01-29,406.9,USD,SampleGen
INV-ded01f92-74c6-4e3d-8844-f38a6bdd65ab,ID206153,CID-363,CA-1524,2026-01-05,2026-02-04,3523.22,USD,SampleGen
INV-18978905-a822-43c0-81bf-7c985747b40f,ID206154,CID-363,CA-1524,2026-01-08,2026-02-07,1905.74,USD,SampleGen
INV-05099497-edab-412b-be9f-fabef593ca3f,ID206155,CID-363,CA-1524,2026-02-14,2026-03-16,642.18,USD,SampleGen
INV-06a127f3-1929-42e6-a492-963e7b65453a,ID206156,CID-363,CA-1524,2026-02-28,2026-03-30,267.0,USD,SampleGen
INV-f020e754-1d34-48f6-8816-46cd39ed3946,ID206157,CID-363,CA-1524,2026-03-10,2026-04-09,1017.42,USD,SampleGen
INV-59f4d655-2560-4723-958c-c58f60dbb223,ID206158,CID-363,CA-1524,2026-03-07,2026-04-06,4973.26,USD,SampleGen
INV-73659167-9c00-462e-b97b-3baee83d5146,ID206159,CID-364,CA-1525,2025-06-25,2025-07-25,540.5,USD,SampleGen
INV-a446e563-b8ec-4d9e-8dac-f25a8a125ec3,ID206160,CID-364,CA-1525,2025-07-06,2025-08-05,2005.36,USD,SampleGen
INV-fd26d626-fd4f-49cc-94df-248eca48b9e3,ID206161,CID-364,CA-1525,2025-08-08,2025-09-07,786.38,USD,SampleGen
INV-f8b2f85d-42fd-4410-a952-c99a03b9def6,ID206162,CID-364,CA-1525,2025-12-12,2026-01-11,1907.72,USD,SampleGen
INV-3e27467e-5ad2-4136-9236-b44d41d8d946,ID206163,CID-364,CA-1525,2025-12-19,2026-01-18,1331.26,USD,SampleGen
INV-96a79085-81a1-4959-b686-fe62cdc47aad,ID206164,CID-364,CA-1525,2026-01-12,2026-02-11,464.14,USD,SampleGen
INV-2ee4a930-992a-4a3a-9db1-21971a95b739,ID206165,CID-364,CA-1525,2026-02-11,2026-03-13,1208.16,USD,SampleGen
INV-909baafa-9949-4956-afb8-ba7773194035,ID206166,CID-364,CA-1525,2026-02-06,2026-03-08,3959.92,USD,SampleGen
INV-7da30989-1555-48d5-af4d-76dbad18cc90,ID206167,CID-364,CA-1525,2026-03-26,2026-04-25,576.46,USD,SampleGen
INV-5a654fef-7ff8-4ccb-af6f-2ece4d46413b,ID206168,CID-364,CA-1525,2026-03-29,2026-04-28,2607.4,USD,SampleGen
INV-aac7278e-5a60-4927-8554-9e18b11662ef,ID206169,CID-365,CA-1526,2025-10-07,2025-11-06,2537.38,USD,SampleGen
INV-539ed320-f1c3-4a1e-bcee-1185f7c516b5,ID206170,CID-365,CA-1526,2025-11-15,2025-12-15,888.1,USD,SampleGen
INV-cfc0233d-faa1-44d7-9f15-26cf697cba0a,ID206171,CID-365,CA-1526,2026-03-03,2026-04-02,754.52,USD,SampleGen
INV-67a43b93-9690-4c0e-8a43-1a908a945f7a,ID206172,CID-366,CA-0653,2025-06-16,2025-07-16,4714.68,USD,SampleGen
INV-d5a3ddfc-d15a-469e-a4e6-31ac52820dda,ID206173,CID-366,CA-0653,2025-07-16,2025-08-15,1373.54,USD,SampleGen
INV-3b76ffb6-25ef-43d7-8272-0754d9931b78,ID206174,CID-366,CA-0653,2025-07-30,2025-08-29,1322.72,USD,SampleGen
INV-c3f6c9f5-53d1-4ad1-8824-9608839e4001,ID206175,CID-366,CA-0653,2025-08-19,2025-09-18,487.5,USD,SampleGen
INV-acc22f8c-f955-4193-bdce-b5e35b6bd4d5,ID206176,CID-366,CA-0653,2025-09-07,2025-10-07,1543.06,USD,SampleGen
INV-2b8006f6-16f7-4141-9542-c5139237fc33,ID206177,CID-366,CA-0653,2025-10-30,2025-11-29,1309.96,USD,SampleGen
INV-4156bad7-0223-4444-940a-bb7c4f04c505,ID206178,CID-366,CA-0653,2025-11-22,2025-12-22,4027.8,USD,SampleGen
INV-27872552-74f2-4ccf-b8f3-904717a01d93,ID206179,CID-366,CA-0653,2025-12-02,2026-01-01,7046.62,USD,SampleGen
INV-f028325a-795c-41ef-a23f-7caea7ca512b,ID206180,CID-366,CA-0653,2025-12-08,2026-01-07,474.68,USD,SampleGen
INV-b1ff13ba-9cbc-4150-b982-7428a3d20765,ID206181,CID-366,CA-0653,2026-01-25,2026-02-24,2440.0,USD,SampleGen
INV-33a410ee-8f34-4f91-9cbe-dd16ca24ad90,ID206182,CID-366,CA-0653,2026-02-07,2026-03-09,4044.82,USD,SampleGen
INV-032868dc-057d-4e9e-a39a-dd2357ecd2e2,ID206183,CID-366,CA-0653,2026-02-11,2026-03-13,3148.02,USD,SampleGen
INV-54960df3-7fc6-4695-820e-d7ef2a87e433,ID206184,CID-366,CA-0653,2026-03-29,2026-04-28,1331.26,USD,SampleGen
INV-e05a45f4-9954-4da1-a4d7-553b5a64e418,ID206185,CID-366,CA-0653,2026-03-12,2026-04-11,2416.68,USD,SampleGen
INV-f110079f-3806-4a76-8aaf-05bb19e3ad81,ID206186,CID-367,CA-0655,2025-06-28,2025-07-28,1335.46,USD,SampleGen
INV-320adab3-e43c-4b22-a9df-6c82cd2acf9a,ID206187,CID-367,CA-0655,2025-09-01,2025-10-01,6836.76,USD,SampleGen
INV-a37380c4-ec71-4dd6-994a-2d1af8b7d595,ID206188,CID-367,CA-0655,2025-09-30,2025-10-30,663.42,USD,SampleGen
INV-0af7ffd4-ffed-4f98-ba60-37e3a44b1296,ID206189,CID-367,CA-0655,2025-11-09,2025-12-09,2450.5,USD,SampleGen
INV-f8af0942-7847-47f6-92d3-d06952616c90,ID206190,CID-367,CA-0655,2025-12-19,2026-01-18,498.1,USD,SampleGen
INV-7ca8d2ba-db3c-4f25-b89a-7a51d0a88d02,ID206191,CID-367,CA-0655,2026-02-12,2026-03-14,3251.88,USD,SampleGen
INV-b8278e0f-60f6-44f7-8c69-515d99b9b089,ID206192,CID-367,CA-0655,2026-03-18,2026-04-17,3075.92,USD,SampleGen
INV-930c19cb-b099-4bd5-ab46-009b8051ba1b,ID206193,CID-368,CA-0657,2025-06-04,2025-07-04,1534.64,USD,SampleGen
INV-e4e412e6-602b-420b-aca4-a538a43557c1,ID206194,CID-368,CA-0657,2025-07-21,2025-08-20,370.86,USD,SampleGen
INV-7140178f-008b-4659-8a8c-8eb749094890,ID206195,CID-368,CA-0657,2025-08-22,2025-09-21,707.84,USD,SampleGen
INV-02736a94-41cf-4f59-956c-016da28b6c2a,ID206196,CID-368,CA-0657,2025-10-24,2025-11-23,3561.36,USD,SampleGen
INV-4bfda2c4-90db-49eb-bdc6-9666bd87899a,ID206197,CID-368,CA-0657,2025-12-02,2026-01-01,1447.8,USD,SampleGen
INV-890886d2-fe8a-45de-87ee-f9e87ad2dc6d,ID206198,CID-368,CA-0657,2026-02-08,2026-03-10,2206.7,USD,SampleGen
INV-c1cbb4c3-29d8-4849-95fe-0caffadaa1e5,ID206199,CID-368,CA-0657,2026-03-02,2026-04-01,2459.04,USD,SampleGen
INV-1f6c2fc3-04cb-4d9d-8385-9fc13a9364b3,ID206200,CID-369,CA-0659,2025-06-16,2025-07-16,392.06,USD,SampleGen
INV-b0cd43df-ff1d-4f49-b68f-c37b5289c26e,ID206201,CID-369,CA-0659,2025-07-03,2025-08-02,2670.92,USD,SampleGen
INV-a08e6cf1-7100-4263-ab37-4a660f321378,ID206202,CID-369,CA-0659,2025-08-24,2025-09-23,1751.0,USD,SampleGen
INV-1c5d1daf-e966-401d-98ca-3773bf5ef61e,ID206203,CID-369,CA-0659,2025-09-13,2025-10-13,1721.26,USD,SampleGen
INV-91392473-aa7f-4922-bda8-8885fb19fb1c,ID206204,CID-369,CA-0659,2025-10-28,2025-11-27,2454.76,USD,SampleGen
INV-964cb118-2151-4f81-a339-19df0ed9f333,ID206205,CID-369,CA-0659,2025-11-25,2025-12-25,2198.28,USD,SampleGen
INV-36e2d1af-efcf-4dae-9cdb-cd38284e806d,ID206206,CID-369,CA-0659,2025-12-10,2026-01-09,4714.68,USD,SampleGen
INV-212a6ccb-6a68-41e4-8431-1373baa642b4,ID206207,CID-369,CA-0659,2025-12-21,2026-01-20,5783.16,USD,SampleGen
INV-8bc63c70-eaea-40fd-a01c-0ebdc9bb8140,ID206208,CID-369,CA-0659,2026-01-15,2026-02-14,627.4,USD,SampleGen
INV-ba553bf2-005f-428f-8496-e694abe82741,ID206209,CID-369,CA-0659,2026-02-26,2026-03-28,2280.88,USD,SampleGen
INV-d23f1d3c-c4f6-4117-a263-77d9506ef1fc,ID206210,CID-369,CA-0659,2026-02-03,2026-03-05,2043.5,USD,SampleGen
INV-f0ffa20e-ca95-4d67-af11-46c2ff508c44,ID206211,CID-369,CA-0659,2026-03-12,2026-04-11,2263.96,USD,SampleGen
INV-8dd9e948-77aa-4f23-8d2c-d408616a48cd,ID206212,CID-369,CA-0659,2026-03-03,2026-04-02,614.62,USD,SampleGen
INV-0784b57f-1141-42e5-a735-b567fc2feac5,ID206213,CID-369,CA-0659,2026-03-02,2026-04-01,2181.28,USD,SampleGen
INV-15458efb-6576-4502-a746-08718c4920c4,ID206214,CID-370,CA-1527,2025-08-31,2025-09-30,3111.9,USD,SampleGen
INV-2ac2cfdb-29e9-4e55-b322-e9a7f3579ab9,ID206215,CID-370,CA-1527,2026-01-15,2026-02-14,977.12,USD,SampleGen
INV-d81c8c0f-bd93-474d-869d-dfa5fc85a9c8,ID206216,CID-370,CA-1527,2026-02-13,2026-03-15,627.42,USD,SampleGen
INV-67b17eed-04c9-4585-a6bf-04bee570454c,ID206217,CID-370,CA-1527,2026-03-31,2026-04-30,659.14,USD,SampleGen
INV-cf7a23a8-c060-412c-8cde-5df3014fde52,ID206218,CID-370,CA-1527,2026-03-05,2026-04-04,2931.72,USD,SampleGen
INV-e11683d2-1c88-48ef-a6d5-61ea6bdc30ee,ID206219,CID-371,CA-0661,2025-06-13,2025-07-13,2285.2,USD,SampleGen
INV-cd65f75e-fe1c-4764-85a1-983a0d6da689,ID206220,CID-371,CA-0661,2025-08-07,2025-09-06,3862.42,USD,SampleGen
INV-8852f09d-ea18-4cfa-ab61-174b9b6c6342,ID206221,CID-371,CA-0661,2025-12-30,2026-01-29,2446.26,USD,SampleGen
INV-213e2e2d-38b6-4b15-9a87-2b4f13605d6b,ID206222,CID-371,CA-0661,2026-01-10,2026-02-09,1286.62,USD,SampleGen
INV-43c2d896-374b-43a4-8ad5-f7d535858f7a,ID206223,CID-371,CA-0661,2026-02-20,2026-03-22,4985.98,USD,SampleGen
INV-b9a5183c-5972-498c-80cf-5d78954f964e,ID206224,CID-371,CA-0661,2026-03-13,2026-04-12,2459.04,USD,SampleGen
INV-3a78acb5-8361-45ca-a22a-749e9f5bc4c3,ID206225,CID-371,CA-0661,2026-03-28,2026-04-27,1098.0,USD,SampleGen
INV-312a9599-addc-4596-a73f-618fc4b03369,ID206226,CID-372,CA-0663,2025-06-05,2025-07-05,392.1,USD,SampleGen
INV-2cdf69a3-097f-4412-bc78-0f4f4f173edd,ID206227,CID-372,CA-0663,2025-07-13,2025-08-12,786.38,USD,SampleGen
INV-0b5906ee-53e4-435e-9c9d-9744d71f37f1,ID206228,CID-372,CA-0663,2025-07-23,2025-08-22,2607.38,USD,SampleGen
INV-c978b1bc-a18b-4669-88a1-05bf84d32055,ID206229,CID-372,CA-0663,2025-08-16,2025-09-15,2904.2,USD,SampleGen
INV-ddd7b3ef-246d-4778-acc2-1bb2955e19db,ID206230,CID-372,CA-0663,2025-08-20,2025-09-19,1365.12,USD,SampleGen
INV-f2fba204-3348-4393-9165-1f8cc918a14d,ID206231,CID-372,CA-0663,2025-08-05,2025-09-04,591.38,USD,SampleGen
INV-c82c558a-58a3-4393-9d69-6dbbdc50249d,ID206232,CID-372,CA-0663,2025-09-09,2025-10-09,4375.52,USD,SampleGen
INV-a72eee5a-7bc9-47cc-8399-bff5a182fde7,ID206233,CID-372,CA-0663,2025-10-25,2025-11-24,635.88,USD,SampleGen
INV-18bff6a6-94b6-4eb0-90fe-2168cc363968,ID206234,CID-372,CA-0663,2025-11-30,2025-12-30,430.21,USD,SampleGen
INV-55dd0cf6-201e-4028-9099-bf3da433113e,ID206235,CID-372,CA-0663,2025-12-04,2026-01-03,3198.92,USD,SampleGen
INV-4819206f-c3a5-449d-bfe8-23c1f70263a2,ID206236,CID-372,CA-0663,2025-12-04,2026-01-03,2257.52,USD,SampleGen
INV-99808bf1-8b87-4d73-ae80-d19da1da15c3,ID206237,CID-372,CA-0663,2025-12-11,2026-01-10,2039.28,USD,SampleGen
INV-99605b69-ba20-4738-9f2b-f66623660f31,ID206238,CID-372,CA-0663,2026-01-14,2026-02-13,3718.2,USD,SampleGen
INV-64314bf8-8426-4ea7-9fa6-3f907ff4490f,ID206239,CID-372,CA-0663,2026-01-22,2026-02-21,362.44,USD,SampleGen
INV-ec1b4476-9b1f-40e9-8eb1-f86a309339fd,ID206240,CID-372,CA-0663,2026-02-14,2026-03-16,3951.44,USD,SampleGen
INV-22817621-7c6b-424a-970b-1a8179b8fa03,ID206241,CID-372,CA-0663,2026-02-13,2026-03-15,1386.32,USD,SampleGen
INV-d828f1f5-18ff-4044-9f58-aa2761556c5c,ID206242,CID-372,CA-0663,2026-02-27,2026-03-29,881.72,USD,SampleGen
INV-0a1b9c69-7f37-4d10-be03-fbd81948b136,ID206243,CID-372,CA-0663,2026-02-25,2026-03-27,1144.68,USD,SampleGen
INV-c6cd1024-d29a-403d-97ee-cb954a8389b2,ID206244,CID-372,CA-0663,2026-03-09,2026-04-08,2747.28,USD,SampleGen
INV-239990f0-6d62-4ded-a7f1-48af9142bff2,ID206245,CID-372,CA-0663,2026-03-23,2026-04-22,2170.64,USD,SampleGen
INV-965ebfbf-5ea6-4042-9b64-18e3dc712e75,ID206246,CID-372,CA-0663,2026-03-07,2026-04-06,3438.44,USD,SampleGen
INV-9e02b905-c797-42df-9218-f3d013b982aa,ID206247,CID-372,CA-0663,2026-04-01,2026-05-01,3287.9,USD,SampleGen
INV-2094cdb7-effc-496e-8f8c-c4ee0173f0da,ID206248,CID-373,CA-0665,2025-07-18,2025-08-17,1430.88,USD,SampleGen
INV-2d9529bb-0c83-4c02-9d29-ee17b3774aff,ID206249,CID-373,CA-0665,2025-08-17,2025-09-16,521.34,USD,SampleGen
INV-ea9173ae-2fed-4962-9762-4221404d2584,ID206250,CID-373,CA-0665,2025-12-07,2026-01-06,572.26,USD,SampleGen
INV-7b3d7ec7-137b-4b45-bf06-6aa9047fdf58,ID206251,CID-373,CA-0665,2026-02-08,2026-03-10,1418.16,USD,SampleGen
INV-db2a5e9d-9962-4fe1-804d-c5e03584a849,ID206252,CID-373,CA-0665,2026-03-15,2026-04-14,2547.98,USD,SampleGen
INV-70a6d154-8289-4b07-b861-cb1089bfa7e4,ID206253,CID-373,CA-0665,2026-03-05,2026-04-04,1312.06,USD,SampleGen
INV-b9081c8f-ef52-4974-9ae8-0ade7ba2ccd2,ID206254,CID-374,CA-0667,2025-06-21,2025-07-21,2285.14,USD,SampleGen
INV-96094b19-7de0-4612-a255-4b824a0216dc,ID206255,CID-374,CA-0667,2025-07-29,2025-08-28,1144.68,USD,SampleGen
INV-f2b6e2a3-353a-4d49-9ff7-d9b57f8a914f,ID206256,CID-374,CA-0667,2025-08-02,2025-09-01,2931.84,USD,SampleGen
INV-3389210d-c174-4b1c-a6d3-57a3925ab597,ID206257,CID-374,CA-0667,2025-08-16,2025-09-15,4481.46,USD,SampleGen
INV-c54247a5-8c78-44db-8b0f-95ff83d88641,ID206258,CID-374,CA-0667,2025-10-03,2025-11-02,1695.78,USD,SampleGen
INV-03c023db-4580-47e3-b163-ebbf899e54e6,ID206259,CID-374,CA-0667,2025-11-30,2025-12-30,2573.37,USD,SampleGen
INV-ea6e279f-eec4-4a4a-92f4-80ef640256d8,ID206260,CID-374,CA-0667,2025-12-19,2026-01-18,2177.06,USD,SampleGen
INV-875d9368-b5bc-4ba6-8ece-a01277c0526e,ID206261,CID-374,CA-0667,2026-01-03,2026-02-02,3900.68,USD,SampleGen
INV-8ef953aa-ee2a-4f9e-b632-3334530680c1,ID206262,CID-374,CA-0667,2026-01-18,2026-02-17,423.98,USD,SampleGen
INV-dc71c97b-ee55-4519-9a98-41f21394b61f,ID206263,CID-374,CA-0667,2026-02-17,2026-03-19,822.4,USD,SampleGen
INV-6d163814-56dc-49d9-b9bf-6a5309228b26,ID206264,CID-374,CA-0667,2026-02-09,2026-03-11,1865.4,USD,SampleGen
INV-8f711804-981b-4e8b-979a-369c732db2b1,ID206265,CID-374,CA-0667,2026-03-27,2026-04-26,1589.9,USD,SampleGen
INV-14a595a0-b958-4c38-b853-35e7b4694f28,ID206266,CID-374,CA-0667,2026-03-13,2026-04-12,1916.36,USD,SampleGen
INV-148e01ab-6840-4541-8df1-097589247ff5,ID206267,CID-375,CA-0669,2025-06-19,2025-07-19,2077.4,USD,SampleGen
INV-d8af96cd-4ecd-4ce5-aaa4-13f7d1c90afe,ID206268,CID-375,CA-0669,2025-07-19,2025-08-18,353.94,USD,SampleGen
INV-192a62f0-e592-459b-806c-b92d0719a655,ID206269,CID-375,CA-0669,2025-08-22,2025-09-21,688.74,USD,SampleGen
INV-38b9d69f-a84f-4147-a9a5-eb58c8bb7b39,ID206270,CID-375,CA-0669,2025-08-17,2025-09-16,1780.68,USD,SampleGen
INV-7dd6b9c8-e156-430d-a1f4-5d6ce7d9f429,ID206271,CID-375,CA-0669,2025-09-24,2025-10-24,438.72,USD,SampleGen
INV-fd0d3904-a2fc-41a4-a0b8-95129278dd7d,ID206272,CID-375,CA-0669,2025-10-02,2025-11-01,542.58,USD,SampleGen
INV-e344ba5e-2786-4019-88b8-16d5dd0f05a1,ID206273,CID-375,CA-0669,2025-11-16,2025-12-16,3001.76,USD,SampleGen
INV-9f556987-c3b6-4073-8502-400992d8d572,ID206274,CID-375,CA-0669,2025-12-03,2026-01-02,735.46,USD,SampleGen
INV-e00b1975-e4b3-487a-b9ef-07c4af788d78,ID206275,CID-375,CA-0669,2026-01-04,2026-02-03,1420.26,USD,SampleGen
INV-8e1f3f02-bc92-484b-b079-ef937d37698f,ID206276,CID-375,CA-0669,2026-02-18,2026-03-20,504.36,USD,SampleGen
INV-8dc60319-001c-4b57-9c43-02d9bbba83d9,ID206277,CID-375,CA-0669,2026-02-10,2026-03-12,932.68,USD,SampleGen
INV-90077c21-65ff-45dd-9f57-fa82e1fb3304,ID206278,CID-375,CA-0669,2026-03-27,2026-04-26,1820.94,USD,SampleGen
INV-31825d10-b48a-43d8-8a3c-67ac48f6a9af,ID206279,CID-375,CA-0669,2026-03-26,2026-04-25,841.44,USD,SampleGen
INV-6cbc3613-caa5-4153-bd59-31d7e551c6db,ID206280,CID-376,CA-0671,2025-07-16,2025-08-15,4294.9,USD,SampleGen
INV-395cbf3e-a39e-49d4-ae94-f5095a086984,ID206281,CID-376,CA-0671,2025-08-13,2025-09-12,1415.9,USD,SampleGen
INV-a3226063-f1c3-4193-999d-5697ceed869b,ID206282,CID-376,CA-0671,2025-09-30,2025-10-30,4002.4,USD,SampleGen
INV-6491289a-cb71-427f-ab7e-c40adecab638,ID206283,CID-376,CA-0671,2025-12-18,2026-01-17,476.88,USD,SampleGen
INV-9437423e-d938-4785-861c-b588dabea7fa,ID206284,CID-376,CA-0671,2026-01-22,2026-02-21,1988.48,USD,SampleGen
INV-dd0e867b-9d93-417b-8841-ddae35bc88e4,ID206285,CID-376,CA-0671,2026-02-26,2026-03-28,1165.76,USD,SampleGen
INV-274bfc7b-497d-46df-a76a-64283f0cc43e,ID206286,CID-376,CA-0671,2026-03-20,2026-04-19,3796.78,USD,SampleGen
INV-ffecf83c-abd3-4762-a9fc-987e5bf9c791,ID206287,CID-376,CA-0671,2026-03-13,2026-04-12,2285.2,USD,SampleGen
INV-7010dbfb-bd24-4fb4-8ce4-b2200bf3e13b,ID206288,CID-377,CA-0673,2025-06-09,2025-07-09,1769.96,USD,SampleGen
INV-d8ba6b54-81c9-4caa-9219-93db6a1ca5b5,ID206289,CID-377,CA-0673,2025-07-30,2025-08-29,432.36,USD,SampleGen
INV-30a36c19-6cda-4139-93a7-d0f0bd468d7c,ID206290,CID-377,CA-0673,2025-07-19,2025-08-18,1498.58,USD,SampleGen
INV-9412d153-833b-471a-a77e-8d28a0c716b5,ID206291,CID-377,CA-0673,2025-08-30,2025-09-29,4820.74,USD,SampleGen
INV-8d4e24a4-82ca-46e0-b09f-1f84783e9bc8,ID206292,CID-377,CA-0673,2025-08-13,2025-09-12,2728.26,USD,SampleGen
INV-90bfff95-a09a-45f3-b442-3e6fe4a1e19c,ID206293,CID-377,CA-0673,2025-08-13,2025-09-12,591.38,USD,SampleGen
INV-a9290f3f-c8f6-40aa-b7ef-2a31e4ca9937,ID206294,CID-377,CA-0673,2025-09-15,2025-10-15,466.32,USD,SampleGen
INV-a738ab7e-dfce-4a19-b530-696eaf42b871,ID206295,CID-377,CA-0673,2025-10-11,2025-11-10,322.08,USD,SampleGen
INV-da14f70f-3b5d-4850-a501-405fc1f51ab8,ID206296,CID-377,CA-0673,2025-11-08,2025-12-08,5437.54,USD,SampleGen
INV-a1ca5aa8-7218-4bf0-b436-79cdef016445,ID206297,CID-377,CA-0673,2025-11-29,2025-12-29,3289.96,USD,SampleGen
INV-408345fc-ec7e-4e7e-89db-e7d87a920405,ID206298,CID-377,CA-0673,2025-12-18,2026-01-17,2565.04,USD,SampleGen
INV-3256b6a9-6ddc-4fbf-85c8-7d4b851b3ca3,ID206299,CID-377,CA-0673,2025-12-24,2026-01-23,1032.22,USD,SampleGen
INV-c959433d-afd9-4dd1-b214-7c0537872aa3,ID206300,CID-377,CA-0673,2025-12-25,2026-01-24,3014.54,USD,SampleGen
INV-6d3fc001-7bd6-4db7-b38e-a4b843fe2f2a,ID206301,CID-377,CA-0673,2026-01-13,2026-02-12,2166.46,USD,SampleGen
INV-54f6c7b3-d7a6-4369-bd7f-62a195d6836f,ID206302,CID-377,CA-0673,2026-01-08,2026-02-07,4180.44,USD,SampleGen
INV-72e12a6f-d644-4b91-be06-1b8b42a47a49,ID206303,CID-377,CA-0673,2026-02-20,2026-03-22,3472.38,USD,SampleGen
INV-d148da4b-c637-4c04-a409-f4bf05150937,ID206304,CID-377,CA-0673,2026-02-02,2026-03-04,2452.64,USD,SampleGen
INV-5dd8cbbb-f3af-4eb7-8563-9c88d0b39d5e,ID206305,CID-377,CA-0673,2026-02-08,2026-03-10,9141.16,USD,SampleGen
INV-abfc7257-50a9-4f37-ab2d-2470b7aa3d19,ID206306,CID-377,CA-0673,2026-02-06,2026-03-08,907.12,USD,SampleGen
INV-e3cafaf5-3a89-4673-8423-35f705b53430,ID206307,CID-377,CA-0673,2026-03-24,2026-04-23,3048.42,USD,SampleGen
INV-bd4983e6-32fa-4298-baeb-c0eaba9bd894,ID206308,CID-377,CA-0673,2026-03-25,2026-04-24,8127.9,USD,SampleGen
INV-69748493-7693-4ff7-a142-f42693721d08,ID206309,CID-377,CA-0673,2026-03-11,2026-04-10,438.72,USD,SampleGen
INV-bfe26e98-d0c8-4fc7-865b-12f0411c541d,ID206310,CID-377,CA-0673,2026-03-31,2026-04-30,3099.18,USD,SampleGen
INV-6ad95ec6-4f86-4810-869a-2770ef171271,ID206311,CID-377,CA-0673,2026-03-06,2026-04-05,288.24,USD,SampleGen
INV-26c6cf66-d373-4703-b010-be4fe869ed4a,ID206312,CID-378,CA-0675,2025-06-29,2025-07-29,2514.1,USD,SampleGen
INV-c029335f-7eb0-4b2f-9165-2b6c68d79e76,ID206313,CID-378,CA-0675,2025-07-07,2025-08-06,277.62,USD,SampleGen
INV-3fda2b26-dd3c-4270-9ec6-be75ff580a20,ID206314,CID-378,CA-0675,2025-08-11,2025-09-10,4545.06,USD,SampleGen
INV-c883f6b6-60e3-458a-b07a-a7d3d009c5b5,ID206315,CID-378,CA-0675,2025-12-21,2026-01-20,1666.14,USD,SampleGen
INV-5568cfa3-05cc-4bed-819b-b5e999bdf83a,ID206316,CID-378,CA-0675,2026-01-26,2026-02-25,139.88,USD,SampleGen
INV-d2d06a19-1bf9-4586-917e-5bf6f1c7bb6e,ID206317,CID-378,CA-0675,2026-02-04,2026-03-06,7924.28,USD,SampleGen
INV-1678e7b8-3d56-4764-9fbc-1d15ab1e3367,ID206318,CID-378,CA-0675,2026-03-23,2026-04-22,1144.68,USD,SampleGen
INV-33a0247e-04c1-4845-b0a0-3831acf1b5e0,ID206319,CID-378,CA-0675,2026-03-09,2026-04-08,2944.42,USD,SampleGen
INV-d75c97ae-2892-4eed-940b-c7e1a5fd1eb9,ID206320,CID-379,CA-0677,2025-06-03,2025-07-03,368.76,USD,SampleGen
INV-25f0f05d-4b7e-495c-8d7a-b34ec870845a,ID206321,CID-379,CA-0677,2025-06-28,2025-07-28,693.02,USD,SampleGen
INV-69cb74b6-1583-47ff-85cd-fa608c2e20bb,ID206322,CID-379,CA-0677,2025-06-27,2025-07-27,860.54,USD,SampleGen
INV-7d0720e1-cd69-4382-88f2-95c0583c2364,ID206323,CID-379,CA-0677,2025-07-31,2025-08-30,760.88,USD,SampleGen
INV-29bddeef-1736-406c-ba60-74d5a021f5c0,ID206324,CID-379,CA-0677,2025-07-08,2025-08-07,1155.16,USD,SampleGen
INV-b1dd9cb7-b65f-4e28-97ad-c99598c92575,ID206325,CID-379,CA-0677,2025-07-24,2025-08-23,2259.64,USD,SampleGen
INV-07c86cdb-8756-4fb1-9b51-e789a447e44e,ID206326,CID-379,CA-0677,2025-07-28,2025-08-27,504.42,USD,SampleGen
INV-ee3c7aa9-a6f9-4cf0-8dfd-e75ed2f3c49b,ID206327,CID-379,CA-0677,2025-08-25,2025-09-24,317.92,USD,SampleGen
INV-cf3cbadb-2eed-4d37-b2a4-77b869fb5383,ID206328,CID-379,CA-0677,2025-08-03,2025-09-02,568.04,USD,SampleGen
INV-af1102c4-5764-4819-b65e-9451bdaee3a0,ID206329,CID-379,CA-0677,2025-08-28,2025-09-27,1502.84,USD,SampleGen
INV-56f4a2fa-2d72-4659-809b-2c66efe04fa5,ID206330,CID-379,CA-0677,2025-08-18,2025-09-17,780.0,USD,SampleGen
INV-2ba76fec-4d5c-4ffb-b3eb-4b10928e4ecc,ID206331,CID-379,CA-0677,2025-08-26,2025-09-25,1466.76,USD,SampleGen
INV-1f4f0184-bf0f-4e93-92c2-7ce424409fb0,ID206332,CID-379,CA-0677,2025-09-20,2025-10-20,3853.98,USD,SampleGen
INV-4ea29328-7894-42fd-854b-5e7171d68d4f,ID206333,CID-379,CA-0677,2025-10-03,2025-11-02,953.9,USD,SampleGen
INV-300b81c6-acca-459e-a795-ddaa09188e95,ID206334,CID-379,CA-0677,2025-10-13,2025-11-12,3998.14,USD,SampleGen
INV-031376e3-ad82-402f-a24d-71d0d51870ed,ID206335,CID-379,CA-0677,2025-11-08,2025-12-08,7835.28,USD,SampleGen
INV-15bd716f-5041-42d2-adf1-60a8af8afe3a,ID206336,CID-379,CA-0677,2025-11-03,2025-12-03,1670.36,USD,SampleGen
INV-9f474d76-247c-4c6d-9c33-c0119cb4c53c,ID206337,CID-379,CA-0677,2025-12-02,2026-01-01,1994.68,USD,SampleGen
INV-1b24fce7-4686-46cd-9f44-8934608794b3,ID206338,CID-379,CA-0677,2025-12-22,2026-01-21,4375.52,USD,SampleGen
INV-13e4cc45-2625-4331-9cd0-fe9f922a916b,ID206339,CID-379,CA-0677,2025-12-26,2026-01-25,2738.9,USD,SampleGen
INV-bab971b6-e463-4ff3-a129-6a1635494358,ID206340,CID-379,CA-0677,2025-12-26,2026-01-25,2319.04,USD,SampleGen
INV-968817aa-2597-4643-905f-33b830b5f77a,ID206341,CID-379,CA-0677,2026-01-14,2026-02-13,4417.96,USD,SampleGen
INV-edd2d797-b6d9-49d3-aa7f-3db375ed87bc,ID206342,CID-379,CA-0677,2026-01-26,2026-02-25,381.56,USD,SampleGen
INV-828268cd-0347-4ea7-81c8-e7d7f3bd1ea6,ID206343,CID-379,CA-0677,2026-01-11,2026-02-10,4417.96,USD,SampleGen
INV-996fa138-03a9-4a71-a8db-de272e1cf09e,ID206344,CID-379,CA-0677,2026-01-08,2026-02-07,1950.24,USD,SampleGen
INV-6fec44cb-b994-478a-b015-4efe2bb101f7,ID206345,CID-379,CA-0677,2026-02-22,2026-03-24,5231.94,USD,SampleGen
INV-e8445cf6-9f4a-4e2c-9f13-426fcc2ec5c4,ID206346,CID-379,CA-0677,2026-02-14,2026-03-16,1507.12,USD,SampleGen
INV-9d307203-634f-4f3d-b1ec-c5b220e38c5e,ID206347,CID-379,CA-0677,2026-02-21,2026-03-23,438.7,USD,SampleGen
INV-50b71b92-7686-4696-b6c4-b48310198ce6,ID206348,CID-379,CA-0677,2026-02-05,2026-03-07,4854.58,USD,SampleGen
INV-75657a8f-9a34-4511-b5cc-0362c0f46c1b,ID206349,CID-379,CA-0677,2026-02-21,2026-03-23,3834.9,USD,SampleGen
INV-9c83093c-3328-49c0-9a84-f35c7fbe07dc,ID206350,CID-379,CA-0677,2026-02-13,2026-03-15,1051.4,USD,SampleGen
INV-ecbdcc70-605e-4260-999b-3f2b6e747040,ID206351,CID-379,CA-0677,2026-03-14,2026-04-13,680.32,USD,SampleGen
INV-00cb69d7-9803-4a72-a226-c899e9f701f9,ID206352,CID-379,CA-0677,2026-03-07,2026-04-06,3845.48,USD,SampleGen
INV-8476f2eb-e47b-4f0f-ba62-f269f1734e46,ID206353,CID-379,CA-0677,2026-03-22,2026-04-21,4324.58,USD,SampleGen
INV-7afbb849-1dcb-40e7-9441-92b051eb017f,ID206354,CID-379,CA-0677,2026-03-07,2026-04-06,3900.68,USD,SampleGen
INV-ace26f5f-a3b8-469f-92ab-16c1bd92b469,ID206355,CID-379,CA-0677,2026-03-08,2026-04-07,2696.38,USD,SampleGen
INV-79b7b58e-852f-47d2-8e65-0b36ae32978d,ID206356,CID-379,CA-0677,2026-03-19,2026-04-18,1782.72,USD,SampleGen
INV-20c6a3b2-4ceb-4b9b-9239-fd7c6b3da850,ID206357,CID-379,CA-0677,2026-03-12,2026-04-11,1399.02,USD,SampleGen
INV-8e576288-09ad-42a9-b17e-7a903fc018fb,ID206358,CID-379,CA-0677,2026-03-28,2026-04-27,788.4,USD,SampleGen
INV-13c55042-4e09-450e-984d-2efc1641b05f,ID206359,CID-380,CA-0679,2025-06-05,2025-07-05,2541.62,USD,SampleGen
INV-8e1cbb33-5c2b-4c4f-880b-d606c57e3971,ID206360,CID-380,CA-0679,2025-06-13,2025-07-13,4477.16,USD,SampleGen
INV-055fc43d-0874-43ee-829f-2a35b4cd0d1e,ID206361,CID-380,CA-0679,2025-07-04,2025-08-03,1865.46,USD,SampleGen
INV-83f7e359-8b46-4a84-b4ba-0fbf3ca4a5ac,ID206362,CID-380,CA-0679,2025-07-26,2025-08-25,409.02,USD,SampleGen
INV-61c3a9e2-d3ef-419a-bbe7-a3e25a2e5c59,ID206363,CID-380,CA-0679,2025-08-17,2025-09-16,856.32,USD,SampleGen
INV-4c3c6a8d-f325-40cb-953a-b2100a465b82,ID206364,CID-380,CA-0679,2025-08-20,2025-09-19,1466.94,USD,SampleGen
INV-8e54a36b-2d4c-4d79-9380-61371ca0d7d7,ID206365,CID-380,CA-0679,2025-09-28,2025-10-28,930.58,USD,SampleGen
INV-f9042778-a6ed-4e58-90b0-6f55f0513f43,ID206366,CID-380,CA-0679,2025-11-23,2025-12-23,3951.52,USD,SampleGen
INV-52d9df89-e742-4084-94d5-0f137abadabf,ID206367,CID-380,CA-0679,2025-12-05,2026-01-04,277.62,USD,SampleGen
INV-90777fbe-d99e-45b1-b075-3a5e84f9e29d,ID206368,CID-380,CA-0679,2025-12-27,2026-01-26,811.72,USD,SampleGen
INV-419077da-56d0-4dec-bef9-6537fd48df55,ID206369,CID-380,CA-0679,2026-01-29,2026-02-28,542.58,USD,SampleGen
INV-a26d88a9-1ead-4e46-a9eb-c6e00c2d9627,ID206370,CID-380,CA-0679,2026-02-05,2026-03-07,756.72,USD,SampleGen
INV-06225022-aabe-4a9c-8b81-609677116065,ID206371,CID-380,CA-0679,2026-02-03,2026-03-05,4824.84,USD,SampleGen
INV-b8cc8895-941b-40a4-874a-1da5d47839cc,ID206372,CID-380,CA-0679,2026-02-07,2026-03-09,1369.32,USD,SampleGen
INV-b635a3e3-ec88-4e8e-a8a7-c50984ebc31f,ID206373,CID-380,CA-0679,2026-03-18,2026-04-17,1309.94,USD,SampleGen
INV-44af9f66-8d3e-4d94-bd00-e2f7e863b7bb,ID206374,CID-380,CA-0679,2026-03-21,2026-04-20,1392.72,USD,SampleGen
INV-5d839820-d85e-46bf-b2be-e833f1beee11,ID206375,CID-380,CA-0679,2026-03-19,2026-04-18,4290.66,USD,SampleGen
INV-5ec1eaf1-3806-4b7b-8ed7-52d0b3eecb6b,ID206376,CID-380,CA-0679,2026-03-31,2026-04-30,981.38,USD,SampleGen
INV-06cbc6b4-f34d-4ed9-8e07-670cbddfe43e,ID206377,CID-381,CA-0681,2025-06-28,2025-07-28,2323.34,USD,SampleGen
INV-986af59b-5fb0-457e-9b78-bffd84df8775,ID206378,CID-381,CA-0681,2025-07-19,2025-08-18,970.8,USD,SampleGen
INV-f60bd7bd-a0d7-49b5-908b-6de2da1abbca,ID206379,CID-381,CA-0681,2025-08-12,2025-09-11,1358.72,USD,SampleGen
INV-8b3d57e5-4708-4479-b2a7-df54e1bfb72f,ID206380,CID-381,CA-0681,2025-10-28,2025-11-27,1042.78,USD,SampleGen
INV-2efaf3ca-2bd9-4f3d-9c79-95c9083a7dd4,ID206381,CID-381,CA-0681,2025-11-08,2025-12-08,1144.68,USD,SampleGen
INV-546abdac-860a-4ec7-b3e2-d5e58b539c80,ID206382,CID-381,CA-0681,2026-01-03,2026-02-02,8284.7,USD,SampleGen
INV-2ced395b-e9f9-41a5-b48a-3a17baa4e53c,ID206383,CID-381,CA-0681,2026-03-17,2026-04-16,2560.72,USD,SampleGen
INV-9bc3ba9d-59da-40ef-b3a1-7fb8ebd37dc9,ID206384,CID-382,CA-0683,2025-07-10,2025-08-09,612.54,USD,SampleGen
INV-1fa21191-1bd7-4a0b-95e1-897f0538c747,ID206385,CID-382,CA-0683,2025-08-29,2025-09-28,1466.88,USD,SampleGen
INV-7a2cc905-dfc6-4b99-b6ea-f99021a41d7a,ID206386,CID-382,CA-0683,2025-10-10,2025-11-09,5418.6,USD,SampleGen
INV-d17d43ab-a555-4e92-b60a-1444b13c5745,ID206387,CID-382,CA-0683,2025-12-27,2026-01-26,2454.72,USD,SampleGen
INV-adacab0c-e9ec-4ae1-8b0b-1d0f4ba05f8b,ID206388,CID-382,CA-0683,2026-01-03,2026-02-02,2344.42,USD,SampleGen
INV-83e4636c-1e0e-4948-9219-670149dd88f8,ID206389,CID-382,CA-0683,2026-02-13,2026-03-15,1488.1,USD,SampleGen
INV-c679088b-d416-4631-932b-53e7fbc3c475,ID206390,CID-382,CA-0683,2026-02-15,2026-03-17,3985.44,USD,SampleGen
INV-3fa662bf-7e71-437b-8c38-e4f8d6229c43,ID206391,CID-382,CA-0683,2026-03-16,2026-04-15,1348.22,USD,SampleGen
INV-0498cf2c-8f7a-450b-a430-9717cc888076,ID206392,CID-382,CA-0683,2026-04-01,2026-05-01,883.82,USD,SampleGen
INV-aded6c12-4769-43a5-bca3-16a2c5da2274,ID206393,CID-383,CA-0685,2025-06-09,2025-07-09,3281.56,USD,SampleGen
INV-e9a0cb90-3fd0-4504-a76e-d27b727a69c7,ID206394,CID-383,CA-0685,2025-07-22,2025-08-21,2225.76,USD,SampleGen
INV-8617ec11-6c74-47c7-a491-732a3a155bc3,ID206395,CID-383,CA-0685,2025-08-31,2025-09-30,2382.68,USD,SampleGen
INV-f63171c4-61f9-47f4-b840-33a458c050c4,ID206396,CID-383,CA-0685,2025-08-10,2025-09-09,2590.42,USD,SampleGen
INV-3261113c-b351-4a4b-828e-00db68c51f7e,ID206397,CID-383,CA-0685,2025-09-11,2025-10-11,4930.9,USD,SampleGen
INV-0c3a94ee-85bc-45a2-87ba-4875bf9c33c9,ID206398,CID-383,CA-0685,2025-10-24,2025-11-23,3243.4,USD,SampleGen
INV-9f4294af-e65f-4bb7-8f75-e7dbc313fe72,ID206399,CID-383,CA-0685,2025-11-08,2025-12-08,2223.62,USD,SampleGen
INV-b0e034a8-b5db-40ae-a65b-b5b6cfabe3b1,ID206400,CID-383,CA-0685,2025-12-03,2026-01-02,6088.32,USD,SampleGen
INV-20f763c8-8eb0-4d0f-902e-213edbd21917,ID206401,CID-383,CA-0685,2026-01-28,2026-02-27,1013.2,USD,SampleGen
INV-06562e31-156e-4450-8cef-465723c230b5,ID206402,CID-383,CA-0685,2026-03-01,2026-03-31,1861.2,USD,SampleGen
INV-d66c056f-4358-43cb-9d34-c4eb4a8e7fbb,ID206403,CID-383,CA-0685,2026-03-24,2026-04-23,2350.82,USD,SampleGen
INV-31e85654-c1c0-4e7d-a182-6d02ff42a115,ID206404,CID-383,CA-0685,2026-03-06,2026-04-05,3947.24,USD,SampleGen
INV-5e494d8e-ad40-48ca-b4f2-cf76549f39bd,ID206405,CID-384,CA-0687,2025-06-08,2025-07-08,1479.52,USD,SampleGen
INV-f50fbe9b-5271-44c6-9244-e5ea57579cd9,ID206406,CID-384,CA-0687,2025-06-08,2025-07-08,4619.3,USD,SampleGen
INV-a340625a-be1b-499d-bb8a-39c3af87d76a,ID206407,CID-384,CA-0687,2025-07-10,2025-08-09,1320.5,USD,SampleGen
INV-a3c6c73e-0018-4ed1-8274-ba09eac50b24,ID206408,CID-384,CA-0687,2025-07-29,2025-08-28,2187.68,USD,SampleGen
INV-dea298cd-d3c5-442a-aa11-5e1d8bda346e,ID206409,CID-384,CA-0687,2025-08-16,2025-09-15,2590.46,USD,SampleGen
INV-aa730b06-8ca5-4699-a5ad-bd531d00ed8b,ID206410,CID-384,CA-0687,2025-08-12,2025-09-11,404.82,USD,SampleGen
INV-970bdaa9-603b-4b29-bc9e-b550f00472a1,ID206411,CID-384,CA-0687,2025-08-03,2025-09-02,2342.4,USD,SampleGen
INV-7ef056a5-c229-4673-afbd-7b95f4fb3261,ID206412,CID-384,CA-0687,2025-09-27,2025-10-27,3599.5,USD,SampleGen
INV-a469bdc9-0343-4055-8330-4b42f4da06ce,ID206413,CID-384,CA-0687,2025-10-23,2025-11-22,3383.36,USD,SampleGen
INV-a4e23cd0-de72-4cad-9099-3bec31ccb719,ID206414,CID-384,CA-0687,2025-11-23,2025-12-23,1017.46,USD,SampleGen
INV-c09df569-c2ad-4225-8cf5-a6d72481846a,ID206415,CID-384,CA-0687,2025-12-02,2026-01-01,2202.5,USD,SampleGen
INV-a3a523b9-7a5d-4a4c-a239-08b16be2bdae,ID206416,CID-384,CA-0687,2025-12-03,2026-01-02,2567.12,USD,SampleGen
INV-4a0fa764-12a2-47c7-982b-c90c2478cb44,ID206417,CID-384,CA-0687,2025-12-16,2026-01-15,1965.0,USD,SampleGen
INV-258399e6-f401-468a-96cc-7f20a169ea71,ID206418,CID-384,CA-0687,2026-01-15,2026-02-14,4456.02,USD,SampleGen
INV-5694b40b-143a-4a1f-ac74-81ebc119df2d,ID206419,CID-384,CA-0687,2026-01-17,2026-02-16,1242.2,USD,SampleGen
INV-37a0689a-55e4-4d8b-a0b6-c531673e27ef,ID206420,CID-384,CA-0687,2026-02-24,2026-03-26,4655.32,USD,SampleGen
INV-60e62828-29a2-4dc2-a547-8d2c818d25af,ID206421,CID-384,CA-0687,2026-02-06,2026-03-08,3446.9,USD,SampleGen
INV-04371b66-fb17-4926-b622-ceb66dd8726e,ID206422,CID-384,CA-0687,2026-02-13,2026-03-15,919.94,USD,SampleGen
INV-e6f7ee4f-f1fe-4fad-8cf9-45726de6561e,ID206423,CID-384,CA-0687,2026-02-14,2026-03-16,644.34,USD,SampleGen
INV-60128c63-b50a-40f5-8b8f-c11d917eb5d2,ID206424,CID-384,CA-0687,2026-04-01,2026-05-01,1823.04,USD,SampleGen
INV-79db60bf-4690-4425-9885-1df3ce061c4f,ID206425,CID-384,CA-0687,2026-03-26,2026-04-25,1564.3,USD,SampleGen
INV-996be2be-d07f-4170-917f-af49673f1c80,ID206426,CID-384,CA-0687,2026-03-19,2026-04-18,2293.64,USD,SampleGen
INV-d0515171-6055-445b-8e6b-b1b8b142e4f8,ID206427,CID-384,CA-0687,2026-03-26,2026-04-25,1312.06,USD,SampleGen
INV-51dd7c30-2b86-4ed9-9ac4-da2098f0b27b,ID206428,CID-385,CA-0689,2025-06-28,2025-07-28,254.32,USD,SampleGen
INV-98ab429d-d3d8-41ca-9b6e-d21fd6ba1a6e,ID206429,CID-385,CA-0689,2025-06-02,2025-07-02,716.44,USD,SampleGen
INV-bf26a138-2ca2-4965-8435-b7f3ff5e97ba,ID206430,CID-385,CA-0689,2025-07-15,2025-08-14,871.14,USD,SampleGen
INV-be86e3c2-179b-46f3-a3fc-dfee0326ced8,ID206431,CID-385,CA-0689,2025-07-13,2025-08-12,3993.88,USD,SampleGen
INV-d75064eb-ddd3-45dd-ab61-b47222be5389,ID206432,CID-385,CA-0689,2025-07-03,2025-08-02,2221.62,USD,SampleGen
INV-8db284e2-0460-40d0-8a25-2b66fc532ba7,ID206433,CID-385,CA-0689,2025-08-14,2025-09-13,724.92,USD,SampleGen
INV-89c32cea-ef7f-4e10-b1e4-bfe7e675e1b3,ID206434,CID-385,CA-0689,2025-08-09,2025-09-08,4332.96,USD,SampleGen
INV-91f51445-4f82-41f4-8cfb-03a3fdd4d9fb,ID206435,CID-385,CA-0689,2025-08-21,2025-09-20,2217.28,USD,SampleGen
INV-568d8ae0-92b7-4ded-968e-0b1edf9f1782,ID206436,CID-385,CA-0689,2025-08-10,2025-09-09,1293.1,USD,SampleGen
INV-aff27823-b0bd-4a34-a4c0-66ea388d362b,ID206437,CID-385,CA-0689,2025-09-24,2025-10-24,4884.34,USD,SampleGen
INV-74a988ef-6ad8-4ee2-aeba-3265b206be0d,ID206438,CID-385,CA-0689,2025-10-31,2025-11-30,6711.7,USD,SampleGen
INV-670bb761-793d-4f5f-8167-c445d96f346f,ID206439,CID-385,CA-0689,2025-11-10,2025-12-10,3773.42,USD,SampleGen
INV-ed1cbf9a-7da7-4c5f-8409-3944c8b724b0,ID206440,CID-385,CA-0689,2025-11-11,2025-12-11,746.12,USD,SampleGen
INV-5842d7c3-c6da-4185-9d47-0f55cb2d67b9,ID206441,CID-385,CA-0689,2025-12-09,2026-01-08,3625.02,USD,SampleGen
INV-830cb8d7-c636-4171-b55c-3a6c822cf344,ID206442,CID-385,CA-0689,2025-12-08,2026-01-07,949.56,USD,SampleGen
INV-bb1de349-7f1d-47bb-b334-15a5e1e08cb3,ID206443,CID-385,CA-0689,2025-12-23,2026-01-22,2336.0,USD,SampleGen
INV-1133aa59-e30e-48dc-b8e1-a7daa1e9be21,ID206444,CID-385,CA-0689,2025-12-15,2026-01-14,2060.54,USD,SampleGen
INV-46255f4b-7136-4714-8db9-e90011fa1d23,ID206445,CID-385,CA-0689,2026-01-20,2026-02-19,559.56,USD,SampleGen
INV-2931f994-7df7-4c50-aeb9-e8e469b40783,ID206446,CID-385,CA-0689,2026-01-12,2026-02-11,4320.42,USD,SampleGen
INV-5e2664ae-7165-47bc-b642-3d180fdf7b0e,ID206447,CID-385,CA-0689,2026-01-30,2026-03-01,175.9,USD,SampleGen
INV-b462cf07-769c-41cb-9072-d1a56dcbac0b,ID206448,CID-385,CA-0689,2026-02-25,2026-03-27,2102.8,USD,SampleGen
INV-19abf64e-f37f-4c5e-a0ac-32cac4c0e8a6,ID206449,CID-385,CA-0689,2026-03-01,2026-03-31,1984.1,USD,SampleGen
INV-20a8d15d-ad5b-46b3-97a1-051a92f8f996,ID206450,CID-385,CA-0689,2026-02-08,2026-03-10,1025.88,USD,SampleGen
INV-95072330-cb76-4aea-aa83-3bf666c3bbe7,ID206451,CID-385,CA-0689,2026-02-17,2026-03-19,1153.12,USD,SampleGen
INV-acfc1d94-3afe-4b26-9453-ee04a177354a,ID206452,CID-385,CA-0689,2026-02-12,2026-03-14,5087.84,USD,SampleGen
INV-ea1555db-e322-443c-86e4-6d89b7887d6d,ID206453,CID-385,CA-0689,2026-02-25,2026-03-27,4053.22,USD,SampleGen
INV-fc281bb9-4531-4d42-98df-a1a170c0bd93,ID206454,CID-385,CA-0689,2026-03-19,2026-04-18,5102.54,USD,SampleGen
INV-e0301650-ab01-4ce8-95af-f4f44525e2fd,ID206455,CID-385,CA-0689,2026-03-31,2026-04-30,1865.48,USD,SampleGen
INV-7fcb6a92-94f1-451e-9334-cb3810b5abf2,ID206456,CID-385,CA-0689,2026-03-13,2026-04-12,3446.92,USD,SampleGen
INV-8456ad8a-d662-4acf-b3f2-6f43fc0368f9,ID206457,CID-385,CA-0689,2026-03-15,2026-04-14,1237.88,USD,SampleGen
INV-f47cfa9d-d1c1-4c13-9c83-a86d1fe1bce5,ID206458,CID-385,CA-0689,2026-03-21,2026-04-20,2728.26,USD,SampleGen
INV-32d18c85-6b8a-421d-b47e-30e6c94c0645,ID206459,CID-385,CA-0689,2026-03-04,2026-04-03,3006.02,USD,SampleGen
INV-bfa8d2ff-836e-4afa-87bb-e603a2d342f4,ID206460,CID-386,CA-0691,2025-06-29,2025-07-29,4718.88,USD,SampleGen
INV-7ab232a1-1e28-4491-898f-d7eb39c74d6f,ID206461,CID-386,CA-0691,2025-07-09,2025-08-08,328.5,USD,SampleGen
INV-a66262b1-a344-4bc9-9dbb-4a3fcc1aa8f8,ID206462,CID-386,CA-0691,2025-07-31,2025-08-30,2776.96,USD,SampleGen
INV-84a763a9-49c1-4613-97ba-06295a5c0489,ID206463,CID-386,CA-0691,2025-08-28,2025-09-27,2484.4,USD,SampleGen
INV-dad9d668-5d6b-420f-830d-27b36466d48c,ID206464,CID-386,CA-0691,2025-09-01,2025-10-01,3752.28,USD,SampleGen
INV-cc51a29d-d9e2-4742-8594-99bf449e05fd,ID206465,CID-386,CA-0691,2025-08-03,2025-09-02,2225.8,USD,SampleGen
INV-7b515120-9c8a-40c1-8376-a09f0bf09964,ID206466,CID-386,CA-0691,2025-10-27,2025-11-26,1008.96,USD,SampleGen
INV-afe040a8-9e28-4674-bc60-ad931cf15ff9,ID206467,CID-386,CA-0691,2025-11-30,2025-12-30,2677.29,USD,SampleGen
INV-9abee318-6437-45ab-a3f0-81820988930f,ID206468,CID-386,CA-0691,2025-11-09,2025-12-09,1030.18,USD,SampleGen
INV-8740ee45-6640-4a6c-b246-5af4194da8e9,ID206469,CID-386,CA-0691,2025-12-16,2026-01-15,3116.14,USD,SampleGen
INV-d93e562e-a1eb-4586-87df-5014a591fdf6,ID206470,CID-386,CA-0691,2025-12-04,2026-01-03,1685.14,USD,SampleGen
INV-465da3e5-4888-4a9d-ad0f-1ee5aaea2774,ID206471,CID-386,CA-0691,2025-12-28,2026-01-27,771.56,USD,SampleGen
INV-14c1106d-2c36-48e8-b2a2-a51afa025878,ID206472,CID-386,CA-0691,2026-01-17,2026-02-16,402.78,USD,SampleGen
INV-06a21e92-5a26-4a72-94d5-8cf80d175b90,ID206473,CID-386,CA-0691,2026-01-14,2026-02-13,2117.64,USD,SampleGen
INV-e686fee0-9e30-4937-9ec1-2e713de21e3d,ID206474,CID-386,CA-0691,2026-02-06,2026-03-08,1335.46,USD,SampleGen
INV-9079235d-f244-4ce5-934f-c84c701d441a,ID206475,CID-386,CA-0691,2026-02-11,2026-03-13,1059.84,USD,SampleGen
INV-bd4c68be-8f7a-40f0-a8e2-94c96738f500,ID206476,CID-386,CA-0691,2026-02-18,2026-03-20,3478.68,USD,SampleGen
INV-6424aa63-6abe-4696-8973-15e446c879fd,ID206477,CID-386,CA-0691,2026-02-27,2026-03-29,699.48,USD,SampleGen
INV-c0d2741f-bd41-4c3a-84e6-d9e4d0a3de53,ID206478,CID-386,CA-0691,2026-03-21,2026-04-20,1314.2,USD,SampleGen
INV-1b7a778c-d4fe-42c6-a0e3-ef868ebf024a,ID206479,CID-386,CA-0691,2026-03-16,2026-04-15,392.1,USD,SampleGen
INV-aa9acc59-503d-4280-844c-3add67bdb9a6,ID206480,CID-386,CA-0691,2026-03-31,2026-04-30,3124.7,USD,SampleGen
INV-728208de-7e02-4d68-b8bc-5b95c3aed417,ID206481,CID-386,CA-0691,2026-03-12,2026-04-11,559.56,USD,SampleGen
INV-8f23316c-2c85-4ad0-b902-fab7b0802f83,ID206482,CID-386,CA-0691,2026-03-08,2026-04-07,339.1,USD,SampleGen
INV-bdc64556-23de-476d-8959-f8d1300f2b31,ID206483,CID-387,CA-0693,2025-08-23,2025-09-22,290.34,USD,SampleGen
INV-4fafcf8e-6402-4c75-a2cf-b779a743c4f5,ID206484,CID-387,CA-0693,2025-11-06,2025-12-06,788.44,USD,SampleGen
INV-bf790bff-1470-43fa-90d8-9c3c43e48f20,ID206485,CID-387,CA-0693,2026-01-01,2026-01-31,4184.66,USD,SampleGen
INV-90ec5420-dc93-4d9a-b148-603029450dd9,ID206486,CID-387,CA-0693,2026-02-12,2026-03-14,1140.38,USD,SampleGen
INV-1e455723-4a36-4069-a4f6-419c28687454,ID206487,CID-387,CA-0693,2026-03-03,2026-04-02,2374.24,USD,SampleGen
INV-29def60a-878f-4433-90af-c059f392e0b3,ID206488,CID-388,CA-0695,2025-06-10,2025-07-10,529.88,USD,SampleGen
INV-06ebf3f2-5e6c-40b5-9265-e945367c6976,ID206489,CID-388,CA-0695,2025-07-13,2025-08-12,1257.0,USD,SampleGen
INV-9cf23b9f-c9c7-4f8e-89d4-217584b43943,ID206490,CID-388,CA-0695,2025-08-07,2025-09-06,491.68,USD,SampleGen
INV-02b39304-2092-43a9-8eab-5d2bd1cdb6b3,ID206491,CID-388,CA-0695,2025-08-08,2025-09-07,4015.1,USD,SampleGen
INV-74715ea5-9880-4e4b-8cb3-74f6e135f732,ID206492,CID-388,CA-0695,2025-09-16,2025-10-16,2007.44,USD,SampleGen
INV-924e43c4-0483-48fe-99d9-ca6ccf013d71,ID206493,CID-388,CA-0695,2025-10-06,2025-11-05,1004.76,USD,SampleGen
INV-7da6e11b-f7cc-4c2d-a7c7-7babf4edfb4a,ID206494,CID-388,CA-0695,2025-11-04,2025-12-04,2355.14,USD,SampleGen
INV-981a7d3a-8eff-48a9-9677-ea8797746f4e,ID206495,CID-388,CA-0695,2025-12-15,2026-01-14,3502.06,USD,SampleGen
INV-863f7389-c306-4046-be54-2b7a8cb9694d,ID206496,CID-388,CA-0695,2025-12-10,2026-01-09,3211.62,USD,SampleGen
INV-c5487941-51dd-4828-9458-1cf8ca41f3c0,ID206497,CID-388,CA-0695,2026-01-14,2026-02-13,2145.22,USD,SampleGen
INV-69c70395-32b7-4d03-bba8-b87e481c771e,ID206498,CID-388,CA-0695,2026-02-21,2026-03-23,6156.2,USD,SampleGen
INV-6d1ee536-8e0e-44e3-aa57-b2b42378b527,ID206499,CID-388,CA-0695,2026-03-07,2026-04-06,3976.92,USD,SampleGen
INV-4ce7bbf4-3317-4027-ba68-a7504fa15a9c,ID206500,CID-388,CA-0695,2026-03-26,2026-04-25,2823.72,USD,SampleGen
INV-d04355b2-c2d5-401a-bbc1-b13e93d2ef32,ID206501,CID-389,CA-0697,2025-06-08,2025-07-08,2001.2,USD,SampleGen
INV-dbf035ea-1924-4549-a5d9-97d06cbd3bfd,ID206502,CID-389,CA-0697,2025-06-04,2025-07-04,5242.48,USD,SampleGen
INV-282a21ff-89d8-4864-9d13-3872e854b824,ID206503,CID-389,CA-0697,2025-07-24,2025-08-23,3508.32,USD,SampleGen
INV-4a02213a-96a1-4698-bc05-6c66037ada01,ID206504,CID-389,CA-0697,2025-07-23,2025-08-22,1051.32,USD,SampleGen
INV-702fcbeb-e476-434c-b988-e3ff6b994f25,ID206505,CID-389,CA-0697,2025-08-28,2025-09-27,682.52,USD,SampleGen
INV-f4af355a-6612-48ed-9d1d-cb9d2ce3aef5,ID206506,CID-389,CA-0697,2025-08-13,2025-09-12,379.34,USD,SampleGen
INV-9c65a91f-e9c6-41d0-bec2-30b5cd88e682,ID206507,CID-389,CA-0697,2025-08-27,2025-09-26,349.7,USD,SampleGen
INV-1e3cca4b-3148-410b-a73e-090e4e676262,ID206508,CID-389,CA-0697,2025-08-26,2025-09-25,3037.7,USD,SampleGen
INV-f1bb04a8-6364-40af-be31-a68a24fed5f9,ID206509,CID-389,CA-0697,2025-09-11,2025-10-11,1763.62,USD,SampleGen
INV-917349ad-8564-44a2-9653-ffdae03ca367,ID206510,CID-389,CA-0697,2025-10-05,2025-11-04,2225.8,USD,SampleGen
INV-0ca59ba9-10f2-41e0-9741-3c72d83b7bab,ID206511,CID-389,CA-0697,2025-10-30,2025-11-29,4375.52,USD,SampleGen
INV-68683d4a-d153-4f2e-b663-a512c75b3e57,ID206512,CID-389,CA-0697,2025-11-06,2025-12-06,1515.64,USD,SampleGen
INV-48e964ef-253a-442b-b290-f8819e8205cf,ID206513,CID-389,CA-0697,2025-11-17,2025-12-17,3131.04,USD,SampleGen
INV-03ca3038-b13f-4af3-b091-08078cc5ca6c,ID206514,CID-389,CA-0697,2025-12-25,2026-01-24,3290.08,USD,SampleGen
INV-71145141-4f6e-4e53-85e4-20d1cf974775,ID206515,CID-389,CA-0697,2025-12-18,2026-01-17,2764.24,USD,SampleGen
INV-275053d6-e5e6-4852-8871-fd21bc33e585,ID206516,CID-389,CA-0697,2025-12-22,2026-01-21,364.52,USD,SampleGen
INV-f44a8b55-fea2-4602-bcc8-eae1bb266111,ID206517,CID-389,CA-0697,2025-12-13,2026-01-12,1534.6,USD,SampleGen
INV-e7276a35-b0fe-490f-9822-196ee74be1cd,ID206518,CID-389,CA-0697,2026-01-20,2026-02-19,623.2,USD,SampleGen
INV-5edb4843-af30-4cf9-90e5-53b3605652f3,ID206519,CID-389,CA-0697,2026-02-01,2026-03-03,1462.72,USD,SampleGen
INV-93f3cc99-5e34-4614-85b5-58181efe4348,ID206520,CID-389,CA-0697,2026-02-07,2026-03-09,6391.54,USD,SampleGen
INV-242a8147-6b37-4657-a411-400788aad275,ID206521,CID-389,CA-0697,2026-02-12,2026-03-14,722.66,USD,SampleGen
INV-f9e112fb-3de3-4310-95fe-93122e29b8cc,ID206522,CID-389,CA-0697,2026-02-21,2026-03-23,3468.08,USD,SampleGen
INV-79a979b6-f5b4-4d2b-a12f-32e4e8600446,ID206523,CID-389,CA-0697,2026-02-18,2026-03-20,1085.32,USD,SampleGen
INV-76437dba-eb0b-4fb1-bf6a-56d76eeeb993,ID206524,CID-389,CA-0697,2026-02-05,2026-03-07,4222.88,USD,SampleGen
INV-52afbb1d-cc5e-4bba-899e-4ab7e9c51030,ID206525,CID-389,CA-0697,2026-03-02,2026-04-01,2492.92,USD,SampleGen
INV-e68fd5a3-5933-4620-9397-9f9a07a1850e,ID206526,CID-389,CA-0697,2026-03-23,2026-04-22,5170.44,USD,SampleGen
INV-3fe0854c-9d1b-4c2c-8041-322d6272d5ad,ID206527,CID-389,CA-0697,2026-03-11,2026-04-10,1013.16,USD,SampleGen
INV-bb26768a-a9b6-4bda-a9a7-128380a805c7,ID206528,CID-389,CA-0697,2026-03-12,2026-04-11,3523.22,USD,SampleGen
INV-e7767f9e-6fdb-4bfa-90b4-3d9d87cf3a84,ID206529,CID-389,CA-0697,2026-03-08,2026-04-07,4057.42,USD,SampleGen
INV-608adaf4-d703-4666-8ccd-3ed12d0d48a8,ID206530,CID-389,CA-0697,2026-03-17,2026-04-16,1339.68,USD,SampleGen
INV-44b9f36c-c6c0-4ef0-bea0-4af51e537a41,ID206531,CID-390,CA-0699,2025-06-17,2025-07-17,1174.32,USD,SampleGen
INV-5e7043d0-2288-40bc-8304-50097b655955,ID206532,CID-390,CA-0699,2025-07-27,2025-08-26,669.84,USD,SampleGen
INV-be6c52ce-555d-4c1c-b875-013f21f401c1,ID206533,CID-390,CA-0699,2025-08-28,2025-09-27,1975.76,USD,SampleGen
INV-89ddfb3c-5d22-4cc8-8c5a-c955b096522d,ID206534,CID-390,CA-0699,2025-08-12,2025-09-11,381.48,USD,SampleGen
INV-6181376d-b47e-4f06-a6c6-ac547c2efdf1,ID206535,CID-390,CA-0699,2025-09-12,2025-10-12,1973.54,USD,SampleGen
INV-6be7d20f-0aaf-4e03-80e5-8d36b68e3016,ID206536,CID-390,CA-0699,2025-10-02,2025-11-01,896.6,USD,SampleGen
INV-a792fecf-cb54-4aae-ad6a-b151fbfc74f2,ID206537,CID-390,CA-0699,2025-11-12,2025-12-12,813.98,USD,SampleGen
INV-16ee6011-9430-4d9c-b81c-7ff91d100380,ID206538,CID-390,CA-0699,2025-12-18,2026-01-17,2164.38,USD,SampleGen
INV-56cb3084-930e-4a91-93d3-623689ad467c,ID206539,CID-390,CA-0699,2025-12-04,2026-01-03,3836.94,USD,SampleGen
INV-7363b914-ad6d-4cb4-a197-bf5a0843891f,ID206540,CID-390,CA-0699,2026-01-23,2026-02-22,144.14,USD,SampleGen
INV-8a9d1886-95d8-491b-8bba-53e1d7ddcf10,ID206541,CID-390,CA-0699,2026-01-20,2026-02-19,381.56,USD,SampleGen
INV-b996cfdd-4e03-4443-8399-4690711cc69d,ID206542,CID-390,CA-0699,2026-03-01,2026-03-31,3273.14,USD,SampleGen
INV-2b51eba7-4192-4f64-b6d6-ee4d782b6dfc,ID206543,CID-390,CA-0699,2026-02-02,2026-03-04,589.2,USD,SampleGen
INV-1284829a-cb09-4913-9dba-c56bce6c9c14,ID206544,CID-390,CA-0699,2026-03-11,2026-04-10,322.14,USD,SampleGen
INV-689ca29b-64a0-4531-a29d-4222572cc102,ID206545,CID-390,CA-0699,2026-03-13,2026-04-12,3173.44,USD,SampleGen
INV-05ab090a-3ed8-4203-8330-ca4e36f90f1f,ID206546,CID-390,CA-0699,2026-03-16,2026-04-15,1441.4,USD,SampleGen
INV-68762429-fbfc-4263-84b3-119e4fa12dd6,ID206547,CID-391,CA-0701,2025-06-05,2025-07-05,1144.68,USD,SampleGen
INV-244ebbe2-aff4-4981-8e65-39700bd2acdf,ID206548,CID-391,CA-0701,2025-08-08,2025-09-07,1462.68,USD,SampleGen
INV-942323e9-674d-471e-a07f-9eb028b14806,ID206549,CID-391,CA-0701,2025-11-01,2025-12-01,462.06,USD,SampleGen
INV-e2641cd2-45f6-4ca2-9526-6fb2cbdf4344,ID206550,CID-391,CA-0701,2025-12-13,2026-01-12,3222.24,USD,SampleGen
INV-785c2c13-8395-4a9b-ba12-9f72fff4bc80,ID206551,CID-391,CA-0701,2026-02-07,2026-03-09,818.12,USD,SampleGen
INV-123f30a5-1126-4ce5-bddd-6e117fcbb071,ID206552,CID-391,CA-0701,2026-03-28,2026-04-27,4099.9,USD,SampleGen
INV-b7cda841-4f0f-481d-b14e-b4ca43fe39be,ID206553,CID-392,CA-0703,2025-08-02,2025-09-01,3393.88,USD,SampleGen
INV-506cbde7-fc44-4861-afde-7e60667d9e45,ID206554,CID-392,CA-0703,2025-10-12,2025-11-11,245.84,USD,SampleGen
INV-3f199ac3-7831-488f-8b4b-d5189cd06935,ID206555,CID-392,CA-0703,2025-12-21,2026-01-20,3003.84,USD,SampleGen
INV-48b46729-61cf-4cb2-8a34-1551cbd1ffea,ID206556,CID-392,CA-0703,2026-01-29,2026-02-28,451.5,USD,SampleGen
INV-e42e03b3-5419-4d94-b44c-46a940cd1a8d,ID206557,CID-392,CA-0703,2026-02-21,2026-03-23,1365.12,USD,SampleGen
INV-d0d5c1c0-ffae-4ebe-91b7-5c75e05bf50e,ID206558,CID-392,CA-0703,2026-03-10,2026-04-09,989.94,USD,SampleGen
INV-e32900a3-e00c-42b3-96fa-752ce24c4048,ID206559,CID-393,CA-0705,2025-06-15,2025-07-15,449.28,USD,SampleGen
INV-4648eaa4-af22-494f-a0df-8b5e50c5876c,ID206560,CID-393,CA-0705,2025-06-17,2025-07-17,1820.94,USD,SampleGen
INV-e5e2b9d4-d7fe-436b-b285-87bd641304b2,ID206561,CID-393,CA-0705,2025-07-02,2025-08-01,813.88,USD,SampleGen
INV-2bff21f2-5467-4ab6-9fe9-924c3dee2bc9,ID206562,CID-393,CA-0705,2025-08-28,2025-09-27,2965.58,USD,SampleGen
INV-3c2cf300-dfba-4a4c-b146-58756ac4fec2,ID206563,CID-393,CA-0705,2025-08-08,2025-09-07,264.9,USD,SampleGen
INV-f084eccd-9866-42d8-aed8-529194e73937,ID206564,CID-393,CA-0705,2025-10-04,2025-11-03,2683.64,USD,SampleGen
INV-5d1861a0-db4b-46dc-bd19-d8e03890e0bd,ID206565,CID-393,CA-0705,2025-12-01,2025-12-31,3024.85,USD,SampleGen
INV-a954d665-afa4-420f-837e-52fabd05d8b6,ID206566,CID-393,CA-0705,2025-12-29,2026-01-28,2592.56,USD,SampleGen
INV-e4390d5c-d6bd-4610-bc90-d5cc4680a2e9,ID206567,CID-393,CA-0705,2025-12-12,2026-01-11,2102.92,USD,SampleGen
INV-b9b27469-6ef1-4b9c-985c-bb7dadd12aaf,ID206568,CID-393,CA-0705,2026-01-24,2026-02-23,604.1,USD,SampleGen
INV-e678f46e-7ccc-494c-b6db-a3476a86e724,ID206569,CID-393,CA-0705,2026-01-11,2026-02-10,936.82,USD,SampleGen
INV-96def61a-4433-4af3-a9c2-290d5a9cd3d0,ID206570,CID-393,CA-0705,2026-02-25,2026-03-27,2598.86,USD,SampleGen
INV-6d2b894e-6dd5-4451-8d6f-e69989c79e87,ID206571,CID-393,CA-0705,2026-02-20,2026-03-22,4663.86,USD,SampleGen
INV-47a2b90b-5da1-48ec-b5ab-c529a0d7152b,ID206572,CID-393,CA-0705,2026-02-21,2026-03-23,627.32,USD,SampleGen
INV-3f7eb9b6-1b25-4261-ad68-8ffc523d21b8,ID206573,CID-393,CA-0705,2026-02-13,2026-03-15,3582.58,USD,SampleGen
INV-4e4c4375-a7ae-40ad-ba86-491c1cffd04e,ID206574,CID-393,CA-0705,2026-03-08,2026-04-07,2429.24,USD,SampleGen
INV-6ceb2fe2-b0f8-4b2f-b4e8-f69fa52d2e16,ID206575,CID-393,CA-0705,2026-03-09,2026-04-08,476.88,USD,SampleGen
INV-d27fe455-90d2-4055-918c-e3142033d181,ID206576,CID-393,CA-0705,2026-03-18,2026-04-17,2919.12,USD,SampleGen
INV-1f36bc1f-2eec-4407-8e81-046a04a82f4d,ID206577,CID-393,CA-0705,2026-03-11,2026-04-10,1649.16,USD,SampleGen
INV-a6801d56-b970-41df-bfc2-bda89dd30c3d,ID206578,CID-393,CA-0705,2026-03-28,2026-04-27,688.82,USD,SampleGen
INV-090817eb-0b39-4eac-b138-34e81b7fa0d4,ID206579,CID-394,CA-0707,2025-06-14,2025-07-14,2509.76,USD,SampleGen
INV-1b5a581e-5b09-4732-ab51-d020f6fc09f5,ID206580,CID-394,CA-0707,2025-06-10,2025-07-10,540.5,USD,SampleGen
INV-b20b8441-277f-4179-b60b-1e619d67fac8,ID206581,CID-394,CA-0707,2025-06-02,2025-07-02,903.04,USD,SampleGen
INV-6c9a0a19-b6f3-4551-965a-c3fdf6681bb0,ID206582,CID-394,CA-0707,2025-07-04,2025-08-03,1822.98,USD,SampleGen
INV-43865385-ae5c-49f7-a2eb-b357c1f6b307,ID206583,CID-394,CA-0707,2025-07-15,2025-08-14,3154.42,USD,SampleGen
INV-8106e8f4-429b-4d04-a61d-16647a2eccfe,ID206584,CID-394,CA-0707,2025-07-06,2025-08-05,1301.5,USD,SampleGen
INV-3120c511-cbc5-411f-b3f7-3a06108a4290,ID206585,CID-394,CA-0707,2025-08-01,2025-08-31,1916.36,USD,SampleGen
INV-124ae7d2-c2b3-4beb-808b-2236356ed0a6,ID206586,CID-394,CA-0707,2025-07-16,2025-08-15,1519.8,USD,SampleGen
INV-ec637905-78e9-4a15-8dcd-3867bc4b41b1,ID206587,CID-394,CA-0707,2025-08-17,2025-09-16,1051.4,USD,SampleGen
INV-4d3cc59b-7590-4545-973f-b3221b1dafa8,ID206588,CID-394,CA-0707,2025-08-21,2025-09-20,349.7,USD,SampleGen
INV-9c8845b4-0647-4a74-b333-6f21959fe9ce,ID206589,CID-394,CA-0707,2025-08-06,2025-09-05,994.08,USD,SampleGen
INV-c9966da0-a2a0-4c1a-864e-8e2a3fe1b10b,ID206590,CID-394,CA-0707,2025-08-14,2025-09-13,5706.88,USD,SampleGen
INV-29e9f482-5eef-43a1-a6d0-bf9c71708adb,ID206591,CID-394,CA-0707,2025-08-20,2025-09-19,2700.68,USD,SampleGen
INV-bdcbfc46-0a54-4407-b459-1da568b2ce28,ID206592,CID-394,CA-0707,2025-08-20,2025-09-19,2075.22,USD,SampleGen
INV-9e7a74cf-2807-4bfa-b881-2195422c7a5f,ID206593,CID-394,CA-0707,2025-09-13,2025-10-13,1004.76,USD,SampleGen
INV-cf61878f-a8bd-436e-814d-da0a96a6a3f7,ID206594,CID-394,CA-0707,2025-10-02,2025-11-01,2397.58,USD,SampleGen
INV-9204013b-c420-4ead-8d2f-1e42b443c42e,ID206595,CID-394,CA-0707,2025-10-22,2025-11-21,2671.02,USD,SampleGen
INV-aa793080-f20d-456d-a80c-1cda10f2b0cc,ID206596,CID-394,CA-0707,2025-11-11,2025-12-11,4375.38,USD,SampleGen
INV-799c082b-be1d-41f3-b833-b5f112428d6c,ID206597,CID-394,CA-0707,2025-11-30,2025-12-30,4434.66,USD,SampleGen
INV-ea52aa14-3cf1-4c77-83bb-e4adca8c3801,ID206598,CID-394,CA-0707,2025-11-12,2025-12-12,601.94,USD,SampleGen
INV-0a9a6abb-b2f6-45ff-8c85-92d1d876d7f3,ID206599,CID-394,CA-0707,2025-12-21,2026-01-20,631.62,USD,SampleGen
INV-a3e28d89-f75e-4411-b6b4-58db6dc8c413,ID206600,CID-394,CA-0707,2025-12-21,2026-01-20,2484.48,USD,SampleGen
INV-bd2f1267-77a2-42f6-919a-7535154136d5,ID206601,CID-394,CA-0707,2025-12-31,2026-01-30,1630.08,USD,SampleGen
INV-c9b7cc9e-0465-4f60-826b-cb3db7409b30,ID206602,CID-394,CA-0707,2025-12-09,2026-01-08,2416.68,USD,SampleGen
INV-388ad078-0444-4818-8e22-2f16dcec0f1a,ID206603,CID-394,CA-0707,2025-12-15,2026-01-14,1935.38,USD,SampleGen
INV-aeebfaaa-208a-466a-9bbe-34e28e180ba1,ID206604,CID-394,CA-0707,2026-01-14,2026-02-13,2001.12,USD,SampleGen
INV-e946fb12-4b0f-4644-8a93-9faca9159980,ID206605,CID-394,CA-0707,2026-01-15,2026-02-14,981.3,USD,SampleGen
INV-bc4a2645-9cc3-405c-aacf-b0e8b42c1609,ID206606,CID-394,CA-0707,2026-01-20,2026-02-19,184.38,USD,SampleGen
INV-33b365d2-8423-4a3e-b001-a78718605f21,ID206607,CID-394,CA-0707,2026-01-20,2026-02-19,1271.94,USD,SampleGen
INV-b32d3cfb-5f27-4801-be17-3d7870498666,ID206608,CID-394,CA-0707,2026-01-04,2026-02-03,830.88,USD,SampleGen
INV-e7ea415c-0559-441d-a63e-66e140877904,ID206609,CID-394,CA-0707,2026-02-18,2026-03-20,4443.34,USD,SampleGen
INV-6f7fd135-f420-4e76-8418-f8a2d27e4e1c,ID206610,CID-394,CA-0707,2026-02-06,2026-03-08,2560.68,USD,SampleGen
INV-97bd64c3-1298-4974-bce3-f37960e53b2e,ID206611,CID-394,CA-0707,2026-02-17,2026-03-19,5626.2,USD,SampleGen
INV-a30de8ad-0d84-45e3-be25-47c2031761a6,ID206612,CID-394,CA-0707,2026-02-11,2026-03-13,822.4,USD,SampleGen
INV-8fe04ca8-7f6e-44f4-bbf3-f8342cdbb0fc,ID206613,CID-394,CA-0707,2026-02-12,2026-03-14,864.84,USD,SampleGen
INV-f615c954-df84-477d-8ab1-27e676b061fe,ID206614,CID-394,CA-0707,2026-02-17,2026-03-19,589.22,USD,SampleGen
INV-00895d27-c65e-441d-93a4-0813cf436fa7,ID206615,CID-394,CA-0707,2026-02-02,2026-03-04,2505.56,USD,SampleGen
INV-a36b8e99-c5a8-4524-a156-77b2b0569019,ID206616,CID-394,CA-0707,2026-02-26,2026-03-28,5091.98,USD,SampleGen
INV-3094890c-51ab-45c6-aaa8-22a5c4f60b1f,ID206617,CID-394,CA-0707,2026-03-30,2026-04-29,1670.4,USD,SampleGen
INV-3f7d98e4-a462-45c6-a678-d109c5b0503a,ID206618,CID-394,CA-0707,2026-04-01,2026-05-01,1036.44,USD,SampleGen
INV-f5884f64-4bc6-4caa-bbb5-db28e798afda,ID206619,CID-394,CA-0707,2026-03-20,2026-04-19,2051.96,USD,SampleGen
INV-03a5afc0-3692-41a1-b9c1-d6d63fd88913,ID206620,CID-394,CA-0707,2026-03-19,2026-04-18,1339.68,USD,SampleGen
INV-1c39abc5-0212-4959-a69b-ebc12d196e89,ID206621,CID-394,CA-0707,2026-03-26,2026-04-25,1403.34,USD,SampleGen
INV-c5507e35-e580-4f8c-951f-d54fbdcd3f83,ID206622,CID-394,CA-0707,2026-03-10,2026-04-09,2266.04,USD,SampleGen
INV-c46b3b01-fbef-45f5-b7cd-8127fee75e1b,ID206623,CID-394,CA-0707,2026-03-26,2026-04-25,1871.7,USD,SampleGen
INV-fc68ec66-8f2a-4d2d-a07a-13bc70db9e6e,ID206624,CID-394,CA-0707,2026-03-07,2026-04-06,3951.38,USD,SampleGen
INV-e363e00f-250c-46f2-a7cc-e2b496817d9c,ID206625,CID-394,CA-0707,2026-03-03,2026-04-02,504.42,USD,SampleGen
INV-64ea60cd-6fc8-4b86-9682-3d3a76da36a0,ID206626,CID-394,CA-0707,2026-03-06,2026-04-05,5371.86,USD,SampleGen
INV-92f81675-9eb3-469b-960d-a3952334805c,ID206627,CID-395,CA-1528,2025-11-16,2025-12-16,1339.66,USD,SampleGen
INV-9142dc80-6462-48bd-8384-0c8329d8aaf1,ID206628,CID-395,CA-1528,2025-12-18,2026-01-17,1320.6,USD,SampleGen
INV-3e062dfb-520f-4c4a-8bbf-33ec48c072d2,ID206629,CID-395,CA-1528,2026-01-03,2026-02-02,1267.62,USD,SampleGen
INV-d7a615fd-a4a8-46e6-9ae3-5d9db0e3f0c3,ID206630,CID-395,CA-1528,2026-02-24,2026-03-26,631.62,USD,SampleGen
INV-0843f587-11af-41f0-947e-1fa7390b2bcb,ID206631,CID-395,CA-1528,2026-03-31,2026-04-30,932.56,USD,SampleGen
INV-bc0ad0fb-d45b-49cf-b269-75ff7b42cf6b,ID206632,CID-396,CA-0710,2025-06-03,2025-07-03,595.54,USD,SampleGen
INV-c47fc381-dc31-4c76-8ef3-a936e5776210,ID206633,CID-396,CA-0710,2025-07-24,2025-08-23,1971.46,USD,SampleGen
INV-f276f165-9aa8-44b1-9c31-8e0ae2a6bdd3,ID206634,CID-396,CA-0710,2025-12-04,2026-01-03,521.44,USD,SampleGen
INV-9a58a0ea-2dea-4065-a159-95bfe0b28d16,ID206635,CID-396,CA-0710,2026-01-26,2026-02-25,402.78,USD,SampleGen
INV-575a34e5-e84f-485f-b893-3fbb6d77bc7a,ID206636,CID-396,CA-0710,2026-03-28,2026-04-27,5418.6,USD,SampleGen
INV-a61c33fa-bb95-46a3-8209-43b0a02fb85f,ID206637,CID-397,CA-0711,2025-06-27,2025-07-27,1538.86,USD,SampleGen
INV-c0bbc14f-71fb-4af6-8be5-9ecd5851a747,ID206638,CID-397,CA-0711,2025-06-13,2025-07-13,4002.4,USD,SampleGen
INV-678b95eb-736a-429c-bc5d-e496f7f02c27,ID206639,CID-397,CA-0711,2025-07-05,2025-08-04,659.18,USD,SampleGen
INV-62910383-b5dd-40d2-8a8f-d670ddce5676,ID206640,CID-397,CA-0711,2025-07-03,2025-08-02,1237.92,USD,SampleGen
INV-38868522-3a8c-46b7-aed5-cb56f2d566f5,ID206641,CID-397,CA-0711,2025-07-22,2025-08-21,2049.9,USD,SampleGen
INV-fc762ba4-8a27-4dcf-8215-e711d0c49e48,ID206642,CID-397,CA-0711,2025-08-11,2025-09-10,1733.9,USD,SampleGen
INV-24e67d20-4820-4d0d-9338-f94ad1fe420e,ID206643,CID-397,CA-0711,2025-08-09,2025-09-08,4155.0,USD,SampleGen
INV-dc915c60-a57d-471e-97a7-e1d055df5b98,ID206644,CID-397,CA-0711,2025-08-12,2025-09-11,1517.74,USD,SampleGen
INV-0b13a2bb-8117-4917-8648-ada5f0ad6314,ID206645,CID-397,CA-0711,2025-08-24,2025-09-23,966.56,USD,SampleGen
INV-f54c1f7c-c6e7-4a2a-a8fc-75892f60397e,ID206646,CID-397,CA-0711,2025-09-22,2025-10-22,1948.06,USD,SampleGen
INV-af4e58d8-0423-46a9-b42d-d6fdf977fb8e,ID206647,CID-397,CA-0711,2025-10-20,2025-11-19,4799.52,USD,SampleGen
INV-93588d28-bf7e-4bff-965a-534ca59c7afc,ID206648,CID-397,CA-0711,2025-10-26,2025-11-25,1153.12,USD,SampleGen
INV-0271d5c7-0871-4b9a-aeea-109f9c2b53a4,ID206649,CID-397,CA-0711,2025-11-10,2025-12-10,1394.74,USD,SampleGen
INV-b4abc2a7-75f5-4efe-a7f1-460de25d8923,ID206650,CID-397,CA-0711,2025-11-11,2025-12-11,2297.9,USD,SampleGen
INV-983ba356-a280-486a-92cf-daa6ceae47e7,ID206651,CID-397,CA-0711,2025-12-10,2026-01-09,2145.32,USD,SampleGen
INV-38f2096b-109c-4034-bf04-f97bbd50c8de,ID206652,CID-397,CA-0711,2025-12-09,2026-01-08,1471.14,USD,SampleGen
INV-b967c4b7-0503-4ced-bec1-f712aee09693,ID206653,CID-397,CA-0711,2025-12-17,2026-01-16,2853.3,USD,SampleGen
INV-cbddca59-d944-4bdd-a6f8-cfb7bdbc24a4,ID206654,CID-397,CA-0711,2026-01-21,2026-02-20,654.96,USD,SampleGen
INV-35ee73e2-6f7f-43ea-a89c-34daf8c1324b,ID206655,CID-397,CA-0711,2026-01-07,2026-02-06,1820.94,USD,SampleGen
INV-a310df50-63d0-4206-a528-e2fbcd8dfe96,ID206656,CID-397,CA-0711,2026-01-07,2026-02-06,2242.84,USD,SampleGen
INV-8cf988c8-eb67-48ca-834d-98d9dd03e73f,ID206657,CID-397,CA-0711,2026-02-19,2026-03-21,1511.28,USD,SampleGen
INV-ca0bc392-2bcc-4718-8ff2-8239e40d2fbf,ID206658,CID-397,CA-0711,2026-02-18,2026-03-20,953.9,USD,SampleGen
INV-99d744d6-2e44-4a26-a8c6-8b1e3d97f7bf,ID206659,CID-397,CA-0711,2026-02-22,2026-03-24,4188.96,USD,SampleGen
INV-993abd36-b1a9-454c-b4af-dedbfec5325d,ID206660,CID-397,CA-0711,2026-02-03,2026-03-05,767.26,USD,SampleGen
INV-b8558d95-4a63-4bd8-9bc3-e2004d3a57f1,ID206661,CID-397,CA-0711,2026-02-07,2026-03-09,6567.54,USD,SampleGen
INV-9c64b9fd-e37c-4930-9d16-7a28063dd1ad,ID206662,CID-397,CA-0711,2026-03-27,2026-04-26,1967.14,USD,SampleGen
INV-c0249a8a-6df5-42ee-bfa8-9f2aea119133,ID206663,CID-397,CA-0711,2026-03-19,2026-04-18,703.7,USD,SampleGen
INV-5d2ed3f8-40d1-4cfd-bfa6-39edf6f446f6,ID206664,CID-397,CA-0711,2026-03-04,2026-04-03,2208.9,USD,SampleGen
INV-ccb09db2-10a9-43b6-a42d-0d2ccf741ac8,ID206665,CID-397,CA-0711,2026-03-06,2026-04-05,245.84,USD,SampleGen
INV-07690189-c29a-458f-9bae-015c186a68b0,ID206666,CID-397,CA-0711,2026-03-20,2026-04-19,1500.82,USD,SampleGen
INV-db98b119-2294-4046-9d56-3fdeeda5aacb,ID206667,CID-397,CA-0711,2026-03-24,2026-04-23,644.28,USD,SampleGen
INV-16b18232-3454-4a0e-bb61-e7ae8697e93d,ID206668,CID-398,CA-0713,2025-06-23,2025-07-23,1309.9,USD,SampleGen
INV-478f00cc-5237-4ee4-9938-9396e8006cc3,ID206669,CID-398,CA-0713,2025-07-06,2025-08-05,2030.76,USD,SampleGen
INV-7273acbe-6081-4739-acbc-0847a3182e63,ID206670,CID-398,CA-0713,2025-08-05,2025-09-04,2435.66,USD,SampleGen
INV-7bf43b15-ecd2-4e34-a32f-77d0da060c6c,ID206671,CID-398,CA-0713,2025-08-31,2025-09-30,1751.0,USD,SampleGen
INV-1839eeb7-e534-439e-8cb4-7d40335cef3a,ID206672,CID-398,CA-0713,2025-10-20,2025-11-19,2357.24,USD,SampleGen
INV-d2310410-f652-4a17-aad9-3a97cd616ea9,ID206673,CID-398,CA-0713,2025-11-10,2025-12-10,2378.54,USD,SampleGen
INV-802e3cdf-370b-4bb5-851e-a1e28561bf30,ID206674,CID-398,CA-0713,2025-12-28,2026-01-27,2868.24,USD,SampleGen
INV-eebb5a79-1e77-4457-8a06-8253085d2576,ID206675,CID-398,CA-0713,2025-12-18,2026-01-17,2200.4,USD,SampleGen
INV-1a8227b8-4442-49e6-a102-5f94abef47dd,ID206676,CID-398,CA-0713,2026-01-19,2026-02-18,97.5,USD,SampleGen
INV-8c26ff08-c8d8-49b3-93f2-dcbc26da95db,ID206677,CID-398,CA-0713,2026-01-08,2026-02-07,2068.96,USD,SampleGen
INV-58d746ab-1372-4592-b22d-af69f919a1a3,ID206678,CID-398,CA-0713,2026-02-16,2026-03-18,1140.38,USD,SampleGen
INV-c428a791-7ed8-43a7-8c61-ceb001ee30ff,ID206679,CID-398,CA-0713,2026-02-19,2026-03-21,4822.78,USD,SampleGen
INV-7c1f0f1c-1e8f-44dc-b077-0e5e7f97b13c,ID206680,CID-398,CA-0713,2026-02-28,2026-03-30,4063.8,USD,SampleGen
INV-e5409dad-451a-45a8-8192-aa2f758261fd,ID206681,CID-398,CA-0713,2026-03-16,2026-04-15,975.04,USD,SampleGen
INV-15de31d3-5f9d-433f-8b86-4f0a5717dafc,ID206682,CID-398,CA-0713,2026-03-02,2026-04-01,1517.78,USD,SampleGen
INV-0cc4cee6-85c8-459e-b161-96515e468e35,ID206683,CID-398,CA-0713,2026-03-24,2026-04-23,3502.12,USD,SampleGen
INV-fd2413da-71a0-4688-8420-384adabc44ab,ID206684,CID-399,CA-0715,2025-06-22,2025-07-22,1377.9,USD,SampleGen
INV-19edf8d0-808d-49b9-8394-45e2524fc45f,ID206685,CID-399,CA-0715,2025-06-17,2025-07-17,890.26,USD,SampleGen
INV-c3593aff-dab3-40ac-b309-facca4d695fc,ID206686,CID-399,CA-0715,2025-07-06,2025-08-05,1856.96,USD,SampleGen
INV-fc3e8dfd-803a-4ff0-b1e9-c2b50c6dc36a,ID206687,CID-399,CA-0715,2025-08-01,2025-08-31,5418.6,USD,SampleGen
INV-24e98c67-8e01-4317-ba0c-0903a529cda5,ID206688,CID-399,CA-0715,2025-08-15,2025-09-14,4046.82,USD,SampleGen
INV-57121045-4946-4bb7-8273-1e76bc87cb04,ID206689,CID-399,CA-0715,2025-08-17,2025-09-16,919.92,USD,SampleGen
INV-71148f49-25ae-4648-a567-15e0648e895e,ID206690,CID-399,CA-0715,2025-08-26,2025-09-25,2140.96,USD,SampleGen
INV-eae2be28-7463-4141-8287-e8816d3d4c65,ID206691,CID-399,CA-0715,2025-09-29,2025-10-29,436.64,USD,SampleGen
INV-5549e24a-3cfc-4dd0-8dfe-4f6fef76391f,ID206692,CID-399,CA-0715,2025-11-01,2025-12-01,1750.92,USD,SampleGen
INV-95d48bd6-292e-4b0a-9f4d-a1fce430b973,ID206693,CID-399,CA-0715,2025-11-04,2025-12-04,1004.72,USD,SampleGen
INV-dcea752b-2944-4e1e-bbe1-185bed8abaa8,ID206694,CID-399,CA-0715,2025-12-31,2026-01-30,1326.82,USD,SampleGen
INV-92e11835-a5ff-4ee3-a6d1-3a74be5ff620,ID206695,CID-399,CA-0715,2025-12-06,2026-01-05,1008.84,USD,SampleGen
INV-267677e3-ed88-45dc-8678-416734a2c704,ID206696,CID-399,CA-0715,2025-12-19,2026-01-18,1331.1,USD,SampleGen
INV-7d164faf-382a-4222-a42b-1c80df6a8785,ID206697,CID-399,CA-0715,2026-01-24,2026-02-23,2709.3,USD,SampleGen
INV-a1d41094-71b0-40ed-9d00-6f710a9d5593,ID206698,CID-399,CA-0715,2026-01-16,2026-02-15,3677.96,USD,SampleGen
INV-944d672c-b106-4264-b45f-9ba7bd3783c2,ID206699,CID-399,CA-0715,2026-02-09,2026-03-11,3866.74,USD,SampleGen
INV-a19f125c-710c-487d-ade7-e04a6b618149,ID206700,CID-399,CA-0715,2026-02-23,2026-03-25,1950.24,USD,SampleGen
INV-a119a501-2a76-48e4-aec1-747b8ad021d0,ID206701,CID-399,CA-0715,2026-02-25,2026-03-27,2378.54,USD,SampleGen
INV-440b64f1-dc16-430a-9ccd-1336ef0c651b,ID206702,CID-399,CA-0715,2026-03-17,2026-04-16,2145.32,USD,SampleGen
INV-9a2bd690-2f76-4036-b4bd-f5217b70a81b,ID206703,CID-399,CA-0715,2026-03-05,2026-04-04,951.72,USD,SampleGen
INV-e1e22c9e-2155-427c-8533-bd4212622b7a,ID206704,CID-399,CA-0715,2026-03-09,2026-04-08,1865.4,USD,SampleGen
INV-033277c2-feb6-4ff5-99e8-c3e54a4ba5f9,ID206705,CID-399,CA-0715,2026-03-12,2026-04-11,1208.2,USD,SampleGen
INV-9a3e4921-1037-4929-9b09-66e4fa9fdd25,ID206706,CID-399,CA-0715,2026-03-24,2026-04-23,2399.66,USD,SampleGen
INV-152fea5a-9263-4cb1-a5cf-10583c39b77f,ID206707,CID-400,CA-0717,2025-06-22,2025-07-22,3981.16,USD,SampleGen
INV-90d4be4b-39ef-4e3d-b974-7086425f5d09,ID206708,CID-400,CA-0717,2025-06-26,2025-07-26,788.48,USD,SampleGen
INV-c6989234-89cc-40b6-9800-5eab648dce04,ID206709,CID-400,CA-0717,2025-07-01,2025-07-31,1731.82,USD,SampleGen
INV-f842b030-5afc-4942-b3b0-8fc36f068e01,ID206710,CID-400,CA-0717,2025-06-12,2025-07-12,1066.14,USD,SampleGen
INV-3399df25-ef25-41e5-8803-67a6311ef652,ID206711,CID-400,CA-0717,2025-07-20,2025-08-19,3616.52,USD,SampleGen
INV-6d0ff310-b6fc-4738-bf6b-5ea678876a04,ID206712,CID-400,CA-0717,2025-07-06,2025-08-05,3758.56,USD,SampleGen
INV-14219147-afe6-4729-b93d-4025fa29ad82,ID206713,CID-400,CA-0717,2025-07-10,2025-08-09,4627.76,USD,SampleGen
INV-95ac7661-0eef-41c4-97f9-beb839aa86b0,ID206714,CID-400,CA-0717,2025-07-20,2025-08-19,1051.4,USD,SampleGen
INV-5f218a6b-1d4e-4fc1-a2e0-5100038659e3,ID206715,CID-400,CA-0717,2025-07-14,2025-08-13,2018.12,USD,SampleGen
INV-b2083ac3-81e4-4b51-a6a0-99d087fdfe3d,ID206716,CID-400,CA-0717,2025-08-20,2025-09-19,2085.96,USD,SampleGen
INV-15921f7d-0ad7-4514-a440-628c27b61157,ID206717,CID-400,CA-0717,2025-08-06,2025-09-05,3599.52,USD,SampleGen
INV-5cc8f3ae-990a-466a-8211-b4bfd7ba5cae,ID206718,CID-400,CA-0717,2025-08-17,2025-09-16,3052.6,USD,SampleGen
INV-3d521bee-9e39-4dc1-b9a3-41a9f47daf62,ID206719,CID-400,CA-0717,2025-08-20,2025-09-19,540.5,USD,SampleGen
INV-9509759c-5f37-44ea-9673-25916fbd93cb,ID206720,CID-400,CA-0717,2025-08-04,2025-09-03,612.48,USD,SampleGen
INV-2b761572-c45b-4022-b7a9-2a2b27f956d2,ID206721,CID-400,CA-0717,2025-08-11,2025-09-10,2018.12,USD,SampleGen
INV-5da1caa3-5c06-4792-834a-52c00af6c665,ID206722,CID-400,CA-0717,2025-09-01,2025-10-01,1500.68,USD,SampleGen
INV-db319a90-a600-438b-bffe-c5b39e9b5c77,ID206723,CID-400,CA-0717,2025-09-28,2025-10-28,1424.52,USD,SampleGen
INV-5c09c090-7ab0-4dc9-a987-b63faedb0c97,ID206724,CID-400,CA-0717,2025-09-22,2025-10-22,1903.62,USD,SampleGen
INV-23a06d3f-b227-4440-a8ad-4573d4730bc6,ID206725,CID-400,CA-0717,2025-10-28,2025-11-27,4973.26,USD,SampleGen
INV-68043918-6b18-4afe-8051-e2698850325b,ID206726,CID-400,CA-0717,2025-10-03,2025-11-02,468.38,USD,SampleGen
INV-b9097e2d-8205-460b-b1da-f1e8575bbbf6,ID206727,CID-400,CA-0717,2025-11-09,2025-12-09,1256.94,USD,SampleGen
INV-f221a065-b4fb-4831-b2c0-4953ed70c41d,ID206728,CID-400,CA-0717,2025-12-01,2025-12-31,2001.2,USD,SampleGen
INV-c45f0685-bd03-4232-a441-b3a0d6636e96,ID206729,CID-400,CA-0717,2025-11-30,2025-12-30,5418.6,USD,SampleGen
INV-efb52a3a-4ea3-4ba3-a24a-4d5789dc9db8,ID206730,CID-400,CA-0717,2025-12-07,2026-01-06,852.1,USD,SampleGen
INV-767bc2a6-2d65-43b4-9e77-bcf154f09ad7,ID206731,CID-400,CA-0717,2025-12-24,2026-01-23,5418.6,USD,SampleGen
INV-dd30002a-26af-455f-a0d1-5ed0c3909c47,ID206732,CID-400,CA-0717,2025-12-17,2026-01-16,406.88,USD,SampleGen
INV-5c402555-aca3-4d55-9fa4-555be935f1fe,ID206733,CID-400,CA-0717,2025-12-29,2026-01-28,4184.74,USD,SampleGen
INV-653743b5-2c19-43b8-af00-0cffbe278615,ID206734,CID-400,CA-0717,2025-12-20,2026-01-19,1534.68,USD,SampleGen
INV-2eed28b3-5499-47bd-8928-8a8c360844f4,ID206735,CID-400,CA-0717,2025-12-28,2026-01-27,4604.38,USD,SampleGen
INV-3cb4ead0-5d1e-4c84-aa33-5e8d35b529b0,ID206736,CID-400,CA-0717,2026-01-25,2026-02-24,1729.78,USD,SampleGen
INV-dec99a8a-1257-45f0-aded-91efc8064357,ID206737,CID-400,CA-0717,2026-01-14,2026-02-13,476.88,USD,SampleGen
INV-3c9c7d5c-36b6-42ce-895b-29ffa7abb79c,ID206738,CID-400,CA-0717,2026-01-22,2026-02-21,2588.36,USD,SampleGen
INV-b2e2abd6-4a88-49cd-a423-92cd96d144fe,ID206739,CID-400,CA-0717,2026-01-13,2026-02-12,2721.9,USD,SampleGen
INV-a6a9ed5e-cf94-4cf1-b528-0619512d8f73,ID206740,CID-400,CA-0717,2026-01-28,2026-02-27,716.48,USD,SampleGen
INV-440c52fe-7980-4428-a9e8-930cbc3f2294,ID206741,CID-400,CA-0717,2026-02-19,2026-03-21,830.9,USD,SampleGen
INV-677a40e9-be9d-42ed-84a3-7ed49742968a,ID206742,CID-400,CA-0717,2026-02-21,2026-03-23,5028.44,USD,SampleGen
INV-46344b20-b168-4c62-b31e-de310e1dd211,ID206743,CID-400,CA-0717,2026-02-14,2026-03-16,3955.76,USD,SampleGen
INV-7faf3013-cb7d-4f3e-aa76-ba40d51a6f04,ID206744,CID-400,CA-0717,2026-02-13,2026-03-15,1895.1,USD,SampleGen
INV-194abaed-75be-4002-9167-03e51f8101c9,ID206745,CID-400,CA-0717,2026-02-27,2026-03-29,947.46,USD,SampleGen
INV-80dd6d6d-bebf-4521-a123-4259a5abfceb,ID206746,CID-400,CA-0717,2026-02-19,2026-03-21,1377.9,USD,SampleGen
INV-345edf29-c704-4d7e-9011-bf4a4d408459,ID206747,CID-400,CA-0717,2026-02-28,2026-03-30,1763.56,USD,SampleGen
INV-e9e8cb1c-f317-42e5-abce-821fd9451303,ID206748,CID-400,CA-0717,2026-02-08,2026-03-10,3675.84,USD,SampleGen
INV-9b8c7c83-3806-4127-a029-69c314ee286d,ID206749,CID-400,CA-0717,2026-02-13,2026-03-15,4212.22,USD,SampleGen
INV-f3a5ad1b-677b-4bbe-aded-5618704dd322,ID206750,CID-400,CA-0717,2026-03-20,2026-04-19,767.34,USD,SampleGen
INV-2fed0ca6-c00a-4c7e-9d2f-38c828b97697,ID206751,CID-400,CA-0717,2026-03-29,2026-04-28,548.9,USD,SampleGen
INV-5805b636-af44-4eb0-9cef-297558eca5d7,ID206752,CID-400,CA-0717,2026-03-03,2026-04-02,1059.84,USD,SampleGen
INV-5bf07c7f-9cb3-48bb-8f0c-ebcf0f88c4c4,ID206753,CID-400,CA-0717,2026-03-17,2026-04-16,447.12,USD,SampleGen
INV-166e43ad-5a8c-4c90-a4b9-d403f5e60aa9,ID206754,CID-400,CA-0717,2026-03-06,2026-04-05,4218.6,USD,SampleGen
INV-51bf1ca3-d48e-44e2-8ea4-bb4f41004265,ID206755,CID-400,CA-0717,2026-03-26,2026-04-25,2628.6,USD,SampleGen
INV-5a21f362-3950-4310-9c0c-89cf60ae09c6,ID206756,CID-400,CA-0717,2026-03-23,2026-04-22,1636.42,USD,SampleGen
INV-72875ef5-ad9b-4ab1-a28e-5cda28c60bc6,ID206757,CID-400,CA-0717,2026-03-07,2026-04-06,1996.84,USD,SampleGen
INV-9bacdbe1-40b7-4a13-9929-fb6e41dd387f,ID206758,CID-400,CA-0717,2026-03-08,2026-04-07,4294.9,USD,SampleGen
INV-c20bcf41-5874-4fe0-930b-40bb509705cd,ID206759,CID-400,CA-0717,2026-03-07,2026-04-06,2170.76,USD,SampleGen
INV-8176c382-eb8a-4b83-98d1-31b58948bc92,ID206760,CID-400,CA-0717,2026-03-29,2026-04-28,1100.14,USD,SampleGen
INV-9a29737b-4074-4655-a49a-0bc64071e653,ID206761,CID-401,CA-0719,2025-06-07,2025-07-07,2452.66,USD,SampleGen
INV-58734f41-114a-48dd-987a-6eec4223c296,ID206762,CID-401,CA-0719,2025-12-21,2026-01-20,3014.54,USD,SampleGen
INV-6b612107-423a-45cb-b39d-8241896dc0aa,ID206763,CID-401,CA-0719,2026-02-01,2026-03-03,139.88,USD,SampleGen
INV-69cc8f2c-82ed-4815-994b-4721c5525d3a,ID206764,CID-401,CA-0719,2026-02-15,2026-03-17,1780.64,USD,SampleGen
INV-82964d60-0896-4e49-9eb3-950da0061314,ID206765,CID-401,CA-0719,2026-03-18,2026-04-17,2374.24,USD,SampleGen
INV-4e163ed0-d521-45e7-848d-04687992902a,ID206766,CID-402,CA-0720,2025-06-05,2025-07-05,2056.18,USD,SampleGen
INV-4049426b-4281-4ef2-b19c-4cff1a18b1bf,ID206767,CID-402,CA-0720,2025-08-17,2025-09-16,1216.76,USD,SampleGen
INV-e4cb5228-816a-4106-a4f1-e23e9734f6d8,ID206768,CID-402,CA-0720,2025-11-23,2025-12-23,1971.46,USD,SampleGen
INV-4745cd3b-0ff0-4b06-9e9c-e8f566423706,ID206769,CID-402,CA-0720,2025-12-21,2026-01-20,1150.92,USD,SampleGen
INV-7f0ed9e0-1a3f-4d72-86fe-7ca88072c7d8,ID206770,CID-402,CA-0720,2026-02-17,2026-03-19,5668.7,USD,SampleGen
INV-78cb0ae3-67b8-4b20-b7e9-e44c6c8c6a31,ID206771,CID-403,CA-0722,2025-06-27,2025-07-27,2238.58,USD,SampleGen
INV-9ec8b358-a0b5-40ad-b64c-b80972f2bfaf,ID206772,CID-403,CA-0722,2025-07-08,2025-08-07,2128.34,USD,SampleGen
INV-59774177-ba03-4719-b9bc-b36288b29026,ID206773,CID-403,CA-0722,2025-08-25,2025-09-24,1110.66,USD,SampleGen
INV-cb7939ac-b7bd-45db-be16-8b4a7a73b253,ID206774,CID-403,CA-0722,2025-08-02,2025-09-01,2823.6,USD,SampleGen
INV-644c78b4-c286-4615-877e-a4f0b9f1f820,ID206775,CID-403,CA-0722,2025-10-26,2025-11-25,2940.22,USD,SampleGen
INV-6ad6a908-fa10-4234-afc2-2c02e525ba50,ID206776,CID-403,CA-0722,2025-12-11,2026-01-10,506.54,USD,SampleGen
INV-e3cf0d4f-575d-48db-942b-68ba730017cc,ID206777,CID-403,CA-0722,2025-12-31,2026-01-30,3209.46,USD,SampleGen
INV-62c39f29-7647-4761-99f3-87bd7df0f241,ID206778,CID-403,CA-0722,2026-01-19,2026-02-18,254.34,USD,SampleGen
INV-171cae47-4a11-42f9-8c2b-4999a1488b3c,ID206779,CID-403,CA-0722,2026-02-14,2026-03-16,1816.62,USD,SampleGen
INV-965caab1-7925-43ce-92e4-99a94095a602,ID206780,CID-403,CA-0722,2026-02-22,2026-03-24,1721.16,USD,SampleGen
INV-a57519e3-37d4-4511-a220-3f33224b968a,ID206781,CID-403,CA-0722,2026-03-02,2026-04-01,576.56,USD,SampleGen
INV-e6351d5f-1bc6-4340-be66-a8ad3189a077,ID206782,CID-404,CA-0724,2025-06-26,2025-07-26,1225.14,USD,SampleGen
INV-8852b23f-eb04-47ed-b96b-57b016558bfd,ID206783,CID-404,CA-0724,2025-07-17,2025-08-16,1717.08,USD,SampleGen
INV-8246c5d0-f0f9-42d4-8514-20d81662aa0c,ID206784,CID-404,CA-0724,2025-08-27,2025-09-26,5418.6,USD,SampleGen
INV-f10bab6b-7f49-4bed-8656-d23ee3e4fa8c,ID206785,CID-404,CA-0724,2025-08-04,2025-09-03,4706.24,USD,SampleGen
INV-df5fd643-baca-4388-be88-1c028a064d2f,ID206786,CID-404,CA-0724,2025-09-04,2025-10-04,462.04,USD,SampleGen
INV-da3a495b-43fa-49d9-8e73-3b9bcb6834a7,ID206787,CID-404,CA-0724,2025-10-30,2025-11-29,1644.86,USD,SampleGen
INV-264bda0b-2ec2-4680-a9a0-face6890e725,ID206788,CID-404,CA-0724,2025-11-13,2025-12-13,3027.22,USD,SampleGen
INV-b1460eaf-2291-41ca-b765-f27cf4074f62,ID206789,CID-404,CA-0724,2025-12-07,2026-01-06,415.42,USD,SampleGen
INV-cd5bd59a-8a4c-457d-96aa-ba26edaf1db6,ID206790,CID-404,CA-0724,2025-12-24,2026-01-23,4133.8,USD,SampleGen
INV-dac6c121-6c9b-47e9-baaf-5426355e7ebf,ID206791,CID-404,CA-0724,2026-01-23,2026-02-22,288.28,USD,SampleGen
INV-754673a0-7eee-4204-8e50-3e2caa253a28,ID206792,CID-404,CA-0724,2026-01-18,2026-02-17,288.28,USD,SampleGen
INV-adb84025-5f9e-4276-951d-a85e8e9f0afa,ID206793,CID-404,CA-0724,2026-02-03,2026-03-05,3993.96,USD,SampleGen
INV-36062c80-ef84-4222-9c69-bd111b30281c,ID206794,CID-404,CA-0724,2026-02-10,2026-03-12,5125.98,USD,SampleGen
INV-d8a4e208-25d1-49e7-ad87-dfe696e8836b,ID206795,CID-404,CA-0724,2026-02-17,2026-03-19,919.92,USD,SampleGen
INV-2f58b9cc-53cf-41e1-97c6-18ca616bce7e,ID206796,CID-404,CA-0724,2026-03-06,2026-04-05,451.38,USD,SampleGen
INV-4241ba66-7194-4da9-aef2-56a706b86a92,ID206797,CID-404,CA-0724,2026-03-12,2026-04-11,4880.0,USD,SampleGen
INV-fb790ee0-505a-4104-a423-35fabe2ca602,ID206798,CID-404,CA-0724,2026-03-02,2026-04-01,771.54,USD,SampleGen
INV-66766597-cc18-4251-bdc3-9b869f58d30c,ID206799,CID-404,CA-0724,2026-03-06,2026-04-05,688.82,USD,SampleGen
INV-1c36c058-5a61-4e01-a2e8-3f9d0700600a,ID206800,CID-405,CA-0726,2025-06-14,2025-07-14,1100.08,USD,SampleGen
INV-8f949905-527f-45f4-af04-a859fedefe26,ID206801,CID-405,CA-0726,2025-06-27,2025-07-27,2342.36,USD,SampleGen
INV-bc4b8fc0-2e41-411a-ae4b-2b9f019ee2a7,ID206802,CID-405,CA-0726,2025-07-11,2025-08-10,2272.5,USD,SampleGen
INV-53339af2-b666-4296-821f-49ce98a91a51,ID206803,CID-405,CA-0726,2025-07-20,2025-08-19,2374.16,USD,SampleGen
INV-9af46ee2-d67a-40f1-996d-b37191cbe19a,ID206804,CID-405,CA-0726,2025-07-31,2025-08-30,2001.12,USD,SampleGen
INV-ced8d733-850b-4070-b535-efad3eea29ba,ID206805,CID-405,CA-0726,2025-08-21,2025-09-20,2641.32,USD,SampleGen
INV-e368c8be-1458-4b0a-bc6b-e3343e8b812d,ID206806,CID-405,CA-0726,2025-08-12,2025-09-11,228.88,USD,SampleGen
INV-62aa0396-235e-4dbb-9d03-94694bbe6ce3,ID206807,CID-405,CA-0726,2025-08-27,2025-09-26,3773.44,USD,SampleGen
INV-de808a82-41d6-4ef5-bc3c-b4c92e3737dd,ID206808,CID-405,CA-0726,2025-08-06,2025-09-05,478.92,USD,SampleGen
INV-ff308192-fc47-4da1-ab93-f9cdc9c77e83,ID206809,CID-405,CA-0726,2025-09-04,2025-10-04,2018.04,USD,SampleGen
INV-bab4a1fc-d2b0-4857-97bb-97b4dc6c4cbf,ID206810,CID-405,CA-0726,2025-11-01,2025-12-01,1649.18,USD,SampleGen
INV-8fc6078e-3c42-4eb2-8f76-acc46f33b595,ID206811,CID-405,CA-0726,2025-12-01,2025-12-31,2713.15,USD,SampleGen
INV-342d9333-d847-4d6f-8c16-022305b13175,ID206812,CID-405,CA-0726,2025-12-31,2026-01-30,1630.12,USD,SampleGen
INV-3fe0f006-1132-44e5-b42c-8e81a9a958d7,ID206813,CID-405,CA-0726,2025-12-10,2026-01-09,1780.68,USD,SampleGen
INV-dfa4724c-8746-4563-9fa8-ac7bfd9f842b,ID206814,CID-405,CA-0726,2025-12-26,2026-01-25,2798.24,USD,SampleGen
INV-634a46ea-c489-4683-87d7-a3e067f0ffe1,ID206815,CID-405,CA-0726,2026-01-02,2026-02-01,3078.14,USD,SampleGen
INV-086ce328-2cca-4adc-b735-5bc650bbdf4f,ID206816,CID-405,CA-0726,2026-01-21,2026-02-20,1042.98,USD,SampleGen
INV-b8450097-d33b-4fbc-a9e9-b3c7d0f59510,ID206817,CID-405,CA-0726,2026-01-03,2026-02-02,559.56,USD,SampleGen
INV-aaf37c4c-dd83-4ed6-b27c-d3080079e094,ID206818,CID-405,CA-0726,2026-02-04,2026-03-06,1577.1,USD,SampleGen
INV-6c0798a0-c66a-45a2-a196-d8cb49404a2d,ID206819,CID-405,CA-0726,2026-02-10,2026-03-12,2569.32,USD,SampleGen
INV-645b3d24-4a3f-437e-b2cb-514b86e1ca96,ID206820,CID-405,CA-0726,2026-02-17,2026-03-19,716.28,USD,SampleGen
INV-b763c8ba-eafa-4b0a-8d3b-9f4df91af797,ID206821,CID-405,CA-0726,2026-02-10,2026-03-12,688.8,USD,SampleGen
INV-d0c82a19-0bfd-47fe-bd0e-76cf22bf31f4,ID206822,CID-405,CA-0726,2026-02-22,2026-03-24,2849.06,USD,SampleGen
INV-be40ca22-b266-4f7a-9b0d-9cc9daf175cf,ID206823,CID-405,CA-0726,2026-03-09,2026-04-08,2836.44,USD,SampleGen
INV-3fbd4c56-c34c-4d56-8701-5e0e33356b26,ID206824,CID-405,CA-0726,2026-03-12,2026-04-11,3006.02,USD,SampleGen
INV-6659f6e6-da3a-45ac-84a8-e70578b6fc17,ID206825,CID-405,CA-0726,2026-03-03,2026-04-02,1246.4,USD,SampleGen
INV-af92d8b3-646a-4a95-bebd-7f5c0ccf1890,ID206826,CID-405,CA-0726,2026-03-23,2026-04-22,2124.04,USD,SampleGen
INV-7db63cc2-94ad-45e8-8a00-1aa7db8d6a31,ID206827,CID-405,CA-0726,2026-03-16,2026-04-15,644.34,USD,SampleGen
INV-824a2ea2-3466-4708-8fc4-b8d4a440ea12,ID206828,CID-405,CA-0726,2026-03-16,2026-04-15,2015.88,USD,SampleGen
INV-537807e2-ee8c-47f9-b92e-59fb9734c4f9,ID206829,CID-406,CA-0728,2025-06-19,2025-07-19,2654.16,USD,SampleGen
INV-ef198bd3-a7fa-4fb7-9dde-d7899913815f,ID206830,CID-406,CA-0728,2025-06-18,2025-07-18,1123.44,USD,SampleGen
INV-ce0289c3-e576-48e0-a5b7-c04f6a883959,ID206831,CID-406,CA-0728,2025-06-18,2025-07-18,2141.0,USD,SampleGen
INV-aebe2583-bad3-4770-a0fe-2cbe11a87027,ID206832,CID-406,CA-0728,2025-07-22,2025-08-21,243.7,USD,SampleGen
INV-408fff24-f199-417c-a612-a4317080bf2d,ID206833,CID-406,CA-0728,2025-07-08,2025-08-07,3557.26,USD,SampleGen
INV-212626f7-e49a-4e4f-8471-83651996b757,ID206834,CID-406,CA-0728,2025-08-01,2025-08-31,570.12,USD,SampleGen
INV-8c9114d6-cbc6-4bf8-9d9c-c78624e30c86,ID206835,CID-406,CA-0728,2025-08-04,2025-09-03,832.92,USD,SampleGen
INV-0c3c8643-11a9-41f8-ba70-abe0f4b7e960,ID206836,CID-406,CA-0728,2025-08-07,2025-09-06,1770.06,USD,SampleGen
INV-ae2453e6-362c-4d4c-88fe-f35dfa9671db,ID206837,CID-406,CA-0728,2025-08-03,2025-09-02,4271.58,USD,SampleGen
INV-19ec307f-581d-4625-940f-e40d96f0d092,ID206838,CID-406,CA-0728,2025-09-01,2025-10-01,2170.64,USD,SampleGen
INV-0f958fde-9071-4217-95ee-b18df53bd7c6,ID206839,CID-406,CA-0728,2025-08-13,2025-09-12,415.42,USD,SampleGen
INV-bf29f751-4632-436b-a879-55a38aece361,ID206840,CID-406,CA-0728,2025-09-28,2025-10-28,1331.24,USD,SampleGen
INV-ec899646-e251-4b55-b53e-6824ea43a1fd,ID206841,CID-406,CA-0728,2025-09-15,2025-10-15,849.96,USD,SampleGen
INV-792b4dcd-9a8f-4b97-94e8-679691829a77,ID206842,CID-406,CA-0728,2025-10-11,2025-11-10,678.24,USD,SampleGen
INV-f4f1b026-e73d-4f91-bf66-0eec6218d530,ID206843,CID-406,CA-0728,2025-10-25,2025-11-24,3374.88,USD,SampleGen
INV-8009984e-7c84-43ab-afd2-6802acc61950,ID206844,CID-406,CA-0728,2025-11-06,2025-12-06,1199.76,USD,SampleGen
INV-fca26782-3c99-4e12-b58a-427c8236ef5d,ID206845,CID-406,CA-0728,2025-11-04,2025-12-04,447.22,USD,SampleGen
INV-08d23a31-6fd1-4a44-829b-60777324810b,ID206846,CID-406,CA-0728,2025-12-05,2026-01-04,905.06,USD,SampleGen
INV-4a30e420-783d-489f-853f-c95cb0771f09,ID206847,CID-406,CA-0728,2025-12-25,2026-01-24,4383.96,USD,SampleGen
INV-c4132a50-ff41-4400-9abe-57fbdfc50c50,ID206848,CID-406,CA-0728,2025-12-20,2026-01-19,3904.9,USD,SampleGen
INV-ee7c83ce-78a1-48c4-8659-6e3bd877105b,ID206849,CID-406,CA-0728,2025-12-06,2026-01-05,2158.0,USD,SampleGen
INV-027a4f89-5334-4f2d-a694-84b21a96b53e,ID206850,CID-406,CA-0728,2026-02-01,2026-03-03,587.16,USD,SampleGen
INV-db0d1be3-28d6-4997-9d3a-9dde2dfe0093,ID206851,CID-406,CA-0728,2026-02-01,2026-03-03,1806.2,USD,SampleGen
INV-bb449f8f-ae80-4fe7-bf83-6ed204041918,ID206852,CID-406,CA-0728,2026-01-17,2026-02-16,423.98,USD,SampleGen
INV-73f19e97-001c-4c30-a2b9-4bc5c173c292,ID206853,CID-406,CA-0728,2026-02-08,2026-03-10,1946.08,USD,SampleGen
INV-676de64b-8868-4947-9af7-f01351601bd1,ID206854,CID-406,CA-0728,2026-02-13,2026-03-15,2569.32,USD,SampleGen
INV-a4bac00d-2c19-4a73-a234-278921cc5a48,ID206855,CID-406,CA-0728,2026-02-18,2026-03-20,720.7,USD,SampleGen
INV-335ea2d4-31bf-46bf-a730-7a14081dc372,ID206856,CID-406,CA-0728,2026-02-26,2026-03-28,771.54,USD,SampleGen
INV-d4c9869c-a51d-4dbc-9536-710c2cf613d5,ID206857,CID-406,CA-0728,2026-02-02,2026-03-04,6185.86,USD,SampleGen
INV-1fbd5f0f-bda7-4c15-83bf-90a1f7479295,ID206858,CID-406,CA-0728,2026-02-05,2026-03-07,1751.0,USD,SampleGen
INV-babc0dbf-affe-4f4d-beb0-f2461552e196,ID206859,CID-406,CA-0728,2026-03-01,2026-03-31,3260.38,USD,SampleGen
INV-7b163212-a57d-4bf2-93bd-c2cd25f4b854,ID206860,CID-406,CA-0728,2026-03-26,2026-04-25,1379.88,USD,SampleGen
INV-b223fb76-5ab6-4e15-b7b0-b81c476bb10e,ID206861,CID-406,CA-0728,2026-03-14,2026-04-13,2353.02,USD,SampleGen
INV-c9d35cd3-31c2-45a2-9847-85fffc61800b,ID206862,CID-406,CA-0728,2026-03-09,2026-04-08,809.64,USD,SampleGen
INV-d8a07da9-7e06-4a16-894e-0b518ec3e80a,ID206863,CID-406,CA-0728,2026-03-27,2026-04-26,4458.14,USD,SampleGen
INV-93ae92ae-46b9-43d6-babf-022808a1e42d,ID206864,CID-406,CA-0728,2026-03-23,2026-04-22,402.68,USD,SampleGen
INV-d5009f5e-8cb9-4f53-993b-0be4d1f9962e,ID206865,CID-406,CA-0728,2026-03-06,2026-04-05,2955.06,USD,SampleGen
INV-f13fa4c2-4e8f-49b0-8019-ce748289de59,ID206866,CID-406,CA-0728,2026-03-29,2026-04-28,1598.34,USD,SampleGen
INV-b3091da9-7e6d-48af-a409-80a828a9f737,ID206867,CID-406,CA-0728,2026-03-29,2026-04-28,2204.56,USD,SampleGen
INV-81a73a58-5f28-4be5-97a4-e43eda7029a8,ID206868,CID-407,CA-0730,2025-06-15,2025-07-15,1912.16,USD,SampleGen
INV-99d3bc1e-b270-4c9c-946b-e6d9205202e6,ID206869,CID-407,CA-0730,2025-07-12,2025-08-11,534.12,USD,SampleGen
INV-4da04c25-3d4e-4c45-882b-9d3661755c80,ID206870,CID-407,CA-0730,2025-08-29,2025-09-28,3904.9,USD,SampleGen
INV-24118518-5de4-45d2-80af-a1e167d68c5a,ID206871,CID-407,CA-0730,2025-09-23,2025-10-23,479.0,USD,SampleGen
INV-2407179b-fe67-47d0-9a69-36c08361a308,ID206872,CID-407,CA-0730,2025-10-18,2025-11-17,7479.14,USD,SampleGen
INV-a9b679bb-2de2-4990-947d-7079d0c8044e,ID206873,CID-407,CA-0730,2025-11-27,2025-12-27,2670.96,USD,SampleGen
INV-80d56773-bb00-44e4-8477-35251a089258,ID206874,CID-407,CA-0730,2025-12-21,2026-01-20,2068.86,USD,SampleGen
INV-f43f6975-27a3-49e4-b3b5-b93ea77c14b1,ID206875,CID-407,CA-0730,2026-01-13,2026-02-12,6433.98,USD,SampleGen
INV-c246da62-f100-417d-9caa-b006f28cc7c4,ID206876,CID-407,CA-0730,2026-02-23,2026-03-25,3771.34,USD,SampleGen
INV-75fab107-a7d8-409d-8b1a-89ddd5db35ce,ID206877,CID-407,CA-0730,2026-03-21,2026-04-20,4383.96,USD,SampleGen
INV-9d792ef8-3193-4af7-a217-8d889425433f,ID206878,CID-407,CA-0730,2026-03-06,2026-04-05,5753.48,USD,SampleGen
INV-30c27a42-1a4e-4a03-bcd7-c91154f7d404,ID206879,CID-408,CA-0732,2025-06-08,2025-07-08,2679.48,USD,SampleGen
INV-4a144662-45c9-4143-a55f-085e9a753f7a,ID206880,CID-408,CA-0732,2025-06-10,2025-07-10,686.64,USD,SampleGen
INV-fa9aa605-0cab-4633-9c98-891575f9cc80,ID206881,CID-408,CA-0732,2025-06-15,2025-07-15,1712.74,USD,SampleGen
INV-98941c22-49a6-457e-9683-2d4d2a0f5898,ID206882,CID-408,CA-0732,2025-06-26,2025-07-26,741.8,USD,SampleGen
INV-8cfac059-4dce-4904-adc1-66874ca66ab9,ID206883,CID-408,CA-0732,2025-07-15,2025-08-14,2815.26,USD,SampleGen
INV-22128a27-1cff-4e8e-b9f1-6e3dd14743df,ID206884,CID-408,CA-0732,2025-07-14,2025-08-13,667.66,USD,SampleGen
INV-01f3d1ce-51ee-4c0c-ab09-1ae9f0f468b4,ID206885,CID-408,CA-0732,2025-07-06,2025-08-05,3120.36,USD,SampleGen
INV-cd65c465-7064-4aaa-9ebc-10b6e11c15be,ID206886,CID-408,CA-0732,2025-07-21,2025-08-20,1920.46,USD,SampleGen
INV-35b01c88-0ff2-4dc2-b116-03fe9cf85eda,ID206887,CID-408,CA-0732,2025-08-19,2025-09-18,506.46,USD,SampleGen
INV-e71d8a5a-a8db-4c4a-893d-f677cbda8ca9,ID206888,CID-408,CA-0732,2025-08-11,2025-09-10,608.28,USD,SampleGen
INV-5241f05d-a0f1-4f4a-b131-ef63ad81f6f9,ID206889,CID-408,CA-0732,2025-08-28,2025-09-27,3574.14,USD,SampleGen
INV-ffacfacb-5cf6-4e54-907f-4350f9cdabfa,ID206890,CID-408,CA-0732,2025-09-01,2025-10-01,1184.84,USD,SampleGen
INV-35fe0f47-6375-4668-858f-97d729afb965,ID206891,CID-408,CA-0732,2025-08-24,2025-09-23,4994.5,USD,SampleGen
INV-fbe6fd88-d8ae-4d1d-93a4-c3dd00b087c3,ID206892,CID-408,CA-0732,2025-08-27,2025-09-26,769.3,USD,SampleGen
INV-50764502-3a6a-46ec-8823-b98cc52a9014,ID206893,CID-408,CA-0732,2025-09-09,2025-10-09,4557.8,USD,SampleGen
INV-75dac597-d0ad-4ca1-8b31-1569170df7eb,ID206894,CID-408,CA-0732,2025-09-30,2025-10-30,3137.36,USD,SampleGen
INV-83c5f04d-b14c-4158-9262-110c014b6336,ID206895,CID-408,CA-0732,2025-10-22,2025-11-21,2588.28,USD,SampleGen
INV-ea865913-6789-43aa-966b-d07bee76d211,ID206896,CID-408,CA-0732,2025-10-12,2025-11-11,3858.24,USD,SampleGen
INV-6ff389cd-97fe-4bd5-aa71-165204b14439,ID206897,CID-408,CA-0732,2025-11-05,2025-12-05,1948.08,USD,SampleGen
INV-0263dd2f-cc63-40c6-a4bf-dda7f16462ac,ID206898,CID-408,CA-0732,2025-11-19,2025-12-19,6571.72,USD,SampleGen
INV-7402a198-daf2-4477-919f-a0ecc06f999f,ID206899,CID-408,CA-0732,2025-12-04,2026-01-03,2418.68,USD,SampleGen
INV-643a8866-df45-45f2-9849-a6533a49aff9,ID206900,CID-408,CA-0732,2026-01-01,2026-01-31,5566.9,USD,SampleGen
INV-947062d2-488a-46fc-99d8-76d0daa02926,ID206901,CID-408,CA-0732,2025-12-19,2026-01-18,476.86,USD,SampleGen
INV-02d82748-ed41-4d97-afb3-78b57b3de093,ID206902,CID-408,CA-0732,2025-12-02,2026-01-01,754.56,USD,SampleGen
INV-f6ee23fc-2d6f-4096-aca3-7eb3e3d97a04,ID206903,CID-408,CA-0732,2025-12-07,2026-01-06,1759.46,USD,SampleGen
INV-39b7f813-cdd2-4dc0-adb0-1956a6f29f85,ID206904,CID-408,CA-0732,2026-01-18,2026-02-17,127.14,USD,SampleGen
INV-d057d9e1-fe52-401a-bf2e-70111b51d57e,ID206905,CID-408,CA-0732,2026-01-16,2026-02-15,438.72,USD,SampleGen
INV-4b15faf9-3364-424a-9638-80dff43d4bb6,ID206906,CID-408,CA-0732,2026-01-21,2026-02-20,1208.34,USD,SampleGen
INV-2120e9f6-dc3f-4c9b-be14-35eeedef899d,ID206907,CID-408,CA-0732,2026-01-13,2026-02-12,2261.86,USD,SampleGen
INV-d94bfab7-c88d-43c3-b629-288c69374aa9,ID206908,CID-408,CA-0732,2026-02-22,2026-03-24,2836.44,USD,SampleGen
INV-b7516f87-b742-4ca9-8926-a16b80f557f3,ID206909,CID-408,CA-0732,2026-02-20,2026-03-22,1793.34,USD,SampleGen
INV-0c3f9df9-c82b-4add-a2db-e930c3b4a7fa,ID206910,CID-408,CA-0732,2026-02-22,2026-03-24,4515.5,USD,SampleGen
INV-8609cbfa-29eb-49b9-8b43-33f08bc143ba,ID206911,CID-408,CA-0732,2026-02-20,2026-03-22,2429.3,USD,SampleGen
INV-21eb68b0-e6b6-448f-86f1-4e6dacc32ae4,ID206912,CID-408,CA-0732,2026-02-06,2026-03-08,724.92,USD,SampleGen
INV-63a452cf-3fd6-455b-a43a-4fede6eb2c54,ID206913,CID-408,CA-0732,2026-02-16,2026-03-18,1526.26,USD,SampleGen
INV-869b1ca1-6a17-4eee-9152-efb43c0006dc,ID206914,CID-408,CA-0732,2026-02-12,2026-03-14,5134.4,USD,SampleGen
INV-48be3d20-bedf-49a1-acf7-775c8164910f,ID206915,CID-408,CA-0732,2026-02-05,2026-03-07,2052.04,USD,SampleGen
INV-7e3749d7-217b-4e9b-9519-023f1575f35d,ID206916,CID-408,CA-0732,2026-03-16,2026-04-15,1377.9,USD,SampleGen
INV-362b137b-36db-474a-8bd4-cc2382afd255,ID206917,CID-408,CA-0732,2026-03-25,2026-04-24,4699.78,USD,SampleGen
INV-b98c83d5-dbfe-45f4-a3b6-b8edfc47ccc0,ID206918,CID-408,CA-0732,2026-03-17,2026-04-16,4513.2,USD,SampleGen
INV-05e45a83-a8d7-4195-a1e5-abb0c3af2d5b,ID206919,CID-408,CA-0732,2026-03-09,2026-04-08,703.64,USD,SampleGen
INV-0f3794e9-3a61-4b13-ad2d-45fdcf512cee,ID206920,CID-408,CA-0732,2026-03-24,2026-04-23,262.8,USD,SampleGen
INV-af8a0ade-c6d7-477c-9126-d33c939717d5,ID206921,CID-408,CA-0732,2026-03-22,2026-04-21,794.78,USD,SampleGen
INV-16eff5d0-6f63-4a65-9d50-b4f51b494eec,ID206922,CID-408,CA-0732,2026-03-17,2026-04-16,3425.7,USD,SampleGen
INV-e2216cef-c78d-48b0-9a8e-042bfbf140a9,ID206923,CID-408,CA-0732,2026-03-04,2026-04-03,2268.26,USD,SampleGen
INV-591da4b4-7d74-4e61-81d8-446a43c90efa,ID206924,CID-408,CA-0732,2026-03-29,2026-04-28,419.64,USD,SampleGen
INV-24aca452-4efc-480d-9814-a39de8a895e3,ID206925,CID-409,CA-0734,2025-07-02,2025-08-01,1343.92,USD,SampleGen
INV-86660313-f40f-4e41-b517-1370f4e14b59,ID206926,CID-409,CA-0734,2025-08-04,2025-09-03,688.86,USD,SampleGen
INV-74d36d52-13b6-401b-875b-403788c423c2,ID206927,CID-410,CA-0736,2025-06-17,2025-07-17,4171.92,USD,SampleGen
INV-9d4ce0ac-5b47-451b-9a34-b03c18736272,ID206928,CID-410,CA-0736,2025-06-11,2025-07-11,3446.92,USD,SampleGen
INV-1cc1e2b1-c921-4f55-b86b-81e713bee33e,ID206929,CID-410,CA-0736,2025-06-23,2025-07-23,652.8,USD,SampleGen
INV-ea5f085b-f676-40df-9d09-eb58148caf61,ID206930,CID-410,CA-0736,2025-06-03,2025-07-03,591.36,USD,SampleGen
INV-26876182-a2fc-49ed-9c71-983f99269d44,ID206931,CID-410,CA-0736,2025-07-22,2025-08-21,1820.94,USD,SampleGen
INV-64d72431-2a51-4bf5-9ab4-818a95dec1b5,ID206932,CID-410,CA-0736,2025-07-27,2025-08-26,1965.14,USD,SampleGen
INV-caa4cf97-83d4-4cdf-b4dc-93b5a2ecf479,ID206933,CID-410,CA-0736,2025-07-15,2025-08-14,1619.44,USD,SampleGen
INV-310ef241-4b4a-4211-8402-81a4974c4a67,ID206934,CID-410,CA-0736,2025-07-17,2025-08-16,523.46,USD,SampleGen
INV-8a66a64a-3a5b-4f9c-b86d-28440bfc1902,ID206935,CID-410,CA-0736,2025-07-18,2025-08-17,674.0,USD,SampleGen
INV-6b2c7bf4-6d68-4845-80b9-958dedfdd1bb,ID206936,CID-410,CA-0736,2025-08-20,2025-09-19,799.02,USD,SampleGen
INV-eff9391b-fee8-40f5-93b3-836631f8ad55,ID206937,CID-410,CA-0736,2025-08-06,2025-09-05,449.34,USD,SampleGen
INV-c7879bd0-da99-47f5-9ffb-bc2353b4ce4e,ID206938,CID-410,CA-0736,2025-08-17,2025-09-16,264.9,USD,SampleGen
INV-40484e6d-327e-4c51-952d-2d7690349dd7,ID206939,CID-410,CA-0736,2025-08-09,2025-09-08,1820.94,USD,SampleGen
INV-2aa908b7-bd4e-434b-8644-427ac31b1dc5,ID206940,CID-410,CA-0736,2025-08-22,2025-09-21,4171.92,USD,SampleGen
INV-c5371697-ac1a-4213-9299-9d88fdf09e31,ID206941,CID-410,CA-0736,2025-08-29,2025-09-28,2160.04,USD,SampleGen
INV-bd420496-9eb0-4700-9c8f-da9f8dfec3b3,ID206942,CID-410,CA-0736,2025-08-06,2025-09-05,3557.2,USD,SampleGen
INV-b61e6b5a-c5b2-4647-a664-4d3bf350c460,ID206943,CID-410,CA-0736,2025-09-16,2025-10-16,5181.08,USD,SampleGen
INV-a8f5b01c-b748-4189-8fe6-4fd7b5e3e143,ID206944,CID-410,CA-0736,2025-11-01,2025-12-01,3917.64,USD,SampleGen
INV-a6a57b2b-9b4f-43d7-a146-71c9f0889772,ID206945,CID-410,CA-0736,2025-10-12,2025-11-11,2560.68,USD,SampleGen
INV-796bb650-487f-4cba-8b58-babc10dbfcb7,ID206946,CID-410,CA-0736,2025-11-10,2025-12-10,9543.94,USD,SampleGen
INV-b8a5b29b-34d7-4a86-8b28-7c22feec5433,ID206947,CID-410,CA-0736,2025-11-09,2025-12-09,4205.92,USD,SampleGen
INV-06efab20-03e8-42e7-a1f9-946e6d157968,ID206948,CID-410,CA-0736,2025-11-21,2025-12-21,1912.02,USD,SampleGen
INV-e4cfb03f-1939-4e4d-b4bb-d5c33ec0cdd4,ID206949,CID-410,CA-0736,2025-12-20,2026-01-19,3917.64,USD,SampleGen
INV-d46d783a-bae8-4045-b0c8-9499bb548108,ID206950,CID-410,CA-0736,2025-12-16,2026-01-15,5562.64,USD,SampleGen
INV-cf3fe92d-de24-4a76-a679-cffbfc746d9b,ID206951,CID-410,CA-0736,2025-12-09,2026-01-08,2365.76,USD,SampleGen
INV-fae22483-5db9-4e2e-b715-33edb1f78d58,ID206952,CID-410,CA-0736,2026-01-01,2026-01-31,5920.92,USD,SampleGen
INV-02a679d3-6a0b-4231-9087-aa9e8a32dc6f,ID206953,CID-410,CA-0736,2025-12-19,2026-01-18,2374.24,USD,SampleGen
INV-8658b490-068b-4bb3-a591-b6eb181441af,ID206954,CID-410,CA-0736,2026-01-27,2026-02-26,144.14,USD,SampleGen
INV-c9c24a4b-0852-41ab-8ffa-4610734a9438,ID206955,CID-410,CA-0736,2026-01-07,2026-02-06,616.8,USD,SampleGen
INV-42544e15-bfe7-4b98-b3fa-caa0e7187984,ID206956,CID-410,CA-0736,2026-01-26,2026-02-25,158.94,USD,SampleGen
INV-7350df73-5752-42a3-a1b0-95411ee3deda,ID206957,CID-410,CA-0736,2026-01-11,2026-02-10,2035.04,USD,SampleGen
INV-019e24aa-48e4-41fe-86cb-38e7b64eb685,ID206958,CID-410,CA-0736,2026-02-23,2026-03-25,716.28,USD,SampleGen
INV-681ab0de-1c10-47ac-abb3-ada70191d20e,ID206959,CID-410,CA-0736,2026-02-17,2026-03-19,2637.0,USD,SampleGen
INV-fd28d57e-e435-437e-a639-8175058a88f1,ID206960,CID-410,CA-0736,2026-02-14,2026-03-16,3116.1,USD,SampleGen
INV-75e87813-bfbc-4c54-a411-b9ccd9c5c8ec,ID206961,CID-410,CA-0736,2026-02-28,2026-03-30,2997.58,USD,SampleGen
INV-a86636d9-36b7-4762-926a-9780f47f1867,ID206962,CID-410,CA-0736,2026-02-06,2026-03-08,735.5,USD,SampleGen
INV-020fa028-b072-460e-bc13-10b81446d390,ID206963,CID-410,CA-0736,2026-02-07,2026-03-09,1377.9,USD,SampleGen
INV-645eacc9-fa27-4993-82c7-0225b132cf7b,ID206964,CID-410,CA-0736,2026-02-19,2026-03-21,1352.32,USD,SampleGen
INV-4f7cd11c-de67-400b-a77e-07d0182657c4,ID206965,CID-410,CA-0736,2026-02-17,2026-03-19,2836.28,USD,SampleGen
INV-5166302d-a709-4ec9-adc5-635a0a3028be,ID206966,CID-410,CA-0736,2026-03-31,2026-04-30,309.44,USD,SampleGen
INV-3a8e680d-e3ba-4fd4-b2a3-92a9a1c1e263,ID206967,CID-410,CA-0736,2026-03-25,2026-04-24,4515.42,USD,SampleGen
INV-e4e49489-c8e9-445c-b0f0-21d16705600f,ID206968,CID-410,CA-0736,2026-03-20,2026-04-19,3697.08,USD,SampleGen
INV-515d27a9-6005-4caa-8adc-5407d3ace431,ID206969,CID-410,CA-0736,2026-03-02,2026-04-01,1534.66,USD,SampleGen
INV-720d721a-48cf-4495-81ef-a57a1c912312,ID206970,CID-410,CA-0736,2026-03-10,2026-04-09,1250.62,USD,SampleGen
INV-0c2af009-a066-4ce3-9f4a-f4f845db9ceb,ID206971,CID-410,CA-0736,2026-03-08,2026-04-07,716.4,USD,SampleGen
INV-ae4f34bb-0886-491d-9133-f2a3cb02bfd2,ID206972,CID-410,CA-0736,2026-03-11,2026-04-10,487.5,USD,SampleGen
INV-17f771d8-c4ae-498a-b01e-e7cfc08516d7,ID206973,CID-410,CA-0736,2026-03-05,2026-04-04,614.64,USD,SampleGen
INV-500c56b2-18ba-4521-8c23-b28cebcdfb9d,ID206974,CID-410,CA-0736,2026-03-21,2026-04-20,3807.4,USD,SampleGen
INV-ccc7dfb7-3f7e-4ff7-8910-8c54dc934a40,ID206975,CID-410,CA-0736,2026-03-16,2026-04-15,1394.74,USD,SampleGen
INV-4c3a7ba5-2a37-4d71-abc7-669037085a40,ID206976,CID-411,CA-0738,2025-06-09,2025-07-09,4358.52,USD,SampleGen
INV-405a066a-ec7a-4ce3-ad9c-56950d3c5e03,ID206977,CID-411,CA-0738,2025-07-13,2025-08-12,644.3,USD,SampleGen
INV-f4248d51-6a4e-4510-9f66-b4b682b373d6,ID206978,CID-411,CA-0738,2025-08-17,2025-09-16,907.16,USD,SampleGen
INV-cddec881-f2a4-46b8-a64c-c9790b22cc7c,ID206979,CID-411,CA-0738,2025-11-19,2025-12-19,462.04,USD,SampleGen
INV-c092371f-fe3c-48a5-81a5-c29856c9ea62,ID206980,CID-411,CA-0738,2025-12-13,2026-01-12,1589.9,USD,SampleGen
INV-03a14407-0c2c-4155-a088-db899d5bab5b,ID206981,CID-411,CA-0738,2026-01-02,2026-02-01,6427.58,USD,SampleGen
INV-ff6227d2-9538-4280-a7c7-cc043bcdddd1,ID206982,CID-411,CA-0738,2026-02-24,2026-03-26,404.78,USD,SampleGen
INV-c93e5bf9-1894-4ace-b69e-3ccaadbf52c2,ID206983,CID-411,CA-0738,2026-02-19,2026-03-21,599.82,USD,SampleGen
INV-3786a44e-f04e-44e8-a64b-4a5b3d61ac17,ID206984,CID-411,CA-0738,2026-03-03,2026-04-02,1657.62,USD,SampleGen
INV-58f02a96-a3fd-46a0-beac-d97bd3486274,ID206985,CID-412,CA-0740,2025-06-18,2025-07-18,648.52,USD,SampleGen
INV-77f2e748-6632-4de1-b6fb-3b3e9f7e79ea,ID206986,CID-412,CA-0740,2025-07-03,2025-08-02,419.64,USD,SampleGen
INV-d0591b8b-bc43-42ea-af73-4a5559c40236,ID206987,CID-412,CA-0740,2025-08-29,2025-09-28,2378.54,USD,SampleGen
INV-d89c96c0-f00c-4138-8af5-e12049127c27,ID206988,CID-412,CA-0740,2025-11-20,2025-12-20,2794.06,USD,SampleGen
INV-8714a99c-7d16-4334-bc90-4a30535ca45c,ID206989,CID-412,CA-0740,2025-12-14,2026-01-13,2543.82,USD,SampleGen
INV-e59659c2-2aa6-4da3-ba40-e36e1861414c,ID206990,CID-412,CA-0740,2026-01-10,2026-02-09,343.32,USD,SampleGen
INV-a71d6dda-018c-46cc-bc8e-00934e24f8ef,ID206991,CID-412,CA-0740,2026-02-11,2026-03-13,1929.12,USD,SampleGen
INV-7b2dd1b7-2e87-4741-9228-a6ee5f52fef9,ID206992,CID-412,CA-0740,2026-03-31,2026-04-30,5711.0,USD,SampleGen
INV-729266c5-c15e-4f18-9151-1ea2db16b819,ID206993,CID-413,CA-0742,2025-06-13,2025-07-13,5613.52,USD,SampleGen
INV-88ba71b5-ae0e-43cd-acf7-c0f3a07fbd9d,ID206994,CID-413,CA-0742,2025-07-22,2025-08-21,2149.44,USD,SampleGen
INV-e5008e54-810a-481b-beb3-4801d1883672,ID206995,CID-413,CA-0742,2025-08-23,2025-09-22,2870.2,USD,SampleGen
INV-04518933-c1b8-4f16-be02-80adb048f48a,ID206996,CID-413,CA-0742,2025-08-30,2025-09-29,2666.74,USD,SampleGen
INV-9e0e4cd8-23c7-4b52-a7c1-89555c4e2a4b,ID206997,CID-413,CA-0742,2025-11-23,2025-12-23,4311.88,USD,SampleGen
INV-f0d571be-e09e-4620-b447-239f883dd755,ID206998,CID-413,CA-0742,2025-12-12,2026-01-11,5499.04,USD,SampleGen
INV-f9c52d82-7934-47cc-87f0-75baa81282ea,ID206999,CID-413,CA-0742,2025-12-12,2026-01-11,3451.16,USD,SampleGen
INV-651117c0-da9a-4448-a6c0-933d83e0b21e,ID207000,CID-413,CA-0742,2026-01-16,2026-02-15,1666.18,USD,SampleGen
INV-4051113a-a6e1-4f55-9a6e-137fc2252717,ID207001,CID-413,CA-0742,2026-03-01,2026-03-31,2081.6,USD,SampleGen
INV-e52ed1a3-d492-4355-8d8a-e774c4254ddc,ID207002,CID-413,CA-0742,2026-02-14,2026-03-16,2270.34,USD,SampleGen
INV-6acf9605-d591-461a-945a-ee3a697590e5,ID207003,CID-413,CA-0742,2026-03-16,2026-04-15,2236.42,USD,SampleGen
INV-bdcbcdda-8291-48f2-b61a-317b3086f90e,ID207004,CID-413,CA-0742,2026-03-21,2026-04-20,5301.84,USD,SampleGen
INV-53e28616-c37f-421b-8d76-28b7b6c34c32,ID207005,CID-414,CA-0744,2025-06-29,2025-07-29,1488.04,USD,SampleGen
INV-4cf3791c-fa6b-42c6-81af-1db15525d14d,ID207006,CID-414,CA-0744,2025-07-02,2025-08-01,2416.68,USD,SampleGen
INV-1d1026ee-4dad-46d1-b4c7-76da1093e639,ID207007,CID-414,CA-0744,2025-08-25,2025-09-24,788.48,USD,SampleGen
INV-55bf53a9-26a5-40e5-a2c4-c3a3448bcd8d,ID207008,CID-414,CA-0744,2025-10-28,2025-11-27,962.34,USD,SampleGen
INV-f565d7f6-cb2f-4694-b7b8-5a6ebf666918,ID207009,CID-414,CA-0744,2025-12-30,2026-01-29,2051.96,USD,SampleGen
INV-8b20db55-25f2-4d63-a08c-845bbe41f763,ID207010,CID-414,CA-0744,2026-01-26,2026-02-25,368.76,USD,SampleGen
INV-3686ff82-8969-4271-9b78-842a984fbb8b,ID207011,CID-414,CA-0744,2026-02-23,2026-03-25,663.34,USD,SampleGen
INV-6ea04217-cc92-4bf3-8e6c-7f5608674ce7,ID207012,CID-414,CA-0744,2026-03-22,2026-04-21,4188.96,USD,SampleGen
INV-c40a6e39-b1d6-4dbe-a2f0-eca333862854,ID207013,CID-414,CA-0744,2026-03-11,2026-04-10,4653.12,USD,SampleGen
INV-c523a66d-59e5-44d1-8ab5-14dca322b4f9,ID207014,CID-415,CA-0746,2025-06-21,2025-07-21,2049.78,USD,SampleGen
INV-db85fd88-24ca-48e5-935a-22ce10183498,ID207015,CID-415,CA-0746,2025-07-04,2025-08-03,1710.6,USD,SampleGen
INV-a189b62a-544a-4efb-8968-97cdf391cf83,ID207016,CID-415,CA-0746,2025-07-29,2025-08-28,1992.68,USD,SampleGen
INV-8777a491-7624-4261-9851-55e21f2af626,ID207017,CID-415,CA-0746,2025-08-11,2025-09-10,1114.86,USD,SampleGen
INV-91fa2132-a01e-4626-9baa-358d1788df87,ID207018,CID-415,CA-0746,2025-08-26,2025-09-25,729.12,USD,SampleGen
INV-41fa5d4b-c29e-46bb-8212-6fea3ddf0840,ID207019,CID-415,CA-0746,2025-08-17,2025-09-16,3883.62,USD,SampleGen
INV-f816b305-b863-4842-8427-afa095c5e2c9,ID207020,CID-415,CA-0746,2025-09-09,2025-10-09,1555.8,USD,SampleGen
INV-909f608a-06e3-46f9-a9bc-ae0440e187cf,ID207021,CID-415,CA-0746,2025-10-10,2025-11-09,4850.34,USD,SampleGen
INV-f6edcd48-c7fc-4e9f-9ef1-0a24b2ffb3aa,ID207022,CID-415,CA-0746,2025-11-10,2025-12-10,3544.44,USD,SampleGen
INV-6eb550a6-4e63-4186-8e41-526e9fe0a325,ID207023,CID-415,CA-0746,2025-12-28,2026-01-27,3502.12,USD,SampleGen
INV-9cb60f86-36e9-4dac-ad3a-fb8ceca2c336,ID207024,CID-415,CA-0746,2026-01-01,2026-01-31,2963.64,USD,SampleGen
INV-36c14b4a-cf6a-4a07-b3b8-0e7256f119bd,ID207025,CID-415,CA-0746,2026-01-21,2026-02-20,139.88,USD,SampleGen
INV-9e3b4692-7c8f-48c7-91fe-32593e31823a,ID207026,CID-415,CA-0746,2026-01-25,2026-02-24,122.92,USD,SampleGen
INV-b11bf3b3-9cbb-4614-8373-4966d3342cfe,ID207027,CID-415,CA-0746,2026-01-11,2026-02-10,4884.34,USD,SampleGen
INV-b6a9a138-51e5-4bc0-85b7-12881941a019,ID207028,CID-415,CA-0746,2026-02-06,2026-03-08,2319.04,USD,SampleGen
INV-e4beac68-a191-4875-9a69-ba92fa934a44,ID207029,CID-415,CA-0746,2026-02-02,2026-03-04,2893.68,USD,SampleGen
INV-2c64a6a8-9d35-4c8f-8623-4ca66d809cbc,ID207030,CID-415,CA-0746,2026-02-08,2026-03-10,7029.72,USD,SampleGen
INV-333c6fc4-54b1-45fb-a425-28aaf473cb86,ID207031,CID-415,CA-0746,2026-03-13,2026-04-12,2700.62,USD,SampleGen
INV-00d12ac0-c01b-4203-8b9e-87f727d55029,ID207032,CID-415,CA-0746,2026-03-15,2026-04-14,392.06,USD,SampleGen
INV-b43e09fa-9c68-47f6-866e-c0b19bc7bc19,ID207033,CID-415,CA-0746,2026-03-24,2026-04-23,801.12,USD,SampleGen
INV-0434b2d8-f64b-4091-8467-07439bfa3c63,ID207034,CID-415,CA-0746,2026-03-05,2026-04-04,756.66,USD,SampleGen
INV-c5b9e095-a260-4206-8dc2-2fde51876475,ID207035,CID-415,CA-0746,2026-03-30,2026-04-29,2185.5,USD,SampleGen
INV-755b2e8c-698f-4a3b-b595-3ff3b00ffdc1,ID207036,CID-416,CA-0748,2025-06-26,2025-07-26,718.5,USD,SampleGen
INV-8c4bedc2-1b1f-4a2a-8b09-e1e49e0b57b7,ID207037,CID-416,CA-0748,2025-07-08,2025-08-07,4502.64,USD,SampleGen
INV-927208ec-d3be-4565-aa77-2dbe939d9034,ID207038,CID-416,CA-0748,2025-07-28,2025-08-27,661.32,USD,SampleGen
INV-b9e87686-e483-44fd-9951-2e5a9ae5d70a,ID207039,CID-416,CA-0748,2025-08-21,2025-09-20,3822.22,USD,SampleGen
INV-ac8654cb-12b3-42bf-86ce-e1c28f069ab1,ID207040,CID-416,CA-0748,2025-08-04,2025-09-03,782.16,USD,SampleGen
INV-6c0b6b77-acaf-4e56-bec6-6bd2218f4a7c,ID207041,CID-416,CA-0748,2025-09-27,2025-10-27,635.84,USD,SampleGen
INV-74cc420e-855f-4105-b2f6-89eb655f457d,ID207042,CID-416,CA-0748,2025-10-22,2025-11-21,1013.1,USD,SampleGen
INV-02734c04-3822-4a4b-b4b5-d035e9495bfe,ID207043,CID-416,CA-0748,2025-11-17,2025-12-17,1725.4,USD,SampleGen
INV-b7b1e792-be7b-4178-a814-a77db37aec6e,ID207044,CID-416,CA-0748,2025-12-04,2026-01-03,7029.72,USD,SampleGen
INV-a9c73622-c5a4-4173-ab58-2fed108effd9,ID207045,CID-416,CA-0748,2026-01-15,2026-02-14,2217.3,USD,SampleGen
INV-72a18245-1873-4b54-abf9-c855c52c363a,ID207046,CID-416,CA-0748,2026-02-21,2026-03-23,1835.7,USD,SampleGen
INV-27f21fc2-d22b-4f03-8065-6e84428dd0cb,ID207047,CID-416,CA-0748,2026-02-11,2026-03-13,1534.68,USD,SampleGen
INV-9206ca55-888d-4a1c-8e95-c7952ce58a07,ID207048,CID-416,CA-0748,2026-02-24,2026-03-26,2853.3,USD,SampleGen
INV-ad1ec8c7-f5e6-43e1-8653-6b094d643bdc,ID207049,CID-416,CA-0748,2026-03-14,2026-04-13,2365.64,USD,SampleGen
INV-009e2273-b755-4e6f-ae01-dd66e1cb208e,ID207050,CID-416,CA-0748,2026-03-09,2026-04-08,1526.24,USD,SampleGen
INV-ab4a6684-d192-4848-a80e-3400786c032c,ID207051,CID-416,CA-0748,2026-03-26,2026-04-25,1085.32,USD,SampleGen
INV-af558cff-355a-4937-bc88-8b3ea3a2e23f,ID207052,CID-417,CA-0750,2025-06-22,2025-07-22,1061.92,USD,SampleGen
INV-e369945a-7bb4-49d5-ad46-d56329b9bf74,ID207053,CID-417,CA-0750,2025-08-21,2025-09-20,3200.98,USD,SampleGen
INV-06288527-4cd9-47a0-9ddb-c41fbc3be0f1,ID207054,CID-417,CA-0750,2025-10-06,2025-11-05,1574.9,USD,SampleGen
INV-77e06cd4-23a7-48c6-ac20-3990014fb0f3,ID207055,CID-417,CA-0750,2025-12-30,2026-01-29,1704.3,USD,SampleGen
INV-4a3d1ea0-dd1f-469d-9859-ec5ac3aab642,ID207056,CID-417,CA-0750,2026-01-05,2026-02-04,1568.68,USD,SampleGen
INV-5b4e5780-f30a-4010-812e-6a13f274f6d3,ID207057,CID-417,CA-0750,2026-02-09,2026-03-11,932.62,USD,SampleGen
INV-ec4afd7a-9607-4056-b7d8-d11d219d8d01,ID207058,CID-417,CA-0750,2026-03-05,2026-04-04,4277.98,USD,SampleGen
INV-8a471adc-7ae3-425b-a041-978a07e2ebdf,ID207059,CID-417,CA-0750,2026-03-19,2026-04-18,2403.84,USD,SampleGen
INV-a3ca3ef1-0cef-4055-b176-455d36e6505d,ID207060,CID-418,CA-0752,2025-06-06,2025-07-06,921.94,USD,SampleGen
INV-f80e4fcf-4e74-43cd-97c2-839bdbdbd229,ID207061,CID-418,CA-0752,2025-07-20,2025-08-19,1931.06,USD,SampleGen
INV-3687455c-38b9-45de-84e7-58e6c64dfa12,ID207062,CID-418,CA-0752,2025-08-09,2025-09-08,1377.86,USD,SampleGen
INV-1be0db70-a27b-48cc-8e46-76e45fef7611,ID207063,CID-418,CA-0752,2025-11-15,2025-12-15,4969.1,USD,SampleGen
INV-2c51ac70-5c4d-46a2-97a8-524816cfdc77,ID207064,CID-418,CA-0752,2025-12-19,2026-01-18,5210.74,USD,SampleGen
INV-4d2abb6a-aa6a-4c3f-9883-fdb3e78e7458,ID207065,CID-418,CA-0752,2026-01-19,2026-02-18,498.16,USD,SampleGen
INV-321d0425-845e-4104-9473-1516a1e49366,ID207066,CID-418,CA-0752,2026-02-24,2026-03-26,924.12,USD,SampleGen
INV-613e41f6-49e9-4616-8866-d3e9a02a94b1,ID207067,CID-418,CA-0752,2026-03-14,2026-04-13,2603.14,USD,SampleGen
INV-3170c3ab-7929-4e36-bb26-d4afbf4917e1,ID207068,CID-419,CA-0754,2025-06-13,2025-07-13,4426.38,USD,SampleGen
INV-b8bb2bf2-5b7b-459c-809d-de81e0e02502,ID207069,CID-419,CA-0754,2025-07-14,2025-08-13,4752.84,USD,SampleGen
INV-ae24b87f-2069-4e18-baa1-d827bf2c2b50,ID207070,CID-419,CA-0754,2025-07-17,2025-08-16,1462.66,USD,SampleGen
INV-a6417780-5a5e-4a56-9aaa-e753c12d2eb7,ID207071,CID-419,CA-0754,2025-08-14,2025-09-13,487.5,USD,SampleGen
INV-6a8c1f3c-8890-4822-a8b7-f291cc7c4276,ID207072,CID-419,CA-0754,2025-08-18,2025-09-17,2196.2,USD,SampleGen
INV-1029f76e-ab8e-401a-97e0-6961b658e35f,ID207073,CID-419,CA-0754,2025-09-19,2025-10-19,1377.9,USD,SampleGen
INV-0e93b2b1-f49c-4336-8c67-23ae58ebcea0,ID207074,CID-419,CA-0754,2025-10-08,2025-11-07,1700.1,USD,SampleGen
INV-190bc82b-3448-434f-9999-f80fbcb7f6d8,ID207075,CID-419,CA-0754,2025-11-11,2025-12-11,5876.44,USD,SampleGen
INV-dde90b6a-190a-4f0f-a6ea-89473b21b303,ID207076,CID-419,CA-0754,2025-12-24,2026-01-23,1856.96,USD,SampleGen
INV-1f89c37d-b792-47b7-a8b8-4f3d03bbb309,ID207077,CID-419,CA-0754,2026-01-30,2026-03-01,805.56,USD,SampleGen
INV-85cea166-d090-47f4-8ddd-e85e729afcbb,ID207078,CID-419,CA-0754,2026-02-04,2026-03-06,3141.72,USD,SampleGen
INV-7787198c-66cc-4517-80c6-78e1bab27000,ID207079,CID-419,CA-0754,2026-03-01,2026-03-31,576.48,USD,SampleGen
INV-af7eee99-cb84-45f0-853d-214240ed9e35,ID207080,CID-419,CA-0754,2026-02-09,2026-03-11,1806.12,USD,SampleGen
INV-d28180a5-5ec0-41f7-b9f6-c2532eed5860,ID207081,CID-419,CA-0754,2026-03-03,2026-04-02,286.08,USD,SampleGen
INV-f8cb31c5-0da5-4209-85e3-26303ac9c547,ID207082,CID-419,CA-0754,2026-03-31,2026-04-30,1844.18,USD,SampleGen
INV-9b55b2fd-33eb-4e12-80b7-024fdc352a42,ID207083,CID-419,CA-0754,2026-03-24,2026-04-23,695.26,USD,SampleGen
INV-5311260a-81c1-47c2-af3e-ac9ad6ed842f,ID207084,CID-420,CA-0756,2025-06-20,2025-07-20,915.68,USD,SampleGen
INV-b453c35c-374f-499c-911f-da2dfd06799c,ID207085,CID-420,CA-0756,2025-06-21,2025-07-21,2030.76,USD,SampleGen
INV-4957b04f-4d9d-4888-b5aa-57f9560742e4,ID207086,CID-420,CA-0756,2025-06-16,2025-07-16,3718.26,USD,SampleGen
INV-c0490b88-5c11-4208-8beb-eafc868cb64a,ID207087,CID-420,CA-0756,2025-06-11,2025-07-11,5931.5,USD,SampleGen
INV-0f4f716a-a12b-4385-962f-7df3931a340a,ID207088,CID-420,CA-0756,2025-07-04,2025-08-03,1218.82,USD,SampleGen
INV-f2c7a878-b84a-4e23-ac31-9f44af2e0eed,ID207089,CID-420,CA-0756,2025-07-18,2025-08-17,1664.0,USD,SampleGen
INV-fcb02542-07ac-42c1-9b4f-fcfb9647cd2b,ID207090,CID-420,CA-0756,2025-07-15,2025-08-14,873.24,USD,SampleGen
INV-b20d2dab-0178-4334-96d8-ffc1d3dc4382,ID207091,CID-420,CA-0756,2025-07-31,2025-08-30,2388.98,USD,SampleGen
INV-fea94c4a-7872-4bd4-beab-dfa1799cca72,ID207092,CID-420,CA-0756,2025-07-07,2025-08-06,972.94,USD,SampleGen
INV-d0715952-3303-43b7-abc3-e939d79c90d6,ID207093,CID-420,CA-0756,2025-08-13,2025-09-12,529.88,USD,SampleGen
INV-05686124-8e70-4548-a188-c37467b78707,ID207094,CID-420,CA-0756,2025-08-19,2025-09-18,1454.18,USD,SampleGen
INV-07788757-317b-40a6-abfb-6184270cd86a,ID207095,CID-420,CA-0756,2025-08-18,2025-09-17,3586.88,USD,SampleGen
INV-a6665827-6b54-435e-9c0c-4a705e4ab738,ID207096,CID-420,CA-0756,2025-08-12,2025-09-11,4903.32,USD,SampleGen
INV-0b4e1512-ba93-4473-bf97-7c965cf2e1c5,ID207097,CID-420,CA-0756,2025-08-06,2025-09-05,1863.24,USD,SampleGen
INV-4df26575-deea-4607-9daf-e9dbf47f5f57,ID207098,CID-420,CA-0756,2025-08-03,2025-09-02,1835.68,USD,SampleGen
INV-6214994a-1f16-4b1d-9667-5417381e6a18,ID207099,CID-420,CA-0756,2025-08-12,2025-09-11,2509.9,USD,SampleGen
INV-70b42329-33f9-49c3-81bb-5f90f963fec3,ID207100,CID-420,CA-0756,2025-08-06,2025-09-05,8865.56,USD,SampleGen
INV-870bc8a5-1e31-4274-bd43-9413611c3a08,ID207101,CID-420,CA-0756,2025-09-30,2025-10-30,1288.7,USD,SampleGen
INV-1e388db8-92f5-42d6-98ee-13e72de2d404,ID207102,CID-420,CA-0756,2025-11-01,2025-12-01,2543.88,USD,SampleGen
INV-07086638-6c83-4f17-a50b-d9ce7343afe1,ID207103,CID-420,CA-0756,2025-10-14,2025-11-13,3131.04,USD,SampleGen
INV-1dca49b3-cb1f-4b7b-911f-27a1094aadc0,ID207104,CID-420,CA-0756,2025-10-19,2025-11-18,3514.74,USD,SampleGen
INV-d06122bf-f919-468f-a0ec-deab369bbdfa,ID207105,CID-420,CA-0756,2025-11-25,2025-12-25,746.12,USD,SampleGen
INV-cea57fc8-156f-4d37-b215-ab73c8778c8a,ID207106,CID-420,CA-0756,2025-12-01,2025-12-31,415.4,USD,SampleGen
INV-5d888a99-d253-47eb-a630-355d75eb19ee,ID207107,CID-420,CA-0756,2025-11-17,2025-12-17,1950.26,USD,SampleGen
INV-b7740d1a-990f-44d2-b929-0c6b6e91744b,ID207108,CID-420,CA-0756,2025-12-16,2026-01-15,3781.8,USD,SampleGen
INV-352bd41a-024e-4f56-9904-63f430c2d9fb,ID207109,CID-420,CA-0756,2025-12-13,2026-01-12,1547.46,USD,SampleGen
INV-a86ead2a-8fc5-481e-87da-10786cfc8479,ID207110,CID-420,CA-0756,2025-12-20,2026-01-19,2870.2,USD,SampleGen
INV-7e8e62a2-7bb7-423e-9bb3-2627116e1a45,ID207111,CID-420,CA-0756,2025-12-14,2026-01-13,2058.34,USD,SampleGen
INV-3f757ca5-aab5-431d-b543-d8b06d2320bf,ID207112,CID-420,CA-0756,2025-12-22,2026-01-21,10506.44,USD,SampleGen
INV-44ba8d4f-71d7-4ac8-b102-53e08ec4926e,ID207113,CID-420,CA-0756,2025-12-12,2026-01-11,525.6,USD,SampleGen
INV-93818010-94a8-4d2e-bffe-e4ce16b502e1,ID207114,CID-420,CA-0756,2026-01-24,2026-02-23,184.38,USD,SampleGen
INV-e6dc92c1-99da-426c-bf5d-0d77f6a74f34,ID207115,CID-420,CA-0756,2026-01-09,2026-02-08,975.12,USD,SampleGen
INV-6e00a516-5b61-4a0a-bdde-d71d2bf588fc,ID207116,CID-420,CA-0756,2026-01-09,2026-02-08,729.12,USD,SampleGen
INV-c95337a1-c11c-4873-a6a1-d150269ab0b9,ID207117,CID-420,CA-0756,2026-01-08,2026-02-07,5757.72,USD,SampleGen
INV-480fe8ea-b535-4015-9f5a-b513985b8d8d,ID207118,CID-420,CA-0756,2026-01-10,2026-02-09,1305.76,USD,SampleGen
INV-11c95275-19f8-4782-9d40-5f40e93dd926,ID207119,CID-420,CA-0756,2026-01-15,2026-02-14,1589.9,USD,SampleGen
INV-984a3af8-64c0-4bef-95d8-9f9c71ed4cd3,ID207120,CID-420,CA-0756,2026-02-24,2026-03-26,2671.04,USD,SampleGen
INV-2a5e7da9-fdf8-4b65-9a71-d65cfe91bb1b,ID207121,CID-420,CA-0756,2026-02-15,2026-03-17,813.98,USD,SampleGen
INV-b1a9e7b5-15ea-4390-a7b7-c6abff07d346,ID207122,CID-420,CA-0756,2026-02-22,2026-03-24,1632.12,USD,SampleGen
INV-1e6bc829-742f-4095-bebc-5cd2b898e6e4,ID207123,CID-420,CA-0756,2026-02-25,2026-03-27,5424.84,USD,SampleGen
INV-3ad5aa2a-52c6-402a-a236-1fae76822be5,ID207124,CID-420,CA-0756,2026-02-26,2026-03-28,7224.7,USD,SampleGen
INV-8b767445-f657-46be-9498-ef264894fdb5,ID207125,CID-420,CA-0756,2026-02-25,2026-03-27,585.0,USD,SampleGen
INV-7b691abc-086a-4bfc-91e1-f0194e8695ee,ID207126,CID-420,CA-0756,2026-02-07,2026-03-09,3006.02,USD,SampleGen
INV-9b907619-ec73-411c-8f53-0275519cac55,ID207127,CID-420,CA-0756,2026-02-15,2026-03-17,5939.94,USD,SampleGen
INV-49a8c635-3156-4928-9beb-0edb1ebc8a44,ID207128,CID-420,CA-0756,2026-02-14,2026-03-16,3145.94,USD,SampleGen
INV-c23dfbfb-5a20-4c00-a830-98297f07636b,ID207129,CID-420,CA-0756,2026-02-22,2026-03-24,381.48,USD,SampleGen
INV-14b1d7cd-b594-4b4a-adef-884344410f63,ID207130,CID-420,CA-0756,2026-02-04,2026-03-06,2018.12,USD,SampleGen
INV-b1f722f8-bb2a-41df-a57e-354be6541259,ID207131,CID-420,CA-0756,2026-03-06,2026-04-05,741.86,USD,SampleGen
INV-9997b6d6-fcf2-418f-a138-b3efaf34b853,ID207132,CID-420,CA-0756,2026-03-23,2026-04-22,686.72,USD,SampleGen
INV-fc63bd99-937a-432c-a04f-4ed23720de3a,ID207133,CID-420,CA-0756,2026-03-30,2026-04-29,519.26,USD,SampleGen
INV-ddd25313-2325-4336-8b8b-5937c4f43473,ID207134,CID-420,CA-0756,2026-03-10,2026-04-09,3794.62,USD,SampleGen
INV-0adaf5f9-2c40-470d-a845-34e552937657,ID207135,CID-420,CA-0756,2026-03-03,2026-04-02,8293.16,USD,SampleGen
INV-d563b119-29ed-445e-928a-fc7222fc8279,ID207136,CID-420,CA-0756,2026-03-06,2026-04-05,589.22,USD,SampleGen
INV-83d529ad-8c0e-4267-93ab-d73eb5c87585,ID207137,CID-420,CA-0756,2026-03-03,2026-04-02,763.12,USD,SampleGen
INV-4fddc1e0-9e94-4429-86d6-318b0840f1bf,ID207138,CID-420,CA-0756,2026-03-25,2026-04-24,3048.42,USD,SampleGen
INV-53788a98-1769-4357-9e2f-2d688ada8354,ID207139,CID-420,CA-0756,2026-03-02,2026-04-01,4824.82,USD,SampleGen
INV-80cb9c28-062a-4909-be72-947a8980291f,ID207140,CID-420,CA-0756,2026-03-09,2026-04-08,3781.88,USD,SampleGen
INV-5b511ce9-c30e-4997-b09a-a9c966f2c059,ID207141,CID-420,CA-0756,2026-03-30,2026-04-29,3951.52,USD,SampleGen
INV-538b8f1b-1c4e-4957-9c1f-04e5ed5f4bb6,ID207142,CID-420,CA-0756,2026-03-09,2026-04-08,2978.4,USD,SampleGen
INV-f3c1e2cb-3692-4186-8a55-29f503ecdd2a,ID207143,CID-421,CA-0758,2025-06-06,2025-07-06,2119.68,USD,SampleGen
INV-a83e26c3-e6f1-4dbb-9270-14bbaf35330f,ID207144,CID-421,CA-0758,2025-07-27,2025-08-26,648.52,USD,SampleGen
INV-455331b6-3e9d-4c62-94c5-7538bbaa4a52,ID207145,CID-421,CA-0758,2025-08-31,2025-09-30,1373.6,USD,SampleGen
INV-1ce2ddc3-7104-41ab-8ed7-f9038e38ed74,ID207146,CID-421,CA-0758,2025-09-12,2025-10-12,1593.96,USD,SampleGen
INV-f2a7ba7b-2468-4b86-b5ee-47d9775cf0b4,ID207147,CID-421,CA-0758,2025-10-03,2025-11-02,2569.24,USD,SampleGen
INV-82445e0b-da56-49f4-9656-55ff2e7c8c59,ID207148,CID-421,CA-0758,2025-11-30,2025-12-30,5746.93,USD,SampleGen
INV-647d81ad-bfec-45a4-9b22-a7985cc3e271,ID207149,CID-421,CA-0758,2025-12-02,2026-01-01,3633.42,USD,SampleGen
INV-64908285-a8da-4c7b-a6d5-8575350a9f99,ID207150,CID-421,CA-0758,2025-12-09,2026-01-08,362.38,USD,SampleGen
INV-964f94cc-d4b6-4212-a4f5-7190b9111dbf,ID207151,CID-421,CA-0758,2026-01-30,2026-03-01,716.48,USD,SampleGen
INV-72eb9b1f-69bf-44da-acdf-4d7587d27a76,ID207152,CID-421,CA-0758,2026-02-23,2026-03-25,487.5,USD,SampleGen
INV-ceecb8d1-e3b0-4bff-8ce4-7519f007bf83,ID207153,CID-421,CA-0758,2026-02-09,2026-03-11,4689.26,USD,SampleGen
INV-21dcc5a5-df40-46da-ad91-026f761906f5,ID207154,CID-421,CA-0758,2026-03-04,2026-04-03,559.5,USD,SampleGen
INV-02c4c7ff-89a9-4509-8598-1c78cfc7d786,ID207155,CID-421,CA-0758,2026-03-12,2026-04-11,3928.14,USD,SampleGen
INV-d2be5d1d-d062-404e-92d7-d44f124697f8,ID207156,CID-421,CA-0758,2026-03-26,2026-04-25,3781.96,USD,SampleGen
INV-1dd9136c-d3ee-43ae-93c5-23c93a223a8d,ID207157,CID-422,CA-0760,2025-06-08,2025-07-08,654.92,USD,SampleGen
INV-57bf94a3-c5d6-4a13-9215-93f74384e09e,ID207158,CID-422,CA-0760,2025-07-04,2025-08-03,1354.56,USD,SampleGen
INV-b59bb194-bd79-4d7a-ba91-04fcb9c8c3d8,ID207159,CID-422,CA-0760,2025-07-19,2025-08-18,2904.22,USD,SampleGen
INV-7f27588c-ba20-4804-9aac-acd675aacadb,ID207160,CID-422,CA-0760,2025-08-05,2025-09-04,3078.14,USD,SampleGen
INV-5586b476-da42-4025-9a6c-52885f6efe84,ID207161,CID-422,CA-0760,2025-08-16,2025-09-15,292.44,USD,SampleGen
INV-a4fbfab3-3cf8-403a-bb90-68129a7b98a2,ID207162,CID-422,CA-0760,2025-08-16,2025-09-15,1312.06,USD,SampleGen
INV-c70da2f2-ae8a-4ba9-b62f-23dd6cf4a31d,ID207163,CID-422,CA-0760,2025-09-25,2025-10-25,3862.42,USD,SampleGen
INV-910751f7-8b20-4407-a99c-951923fc66b8,ID207164,CID-422,CA-0760,2025-10-26,2025-11-25,1392.72,USD,SampleGen
INV-69170c5c-8439-48eb-9b51-d783acbf1eca,ID207165,CID-422,CA-0760,2025-11-27,2025-12-27,4210.08,USD,SampleGen
INV-acdd42af-5728-4673-89b9-287764529624,ID207166,CID-422,CA-0760,2025-12-16,2026-01-15,1329.06,USD,SampleGen
INV-5949e66b-2c6b-45f2-a053-ce56bffa63ec,ID207167,CID-422,CA-0760,2026-01-01,2026-01-31,3667.48,USD,SampleGen
INV-7714d66d-5176-43e8-864d-e7f017435e29,ID207168,CID-422,CA-0760,2026-01-13,2026-02-12,4061.74,USD,SampleGen
INV-d98c41d7-c9fb-41b9-8d86-86ebb367b4d8,ID207169,CID-422,CA-0760,2026-01-14,2026-02-13,3014.44,USD,SampleGen
INV-ff030ee5-8787-40c1-9043-86307f8fa3ce,ID207170,CID-422,CA-0760,2026-02-08,2026-03-10,1110.68,USD,SampleGen
INV-b281ba6d-063f-4962-a073-89e731071e3b,ID207171,CID-422,CA-0760,2026-02-10,2026-03-12,2692.16,USD,SampleGen
INV-7c937138-9065-4bfe-999f-33ebb393bc97,ID207172,CID-422,CA-0760,2026-02-18,2026-03-20,4212.2,USD,SampleGen
INV-1ea860ae-6106-4231-b21c-6eeff0c125a5,ID207173,CID-422,CA-0760,2026-03-09,2026-04-08,682.42,USD,SampleGen
INV-be6ebcb4-1a25-42e9-a712-364b786b7e1d,ID207174,CID-422,CA-0760,2026-03-29,2026-04-28,765.16,USD,SampleGen
INV-5b4725f4-11d9-421f-bd40-6c37d1b1c07e,ID207175,CID-422,CA-0760,2026-03-04,2026-04-03,2374.24,USD,SampleGen
INV-20b1977d-05dd-44c1-a9d0-d490a4c44f3c,ID207176,CID-423,CA-0762,2025-06-23,2025-07-23,1916.24,USD,SampleGen
INV-59ecd4e6-a0b3-49e5-a16d-aa256d83f7c2,ID207177,CID-423,CA-0762,2025-07-27,2025-08-26,2408.12,USD,SampleGen
INV-2dd4b8a7-9d67-4398-8409-6ec9912216f4,ID207178,CID-423,CA-0762,2025-08-20,2025-09-19,930.5,USD,SampleGen
INV-bd996da8-ba6e-412c-8ebb-8a6e940e5ef8,ID207179,CID-423,CA-0762,2025-08-04,2025-09-03,646.44,USD,SampleGen
INV-1871148a-b3b4-4bd8-b6fa-df9ba8b835f4,ID207180,CID-423,CA-0762,2025-09-04,2025-10-04,1303.66,USD,SampleGen
INV-59a3ee4c-d28c-4915-bbc9-45eb9875449d,ID207181,CID-423,CA-0762,2025-11-17,2025-12-17,960.14,USD,SampleGen
INV-8f3262ba-5e90-4271-9c6f-6cc4a18a1661,ID207182,CID-423,CA-0762,2025-12-29,2026-01-28,6334.32,USD,SampleGen
INV-521e109c-c728-4232-aa18-b20beae25b02,ID207183,CID-423,CA-0762,2026-01-31,2026-03-02,973.04,USD,SampleGen
INV-28401e04-bce5-4639-820a-dd28609290a5,ID207184,CID-423,CA-0762,2026-02-24,2026-03-26,379.38,USD,SampleGen
INV-496ef539-bfbb-4e0b-b4ca-a5b2009ae310,ID207185,CID-423,CA-0762,2026-02-06,2026-03-08,843.52,USD,SampleGen
INV-3ae840cd-3e8e-4764-a43b-fcf0e4881d7c,ID207186,CID-423,CA-0762,2026-03-20,2026-04-19,1498.62,USD,SampleGen
INV-4f342275-d187-4091-86ba-3b3a53bf3794,ID207187,CID-423,CA-0762,2026-03-23,2026-04-22,2425.1,USD,SampleGen
INV-ab649381-b506-47d7-acaf-5ec621f5da9e,ID207188,CID-424,CA-0764,2025-06-24,2025-07-24,4926.66,USD,SampleGen
INV-944239c7-56d4-41b9-ad34-5934688ff532,ID207189,CID-424,CA-0764,2025-07-17,2025-08-16,2323.34,USD,SampleGen
INV-85095bf0-bdbe-4fd9-85b0-777f926544f4,ID207190,CID-424,CA-0764,2025-08-17,2025-09-16,2034.94,USD,SampleGen
INV-ec9475db-fc6c-4245-9586-31133657f5ff,ID207191,CID-424,CA-0764,2025-11-15,2025-12-15,1144.5,USD,SampleGen
INV-608ed877-2497-4102-963a-38468510df18,ID207192,CID-424,CA-0764,2025-12-18,2026-01-17,4375.52,USD,SampleGen
INV-1108aeaa-b498-4482-8626-21c9f9e2f8aa,ID207193,CID-424,CA-0764,2025-12-26,2026-01-25,591.38,USD,SampleGen
INV-43571881-4cca-4130-90f8-c4a4418b6740,ID207194,CID-424,CA-0764,2026-02-01,2026-03-03,1047.24,USD,SampleGen
INV-3e385ca5-bac7-4f07-a10b-59658c82d616,ID207195,CID-424,CA-0764,2026-01-18,2026-02-17,833.1,USD,SampleGen
INV-52cc7d17-8ba3-4960-a0e9-17136468aee8,ID207196,CID-424,CA-0764,2026-02-12,2026-03-14,4383.88,USD,SampleGen
INV-e7340220-66d5-4f1c-8a00-e8e91b150339,ID207197,CID-424,CA-0764,2026-02-27,2026-03-29,1806.12,USD,SampleGen
INV-fe4a51af-7377-4782-aac1-4893017de75f,ID207198,CID-424,CA-0764,2026-03-28,2026-04-27,1197.56,USD,SampleGen
INV-ad8ae6e6-fe6a-4503-9522-e03a36d18da9,ID207199,CID-424,CA-0764,2026-03-23,2026-04-22,2550.12,USD,SampleGen
INV-c9c19a7b-75cf-4c62-8cac-02b05ca853fc,ID207200,CID-425,CA-0766,2025-06-13,2025-07-13,2495.02,USD,SampleGen
INV-83d2a959-c4b7-4829-910d-79ec3c14829a,ID207201,CID-425,CA-0766,2025-06-06,2025-07-06,654.88,USD,SampleGen
INV-74f8b232-8863-483e-ad7a-7264e74d4024,ID207202,CID-425,CA-0766,2025-06-15,2025-07-15,2989.06,USD,SampleGen
INV-b3daf7ed-cdc1-42cc-8356-a6515034fe97,ID207203,CID-425,CA-0766,2025-06-26,2025-07-26,2039.24,USD,SampleGen
INV-bce24e46-7e1c-4748-9885-4b866ce615b6,ID207204,CID-425,CA-0766,2025-07-31,2025-08-30,504.4,USD,SampleGen
INV-307fcc94-cbb4-444a-bd4b-afee7ec11157,ID207205,CID-425,CA-0766,2025-07-28,2025-08-27,2893.68,USD,SampleGen
INV-1079cae8-ebd2-4a77-8d25-378db41c81fb,ID207206,CID-425,CA-0766,2025-07-06,2025-08-05,1000.46,USD,SampleGen
INV-b1d63291-1548-4f66-857a-cb4454a635d5,ID207207,CID-425,CA-0766,2025-07-03,2025-08-02,1742.4,USD,SampleGen
INV-bf4a423e-18b3-465a-9295-49d3a5b81199,ID207208,CID-425,CA-0766,2025-08-23,2025-09-22,447.22,USD,SampleGen
INV-96b121d5-fb41-4bb0-bd32-be87a52bd471,ID207209,CID-425,CA-0766,2025-08-09,2025-09-08,3872.98,USD,SampleGen
INV-b8b375a6-cbbb-4249-8087-0ded7bc3e32b,ID207210,CID-425,CA-0766,2025-08-20,2025-09-19,2310.52,USD,SampleGen
INV-c41f8b40-13ac-4c7f-b431-a34c150a0f47,ID207211,CID-425,CA-0766,2025-08-24,2025-09-23,5624.1,USD,SampleGen
INV-3a4c7791-3f21-4d21-95f7-9767718e715f,ID207212,CID-425,CA-0766,2025-09-01,2025-10-01,1820.94,USD,SampleGen
INV-662f1319-1fe1-425c-97b1-9d01f8ed56a2,ID207213,CID-425,CA-0766,2025-08-17,2025-09-16,580.78,USD,SampleGen
INV-746c3c73-f7a8-41c3-87db-5eb8a36af6f6,ID207214,CID-425,CA-0766,2025-09-19,2025-10-19,576.56,USD,SampleGen
INV-cbaff98e-3251-47c3-8760-65ab7a16407d,ID207215,CID-425,CA-0766,2025-09-29,2025-10-29,2244.86,USD,SampleGen
INV-0f0da6bd-e583-438f-a18b-6aa2b8dde20d,ID207216,CID-425,CA-0766,2025-10-28,2025-11-27,1293.0,USD,SampleGen
INV-3fa5f4db-8d3e-4a8c-9269-e0a48b66a23d,ID207217,CID-425,CA-0766,2025-10-11,2025-11-10,3796.78,USD,SampleGen
INV-11b7ec64-a473-4edb-82dd-c33abc661e2b,ID207218,CID-425,CA-0766,2025-11-17,2025-12-17,864.84,USD,SampleGen
INV-dc1ca698-e08d-4503-b083-f666ac36555c,ID207219,CID-425,CA-0766,2025-11-22,2025-12-22,1670.34,USD,SampleGen
INV-a00c697a-0f0d-4006-820a-71c30231ab39,ID207220,CID-425,CA-0766,2025-11-15,2025-12-15,1611.06,USD,SampleGen
INV-0738fe5d-7634-4e2a-a2d9-5c368320a223,ID207221,CID-425,CA-0766,2025-12-08,2026-01-07,5176.84,USD,SampleGen
INV-d4072537-177c-4fe1-a1a3-2a6c35a2b536,ID207222,CID-425,CA-0766,2025-12-16,2026-01-15,1604.64,USD,SampleGen
INV-1ed8badd-ecfb-4c67-8a52-f41b3206478b,ID207223,CID-425,CA-0766,2025-12-15,2026-01-14,582.86,USD,SampleGen
INV-3669a44c-a4d6-420b-b8c3-df79609cf93c,ID207224,CID-425,CA-0766,2025-12-20,2026-01-19,3154.42,USD,SampleGen
INV-f33c3015-9b4a-4a84-ad70-55f1e9572a69,ID207225,CID-425,CA-0766,2025-12-16,2026-01-15,983.54,USD,SampleGen
INV-a8a8897c-fb0b-4ab6-8a05-0b7f1b398763,ID207226,CID-425,CA-0766,2026-01-22,2026-02-21,1653.5,USD,SampleGen
INV-a46d001e-247d-4e61-bf0d-811d101363e8,ID207227,CID-425,CA-0766,2026-01-27,2026-02-26,640.16,USD,SampleGen
INV-5ebbf006-a6f8-4161-aabd-37b643206cee,ID207228,CID-425,CA-0766,2026-01-21,2026-02-20,84.76,USD,SampleGen
INV-cc9cf23c-5f56-454f-9263-e5ec29d4b7ff,ID207229,CID-425,CA-0766,2026-02-01,2026-03-03,468.4,USD,SampleGen
INV-663b51c8-d6e7-4cb2-bf52-fdaf09f1328b,ID207230,CID-425,CA-0766,2026-02-21,2026-03-23,2221.62,USD,SampleGen
INV-ddf982b2-721d-4a61-8d7d-bba2e84dfffb,ID207231,CID-425,CA-0766,2026-02-16,2026-03-18,2972.02,USD,SampleGen
INV-8dfc4c98-c274-4778-91f6-dd395733d887,ID207232,CID-425,CA-0766,2026-02-21,2026-03-23,2374.24,USD,SampleGen
INV-f54598d7-7f1c-49c4-8f6e-f53ba67716de,ID207233,CID-425,CA-0766,2026-03-01,2026-03-31,1403.34,USD,SampleGen
INV-2399a83f-9a46-4fda-afcf-63580c405f2a,ID207234,CID-425,CA-0766,2026-02-14,2026-03-16,1670.4,USD,SampleGen
INV-71cac1ad-69b7-49d3-8fad-4bf5e77b8677,ID207235,CID-425,CA-0766,2026-02-04,2026-03-06,1903.62,USD,SampleGen
INV-7d4e01fb-1a17-4d2a-b8cf-a5495c5fae73,ID207236,CID-425,CA-0766,2026-02-23,2026-03-25,1823.04,USD,SampleGen
INV-d260ee99-7d70-4c2d-8a1b-562952b11854,ID207237,CID-425,CA-0766,2026-02-16,2026-03-18,3406.6,USD,SampleGen
INV-25c8a076-e682-4474-a0d2-dccf95a9e5e5,ID207238,CID-425,CA-0766,2026-03-30,2026-04-29,3705.46,USD,SampleGen
INV-eab1161f-9eed-46d1-bfba-1ee433ef82f0,ID207239,CID-425,CA-0766,2026-03-08,2026-04-07,682.44,USD,SampleGen
INV-edd8d0b2-2b7a-4064-9adf-5456199be6e3,ID207240,CID-425,CA-0766,2026-03-17,2026-04-16,3601.6,USD,SampleGen
INV-5eed3636-36df-4033-afbc-334bf44271c9,ID207241,CID-425,CA-0766,2026-03-31,2026-04-30,1117.06,USD,SampleGen
INV-1e1f0106-faf9-4c0a-9fdf-ae9203b39600,ID207242,CID-425,CA-0766,2026-03-24,2026-04-23,2230.04,USD,SampleGen
INV-47412ee9-02d3-4954-a838-fd956091a169,ID207243,CID-425,CA-0766,2026-03-08,2026-04-07,3321.84,USD,SampleGen
INV-93304483-bc87-468e-a2b9-eb63943ad57b,ID207244,CID-425,CA-0766,2026-03-18,2026-04-17,3976.96,USD,SampleGen
INV-1c008b5c-2285-402a-a88b-fbb3125d5d2e,ID207245,CID-425,CA-0766,2026-03-13,2026-04-12,1899.4,USD,SampleGen
INV-3e6ce6af-887d-4303-b47b-a79c36b517fd,ID207246,CID-425,CA-0766,2026-03-24,2026-04-23,845.72,USD,SampleGen
INV-0e4a2329-c88d-4132-babf-67981700f25e,ID207247,CID-426,CA-0768,2025-06-16,2025-07-16,1780.68,USD,SampleGen
INV-7abdceab-66ce-4a52-bc1f-de802d25a951,ID207248,CID-426,CA-0768,2025-07-23,2025-08-22,7801.36,USD,SampleGen
INV-359be480-bff6-4e67-a37b-f2ec5a03a096,ID207249,CID-426,CA-0768,2025-08-11,2025-09-10,385.72,USD,SampleGen
INV-e6184355-80e8-4fa3-83d4-e5b79ecf432b,ID207250,CID-426,CA-0768,2025-09-01,2025-10-01,682.52,USD,SampleGen
INV-dd231918-aaf6-4d44-8d20-0039179185e4,ID207251,CID-426,CA-0768,2025-09-18,2025-10-18,741.9,USD,SampleGen
INV-45be9be7-cc4c-4f80-8c1f-a4c63ddbaf6e,ID207252,CID-426,CA-0768,2025-10-15,2025-11-14,678.28,USD,SampleGen
INV-00a2ac3a-28e2-4922-947a-19fb7b95550a,ID207253,CID-426,CA-0768,2025-12-10,2026-01-09,2386.9,USD,SampleGen
INV-e8b3076d-55cc-430f-81d8-9b053ea002c0,ID207254,CID-426,CA-0768,2026-01-24,2026-02-23,1594.16,USD,SampleGen
INV-82a0f7c2-83cc-48fe-9065-225d5e935f1d,ID207255,CID-426,CA-0768,2026-02-28,2026-03-30,1780.68,USD,SampleGen
INV-e88b73d0-9837-435f-8d1a-fbf2cf285332,ID207256,CID-426,CA-0768,2026-02-02,2026-03-04,3472.42,USD,SampleGen
INV-ef076c56-7b35-4e03-86b7-834fe89e59f3,ID207257,CID-426,CA-0768,2026-03-26,2026-04-25,1820.94,USD,SampleGen
INV-fd0305f8-e4e5-41fa-bf5d-a073bd6d392a,ID207258,CID-426,CA-0768,2026-03-28,2026-04-27,1867.5,USD,SampleGen
INV-4fa2e73e-85b1-4fca-811a-41fac1661abd,ID207259,CID-427,CA-0770,2025-06-29,2025-07-29,2075.26,USD,SampleGen
INV-d45ad838-bffc-4618-861c-c0e087bdc45a,ID207260,CID-427,CA-0770,2025-06-17,2025-07-17,534.12,USD,SampleGen
INV-06b346be-0750-4552-9f32-9c4030273282,ID207261,CID-427,CA-0770,2025-07-20,2025-08-19,3580.42,USD,SampleGen
INV-c9f4587f-3b25-4f2c-bdfa-8c0413263d97,ID207262,CID-427,CA-0770,2025-07-16,2025-08-15,572.3,USD,SampleGen
INV-1bd0f928-aa55-44fe-b7ae-0902c8907af7,ID207263,CID-427,CA-0770,2025-08-31,2025-09-30,1407.46,USD,SampleGen
INV-769d70a0-7fbd-43ad-9a61-cb6584555687,ID207264,CID-427,CA-0770,2025-08-25,2025-09-24,1051.4,USD,SampleGen
INV-05501152-d158-4810-8d30-17877720344c,ID207265,CID-427,CA-0770,2025-09-15,2025-10-15,254.32,USD,SampleGen
INV-c6a61f97-7c09-48e9-a2e1-0d9cebcbf8e6,ID207266,CID-427,CA-0770,2025-10-16,2025-11-15,4494.2,USD,SampleGen
INV-c6838a08-acb6-4cd5-b029-6ac352a26c94,ID207267,CID-427,CA-0770,2025-11-10,2025-12-10,2777.02,USD,SampleGen
INV-4b76362f-72c4-4b77-a6a2-893f78a8df39,ID207268,CID-427,CA-0770,2025-12-04,2026-01-03,597.68,USD,SampleGen
INV-8b60deba-b11d-4246-ae26-1bb26a11013e,ID207269,CID-427,CA-0770,2025-12-04,2026-01-03,1333.24,USD,SampleGen
INV-c5f82555-dc56-4408-948a-a79d672ca4c2,ID207270,CID-427,CA-0770,2026-01-03,2026-02-02,1975.72,USD,SampleGen
INV-4b27e736-fba9-4de0-a8a2-1124b88e032c,ID207271,CID-427,CA-0770,2026-01-06,2026-02-05,1704.36,USD,SampleGen
INV-fd2afe32-08f1-416b-95f6-f38dd8263513,ID207272,CID-427,CA-0770,2026-02-15,2026-03-17,3126.84,USD,SampleGen
INV-62836838-165a-44a4-be2d-740031641bd6,ID207273,CID-427,CA-0770,2026-02-14,2026-03-16,2893.68,USD,SampleGen
INV-183b9e8d-78e4-463f-94c0-b69ba3ec1f7d,ID207274,CID-427,CA-0770,2026-02-15,2026-03-17,4515.5,USD,SampleGen
INV-1c53a77e-8c90-47af-8321-a9f3b66cf64d,ID207275,CID-427,CA-0770,2026-03-23,2026-04-22,498.1,USD,SampleGen
INV-bd05c402-551a-41cf-8cd1-d7d78d113124,ID207276,CID-427,CA-0770,2026-03-02,2026-04-01,4897.06,USD,SampleGen
INV-af9394b8-c1d4-4bc5-84dd-d622850cf850,ID207277,CID-427,CA-0770,2026-03-30,2026-04-29,2187.76,USD,SampleGen
INV-bd1652c2-ec2d-4c0a-b6f4-e4eb7c82b6fb,ID207278,CID-427,CA-0770,2026-03-17,2026-04-16,4061.72,USD,SampleGen
INV-a2da64fd-3659-4328-868b-dc1e040c6401,ID207279,CID-428,CA-0772,2025-06-25,2025-07-25,945.26,USD,SampleGen
INV-988b0256-babb-405a-be47-b3e3765ae289,ID207280,CID-428,CA-0772,2025-07-05,2025-08-04,294.54,USD,SampleGen
INV-b73375f0-f079-4398-a72c-844e772e2dd0,ID207281,CID-428,CA-0772,2025-07-05,2025-08-04,3824.32,USD,SampleGen
INV-10af9200-b06b-4cfc-ad8b-2cdfe30a2ffb,ID207282,CID-428,CA-0772,2025-08-24,2025-09-23,2639.22,USD,SampleGen
INV-0370a4ec-a113-44c5-af9e-2f2d78e03294,ID207283,CID-428,CA-0772,2025-08-07,2025-09-06,3090.72,USD,SampleGen
INV-5c04d678-19f3-4303-9b2c-7466fcc0a1a9,ID207284,CID-428,CA-0772,2025-09-08,2025-10-08,3001.8,USD,SampleGen
INV-4fc51cfb-b2d0-4ac9-ac1d-b263a7931717,ID207285,CID-428,CA-0772,2025-11-01,2025-12-01,2001.2,USD,SampleGen
INV-90069a24-c7cb-4668-982d-69b90a2c8abc,ID207286,CID-428,CA-0772,2025-11-11,2025-12-11,1299.26,USD,SampleGen
INV-b0f83997-9442-4466-bee5-18fe33e3b36a,ID207287,CID-428,CA-0772,2025-12-24,2026-01-23,2052.04,USD,SampleGen
INV-fd64664e-c7ed-43ce-9e8b-74c9c5d8990c,ID207288,CID-428,CA-0772,2025-12-18,2026-01-17,686.76,USD,SampleGen
INV-52e2bde5-415e-4dae-b2b9-614ba80212db,ID207289,CID-428,CA-0772,2026-01-03,2026-02-02,1992.68,USD,SampleGen
INV-bcfb41e4-7067-4846-91f0-6b77046f38fb,ID207290,CID-428,CA-0772,2026-01-11,2026-02-10,958.12,USD,SampleGen
INV-35cf8597-803b-427e-a455-8702b75962e7,ID207291,CID-428,CA-0772,2026-02-11,2026-03-13,2183.38,USD,SampleGen
INV-b1f35ed0-fd26-4c9d-89db-e3eceb8728e4,ID207292,CID-428,CA-0772,2026-02-19,2026-03-21,1488.1,USD,SampleGen
INV-7e539d6d-52a7-4cff-82b2-af8a5e00bc22,ID207293,CID-428,CA-0772,2026-03-31,2026-04-30,807.48,USD,SampleGen
INV-0bd29616-3b85-474f-bd29-b6966dcb2ee6,ID207294,CID-428,CA-0772,2026-03-09,2026-04-08,1657.6,USD,SampleGen
INV-04368d72-ed03-4726-a543-f5b25b0cf79b,ID207295,CID-428,CA-0772,2026-03-08,2026-04-07,2246.98,USD,SampleGen
INV-fe657c55-ca82-4eb1-b586-e85f0af6bc9f,ID207296,CID-429,CA-0774,2025-07-01,2025-07-31,1411.82,USD,SampleGen
INV-9f0396b9-d753-4a59-8518-f1407a8f1581,ID207297,CID-429,CA-0774,2025-06-12,2025-07-12,1038.62,USD,SampleGen
INV-585787af-8c3d-4339-a772-76991eb27fb3,ID207298,CID-429,CA-0774,2025-07-17,2025-08-16,2628.6,USD,SampleGen
INV-429840dd-1da6-41d2-a022-4ddc863047c3,ID207299,CID-429,CA-0774,2025-07-22,2025-08-21,3014.54,USD,SampleGen
INV-7dbd19f7-77c4-4794-94ed-9d0ca8310be4,ID207300,CID-429,CA-0774,2025-08-11,2025-09-10,2348.74,USD,SampleGen
INV-fafa78e9-1163-45d2-be93-301b1aede008,ID207301,CID-429,CA-0774,2025-08-20,2025-09-19,1759.4,USD,SampleGen
INV-f5d2816b-763f-45c7-812e-58cb9e1282c8,ID207302,CID-429,CA-0774,2025-08-25,2025-09-24,3139.52,USD,SampleGen
INV-a1ea5162-0dc4-4a8a-8180-211f8692014f,ID207303,CID-429,CA-0774,2025-09-30,2025-10-30,6402.16,USD,SampleGen
INV-648ca478-8cbf-4100-9bf0-492e4b954c81,ID207304,CID-429,CA-0774,2025-10-13,2025-11-12,2757.92,USD,SampleGen
INV-2c5b96ec-073c-42a9-896c-f289e1ab347b,ID207305,CID-429,CA-0774,2025-11-25,2025-12-25,3342.96,USD,SampleGen
INV-fdd6c77b-4c82-41da-9edb-be2ec62385e4,ID207306,CID-429,CA-0774,2025-12-28,2026-01-27,1946.08,USD,SampleGen
INV-246d8a69-825b-4972-9382-2b69cb8ec59f,ID207307,CID-429,CA-0774,2025-12-29,2026-01-28,455.66,USD,SampleGen
INV-2eeed341-67b2-4496-8230-4bc66693a017,ID207308,CID-429,CA-0774,2025-12-23,2026-01-22,5062.28,USD,SampleGen
INV-e5286e48-f1d6-47f4-b36a-4433eef9c9b2,ID207309,CID-429,CA-0774,2026-01-02,2026-02-01,2094.48,USD,SampleGen
INV-0d0c35f1-229f-4bed-ae18-22ac4ae022d4,ID207310,CID-429,CA-0774,2026-01-05,2026-02-04,678.3,USD,SampleGen
INV-96eed5dd-d286-4f6e-902b-8cb38f0b8255,ID207311,CID-429,CA-0774,2026-02-25,2026-03-27,4884.34,USD,SampleGen
INV-e656c2fe-c971-4295-81c7-31fb631e7e6b,ID207312,CID-429,CA-0774,2026-02-07,2026-03-09,3466.02,USD,SampleGen
INV-28258521-da5a-4b95-85b8-9230ed7e4b6e,ID207313,CID-429,CA-0774,2026-03-01,2026-03-31,6643.78,USD,SampleGen
INV-3fa64222-0a94-4748-bb11-2d01d7c0fc58,ID207314,CID-429,CA-0774,2026-02-20,2026-03-22,644.32,USD,SampleGen
INV-8e604948-1fd6-4d2a-a740-f2172bdc0874,ID207315,CID-429,CA-0774,2026-03-20,2026-04-19,858.34,USD,SampleGen
INV-8496a9b5-510d-432a-949f-9922f8a18be3,ID207316,CID-429,CA-0774,2026-03-11,2026-04-10,1195.56,USD,SampleGen
INV-41d12b8a-5970-4337-9e54-9d45a770c3fb,ID207317,CID-429,CA-0774,2026-03-15,2026-04-14,2149.4,USD,SampleGen
INV-52dadb8a-0a5b-497d-b670-edac06de265e,ID207318,CID-429,CA-0774,2026-03-03,2026-04-02,5795.86,USD,SampleGen
INV-809cb4f2-decc-49ed-b2aa-58efdf7bad6c,ID207319,CID-430,CA-0776,2025-06-21,2025-07-21,254.32,USD,SampleGen
INV-41db27ab-e358-4cbd-adac-0ce81b6da864,ID207320,CID-430,CA-0776,2025-06-21,2025-07-21,2039.16,USD,SampleGen
INV-5ad7367e-c6a4-4037-814f-941f7e88631f,ID207321,CID-430,CA-0776,2025-07-17,2025-08-16,864.84,USD,SampleGen
INV-6dea3b86-2b1f-49a8-b8d9-5890b6e44cf5,ID207322,CID-430,CA-0776,2025-07-22,2025-08-21,881.68,USD,SampleGen
INV-428877ca-dd80-4aab-8bc6-43ebb1454a4a,ID207323,CID-430,CA-0776,2025-08-13,2025-09-12,430.22,USD,SampleGen
INV-09993928-f1c2-4eb2-9c5e-88f853e86c85,ID207324,CID-430,CA-0776,2025-08-09,2025-09-08,1021.64,USD,SampleGen
INV-1af8a043-27fc-4314-a589-5da972e4b770,ID207325,CID-430,CA-0776,2025-09-02,2025-10-02,1918.38,USD,SampleGen
INV-5deeb7ee-6e13-40e8-a6db-7893431962c5,ID207326,CID-430,CA-0776,2025-10-22,2025-11-21,1494.4,USD,SampleGen
INV-f709cdd1-1e42-45a2-8386-2ba6d7b8d2d7,ID207327,CID-430,CA-0776,2025-11-06,2025-12-06,4099.9,USD,SampleGen
INV-a449cc55-b650-4a45-960b-fce402f76d25,ID207328,CID-430,CA-0776,2025-12-18,2026-01-17,1504.94,USD,SampleGen
INV-151f9d86-41a6-4fdd-9361-5c7148575784,ID207329,CID-430,CA-0776,2025-12-15,2026-01-14,2789.68,USD,SampleGen
INV-be47fef3-9aaf-4665-be9e-bf6b74bcd5a2,ID207330,CID-430,CA-0776,2026-01-27,2026-02-26,432.38,USD,SampleGen
INV-586a8c48-bcae-4f31-8c57-770fceb63c4b,ID207331,CID-430,CA-0776,2026-01-07,2026-02-06,3400.24,USD,SampleGen
INV-7ee0ea36-254e-4967-b95e-0750a865e488,ID207332,CID-430,CA-0776,2026-02-08,2026-03-10,4761.34,USD,SampleGen
INV-9e99bf6d-fbb1-4004-9258-10bfaab5ac04,ID207333,CID-430,CA-0776,2026-03-01,2026-03-31,4511.1,USD,SampleGen
INV-04394da2-6f7e-4746-80c5-8685172a6dd2,ID207334,CID-430,CA-0776,2026-02-02,2026-03-04,5787.3,USD,SampleGen
INV-777ef303-9ea0-4f88-9c56-f38508855d15,ID207335,CID-430,CA-0776,2026-03-11,2026-04-10,1275.96,USD,SampleGen
INV-deec85e2-68d0-468e-bd5d-cb36aa070818,ID207336,CID-430,CA-0776,2026-03-27,2026-04-26,2795.98,USD,SampleGen
INV-3b0fa971-f6da-442c-b205-d02727ecd921,ID207337,CID-430,CA-0776,2026-04-01,2026-05-01,8780.78,USD,SampleGen
INV-57b0d23e-bb2d-443d-b8db-59ca8419c43e,ID207338,CID-430,CA-0776,2026-03-28,2026-04-27,2603.1,USD,SampleGen
INV-8c9f0197-de74-4581-9138-b59d175f0a97,ID207339,CID-431,CA-0778,2025-06-23,2025-07-23,553.18,USD,SampleGen
INV-2233e8ac-6039-47b2-a216-8aabffef9b76,ID207340,CID-431,CA-0778,2025-07-30,2025-08-29,1973.5,USD,SampleGen
INV-2e19bece-a493-48a1-a22a-028caf5bd8a9,ID207341,CID-431,CA-0778,2025-08-23,2025-09-22,584.96,USD,SampleGen
INV-4d07db28-76da-4228-ad66-2bb2e5f3f1ee,ID207342,CID-431,CA-0778,2025-08-21,2025-09-20,1835.8,USD,SampleGen
INV-9127b626-b9c1-44c8-bcc8-7c66595dcaf5,ID207343,CID-431,CA-0778,2025-08-06,2025-09-05,3120.5,USD,SampleGen
INV-80a09d12-53dc-4690-a477-0d396594ef31,ID207344,CID-431,CA-0778,2025-09-10,2025-10-10,2200.4,USD,SampleGen
INV-09c6a052-fb16-4a74-a797-6b036111ff97,ID207345,CID-431,CA-0778,2025-10-30,2025-11-29,1153.12,USD,SampleGen
INV-21a9f68f-7be6-41ce-bf3f-64dfa799a46c,ID207346,CID-431,CA-0778,2025-11-14,2025-12-14,3476.64,USD,SampleGen
INV-1338c088-c9c5-4af0-bddb-9660fe84440a,ID207347,CID-431,CA-0778,2025-12-27,2026-01-26,1933.34,USD,SampleGen
INV-72778a5d-aec1-445a-aebf-74b9f75047de,ID207348,CID-431,CA-0778,2025-12-11,2026-01-10,2238.62,USD,SampleGen
INV-bcac2b64-13eb-4c22-a5f1-2e760a3f551f,ID207349,CID-431,CA-0778,2026-01-28,2026-02-27,631.66,USD,SampleGen
INV-7c6b774a-8cb9-48af-95eb-13c537621a6a,ID207350,CID-431,CA-0778,2026-01-21,2026-02-20,122.92,USD,SampleGen
INV-8a1734a4-df0a-4dd2-b2d7-cbae265325e7,ID207351,CID-431,CA-0778,2026-02-20,2026-03-22,267.0,USD,SampleGen
INV-27fc9c18-562e-48cc-a823-8f0322f3e125,ID207352,CID-431,CA-0778,2026-02-26,2026-03-28,5952.72,USD,SampleGen
INV-1befbac4-ec12-4854-976c-fef314857984,ID207353,CID-431,CA-0778,2026-02-06,2026-03-08,1191.28,USD,SampleGen
INV-4197c7e5-9fda-472f-b760-c58c1dc65390,ID207354,CID-431,CA-0778,2026-03-25,2026-04-24,5711.1,USD,SampleGen
INV-a12043c4-dd74-4181-a7cc-29bd13099942,ID207355,CID-431,CA-0778,2026-03-22,2026-04-21,2162.26,USD,SampleGen
INV-8d9e5500-e7c4-4a91-8174-f5d7a9584903,ID207356,CID-431,CA-0778,2026-03-13,2026-04-12,3005.88,USD,SampleGen
INV-881d709a-9a28-45ae-9361-bc7b0460f637,ID207357,CID-431,CA-0778,2026-03-22,2026-04-21,3281.5,USD,SampleGen
INV-368a8ddc-ad40-4309-8efe-7a534f5b91c6,ID207358,CID-432,CA-1529,2025-06-06,2025-07-06,464.14,USD,SampleGen
INV-f53ff83b-1dd8-4149-8235-ef8dc1fbd16b,ID207359,CID-432,CA-1529,2025-07-12,2025-08-11,309.42,USD,SampleGen
INV-cb9f6c01-c610-4155-a55e-809e38f82844,ID207360,CID-432,CA-1529,2025-08-04,2025-09-03,2115.54,USD,SampleGen
INV-927baf72-d5bc-4e87-a767-2f67bc939168,ID207361,CID-432,CA-1529,2025-08-12,2025-09-11,2066.78,USD,SampleGen
INV-3bd70868-741d-4add-99c9-b8932ca8a0a3,ID207362,CID-432,CA-1529,2025-10-28,2025-11-27,2261.88,USD,SampleGen
INV-b13dd36c-0e31-48f4-b444-81b455387212,ID207363,CID-432,CA-1529,2025-11-08,2025-12-08,650.66,USD,SampleGen
INV-6efdf52b-37b1-4803-bc52-66395f167c0a,ID207364,CID-432,CA-1529,2025-12-03,2026-01-02,964.38,USD,SampleGen
INV-0e5852f9-30e7-4bee-9c56-db04e02488b0,ID207365,CID-432,CA-1529,2025-12-23,2026-01-22,1424.44,USD,SampleGen
INV-1f0674de-8a52-4096-8f5c-fca4fa53f294,ID207366,CID-432,CA-1529,2026-01-27,2026-02-26,277.64,USD,SampleGen
INV-c2ecf226-b95d-45a3-87db-6d0a384750c7,ID207367,CID-432,CA-1529,2026-01-18,2026-02-17,593.56,USD,SampleGen
INV-c0d65d8c-126f-49dd-be7c-099b834b5a21,ID207368,CID-432,CA-1529,2026-02-23,2026-03-25,1488.1,USD,SampleGen
INV-c23511bd-242c-490e-8dea-aa6df1fd66af,ID207369,CID-432,CA-1529,2026-02-24,2026-03-26,2030.76,USD,SampleGen
INV-35cf4ae4-1ec7-4a0a-8178-f913e4b8eb61,ID207370,CID-432,CA-1529,2026-02-23,2026-03-25,2950.8,USD,SampleGen
INV-6d57f7e3-ade8-4286-ac49-3b62d47fd5ec,ID207371,CID-432,CA-1529,2026-03-23,2026-04-22,2111.24,USD,SampleGen
INV-c3ff5e06-26c5-4292-84b2-b6a805a2f488,ID207372,CID-432,CA-1529,2026-03-11,2026-04-10,932.6,USD,SampleGen
INV-f1e996ee-a85e-4a5e-b84d-3d484d76128a,ID207373,CID-432,CA-1529,2026-03-28,2026-04-27,676.08,USD,SampleGen
INV-2bd53812-a02a-4576-b8fd-e80f3db067b1,ID207374,CID-433,CA-0781,2025-06-08,2025-07-08,3807.24,USD,SampleGen
INV-397bebe5-c0e8-4cf1-8cc7-fb4371d5556e,ID207375,CID-433,CA-0781,2025-07-14,2025-08-13,818.18,USD,SampleGen
INV-bb657d34-8470-4e52-a9b1-2a1a175c0e54,ID207376,CID-433,CA-0781,2025-08-05,2025-09-04,534.12,USD,SampleGen
INV-165467c2-4fdf-4b74-beaf-08a71db6db7d,ID207377,CID-433,CA-0781,2025-09-17,2025-10-17,5778.88,USD,SampleGen
INV-99914826-37e2-4648-816c-0381703353cd,ID207378,CID-433,CA-0781,2025-10-27,2025-11-26,2183.46,USD,SampleGen
INV-b4268201-5f48-4ab0-9e8b-5495e5ad1478,ID207379,CID-433,CA-0781,2025-11-15,2025-12-15,3894.16,USD,SampleGen
INV-4fc718ba-a022-4199-b599-c9c787bacab9,ID207380,CID-433,CA-0781,2025-12-18,2026-01-17,1367.14,USD,SampleGen
INV-298b2fbb-5f41-4afa-8a7f-dd7e976d680b,ID207381,CID-433,CA-0781,2026-01-21,2026-02-20,2013.9,USD,SampleGen
INV-24cdf41b-8309-4b6f-bed4-dac5925ecf2e,ID207382,CID-433,CA-0781,2026-02-17,2026-03-19,975.12,USD,SampleGen
INV-9760a059-2791-471f-820f-f01acafeb7e4,ID207383,CID-433,CA-0781,2026-02-13,2026-03-15,2611.76,USD,SampleGen
INV-8d1e368b-3266-43af-a700-50472333fec8,ID207384,CID-433,CA-0781,2026-03-14,2026-04-13,758.7,USD,SampleGen
INV-7eb8f13a-f8d4-4d25-81d0-eec1fc916980,ID207385,CID-433,CA-0781,2026-03-15,2026-04-14,746.0,USD,SampleGen
INV-eeb18aac-05af-45bc-a698-757e07355570,ID207386,CID-434,CA-0783,2025-07-17,2025-08-16,1407.42,USD,SampleGen
INV-9963d458-2b7d-43c1-8c1a-233742d25aad,ID207387,CID-434,CA-0783,2025-08-27,2025-09-26,2480.26,USD,SampleGen
INV-f01a3eaa-94e3-4d15-bf7c-62ba78a35635,ID207388,CID-434,CA-0783,2026-01-14,2026-02-13,9268.34,USD,SampleGen
INV-4512c621-df61-408a-8968-64c987e5ace6,ID207389,CID-434,CA-0783,2026-03-08,2026-04-07,1040.74,USD,SampleGen
INV-6a445fcc-327d-42c6-85a8-69015d9ab2b6,ID207390,CID-435,CA-0785,2025-06-19,2025-07-19,2590.46,USD,SampleGen
INV-7aa7f36c-7029-46ed-aea0-63bd09705880,ID207391,CID-435,CA-0785,2025-06-14,2025-07-14,1212.4,USD,SampleGen
INV-22522b3b-6969-4e95-a2eb-1d14e1c51e1b,ID207392,CID-435,CA-0785,2025-06-13,2025-07-13,574.36,USD,SampleGen
INV-5751e495-09a9-45d4-a278-3762ee5053f4,ID207393,CID-435,CA-0785,2025-07-10,2025-08-09,1859.0,USD,SampleGen
INV-6d24046d-063d-40d7-bfcb-d176d5d58871,ID207394,CID-435,CA-0785,2025-07-21,2025-08-20,682.52,USD,SampleGen
INV-b6b24601-0998-4745-b074-21d772cd4c4d,ID207395,CID-435,CA-0785,2025-07-10,2025-08-09,4691.3,USD,SampleGen
INV-bae433e1-719d-4250-a9b9-5399e318c714,ID207396,CID-435,CA-0785,2025-07-21,2025-08-20,4112.64,USD,SampleGen
INV-a795224a-400b-4c5d-ac88-8db43093cb08,ID207397,CID-435,CA-0785,2025-08-12,2025-09-11,4019.3,USD,SampleGen
INV-30f4411e-4005-4f51-a56e-5526f6df21c2,ID207398,CID-435,CA-0785,2025-08-06,2025-09-05,4521.74,USD,SampleGen
INV-f0f0a018-0e46-46fa-8ec3-5eaef84bdb83,ID207399,CID-435,CA-0785,2025-08-24,2025-09-23,487.52,USD,SampleGen
INV-d98554ac-8b30-499b-a84a-2b8d0e055726,ID207400,CID-435,CA-0785,2025-08-20,2025-09-19,5770.4,USD,SampleGen
INV-3a3066cb-a1cd-486d-b51e-4c4eec9dba94,ID207401,CID-435,CA-0785,2025-08-15,2025-09-14,379.38,USD,SampleGen
INV-1a2ecd84-273f-494a-89e0-15061497628b,ID207402,CID-435,CA-0785,2025-08-11,2025-09-10,2005.3,USD,SampleGen
INV-b5c04de2-526b-4e21-baac-6104355fd83f,ID207403,CID-435,CA-0785,2025-09-26,2025-10-26,4271.58,USD,SampleGen
INV-1e0a90e1-9a56-4c31-9067-84a19bdf02aa,ID207404,CID-435,CA-0785,2025-09-12,2025-10-12,767.34,USD,SampleGen
INV-6a1dd845-55b4-4338-b086-d58d4f377d9e,ID207405,CID-435,CA-0785,2025-10-06,2025-11-05,4383.96,USD,SampleGen
INV-9335bc74-975e-4733-ad5a-c9f4f8cf3dfa,ID207406,CID-435,CA-0785,2025-11-12,2025-12-12,2238.62,USD,SampleGen
INV-10e38256-047a-4289-8d3b-52bf3c017fd3,ID207407,CID-435,CA-0785,2025-11-29,2025-12-29,1199.73,USD,SampleGen
INV-3506822e-764b-4015-9a66-7759234a30b9,ID207408,CID-435,CA-0785,2025-11-16,2025-12-16,3561.34,USD,SampleGen
INV-fb7152d7-2bff-43d4-8149-0a30614468f7,ID207409,CID-435,CA-0785,2025-12-26,2026-01-25,2060.54,USD,SampleGen
INV-4a9771a8-ef40-41b2-b03b-937a49bde2da,ID207410,CID-435,CA-0785,2026-01-01,2026-01-31,2721.86,USD,SampleGen
INV-835ae9c5-a226-42ce-a39b-cdff169963da,ID207411,CID-435,CA-0785,2025-12-12,2026-01-11,2569.32,USD,SampleGen
INV-064795a6-e43d-4b91-a3ee-d271100a8617,ID207412,CID-435,CA-0785,2025-12-07,2026-01-06,3044.18,USD,SampleGen
INV-edd9a526-0df7-470e-ad3e-8c00a79fb69b,ID207413,CID-435,CA-0785,2025-12-07,2026-01-06,2615.88,USD,SampleGen
INV-ec104e2f-e9f3-4fd0-8169-1a838f12b8fc,ID207414,CID-435,CA-0785,2026-01-26,2026-02-25,324.28,USD,SampleGen
INV-d80ed672-49dc-4b48-a4fa-277db3e93a35,ID207415,CID-435,CA-0785,2026-01-08,2026-02-07,4475.04,USD,SampleGen
INV-d056c749-28b5-4f8d-858a-b135a7128bd7,ID207416,CID-435,CA-0785,2026-01-09,2026-02-08,2138.94,USD,SampleGen
INV-1164d78e-9836-45df-8639-24c413bdea29,ID207417,CID-435,CA-0785,2026-01-31,2026-03-02,315.8,USD,SampleGen
INV-5148ed06-9261-42b7-ae41-8bf5191611eb,ID207418,CID-435,CA-0785,2026-02-23,2026-03-25,4042.62,USD,SampleGen
INV-2ed49352-8e44-42e2-9037-6fea8b032235,ID207419,CID-435,CA-0785,2026-02-24,2026-03-26,1734.04,USD,SampleGen
INV-90bab583-bb9a-4bf0-acc9-04dbc199ee98,ID207420,CID-435,CA-0785,2026-02-16,2026-03-18,2999.64,USD,SampleGen
INV-80e8ea0c-bc68-4ff7-875b-6893e995a22f,ID207421,CID-435,CA-0785,2026-03-01,2026-03-31,953.9,USD,SampleGen
INV-fdf0793a-916e-48b5-93eb-f86fa2e5d41f,ID207422,CID-435,CA-0785,2026-02-07,2026-03-09,996.22,USD,SampleGen
INV-093fcb6d-044a-4a34-83f0-3d17dab85a68,ID207423,CID-435,CA-0785,2026-02-21,2026-03-23,8085.42,USD,SampleGen
INV-022f220c-295f-4440-bf93-b797b3b9fd54,ID207424,CID-435,CA-0785,2026-02-16,2026-03-18,5253.16,USD,SampleGen
INV-6d5e133d-60f1-4a04-9b08-38578a48aa5c,ID207425,CID-435,CA-0785,2026-02-12,2026-03-14,3073.7,USD,SampleGen
INV-24491f53-baaf-46a6-9eb7-b54642b268f3,ID207426,CID-435,CA-0785,2026-03-09,2026-04-08,445.08,USD,SampleGen
INV-be2cfbfb-a979-48f4-ac97-e0292d3be9df,ID207427,CID-435,CA-0785,2026-03-16,2026-04-15,767.3,USD,SampleGen
INV-d0735a74-1c22-47c8-bff1-e3009b7a8806,ID207428,CID-435,CA-0785,2026-03-24,2026-04-23,2844.74,USD,SampleGen
INV-b7c8597b-8dea-476d-941a-c430007acecc,ID207429,CID-435,CA-0785,2026-03-21,2026-04-20,2013.9,USD,SampleGen
INV-802e92ef-bdbb-4ac3-9438-c5a4284046e6,ID207430,CID-435,CA-0785,2026-03-14,2026-04-13,419.64,USD,SampleGen
INV-6c687801-728f-4e94-9b6d-aaccacee74cf,ID207431,CID-435,CA-0785,2026-03-15,2026-04-14,4184.74,USD,SampleGen
INV-fe8985f2-51f6-4455-92bc-a2dd37505b1e,ID207432,CID-435,CA-0785,2026-03-11,2026-04-10,604.02,USD,SampleGen
INV-46708fbf-e81a-4e4e-95fa-af515bf735a1,ID207433,CID-435,CA-0785,2026-03-18,2026-04-17,2832.22,USD,SampleGen
INV-e3e0d42e-9222-42d3-a9ba-681b1eade009,ID207434,CID-435,CA-0785,2026-03-07,2026-04-06,161.04,USD,SampleGen
INV-a9c5e2e2-29a2-42cc-9361-dccddc2e60cc,ID207435,CID-436,CA-1530,2025-06-21,2025-07-21,4129.5,USD,SampleGen
INV-12f2f1f0-82c2-468e-81c2-6045ddd55f2b,ID207436,CID-436,CA-1530,2025-06-18,2025-07-18,1178.5,USD,SampleGen
INV-fb4fc206-d750-456c-8acf-eed87bf9f7ba,ID207437,CID-436,CA-1530,2025-06-19,2025-07-19,591.38,USD,SampleGen
INV-9afeeb8f-583c-4ec3-95d9-1620253d007b,ID207438,CID-436,CA-1530,2025-06-15,2025-07-15,1710.6,USD,SampleGen
INV-ed5714bc-fb64-4018-87f4-8fb3051e59e1,ID207439,CID-436,CA-1530,2025-07-20,2025-08-19,591.32,USD,SampleGen
INV-b3c75c6d-f151-4e4d-9cb6-10ddf752b707,ID207440,CID-436,CA-1530,2025-07-22,2025-08-21,3148.0,USD,SampleGen
INV-c95d0981-c4ca-487a-b40d-cb52a045c50e,ID207441,CID-436,CA-1530,2025-07-25,2025-08-24,1000.56,USD,SampleGen
INV-7b41533d-7554-4bb2-89e1-578cd712b752,ID207442,CID-436,CA-1530,2025-07-24,2025-08-23,2187.76,USD,SampleGen
INV-cc014df7-7381-483c-ad4b-1b980192c07a,ID207443,CID-436,CA-1530,2025-08-14,2025-09-13,6898.26,USD,SampleGen
INV-8c375365-1a1e-491b-9169-3422636b22d4,ID207444,CID-436,CA-1530,2025-08-08,2025-09-07,421.74,USD,SampleGen
INV-ca523d59-1284-42b0-929c-22ec639440e4,ID207445,CID-436,CA-1530,2025-08-22,2025-09-21,4634.08,USD,SampleGen
INV-99e792b1-eddf-4361-bbd3-d3572c1e1501,ID207446,CID-436,CA-1530,2025-08-21,2025-09-20,2832.22,USD,SampleGen
INV-c65bf4e8-50f1-48ac-88a5-9aa0c0cdb0aa,ID207447,CID-436,CA-1530,2025-08-30,2025-09-29,784.18,USD,SampleGen
INV-2e668c31-2821-469f-8eae-79b66c70ddcb,ID207448,CID-436,CA-1530,2025-08-06,2025-09-05,900.82,USD,SampleGen
INV-d5c6ae24-86db-4837-86f5-237e7d8521b4,ID207449,CID-436,CA-1530,2025-09-07,2025-10-07,534.12,USD,SampleGen
INV-59fa7b0f-24dc-4ca9-89bb-fdb8eea1bace,ID207450,CID-436,CA-1530,2025-09-27,2025-10-27,1180.62,USD,SampleGen
INV-43b5eba1-8742-4e2e-9024-c8e1b97bda70,ID207451,CID-436,CA-1530,2025-10-22,2025-11-21,644.34,USD,SampleGen
INV-9f9ca858-d110-4c21-9525-11fae8bb42ac,ID207452,CID-436,CA-1530,2025-10-03,2025-11-02,271.28,USD,SampleGen
INV-e9328881-f08a-4bfd-8ba2-7b3a0234bd0a,ID207453,CID-436,CA-1530,2025-11-25,2025-12-25,1034.3,USD,SampleGen
INV-6d1c1df4-96fb-4d69-a38f-75051b7ff95d,ID207454,CID-436,CA-1530,2025-11-26,2025-12-26,1290.84,USD,SampleGen
INV-f40a7348-829e-43a5-87b0-0851b34904b3,ID207455,CID-436,CA-1530,2025-11-09,2025-12-09,2416.56,USD,SampleGen
INV-3f5ca1fd-145f-45de-9526-ec3536fd6cd8,ID207456,CID-436,CA-1530,2025-12-06,2026-01-05,981.3,USD,SampleGen
INV-2f59da22-5dd4-4872-b7ed-e499113adddd,ID207457,CID-436,CA-1530,2025-12-09,2026-01-08,756.68,USD,SampleGen
INV-d7e6583b-e841-474f-9899-6974e9f21f94,ID207458,CID-436,CA-1530,2025-12-28,2026-01-27,555.34,USD,SampleGen
INV-a5e30867-b4bf-4b67-9ecc-26edbb75c7a8,ID207459,CID-436,CA-1530,2025-12-30,2026-01-29,464.14,USD,SampleGen
INV-7cd5e7a3-d646-413b-a45c-890cdd4ae20c,ID207460,CID-436,CA-1530,2025-12-29,2026-01-28,379.34,USD,SampleGen
INV-b0299926-d81e-4585-920f-949d4eeeee71,ID207461,CID-436,CA-1530,2025-12-24,2026-01-23,1201.86,USD,SampleGen
INV-64e5fcae-3acd-4bfe-ba32-8b95de1dbe30,ID207462,CID-436,CA-1530,2026-01-16,2026-02-15,508.68,USD,SampleGen
INV-bfc62f9e-e094-4e55-8dce-479ada69ac8f,ID207463,CID-436,CA-1530,2026-01-08,2026-02-07,2692.16,USD,SampleGen
INV-8301be16-cc95-418e-a32e-9854485a2dcc,ID207464,CID-436,CA-1530,2026-01-10,2026-02-09,2611.76,USD,SampleGen
INV-3d88c4af-e16c-4bb3-81c1-900f3ffc0a4c,ID207465,CID-436,CA-1530,2026-01-20,2026-02-19,82.62,USD,SampleGen
INV-8b4dcec3-78de-43dd-b911-479574902fcd,ID207466,CID-436,CA-1530,2026-02-21,2026-03-23,1225.08,USD,SampleGen
INV-2fbd7823-fdac-4e6f-a20e-d3b9d9bd1a0a,ID207467,CID-436,CA-1530,2026-02-04,2026-03-06,2902.08,USD,SampleGen
INV-86d2b2e7-f8a5-4092-9d54-7c0e7b3ae25e,ID207468,CID-436,CA-1530,2026-02-03,2026-03-05,1394.72,USD,SampleGen
INV-db92cfa3-0c4d-49b3-9604-f8716dc4cb21,ID207469,CID-436,CA-1530,2026-02-24,2026-03-26,958.12,USD,SampleGen
INV-1e2d1aa1-0e0f-4e17-acce-fd55a36c8801,ID207470,CID-436,CA-1530,2026-02-25,2026-03-27,3137.36,USD,SampleGen
INV-1117992b-d25a-4694-8b2b-260335c54f4e,ID207471,CID-436,CA-1530,2026-02-11,2026-03-13,2777.02,USD,SampleGen
INV-9d2e4781-b5c7-48e2-8490-1e98276f4787,ID207472,CID-436,CA-1530,2026-02-23,2026-03-25,394.2,USD,SampleGen
INV-8627bf2e-663c-4553-bc31-29f5391affc8,ID207473,CID-436,CA-1530,2026-02-24,2026-03-26,7334.96,USD,SampleGen
INV-ccf04b41-d41d-455f-9070-ebf507d609ab,ID207474,CID-436,CA-1530,2026-02-08,2026-03-10,2310.6,USD,SampleGen
INV-168f7598-f353-4575-a855-327d9e128cd1,ID207475,CID-436,CA-1530,2026-03-14,2026-04-13,2016.02,USD,SampleGen
INV-1d38b126-dad4-4ccb-b3ec-d73263ccb19b,ID207476,CID-436,CA-1530,2026-03-04,2026-04-03,5863.62,USD,SampleGen
INV-65ca70f5-cbdc-4e18-a9e6-6afa14a55593,ID207477,CID-436,CA-1530,2026-03-26,2026-04-25,565.94,USD,SampleGen
INV-afdd9925-4260-46bf-a63a-3737ead8018d,ID207478,CID-436,CA-1530,2026-03-17,2026-04-16,1992.68,USD,SampleGen
INV-6491779b-91b5-49bf-a0c7-22da716397fa,ID207479,CID-436,CA-1530,2026-03-06,2026-04-05,822.38,USD,SampleGen
INV-f61b4f6a-be7c-4a69-a160-384830a12f01,ID207480,CID-436,CA-1530,2026-03-12,2026-04-11,3625.02,USD,SampleGen
INV-75d020f6-b133-4359-8e1f-2a7f5950b8ce,ID207481,CID-436,CA-1530,2026-03-18,2026-04-17,3126.84,USD,SampleGen
INV-65671ee0-b283-48c5-bbe7-4cc4016ed74e,ID207482,CID-436,CA-1530,2026-03-22,2026-04-21,4496.26,USD,SampleGen
INV-ed317fbb-a013-4a55-8c55-84e779a004ac,ID207483,CID-436,CA-1530,2026-03-17,2026-04-16,2815.16,USD,SampleGen
INV-bf5eef6c-6639-4975-ae54-d7cc3fa69215,ID207484,CID-436,CA-1530,2026-03-26,2026-04-25,3281.64,USD,SampleGen
INV-30e009f9-23f0-4f2a-ac2f-72642d63ed04,ID207485,CID-437,CA-0788,2025-06-20,2025-07-20,1825.12,USD,SampleGen
INV-edcc629a-d9d8-4ce9-bc4a-35cc3cc1cec6,ID207486,CID-437,CA-0788,2025-07-09,2025-08-08,3417.22,USD,SampleGen
INV-70e8d4b6-82bd-4f7c-bf0a-001c4f4ef19f,ID207487,CID-437,CA-0788,2025-07-12,2025-08-11,3239.22,USD,SampleGen
INV-714ed4a3-780b-40d4-acf8-9dae499e44b0,ID207488,CID-437,CA-0788,2025-08-26,2025-09-25,2056.3,USD,SampleGen
INV-333291f0-bb57-4bb3-80c8-3a0dfbc4430e,ID207489,CID-437,CA-0788,2025-08-23,2025-09-22,1640.7,USD,SampleGen
INV-f9bd09ca-04c3-4890-b079-c717449ea198,ID207490,CID-437,CA-0788,2025-09-22,2025-10-22,417.54,USD,SampleGen
INV-664542aa-af72-469b-870e-7c60850e1407,ID207491,CID-437,CA-0788,2025-10-10,2025-11-09,1502.88,USD,SampleGen
INV-2602a7c0-3e66-41fd-a01d-69a8e298e5d9,ID207492,CID-437,CA-0788,2025-11-12,2025-12-12,3993.96,USD,SampleGen
INV-e04f077a-8cc8-4792-928d-9889ef89c01b,ID207493,CID-437,CA-0788,2025-12-27,2026-01-26,3434.18,USD,SampleGen
INV-a0b4e5e7-22f9-449b-af82-2dba5993cd2d,ID207494,CID-437,CA-0788,2025-12-10,2026-01-09,2030.74,USD,SampleGen
INV-e0625b4e-81b1-431a-a9e9-e5c3cd95a87f,ID207495,CID-437,CA-0788,2026-01-21,2026-02-20,665.56,USD,SampleGen
INV-11732648-3d9c-49e7-a31e-e1cd79866440,ID207496,CID-437,CA-0788,2026-01-17,2026-02-16,481.14,USD,SampleGen
INV-1bc10910-f762-40f7-834b-5257bc33efda,ID207497,CID-437,CA-0788,2026-02-08,2026-03-10,3158.58,USD,SampleGen
INV-3b0621b5-71d3-4948-bac5-0614457f9de1,ID207498,CID-437,CA-0788,2026-02-07,2026-03-09,4434.8,USD,SampleGen
INV-812e1f9c-8d0f-453e-a314-c48ccb743759,ID207499,CID-437,CA-0788,2026-02-13,2026-03-15,3264.62,USD,SampleGen
INV-b404e523-a325-433b-bc29-dc686cff875b,ID207500,CID-437,CA-0788,2026-03-21,2026-04-20,3014.54,USD,SampleGen
INV-3a1eafdb-ba5f-4142-9e9e-0676a8954c18,ID207501,CID-437,CA-0788,2026-03-05,2026-04-04,421.74,USD,SampleGen
INV-b4035c92-cbc7-4935-9711-92610e7a8b32,ID207502,CID-437,CA-0788,2026-03-19,2026-04-18,3870.86,USD,SampleGen
INV-c0167af5-9ede-4290-b8f9-eada7782d2a9,ID207503,CID-437,CA-0788,2026-03-19,2026-04-18,601.98,USD,SampleGen
INV-55c401ad-8d3f-4ef9-b971-8fc80c6615a5,ID207504,CID-438,CA-0790,2025-06-20,2025-07-20,3557.2,USD,SampleGen
INV-dd3e083f-0ee7-42ac-a6fa-a64443a9012f,ID207505,CID-438,CA-0790,2025-06-14,2025-07-14,1547.46,USD,SampleGen
INV-7030c376-9455-47a1-9b1a-934d7928911b,ID207506,CID-438,CA-0790,2025-06-06,2025-07-06,1627.96,USD,SampleGen
INV-8f5a9a3a-803a-4272-9267-1e90ff56c6f3,ID207507,CID-438,CA-0790,2025-07-25,2025-08-24,811.72,USD,SampleGen
INV-8d46a7c2-7b47-4ec4-a485-6f4fc35c7755,ID207508,CID-438,CA-0790,2025-07-04,2025-08-03,1483.74,USD,SampleGen
INV-69bfd295-bb08-4586-b64f-7a7877255d1f,ID207509,CID-438,CA-0790,2025-07-16,2025-08-15,979.24,USD,SampleGen
INV-a306adc9-e666-4d67-981e-e719a5d9473f,ID207510,CID-438,CA-0790,2025-08-29,2025-09-28,4184.7,USD,SampleGen
INV-522b27b7-0dd6-47d0-823f-557eacbb0578,ID207511,CID-438,CA-0790,2025-08-31,2025-09-30,483.24,USD,SampleGen
INV-98fe660e-d263-4ad7-b8fd-5d4e9662ccaf,ID207512,CID-438,CA-0790,2025-08-20,2025-09-19,1127.62,USD,SampleGen
INV-2f62dad1-a7de-4c63-aeb0-1179accdfe57,ID207513,CID-438,CA-0790,2025-08-03,2025-09-02,1717.08,USD,SampleGen
INV-6f9413bd-37c5-4c30-81dc-7acbff52b706,ID207514,CID-438,CA-0790,2025-08-10,2025-09-09,771.56,USD,SampleGen
INV-75117e44-14ae-416d-ad11-5e21dc2b66d5,ID207515,CID-438,CA-0790,2025-09-20,2025-10-20,1547.46,USD,SampleGen
INV-b499028d-8564-4d8d-b936-99742de6f037,ID207516,CID-438,CA-0790,2025-10-19,2025-11-18,3006.0,USD,SampleGen
INV-295d060b-de81-4733-81f4-e4ac6a27f6e5,ID207517,CID-438,CA-0790,2025-11-26,2025-12-26,678.26,USD,SampleGen
INV-9c5e3c2b-e5a4-42da-b862-3b5422c578ca,ID207518,CID-438,CA-0790,2025-11-06,2025-12-06,1144.68,USD,SampleGen
INV-27031687-614e-49b2-a748-1c740b528456,ID207519,CID-438,CA-0790,2025-12-16,2026-01-15,3111.98,USD,SampleGen
INV-448211e1-b0c6-47fb-a65c-433fb340726d,ID207520,CID-438,CA-0790,2025-12-18,2026-01-17,1343.9,USD,SampleGen
INV-068fe9eb-62e5-44b2-b0d0-78f557e57cf6,ID207521,CID-438,CA-0790,2025-12-27,2026-01-26,2577.74,USD,SampleGen
INV-dcd54a5c-b95f-46b0-a9fd-966e411e20c5,ID207522,CID-438,CA-0790,2025-12-31,2026-01-30,5995.06,USD,SampleGen
INV-f93fd9f3-de7e-4f4b-bf09-1da92acfc3ec,ID207523,CID-438,CA-0790,2026-01-02,2026-02-01,4184.74,USD,SampleGen
INV-62da2063-0341-4a5c-a940-51142ef9b497,ID207524,CID-438,CA-0790,2026-01-13,2026-02-12,1326.94,USD,SampleGen
INV-4897e6f5-2106-4042-a6df-d8195f581aff,ID207525,CID-438,CA-0790,2026-01-11,2026-02-10,1929.0,USD,SampleGen
INV-7122ea00-a9ed-45a7-8aaa-ee05b9a8b134,ID207526,CID-438,CA-0790,2026-02-23,2026-03-25,958.04,USD,SampleGen
INV-21b52499-b7d0-488b-8461-976643d40e76,ID207527,CID-438,CA-0790,2026-02-17,2026-03-19,826.68,USD,SampleGen
INV-db792c73-fa28-452f-b990-9dd9ab598d90,ID207528,CID-438,CA-0790,2026-02-07,2026-03-09,2217.36,USD,SampleGen
INV-918f8c28-bc72-4a69-8da7-ee510c56ef5e,ID207529,CID-438,CA-0790,2026-02-18,2026-03-20,2132.46,USD,SampleGen
INV-fc4b28e4-80ed-4503-9347-f495c0f1979d,ID207530,CID-438,CA-0790,2026-02-23,2026-03-25,616.8,USD,SampleGen
INV-7ad44ea9-46bf-4e6c-ad9a-f7f91d12e92f,ID207531,CID-438,CA-0790,2026-02-24,2026-03-26,4464.5,USD,SampleGen
INV-9a03b717-fabf-4a54-82d8-8f8ccf49856f,ID207532,CID-438,CA-0790,2026-03-28,2026-04-27,1653.52,USD,SampleGen
INV-949fa7b6-4fdf-44d0-84bf-8540481e306c,ID207533,CID-438,CA-0790,2026-03-17,2026-04-16,752.42,USD,SampleGen
INV-1f13a73a-986e-4e95-bd77-024ebc6b982a,ID207534,CID-438,CA-0790,2026-03-06,2026-04-05,3031.38,USD,SampleGen
INV-f9705ec7-90f5-43a8-b78a-4917899c734d,ID207535,CID-438,CA-0790,2026-03-17,2026-04-16,3247.66,USD,SampleGen
INV-065851e6-31b9-4911-9235-9d1c45cabe72,ID207536,CID-438,CA-0790,2026-03-16,2026-04-15,1632.24,USD,SampleGen
INV-75ed1a7f-eb5d-42ea-8da1-b7da4b83508b,ID207537,CID-438,CA-0790,2026-03-26,2026-04-25,1801.86,USD,SampleGen
INV-b391ab5c-24f4-4ce8-894c-4ff925df570a,ID207538,CID-438,CA-0790,2026-03-23,2026-04-22,756.72,USD,SampleGen
INV-b0711266-c41a-47f4-91af-5ef9fb06d0b6,ID207539,CID-439,CA-0792,2025-06-15,2025-07-15,845.74,USD,SampleGen
INV-aea9c9fd-fb85-4292-8ff1-035f1a1b6dd0,ID207540,CID-439,CA-0792,2025-06-23,2025-07-23,767.34,USD,SampleGen
INV-d9425fba-580d-4275-9235-3cbe6888748b,ID207541,CID-439,CA-0792,2025-06-15,2025-07-15,1615.26,USD,SampleGen
INV-aef03332-4b1c-4880-a277-4798e467b1ce,ID207542,CID-439,CA-0792,2025-07-30,2025-08-29,2522.6,USD,SampleGen
INV-6264a456-735d-4b92-96a4-6830d2be3cc5,ID207543,CID-439,CA-0792,2025-07-06,2025-08-05,315.78,USD,SampleGen
INV-195cb5f0-bd99-4d14-8e28-29705061a745,ID207544,CID-439,CA-0792,2025-07-04,2025-08-03,1117.0,USD,SampleGen
INV-8281a84f-87d9-4d15-b77d-6e753f15ef1b,ID207545,CID-439,CA-0792,2025-07-14,2025-08-13,3162.8,USD,SampleGen
INV-d4de93e8-4668-4370-8376-e2f84e93a704,ID207546,CID-439,CA-0792,2025-08-05,2025-09-04,1723.28,USD,SampleGen
INV-0f324c8a-bc73-4179-90e1-3330f60c4da4,ID207547,CID-439,CA-0792,2025-08-02,2025-09-01,3631.36,USD,SampleGen
INV-094cee83-8956-4634-9293-24ffc0f35562,ID207548,CID-439,CA-0792,2025-08-15,2025-09-14,1036.44,USD,SampleGen
INV-ec9df25c-0dba-4d7e-9802-36fff5ae65d0,ID207549,CID-439,CA-0792,2025-08-25,2025-09-24,478.94,USD,SampleGen
INV-f9e60cf1-5d64-4323-b0e6-c13940e08860,ID207550,CID-439,CA-0792,2025-08-08,2025-09-07,680.38,USD,SampleGen
INV-a86a857d-89a4-4f71-805e-4e1a95f36398,ID207551,CID-439,CA-0792,2025-09-07,2025-10-07,2726.12,USD,SampleGen
INV-a41ea21a-eeb5-4df8-8c86-753d58c1d0f9,ID207552,CID-439,CA-0792,2025-09-13,2025-10-13,1174.32,USD,SampleGen
INV-a7b27efe-a188-488f-842e-714e82c0e045,ID207553,CID-439,CA-0792,2025-10-30,2025-11-29,932.7,USD,SampleGen
INV-8b49b481-df58-4e43-9405-022270f6d504,ID207554,CID-439,CA-0792,2025-11-01,2025-12-01,2615.8,USD,SampleGen
INV-b461a687-7211-4e5b-b8a9-d094464f3b03,ID207555,CID-439,CA-0792,2025-11-30,2025-12-30,5626.29,USD,SampleGen
INV-8b5612e5-aac8-4c32-8f83-49ca525364f6,ID207556,CID-439,CA-0792,2025-12-01,2025-12-31,2128.1,USD,SampleGen
INV-6dc2cba8-889d-4fcd-8d90-6060039da7ee,ID207557,CID-439,CA-0792,2025-11-26,2025-12-26,3756.38,USD,SampleGen
INV-06db5873-6f78-4f04-9643-0dac93fb80ee,ID207558,CID-439,CA-0792,2025-12-22,2026-01-21,2145.32,USD,SampleGen
INV-ca743e10-b525-4d65-b370-1e14d271a638,ID207559,CID-439,CA-0792,2025-12-27,2026-01-26,1405.36,USD,SampleGen
INV-53bb4930-8c55-4480-9bc2-561b6706d5c1,ID207560,CID-439,CA-0792,2025-12-09,2026-01-08,7419.72,USD,SampleGen
INV-3eda01b1-081d-4f47-88e0-4d1d5cc0ada0,ID207561,CID-439,CA-0792,2025-12-06,2026-01-05,2713.32,USD,SampleGen
INV-d45c8506-fa4c-4961-ba59-04a86b3356ed,ID207562,CID-439,CA-0792,2025-12-19,2026-01-18,2467.52,USD,SampleGen
INV-3e500408-8374-4cd7-a53a-9aa8b73861ec,ID207563,CID-439,CA-0792,2026-01-29,2026-02-28,209.82,USD,SampleGen
INV-6f6ed51e-c5e3-49c6-9ff5-ac52f574fbb2,ID207564,CID-439,CA-0792,2026-01-21,2026-02-20,381.56,USD,SampleGen
INV-cfd726a1-dbf0-4c48-8728-68ea33e40571,ID207565,CID-439,CA-0792,2026-01-27,2026-02-26,347.56,USD,SampleGen
INV-61967b2a-fef2-4b28-a3c9-0910e4408dd1,ID207566,CID-439,CA-0792,2026-01-07,2026-02-06,349.7,USD,SampleGen
INV-2272ef6f-55d7-4ad3-a3a5-58bdbcf7e921,ID207567,CID-439,CA-0792,2026-02-18,2026-03-20,811.8,USD,SampleGen
INV-9d413557-d31e-4f3f-8b4c-94f12660a573,ID207568,CID-439,CA-0792,2026-02-02,2026-03-04,3359.96,USD,SampleGen
INV-8d47f32d-7fa8-4410-8080-99e7e9700a91,ID207569,CID-439,CA-0792,2026-02-25,2026-03-27,1335.46,USD,SampleGen
INV-b4edb798-3a8e-4392-9a28-cd3b611c12a1,ID207570,CID-439,CA-0792,2026-02-23,2026-03-25,3010.08,USD,SampleGen
INV-bd6f1b1a-e4d1-411b-9dda-3f83e6e7ea48,ID207571,CID-439,CA-0792,2026-02-16,2026-03-18,991.9,USD,SampleGen
INV-c5ff05dc-0795-4dda-b39d-d37fdd743ff4,ID207572,CID-439,CA-0792,2026-02-08,2026-03-10,4714.62,USD,SampleGen
INV-76ad7240-a4d3-49b6-83b0-0816e11351e2,ID207573,CID-439,CA-0792,2026-02-16,2026-03-18,3777.6,USD,SampleGen
INV-2ebdd886-a236-4266-8839-16bc16f7273f,ID207574,CID-439,CA-0792,2026-02-26,2026-03-28,3145.88,USD,SampleGen
INV-e74e2715-45f5-437c-b3aa-5f8bf46b4be0,ID207575,CID-439,CA-0792,2026-04-01,2026-05-01,1935.38,USD,SampleGen
INV-70ef15ef-a9e2-40c7-95c9-75f0ccf4bc14,ID207576,CID-439,CA-0792,2026-03-27,2026-04-26,2713.38,USD,SampleGen
INV-00b27ea7-2a51-42e0-b930-3ce11e90d62d,ID207577,CID-439,CA-0792,2026-03-22,2026-04-21,1842.06,USD,SampleGen
INV-92b93f26-a46c-4ded-b694-37e3df2ac716,ID207578,CID-439,CA-0792,2026-03-29,2026-04-28,5723.84,USD,SampleGen
INV-2039666b-2a58-490a-997d-d43492a581b5,ID207579,CID-439,CA-0792,2026-03-05,2026-04-04,2246.96,USD,SampleGen
INV-defd9215-cedf-49b1-acb0-a2bad30417f7,ID207580,CID-439,CA-0792,2026-03-18,2026-04-17,379.34,USD,SampleGen
INV-b3d33468-6dd8-4588-a544-80e1db3f475a,ID207581,CID-439,CA-0792,2026-03-13,2026-04-12,3497.74,USD,SampleGen
INV-a3018393-37f0-4891-b378-69f7550fc9e0,ID207582,CID-439,CA-0792,2026-03-20,2026-04-19,3879.42,USD,SampleGen
INV-06ef45b9-dae8-4860-a490-2926267194da,ID207583,CID-439,CA-0792,2026-03-05,2026-04-04,2522.58,USD,SampleGen
INV-1897356e-5a13-40a4-8b9a-4b7d4a0defa1,ID207584,CID-440,CA-0794,2025-06-10,2025-07-10,953.9,USD,SampleGen
INV-25e5ff3e-057e-40aa-b737-c366826f6868,ID207585,CID-440,CA-0794,2025-07-23,2025-08-22,2728.26,USD,SampleGen
INV-91123803-1020-42d9-8966-341373b7ea9b,ID207586,CID-440,CA-0794,2025-08-11,2025-09-10,1589.9,USD,SampleGen
INV-0bb33681-8c28-4faa-8d65-548c877088ce,ID207587,CID-440,CA-0794,2025-08-12,2025-09-11,2382.62,USD,SampleGen
INV-0d5f8b1a-c703-450f-ba1b-a5287f621a27,ID207588,CID-440,CA-0794,2025-11-11,2025-12-11,5465.1,USD,SampleGen
INV-6ad150a2-fefc-49a7-b9ae-2e8991c7b55c,ID207589,CID-440,CA-0794,2025-12-05,2026-01-04,2200.44,USD,SampleGen
INV-7e75cb9c-430c-48e6-b0ce-84eee24d0712,ID207590,CID-440,CA-0794,2025-12-22,2026-01-21,6567.54,USD,SampleGen
INV-82e21aa5-1990-4927-9b16-e2f7ade9d0f1,ID207591,CID-440,CA-0794,2026-01-16,2026-02-15,784.2,USD,SampleGen
INV-d6fdb6bc-9e99-44bd-b252-e63e5382ed43,ID207592,CID-440,CA-0794,2026-02-27,2026-03-29,2442.04,USD,SampleGen
INV-2f50dabc-2d33-43cd-8c69-5cc46ca19486,ID207593,CID-440,CA-0794,2026-02-23,2026-03-25,3716.1,USD,SampleGen
INV-fdb34747-10cb-419d-ba6c-29364293dd4c,ID207594,CID-440,CA-0794,2026-03-04,2026-04-03,1095.86,USD,SampleGen
INV-6cb0bfb9-4523-4cac-9e0e-e9fc0413aa67,ID207595,CID-440,CA-0794,2026-04-01,2026-05-01,1390.56,USD,SampleGen
INV-36551571-d8cc-4b27-aef3-2b3ca0f97d70,ID207596,CID-441,CA-1531,2025-06-14,2025-07-14,3993.96,USD,SampleGen
INV-629fb1ef-be61-41c4-9718-e247796ad557,ID207597,CID-441,CA-1531,2025-06-11,2025-07-11,1577.1,USD,SampleGen
INV-8c9b1e32-b388-4146-b15b-2d0b2053792c,ID207598,CID-441,CA-1531,2025-07-31,2025-08-30,2885.1,USD,SampleGen
INV-dcbd964a-6edd-44aa-bac1-89eb18243cee,ID207599,CID-441,CA-1531,2025-07-19,2025-08-18,3042.04,USD,SampleGen
INV-02d789ce-77ed-49cf-b9f1-b06f110ba16d,ID207600,CID-441,CA-1531,2025-07-10,2025-08-09,4765.52,USD,SampleGen
INV-e8fe4188-02fc-499f-8490-042c7144595e,ID207601,CID-441,CA-1531,2025-08-21,2025-09-20,2293.72,USD,SampleGen
INV-e23ab3b1-6167-49aa-a5de-fef6cc238d29,ID207602,CID-441,CA-1531,2025-08-25,2025-09-24,4299.2,USD,SampleGen
INV-f33854e0-e4d0-48c3-8bbc-bd733489802f,ID207603,CID-441,CA-1531,2025-08-16,2025-09-15,1992.58,USD,SampleGen
INV-63f59b15-ddaf-4e4e-aa3a-161a32b666f6,ID207604,CID-441,CA-1531,2025-08-25,2025-09-24,500.2,USD,SampleGen
INV-213a23fd-c0ac-4b19-a13a-e3a0c29c13b3,ID207605,CID-441,CA-1531,2025-09-10,2025-10-10,4184.7,USD,SampleGen
INV-e680e210-fb38-4622-991f-9d1b50650402,ID207606,CID-441,CA-1531,2025-10-11,2025-11-10,3111.9,USD,SampleGen
INV-dff788cc-e1b5-4e42-b0d3-6fc621f609d6,ID207607,CID-441,CA-1531,2025-11-02,2025-12-02,491.68,USD,SampleGen
INV-573497e0-8c00-44c0-ab3d-64f7ddb37570,ID207608,CID-441,CA-1531,2025-11-15,2025-12-15,5685.58,USD,SampleGen
INV-22dfd364-c414-4be1-8ade-077350b03816,ID207609,CID-441,CA-1531,2025-12-07,2026-01-06,521.44,USD,SampleGen
INV-eaef8a3c-229f-4540-b5d5-9ac1dd302579,ID207610,CID-441,CA-1531,2025-12-31,2026-01-30,2552.24,USD,SampleGen
INV-1ccd3d15-7509-49f2-a9fd-7e1bd38a912f,ID207611,CID-441,CA-1531,2025-12-26,2026-01-25,2442.04,USD,SampleGen
INV-df4fc000-e3b5-4e57-9325-8f4780d6702d,ID207612,CID-441,CA-1531,2025-12-02,2026-01-01,1267.6,USD,SampleGen
INV-08512247-4bd5-4910-9af9-987546ecd041,ID207613,CID-441,CA-1531,2026-01-02,2026-02-01,1992.68,USD,SampleGen
INV-e31a55d7-ed7f-49b1-8ce4-9b43291f8bb6,ID207614,CID-441,CA-1531,2026-01-28,2026-02-27,1163.72,USD,SampleGen
INV-1ff18541-fe7c-43ab-85a1-9236a0009847,ID207615,CID-441,CA-1531,2026-01-13,2026-02-12,4017.22,USD,SampleGen
INV-cafe0ed6-0593-4b91-96c9-53e88aed7ef9,ID207616,CID-441,CA-1531,2026-02-27,2026-03-29,608.28,USD,SampleGen
INV-712d970f-ecac-4516-a886-e68217f56d5f,ID207617,CID-441,CA-1531,2026-02-11,2026-03-13,758.82,USD,SampleGen
INV-90825daf-cdd1-4ca6-8d40-fbb0990163a8,ID207618,CID-441,CA-1531,2026-02-28,2026-03-30,3735.32,USD,SampleGen
INV-3775d9af-da25-4105-ad2d-042915a36c51,ID207619,CID-441,CA-1531,2026-02-22,2026-03-24,510.82,USD,SampleGen
INV-06bfa1b1-64d1-432b-b52c-9c12506bfe45,ID207620,CID-441,CA-1531,2026-02-06,2026-03-08,3739.46,USD,SampleGen
INV-acac6633-2f93-44a1-955d-6f84e46db401,ID207621,CID-441,CA-1531,2026-03-29,2026-04-28,453.48,USD,SampleGen
INV-e764446c-e550-4bf8-8bd8-7adaf1965275,ID207622,CID-441,CA-1531,2026-03-24,2026-04-23,222.5,USD,SampleGen
INV-97ca976e-a974-4742-b9fa-8a3a4f1662b8,ID207623,CID-441,CA-1531,2026-03-17,2026-04-16,3417.26,USD,SampleGen
INV-0939d435-57d9-420e-a6dd-4409ca56f727,ID207624,CID-441,CA-1531,2026-03-13,2026-04-12,2569.16,USD,SampleGen
INV-2384e564-6dea-4178-9fd9-90bdd299ed1a,ID207625,CID-441,CA-1531,2026-03-21,2026-04-20,932.68,USD,SampleGen
INV-4b3ca123-d13d-4d2e-95e4-4a1d322ce4cc,ID207626,CID-441,CA-1531,2026-03-22,2026-04-21,423.84,USD,SampleGen
INV-345a0391-2ca8-4ef4-b21c-735f1a55e8af,ID207627,CID-442,CA-0797,2025-06-13,2025-07-13,674.06,USD,SampleGen
INV-753a7378-020d-4a90-8ed3-9e7498e4fd83,ID207628,CID-442,CA-0797,2025-11-24,2025-12-24,2134.66,USD,SampleGen
INV-cd2b8d7e-aa66-406b-8c41-c2f60f8fc510,ID207629,CID-442,CA-0797,2025-12-04,2026-01-03,3090.86,USD,SampleGen
INV-d8af7905-050e-4f99-b1dc-ee4a9b52d090,ID207630,CID-442,CA-0797,2026-01-12,2026-02-11,640.04,USD,SampleGen
INV-11bc7550-ac1a-4e63-b8da-046b367c9824,ID207631,CID-443,CA-0799,2025-06-08,2025-07-08,2878.86,USD,SampleGen
INV-1d887de7-1825-46be-9dd8-7cd20007b4ba,ID207632,CID-443,CA-0799,2025-07-23,2025-08-22,646.46,USD,SampleGen
INV-4b761cab-0edc-4558-851c-4e52f64c9ea1,ID207633,CID-443,CA-0799,2025-08-18,2025-09-17,2272.4,USD,SampleGen
INV-99ed76a2-4abe-4530-b597-9c7750ef934a,ID207634,CID-443,CA-0799,2025-08-14,2025-09-13,4723.2,USD,SampleGen
INV-a2a9d632-691d-4dbb-a8aa-0c973de5a272,ID207635,CID-443,CA-0799,2025-09-23,2025-10-23,1439.22,USD,SampleGen
INV-b91a67b4-f4be-4b57-a77d-ff138e3830c5,ID207636,CID-443,CA-0799,2025-11-05,2025-12-05,1337.5,USD,SampleGen
INV-46ad8d5f-ed4d-4a39-b80e-29ca2f7b2ebd,ID207637,CID-443,CA-0799,2025-12-15,2026-01-14,2310.68,USD,SampleGen
INV-e426acee-a6b2-492f-9838-935b38fc1302,ID207638,CID-443,CA-0799,2026-01-12,2026-02-11,1992.68,USD,SampleGen
INV-76a6c27a-4186-4945-9928-386299a6fcd7,ID207639,CID-443,CA-0799,2026-02-23,2026-03-25,2039.28,USD,SampleGen
INV-0af764fe-c993-42e7-adde-f96714282f3f,ID207640,CID-443,CA-0799,2026-03-17,2026-04-16,3141.68,USD,SampleGen
INV-831d22c4-eae2-4b04-b203-fae40cea44a3,ID207641,CID-443,CA-0799,2026-03-06,2026-04-05,1984.2,USD,SampleGen
INV-9d14bb81-7b4d-469d-9389-c450f89754f9,ID207642,CID-444,CA-0801,2025-06-25,2025-07-25,4121.1,USD,SampleGen
INV-45f01ca5-2144-4327-acee-ca96590be1c2,ID207643,CID-444,CA-0801,2025-07-23,2025-08-22,3993.96,USD,SampleGen
INV-979a704a-2549-48cd-8b55-932191795735,ID207644,CID-444,CA-0801,2025-07-18,2025-08-17,7688.98,USD,SampleGen
INV-97049d05-f810-47b9-92f0-d085b3cf6d4d,ID207645,CID-444,CA-0801,2025-08-29,2025-09-28,3508.32,USD,SampleGen
INV-22ddcf82-df09-4ee1-a021-2770f2f665a1,ID207646,CID-444,CA-0801,2025-08-11,2025-09-10,4659.5,USD,SampleGen
INV-bf26917f-0f00-44f7-a054-7b0d31ee45d5,ID207647,CID-444,CA-0801,2025-10-15,2025-11-14,419.64,USD,SampleGen
INV-b577b1c8-4e5e-4f9c-b42b-8913b77665f2,ID207648,CID-444,CA-0801,2025-11-19,2025-12-19,5041.1,USD,SampleGen
INV-046de7e7-1b18-4400-8bce-7be5405e5ccd,ID207649,CID-444,CA-0801,2025-12-30,2026-01-29,3052.62,USD,SampleGen
INV-f5697072-bdd5-44ed-93e8-1a01580c7cef,ID207650,CID-444,CA-0801,2025-12-14,2026-01-13,1899.4,USD,SampleGen
INV-e494532a-314d-4efd-8373-e71329b6f7dd,ID207651,CID-444,CA-0801,2026-01-10,2026-02-09,449.32,USD,SampleGen
INV-fc5857c3-7a36-4860-9d46-309118a60cd9,ID207652,CID-444,CA-0801,2026-01-16,2026-02-15,1322.64,USD,SampleGen
INV-5a3453d3-1350-4bb4-8c3b-9bfe5c3708d1,ID207653,CID-444,CA-0801,2026-02-14,2026-03-16,2978.34,USD,SampleGen
INV-b897a49f-5453-479c-99fd-3dfd544b8dfa,ID207654,CID-444,CA-0801,2026-02-21,2026-03-23,1085.32,USD,SampleGen
INV-3633e61b-c5fa-472a-a1da-8bb9f78996e6,ID207655,CID-444,CA-0801,2026-03-19,2026-04-18,1138.18,USD,SampleGen
INV-06a34190-fb33-4749-8305-52bb9b67931b,ID207656,CID-444,CA-0801,2026-03-02,2026-04-01,472.66,USD,SampleGen
INV-a0f5dbb2-62db-4904-8fdf-ee9930276aec,ID207657,CID-444,CA-0801,2026-03-23,2026-04-22,1015.38,USD,SampleGen
INV-35bd3779-f1e0-49bf-b3c2-f32938f34808,ID207658,CID-445,CA-0803,2025-06-02,2025-07-02,470.46,USD,SampleGen
INV-9fe3e983-63a0-4901-bd6f-2f953bd8d8a6,ID207659,CID-445,CA-0803,2025-07-18,2025-08-17,856.26,USD,SampleGen
INV-374f90e6-3719-4bc6-9f12-3424c8f18ea6,ID207660,CID-445,CA-0803,2025-08-13,2025-09-12,595.54,USD,SampleGen
INV-dc25b72f-d195-4233-b0d9-bd2b18f7a4c3,ID207661,CID-445,CA-0803,2025-11-18,2025-12-18,4184.74,USD,SampleGen
INV-80b39af5-4eaa-4ed1-9b3c-519251c96b1a,ID207662,CID-445,CA-0803,2025-12-15,2026-01-14,3179.8,USD,SampleGen
INV-d0cb31a7-def3-46f5-a07b-a0eb504b7bca,ID207663,CID-445,CA-0803,2025-12-27,2026-01-26,2374.24,USD,SampleGen
INV-56aa4dc4-ef29-4dfc-9725-2805578f0f0a,ID207664,CID-445,CA-0803,2026-01-21,2026-02-20,2181.38,USD,SampleGen
INV-e22b252c-3beb-46aa-a9be-87b5d8bd68b7,ID207665,CID-445,CA-0803,2026-02-27,2026-03-29,6453.04,USD,SampleGen
INV-bd214dff-8dc6-4393-b549-b7ef00fa2228,ID207666,CID-445,CA-0803,2026-02-11,2026-03-13,2480.2,USD,SampleGen
INV-af09e42a-4393-4e29-9e3d-8bcf37223715,ID207667,CID-445,CA-0803,2026-03-21,2026-04-20,3998.12,USD,SampleGen
INV-48af7d13-934f-406c-ae4e-54d0a9c42fa8,ID207668,CID-445,CA-0803,2026-03-03,2026-04-02,601.98,USD,SampleGen
INV-6e3b95fe-287b-4b3a-b8a6-f7a6c90f5559,ID207669,CID-445,CA-0803,2026-03-14,2026-04-13,1290.96,USD,SampleGen
INV-44e5b033-e7af-4617-a248-b986d9987046,ID207670,CID-446,CA-0805,2025-07-14,2025-08-13,1261.2,USD,SampleGen
INV-403faac4-a872-4866-b040-e0a16f548583,ID207671,CID-446,CA-0805,2025-09-01,2025-10-01,1078.86,USD,SampleGen
INV-31f7f6a7-39e7-416e-b207-f25e81d2b276,ID207672,CID-446,CA-0805,2025-09-21,2025-10-21,1331.26,USD,SampleGen
INV-d93623cb-75e8-4681-ba7e-81b46fb9293d,ID207673,CID-446,CA-0805,2025-10-22,2025-11-21,2179.22,USD,SampleGen
INV-900ab07b-e09c-4986-b0ab-df03b0817b89,ID207674,CID-446,CA-0805,2025-11-16,2025-12-16,2586.12,USD,SampleGen
INV-b55d3389-6db0-412a-9c3a-bbb14b54fefc,ID207675,CID-446,CA-0805,2025-12-03,2026-01-02,504.4,USD,SampleGen
INV-463a895b-4634-4e73-918c-c66e9bd7f1cf,ID207676,CID-446,CA-0805,2026-01-28,2026-02-27,3014.54,USD,SampleGen
INV-b1372d1b-376f-4177-b582-f159db24f0ba,ID207677,CID-446,CA-0805,2026-02-14,2026-03-16,4515.5,USD,SampleGen
INV-24b13017-27c9-4587-8a38-dfb363f9d681,ID207678,CID-446,CA-0805,2026-03-20,2026-04-19,3688.62,USD,SampleGen
INV-fbe4cb42-0e68-442f-b443-30ab03e9bcff,ID207679,CID-446,CA-0805,2026-03-03,2026-04-02,390.0,USD,SampleGen
INV-5e845522-09e9-4b46-8ca5-b504a805021c,ID207680,CID-447,CA-0807,2025-06-30,2025-07-30,714.22,USD,SampleGen
INV-84bf5207-125d-49dd-9b6a-ace980ab1828,ID207681,CID-447,CA-0807,2025-07-08,2025-08-07,731.26,USD,SampleGen
INV-0ef28dde-1b69-49b4-8c6f-58cd8bf6e34a,ID207682,CID-447,CA-0807,2025-08-16,2025-09-15,2111.28,USD,SampleGen
INV-15b81900-64f3-4cb1-ac65-6c48e6894e54,ID207683,CID-447,CA-0807,2025-09-11,2025-10-11,3540.14,USD,SampleGen
INV-9431f6be-461e-49d7-ab1a-5db22fb91c57,ID207684,CID-447,CA-0807,2025-10-04,2025-11-03,4485.68,USD,SampleGen
INV-155cfaf6-017f-4893-8be0-71f19605c829,ID207685,CID-447,CA-0807,2025-11-15,2025-12-15,584.96,USD,SampleGen
INV-2bb48f22-db0c-4c39-9cec-754eafe857e3,ID207686,CID-447,CA-0807,2025-12-12,2026-01-11,3107.74,USD,SampleGen
INV-0e2198d3-0003-43ad-9c49-6ed30701387f,ID207687,CID-447,CA-0807,2026-01-17,2026-02-16,224.66,USD,SampleGen
INV-e4ea9f18-424a-4ba9-85de-5e1ef193bf8f,ID207688,CID-447,CA-0807,2026-02-22,2026-03-24,3073.8,USD,SampleGen
INV-f49d32e9-4541-4e47-83c4-3238b1933177,ID207689,CID-447,CA-0807,2026-03-17,2026-04-16,6913.08,USD,SampleGen
INV-dc786a7e-6403-45ef-b673-12ceb24838ea,ID207690,CID-447,CA-0807,2026-03-07,2026-04-06,1244.2,USD,SampleGen
INV-b76b3567-6b0e-4df0-967a-1cb5103a49f8,ID207691,CID-448,CA-0809,2025-06-30,2025-07-30,2003.22,USD,SampleGen
INV-bddb078d-6c87-4a2a-968f-2b6aae4adc20,ID207692,CID-448,CA-0809,2025-06-15,2025-07-15,1335.42,USD,SampleGen
INV-9c0ed660-e77d-463d-995d-2684703f954d,ID207693,CID-448,CA-0809,2025-07-07,2025-08-06,822.38,USD,SampleGen
INV-8d79974d-b99e-4234-a351-cfc32106a649,ID207694,CID-448,CA-0809,2025-07-20,2025-08-19,1477.38,USD,SampleGen
INV-bdc7cedd-9b3d-4e52-aae7-223952df39f3,ID207695,CID-448,CA-0809,2025-08-15,2025-09-14,559.52,USD,SampleGen
INV-83d8bb13-dea2-4562-8908-a380316c11e5,ID207696,CID-448,CA-0809,2025-08-30,2025-09-29,1674.56,USD,SampleGen
INV-3864d114-7b3f-4a55-ae31-470633b513fe,ID207697,CID-448,CA-0809,2025-08-19,2025-09-18,2490.78,USD,SampleGen
INV-3cc95d39-71f3-484a-9f84-b7bcae15ca95,ID207698,CID-448,CA-0809,2025-10-29,2025-11-28,464.18,USD,SampleGen
INV-10ea5c6d-4833-486e-95e1-dda703a2d4d4,ID207699,CID-448,CA-0809,2025-11-12,2025-12-12,5808.52,USD,SampleGen
INV-dd17f8ac-8c41-48a3-ba69-43f117f9a966,ID207700,CID-448,CA-0809,2025-11-28,2025-12-28,2196.12,USD,SampleGen
INV-f00d9b91-be93-42b3-9061-50a3c55518da,ID207701,CID-448,CA-0809,2025-12-26,2026-01-25,4085.06,USD,SampleGen
INV-6afce226-49f9-4c6b-a449-7f9150d804f0,ID207702,CID-448,CA-0809,2025-12-09,2026-01-08,1950.26,USD,SampleGen
INV-037f0cf3-ca78-47d5-a6ed-55d1ddcd711d,ID207703,CID-448,CA-0809,2025-12-13,2026-01-12,2713.28,USD,SampleGen
INV-c9532dce-219a-4a94-b087-a1065c133d55,ID207704,CID-448,CA-0809,2026-01-14,2026-02-13,1193.36,USD,SampleGen
INV-369655ac-49a9-4d8b-8b4d-ef7ba2992d9e,ID207705,CID-448,CA-0809,2026-02-07,2026-03-09,3930.22,USD,SampleGen
INV-b919f05c-60bf-4c09-8b12-0dc5a60e19be,ID207706,CID-448,CA-0809,2026-02-09,2026-03-11,3993.96,USD,SampleGen
INV-1bc99ee8-9794-4d85-bdcb-d6941e82e8ca,ID207707,CID-448,CA-0809,2026-02-02,2026-03-04,339.12,USD,SampleGen
INV-9e390cf7-cb63-4803-8975-5ea3c14793a6,ID207708,CID-448,CA-0809,2026-03-30,2026-04-29,6321.7,USD,SampleGen
INV-7016a5bd-7487-4ff1-ae32-708439d1ead7,ID207709,CID-448,CA-0809,2026-03-21,2026-04-20,657.02,USD,SampleGen
INV-3b5e377a-d4b3-497c-95d9-290714406dbd,ID207710,CID-448,CA-0809,2026-03-10,2026-04-09,1028.1,USD,SampleGen
INV-1e98b067-a526-4e73-b0c7-168947ef4d63,ID207711,CID-448,CA-0809,2026-03-11,2026-04-10,2471.76,USD,SampleGen
INV-d75a65f3-f43d-4d01-8c32-dbca678bd895,ID207712,CID-449,CA-0811,2025-06-27,2025-07-27,3014.54,USD,SampleGen
INV-db4f45bc-27cd-40dd-92fe-41a42baebd21,ID207713,CID-449,CA-0811,2025-07-29,2025-08-28,3955.62,USD,SampleGen
INV-9d437984-299c-4d28-9fd7-899691ac3494,ID207714,CID-449,CA-0811,2025-08-15,2025-09-14,351.8,USD,SampleGen
INV-0115ac22-6fed-4cc5-b773-f80f2019a2a9,ID207715,CID-449,CA-0811,2025-09-01,2025-10-01,4271.54,USD,SampleGen
INV-f939e56d-77c7-43e8-a7c1-c07215f782ee,ID207716,CID-449,CA-0811,2025-12-13,2026-01-12,489.58,USD,SampleGen
INV-69e5d514-06b7-4335-a786-e51669418087,ID207717,CID-449,CA-0811,2026-01-17,2026-02-16,720.7,USD,SampleGen
INV-727e6576-c893-4b37-bb5f-81bf0c7e4d2e,ID207718,CID-449,CA-0811,2026-02-17,2026-03-19,3493.52,USD,SampleGen
INV-ad413704-95cc-4c68-9738-b1903548cd37,ID207719,CID-449,CA-0811,2026-02-24,2026-03-26,1085.32,USD,SampleGen
INV-8c58ac8d-4e4d-4a3c-8b8e-32df5e55b77f,ID207720,CID-449,CA-0811,2026-02-09,2026-03-11,548.94,USD,SampleGen
INV-1533223b-4a77-4d58-b0a6-d011d86c3fd6,ID207721,CID-449,CA-0811,2026-03-10,2026-04-09,3796.78,USD,SampleGen
INV-f42aec5c-3ff6-4661-903b-25611197ccdc,ID207722,CID-449,CA-0811,2026-03-07,2026-04-06,434.46,USD,SampleGen
INV-84478991-6b43-422b-b24f-5e30a82350cc,ID207723,CID-449,CA-0811,2026-03-08,2026-04-07,1587.72,USD,SampleGen
INV-35453905-ec66-4132-b753-106c63f75d82,ID207724,CID-450,CA-0813,2025-07-02,2025-08-01,852.06,USD,SampleGen
INV-e81a1c37-515f-4499-b6b1-0e2a886b5e28,ID207725,CID-450,CA-0813,2025-09-01,2025-10-01,487.5,USD,SampleGen
INV-becfc6a9-15a0-4a86-a835-58734a6c362a,ID207726,CID-450,CA-0813,2026-02-01,2026-03-03,1929.12,USD,SampleGen
INV-f99d3332-6474-449b-b909-2b5bf9c60370,ID207727,CID-450,CA-0813,2026-02-07,2026-03-09,3981.16,USD,SampleGen
INV-e74e38fa-6f61-4ddf-a351-9f06dd3c2d39,ID207728,CID-450,CA-0813,2026-03-18,2026-04-17,3794.58,USD,SampleGen
INV-ef584846-693e-4b89-ae21-a70450e4d478,ID207729,CID-451,CA-0815,2025-06-08,2025-07-08,4010.8,USD,SampleGen
INV-e53155bd-1074-4292-82a3-3ac265d5dff1,ID207730,CID-451,CA-0815,2025-07-24,2025-08-23,419.64,USD,SampleGen
INV-438ff5b1-5ccf-4cbe-b6a4-403d73b2564a,ID207731,CID-451,CA-0815,2025-07-31,2025-08-30,580.68,USD,SampleGen
INV-402dd6cc-fcb0-4920-827a-9dc9482225ce,ID207732,CID-451,CA-0815,2025-08-04,2025-09-03,2836.44,USD,SampleGen
INV-7c48ce5f-a615-4c8c-ba25-98c0f910667f,ID207733,CID-451,CA-0815,2025-08-23,2025-09-22,3603.74,USD,SampleGen
INV-cf972147-8b5c-46f6-b34a-c1c3a04592c6,ID207734,CID-451,CA-0815,2025-08-11,2025-09-10,644.34,USD,SampleGen
INV-3335926e-c3ef-4e57-b905-5ff7ad57f75b,ID207735,CID-451,CA-0815,2025-09-30,2025-10-30,758.76,USD,SampleGen
INV-1fa4f0bf-e1fd-48ef-bee8-607abd7241d2,ID207736,CID-451,CA-0815,2025-10-15,2025-11-14,1377.9,USD,SampleGen
INV-0a86a552-6204-4cbe-9149-c5f63f7c94ba,ID207737,CID-451,CA-0815,2025-11-12,2025-12-12,2747.24,USD,SampleGen
INV-b5d24716-b3f7-4008-869e-e5173d4971f9,ID207738,CID-451,CA-0815,2025-12-20,2026-01-19,695.2,USD,SampleGen
INV-075a5472-a729-47f9-bf01-76fdd30f5967,ID207739,CID-451,CA-0815,2025-12-05,2026-01-04,5223.52,USD,SampleGen
INV-44c11f72-5b6a-4258-b052-0997aa99c719,ID207740,CID-451,CA-0815,2026-01-26,2026-02-25,97.5,USD,SampleGen
INV-d973b5f4-4913-45c8-ab31-449856a7af7c,ID207741,CID-451,CA-0815,2026-01-03,2026-02-02,610.36,USD,SampleGen
INV-02a5b55a-4e34-4a69-93fe-78c3cd696e07,ID207742,CID-451,CA-0815,2026-02-16,2026-03-18,510.82,USD,SampleGen
INV-56d35be8-3cbb-4c0c-b9ff-da3b719a9f2e,ID207743,CID-451,CA-0815,2026-02-17,2026-03-19,2441.96,USD,SampleGen
INV-0cb58c1c-72d0-47c0-b1c2-7505eedac59d,ID207744,CID-451,CA-0815,2026-02-28,2026-03-30,1329.06,USD,SampleGen
INV-e6048b32-bc00-4b62-9335-8097052792be,ID207745,CID-451,CA-0815,2026-02-16,2026-03-18,576.56,USD,SampleGen
INV-bb8c0410-2614-4f33-8c7c-c34535910672,ID207746,CID-451,CA-0815,2026-03-18,2026-04-17,4006.62,USD,SampleGen
INV-badef327-81de-4819-a02e-13ada2781229,ID207747,CID-451,CA-0815,2026-03-05,2026-04-04,987.7,USD,SampleGen
INV-63ed8582-c33b-43c3-9bcf-7e2aec21dbde,ID207748,CID-451,CA-0815,2026-03-11,2026-04-10,2565.02,USD,SampleGen
INV-583840fe-775f-4136-9245-0674e44c2702,ID207749,CID-451,CA-0815,2026-03-24,2026-04-23,5181.06,USD,SampleGen
INV-e38ee5b0-75da-4da9-9742-a598b6d7a38f,ID207750,CID-451,CA-0815,2026-03-23,2026-04-22,3016.5,USD,SampleGen
INV-91f88b58-0da5-421a-8bc4-62118524a0a9,ID207751,CID-452,CA-0817,2025-08-24,2025-09-23,2374.24,USD,SampleGen
INV-f8660000-aeb3-45d4-9de6-ceef3515b42e,ID207752,CID-452,CA-0817,2025-11-22,2025-12-22,1916.24,USD,SampleGen
INV-1dc539a6-baac-46bb-bfe2-82f89ab66355,ID207753,CID-452,CA-0817,2025-12-13,2026-01-12,2408.08,USD,SampleGen
INV-aa5236ff-1651-460b-8816-bd831a931059,ID207754,CID-452,CA-0817,2026-01-02,2026-02-01,1990.58,USD,SampleGen
INV-650ad54b-4317-4571-b545-a573a5f7d916,ID207755,CID-452,CA-0817,2026-02-28,2026-03-30,5181.08,USD,SampleGen
INV-5e00334d-c4eb-4709-b27b-6e6dd02cd151,ID207756,CID-452,CA-0817,2026-03-20,2026-04-19,1229.52,USD,SampleGen
INV-c6dc92bd-6358-4998-8050-d6eb3c0436e7,ID207757,CID-453,CA-0819,2025-06-17,2025-07-17,2531.04,USD,SampleGen
INV-342ef134-815c-4d86-a256-40a2a5811bb7,ID207758,CID-453,CA-0819,2025-07-06,2025-08-05,958.12,USD,SampleGen
INV-3096f42c-e299-488c-bb00-edf59e4be490,ID207759,CID-453,CA-0819,2025-08-02,2025-09-01,673.96,USD,SampleGen
INV-c5d81c33-1738-435b-ae23-b9bc51f7d5e0,ID207760,CID-453,CA-0819,2025-10-19,2025-11-18,4383.96,USD,SampleGen
INV-ec1ce068-8240-4734-bba1-0972e872761a,ID207761,CID-453,CA-0819,2025-11-30,2025-12-30,4835.3,USD,SampleGen
INV-3c386747-fcc7-48e7-abf9-91191de5dad6,ID207762,CID-453,CA-0819,2025-12-07,2026-01-06,1445.6,USD,SampleGen
INV-64281d69-cc3f-4216-aa3a-3b7698afee21,ID207763,CID-453,CA-0819,2025-12-12,2026-01-11,1184.84,USD,SampleGen
INV-32fc6548-06c1-43c7-a82e-3fba01fee8cf,ID207764,CID-453,CA-0819,2026-01-06,2026-02-05,782.16,USD,SampleGen
INV-34af1480-9d5d-4f44-ac42-7e8f5aeb5eb1,ID207765,CID-453,CA-0819,2026-02-15,2026-03-17,2581.96,USD,SampleGen
INV-54a22f39-0528-490f-83b1-f651ccb6a8fc,ID207766,CID-453,CA-0819,2026-02-03,2026-03-05,377.24,USD,SampleGen
INV-21effbf8-9cba-4fbb-9c21-b8e9ee842679,ID207767,CID-453,CA-0819,2026-03-23,2026-04-22,4744.36,USD,SampleGen
INV-04a4c4fb-dc46-41fd-be75-7ba77f6c8d3e,ID207768,CID-453,CA-0819,2026-03-07,2026-04-06,3805.14,USD,SampleGen
INV-1dae4915-cc61-4a3f-a267-d3691fd9666c,ID207769,CID-454,CA-0820,2025-06-05,2025-07-05,6749.86,USD,SampleGen
INV-4e130596-3243-4188-b9a6-2afbafb0fd90,ID207770,CID-454,CA-0820,2025-07-10,2025-08-09,4099.84,USD,SampleGen
INV-724211f9-c15d-46fb-91f1-01d08e09fc8e,ID207771,CID-454,CA-0820,2025-08-10,2025-09-09,2174.96,USD,SampleGen
INV-500c4853-8375-4723-b6f6-c22d8b153ad6,ID207772,CID-454,CA-0820,2025-12-29,2026-01-28,1714.84,USD,SampleGen
INV-ec179b2f-059c-4c7e-bd0a-90534d1b2cb3,ID207773,CID-454,CA-0820,2026-01-28,2026-02-27,548.96,USD,SampleGen
INV-875613fe-baee-4e01-8050-9e7345b88875,ID207774,CID-454,CA-0820,2026-02-28,2026-03-30,1500.84,USD,SampleGen
INV-5679dbf8-fba8-4010-a85a-553402d2c267,ID207775,CID-454,CA-0820,2026-03-05,2026-04-04,1924.78,USD,SampleGen
INV-5cd79f67-5e0f-410a-907b-e42859623bf7,ID207776,CID-455,CA-0822,2025-07-13,2025-08-12,572.3,USD,SampleGen
INV-18a64b8a-8e40-4b9c-8b2e-71617abc9c3e,ID207777,CID-455,CA-0822,2025-08-29,2025-09-28,2955.1,USD,SampleGen
INV-d6d53f5e-1092-4135-afad-d6f0584a42cc,ID207778,CID-455,CA-0822,2025-10-30,2025-11-29,5062.32,USD,SampleGen
INV-d88846b5-ad5d-48d8-bea5-2a37147a3fdc,ID207779,CID-455,CA-0822,2025-12-07,2026-01-06,1670.4,USD,SampleGen
INV-c14b3f09-2f5e-41dd-b82d-4ce300081a8c,ID207780,CID-455,CA-0822,2026-02-03,2026-03-05,4617.14,USD,SampleGen
INV-7393442c-5623-458d-9736-a9697cb6db04,ID207781,CID-455,CA-0822,2026-03-14,2026-04-13,953.92,USD,SampleGen
INV-1f5cc1ee-b612-4826-a14a-8eff3b4a9152,ID207782,CID-456,CA-0824,2025-06-20,2025-07-20,1770.06,USD,SampleGen
INV-55fed738-8151-4c73-9dbb-b099d76b382e,ID207783,CID-456,CA-0824,2025-07-29,2025-08-28,799.1,USD,SampleGen
INV-71ff47bc-c39a-41d4-acf9-5d81dfe33c1c,ID207784,CID-456,CA-0824,2025-08-01,2025-08-31,1560.22,USD,SampleGen
INV-b255ea84-a97c-4e53-a38c-aaa6ccc8bd13,ID207785,CID-456,CA-0824,2025-08-19,2025-09-18,4593.74,USD,SampleGen
INV-f23983ab-a29b-4c9c-89ae-3bc06eea4f99,ID207786,CID-456,CA-0824,2025-09-01,2025-10-01,1890.84,USD,SampleGen
INV-3db809d3-c949-414c-a2df-c55a03dd9c93,ID207787,CID-456,CA-0824,2025-09-16,2025-10-16,1814.54,USD,SampleGen
INV-e38ba904-d252-426b-931b-6e34f112e328,ID207788,CID-456,CA-0824,2025-12-10,2026-01-09,2484.34,USD,SampleGen
INV-f785c25c-8160-4453-8c21-1051b395caf6,ID207789,CID-456,CA-0824,2025-12-16,2026-01-15,1481.64,USD,SampleGen
INV-3ac3b6c8-9163-4a6f-bf07-fb3c7aa48c9a,ID207790,CID-456,CA-0824,2026-01-10,2026-02-09,542.58,USD,SampleGen
INV-d71dedce-a568-4794-8a5c-8845b05a5570,ID207791,CID-456,CA-0824,2026-01-13,2026-02-12,572.26,USD,SampleGen
INV-eee1d766-8f86-4e43-9f1e-186124dd6064,ID207792,CID-456,CA-0824,2026-02-18,2026-03-20,5605.0,USD,SampleGen
INV-c57c1b24-f4c1-4a5c-8645-108ebe5d37b8,ID207793,CID-456,CA-0824,2026-02-24,2026-03-26,3472.42,USD,SampleGen
INV-830a71bf-b5b2-4220-bd49-a770ba866fb8,ID207794,CID-456,CA-0824,2026-02-19,2026-03-21,3319.64,USD,SampleGen
INV-86f78675-3bda-430c-8895-f3d65580ee05,ID207795,CID-456,CA-0824,2026-03-08,2026-04-07,970.74,USD,SampleGen
INV-fb298902-44f5-4cc0-910b-e13553826a82,ID207796,CID-456,CA-0824,2026-03-11,2026-04-10,4398.78,USD,SampleGen
INV-fc5649c4-49d8-422d-aecb-2ee490bc9794,ID207797,CID-456,CA-0824,2026-03-25,2026-04-24,985.66,USD,SampleGen
INV-4ca0c0f1-be53-46b8-b6dd-dbe0d99e5aaa,ID207798,CID-457,CA-0826,2025-06-25,2025-07-25,2100.7,USD,SampleGen
INV-8ea9afbc-b2e3-4c23-b3ce-ded1d8ec5f4c,ID207799,CID-457,CA-0826,2025-06-22,2025-07-22,7050.84,USD,SampleGen
INV-14c47c7c-dfe7-46f7-9d40-cf6f5ce6c62a,ID207800,CID-457,CA-0826,2025-07-20,2025-08-19,404.82,USD,SampleGen
INV-022e79a2-4b40-4a8a-a3ae-246f3151e1a0,ID207801,CID-457,CA-0826,2025-07-08,2025-08-07,1687.26,USD,SampleGen
INV-a1d5227e-6b09-48ac-bc41-04d90d1ca20d,ID207802,CID-457,CA-0826,2025-08-16,2025-09-15,4617.12,USD,SampleGen
INV-c37e4233-a32f-4f36-8181-fe836414ed2f,ID207803,CID-457,CA-0826,2025-08-02,2025-09-01,419.64,USD,SampleGen
INV-12c63b5a-e3f7-49c1-9988-e29a4f8ca8c5,ID207804,CID-457,CA-0826,2025-08-08,2025-09-07,307.3,USD,SampleGen
INV-4d9160ad-5e03-4cfc-b5e5-63f5c1167510,ID207805,CID-457,CA-0826,2025-09-29,2025-10-29,551.06,USD,SampleGen
INV-61ac2721-a2c9-401b-a569-898442d15aa8,ID207806,CID-457,CA-0826,2025-11-12,2025-12-12,3718.26,USD,SampleGen
INV-1b8a3f6c-7b88-416e-99e3-ccabcf08bb0c,ID207807,CID-457,CA-0826,2025-12-07,2026-01-06,4307.64,USD,SampleGen
INV-110670ab-d6a2-48dc-aab4-365a1d19dc41,ID207808,CID-457,CA-0826,2025-12-28,2026-01-27,2130.4,USD,SampleGen
INV-541fd53d-1082-4f13-980f-e1a18a2a35eb,ID207809,CID-457,CA-0826,2026-01-05,2026-02-04,1695.84,USD,SampleGen
INV-81a13def-3d0e-451a-aeca-bb84ba68f0bf,ID207810,CID-457,CA-0826,2026-01-16,2026-02-15,1333.22,USD,SampleGen
INV-1c8bf6e9-19c2-4210-a394-98dbc9b5ed31,ID207811,CID-457,CA-0826,2026-02-24,2026-03-26,5711.06,USD,SampleGen
INV-203d87e5-b75e-4f72-aeeb-9a4189d10359,ID207812,CID-457,CA-0826,2026-02-08,2026-03-10,1420.26,USD,SampleGen
INV-d26ab370-4b43-4adf-b6fa-33e71fc32c7a,ID207813,CID-457,CA-0826,2026-02-04,2026-03-06,3158.58,USD,SampleGen
INV-a675b21e-179d-4b9d-9d3a-10cdf9ab1644,ID207814,CID-457,CA-0826,2026-03-22,2026-04-21,3056.84,USD,SampleGen
INV-e2ee8e8f-3842-4580-a228-198cf8ce5a7a,ID207815,CID-457,CA-0826,2026-03-26,2026-04-25,671.88,USD,SampleGen
INV-91668015-42f3-4fd2-a4d3-2503ecb5576b,ID207816,CID-457,CA-0826,2026-03-23,2026-04-22,2632.8,USD,SampleGen
INV-8d339311-d493-4e99-bcdf-5eac3ab14174,ID207817,CID-457,CA-0826,2026-03-22,2026-04-21,1494.36,USD,SampleGen
INV-30a7d7d3-1df3-41e5-b323-30bd2303f299,ID207818,CID-458,CA-0828,2025-06-10,2025-07-10,5524.48,USD,SampleGen
INV-8316502c-cb6c-4223-b68e-661f348837ae,ID207819,CID-458,CA-0828,2025-07-05,2025-08-04,2520.44,USD,SampleGen
INV-58ad24e0-483a-4d0e-b4fa-672f5706c0d8,ID207820,CID-458,CA-0828,2025-08-15,2025-09-14,1611.06,USD,SampleGen
INV-a66e2c9c-8ac8-45a8-91df-8a79131fa36e,ID207821,CID-458,CA-0828,2025-08-09,2025-09-08,1447.8,USD,SampleGen
INV-adaf003f-4f16-4e38-af9c-af21697d2860,ID207822,CID-458,CA-0828,2025-09-26,2025-10-26,1996.86,USD,SampleGen
INV-2600cf3c-e336-495e-9d00-da2286a8ddda,ID207823,CID-458,CA-0828,2025-10-12,2025-11-11,945.26,USD,SampleGen
INV-d7db71e5-ea25-4bdf-bd40-6270037f44ee,ID207824,CID-458,CA-0828,2025-11-13,2025-12-13,4224.94,USD,SampleGen
INV-f22b6df3-5fa1-494f-b96b-f9aae5ae9d6c,ID207825,CID-458,CA-0828,2025-12-22,2026-01-21,1140.46,USD,SampleGen
INV-d9dad8c6-13c6-4040-9e55-6320eeeeb852,ID207826,CID-458,CA-0828,2025-12-09,2026-01-08,3090.86,USD,SampleGen
INV-932d64e1-ff3b-4ba5-82fb-ae1f355feadc,ID207827,CID-458,CA-0828,2026-01-16,2026-02-15,4396.64,USD,SampleGen
INV-d07c93f5-9bfb-439c-99a4-544d84ec7b0b,ID207828,CID-458,CA-0828,2026-02-01,2026-03-03,483.28,USD,SampleGen
INV-8d24a056-7838-4f6b-9758-3855b9c9e7bd,ID207829,CID-458,CA-0828,2026-02-28,2026-03-30,1420.18,USD,SampleGen
INV-a179036d-5f98-48b7-b315-ba817ef89671,ID207830,CID-458,CA-0828,2026-02-13,2026-03-15,659.1,USD,SampleGen
INV-a651c9f7-2aef-4ccf-9f55-9d0c7e6546c0,ID207831,CID-458,CA-0828,2026-02-09,2026-03-11,5096.28,USD,SampleGen
INV-9d1c016c-df8a-40a6-92c4-1f955e984d1d,ID207832,CID-458,CA-0828,2026-03-27,2026-04-26,1784.9,USD,SampleGen
INV-a4f30f8b-50fa-4d0c-b5bf-5c4edaaa4d16,ID207833,CID-458,CA-0828,2026-03-17,2026-04-16,4339.42,USD,SampleGen
INV-30fd6e7c-4785-4813-ab02-9cf257977aa7,ID207834,CID-458,CA-0828,2026-03-03,2026-04-02,3090.86,USD,SampleGen
INV-e7969c8d-6fa2-44d6-946c-7d4cb07b0da7,ID207835,CID-459,CA-1532,2025-06-29,2025-07-29,3417.32,USD,SampleGen
INV-3263dc4e-dfb8-4e27-bb36-1a29e3cc3219,ID207836,CID-459,CA-1532,2025-06-17,2025-07-17,750.3,USD,SampleGen
INV-40b31630-10c6-4d35-bd39-0e06d77c81c5,ID207837,CID-459,CA-1532,2025-06-02,2025-07-02,1303.66,USD,SampleGen
INV-32e54f7a-d6be-47c6-a3f0-e78fc4b3922f,ID207838,CID-459,CA-1532,2025-07-01,2025-07-31,2085.94,USD,SampleGen
INV-d7bd1d67-027d-49da-bfc5-372157b5b8e2,ID207839,CID-459,CA-1532,2025-07-10,2025-08-09,3294.3,USD,SampleGen
INV-73e0b306-1136-4593-b0e0-7b19c4b842b8,ID207840,CID-459,CA-1532,2025-07-31,2025-08-30,4820.74,USD,SampleGen
INV-8e4ecaa5-a6ae-4291-a291-eee80b8e1860,ID207841,CID-459,CA-1532,2025-07-19,2025-08-18,521.38,USD,SampleGen
INV-9cf6c5a5-6470-43f6-9f3b-4ad67d35bd63,ID207842,CID-459,CA-1532,2025-07-28,2025-08-27,1975.68,USD,SampleGen
INV-f675686d-3583-49d3-bc53-732eaef3856a,ID207843,CID-459,CA-1532,2025-08-03,2025-09-02,1220.86,USD,SampleGen
INV-0e3903b9-f6ac-4a50-9182-35059d092cc4,ID207844,CID-459,CA-1532,2025-08-28,2025-09-27,1551.7,USD,SampleGen
INV-f39090f7-3907-4d6e-9d73-abe0b6fad70e,ID207845,CID-459,CA-1532,2025-08-16,2025-09-15,2126.16,USD,SampleGen
INV-08e404cb-5559-4b5f-abf0-61cacc99f2cb,ID207846,CID-459,CA-1532,2025-08-15,2025-09-14,3408.78,USD,SampleGen
INV-26b01fb8-7b22-4fe7-914a-c4ed83f3c901,ID207847,CID-459,CA-1532,2025-08-31,2025-09-30,3718.28,USD,SampleGen
INV-5a83fc82-8de3-4ca7-bc12-1bed4f69a4bd,ID207848,CID-459,CA-1532,2025-08-12,2025-09-11,3135.24,USD,SampleGen
INV-502e9da9-704b-4b35-a84c-8a30d671fd9b,ID207849,CID-459,CA-1532,2025-08-10,2025-09-09,1721.28,USD,SampleGen
INV-b2c25121-79c8-42e8-bbe6-fba2d4da3c78,ID207850,CID-459,CA-1532,2025-09-08,2025-10-08,2963.54,USD,SampleGen
INV-420526aa-921c-4551-a7f7-c190111b2fe4,ID207851,CID-459,CA-1532,2025-10-19,2025-11-18,949.56,USD,SampleGen
INV-2939a040-38ef-4adc-973b-5df4638760b9,ID207852,CID-459,CA-1532,2025-10-06,2025-11-05,3866.74,USD,SampleGen
INV-cc6d6a2e-a7b4-4358-a066-0484e7ac6b87,ID207853,CID-459,CA-1532,2025-11-23,2025-12-23,4286.42,USD,SampleGen
INV-5aa8680e-deea-4799-8d3f-2caa2ed2d2dc,ID207854,CID-459,CA-1532,2025-11-21,2025-12-21,1358.7,USD,SampleGen
INV-7539476e-17be-4c69-95db-7b5ed6394d82,ID207855,CID-459,CA-1532,2025-12-29,2026-01-28,4070.24,USD,SampleGen
INV-59bd6568-e8fe-4d82-9e8d-0f8960b05c7f,ID207856,CID-459,CA-1532,2025-12-30,2026-01-29,953.9,USD,SampleGen
INV-15a8fe47-a3ca-4bcf-b3cb-66c72838e5e1,ID207857,CID-459,CA-1532,2025-12-31,2026-01-30,2403.84,USD,SampleGen
INV-4f0741ee-fb3b-4ccb-a58e-25c8ea0a2cee,ID207858,CID-459,CA-1532,2026-01-01,2026-01-31,4027.8,USD,SampleGen
INV-168a971d-15f2-4d9e-8ec9-7e992c1e0eca,ID207859,CID-459,CA-1532,2025-12-19,2026-01-18,4248.26,USD,SampleGen
INV-0b628dbe-790f-4957-adcd-05f1ec040682,ID207860,CID-459,CA-1532,2026-01-22,2026-02-21,1112.92,USD,SampleGen
INV-e3909a46-aaea-4326-b12f-cc57fcb10c7f,ID207861,CID-459,CA-1532,2026-01-23,2026-02-22,572.34,USD,SampleGen
INV-a4909114-23a1-4ccb-944f-17274a1b1653,ID207862,CID-459,CA-1532,2026-01-18,2026-02-17,110.16,USD,SampleGen
INV-73ee9ac2-ca43-4636-81a0-3b6f5fe1bcd5,ID207863,CID-459,CA-1532,2026-01-03,2026-02-02,2923.18,USD,SampleGen
INV-9919eb33-f036-468d-ba10-0ceaa15b19fe,ID207864,CID-459,CA-1532,2026-01-22,2026-02-21,805.56,USD,SampleGen
INV-caaffcbd-60b3-459b-b789-762cec0fbd81,ID207865,CID-459,CA-1532,2026-02-11,2026-03-13,6711.7,USD,SampleGen
INV-ae450132-e885-4adf-aab6-8fed723b585c,ID207866,CID-459,CA-1532,2026-02-02,2026-03-04,991.86,USD,SampleGen
INV-cb9631aa-c8e4-432a-af1b-5e6dc03b5abe,ID207867,CID-459,CA-1532,2026-02-21,2026-03-23,4277.88,USD,SampleGen
INV-cbc95249-deb4-4555-95b4-047355f1719c,ID207868,CID-459,CA-1532,2026-03-01,2026-03-31,3807.3,USD,SampleGen
INV-85f83fef-defe-420a-848c-5f9c235f1bf0,ID207869,CID-459,CA-1532,2026-02-04,2026-03-06,5418.4,USD,SampleGen
INV-a48ac3e2-d037-4dc8-9f5d-23b6de360530,ID207870,CID-459,CA-1532,2026-02-23,2026-03-25,3877.3,USD,SampleGen
INV-ff47d6e2-e42f-4203-8362-ec6aecdf27af,ID207871,CID-459,CA-1532,2026-02-18,2026-03-20,309.42,USD,SampleGen
INV-50510aa6-3754-437c-b8d2-527cf4b815cd,ID207872,CID-459,CA-1532,2026-02-28,2026-03-30,635.9,USD,SampleGen
INV-79dd90b1-fb04-49a5-8523-c68d2132e34f,ID207873,CID-459,CA-1532,2026-02-11,2026-03-13,712.18,USD,SampleGen
INV-a796d1a4-fa19-4691-81e9-e1d9bad9c39c,ID207874,CID-459,CA-1532,2026-03-26,2026-04-25,576.56,USD,SampleGen
INV-32e1f8d1-18f5-4787-96e1-95feb3d2419a,ID207875,CID-459,CA-1532,2026-03-05,2026-04-04,4019.32,USD,SampleGen
INV-edc82a41-6562-448f-b01d-c61b8afc2534,ID207876,CID-459,CA-1532,2026-03-15,2026-04-14,979.26,USD,SampleGen
INV-bf8ce687-3acb-458a-9ba7-80f962b8f934,ID207877,CID-459,CA-1532,2026-03-03,2026-04-02,568.04,USD,SampleGen
INV-4edff26b-4db3-4812-a385-55ad3e492fea,ID207878,CID-459,CA-1532,2026-03-10,2026-04-09,300.96,USD,SampleGen
INV-e197e97b-c4bb-4dff-82a5-a60d4f702e1a,ID207879,CID-459,CA-1532,2026-03-03,2026-04-02,1577.12,USD,SampleGen
INV-6f83da87-72cc-4c09-9043-79c64ba2552e,ID207880,CID-459,CA-1532,2026-03-27,2026-04-26,296.7,USD,SampleGen
INV-86c21d66-b7d9-49dd-b81d-ab9b555ebaea,ID207881,CID-459,CA-1532,2026-03-17,2026-04-16,3775.42,USD,SampleGen
INV-ed982dd5-7640-4525-bf53-4c272ee52f6c,ID207882,CID-459,CA-1532,2026-03-30,2026-04-29,2919.12,USD,SampleGen
INV-5ed1e0ae-c26b-4715-b4ca-63b74ee89fba,ID207883,CID-459,CA-1532,2026-03-03,2026-04-02,1034.4,USD,SampleGen
INV-b3363ada-f19b-4ff9-b294-e59d0a252a55,ID207884,CID-459,CA-1532,2026-03-16,2026-04-15,5130.18,USD,SampleGen
INV-19c856b7-509f-4e22-bda9-7efae76d117a,ID207885,CID-460,CA-0831,2025-06-18,2025-07-18,2679.4,USD,SampleGen
INV-5b84f67f-7f12-4432-834c-4cb02413f9a0,ID207886,CID-460,CA-0831,2025-07-10,2025-08-09,2454.68,USD,SampleGen
INV-bc459273-ac39-4a68-98d6-d8b0cec8de26,ID207887,CID-460,CA-0831,2025-08-09,2025-09-08,2382.76,USD,SampleGen
INV-7803cc46-8443-4869-9089-1306d5764d36,ID207888,CID-460,CA-0831,2025-10-03,2025-11-02,1975.68,USD,SampleGen
INV-389e150e-4005-4078-a0d5-ca644658af59,ID207889,CID-460,CA-0831,2025-12-16,2026-01-15,1170.02,USD,SampleGen
INV-91a2cfff-e504-4cbf-beac-edfdbc491c44,ID207890,CID-460,CA-0831,2026-01-25,2026-02-24,1820.94,USD,SampleGen
INV-a3ca762a-2553-487c-ac8d-112e884fdc5e,ID207891,CID-460,CA-0831,2026-02-16,2026-03-18,1598.34,USD,SampleGen
INV-78d13496-a6f2-4d3b-a0d5-076c721159e6,ID207892,CID-460,CA-0831,2026-02-17,2026-03-19,1742.44,USD,SampleGen
INV-b9f393f1-bec4-429e-a241-f572734edcf6,ID207893,CID-460,CA-0831,2026-03-05,2026-04-04,4112.58,USD,SampleGen
INV-9a069eab-ac79-4f56-aa92-adf7572a1c4f,ID207894,CID-460,CA-0831,2026-04-01,2026-05-01,2698.52,USD,SampleGen
INV-949025b1-812c-4941-a302-a78c06d98484,ID207895,CID-461,CA-0833,2025-07-22,2025-08-21,659.14,USD,SampleGen
INV-41d2f413-8be4-4aa4-9769-e62c6a7b0234,ID207896,CID-461,CA-0833,2025-08-18,2025-09-17,4417.96,USD,SampleGen
INV-13346ce9-729d-40d4-b44d-e111b4122919,ID207897,CID-461,CA-0833,2025-09-17,2025-10-17,2528.96,USD,SampleGen
INV-35900cc7-fff6-4ced-8ccd-9176e6a9bc47,ID207898,CID-461,CA-0833,2025-10-30,2025-11-29,998.24,USD,SampleGen
INV-9bbc2502-af26-4dbf-bbdc-167592f50a4d,ID207899,CID-461,CA-0833,2025-11-18,2025-12-18,631.62,USD,SampleGen
INV-72f0925b-af96-40cc-9b6a-5f2beb0367fa,ID207900,CID-461,CA-0833,2025-12-20,2026-01-19,523.5,USD,SampleGen
INV-7b16cfd9-bccb-412a-8b50-d76275b02479,ID207901,CID-461,CA-0833,2026-01-16,2026-02-15,5418.6,USD,SampleGen
INV-dc914317-c990-4e62-a332-5282e99b17e1,ID207902,CID-461,CA-0833,2026-02-05,2026-03-07,4180.44,USD,SampleGen
INV-dd1e19d4-bfa1-4ce6-886c-e622a20e5641,ID207903,CID-461,CA-0833,2026-02-13,2026-03-15,1653.52,USD,SampleGen
INV-a08f8940-6e83-45be-ab12-e3ed988a8e96,ID207904,CID-461,CA-0833,2026-03-24,2026-04-23,563.76,USD,SampleGen
INV-88738ad6-2d50-48a3-9223-f0c2ebfa6e78,ID207905,CID-461,CA-0833,2026-03-14,2026-04-13,1165.78,USD,SampleGen
INV-172f9593-98d6-4dd3-bac1-a03e5f74c243,ID207906,CID-462,CA-0835,2025-06-06,2025-07-06,2526.9,USD,SampleGen
INV-89f1ad59-c425-4cb4-b2c0-59826de5b264,ID207907,CID-462,CA-0835,2025-08-01,2025-08-31,905.06,USD,SampleGen
INV-ce7d1384-2298-4fc7-86a0-a22e27a028ff,ID207908,CID-462,CA-0835,2025-08-13,2025-09-12,2017.96,USD,SampleGen
INV-2130a7ef-0b42-4e86-ae8a-782dea3744c2,ID207909,CID-462,CA-0835,2025-11-11,2025-12-11,1526.24,USD,SampleGen
INV-948e5347-5443-4194-b0cf-dde5096be6d5,ID207910,CID-462,CA-0835,2025-12-06,2026-01-05,972.94,USD,SampleGen
INV-65c29946-b081-4722-8937-b02b032b274f,ID207911,CID-462,CA-0835,2026-01-09,2026-02-08,4099.82,USD,SampleGen
INV-1a9de68e-78cf-4de8-83a2-49a84fd1b242,ID207912,CID-462,CA-0835,2026-02-03,2026-03-05,1030.2,USD,SampleGen
INV-00f5345b-ffd4-4a95-8bce-d08a6a4993d1,ID207913,CID-462,CA-0835,2026-03-30,2026-04-29,4451.74,USD,SampleGen
INV-fb7821a1-d4a5-4cb1-88b4-1cb7baff79e7,ID207914,CID-462,CA-0835,2026-03-04,2026-04-03,5524.42,USD,SampleGen
INV-738d9f90-57da-4a30-9f45-32814f906d77,ID207915,CID-463,CA-0837,2025-06-24,2025-07-24,3171.26,USD,SampleGen
INV-ee60b5b7-8e28-4506-a40b-ce94c77b2d99,ID207916,CID-463,CA-0837,2025-06-07,2025-07-07,3792.44,USD,SampleGen
INV-3a4270cb-1cb2-4ae9-b3d8-1a177b4f302f,ID207917,CID-463,CA-0837,2025-07-11,2025-08-10,2679.46,USD,SampleGen
INV-497d6e3b-8525-4468-8b36-0acadb28610b,ID207918,CID-463,CA-0837,2025-07-03,2025-08-02,1420.26,USD,SampleGen
INV-cfdb3cd6-9022-4d32-a772-98ce8372f108,ID207919,CID-463,CA-0837,2025-08-15,2025-09-14,1197.58,USD,SampleGen
INV-767bb5e4-3e13-4ed4-b34e-066b6a1e2ec2,ID207920,CID-463,CA-0837,2025-08-06,2025-09-05,1335.48,USD,SampleGen
INV-d2cbd1b3-343a-44d2-8317-30eae97b4f19,ID207921,CID-463,CA-0837,2025-08-23,2025-09-22,3981.24,USD,SampleGen
INV-c4154130-e0f3-4a51-8e79-15abf45e11ab,ID207922,CID-463,CA-0837,2025-09-11,2025-10-11,928.34,USD,SampleGen
INV-b11e0f39-e68d-4528-a1e3-77d27ad81453,ID207923,CID-463,CA-0837,2025-10-26,2025-11-25,2628.58,USD,SampleGen
INV-48cfa0c8-b8ba-40c3-b606-fa3d8e137114,ID207924,CID-463,CA-0837,2025-11-10,2025-12-10,2049.82,USD,SampleGen
INV-60bd7f4e-4cdf-46cc-a00d-2b949465552a,ID207925,CID-463,CA-0837,2025-12-27,2026-01-26,2645.48,USD,SampleGen
INV-3cc1dc58-0be1-41a3-9e9b-8cdf4264c2de,ID207926,CID-463,CA-0837,2025-12-18,2026-01-17,4263.08,USD,SampleGen
INV-00dfa153-f23a-4195-a38c-4f43792e3c21,ID207927,CID-463,CA-0837,2025-12-15,2026-01-14,1500.82,USD,SampleGen
INV-b95ad613-d2b2-4bf8-b9c6-7d990b6d255c,ID207928,CID-463,CA-0837,2026-01-22,2026-02-21,423.98,USD,SampleGen
INV-904ca948-ec80-4672-bb97-103f2ed6d4d1,ID207929,CID-463,CA-0837,2026-01-20,2026-02-19,763.12,USD,SampleGen
INV-b7d44e15-536e-42cc-89d2-f9e041efcba7,ID207930,CID-463,CA-0837,2026-02-09,2026-03-11,3035.64,USD,SampleGen
INV-53ceb629-557d-4aef-acc5-56e79eb74358,ID207931,CID-463,CA-0837,2026-02-19,2026-03-21,945.44,USD,SampleGen
INV-e527c7e5-f6aa-4bc3-88a1-10063f4dcb5e,ID207932,CID-463,CA-0837,2026-02-25,2026-03-27,1246.4,USD,SampleGen
INV-b5ae5c36-2496-4def-8ea6-446309da26c1,ID207933,CID-463,CA-0837,2026-03-15,2026-04-14,3904.84,USD,SampleGen
INV-fb869ab0-474c-43a1-b72b-747fb11150b4,ID207934,CID-463,CA-0837,2026-03-02,2026-04-01,5821.24,USD,SampleGen
INV-f7f36f03-b267-4bcc-8a95-9b7f0c5035fa,ID207935,CID-463,CA-0837,2026-03-30,2026-04-29,5482.06,USD,SampleGen
INV-beb34ff3-acd1-47e7-8bfb-d61cf98689e8,ID207936,CID-463,CA-0837,2026-03-13,2026-04-12,1184.94,USD,SampleGen
INV-6c23b898-6521-42a2-bdd8-7e593ec1f34d,ID207937,CID-463,CA-0837,2026-03-29,2026-04-28,1148.86,USD,SampleGen
INV-8cd13714-9a13-4c8e-b251-6892eba9967c,ID207938,CID-464,CA-0839,2025-06-25,2025-07-25,1500.82,USD,SampleGen
INV-2a1be00e-9810-4a37-8df5-fe4c747f5b23,ID207939,CID-464,CA-0839,2025-07-15,2025-08-14,3285.86,USD,SampleGen
INV-0f22d795-31ca-4bc1-8951-a1fce67c7d49,ID207940,CID-464,CA-0839,2025-08-16,2025-09-15,2253.42,USD,SampleGen
INV-88578979-51f7-434d-be60-01497ff16ad4,ID207941,CID-464,CA-0839,2025-08-09,2025-09-08,1136.04,USD,SampleGen
INV-00f2a9fb-6af7-4f4d-bddb-4d6580d27ca1,ID207942,CID-464,CA-0839,2025-10-30,2025-11-29,1750.96,USD,SampleGen
INV-6920a91d-413d-4ac7-9057-cd1e0fcaaeda,ID207943,CID-464,CA-0839,2025-12-20,2026-01-19,4265.24,USD,SampleGen
INV-48b85484-7697-4b34-9c96-6bbb6ff08fa1,ID207944,CID-464,CA-0839,2026-01-18,2026-02-17,364.56,USD,SampleGen
INV-381de56b-0d01-4fad-ad16-a4dc90c8a9ad,ID207945,CID-464,CA-0839,2026-02-09,2026-03-11,2904.3,USD,SampleGen
INV-d916efce-7a43-4423-849c-d8ace3947807,ID207946,CID-464,CA-0839,2026-03-15,2026-04-14,712.22,USD,SampleGen
INV-b2c8e6e8-3fc1-41d8-af71-672c5e463294,ID207947,CID-464,CA-0839,2026-03-06,2026-04-05,2380.5,USD,SampleGen
INV-871423cb-44b0-4663-a064-502469eb9b5b,ID207948,CID-465,CA-0841,2025-08-27,2025-09-26,1801.88,USD,SampleGen
INV-e21e1f58-1309-48b7-8e2e-a909793dea35,ID207949,CID-465,CA-0841,2025-12-30,2026-01-29,3682.22,USD,SampleGen
INV-018cf2fb-6e42-4c2c-a8aa-9bbb314ffc42,ID207950,CID-465,CA-0841,2026-01-08,2026-02-07,1577.12,USD,SampleGen
INV-0f6f7bb3-47dc-4b59-8e50-caafbfbfd7c8,ID207951,CID-466,CA-1533,2025-06-02,2025-07-02,3400.24,USD,SampleGen
INV-923dc967-baf4-47c4-b48f-77195c7c3042,ID207952,CID-466,CA-1533,2025-07-23,2025-08-22,3773.32,USD,SampleGen
INV-d638c619-bd5c-48a1-9a64-e26a0dde78c3,ID207953,CID-466,CA-1533,2025-08-10,2025-09-09,1636.5,USD,SampleGen
INV-6e616d15-7f53-441f-bbd0-94497a6fd84e,ID207954,CID-466,CA-1533,2025-08-24,2025-09-23,1657.66,USD,SampleGen
INV-2296f1eb-111a-4a5a-8599-e4b99ae595f9,ID207955,CID-466,CA-1533,2025-09-11,2025-10-11,2601.06,USD,SampleGen
INV-29bca6ae-a507-4c75-8f75-4c737fb94896,ID207956,CID-466,CA-1533,2025-10-28,2025-11-27,2598.9,USD,SampleGen
INV-8020bf37-0dcf-4334-a5db-9f111b81d1b4,ID207957,CID-466,CA-1533,2025-11-05,2025-12-05,1331.26,USD,SampleGen
INV-8f26d118-37a2-4dba-887d-3486e8de39f0,ID207958,CID-466,CA-1533,2026-01-01,2026-01-31,1708.58,USD,SampleGen
INV-fca6e46b-746e-4526-9a92-ed4774e650df,ID207959,CID-466,CA-1533,2025-12-18,2026-01-17,5713.18,USD,SampleGen
INV-1c53cde4-a22e-4e42-8b24-10a52de54518,ID207960,CID-466,CA-1533,2026-01-28,2026-02-27,1144.68,USD,SampleGen
INV-df01a5f8-4b6e-4b15-a275-77005517a648,ID207961,CID-466,CA-1533,2026-01-27,2026-02-26,190.78,USD,SampleGen
INV-e186b1e6-549b-4977-a7a9-359f54bfb71b,ID207962,CID-466,CA-1533,2026-02-26,2026-03-28,5092.06,USD,SampleGen
INV-490cd6cf-7387-4e42-899a-7a9e01bea4ed,ID207963,CID-466,CA-1533,2026-02-14,2026-03-16,1496.62,USD,SampleGen
INV-7cb9b209-451a-49c9-851a-e9f42d7d9ee6,ID207964,CID-466,CA-1533,2026-03-28,2026-04-27,389.92,USD,SampleGen
INV-71b9f435-9ef7-4d78-bc1b-ee2b8151156a,ID207965,CID-466,CA-1533,2026-03-03,2026-04-02,512.88,USD,SampleGen
INV-693d623b-7f7a-4b5e-a0a3-588c9084e756,ID207966,CID-467,CA-0844,2025-07-01,2025-07-31,947.42,USD,SampleGen
INV-632aeabb-a9fd-4346-9bfc-261fff603650,ID207967,CID-467,CA-0844,2025-07-23,2025-08-22,3718.36,USD,SampleGen
INV-927a91a2-ce27-45ba-a29e-e52af7ca99d5,ID207968,CID-467,CA-0844,2025-08-30,2025-09-29,1899.4,USD,SampleGen
INV-8883636d-ec94-40a0-bec5-0b5c3a155e6b,ID207969,CID-467,CA-0844,2025-11-13,2025-12-13,4292.78,USD,SampleGen
INV-7151b7d8-ac4a-41d5-b6dd-adf856a6f29e,ID207970,CID-467,CA-0844,2025-12-26,2026-01-25,4718.88,USD,SampleGen
INV-53dc289e-fbbb-4c42-bfbe-d03b9180c17f,ID207971,CID-467,CA-0844,2026-01-02,2026-02-01,1288.78,USD,SampleGen
INV-d0dc9757-c3ae-4b89-9567-990d14be40d6,ID207972,CID-467,CA-0844,2026-02-16,2026-03-18,1780.68,USD,SampleGen
INV-3df6face-47a4-4356-abdb-944ae7f9cd54,ID207973,CID-467,CA-0844,2026-02-02,2026-03-04,1153.08,USD,SampleGen
INV-c98e4a36-a89c-44d2-9761-93c4a1a41cee,ID207974,CID-467,CA-0844,2026-03-14,2026-04-13,860.64,USD,SampleGen
INV-66871e57-1994-4758-bbcf-afd7d31725f2,ID207975,CID-467,CA-0844,2026-03-23,2026-04-22,2336.0,USD,SampleGen
INV-b3ba5b7f-55bb-462b-95f6-352f03785fc3,ID207976,CID-467,CA-0844,2026-03-29,2026-04-28,864.84,USD,SampleGen
INV-78f56800-0a42-445c-be37-81668b175ae1,ID207977,CID-468,CA-0845,2025-06-10,2025-07-10,288.24,USD,SampleGen
INV-fc0bd956-b435-47d9-9034-5b6970957bce,ID207978,CID-468,CA-0845,2025-07-15,2025-08-14,5851.02,USD,SampleGen
INV-f7162b4c-efb5-438a-a3ed-c01d16b6d858,ID207979,CID-468,CA-0845,2025-07-16,2025-08-15,1197.6,USD,SampleGen
INV-85364e9b-289d-4439-8931-2896975569f7,ID207980,CID-468,CA-0845,2025-08-11,2025-09-10,3580.44,USD,SampleGen
INV-cf27dd48-1c0b-4fb0-986e-e9d193a93b2b,ID207981,CID-468,CA-0845,2025-08-22,2025-09-21,661.32,USD,SampleGen
INV-98d386e2-0d3a-45e4-917c-951aef77f3e8,ID207982,CID-468,CA-0845,2025-09-30,2025-10-30,445.08,USD,SampleGen
INV-2e3dfe77-4bcf-403e-a666-1d3f12186f55,ID207983,CID-468,CA-0845,2025-11-09,2025-12-09,2662.52,USD,SampleGen
INV-fcca7dfe-0326-4bf9-b742-fbb92be8a81f,ID207984,CID-468,CA-0845,2025-12-02,2026-01-01,555.34,USD,SampleGen
INV-056b64f9-c7c4-401e-b532-bd3c33061e48,ID207985,CID-468,CA-0845,2025-12-13,2026-01-12,557.4,USD,SampleGen
INV-476b1a7b-cbe9-436a-a337-53b787965e1b,ID207986,CID-468,CA-0845,2026-01-18,2026-02-17,254.34,USD,SampleGen
INV-0ed1bce9-b92b-4663-912b-dfa63606c0da,ID207987,CID-468,CA-0845,2026-02-02,2026-03-04,4273.74,USD,SampleGen
INV-2fe3a668-8169-427e-adaf-63bd280c21a9,ID207988,CID-468,CA-0845,2026-02-17,2026-03-19,4002.4,USD,SampleGen
INV-23ee75d6-f518-4342-9903-5129331891ab,ID207989,CID-468,CA-0845,2026-03-24,2026-04-23,2503.44,USD,SampleGen
INV-2dbf33c8-52f2-49d2-84f5-5c73b2282980,ID207990,CID-468,CA-0845,2026-03-21,2026-04-20,572.26,USD,SampleGen
INV-0a109dc7-69a4-47da-80f5-131a8cbb24e1,ID207991,CID-468,CA-0845,2026-03-10,2026-04-09,3389.62,USD,SampleGen
INV-8fc9af05-dfb9-45e5-a1c6-de6c62932a93,ID207992,CID-469,CA-0847,2025-06-23,2025-07-23,1918.36,USD,SampleGen
INV-4b78bcd3-bea1-43c8-8e51-fe65b57d0638,ID207993,CID-469,CA-0847,2025-07-17,2025-08-16,245.84,USD,SampleGen
INV-5f9216ff-0cee-4303-a94f-4e53aff97f7b,ID207994,CID-469,CA-0847,2025-07-15,2025-08-14,3243.3,USD,SampleGen
INV-ae3e571a-4a6b-4fd8-b70c-b13047819460,ID207995,CID-469,CA-0847,2025-08-29,2025-09-28,1806.0,USD,SampleGen
INV-cdf25474-8776-4951-a278-21402d3081bd,ID207996,CID-469,CA-0847,2025-08-04,2025-09-03,2208.88,USD,SampleGen
INV-d6a4fd45-6a6f-4398-bc88-6b7bbe874412,ID207997,CID-469,CA-0847,2025-09-29,2025-10-29,525.6,USD,SampleGen
INV-1689bff1-0b31-4f16-b6a5-1f555ea0eb27,ID207998,CID-469,CA-0847,2025-10-05,2025-11-04,4180.44,USD,SampleGen
INV-95c7f80e-4e62-4bb5-892e-1312bbb4af36,ID207999,CID-469,CA-0847,2025-12-14,2026-01-13,3739.54,USD,SampleGen
INV-fd82ffed-1b7f-47fd-8d94-cea0614f530b,ID208000,CID-469,CA-0847,2026-01-11,2026-02-10,2989.06,USD,SampleGen
INV-2fffe5c8-b13e-4476-b03b-9d503f3e6074,ID208001,CID-469,CA-0847,2026-02-20,2026-03-22,1522.0,USD,SampleGen
INV-15fad065-e346-4510-a705-cb6bff4833aa,ID208002,CID-469,CA-0847,2026-02-08,2026-03-10,2312.74,USD,SampleGen
INV-9f7827f5-500a-49b4-a025-547ba5733f7c,ID208003,CID-469,CA-0847,2026-03-16,2026-04-15,576.56,USD,SampleGen
INV-02289581-cc89-4187-9515-d4fd4ae1fa8c,ID208004,CID-469,CA-0847,2026-03-30,2026-04-29,538.36,USD,SampleGen
INV-fb63b6f1-057f-4674-9401-d319f5de7179,ID208005,CID-469,CA-0847,2026-03-16,2026-04-15,2085.92,USD,SampleGen
INV-ec3ffaab-3556-42ae-9c17-e8c04f2c5383,ID208006,CID-470,CA-0849,2025-06-12,2025-07-12,3332.36,USD,SampleGen
INV-239d740a-6510-4e7d-acbc-448b115a817d,ID208007,CID-470,CA-0849,2025-07-12,2025-08-11,553.14,USD,SampleGen
INV-501e077b-f53e-4c6d-ba60-97dd318a791a,ID208008,CID-470,CA-0849,2025-08-22,2025-09-21,1076.72,USD,SampleGen
INV-eff5e5ff-64e6-461a-b895-adcecadfc089,ID208009,CID-470,CA-0849,2025-12-27,2026-01-26,6881.26,USD,SampleGen
INV-de16067d-b788-40da-893d-db39c75e1428,ID208010,CID-470,CA-0849,2025-12-23,2026-01-22,966.56,USD,SampleGen
INV-64cc9498-bf1a-46cc-a376-e46995586607,ID208011,CID-470,CA-0849,2026-01-02,2026-02-01,4559.9,USD,SampleGen
INV-ffecc084-011b-4101-b58e-14418406c307,ID208012,CID-470,CA-0849,2026-02-14,2026-03-16,2149.56,USD,SampleGen
INV-a95c1549-4d7e-40f9-8f12-734ca8f51067,ID208013,CID-470,CA-0849,2026-03-28,2026-04-27,2442.1,USD,SampleGen
INV-53828b9d-1397-4e32-a45c-13f76a30c56e,ID208014,CID-471,CA-0851,2025-08-03,2025-09-02,1288.74,USD,SampleGen
INV-2b5ecab8-ff71-41c7-b09d-a3b8227ceda7,ID208015,CID-471,CA-0851,2025-10-16,2025-11-15,4400.86,USD,SampleGen
INV-e28ec35e-9e08-4b82-ba48-aa72c17f9171,ID208016,CID-471,CA-0851,2025-12-17,2026-01-16,3128.88,USD,SampleGen
INV-384292ac-5357-4609-8203-5a8f7b406e58,ID208017,CID-471,CA-0851,2026-02-08,2026-03-10,684.58,USD,SampleGen
INV-dd82c843-d7be-4e40-9c1e-86d170bdcd38,ID208018,CID-471,CA-0851,2026-04-01,2026-05-01,3319.68,USD,SampleGen
INV-a1c38437-5e6d-4f78-a673-5c6daa52423e,ID208019,CID-472,CA-0853,2025-06-15,2025-07-15,1148.9,USD,SampleGen
INV-0c488d7b-378d-4ab6-9178-5b9cba5834d4,ID208020,CID-472,CA-0853,2025-08-14,2025-09-13,1890.88,USD,SampleGen
INV-ef85c7fb-69e9-4deb-b887-82807dcd6377,ID208021,CID-472,CA-0853,2025-09-09,2025-10-09,349.7,USD,SampleGen
INV-f56c497d-2751-4970-ad20-790e814043ad,ID208022,CID-472,CA-0853,2025-12-20,2026-01-19,1254.8,USD,SampleGen
INV-e0415de4-9ad4-43fc-b213-dbd97144fdc8,ID208023,CID-472,CA-0853,2026-01-09,2026-02-08,2124.12,USD,SampleGen
INV-0804e5ad-d99a-4e38-a8c8-b8eb29ae5c68,ID208024,CID-472,CA-0853,2026-03-23,2026-04-22,4850.34,USD,SampleGen
INV-395035ac-462f-448f-8a0d-290aa9a13cd1,ID208025,CID-473,CA-0855,2025-06-15,2025-07-15,358.18,USD,SampleGen
INV-fc8c8270-a2ac-4c6b-aa7a-2df0b133af0c,ID208026,CID-473,CA-0855,2025-06-10,2025-07-10,4472.98,USD,SampleGen
INV-6cea38fd-b430-45bb-846b-fdfaed2f03fd,ID208027,CID-473,CA-0855,2025-07-24,2025-08-23,1564.26,USD,SampleGen
INV-71ee5d8d-8925-497f-8148-efb608630211,ID208028,CID-473,CA-0855,2025-07-18,2025-08-17,3637.64,USD,SampleGen
INV-60c1d2bf-aae5-4872-8db4-51ee98cbff3a,ID208029,CID-473,CA-0855,2025-08-04,2025-09-03,1456.14,USD,SampleGen
INV-51be6b34-2248-4a2d-9f8f-7bd82db8488b,ID208030,CID-473,CA-0855,2025-08-25,2025-09-24,992.0,USD,SampleGen
INV-70de118c-d131-400e-b151-02f4a39c34f9,ID208031,CID-473,CA-0855,2025-08-12,2025-09-11,1496.62,USD,SampleGen
INV-fffe010f-6fdb-4ace-b160-8c37d6ce41e4,ID208032,CID-473,CA-0855,2025-10-12,2025-11-11,4320.42,USD,SampleGen
INV-7b5f9d40-d128-4a7d-8982-27e116e88207,ID208033,CID-473,CA-0855,2025-11-18,2025-12-18,4797.3,USD,SampleGen
INV-6260298e-9731-4974-9087-9c669d7f334e,ID208034,CID-473,CA-0855,2025-12-09,2026-01-08,4411.5,USD,SampleGen
INV-d06d6c15-a602-4462-ac88-2df99c6786ed,ID208035,CID-473,CA-0855,2025-12-16,2026-01-15,2662.44,USD,SampleGen
INV-71ed05e5-9b0a-4f5e-899a-cc4a8e696b43,ID208036,CID-473,CA-0855,2026-01-04,2026-02-03,1038.6,USD,SampleGen
INV-e98b6311-efa5-48d6-a671-ea8d398f3474,ID208037,CID-473,CA-0855,2026-01-02,2026-02-01,1500.84,USD,SampleGen
INV-2600473a-226d-4b5f-832f-ede3def0c6f4,ID208038,CID-473,CA-0855,2026-02-21,2026-03-23,659.14,USD,SampleGen
INV-fbe98d4f-1f4e-4d81-93d7-dca8d8fa6036,ID208039,CID-473,CA-0855,2026-02-26,2026-03-28,4491.98,USD,SampleGen
INV-1b967fd9-42d6-4869-aa10-467e07b1343d,ID208040,CID-473,CA-0855,2026-02-20,2026-03-22,1195.56,USD,SampleGen
INV-4954c091-ca2a-4265-aa61-da1d2da7071e,ID208041,CID-473,CA-0855,2026-02-27,2026-03-29,2806.68,USD,SampleGen
INV-ac8c0e2c-efa4-4d28-9a81-9158f94b0a97,ID208042,CID-473,CA-0855,2026-03-18,2026-04-17,945.34,USD,SampleGen
INV-ab5eeae0-6832-4e3f-b2e7-698ed725a7d6,ID208043,CID-473,CA-0855,2026-03-04,2026-04-03,843.54,USD,SampleGen
INV-a27030a9-1760-485a-8984-00f273ded849,ID208044,CID-473,CA-0855,2026-03-30,2026-04-29,2212.96,USD,SampleGen
INV-42da597e-ce05-4de5-a227-7193d220bc06,ID208045,CID-473,CA-0855,2026-03-11,2026-04-10,847.76,USD,SampleGen
INV-37030e06-89e1-4c85-b851-0c0ebe3d659e,ID208046,CID-473,CA-0855,2026-03-21,2026-04-20,6279.14,USD,SampleGen
INV-6b5ce4b4-d9a7-4c24-b385-8982e3ab8c38,ID208047,CID-474,CA-0856,2025-06-21,2025-07-21,436.64,USD,SampleGen
INV-f2e520db-c379-438c-a57a-fc4941d8fb01,ID208048,CID-474,CA-0856,2025-06-19,2025-07-19,820.22,USD,SampleGen
INV-94f0e6ad-5e8d-43b5-9247-f8cb46f74522,ID208049,CID-474,CA-0856,2025-07-30,2025-08-29,2429.3,USD,SampleGen
INV-9b111a2a-b2ea-49eb-83a4-d0c1d096a16f,ID208050,CID-474,CA-0856,2025-07-28,2025-08-27,915.68,USD,SampleGen
INV-5876bb61-ef1c-43bb-97a3-09b399dfb791,ID208051,CID-474,CA-0856,2025-07-05,2025-08-04,1903.52,USD,SampleGen
INV-eb178999-8143-4474-8504-830135a00942,ID208052,CID-474,CA-0856,2025-08-09,2025-09-08,4990.24,USD,SampleGen
INV-b887b48a-1c85-4580-a5f2-3ef2ac1b5154,ID208053,CID-474,CA-0856,2025-08-20,2025-09-19,2043.54,USD,SampleGen
INV-3225a208-eac1-4e9a-8912-e7865f9f8502,ID208054,CID-474,CA-0856,2025-08-08,2025-09-07,1712.76,USD,SampleGen
INV-51760884-cb89-47a0-be37-f43f595f2c2a,ID208055,CID-474,CA-0856,2025-08-22,2025-09-21,591.36,USD,SampleGen
INV-a877f718-79aa-4028-a23d-e27bee34e3d3,ID208056,CID-474,CA-0856,2025-08-22,2025-09-21,4313.94,USD,SampleGen
INV-f8848c54-d413-4743-9d0f-5b0fc17e7489,ID208057,CID-474,CA-0856,2025-09-25,2025-10-25,2535.32,USD,SampleGen
INV-ac89a049-991d-4ea4-80ea-2c69a9a9136b,ID208058,CID-474,CA-0856,2025-10-19,2025-11-18,2904.18,USD,SampleGen
INV-a80ee86d-5983-4e07-addf-fb5f6fbe48fa,ID208059,CID-474,CA-0856,2025-10-17,2025-11-16,1331.26,USD,SampleGen
INV-e079cd25-710f-47e6-8b67-eda549031e89,ID208060,CID-474,CA-0856,2025-11-03,2025-12-03,2770.58,USD,SampleGen
INV-24c88df0-bae3-4993-929d-caa8aa0a30df,ID208061,CID-474,CA-0856,2025-11-28,2025-12-28,1452.0,USD,SampleGen
INV-cb2be768-812e-4ab0-a344-dcd7bf834bba,ID208062,CID-474,CA-0856,2025-12-30,2026-01-29,1880.26,USD,SampleGen
INV-0d381876-4dfc-41d9-b9c7-84c844e3c323,ID208063,CID-474,CA-0856,2025-12-11,2026-01-10,529.88,USD,SampleGen
INV-46c1b38f-b5f4-4ef1-a029-84ebdad2658f,ID208064,CID-474,CA-0856,2025-12-16,2026-01-15,2815.26,USD,SampleGen
INV-a4cd0092-3ee6-420e-a4fe-ccf50714a4cf,ID208065,CID-474,CA-0856,2025-12-12,2026-01-11,2821.58,USD,SampleGen
INV-63b0f519-a7d9-4d18-9a79-25bf2c98b3c0,ID208066,CID-474,CA-0856,2026-01-07,2026-02-06,2246.94,USD,SampleGen
INV-4ad33e0d-7613-434a-aceb-04e7679617d4,ID208067,CID-474,CA-0856,2026-01-19,2026-02-18,122.92,USD,SampleGen
INV-14f7c8e5-bb71-486e-93a5-88da3dc1e3ab,ID208068,CID-474,CA-0856,2026-01-13,2026-02-12,750.26,USD,SampleGen
INV-0e06713f-76db-47b4-9590-ea350321138b,ID208069,CID-474,CA-0856,2026-01-19,2026-02-18,1929.12,USD,SampleGen
INV-7a2c4610-f57c-4f23-b9b2-514425d04ca0,ID208070,CID-474,CA-0856,2026-02-08,2026-03-10,360.3,USD,SampleGen
INV-9ebd9bd2-79b4-431f-a123-dfb253c91b34,ID208071,CID-474,CA-0856,2026-02-21,2026-03-23,1751.0,USD,SampleGen
INV-7700c95f-136b-4456-9cd0-81563b7919fe,ID208072,CID-474,CA-0856,2026-02-16,2026-03-18,2367.84,USD,SampleGen
INV-edbf7ffa-bc2b-4071-a2d2-a95ec4089008,ID208073,CID-474,CA-0856,2026-02-03,2026-03-05,3781.96,USD,SampleGen
INV-b90d1408-bd8e-44d3-b560-472694b9ed4a,ID208074,CID-474,CA-0856,2026-02-18,2026-03-20,1112.82,USD,SampleGen
INV-65dd2e6d-0868-45ab-86bb-1cc7a106c4f3,ID208075,CID-474,CA-0856,2026-02-02,2026-03-04,2187.68,USD,SampleGen
INV-39bef390-265b-48f4-b942-955c0bf46896,ID208076,CID-474,CA-0856,2026-03-02,2026-04-01,1500.84,USD,SampleGen
INV-12499e05-7665-414c-9460-7cc76646a696,ID208077,CID-474,CA-0856,2026-03-07,2026-04-06,2060.54,USD,SampleGen
INV-e7d95ccd-1a36-4d59-a3a5-28c6aa2a9c29,ID208078,CID-474,CA-0856,2026-03-12,2026-04-11,1738.24,USD,SampleGen
INV-6c3b7ffb-03d2-4fd5-b24f-f0da4097ae7b,ID208079,CID-474,CA-0856,2026-03-25,2026-04-24,1577.12,USD,SampleGen
INV-7296318e-474b-481f-825b-6954486260b8,ID208080,CID-474,CA-0856,2026-03-26,2026-04-25,1481.64,USD,SampleGen
INV-caca30de-3893-493f-8ed5-72c1db3d20ed,ID208081,CID-474,CA-0856,2026-03-04,2026-04-03,2439.9,USD,SampleGen
INV-ce5bdf8e-b66a-40c6-9cd8-faebad2c5f6e,ID208082,CID-474,CA-0856,2026-03-25,2026-04-24,1142.46,USD,SampleGen
INV-f0d339c9-f15e-4cb3-ae0d-370b6ca9f723,ID208083,CID-474,CA-0856,2026-03-24,2026-04-23,1477.44,USD,SampleGen
INV-95974240-f539-4cd0-829b-e5ff60991ed9,ID208084,CID-475,CA-0858,2025-06-15,2025-07-15,1303.62,USD,SampleGen
INV-91e4a0ec-8334-4b36-ae9e-1c44fe291f40,ID208085,CID-475,CA-0858,2025-07-23,2025-08-22,2331.82,USD,SampleGen
INV-1a01a789-b29f-4707-905d-36543498c090,ID208086,CID-475,CA-0858,2025-08-04,2025-09-03,909.24,USD,SampleGen
INV-fbc35205-2ab0-4c09-be59-b018fcbfef53,ID208087,CID-475,CA-0858,2025-08-26,2025-09-25,447.22,USD,SampleGen
INV-85c1a4ee-aeab-4ff6-afef-99d9edaa6180,ID208088,CID-475,CA-0858,2025-09-06,2025-10-06,3563.46,USD,SampleGen
INV-29990baa-82f9-4f5d-87f0-e3666467ab62,ID208089,CID-475,CA-0858,2025-10-17,2025-11-16,4871.5,USD,SampleGen
INV-51e0840c-1ff2-4df9-8b10-a9c3f4d395db,ID208090,CID-475,CA-0858,2025-11-24,2025-12-24,2908.44,USD,SampleGen
INV-2df7a4a0-8edd-4947-9e61-455451951c61,ID208091,CID-475,CA-0858,2025-12-02,2026-01-01,3073.8,USD,SampleGen
INV-98a206ca-2154-4e8c-964e-e5f472c0aef3,ID208092,CID-475,CA-0858,2026-01-16,2026-02-15,1085.2,USD,SampleGen
INV-b7a5904a-e8e7-42cc-917f-b40e477c56b0,ID208093,CID-475,CA-0858,2026-02-02,2026-03-04,1751.0,USD,SampleGen
INV-98d02478-9b67-4824-a890-565695e800af,ID208094,CID-475,CA-0858,2026-02-16,2026-03-18,334.84,USD,SampleGen
INV-5ec2aa3f-cc35-418b-947c-f79606cd7369,ID208095,CID-475,CA-0858,2026-03-04,2026-04-03,4481.46,USD,SampleGen
INV-51bd680c-dd5b-4498-a1e7-9dbe248165a3,ID208096,CID-475,CA-0858,2026-03-06,2026-04-05,5562.64,USD,SampleGen
INV-3b4b586a-5e0b-4a20-8cd0-e4c594d02b0e,ID208097,CID-476,CA-1534,2025-06-13,2025-07-13,716.44,USD,SampleGen
INV-3473ccc4-c790-4b55-8366-7e7ae4481942,ID208098,CID-476,CA-1534,2025-07-31,2025-08-30,3353.64,USD,SampleGen
INV-6583dbf8-e06d-4e52-ad07-f4e2b34a0d38,ID208099,CID-476,CA-1534,2025-08-25,2025-09-24,561.66,USD,SampleGen
INV-e20aac8e-89fa-40ba-b008-c598e0ba6bbf,ID208100,CID-476,CA-1534,2025-09-14,2025-10-14,5562.64,USD,SampleGen
INV-a7dffc60-8f71-46b0-a8c2-adee7e456283,ID208101,CID-476,CA-1534,2025-10-11,2025-11-10,4110.5,USD,SampleGen
INV-8f27e409-d3fa-4e9b-90fe-801190139caa,ID208102,CID-476,CA-1534,2025-11-19,2025-12-19,1182.82,USD,SampleGen
INV-ef49acc6-1ddf-4225-97a5-b9336cc52371,ID208103,CID-476,CA-1534,2025-12-11,2026-01-10,627.4,USD,SampleGen
INV-8242358c-8285-4c66-9a70-059362688d2b,ID208104,CID-476,CA-1534,2026-01-03,2026-02-02,752.42,USD,SampleGen
INV-573c660a-f72a-4138-8afd-c35af26537b6,ID208105,CID-476,CA-1534,2026-02-14,2026-03-16,3287.88,USD,SampleGen
INV-a654824c-1e7e-4ded-ab51-0cdb0a126dba,ID208106,CID-476,CA-1534,2026-02-14,2026-03-16,1706.44,USD,SampleGen
INV-11661f66-8334-4877-81a9-34e7c6e2d03b,ID208107,CID-476,CA-1534,2026-03-13,2026-04-12,1038.54,USD,SampleGen
INV-e94a6f58-1c62-4796-8e21-1aaaeabe0b0a,ID208108,CID-477,CA-0860,2025-06-22,2025-07-22,1492.26,USD,SampleGen
INV-dd01dc50-0a79-4ecb-9b54-dcfd78af95fc,ID208109,CID-477,CA-0860,2025-07-28,2025-08-27,813.98,USD,SampleGen
INV-b459fc1e-2dd9-4f45-9f68-f0090a4c5e1b,ID208110,CID-477,CA-0860,2025-08-02,2025-09-01,317.88,USD,SampleGen
INV-2d318961-75ea-4d52-a4a7-7e0d9de5eae6,ID208111,CID-477,CA-0860,2025-08-13,2025-09-12,1093.84,USD,SampleGen
INV-5e1b03ee-8216-4917-b57d-a73d3a87442f,ID208112,CID-477,CA-0860,2025-09-10,2025-10-10,1793.34,USD,SampleGen
INV-fb69f1d1-e4de-409d-8799-458cfd9e8fd5,ID208113,CID-477,CA-0860,2025-10-25,2025-11-24,1011.0,USD,SampleGen
INV-d9435a00-7a4f-4dc8-bbff-5286ed941d4c,ID208114,CID-477,CA-0860,2025-11-03,2025-12-03,343.36,USD,SampleGen
INV-95140e77-02d5-41d3-b91f-68339fd02d0f,ID208115,CID-477,CA-0860,2025-12-14,2026-01-13,2458.92,USD,SampleGen
INV-336f6d5a-a1b9-4f9a-8139-51a1cadb9a7d,ID208116,CID-477,CA-0860,2026-01-19,2026-02-18,195.0,USD,SampleGen
INV-3086bb5b-d757-47d0-8a20-73b5644c567f,ID208117,CID-477,CA-0860,2026-02-19,2026-03-21,2893.68,USD,SampleGen
INV-7f7125f2-216c-490b-a660-5b50500e94c7,ID208118,CID-477,CA-0860,2026-02-07,2026-03-09,1025.9,USD,SampleGen
INV-9d4bebe6-5046-4e4b-939e-9dd3aa034f92,ID208119,CID-477,CA-0860,2026-03-23,2026-04-22,5600.8,USD,SampleGen
INV-5782b82d-e4cd-48a9-814b-4cd89a533d0e,ID208120,CID-477,CA-0860,2026-03-31,2026-04-30,1042.88,USD,SampleGen
INV-092ca253-7541-4e32-9d7f-429a9e4a52f3,ID208121,CID-477,CA-0860,2026-03-06,2026-04-05,432.36,USD,SampleGen
INV-93e052eb-c69c-4bbd-80c8-fbfe1ea25ce0,ID208122,CID-478,CA-0862,2025-06-07,2025-07-07,2238.62,USD,SampleGen
INV-fd5af462-2efe-4f6c-af62-e9d1e67a6758,ID208123,CID-478,CA-0862,2025-07-05,2025-08-04,7436.72,USD,SampleGen
INV-a1e12362-5480-41c5-9ac4-e4823e9ce53f,ID208124,CID-478,CA-0862,2025-08-14,2025-09-13,2310.62,USD,SampleGen
INV-5cb5aa5e-2bfb-4662-9da0-cd7a89d06187,ID208125,CID-478,CA-0862,2025-08-28,2025-09-27,3273.0,USD,SampleGen
INV-3e6b383d-4d29-4d5b-a24f-e8ed41ac47af,ID208126,CID-478,CA-0862,2025-09-24,2025-10-24,2768.5,USD,SampleGen
INV-58320134-318b-4d7a-8c99-11b041a09239,ID208127,CID-478,CA-0862,2025-10-16,2025-11-15,1521.92,USD,SampleGen
INV-0017ce12-50af-4e6a-a625-45a4124ab067,ID208128,CID-478,CA-0862,2025-12-26,2026-01-25,2832.22,USD,SampleGen
INV-f3118d8d-993e-415b-95bd-0770549bfe79,ID208129,CID-478,CA-0862,2025-12-09,2026-01-08,1833.56,USD,SampleGen
INV-8001b7cf-9d6e-427f-9b58-1bc540564cb6,ID208130,CID-478,CA-0862,2026-01-07,2026-02-06,3287.88,USD,SampleGen
INV-fd756f8c-a292-47bb-a84c-1489130b9ef1,ID208131,CID-478,CA-0862,2026-02-28,2026-03-30,644.34,USD,SampleGen
INV-d23a02c2-7a88-4016-898f-3fcbc538d02e,ID208132,CID-478,CA-0862,2026-02-25,2026-03-27,4479.34,USD,SampleGen
INV-35444f7b-c20b-4664-80c1-c0be3414d40a,ID208133,CID-478,CA-0862,2026-02-16,2026-03-18,415.36,USD,SampleGen
INV-817e687d-2db7-43ec-8052-7abb043cd0c4,ID208134,CID-478,CA-0862,2026-03-06,2026-04-05,2450.54,USD,SampleGen
INV-56665b22-243c-43f3-ab8e-57d91e3f32a0,ID208135,CID-478,CA-0862,2026-03-15,2026-04-14,5556.3,USD,SampleGen
INV-f9a95e0b-7c9d-4f5f-978c-fb0f983a569e,ID208136,CID-479,CA-0864,2025-06-12,2025-07-12,618.8,USD,SampleGen
INV-bf21c605-78d6-4655-a6bf-f38fca3d1f5c,ID208137,CID-479,CA-0864,2025-07-17,2025-08-16,3807.36,USD,SampleGen
INV-147d430b-598e-4435-bf4c-aa5c1160fee3,ID208138,CID-479,CA-0864,2025-08-10,2025-09-09,2355.14,USD,SampleGen
INV-3dd1c839-6306-4e57-8f90-dd71a6452049,ID208139,CID-479,CA-0864,2025-08-09,2025-09-08,161.04,USD,SampleGen
INV-dc89ed63-c9aa-4928-8917-bedfc932e012,ID208140,CID-479,CA-0864,2025-09-06,2025-10-06,3014.54,USD,SampleGen
INV-0d18a4be-0497-4ab7-b897-d0cd74eaeb87,ID208141,CID-479,CA-0864,2025-11-28,2025-12-28,3406.62,USD,SampleGen
INV-307c853e-4321-4b6c-99ab-5a5268ab1470,ID208142,CID-479,CA-0864,2025-12-13,2026-01-12,4087.08,USD,SampleGen
INV-2edfbfe1-1f1e-48d1-bd7c-5b6c6fae285e,ID208143,CID-479,CA-0864,2025-12-30,2026-01-29,281.86,USD,SampleGen
INV-ae9ae11a-6b0e-4568-9b97-6687b94e93d1,ID208144,CID-479,CA-0864,2026-01-27,2026-02-26,2709.3,USD,SampleGen
INV-dd0bbf72-be5b-462e-b6e2-0bf715b4531d,ID208145,CID-479,CA-0864,2026-02-09,2026-03-11,1312.1,USD,SampleGen
INV-0b17b89e-8098-4584-bbcf-bffa53ca68e9,ID208146,CID-479,CA-0864,2026-02-14,2026-03-16,4184.74,USD,SampleGen
INV-bb54f136-f085-44cc-9c1b-859a71af8868,ID208147,CID-479,CA-0864,2026-03-26,2026-04-25,572.26,USD,SampleGen
INV-40712045-4255-4fb9-ae6d-3c3625997336,ID208148,CID-479,CA-0864,2026-03-13,2026-04-12,1394.86,USD,SampleGen
INV-316db2a9-f6f0-4f15-95cf-6a5c2f03dbd2,ID208149,CID-480,CA-1535,2025-07-12,2025-08-11,2187.68,USD,SampleGen
INV-4698e262-3767-4fce-9437-137f277675c8,ID208150,CID-480,CA-1535,2025-08-07,2025-09-06,3718.28,USD,SampleGen
INV-135fd5ca-8dd2-4797-86b9-fdf21731cbe9,ID208151,CID-480,CA-1535,2025-09-07,2025-10-07,2100.78,USD,SampleGen
INV-d3e89169-3ab8-4255-a3e0-a51d1a4beca7,ID208152,CID-480,CA-1535,2025-12-02,2026-01-01,591.38,USD,SampleGen
INV-76853561-d697-4bfc-9db1-d3989fdad6b4,ID208153,CID-480,CA-1535,2026-02-10,2026-03-12,1990.58,USD,SampleGen
INV-11a11560-8df2-4b3b-89f2-fdfb4fb2c008,ID208154,CID-480,CA-1535,2026-03-01,2026-03-31,3531.68,USD,SampleGen
INV-d271257f-27bf-4c02-90af-7b882909e942,ID208155,CID-480,CA-1535,2026-03-02,2026-04-01,2073.14,USD,SampleGen
INV-ff21c661-ff09-4372-9d57-313406b5a293,ID208156,CID-480,CA-1535,2026-03-26,2026-04-25,1653.52,USD,SampleGen
INV-0b5879e5-cd05-42cf-89aa-59a7185e0b8d,ID208157,CID-481,CA-1536,2025-06-15,2025-07-15,1965.14,USD,SampleGen
INV-79427f8e-41f6-472e-b5cd-cedbfb69757a,ID208158,CID-481,CA-1536,2025-06-03,2025-07-03,2815.18,USD,SampleGen
INV-fe23dde0-9d4f-4390-b819-63111995a514,ID208159,CID-481,CA-1536,2025-07-02,2025-08-01,1382.02,USD,SampleGen
INV-9413a08f-95eb-42dd-8e2d-679d6b33e164,ID208160,CID-481,CA-1536,2025-07-17,2025-08-16,2921.22,USD,SampleGen
INV-1fd45eb6-7ae7-453b-982a-6feb913e7e08,ID208161,CID-481,CA-1536,2025-08-12,2025-09-11,559.52,USD,SampleGen
INV-7b5809d3-4760-473c-9519-44e48d3c5875,ID208162,CID-481,CA-1536,2025-08-16,2025-09-15,966.56,USD,SampleGen
INV-56082081-0cfc-4366-9eef-f4e3776ee8ed,ID208163,CID-481,CA-1536,2025-08-27,2025-09-26,2297.86,USD,SampleGen
INV-bc54630e-1f29-4e8b-a59f-0763b505c9da,ID208164,CID-481,CA-1536,2025-09-12,2025-10-12,900.82,USD,SampleGen
INV-a17cee5a-da03-4f75-adda-342c8600ae17,ID208165,CID-481,CA-1536,2025-10-11,2025-11-10,2073.14,USD,SampleGen
INV-a797a6eb-515d-4ba3-a69a-28dcbace0990,ID208166,CID-481,CA-1536,2025-11-19,2025-12-19,4040.56,USD,SampleGen
INV-7c8e6ffc-bc77-4de0-8767-e00273e9678c,ID208167,CID-481,CA-1536,2025-12-11,2026-01-10,506.54,USD,SampleGen
INV-fadf4772-5c30-4275-8a47-8c994d66258d,ID208168,CID-481,CA-1536,2025-12-22,2026-01-21,746.12,USD,SampleGen
INV-ff559010-57e9-4061-acb4-5bee69888335,ID208169,CID-481,CA-1536,2026-01-22,2026-02-21,1269.8,USD,SampleGen
INV-28f22179-361a-4063-b57d-bbf3cbdc6cc2,ID208170,CID-481,CA-1536,2026-01-17,2026-02-16,254.34,USD,SampleGen
INV-11fb6fac-f23a-4567-840a-82cd7689243d,ID208171,CID-481,CA-1536,2026-02-07,2026-03-09,616.8,USD,SampleGen
INV-10c1874d-f123-4cd5-89f5-d664d1767b6c,ID208172,CID-481,CA-1536,2026-02-23,2026-03-25,2145.16,USD,SampleGen
INV-9ebf4395-c75a-40de-9671-4ecf42b8fc25,ID208173,CID-481,CA-1536,2026-02-15,2026-03-17,3900.68,USD,SampleGen
INV-de70bc2a-9a9c-4138-8e9f-45126013014d,ID208174,CID-481,CA-1536,2026-03-01,2026-03-31,1157.24,USD,SampleGen
INV-9acb8a54-7914-44de-8c9a-cdba50535774,ID208175,CID-481,CA-1536,2026-03-31,2026-04-30,1806.12,USD,SampleGen
INV-734b4c4c-48ff-4e5e-84fd-884e6243fbc7,ID208176,CID-481,CA-1536,2026-03-14,2026-04-13,462.04,USD,SampleGen
INV-0402a3ef-0423-4889-8ce5-542f9fe9afa7,ID208177,CID-481,CA-1536,2026-03-12,2026-04-11,1640.76,USD,SampleGen
INV-a5d4c57c-d2c1-4726-b30c-e35c35e3cf77,ID208178,CID-481,CA-1536,2026-03-21,2026-04-20,2001.2,USD,SampleGen
INV-d736e592-0d9c-4c4a-8e48-e08a96659225,ID208179,CID-482,CA-0868,2025-06-24,2025-07-24,5783.12,USD,SampleGen
INV-58295825-4368-426a-a5d5-c503d74a2f06,ID208180,CID-482,CA-0868,2025-07-18,2025-08-17,2946.54,USD,SampleGen
INV-bc03ef40-dccb-408c-ab33-3e463a5e8a35,ID208181,CID-482,CA-0868,2025-08-04,2025-09-03,3633.44,USD,SampleGen
INV-bee12401-bc10-477e-b9b2-ff58a775c0b2,ID208182,CID-482,CA-0868,2025-11-12,2025-12-12,756.72,USD,SampleGen
INV-70998157-9d69-4d17-9bf6-535763684662,ID208183,CID-482,CA-0868,2025-12-07,2026-01-06,3531.72,USD,SampleGen
INV-6c3ddab1-c023-4bf7-8c1c-59c177e31158,ID208184,CID-482,CA-0868,2026-01-23,2026-02-22,264.94,USD,SampleGen
INV-84807d0f-253e-4e0e-bdbd-254dec6a88fa,ID208185,CID-482,CA-0868,2026-02-12,2026-03-14,4222.88,USD,SampleGen
INV-3ba0519c-71f0-4548-ab2c-a636197cf7aa,ID208186,CID-482,CA-0868,2026-02-03,2026-03-05,1061.92,USD,SampleGen
INV-3e7d35e9-283c-419e-a7c9-4e7595bc7644,ID208187,CID-482,CA-0868,2026-03-20,2026-04-19,5049.58,USD,SampleGen
INV-f9f27b6d-d686-4d51-842e-d6ad86715f28,ID208188,CID-482,CA-0868,2026-03-08,2026-04-07,4553.54,USD,SampleGen
INV-c5e49722-26e9-4381-ae22-f632a34fe819,ID208189,CID-483,CA-0870,2025-07-06,2025-08-05,4409.32,USD,SampleGen
INV-86cc156e-2efc-499a-be9d-bdb83ccea5e0,ID208190,CID-483,CA-0870,2025-08-13,2025-09-12,3408.74,USD,SampleGen
INV-6ae8a458-30d3-487f-9cc8-5b13d0f7f321,ID208191,CID-483,CA-0870,2025-08-15,2025-09-14,362.38,USD,SampleGen
INV-be0d21da-0169-425f-8360-439eb1d9bb86,ID208192,CID-483,CA-0870,2025-10-24,2025-11-23,3561.36,USD,SampleGen
INV-f957cd69-dfb5-4e23-9f47-7f4903e54255,ID208193,CID-483,CA-0870,2025-11-10,2025-12-10,1555.9,USD,SampleGen
INV-38d2a2bd-b667-43b9-91ea-f8417dcca11c,ID208194,CID-483,CA-0870,2025-12-27,2026-01-26,919.9,USD,SampleGen
INV-d8a47b1e-df1c-4aed-a905-295945906e5a,ID208195,CID-483,CA-0870,2026-01-21,2026-02-20,4515.5,USD,SampleGen
INV-f7b9799d-6fd7-4136-8961-26ff718cc20e,ID208196,CID-483,CA-0870,2026-02-08,2026-03-10,2734.58,USD,SampleGen
INV-cf3747ce-64c8-4c96-87d6-cca1cdc19a55,ID208197,CID-483,CA-0870,2026-02-09,2026-03-11,1078.86,USD,SampleGen
INV-6ea7a9e7-1084-4f23-bc07-17a8bd249cb6,ID208198,CID-483,CA-0870,2026-03-04,2026-04-03,1063.98,USD,SampleGen
INV-df0a1211-3fb1-40d2-8d0a-ad9ce4fc8885,ID208199,CID-483,CA-0870,2026-03-16,2026-04-15,1666.08,USD,SampleGen
INV-317914a1-578e-4d44-8afb-1809c5311a64,ID208200,CID-484,CA-0872,2025-06-13,2025-07-13,2289.48,USD,SampleGen
INV-ba8cae46-cd50-450d-8583-1df6a82169fc,ID208201,CID-484,CA-0872,2025-06-24,2025-07-24,4044.82,USD,SampleGen
INV-30f924ea-9b99-47e0-b93e-fee0e5f793cf,ID208202,CID-484,CA-0872,2025-06-18,2025-07-18,2382.76,USD,SampleGen
INV-dae202bc-8deb-422e-81f2-29617c13ffe3,ID208203,CID-484,CA-0872,2025-06-14,2025-07-14,1460.46,USD,SampleGen
INV-2f2c4b76-9daf-4224-98fb-63ee481e2101,ID208204,CID-484,CA-0872,2025-07-30,2025-08-29,585.0,USD,SampleGen
INV-2f7ba0df-586c-480e-a98f-5c235c8f486b,ID208205,CID-484,CA-0872,2025-07-12,2025-08-11,883.86,USD,SampleGen
INV-9d51c4cb-268a-47e5-97c9-6eafc4e9dca0,ID208206,CID-484,CA-0872,2025-07-27,2025-08-26,2459.04,USD,SampleGen
INV-548147a8-21b6-40bf-b425-fb09f7deeae3,ID208207,CID-484,CA-0872,2025-07-04,2025-08-03,1602.54,USD,SampleGen
INV-bf48914d-3573-4642-98e7-be543e858538,ID208208,CID-484,CA-0872,2025-08-03,2025-09-02,4222.88,USD,SampleGen
INV-036821fa-ca04-4f5f-9f05-4cce4c273c79,ID208209,CID-484,CA-0872,2025-08-25,2025-09-24,1598.34,USD,SampleGen
INV-57091b19-974b-49ff-9f39-c39bb65ab03a,ID208210,CID-484,CA-0872,2025-08-10,2025-09-09,4347.86,USD,SampleGen
INV-55cfeb3a-5703-4073-b692-5175110456bc,ID208211,CID-484,CA-0872,2025-08-28,2025-09-27,576.56,USD,SampleGen
INV-29abcaa4-aa86-4538-9b34-3b047a1a1354,ID208212,CID-484,CA-0872,2025-08-25,2025-09-24,3877.3,USD,SampleGen
INV-4b677ead-920a-4e4b-ab9d-97b9c296a5a5,ID208213,CID-484,CA-0872,2025-08-04,2025-09-03,845.74,USD,SampleGen
INV-bee234a0-f263-4ab4-a8bf-a31558d08ac2,ID208214,CID-484,CA-0872,2025-09-05,2025-10-05,3379.14,USD,SampleGen
INV-f33a6a01-341a-4628-9d11-eb126fa2a8c6,ID208215,CID-484,CA-0872,2025-09-29,2025-10-29,1477.34,USD,SampleGen
INV-cd0cd193-19e1-4f8b-9b65-e8f0d2315050,ID208216,CID-484,CA-0872,2025-10-14,2025-11-13,4273.64,USD,SampleGen
INV-dc78198a-1709-41fe-87a1-838fe0fb1fc4,ID208217,CID-484,CA-0872,2025-10-23,2025-11-22,627.4,USD,SampleGen
INV-41fc4b9c-3a90-4bd9-9462-86bcc0162a82,ID208218,CID-484,CA-0872,2025-11-29,2025-12-29,1630.01,USD,SampleGen
INV-88217ba1-3561-4d92-8116-0a6af0b7282b,ID208219,CID-484,CA-0872,2025-11-04,2025-12-04,1197.56,USD,SampleGen
INV-098aea70-538c-486a-91d4-edb4baf50389,ID208220,CID-484,CA-0872,2025-12-18,2026-01-17,2942.28,USD,SampleGen
INV-69e49e09-74b4-4172-9854-b5c9a8983fec,ID208221,CID-484,CA-0872,2025-12-26,2026-01-25,3807.24,USD,SampleGen
INV-01a14e89-d6c5-4665-a905-f9b04699ce97,ID208222,CID-484,CA-0872,2025-12-21,2026-01-20,5276.44,USD,SampleGen
INV-00de7591-17f4-46d3-a69e-eb699fb8af16,ID208223,CID-484,CA-0872,2025-12-25,2026-01-24,3892.16,USD,SampleGen
INV-40c46ebf-5cb4-4a42-801c-32b552842d62,ID208224,CID-484,CA-0872,2025-12-04,2026-01-03,608.28,USD,SampleGen
INV-c57b98c9-ee64-443a-b818-12c9dd7c6de3,ID208225,CID-484,CA-0872,2026-01-21,2026-02-20,292.5,USD,SampleGen
INV-ed1fdf58-19d2-4373-921a-25cebecd42ba,ID208226,CID-484,CA-0872,2026-01-28,2026-02-27,903.1,USD,SampleGen
INV-d373b069-527b-4aef-a335-f18ac5d07147,ID208227,CID-484,CA-0872,2026-01-09,2026-02-08,3141.66,USD,SampleGen
INV-750796fb-bec9-440c-833e-00fd09ee3b4d,ID208228,CID-484,CA-0872,2026-01-22,2026-02-21,1051.4,USD,SampleGen
INV-3f3691e3-dcc2-4247-ab4b-cf1dcf42b5e4,ID208229,CID-484,CA-0872,2026-02-26,2026-03-28,3807.4,USD,SampleGen
INV-fcaa5e09-be5d-4907-b398-f9c9d98367f2,ID208230,CID-484,CA-0872,2026-02-19,2026-03-21,8322.86,USD,SampleGen
INV-00a8dcaa-5299-434f-83a4-511c74758157,ID208231,CID-484,CA-0872,2026-02-05,2026-03-07,6654.44,USD,SampleGen
INV-16fdc969-5f26-4821-90ca-625a1301b937,ID208232,CID-484,CA-0872,2026-02-27,2026-03-29,743.94,USD,SampleGen
INV-0a795aa1-1e4e-4b73-9a51-24efb8763883,ID208233,CID-484,CA-0872,2026-02-25,2026-03-27,881.72,USD,SampleGen
INV-7b7e88d3-1872-4001-8094-70cdb1864890,ID208234,CID-484,CA-0872,2026-02-14,2026-03-16,2302.18,USD,SampleGen
INV-c5ed8db9-9660-4769-a9a5-f2bbb9e1acc3,ID208235,CID-484,CA-0872,2026-02-14,2026-03-16,1672.48,USD,SampleGen
INV-d1ac2f0d-d0f1-49fc-84ae-3be87b20b37f,ID208236,CID-484,CA-0872,2026-02-13,2026-03-15,1199.74,USD,SampleGen
INV-d6ea588c-8c9b-46b1-8b0c-268dfc008045,ID208237,CID-484,CA-0872,2026-03-19,2026-04-18,1297.24,USD,SampleGen
INV-39e3bd7b-ae5f-4dc9-a903-d80f01611669,ID208238,CID-484,CA-0872,2026-03-28,2026-04-27,468.38,USD,SampleGen
INV-d5ecf528-d8aa-4ea0-8854-f57a68aba3de,ID208239,CID-484,CA-0872,2026-03-04,2026-04-03,561.66,USD,SampleGen
INV-7782a064-2438-4936-9e29-5bd43a264e6a,ID208240,CID-484,CA-0872,2026-03-25,2026-04-24,3531.72,USD,SampleGen
INV-06b36fe2-25dd-4aaf-a499-59e679784ef8,ID208241,CID-484,CA-0872,2026-03-18,2026-04-17,4125.32,USD,SampleGen
INV-dc5f4d35-62d2-4cf9-b28c-27a931d29f83,ID208242,CID-484,CA-0872,2026-03-23,2026-04-22,2344.54,USD,SampleGen
INV-5a9b60a3-aa06-4ad7-ba28-9b24ccb8d20c,ID208243,CID-484,CA-0872,2026-03-06,2026-04-05,4176.16,USD,SampleGen
INV-d212d661-37bf-446a-a6f8-2579714fbedf,ID208244,CID-484,CA-0872,2026-03-02,2026-04-01,3048.42,USD,SampleGen
INV-b5fb5c16-82c5-44f4-99fb-01c2630e2b89,ID208245,CID-484,CA-0872,2026-03-10,2026-04-09,1820.94,USD,SampleGen
INV-8153c94b-6896-4711-b90c-c7a20431e3e3,ID208246,CID-484,CA-0872,2026-03-03,2026-04-02,1322.74,USD,SampleGen
INV-d49e2e71-a905-4cb2-91cb-7129011977e2,ID208247,CID-485,CA-0874,2025-07-02,2025-08-01,1992.68,USD,SampleGen
INV-63b32d02-373d-48b6-9bb5-b3f7f1538d4c,ID208248,CID-485,CA-0874,2025-12-02,2026-01-01,1335.48,USD,SampleGen
INV-c4542dec-a687-4daa-95b2-da87025e3d5b,ID208249,CID-485,CA-0874,2026-01-21,2026-02-20,1002.66,USD,SampleGen
INV-4f9a9907-d63c-44b0-93c5-5b5083fbab0b,ID208250,CID-485,CA-0874,2026-02-08,2026-03-10,245.84,USD,SampleGen
INV-6cb2c942-3f47-481e-89ea-812da14fabcf,ID208251,CID-485,CA-0874,2026-03-22,2026-04-21,6175.32,USD,SampleGen
INV-244f141a-3b34-4cab-b6e8-c094e995114a,ID208252,CID-486,CA-0875,2025-07-28,2025-08-27,3917.52,USD,SampleGen
INV-c5453695-c4ff-4256-9344-55ebc2e62055,ID208253,CID-486,CA-0875,2025-08-23,2025-09-22,1729.7,USD,SampleGen
INV-c4716e5f-58fd-4e6e-a120-434ea2a6199d,ID208254,CID-486,CA-0875,2025-09-05,2025-10-05,1992.68,USD,SampleGen
INV-75e9774d-a242-4ccd-b514-5601b7442865,ID208255,CID-486,CA-0875,2025-10-25,2025-11-24,6003.56,USD,SampleGen
INV-5b78b358-87ae-48d4-84cd-9ec9921123c7,ID208256,CID-486,CA-0875,2025-12-03,2026-01-02,419.64,USD,SampleGen
INV-c06c401c-de3b-4c94-922f-3b383a45e647,ID208257,CID-486,CA-0875,2025-12-29,2026-01-28,4002.3,USD,SampleGen
INV-8011c097-486f-4fdb-9874-fd0a0bd32277,ID208258,CID-486,CA-0875,2026-01-20,2026-02-19,1377.9,USD,SampleGen
INV-c3d7c050-1e2a-42de-b957-994de6593d4f,ID208259,CID-486,CA-0875,2026-02-25,2026-03-27,1723.38,USD,SampleGen
INV-e8ea46ae-94f1-4947-a6e5-373db7af1877,ID208260,CID-486,CA-0875,2026-02-20,2026-03-22,631.62,USD,SampleGen
INV-2f9b0c6c-9030-43c9-9012-b60d9581f6b2,ID208261,CID-486,CA-0875,2026-03-02,2026-04-01,771.56,USD,SampleGen
INV-78d71706-1bc6-4a53-b574-4f2a48527d57,ID208262,CID-486,CA-0875,2026-03-08,2026-04-07,958.12,USD,SampleGen
INV-a7f27c8d-cd6a-47ba-a708-2adefb6071d8,ID208263,CID-487,CA-0877,2025-06-13,2025-07-13,1558.02,USD,SampleGen
INV-4807a855-b5c1-4026-b47f-d3af5f393640,ID208264,CID-487,CA-0877,2025-07-08,2025-08-07,387.82,USD,SampleGen
INV-9ac30a43-4b03-4104-88e8-947c251c6a8e,ID208265,CID-487,CA-0877,2025-09-21,2025-10-21,6783.76,USD,SampleGen
INV-7bd61f0c-d816-47a6-8655-471ac2948df1,ID208266,CID-487,CA-0877,2026-01-21,2026-02-20,1036.52,USD,SampleGen
INV-5880a87b-8bfd-40b6-8808-7bb841468315,ID208267,CID-487,CA-0877,2026-02-23,2026-03-25,684.58,USD,SampleGen
INV-c7753fb7-6901-4362-9bbf-2d7c2fd4578d,ID208268,CID-487,CA-0877,2026-03-27,2026-04-26,2204.52,USD,SampleGen
INV-d05a6e0a-4560-4544-bf8c-1cb4fd5927b1,ID208269,CID-488,CA-1537,2025-06-04,2025-07-04,1627.96,USD,SampleGen
INV-a1cf635f-a959-4fbd-b9ee-0fe04d6193c0,ID208270,CID-488,CA-1537,2025-07-30,2025-08-29,869.08,USD,SampleGen
INV-b0ab175f-cf43-4aee-8287-3806ec23ff36,ID208271,CID-488,CA-1537,2025-08-22,2025-09-21,5783.12,USD,SampleGen
INV-8b499994-ae52-4a63-8fb3-2edef6c70b1f,ID208272,CID-488,CA-1537,2025-10-11,2025-11-10,538.32,USD,SampleGen
INV-af9164ca-535e-494c-8a15-6cba940ad16e,ID208273,CID-488,CA-1537,2025-12-17,2026-01-16,5210.78,USD,SampleGen
INV-b6e64008-2c4e-4881-9c39-92f24b2ea9f3,ID208274,CID-488,CA-1537,2026-01-23,2026-02-22,436.64,USD,SampleGen
INV-3eb4c7bf-092e-4a04-9326-96a40640cc48,ID208275,CID-488,CA-1537,2026-02-03,2026-03-05,921.98,USD,SampleGen
INV-fba3d7ee-d807-4497-8456-fcf97badb369,ID208276,CID-488,CA-1537,2026-03-12,2026-04-11,534.08,USD,SampleGen
INV-62d59f4e-2ec6-4dcc-9c7a-36f22f0edf27,ID208277,CID-488,CA-1537,2026-03-19,2026-04-18,1182.76,USD,SampleGen
INV-68bf70a8-8676-4c89-b67d-3126fd6b24c2,ID208278,CID-489,CA-0880,2025-06-23,2025-07-23,2382.68,USD,SampleGen
INV-f191f314-fcf4-4a95-bc68-8f7be8f94982,ID208279,CID-489,CA-0880,2025-07-12,2025-08-11,3667.3,USD,SampleGen
INV-9d23ca65-af91-4ebc-aa0c-00ba784990b3,ID208280,CID-489,CA-0880,2025-08-12,2025-09-11,319.98,USD,SampleGen
INV-314e5cd0-a59a-4519-b40f-0f6e5f500ae1,ID208281,CID-489,CA-0880,2025-10-16,2025-11-15,1655.52,USD,SampleGen
INV-3b19eaa3-d4bc-4e08-a00a-1f086b4a9544,ID208282,CID-489,CA-0880,2025-11-10,2025-12-10,1013.18,USD,SampleGen
INV-39ed825b-1abe-409f-9768-ee7cb9636695,ID208283,CID-489,CA-0880,2025-12-08,2026-01-07,606.2,USD,SampleGen
INV-fe16bf53-cb74-4782-bb09-32f2511f20f2,ID208284,CID-489,CA-0880,2026-02-21,2026-03-23,394.2,USD,SampleGen
INV-e8391b2f-b28b-4a4b-a720-6065823d2c6b,ID208285,CID-489,CA-0880,2026-03-24,2026-04-23,970.78,USD,SampleGen
INV-6b4dfb65-378d-42b5-8b3b-e9a02a70b25a,ID208286,CID-490,CA-0882,2025-06-06,2025-07-06,3699.12,USD,SampleGen
INV-4d2829e8-85f5-43a8-b0a4-d1db761de56c,ID208287,CID-490,CA-0882,2025-06-12,2025-07-12,1700.02,USD,SampleGen
INV-24dcb029-4242-4891-b0c5-504b85c669d5,ID208288,CID-490,CA-0882,2025-06-22,2025-07-22,1420.14,USD,SampleGen
INV-94a91e87-5ceb-41f7-bbd9-4331e786ea98,ID208289,CID-490,CA-0882,2025-07-26,2025-08-25,559.52,USD,SampleGen
INV-84f7be6b-57ed-429f-a027-0a9a01babc0e,ID208290,CID-490,CA-0882,2025-07-25,2025-08-24,1653.34,USD,SampleGen
INV-81b0cff0-f4f3-4076-91d4-1398516550cd,ID208291,CID-490,CA-0882,2025-07-23,2025-08-22,1042.88,USD,SampleGen
INV-996cbd0e-c5c8-4324-8c49-5771af8fe87b,ID208292,CID-490,CA-0882,2025-07-09,2025-08-08,593.46,USD,SampleGen
INV-edf8b960-d6f9-436e-92eb-e35b25b415b4,ID208293,CID-490,CA-0882,2025-08-07,2025-09-06,2177.06,USD,SampleGen
INV-3a330303-0309-46d8-a7be-3b01defe3698,ID208294,CID-490,CA-0882,2025-08-02,2025-09-01,451.44,USD,SampleGen
INV-7843b4d9-3a22-4582-a84c-29dde5b4b443,ID208295,CID-490,CA-0882,2025-08-06,2025-09-05,1939.62,USD,SampleGen
INV-01707981-a766-4711-a05d-6961ae3106e1,ID208296,CID-490,CA-0882,2025-08-16,2025-09-15,1250.62,USD,SampleGen
INV-65df3abe-7dc8-477c-89f0-119fd3631c4c,ID208297,CID-490,CA-0882,2025-09-01,2025-10-01,555.3,USD,SampleGen
INV-9db12206-fc4f-48c1-9882-7d66fb76f68c,ID208298,CID-490,CA-0882,2025-08-03,2025-09-02,1984.2,USD,SampleGen
INV-7cb9ecaa-e391-4280-93dd-1ac5b878bbde,ID208299,CID-490,CA-0882,2025-09-21,2025-10-21,3234.86,USD,SampleGen
INV-605a3277-d197-445d-b5b5-32fec27e6e22,ID208300,CID-490,CA-0882,2025-10-10,2025-11-09,3078.06,USD,SampleGen
INV-f3592363-4dec-495a-a8f0-43c9eaa507c9,ID208301,CID-490,CA-0882,2025-10-28,2025-11-27,4905.38,USD,SampleGen
INV-5089fd5a-ae21-4020-a119-2df18210749c,ID208302,CID-490,CA-0882,2025-11-12,2025-12-12,2001.12,USD,SampleGen
INV-b3a8ca22-d084-4f1b-8fe6-ee7c87165003,ID208303,CID-490,CA-0882,2025-11-18,2025-12-18,1214.52,USD,SampleGen
INV-199fc4f0-9918-4763-bc0d-65742e052cca,ID208304,CID-490,CA-0882,2025-12-07,2026-01-06,1322.7,USD,SampleGen
INV-bf70edb0-b29b-4425-961c-17ea549d7ce6,ID208305,CID-490,CA-0882,2025-12-25,2026-01-24,3938.68,USD,SampleGen
INV-00472e31-8cb5-46c3-8b07-82e928b3e615,ID208306,CID-490,CA-0882,2025-12-25,2026-01-24,646.44,USD,SampleGen
INV-4e53772d-be1d-4821-b446-3fec8af898af,ID208307,CID-490,CA-0882,2025-12-29,2026-01-28,1888.82,USD,SampleGen
INV-556a6ea3-cc83-4e68-836b-49e3a1036ae9,ID208308,CID-490,CA-0882,2025-12-08,2026-01-07,4570.52,USD,SampleGen
INV-c4589019-88b2-44b0-b8d8-c5bfe4801f46,ID208309,CID-490,CA-0882,2026-01-26,2026-02-25,84.78,USD,SampleGen
INV-850b4fc5-2aba-4549-a79b-1c7b2384f943,ID208310,CID-490,CA-0882,2026-01-08,2026-02-07,813.98,USD,SampleGen
INV-939438c7-cbb6-498d-887d-cdf63e5e84a9,ID208311,CID-490,CA-0882,2026-01-28,2026-02-27,402.78,USD,SampleGen
INV-cda192e0-c6d8-4e46-bd61-81d771cefe94,ID208312,CID-490,CA-0882,2026-01-16,2026-02-15,3001.8,USD,SampleGen
INV-41a1414b-00a0-43a0-8b54-c86032f2bb3f,ID208313,CID-490,CA-0882,2026-02-15,2026-03-17,695.16,USD,SampleGen
INV-90b71ddc-2b92-4bfd-a17b-e0da40cc2728,ID208314,CID-490,CA-0882,2026-02-02,2026-03-04,669.84,USD,SampleGen
INV-b2f4adce-22c4-47fa-a2e1-851cad708a91,ID208315,CID-490,CA-0882,2026-02-21,2026-03-23,4299.12,USD,SampleGen
INV-12d3fc2b-54eb-4f2e-8068-50b2f56f58f4,ID208316,CID-490,CA-0882,2026-02-23,2026-03-25,3370.5,USD,SampleGen
INV-f91e363d-2ab0-4d7f-80eb-65de2ccc44f5,ID208317,CID-490,CA-0882,2026-02-12,2026-03-14,1560.14,USD,SampleGen
INV-aaeab37c-189d-41f3-ab83-e54016bce97c,ID208318,CID-490,CA-0882,2026-02-25,2026-03-27,3154.32,USD,SampleGen
INV-e7135936-d759-4410-9128-8d31ac375137,ID208319,CID-490,CA-0882,2026-02-10,2026-03-12,1454.18,USD,SampleGen
INV-196aa134-5bde-4ba0-8ac2-7dda29a0730f,ID208320,CID-490,CA-0882,2026-03-03,2026-04-02,462.04,USD,SampleGen
INV-8fc7129b-ec8e-4607-97f9-add2a00050e4,ID208321,CID-490,CA-0882,2026-03-28,2026-04-27,2836.32,USD,SampleGen
INV-2825bd58-fa56-4d24-90a5-ea40c7a8d9ca,ID208322,CID-490,CA-0882,2026-03-23,2026-04-22,1064.04,USD,SampleGen
INV-5e59ba29-d198-4225-a35d-6c8ac6ab7dca,ID208323,CID-490,CA-0882,2026-03-11,2026-04-10,1795.5,USD,SampleGen
INV-c0dcb78d-90fd-498a-aba0-ee475f1a86a6,ID208324,CID-490,CA-0882,2026-03-06,2026-04-05,926.26,USD,SampleGen
INV-5edc45e7-6bdf-4fa6-b912-a4c29e43f357,ID208325,CID-490,CA-0882,2026-03-23,2026-04-22,1534.68,USD,SampleGen
INV-de156da1-0667-4ab5-a2fb-76335a2f6b81,ID208326,CID-490,CA-0882,2026-03-16,2026-04-15,4621.34,USD,SampleGen
INV-bf24dbe3-828e-4aa6-a524-d686ab343301,ID208327,CID-490,CA-0882,2026-03-09,2026-04-08,2255.54,USD,SampleGen
INV-94c3cdb4-a5a8-49d4-ba31-4d92ac87e926,ID208328,CID-490,CA-0882,2026-03-09,2026-04-08,1348.14,USD,SampleGen
INV-99c13d19-2789-4456-8426-4c4044977e3a,ID208329,CID-491,CA-0884,2025-06-02,2025-07-02,1348.08,USD,SampleGen
INV-9ded1c7d-3db1-43cf-bf51-77fa766f6a0f,ID208330,CID-491,CA-0884,2025-06-14,2025-07-14,2955.14,USD,SampleGen
INV-a949272b-ca3a-43b6-ab76-f0454cc1328d,ID208331,CID-491,CA-0884,2025-07-28,2025-08-27,1708.5,USD,SampleGen
INV-111859d5-330c-454e-9b07-a22283d420a1,ID208332,CID-491,CA-0884,2025-07-23,2025-08-22,983.4,USD,SampleGen
INV-aec16e32-8fc6-46d7-a2ed-c0e84bf5b150,ID208333,CID-491,CA-0884,2025-08-07,2025-09-06,2569.24,USD,SampleGen
INV-02f8c895-6a98-458b-8eb0-d9d63bfcfa01,ID208334,CID-491,CA-0884,2025-08-11,2025-09-10,1284.48,USD,SampleGen
INV-009d2629-6991-45a1-9b5c-abd8c24bd42f,ID208335,CID-491,CA-0884,2025-08-09,2025-09-08,372.98,USD,SampleGen
INV-019cc94e-82c1-40a8-a6a2-9134919d4ae7,ID208336,CID-491,CA-0884,2025-09-29,2025-10-29,841.44,USD,SampleGen
INV-9b34473b-dfb4-4b0c-914a-9154d4ed1c9b,ID208337,CID-491,CA-0884,2025-10-22,2025-11-21,472.66,USD,SampleGen
INV-63bac8a1-619c-4f0e-aef9-5f4ec456f375,ID208338,CID-491,CA-0884,2025-11-15,2025-12-15,389.92,USD,SampleGen
INV-9cf4368c-b36f-43e7-9942-a8b1a74a3f52,ID208339,CID-491,CA-0884,2025-12-05,2026-01-04,3830.58,USD,SampleGen
INV-80d72579-df34-4240-9b5f-5d2d50c65fd8,ID208340,CID-491,CA-0884,2025-12-31,2026-01-30,1055.62,USD,SampleGen
INV-77fbe7de-57a8-46bb-a307-ada99089121d,ID208341,CID-491,CA-0884,2025-12-12,2026-01-11,3491.46,USD,SampleGen
INV-86b288bf-cef9-424a-816b-e8d275c53704,ID208342,CID-491,CA-0884,2026-01-25,2026-02-24,750.34,USD,SampleGen
INV-8b617d38-9317-4b84-b962-c0d2368c3558,ID208343,CID-491,CA-0884,2026-01-06,2026-02-05,1008.96,USD,SampleGen
INV-13895b4d-56d3-4ed7-b22c-b8ebbad96edf,ID208344,CID-491,CA-0884,2026-02-16,2026-03-18,2764.38,USD,SampleGen
INV-f2c9c367-9416-44cb-9a95-eaa85d339d02,ID208345,CID-491,CA-0884,2026-02-11,2026-03-13,843.62,USD,SampleGen
INV-01fdeb35-478a-4744-94ae-b68c9b389d19,ID208346,CID-491,CA-0884,2026-02-04,2026-03-06,1237.98,USD,SampleGen
INV-6cd5b6dc-4e5c-45d5-9b5f-493742c6fa13,ID208347,CID-491,CA-0884,2026-02-04,2026-03-06,1526.24,USD,SampleGen
INV-295f7726-b3c8-43b2-bb92-203901ca286f,ID208348,CID-491,CA-0884,2026-03-24,2026-04-23,4807.88,USD,SampleGen
INV-31c527b4-0a85-4ca0-b6da-443f62fb7759,ID208349,CID-491,CA-0884,2026-03-25,2026-04-24,2018.12,USD,SampleGen
INV-7eff9a96-e793-4c0e-a043-5021c929abc7,ID208350,CID-491,CA-0884,2026-03-06,2026-04-05,2878.86,USD,SampleGen
INV-a8cd1690-6efa-412f-8341-789fb8f2fbd7,ID208351,CID-491,CA-0884,2026-03-23,2026-04-22,720.66,USD,SampleGen
INV-8cf52a12-2a26-4a44-ba40-80546b5f729b,ID208352,CID-491,CA-0884,2026-03-04,2026-04-03,1890.92,USD,SampleGen
INV-bec22a79-b1a0-4e37-88cc-56c737dc0070,ID208353,CID-492,CA-0886,2025-06-08,2025-07-08,4375.52,USD,SampleGen
INV-9b46abbe-c00b-46db-a0a3-5b261627cc0b,ID208354,CID-492,CA-0886,2025-07-31,2025-08-30,521.36,USD,SampleGen
INV-1e86ff57-6f62-4bf8-8632-9fd28cc07dc3,ID208355,CID-492,CA-0886,2025-07-31,2025-08-30,1112.86,USD,SampleGen
INV-37d980e0-5a04-4ee8-9a17-5f2a4b16c7ae,ID208356,CID-492,CA-0886,2025-08-11,2025-09-10,2677.34,USD,SampleGen
INV-d6e88d44-ba2d-4d43-8eb2-7f24704ff0e7,ID208357,CID-492,CA-0886,2025-08-11,2025-09-10,1441.4,USD,SampleGen
INV-c87e6e21-d9e2-4ae5-ba90-f2a378e74387,ID208358,CID-492,CA-0886,2025-09-30,2025-10-30,1441.46,USD,SampleGen
INV-5278876a-7e8e-4027-819a-b2f1c69a11ba,ID208359,CID-492,CA-0886,2025-11-05,2025-12-05,1127.68,USD,SampleGen
INV-c05870e4-156a-4ed4-9d40-4bdbc664fa35,ID208360,CID-492,CA-0886,2025-12-12,2026-01-11,2611.76,USD,SampleGen
INV-01ce320a-101c-45ed-a672-fcbddd4e4988,ID208361,CID-492,CA-0886,2026-01-09,2026-02-08,2906.3,USD,SampleGen
INV-0fd03c74-3513-43bc-a427-9ca2a8d6d946,ID208362,CID-492,CA-0886,2026-02-08,2026-03-10,555.34,USD,SampleGen
INV-1953e4fa-659e-45c8-9a42-2e95fb61c05e,ID208363,CID-492,CA-0886,2026-02-26,2026-03-28,2098.7,USD,SampleGen
INV-62fb7344-52d6-498b-8204-31e7fdecf80f,ID208364,CID-492,CA-0886,2026-02-19,2026-03-21,871.14,USD,SampleGen
INV-0c8233cf-c570-44ee-b762-2c478ba7561d,ID208365,CID-492,CA-0886,2026-03-15,2026-04-14,2670.94,USD,SampleGen
INV-091952da-e96e-4739-a539-336f9eb3e7a1,ID208366,CID-492,CA-0886,2026-03-27,2026-04-26,2081.58,USD,SampleGen
INV-0f31e13a-cbc8-4c0a-b3e0-3857d381dece,ID208367,CID-492,CA-0886,2026-03-11,2026-04-10,5566.88,USD,SampleGen
INV-1b77fc9d-a7b8-4c20-ad14-70206da054e6,ID208368,CID-493,CA-1538,2025-06-24,2025-07-24,4566.3,USD,SampleGen
INV-5dc1e53f-43f9-4a33-8ef5-29990dbe05b1,ID208369,CID-493,CA-1538,2025-06-09,2025-07-09,2128.34,USD,SampleGen
INV-ac214110-ffae-4ffd-9934-92907d7bc00f,ID208370,CID-493,CA-1538,2025-07-30,2025-08-29,1085.26,USD,SampleGen
INV-d6c13c53-dd4b-45ef-a7cd-c1c5e3934da5,ID208371,CID-493,CA-1538,2025-07-14,2025-08-13,972.92,USD,SampleGen
INV-9752fd56-ef3e-4c95-892d-fc471e4df485,ID208372,CID-493,CA-1538,2025-08-04,2025-09-03,716.44,USD,SampleGen
INV-20387807-a0c0-48aa-a8b3-62ac8a09cc7e,ID208373,CID-493,CA-1538,2025-08-21,2025-09-20,2567.08,USD,SampleGen
INV-57ecd1ed-9e35-4cd8-8c7c-4e7b47436d90,ID208374,CID-493,CA-1538,2025-08-20,2025-09-19,1112.82,USD,SampleGen
INV-fdd1cee0-6914-4a81-997f-5035664a9089,ID208375,CID-493,CA-1538,2025-09-12,2025-10-12,472.62,USD,SampleGen
INV-f8688977-1612-4e84-8ccd-b1a821f8504b,ID208376,CID-493,CA-1538,2025-11-01,2025-12-01,1273.94,USD,SampleGen
INV-c2627778-5ba8-4349-a2d2-8d3e0a1d650a,ID208377,CID-493,CA-1538,2025-11-12,2025-12-12,2955.02,USD,SampleGen
INV-77437c20-4f96-4d68-96ab-7bba27534d63,ID208378,CID-493,CA-1538,2025-12-17,2026-01-16,2819.46,USD,SampleGen
INV-bf72780f-e402-42b9-bd89-ee038cc2aa4b,ID208379,CID-493,CA-1538,2025-12-22,2026-01-21,1950.24,USD,SampleGen
INV-5a3557eb-2356-432d-90ff-5d066d38ee97,ID208380,CID-493,CA-1538,2025-12-24,2026-01-23,2098.7,USD,SampleGen
INV-5de39773-067f-4883-a82d-dcf53a59ed1f,ID208381,CID-493,CA-1538,2026-01-23,2026-02-22,1172.26,USD,SampleGen
INV-1ef581e7-c9f8-469b-9c64-0cdcc2b75d57,ID208382,CID-493,CA-1538,2026-01-26,2026-02-25,627.38,USD,SampleGen
INV-55cd5432-1aa0-443f-8510-dd984e46b1a0,ID208383,CID-493,CA-1538,2026-02-09,2026-03-11,343.36,USD,SampleGen
INV-dae26924-5347-459a-9df5-66da0fea6dfb,ID208384,CID-493,CA-1538,2026-02-04,2026-03-06,5738.58,USD,SampleGen
INV-8059e70e-fc2d-4d38-92ec-d4e4c8f8d1f5,ID208385,CID-493,CA-1538,2026-02-03,2026-03-05,6368.2,USD,SampleGen
INV-bb85554d-7fd8-4d4b-9f62-b4484693fb73,ID208386,CID-493,CA-1538,2026-02-14,2026-03-16,4723.2,USD,SampleGen
INV-d0006de9-88d9-4934-9ca8-0356050dd3d5,ID208387,CID-493,CA-1538,2026-03-02,2026-04-01,1195.56,USD,SampleGen
INV-e65c5fdd-a3f4-40e7-ac79-3728cfcda3bd,ID208388,CID-493,CA-1538,2026-03-30,2026-04-29,3459.56,USD,SampleGen
INV-292b6918-96a7-48dc-8778-d828d769e933,ID208389,CID-493,CA-1538,2026-03-21,2026-04-20,1897.16,USD,SampleGen
INV-578c2f2c-3d6d-478f-95f8-86b4a2ed10f4,ID208390,CID-493,CA-1538,2026-03-17,2026-04-16,2017.98,USD,SampleGen
INV-054dfc7a-832e-488d-861b-613db7a3a783,ID208391,CID-494,CA-0889,2025-06-23,2025-07-23,1144.54,USD,SampleGen
INV-de4ca62e-5cb3-4075-b64e-523e98f898ff,ID208392,CID-494,CA-0889,2025-06-11,2025-07-11,975.08,USD,SampleGen
INV-02f89bef-74f0-4401-bdba-bce2552b2f17,ID208393,CID-494,CA-0889,2025-07-25,2025-08-24,1670.4,USD,SampleGen
INV-9e7bedc6-46fe-46e7-ad04-0d39f3969b84,ID208394,CID-494,CA-0889,2025-07-30,2025-08-29,2717.72,USD,SampleGen
INV-ce8f69be-2fae-4d8c-8c83-55faae755a82,ID208395,CID-494,CA-0889,2025-08-28,2025-09-27,364.56,USD,SampleGen
INV-544b879a-e204-4a29-8809-bc1ac9b06066,ID208396,CID-494,CA-0889,2025-08-12,2025-09-11,211.9,USD,SampleGen
INV-52e29b6f-e1d7-4af9-9690-904628245d2a,ID208397,CID-494,CA-0889,2025-08-11,2025-09-10,4952.08,USD,SampleGen
INV-5774ed2a-acd6-4a1c-b5fc-64db6328c184,ID208398,CID-494,CA-0889,2025-10-19,2025-11-18,1013.18,USD,SampleGen
INV-4faca194-d628-4add-9591-4b845b4e0645,ID208399,CID-494,CA-0889,2025-11-23,2025-12-23,250.06,USD,SampleGen
INV-0943e955-930a-421f-bb26-d83aecf53261,ID208400,CID-494,CA-0889,2025-11-19,2025-12-19,3082.26,USD,SampleGen
INV-3645f9c5-cbd0-4707-8291-47c3b96178df,ID208401,CID-494,CA-0889,2025-12-26,2026-01-25,390.0,USD,SampleGen
INV-04bba57f-3758-44bc-9033-5a33fa0b9b29,ID208402,CID-494,CA-0889,2025-12-28,2026-01-27,2242.76,USD,SampleGen
INV-6aa6e25f-af63-4687-9e80-5b09fda22f6d,ID208403,CID-494,CA-0889,2026-01-04,2026-02-03,2997.58,USD,SampleGen
INV-dde32572-1813-4c5a-9d67-fb511dd043d0,ID208404,CID-494,CA-0889,2026-01-27,2026-02-26,521.44,USD,SampleGen
INV-4f755934-06df-4001-a900-bcd08543f930,ID208405,CID-494,CA-0889,2026-02-24,2026-03-26,1367.28,USD,SampleGen
INV-fbbb3159-5f78-41b0-8117-99ddf37ed3c3,ID208406,CID-494,CA-0889,2026-02-08,2026-03-10,654.96,USD,SampleGen
INV-4d54708a-c7b8-4fdc-aa56-34611ac8e1f2,ID208407,CID-494,CA-0889,2026-02-04,2026-03-06,5643.22,USD,SampleGen
INV-cb12af79-d131-4b2e-ae0f-b9c4c1e4dfca,ID208408,CID-494,CA-0889,2026-02-28,2026-03-30,5153.46,USD,SampleGen
INV-613881d9-37d5-4b85-bd42-bfc097821acb,ID208409,CID-494,CA-0889,2026-03-02,2026-04-01,1780.68,USD,SampleGen
INV-f9773dc6-07f2-4372-b408-4668830fe9f1,ID208410,CID-494,CA-0889,2026-03-07,2026-04-06,230.98,USD,SampleGen
INV-6845ea80-1b21-4bb4-b03e-dcacbba19a1c,ID208411,CID-494,CA-0889,2026-03-31,2026-04-30,1608.9,USD,SampleGen
INV-5bd6b899-9e25-417c-b81a-e985f35c5b36,ID208412,CID-494,CA-0889,2026-03-04,2026-04-03,2567.1,USD,SampleGen
INV-27a054c8-54eb-4012-bc84-66bc8022c659,ID208413,CID-495,CA-0891,2025-06-21,2025-07-21,975.02,USD,SampleGen
INV-791d5de2-8dca-4598-86b5-0dc8580feda6,ID208414,CID-495,CA-0891,2025-07-12,2025-08-11,1916.36,USD,SampleGen
INV-95aea6da-dc23-41a6-a1f6-372525de7d00,ID208415,CID-495,CA-0891,2025-08-26,2025-09-25,900.76,USD,SampleGen
INV-ca547b56-8f8a-40a9-9c17-aa650588ab3e,ID208416,CID-495,CA-0891,2025-08-28,2025-09-27,1204.02,USD,SampleGen
INV-c6dd98de-a860-4099-9a6f-69b7eb544037,ID208417,CID-495,CA-0891,2025-10-02,2025-11-01,3722.56,USD,SampleGen
INV-912191d6-42ca-4c0c-940f-4052f4d02ef4,ID208418,CID-495,CA-0891,2025-11-09,2025-12-09,3981.24,USD,SampleGen
INV-07dbae47-6a9c-4ff6-8f13-1d4ff2a766aa,ID208419,CID-495,CA-0891,2025-12-02,2026-01-01,2382.76,USD,SampleGen
INV-1cc94558-f0fd-42aa-addd-89896e9bcb34,ID208420,CID-495,CA-0891,2025-12-25,2026-01-24,703.64,USD,SampleGen
INV-000c1e47-5fcf-4c22-b5f2-56488f759d6e,ID208421,CID-495,CA-0891,2026-01-20,2026-02-19,2001.2,USD,SampleGen
INV-fd967f4f-73de-4d05-9d1e-efb2387ed511,ID208422,CID-495,CA-0891,2026-02-06,2026-03-08,447.22,USD,SampleGen
INV-ccb9f1f6-ccda-4736-ac39-96c5e398ea52,ID208423,CID-495,CA-0891,2026-02-12,2026-03-14,2304.3,USD,SampleGen
INV-2afd0252-d8fe-417b-9f17-f301c9138aa1,ID208424,CID-495,CA-0891,2026-03-11,2026-04-10,368.76,USD,SampleGen
INV-499ae86a-4e20-4f17-9af2-840d8988c02c,ID208425,CID-495,CA-0891,2026-03-07,2026-04-06,1119.08,USD,SampleGen
INV-cf65c4ef-3337-47c0-b7a6-0fb9944ca06b,ID208426,CID-496,CA-0893,2025-07-05,2025-08-04,720.7,USD,SampleGen
INV-4d3c6257-55b1-449e-8257-5d2190520441,ID208427,CID-496,CA-0893,2025-08-30,2025-09-29,7194.98,USD,SampleGen
INV-fcf85865-154d-4735-9cac-66906481f1df,ID208428,CID-496,CA-0893,2025-10-18,2025-11-17,7661.4,USD,SampleGen
INV-2edff532-c598-4f74-b128-a97d808c8cc2,ID208429,CID-496,CA-0893,2025-12-04,2026-01-03,449.32,USD,SampleGen
INV-c6c31b6f-2820-474b-b582-1f49e1c82c46,ID208430,CID-496,CA-0893,2026-01-07,2026-02-06,2344.54,USD,SampleGen
INV-2aeb1db0-70d2-4206-8c7b-ca358271984e,ID208431,CID-496,CA-0893,2026-02-07,2026-03-09,2505.68,USD,SampleGen
INV-22511807-e599-43eb-9c19-763ae4d97644,ID208432,CID-496,CA-0893,2026-02-23,2026-03-25,4566.26,USD,SampleGen
INV-3bfb2887-ed0f-49ff-b917-655cf9103e0d,ID208433,CID-496,CA-0893,2026-03-27,2026-04-26,394.22,USD,SampleGen
INV-78dac2fb-45c8-4834-bd63-a60ebc81550f,ID208434,CID-496,CA-0893,2026-03-21,2026-04-20,2806.76,USD,SampleGen
INV-2d4f88cd-b328-4cee-bff5-b92a1b13b9b8,ID208435,CID-497,CA-0894,2025-06-04,2025-07-04,1702.06,USD,SampleGen
INV-1337f2ed-f22f-4869-b01e-28df8d2a5e74,ID208436,CID-497,CA-0894,2025-07-25,2025-08-24,1292.92,USD,SampleGen
INV-636adce5-1e3e-48be-89e2-8d2db3fa7d74,ID208437,CID-497,CA-0894,2025-08-24,2025-09-23,4515.4,USD,SampleGen
INV-6800630a-97c1-4501-a4ab-eb30f2600fd8,ID208438,CID-497,CA-0894,2025-08-11,2025-09-10,279.76,USD,SampleGen
INV-9190adcb-7d59-46c2-87a4-0c2b0be15767,ID208439,CID-497,CA-0894,2025-11-29,2025-12-29,1806.12,USD,SampleGen
INV-01ec07f0-93aa-4d6d-8ca6-1c4b95048181,ID208440,CID-497,CA-0894,2025-12-08,2026-01-07,2514.08,USD,SampleGen
INV-21d96466-5300-4e30-b992-b1b17ef5dfd4,ID208441,CID-497,CA-0894,2025-12-19,2026-01-18,1581.28,USD,SampleGen
INV-a5cc281c-652e-4155-818d-2e3e0d89b1b1,ID208442,CID-497,CA-0894,2026-01-02,2026-02-01,6821.86,USD,SampleGen
INV-504f8eb9-c431-41d9-a11a-861fd9bf56e1,ID208443,CID-497,CA-0894,2026-02-22,2026-03-24,5577.46,USD,SampleGen
INV-23557003-2984-4ccd-9d65-0a7ea367b296,ID208444,CID-497,CA-0894,2026-02-03,2026-03-05,4472.96,USD,SampleGen
INV-294af5e4-1af2-4f94-9a00-eba05df69387,ID208445,CID-497,CA-0894,2026-02-14,2026-03-16,1572.78,USD,SampleGen
INV-4be19a8e-5849-4538-b857-9a53e5961e70,ID208446,CID-497,CA-0894,2026-03-23,2026-04-22,1975.76,USD,SampleGen
INV-93c6a568-f48d-4f6f-82e1-e10e00ff39a5,ID208447,CID-497,CA-0894,2026-03-07,2026-04-06,1505.06,USD,SampleGen
INV-5ce24fc0-04d2-4ffc-b692-a3f2981218ad,ID208448,CID-497,CA-0894,2026-03-21,2026-04-20,2620.1,USD,SampleGen
INV-5b3e72a2-1b6a-47ec-9e48-2944c9babc7f,ID208449,CID-498,CA-0896,2025-06-13,2025-07-13,2815.26,USD,SampleGen
INV-89aea1c0-4798-4b29-b1e1-f4d3450d9376,ID208450,CID-498,CA-0896,2025-07-16,2025-08-15,779.96,USD,SampleGen
INV-5d8cbbe3-3e05-4764-84bd-265e2e1f158e,ID208451,CID-498,CA-0896,2025-08-30,2025-09-29,2310.6,USD,SampleGen
INV-627e9795-5db6-4397-bc28-e7e27e55aa1b,ID208452,CID-498,CA-0896,2025-12-07,2026-01-06,4515.5,USD,SampleGen
INV-af26cc8d-07e5-4037-8418-b62fc3d66bde,ID208453,CID-498,CA-0896,2026-01-28,2026-02-27,1146.8,USD,SampleGen
INV-28b14966-f825-479f-b79a-f1f67335b9d7,ID208454,CID-498,CA-0896,2026-02-26,2026-03-28,1611.08,USD,SampleGen
INV-e12926cb-d4c4-40cf-814d-978b23d259bd,ID208455,CID-498,CA-0896,2026-02-27,2026-03-29,4765.52,USD,SampleGen
INV-792048dd-c5d8-4246-af13-8aa9d57bcf2a,ID208456,CID-498,CA-0896,2026-03-20,2026-04-19,2255.54,USD,SampleGen
INV-e17d8990-af45-4660-830a-93f15cd0404d,ID208457,CID-498,CA-0896,2026-03-16,2026-04-15,2759.98,USD,SampleGen
INV-b4a1ee84-1760-41e8-b8fd-e9af2ea18330,ID208458,CID-499,CA-0898,2025-06-19,2025-07-19,716.44,USD,SampleGen
INV-491c8d10-4beb-4ea5-b2b6-218d8573761a,ID208459,CID-499,CA-0898,2025-07-19,2025-08-18,368.76,USD,SampleGen
INV-856f5ebb-bb08-43da-9f26-0824adb08357,ID208460,CID-499,CA-0898,2025-08-13,2025-09-12,4311.88,USD,SampleGen
INV-1ef2610b-705e-41bc-bb5a-9c9d5f4b2172,ID208461,CID-499,CA-0898,2025-09-19,2025-10-19,3442.66,USD,SampleGen
INV-1b31a733-36bb-422e-a8f9-d99657ac9103,ID208462,CID-499,CA-0898,2025-10-16,2025-11-15,6321.58,USD,SampleGen
INV-b4231c84-e42b-4f7c-8524-1ea251f570f9,ID208463,CID-499,CA-0898,2025-12-29,2026-01-28,1992.68,USD,SampleGen
INV-ebcea8ce-8680-44f9-a6a8-4e767008bd46,ID208464,CID-499,CA-0898,2025-12-02,2026-01-01,362.42,USD,SampleGen
INV-51efeb42-1ce0-4c8e-8200-d33fd06257da,ID208465,CID-499,CA-0898,2026-01-28,2026-02-27,169.56,USD,SampleGen
INV-92db1616-9587-40bf-94c7-8da0ff87c7b7,ID208466,CID-499,CA-0898,2026-01-30,2026-03-01,203.46,USD,SampleGen
INV-c2606677-4b2b-404f-8e9d-66a839c4a650,ID208467,CID-499,CA-0898,2026-02-26,2026-03-28,2709.12,USD,SampleGen
INV-3672a9c0-cb1d-414f-8263-310511d2da29,ID208468,CID-499,CA-0898,2026-02-28,2026-03-30,3968.44,USD,SampleGen
INV-a71ee2a0-4dde-463b-b752-e036e12f626e,ID208469,CID-499,CA-0898,2026-03-20,2026-04-19,3993.88,USD,SampleGen
INV-08e496e3-4f18-4dc7-92be-3ab115f97f1e,ID208470,CID-499,CA-0898,2026-03-09,2026-04-08,2149.44,USD,SampleGen
INV-78384acb-696d-4d12-9e19-5ceb502cdcb4,ID208471,CID-500,CA-1539,2025-07-21,2025-08-20,5694.12,USD,SampleGen
INV-1f939e14-4a95-4571-80c5-11b07844d5d9,ID208472,CID-500,CA-1539,2025-08-16,2025-09-15,599.82,USD,SampleGen
INV-40482899-c2d6-4014-b375-f51f59d4f2d1,ID208473,CID-500,CA-1539,2025-08-28,2025-09-27,1237.98,USD,SampleGen
INV-c38ab1a4-cf90-4759-a0ce-43fccea2d7a7,ID208474,CID-500,CA-1539,2025-11-24,2025-12-24,4897.06,USD,SampleGen
INV-56083fd8-4cbf-4616-b77f-28fb3433e9ad,ID208475,CID-500,CA-1539,2025-12-16,2026-01-15,3752.28,USD,SampleGen
INV-50d96ff6-7560-47fe-a32a-aa5bbc3fe309,ID208476,CID-500,CA-1539,2026-01-24,2026-02-23,402.78,USD,SampleGen
INV-a3d0c26b-29df-4456-befc-1073f5616d6a,ID208477,CID-500,CA-1539,2026-02-22,2026-03-24,2904.3,USD,SampleGen
INV-1050bac4-7496-4ff6-a7ca-74a2e0e1a243,ID208478,CID-500,CA-1539,2026-03-19,2026-04-18,5386.68,USD,SampleGen
INV-6010b254-473e-42bb-a818-9c1760985381,ID208479,CID-500,CA-1539,2026-03-16,2026-04-15,519.26,USD,SampleGen
INV-d3419311-48c2-4e57-aba2-8c468876bcab,ID208480,CID-501,CA-0901,2025-07-13,2025-08-12,690.86,USD,SampleGen
INV-6a7c8bc4-a25d-4b46-baf7-c092ef4183c6,ID208481,CID-501,CA-0901,2025-08-05,2025-09-04,712.22,USD,SampleGen
INV-580479d4-46fe-4fae-9b67-4a595de6fdd7,ID208482,CID-501,CA-0901,2025-12-10,2026-01-09,2060.54,USD,SampleGen
INV-9796da2f-ccf7-4c08-b219-c572574cb8cb,ID208483,CID-501,CA-0901,2025-12-25,2026-01-24,3048.42,USD,SampleGen
INV-de6d560d-b94c-47c6-8800-fb9c212f3c1c,ID208484,CID-501,CA-0901,2026-01-29,2026-02-28,122.92,USD,SampleGen
INV-57a83313-6197-47ed-b455-cb4d84096316,ID208485,CID-501,CA-0901,2026-02-18,2026-03-20,4313.94,USD,SampleGen
INV-43319f34-ce68-492f-9e8e-684cd629d914,ID208486,CID-501,CA-0901,2026-02-13,2026-03-15,601.92,USD,SampleGen
INV-9e4d5958-6136-42e3-add1-7868677df0c6,ID208487,CID-501,CA-0901,2026-03-25,2026-04-24,1615.26,USD,SampleGen
INV-ca92cf52-9e29-407f-beb2-2887216a501c,ID208488,CID-501,CA-0901,2026-03-08,2026-04-07,1377.82,USD,SampleGen
INV-bb045e90-7dbf-45d8-8144-e912f7309542,ID208489,CID-502,CA-0903,2025-06-18,2025-07-18,1693.64,USD,SampleGen
INV-6356c5a4-6e79-44e0-a877-9b792ec792f1,ID208490,CID-502,CA-0903,2025-06-21,2025-07-21,873.24,USD,SampleGen
INV-19757883-0899-4f3e-99d6-d777af391b41,ID208491,CID-502,CA-0903,2025-07-21,2025-08-20,5030.56,USD,SampleGen
INV-b9cec59d-152e-4103-8d6f-749d0f5c4d5f,ID208492,CID-502,CA-0903,2025-07-10,2025-08-09,894.36,USD,SampleGen
INV-cc34dd5e-f3c1-4ec0-b464-b50383ba67e7,ID208493,CID-502,CA-0903,2025-08-29,2025-09-28,2518.36,USD,SampleGen
INV-b39241ad-6ed3-4fb9-b716-8cd46d80d1aa,ID208494,CID-502,CA-0903,2025-08-08,2025-09-07,451.44,USD,SampleGen
INV-e9b9e640-f37b-4482-8939-98aa017d64d5,ID208495,CID-502,CA-0903,2025-08-26,2025-09-25,4757.0,USD,SampleGen
INV-3e2eea5e-4942-424e-9f88-e21fec04b188,ID208496,CID-502,CA-0903,2025-09-10,2025-10-10,5393.08,USD,SampleGen
INV-c73f4e4e-f0b0-494a-9a34-6b518d66f25c,ID208497,CID-502,CA-0903,2025-10-15,2025-11-14,754.52,USD,SampleGen
INV-6a24117f-f5c6-4011-acb8-e58aa0b5288e,ID208498,CID-502,CA-0903,2025-11-14,2025-12-14,1820.94,USD,SampleGen
INV-afc820da-cf80-48f5-8ab0-02137b3c9100,ID208499,CID-502,CA-0903,2025-12-17,2026-01-16,2514.1,USD,SampleGen
INV-e04897b4-ea6f-4faf-9100-5b9c8506e363,ID208500,CID-502,CA-0903,2025-12-22,2026-01-21,3510.52,USD,SampleGen
INV-c48d4031-4be0-40f3-850e-b4c01dfcdc13,ID208501,CID-502,CA-0903,2025-12-04,2026-01-03,669.84,USD,SampleGen
INV-13e57463-36bc-4b5b-99c9-4be274a66c1b,ID208502,CID-502,CA-0903,2026-01-09,2026-02-08,2338.1,USD,SampleGen
INV-1b3dffc3-9399-454c-a1b1-61542064716f,ID208503,CID-502,CA-0903,2026-01-19,2026-02-18,432.42,USD,SampleGen
INV-a97a85ed-d61f-40c4-a570-c06616c4b3b7,ID208504,CID-502,CA-0903,2026-02-09,2026-03-11,3756.44,USD,SampleGen
INV-1305c0a7-7c70-4442-9392-cf2dedc76b3d,ID208505,CID-502,CA-0903,2026-02-07,2026-03-09,2611.68,USD,SampleGen
INV-ec7fde06-8e97-484d-b90f-caf7c2207f7f,ID208506,CID-502,CA-0903,2026-02-08,2026-03-10,826.68,USD,SampleGen
INV-361e83bf-9670-4d13-888b-c5a354841a47,ID208507,CID-502,CA-0903,2026-02-21,2026-03-23,1454.18,USD,SampleGen
INV-969a143a-c2f9-41fd-a157-5257c0c7599c,ID208508,CID-502,CA-0903,2026-03-19,2026-04-18,1801.76,USD,SampleGen
INV-b0896fdf-171f-4329-b97f-de8d86b518f1,ID208509,CID-502,CA-0903,2026-04-01,2026-05-01,5884.88,USD,SampleGen
INV-c4f936d2-3309-48d0-a98d-e956e0dd388f,ID208510,CID-502,CA-0903,2026-03-03,2026-04-02,2963.64,USD,SampleGen
INV-ec982fc9-ec79-45d1-a1d6-1b34e66f5e8a,ID208511,CID-502,CA-0903,2026-03-05,2026-04-04,1025.84,USD,SampleGen
INV-fa623a4d-c25c-4336-9b7b-7532e649725e,ID208512,CID-503,CA-0905,2025-06-16,2025-07-16,531.9,USD,SampleGen
INV-1cec7095-b670-425f-8db2-bedc93506540,ID208513,CID-503,CA-0905,2025-06-08,2025-07-08,576.56,USD,SampleGen
INV-207dc9ba-07da-4b01-8f1c-70956f5dac4c,ID208514,CID-503,CA-0905,2025-07-31,2025-08-30,864.84,USD,SampleGen
INV-c03ed1c0-98a6-444c-b05a-2e8db5218671,ID208515,CID-503,CA-0905,2025-07-12,2025-08-11,4118.94,USD,SampleGen
INV-72abd672-ce72-44ef-9a29-5a828962d243,ID208516,CID-503,CA-0905,2025-07-11,2025-08-10,3629.16,USD,SampleGen
INV-f636504e-8ab7-40d5-a614-3028577fce91,ID208517,CID-503,CA-0905,2025-08-04,2025-09-03,1161.56,USD,SampleGen
INV-40151a0a-0b2e-40b4-ad7e-b7f5492dd81d,ID208518,CID-503,CA-0905,2025-08-03,2025-09-02,674.06,USD,SampleGen
INV-677f96c2-1281-45c3-9c0a-5d85d8b95803,ID208519,CID-503,CA-0905,2025-08-08,2025-09-07,2143.08,USD,SampleGen
INV-0aa0972e-c1c0-4a0d-8ddd-7ffc788cc9b7,ID208520,CID-503,CA-0905,2025-09-16,2025-10-16,1717.0,USD,SampleGen
INV-b1b34f71-76eb-4d66-87e7-babdd4373be5,ID208521,CID-503,CA-0905,2025-10-06,2025-11-05,1456.26,USD,SampleGen
INV-920419a9-e3e5-417e-9f0f-1db74bf0aadb,ID208522,CID-503,CA-0905,2025-11-02,2025-12-02,4905.5,USD,SampleGen
INV-284d2e78-0c17-48e6-a549-551e805d712e,ID208523,CID-503,CA-0905,2025-12-08,2026-01-07,1526.26,USD,SampleGen
INV-60618e6c-6b1d-4782-9b07-12e728d36edb,ID208524,CID-503,CA-0905,2025-12-15,2026-01-14,6376.72,USD,SampleGen
INV-23ba2c61-d6c1-4784-bebe-9696e89d2ddd,ID208525,CID-503,CA-0905,2026-01-20,2026-02-19,381.48,USD,SampleGen
INV-2f682b18-9423-4403-ab23-1ad6a258cbe7,ID208526,CID-503,CA-0905,2026-01-25,2026-02-24,2238.62,USD,SampleGen
INV-af1a38d8-e0d3-46b8-8733-d32a5d550d8f,ID208527,CID-503,CA-0905,2026-01-27,2026-02-26,1890.96,USD,SampleGen
INV-7c154c58-9674-4154-9e7c-55c2576fd332,ID208528,CID-503,CA-0905,2026-02-25,2026-03-27,1823.06,USD,SampleGen
INV-7cdae6dd-c53d-4d1f-86c5-543a50e38123,ID208529,CID-503,CA-0905,2026-02-02,2026-03-04,2420.8,USD,SampleGen
INV-73c19259-eb43-401c-af26-dbf5a0f4f6ca,ID208530,CID-503,CA-0905,2026-02-11,2026-03-13,1738.2,USD,SampleGen
INV-599e4151-18fc-4a56-96d2-fff1251a392f,ID208531,CID-503,CA-0905,2026-02-28,2026-03-30,1121.28,USD,SampleGen
INV-262f2da7-cee0-42bc-b9d5-ea039e833806,ID208532,CID-503,CA-0905,2026-02-15,2026-03-17,4320.42,USD,SampleGen
INV-08a3ca25-c433-4a7b-85ec-25553ba8ca01,ID208533,CID-503,CA-0905,2026-03-30,2026-04-29,2327.48,USD,SampleGen
INV-131280c7-7f6f-4798-8fc4-9e52e10b2ea8,ID208534,CID-503,CA-0905,2026-03-09,2026-04-08,1293.02,USD,SampleGen
INV-70c8b3fa-b579-4515-8d01-a973d9b67bb9,ID208535,CID-503,CA-0905,2026-03-19,2026-04-18,2408.14,USD,SampleGen
INV-33b36880-0957-4bf5-89bd-4412fcdb149d,ID208536,CID-503,CA-0905,2026-03-04,2026-04-03,305.16,USD,SampleGen
INV-088c2ff4-cecb-4333-bc55-6188294c04b2,ID208537,CID-503,CA-0905,2026-03-30,2026-04-29,805.4,USD,SampleGen
INV-75ed22fa-8476-4c57-ae59-bfa1ea3adb8a,ID208538,CID-504,CA-0907,2025-06-30,2025-07-30,5914.56,USD,SampleGen
INV-9b742d47-a2dc-415b-ad73-367a4cd3708d,ID208539,CID-504,CA-0907,2025-06-03,2025-07-03,542.56,USD,SampleGen
INV-8bfa3e57-6592-44c4-9ce3-4c70d3a9939d,ID208540,CID-504,CA-0907,2025-07-13,2025-08-12,2516.14,USD,SampleGen
INV-9d5b6bf2-a933-41c9-a692-fcbcd684b7ab,ID208541,CID-504,CA-0907,2025-07-05,2025-08-04,3421.4,USD,SampleGen
INV-798e4539-afaa-4e31-b872-dbb9f9a1ebe1,ID208542,CID-504,CA-0907,2025-08-27,2025-09-26,2032.88,USD,SampleGen
INV-0737594f-8ab6-4ce9-9173-218aa15663a0,ID208543,CID-504,CA-0907,2025-08-23,2025-09-22,928.34,USD,SampleGen
INV-56d26af1-5328-4f6a-9080-5f92d77da24d,ID208544,CID-504,CA-0907,2025-08-15,2025-09-14,2986.92,USD,SampleGen
INV-9972b69f-a30a-4498-99ef-6c5550cb0e8d,ID208545,CID-504,CA-0907,2025-09-11,2025-10-11,2187.68,USD,SampleGen
INV-d9f06c05-396b-48a4-977b-bbee779f3580,ID208546,CID-504,CA-0907,2025-10-22,2025-11-21,4074.46,USD,SampleGen
INV-0c1f1a1d-e581-4473-a074-73e7421f3730,ID208547,CID-504,CA-0907,2025-11-07,2025-12-07,2187.68,USD,SampleGen
INV-b52de05e-2f82-417c-85c2-61d9706c5a11,ID208548,CID-504,CA-0907,2025-12-24,2026-01-23,1362.94,USD,SampleGen
INV-d8ab3fe2-8242-49f8-a0e3-f956c8a75b9d,ID208549,CID-504,CA-0907,2025-12-05,2026-01-04,1102.3,USD,SampleGen
INV-928bf285-86e8-43ef-aa9c-b4681dcbcefe,ID208550,CID-504,CA-0907,2025-12-11,2026-01-10,3917.64,USD,SampleGen
INV-99b4f6ad-39cc-42dc-9412-23d50b40ca1b,ID208551,CID-504,CA-0907,2026-01-22,2026-02-21,1237.98,USD,SampleGen
INV-0f29bf6e-2fef-45d6-9d29-042be81daebe,ID208552,CID-504,CA-0907,2026-01-05,2026-02-04,1257.0,USD,SampleGen
INV-15ef6359-efd7-4c4a-a775-de2d919d0e80,ID208553,CID-504,CA-0907,2026-02-20,2026-03-22,572.26,USD,SampleGen
INV-d73ecc22-f11b-4de5-ab07-f17583902988,ID208554,CID-504,CA-0907,2026-02-28,2026-03-30,2552.22,USD,SampleGen
INV-76310e43-a31b-48a3-a9e0-221054415b78,ID208555,CID-504,CA-0907,2026-02-25,2026-03-27,2611.76,USD,SampleGen
INV-d24d163a-a9e5-4b81-8c48-8a8abaadbc73,ID208556,CID-504,CA-0907,2026-02-25,2026-03-27,1784.9,USD,SampleGen
INV-b9c2bc50-a4a3-4865-a26d-a85100225b2e,ID208557,CID-504,CA-0907,2026-03-14,2026-04-13,574.38,USD,SampleGen
INV-7ed0341c-bfb0-47c6-9266-1428ef08cd1e,ID208558,CID-504,CA-0907,2026-03-04,2026-04-03,1547.46,USD,SampleGen
INV-df9d2eed-a282-448a-ac69-76a91f5ca049,ID208559,CID-504,CA-0907,2026-03-26,2026-04-25,601.98,USD,SampleGen
INV-81a9b773-e408-44a8-a07c-fc45842bbe9c,ID208560,CID-504,CA-0907,2026-03-28,2026-04-27,1195.5,USD,SampleGen
INV-f2d96512-33d6-477c-862c-d6ace471e2a7,ID208561,CID-505,CA-0909,2025-06-06,2025-07-06,4347.9,USD,SampleGen
INV-e815a0a9-7971-4ee0-8de3-4bd1cac86862,ID208562,CID-505,CA-0909,2025-06-05,2025-07-05,2102.8,USD,SampleGen
INV-e3fc68d9-dcdc-4232-96f3-870c4596e057,ID208563,CID-505,CA-0909,2025-07-21,2025-08-20,4032.04,USD,SampleGen
INV-bf55082c-4cd1-4168-bd97-83fdd75a01cd,ID208564,CID-505,CA-0909,2025-07-05,2025-08-04,614.64,USD,SampleGen
INV-93c410c5-e2b8-4e7a-bd70-8c3965a0700b,ID208565,CID-505,CA-0909,2025-09-01,2025-10-01,1509.3,USD,SampleGen
INV-a7a1903b-de20-4d32-8782-50250a172009,ID208566,CID-505,CA-0909,2025-08-02,2025-09-01,627.32,USD,SampleGen
INV-34b78364-ea7d-45fe-a843-c61a1f77dc54,ID208567,CID-505,CA-0909,2025-08-24,2025-09-23,4002.4,USD,SampleGen
INV-b9cf2193-ef28-4638-bd42-7476dd0b0d78,ID208568,CID-505,CA-0909,2025-09-10,2025-10-10,856.26,USD,SampleGen
INV-0abf8591-b655-4e29-9dea-2a3329afa5f8,ID208569,CID-505,CA-0909,2025-10-07,2025-11-06,3027.16,USD,SampleGen
INV-2377d19b-0398-4784-a802-88c51f4b29d6,ID208570,CID-505,CA-0909,2025-10-05,2025-11-04,2586.18,USD,SampleGen
INV-e17c8e26-9b42-430f-9454-1c1db6317b4a,ID208571,CID-505,CA-0909,2025-11-02,2025-12-02,2615.88,USD,SampleGen
INV-822ea476-6e93-4645-8bbc-34e743c240fa,ID208572,CID-505,CA-0909,2025-12-30,2026-01-29,7801.36,USD,SampleGen
INV-06cc7dcd-1e41-4088-8801-fbeef3f566d0,ID208573,CID-505,CA-0909,2025-12-02,2026-01-01,3629.2,USD,SampleGen
INV-22de717d-2ef3-43f1-b9d6-e54d72b2c345,ID208574,CID-505,CA-0909,2025-12-17,2026-01-16,737.56,USD,SampleGen
INV-e1252014-b5a3-46e2-877f-57f411eeb57c,ID208575,CID-505,CA-0909,2026-01-09,2026-02-08,379.38,USD,SampleGen
INV-e3ea0349-9196-4546-8d80-519705d73b52,ID208576,CID-505,CA-0909,2026-01-09,2026-02-08,1460.4,USD,SampleGen
INV-4c356127-ad94-4cba-9b83-de731b299e65,ID208577,CID-505,CA-0909,2026-02-05,2026-03-07,3082.34,USD,SampleGen
INV-eb35b87f-1b5c-4984-9f04-e43577b031a4,ID208578,CID-505,CA-0909,2026-02-08,2026-03-10,1929.04,USD,SampleGen
INV-04170d0a-c07a-4db2-aadf-d5c4839a28f0,ID208579,CID-505,CA-0909,2026-02-14,2026-03-16,4426.38,USD,SampleGen
INV-142de63e-c783-4080-9654-5e1eda94a27c,ID208580,CID-505,CA-0909,2026-02-24,2026-03-26,943.14,USD,SampleGen
INV-d0d54967-a392-4dcb-ae5f-4ae0225e948e,ID208581,CID-505,CA-0909,2026-03-22,2026-04-21,2001.2,USD,SampleGen
INV-2b83f8dc-06c5-4596-80db-70f13f4ba6be,ID208582,CID-505,CA-0909,2026-03-27,2026-04-26,4513.2,USD,SampleGen
INV-c2721ac1-7344-46fe-8c08-6fab0219b2a0,ID208583,CID-505,CA-0909,2026-03-27,2026-04-26,3056.8,USD,SampleGen
INV-e08ae954-6f3c-42e4-bdc9-b01276c4119e,ID208584,CID-505,CA-0909,2026-03-10,2026-04-09,1023.74,USD,SampleGen
INV-848114f9-6ce4-4790-91c9-7d18917ce3cc,ID208585,CID-505,CA-0909,2026-03-23,2026-04-22,551.12,USD,SampleGen
INV-ce800ffb-9d35-486e-9fdc-041774017a80,ID208586,CID-506,CA-0911,2025-06-13,2025-07-13,996.16,USD,SampleGen
INV-ea737ec4-dac1-48cf-971e-77b8de2262b6,ID208587,CID-506,CA-0911,2025-06-10,2025-07-10,2145.24,USD,SampleGen
INV-eae28075-55dc-4d45-9331-e924c76a207d,ID208588,CID-506,CA-0911,2025-06-17,2025-07-17,2073.14,USD,SampleGen
INV-ad80cdd0-7d89-41d8-92c4-959ecfaf78e4,ID208589,CID-506,CA-0911,2025-07-14,2025-08-13,3951.46,USD,SampleGen
INV-aee470c2-7b9f-47c6-9cdb-3a10eb366de1,ID208590,CID-506,CA-0911,2025-07-27,2025-08-26,604.1,USD,SampleGen
INV-c87831b8-5845-496f-86f6-44ca4db58efa,ID208591,CID-506,CA-0911,2025-07-04,2025-08-03,449.32,USD,SampleGen
INV-1483170a-b6ef-477c-8bd3-32550d1271aa,ID208592,CID-506,CA-0911,2025-08-30,2025-09-29,1566.42,USD,SampleGen
INV-8088c11e-3b35-4a14-96fd-b68c11895b64,ID208593,CID-506,CA-0911,2025-08-29,2025-09-28,269.1,USD,SampleGen
INV-960f0734-abc1-4de9-a4c2-60cfe34a35af,ID208594,CID-506,CA-0911,2025-08-07,2025-09-06,4943.66,USD,SampleGen
INV-e9bdd322-b531-48a3-a829-611db272e9ff,ID208595,CID-506,CA-0911,2025-08-04,2025-09-03,428.16,USD,SampleGen
INV-501eda64-48fa-42b7-bcb4-0a78fe87d09a,ID208596,CID-506,CA-0911,2025-08-29,2025-09-28,585.0,USD,SampleGen
INV-b260dff2-3b2e-49c6-8cba-460f96675fd7,ID208597,CID-506,CA-0911,2025-09-12,2025-10-12,2620.08,USD,SampleGen
INV-29f041b9-0dce-4757-8921-f2e51bd6da11,ID208598,CID-506,CA-0911,2025-10-03,2025-11-02,565.94,USD,SampleGen
INV-83fe4299-e39e-4b78-9a4d-8b2be45033ed,ID208599,CID-506,CA-0911,2025-10-07,2025-11-06,1992.68,USD,SampleGen
INV-a62bac72-cb6b-480b-8dba-d8ccede4006d,ID208600,CID-506,CA-0911,2025-11-12,2025-12-12,1759.44,USD,SampleGen
INV-0216b581-8a7f-49ee-ba90-1d867dda82a3,ID208601,CID-506,CA-0911,2025-11-16,2025-12-16,1967.1,USD,SampleGen
INV-a0a18a89-2ab8-47f8-b443-bc7575a8f8c6,ID208602,CID-506,CA-0911,2025-12-13,2026-01-12,3546.54,USD,SampleGen
INV-2cd0a955-56f0-4722-9955-212851eff191,ID208603,CID-506,CA-0911,2025-12-02,2026-01-01,1377.9,USD,SampleGen
INV-5c6684f9-2325-42e2-bd28-ed10c16805d4,ID208604,CID-506,CA-0911,2025-12-30,2026-01-29,1329.06,USD,SampleGen
INV-a45ca468-06ac-422e-9f3b-c3522f59056a,ID208605,CID-506,CA-0911,2026-01-16,2026-02-15,2569.24,USD,SampleGen
INV-f237bebe-3c79-478e-a99d-197e43313a8c,ID208606,CID-506,CA-0911,2026-01-04,2026-02-03,9412.56,USD,SampleGen
INV-f4be4173-fca3-4202-bc24-08e834921972,ID208607,CID-506,CA-0911,2026-01-27,2026-02-26,903.1,USD,SampleGen
INV-d932aa17-92e4-4c95-a35f-b604d38b9868,ID208608,CID-506,CA-0911,2026-02-15,2026-03-17,3275.24,USD,SampleGen
INV-1e8634d3-323c-4d38-913e-ccc954380df1,ID208609,CID-506,CA-0911,2026-02-09,2026-03-11,3976.96,USD,SampleGen
INV-63cabf64-54d0-47eb-83e2-6189f46a52e4,ID208610,CID-506,CA-0911,2026-02-16,2026-03-18,1356.64,USD,SampleGen
INV-c34948b1-3c57-4dd3-a818-c7ccacc1be5a,ID208611,CID-506,CA-0911,2026-03-01,2026-03-31,9158.14,USD,SampleGen
INV-16e31b96-7285-4a73-9634-99527be0d420,ID208612,CID-506,CA-0911,2026-02-27,2026-03-29,1835.8,USD,SampleGen
INV-61731b34-9cec-4eea-aef4-a31627a2832d,ID208613,CID-506,CA-0911,2026-02-09,2026-03-11,555.28,USD,SampleGen
INV-73a1425f-634d-4b03-9bf9-55473b3c4ab7,ID208614,CID-506,CA-0911,2026-03-21,2026-04-20,2933.86,USD,SampleGen
INV-331aa9de-a860-4d36-bd39-bb5af2926427,ID208615,CID-506,CA-0911,2026-03-22,2026-04-21,1377.86,USD,SampleGen
INV-987fae48-6985-4ec7-b6bd-db3fd66449fd,ID208616,CID-506,CA-0911,2026-03-25,2026-04-24,1751.0,USD,SampleGen
INV-e13e3f01-0993-403c-920c-e99dc11ade7e,ID208617,CID-506,CA-0911,2026-03-14,2026-04-13,3527.48,USD,SampleGen
INV-98fdad34-f305-4da3-a11b-73349a2453b8,ID208618,CID-506,CA-0911,2026-03-13,2026-04-12,2531.02,USD,SampleGen
INV-aec16a1c-51d0-4990-9c75-1ea4df2b69aa,ID208619,CID-506,CA-0911,2026-03-12,2026-04-11,864.84,USD,SampleGen
INV-f6bcac8a-b6e8-4395-a157-e2b32293525f,ID208620,CID-506,CA-0911,2026-03-30,2026-04-29,394.2,USD,SampleGen
INV-73690b20-6618-4933-ac73-1d159c8a56f5,ID208621,CID-507,CA-0913,2025-06-09,2025-07-09,1098.06,USD,SampleGen
INV-023a67b1-2db9-4092-8974-bc34c5ad0bbb,ID208622,CID-507,CA-0913,2025-08-28,2025-09-27,1528.24,USD,SampleGen
INV-9dad9a1d-a5ee-413b-ad64-a0fbd3cd9b90,ID208623,CID-507,CA-0913,2025-11-14,2025-12-14,178.0,USD,SampleGen
INV-4ea341cf-bb39-491e-82b4-1dc2dbe1dc87,ID208624,CID-507,CA-0913,2025-12-20,2026-01-19,1814.54,USD,SampleGen
INV-84bd6e95-14fb-45ea-a4cf-8980c27bfa52,ID208625,CID-507,CA-0913,2025-12-15,2026-01-14,1339.68,USD,SampleGen
INV-c8ed9b5d-5ceb-475c-a956-342c51a81675,ID208626,CID-507,CA-0913,2026-01-09,2026-02-08,2251.28,USD,SampleGen
INV-ef56b923-05ab-4e31-9220-f6f0d8177198,ID208627,CID-507,CA-0913,2026-02-04,2026-03-06,1110.6,USD,SampleGen
INV-462fcab1-820a-4ee5-a768-49c42d5d30a6,ID208628,CID-507,CA-0913,2026-02-22,2026-03-24,2893.68,USD,SampleGen
INV-e6f37f4b-e39d-4596-b59e-71d529f3b4d6,ID208629,CID-507,CA-0913,2026-03-06,2026-04-05,2670.96,USD,SampleGen
INV-88983f88-ce29-415e-b447-20ec48bdb88b,ID208630,CID-507,CA-0913,2026-03-11,2026-04-10,2340.24,USD,SampleGen
INV-11c6764b-9236-41f7-b87c-6655bf782e45,ID208631,CID-508,CA-0915,2025-06-03,2025-07-03,852.06,USD,SampleGen
INV-62cf0573-bc8d-44f1-bacc-ac2863280190,ID208632,CID-508,CA-0915,2025-06-28,2025-07-28,1666.2,USD,SampleGen
INV-ff7e4ab2-0b5a-4ba5-ac70-60039fa7ccd6,ID208633,CID-508,CA-0915,2025-06-30,2025-07-30,2090.12,USD,SampleGen
INV-8aacaec0-80f6-4dc2-bdd7-2f1b170219df,ID208634,CID-508,CA-0915,2025-06-28,2025-07-28,818.18,USD,SampleGen
INV-f6b4775e-79b5-4fc0-a6b6-537f0882fbd0,ID208635,CID-508,CA-0915,2025-07-14,2025-08-13,1712.76,USD,SampleGen
INV-4570720f-3ba6-4edf-982b-1ea2056a039f,ID208636,CID-508,CA-0915,2025-07-08,2025-08-07,479.0,USD,SampleGen
INV-90294ced-5430-4197-af20-dd1b965e63e0,ID208637,CID-508,CA-0915,2025-07-25,2025-08-24,1013.2,USD,SampleGen
INV-7ba15e30-a27a-47cd-a584-17a59df0fedd,ID208638,CID-508,CA-0915,2025-07-07,2025-08-06,542.56,USD,SampleGen
INV-35cd2c70-3b0e-470f-bfee-86953c88ad7d,ID208639,CID-508,CA-0915,2025-07-28,2025-08-27,2628.6,USD,SampleGen
INV-f2ffa530-8abc-48f8-909d-fb3f421163f1,ID208640,CID-508,CA-0915,2025-07-03,2025-08-02,2503.46,USD,SampleGen
INV-30b78425-5913-4f1f-b210-caa812aa6962,ID208641,CID-508,CA-0915,2025-08-13,2025-09-12,826.62,USD,SampleGen
INV-73dac3da-b2df-4064-878e-f136149c4d60,ID208642,CID-508,CA-0915,2025-09-01,2025-10-01,3485.04,USD,SampleGen
INV-29d5ea3b-4f0f-41dc-9daf-1b0c0dc76786,ID208643,CID-508,CA-0915,2025-08-18,2025-09-17,593.4,USD,SampleGen
INV-10cfa343-36a6-4552-bedf-21a3a2bd0f8e,ID208644,CID-508,CA-0915,2025-08-13,2025-09-12,504.48,USD,SampleGen
INV-53875885-98d4-4068-9c96-e2a814d8d297,ID208645,CID-508,CA-0915,2025-08-22,2025-09-21,2726.12,USD,SampleGen
INV-6ca6a88a-de77-4e5d-b120-b8925058bba8,ID208646,CID-508,CA-0915,2025-08-10,2025-09-09,1292.96,USD,SampleGen
INV-b9fc17a2-e3f8-49bb-afef-c57c7895ba91,ID208647,CID-508,CA-0915,2025-08-11,2025-09-10,1505.06,USD,SampleGen
INV-fe797f25-cdb2-498f-b477-17d135dfbb65,ID208648,CID-508,CA-0915,2025-08-23,2025-09-22,2569.32,USD,SampleGen
INV-ae19d0b0-fe2e-4f4d-a9a5-1cd57a139515,ID208649,CID-508,CA-0915,2025-09-05,2025-10-05,2950.8,USD,SampleGen
INV-bc9df405-550a-4430-8ed2-a263d4df454f,ID208650,CID-508,CA-0915,2025-10-01,2025-10-31,2083.78,USD,SampleGen
INV-ef6dd81d-a08c-4ffd-be73-f7ab0f7c60ce,ID208651,CID-508,CA-0915,2025-10-31,2025-11-30,6609.98,USD,SampleGen
INV-692f02f9-d543-4b87-aa68-e11bbfdb742b,ID208652,CID-508,CA-0915,2025-10-06,2025-11-05,375.1,USD,SampleGen
INV-a74d7ab0-65f2-4fe0-a1f3-cccc1325c642,ID208653,CID-508,CA-0915,2025-10-24,2025-11-23,994.08,USD,SampleGen
INV-a4aa0a99-f6e4-4af9-8059-813edd9b6033,ID208654,CID-508,CA-0915,2025-11-23,2025-12-23,1903.62,USD,SampleGen
INV-37d86e4a-88cf-48f3-9508-5523851bfbbd,ID208655,CID-508,CA-0915,2025-12-01,2025-12-31,2600.82,USD,SampleGen
INV-86985763-0318-4a7d-a4eb-2b106954f413,ID208656,CID-508,CA-0915,2025-11-06,2025-12-06,542.56,USD,SampleGen
INV-f5477a58-8ca9-4985-b699-0109d2cef27b,ID208657,CID-508,CA-0915,2025-12-24,2026-01-23,317.92,USD,SampleGen
INV-48392f0b-0899-4ca3-84a6-569ffad415fd,ID208658,CID-508,CA-0915,2025-12-09,2026-01-08,593.48,USD,SampleGen
INV-2ed5eb39-0e30-48eb-83ab-6f7c7a24fa2d,ID208659,CID-508,CA-0915,2026-01-01,2026-01-31,1814.54,USD,SampleGen
INV-30945427-6dff-49d6-8fad-8ec8e2c883d9,ID208660,CID-508,CA-0915,2025-12-04,2026-01-03,947.5,USD,SampleGen
INV-ff65df0d-da99-41f1-9a96-433c207f550a,ID208661,CID-508,CA-0915,2025-12-15,2026-01-14,6944.8,USD,SampleGen
INV-93874790-11ea-41a5-aef3-f3bffae16193,ID208662,CID-508,CA-0915,2025-12-18,2026-01-17,5583.82,USD,SampleGen
INV-c45bdc0f-dd22-4782-83e5-b0ea755fcc29,ID208663,CID-508,CA-0915,2025-12-11,2026-01-10,6283.44,USD,SampleGen
INV-9a0661e8-363b-4867-864c-3dd9f9a7e45c,ID208664,CID-508,CA-0915,2026-02-01,2026-03-03,307.32,USD,SampleGen
INV-7e930635-d557-4000-bebc-c12feab72104,ID208665,CID-508,CA-0915,2026-01-17,2026-02-16,1208.34,USD,SampleGen
INV-3d0d597b-0dc7-4e8c-a58e-6a5842333180,ID208666,CID-508,CA-0915,2026-01-27,2026-02-26,572.34,USD,SampleGen
INV-29d0b75d-ef56-48a6-b5e8-928e9ba7b084,ID208667,CID-508,CA-0915,2026-01-25,2026-02-24,55.08,USD,SampleGen
INV-b8232b57-c431-4be6-a919-24df42956fcb,ID208668,CID-508,CA-0915,2026-01-05,2026-02-04,686.64,USD,SampleGen
INV-d83de1d0-5256-4cc3-bb74-890e89199f58,ID208669,CID-508,CA-0915,2026-01-02,2026-02-01,1933.34,USD,SampleGen
INV-eaac6d21-711a-42f6-82dc-41661e4abbc0,ID208670,CID-508,CA-0915,2026-02-07,2026-03-09,4574.66,USD,SampleGen
INV-bafb9f1e-d645-4094-b9f4-a3eb1267a98e,ID208671,CID-508,CA-0915,2026-02-25,2026-03-27,1042.88,USD,SampleGen
INV-75d2154d-da60-4eed-b46b-d5dd76da06fc,ID208672,CID-508,CA-0915,2026-02-26,2026-03-28,1774.24,USD,SampleGen
INV-bee400a7-071d-4fcd-8128-3e10929e9d6d,ID208673,CID-508,CA-0915,2026-02-14,2026-03-16,3396.02,USD,SampleGen
INV-1e5072fa-6485-4b6c-b296-a4c3d1127b8a,ID208674,CID-508,CA-0915,2026-02-26,2026-03-28,1687.3,USD,SampleGen
INV-625bc14f-09d6-4bf0-b883-e930a2fe6138,ID208675,CID-508,CA-0915,2026-02-22,2026-03-24,6321.7,USD,SampleGen
INV-6d4a2202-63b1-4be9-bd73-777fb4febee2,ID208676,CID-508,CA-0915,2026-02-09,2026-03-11,1456.32,USD,SampleGen
INV-2725244b-224a-4147-9d97-0296d2dbfba7,ID208677,CID-508,CA-0915,2026-02-05,2026-03-07,928.48,USD,SampleGen
INV-41d892ee-cec4-4193-a418-bc4e56df860a,ID208678,CID-508,CA-0915,2026-02-13,2026-03-15,205.54,USD,SampleGen
INV-571bd52e-8fdd-466f-a468-acbe1ee9f574,ID208679,CID-508,CA-0915,2026-02-11,2026-03-13,1488.1,USD,SampleGen
INV-f53ed1b7-b94c-46bb-ba36-6a907da77da5,ID208680,CID-508,CA-0915,2026-03-26,2026-04-25,864.82,USD,SampleGen
INV-1773783d-60d1-467c-9de3-545c18a506f0,ID208681,CID-508,CA-0915,2026-03-28,2026-04-27,1946.08,USD,SampleGen
INV-ce11c008-2137-4be8-bce8-d7691928a301,ID208682,CID-508,CA-0915,2026-03-09,2026-04-08,2060.44,USD,SampleGen
INV-d80c0ff4-6a81-4c5b-be24-bb110f15d113,ID208683,CID-508,CA-0915,2026-03-17,2026-04-16,5838.24,USD,SampleGen
INV-bddd6e07-4ea4-4a2e-98ba-eb50895eab03,ID208684,CID-508,CA-0915,2026-03-10,2026-04-09,1021.68,USD,SampleGen
INV-75e171d2-65a2-4a94-a5b5-a896e0238d31,ID208685,CID-508,CA-0915,2026-03-10,2026-04-09,1331.26,USD,SampleGen
INV-4d22efcf-7ffa-4fe1-9249-53f13d0df670,ID208686,CID-508,CA-0915,2026-03-30,2026-04-29,2183.42,USD,SampleGen
INV-16f0e0f5-b9b9-445e-9dea-b21c81dea803,ID208687,CID-508,CA-0915,2026-03-19,2026-04-18,4347.9,USD,SampleGen
INV-387839d2-0cb7-4a02-a124-c4fe397f1b18,ID208688,CID-508,CA-0915,2026-03-06,2026-04-05,3476.56,USD,SampleGen
INV-98d58676-3005-4f08-91a7-92cf1b64c2e3,ID208689,CID-508,CA-0915,2026-03-21,2026-04-20,7296.82,USD,SampleGen
INV-42b0f515-5025-4ec6-bb3e-52ef87fba2f9,ID208690,CID-508,CA-0915,2026-03-05,2026-04-04,731.26,USD,SampleGen
INV-eb63a1ea-fc00-4d98-9c78-409d40b5769e,ID208691,CID-508,CA-0915,2026-03-28,2026-04-27,1733.92,USD,SampleGen
INV-8ebbe038-1eb3-462d-83fc-de86a08d7ee2,ID208692,CID-509,CA-0917,2025-06-04,2025-07-04,3027.18,USD,SampleGen
INV-34759f2f-fe19-4a40-889c-4585089d2204,ID208693,CID-509,CA-0917,2025-07-11,2025-08-10,2620.16,USD,SampleGen
INV-475ac944-00d1-4e49-a56e-32d37361df62,ID208694,CID-509,CA-0917,2025-08-31,2025-09-30,515.04,USD,SampleGen
INV-9a6f4e9e-810a-4ee3-bd5d-f2a2df6597d8,ID208695,CID-509,CA-0917,2025-08-19,2025-09-18,1142.5,USD,SampleGen
INV-2aefd960-2790-4b89-8a73-09400fed4f22,ID208696,CID-509,CA-0917,2025-10-30,2025-11-29,1996.8,USD,SampleGen
INV-5840d743-2b92-4904-a06b-65b58e4c9d45,ID208697,CID-509,CA-0917,2025-11-12,2025-12-12,1326.9,USD,SampleGen
INV-46c76685-a6a0-46b9-b768-318ad05277f6,ID208698,CID-509,CA-0917,2025-12-02,2026-01-01,2119.8,USD,SampleGen
INV-5edba089-ef73-4e0b-a6e2-9ac69551e1f4,ID208699,CID-509,CA-0917,2026-01-21,2026-02-20,1382.16,USD,SampleGen
INV-91536533-2698-42f0-8917-8f6e6555ce6b,ID208700,CID-509,CA-0917,2026-02-19,2026-03-21,3029.28,USD,SampleGen
INV-c8600466-8acd-4c7c-ba51-4fbb115c50b4,ID208701,CID-509,CA-0917,2026-03-14,2026-04-13,2289.36,USD,SampleGen
INV-83813cce-dc53-4bac-b839-9addb4818e58,ID208702,CID-509,CA-0917,2026-03-24,2026-04-23,1462.62,USD,SampleGen
INV-f4b6f9aa-8f5c-4f81-b517-51e739133f59,ID208703,CID-510,CA-0919,2025-06-25,2025-07-25,2100.7,USD,SampleGen
INV-1ac06f17-c80d-4f99-b7e6-f78414099a03,ID208704,CID-510,CA-0919,2025-06-30,2025-07-30,665.52,USD,SampleGen
INV-048af003-d690-4d73-a2b3-af97e37a2172,ID208705,CID-510,CA-0919,2025-06-18,2025-07-18,1625.88,USD,SampleGen
INV-ff91ef9b-6f66-4acc-bb9c-78cca05d6041,ID208706,CID-510,CA-0919,2025-06-29,2025-07-29,2052.04,USD,SampleGen
INV-62e3caa1-15ea-4f43-9126-5f15fe4b8722,ID208707,CID-510,CA-0919,2025-06-16,2025-07-16,625.2,USD,SampleGen
INV-a019b737-c45b-45f2-af33-29aa80a668f8,ID208708,CID-510,CA-0919,2025-06-04,2025-07-04,726.98,USD,SampleGen
INV-8fdb12b8-5143-4c06-9145-e223857de572,ID208709,CID-510,CA-0919,2025-07-22,2025-08-21,3616.48,USD,SampleGen
INV-9c5b5e95-189a-454f-9a50-b57717a4a161,ID208710,CID-510,CA-0919,2025-07-09,2025-08-08,652.8,USD,SampleGen
INV-3ef3821b-4d58-4eb9-adb3-9a1cea723196,ID208711,CID-510,CA-0919,2025-07-30,2025-08-29,1848.5,USD,SampleGen
INV-fff35024-1dbf-421c-8b31-6010be6b12da,ID208712,CID-510,CA-0919,2025-07-30,2025-08-29,404.82,USD,SampleGen
INV-368cbecd-2a92-4070-ad25-9fd699150972,ID208713,CID-510,CA-0919,2025-07-17,2025-08-16,2670.96,USD,SampleGen
INV-898730a9-022d-47ea-87fb-881b383419de,ID208714,CID-510,CA-0919,2025-07-30,2025-08-29,474.76,USD,SampleGen
INV-5d65372d-ea81-483d-ac15-933e20ab8b60,ID208715,CID-510,CA-0919,2025-07-10,2025-08-09,2989.06,USD,SampleGen
INV-3345c432-453e-4fb5-a4cf-9baa14ec7647,ID208716,CID-510,CA-0919,2025-08-22,2025-09-21,466.28,USD,SampleGen
INV-67383be2-dd28-4e4f-831c-61c9ab985612,ID208717,CID-510,CA-0919,2025-08-23,2025-09-22,3815.74,USD,SampleGen
INV-79cc1a95-cd80-404b-8d6d-05133ab3aee4,ID208718,CID-510,CA-0919,2025-08-30,2025-09-29,593.48,USD,SampleGen
INV-5e4cec17-34b8-4659-bdcd-734bde7d4d49,ID208719,CID-510,CA-0919,2025-08-19,2025-09-18,4837.6,USD,SampleGen
INV-3b17ace9-6ab9-48f5-8ebd-4790ad72b2c7,ID208720,CID-510,CA-0919,2025-09-01,2025-10-01,4892.72,USD,SampleGen
INV-c0df684d-9f80-4a10-91b0-5318f300a65e,ID208721,CID-510,CA-0919,2025-08-20,2025-09-19,1488.02,USD,SampleGen
INV-f5b39e6a-c56f-4b13-b590-144c896dbf61,ID208722,CID-510,CA-0919,2025-09-01,2025-10-01,983.42,USD,SampleGen
INV-63e699c6-9bf4-4f61-bd94-443ef755c65a,ID208723,CID-510,CA-0919,2025-08-14,2025-09-13,5558.48,USD,SampleGen
INV-bdd16633-42f9-4623-a1bc-cb672011d333,ID208724,CID-510,CA-0919,2025-08-12,2025-09-11,1278.14,USD,SampleGen
INV-a37d6d11-b3d9-4732-9270-447eae47e2ea,ID208725,CID-510,CA-0919,2025-08-12,2025-09-11,1348.18,USD,SampleGen
INV-49f7e5d2-8828-4bb4-ad0b-6f0d30bddfc0,ID208726,CID-510,CA-0919,2025-08-09,2025-09-08,580.78,USD,SampleGen
INV-541c5094-e016-4d4a-a02d-fb38da322ce3,ID208727,CID-510,CA-0919,2025-09-20,2025-10-20,2092.2,USD,SampleGen
INV-0da50642-7ce4-43a2-a388-91a1771ba50d,ID208728,CID-510,CA-0919,2025-09-29,2025-10-29,1352.4,USD,SampleGen
INV-4bf741ec-95cd-4f7d-ac40-4691ee743bf0,ID208729,CID-510,CA-0919,2025-09-06,2025-10-06,1155.12,USD,SampleGen
INV-99901c93-d92f-4258-896b-751e7a5e4058,ID208730,CID-510,CA-0919,2025-10-11,2025-11-10,631.62,USD,SampleGen
INV-f4bf4de8-68a6-4a46-998c-ff0e6112fcfe,ID208731,CID-510,CA-0919,2025-10-09,2025-11-08,2323.34,USD,SampleGen
INV-23737a90-b8e1-49f6-89ff-db80c4e57bb9,ID208732,CID-510,CA-0919,2025-10-13,2025-11-12,1384.12,USD,SampleGen
INV-1688b508-5dc1-4a89-af4f-7ca513b9afca,ID208733,CID-510,CA-0919,2025-11-28,2025-12-28,4492.04,USD,SampleGen
INV-93a5cfd1-9bbf-4096-9dbe-408dae2bbf6a,ID208734,CID-510,CA-0919,2025-11-15,2025-12-15,508.7,USD,SampleGen
INV-ccc684f1-f920-4629-b843-e5317e15c471,ID208735,CID-510,CA-0919,2025-11-11,2025-12-11,699.42,USD,SampleGen
INV-124d88bc-4f3a-4fc0-ace6-69457049eb03,ID208736,CID-510,CA-0919,2025-11-05,2025-12-05,3951.52,USD,SampleGen
INV-d2d70d2e-f439-46da-9de7-5ca244cc39c9,ID208737,CID-510,CA-0919,2025-12-23,2026-01-22,2145.24,USD,SampleGen
INV-e9014119-205d-4b7e-bb0d-4938a1c2ecf2,ID208738,CID-510,CA-0919,2025-12-20,2026-01-19,4553.58,USD,SampleGen
INV-28d3f0a5-90bc-4681-bc5c-2d5fa45c6758,ID208739,CID-510,CA-0919,2025-12-10,2026-01-09,2382.76,USD,SampleGen
INV-a8b97f1c-e78c-4ec9-b1e3-850b8045a1cf,ID208740,CID-510,CA-0919,2025-12-29,2026-01-28,830.9,USD,SampleGen
INV-4d6a45b6-1d79-422c-86c4-22b68da5ed33,ID208741,CID-510,CA-0919,2025-12-26,2026-01-25,3760.66,USD,SampleGen
INV-50eef425-06eb-4771-9fc9-442ea62b1d69,ID208742,CID-510,CA-0919,2025-12-02,2026-01-01,440.86,USD,SampleGen
INV-ed30d23a-b8f3-41ec-aa69-8f9a31184d25,ID208743,CID-510,CA-0919,2025-12-22,2026-01-21,6181.72,USD,SampleGen
INV-a8fa1543-4d5f-46eb-8c8a-353b71a50df8,ID208744,CID-510,CA-0919,2025-12-30,2026-01-29,1208.2,USD,SampleGen
INV-d80a8734-99ff-4847-8582-89ba6983b015,ID208745,CID-510,CA-0919,2025-12-19,2026-01-18,2989.06,USD,SampleGen
INV-3732f323-996f-429f-ad7a-e065a567dd85,ID208746,CID-510,CA-0919,2026-01-25,2026-02-24,61.46,USD,SampleGen
INV-409e6dde-8e34-46b3-9954-17df8eb1109c,ID208747,CID-510,CA-0919,2026-01-19,2026-02-18,3078.14,USD,SampleGen
INV-8e83e884-d61a-4de4-b4c8-f6d704768305,ID208748,CID-510,CA-0919,2026-01-10,2026-02-09,849.86,USD,SampleGen
INV-c4de7b6f-4956-40dc-b74b-3e8ef3aec16e,ID208749,CID-510,CA-0919,2026-01-17,2026-02-16,241.64,USD,SampleGen
INV-4778515d-1922-4321-befc-4f8af1dad660,ID208750,CID-510,CA-0919,2026-01-26,2026-02-25,612.6,USD,SampleGen
INV-94641727-7e27-4f23-b16c-29a91a0a2c72,ID208751,CID-510,CA-0919,2026-01-03,2026-02-02,640.08,USD,SampleGen
INV-04c13ec8-cc0e-4c7f-a713-c211ddd02493,ID208752,CID-510,CA-0919,2026-01-05,2026-02-04,1543.1,USD,SampleGen
INV-e4907230-481c-426e-8d97-088a8d5c6edf,ID208753,CID-510,CA-0919,2026-02-09,2026-03-11,3387.58,USD,SampleGen
INV-52b1f53b-a91f-4495-a344-7e8bcf1be6b9,ID208754,CID-510,CA-0919,2026-02-19,2026-03-21,4210.08,USD,SampleGen
INV-445922f4-b53b-41e4-b521-23fba41ffa4b,ID208755,CID-510,CA-0919,2026-02-17,2026-03-19,1335.46,USD,SampleGen
INV-a210e6c2-d1f3-493d-bff5-ee2d18c66d99,ID208756,CID-510,CA-0919,2026-02-12,2026-03-14,962.24,USD,SampleGen
INV-f21b7840-3a57-4890-b19a-db418ce128d4,ID208757,CID-510,CA-0919,2026-02-23,2026-03-25,1632.24,USD,SampleGen
INV-8f984a41-4370-46e4-b099-61bb93c5d6dc,ID208758,CID-510,CA-0919,2026-02-10,2026-03-12,2471.66,USD,SampleGen
INV-de5c24d6-c0a0-49fa-9276-da4deafe6c47,ID208759,CID-510,CA-0919,2026-02-15,2026-03-17,5435.36,USD,SampleGen
INV-8ed830c7-52aa-4ed9-abcf-b31cb1f6e921,ID208760,CID-510,CA-0919,2026-02-02,2026-03-04,2929.64,USD,SampleGen
INV-6d355e46-6b9d-4edb-87a8-a76051771fd5,ID208761,CID-510,CA-0919,2026-02-03,2026-03-05,3188.32,USD,SampleGen
INV-ed7d029b-e024-4cfd-8cbb-41746bb71f98,ID208762,CID-510,CA-0919,2026-02-19,2026-03-21,1352.36,USD,SampleGen
INV-049a9da0-43b6-42f7-a1c7-d4040488eae5,ID208763,CID-510,CA-0919,2026-02-26,2026-03-28,292.48,USD,SampleGen
INV-78f43dd9-3607-4284-836e-d36eebae6f66,ID208764,CID-510,CA-0919,2026-02-25,2026-03-27,294.54,USD,SampleGen
INV-9b5e66af-6a54-483b-9b8a-6800a46daf52,ID208765,CID-510,CA-0919,2026-02-14,2026-03-16,1153.12,USD,SampleGen
INV-2bfd5d4e-db13-4f45-809b-29a44db2704b,ID208766,CID-510,CA-0919,2026-03-02,2026-04-01,866.84,USD,SampleGen
INV-decafc8f-c913-42ad-843c-62643c59ac55,ID208767,CID-510,CA-0919,2026-03-28,2026-04-27,1329.02,USD,SampleGen
INV-9765c006-67e8-48db-a869-674e199d2eda,ID208768,CID-510,CA-0919,2026-03-15,2026-04-14,780.0,USD,SampleGen
INV-90de527d-921d-4f8f-a1f3-3368a50559e4,ID208769,CID-510,CA-0919,2026-03-16,2026-04-15,1962.88,USD,SampleGen
INV-f7e41ac0-3459-4d18-9a5a-9eb76ea44b54,ID208770,CID-510,CA-0919,2026-03-03,2026-04-02,771.56,USD,SampleGen
INV-0e588770-5bb4-459d-9595-6b6a3d3d1784,ID208771,CID-510,CA-0919,2026-03-13,2026-04-12,2272.48,USD,SampleGen
INV-37e08081-2bbb-4845-99f0-845fb91be8bb,ID208772,CID-510,CA-0919,2026-03-27,2026-04-26,1462.66,USD,SampleGen
INV-3cedcc17-154d-4a00-a526-b8bf1e365a1a,ID208773,CID-510,CA-0919,2026-03-05,2026-04-04,3264.6,USD,SampleGen
INV-33efec71-cbaf-44c1-8e23-5fd39945c140,ID208774,CID-510,CA-0919,2026-03-24,2026-04-23,3671.64,USD,SampleGen
INV-61b1eaaf-8c5d-411c-9459-4883be8038b5,ID208775,CID-510,CA-0919,2026-03-24,2026-04-23,631.64,USD,SampleGen
INV-66cf78ad-098f-4cd7-8699-9109154140ce,ID208776,CID-510,CA-0919,2026-03-20,2026-04-19,1377.82,USD,SampleGen
INV-e9d47022-34e4-4163-830f-aeb79da92180,ID208777,CID-510,CA-0919,2026-03-08,2026-04-07,1123.46,USD,SampleGen
INV-b5806a0c-2897-43ca-bd83-22144c9fa979,ID208778,CID-510,CA-0919,2026-03-25,2026-04-24,958.12,USD,SampleGen
INV-1bb7fbab-f34b-4f60-90aa-bacaeccdff36,ID208779,CID-510,CA-0919,2026-03-30,2026-04-29,2556.46,USD,SampleGen
INV-6e7535a5-d837-4a13-8cca-18e7033ef8d1,ID208780,CID-510,CA-0919,2026-03-19,2026-04-18,3612.32,USD,SampleGen
INV-2714f93a-5e2e-4ff9-98f7-4154d703d7e5,ID208781,CID-510,CA-0919,2026-03-05,2026-04-04,5602.9,USD,SampleGen
INV-3fd9988a-9fb8-4792-a4fe-21abb6733043,ID208782,CID-511,CA-0921,2025-06-25,2025-07-25,1568.68,USD,SampleGen
INV-8bae282c-5028-4381-9be5-fe9e4a98b6e9,ID208783,CID-511,CA-0921,2025-06-25,2025-07-25,2030.76,USD,SampleGen
INV-e144835f-17fb-42c1-af46-c93469f76405,ID208784,CID-511,CA-0921,2025-06-05,2025-07-05,2098.7,USD,SampleGen
INV-ec339df0-679f-4550-ac8e-cf94c77d4a23,ID208785,CID-511,CA-0921,2025-07-03,2025-08-02,888.12,USD,SampleGen
INV-5e74ffb2-d662-4c5a-8ec0-0accad942f4d,ID208786,CID-511,CA-0921,2025-07-28,2025-08-27,491.68,USD,SampleGen
INV-918abd8e-4fbf-4a49-ac0b-053cdd0166d2,ID208787,CID-511,CA-0921,2025-07-11,2025-08-10,1057.78,USD,SampleGen
INV-eb5d80d3-398d-4614-bdc2-6092afc60311,ID208788,CID-511,CA-0921,2025-07-27,2025-08-26,2745.14,USD,SampleGen
INV-23171cf8-9f76-45e1-8acc-75c3e171d5f8,ID208789,CID-511,CA-0921,2025-07-30,2025-08-29,1585.54,USD,SampleGen
INV-08c95f71-e320-4952-9290-c78a901d71ce,ID208790,CID-511,CA-0921,2025-08-20,2025-09-19,1882.34,USD,SampleGen
INV-e9fe0896-6fe2-47ef-89e3-485977bf4994,ID208791,CID-511,CA-0921,2025-08-25,2025-09-24,2346.62,USD,SampleGen
INV-89b90c2e-e3b5-403a-bbd2-d3c444ce74b0,ID208792,CID-511,CA-0921,2025-08-16,2025-09-15,3285.86,USD,SampleGen
INV-e42e2ac6-b2a1-43d1-81ea-b6eef13f452d,ID208793,CID-511,CA-0921,2025-08-03,2025-09-02,1125.48,USD,SampleGen
INV-1362d416-7976-4397-95fd-0a3b5e363e00,ID208794,CID-511,CA-0921,2025-08-02,2025-09-01,2230.02,USD,SampleGen
INV-2995eb99-ccca-4a24-ad0e-509abe927c2b,ID208795,CID-511,CA-0921,2025-08-14,2025-09-13,2923.22,USD,SampleGen
INV-2c185534-9b5d-4355-aa37-b8b4f675caf8,ID208796,CID-511,CA-0921,2025-08-30,2025-09-29,3116.22,USD,SampleGen
INV-7fe41aa2-756b-4ff9-97ec-21d637713618,ID208797,CID-511,CA-0921,2025-09-27,2025-10-27,462.06,USD,SampleGen
INV-7dc0028e-9c24-4a20-8cf6-e8297069a208,ID208798,CID-511,CA-0921,2025-10-23,2025-11-22,5223.52,USD,SampleGen
INV-f2d3e836-0f5c-48f0-a33f-dac7b8d65eef,ID208799,CID-511,CA-0921,2025-10-23,2025-11-22,2950.88,USD,SampleGen
INV-8908e008-767b-46cc-a31d-845736d38071,ID208800,CID-511,CA-0921,2025-11-09,2025-12-09,5418.6,USD,SampleGen
INV-8ae69953-d6bb-4232-a60a-5a82190fd5c9,ID208801,CID-511,CA-0921,2025-11-23,2025-12-23,5070.76,USD,SampleGen
INV-e321ba96-7375-4747-9177-bf06d7f811cc,ID208802,CID-511,CA-0921,2025-11-08,2025-12-08,2196.12,USD,SampleGen
INV-abd64343-15f7-4091-9ffa-33dbef8acedc,ID208803,CID-511,CA-0921,2025-12-04,2026-01-03,970.88,USD,SampleGen
INV-cf586fd7-2eae-4ed2-95b6-366619426f80,ID208804,CID-511,CA-0921,2025-12-11,2026-01-10,2832.08,USD,SampleGen
INV-22ea16b8-704b-43ee-86de-72c1651d8f3f,ID208805,CID-511,CA-0921,2025-12-02,2026-01-01,2340.22,USD,SampleGen
INV-03ca77fb-69d0-421d-b914-776a289d1a03,ID208806,CID-511,CA-0921,2025-12-15,2026-01-14,368.76,USD,SampleGen
INV-91551954-ad5e-46dd-8d98-a7cbbdbacd8f,ID208807,CID-511,CA-0921,2025-12-30,2026-01-29,1017.46,USD,SampleGen
INV-0d5f1693-6b06-4304-9752-a08f6e7e379e,ID208808,CID-511,CA-0921,2025-12-14,2026-01-13,644.34,USD,SampleGen
INV-fad41373-d4d2-445e-8ad5-1cb054b986e5,ID208809,CID-511,CA-0921,2026-01-14,2026-02-13,1068.22,USD,SampleGen
INV-03cecabc-ea82-4e95-a7ae-e88dff348e06,ID208810,CID-511,CA-0921,2026-01-24,2026-02-23,654.96,USD,SampleGen
INV-8eefdea7-c67c-42e4-8f78-ef97efb9d6b8,ID208811,CID-511,CA-0921,2026-01-16,2026-02-15,6461.58,USD,SampleGen
INV-2f1f8f63-c633-4b63-b48f-72a84576c6b8,ID208812,CID-511,CA-0921,2026-01-03,2026-02-02,4008.62,USD,SampleGen
INV-b4d75446-2edf-4993-9b73-8c72c8fdecf3,ID208813,CID-511,CA-0921,2026-01-03,2026-02-02,1878.04,USD,SampleGen
INV-b0c03e33-7c8a-4075-9364-af0f790bba30,ID208814,CID-511,CA-0921,2026-02-20,2026-03-22,2471.74,USD,SampleGen
INV-7a88cc68-2a51-4c89-aec7-7407b143b6f7,ID208815,CID-511,CA-0921,2026-02-12,2026-03-14,1335.46,USD,SampleGen
INV-2be562b1-dfa3-44e5-a93d-79fb05e6e21c,ID208816,CID-511,CA-0921,2026-02-06,2026-03-08,3090.86,USD,SampleGen
INV-178466c2-f10f-41eb-b882-2192bdb99595,ID208817,CID-511,CA-0921,2026-02-13,2026-03-15,2989.02,USD,SampleGen
INV-91887fe1-8acf-48d2-aa7a-3641fd736613,ID208818,CID-511,CA-0921,2026-02-09,2026-03-11,578.58,USD,SampleGen
INV-5870a5b7-d983-4cfe-ba0c-9c4f727525a3,ID208819,CID-511,CA-0921,2026-02-16,2026-03-18,3179.8,USD,SampleGen
INV-505fbad8-52d9-4acb-b632-14636ce3d3da,ID208820,CID-511,CA-0921,2026-02-10,2026-03-12,752.38,USD,SampleGen
INV-2543bb46-8175-4e5c-8b6c-a453d470d6cc,ID208821,CID-511,CA-0921,2026-02-20,2026-03-22,593.44,USD,SampleGen
INV-86a9248d-5616-461d-a01e-6cf6870c67d7,ID208822,CID-511,CA-0921,2026-02-13,2026-03-15,608.28,USD,SampleGen
INV-58ab24ae-9a6e-4831-be3d-5fe2022fe822,ID208823,CID-511,CA-0921,2026-03-31,2026-04-30,3866.74,USD,SampleGen
INV-832df2e1-ec16-458c-9f32-dea8852d24e5,ID208824,CID-511,CA-0921,2026-03-06,2026-04-05,4434.82,USD,SampleGen
INV-17831145-a35b-47bb-859e-e0ad7afc67e9,ID208825,CID-511,CA-0921,2026-03-26,2026-04-25,2815.26,USD,SampleGen
INV-567d1df8-d71d-4160-a4e3-74ed9b65e7b8,ID208826,CID-511,CA-0921,2026-03-19,2026-04-18,356.0,USD,SampleGen
INV-b0921c6d-7286-4df2-8c72-e5b8d3385e5e,ID208827,CID-511,CA-0921,2026-03-08,2026-04-07,856.32,USD,SampleGen
INV-81d5fbb7-5340-4b53-8e27-4b7d895563f5,ID208828,CID-511,CA-0921,2026-03-18,2026-04-17,2541.62,USD,SampleGen
INV-add30ab1-9ad8-45c3-983d-22bc9b0a8afa,ID208829,CID-511,CA-0921,2026-03-06,2026-04-05,5672.94,USD,SampleGen
INV-303ed928-5507-4941-bcd7-35a68ac6fc41,ID208830,CID-511,CA-0921,2026-03-26,2026-04-25,406.92,USD,SampleGen
INV-a95d11d0-15b7-46c4-a14e-1e12f4204b25,ID208831,CID-511,CA-0921,2026-03-14,2026-04-13,2651.94,USD,SampleGen
INV-9b76e58b-3dec-42bc-a4b2-45812658ea81,ID208832,CID-511,CA-0921,2026-03-02,2026-04-01,1254.8,USD,SampleGen
INV-d33e1673-b02f-438d-b2b5-3dfc4aec4d44,ID208833,CID-511,CA-0921,2026-03-14,2026-04-13,5096.22,USD,SampleGen
INV-e9492fc3-0259-4a82-8449-b6686468cbfe,ID208834,CID-512,CA-0923,2025-06-20,2025-07-20,860.62,USD,SampleGen
INV-03fde2ce-3a2c-4869-8ae8-db4f43e9e2b2,ID208835,CID-512,CA-0923,2025-06-30,2025-07-30,2204.62,USD,SampleGen
INV-0d7ea2f9-ada1-4c48-a57a-a23b4fa99561,ID208836,CID-512,CA-0923,2025-06-03,2025-07-03,1127.72,USD,SampleGen
INV-5dac034a-1797-4a93-97ec-0c640cb03727,ID208837,CID-512,CA-0923,2025-07-27,2025-08-26,3472.42,USD,SampleGen
INV-b4be7fc3-5d32-45a6-99ee-66d1c3c3cb1a,ID208838,CID-512,CA-0923,2025-07-02,2025-08-01,958.04,USD,SampleGen
INV-d770c32c-87cf-4c49-a6ec-b3e43bfc0f4f,ID208839,CID-512,CA-0923,2025-07-07,2025-08-06,3981.16,USD,SampleGen
INV-6f499cd7-b655-487a-b83d-7dabcbec3b78,ID208840,CID-512,CA-0923,2025-07-08,2025-08-07,3932.38,USD,SampleGen
INV-b9db26cd-3ca7-4b52-a95d-134f5a2e4833,ID208841,CID-512,CA-0923,2025-08-29,2025-09-28,1494.48,USD,SampleGen
INV-7b3dd7d5-3325-44b7-b678-f7d3dea67277,ID208842,CID-512,CA-0923,2025-08-29,2025-09-28,652.76,USD,SampleGen
INV-fcb4b905-a058-43e0-8272-2608b7d6ad5c,ID208843,CID-512,CA-0923,2025-08-19,2025-09-18,1369.28,USD,SampleGen
INV-41f4714f-dbcb-4b24-92aa-028b5b8beba3,ID208844,CID-512,CA-0923,2025-08-20,2025-09-19,2049.82,USD,SampleGen
INV-40e12c0a-757b-4f2f-989f-819bd7e9e0ba,ID208845,CID-512,CA-0923,2025-08-28,2025-09-27,2919.12,USD,SampleGen
INV-c2c93023-9a29-4dd5-9503-9535589f83cd,ID208846,CID-512,CA-0923,2025-08-08,2025-09-07,576.56,USD,SampleGen
INV-f909218b-e975-4b2c-ae32-3bfbdb629004,ID208847,CID-512,CA-0923,2025-09-24,2025-10-24,4002.4,USD,SampleGen
INV-21dbd823-e7cb-4455-97f8-b4f09efc256a,ID208848,CID-512,CA-0923,2025-09-10,2025-10-10,1521.9,USD,SampleGen
INV-a4f38aa2-762d-47b7-8039-e608f62b972c,ID208849,CID-512,CA-0923,2025-10-11,2025-11-10,947.5,USD,SampleGen
INV-c5cebffd-865e-4921-ae8b-6ed5b1a20c94,ID208850,CID-512,CA-0923,2025-10-27,2025-11-26,1856.96,USD,SampleGen
INV-d49556de-f757-414a-9548-0bd261e26804,ID208851,CID-512,CA-0923,2025-11-14,2025-12-14,3743.66,USD,SampleGen
INV-4816d66d-2f18-42af-8c77-69a6dc38a9ca,ID208852,CID-512,CA-0923,2025-11-22,2025-12-22,2577.68,USD,SampleGen
INV-2e14a229-3010-448d-822d-72956ea7a25f,ID208853,CID-512,CA-0923,2025-12-28,2026-01-27,3340.92,USD,SampleGen
INV-aa6a4359-bb8f-48ad-980d-caa447f1efca,ID208854,CID-512,CA-0923,2025-12-23,2026-01-22,3714.04,USD,SampleGen
INV-82110421-202c-476b-829a-a08616fa046a,ID208855,CID-512,CA-0923,2025-12-23,2026-01-22,580.78,USD,SampleGen
INV-9fe9866a-d0dd-4014-93bf-253e5183dc30,ID208856,CID-512,CA-0923,2025-12-18,2026-01-17,4307.66,USD,SampleGen
INV-20c67f5e-78bd-4489-bbc0-9665ecfd1d79,ID208857,CID-512,CA-0923,2025-12-30,2026-01-29,3294.3,USD,SampleGen
INV-810a00ce-76cb-4853-8eb4-db40a98f1472,ID208858,CID-512,CA-0923,2026-01-05,2026-02-04,1984.2,USD,SampleGen
INV-6d69bb11-731b-438b-bceb-4d096581d10c,ID208859,CID-512,CA-0923,2026-01-28,2026-02-27,1208.34,USD,SampleGen
INV-7b78b9c2-d4dc-4ec9-b6dd-071910f7842c,ID208860,CID-512,CA-0923,2026-01-08,2026-02-07,928.48,USD,SampleGen
INV-b3d9e5a9-86c3-41ac-9fea-f7ce4478928c,ID208861,CID-512,CA-0923,2026-01-23,2026-02-22,343.36,USD,SampleGen
INV-cbf9eaa3-8e4f-41ac-9f07-85d446a6d8db,ID208862,CID-512,CA-0923,2026-01-12,2026-02-11,4808.0,USD,SampleGen
INV-1bf36137-49fc-42be-9404-3835462bbe96,ID208863,CID-512,CA-0923,2026-02-07,2026-03-09,985.66,USD,SampleGen
INV-e5c3d90f-437d-498a-b52e-8a2edeb131ea,ID208864,CID-512,CA-0923,2026-02-23,2026-03-25,2217.38,USD,SampleGen
INV-71714cb3-91c4-4f2f-b999-a0906ae15b98,ID208865,CID-512,CA-0923,2026-02-23,2026-03-25,3137.44,USD,SampleGen
INV-cd6f7420-807d-4577-a2cd-f56530b153a2,ID208866,CID-512,CA-0923,2026-02-10,2026-03-12,4087.2,USD,SampleGen
INV-37d3a60b-4551-4c8c-80af-74aecf0d1111,ID208867,CID-512,CA-0923,2026-02-28,2026-03-30,2117.66,USD,SampleGen
INV-b7bd7b0a-762a-4f80-b775-3dc84e340712,ID208868,CID-512,CA-0923,2026-02-21,2026-03-23,2278.82,USD,SampleGen
INV-8e9f62d5-4b69-4289-93a2-eee150ff7e9e,ID208869,CID-512,CA-0923,2026-02-16,2026-03-18,2107.02,USD,SampleGen
INV-846a91a4-d2fe-42ef-a399-7439bf3b5f5f,ID208870,CID-512,CA-0923,2026-02-03,2026-03-05,2921.22,USD,SampleGen
INV-9b9a8396-08d4-431e-b58c-66b0dc5e9847,ID208871,CID-512,CA-0923,2026-03-06,2026-04-05,5223.52,USD,SampleGen
INV-158af95c-433e-4afe-9bd1-0d03a0271c27,ID208872,CID-512,CA-0923,2026-03-14,2026-04-13,686.72,USD,SampleGen
INV-93bac4da-7296-44da-a65b-ab09340f992d,ID208873,CID-512,CA-0923,2026-04-01,2026-05-01,932.7,USD,SampleGen
INV-bec7cce5-26fc-4fe7-a546-1b30c58d1eab,ID208874,CID-512,CA-0923,2026-03-15,2026-04-14,4551.34,USD,SampleGen
INV-67b08484-31e5-4e29-91da-5b1d2c7a5125,ID208875,CID-512,CA-0923,2026-03-30,2026-04-29,1365.1,USD,SampleGen
INV-d7de9f64-e368-4917-8c25-6cf55b45b619,ID208876,CID-512,CA-0923,2026-03-08,2026-04-07,1975.76,USD,SampleGen
INV-11284995-619a-4eb7-97b2-1c65a925685c,ID208877,CID-512,CA-0923,2026-03-14,2026-04-13,1594.06,USD,SampleGen
INV-79cc4178-8db2-4598-9f4e-406efd51c962,ID208878,CID-512,CA-0923,2026-03-10,2026-04-09,3035.66,USD,SampleGen
INV-d464abb8-8a77-4165-8c7c-ef7c7da3d4e1,ID208879,CID-512,CA-0923,2026-03-22,2026-04-21,4299.16,USD,SampleGen
INV-c2cabc44-a06b-42e3-a30e-33417faedd64,ID208880,CID-512,CA-0923,2026-03-27,2026-04-26,627.38,USD,SampleGen
INV-0ca904a7-23bc-49db-8bf8-1a460dca6be4,ID208881,CID-513,CA-0925,2025-08-09,2025-09-08,495.96,USD,SampleGen
INV-ec39cfac-0ae7-435f-b77d-dacfbc22a875,ID208882,CID-513,CA-0925,2025-09-17,2025-10-17,1691.58,USD,SampleGen
INV-b5b782ec-5549-473b-9bd0-509e552bb4a6,ID208883,CID-513,CA-0925,2025-12-13,2026-01-12,4044.82,USD,SampleGen
INV-f21523d0-6a9b-4080-af60-61576984024a,ID208884,CID-513,CA-0925,2026-02-23,2026-03-25,4197.36,USD,SampleGen
INV-09afb168-218a-429e-b55e-f71fb8181014,ID208885,CID-513,CA-0925,2026-03-11,2026-04-10,1059.82,USD,SampleGen
