OrderId,OrderLineNumber,ProductId,ProductName,Quantity,UnitPrice,LineTotal,DiscountAmount,TaxAmount
46138282-efd9-4de9-a94b-212ec0602ff9,1,3053,Waterproof Ski Pants,2,249.99,499.98,0.0,43.75
46138282-efd9-4de9-a94b-212ec0602ff9,2,3071,Ski Boot Bag - Premium,2,59.99,119.98,0.0,10.5
259cdacc-47d8-4392-acff-e24f9088f548,1,3012,Mountain Master All-Terrain Skis - 165cm,2,899.99,1799.98,0.0,157.5
259cdacc-47d8-4392-acff-e24f9088f548,2,3051,Insulated Ski Jacket - Men's,1,299.99,299.99,0.0,26.25
05096fc9-5a76-4240-b78a-a785cbefd0cd,1,3081,All-Temp Ski Wax Kit,2,79.99,159.98,0.0,14.0
05096fc9-5a76-4240-b78a-a785cbefd0cd,2,3104,Ski Tuning Bench - Portable,1,189.99,189.99,0.0,16.62
05096fc9-5a76-4240-b78a-a785cbefd0cd,3,3104,Ski Tuning Bench - Portable,1,189.99,189.99,0.0,16.62
05096fc9-5a76-4240-b78a-a785cbefd0cd,4,3103,Snowboard Bindings - Pro,2,299.99,599.98,0.0,52.5
b4404a68-8c08-442f-a195-509637e86b85,1,3031,Pro Flex Racing Ski Boots,2,649.99,1299.98,0.0,113.75
b4404a68-8c08-442f-a195-509637e86b85,2,3061,Professional Ski Helmet,1,199.99,199.99,0.0,17.5
b4404a68-8c08-442f-a195-509637e86b85,3,3031,Pro Flex Racing Ski Boots,2,649.99,1299.98,0.0,113.75
b4404a68-8c08-442f-a195-509637e86b85,4,3013,Beginner's Choice Alpine Skis - 160cm,2,449.99,899.98,0.0,78.75
6a6bc5a7-d47a-4154-858f-9561dfeb6d53,1,3041,Carbon Fiber Racing Poles - 120cm,2,179.99,359.98,0.0,31.5
6a6bc5a7-d47a-4154-858f-9561dfeb6d53,2,3053,Waterproof Ski Pants,1,249.99,249.99,0.0,21.87
6a6bc5a7-d47a-4154-858f-9561dfeb6d53,3,3091,Freestyle Snowboard - 155cm,2,649.99,1299.98,0.0,113.75
a8ad6144-3e26-45af-8cbd-93659cc843b9,1,3041,Carbon Fiber Racing Poles - 120cm,2,179.99,359.98,0.0,31.5
a8ad6144-3e26-45af-8cbd-93659cc843b9,2,3081,All-Temp Ski Wax Kit,1,79.99,79.99,0.0,7.0
a8ad6144-3e26-45af-8cbd-93659cc843b9,3,3081,All-Temp Ski Wax Kit,1,79.99,79.99,0.0,7.0
a8ad6144-3e26-45af-8cbd-93659cc843b9,4,3031,Pro Flex Racing Ski Boots,1,649.99,649.99,0.0,56.87
b160823b-a5c6-48d7-8461-3f40c22e9b65,1,3062,Anti-Fog Ski Goggles,2,129.99,259.98,0.0,22.75
b160823b-a5c6-48d7-8461-3f40c22e9b65,2,3051,Insulated Ski Jacket - Men's,1,299.99,299.99,0.0,26.25
b160823b-a5c6-48d7-8461-3f40c22e9b65,3,3082,Edge Tuning Tool Set,1,119.99,119.99,0.0,10.5
b160823b-a5c6-48d7-8461-3f40c22e9b65,4,3082,Edge Tuning Tool Set,2,119.99,239.98,0.0,21.0
34dfd184-70a3-4d1f-958f-26c884d96ee1,1,3011,Alpine Pro Racing Skis - 170cm,1,1299.99,1299.99,0.0,113.75
918b27f1-230e-439f-883c-0aa620111399,1,3033,Women's Performance Ski Boots,2,579.99,1159.98,0.0,101.5
918b27f1-230e-439f-883c-0aa620111399,2,3013,Beginner's Choice Alpine Skis - 160cm,1,449.99,449.99,0.0,39.37
bffb4574-6520-428c-b740-ecca4f54226b,1,3032,Comfort Fit Recreational Boots,1,399.99,399.99,0.0,35.0
982c13b1-3f69-411a-a636-1019e67ee825,1,3081,All-Temp Ski Wax Kit,1,79.99,79.99,0.0,7.0
982c13b1-3f69-411a-a636-1019e67ee825,2,3082,Edge Tuning Tool Set,1,119.99,119.99,0.0,10.5
982c13b1-3f69-411a-a636-1019e67ee825,3,3061,Professional Ski Helmet,1,199.99,199.99,0.0,17.5
5289a913-3a86-4f34-95ac-96138ba7aa86,1,3051,Insulated Ski Jacket - Men's,1,299.99,299.99,0.0,26.25
01f3a565-238f-4185-9c63-90777d0f3fd4,1,3041,Carbon Fiber Racing Poles - 120cm,1,179.99,179.99,0.0,15.75
01f3a565-238f-4185-9c63-90777d0f3fd4,2,3101,Winter Boots - Insulated,2,159.99,319.98,0.0,28.0
01f3a565-238f-4185-9c63-90777d0f3fd4,3,3013,Beginner's Choice Alpine Skis - 160cm,2,449.99,899.98,0.0,78.75
ca69b23c-0629-42cc-a64f-4090b18ee571,1,3042,Aluminum All-Mountain Poles - 115cm,2,99.99,199.98,0.0,17.5
1117dcb6-06f3-4ca6-b99a-daa775c93c69,1,3081,All-Temp Ski Wax Kit,1,79.99,79.99,0.0,7.0
cdb295fd-4ff6-4496-a8c5-fcfc3a54186c,1,3104,Ski Tuning Bench - Portable,1,189.99,189.99,0.0,16.62
c8650376-5362-497e-8caf-a691ad751cb3,1,3032,Comfort Fit Recreational Boots,2,399.99,799.98,0.0,70.0
c8650376-5362-497e-8caf-a691ad751cb3,2,3052,Thermal Base Layer Set - Women's,2,149.99,299.98,0.0,26.25
2712304c-770c-42fa-b755-14a4f99d1adc,1,3031,Pro Flex Racing Ski Boots,2,649.99,1299.98,0.0,113.75
e57e7dc2-efa4-40ec-b307-d2886d1879f5,1,3101,Winter Boots - Insulated,2,159.99,319.98,0.0,28.0
e57e7dc2-efa4-40ec-b307-d2886d1879f5,2,3081,All-Temp Ski Wax Kit,1,79.99,79.99,0.0,7.0
e57e7dc2-efa4-40ec-b307-d2886d1879f5,3,3103,Snowboard Bindings - Pro,2,299.99,599.98,0.0,52.5
6d575230-6503-4aea-8c40-73b31f3a744a,1,3102,Winter Hiking Boots - Waterproof,1,249.99,249.99,0.0,21.87
6d575230-6503-4aea-8c40-73b31f3a744a,2,3103,Snowboard Bindings - Pro,1,299.99,299.99,0.0,26.25
6d575230-6503-4aea-8c40-73b31f3a744a,3,3104,Ski Tuning Bench - Portable,1,189.99,189.99,0.0,16.62
6d575230-6503-4aea-8c40-73b31f3a744a,4,3033,Women's Performance Ski Boots,2,579.99,1159.98,0.0,101.5
e7628bb7-aee9-4e20-bc75-3b368afb8645,1,3033,Women's Performance Ski Boots,2,579.99,1159.98,0.0,101.5
e7628bb7-aee9-4e20-bc75-3b368afb8645,2,3041,Carbon Fiber Racing Poles - 120cm,1,179.99,179.99,0.0,15.75
e7628bb7-aee9-4e20-bc75-3b368afb8645,3,3081,All-Temp Ski Wax Kit,2,79.99,159.98,0.0,14.0
7535017f-8570-4dfb-88b7-a6c39f295b0d,1,3021,Nordic Classic XC Skis - 185cm,1,349.99,349.99,0.0,30.62
7535017f-8570-4dfb-88b7-a6c39f295b0d,2,3081,All-Temp Ski Wax Kit,2,79.99,159.98,0.0,14.0
7535017f-8570-4dfb-88b7-a6c39f295b0d,3,3091,Freestyle Snowboard - 155cm,2,649.99,1299.98,0.0,113.75
99f401ad-985a-467b-ba54-1d4432d91cd9,1,3104,Ski Tuning Bench - Portable,1,189.99,189.99,0.0,16.62
99f401ad-985a-467b-ba54-1d4432d91cd9,2,3072,Hand Warmers - 10 Pack,2,14.99,29.98,0.0,2.62
99f401ad-985a-467b-ba54-1d4432d91cd9,3,3021,Nordic Classic XC Skis - 185cm,1,349.99,349.99,0.0,30.62
99f401ad-985a-467b-ba54-1d4432d91cd9,4,3082,Edge Tuning Tool Set,1,119.99,119.99,0.0,10.5
adb033d7-ae12-4566-9ccb-daaec5591499,1,3103,Snowboard Bindings - Pro,1,299.99,299.99,0.0,26.25
adb033d7-ae12-4566-9ccb-daaec5591499,2,3091,Freestyle Snowboard - 155cm,1,649.99,649.99,0.0,56.87
364ab31e-e480-4d2d-b6a6-b6105ad0b2ab,1,3104,Ski Tuning Bench - Portable,2,189.99,379.98,0.0,33.25
364ab31e-e480-4d2d-b6a6-b6105ad0b2ab,2,3082,Edge Tuning Tool Set,2,119.99,239.98,0.0,21.0
7f37a120-1eba-4afe-af48-2320ef44416d,1,3092,All-Mountain Snowboard - 158cm,2,799.99,1599.98,0.0,140.0
7f37a120-1eba-4afe-af48-2320ef44416d,2,3082,Edge Tuning Tool Set,2,119.99,239.98,0.0,21.0
7f37a120-1eba-4afe-af48-2320ef44416d,3,3052,Thermal Base Layer Set - Women's,1,149.99,149.99,0.0,13.12
7f37a120-1eba-4afe-af48-2320ef44416d,4,3032,Comfort Fit Recreational Boots,1,399.99,399.99,0.0,35.0
ac27303f-e4e7-4eb6-aead-0d011b4d7126,1,3033,Women's Performance Ski Boots,1,579.99,579.99,0.0,50.75
20f2ce53-e702-4651-bcaf-d145aa509a48,1,3041,Carbon Fiber Racing Poles - 120cm,2,179.99,359.98,0.0,31.5
20f2ce53-e702-4651-bcaf-d145aa509a48,2,3013,Beginner's Choice Alpine Skis - 160cm,2,449.99,899.98,0.0,78.75
20f2ce53-e702-4651-bcaf-d145aa509a48,3,3042,Aluminum All-Mountain Poles - 115cm,1,99.99,99.99,0.0,8.75
20f2ce53-e702-4651-bcaf-d145aa509a48,4,3082,Edge Tuning Tool Set,2,119.99,239.98,0.0,21.0
8bde0b98-65d8-4d2e-adf2-8e4328b55b10,1,3013,Beginner's Choice Alpine Skis - 160cm,2,449.99,899.98,0.0,78.75
5f388b79-63e5-41e4-a2c8-b321bb65dd6f,1,3082,Edge Tuning Tool Set,1,119.99,119.99,0.0,10.5
5f388b79-63e5-41e4-a2c8-b321bb65dd6f,2,3072,Hand Warmers - 10 Pack,2,14.99,29.98,0.0,2.62
5f388b79-63e5-41e4-a2c8-b321bb65dd6f,3,3053,Waterproof Ski Pants,2,249.99,499.98,0.0,43.75
5f388b79-63e5-41e4-a2c8-b321bb65dd6f,4,3104,Ski Tuning Bench - Portable,2,189.99,379.98,0.0,33.25
45bb685f-eae5-4dbd-8b9d-aea7d975ca8a,1,3053,Waterproof Ski Pants,1,249.99,249.99,0.0,21.87
45bb685f-eae5-4dbd-8b9d-aea7d975ca8a,2,3031,Pro Flex Racing Ski Boots,2,649.99,1299.98,0.0,113.75
45bb685f-eae5-4dbd-8b9d-aea7d975ca8a,3,3011,Alpine Pro Racing Skis - 170cm,2,1299.99,2599.98,0.0,227.5
45bb685f-eae5-4dbd-8b9d-aea7d975ca8a,4,3051,Insulated Ski Jacket - Men's,1,299.99,299.99,0.0,26.25
fe9718a6-eed0-4c56-bdfc-ef4d468aa795,1,3062,Anti-Fog Ski Goggles,1,129.99,129.99,0.0,11.37
fe9718a6-eed0-4c56-bdfc-ef4d468aa795,2,3104,Ski Tuning Bench - Portable,2,189.99,379.98,0.0,33.25
3fc4ab16-b61f-4fd8-83d3-6fa7daf414ad,1,3081,All-Temp Ski Wax Kit,1,79.99,79.99,0.0,7.0
3fc4ab16-b61f-4fd8-83d3-6fa7daf414ad,2,3082,Edge Tuning Tool Set,1,119.99,119.99,0.0,10.5
3ae7647d-0950-4e73-9db7-69dfdf3c82b1,1,3081,All-Temp Ski Wax Kit,1,79.99,79.99,0.0,7.0
3ae7647d-0950-4e73-9db7-69dfdf3c82b1,2,3082,Edge Tuning Tool Set,2,119.99,239.98,0.0,21.0
3ae7647d-0950-4e73-9db7-69dfdf3c82b1,3,3081,All-Temp Ski Wax Kit,1,79.99,79.99,0.0,7.0
474414f3-6e43-4dac-ac35-5311c05ca949,1,3051,Insulated Ski Jacket - Men's,1,299.99,299.99,0.0,26.25
474414f3-6e43-4dac-ac35-5311c05ca949,2,3033,Women's Performance Ski Boots,2,579.99,1159.98,0.0,101.5
cee601f1-fa84-4220-a2db-a06812ba6330,1,3051,Insulated Ski Jacket - Men's,1,299.99,299.99,0.0,26.25
cee601f1-fa84-4220-a2db-a06812ba6330,2,3022,Backcountry Explorer XC Skis - 190cm,2,549.99,1099.98,0.0,96.25
60e03711-9305-4497-bbe4-c744a9c5257d,1,3081,All-Temp Ski Wax Kit,2,79.99,159.98,0.0,14.0
60e03711-9305-4497-bbe4-c744a9c5257d,2,3091,Freestyle Snowboard - 155cm,1,649.99,649.99,0.0,56.87
60e03711-9305-4497-bbe4-c744a9c5257d,3,3104,Ski Tuning Bench - Portable,1,189.99,189.99,0.0,16.62
60e03711-9305-4497-bbe4-c744a9c5257d,4,3071,Ski Boot Bag - Premium,1,59.99,59.99,0.0,5.25
7cfbb7fa-1894-41c5-b18a-999323e5e244,1,3082,Edge Tuning Tool Set,1,119.99,119.99,0.0,10.5
7cfbb7fa-1894-41c5-b18a-999323e5e244,2,3052,Thermal Base Layer Set - Women's,2,149.99,299.98,0.0,26.25
5abf811a-fb78-4e50-80c0-6355b2c068bd,1,3012,Mountain Master All-Terrain Skis - 165cm,1,899.99,899.99,0.0,78.75
5abf811a-fb78-4e50-80c0-6355b2c068bd,2,3052,Thermal Base Layer Set - Women's,2,149.99,299.98,0.0,26.25
6aae43d2-06f0-4625-971c-0ac05b47752c,1,3013,Beginner's Choice Alpine Skis - 160cm,1,449.99,449.99,0.0,39.37
6aae43d2-06f0-4625-971c-0ac05b47752c,2,3031,Pro Flex Racing Ski Boots,2,649.99,1299.98,0.0,113.75
6aae43d2-06f0-4625-971c-0ac05b47752c,3,3021,Nordic Classic XC Skis - 185cm,2,349.99,699.98,0.0,61.25
8392fd44-4b0f-40f5-bd14-639bd857df59,1,3091,Freestyle Snowboard - 155cm,1,649.99,649.99,0.0,56.87
8392fd44-4b0f-40f5-bd14-639bd857df59,2,3104,Ski Tuning Bench - Portable,1,189.99,189.99,0.0,16.62
8392fd44-4b0f-40f5-bd14-639bd857df59,3,3103,Snowboard Bindings - Pro,2,299.99,599.98,0.0,52.5
a65f7157-d95c-4d79-a72c-24b644cb5b2e,1,3082,Edge Tuning Tool Set,2,119.99,239.98,0.0,21.0
a65f7157-d95c-4d79-a72c-24b644cb5b2e,2,3081,All-Temp Ski Wax Kit,2,79.99,159.98,0.0,14.0
30e02764-c7e9-431f-932c-7fecf86ce0a9,1,3103,Snowboard Bindings - Pro,2,299.99,599.98,0.0,52.5
30e02764-c7e9-431f-932c-7fecf86ce0a9,2,3091,Freestyle Snowboard - 155cm,1,649.99,649.99,0.0,56.87
30e02764-c7e9-431f-932c-7fecf86ce0a9,3,3081,All-Temp Ski Wax Kit,1,79.99,79.99,0.0,7.0
30e02764-c7e9-431f-932c-7fecf86ce0a9,4,3104,Ski Tuning Bench - Portable,2,189.99,379.98,0.0,33.25
246af566-70e0-4b97-bffb-fa897cf9e8e3,1,3092,All-Mountain Snowboard - 158cm,1,799.99,799.99,0.0,70.0
246af566-70e0-4b97-bffb-fa897cf9e8e3,2,3042,Aluminum All-Mountain Poles - 115cm,1,99.99,99.99,0.0,8.75
246af566-70e0-4b97-bffb-fa897cf9e8e3,3,3042,Aluminum All-Mountain Poles - 115cm,1,99.99,99.99,0.0,8.75
246af566-70e0-4b97-bffb-fa897cf9e8e3,4,3013,Beginner's Choice Alpine Skis - 160cm,2,449.99,899.98,0.0,78.75
42722002-7a10-4931-9799-a842c65348cf,1,3082,Edge Tuning Tool Set,2,119.99,239.98,0.0,21.0
42722002-7a10-4931-9799-a842c65348cf,2,3031,Pro Flex Racing Ski Boots,2,649.99,1299.98,0.0,113.75
42722002-7a10-4931-9799-a842c65348cf,3,3053,Waterproof Ski Pants,1,249.99,249.99,0.0,21.87
bc123287-e90f-4ed5-b967-a3d59aef3241,1,3012,Mountain Master All-Terrain Skis - 165cm,1,899.99,899.99,0.0,78.75
bc123287-e90f-4ed5-b967-a3d59aef3241,2,3053,Waterproof Ski Pants,1,249.99,249.99,0.0,21.87
bc123287-e90f-4ed5-b967-a3d59aef3241,3,3042,Aluminum All-Mountain Poles - 115cm,1,99.99,99.99,0.0,8.75
46c335b7-090a-484c-a5b6-be7644e5568c,1,3104,Ski Tuning Bench - Portable,2,189.99,379.98,0.0,33.25
3503f00e-6af7-4fc8-9a5a-d82ac265319f,1,3051,Insulated Ski Jacket - Men's,1,299.99,299.99,0.0,26.25
ea4844b0-f29e-47c4-9d34-903910f2b182,1,3031,Pro Flex Racing Ski Boots,1,649.99,649.99,0.0,56.87
ea4844b0-f29e-47c4-9d34-903910f2b182,2,3012,Mountain Master All-Terrain Skis - 165cm,1,899.99,899.99,0.0,78.75
ea4844b0-f29e-47c4-9d34-903910f2b182,3,3082,Edge Tuning Tool Set,2,119.99,239.98,0.0,21.0
ea4844b0-f29e-47c4-9d34-903910f2b182,4,3051,Insulated Ski Jacket - Men's,2,299.99,599.98,0.0,52.5
5d97fc27-6d85-4afa-9420-f32a61cc2288,1,3081,All-Temp Ski Wax Kit,2,79.99,159.98,0.0,14.0
5d97fc27-6d85-4afa-9420-f32a61cc2288,2,3031,Pro Flex Racing Ski Boots,2,649.99,1299.98,0.0,113.75
5d97fc27-6d85-4afa-9420-f32a61cc2288,3,3051,Insulated Ski Jacket - Men's,1,299.99,299.99,0.0,26.25
5d97fc27-6d85-4afa-9420-f32a61cc2288,4,3031,Pro Flex Racing Ski Boots,2,649.99,1299.98,0.0,113.75
aa115768-423e-4cac-abe6-c1acf5fffd31,1,3042,Aluminum All-Mountain Poles - 115cm,2,99.99,199.98,0.0,17.5
d14a2ec1-f815-4d1b-aaf0-352f006c1230,1,3031,Pro Flex Racing Ski Boots,2,649.99,1299.98,0.0,113.75
d14a2ec1-f815-4d1b-aaf0-352f006c1230,2,3032,Comfort Fit Recreational Boots,1,399.99,399.99,0.0,35.0
385ae035-3981-4dc3-851c-552c06a88ee2,1,3104,Ski Tuning Bench - Portable,2,189.99,379.98,0.0,33.25
385ae035-3981-4dc3-851c-552c06a88ee2,2,3031,Pro Flex Racing Ski Boots,1,649.99,649.99,0.0,56.87
385ae035-3981-4dc3-851c-552c06a88ee2,3,3042,Aluminum All-Mountain Poles - 115cm,1,99.99,99.99,0.0,8.75
385ae035-3981-4dc3-851c-552c06a88ee2,4,3012,Mountain Master All-Terrain Skis - 165cm,1,899.99,899.99,0.0,78.75
3b3f656a-2a36-4234-a95a-92ad80f7fb3c,1,3092,All-Mountain Snowboard - 158cm,2,799.99,1599.98,0.0,140.0
3b3f656a-2a36-4234-a95a-92ad80f7fb3c,2,3092,All-Mountain Snowboard - 158cm,1,799.99,799.99,0.0,70.0
3b3f656a-2a36-4234-a95a-92ad80f7fb3c,3,3082,Edge Tuning Tool Set,2,119.99,239.98,0.0,21.0
79814ffa-303a-41f7-af61-1f401de7bb32,1,3032,Comfort Fit Recreational Boots,1,399.99,399.99,0.0,35.0
1c6b4604-da88-4265-af58-7fa0bc6fc919,1,3092,All-Mountain Snowboard - 158cm,1,799.99,799.99,0.0,70.0
1c6b4604-da88-4265-af58-7fa0bc6fc919,2,3011,Alpine Pro Racing Skis - 170cm,2,1299.99,2599.98,0.0,227.5
6dea366a-251d-4fcd-9789-5bd0a83763f8,1,3082,Edge Tuning Tool Set,2,119.99,239.98,0.0,21.0
6dea366a-251d-4fcd-9789-5bd0a83763f8,2,3102,Winter Hiking Boots - Waterproof,1,249.99,249.99,0.0,21.87
6dea366a-251d-4fcd-9789-5bd0a83763f8,3,3012,Mountain Master All-Terrain Skis - 165cm,2,899.99,1799.98,0.0,157.5
745152d1-e6ab-40ab-b237-e706ca868721,1,3012,Mountain Master All-Terrain Skis - 165cm,1,899.99,899.99,0.0,78.75
745152d1-e6ab-40ab-b237-e706ca868721,2,3033,Women's Performance Ski Boots,1,579.99,579.99,0.0,50.75
91069395-7732-4a00-bd81-c91d1bbf6ced,1,3052,Thermal Base Layer Set - Women's,1,149.99,149.99,0.0,13.12
eea9d0dd-1dc9-4826-97c0-b076c354eb57,1,3062,Anti-Fog Ski Goggles,1,129.99,129.99,0.0,11.37
eea9d0dd-1dc9-4826-97c0-b076c354eb57,2,3031,Pro Flex Racing Ski Boots,2,649.99,1299.98,0.0,113.75
6faa895c-8722-425f-aad6-ae9b2af263a6,1,3041,Carbon Fiber Racing Poles - 120cm,1,179.99,179.99,0.0,15.75
99fca60d-ef9b-4ccf-8a83-f3d61f5861c5,1,3104,Ski Tuning Bench - Portable,2,189.99,379.98,0.0,33.25
99fca60d-ef9b-4ccf-8a83-f3d61f5861c5,2,3082,Edge Tuning Tool Set,1,119.99,119.99,0.0,10.5
5e9c7490-9286-469d-8414-daf095b4ba34,1,3012,Mountain Master All-Terrain Skis - 165cm,2,899.99,1799.98,0.0,157.5
5e9c7490-9286-469d-8414-daf095b4ba34,2,3032,Comfort Fit Recreational Boots,2,399.99,799.98,0.0,70.0
5e9c7490-9286-469d-8414-daf095b4ba34,3,3032,Comfort Fit Recreational Boots,1,399.99,399.99,0.0,35.0
5e9c7490-9286-469d-8414-daf095b4ba34,4,3053,Waterproof Ski Pants,2,249.99,499.98,0.0,43.75
31db6ad2-4407-4de6-ac7d-38b2d499322a,1,3062,Anti-Fog Ski Goggles,2,129.99,259.98,0.0,22.75
31db6ad2-4407-4de6-ac7d-38b2d499322a,2,3051,Insulated Ski Jacket - Men's,2,299.99,599.98,0.0,52.5
f67efc25-2bc7-468c-a972-9b373cc491e6,1,3032,Comfort Fit Recreational Boots,2,399.99,799.98,0.0,70.0
6809bb7e-f9e2-411b-8cf4-3f71b3086379,1,3071,Ski Boot Bag - Premium,2,59.99,119.98,0.0,10.5
6809bb7e-f9e2-411b-8cf4-3f71b3086379,2,3103,Snowboard Bindings - Pro,1,299.99,299.99,0.0,26.25
6809bb7e-f9e2-411b-8cf4-3f71b3086379,3,3091,Freestyle Snowboard - 155cm,2,649.99,1299.98,0.0,113.75
6809bb7e-f9e2-411b-8cf4-3f71b3086379,4,3071,Ski Boot Bag - Premium,2,59.99,119.98,0.0,10.5
22c07144-a6ef-4f8e-bb36-a1d4f89ba474,1,3061,Professional Ski Helmet,2,199.99,399.98,0.0,35.0
22c07144-a6ef-4f8e-bb36-a1d4f89ba474,2,3012,Mountain Master All-Terrain Skis - 165cm,1,899.99,899.99,0.0,78.75
22c07144-a6ef-4f8e-bb36-a1d4f89ba474,3,3053,Waterproof Ski Pants,2,249.99,499.98,0.0,43.75
22c07144-a6ef-4f8e-bb36-a1d4f89ba474,4,3013,Beginner's Choice Alpine Skis - 160cm,2,449.99,899.98,0.0,78.75
b2f7f599-654a-452e-9871-1d3c9e4e8f0f,1,3011,Alpine Pro Racing Skis - 170cm,1,1299.99,1299.99,0.0,113.75
b2f7f599-654a-452e-9871-1d3c9e4e8f0f,2,3051,Insulated Ski Jacket - Men's,2,299.99,599.98,0.0,52.5
dfca1222-a45b-4368-8ebc-e0245049eda5,1,3071,Ski Boot Bag - Premium,2,59.99,119.98,0.0,10.5
dfca1222-a45b-4368-8ebc-e0245049eda5,2,3012,Mountain Master All-Terrain Skis - 165cm,1,899.99,899.99,0.0,78.75
617330fa-b689-4f40-a7e9-d2f2c0d514db,1,3033,Women's Performance Ski Boots,1,579.99,579.99,0.0,50.75
617330fa-b689-4f40-a7e9-d2f2c0d514db,2,3102,Winter Hiking Boots - Waterproof,1,249.99,249.99,0.0,21.87
617330fa-b689-4f40-a7e9-d2f2c0d514db,3,3091,Freestyle Snowboard - 155cm,2,649.99,1299.98,0.0,113.75
617330fa-b689-4f40-a7e9-d2f2c0d514db,4,3102,Winter Hiking Boots - Waterproof,1,249.99,249.99,0.0,21.87
13e6b4cb-58c5-4556-ae4f-73ef456d7a6c,1,3051,Insulated Ski Jacket - Men's,1,299.99,299.99,0.0,26.25
13e6b4cb-58c5-4556-ae4f-73ef456d7a6c,2,3071,Ski Boot Bag - Premium,1,59.99,59.99,0.0,5.25
13e6b4cb-58c5-4556-ae4f-73ef456d7a6c,3,3052,Thermal Base Layer Set - Women's,2,149.99,299.98,0.0,26.25
13e6b4cb-58c5-4556-ae4f-73ef456d7a6c,4,3033,Women's Performance Ski Boots,1,579.99,579.99,0.0,50.75
1917bc1f-b6f1-4b92-b280-daeb465d116f,1,3042,Aluminum All-Mountain Poles - 115cm,2,99.99,199.98,0.0,17.5
1917bc1f-b6f1-4b92-b280-daeb465d116f,2,3011,Alpine Pro Racing Skis - 170cm,2,1299.99,2599.98,0.0,227.5
44534894-95a0-4992-bea4-a196113bf610,1,3051,Insulated Ski Jacket - Men's,1,299.99,299.99,0.0,26.25
44534894-95a0-4992-bea4-a196113bf610,2,3011,Alpine Pro Racing Skis - 170cm,1,1299.99,1299.99,0.0,113.75
44534894-95a0-4992-bea4-a196113bf610,3,3052,Thermal Base Layer Set - Women's,1,149.99,149.99,0.0,13.12
44534894-95a0-4992-bea4-a196113bf610,4,3072,Hand Warmers - 10 Pack,2,14.99,29.98,0.0,2.62
d69842d8-3910-44c8-8dd3-ab9cb4da8e9e,1,3013,Beginner's Choice Alpine Skis - 160cm,1,449.99,449.99,0.0,39.37
d69842d8-3910-44c8-8dd3-ab9cb4da8e9e,2,3011,Alpine Pro Racing Skis - 170cm,2,1299.99,2599.98,0.0,227.5
d69842d8-3910-44c8-8dd3-ab9cb4da8e9e,3,3051,Insulated Ski Jacket - Men's,2,299.99,599.98,0.0,52.5
d69842d8-3910-44c8-8dd3-ab9cb4da8e9e,4,3011,Alpine Pro Racing Skis - 170cm,2,1299.99,2599.98,0.0,227.5
ae44706b-e6d7-427e-9af5-186396b2fe33,1,3031,Pro Flex Racing Ski Boots,1,649.99,649.99,0.0,56.87
ae44706b-e6d7-427e-9af5-186396b2fe33,2,3041,Carbon Fiber Racing Poles - 120cm,1,179.99,179.99,0.0,15.75
ae44706b-e6d7-427e-9af5-186396b2fe33,3,3071,Ski Boot Bag - Premium,1,59.99,59.99,0.0,5.25
ae44706b-e6d7-427e-9af5-186396b2fe33,4,3012,Mountain Master All-Terrain Skis - 165cm,2,899.99,1799.98,0.0,157.5
e67aa80a-0503-4b36-83b9-a495c890cc4e,1,3092,All-Mountain Snowboard - 158cm,1,799.99,799.99,0.0,70.0
e67aa80a-0503-4b36-83b9-a495c890cc4e,2,3021,Nordic Classic XC Skis - 185cm,1,349.99,349.99,0.0,30.62
9d6adc0c-6ff0-4e93-a308-d0bc03cb64c0,1,3071,Ski Boot Bag - Premium,2,59.99,119.98,0.0,10.5
9d6adc0c-6ff0-4e93-a308-d0bc03cb64c0,2,3104,Ski Tuning Bench - Portable,2,189.99,379.98,0.0,33.25
9d6adc0c-6ff0-4e93-a308-d0bc03cb64c0,3,3042,Aluminum All-Mountain Poles - 115cm,2,99.99,199.98,0.0,17.5
9d6adc0c-6ff0-4e93-a308-d0bc03cb64c0,4,3081,All-Temp Ski Wax Kit,2,79.99,159.98,0.0,14.0
eb248fa5-28c5-4809-b2db-33f0d62d4e1c,1,3104,Ski Tuning Bench - Portable,2,189.99,379.98,0.0,33.25
70f285aa-2203-42ad-b5ab-9c8ab9d03f25,1,3104,Ski Tuning Bench - Portable,1,189.99,189.99,0.0,16.62
e5a67d6e-70de-4466-9f8b-85de33874746,1,3082,Edge Tuning Tool Set,2,119.99,239.98,0.0,21.0
e5a67d6e-70de-4466-9f8b-85de33874746,2,3051,Insulated Ski Jacket - Men's,1,299.99,299.99,0.0,26.25
773138c5-96d4-45b6-85c1-5cfa6e69bda2,1,3053,Waterproof Ski Pants,2,249.99,499.98,0.0,43.75
773138c5-96d4-45b6-85c1-5cfa6e69bda2,2,3013,Beginner's Choice Alpine Skis - 160cm,2,449.99,899.98,0.0,78.75
773138c5-96d4-45b6-85c1-5cfa6e69bda2,3,3012,Mountain Master All-Terrain Skis - 165cm,2,899.99,1799.98,0.0,157.5
2e531c9a-4c5d-42d5-b00e-7d02a9ad2b78,1,3103,Snowboard Bindings - Pro,1,299.99,299.99,0.0,26.25
2e531c9a-4c5d-42d5-b00e-7d02a9ad2b78,2,3022,Backcountry Explorer XC Skis - 190cm,1,549.99,549.99,0.0,48.12
2e531c9a-4c5d-42d5-b00e-7d02a9ad2b78,3,3071,Ski Boot Bag - Premium,2,59.99,119.98,0.0,10.5
c229f380-bb20-4a6d-bf5d-91acd72ece3f,1,3053,Waterproof Ski Pants,1,249.99,249.99,0.0,21.87
c229f380-bb20-4a6d-bf5d-91acd72ece3f,2,3041,Carbon Fiber Racing Poles - 120cm,2,179.99,359.98,0.0,31.5
c229f380-bb20-4a6d-bf5d-91acd72ece3f,3,3033,Women's Performance Ski Boots,1,579.99,579.99,0.0,50.75
c229f380-bb20-4a6d-bf5d-91acd72ece3f,4,3053,Waterproof Ski Pants,1,249.99,249.99,0.0,21.87
7afe3120-e9db-49e4-9b57-d7f1cf4b229b,1,3012,Mountain Master All-Terrain Skis - 165cm,2,899.99,1799.98,0.0,157.5
7afe3120-e9db-49e4-9b57-d7f1cf4b229b,2,3033,Women's Performance Ski Boots,2,579.99,1159.98,0.0,101.5
7afe3120-e9db-49e4-9b57-d7f1cf4b229b,3,3022,Backcountry Explorer XC Skis - 190cm,2,549.99,1099.98,0.0,96.25
7afe3120-e9db-49e4-9b57-d7f1cf4b229b,4,3072,Hand Warmers - 10 Pack,1,14.99,14.99,0.0,1.31
81e02da6-8ca7-49f6-8fc2-03d701270a58,1,3052,Thermal Base Layer Set - Women's,2,149.99,299.98,0.0,26.25
81e02da6-8ca7-49f6-8fc2-03d701270a58,2,3032,Comfort Fit Recreational Boots,2,399.99,799.98,0.0,70.0
6106475c-400b-4464-9908-1f4d42064664,1,3104,Ski Tuning Bench - Portable,2,189.99,379.98,0.0,33.25
6106475c-400b-4464-9908-1f4d42064664,2,3053,Waterproof Ski Pants,2,249.99,499.98,0.0,43.75
6106475c-400b-4464-9908-1f4d42064664,3,3062,Anti-Fog Ski Goggles,1,129.99,129.99,0.0,11.37
56451166-3c2e-46ac-b446-faab7727b3c2,1,3052,Thermal Base Layer Set - Women's,2,149.99,299.98,0.0,26.25
56451166-3c2e-46ac-b446-faab7727b3c2,2,3081,All-Temp Ski Wax Kit,2,79.99,159.98,0.0,14.0
aa812372-9a26-4919-9097-b7aed17b6fb3,1,3081,All-Temp Ski Wax Kit,1,79.99,79.99,0.0,7.0
aa812372-9a26-4919-9097-b7aed17b6fb3,2,3082,Edge Tuning Tool Set,2,119.99,239.98,0.0,21.0
aa812372-9a26-4919-9097-b7aed17b6fb3,3,3033,Women's Performance Ski Boots,2,579.99,1159.98,0.0,101.5
3fc4d780-0f79-461a-af99-74ff807afdc5,1,3092,All-Mountain Snowboard - 158cm,1,799.99,799.99,0.0,70.0
39a30c99-1877-4f2e-853a-140b4433598c,1,3082,Edge Tuning Tool Set,2,119.99,239.98,0.0,21.0
39a30c99-1877-4f2e-853a-140b4433598c,2,3092,All-Mountain Snowboard - 158cm,2,799.99,1599.98,0.0,140.0
39a30c99-1877-4f2e-853a-140b4433598c,3,3081,All-Temp Ski Wax Kit,1,79.99,79.99,0.0,7.0
39a30c99-1877-4f2e-853a-140b4433598c,4,3092,All-Mountain Snowboard - 158cm,2,799.99,1599.98,0.0,140.0
e7fb7e69-de83-458e-8a77-6a4b72b56bea,1,3061,Professional Ski Helmet,2,199.99,399.98,0.0,35.0
e7fb7e69-de83-458e-8a77-6a4b72b56bea,2,3013,Beginner's Choice Alpine Skis - 160cm,2,449.99,899.98,0.0,78.75
e7fb7e69-de83-458e-8a77-6a4b72b56bea,3,3042,Aluminum All-Mountain Poles - 115cm,2,99.99,199.98,0.0,17.5
f60840a6-d650-4186-821b-60c8bc764892,1,3032,Comfort Fit Recreational Boots,1,399.99,399.99,0.0,35.0
f60840a6-d650-4186-821b-60c8bc764892,2,3032,Comfort Fit Recreational Boots,1,399.99,399.99,0.0,35.0
10aa8d63-d504-4bea-ab22-88a9cd694b7e,1,3022,Backcountry Explorer XC Skis - 190cm,2,549.99,1099.98,0.0,96.25
1497e1a5-7e88-4ccd-96a7-29febee93f4c,1,3071,Ski Boot Bag - Premium,2,59.99,119.98,0.0,10.5
1497e1a5-7e88-4ccd-96a7-29febee93f4c,2,3032,Comfort Fit Recreational Boots,1,399.99,399.99,0.0,35.0
1497e1a5-7e88-4ccd-96a7-29febee93f4c,3,3021,Nordic Classic XC Skis - 185cm,1,349.99,349.99,0.0,30.62
a1547962-bfe2-4ffc-a5ea-1cb75c218399,1,3022,Backcountry Explorer XC Skis - 190cm,1,549.99,549.99,0.0,48.12
5fef36b0-407a-4471-8ef5-c4ccd8545c45,1,3061,Professional Ski Helmet,1,199.99,199.99,0.0,17.5
67a42358-e3cd-4c68-93dc-832b6e31fccf,1,3082,Edge Tuning Tool Set,2,119.99,239.98,0.0,21.0
67a42358-e3cd-4c68-93dc-832b6e31fccf,2,3091,Freestyle Snowboard - 155cm,2,649.99,1299.98,0.0,113.75
69e5cac6-83f6-4ed4-9ae5-798e6a25e6aa,1,3091,Freestyle Snowboard - 155cm,1,649.99,649.99,0.0,56.87
69e5cac6-83f6-4ed4-9ae5-798e6a25e6aa,2,3022,Backcountry Explorer XC Skis - 190cm,1,549.99,549.99,0.0,48.12
69e5cac6-83f6-4ed4-9ae5-798e6a25e6aa,3,3032,Comfort Fit Recreational Boots,2,399.99,799.98,0.0,70.0
69e5cac6-83f6-4ed4-9ae5-798e6a25e6aa,4,3013,Beginner's Choice Alpine Skis - 160cm,1,449.99,449.99,0.0,39.37
6a522eb4-9f30-483e-80b6-7b414b9b9176,1,3091,Freestyle Snowboard - 155cm,1,649.99,649.99,0.0,56.87
6a522eb4-9f30-483e-80b6-7b414b9b9176,2,3021,Nordic Classic XC Skis - 185cm,1,349.99,349.99,0.0,30.62
6a522eb4-9f30-483e-80b6-7b414b9b9176,3,3053,Waterproof Ski Pants,1,249.99,249.99,0.0,21.87
19af55c7-9335-45ed-bf94-746ef880f752,1,3104,Ski Tuning Bench - Portable,2,189.99,379.98,0.0,33.25
19af55c7-9335-45ed-bf94-746ef880f752,2,3072,Hand Warmers - 10 Pack,2,14.99,29.98,0.0,2.62
19af55c7-9335-45ed-bf94-746ef880f752,3,3032,Comfort Fit Recreational Boots,2,399.99,799.98,0.0,70.0
19af55c7-9335-45ed-bf94-746ef880f752,4,3081,All-Temp Ski Wax Kit,1,79.99,79.99,0.0,7.0
bc93ac26-296c-4eff-abdf-9ddd93123654,1,3081,All-Temp Ski Wax Kit,1,79.99,79.99,0.0,7.0
bc93ac26-296c-4eff-abdf-9ddd93123654,2,3052,Thermal Base Layer Set - Women's,2,149.99,299.98,0.0,26.25
bc93ac26-296c-4eff-abdf-9ddd93123654,3,3102,Winter Hiking Boots - Waterproof,2,249.99,499.98,0.0,43.75
bc93ac26-296c-4eff-abdf-9ddd93123654,4,3021,Nordic Classic XC Skis - 185cm,1,349.99,349.99,0.0,30.62
d194cb6d-abe7-4b68-8280-997dfb13e2d3,1,3042,Aluminum All-Mountain Poles - 115cm,2,99.99,199.98,0.0,17.5
d194cb6d-abe7-4b68-8280-997dfb13e2d3,2,3051,Insulated Ski Jacket - Men's,1,299.99,299.99,0.0,26.25
d194cb6d-abe7-4b68-8280-997dfb13e2d3,3,3102,Winter Hiking Boots - Waterproof,1,249.99,249.99,0.0,21.87
d194cb6d-abe7-4b68-8280-997dfb13e2d3,4,3032,Comfort Fit Recreational Boots,2,399.99,799.98,0.0,70.0
72e011d0-88c2-4088-b4d9-a0f242ae3ff0,1,3033,Women's Performance Ski Boots,1,579.99,579.99,0.0,50.75
068c5217-6baf-48f9-b3fc-d3a2bbc7d23a,1,3012,Mountain Master All-Terrain Skis - 165cm,2,899.99,1799.98,0.0,157.5
691d3881-ef61-4666-a3d1-7e73f839830d,1,3032,Comfort Fit Recreational Boots,2,399.99,799.98,0.0,70.0
691d3881-ef61-4666-a3d1-7e73f839830d,2,3061,Professional Ski Helmet,2,199.99,399.98,0.0,35.0
691d3881-ef61-4666-a3d1-7e73f839830d,3,3032,Comfort Fit Recreational Boots,1,399.99,399.99,0.0,35.0
1525976c-dccf-49af-bb42-f57ee61b7410,1,3081,All-Temp Ski Wax Kit,2,79.99,159.98,0.0,14.0
1525976c-dccf-49af-bb42-f57ee61b7410,2,3082,Edge Tuning Tool Set,1,119.99,119.99,0.0,10.5
1525976c-dccf-49af-bb42-f57ee61b7410,3,3081,All-Temp Ski Wax Kit,1,79.99,79.99,0.0,7.0
1525976c-dccf-49af-bb42-f57ee61b7410,4,3081,All-Temp Ski Wax Kit,1,79.99,79.99,0.0,7.0
8884a52a-94a9-4875-a171-3dddf45f8b55,1,3052,Thermal Base Layer Set - Women's,1,149.99,149.99,0.0,13.12
8884a52a-94a9-4875-a171-3dddf45f8b55,2,3061,Professional Ski Helmet,1,199.99,199.99,0.0,17.5
8884a52a-94a9-4875-a171-3dddf45f8b55,3,3053,Waterproof Ski Pants,2,249.99,499.98,0.0,43.75
8884a52a-94a9-4875-a171-3dddf45f8b55,4,3053,Waterproof Ski Pants,2,249.99,499.98,0.0,43.75
d12b198d-a784-4927-9710-cbd45d140860,1,3081,All-Temp Ski Wax Kit,2,79.99,159.98,0.0,14.0
d12b198d-a784-4927-9710-cbd45d140860,2,3103,Snowboard Bindings - Pro,2,299.99,599.98,0.0,52.5
d12b198d-a784-4927-9710-cbd45d140860,3,3103,Snowboard Bindings - Pro,2,299.99,599.98,0.0,52.5
35799cd9-4047-4bdc-bc17-c850ed30bde0,1,3022,Backcountry Explorer XC Skis - 190cm,1,549.99,549.99,0.0,48.12
35799cd9-4047-4bdc-bc17-c850ed30bde0,2,3081,All-Temp Ski Wax Kit,1,79.99,79.99,0.0,7.0
270742e6-b54e-4f45-a685-fce100233190,1,3104,Ski Tuning Bench - Portable,2,189.99,379.98,0.0,33.25
270742e6-b54e-4f45-a685-fce100233190,2,3081,All-Temp Ski Wax Kit,2,79.99,159.98,0.0,14.0
afbfe940-22f0-4f4d-a184-df0813f4bbcc,1,3031,Pro Flex Racing Ski Boots,2,649.99,1299.98,0.0,113.75
afbfe940-22f0-4f4d-a184-df0813f4bbcc,2,3091,Freestyle Snowboard - 155cm,2,649.99,1299.98,0.0,113.75
afbfe940-22f0-4f4d-a184-df0813f4bbcc,3,3011,Alpine Pro Racing Skis - 170cm,2,1299.99,2599.98,0.0,227.5
afbfe940-22f0-4f4d-a184-df0813f4bbcc,4,3062,Anti-Fog Ski Goggles,2,129.99,259.98,0.0,22.75
a093da65-7c29-465c-a5fa-ab1d24c6ed9a,1,3051,Insulated Ski Jacket - Men's,2,299.99,599.98,0.0,52.5
a093da65-7c29-465c-a5fa-ab1d24c6ed9a,2,3103,Snowboard Bindings - Pro,1,299.99,299.99,0.0,26.25
a093da65-7c29-465c-a5fa-ab1d24c6ed9a,3,3092,All-Mountain Snowboard - 158cm,1,799.99,799.99,0.0,70.0
f261fdd2-e00f-41cb-98fa-0e77f0f610db,1,3021,Nordic Classic XC Skis - 185cm,2,349.99,699.98,0.0,61.25
f261fdd2-e00f-41cb-98fa-0e77f0f610db,2,3061,Professional Ski Helmet,1,199.99,199.99,0.0,17.5
2cadfe74-c253-4ec0-8405-9500f85e3bee,1,3102,Winter Hiking Boots - Waterproof,2,249.99,499.98,0.0,43.75
2cadfe74-c253-4ec0-8405-9500f85e3bee,2,3081,All-Temp Ski Wax Kit,1,79.99,79.99,0.0,7.0
2cadfe74-c253-4ec0-8405-9500f85e3bee,3,3021,Nordic Classic XC Skis - 185cm,1,349.99,349.99,0.0,30.62
a311228b-06a8-4787-ac62-bd339c63c2c1,1,3103,Snowboard Bindings - Pro,2,299.99,599.98,0.0,52.5
a311228b-06a8-4787-ac62-bd339c63c2c1,2,3081,All-Temp Ski Wax Kit,2,79.99,159.98,0.0,14.0
718fd028-df34-4681-b349-4ab84dbe58c4,1,3091,Freestyle Snowboard - 155cm,2,649.99,1299.98,0.0,113.75
718fd028-df34-4681-b349-4ab84dbe58c4,2,3031,Pro Flex Racing Ski Boots,2,649.99,1299.98,0.0,113.75
718fd028-df34-4681-b349-4ab84dbe58c4,3,3052,Thermal Base Layer Set - Women's,2,149.99,299.98,0.0,26.25
3c80940a-b2ad-470c-a90a-7e29db114f3b,1,3012,Mountain Master All-Terrain Skis - 165cm,1,899.99,899.99,0.0,78.75
93837057-f43c-4379-92fa-e8ac54ae30d3,1,3012,Mountain Master All-Terrain Skis - 165cm,2,899.99,1799.98,0.0,157.5
93837057-f43c-4379-92fa-e8ac54ae30d3,2,3052,Thermal Base Layer Set - Women's,1,149.99,149.99,0.0,13.12
93837057-f43c-4379-92fa-e8ac54ae30d3,3,3032,Comfort Fit Recreational Boots,2,399.99,799.98,0.0,70.0
9b4c4f95-7af1-4e74-9ee5-a4d8a6d7a414,1,3051,Insulated Ski Jacket - Men's,2,299.99,599.98,0.0,52.5
9b4c4f95-7af1-4e74-9ee5-a4d8a6d7a414,2,3104,Ski Tuning Bench - Portable,1,189.99,189.99,0.0,16.62
d14f1518-8415-4ca4-b2cc-e7ba59bdf316,1,3042,Aluminum All-Mountain Poles - 115cm,1,99.99,99.99,0.0,8.75
d14f1518-8415-4ca4-b2cc-e7ba59bdf316,2,3051,Insulated Ski Jacket - Men's,2,299.99,599.98,0.0,52.5
d14f1518-8415-4ca4-b2cc-e7ba59bdf316,3,3082,Edge Tuning Tool Set,2,119.99,239.98,0.0,21.0
d14f1518-8415-4ca4-b2cc-e7ba59bdf316,4,3031,Pro Flex Racing Ski Boots,1,649.99,649.99,0.0,56.87
f02a404f-fc9c-4ae7-9fc7-b3605bae454e,1,3012,Mountain Master All-Terrain Skis - 165cm,2,899.99,1799.98,0.0,157.5
4a470446-f780-4383-86eb-13d019f1beb0,1,3051,Insulated Ski Jacket - Men's,2,299.99,599.98,0.0,52.5
31877ee9-d56c-405e-b8c4-ec55956cbfee,1,3091,Freestyle Snowboard - 155cm,2,649.99,1299.98,0.0,113.75
31877ee9-d56c-405e-b8c4-ec55956cbfee,2,3103,Snowboard Bindings - Pro,1,299.99,299.99,0.0,26.25
390b7373-b73a-4344-af89-22d32dd3d075,1,3082,Edge Tuning Tool Set,2,119.99,239.98,0.0,21.0
390b7373-b73a-4344-af89-22d32dd3d075,2,3092,All-Mountain Snowboard - 158cm,1,799.99,799.99,0.0,70.0
2572439f-0c3a-4976-a28c-c4b51226c7ee,1,3051,Insulated Ski Jacket - Men's,1,299.99,299.99,0.0,26.25
2572439f-0c3a-4976-a28c-c4b51226c7ee,2,3061,Professional Ski Helmet,1,199.99,199.99,0.0,17.5
86c0399a-17da-4be2-9014-1c90277fa68f,1,3091,Freestyle Snowboard - 155cm,1,649.99,649.99,0.0,56.87
86c0399a-17da-4be2-9014-1c90277fa68f,2,3033,Women's Performance Ski Boots,2,579.99,1159.98,0.0,101.5
86c0399a-17da-4be2-9014-1c90277fa68f,3,3082,Edge Tuning Tool Set,1,119.99,119.99,0.0,10.5
86c0399a-17da-4be2-9014-1c90277fa68f,4,3101,Winter Boots - Insulated,2,159.99,319.98,0.0,28.0
5ed9a158-75c7-4bee-a5e7-b886a6b953f8,1,3052,Thermal Base Layer Set - Women's,1,149.99,149.99,0.0,13.12
5ed9a158-75c7-4bee-a5e7-b886a6b953f8,2,3031,Pro Flex Racing Ski Boots,1,649.99,649.99,0.0,56.87
5ed9a158-75c7-4bee-a5e7-b886a6b953f8,3,3041,Carbon Fiber Racing Poles - 120cm,2,179.99,359.98,0.0,31.5
5ed9a158-75c7-4bee-a5e7-b886a6b953f8,4,3082,Edge Tuning Tool Set,1,119.99,119.99,0.0,10.5
650155a1-a490-4e7f-b6cd-2b249d2c2d20,1,3011,Alpine Pro Racing Skis - 170cm,1,1299.99,1299.99,0.0,113.75
650155a1-a490-4e7f-b6cd-2b249d2c2d20,2,3013,Beginner's Choice Alpine Skis - 160cm,2,449.99,899.98,0.0,78.75
2a83e910-ac0c-4fb1-8073-480b886c973f,1,3061,Professional Ski Helmet,1,199.99,199.99,0.0,17.5
2a83e910-ac0c-4fb1-8073-480b886c973f,2,3082,Edge Tuning Tool Set,1,119.99,119.99,0.0,10.5
2a83e910-ac0c-4fb1-8073-480b886c973f,3,3033,Women's Performance Ski Boots,1,579.99,579.99,0.0,50.75
75512bc7-2077-4f44-9622-35efec236dd7,1,3031,Pro Flex Racing Ski Boots,2,649.99,1299.98,0.0,113.75
913ab09b-96cc-4241-99f5-81e83c47fcef,1,3013,Beginner's Choice Alpine Skis - 160cm,2,449.99,899.98,0.0,78.75
b763befc-bbfd-4727-ae37-6897a14cb07a,1,3031,Pro Flex Racing Ski Boots,2,649.99,1299.98,0.0,113.75
b763befc-bbfd-4727-ae37-6897a14cb07a,2,3033,Women's Performance Ski Boots,2,579.99,1159.98,0.0,101.5
b763befc-bbfd-4727-ae37-6897a14cb07a,3,3104,Ski Tuning Bench - Portable,1,189.99,189.99,0.0,16.62
b763befc-bbfd-4727-ae37-6897a14cb07a,4,3072,Hand Warmers - 10 Pack,1,14.99,14.99,0.0,1.31
63d5bab1-8a3c-4dd0-b29a-1d5706710c56,1,3081,All-Temp Ski Wax Kit,1,79.99,79.99,0.0,7.0
63d5bab1-8a3c-4dd0-b29a-1d5706710c56,2,3041,Carbon Fiber Racing Poles - 120cm,1,179.99,179.99,0.0,15.75
63d5bab1-8a3c-4dd0-b29a-1d5706710c56,3,3013,Beginner's Choice Alpine Skis - 160cm,1,449.99,449.99,0.0,39.37
294d31d8-6554-44fd-abc8-5a2fc58eda0f,1,3091,Freestyle Snowboard - 155cm,2,649.99,1299.98,0.0,113.75
6b7278dc-d10a-4f15-a942-d0daa35a1440,1,3081,All-Temp Ski Wax Kit,2,79.99,159.98,0.0,14.0
6b7278dc-d10a-4f15-a942-d0daa35a1440,2,3102,Winter Hiking Boots - Waterproof,1,249.99,249.99,0.0,21.87
b0b961c1-f11c-4f68-ade5-71b017b29c51,1,3013,Beginner's Choice Alpine Skis - 160cm,2,449.99,899.98,0.0,78.75
c40615b3-34d7-4893-8705-900815db35b2,1,3102,Winter Hiking Boots - Waterproof,1,249.99,249.99,0.0,21.87
c40615b3-34d7-4893-8705-900815db35b2,2,3033,Women's Performance Ski Boots,1,579.99,579.99,0.0,50.75
c40615b3-34d7-4893-8705-900815db35b2,3,3101,Winter Boots - Insulated,1,159.99,159.99,0.0,14.0
c40615b3-34d7-4893-8705-900815db35b2,4,3103,Snowboard Bindings - Pro,1,299.99,299.99,0.0,26.25
de370de3-cb54-4d7a-adef-148bd5aff335,1,3082,Edge Tuning Tool Set,2,119.99,239.98,0.0,21.0
de370de3-cb54-4d7a-adef-148bd5aff335,2,3091,Freestyle Snowboard - 155cm,1,649.99,649.99,0.0,56.87
3281c79f-90f6-4c00-907a-fa48ac546216,1,3011,Alpine Pro Racing Skis - 170cm,2,1299.99,2599.98,0.0,227.5
3281c79f-90f6-4c00-907a-fa48ac546216,2,3081,All-Temp Ski Wax Kit,1,79.99,79.99,0.0,7.0
3281c79f-90f6-4c00-907a-fa48ac546216,3,3012,Mountain Master All-Terrain Skis - 165cm,2,899.99,1799.98,0.0,157.5
3281c79f-90f6-4c00-907a-fa48ac546216,4,3012,Mountain Master All-Terrain Skis - 165cm,1,899.99,899.99,0.0,78.75
a8a80054-3208-4bd6-a139-b3b4ad3265f0,1,3032,Comfort Fit Recreational Boots,2,399.99,799.98,0.0,70.0
983daf2c-4fd7-4ad1-b9f9-1dce4950dbd3,1,3022,Backcountry Explorer XC Skis - 190cm,2,549.99,1099.98,0.0,96.25
9f1c39c0-45ef-43d3-9682-a89ed0f753d6,1,3082,Edge Tuning Tool Set,2,119.99,239.98,0.0,21.0
682f7044-6311-4a3d-b0dd-e18daa7350c6,1,3032,Comfort Fit Recreational Boots,1,399.99,399.99,0.0,35.0
6ae0c17e-5a06-4345-b241-8645d8bb1c78,1,3031,Pro Flex Racing Ski Boots,1,649.99,649.99,0.0,56.87
907b754e-aa1a-45e6-a348-14f8b25c4e50,1,3051,Insulated Ski Jacket - Men's,1,299.99,299.99,0.0,26.25
9dd91382-638f-49b6-b8b4-56143a2454bd,1,3053,Waterproof Ski Pants,2,249.99,499.98,0.0,43.75
9dd91382-638f-49b6-b8b4-56143a2454bd,2,3062,Anti-Fog Ski Goggles,1,129.99,129.99,0.0,11.37
ba6034a4-2e50-4a45-834f-344f88e3e246,1,3053,Waterproof Ski Pants,2,249.99,499.98,0.0,43.75
ba6034a4-2e50-4a45-834f-344f88e3e246,2,3091,Freestyle Snowboard - 155cm,2,649.99,1299.98,0.0,113.75
908650d0-4392-4203-be60-d73635939712,1,3012,Mountain Master All-Terrain Skis - 165cm,1,899.99,899.99,0.0,78.75
908650d0-4392-4203-be60-d73635939712,2,3101,Winter Boots - Insulated,2,159.99,319.98,0.0,28.0
908650d0-4392-4203-be60-d73635939712,3,3061,Professional Ski Helmet,1,199.99,199.99,0.0,17.5
ab62c3f4-6e85-4645-bc6d-0f21cfc18b6f,1,3032,Comfort Fit Recreational Boots,1,399.99,399.99,0.0,35.0
ab62c3f4-6e85-4645-bc6d-0f21cfc18b6f,2,3051,Insulated Ski Jacket - Men's,1,299.99,299.99,0.0,26.25
ab62c3f4-6e85-4645-bc6d-0f21cfc18b6f,3,3071,Ski Boot Bag - Premium,2,59.99,119.98,0.0,10.5
b00d9352-db07-44f0-a07d-f11358bf34e6,1,3081,All-Temp Ski Wax Kit,1,79.99,79.99,0.0,7.0
b00d9352-db07-44f0-a07d-f11358bf34e6,2,3081,All-Temp Ski Wax Kit,1,79.99,79.99,0.0,7.0
5e75e241-460a-48e1-aead-39208791ac9c,1,3061,Professional Ski Helmet,1,199.99,199.99,0.0,17.5
b5d61273-4b55-4e6f-8fc9-5a2096e76656,1,3031,Pro Flex Racing Ski Boots,1,649.99,649.99,0.0,56.87
b5d61273-4b55-4e6f-8fc9-5a2096e76656,2,3011,Alpine Pro Racing Skis - 170cm,2,1299.99,2599.98,0.0,227.5
b5d61273-4b55-4e6f-8fc9-5a2096e76656,3,3052,Thermal Base Layer Set - Women's,2,149.99,299.98,0.0,26.25
c8afd6c4-8d90-4cc5-82b2-14b275f885b2,1,3092,All-Mountain Snowboard - 158cm,2,799.99,1599.98,0.0,140.0
3be3d4f6-de47-46f9-9bac-0cdd06886609,1,3091,Freestyle Snowboard - 155cm,2,649.99,1299.98,0.0,113.75
8b57e7e0-8535-4bb0-acb5-81e8fb479c42,1,3061,Professional Ski Helmet,1,199.99,199.99,0.0,17.5
8b57e7e0-8535-4bb0-acb5-81e8fb479c42,2,3013,Beginner's Choice Alpine Skis - 160cm,2,449.99,899.98,0.0,78.75
8b57e7e0-8535-4bb0-acb5-81e8fb479c42,3,3104,Ski Tuning Bench - Portable,2,189.99,379.98,0.0,33.25
8b57e7e0-8535-4bb0-acb5-81e8fb479c42,4,3053,Waterproof Ski Pants,1,249.99,249.99,0.0,21.87
697f51cb-a4e8-4f5d-b378-4390a9957878,1,3053,Waterproof Ski Pants,1,249.99,249.99,0.0,21.87
697f51cb-a4e8-4f5d-b378-4390a9957878,2,3052,Thermal Base Layer Set - Women's,1,149.99,149.99,0.0,13.12
f734edda-42e4-4543-b754-8f3762beed0d,1,3012,Mountain Master All-Terrain Skis - 165cm,1,899.99,899.99,0.0,78.75
f734edda-42e4-4543-b754-8f3762beed0d,2,3082,Edge Tuning Tool Set,1,119.99,119.99,0.0,10.5
f734edda-42e4-4543-b754-8f3762beed0d,3,3033,Women's Performance Ski Boots,2,579.99,1159.98,0.0,101.5
f734edda-42e4-4543-b754-8f3762beed0d,4,3104,Ski Tuning Bench - Portable,1,189.99,189.99,0.0,16.62
457794d0-d408-4bb3-9f6a-42f98a350476,1,3011,Alpine Pro Racing Skis - 170cm,2,1299.99,2599.98,0.0,227.5
457794d0-d408-4bb3-9f6a-42f98a350476,2,3041,Carbon Fiber Racing Poles - 120cm,2,179.99,359.98,0.0,31.5
6007788e-9b36-4571-9ef5-1dfeab3a55fe,1,3013,Beginner's Choice Alpine Skis - 160cm,1,449.99,449.99,0.0,39.37
06273515-323c-4d77-90cd-6a75ed9de872,1,3104,Ski Tuning Bench - Portable,2,189.99,379.98,0.0,33.25
06273515-323c-4d77-90cd-6a75ed9de872,2,3091,Freestyle Snowboard - 155cm,2,649.99,1299.98,0.0,113.75
06273515-323c-4d77-90cd-6a75ed9de872,3,3032,Comfort Fit Recreational Boots,1,399.99,399.99,0.0,35.0
06273515-323c-4d77-90cd-6a75ed9de872,4,3092,All-Mountain Snowboard - 158cm,1,799.99,799.99,0.0,70.0
f4669116-64a4-4589-9a4f-3ca3427efca6,1,3062,Anti-Fog Ski Goggles,1,129.99,129.99,0.0,11.37
f4669116-64a4-4589-9a4f-3ca3427efca6,2,3062,Anti-Fog Ski Goggles,2,129.99,259.98,0.0,22.75
f4669116-64a4-4589-9a4f-3ca3427efca6,3,3031,Pro Flex Racing Ski Boots,2,649.99,1299.98,0.0,113.75
f4669116-64a4-4589-9a4f-3ca3427efca6,4,3022,Backcountry Explorer XC Skis - 190cm,2,549.99,1099.98,0.0,96.25
ebca0e3d-f5f1-4327-bfbd-60a991afff0a,1,3042,Aluminum All-Mountain Poles - 115cm,1,99.99,99.99,0.0,8.75
ebca0e3d-f5f1-4327-bfbd-60a991afff0a,2,3011,Alpine Pro Racing Skis - 170cm,2,1299.99,2599.98,0.0,227.5
fb374a67-c394-4e51-add3-399c3827aab0,1,3081,All-Temp Ski Wax Kit,1,79.99,79.99,0.0,7.0
fb374a67-c394-4e51-add3-399c3827aab0,2,3091,Freestyle Snowboard - 155cm,2,649.99,1299.98,0.0,113.75
fb374a67-c394-4e51-add3-399c3827aab0,3,3022,Backcountry Explorer XC Skis - 190cm,1,549.99,549.99,0.0,48.12
01485061-c530-4f25-a3ae-b386fd4ae09a,1,3011,Alpine Pro Racing Skis - 170cm,1,1299.99,1299.99,0.0,113.75
2ad7afd5-799d-48c0-8130-686d92a8610a,1,3053,Waterproof Ski Pants,2,249.99,499.98,0.0,43.75
2ad7afd5-799d-48c0-8130-686d92a8610a,2,3012,Mountain Master All-Terrain Skis - 165cm,2,899.99,1799.98,0.0,157.5
2ad7afd5-799d-48c0-8130-686d92a8610a,3,3053,Waterproof Ski Pants,1,249.99,249.99,0.0,21.87
9bc130c8-bc12-4fec-af48-513fc0ab6e87,1,3032,Comfort Fit Recreational Boots,2,399.99,799.98,0.0,70.0
9bc130c8-bc12-4fec-af48-513fc0ab6e87,2,3021,Nordic Classic XC Skis - 185cm,2,349.99,699.98,0.0,61.25
9bc130c8-bc12-4fec-af48-513fc0ab6e87,3,3012,Mountain Master All-Terrain Skis - 165cm,1,899.99,899.99,0.0,78.75
75438836-80df-4943-a35d-3311d7a1e685,1,3082,Edge Tuning Tool Set,2,119.99,239.98,0.0,21.0
75438836-80df-4943-a35d-3311d7a1e685,2,3104,Ski Tuning Bench - Portable,2,189.99,379.98,0.0,33.25
75438836-80df-4943-a35d-3311d7a1e685,3,3082,Edge Tuning Tool Set,2,119.99,239.98,0.0,21.0
75438836-80df-4943-a35d-3311d7a1e685,4,3091,Freestyle Snowboard - 155cm,2,649.99,1299.98,0.0,113.75
bac762a6-5dbc-4504-b996-0122b009f50a,1,3091,Freestyle Snowboard - 155cm,2,649.99,1299.98,0.0,113.75
bac762a6-5dbc-4504-b996-0122b009f50a,2,3091,Freestyle Snowboard - 155cm,2,649.99,1299.98,0.0,113.75
bac762a6-5dbc-4504-b996-0122b009f50a,3,3104,Ski Tuning Bench - Portable,1,189.99,189.99,0.0,16.62
bac762a6-5dbc-4504-b996-0122b009f50a,4,3104,Ski Tuning Bench - Portable,1,189.99,189.99,0.0,16.62
5053ef1f-86c7-4e6f-95ed-d5cfacedd13b,1,3092,All-Mountain Snowboard - 158cm,2,799.99,1599.98,0.0,140.0
e8f41962-5739-4794-9a46-251fbae86e38,1,3053,Waterproof Ski Pants,1,249.99,249.99,0.0,21.87
e8f41962-5739-4794-9a46-251fbae86e38,2,3032,Comfort Fit Recreational Boots,1,399.99,399.99,0.0,35.0
e8f41962-5739-4794-9a46-251fbae86e38,3,3011,Alpine Pro Racing Skis - 170cm,1,1299.99,1299.99,0.0,113.75
c5a05b84-d188-4ef8-bbdb-f2f9acad8011,1,3081,All-Temp Ski Wax Kit,1,79.99,79.99,0.0,7.0
b5d1d4e8-8301-40d6-85aa-6c35d5ae7836,1,3103,Snowboard Bindings - Pro,2,299.99,599.98,0.0,52.5
b5d1d4e8-8301-40d6-85aa-6c35d5ae7836,2,3062,Anti-Fog Ski Goggles,2,129.99,259.98,0.0,22.75
f9daabfa-a09b-4d31-8065-780b81aa7bda,1,3031,Pro Flex Racing Ski Boots,1,649.99,649.99,0.0,56.87
f9daabfa-a09b-4d31-8065-780b81aa7bda,2,3012,Mountain Master All-Terrain Skis - 165cm,2,899.99,1799.98,0.0,157.5
f9daabfa-a09b-4d31-8065-780b81aa7bda,3,3013,Beginner's Choice Alpine Skis - 160cm,2,449.99,899.98,0.0,78.75
f9daabfa-a09b-4d31-8065-780b81aa7bda,4,3053,Waterproof Ski Pants,1,249.99,249.99,0.0,21.87
938e5baa-bfd3-4123-a26a-1a1cb871e679,1,3071,Ski Boot Bag - Premium,2,59.99,119.98,0.0,10.5
938e5baa-bfd3-4123-a26a-1a1cb871e679,2,3022,Backcountry Explorer XC Skis - 190cm,2,549.99,1099.98,0.0,96.25
938e5baa-bfd3-4123-a26a-1a1cb871e679,3,3061,Professional Ski Helmet,1,199.99,199.99,0.0,17.5
bdf6b559-84bc-40b7-9a6f-0e55b888a4d4,1,3052,Thermal Base Layer Set - Women's,1,149.99,149.99,0.0,13.12
bdf6b559-84bc-40b7-9a6f-0e55b888a4d4,2,3082,Edge Tuning Tool Set,2,119.99,239.98,0.0,21.0
9022fb2e-6f30-41fa-a869-a9ffbb7229f5,1,3061,Professional Ski Helmet,2,199.99,399.98,0.0,35.0
9022fb2e-6f30-41fa-a869-a9ffbb7229f5,2,3012,Mountain Master All-Terrain Skis - 165cm,2,899.99,1799.98,0.0,157.5
9022fb2e-6f30-41fa-a869-a9ffbb7229f5,3,3032,Comfort Fit Recreational Boots,2,399.99,799.98,0.0,70.0
9022fb2e-6f30-41fa-a869-a9ffbb7229f5,4,3031,Pro Flex Racing Ski Boots,1,649.99,649.99,0.0,56.87
1e2beb2e-7b59-4217-9026-54efd780d4d1,1,3032,Comfort Fit Recreational Boots,1,399.99,399.99,0.0,35.0
1e2beb2e-7b59-4217-9026-54efd780d4d1,2,3012,Mountain Master All-Terrain Skis - 165cm,2,899.99,1799.98,0.0,157.5
1e2beb2e-7b59-4217-9026-54efd780d4d1,3,3052,Thermal Base Layer Set - Women's,1,149.99,149.99,0.0,13.12
29ba540a-c124-48ff-ae18-4903d90d4237,1,3042,Aluminum All-Mountain Poles - 115cm,1,99.99,99.99,0.0,8.75
29ba540a-c124-48ff-ae18-4903d90d4237,2,3021,Nordic Classic XC Skis - 185cm,2,349.99,699.98,0.0,61.25
29ba540a-c124-48ff-ae18-4903d90d4237,3,3011,Alpine Pro Racing Skis - 170cm,2,1299.99,2599.98,0.0,227.5
cfd9fbb5-c9a0-40e5-8386-95ac52f0655c,1,3092,All-Mountain Snowboard - 158cm,1,799.99,799.99,0.0,70.0
97f4f170-1c6a-49e0-87e5-2b5955316d1a,1,3062,Anti-Fog Ski Goggles,2,129.99,259.98,0.0,22.75
97f4f170-1c6a-49e0-87e5-2b5955316d1a,2,3071,Ski Boot Bag - Premium,1,59.99,59.99,0.0,5.25
713d963f-2be3-45a5-b7af-3e2b305fbe24,1,3082,Edge Tuning Tool Set,1,119.99,119.99,0.0,10.5
713d963f-2be3-45a5-b7af-3e2b305fbe24,2,3051,Insulated Ski Jacket - Men's,2,299.99,599.98,0.0,52.5
950cfda5-3bf2-4ba0-bec1-ca8ad8519ca0,1,3104,Ski Tuning Bench - Portable,2,189.99,379.98,0.0,33.25
950cfda5-3bf2-4ba0-bec1-ca8ad8519ca0,2,3071,Ski Boot Bag - Premium,2,59.99,119.98,0.0,10.5
950cfda5-3bf2-4ba0-bec1-ca8ad8519ca0,3,3031,Pro Flex Racing Ski Boots,2,649.99,1299.98,0.0,113.75
950cfda5-3bf2-4ba0-bec1-ca8ad8519ca0,4,3101,Winter Boots - Insulated,2,159.99,319.98,0.0,28.0
27eac943-90f4-4045-a61f-fccb06e8f839,1,3022,Backcountry Explorer XC Skis - 190cm,1,549.99,549.99,0.0,48.12
32583048-dcca-41e2-8e0c-898e4ae1f39a,1,3104,Ski Tuning Bench - Portable,2,189.99,379.98,0.0,33.25
0a2c5de3-0cd1-4cc3-b3ac-c5e9f7b9c90b,1,3091,Freestyle Snowboard - 155cm,1,649.99,649.99,0.0,56.87
9a7b214f-1a95-4972-9116-6e1fd14d1d07,1,3051,Insulated Ski Jacket - Men's,2,299.99,599.98,0.0,52.5
9a7b214f-1a95-4972-9116-6e1fd14d1d07,2,3011,Alpine Pro Racing Skis - 170cm,1,1299.99,1299.99,0.0,113.75
9a7b214f-1a95-4972-9116-6e1fd14d1d07,3,3013,Beginner's Choice Alpine Skis - 160cm,1,449.99,449.99,0.0,39.37
613b3618-affe-441a-a86a-d4cf8b7604ed,1,3033,Women's Performance Ski Boots,1,579.99,579.99,0.0,50.75
613b3618-affe-441a-a86a-d4cf8b7604ed,2,3022,Backcountry Explorer XC Skis - 190cm,2,549.99,1099.98,0.0,96.25
613b3618-affe-441a-a86a-d4cf8b7604ed,3,3011,Alpine Pro Racing Skis - 170cm,2,1299.99,2599.98,0.0,227.5
3052b450-4c88-4208-877a-4f96ee0f3737,1,3041,Carbon Fiber Racing Poles - 120cm,1,179.99,179.99,0.0,15.75
3052b450-4c88-4208-877a-4f96ee0f3737,2,3102,Winter Hiking Boots - Waterproof,2,249.99,499.98,0.0,43.75
3052b450-4c88-4208-877a-4f96ee0f3737,3,3092,All-Mountain Snowboard - 158cm,2,799.99,1599.98,0.0,140.0
3052b450-4c88-4208-877a-4f96ee0f3737,4,3104,Ski Tuning Bench - Portable,1,189.99,189.99,0.0,16.62
7f87611d-ac80-4e6f-b21b-ba97dd19c4b5,1,3082,Edge Tuning Tool Set,2,119.99,239.98,0.0,21.0
64ff697e-041b-458e-8eb1-8f89f14f54ad,1,3092,All-Mountain Snowboard - 158cm,2,799.99,1599.98,0.0,140.0
c101d64d-0789-4d45-a381-407769fc80b0,1,3042,Aluminum All-Mountain Poles - 115cm,1,99.99,99.99,0.0,8.75
c101d64d-0789-4d45-a381-407769fc80b0,2,3033,Women's Performance Ski Boots,1,579.99,579.99,0.0,50.75
c101d64d-0789-4d45-a381-407769fc80b0,3,3042,Aluminum All-Mountain Poles - 115cm,1,99.99,99.99,0.0,8.75
c101d64d-0789-4d45-a381-407769fc80b0,4,3022,Backcountry Explorer XC Skis - 190cm,1,549.99,549.99,0.0,48.12
e65473fc-2366-4faf-89ea-1f445bb2d40f,1,3031,Pro Flex Racing Ski Boots,1,649.99,649.99,0.0,56.87
e65473fc-2366-4faf-89ea-1f445bb2d40f,2,3052,Thermal Base Layer Set - Women's,1,149.99,149.99,0.0,13.12
adebb2b1-1f22-4d8b-9ccb-d7ce6052d448,1,3092,All-Mountain Snowboard - 158cm,1,799.99,799.99,0.0,70.0
adebb2b1-1f22-4d8b-9ccb-d7ce6052d448,2,3104,Ski Tuning Bench - Portable,2,189.99,379.98,0.0,33.25
39310671-cea4-4153-be59-017214da799c,1,3022,Backcountry Explorer XC Skis - 190cm,1,549.99,549.99,0.0,48.12
39310671-cea4-4153-be59-017214da799c,2,3053,Waterproof Ski Pants,2,249.99,499.98,0.0,43.75
39310671-cea4-4153-be59-017214da799c,3,3012,Mountain Master All-Terrain Skis - 165cm,1,899.99,899.99,0.0,78.75
36bec61e-8ab4-418d-8985-9d334f97ba66,1,3053,Waterproof Ski Pants,2,249.99,499.98,0.0,43.75
36bec61e-8ab4-418d-8985-9d334f97ba66,2,3033,Women's Performance Ski Boots,1,579.99,579.99,0.0,50.75
36bec61e-8ab4-418d-8985-9d334f97ba66,3,3031,Pro Flex Racing Ski Boots,2,649.99,1299.98,0.0,113.75
27b3b55f-b270-4b20-9370-4d86748abddb,1,3103,Snowboard Bindings - Pro,1,299.99,299.99,0.0,26.25
27b3b55f-b270-4b20-9370-4d86748abddb,2,3091,Freestyle Snowboard - 155cm,1,649.99,649.99,0.0,56.87
27b3b55f-b270-4b20-9370-4d86748abddb,3,3072,Hand Warmers - 10 Pack,2,14.99,29.98,0.0,2.62
27b3b55f-b270-4b20-9370-4d86748abddb,4,3104,Ski Tuning Bench - Portable,2,189.99,379.98,0.0,33.25
ce8e51d9-089c-4ae9-afee-4246cc648f45,1,3101,Winter Boots - Insulated,2,159.99,319.98,0.0,28.0
ce8e51d9-089c-4ae9-afee-4246cc648f45,2,3053,Waterproof Ski Pants,1,249.99,249.99,0.0,21.87
873c06ba-269b-4723-b549-968b437d63dd,1,3013,Beginner's Choice Alpine Skis - 160cm,2,449.99,899.98,0.0,78.75
873c06ba-269b-4723-b549-968b437d63dd,2,3071,Ski Boot Bag - Premium,2,59.99,119.98,0.0,10.5
873c06ba-269b-4723-b549-968b437d63dd,3,3011,Alpine Pro Racing Skis - 170cm,2,1299.99,2599.98,0.0,227.5
873c06ba-269b-4723-b549-968b437d63dd,4,3033,Women's Performance Ski Boots,1,579.99,579.99,0.0,50.75
2007d1da-8ff3-453f-8dcb-8c1968164092,1,3052,Thermal Base Layer Set - Women's,1,149.99,149.99,0.0,13.12
2007d1da-8ff3-453f-8dcb-8c1968164092,2,3051,Insulated Ski Jacket - Men's,2,299.99,599.98,0.0,52.5
2007d1da-8ff3-453f-8dcb-8c1968164092,3,3032,Comfort Fit Recreational Boots,2,399.99,799.98,0.0,70.0
e6aefd74-5a0b-4080-a0c6-0150ceb8c430,1,3081,All-Temp Ski Wax Kit,1,79.99,79.99,0.0,7.0
e6aefd74-5a0b-4080-a0c6-0150ceb8c430,2,3082,Edge Tuning Tool Set,1,119.99,119.99,0.0,10.5
e6aefd74-5a0b-4080-a0c6-0150ceb8c430,3,3072,Hand Warmers - 10 Pack,1,14.99,14.99,0.0,1.31
e6aefd74-5a0b-4080-a0c6-0150ceb8c430,4,3081,All-Temp Ski Wax Kit,2,79.99,159.98,0.0,14.0
d56e4593-5cb8-44a5-bc2f-a14ebc557455,1,3033,Women's Performance Ski Boots,2,579.99,1159.98,0.0,101.5
d56e4593-5cb8-44a5-bc2f-a14ebc557455,2,3011,Alpine Pro Racing Skis - 170cm,2,1299.99,2599.98,0.0,227.5
d56e4593-5cb8-44a5-bc2f-a14ebc557455,3,3013,Beginner's Choice Alpine Skis - 160cm,1,449.99,449.99,0.0,39.37
407275f9-29d6-43c2-9ec6-30542d019e47,1,3061,Professional Ski Helmet,1,199.99,199.99,0.0,17.5
407275f9-29d6-43c2-9ec6-30542d019e47,2,3103,Snowboard Bindings - Pro,2,299.99,599.98,0.0,52.5
35096f19-5f68-4175-ba5e-0cf4066f3546,1,3082,Edge Tuning Tool Set,2,119.99,239.98,0.0,21.0
35096f19-5f68-4175-ba5e-0cf4066f3546,2,3092,All-Mountain Snowboard - 158cm,2,799.99,1599.98,0.0,140.0
35096f19-5f68-4175-ba5e-0cf4066f3546,3,3082,Edge Tuning Tool Set,1,119.99,119.99,0.0,10.5
704bc48c-a7f7-4e48-bbb3-e356ff458420,1,3101,Winter Boots - Insulated,1,159.99,159.99,0.0,14.0
397b968c-b9c5-407d-b666-4c2ec132fea6,1,3053,Waterproof Ski Pants,2,249.99,499.98,0.0,43.75
a9c39c28-abfe-43c8-933e-cdf3fb6c72ca,1,3011,Alpine Pro Racing Skis - 170cm,2,1299.99,2599.98,0.0,227.5
a9c39c28-abfe-43c8-933e-cdf3fb6c72ca,2,3013,Beginner's Choice Alpine Skis - 160cm,1,449.99,449.99,0.0,39.37
a9c39c28-abfe-43c8-933e-cdf3fb6c72ca,3,3013,Beginner's Choice Alpine Skis - 160cm,1,449.99,449.99,0.0,39.37
a9c39c28-abfe-43c8-933e-cdf3fb6c72ca,4,3053,Waterproof Ski Pants,2,249.99,499.98,0.0,43.75
8a195d75-b148-409b-9d99-f939dbd16499,1,3011,Alpine Pro Racing Skis - 170cm,1,1299.99,1299.99,0.0,113.75
8a195d75-b148-409b-9d99-f939dbd16499,2,3032,Comfort Fit Recreational Boots,2,399.99,799.98,0.0,70.0
2041695d-5ee9-4773-901e-c371a7bf9688,1,3013,Beginner's Choice Alpine Skis - 160cm,1,449.99,449.99,0.0,39.37
2041695d-5ee9-4773-901e-c371a7bf9688,2,3051,Insulated Ski Jacket - Men's,1,299.99,299.99,0.0,26.25
96b3bf84-be06-4176-8eaf-e1f71d158923,1,3013,Beginner's Choice Alpine Skis - 160cm,2,449.99,899.98,0.0,78.75
96b3bf84-be06-4176-8eaf-e1f71d158923,2,3042,Aluminum All-Mountain Poles - 115cm,1,99.99,99.99,0.0,8.75
7522af77-d55e-4903-8f7d-41d6c0502bc1,1,3032,Comfort Fit Recreational Boots,1,399.99,399.99,0.0,35.0
7522af77-d55e-4903-8f7d-41d6c0502bc1,2,3071,Ski Boot Bag - Premium,2,59.99,119.98,0.0,10.5
7522af77-d55e-4903-8f7d-41d6c0502bc1,3,3042,Aluminum All-Mountain Poles - 115cm,1,99.99,99.99,0.0,8.75
889035c3-4d1e-4c88-83d9-d17072042b0a,1,3022,Backcountry Explorer XC Skis - 190cm,1,549.99,549.99,0.0,48.12
889035c3-4d1e-4c88-83d9-d17072042b0a,2,3062,Anti-Fog Ski Goggles,1,129.99,129.99,0.0,11.37
889035c3-4d1e-4c88-83d9-d17072042b0a,3,3061,Professional Ski Helmet,2,199.99,399.98,0.0,35.0
889035c3-4d1e-4c88-83d9-d17072042b0a,4,3012,Mountain Master All-Terrain Skis - 165cm,2,899.99,1799.98,0.0,157.5
5cd6478b-d11f-420c-8c68-607f363e7727,1,3021,Nordic Classic XC Skis - 185cm,1,349.99,349.99,0.0,30.62
5cd6478b-d11f-420c-8c68-607f363e7727,2,3051,Insulated Ski Jacket - Men's,1,299.99,299.99,0.0,26.25
e8ae6863-1fb7-4377-a152-e2ed9fb7b19b,1,3021,Nordic Classic XC Skis - 185cm,1,349.99,349.99,0.0,30.62
e8ae6863-1fb7-4377-a152-e2ed9fb7b19b,2,3104,Ski Tuning Bench - Portable,2,189.99,379.98,0.0,33.25
448238e5-d9a4-4659-bbff-3e46fd9abdde,1,3082,Edge Tuning Tool Set,1,119.99,119.99,0.0,10.5
d338ceb1-9bea-4d0e-b907-28bac26eb17c,1,3051,Insulated Ski Jacket - Men's,2,299.99,599.98,0.0,52.5
d338ceb1-9bea-4d0e-b907-28bac26eb17c,2,3042,Aluminum All-Mountain Poles - 115cm,2,99.99,199.98,0.0,17.5
d338ceb1-9bea-4d0e-b907-28bac26eb17c,3,3032,Comfort Fit Recreational Boots,2,399.99,799.98,0.0,70.0
d338ceb1-9bea-4d0e-b907-28bac26eb17c,4,3011,Alpine Pro Racing Skis - 170cm,1,1299.99,1299.99,0.0,113.75
24a6d998-5306-4039-a2ef-5a1a841c20a5,1,3051,Insulated Ski Jacket - Men's,2,299.99,599.98,0.0,52.5
39ff68e2-9abf-4630-a0b4-f24f7a30104e,1,3062,Anti-Fog Ski Goggles,1,129.99,129.99,0.0,11.37
39ff68e2-9abf-4630-a0b4-f24f7a30104e,2,3071,Ski Boot Bag - Premium,1,59.99,59.99,0.0,5.25
39ff68e2-9abf-4630-a0b4-f24f7a30104e,3,3051,Insulated Ski Jacket - Men's,1,299.99,299.99,0.0,26.25
39ff68e2-9abf-4630-a0b4-f24f7a30104e,4,3012,Mountain Master All-Terrain Skis - 165cm,2,899.99,1799.98,0.0,157.5
c307ceac-deca-48e7-be8c-18076e99cb7c,1,3011,Alpine Pro Racing Skis - 170cm,2,1299.99,2599.98,0.0,227.5
c307ceac-deca-48e7-be8c-18076e99cb7c,2,3042,Aluminum All-Mountain Poles - 115cm,1,99.99,99.99,0.0,8.75
3c487bb7-8d58-4725-ad7b-81786982bc2b,1,3104,Ski Tuning Bench - Portable,2,189.99,379.98,0.0,33.25
3c487bb7-8d58-4725-ad7b-81786982bc2b,2,3061,Professional Ski Helmet,2,199.99,399.98,0.0,35.0
3c487bb7-8d58-4725-ad7b-81786982bc2b,3,3082,Edge Tuning Tool Set,1,119.99,119.99,0.0,10.5
5167f0c3-3e11-4e4a-a8cf-0f1e02c28533,1,3104,Ski Tuning Bench - Portable,1,189.99,189.99,0.0,16.62
5167f0c3-3e11-4e4a-a8cf-0f1e02c28533,2,3081,All-Temp Ski Wax Kit,2,79.99,159.98,0.0,14.0
c5f98884-f29f-4e72-9159-a27a6749abd4,1,3033,Women's Performance Ski Boots,2,579.99,1159.98,0.0,101.5
7994c181-58b4-4dde-80a6-fdaff96b0b96,1,3041,Carbon Fiber Racing Poles - 120cm,2,179.99,359.98,0.0,31.5
4f7392b1-1ed7-4d26-89f0-cf8678792d31,1,3031,Pro Flex Racing Ski Boots,2,649.99,1299.98,0.0,113.75
4f7392b1-1ed7-4d26-89f0-cf8678792d31,2,3082,Edge Tuning Tool Set,1,119.99,119.99,0.0,10.5
4f7392b1-1ed7-4d26-89f0-cf8678792d31,3,3104,Ski Tuning Bench - Portable,1,189.99,189.99,0.0,16.62
5336e8cc-9e71-4869-860d-bbfe7837d182,1,3031,Pro Flex Racing Ski Boots,1,649.99,649.99,0.0,56.87
3c5fd4b6-1f2b-411e-826d-f4af5de73c2e,1,3032,Comfort Fit Recreational Boots,1,399.99,399.99,0.0,35.0
2265931e-5763-4d9e-b5d3-26cf68676703,1,3051,Insulated Ski Jacket - Men's,1,299.99,299.99,0.0,26.25
7d1092f9-81ef-4e4a-8d71-48a6e02bb201,1,3053,Waterproof Ski Pants,1,249.99,249.99,0.0,21.87
7d1092f9-81ef-4e4a-8d71-48a6e02bb201,2,3062,Anti-Fog Ski Goggles,1,129.99,129.99,0.0,11.37
14b729a0-058b-48ce-a0a2-8cfda1ebbb70,1,3104,Ski Tuning Bench - Portable,2,189.99,379.98,0.0,33.25
14b729a0-058b-48ce-a0a2-8cfda1ebbb70,2,3082,Edge Tuning Tool Set,2,119.99,239.98,0.0,21.0
14b729a0-058b-48ce-a0a2-8cfda1ebbb70,3,3012,Mountain Master All-Terrain Skis - 165cm,1,899.99,899.99,0.0,78.75
14b729a0-058b-48ce-a0a2-8cfda1ebbb70,4,3104,Ski Tuning Bench - Portable,2,189.99,379.98,0.0,33.25
e972bcdc-d17d-4692-8568-dc1ad39526d6,1,3012,Mountain Master All-Terrain Skis - 165cm,1,899.99,899.99,0.0,78.75
e972bcdc-d17d-4692-8568-dc1ad39526d6,2,3041,Carbon Fiber Racing Poles - 120cm,2,179.99,359.98,0.0,31.5
e972bcdc-d17d-4692-8568-dc1ad39526d6,3,3052,Thermal Base Layer Set - Women's,1,149.99,149.99,0.0,13.12
b3704a07-af22-4d5f-b005-ebf86ad83777,1,3031,Pro Flex Racing Ski Boots,2,649.99,1299.98,0.0,113.75
b3704a07-af22-4d5f-b005-ebf86ad83777,2,3041,Carbon Fiber Racing Poles - 120cm,2,179.99,359.98,0.0,31.5
b3704a07-af22-4d5f-b005-ebf86ad83777,3,3013,Beginner's Choice Alpine Skis - 160cm,1,449.99,449.99,0.0,39.37
a319ef71-dcec-4051-8a26-62fe9912ff5a,1,3104,Ski Tuning Bench - Portable,1,189.99,189.99,0.0,16.62
a319ef71-dcec-4051-8a26-62fe9912ff5a,2,3032,Comfort Fit Recreational Boots,2,399.99,799.98,0.0,70.0
679e78d8-a535-403d-a228-ca7a3d200dba,1,3032,Comfort Fit Recreational Boots,1,399.99,399.99,0.0,35.0
679e78d8-a535-403d-a228-ca7a3d200dba,2,3033,Women's Performance Ski Boots,1,579.99,579.99,0.0,50.75
679e78d8-a535-403d-a228-ca7a3d200dba,3,3051,Insulated Ski Jacket - Men's,1,299.99,299.99,0.0,26.25
6b88f06c-e178-4b10-ba51-602687c39d3f,1,3021,Nordic Classic XC Skis - 185cm,2,349.99,699.98,0.0,61.25
6b88f06c-e178-4b10-ba51-602687c39d3f,2,3013,Beginner's Choice Alpine Skis - 160cm,1,449.99,449.99,0.0,39.37
6b88f06c-e178-4b10-ba51-602687c39d3f,3,3062,Anti-Fog Ski Goggles,2,129.99,259.98,0.0,22.75
54736d03-6992-47ad-88e1-6e7ddd3edd77,1,3051,Insulated Ski Jacket - Men's,1,299.99,299.99,0.0,26.25
54736d03-6992-47ad-88e1-6e7ddd3edd77,2,3032,Comfort Fit Recreational Boots,2,399.99,799.98,0.0,70.0
54736d03-6992-47ad-88e1-6e7ddd3edd77,3,3021,Nordic Classic XC Skis - 185cm,2,349.99,699.98,0.0,61.25
54736d03-6992-47ad-88e1-6e7ddd3edd77,4,3042,Aluminum All-Mountain Poles - 115cm,2,99.99,199.98,0.0,17.5
09b54ff1-c6a9-4476-8fb7-e5ae61a41314,1,3012,Mountain Master All-Terrain Skis - 165cm,1,899.99,899.99,0.0,78.75
09b54ff1-c6a9-4476-8fb7-e5ae61a41314,2,3031,Pro Flex Racing Ski Boots,1,649.99,649.99,0.0,56.87
09b54ff1-c6a9-4476-8fb7-e5ae61a41314,3,3032,Comfort Fit Recreational Boots,1,399.99,399.99,0.0,35.0
09b54ff1-c6a9-4476-8fb7-e5ae61a41314,4,3052,Thermal Base Layer Set - Women's,2,149.99,299.98,0.0,26.25
4252793f-b425-473d-beea-8c0d936ed948,1,3033,Women's Performance Ski Boots,2,579.99,1159.98,0.0,101.5
4252793f-b425-473d-beea-8c0d936ed948,2,3051,Insulated Ski Jacket - Men's,1,299.99,299.99,0.0,26.25
4252793f-b425-473d-beea-8c0d936ed948,3,3012,Mountain Master All-Terrain Skis - 165cm,1,899.99,899.99,0.0,78.75
4252793f-b425-473d-beea-8c0d936ed948,4,3101,Winter Boots - Insulated,2,159.99,319.98,0.0,28.0
3b3477ba-b7b7-4875-997a-5a8922851c1d,1,3104,Ski Tuning Bench - Portable,2,189.99,379.98,0.0,33.25
7a39951e-fdad-4827-9004-902254e9f4d4,1,3082,Edge Tuning Tool Set,1,119.99,119.99,0.0,10.5
6e959dfe-85e8-4c27-aadb-c3a4377b8e56,1,3011,Alpine Pro Racing Skis - 170cm,2,1299.99,2599.98,0.0,227.5
a6f01c9e-2c0b-437a-a651-1b6852575420,1,3053,Waterproof Ski Pants,1,249.99,249.99,0.0,21.87
a6f01c9e-2c0b-437a-a651-1b6852575420,2,3011,Alpine Pro Racing Skis - 170cm,1,1299.99,1299.99,0.0,113.75
dab094c3-b662-490f-9a10-215874a90041,1,3091,Freestyle Snowboard - 155cm,2,649.99,1299.98,0.0,113.75
dab094c3-b662-490f-9a10-215874a90041,2,3082,Edge Tuning Tool Set,2,119.99,239.98,0.0,21.0
dab094c3-b662-490f-9a10-215874a90041,3,3071,Ski Boot Bag - Premium,2,59.99,119.98,0.0,10.5
dab094c3-b662-490f-9a10-215874a90041,4,3013,Beginner's Choice Alpine Skis - 160cm,1,449.99,449.99,0.0,39.37
83b98c7a-55e0-4c5b-b2c4-62756c2108ee,1,3012,Mountain Master All-Terrain Skis - 165cm,2,899.99,1799.98,0.0,157.5
83b98c7a-55e0-4c5b-b2c4-62756c2108ee,2,3052,Thermal Base Layer Set - Women's,1,149.99,149.99,0.0,13.12
83b98c7a-55e0-4c5b-b2c4-62756c2108ee,3,3012,Mountain Master All-Terrain Skis - 165cm,2,899.99,1799.98,0.0,157.5
83b98c7a-55e0-4c5b-b2c4-62756c2108ee,4,3082,Edge Tuning Tool Set,1,119.99,119.99,0.0,10.5
689d83fb-2623-41c7-9623-8aefdd7836b6,1,3041,Carbon Fiber Racing Poles - 120cm,1,179.99,179.99,0.0,15.75
689d83fb-2623-41c7-9623-8aefdd7836b6,2,3053,Waterproof Ski Pants,1,249.99,249.99,0.0,21.87
689d83fb-2623-41c7-9623-8aefdd7836b6,3,3104,Ski Tuning Bench - Portable,1,189.99,189.99,0.0,16.62
20b65cc3-fb6f-4863-8ae3-7f8db860470b,1,3082,Edge Tuning Tool Set,1,119.99,119.99,0.0,10.5
20b65cc3-fb6f-4863-8ae3-7f8db860470b,2,3104,Ski Tuning Bench - Portable,2,189.99,379.98,0.0,33.25
c14a60da-21f7-40a0-bd43-33d4e28617a1,1,3012,Mountain Master All-Terrain Skis - 165cm,1,899.99,899.99,0.0,78.75
c14a60da-21f7-40a0-bd43-33d4e28617a1,2,3052,Thermal Base Layer Set - Women's,2,149.99,299.98,0.0,26.25
c14a60da-21f7-40a0-bd43-33d4e28617a1,3,3011,Alpine Pro Racing Skis - 170cm,1,1299.99,1299.99,0.0,113.75
35e2f69e-5bd8-4602-a370-4c1be46fe754,1,3053,Waterproof Ski Pants,2,249.99,499.98,0.0,43.75
35e2f69e-5bd8-4602-a370-4c1be46fe754,2,3104,Ski Tuning Bench - Portable,1,189.99,189.99,0.0,16.62
1f7ab3b6-f0a9-407a-a513-6127a0f761d7,1,3042,Aluminum All-Mountain Poles - 115cm,1,99.99,99.99,0.0,8.75
1f7ab3b6-f0a9-407a-a513-6127a0f761d7,2,3053,Waterproof Ski Pants,2,249.99,499.98,0.0,43.75
1f7ab3b6-f0a9-407a-a513-6127a0f761d7,3,3051,Insulated Ski Jacket - Men's,2,299.99,599.98,0.0,52.5
1f7ab3b6-f0a9-407a-a513-6127a0f761d7,4,3031,Pro Flex Racing Ski Boots,1,649.99,649.99,0.0,56.87
b4576d8f-2d1c-431a-8b66-74c230e4dd23,1,3081,All-Temp Ski Wax Kit,1,79.99,79.99,0.0,7.0
b4576d8f-2d1c-431a-8b66-74c230e4dd23,2,3091,Freestyle Snowboard - 155cm,1,649.99,649.99,0.0,56.87
b4576d8f-2d1c-431a-8b66-74c230e4dd23,3,3103,Snowboard Bindings - Pro,2,299.99,599.98,0.0,52.5
43c39e06-2e82-4d4f-9ddd-bf67f6e807ef,1,3103,Snowboard Bindings - Pro,2,299.99,599.98,0.0,52.5
43c39e06-2e82-4d4f-9ddd-bf67f6e807ef,2,3091,Freestyle Snowboard - 155cm,1,649.99,649.99,0.0,56.87
a99d7d0b-87a9-494f-8ceb-b8bd73e70882,1,3081,All-Temp Ski Wax Kit,2,79.99,159.98,0.0,14.0
a99d7d0b-87a9-494f-8ceb-b8bd73e70882,2,3071,Ski Boot Bag - Premium,2,59.99,119.98,0.0,10.5
a99d7d0b-87a9-494f-8ceb-b8bd73e70882,3,3081,All-Temp Ski Wax Kit,1,79.99,79.99,0.0,7.0
d903f7eb-6f9e-4904-9aa2-ccaaf365eec5,1,3101,Winter Boots - Insulated,1,159.99,159.99,0.0,14.0
d903f7eb-6f9e-4904-9aa2-ccaaf365eec5,2,3104,Ski Tuning Bench - Portable,1,189.99,189.99,0.0,16.62
d903f7eb-6f9e-4904-9aa2-ccaaf365eec5,3,3082,Edge Tuning Tool Set,2,119.99,239.98,0.0,21.0
d903f7eb-6f9e-4904-9aa2-ccaaf365eec5,4,3031,Pro Flex Racing Ski Boots,1,649.99,649.99,0.0,56.87
e6e5462b-5ecf-4dda-b323-9a77e7eb77a5,1,3011,Alpine Pro Racing Skis - 170cm,1,1299.99,1299.99,0.0,113.75
e6e5462b-5ecf-4dda-b323-9a77e7eb77a5,2,3033,Women's Performance Ski Boots,2,579.99,1159.98,0.0,101.5
e6e5462b-5ecf-4dda-b323-9a77e7eb77a5,3,3013,Beginner's Choice Alpine Skis - 160cm,1,449.99,449.99,0.0,39.37
e6e5462b-5ecf-4dda-b323-9a77e7eb77a5,4,3022,Backcountry Explorer XC Skis - 190cm,2,549.99,1099.98,0.0,96.25
2b77b379-a211-4ecc-a8b3-4ab5e0f56613,1,3102,Winter Hiking Boots - Waterproof,2,249.99,499.98,0.0,43.75
2b77b379-a211-4ecc-a8b3-4ab5e0f56613,2,3082,Edge Tuning Tool Set,2,119.99,239.98,0.0,21.0
2b77b379-a211-4ecc-a8b3-4ab5e0f56613,3,3032,Comfort Fit Recreational Boots,1,399.99,399.99,0.0,35.0
2b77b379-a211-4ecc-a8b3-4ab5e0f56613,4,3104,Ski Tuning Bench - Portable,2,189.99,379.98,0.0,33.25
5f50ca3f-9b15-4432-9158-c0bc6e3bc869,1,3101,Winter Boots - Insulated,2,159.99,319.98,0.0,28.0
5f50ca3f-9b15-4432-9158-c0bc6e3bc869,2,3081,All-Temp Ski Wax Kit,1,79.99,79.99,0.0,7.0
a69449b2-ef51-45f1-910f-604265f72bda,1,3031,Pro Flex Racing Ski Boots,2,649.99,1299.98,0.0,113.75
07b51e86-4621-407a-8b0e-394a14670ca2,1,3071,Ski Boot Bag - Premium,1,59.99,59.99,0.0,5.25
07b51e86-4621-407a-8b0e-394a14670ca2,2,3081,All-Temp Ski Wax Kit,1,79.99,79.99,0.0,7.0
07b51e86-4621-407a-8b0e-394a14670ca2,3,3011,Alpine Pro Racing Skis - 170cm,1,1299.99,1299.99,0.0,113.75
07b51e86-4621-407a-8b0e-394a14670ca2,4,3052,Thermal Base Layer Set - Women's,2,149.99,299.98,0.0,26.25
0682c359-e792-4dee-8c12-3530fb3d057a,1,3013,Beginner's Choice Alpine Skis - 160cm,2,449.99,899.98,0.0,78.75
0682c359-e792-4dee-8c12-3530fb3d057a,2,3051,Insulated Ski Jacket - Men's,2,299.99,599.98,0.0,52.5
1778cd16-365c-45a5-9b87-abf58fa2e62b,1,3052,Thermal Base Layer Set - Women's,1,149.99,149.99,0.0,13.12
1778cd16-365c-45a5-9b87-abf58fa2e62b,2,3104,Ski Tuning Bench - Portable,1,189.99,189.99,0.0,16.62
dcb45389-2ccc-43bc-aa1f-25a54b6d454e,1,3072,Hand Warmers - 10 Pack,1,14.99,14.99,0.0,1.31
dcb45389-2ccc-43bc-aa1f-25a54b6d454e,2,3021,Nordic Classic XC Skis - 185cm,1,349.99,349.99,0.0,30.62
dcb45389-2ccc-43bc-aa1f-25a54b6d454e,3,3052,Thermal Base Layer Set - Women's,2,149.99,299.98,0.0,26.25
dcb45389-2ccc-43bc-aa1f-25a54b6d454e,4,3013,Beginner's Choice Alpine Skis - 160cm,1,449.99,449.99,0.0,39.37
b16fa2f1-ac84-4741-9b08-59cd890ce30a,1,3013,Beginner's Choice Alpine Skis - 160cm,2,449.99,899.98,0.0,78.75
b16fa2f1-ac84-4741-9b08-59cd890ce30a,2,3051,Insulated Ski Jacket - Men's,1,299.99,299.99,0.0,26.25
b16fa2f1-ac84-4741-9b08-59cd890ce30a,3,3042,Aluminum All-Mountain Poles - 115cm,1,99.99,99.99,0.0,8.75
50fe077c-3cf3-43a4-be7f-ad06fca77b23,1,3033,Women's Performance Ski Boots,2,579.99,1159.98,0.0,101.5
365b78b2-11e8-4bd7-9e00-69aceeb6c94b,1,3082,Edge Tuning Tool Set,2,119.99,239.98,0.0,21.0
365b78b2-11e8-4bd7-9e00-69aceeb6c94b,2,3031,Pro Flex Racing Ski Boots,1,649.99,649.99,0.0,56.87
613125b3-7da6-4001-afee-e8d7375d2c36,1,3081,All-Temp Ski Wax Kit,2,79.99,159.98,0.0,14.0
613125b3-7da6-4001-afee-e8d7375d2c36,2,3032,Comfort Fit Recreational Boots,2,399.99,799.98,0.0,70.0
5d367f7f-5c11-4e86-9eaf-01352adc8bcd,1,3032,Comfort Fit Recreational Boots,1,399.99,399.99,0.0,35.0
5d367f7f-5c11-4e86-9eaf-01352adc8bcd,2,3012,Mountain Master All-Terrain Skis - 165cm,2,899.99,1799.98,0.0,157.5
5d367f7f-5c11-4e86-9eaf-01352adc8bcd,3,3021,Nordic Classic XC Skis - 185cm,1,349.99,349.99,0.0,30.62
2c2ba089-16d5-41d5-8691-65a3ca108756,1,3102,Winter Hiking Boots - Waterproof,1,249.99,249.99,0.0,21.87
5a8397a1-f2f5-4087-8077-1c2bf730038d,1,3101,Winter Boots - Insulated,1,159.99,159.99,0.0,14.0
26ce11ca-3bbf-4f20-8706-c61d6adad022,1,3031,Pro Flex Racing Ski Boots,1,649.99,649.99,0.0,56.87
26ce11ca-3bbf-4f20-8706-c61d6adad022,2,3021,Nordic Classic XC Skis - 185cm,1,349.99,349.99,0.0,30.62
26ce11ca-3bbf-4f20-8706-c61d6adad022,3,3022,Backcountry Explorer XC Skis - 190cm,1,549.99,549.99,0.0,48.12
26ce11ca-3bbf-4f20-8706-c61d6adad022,4,3033,Women's Performance Ski Boots,1,579.99,579.99,0.0,50.75
94826891-6823-49bc-aaa8-c72a2d8e6832,1,3031,Pro Flex Racing Ski Boots,2,649.99,1299.98,0.0,113.75
94826891-6823-49bc-aaa8-c72a2d8e6832,2,3041,Carbon Fiber Racing Poles - 120cm,2,179.99,359.98,0.0,31.5
94826891-6823-49bc-aaa8-c72a2d8e6832,3,3011,Alpine Pro Racing Skis - 170cm,1,1299.99,1299.99,0.0,113.75
e65c2a5f-a412-4e63-a7ca-5e2b91030578,1,3013,Beginner's Choice Alpine Skis - 160cm,2,449.99,899.98,0.0,78.75
e65c2a5f-a412-4e63-a7ca-5e2b91030578,2,3032,Comfort Fit Recreational Boots,1,399.99,399.99,0.0,35.0
e65c2a5f-a412-4e63-a7ca-5e2b91030578,3,3062,Anti-Fog Ski Goggles,2,129.99,259.98,0.0,22.75
e65c2a5f-a412-4e63-a7ca-5e2b91030578,4,3013,Beginner's Choice Alpine Skis - 160cm,1,449.99,449.99,0.0,39.37
8371a179-5f20-49ba-9e2a-f64c58b1310c,1,3051,Insulated Ski Jacket - Men's,1,299.99,299.99,0.0,26.25
8371a179-5f20-49ba-9e2a-f64c58b1310c,2,3032,Comfort Fit Recreational Boots,1,399.99,399.99,0.0,35.0
8371a179-5f20-49ba-9e2a-f64c58b1310c,3,3062,Anti-Fog Ski Goggles,1,129.99,129.99,0.0,11.37
8371a179-5f20-49ba-9e2a-f64c58b1310c,4,3033,Women's Performance Ski Boots,1,579.99,579.99,0.0,50.75
d33b275c-c6e1-48c4-9284-f998caf8b00f,1,3013,Beginner's Choice Alpine Skis - 160cm,1,449.99,449.99,0.0,39.37
d33b275c-c6e1-48c4-9284-f998caf8b00f,2,3082,Edge Tuning Tool Set,2,119.99,239.98,0.0,21.0
5dad6946-5855-4453-92d5-7f51e2a0f3de,1,3051,Insulated Ski Jacket - Men's,2,299.99,599.98,0.0,52.5
5dad6946-5855-4453-92d5-7f51e2a0f3de,2,3062,Anti-Fog Ski Goggles,2,129.99,259.98,0.0,22.75
c8332edc-2cc6-412b-aa6f-b1c7ac22a16d,1,3081,All-Temp Ski Wax Kit,2,79.99,159.98,0.0,14.0
c8332edc-2cc6-412b-aa6f-b1c7ac22a16d,2,3081,All-Temp Ski Wax Kit,1,79.99,79.99,0.0,7.0
c8332edc-2cc6-412b-aa6f-b1c7ac22a16d,3,3081,All-Temp Ski Wax Kit,2,79.99,159.98,0.0,14.0
6a411afc-f87e-4fad-b868-ef32f936e0ba,1,3104,Ski Tuning Bench - Portable,1,189.99,189.99,0.0,16.62
cf5714ae-7a26-4cef-9045-b7a14fd48052,1,3051,Insulated Ski Jacket - Men's,1,299.99,299.99,0.0,26.25
cf5714ae-7a26-4cef-9045-b7a14fd48052,2,3011,Alpine Pro Racing Skis - 170cm,2,1299.99,2599.98,0.0,227.5
f8264393-8c81-4c8d-885d-efbf9b850366,1,3011,Alpine Pro Racing Skis - 170cm,2,1299.99,2599.98,0.0,227.5
f8264393-8c81-4c8d-885d-efbf9b850366,2,3051,Insulated Ski Jacket - Men's,1,299.99,299.99,0.0,26.25
f8264393-8c81-4c8d-885d-efbf9b850366,3,3103,Snowboard Bindings - Pro,1,299.99,299.99,0.0,26.25
f8264393-8c81-4c8d-885d-efbf9b850366,4,3053,Waterproof Ski Pants,1,249.99,249.99,0.0,21.87
ffb62a13-839b-4452-a062-bb6a433583ff,1,3031,Pro Flex Racing Ski Boots,2,649.99,1299.98,0.0,113.75
ffb62a13-839b-4452-a062-bb6a433583ff,2,3013,Beginner's Choice Alpine Skis - 160cm,2,449.99,899.98,0.0,78.75
ffb62a13-839b-4452-a062-bb6a433583ff,3,3092,All-Mountain Snowboard - 158cm,2,799.99,1599.98,0.0,140.0
ffb62a13-839b-4452-a062-bb6a433583ff,4,3031,Pro Flex Racing Ski Boots,2,649.99,1299.98,0.0,113.75
08bd4602-1dd4-49bd-8647-3ba18fae4557,1,3033,Women's Performance Ski Boots,2,579.99,1159.98,0.0,101.5
08bd4602-1dd4-49bd-8647-3ba18fae4557,2,3011,Alpine Pro Racing Skis - 170cm,2,1299.99,2599.98,0.0,227.5
2a0628d9-421d-4094-90a0-b04b619e286a,1,3011,Alpine Pro Racing Skis - 170cm,2,1299.99,2599.98,0.0,227.5
2a0628d9-421d-4094-90a0-b04b619e286a,2,3052,Thermal Base Layer Set - Women's,1,149.99,149.99,0.0,13.12
2a0628d9-421d-4094-90a0-b04b619e286a,3,3062,Anti-Fog Ski Goggles,1,129.99,129.99,0.0,11.37
81f9f240-c468-4036-8f90-ded4fd6788d2,1,3081,All-Temp Ski Wax Kit,1,79.99,79.99,0.0,7.0
81f9f240-c468-4036-8f90-ded4fd6788d2,2,3052,Thermal Base Layer Set - Women's,2,149.99,299.98,0.0,26.25
81f9f240-c468-4036-8f90-ded4fd6788d2,3,3092,All-Mountain Snowboard - 158cm,1,799.99,799.99,0.0,70.0
81f9f240-c468-4036-8f90-ded4fd6788d2,4,3081,All-Temp Ski Wax Kit,2,79.99,159.98,0.0,14.0
e615f963-60f6-45b4-bb5e-e787bfeb630f,1,3081,All-Temp Ski Wax Kit,1,79.99,79.99,0.0,7.0
e615f963-60f6-45b4-bb5e-e787bfeb630f,2,3033,Women's Performance Ski Boots,2,579.99,1159.98,0.0,101.5
e615f963-60f6-45b4-bb5e-e787bfeb630f,3,3041,Carbon Fiber Racing Poles - 120cm,1,179.99,179.99,0.0,15.75
6b6c17ad-972a-4024-9306-94f8f1fa34b5,1,3061,Professional Ski Helmet,2,199.99,399.98,0.0,35.0
c2399331-f87e-4344-9c90-ad84f190e02d,1,3033,Women's Performance Ski Boots,1,579.99,579.99,0.0,50.75
82a030ce-3b31-4a87-9f51-42906e6343e2,1,3033,Women's Performance Ski Boots,1,579.99,579.99,0.0,50.75
82a030ce-3b31-4a87-9f51-42906e6343e2,2,3021,Nordic Classic XC Skis - 185cm,1,349.99,349.99,0.0,30.62
82a030ce-3b31-4a87-9f51-42906e6343e2,3,3032,Comfort Fit Recreational Boots,2,399.99,799.98,0.0,70.0
82a030ce-3b31-4a87-9f51-42906e6343e2,4,3051,Insulated Ski Jacket - Men's,1,299.99,299.99,0.0,26.25
b93200a3-cae0-4abd-b3a4-f71b7777aa75,1,3082,Edge Tuning Tool Set,1,119.99,119.99,0.0,10.5
b9d0ec01-83ce-4642-9aef-1d0650dffb2e,1,3033,Women's Performance Ski Boots,1,579.99,579.99,0.0,50.75
ab8e55b1-a92f-489e-81ad-df795b5d451b,1,3104,Ski Tuning Bench - Portable,2,189.99,379.98,0.0,33.25
ab8e55b1-a92f-489e-81ad-df795b5d451b,2,3082,Edge Tuning Tool Set,2,119.99,239.98,0.0,21.0
ae25abdc-9e1a-44e5-b53f-c4576d6bfb52,1,3031,Pro Flex Racing Ski Boots,1,649.99,649.99,0.0,56.87
3db5af89-5d76-47bb-8b1a-83320ffbc7a0,1,3092,All-Mountain Snowboard - 158cm,1,799.99,799.99,0.0,70.0
3db5af89-5d76-47bb-8b1a-83320ffbc7a0,2,3033,Women's Performance Ski Boots,2,579.99,1159.98,0.0,101.5
3db5af89-5d76-47bb-8b1a-83320ffbc7a0,3,3052,Thermal Base Layer Set - Women's,2,149.99,299.98,0.0,26.25
7e313a64-0188-4d66-8873-d2b697c95e27,1,3101,Winter Boots - Insulated,2,159.99,319.98,0.0,28.0
7e313a64-0188-4d66-8873-d2b697c95e27,2,3081,All-Temp Ski Wax Kit,1,79.99,79.99,0.0,7.0
7e313a64-0188-4d66-8873-d2b697c95e27,3,3052,Thermal Base Layer Set - Women's,1,149.99,149.99,0.0,13.12
7e313a64-0188-4d66-8873-d2b697c95e27,4,3051,Insulated Ski Jacket - Men's,2,299.99,599.98,0.0,52.5
223d9467-7460-44fa-98d2-0567c1774aac,1,3072,Hand Warmers - 10 Pack,1,14.99,14.99,0.0,1.31
223d9467-7460-44fa-98d2-0567c1774aac,2,3013,Beginner's Choice Alpine Skis - 160cm,1,449.99,449.99,0.0,39.37
223d9467-7460-44fa-98d2-0567c1774aac,3,3082,Edge Tuning Tool Set,2,119.99,239.98,0.0,21.0
223d9467-7460-44fa-98d2-0567c1774aac,4,3091,Freestyle Snowboard - 155cm,1,649.99,649.99,0.0,56.87
ee56a3a5-d051-4f29-ad21-7e494968ca5b,1,3104,Ski Tuning Bench - Portable,2,189.99,379.98,0.0,33.25
b1eff9b2-aca2-4235-8588-da4071270beb,1,3053,Waterproof Ski Pants,1,249.99,249.99,0.0,21.87
b1eff9b2-aca2-4235-8588-da4071270beb,2,3051,Insulated Ski Jacket - Men's,1,299.99,299.99,0.0,26.25
b1eff9b2-aca2-4235-8588-da4071270beb,3,3011,Alpine Pro Racing Skis - 170cm,2,1299.99,2599.98,0.0,227.5
b1eff9b2-aca2-4235-8588-da4071270beb,4,3012,Mountain Master All-Terrain Skis - 165cm,2,899.99,1799.98,0.0,157.5
c9c8d964-0bf9-41e2-80c1-a4711f9514e9,1,3091,Freestyle Snowboard - 155cm,1,649.99,649.99,0.0,56.87
c9c8d964-0bf9-41e2-80c1-a4711f9514e9,2,3062,Anti-Fog Ski Goggles,2,129.99,259.98,0.0,22.75
c9c8d964-0bf9-41e2-80c1-a4711f9514e9,3,3011,Alpine Pro Racing Skis - 170cm,1,1299.99,1299.99,0.0,113.75
c9c8d964-0bf9-41e2-80c1-a4711f9514e9,4,3052,Thermal Base Layer Set - Women's,1,149.99,149.99,0.0,13.12
8ce2735c-aaa0-4f62-8959-862feeda17b8,1,3081,All-Temp Ski Wax Kit,2,79.99,159.98,0.0,14.0
8ce2735c-aaa0-4f62-8959-862feeda17b8,2,3081,All-Temp Ski Wax Kit,1,79.99,79.99,0.0,7.0
d31ff65f-7a93-43e5-9eba-455cb32bbdd8,1,3092,All-Mountain Snowboard - 158cm,2,799.99,1599.98,0.0,140.0
75e4c3ea-b298-41e1-9b7b-7b798c9937f2,1,3082,Edge Tuning Tool Set,2,119.99,239.98,0.0,21.0
75e4c3ea-b298-41e1-9b7b-7b798c9937f2,2,3081,All-Temp Ski Wax Kit,1,79.99,79.99,0.0,7.0
75e4c3ea-b298-41e1-9b7b-7b798c9937f2,3,3104,Ski Tuning Bench - Portable,2,189.99,379.98,0.0,33.25
75e4c3ea-b298-41e1-9b7b-7b798c9937f2,4,3092,All-Mountain Snowboard - 158cm,2,799.99,1599.98,0.0,140.0
433153f5-e326-42d2-b92e-faeec825cc41,1,3103,Snowboard Bindings - Pro,1,299.99,299.99,0.0,26.25
a215de12-8a3e-4742-b5d9-869c75241f0a,1,3081,All-Temp Ski Wax Kit,2,79.99,159.98,0.0,14.0
a215de12-8a3e-4742-b5d9-869c75241f0a,2,3072,Hand Warmers - 10 Pack,1,14.99,14.99,0.0,1.31
a215de12-8a3e-4742-b5d9-869c75241f0a,3,3082,Edge Tuning Tool Set,1,119.99,119.99,0.0,10.5
a215de12-8a3e-4742-b5d9-869c75241f0a,4,3081,All-Temp Ski Wax Kit,1,79.99,79.99,0.0,7.0
e0f9dfba-78d5-4f3e-b1f5-e485e61faf4b,1,3052,Thermal Base Layer Set - Women's,2,149.99,299.98,0.0,26.25
e0f9dfba-78d5-4f3e-b1f5-e485e61faf4b,2,3082,Edge Tuning Tool Set,1,119.99,119.99,0.0,10.5
e0f9dfba-78d5-4f3e-b1f5-e485e61faf4b,3,3091,Freestyle Snowboard - 155cm,2,649.99,1299.98,0.0,113.75
e0f9dfba-78d5-4f3e-b1f5-e485e61faf4b,4,3091,Freestyle Snowboard - 155cm,1,649.99,649.99,0.0,56.87
ed48500b-5624-456b-9877-d224ed34f8a4,1,3052,Thermal Base Layer Set - Women's,2,149.99,299.98,0.0,26.25
ed48500b-5624-456b-9877-d224ed34f8a4,2,3062,Anti-Fog Ski Goggles,2,129.99,259.98,0.0,22.75
ed48500b-5624-456b-9877-d224ed34f8a4,3,3061,Professional Ski Helmet,1,199.99,199.99,0.0,17.5
2d95084d-80f6-44f8-bfce-15102d9a58a5,1,3031,Pro Flex Racing Ski Boots,1,649.99,649.99,0.0,56.87
2d95084d-80f6-44f8-bfce-15102d9a58a5,2,3033,Women's Performance Ski Boots,2,579.99,1159.98,0.0,101.5
9a403077-d705-416d-a114-2807780fb5ff,1,3031,Pro Flex Racing Ski Boots,2,649.99,1299.98,0.0,113.75
9a403077-d705-416d-a114-2807780fb5ff,2,3091,Freestyle Snowboard - 155cm,2,649.99,1299.98,0.0,113.75
9a403077-d705-416d-a114-2807780fb5ff,3,3082,Edge Tuning Tool Set,1,119.99,119.99,0.0,10.5
9a403077-d705-416d-a114-2807780fb5ff,4,3062,Anti-Fog Ski Goggles,2,129.99,259.98,0.0,22.75
1c832ebb-67b5-486a-96b8-164a97570944,1,3104,Ski Tuning Bench - Portable,1,189.99,189.99,0.0,16.62
1c832ebb-67b5-486a-96b8-164a97570944,2,3101,Winter Boots - Insulated,2,159.99,319.98,0.0,28.0
81aef245-3ecb-4572-9101-fa565cc81078,1,3021,Nordic Classic XC Skis - 185cm,1,349.99,349.99,0.0,30.62
e92662fd-fb0c-4b5e-a1fa-a64e0bba11bd,1,3081,All-Temp Ski Wax Kit,1,79.99,79.99,0.0,7.0
e92662fd-fb0c-4b5e-a1fa-a64e0bba11bd,2,3092,All-Mountain Snowboard - 158cm,1,799.99,799.99,0.0,70.0
e92662fd-fb0c-4b5e-a1fa-a64e0bba11bd,3,3072,Hand Warmers - 10 Pack,1,14.99,14.99,0.0,1.31
e92662fd-fb0c-4b5e-a1fa-a64e0bba11bd,4,3072,Hand Warmers - 10 Pack,2,14.99,29.98,0.0,2.62
fbc90d71-dcd5-472e-b294-1b4bd64c64d2,1,3062,Anti-Fog Ski Goggles,2,129.99,259.98,0.0,22.75
fbc90d71-dcd5-472e-b294-1b4bd64c64d2,2,3032,Comfort Fit Recreational Boots,1,399.99,399.99,0.0,35.0
fbc90d71-dcd5-472e-b294-1b4bd64c64d2,3,3032,Comfort Fit Recreational Boots,2,399.99,799.98,0.0,70.0
41132308-660f-43b6-8a4a-7e359e8271ff,1,3032,Comfort Fit Recreational Boots,1,399.99,399.99,0.0,35.0
41132308-660f-43b6-8a4a-7e359e8271ff,2,3021,Nordic Classic XC Skis - 185cm,2,349.99,699.98,0.0,61.25
27b61ac5-92bd-4d8f-afb9-a812abe65f1b,1,3081,All-Temp Ski Wax Kit,1,79.99,79.99,0.0,7.0
b12b2b9f-5278-41e9-8e5f-5014bb79f010,1,3081,All-Temp Ski Wax Kit,2,79.99,159.98,0.0,14.0
49e13a0c-7057-4b39-bb82-56d6761a3316,1,3072,Hand Warmers - 10 Pack,2,14.99,29.98,0.0,2.62
49e13a0c-7057-4b39-bb82-56d6761a3316,2,3082,Edge Tuning Tool Set,1,119.99,119.99,0.0,10.5
49e13a0c-7057-4b39-bb82-56d6761a3316,3,3021,Nordic Classic XC Skis - 185cm,2,349.99,699.98,0.0,61.25
49e13a0c-7057-4b39-bb82-56d6761a3316,4,3052,Thermal Base Layer Set - Women's,2,149.99,299.98,0.0,26.25
6458b1b7-e1e2-4dd7-ad03-eac480b37104,1,3104,Ski Tuning Bench - Portable,2,189.99,379.98,0.0,33.25
6458b1b7-e1e2-4dd7-ad03-eac480b37104,2,3011,Alpine Pro Racing Skis - 170cm,2,1299.99,2599.98,0.0,227.5
6458b1b7-e1e2-4dd7-ad03-eac480b37104,3,3091,Freestyle Snowboard - 155cm,1,649.99,649.99,0.0,56.87
3c638cdc-0641-40e6-a033-eadedac52b6e,1,3042,Aluminum All-Mountain Poles - 115cm,2,99.99,199.98,0.0,17.5
3c638cdc-0641-40e6-a033-eadedac52b6e,2,3011,Alpine Pro Racing Skis - 170cm,1,1299.99,1299.99,0.0,113.75
3c638cdc-0641-40e6-a033-eadedac52b6e,3,3052,Thermal Base Layer Set - Women's,2,149.99,299.98,0.0,26.25
3c638cdc-0641-40e6-a033-eadedac52b6e,4,3022,Backcountry Explorer XC Skis - 190cm,1,549.99,549.99,0.0,48.12
32866fbf-891b-46c9-b4fa-8ed8d62bc00b,1,3032,Comfort Fit Recreational Boots,2,399.99,799.98,0.0,70.0
32866fbf-891b-46c9-b4fa-8ed8d62bc00b,2,3051,Insulated Ski Jacket - Men's,2,299.99,599.98,0.0,52.5
32866fbf-891b-46c9-b4fa-8ed8d62bc00b,3,3033,Women's Performance Ski Boots,1,579.99,579.99,0.0,50.75
89a81437-f32b-4d33-ad0e-57a32c8c44d7,1,3041,Carbon Fiber Racing Poles - 120cm,2,179.99,359.98,0.0,31.5
89a81437-f32b-4d33-ad0e-57a32c8c44d7,2,3013,Beginner's Choice Alpine Skis - 160cm,2,449.99,899.98,0.0,78.75
89a81437-f32b-4d33-ad0e-57a32c8c44d7,3,3061,Professional Ski Helmet,1,199.99,199.99,0.0,17.5
5236647e-04fe-403b-9328-b4b35d3b8c2f,1,3081,All-Temp Ski Wax Kit,1,79.99,79.99,0.0,7.0
5236647e-04fe-403b-9328-b4b35d3b8c2f,2,3031,Pro Flex Racing Ski Boots,2,649.99,1299.98,0.0,113.75
e44b12c7-fb2c-4bcc-a5e0-d5c0d3cf6f30,1,3053,Waterproof Ski Pants,1,249.99,249.99,0.0,21.87
e44b12c7-fb2c-4bcc-a5e0-d5c0d3cf6f30,2,3011,Alpine Pro Racing Skis - 170cm,1,1299.99,1299.99,0.0,113.75
954dcba4-6362-422d-9f06-3840ace5ef77,1,3031,Pro Flex Racing Ski Boots,2,649.99,1299.98,0.0,113.75
954dcba4-6362-422d-9f06-3840ace5ef77,2,3011,Alpine Pro Racing Skis - 170cm,2,1299.99,2599.98,0.0,227.5
3a7d8cc6-d7be-4376-a006-e4eaec7f10fa,1,3033,Women's Performance Ski Boots,2,579.99,1159.98,0.0,101.5
3a7d8cc6-d7be-4376-a006-e4eaec7f10fa,2,3052,Thermal Base Layer Set - Women's,1,149.99,149.99,0.0,13.12
3a7d8cc6-d7be-4376-a006-e4eaec7f10fa,3,3011,Alpine Pro Racing Skis - 170cm,2,1299.99,2599.98,0.0,227.5
87b2cda3-381b-4885-86e8-6f7b5a588dec,1,3031,Pro Flex Racing Ski Boots,1,649.99,649.99,0.0,56.87
7c27d12c-a619-4940-822d-e613fd124c0b,1,3091,Freestyle Snowboard - 155cm,2,649.99,1299.98,0.0,113.75
7c27d12c-a619-4940-822d-e613fd124c0b,2,3091,Freestyle Snowboard - 155cm,1,649.99,649.99,0.0,56.87
b158f559-a22a-4f74-9a77-edcc7d1092e7,1,3033,Women's Performance Ski Boots,2,579.99,1159.98,0.0,101.5
b158f559-a22a-4f74-9a77-edcc7d1092e7,2,3104,Ski Tuning Bench - Portable,2,189.99,379.98,0.0,33.25
b158f559-a22a-4f74-9a77-edcc7d1092e7,3,3082,Edge Tuning Tool Set,1,119.99,119.99,0.0,10.5
b158f559-a22a-4f74-9a77-edcc7d1092e7,4,3021,Nordic Classic XC Skis - 185cm,2,349.99,699.98,0.0,61.25
7a9814d3-4727-4413-9923-cb7aed1a48ab,1,3032,Comfort Fit Recreational Boots,2,399.99,799.98,0.0,70.0
23263cda-a0ea-4a96-b051-9cecd39af839,1,3042,Aluminum All-Mountain Poles - 115cm,2,99.99,199.98,0.0,17.5
921d321e-1123-42c3-84b5-c7b972251bf6,1,3092,All-Mountain Snowboard - 158cm,1,799.99,799.99,0.0,70.0
921d321e-1123-42c3-84b5-c7b972251bf6,2,3052,Thermal Base Layer Set - Women's,1,149.99,149.99,0.0,13.12
1109c281-ce8d-476e-9af4-5a17299103ac,1,3103,Snowboard Bindings - Pro,1,299.99,299.99,0.0,26.25
1109c281-ce8d-476e-9af4-5a17299103ac,2,3082,Edge Tuning Tool Set,1,119.99,119.99,0.0,10.5
92f7630d-81a0-44b6-af09-4b2344819360,1,3082,Edge Tuning Tool Set,1,119.99,119.99,0.0,10.5
92f7630d-81a0-44b6-af09-4b2344819360,2,3011,Alpine Pro Racing Skis - 170cm,2,1299.99,2599.98,0.0,227.5
92f7630d-81a0-44b6-af09-4b2344819360,3,3052,Thermal Base Layer Set - Women's,1,149.99,149.99,0.0,13.12
f8558747-4ca5-4c38-acda-963a62ae54aa,1,3012,Mountain Master All-Terrain Skis - 165cm,2,899.99,1799.98,0.0,157.5
f8558747-4ca5-4c38-acda-963a62ae54aa,2,3051,Insulated Ski Jacket - Men's,2,299.99,599.98,0.0,52.5
f8558747-4ca5-4c38-acda-963a62ae54aa,3,3022,Backcountry Explorer XC Skis - 190cm,2,549.99,1099.98,0.0,96.25
f8558747-4ca5-4c38-acda-963a62ae54aa,4,3051,Insulated Ski Jacket - Men's,1,299.99,299.99,0.0,26.25
d35177a9-c951-4a8b-bd79-015c99e8236e,1,3041,Carbon Fiber Racing Poles - 120cm,2,179.99,359.98,0.0,31.5
d35177a9-c951-4a8b-bd79-015c99e8236e,2,3082,Edge Tuning Tool Set,2,119.99,239.98,0.0,21.0
d35177a9-c951-4a8b-bd79-015c99e8236e,3,3082,Edge Tuning Tool Set,1,119.99,119.99,0.0,10.5
d35177a9-c951-4a8b-bd79-015c99e8236e,4,3051,Insulated Ski Jacket - Men's,2,299.99,599.98,0.0,52.5
822b4a0d-f770-4333-9208-140ebe63e2b3,1,3104,Ski Tuning Bench - Portable,1,189.99,189.99,0.0,16.62
822b4a0d-f770-4333-9208-140ebe63e2b3,2,3103,Snowboard Bindings - Pro,1,299.99,299.99,0.0,26.25
822b4a0d-f770-4333-9208-140ebe63e2b3,3,3103,Snowboard Bindings - Pro,1,299.99,299.99,0.0,26.25
822b4a0d-f770-4333-9208-140ebe63e2b3,4,3104,Ski Tuning Bench - Portable,2,189.99,379.98,0.0,33.25
bfc5f59c-8e87-4eef-b318-eb7f9ed13d56,1,3032,Comfort Fit Recreational Boots,2,399.99,799.98,0.0,70.0
bfc5f59c-8e87-4eef-b318-eb7f9ed13d56,2,3052,Thermal Base Layer Set - Women's,2,149.99,299.98,0.0,26.25
bfc5f59c-8e87-4eef-b318-eb7f9ed13d56,3,3013,Beginner's Choice Alpine Skis - 160cm,2,449.99,899.98,0.0,78.75
bfc5f59c-8e87-4eef-b318-eb7f9ed13d56,4,3053,Waterproof Ski Pants,2,249.99,499.98,0.0,43.75
5e7ee23e-81e1-4dca-85a2-84bced39b75b,1,3041,Carbon Fiber Racing Poles - 120cm,1,179.99,179.99,0.0,15.75
47e22ecb-3458-490a-a231-a9f2f1bc47fd,1,3013,Beginner's Choice Alpine Skis - 160cm,2,449.99,899.98,0.0,78.75
47e22ecb-3458-490a-a231-a9f2f1bc47fd,2,3031,Pro Flex Racing Ski Boots,2,649.99,1299.98,0.0,113.75
47e22ecb-3458-490a-a231-a9f2f1bc47fd,3,3082,Edge Tuning Tool Set,1,119.99,119.99,0.0,10.5
47e22ecb-3458-490a-a231-a9f2f1bc47fd,4,3102,Winter Hiking Boots - Waterproof,1,249.99,249.99,0.0,21.87
ebe730d9-47f9-413d-9e1e-b829ad6b19aa,1,3013,Beginner's Choice Alpine Skis - 160cm,2,449.99,899.98,0.0,78.75
ebe730d9-47f9-413d-9e1e-b829ad6b19aa,2,3031,Pro Flex Racing Ski Boots,1,649.99,649.99,0.0,56.87
ebe730d9-47f9-413d-9e1e-b829ad6b19aa,3,3051,Insulated Ski Jacket - Men's,1,299.99,299.99,0.0,26.25
838e242a-6666-412f-bab4-e3dd460f0321,1,3052,Thermal Base Layer Set - Women's,1,149.99,149.99,0.0,13.12
838e242a-6666-412f-bab4-e3dd460f0321,2,3061,Professional Ski Helmet,2,199.99,399.98,0.0,35.0
838e242a-6666-412f-bab4-e3dd460f0321,3,3013,Beginner's Choice Alpine Skis - 160cm,2,449.99,899.98,0.0,78.75
838e242a-6666-412f-bab4-e3dd460f0321,4,3012,Mountain Master All-Terrain Skis - 165cm,1,899.99,899.99,0.0,78.75
f988b01e-b404-4d80-83ae-a6feb0438a4b,1,3042,Aluminum All-Mountain Poles - 115cm,2,99.99,199.98,0.0,17.5
f988b01e-b404-4d80-83ae-a6feb0438a4b,2,3052,Thermal Base Layer Set - Women's,2,149.99,299.98,0.0,26.25
f988b01e-b404-4d80-83ae-a6feb0438a4b,3,3082,Edge Tuning Tool Set,1,119.99,119.99,0.0,10.5
e1904ae1-b02d-44f0-86ef-094d706dd02d,1,3053,Waterproof Ski Pants,2,249.99,499.98,0.0,43.75
c453b0e9-9b16-460b-8cd5-36db33942205,1,3053,Waterproof Ski Pants,1,249.99,249.99,0.0,21.87
dc821fe8-67a8-4fe1-a1e2-b37b66cc6cd7,1,3032,Comfort Fit Recreational Boots,2,399.99,799.98,0.0,70.0
ad255141-ff1f-4979-9a22-e9dd6ab352b5,1,3053,Waterproof Ski Pants,2,249.99,499.98,0.0,43.75
ad255141-ff1f-4979-9a22-e9dd6ab352b5,2,3091,Freestyle Snowboard - 155cm,2,649.99,1299.98,0.0,113.75
fb2cb5a1-f4fc-4014-b1b5-dc6e8b81318e,1,3031,Pro Flex Racing Ski Boots,1,649.99,649.99,0.0,56.87
fb2cb5a1-f4fc-4014-b1b5-dc6e8b81318e,2,3021,Nordic Classic XC Skis - 185cm,1,349.99,349.99,0.0,30.62
32726406-f300-4407-a162-79de839d6954,1,3051,Insulated Ski Jacket - Men's,2,299.99,599.98,0.0,52.5
58449b4c-c4d9-45f7-ba27-28ae08c3124a,1,3051,Insulated Ski Jacket - Men's,2,299.99,599.98,0.0,52.5
58449b4c-c4d9-45f7-ba27-28ae08c3124a,2,3101,Winter Boots - Insulated,2,159.99,319.98,0.0,28.0
58449b4c-c4d9-45f7-ba27-28ae08c3124a,3,3104,Ski Tuning Bench - Portable,1,189.99,189.99,0.0,16.62
58449b4c-c4d9-45f7-ba27-28ae08c3124a,4,3081,All-Temp Ski Wax Kit,2,79.99,159.98,0.0,14.0
19ba6fb0-2670-4bb8-ab25-522c6ad5fe06,1,3051,Insulated Ski Jacket - Men's,2,299.99,599.98,0.0,52.5
19ba6fb0-2670-4bb8-ab25-522c6ad5fe06,2,3021,Nordic Classic XC Skis - 185cm,1,349.99,349.99,0.0,30.62
19ba6fb0-2670-4bb8-ab25-522c6ad5fe06,3,3033,Women's Performance Ski Boots,2,579.99,1159.98,0.0,101.5
19ba6fb0-2670-4bb8-ab25-522c6ad5fe06,4,3033,Women's Performance Ski Boots,2,579.99,1159.98,0.0,101.5
4582510f-14dc-4970-9a67-df110a36abd8,1,3051,Insulated Ski Jacket - Men's,1,299.99,299.99,0.0,26.25
4582510f-14dc-4970-9a67-df110a36abd8,2,3021,Nordic Classic XC Skis - 185cm,2,349.99,699.98,0.0,61.25
4582510f-14dc-4970-9a67-df110a36abd8,3,3071,Ski Boot Bag - Premium,2,59.99,119.98,0.0,10.5
7604837f-ebd0-4dbd-8c85-8ca4045722a2,1,3011,Alpine Pro Racing Skis - 170cm,1,1299.99,1299.99,0.0,113.75
7604837f-ebd0-4dbd-8c85-8ca4045722a2,2,3062,Anti-Fog Ski Goggles,2,129.99,259.98,0.0,22.75
7604837f-ebd0-4dbd-8c85-8ca4045722a2,3,3071,Ski Boot Bag - Premium,1,59.99,59.99,0.0,5.25
2c4a733b-a64c-4ea0-af6f-387ab32b5574,1,3102,Winter Hiking Boots - Waterproof,1,249.99,249.99,0.0,21.87
2c4a733b-a64c-4ea0-af6f-387ab32b5574,2,3011,Alpine Pro Racing Skis - 170cm,1,1299.99,1299.99,0.0,113.75
2c4a733b-a64c-4ea0-af6f-387ab32b5574,3,3053,Waterproof Ski Pants,2,249.99,499.98,0.0,43.75
9d3bdfa6-7fb5-4461-b620-5d00d07b9401,1,3062,Anti-Fog Ski Goggles,1,129.99,129.99,0.0,11.37
9d3bdfa6-7fb5-4461-b620-5d00d07b9401,2,3013,Beginner's Choice Alpine Skis - 160cm,2,449.99,899.98,0.0,78.75
aa03fdbc-dcca-4335-9b79-4a5391332818,1,3092,All-Mountain Snowboard - 158cm,1,799.99,799.99,0.0,70.0
073f0537-127c-4b7f-b182-5c4cdaae1d55,1,3022,Backcountry Explorer XC Skis - 190cm,1,549.99,549.99,0.0,48.12
073f0537-127c-4b7f-b182-5c4cdaae1d55,2,3011,Alpine Pro Racing Skis - 170cm,1,1299.99,1299.99,0.0,113.75
073f0537-127c-4b7f-b182-5c4cdaae1d55,3,3013,Beginner's Choice Alpine Skis - 160cm,1,449.99,449.99,0.0,39.37
c5156ea8-4a8d-4ebc-8feb-cb662e7f5429,1,3012,Mountain Master All-Terrain Skis - 165cm,1,899.99,899.99,0.0,78.75
c5156ea8-4a8d-4ebc-8feb-cb662e7f5429,2,3031,Pro Flex Racing Ski Boots,2,649.99,1299.98,0.0,113.75
4b2ac698-6fe6-4371-b274-acac19c24728,1,3082,Edge Tuning Tool Set,2,119.99,239.98,0.0,21.0
4b2ac698-6fe6-4371-b274-acac19c24728,2,3103,Snowboard Bindings - Pro,2,299.99,599.98,0.0,52.5
4b2ac698-6fe6-4371-b274-acac19c24728,3,3091,Freestyle Snowboard - 155cm,1,649.99,649.99,0.0,56.87
4b2ac698-6fe6-4371-b274-acac19c24728,4,3104,Ski Tuning Bench - Portable,2,189.99,379.98,0.0,33.25
bdf03943-6cf4-4c8a-9460-5631a3482fb0,1,3103,Snowboard Bindings - Pro,2,299.99,599.98,0.0,52.5
bdf03943-6cf4-4c8a-9460-5631a3482fb0,2,3042,Aluminum All-Mountain Poles - 115cm,2,99.99,199.98,0.0,17.5
bdf03943-6cf4-4c8a-9460-5631a3482fb0,3,3031,Pro Flex Racing Ski Boots,2,649.99,1299.98,0.0,113.75
bdf03943-6cf4-4c8a-9460-5631a3482fb0,4,3082,Edge Tuning Tool Set,1,119.99,119.99,0.0,10.5
3e3b067a-a763-4eab-8210-74d1e049f09f,1,3042,Aluminum All-Mountain Poles - 115cm,1,99.99,99.99,0.0,8.75
3e3b067a-a763-4eab-8210-74d1e049f09f,2,3032,Comfort Fit Recreational Boots,1,399.99,399.99,0.0,35.0
0734bf71-ae13-48d6-b6ab-9f1d1880c17e,1,3021,Nordic Classic XC Skis - 185cm,2,349.99,699.98,0.0,61.25
0734bf71-ae13-48d6-b6ab-9f1d1880c17e,2,3071,Ski Boot Bag - Premium,2,59.99,119.98,0.0,10.5
2f381ef5-02be-4e1d-a9a4-f023843b30b5,1,3052,Thermal Base Layer Set - Women's,2,149.99,299.98,0.0,26.25
2f381ef5-02be-4e1d-a9a4-f023843b30b5,2,3011,Alpine Pro Racing Skis - 170cm,1,1299.99,1299.99,0.0,113.75
d3345784-916e-4050-b125-275feff4b26d,1,3013,Beginner's Choice Alpine Skis - 160cm,2,449.99,899.98,0.0,78.75
d3345784-916e-4050-b125-275feff4b26d,2,3021,Nordic Classic XC Skis - 185cm,2,349.99,699.98,0.0,61.25
8278d4ae-b187-4c5e-9d63-d3b3b10e66a0,1,3042,Aluminum All-Mountain Poles - 115cm,1,99.99,99.99,0.0,8.75
8278d4ae-b187-4c5e-9d63-d3b3b10e66a0,2,3071,Ski Boot Bag - Premium,1,59.99,59.99,0.0,5.25
8278d4ae-b187-4c5e-9d63-d3b3b10e66a0,3,3092,All-Mountain Snowboard - 158cm,2,799.99,1599.98,0.0,140.0
8278d4ae-b187-4c5e-9d63-d3b3b10e66a0,4,3052,Thermal Base Layer Set - Women's,2,149.99,299.98,0.0,26.25
de284f98-b22c-4cdf-9e55-4828f1bd3e08,1,3051,Insulated Ski Jacket - Men's,1,299.99,299.99,0.0,26.25
f4451479-29e1-46fa-a0d2-fe489f68ef7c,1,3053,Waterproof Ski Pants,1,249.99,249.99,0.0,21.87
f4451479-29e1-46fa-a0d2-fe489f68ef7c,2,3021,Nordic Classic XC Skis - 185cm,2,349.99,699.98,0.0,61.25
f4451479-29e1-46fa-a0d2-fe489f68ef7c,3,3052,Thermal Base Layer Set - Women's,2,149.99,299.98,0.0,26.25
f4451479-29e1-46fa-a0d2-fe489f68ef7c,4,3012,Mountain Master All-Terrain Skis - 165cm,1,899.99,899.99,0.0,78.75
74e02a82-d060-422d-a484-382a559d3e75,1,3013,Beginner's Choice Alpine Skis - 160cm,1,449.99,449.99,0.0,39.37
06b0762d-5fac-47f0-a5b0-6dbccc8959ad,1,3021,Nordic Classic XC Skis - 185cm,1,349.99,349.99,0.0,30.62
06b0762d-5fac-47f0-a5b0-6dbccc8959ad,2,3051,Insulated Ski Jacket - Men's,1,299.99,299.99,0.0,26.25
06b0762d-5fac-47f0-a5b0-6dbccc8959ad,3,3021,Nordic Classic XC Skis - 185cm,2,349.99,699.98,0.0,61.25
06b0762d-5fac-47f0-a5b0-6dbccc8959ad,4,3031,Pro Flex Racing Ski Boots,1,649.99,649.99,0.0,56.87
fd288fbc-98bb-431f-a5a3-25b193bd1dbb,1,3091,Freestyle Snowboard - 155cm,1,649.99,649.99,0.0,56.87
3aab23e8-8579-43a5-ba6b-fde242a86d8f,1,3052,Thermal Base Layer Set - Women's,1,149.99,149.99,0.0,13.12
3aab23e8-8579-43a5-ba6b-fde242a86d8f,2,3031,Pro Flex Racing Ski Boots,1,649.99,649.99,0.0,56.87
3aab23e8-8579-43a5-ba6b-fde242a86d8f,3,3031,Pro Flex Racing Ski Boots,1,649.99,649.99,0.0,56.87
2df423ac-4c59-4ef8-8c2e-ff08b90b5331,1,3032,Comfort Fit Recreational Boots,2,399.99,799.98,0.0,70.0
2df423ac-4c59-4ef8-8c2e-ff08b90b5331,2,3082,Edge Tuning Tool Set,1,119.99,119.99,0.0,10.5
2df423ac-4c59-4ef8-8c2e-ff08b90b5331,3,3102,Winter Hiking Boots - Waterproof,2,249.99,499.98,0.0,43.75
2df423ac-4c59-4ef8-8c2e-ff08b90b5331,4,3081,All-Temp Ski Wax Kit,1,79.99,79.99,0.0,7.0
57495354-75a2-4c0d-99b0-c91d90301cba,1,3072,Hand Warmers - 10 Pack,1,14.99,14.99,0.0,1.31
57495354-75a2-4c0d-99b0-c91d90301cba,2,3053,Waterproof Ski Pants,1,249.99,249.99,0.0,21.87
d78a055f-9cb1-4d95-bfde-fca4fbb6e003,1,3021,Nordic Classic XC Skis - 185cm,2,349.99,699.98,0.0,61.25
d78a055f-9cb1-4d95-bfde-fca4fbb6e003,2,3032,Comfort Fit Recreational Boots,2,399.99,799.98,0.0,70.0
d78a055f-9cb1-4d95-bfde-fca4fbb6e003,3,3053,Waterproof Ski Pants,2,249.99,499.98,0.0,43.75
b9dc1b1f-bd7c-4436-a78a-7d2a166d026e,1,3081,All-Temp Ski Wax Kit,1,79.99,79.99,0.0,7.0
b9dc1b1f-bd7c-4436-a78a-7d2a166d026e,2,3091,Freestyle Snowboard - 155cm,2,649.99,1299.98,0.0,113.75
b9dc1b1f-bd7c-4436-a78a-7d2a166d026e,3,3072,Hand Warmers - 10 Pack,2,14.99,29.98,0.0,2.62
b9dc1b1f-bd7c-4436-a78a-7d2a166d026e,4,3091,Freestyle Snowboard - 155cm,1,649.99,649.99,0.0,56.87
c8679403-884f-406a-8e09-5b556ccbb284,1,3104,Ski Tuning Bench - Portable,2,189.99,379.98,0.0,33.25
c8679403-884f-406a-8e09-5b556ccbb284,2,3081,All-Temp Ski Wax Kit,2,79.99,159.98,0.0,14.0
c8679403-884f-406a-8e09-5b556ccbb284,3,3011,Alpine Pro Racing Skis - 170cm,1,1299.99,1299.99,0.0,113.75
284efba0-be22-4b11-a797-33e9c53d03da,1,3031,Pro Flex Racing Ski Boots,2,649.99,1299.98,0.0,113.75
bd66b14d-27a4-4388-9c7e-a261844301d8,1,3042,Aluminum All-Mountain Poles - 115cm,1,99.99,99.99,0.0,8.75
bd66b14d-27a4-4388-9c7e-a261844301d8,2,3031,Pro Flex Racing Ski Boots,2,649.99,1299.98,0.0,113.75
bd66b14d-27a4-4388-9c7e-a261844301d8,3,3021,Nordic Classic XC Skis - 185cm,1,349.99,349.99,0.0,30.62
bd66b14d-27a4-4388-9c7e-a261844301d8,4,3012,Mountain Master All-Terrain Skis - 165cm,2,899.99,1799.98,0.0,157.5
c60b29fc-ce10-4432-a4cf-62183d66ac04,1,3031,Pro Flex Racing Ski Boots,1,649.99,649.99,0.0,56.87
c60b29fc-ce10-4432-a4cf-62183d66ac04,2,3052,Thermal Base Layer Set - Women's,2,149.99,299.98,0.0,26.25
c60b29fc-ce10-4432-a4cf-62183d66ac04,3,3041,Carbon Fiber Racing Poles - 120cm,2,179.99,359.98,0.0,31.5
c60b29fc-ce10-4432-a4cf-62183d66ac04,4,3021,Nordic Classic XC Skis - 185cm,1,349.99,349.99,0.0,30.62
418d7a07-a381-4112-b667-616d7a34cc8e,1,3062,Anti-Fog Ski Goggles,2,129.99,259.98,0.0,22.75
418d7a07-a381-4112-b667-616d7a34cc8e,2,3052,Thermal Base Layer Set - Women's,2,149.99,299.98,0.0,26.25
418d7a07-a381-4112-b667-616d7a34cc8e,3,3013,Beginner's Choice Alpine Skis - 160cm,1,449.99,449.99,0.0,39.37
418d7a07-a381-4112-b667-616d7a34cc8e,4,3012,Mountain Master All-Terrain Skis - 165cm,1,899.99,899.99,0.0,78.75
52d92bcc-6057-4ac6-a2ae-87106a067a2a,1,3072,Hand Warmers - 10 Pack,2,14.99,29.98,0.0,2.62
52d92bcc-6057-4ac6-a2ae-87106a067a2a,2,3092,All-Mountain Snowboard - 158cm,1,799.99,799.99,0.0,70.0
52d92bcc-6057-4ac6-a2ae-87106a067a2a,3,3103,Snowboard Bindings - Pro,1,299.99,299.99,0.0,26.25
52d92bcc-6057-4ac6-a2ae-87106a067a2a,4,3091,Freestyle Snowboard - 155cm,2,649.99,1299.98,0.0,113.75
0f95f209-8beb-494b-9c6f-4069f326841b,1,3042,Aluminum All-Mountain Poles - 115cm,1,99.99,99.99,0.0,8.75
0f95f209-8beb-494b-9c6f-4069f326841b,2,3082,Edge Tuning Tool Set,1,119.99,119.99,0.0,10.5
0f95f209-8beb-494b-9c6f-4069f326841b,3,3021,Nordic Classic XC Skis - 185cm,2,349.99,699.98,0.0,61.25
0eb9c041-4c7f-44fb-a5c2-24c445f5da4c,1,3101,Winter Boots - Insulated,2,159.99,319.98,0.0,28.0
6f6685b1-369c-4426-b4bf-a68a015f4ad3,1,3033,Women's Performance Ski Boots,2,579.99,1159.98,0.0,101.5
787e7c0c-4aeb-4256-aee8-8cffa195fe8e,1,3012,Mountain Master All-Terrain Skis - 165cm,1,899.99,899.99,0.0,78.75
787e7c0c-4aeb-4256-aee8-8cffa195fe8e,2,3021,Nordic Classic XC Skis - 185cm,1,349.99,349.99,0.0,30.62
8e485360-a359-4eb4-b6e4-8bf231a05b66,1,3092,All-Mountain Snowboard - 158cm,2,799.99,1599.98,0.0,140.0
8e485360-a359-4eb4-b6e4-8bf231a05b66,2,3104,Ski Tuning Bench - Portable,1,189.99,189.99,0.0,16.62
8e485360-a359-4eb4-b6e4-8bf231a05b66,3,3031,Pro Flex Racing Ski Boots,2,649.99,1299.98,0.0,113.75
4a840cec-d938-4d22-8df6-27c140978218,1,3011,Alpine Pro Racing Skis - 170cm,2,1299.99,2599.98,0.0,227.5
4a840cec-d938-4d22-8df6-27c140978218,2,3013,Beginner's Choice Alpine Skis - 160cm,2,449.99,899.98,0.0,78.75
88bb3262-b4db-40d7-b403-a4687cc649fa,1,3092,All-Mountain Snowboard - 158cm,1,799.99,799.99,0.0,70.0
88bb3262-b4db-40d7-b403-a4687cc649fa,2,3104,Ski Tuning Bench - Portable,1,189.99,189.99,0.0,16.62
00740910-b85d-4531-98bc-0ece0cba8a6d,1,3104,Ski Tuning Bench - Portable,1,189.99,189.99,0.0,16.62
00740910-b85d-4531-98bc-0ece0cba8a6d,2,3032,Comfort Fit Recreational Boots,1,399.99,399.99,0.0,35.0
1537244e-f63c-4059-b9ac-670cd9479ae0,1,3021,Nordic Classic XC Skis - 185cm,2,349.99,699.98,0.0,61.25
b80d8b5e-e95a-4612-9a36-ddd87302167e,1,3081,All-Temp Ski Wax Kit,2,79.99,159.98,0.0,14.0
21411d7c-45e8-40a5-9797-fa66484a9587,1,3104,Ski Tuning Bench - Portable,1,189.99,189.99,0.0,16.62
21411d7c-45e8-40a5-9797-fa66484a9587,2,3092,All-Mountain Snowboard - 158cm,1,799.99,799.99,0.0,70.0
21411d7c-45e8-40a5-9797-fa66484a9587,3,3032,Comfort Fit Recreational Boots,2,399.99,799.98,0.0,70.0
384bc334-f3ab-427a-b9a3-792b01335444,1,3051,Insulated Ski Jacket - Men's,1,299.99,299.99,0.0,26.25
384bc334-f3ab-427a-b9a3-792b01335444,2,3061,Professional Ski Helmet,2,199.99,399.98,0.0,35.0
96d0cf06-660d-462e-85c0-dbbe60c659aa,1,3082,Edge Tuning Tool Set,1,119.99,119.99,0.0,10.5
96d0cf06-660d-462e-85c0-dbbe60c659aa,2,3081,All-Temp Ski Wax Kit,1,79.99,79.99,0.0,7.0
96d0cf06-660d-462e-85c0-dbbe60c659aa,3,3104,Ski Tuning Bench - Portable,2,189.99,379.98,0.0,33.25
e9f11fef-3613-4bf7-93c1-4f77fd6d6078,1,3071,Ski Boot Bag - Premium,2,59.99,119.98,0.0,10.5
e9f11fef-3613-4bf7-93c1-4f77fd6d6078,2,3052,Thermal Base Layer Set - Women's,2,149.99,299.98,0.0,26.25
e9f11fef-3613-4bf7-93c1-4f77fd6d6078,3,3081,All-Temp Ski Wax Kit,2,79.99,159.98,0.0,14.0
abb52ca1-7c9c-4637-bb40-2876549ca5cb,1,3012,Mountain Master All-Terrain Skis - 165cm,1,899.99,899.99,0.0,78.75
abb52ca1-7c9c-4637-bb40-2876549ca5cb,2,3053,Waterproof Ski Pants,2,249.99,499.98,0.0,43.75
abb52ca1-7c9c-4637-bb40-2876549ca5cb,3,3011,Alpine Pro Racing Skis - 170cm,1,1299.99,1299.99,0.0,113.75
abb52ca1-7c9c-4637-bb40-2876549ca5cb,4,3071,Ski Boot Bag - Premium,2,59.99,119.98,0.0,10.5
b86e0d84-f0c0-4857-bc1d-6dd8aa796a3b,1,3092,All-Mountain Snowboard - 158cm,1,799.99,799.99,0.0,70.0
f82574db-a2a7-497e-9b90-bb9215951625,1,3031,Pro Flex Racing Ski Boots,1,649.99,649.99,0.0,56.87
f82574db-a2a7-497e-9b90-bb9215951625,2,3082,Edge Tuning Tool Set,1,119.99,119.99,0.0,10.5
f82574db-a2a7-497e-9b90-bb9215951625,3,3104,Ski Tuning Bench - Portable,2,189.99,379.98,0.0,33.25
01ef388c-7a81-4151-8f26-0853114178e1,1,3042,Aluminum All-Mountain Poles - 115cm,2,99.99,199.98,0.0,17.5
01ef388c-7a81-4151-8f26-0853114178e1,2,3091,Freestyle Snowboard - 155cm,1,649.99,649.99,0.0,56.87
01ef388c-7a81-4151-8f26-0853114178e1,3,3061,Professional Ski Helmet,2,199.99,399.98,0.0,35.0
0cb0d763-b9ec-407d-bbb2-ecddc74dab6c,1,3053,Waterproof Ski Pants,1,249.99,249.99,0.0,21.87
0cb0d763-b9ec-407d-bbb2-ecddc74dab6c,2,3013,Beginner's Choice Alpine Skis - 160cm,2,449.99,899.98,0.0,78.75
0cb0d763-b9ec-407d-bbb2-ecddc74dab6c,3,3031,Pro Flex Racing Ski Boots,2,649.99,1299.98,0.0,113.75
f7405903-ca37-4fb0-926d-ef85d36a0d27,1,3052,Thermal Base Layer Set - Women's,1,149.99,149.99,0.0,13.12
f7405903-ca37-4fb0-926d-ef85d36a0d27,2,3033,Women's Performance Ski Boots,1,579.99,579.99,0.0,50.75
f7405903-ca37-4fb0-926d-ef85d36a0d27,3,3052,Thermal Base Layer Set - Women's,2,149.99,299.98,0.0,26.25
f7405903-ca37-4fb0-926d-ef85d36a0d27,4,3053,Waterproof Ski Pants,1,249.99,249.99,0.0,21.87
f38d815a-211c-497b-8856-d6100ab5fcb5,1,3081,All-Temp Ski Wax Kit,1,79.99,79.99,0.0,7.0
2c322c47-9aca-4738-ac44-ec5eee9da1eb,1,3021,Nordic Classic XC Skis - 185cm,2,349.99,699.98,0.0,61.25
4d52706b-f940-4dd3-b104-0ef1284f4178,1,3031,Pro Flex Racing Ski Boots,1,649.99,649.99,0.0,56.87
82926f0c-367c-4c2f-9d07-54b3cd672c96,1,3032,Comfort Fit Recreational Boots,1,399.99,399.99,0.0,35.0
82926f0c-367c-4c2f-9d07-54b3cd672c96,2,3042,Aluminum All-Mountain Poles - 115cm,1,99.99,99.99,0.0,8.75
4fd4881c-204c-4a76-81c9-6b1695cb47e4,1,3102,Winter Hiking Boots - Waterproof,2,249.99,499.98,0.0,43.75
4fd4881c-204c-4a76-81c9-6b1695cb47e4,2,3013,Beginner's Choice Alpine Skis - 160cm,2,449.99,899.98,0.0,78.75
4fd4881c-204c-4a76-81c9-6b1695cb47e4,3,3061,Professional Ski Helmet,2,199.99,399.98,0.0,35.0
4fd4881c-204c-4a76-81c9-6b1695cb47e4,4,3012,Mountain Master All-Terrain Skis - 165cm,1,899.99,899.99,0.0,78.75
a784eef0-cff8-4066-b53d-d68ac044eafe,1,3021,Nordic Classic XC Skis - 185cm,1,349.99,349.99,0.0,30.62
a784eef0-cff8-4066-b53d-d68ac044eafe,2,3104,Ski Tuning Bench - Portable,1,189.99,189.99,0.0,16.62
a784eef0-cff8-4066-b53d-d68ac044eafe,3,3052,Thermal Base Layer Set - Women's,1,149.99,149.99,0.0,13.12
a784eef0-cff8-4066-b53d-d68ac044eafe,4,3021,Nordic Classic XC Skis - 185cm,2,349.99,699.98,0.0,61.25
b10646f2-33fc-4063-a5bd-d6f01e7e9630,1,3104,Ski Tuning Bench - Portable,1,189.99,189.99,0.0,16.62
0496ff20-7993-4247-b9cf-cbe5e1a86bda,1,3032,Comfort Fit Recreational Boots,2,399.99,799.98,0.0,70.0
0496ff20-7993-4247-b9cf-cbe5e1a86bda,2,3081,All-Temp Ski Wax Kit,1,79.99,79.99,0.0,7.0
35bacd37-ea81-4985-a1b6-6caa64b74b6e,1,3042,Aluminum All-Mountain Poles - 115cm,1,99.99,99.99,0.0,8.75
358b162d-745c-4976-b97d-de3a76e28b2d,1,3072,Hand Warmers - 10 Pack,2,14.99,29.98,0.0,2.62
358b162d-745c-4976-b97d-de3a76e28b2d,2,3042,Aluminum All-Mountain Poles - 115cm,2,99.99,199.98,0.0,17.5
18e9bd3a-4fe3-4027-89c5-ef76bbe94b27,1,3013,Beginner's Choice Alpine Skis - 160cm,2,449.99,899.98,0.0,78.75
18e9bd3a-4fe3-4027-89c5-ef76bbe94b27,2,3091,Freestyle Snowboard - 155cm,1,649.99,649.99,0.0,56.87
18e9bd3a-4fe3-4027-89c5-ef76bbe94b27,3,3022,Backcountry Explorer XC Skis - 190cm,1,549.99,549.99,0.0,48.12
18e9bd3a-4fe3-4027-89c5-ef76bbe94b27,4,3081,All-Temp Ski Wax Kit,2,79.99,159.98,0.0,14.0
77e026a0-7634-4980-ab89-bdae1d924038,1,3033,Women's Performance Ski Boots,2,579.99,1159.98,0.0,101.5
8eb05139-4ed3-44c1-a33f-fe0e36b4b283,1,3103,Snowboard Bindings - Pro,1,299.99,299.99,0.0,26.25
8eb05139-4ed3-44c1-a33f-fe0e36b4b283,2,3081,All-Temp Ski Wax Kit,2,79.99,159.98,0.0,14.0
8eb05139-4ed3-44c1-a33f-fe0e36b4b283,3,3103,Snowboard Bindings - Pro,1,299.99,299.99,0.0,26.25
e82d31ed-b3c6-40c4-86df-67b9532b6d9b,1,3052,Thermal Base Layer Set - Women's,2,149.99,299.98,0.0,26.25
e82d31ed-b3c6-40c4-86df-67b9532b6d9b,2,3031,Pro Flex Racing Ski Boots,2,649.99,1299.98,0.0,113.75
6a12fe9a-14c0-41aa-9f0f-ab5d6a718f0c,1,3092,All-Mountain Snowboard - 158cm,2,799.99,1599.98,0.0,140.0
6a12fe9a-14c0-41aa-9f0f-ab5d6a718f0c,2,3092,All-Mountain Snowboard - 158cm,1,799.99,799.99,0.0,70.0
d1a5bb8b-72ff-464a-9fda-558799964950,1,3101,Winter Boots - Insulated,2,159.99,319.98,0.0,28.0
d1a5bb8b-72ff-464a-9fda-558799964950,2,3081,All-Temp Ski Wax Kit,1,79.99,79.99,0.0,7.0
d1a5bb8b-72ff-464a-9fda-558799964950,3,3082,Edge Tuning Tool Set,2,119.99,239.98,0.0,21.0
d1a5bb8b-72ff-464a-9fda-558799964950,4,3051,Insulated Ski Jacket - Men's,1,299.99,299.99,0.0,26.25
94bf671c-7d04-48b8-a00e-cc12d1e32fe6,1,3013,Beginner's Choice Alpine Skis - 160cm,2,449.99,899.98,0.0,78.75
94bf671c-7d04-48b8-a00e-cc12d1e32fe6,2,3061,Professional Ski Helmet,2,199.99,399.98,0.0,35.0
94bf671c-7d04-48b8-a00e-cc12d1e32fe6,3,3051,Insulated Ski Jacket - Men's,1,299.99,299.99,0.0,26.25
94bf671c-7d04-48b8-a00e-cc12d1e32fe6,4,3022,Backcountry Explorer XC Skis - 190cm,2,549.99,1099.98,0.0,96.25
72c7592a-4fd4-4b95-825a-53724915b680,1,3081,All-Temp Ski Wax Kit,2,79.99,159.98,0.0,14.0
41e059ec-b93b-432a-8598-abb50c365ae9,1,3033,Women's Performance Ski Boots,1,579.99,579.99,0.0,50.75
41e059ec-b93b-432a-8598-abb50c365ae9,2,3081,All-Temp Ski Wax Kit,2,79.99,159.98,0.0,14.0
41e059ec-b93b-432a-8598-abb50c365ae9,3,3081,All-Temp Ski Wax Kit,2,79.99,159.98,0.0,14.0
ddac4a7a-a4ef-4ad6-9f8c-178a815eb38a,1,3082,Edge Tuning Tool Set,2,119.99,239.98,0.0,21.0
ddac4a7a-a4ef-4ad6-9f8c-178a815eb38a,2,3012,Mountain Master All-Terrain Skis - 165cm,1,899.99,899.99,0.0,78.75
ddac4a7a-a4ef-4ad6-9f8c-178a815eb38a,3,3071,Ski Boot Bag - Premium,1,59.99,59.99,0.0,5.25
ddac4a7a-a4ef-4ad6-9f8c-178a815eb38a,4,3042,Aluminum All-Mountain Poles - 115cm,2,99.99,199.98,0.0,17.5
b75514ad-cfc9-47bd-bbed-9eeb49dcb352,1,3104,Ski Tuning Bench - Portable,1,189.99,189.99,0.0,16.62
b898ecff-b867-42d4-b262-f6ea7595f684,1,3082,Edge Tuning Tool Set,2,119.99,239.98,0.0,21.0
b898ecff-b867-42d4-b262-f6ea7595f684,2,3101,Winter Boots - Insulated,1,159.99,159.99,0.0,14.0
b898ecff-b867-42d4-b262-f6ea7595f684,3,3082,Edge Tuning Tool Set,1,119.99,119.99,0.0,10.5
b898ecff-b867-42d4-b262-f6ea7595f684,4,3104,Ski Tuning Bench - Portable,1,189.99,189.99,0.0,16.62
02f96f48-feac-4c31-9cb0-5e555e39961d,1,3032,Comfort Fit Recreational Boots,1,399.99,399.99,0.0,35.0
02f96f48-feac-4c31-9cb0-5e555e39961d,2,3021,Nordic Classic XC Skis - 185cm,2,349.99,699.98,0.0,61.25
02f96f48-feac-4c31-9cb0-5e555e39961d,3,3053,Waterproof Ski Pants,1,249.99,249.99,0.0,21.87
bd1ff1ac-42aa-48af-8a35-5d5182d4e598,1,3053,Waterproof Ski Pants,1,249.99,249.99,0.0,21.87
e465c78d-23f1-43d0-a5e4-5c123106331e,1,3081,All-Temp Ski Wax Kit,2,79.99,159.98,0.0,14.0
36184601-7a90-4edd-8457-ae410a324382,1,3032,Comfort Fit Recreational Boots,2,399.99,799.98,0.0,70.0
63614ce5-bcbc-4923-865c-1be898476f21,1,3062,Anti-Fog Ski Goggles,1,129.99,129.99,0.0,11.37
63614ce5-bcbc-4923-865c-1be898476f21,2,3091,Freestyle Snowboard - 155cm,2,649.99,1299.98,0.0,113.75
63614ce5-bcbc-4923-865c-1be898476f21,3,3011,Alpine Pro Racing Skis - 170cm,1,1299.99,1299.99,0.0,113.75
63614ce5-bcbc-4923-865c-1be898476f21,4,3103,Snowboard Bindings - Pro,2,299.99,599.98,0.0,52.5
95baa0d4-9535-4abc-8412-e0c7ec2f2e6f,1,3081,All-Temp Ski Wax Kit,1,79.99,79.99,0.0,7.0
95baa0d4-9535-4abc-8412-e0c7ec2f2e6f,2,3091,Freestyle Snowboard - 155cm,2,649.99,1299.98,0.0,113.75
95baa0d4-9535-4abc-8412-e0c7ec2f2e6f,3,3081,All-Temp Ski Wax Kit,2,79.99,159.98,0.0,14.0
a8e0aa20-77d5-4a4d-bf97-6c5e2d8c3e25,1,3072,Hand Warmers - 10 Pack,1,14.99,14.99,0.0,1.31
e349d409-aa91-4ba2-8c76-d9d031cd3b32,1,3021,Nordic Classic XC Skis - 185cm,1,349.99,349.99,0.0,30.62
a509766c-e042-4866-b942-a7ff8e061d3a,1,3053,Waterproof Ski Pants,2,249.99,499.98,0.0,43.75
a509766c-e042-4866-b942-a7ff8e061d3a,2,3082,Edge Tuning Tool Set,2,119.99,239.98,0.0,21.0
106c2e85-1ce1-437d-926d-28ce9a22fb3e,1,3081,All-Temp Ski Wax Kit,1,79.99,79.99,0.0,7.0
106c2e85-1ce1-437d-926d-28ce9a22fb3e,2,3103,Snowboard Bindings - Pro,2,299.99,599.98,0.0,52.5
106c2e85-1ce1-437d-926d-28ce9a22fb3e,3,3104,Ski Tuning Bench - Portable,1,189.99,189.99,0.0,16.62
106c2e85-1ce1-437d-926d-28ce9a22fb3e,4,3082,Edge Tuning Tool Set,1,119.99,119.99,0.0,10.5
f353ad14-bb03-4840-b2c4-aae7b02b5ccf,1,3011,Alpine Pro Racing Skis - 170cm,2,1299.99,2599.98,0.0,227.5
749c7527-e794-480a-b935-342f900da84e,1,3012,Mountain Master All-Terrain Skis - 165cm,2,899.99,1799.98,0.0,157.5
749c7527-e794-480a-b935-342f900da84e,2,3051,Insulated Ski Jacket - Men's,1,299.99,299.99,0.0,26.25
749c7527-e794-480a-b935-342f900da84e,3,3053,Waterproof Ski Pants,2,249.99,499.98,0.0,43.75
6d0e724b-937c-40c4-a060-dda8b285013f,1,3082,Edge Tuning Tool Set,2,119.99,239.98,0.0,21.0
e491e609-a6de-4348-ba4d-49ce1f664601,1,3081,All-Temp Ski Wax Kit,2,79.99,159.98,0.0,14.0
e491e609-a6de-4348-ba4d-49ce1f664601,2,3042,Aluminum All-Mountain Poles - 115cm,1,99.99,99.99,0.0,8.75
e491e609-a6de-4348-ba4d-49ce1f664601,3,3104,Ski Tuning Bench - Portable,2,189.99,379.98,0.0,33.25
e491e609-a6de-4348-ba4d-49ce1f664601,4,3072,Hand Warmers - 10 Pack,1,14.99,14.99,0.0,1.31
312ae0c5-de21-41f2-a7ef-a7412ecea7ce,1,3103,Snowboard Bindings - Pro,1,299.99,299.99,0.0,26.25
312ae0c5-de21-41f2-a7ef-a7412ecea7ce,2,3062,Anti-Fog Ski Goggles,2,129.99,259.98,0.0,22.75
312ae0c5-de21-41f2-a7ef-a7412ecea7ce,3,3052,Thermal Base Layer Set - Women's,2,149.99,299.98,0.0,26.25
312ae0c5-de21-41f2-a7ef-a7412ecea7ce,4,3101,Winter Boots - Insulated,2,159.99,319.98,0.0,28.0
542c32ae-3186-47d1-979d-9cd98ccc50b8,1,3082,Edge Tuning Tool Set,1,119.99,119.99,0.0,10.5
542c32ae-3186-47d1-979d-9cd98ccc50b8,2,3053,Waterproof Ski Pants,2,249.99,499.98,0.0,43.75
542c32ae-3186-47d1-979d-9cd98ccc50b8,3,3052,Thermal Base Layer Set - Women's,2,149.99,299.98,0.0,26.25
542c32ae-3186-47d1-979d-9cd98ccc50b8,4,3012,Mountain Master All-Terrain Skis - 165cm,1,899.99,899.99,0.0,78.75
85d89457-b7d7-424b-9726-9022a71076c5,1,3032,Comfort Fit Recreational Boots,2,399.99,799.98,0.0,70.0
85d89457-b7d7-424b-9726-9022a71076c5,2,3011,Alpine Pro Racing Skis - 170cm,2,1299.99,2599.98,0.0,227.5
d123b4a4-0536-4bfc-bd49-fef549a893a4,1,3033,Women's Performance Ski Boots,2,579.99,1159.98,0.0,101.5
d123b4a4-0536-4bfc-bd49-fef549a893a4,2,3082,Edge Tuning Tool Set,2,119.99,239.98,0.0,21.0
21fc8a43-f985-4421-b4cb-cfe788747417,1,3013,Beginner's Choice Alpine Skis - 160cm,1,449.99,449.99,0.0,39.37
21fc8a43-f985-4421-b4cb-cfe788747417,2,3051,Insulated Ski Jacket - Men's,1,299.99,299.99,0.0,26.25
21fc8a43-f985-4421-b4cb-cfe788747417,3,3051,Insulated Ski Jacket - Men's,1,299.99,299.99,0.0,26.25
21fc8a43-f985-4421-b4cb-cfe788747417,4,3053,Waterproof Ski Pants,1,249.99,249.99,0.0,21.87
55bcaa24-d20f-4cba-8a55-7134a9c2595f,1,3052,Thermal Base Layer Set - Women's,1,149.99,149.99,0.0,13.12
9870a218-da93-4974-86af-ecb918c77330,1,3052,Thermal Base Layer Set - Women's,1,149.99,149.99,0.0,13.12
9870a218-da93-4974-86af-ecb918c77330,2,3033,Women's Performance Ski Boots,1,579.99,579.99,0.0,50.75
9870a218-da93-4974-86af-ecb918c77330,3,3052,Thermal Base Layer Set - Women's,2,149.99,299.98,0.0,26.25
9870a218-da93-4974-86af-ecb918c77330,4,3062,Anti-Fog Ski Goggles,1,129.99,129.99,0.0,11.37
0dbd12ea-3b04-47fd-b6c0-481d09c5d27b,1,3103,Snowboard Bindings - Pro,2,299.99,599.98,0.0,52.5
0dbd12ea-3b04-47fd-b6c0-481d09c5d27b,2,3104,Ski Tuning Bench - Portable,2,189.99,379.98,0.0,33.25
0dbd12ea-3b04-47fd-b6c0-481d09c5d27b,3,3052,Thermal Base Layer Set - Women's,2,149.99,299.98,0.0,26.25
73dae990-b4f6-4f52-a406-d628233f705d,1,3031,Pro Flex Racing Ski Boots,1,649.99,649.99,0.0,56.87
73dae990-b4f6-4f52-a406-d628233f705d,2,3052,Thermal Base Layer Set - Women's,2,149.99,299.98,0.0,26.25
7949127d-a7f9-4636-8222-cb7f2e38c75a,1,3104,Ski Tuning Bench - Portable,1,189.99,189.99,0.0,16.62
7949127d-a7f9-4636-8222-cb7f2e38c75a,2,3081,All-Temp Ski Wax Kit,1,79.99,79.99,0.0,7.0
16242e79-2098-450e-bded-484ee178d58d,1,3052,Thermal Base Layer Set - Women's,2,149.99,299.98,0.0,26.25
16242e79-2098-450e-bded-484ee178d58d,2,3082,Edge Tuning Tool Set,1,119.99,119.99,0.0,10.5
a5571f3b-10fa-47f0-95e9-d4a057fed8b1,1,3102,Winter Hiking Boots - Waterproof,2,249.99,499.98,0.0,43.75
7b0f83d6-362e-45db-8ed7-cd2914cd6955,1,3081,All-Temp Ski Wax Kit,1,79.99,79.99,0.0,7.0
7b0f83d6-362e-45db-8ed7-cd2914cd6955,2,3053,Waterproof Ski Pants,1,249.99,249.99,0.0,21.87
7b0f83d6-362e-45db-8ed7-cd2914cd6955,3,3012,Mountain Master All-Terrain Skis - 165cm,2,899.99,1799.98,0.0,157.5
7b0f83d6-362e-45db-8ed7-cd2914cd6955,4,3081,All-Temp Ski Wax Kit,1,79.99,79.99,0.0,7.0
f0c45c5f-da96-421d-b6f9-0a43d177dbe6,1,3101,Winter Boots - Insulated,2,159.99,319.98,0.0,28.0
fbfbea04-d0d9-46f6-8a68-6abeabf886a5,1,3031,Pro Flex Racing Ski Boots,1,649.99,649.99,0.0,56.87
fbfbea04-d0d9-46f6-8a68-6abeabf886a5,2,3012,Mountain Master All-Terrain Skis - 165cm,2,899.99,1799.98,0.0,157.5
fbfbea04-d0d9-46f6-8a68-6abeabf886a5,3,3033,Women's Performance Ski Boots,1,579.99,579.99,0.0,50.75
fbfbea04-d0d9-46f6-8a68-6abeabf886a5,4,3011,Alpine Pro Racing Skis - 170cm,1,1299.99,1299.99,0.0,113.75
d23d55e0-c00b-4d94-8539-54558ddbcf0a,1,3033,Women's Performance Ski Boots,2,579.99,1159.98,0.0,101.5
d23d55e0-c00b-4d94-8539-54558ddbcf0a,2,3022,Backcountry Explorer XC Skis - 190cm,2,549.99,1099.98,0.0,96.25
d23d55e0-c00b-4d94-8539-54558ddbcf0a,3,3051,Insulated Ski Jacket - Men's,2,299.99,599.98,0.0,52.5
d23d55e0-c00b-4d94-8539-54558ddbcf0a,4,3082,Edge Tuning Tool Set,1,119.99,119.99,0.0,10.5
eed7606e-de83-43a2-b5c8-05bf024b712a,1,3053,Waterproof Ski Pants,1,249.99,249.99,0.0,21.87
417a0f7d-bb6f-415f-bd4b-531bb10218d2,1,3091,Freestyle Snowboard - 155cm,2,649.99,1299.98,0.0,113.75
e3bd4761-d46a-43eb-898e-855f77ac6573,1,3104,Ski Tuning Bench - Portable,2,189.99,379.98,0.0,33.25
e3bd4761-d46a-43eb-898e-855f77ac6573,2,3032,Comfort Fit Recreational Boots,1,399.99,399.99,0.0,35.0
e3bd4761-d46a-43eb-898e-855f77ac6573,3,3082,Edge Tuning Tool Set,1,119.99,119.99,0.0,10.5
e3bd4761-d46a-43eb-898e-855f77ac6573,4,3104,Ski Tuning Bench - Portable,2,189.99,379.98,0.0,33.25
c040f624-bd4b-441f-a630-7fc922ceb257,1,3092,All-Mountain Snowboard - 158cm,1,799.99,799.99,0.0,70.0
23b564f9-b921-4a17-a626-31260f8ba15f,1,3081,All-Temp Ski Wax Kit,2,79.99,159.98,0.0,14.0
cd256f33-c7de-4862-8885-0e0d45d42e9d,1,3052,Thermal Base Layer Set - Women's,2,149.99,299.98,0.0,26.25
cd256f33-c7de-4862-8885-0e0d45d42e9d,2,3081,All-Temp Ski Wax Kit,1,79.99,79.99,0.0,7.0
9910d397-0b9d-4590-b45d-5aef24f01b2b,1,3072,Hand Warmers - 10 Pack,1,14.99,14.99,0.0,1.31
9910d397-0b9d-4590-b45d-5aef24f01b2b,2,3082,Edge Tuning Tool Set,2,119.99,239.98,0.0,21.0
093a1291-5e64-4317-8243-83eb8d5b2c91,1,3042,Aluminum All-Mountain Poles - 115cm,1,99.99,99.99,0.0,8.75
093a1291-5e64-4317-8243-83eb8d5b2c91,2,3082,Edge Tuning Tool Set,2,119.99,239.98,0.0,21.0
1f3730cb-618b-47b8-b8e8-0969e9583cc7,1,3104,Ski Tuning Bench - Portable,1,189.99,189.99,0.0,16.62
9f8cacb6-ff2d-4b53-ac48-1b09e1b1a061,1,3042,Aluminum All-Mountain Poles - 115cm,2,99.99,199.98,0.0,17.5
b0ae95c7-b7c9-4aeb-bc88-ccbeb89208ec,1,3032,Comfort Fit Recreational Boots,1,399.99,399.99,0.0,35.0
b0ae95c7-b7c9-4aeb-bc88-ccbeb89208ec,2,3012,Mountain Master All-Terrain Skis - 165cm,2,899.99,1799.98,0.0,157.5
7cb2021d-8d80-4b2f-a036-d97b5153f16b,1,3082,Edge Tuning Tool Set,2,119.99,239.98,0.0,21.0
7cb2021d-8d80-4b2f-a036-d97b5153f16b,2,3082,Edge Tuning Tool Set,2,119.99,239.98,0.0,21.0
7cb2021d-8d80-4b2f-a036-d97b5153f16b,3,3072,Hand Warmers - 10 Pack,1,14.99,14.99,0.0,1.31
9f145ef1-9023-4d80-a1f4-59aa3b9ad26c,1,3081,All-Temp Ski Wax Kit,2,79.99,159.98,0.0,14.0
7bffcbb2-f291-419e-8670-f81904b016e2,1,3103,Snowboard Bindings - Pro,2,299.99,599.98,0.0,52.5
7bffcbb2-f291-419e-8670-f81904b016e2,2,3102,Winter Hiking Boots - Waterproof,1,249.99,249.99,0.0,21.87
855a04ab-3d9b-49c5-8aa3-b0a2ca4eb52a,1,3081,All-Temp Ski Wax Kit,1,79.99,79.99,0.0,7.0
855a04ab-3d9b-49c5-8aa3-b0a2ca4eb52a,2,3033,Women's Performance Ski Boots,1,579.99,579.99,0.0,50.75
73f1734d-a152-4906-982b-ac43e9cd1e16,1,3091,Freestyle Snowboard - 155cm,1,649.99,649.99,0.0,56.87
73f1734d-a152-4906-982b-ac43e9cd1e16,2,3012,Mountain Master All-Terrain Skis - 165cm,2,899.99,1799.98,0.0,157.5
4ad193db-0573-4e0b-aecf-c73509099551,1,3092,All-Mountain Snowboard - 158cm,1,799.99,799.99,0.0,70.0
4ad193db-0573-4e0b-aecf-c73509099551,2,3103,Snowboard Bindings - Pro,2,299.99,599.98,0.0,52.5
3cff0566-b4d9-4965-903e-5ff219e7c2a6,1,3012,Mountain Master All-Terrain Skis - 165cm,1,899.99,899.99,0.0,78.75
3cff0566-b4d9-4965-903e-5ff219e7c2a6,2,3033,Women's Performance Ski Boots,2,579.99,1159.98,0.0,101.5
3cff0566-b4d9-4965-903e-5ff219e7c2a6,3,3051,Insulated Ski Jacket - Men's,2,299.99,599.98,0.0,52.5
761f4738-ed88-4b51-9afe-9ecc0debf53e,1,3013,Beginner's Choice Alpine Skis - 160cm,2,449.99,899.98,0.0,78.75
f420f778-ac08-4cf1-b52c-11e2d99a8f7f,1,3013,Beginner's Choice Alpine Skis - 160cm,1,449.99,449.99,0.0,39.37
f420f778-ac08-4cf1-b52c-11e2d99a8f7f,2,3012,Mountain Master All-Terrain Skis - 165cm,1,899.99,899.99,0.0,78.75
f420f778-ac08-4cf1-b52c-11e2d99a8f7f,3,3013,Beginner's Choice Alpine Skis - 160cm,2,449.99,899.98,0.0,78.75
94eeaf7f-4753-4473-b90c-c88ed70a6003,1,3031,Pro Flex Racing Ski Boots,1,649.99,649.99,0.0,56.87
94eeaf7f-4753-4473-b90c-c88ed70a6003,2,3052,Thermal Base Layer Set - Women's,2,149.99,299.98,0.0,26.25
290d907a-2631-4bbe-8488-98642c108d6c,1,3032,Comfort Fit Recreational Boots,1,399.99,399.99,0.0,35.0
290d907a-2631-4bbe-8488-98642c108d6c,2,3032,Comfort Fit Recreational Boots,1,399.99,399.99,0.0,35.0
290d907a-2631-4bbe-8488-98642c108d6c,3,3053,Waterproof Ski Pants,2,249.99,499.98,0.0,43.75
391f5896-0435-4ed0-85b0-a6734cc0d0d1,1,3021,Nordic Classic XC Skis - 185cm,2,349.99,699.98,0.0,61.25
391f5896-0435-4ed0-85b0-a6734cc0d0d1,2,3011,Alpine Pro Racing Skis - 170cm,2,1299.99,2599.98,0.0,227.5
fae85c2a-c4b4-4cb3-a256-2433d0761d66,1,3013,Beginner's Choice Alpine Skis - 160cm,2,449.99,899.98,0.0,78.75
fae85c2a-c4b4-4cb3-a256-2433d0761d66,2,3062,Anti-Fog Ski Goggles,2,129.99,259.98,0.0,22.75
fae85c2a-c4b4-4cb3-a256-2433d0761d66,3,3103,Snowboard Bindings - Pro,2,299.99,599.98,0.0,52.5
fae85c2a-c4b4-4cb3-a256-2433d0761d66,4,3021,Nordic Classic XC Skis - 185cm,1,349.99,349.99,0.0,30.62
30a05b77-8338-47e4-b008-5138377b5858,1,3012,Mountain Master All-Terrain Skis - 165cm,2,899.99,1799.98,0.0,157.5
d96ba67d-bee6-463d-8b45-fc439a9241d0,1,3011,Alpine Pro Racing Skis - 170cm,1,1299.99,1299.99,0.0,113.75
d96ba67d-bee6-463d-8b45-fc439a9241d0,2,3011,Alpine Pro Racing Skis - 170cm,1,1299.99,1299.99,0.0,113.75
d96ba67d-bee6-463d-8b45-fc439a9241d0,3,3031,Pro Flex Racing Ski Boots,2,649.99,1299.98,0.0,113.75
d96ba67d-bee6-463d-8b45-fc439a9241d0,4,3053,Waterproof Ski Pants,1,249.99,249.99,0.0,21.87
b49a501b-0263-402e-92eb-8109b044b77a,1,3071,Ski Boot Bag - Premium,1,59.99,59.99,0.0,5.25
b49a501b-0263-402e-92eb-8109b044b77a,2,3101,Winter Boots - Insulated,2,159.99,319.98,0.0,28.0
b49a501b-0263-402e-92eb-8109b044b77a,3,3091,Freestyle Snowboard - 155cm,2,649.99,1299.98,0.0,113.75
840beec1-8fc2-4008-9e34-623947c044d8,1,3052,Thermal Base Layer Set - Women's,1,149.99,149.99,0.0,13.12
840beec1-8fc2-4008-9e34-623947c044d8,2,3033,Women's Performance Ski Boots,2,579.99,1159.98,0.0,101.5
840beec1-8fc2-4008-9e34-623947c044d8,3,3101,Winter Boots - Insulated,2,159.99,319.98,0.0,28.0
840beec1-8fc2-4008-9e34-623947c044d8,4,3031,Pro Flex Racing Ski Boots,2,649.99,1299.98,0.0,113.75
1e7ca09b-780e-448d-8375-3fa480f29134,1,3061,Professional Ski Helmet,1,199.99,199.99,0.0,17.5
1e7ca09b-780e-448d-8375-3fa480f29134,2,3082,Edge Tuning Tool Set,1,119.99,119.99,0.0,10.5
1e7ca09b-780e-448d-8375-3fa480f29134,3,3013,Beginner's Choice Alpine Skis - 160cm,1,449.99,449.99,0.0,39.37
fec6f38f-2ba6-4482-afdd-819cb3d110d5,1,3011,Alpine Pro Racing Skis - 170cm,2,1299.99,2599.98,0.0,227.5
fec6f38f-2ba6-4482-afdd-819cb3d110d5,2,3082,Edge Tuning Tool Set,2,119.99,239.98,0.0,21.0
fec6f38f-2ba6-4482-afdd-819cb3d110d5,3,3092,All-Mountain Snowboard - 158cm,1,799.99,799.99,0.0,70.0
fec6f38f-2ba6-4482-afdd-819cb3d110d5,4,3092,All-Mountain Snowboard - 158cm,1,799.99,799.99,0.0,70.0
85c5378e-bb09-4bb6-bd15-918def472337,1,3021,Nordic Classic XC Skis - 185cm,1,349.99,349.99,0.0,30.62
6f5839cb-608e-48ff-85b7-e125601c009e,1,3091,Freestyle Snowboard - 155cm,2,649.99,1299.98,0.0,113.75
11a086ec-a751-40ab-9b55-50e095471fe4,1,3032,Comfort Fit Recreational Boots,2,399.99,799.98,0.0,70.0
11a086ec-a751-40ab-9b55-50e095471fe4,2,3032,Comfort Fit Recreational Boots,2,399.99,799.98,0.0,70.0
bacc3ef6-19c1-417c-a76a-97f8af03af0d,1,3082,Edge Tuning Tool Set,2,119.99,239.98,0.0,21.0
bacc3ef6-19c1-417c-a76a-97f8af03af0d,2,3072,Hand Warmers - 10 Pack,2,14.99,29.98,0.0,2.62
bacc3ef6-19c1-417c-a76a-97f8af03af0d,3,3032,Comfort Fit Recreational Boots,1,399.99,399.99,0.0,35.0
bacc3ef6-19c1-417c-a76a-97f8af03af0d,4,3104,Ski Tuning Bench - Portable,2,189.99,379.98,0.0,33.25
a6250e3a-50ac-4d9e-8d55-827b64cd02b6,1,3081,All-Temp Ski Wax Kit,2,79.99,159.98,0.0,14.0
40da63d4-4c3f-4a1e-8516-e55b39960ca4,1,3082,Edge Tuning Tool Set,1,119.99,119.99,0.0,10.5
40da63d4-4c3f-4a1e-8516-e55b39960ca4,2,3104,Ski Tuning Bench - Portable,1,189.99,189.99,0.0,16.62
40da63d4-4c3f-4a1e-8516-e55b39960ca4,3,3104,Ski Tuning Bench - Portable,1,189.99,189.99,0.0,16.62
d0687ea0-f9fb-422b-8240-56b377263285,1,3021,Nordic Classic XC Skis - 185cm,2,349.99,699.98,0.0,61.25
c67f75ac-42cf-4d0f-9ec6-5b7a2df46e03,1,3051,Insulated Ski Jacket - Men's,1,299.99,299.99,0.0,26.25
c67f75ac-42cf-4d0f-9ec6-5b7a2df46e03,2,3061,Professional Ski Helmet,1,199.99,199.99,0.0,17.5
c67f75ac-42cf-4d0f-9ec6-5b7a2df46e03,3,3052,Thermal Base Layer Set - Women's,1,149.99,149.99,0.0,13.12
9e9fbad1-6d27-49fa-b08a-e8909e91abbc,1,3104,Ski Tuning Bench - Portable,1,189.99,189.99,0.0,16.62
9e9fbad1-6d27-49fa-b08a-e8909e91abbc,2,3081,All-Temp Ski Wax Kit,2,79.99,159.98,0.0,14.0
a2da0843-85b1-4f8c-bdbd-fc38619f5b7d,1,3031,Pro Flex Racing Ski Boots,2,649.99,1299.98,0.0,113.75
a404748c-3790-404f-ba58-1f4e76d75bc4,1,3032,Comfort Fit Recreational Boots,1,399.99,399.99,0.0,35.0
a404748c-3790-404f-ba58-1f4e76d75bc4,2,3091,Freestyle Snowboard - 155cm,2,649.99,1299.98,0.0,113.75
a404748c-3790-404f-ba58-1f4e76d75bc4,3,3104,Ski Tuning Bench - Portable,1,189.99,189.99,0.0,16.62
a404748c-3790-404f-ba58-1f4e76d75bc4,4,3012,Mountain Master All-Terrain Skis - 165cm,2,899.99,1799.98,0.0,157.5
f0ad65cf-998c-40e3-a552-b1dc3961e0d8,1,3013,Beginner's Choice Alpine Skis - 160cm,1,449.99,449.99,0.0,39.37
f0ad65cf-998c-40e3-a552-b1dc3961e0d8,2,3012,Mountain Master All-Terrain Skis - 165cm,2,899.99,1799.98,0.0,157.5
f0ad65cf-998c-40e3-a552-b1dc3961e0d8,3,3033,Women's Performance Ski Boots,1,579.99,579.99,0.0,50.75
f0ad65cf-998c-40e3-a552-b1dc3961e0d8,4,3013,Beginner's Choice Alpine Skis - 160cm,1,449.99,449.99,0.0,39.37
adf63530-482c-41d1-809c-0b157a7d4f51,1,3091,Freestyle Snowboard - 155cm,1,649.99,649.99,0.0,56.87
adf63530-482c-41d1-809c-0b157a7d4f51,2,3032,Comfort Fit Recreational Boots,2,399.99,799.98,0.0,70.0
adf63530-482c-41d1-809c-0b157a7d4f51,3,3031,Pro Flex Racing Ski Boots,1,649.99,649.99,0.0,56.87
e8f30804-a7f1-4e0d-b479-bd548c65f248,1,3081,All-Temp Ski Wax Kit,2,79.99,159.98,0.0,14.0
e8f30804-a7f1-4e0d-b479-bd548c65f248,2,3102,Winter Hiking Boots - Waterproof,2,249.99,499.98,0.0,43.75
cd9f4b33-c6c7-4169-95f8-895f683b4f3f,1,3013,Beginner's Choice Alpine Skis - 160cm,2,449.99,899.98,0.0,78.75
cd9f4b33-c6c7-4169-95f8-895f683b4f3f,2,3021,Nordic Classic XC Skis - 185cm,1,349.99,349.99,0.0,30.62
cd9f4b33-c6c7-4169-95f8-895f683b4f3f,3,3053,Waterproof Ski Pants,2,249.99,499.98,0.0,43.75
cd9f4b33-c6c7-4169-95f8-895f683b4f3f,4,3033,Women's Performance Ski Boots,1,579.99,579.99,0.0,50.75
8d5021ee-7dfc-4213-b66c-731642ea6e33,1,3011,Alpine Pro Racing Skis - 170cm,2,1299.99,2599.98,0.0,227.5
8d5021ee-7dfc-4213-b66c-731642ea6e33,2,3013,Beginner's Choice Alpine Skis - 160cm,2,449.99,899.98,0.0,78.75
99eeadbe-e3e6-4594-89db-dbb64885c11d,1,3052,Thermal Base Layer Set - Women's,2,149.99,299.98,0.0,26.25
390fa6da-1cbe-4920-b458-60d4cd380d8e,1,3051,Insulated Ski Jacket - Men's,1,299.99,299.99,0.0,26.25
390fa6da-1cbe-4920-b458-60d4cd380d8e,2,3091,Freestyle Snowboard - 155cm,1,649.99,649.99,0.0,56.87
3917f039-1b27-404f-ab51-3baf7855c3fe,1,3031,Pro Flex Racing Ski Boots,1,649.99,649.99,0.0,56.87
3917f039-1b27-404f-ab51-3baf7855c3fe,2,3032,Comfort Fit Recreational Boots,1,399.99,399.99,0.0,35.0
3917f039-1b27-404f-ab51-3baf7855c3fe,3,3033,Women's Performance Ski Boots,1,579.99,579.99,0.0,50.75
801f9519-85fa-42be-8770-2f72affb4be5,1,3081,All-Temp Ski Wax Kit,2,79.99,159.98,0.0,14.0
d5ed2191-eae8-47f5-b035-a30977826856,1,3041,Carbon Fiber Racing Poles - 120cm,1,179.99,179.99,0.0,15.75
aaec8973-6351-4631-8def-2396c64cf8d2,1,3053,Waterproof Ski Pants,2,249.99,499.98,0.0,43.75
aaec8973-6351-4631-8def-2396c64cf8d2,2,3081,All-Temp Ski Wax Kit,2,79.99,159.98,0.0,14.0
9bd6dfb4-406f-48ac-b6ed-026cdb0ca031,1,3031,Pro Flex Racing Ski Boots,2,649.99,1299.98,0.0,113.75
9bd6dfb4-406f-48ac-b6ed-026cdb0ca031,2,3091,Freestyle Snowboard - 155cm,2,649.99,1299.98,0.0,113.75
9bd6dfb4-406f-48ac-b6ed-026cdb0ca031,3,3012,Mountain Master All-Terrain Skis - 165cm,1,899.99,899.99,0.0,78.75
9bd6dfb4-406f-48ac-b6ed-026cdb0ca031,4,3082,Edge Tuning Tool Set,1,119.99,119.99,0.0,10.5
1e9a28ea-5b43-4df3-b3e0-e85538a01675,1,3082,Edge Tuning Tool Set,2,119.99,239.98,0.0,21.0
1e9a28ea-5b43-4df3-b3e0-e85538a01675,2,3104,Ski Tuning Bench - Portable,2,189.99,379.98,0.0,33.25
1e9a28ea-5b43-4df3-b3e0-e85538a01675,3,3082,Edge Tuning Tool Set,2,119.99,239.98,0.0,21.0
1e9a28ea-5b43-4df3-b3e0-e85538a01675,4,3102,Winter Hiking Boots - Waterproof,1,249.99,249.99,0.0,21.87
79101027-53bd-45e8-8208-8bdcd1388ae5,1,3091,Freestyle Snowboard - 155cm,2,649.99,1299.98,0.0,113.75
79101027-53bd-45e8-8208-8bdcd1388ae5,2,3104,Ski Tuning Bench - Portable,2,189.99,379.98,0.0,33.25
ee33489e-2946-4956-8ad6-9eab65f008ad,1,3042,Aluminum All-Mountain Poles - 115cm,2,99.99,199.98,0.0,17.5
ee33489e-2946-4956-8ad6-9eab65f008ad,2,3092,All-Mountain Snowboard - 158cm,1,799.99,799.99,0.0,70.0
ee33489e-2946-4956-8ad6-9eab65f008ad,3,3081,All-Temp Ski Wax Kit,2,79.99,159.98,0.0,14.0
ee33489e-2946-4956-8ad6-9eab65f008ad,4,3102,Winter Hiking Boots - Waterproof,1,249.99,249.99,0.0,21.87
b58b2ee4-ef56-4434-aa6f-bdd0ae3f73c5,1,3104,Ski Tuning Bench - Portable,2,189.99,379.98,0.0,33.25
b58b2ee4-ef56-4434-aa6f-bdd0ae3f73c5,2,3062,Anti-Fog Ski Goggles,1,129.99,129.99,0.0,11.37
b58b2ee4-ef56-4434-aa6f-bdd0ae3f73c5,3,3082,Edge Tuning Tool Set,2,119.99,239.98,0.0,21.0
713d2548-6f9e-4074-b61e-3d7f1fe7be27,1,3032,Comfort Fit Recreational Boots,1,399.99,399.99,0.0,35.0
2578e081-7ece-44c9-b40e-e064d8f60e1e,1,3042,Aluminum All-Mountain Poles - 115cm,2,99.99,199.98,0.0,17.5
2578e081-7ece-44c9-b40e-e064d8f60e1e,2,3082,Edge Tuning Tool Set,1,119.99,119.99,0.0,10.5
e9a5417a-86a6-4b96-98f2-c7f2e6fcaf7c,1,3091,Freestyle Snowboard - 155cm,1,649.99,649.99,0.0,56.87
e9a5417a-86a6-4b96-98f2-c7f2e6fcaf7c,2,3091,Freestyle Snowboard - 155cm,1,649.99,649.99,0.0,56.87
e9a5417a-86a6-4b96-98f2-c7f2e6fcaf7c,3,3104,Ski Tuning Bench - Portable,2,189.99,379.98,0.0,33.25
e9a5417a-86a6-4b96-98f2-c7f2e6fcaf7c,4,3081,All-Temp Ski Wax Kit,2,79.99,159.98,0.0,14.0
6f34ce33-259e-41a9-b815-92230acb9cb6,1,3032,Comfort Fit Recreational Boots,2,399.99,799.98,0.0,70.0
f33d3c14-aae2-4b58-a76f-ab4d3a273c2b,1,3011,Alpine Pro Racing Skis - 170cm,1,1299.99,1299.99,0.0,113.75
f33d3c14-aae2-4b58-a76f-ab4d3a273c2b,2,3013,Beginner's Choice Alpine Skis - 160cm,2,449.99,899.98,0.0,78.75
f33d3c14-aae2-4b58-a76f-ab4d3a273c2b,3,3032,Comfort Fit Recreational Boots,2,399.99,799.98,0.0,70.0
63080439-dece-47bb-b1ec-281a13aa6689,1,3011,Alpine Pro Racing Skis - 170cm,2,1299.99,2599.98,0.0,227.5
63080439-dece-47bb-b1ec-281a13aa6689,2,3032,Comfort Fit Recreational Boots,1,399.99,399.99,0.0,35.0
9d5b2c3a-075a-4317-9944-440c5d465238,1,3104,Ski Tuning Bench - Portable,1,189.99,189.99,0.0,16.62
9d5b2c3a-075a-4317-9944-440c5d465238,2,3072,Hand Warmers - 10 Pack,1,14.99,14.99,0.0,1.31
9d5b2c3a-075a-4317-9944-440c5d465238,3,3104,Ski Tuning Bench - Portable,1,189.99,189.99,0.0,16.62
1346a573-2029-4171-97f2-e6bc5fa14cfb,1,3092,All-Mountain Snowboard - 158cm,2,799.99,1599.98,0.0,140.0
1346a573-2029-4171-97f2-e6bc5fa14cfb,2,3081,All-Temp Ski Wax Kit,1,79.99,79.99,0.0,7.0
1346a573-2029-4171-97f2-e6bc5fa14cfb,3,3071,Ski Boot Bag - Premium,2,59.99,119.98,0.0,10.5
61d6c7c1-4912-4e5a-b3fb-6b1c42a3e694,1,3061,Professional Ski Helmet,2,199.99,399.98,0.0,35.0
61d6c7c1-4912-4e5a-b3fb-6b1c42a3e694,2,3082,Edge Tuning Tool Set,1,119.99,119.99,0.0,10.5
61d6c7c1-4912-4e5a-b3fb-6b1c42a3e694,3,3013,Beginner's Choice Alpine Skis - 160cm,2,449.99,899.98,0.0,78.75
2beb92ea-e65a-40b0-b3df-1573742dee35,1,3052,Thermal Base Layer Set - Women's,1,149.99,149.99,0.0,13.12
af3133eb-70f8-4836-835e-dc8ad8ce216d,1,3051,Insulated Ski Jacket - Men's,1,299.99,299.99,0.0,26.25
e35356a7-afd0-4105-b93e-909fa99eaadc,1,3013,Beginner's Choice Alpine Skis - 160cm,2,449.99,899.98,0.0,78.75
e35356a7-afd0-4105-b93e-909fa99eaadc,2,3042,Aluminum All-Mountain Poles - 115cm,2,99.99,199.98,0.0,17.5
5554dbeb-a235-4042-a97c-dad2702e91c2,1,3011,Alpine Pro Racing Skis - 170cm,2,1299.99,2599.98,0.0,227.5
5554dbeb-a235-4042-a97c-dad2702e91c2,2,3053,Waterproof Ski Pants,1,249.99,249.99,0.0,21.87
5554dbeb-a235-4042-a97c-dad2702e91c2,3,3052,Thermal Base Layer Set - Women's,2,149.99,299.98,0.0,26.25
5554dbeb-a235-4042-a97c-dad2702e91c2,4,3012,Mountain Master All-Terrain Skis - 165cm,1,899.99,899.99,0.0,78.75
1d42ee3c-e21e-4c0e-8fd5-0ec2dda14d1f,1,3033,Women's Performance Ski Boots,1,579.99,579.99,0.0,50.75
b97afe74-747f-4734-a910-9fe8cd5c9e90,1,3012,Mountain Master All-Terrain Skis - 165cm,1,899.99,899.99,0.0,78.75
b97afe74-747f-4734-a910-9fe8cd5c9e90,2,3013,Beginner's Choice Alpine Skis - 160cm,2,449.99,899.98,0.0,78.75
761e0e66-c074-4bf2-9163-769f3ef3a91f,1,3082,Edge Tuning Tool Set,2,119.99,239.98,0.0,21.0
e45980f9-cc7f-4274-9e41-05a78bc88256,1,3102,Winter Hiking Boots - Waterproof,1,249.99,249.99,0.0,21.87
e45980f9-cc7f-4274-9e41-05a78bc88256,2,3061,Professional Ski Helmet,1,199.99,199.99,0.0,17.5
879d1558-d69c-4d35-b132-25952df7c47c,1,3012,Mountain Master All-Terrain Skis - 165cm,1,899.99,899.99,0.0,78.75
778ef9a2-d2b8-485f-8924-43a3a98f7c68,1,3104,Ski Tuning Bench - Portable,1,189.99,189.99,0.0,16.62
ddf997c5-85af-4647-93aa-c7d21ad2259e,1,3041,Carbon Fiber Racing Poles - 120cm,1,179.99,179.99,0.0,15.75
ddf997c5-85af-4647-93aa-c7d21ad2259e,2,3032,Comfort Fit Recreational Boots,2,399.99,799.98,0.0,70.0
ddf997c5-85af-4647-93aa-c7d21ad2259e,3,3082,Edge Tuning Tool Set,2,119.99,239.98,0.0,21.0
ddf997c5-85af-4647-93aa-c7d21ad2259e,4,3081,All-Temp Ski Wax Kit,1,79.99,79.99,0.0,7.0
2e58b6ad-2722-4762-881e-cd633677c774,1,3092,All-Mountain Snowboard - 158cm,1,799.99,799.99,0.0,70.0
e2c7d37d-585e-40df-a620-593ccbbabab5,1,3052,Thermal Base Layer Set - Women's,1,149.99,149.99,0.0,13.12
e2c7d37d-585e-40df-a620-593ccbbabab5,2,3013,Beginner's Choice Alpine Skis - 160cm,2,449.99,899.98,0.0,78.75
e2c7d37d-585e-40df-a620-593ccbbabab5,3,3012,Mountain Master All-Terrain Skis - 165cm,1,899.99,899.99,0.0,78.75
e2c7d37d-585e-40df-a620-593ccbbabab5,4,3041,Carbon Fiber Racing Poles - 120cm,1,179.99,179.99,0.0,15.75
5a1b6080-0ea4-4845-9abe-ca67839c8128,1,3052,Thermal Base Layer Set - Women's,2,149.99,299.98,0.0,26.25
465800e2-9ccc-40e4-8785-74f666d398ac,1,3091,Freestyle Snowboard - 155cm,2,649.99,1299.98,0.0,113.75
465800e2-9ccc-40e4-8785-74f666d398ac,2,3091,Freestyle Snowboard - 155cm,2,649.99,1299.98,0.0,113.75
465800e2-9ccc-40e4-8785-74f666d398ac,3,3082,Edge Tuning Tool Set,2,119.99,239.98,0.0,21.0
580a8382-42bc-4793-b9c2-22e4fba63226,1,3033,Women's Performance Ski Boots,2,579.99,1159.98,0.0,101.5
be188c3d-7363-42e7-8b76-c95ed0fe61a2,1,3053,Waterproof Ski Pants,1,249.99,249.99,0.0,21.87
87783f14-6f08-496b-9e4c-a9e8ffac5635,1,3021,Nordic Classic XC Skis - 185cm,2,349.99,699.98,0.0,61.25
b8f55a96-3ae6-4353-8c6b-60197b208b36,1,3081,All-Temp Ski Wax Kit,2,79.99,159.98,0.0,14.0
b8f55a96-3ae6-4353-8c6b-60197b208b36,2,3104,Ski Tuning Bench - Portable,1,189.99,189.99,0.0,16.62
b8f55a96-3ae6-4353-8c6b-60197b208b36,3,3081,All-Temp Ski Wax Kit,1,79.99,79.99,0.0,7.0
b8f55a96-3ae6-4353-8c6b-60197b208b36,4,3102,Winter Hiking Boots - Waterproof,1,249.99,249.99,0.0,21.87
0cbab863-1212-4016-aa85-775337a4244b,1,3033,Women's Performance Ski Boots,1,579.99,579.99,0.0,50.75
0cbab863-1212-4016-aa85-775337a4244b,2,3053,Waterproof Ski Pants,1,249.99,249.99,0.0,21.87
0cbab863-1212-4016-aa85-775337a4244b,3,3091,Freestyle Snowboard - 155cm,1,649.99,649.99,0.0,56.87
7d1697ff-4da0-41ce-a87c-6ec881e4b17b,1,3031,Pro Flex Racing Ski Boots,1,649.99,649.99,0.0,56.87
7d1697ff-4da0-41ce-a87c-6ec881e4b17b,2,3104,Ski Tuning Bench - Portable,2,189.99,379.98,0.0,33.25
7d1697ff-4da0-41ce-a87c-6ec881e4b17b,3,3053,Waterproof Ski Pants,1,249.99,249.99,0.0,21.87
798dc909-9510-4293-aa1b-b492bc9e3d2d,1,3081,All-Temp Ski Wax Kit,1,79.99,79.99,0.0,7.0
852368ee-81af-4091-bbfa-5c3bf3522f0a,1,3082,Edge Tuning Tool Set,1,119.99,119.99,0.0,10.5
852368ee-81af-4091-bbfa-5c3bf3522f0a,2,3032,Comfort Fit Recreational Boots,2,399.99,799.98,0.0,70.0
3a907d60-a95e-4399-8970-85d231e970a4,1,3081,All-Temp Ski Wax Kit,2,79.99,159.98,0.0,14.0
3a907d60-a95e-4399-8970-85d231e970a4,2,3091,Freestyle Snowboard - 155cm,2,649.99,1299.98,0.0,113.75
b52356b4-f0c0-42ec-84e3-8739bb639522,1,3052,Thermal Base Layer Set - Women's,2,149.99,299.98,0.0,26.25
3d200336-a73d-4121-abad-b034ee5fb487,1,3031,Pro Flex Racing Ski Boots,2,649.99,1299.98,0.0,113.75
3d200336-a73d-4121-abad-b034ee5fb487,2,3033,Women's Performance Ski Boots,2,579.99,1159.98,0.0,101.5
58295d16-dd72-4594-855d-7fa89c4a7527,1,3033,Women's Performance Ski Boots,2,579.99,1159.98,0.0,101.5
773e52b8-ea4d-4a89-9d99-40f37dd14045,1,3082,Edge Tuning Tool Set,1,119.99,119.99,0.0,10.5
773e52b8-ea4d-4a89-9d99-40f37dd14045,2,3081,All-Temp Ski Wax Kit,2,79.99,159.98,0.0,14.0
773e52b8-ea4d-4a89-9d99-40f37dd14045,3,3104,Ski Tuning Bench - Portable,1,189.99,189.99,0.0,16.62
773e52b8-ea4d-4a89-9d99-40f37dd14045,4,3081,All-Temp Ski Wax Kit,1,79.99,79.99,0.0,7.0
40a88d4f-dad5-4dcf-9a11-6ea87193ca48,1,3104,Ski Tuning Bench - Portable,2,189.99,379.98,0.0,33.25
40a88d4f-dad5-4dcf-9a11-6ea87193ca48,2,3082,Edge Tuning Tool Set,2,119.99,239.98,0.0,21.0
7079fe71-f668-404a-a792-826fb5aaf912,1,3011,Alpine Pro Racing Skis - 170cm,2,1299.99,2599.98,0.0,227.5
7079fe71-f668-404a-a792-826fb5aaf912,2,3061,Professional Ski Helmet,2,199.99,399.98,0.0,35.0
7079fe71-f668-404a-a792-826fb5aaf912,3,3052,Thermal Base Layer Set - Women's,2,149.99,299.98,0.0,26.25
87a6bad5-b708-46e6-995b-064dfcf12de5,1,3092,All-Mountain Snowboard - 158cm,2,799.99,1599.98,0.0,140.0
cf48b1fe-5e05-43fd-86d5-390734255f60,1,3052,Thermal Base Layer Set - Women's,2,149.99,299.98,0.0,26.25
cf48b1fe-5e05-43fd-86d5-390734255f60,2,3011,Alpine Pro Racing Skis - 170cm,2,1299.99,2599.98,0.0,227.5
cf48b1fe-5e05-43fd-86d5-390734255f60,3,3041,Carbon Fiber Racing Poles - 120cm,2,179.99,359.98,0.0,31.5
cf48b1fe-5e05-43fd-86d5-390734255f60,4,3013,Beginner's Choice Alpine Skis - 160cm,2,449.99,899.98,0.0,78.75
902c4616-46e8-48f8-a719-0a7e6d0cca25,1,3012,Mountain Master All-Terrain Skis - 165cm,1,899.99,899.99,0.0,78.75
902c4616-46e8-48f8-a719-0a7e6d0cca25,2,3011,Alpine Pro Racing Skis - 170cm,2,1299.99,2599.98,0.0,227.5
902c4616-46e8-48f8-a719-0a7e6d0cca25,3,3101,Winter Boots - Insulated,2,159.99,319.98,0.0,28.0
3dfc0716-b697-428c-9aff-39dcdc88efef,1,3082,Edge Tuning Tool Set,2,119.99,239.98,0.0,21.0
3f639b7c-0306-4594-a520-1b8fa15e498d,1,3062,Anti-Fog Ski Goggles,2,129.99,259.98,0.0,22.75
3f639b7c-0306-4594-a520-1b8fa15e498d,2,3011,Alpine Pro Racing Skis - 170cm,1,1299.99,1299.99,0.0,113.75
70a32e9f-8a1c-4388-b97c-d6fb19cf0fa1,1,3042,Aluminum All-Mountain Poles - 115cm,2,99.99,199.98,0.0,17.5
70a32e9f-8a1c-4388-b97c-d6fb19cf0fa1,2,3104,Ski Tuning Bench - Portable,1,189.99,189.99,0.0,16.62
ccd0ad4b-9b2e-433b-b0f4-45e17db18e51,1,3082,Edge Tuning Tool Set,2,119.99,239.98,0.0,21.0
ccd0ad4b-9b2e-433b-b0f4-45e17db18e51,2,3082,Edge Tuning Tool Set,1,119.99,119.99,0.0,10.5
ccd0ad4b-9b2e-433b-b0f4-45e17db18e51,3,3012,Mountain Master All-Terrain Skis - 165cm,2,899.99,1799.98,0.0,157.5
77bbe265-ff59-4dd2-9b8d-fcbdf2931965,1,3081,All-Temp Ski Wax Kit,1,79.99,79.99,0.0,7.0
77bbe265-ff59-4dd2-9b8d-fcbdf2931965,2,3013,Beginner's Choice Alpine Skis - 160cm,1,449.99,449.99,0.0,39.37
77bbe265-ff59-4dd2-9b8d-fcbdf2931965,3,3012,Mountain Master All-Terrain Skis - 165cm,2,899.99,1799.98,0.0,157.5
77bbe265-ff59-4dd2-9b8d-fcbdf2931965,4,3012,Mountain Master All-Terrain Skis - 165cm,1,899.99,899.99,0.0,78.75
a91a28e5-1255-4454-a4f1-dd2aef9fc88e,1,3081,All-Temp Ski Wax Kit,2,79.99,159.98,0.0,14.0
a91a28e5-1255-4454-a4f1-dd2aef9fc88e,2,3052,Thermal Base Layer Set - Women's,1,149.99,149.99,0.0,13.12
a91a28e5-1255-4454-a4f1-dd2aef9fc88e,3,3042,Aluminum All-Mountain Poles - 115cm,2,99.99,199.98,0.0,17.5
4c0a1f89-7cad-4149-9d4e-2551a4c5ab52,1,3013,Beginner's Choice Alpine Skis - 160cm,2,449.99,899.98,0.0,78.75
4c0a1f89-7cad-4149-9d4e-2551a4c5ab52,2,3042,Aluminum All-Mountain Poles - 115cm,2,99.99,199.98,0.0,17.5
4c0a1f89-7cad-4149-9d4e-2551a4c5ab52,3,3081,All-Temp Ski Wax Kit,1,79.99,79.99,0.0,7.0
9a285c4e-e178-409a-a53c-50bdb68e66b5,1,3022,Backcountry Explorer XC Skis - 190cm,2,549.99,1099.98,0.0,96.25
9a285c4e-e178-409a-a53c-50bdb68e66b5,2,3053,Waterproof Ski Pants,1,249.99,249.99,0.0,21.87
c24c0662-a238-4fda-bb86-d3c85f6f2b4d,1,3041,Carbon Fiber Racing Poles - 120cm,2,179.99,359.98,0.0,31.5
c24c0662-a238-4fda-bb86-d3c85f6f2b4d,2,3061,Professional Ski Helmet,1,199.99,199.99,0.0,17.5
a5498050-15a0-411b-b750-0435bd536cb4,1,3092,All-Mountain Snowboard - 158cm,2,799.99,1599.98,0.0,140.0
a5498050-15a0-411b-b750-0435bd536cb4,2,3081,All-Temp Ski Wax Kit,2,79.99,159.98,0.0,14.0
a5498050-15a0-411b-b750-0435bd536cb4,3,3082,Edge Tuning Tool Set,2,119.99,239.98,0.0,21.0
20ee78c6-a1dd-45ba-bfae-88bb3cff4a6d,1,3051,Insulated Ski Jacket - Men's,2,299.99,599.98,0.0,52.5
20ee78c6-a1dd-45ba-bfae-88bb3cff4a6d,2,3031,Pro Flex Racing Ski Boots,2,649.99,1299.98,0.0,113.75
20ee78c6-a1dd-45ba-bfae-88bb3cff4a6d,3,3081,All-Temp Ski Wax Kit,2,79.99,159.98,0.0,14.0
23f86a13-718d-4190-861c-5b7fbdcb835a,1,3082,Edge Tuning Tool Set,1,119.99,119.99,0.0,10.5
18f4aa3d-a53b-4a80-abee-5b67122450dc,1,3053,Waterproof Ski Pants,1,249.99,249.99,0.0,21.87
18f4aa3d-a53b-4a80-abee-5b67122450dc,2,3051,Insulated Ski Jacket - Men's,2,299.99,599.98,0.0,52.5
bac1ac8d-3890-489e-8b51-9218cffa7861,1,3104,Ski Tuning Bench - Portable,2,189.99,379.98,0.0,33.25
bac1ac8d-3890-489e-8b51-9218cffa7861,2,3091,Freestyle Snowboard - 155cm,2,649.99,1299.98,0.0,113.75
bac1ac8d-3890-489e-8b51-9218cffa7861,3,3092,All-Mountain Snowboard - 158cm,2,799.99,1599.98,0.0,140.0
f5293966-8080-406c-92e6-1a4441871f3b,1,3021,Nordic Classic XC Skis - 185cm,1,349.99,349.99,0.0,30.62
f5293966-8080-406c-92e6-1a4441871f3b,2,3033,Women's Performance Ski Boots,2,579.99,1159.98,0.0,101.5
f5293966-8080-406c-92e6-1a4441871f3b,3,3033,Women's Performance Ski Boots,1,579.99,579.99,0.0,50.75
f5293966-8080-406c-92e6-1a4441871f3b,4,3053,Waterproof Ski Pants,1,249.99,249.99,0.0,21.87
6ab3c8c4-cd67-4207-b8d5-527f4f971622,1,3071,Ski Boot Bag - Premium,1,59.99,59.99,0.0,5.25
6ab3c8c4-cd67-4207-b8d5-527f4f971622,2,3062,Anti-Fog Ski Goggles,2,129.99,259.98,0.0,22.75
6ab3c8c4-cd67-4207-b8d5-527f4f971622,3,3103,Snowboard Bindings - Pro,2,299.99,599.98,0.0,52.5
6ab3c8c4-cd67-4207-b8d5-527f4f971622,4,3081,All-Temp Ski Wax Kit,1,79.99,79.99,0.0,7.0
cd13194d-9b76-4427-9aea-fd4452f278fa,1,3082,Edge Tuning Tool Set,1,119.99,119.99,0.0,10.5
cd13194d-9b76-4427-9aea-fd4452f278fa,2,3081,All-Temp Ski Wax Kit,2,79.99,159.98,0.0,14.0
cd13194d-9b76-4427-9aea-fd4452f278fa,3,3081,All-Temp Ski Wax Kit,2,79.99,159.98,0.0,14.0
b802ac95-fa10-466e-ae35-76845e203413,1,3013,Beginner's Choice Alpine Skis - 160cm,1,449.99,449.99,0.0,39.37
b802ac95-fa10-466e-ae35-76845e203413,2,3104,Ski Tuning Bench - Portable,2,189.99,379.98,0.0,33.25
b802ac95-fa10-466e-ae35-76845e203413,3,3082,Edge Tuning Tool Set,2,119.99,239.98,0.0,21.0
b802ac95-fa10-466e-ae35-76845e203413,4,3031,Pro Flex Racing Ski Boots,1,649.99,649.99,0.0,56.87
0e545356-af18-42ee-b70f-82ba10eea7b3,1,3082,Edge Tuning Tool Set,1,119.99,119.99,0.0,10.5
49542f1b-e251-49de-bd89-0e794f56e6ea,1,3104,Ski Tuning Bench - Portable,1,189.99,189.99,0.0,16.62
49542f1b-e251-49de-bd89-0e794f56e6ea,2,3053,Waterproof Ski Pants,2,249.99,499.98,0.0,43.75
9ad9e5d3-a3ee-4865-b904-9250f0d3a069,1,3092,All-Mountain Snowboard - 158cm,2,799.99,1599.98,0.0,140.0
9ad9e5d3-a3ee-4865-b904-9250f0d3a069,2,3051,Insulated Ski Jacket - Men's,1,299.99,299.99,0.0,26.25
b26f8c4e-ba69-43e2-8ffe-14812d342592,1,3082,Edge Tuning Tool Set,1,119.99,119.99,0.0,10.5
b26f8c4e-ba69-43e2-8ffe-14812d342592,2,3031,Pro Flex Racing Ski Boots,2,649.99,1299.98,0.0,113.75
b26f8c4e-ba69-43e2-8ffe-14812d342592,3,3053,Waterproof Ski Pants,1,249.99,249.99,0.0,21.87
b26f8c4e-ba69-43e2-8ffe-14812d342592,4,3053,Waterproof Ski Pants,1,249.99,249.99,0.0,21.87
e9e99097-94b9-416e-a2b9-4bc3b789ae90,1,3052,Thermal Base Layer Set - Women's,1,149.99,149.99,0.0,13.12
e9e99097-94b9-416e-a2b9-4bc3b789ae90,2,3033,Women's Performance Ski Boots,2,579.99,1159.98,0.0,101.5
77229809-1ced-4c35-9beb-9a2bc8c87b4e,1,3062,Anti-Fog Ski Goggles,2,129.99,259.98,0.0,22.75
77229809-1ced-4c35-9beb-9a2bc8c87b4e,2,3052,Thermal Base Layer Set - Women's,1,149.99,149.99,0.0,13.12
0c5a98b7-23d9-4bf8-8ded-55b7aa04799c,1,3104,Ski Tuning Bench - Portable,2,189.99,379.98,0.0,33.25
0c5a98b7-23d9-4bf8-8ded-55b7aa04799c,2,3033,Women's Performance Ski Boots,2,579.99,1159.98,0.0,101.5
0c5a98b7-23d9-4bf8-8ded-55b7aa04799c,3,3072,Hand Warmers - 10 Pack,2,14.99,29.98,0.0,2.62
f21a94ec-70bb-46e5-940f-da2a10823300,1,3012,Mountain Master All-Terrain Skis - 165cm,1,899.99,899.99,0.0,78.75
f21a94ec-70bb-46e5-940f-da2a10823300,2,3033,Women's Performance Ski Boots,1,579.99,579.99,0.0,50.75
f21a94ec-70bb-46e5-940f-da2a10823300,3,3021,Nordic Classic XC Skis - 185cm,1,349.99,349.99,0.0,30.62
ccdf313a-c337-48c7-9ceb-9d492f19aef1,1,3012,Mountain Master All-Terrain Skis - 165cm,1,899.99,899.99,0.0,78.75
81e6d6eb-853e-4812-a419-066d99168328,1,3052,Thermal Base Layer Set - Women's,1,149.99,149.99,0.0,13.12
81e6d6eb-853e-4812-a419-066d99168328,2,3053,Waterproof Ski Pants,2,249.99,499.98,0.0,43.75
81e6d6eb-853e-4812-a419-066d99168328,3,3102,Winter Hiking Boots - Waterproof,2,249.99,499.98,0.0,43.75
f015061a-bdb3-40aa-a65e-04679c7d117d,1,3081,All-Temp Ski Wax Kit,1,79.99,79.99,0.0,7.0
f015061a-bdb3-40aa-a65e-04679c7d117d,2,3051,Insulated Ski Jacket - Men's,1,299.99,299.99,0.0,26.25
360abe3c-19ff-46b8-a6bd-15552a312a8e,1,3061,Professional Ski Helmet,1,199.99,199.99,0.0,17.5
360abe3c-19ff-46b8-a6bd-15552a312a8e,2,3082,Edge Tuning Tool Set,1,119.99,119.99,0.0,10.5
360abe3c-19ff-46b8-a6bd-15552a312a8e,3,3081,All-Temp Ski Wax Kit,1,79.99,79.99,0.0,7.0
c4515974-fa6a-4638-9e07-185980de4d83,1,3082,Edge Tuning Tool Set,1,119.99,119.99,0.0,10.5
c4515974-fa6a-4638-9e07-185980de4d83,2,3013,Beginner's Choice Alpine Skis - 160cm,2,449.99,899.98,0.0,78.75
cd5b592b-4601-4849-a146-6b89d8981d7a,1,3053,Waterproof Ski Pants,2,249.99,499.98,0.0,43.75
e0728937-1ecd-47e4-9b6f-16c80b032304,1,3091,Freestyle Snowboard - 155cm,1,649.99,649.99,0.0,56.87
e0728937-1ecd-47e4-9b6f-16c80b032304,2,3082,Edge Tuning Tool Set,2,119.99,239.98,0.0,21.0
1c3d2b59-a2b3-45b7-be76-c913801752bc,1,3053,Waterproof Ski Pants,1,249.99,249.99,0.0,21.87
1c3d2b59-a2b3-45b7-be76-c913801752bc,2,3033,Women's Performance Ski Boots,2,579.99,1159.98,0.0,101.5
1c3d2b59-a2b3-45b7-be76-c913801752bc,3,3103,Snowboard Bindings - Pro,2,299.99,599.98,0.0,52.5
1c3d2b59-a2b3-45b7-be76-c913801752bc,4,3103,Snowboard Bindings - Pro,2,299.99,599.98,0.0,52.5
bb2c7235-a4a5-4cf8-b9d1-77bd84499781,1,3051,Insulated Ski Jacket - Men's,1,299.99,299.99,0.0,26.25
bb2c7235-a4a5-4cf8-b9d1-77bd84499781,2,3013,Beginner's Choice Alpine Skis - 160cm,2,449.99,899.98,0.0,78.75
cda3a8b0-04bf-48a2-888e-08818a55bece,1,3104,Ski Tuning Bench - Portable,1,189.99,189.99,0.0,16.62
ac6227ca-b212-4396-a110-299d5b3469f6,1,3042,Aluminum All-Mountain Poles - 115cm,1,99.99,99.99,0.0,8.75
ac6227ca-b212-4396-a110-299d5b3469f6,2,3031,Pro Flex Racing Ski Boots,1,649.99,649.99,0.0,56.87
ac6227ca-b212-4396-a110-299d5b3469f6,3,3033,Women's Performance Ski Boots,1,579.99,579.99,0.0,50.75
79473dd7-c207-452f-9cef-30b99def705e,1,3012,Mountain Master All-Terrain Skis - 165cm,2,899.99,1799.98,0.0,157.5
79473dd7-c207-452f-9cef-30b99def705e,2,3033,Women's Performance Ski Boots,2,579.99,1159.98,0.0,101.5
79473dd7-c207-452f-9cef-30b99def705e,3,3041,Carbon Fiber Racing Poles - 120cm,1,179.99,179.99,0.0,15.75
3806298c-d42c-44e7-b892-3440ba0d1d08,1,3032,Comfort Fit Recreational Boots,1,399.99,399.99,0.0,35.0
f9773c4a-de7e-4700-b765-22960b919a56,1,3081,All-Temp Ski Wax Kit,2,79.99,159.98,0.0,14.0
53f3582b-f827-4e06-8657-936e91e324c9,1,3011,Alpine Pro Racing Skis - 170cm,1,1299.99,1299.99,0.0,113.75
53f3582b-f827-4e06-8657-936e91e324c9,2,3033,Women's Performance Ski Boots,2,579.99,1159.98,0.0,101.5
72052471-3002-4a33-8c1b-3745441bac51,1,3012,Mountain Master All-Terrain Skis - 165cm,1,899.99,899.99,0.0,78.75
d6c1b530-7854-4461-bc7f-fbcf71720cd8,1,3022,Backcountry Explorer XC Skis - 190cm,2,549.99,1099.98,0.0,96.25
68f79073-5de2-41eb-b828-66f5fe3f7f68,1,3104,Ski Tuning Bench - Portable,2,189.99,379.98,0.0,33.25
4bdac043-9f7d-4fb9-931b-0fb6fb21551c,1,3103,Snowboard Bindings - Pro,2,299.99,599.98,0.0,52.5
4bdac043-9f7d-4fb9-931b-0fb6fb21551c,2,3032,Comfort Fit Recreational Boots,2,399.99,799.98,0.0,70.0
444582fe-afc0-4f64-ba78-6e02039de37b,1,3101,Winter Boots - Insulated,2,159.99,319.98,0.0,28.0
444582fe-afc0-4f64-ba78-6e02039de37b,2,3022,Backcountry Explorer XC Skis - 190cm,1,549.99,549.99,0.0,48.12
3abda1eb-9069-4a9d-9fdd-c79f890a30a5,1,3091,Freestyle Snowboard - 155cm,1,649.99,649.99,0.0,56.87
3abda1eb-9069-4a9d-9fdd-c79f890a30a5,2,3092,All-Mountain Snowboard - 158cm,1,799.99,799.99,0.0,70.0
3abda1eb-9069-4a9d-9fdd-c79f890a30a5,3,3104,Ski Tuning Bench - Portable,1,189.99,189.99,0.0,16.62
3abda1eb-9069-4a9d-9fdd-c79f890a30a5,4,3103,Snowboard Bindings - Pro,2,299.99,599.98,0.0,52.5
eef5ec1d-7961-4198-927c-7ba3d719b9a8,1,3021,Nordic Classic XC Skis - 185cm,1,349.99,349.99,0.0,30.62
eef5ec1d-7961-4198-927c-7ba3d719b9a8,2,3011,Alpine Pro Racing Skis - 170cm,1,1299.99,1299.99,0.0,113.75
eef5ec1d-7961-4198-927c-7ba3d719b9a8,3,3032,Comfort Fit Recreational Boots,1,399.99,399.99,0.0,35.0
eef5ec1d-7961-4198-927c-7ba3d719b9a8,4,3031,Pro Flex Racing Ski Boots,2,649.99,1299.98,0.0,113.75
e03916f2-ee66-4f31-a34c-4943ed4409fa,1,3092,All-Mountain Snowboard - 158cm,1,799.99,799.99,0.0,70.0
e03916f2-ee66-4f31-a34c-4943ed4409fa,2,3103,Snowboard Bindings - Pro,2,299.99,599.98,0.0,52.5
bad19cbb-7d87-450f-9630-1760bb00f740,1,3053,Waterproof Ski Pants,2,249.99,499.98,0.0,43.75
bad19cbb-7d87-450f-9630-1760bb00f740,2,3032,Comfort Fit Recreational Boots,1,399.99,399.99,0.0,35.0
bad19cbb-7d87-450f-9630-1760bb00f740,3,3053,Waterproof Ski Pants,2,249.99,499.98,0.0,43.75
9208578c-c95b-4495-a65f-36cafec13169,1,3051,Insulated Ski Jacket - Men's,1,299.99,299.99,0.0,26.25
9208578c-c95b-4495-a65f-36cafec13169,2,3031,Pro Flex Racing Ski Boots,2,649.99,1299.98,0.0,113.75
665717f6-cdbe-41cc-8c66-2402ec4f854c,1,3022,Backcountry Explorer XC Skis - 190cm,2,549.99,1099.98,0.0,96.25
665717f6-cdbe-41cc-8c66-2402ec4f854c,2,3052,Thermal Base Layer Set - Women's,2,149.99,299.98,0.0,26.25
4dd49e68-0a2d-42e2-ab00-69c0b003dd81,1,3051,Insulated Ski Jacket - Men's,1,299.99,299.99,0.0,26.25
4dd49e68-0a2d-42e2-ab00-69c0b003dd81,2,3052,Thermal Base Layer Set - Women's,2,149.99,299.98,0.0,26.25
4dd49e68-0a2d-42e2-ab00-69c0b003dd81,3,3011,Alpine Pro Racing Skis - 170cm,1,1299.99,1299.99,0.0,113.75
4dd49e68-0a2d-42e2-ab00-69c0b003dd81,4,3013,Beginner's Choice Alpine Skis - 160cm,1,449.99,449.99,0.0,39.37
8cdf7fdd-d8d7-45d1-843b-3e3c45bec1df,1,3031,Pro Flex Racing Ski Boots,2,649.99,1299.98,0.0,113.75
8cdf7fdd-d8d7-45d1-843b-3e3c45bec1df,2,3071,Ski Boot Bag - Premium,2,59.99,119.98,0.0,10.5
a1e718f5-1afb-4d93-8202-a1a3b109f6bc,1,3061,Professional Ski Helmet,2,199.99,399.98,0.0,35.0
a1e718f5-1afb-4d93-8202-a1a3b109f6bc,2,3053,Waterproof Ski Pants,1,249.99,249.99,0.0,21.87
a1e718f5-1afb-4d93-8202-a1a3b109f6bc,3,3031,Pro Flex Racing Ski Boots,2,649.99,1299.98,0.0,113.75
627b010d-289a-41e3-844e-bbd8cc5e4819,1,3013,Beginner's Choice Alpine Skis - 160cm,2,449.99,899.98,0.0,78.75
627b010d-289a-41e3-844e-bbd8cc5e4819,2,3011,Alpine Pro Racing Skis - 170cm,1,1299.99,1299.99,0.0,113.75
627b010d-289a-41e3-844e-bbd8cc5e4819,3,3013,Beginner's Choice Alpine Skis - 160cm,2,449.99,899.98,0.0,78.75
627b010d-289a-41e3-844e-bbd8cc5e4819,4,3011,Alpine Pro Racing Skis - 170cm,2,1299.99,2599.98,0.0,227.5
045fbd95-3265-49d7-b18e-418cd52f7487,1,3051,Insulated Ski Jacket - Men's,2,299.99,599.98,0.0,52.5
045fbd95-3265-49d7-b18e-418cd52f7487,2,3012,Mountain Master All-Terrain Skis - 165cm,1,899.99,899.99,0.0,78.75
027825c9-78a2-4486-8f4a-ad4a7ee27942,1,3051,Insulated Ski Jacket - Men's,1,299.99,299.99,0.0,26.25
027825c9-78a2-4486-8f4a-ad4a7ee27942,2,3012,Mountain Master All-Terrain Skis - 165cm,2,899.99,1799.98,0.0,157.5
027825c9-78a2-4486-8f4a-ad4a7ee27942,3,3011,Alpine Pro Racing Skis - 170cm,1,1299.99,1299.99,0.0,113.75
778e0393-ddc2-4db2-af6f-c5194f5aeb1a,1,3082,Edge Tuning Tool Set,2,119.99,239.98,0.0,21.0
778e0393-ddc2-4db2-af6f-c5194f5aeb1a,2,3011,Alpine Pro Racing Skis - 170cm,1,1299.99,1299.99,0.0,113.75
778e0393-ddc2-4db2-af6f-c5194f5aeb1a,3,3021,Nordic Classic XC Skis - 185cm,2,349.99,699.98,0.0,61.25
76f3167e-b2db-430d-8449-ccd6cec74b4a,1,3104,Ski Tuning Bench - Portable,1,189.99,189.99,0.0,16.62
76f3167e-b2db-430d-8449-ccd6cec74b4a,2,3051,Insulated Ski Jacket - Men's,1,299.99,299.99,0.0,26.25
76f3167e-b2db-430d-8449-ccd6cec74b4a,3,3081,All-Temp Ski Wax Kit,1,79.99,79.99,0.0,7.0
76f3167e-b2db-430d-8449-ccd6cec74b4a,4,3031,Pro Flex Racing Ski Boots,1,649.99,649.99,0.0,56.87
e2918de3-538c-42b1-8902-c6da41ef161f,1,3033,Women's Performance Ski Boots,1,579.99,579.99,0.0,50.75
37c1d210-e45e-4525-8bc8-f4f63800b471,1,3092,All-Mountain Snowboard - 158cm,1,799.99,799.99,0.0,70.0
37c1d210-e45e-4525-8bc8-f4f63800b471,2,3081,All-Temp Ski Wax Kit,1,79.99,79.99,0.0,7.0
37c1d210-e45e-4525-8bc8-f4f63800b471,3,3053,Waterproof Ski Pants,1,249.99,249.99,0.0,21.87
37c1d210-e45e-4525-8bc8-f4f63800b471,4,3103,Snowboard Bindings - Pro,2,299.99,599.98,0.0,52.5
44885483-642d-4bd3-83ab-7c2ff86c012d,1,3053,Waterproof Ski Pants,2,249.99,499.98,0.0,43.75
44885483-642d-4bd3-83ab-7c2ff86c012d,2,3033,Women's Performance Ski Boots,2,579.99,1159.98,0.0,101.5
b18fd2d7-04b6-4f09-ac87-fb819b42c4d9,1,3011,Alpine Pro Racing Skis - 170cm,1,1299.99,1299.99,0.0,113.75
b18fd2d7-04b6-4f09-ac87-fb819b42c4d9,2,3053,Waterproof Ski Pants,2,249.99,499.98,0.0,43.75
b18fd2d7-04b6-4f09-ac87-fb819b42c4d9,3,3053,Waterproof Ski Pants,1,249.99,249.99,0.0,21.87
b18fd2d7-04b6-4f09-ac87-fb819b42c4d9,4,3011,Alpine Pro Racing Skis - 170cm,2,1299.99,2599.98,0.0,227.5
d56bfd2a-d09b-4466-9cec-53362eb7ab55,1,3011,Alpine Pro Racing Skis - 170cm,2,1299.99,2599.98,0.0,227.5
d56bfd2a-d09b-4466-9cec-53362eb7ab55,2,3031,Pro Flex Racing Ski Boots,1,649.99,649.99,0.0,56.87
77080854-7034-4283-bf51-b6e657245b36,1,3033,Women's Performance Ski Boots,1,579.99,579.99,0.0,50.75
77080854-7034-4283-bf51-b6e657245b36,2,3031,Pro Flex Racing Ski Boots,1,649.99,649.99,0.0,56.87
7953c090-2d12-4a49-b02c-ccc9c1c1d408,1,3012,Mountain Master All-Terrain Skis - 165cm,2,899.99,1799.98,0.0,157.5
634a3d87-8737-46da-8f7d-e95fa21b13c1,1,3052,Thermal Base Layer Set - Women's,2,149.99,299.98,0.0,26.25
634a3d87-8737-46da-8f7d-e95fa21b13c1,2,3042,Aluminum All-Mountain Poles - 115cm,1,99.99,99.99,0.0,8.75
36ed926e-7a64-4373-b96f-bb28dfa4d5de,1,3051,Insulated Ski Jacket - Men's,1,299.99,299.99,0.0,26.25
96ca8d0f-c694-46cb-9fb3-ec3be38b6f5c,1,3051,Insulated Ski Jacket - Men's,2,299.99,599.98,0.0,52.5
96ca8d0f-c694-46cb-9fb3-ec3be38b6f5c,2,3092,All-Mountain Snowboard - 158cm,2,799.99,1599.98,0.0,140.0
96ca8d0f-c694-46cb-9fb3-ec3be38b6f5c,3,3082,Edge Tuning Tool Set,2,119.99,239.98,0.0,21.0
96ca8d0f-c694-46cb-9fb3-ec3be38b6f5c,4,3104,Ski Tuning Bench - Portable,1,189.99,189.99,0.0,16.62
1e945ac7-4989-453b-b6aa-cc8219308f63,1,3041,Carbon Fiber Racing Poles - 120cm,2,179.99,359.98,0.0,31.5
eb379212-4a68-439a-a6be-707c21c990cb,1,3033,Women's Performance Ski Boots,1,579.99,579.99,0.0,50.75
eb379212-4a68-439a-a6be-707c21c990cb,2,3012,Mountain Master All-Terrain Skis - 165cm,1,899.99,899.99,0.0,78.75
eb379212-4a68-439a-a6be-707c21c990cb,3,3033,Women's Performance Ski Boots,1,579.99,579.99,0.0,50.75
f48c0017-1e9c-4063-ac69-059a012dfd67,1,3081,All-Temp Ski Wax Kit,1,79.99,79.99,0.0,7.0
f48c0017-1e9c-4063-ac69-059a012dfd67,2,3092,All-Mountain Snowboard - 158cm,2,799.99,1599.98,0.0,140.0
4582ced1-88fa-4ebb-aabb-73d4058e557f,1,3104,Ski Tuning Bench - Portable,1,189.99,189.99,0.0,16.62
4582ced1-88fa-4ebb-aabb-73d4058e557f,2,3021,Nordic Classic XC Skis - 185cm,2,349.99,699.98,0.0,61.25
2e13a5bb-fc50-4171-b77e-21b7b498295f,1,3052,Thermal Base Layer Set - Women's,2,149.99,299.98,0.0,26.25
2e13a5bb-fc50-4171-b77e-21b7b498295f,2,3013,Beginner's Choice Alpine Skis - 160cm,1,449.99,449.99,0.0,39.37
37880fde-bd48-4363-8cb4-08c507f8e4dd,1,3101,Winter Boots - Insulated,2,159.99,319.98,0.0,28.0
37880fde-bd48-4363-8cb4-08c507f8e4dd,2,3062,Anti-Fog Ski Goggles,1,129.99,129.99,0.0,11.37
62eb78dd-e7ec-4598-aec4-d537a4e65bde,1,3012,Mountain Master All-Terrain Skis - 165cm,1,899.99,899.99,0.0,78.75
8434dd1e-d4c1-4c4a-a292-e5cd5f602398,1,3022,Backcountry Explorer XC Skis - 190cm,1,549.99,549.99,0.0,48.12
eb46c846-6098-47ec-9526-91283998bce7,1,3032,Comfort Fit Recreational Boots,2,399.99,799.98,0.0,70.0
eb46c846-6098-47ec-9526-91283998bce7,2,3053,Waterproof Ski Pants,1,249.99,249.99,0.0,21.87
234aa9cc-506b-4663-b25f-d858158e2caa,1,3104,Ski Tuning Bench - Portable,1,189.99,189.99,0.0,16.62
234aa9cc-506b-4663-b25f-d858158e2caa,2,3082,Edge Tuning Tool Set,2,119.99,239.98,0.0,21.0
234aa9cc-506b-4663-b25f-d858158e2caa,3,3081,All-Temp Ski Wax Kit,2,79.99,159.98,0.0,14.0
7798947b-05e3-4e10-a34f-9b8298a3d39b,1,3011,Alpine Pro Racing Skis - 170cm,1,1299.99,1299.99,0.0,113.75
7798947b-05e3-4e10-a34f-9b8298a3d39b,2,3104,Ski Tuning Bench - Portable,1,189.99,189.99,0.0,16.62
7798947b-05e3-4e10-a34f-9b8298a3d39b,3,3081,All-Temp Ski Wax Kit,2,79.99,159.98,0.0,14.0
0e859b51-d008-4eaf-b41d-178d72d1b952,1,3104,Ski Tuning Bench - Portable,2,189.99,379.98,0.0,33.25
0e859b51-d008-4eaf-b41d-178d72d1b952,2,3081,All-Temp Ski Wax Kit,1,79.99,79.99,0.0,7.0
0e859b51-d008-4eaf-b41d-178d72d1b952,3,3091,Freestyle Snowboard - 155cm,2,649.99,1299.98,0.0,113.75
0e859b51-d008-4eaf-b41d-178d72d1b952,4,3091,Freestyle Snowboard - 155cm,2,649.99,1299.98,0.0,113.75
e0991a20-63ce-4366-9b74-e5c819d1f26f,1,3032,Comfort Fit Recreational Boots,2,399.99,799.98,0.0,70.0
e0991a20-63ce-4366-9b74-e5c819d1f26f,2,3082,Edge Tuning Tool Set,1,119.99,119.99,0.0,10.5
e0991a20-63ce-4366-9b74-e5c819d1f26f,3,3082,Edge Tuning Tool Set,2,119.99,239.98,0.0,21.0
e0991a20-63ce-4366-9b74-e5c819d1f26f,4,3102,Winter Hiking Boots - Waterproof,2,249.99,499.98,0.0,43.75
50e03e0c-d45a-4adf-88b2-772817360037,1,3031,Pro Flex Racing Ski Boots,2,649.99,1299.98,0.0,113.75
50e03e0c-d45a-4adf-88b2-772817360037,2,3082,Edge Tuning Tool Set,1,119.99,119.99,0.0,10.5
84b545a9-613b-44e8-b3d7-118cc48bad2d,1,3061,Professional Ski Helmet,2,199.99,399.98,0.0,35.0
5e7f7090-7f76-48de-9387-7c374d2ed4ff,1,3081,All-Temp Ski Wax Kit,1,79.99,79.99,0.0,7.0
5e7f7090-7f76-48de-9387-7c374d2ed4ff,2,3011,Alpine Pro Racing Skis - 170cm,2,1299.99,2599.98,0.0,227.5
5e7f7090-7f76-48de-9387-7c374d2ed4ff,3,3104,Ski Tuning Bench - Portable,1,189.99,189.99,0.0,16.62
4983e928-e86a-461e-a393-43f0bd83e560,1,3012,Mountain Master All-Terrain Skis - 165cm,1,899.99,899.99,0.0,78.75
4983e928-e86a-461e-a393-43f0bd83e560,2,3011,Alpine Pro Racing Skis - 170cm,1,1299.99,1299.99,0.0,113.75
4983e928-e86a-461e-a393-43f0bd83e560,3,3031,Pro Flex Racing Ski Boots,1,649.99,649.99,0.0,56.87
4983e928-e86a-461e-a393-43f0bd83e560,4,3011,Alpine Pro Racing Skis - 170cm,2,1299.99,2599.98,0.0,227.5
35c2ba2b-adc7-430a-a1eb-67a11581715a,1,3061,Professional Ski Helmet,2,199.99,399.98,0.0,35.0
35c2ba2b-adc7-430a-a1eb-67a11581715a,2,3013,Beginner's Choice Alpine Skis - 160cm,1,449.99,449.99,0.0,39.37
35c2ba2b-adc7-430a-a1eb-67a11581715a,3,3052,Thermal Base Layer Set - Women's,2,149.99,299.98,0.0,26.25
e2d91897-ed95-4a09-80e8-091be84e391b,1,3032,Comfort Fit Recreational Boots,1,399.99,399.99,0.0,35.0
e2d91897-ed95-4a09-80e8-091be84e391b,2,3032,Comfort Fit Recreational Boots,1,399.99,399.99,0.0,35.0
e2d91897-ed95-4a09-80e8-091be84e391b,3,3013,Beginner's Choice Alpine Skis - 160cm,2,449.99,899.98,0.0,78.75
b0b43840-0852-4b47-aee1-204afe1f6d16,1,3082,Edge Tuning Tool Set,1,119.99,119.99,0.0,10.5
b0b43840-0852-4b47-aee1-204afe1f6d16,2,3071,Ski Boot Bag - Premium,2,59.99,119.98,0.0,10.5
c887b7e9-814f-4cd4-85b9-f61d4f658020,1,3092,All-Mountain Snowboard - 158cm,2,799.99,1599.98,0.0,140.0
e3683ab6-c462-451a-aef0-8841fc659d47,1,3033,Women's Performance Ski Boots,1,579.99,579.99,0.0,50.75
e3683ab6-c462-451a-aef0-8841fc659d47,2,3041,Carbon Fiber Racing Poles - 120cm,1,179.99,179.99,0.0,15.75
7a388ab1-319f-470a-8478-1ce685aebb4d,1,3081,All-Temp Ski Wax Kit,1,79.99,79.99,0.0,7.0
437b9785-5d22-40b6-a18a-57c2fcdb4f45,1,3022,Backcountry Explorer XC Skis - 190cm,2,549.99,1099.98,0.0,96.25
437b9785-5d22-40b6-a18a-57c2fcdb4f45,2,3031,Pro Flex Racing Ski Boots,1,649.99,649.99,0.0,56.87
27cdaea5-71d5-48a7-a635-7426c2f10804,1,3104,Ski Tuning Bench - Portable,1,189.99,189.99,0.0,16.62
27cdaea5-71d5-48a7-a635-7426c2f10804,2,3012,Mountain Master All-Terrain Skis - 165cm,2,899.99,1799.98,0.0,157.5
75df1365-aab8-4a3a-a46f-d762b9888459,1,3072,Hand Warmers - 10 Pack,1,14.99,14.99,0.0,1.31
75df1365-aab8-4a3a-a46f-d762b9888459,2,3053,Waterproof Ski Pants,1,249.99,249.99,0.0,21.87
75df1365-aab8-4a3a-a46f-d762b9888459,3,3061,Professional Ski Helmet,1,199.99,199.99,0.0,17.5
75df1365-aab8-4a3a-a46f-d762b9888459,4,3072,Hand Warmers - 10 Pack,1,14.99,14.99,0.0,1.31
52ec8c44-3cf3-43be-b7c1-74782f1354cb,1,3021,Nordic Classic XC Skis - 185cm,1,349.99,349.99,0.0,30.62
52ec8c44-3cf3-43be-b7c1-74782f1354cb,2,3031,Pro Flex Racing Ski Boots,2,649.99,1299.98,0.0,113.75
52ec8c44-3cf3-43be-b7c1-74782f1354cb,3,3011,Alpine Pro Racing Skis - 170cm,1,1299.99,1299.99,0.0,113.75
d84dab96-7726-4eb9-94b5-039d28f3774d,1,3013,Beginner's Choice Alpine Skis - 160cm,2,449.99,899.98,0.0,78.75
d84dab96-7726-4eb9-94b5-039d28f3774d,2,3052,Thermal Base Layer Set - Women's,1,149.99,149.99,0.0,13.12
d84dab96-7726-4eb9-94b5-039d28f3774d,3,3102,Winter Hiking Boots - Waterproof,1,249.99,249.99,0.0,21.87
43c757dd-d80b-40c6-851a-2739fbca1e03,1,3022,Backcountry Explorer XC Skis - 190cm,1,549.99,549.99,0.0,48.12
43c757dd-d80b-40c6-851a-2739fbca1e03,2,3061,Professional Ski Helmet,2,199.99,399.98,0.0,35.0
06f72b4e-f13b-4530-9306-e78afe828108,1,3082,Edge Tuning Tool Set,2,119.99,239.98,0.0,21.0
06f72b4e-f13b-4530-9306-e78afe828108,2,3081,All-Temp Ski Wax Kit,2,79.99,159.98,0.0,14.0
b53fb3d3-9f9b-4abc-bce5-93b4ba191568,1,3031,Pro Flex Racing Ski Boots,2,649.99,1299.98,0.0,113.75
b53fb3d3-9f9b-4abc-bce5-93b4ba191568,2,3012,Mountain Master All-Terrain Skis - 165cm,1,899.99,899.99,0.0,78.75
b53fb3d3-9f9b-4abc-bce5-93b4ba191568,3,3033,Women's Performance Ski Boots,1,579.99,579.99,0.0,50.75
7bb3975e-e835-4898-be52-6017103c1820,1,3031,Pro Flex Racing Ski Boots,2,649.99,1299.98,0.0,113.75
7c821730-7323-45a2-a2d2-3dab3303835a,1,3042,Aluminum All-Mountain Poles - 115cm,1,99.99,99.99,0.0,8.75
13313c95-46a7-45b4-bdb1-6915e285ad1e,1,3081,All-Temp Ski Wax Kit,2,79.99,159.98,0.0,14.0
13313c95-46a7-45b4-bdb1-6915e285ad1e,2,3031,Pro Flex Racing Ski Boots,2,649.99,1299.98,0.0,113.75
13313c95-46a7-45b4-bdb1-6915e285ad1e,3,3032,Comfort Fit Recreational Boots,1,399.99,399.99,0.0,35.0
376885c6-ac3c-4b5f-8cb0-5891d84efbc0,1,3103,Snowboard Bindings - Pro,2,299.99,599.98,0.0,52.5
376885c6-ac3c-4b5f-8cb0-5891d84efbc0,2,3081,All-Temp Ski Wax Kit,1,79.99,79.99,0.0,7.0
4029ab85-e5ea-470f-a13a-2578e3b4b31c,1,3032,Comfort Fit Recreational Boots,1,399.99,399.99,0.0,35.0
4029ab85-e5ea-470f-a13a-2578e3b4b31c,2,3011,Alpine Pro Racing Skis - 170cm,1,1299.99,1299.99,0.0,113.75
4029ab85-e5ea-470f-a13a-2578e3b4b31c,3,3031,Pro Flex Racing Ski Boots,2,649.99,1299.98,0.0,113.75
4029ab85-e5ea-470f-a13a-2578e3b4b31c,4,3031,Pro Flex Racing Ski Boots,1,649.99,649.99,0.0,56.87
53728c81-a93f-490e-95e5-237027a6041a,1,3104,Ski Tuning Bench - Portable,1,189.99,189.99,0.0,16.62
f79c836b-8963-4bec-a1e2-d395d56d2454,1,3104,Ski Tuning Bench - Portable,2,189.99,379.98,0.0,33.25
f79c836b-8963-4bec-a1e2-d395d56d2454,2,3092,All-Mountain Snowboard - 158cm,2,799.99,1599.98,0.0,140.0
f79c836b-8963-4bec-a1e2-d395d56d2454,3,3072,Hand Warmers - 10 Pack,1,14.99,14.99,0.0,1.31
5913a751-c42e-4454-bf5f-348a9a6620c1,1,3013,Beginner's Choice Alpine Skis - 160cm,2,449.99,899.98,0.0,78.75
5913a751-c42e-4454-bf5f-348a9a6620c1,2,3021,Nordic Classic XC Skis - 185cm,1,349.99,349.99,0.0,30.62
c447c83a-f79d-4b1c-a400-7f63ad5f1dba,1,3042,Aluminum All-Mountain Poles - 115cm,1,99.99,99.99,0.0,8.75
c447c83a-f79d-4b1c-a400-7f63ad5f1dba,2,3033,Women's Performance Ski Boots,2,579.99,1159.98,0.0,101.5
c447c83a-f79d-4b1c-a400-7f63ad5f1dba,3,3062,Anti-Fog Ski Goggles,1,129.99,129.99,0.0,11.37
2b157790-48d0-4834-b33e-857203a4037a,1,3012,Mountain Master All-Terrain Skis - 165cm,2,899.99,1799.98,0.0,157.5
2b157790-48d0-4834-b33e-857203a4037a,2,3031,Pro Flex Racing Ski Boots,2,649.99,1299.98,0.0,113.75
2b157790-48d0-4834-b33e-857203a4037a,3,3051,Insulated Ski Jacket - Men's,1,299.99,299.99,0.0,26.25
f76b0e81-9a88-448c-8866-721c4a6f4f80,1,3032,Comfort Fit Recreational Boots,1,399.99,399.99,0.0,35.0
f76b0e81-9a88-448c-8866-721c4a6f4f80,2,3051,Insulated Ski Jacket - Men's,1,299.99,299.99,0.0,26.25
f76b0e81-9a88-448c-8866-721c4a6f4f80,3,3033,Women's Performance Ski Boots,1,579.99,579.99,0.0,50.75
f76b0e81-9a88-448c-8866-721c4a6f4f80,4,3082,Edge Tuning Tool Set,1,119.99,119.99,0.0,10.5
0d4c8bb4-6c93-4ae8-a44a-639659134fef,1,3071,Ski Boot Bag - Premium,2,59.99,119.98,0.0,10.5
0d4c8bb4-6c93-4ae8-a44a-639659134fef,2,3051,Insulated Ski Jacket - Men's,2,299.99,599.98,0.0,52.5
0d4c8bb4-6c93-4ae8-a44a-639659134fef,3,3013,Beginner's Choice Alpine Skis - 160cm,2,449.99,899.98,0.0,78.75
0d4c8bb4-6c93-4ae8-a44a-639659134fef,4,3104,Ski Tuning Bench - Portable,1,189.99,189.99,0.0,16.62
b54ff69f-ccaf-4f5e-a7d9-53603f139dfe,1,3031,Pro Flex Racing Ski Boots,1,649.99,649.99,0.0,56.87
b54ff69f-ccaf-4f5e-a7d9-53603f139dfe,2,3052,Thermal Base Layer Set - Women's,1,149.99,149.99,0.0,13.12
b54ff69f-ccaf-4f5e-a7d9-53603f139dfe,3,3021,Nordic Classic XC Skis - 185cm,1,349.99,349.99,0.0,30.62
ccb856c0-9fd0-4432-995e-327f705246ec,1,3081,All-Temp Ski Wax Kit,2,79.99,159.98,0.0,14.0
ccb856c0-9fd0-4432-995e-327f705246ec,2,3101,Winter Boots - Insulated,2,159.99,319.98,0.0,28.0
ccb856c0-9fd0-4432-995e-327f705246ec,3,3022,Backcountry Explorer XC Skis - 190cm,1,549.99,549.99,0.0,48.12
819701a2-4f96-412e-9a1c-ae1e6e0a2728,1,3061,Professional Ski Helmet,2,199.99,399.98,0.0,35.0
776fe178-4386-4eaf-84ef-f1be017c1349,1,3082,Edge Tuning Tool Set,1,119.99,119.99,0.0,10.5
776fe178-4386-4eaf-84ef-f1be017c1349,2,3092,All-Mountain Snowboard - 158cm,2,799.99,1599.98,0.0,140.0
776fe178-4386-4eaf-84ef-f1be017c1349,3,3021,Nordic Classic XC Skis - 185cm,1,349.99,349.99,0.0,30.62
42760127-d0fd-483e-82d0-7edfc5170870,1,3104,Ski Tuning Bench - Portable,2,189.99,379.98,0.0,33.25
42760127-d0fd-483e-82d0-7edfc5170870,2,3104,Ski Tuning Bench - Portable,2,189.99,379.98,0.0,33.25
42760127-d0fd-483e-82d0-7edfc5170870,3,3032,Comfort Fit Recreational Boots,2,399.99,799.98,0.0,70.0
42760127-d0fd-483e-82d0-7edfc5170870,4,3033,Women's Performance Ski Boots,2,579.99,1159.98,0.0,101.5
75e164f8-3762-42fe-b708-0c3b1c32ecea,1,3033,Women's Performance Ski Boots,1,579.99,579.99,0.0,50.75
e5c067ad-79d9-4de2-b1e3-9b47338da84f,1,3013,Beginner's Choice Alpine Skis - 160cm,1,449.99,449.99,0.0,39.37
e5c067ad-79d9-4de2-b1e3-9b47338da84f,2,3031,Pro Flex Racing Ski Boots,1,649.99,649.99,0.0,56.87
45fb7d32-b2ce-4e16-afdf-5dff7248a4cf,1,3082,Edge Tuning Tool Set,1,119.99,119.99,0.0,10.5
45fb7d32-b2ce-4e16-afdf-5dff7248a4cf,2,3104,Ski Tuning Bench - Portable,1,189.99,189.99,0.0,16.62
ddece900-cb54-4b2d-a497-9a54016110b4,1,3051,Insulated Ski Jacket - Men's,1,299.99,299.99,0.0,26.25
ddece900-cb54-4b2d-a497-9a54016110b4,2,3081,All-Temp Ski Wax Kit,2,79.99,159.98,0.0,14.0
ddece900-cb54-4b2d-a497-9a54016110b4,3,3032,Comfort Fit Recreational Boots,2,399.99,799.98,0.0,70.0
b687b238-bc24-4087-a4ae-e8c2280c364e,1,3102,Winter Hiking Boots - Waterproof,2,249.99,499.98,0.0,43.75
b687b238-bc24-4087-a4ae-e8c2280c364e,2,3032,Comfort Fit Recreational Boots,1,399.99,399.99,0.0,35.0
b687b238-bc24-4087-a4ae-e8c2280c364e,3,3103,Snowboard Bindings - Pro,2,299.99,599.98,0.0,52.5
b687b238-bc24-4087-a4ae-e8c2280c364e,4,3104,Ski Tuning Bench - Portable,2,189.99,379.98,0.0,33.25
605b1c47-4521-4ccd-8c14-76464cd5f5df,1,3104,Ski Tuning Bench - Portable,1,189.99,189.99,0.0,16.62
534e5a83-cf50-4c8a-8c0e-e2684f0e0608,1,3012,Mountain Master All-Terrain Skis - 165cm,1,899.99,899.99,0.0,78.75
534e5a83-cf50-4c8a-8c0e-e2684f0e0608,2,3102,Winter Hiking Boots - Waterproof,2,249.99,499.98,0.0,43.75
534e5a83-cf50-4c8a-8c0e-e2684f0e0608,3,3041,Carbon Fiber Racing Poles - 120cm,1,179.99,179.99,0.0,15.75
4bb7a3b7-f7be-43c9-8535-0204b7723a2c,1,3031,Pro Flex Racing Ski Boots,1,649.99,649.99,0.0,56.87
4bb7a3b7-f7be-43c9-8535-0204b7723a2c,2,3071,Ski Boot Bag - Premium,2,59.99,119.98,0.0,10.5
c427bf72-b439-4ff3-a374-706e606e3007,1,3104,Ski Tuning Bench - Portable,1,189.99,189.99,0.0,16.62
c427bf72-b439-4ff3-a374-706e606e3007,2,3103,Snowboard Bindings - Pro,1,299.99,299.99,0.0,26.25
21c7c92d-439d-43c3-93c9-7c2027889259,1,3103,Snowboard Bindings - Pro,2,299.99,599.98,0.0,52.5
21c7c92d-439d-43c3-93c9-7c2027889259,2,3104,Ski Tuning Bench - Portable,1,189.99,189.99,0.0,16.62
21c7c92d-439d-43c3-93c9-7c2027889259,3,3091,Freestyle Snowboard - 155cm,2,649.99,1299.98,0.0,113.75
5fb223cb-f1e8-4a4f-80d6-4dbe2e3677d2,1,3081,All-Temp Ski Wax Kit,2,79.99,159.98,0.0,14.0
5fb223cb-f1e8-4a4f-80d6-4dbe2e3677d2,2,3102,Winter Hiking Boots - Waterproof,2,249.99,499.98,0.0,43.75
5fb223cb-f1e8-4a4f-80d6-4dbe2e3677d2,3,3104,Ski Tuning Bench - Portable,1,189.99,189.99,0.0,16.62
5fb223cb-f1e8-4a4f-80d6-4dbe2e3677d2,4,3071,Ski Boot Bag - Premium,2,59.99,119.98,0.0,10.5
485cd828-9e0a-4856-9768-dc3bf4199a2c,1,3051,Insulated Ski Jacket - Men's,1,299.99,299.99,0.0,26.25
485cd828-9e0a-4856-9768-dc3bf4199a2c,2,3032,Comfort Fit Recreational Boots,2,399.99,799.98,0.0,70.0
485cd828-9e0a-4856-9768-dc3bf4199a2c,3,3011,Alpine Pro Racing Skis - 170cm,1,1299.99,1299.99,0.0,113.75
53dca9ca-f406-4984-a76c-9c29a50573e6,1,3032,Comfort Fit Recreational Boots,2,399.99,799.98,0.0,70.0
7f3c84d0-fb98-4745-a6c1-209e1ac59eeb,1,3081,All-Temp Ski Wax Kit,1,79.99,79.99,0.0,7.0
fc4e1f44-7498-48ee-9031-dc24ab698c37,1,3081,All-Temp Ski Wax Kit,2,79.99,159.98,0.0,14.0
fc4e1f44-7498-48ee-9031-dc24ab698c37,2,3102,Winter Hiking Boots - Waterproof,2,249.99,499.98,0.0,43.75
13d30c99-e28f-400c-8f07-33e717e2d025,1,3081,All-Temp Ski Wax Kit,1,79.99,79.99,0.0,7.0
13d30c99-e28f-400c-8f07-33e717e2d025,2,3033,Women's Performance Ski Boots,2,579.99,1159.98,0.0,101.5
44f41ef7-c70f-4860-80e0-a08cb641d871,1,3104,Ski Tuning Bench - Portable,2,189.99,379.98,0.0,33.25
339c23c7-b6b9-4a09-a9dc-db42c6a87422,1,3032,Comfort Fit Recreational Boots,1,399.99,399.99,0.0,35.0
339c23c7-b6b9-4a09-a9dc-db42c6a87422,2,3032,Comfort Fit Recreational Boots,2,399.99,799.98,0.0,70.0
b8977242-3d46-4152-88e7-66d94cf5e59b,1,3082,Edge Tuning Tool Set,1,119.99,119.99,0.0,10.5
b8977242-3d46-4152-88e7-66d94cf5e59b,2,3102,Winter Hiking Boots - Waterproof,2,249.99,499.98,0.0,43.75
6d25037f-a7ad-4e36-9bae-4544dd6e415e,1,3082,Edge Tuning Tool Set,1,119.99,119.99,0.0,10.5
6d25037f-a7ad-4e36-9bae-4544dd6e415e,2,3101,Winter Boots - Insulated,2,159.99,319.98,0.0,28.0
6d25037f-a7ad-4e36-9bae-4544dd6e415e,3,3103,Snowboard Bindings - Pro,1,299.99,299.99,0.0,26.25
32466fe2-25c6-421c-b7b7-bab2b14c5d49,1,3081,All-Temp Ski Wax Kit,2,79.99,159.98,0.0,14.0
32466fe2-25c6-421c-b7b7-bab2b14c5d49,2,3102,Winter Hiking Boots - Waterproof,1,249.99,249.99,0.0,21.87
32466fe2-25c6-421c-b7b7-bab2b14c5d49,3,3081,All-Temp Ski Wax Kit,2,79.99,159.98,0.0,14.0
f85c1c56-3bea-4222-8bf7-3b11242d82cf,1,3033,Women's Performance Ski Boots,1,579.99,579.99,0.0,50.75
f85c1c56-3bea-4222-8bf7-3b11242d82cf,2,3033,Women's Performance Ski Boots,1,579.99,579.99,0.0,50.75
f85c1c56-3bea-4222-8bf7-3b11242d82cf,3,3032,Comfort Fit Recreational Boots,2,399.99,799.98,0.0,70.0
1e67ba20-1956-48c5-b41b-b8d410f241ff,1,3052,Thermal Base Layer Set - Women's,2,149.99,299.98,0.0,26.25
9a00b24b-fcfc-4373-bc59-8c55cb68ee3c,1,3071,Ski Boot Bag - Premium,2,59.99,119.98,0.0,10.5
9a00b24b-fcfc-4373-bc59-8c55cb68ee3c,2,3104,Ski Tuning Bench - Portable,2,189.99,379.98,0.0,33.25
9a00b24b-fcfc-4373-bc59-8c55cb68ee3c,3,3091,Freestyle Snowboard - 155cm,2,649.99,1299.98,0.0,113.75
9a00b24b-fcfc-4373-bc59-8c55cb68ee3c,4,3031,Pro Flex Racing Ski Boots,2,649.99,1299.98,0.0,113.75
8e8f88a1-1458-47df-8b37-2f819d848ccb,1,3061,Professional Ski Helmet,2,199.99,399.98,0.0,35.0
d2520194-ce6e-424a-85bb-d51a85a51f63,1,3104,Ski Tuning Bench - Portable,1,189.99,189.99,0.0,16.62
d2520194-ce6e-424a-85bb-d51a85a51f63,2,3092,All-Mountain Snowboard - 158cm,2,799.99,1599.98,0.0,140.0
d2520194-ce6e-424a-85bb-d51a85a51f63,3,3091,Freestyle Snowboard - 155cm,1,649.99,649.99,0.0,56.87
bf572884-f225-4c00-8d27-6ec118f91efc,1,3052,Thermal Base Layer Set - Women's,1,149.99,149.99,0.0,13.12
bf572884-f225-4c00-8d27-6ec118f91efc,2,3012,Mountain Master All-Terrain Skis - 165cm,2,899.99,1799.98,0.0,157.5
bf572884-f225-4c00-8d27-6ec118f91efc,3,3042,Aluminum All-Mountain Poles - 115cm,2,99.99,199.98,0.0,17.5
bf572884-f225-4c00-8d27-6ec118f91efc,4,3031,Pro Flex Racing Ski Boots,2,649.99,1299.98,0.0,113.75
96f34298-9049-440c-af44-9a9b71a5237a,1,3104,Ski Tuning Bench - Portable,2,189.99,379.98,0.0,33.25
96f34298-9049-440c-af44-9a9b71a5237a,2,3022,Backcountry Explorer XC Skis - 190cm,1,549.99,549.99,0.0,48.12
96f34298-9049-440c-af44-9a9b71a5237a,3,3081,All-Temp Ski Wax Kit,1,79.99,79.99,0.0,7.0
96f34298-9049-440c-af44-9a9b71a5237a,4,3091,Freestyle Snowboard - 155cm,2,649.99,1299.98,0.0,113.75
6750d102-8c1e-4081-8612-84b6d75a72f2,1,3013,Beginner's Choice Alpine Skis - 160cm,1,449.99,449.99,0.0,39.37
6750d102-8c1e-4081-8612-84b6d75a72f2,2,3012,Mountain Master All-Terrain Skis - 165cm,2,899.99,1799.98,0.0,157.5
6750d102-8c1e-4081-8612-84b6d75a72f2,3,3031,Pro Flex Racing Ski Boots,2,649.99,1299.98,0.0,113.75
26e10f36-2b87-4c35-8539-b12e741effc4,1,3011,Alpine Pro Racing Skis - 170cm,2,1299.99,2599.98,0.0,227.5
c64c0370-9c89-4f1c-959c-affcfdc19162,1,3012,Mountain Master All-Terrain Skis - 165cm,2,899.99,1799.98,0.0,157.5
c64c0370-9c89-4f1c-959c-affcfdc19162,2,3031,Pro Flex Racing Ski Boots,1,649.99,649.99,0.0,56.87
c64c0370-9c89-4f1c-959c-affcfdc19162,3,3032,Comfort Fit Recreational Boots,1,399.99,399.99,0.0,35.0
c64c0370-9c89-4f1c-959c-affcfdc19162,4,3104,Ski Tuning Bench - Portable,2,189.99,379.98,0.0,33.25
279689a4-138f-46c8-ae49-39bdd6d322f0,1,3032,Comfort Fit Recreational Boots,1,399.99,399.99,0.0,35.0
279689a4-138f-46c8-ae49-39bdd6d322f0,2,3061,Professional Ski Helmet,1,199.99,199.99,0.0,17.5
279689a4-138f-46c8-ae49-39bdd6d322f0,3,3013,Beginner's Choice Alpine Skis - 160cm,2,449.99,899.98,0.0,78.75
9a11e581-1ed9-486a-be77-be554403fdcf,1,3092,All-Mountain Snowboard - 158cm,1,799.99,799.99,0.0,70.0
22af6857-5f53-497a-92f8-d5da38cb17ac,1,3082,Edge Tuning Tool Set,1,119.99,119.99,0.0,10.5
22af6857-5f53-497a-92f8-d5da38cb17ac,2,3103,Snowboard Bindings - Pro,1,299.99,299.99,0.0,26.25
22af6857-5f53-497a-92f8-d5da38cb17ac,3,3011,Alpine Pro Racing Skis - 170cm,2,1299.99,2599.98,0.0,227.5
22af6857-5f53-497a-92f8-d5da38cb17ac,4,3081,All-Temp Ski Wax Kit,1,79.99,79.99,0.0,7.0
244a567b-b480-4572-8640-a2a5a40f045f,1,3104,Ski Tuning Bench - Portable,2,189.99,379.98,0.0,33.25
dcced7a0-f20f-4eee-942b-0a2dd2528d3a,1,3033,Women's Performance Ski Boots,2,579.99,1159.98,0.0,101.5
bcdc69f6-c5cc-496d-993d-5f790a00b0de,1,3072,Hand Warmers - 10 Pack,2,14.99,29.98,0.0,2.62
bcdc69f6-c5cc-496d-993d-5f790a00b0de,2,3104,Ski Tuning Bench - Portable,1,189.99,189.99,0.0,16.62
bcdc69f6-c5cc-496d-993d-5f790a00b0de,3,3104,Ski Tuning Bench - Portable,1,189.99,189.99,0.0,16.62
bcdc69f6-c5cc-496d-993d-5f790a00b0de,4,3011,Alpine Pro Racing Skis - 170cm,1,1299.99,1299.99,0.0,113.75
852128db-f6b5-4d44-9284-bbdaf703f352,1,3072,Hand Warmers - 10 Pack,1,14.99,14.99,0.0,1.31
852128db-f6b5-4d44-9284-bbdaf703f352,2,3012,Mountain Master All-Terrain Skis - 165cm,2,899.99,1799.98,0.0,157.5
d9bfe335-dbf2-43ec-86bd-d446570daeb3,1,3052,Thermal Base Layer Set - Women's,1,149.99,149.99,0.0,13.12
d9bfe335-dbf2-43ec-86bd-d446570daeb3,2,3012,Mountain Master All-Terrain Skis - 165cm,2,899.99,1799.98,0.0,157.5
d9bfe335-dbf2-43ec-86bd-d446570daeb3,3,3033,Women's Performance Ski Boots,2,579.99,1159.98,0.0,101.5
d9bfe335-dbf2-43ec-86bd-d446570daeb3,4,3061,Professional Ski Helmet,1,199.99,199.99,0.0,17.5
d15b71e1-907d-4d56-8c23-6638ee369a81,1,3081,All-Temp Ski Wax Kit,1,79.99,79.99,0.0,7.0
d15b71e1-907d-4d56-8c23-6638ee369a81,2,3082,Edge Tuning Tool Set,1,119.99,119.99,0.0,10.5
d15b71e1-907d-4d56-8c23-6638ee369a81,3,3052,Thermal Base Layer Set - Women's,2,149.99,299.98,0.0,26.25
d15b71e1-907d-4d56-8c23-6638ee369a81,4,3011,Alpine Pro Racing Skis - 170cm,2,1299.99,2599.98,0.0,227.5
44e937f5-8778-4b49-8412-5adac0799875,1,3091,Freestyle Snowboard - 155cm,1,649.99,649.99,0.0,56.87
40a1a80c-f1fd-4cc5-997e-6c2944bcfef9,1,3032,Comfort Fit Recreational Boots,1,399.99,399.99,0.0,35.0
cd844b0d-0771-4523-9253-2139e4928b6c,1,3103,Snowboard Bindings - Pro,1,299.99,299.99,0.0,26.25
cd844b0d-0771-4523-9253-2139e4928b6c,2,3082,Edge Tuning Tool Set,1,119.99,119.99,0.0,10.5
cd844b0d-0771-4523-9253-2139e4928b6c,3,3091,Freestyle Snowboard - 155cm,2,649.99,1299.98,0.0,113.75
cd844b0d-0771-4523-9253-2139e4928b6c,4,3013,Beginner's Choice Alpine Skis - 160cm,1,449.99,449.99,0.0,39.37
1454e84f-1a41-437d-a655-7a270065386b,1,3081,All-Temp Ski Wax Kit,1,79.99,79.99,0.0,7.0
1454e84f-1a41-437d-a655-7a270065386b,2,3104,Ski Tuning Bench - Portable,1,189.99,189.99,0.0,16.62
1454e84f-1a41-437d-a655-7a270065386b,3,3092,All-Mountain Snowboard - 158cm,1,799.99,799.99,0.0,70.0
1454e84f-1a41-437d-a655-7a270065386b,4,3081,All-Temp Ski Wax Kit,2,79.99,159.98,0.0,14.0
887f97a3-6dba-4a75-a13c-8aded47d002f,1,3081,All-Temp Ski Wax Kit,1,79.99,79.99,0.0,7.0
887f97a3-6dba-4a75-a13c-8aded47d002f,2,3082,Edge Tuning Tool Set,2,119.99,239.98,0.0,21.0
887f97a3-6dba-4a75-a13c-8aded47d002f,3,3082,Edge Tuning Tool Set,1,119.99,119.99,0.0,10.5
20788e20-9766-4e45-a309-8df341498107,1,3062,Anti-Fog Ski Goggles,2,129.99,259.98,0.0,22.75
20788e20-9766-4e45-a309-8df341498107,2,3013,Beginner's Choice Alpine Skis - 160cm,2,449.99,899.98,0.0,78.75
20788e20-9766-4e45-a309-8df341498107,3,3092,All-Mountain Snowboard - 158cm,2,799.99,1599.98,0.0,140.0
1f0d52b3-b8bd-42da-8c47-f28a97e57cf3,1,3021,Nordic Classic XC Skis - 185cm,2,349.99,699.98,0.0,61.25
d548d9e9-f297-4c2b-b2a0-5921263d30f9,1,3091,Freestyle Snowboard - 155cm,2,649.99,1299.98,0.0,113.75
f451ea0a-30f4-4bb9-9cbc-f0ccff08cd53,1,3082,Edge Tuning Tool Set,1,119.99,119.99,0.0,10.5
f451ea0a-30f4-4bb9-9cbc-f0ccff08cd53,2,3052,Thermal Base Layer Set - Women's,1,149.99,149.99,0.0,13.12
f451ea0a-30f4-4bb9-9cbc-f0ccff08cd53,3,3051,Insulated Ski Jacket - Men's,2,299.99,599.98,0.0,52.5
f451ea0a-30f4-4bb9-9cbc-f0ccff08cd53,4,3062,Anti-Fog Ski Goggles,2,129.99,259.98,0.0,22.75
b7833ffd-a235-467e-8e5f-14375953905d,1,3053,Waterproof Ski Pants,1,249.99,249.99,0.0,21.87
b7833ffd-a235-467e-8e5f-14375953905d,2,3104,Ski Tuning Bench - Portable,1,189.99,189.99,0.0,16.62
b7833ffd-a235-467e-8e5f-14375953905d,3,3082,Edge Tuning Tool Set,1,119.99,119.99,0.0,10.5
7856305d-3f8f-42c3-9a80-05a7d0f9f079,1,3081,All-Temp Ski Wax Kit,2,79.99,159.98,0.0,14.0
7856305d-3f8f-42c3-9a80-05a7d0f9f079,2,3081,All-Temp Ski Wax Kit,2,79.99,159.98,0.0,14.0
7856305d-3f8f-42c3-9a80-05a7d0f9f079,3,3012,Mountain Master All-Terrain Skis - 165cm,2,899.99,1799.98,0.0,157.5
c0565132-ab3b-495b-beac-06d8b9a3e794,1,3052,Thermal Base Layer Set - Women's,2,149.99,299.98,0.0,26.25
c0565132-ab3b-495b-beac-06d8b9a3e794,2,3082,Edge Tuning Tool Set,2,119.99,239.98,0.0,21.0
c0565132-ab3b-495b-beac-06d8b9a3e794,3,3031,Pro Flex Racing Ski Boots,1,649.99,649.99,0.0,56.87
178da405-8fde-45c3-8a49-68f472c49a2c,1,3081,All-Temp Ski Wax Kit,1,79.99,79.99,0.0,7.0
178da405-8fde-45c3-8a49-68f472c49a2c,2,3101,Winter Boots - Insulated,2,159.99,319.98,0.0,28.0
f4b5166b-112c-449c-8240-2b82837a4a15,1,3103,Snowboard Bindings - Pro,1,299.99,299.99,0.0,26.25
f4b5166b-112c-449c-8240-2b82837a4a15,2,3051,Insulated Ski Jacket - Men's,2,299.99,599.98,0.0,52.5
43ac2b16-c18c-4ed4-aa55-9885056f1363,1,3103,Snowboard Bindings - Pro,1,299.99,299.99,0.0,26.25
11ad4607-eb25-4799-8298-ea679f7575fb,1,3033,Women's Performance Ski Boots,2,579.99,1159.98,0.0,101.5
5a4b5c8e-dbc5-4eb1-8fe8-3d1be6d2985b,1,3022,Backcountry Explorer XC Skis - 190cm,1,549.99,549.99,0.0,48.12
e87e5a6f-5dc1-4869-80b5-7e0836ee39bc,1,3042,Aluminum All-Mountain Poles - 115cm,1,99.99,99.99,0.0,8.75
3571f6d2-fb1f-4edc-9699-332096a62169,1,3012,Mountain Master All-Terrain Skis - 165cm,1,899.99,899.99,0.0,78.75
3571f6d2-fb1f-4edc-9699-332096a62169,2,3072,Hand Warmers - 10 Pack,2,14.99,29.98,0.0,2.62
3571f6d2-fb1f-4edc-9699-332096a62169,3,3081,All-Temp Ski Wax Kit,1,79.99,79.99,0.0,7.0
3571f6d2-fb1f-4edc-9699-332096a62169,4,3104,Ski Tuning Bench - Portable,1,189.99,189.99,0.0,16.62
9b659256-84eb-4440-9e53-8b87757ed0e8,1,3012,Mountain Master All-Terrain Skis - 165cm,2,899.99,1799.98,0.0,157.5
e75b20ea-0f78-4f02-86fe-97e54cda9038,1,3053,Waterproof Ski Pants,2,249.99,499.98,0.0,43.75
ecd07d39-aa6e-4749-a5bc-bf19d97aa1f0,1,3104,Ski Tuning Bench - Portable,1,189.99,189.99,0.0,16.62
ecd07d39-aa6e-4749-a5bc-bf19d97aa1f0,2,3071,Ski Boot Bag - Premium,2,59.99,119.98,0.0,10.5
ecd07d39-aa6e-4749-a5bc-bf19d97aa1f0,3,3104,Ski Tuning Bench - Portable,1,189.99,189.99,0.0,16.62
ecd07d39-aa6e-4749-a5bc-bf19d97aa1f0,4,3082,Edge Tuning Tool Set,1,119.99,119.99,0.0,10.5
808016f7-ed1d-4d93-8df9-58649d165d70,1,3092,All-Mountain Snowboard - 158cm,2,799.99,1599.98,0.0,140.0
808016f7-ed1d-4d93-8df9-58649d165d70,2,3082,Edge Tuning Tool Set,2,119.99,239.98,0.0,21.0
808016f7-ed1d-4d93-8df9-58649d165d70,3,3081,All-Temp Ski Wax Kit,2,79.99,159.98,0.0,14.0
808016f7-ed1d-4d93-8df9-58649d165d70,4,3091,Freestyle Snowboard - 155cm,1,649.99,649.99,0.0,56.87
f0bbb856-c391-4621-b2f0-9d36b39d94d9,1,3081,All-Temp Ski Wax Kit,2,79.99,159.98,0.0,14.0
f0bbb856-c391-4621-b2f0-9d36b39d94d9,2,3031,Pro Flex Racing Ski Boots,2,649.99,1299.98,0.0,113.75
f0bbb856-c391-4621-b2f0-9d36b39d94d9,3,3051,Insulated Ski Jacket - Men's,1,299.99,299.99,0.0,26.25
bb66287c-2953-4dff-a15d-74224fcb0739,1,3082,Edge Tuning Tool Set,2,119.99,239.98,0.0,21.0
bb66287c-2953-4dff-a15d-74224fcb0739,2,3103,Snowboard Bindings - Pro,1,299.99,299.99,0.0,26.25
dbb0bdf8-c927-4f68-a1b1-f69015cfe238,1,3013,Beginner's Choice Alpine Skis - 160cm,2,449.99,899.98,0.0,78.75
dbb0bdf8-c927-4f68-a1b1-f69015cfe238,2,3061,Professional Ski Helmet,2,199.99,399.98,0.0,35.0
dbb0bdf8-c927-4f68-a1b1-f69015cfe238,3,3072,Hand Warmers - 10 Pack,2,14.99,29.98,0.0,2.62
688eb0fc-e7c2-4212-b874-20877dba1508,1,3032,Comfort Fit Recreational Boots,1,399.99,399.99,0.0,35.0
4f7a1fa3-54c9-4aed-9250-1ec929bf2d35,1,3013,Beginner's Choice Alpine Skis - 160cm,2,449.99,899.98,0.0,78.75
07f53aa0-1caf-4a0a-9350-8f67b756198a,1,3041,Carbon Fiber Racing Poles - 120cm,1,179.99,179.99,0.0,15.75
07f53aa0-1caf-4a0a-9350-8f67b756198a,2,3042,Aluminum All-Mountain Poles - 115cm,2,99.99,199.98,0.0,17.5
07f53aa0-1caf-4a0a-9350-8f67b756198a,3,3011,Alpine Pro Racing Skis - 170cm,2,1299.99,2599.98,0.0,227.5
7536a922-af23-434c-bc33-71360b67bd80,1,3022,Backcountry Explorer XC Skis - 190cm,1,549.99,549.99,0.0,48.12
a747ba7b-0ebd-4e0e-9314-d44cb9936aeb,1,3011,Alpine Pro Racing Skis - 170cm,1,1299.99,1299.99,0.0,113.75
a747ba7b-0ebd-4e0e-9314-d44cb9936aeb,2,3081,All-Temp Ski Wax Kit,1,79.99,79.99,0.0,7.0
a747ba7b-0ebd-4e0e-9314-d44cb9936aeb,3,3092,All-Mountain Snowboard - 158cm,1,799.99,799.99,0.0,70.0
a747ba7b-0ebd-4e0e-9314-d44cb9936aeb,4,3091,Freestyle Snowboard - 155cm,2,649.99,1299.98,0.0,113.75
75066ea6-1e05-488b-9e1b-3d52b60d99cb,1,3082,Edge Tuning Tool Set,1,119.99,119.99,0.0,10.5
75066ea6-1e05-488b-9e1b-3d52b60d99cb,2,3082,Edge Tuning Tool Set,2,119.99,239.98,0.0,21.0
75066ea6-1e05-488b-9e1b-3d52b60d99cb,3,3081,All-Temp Ski Wax Kit,2,79.99,159.98,0.0,14.0
26243738-9af0-4a6a-b51b-a5695bbd1097,1,3081,All-Temp Ski Wax Kit,2,79.99,159.98,0.0,14.0
ec912071-4644-479c-a74b-9252a0d5965c,1,3102,Winter Hiking Boots - Waterproof,1,249.99,249.99,0.0,21.87
ec912071-4644-479c-a74b-9252a0d5965c,2,3011,Alpine Pro Racing Skis - 170cm,2,1299.99,2599.98,0.0,227.5
ec912071-4644-479c-a74b-9252a0d5965c,3,3082,Edge Tuning Tool Set,1,119.99,119.99,0.0,10.5
12d4d153-36fb-461b-a938-c67bfe5fc1cb,1,3061,Professional Ski Helmet,2,199.99,399.98,0.0,35.0
12d4d153-36fb-461b-a938-c67bfe5fc1cb,2,3011,Alpine Pro Racing Skis - 170cm,2,1299.99,2599.98,0.0,227.5
12d4d153-36fb-461b-a938-c67bfe5fc1cb,3,3072,Hand Warmers - 10 Pack,1,14.99,14.99,0.0,1.31
964a926a-ecea-4a01-a831-3aa664b35e10,1,3011,Alpine Pro Racing Skis - 170cm,1,1299.99,1299.99,0.0,113.75
964a926a-ecea-4a01-a831-3aa664b35e10,2,3033,Women's Performance Ski Boots,1,579.99,579.99,0.0,50.75
964a926a-ecea-4a01-a831-3aa664b35e10,3,3051,Insulated Ski Jacket - Men's,2,299.99,599.98,0.0,52.5
2104069c-2503-4149-b699-84f54a071a04,1,3013,Beginner's Choice Alpine Skis - 160cm,2,449.99,899.98,0.0,78.75
2104069c-2503-4149-b699-84f54a071a04,2,3051,Insulated Ski Jacket - Men's,2,299.99,599.98,0.0,52.5
2104069c-2503-4149-b699-84f54a071a04,3,3053,Waterproof Ski Pants,1,249.99,249.99,0.0,21.87
c63d63ec-71e8-4c03-af18-e9147057c409,1,3031,Pro Flex Racing Ski Boots,2,649.99,1299.98,0.0,113.75
885a7c7f-7898-4f41-aac3-603ef31d270d,1,3072,Hand Warmers - 10 Pack,2,14.99,29.98,0.0,2.62
b70939f0-5937-4f2b-8927-affd88f271c3,1,3031,Pro Flex Racing Ski Boots,1,649.99,649.99,0.0,56.87
124745ee-88a1-4b15-95bf-17da1dad4ac6,1,3031,Pro Flex Racing Ski Boots,2,649.99,1299.98,0.0,113.75
124745ee-88a1-4b15-95bf-17da1dad4ac6,2,3012,Mountain Master All-Terrain Skis - 165cm,2,899.99,1799.98,0.0,157.5
124745ee-88a1-4b15-95bf-17da1dad4ac6,3,3022,Backcountry Explorer XC Skis - 190cm,2,549.99,1099.98,0.0,96.25
133f1819-1ad3-4a53-bef1-c12ec3e11f8d,1,3061,Professional Ski Helmet,2,199.99,399.98,0.0,35.0
261bfd6a-5e30-424b-80ec-a426466309b9,1,3021,Nordic Classic XC Skis - 185cm,1,349.99,349.99,0.0,30.62
748fb0b5-f68c-4ec2-aada-8a07689524e1,1,3103,Snowboard Bindings - Pro,1,299.99,299.99,0.0,26.25
32528414-7ad4-4d41-882b-d509eb8da5d0,1,3021,Nordic Classic XC Skis - 185cm,1,349.99,349.99,0.0,30.62
8232eb21-1e4f-4a82-8d71-1bdfade7fe70,1,3053,Waterproof Ski Pants,2,249.99,499.98,0.0,43.75
8232eb21-1e4f-4a82-8d71-1bdfade7fe70,2,3031,Pro Flex Racing Ski Boots,2,649.99,1299.98,0.0,113.75
5cda9330-326f-4407-a890-d7d1ab7d7a94,1,3103,Snowboard Bindings - Pro,2,299.99,599.98,0.0,52.5
5cda9330-326f-4407-a890-d7d1ab7d7a94,2,3104,Ski Tuning Bench - Portable,1,189.99,189.99,0.0,16.62
d7a3dcfe-40be-4600-98da-bcaa08bc741e,1,3082,Edge Tuning Tool Set,1,119.99,119.99,0.0,10.5
1c4ea8c5-784f-485c-9d25-f3325e23451d,1,3013,Beginner's Choice Alpine Skis - 160cm,2,449.99,899.98,0.0,78.75
1c4ea8c5-784f-485c-9d25-f3325e23451d,2,3104,Ski Tuning Bench - Portable,1,189.99,189.99,0.0,16.62
1c4ea8c5-784f-485c-9d25-f3325e23451d,3,3081,All-Temp Ski Wax Kit,1,79.99,79.99,0.0,7.0
d8251171-3bc5-47fe-a273-3af4b93bfb36,1,3104,Ski Tuning Bench - Portable,1,189.99,189.99,0.0,16.62
d8251171-3bc5-47fe-a273-3af4b93bfb36,2,3013,Beginner's Choice Alpine Skis - 160cm,1,449.99,449.99,0.0,39.37
d8251171-3bc5-47fe-a273-3af4b93bfb36,3,3012,Mountain Master All-Terrain Skis - 165cm,1,899.99,899.99,0.0,78.75
d8251171-3bc5-47fe-a273-3af4b93bfb36,4,3011,Alpine Pro Racing Skis - 170cm,2,1299.99,2599.98,0.0,227.5
b5b4d12a-d2ad-4eb7-acce-43c9be93babf,1,3081,All-Temp Ski Wax Kit,1,79.99,79.99,0.0,7.0
b5b4d12a-d2ad-4eb7-acce-43c9be93babf,2,3101,Winter Boots - Insulated,1,159.99,159.99,0.0,14.0
835690c9-7bc6-4648-8651-707dc3787c84,1,3103,Snowboard Bindings - Pro,2,299.99,599.98,0.0,52.5
835690c9-7bc6-4648-8651-707dc3787c84,2,3082,Edge Tuning Tool Set,1,119.99,119.99,0.0,10.5
7c193e2b-4a27-4a57-b6d3-cc4fe1f79765,1,3104,Ski Tuning Bench - Portable,2,189.99,379.98,0.0,33.25
2f6939d5-3df4-4ab7-b4bc-927362bae10f,1,3081,All-Temp Ski Wax Kit,2,79.99,159.98,0.0,14.0
c058fe33-eabd-4738-82e3-fd68c64da57f,1,3072,Hand Warmers - 10 Pack,2,14.99,29.98,0.0,2.62
c058fe33-eabd-4738-82e3-fd68c64da57f,2,3104,Ski Tuning Bench - Portable,2,189.99,379.98,0.0,33.25
f1a2f175-ab62-41df-907b-88c90a314c4b,1,3042,Aluminum All-Mountain Poles - 115cm,1,99.99,99.99,0.0,8.75
f1a2f175-ab62-41df-907b-88c90a314c4b,2,3022,Backcountry Explorer XC Skis - 190cm,1,549.99,549.99,0.0,48.12
f1a2f175-ab62-41df-907b-88c90a314c4b,3,3031,Pro Flex Racing Ski Boots,2,649.99,1299.98,0.0,113.75
f1a2f175-ab62-41df-907b-88c90a314c4b,4,3013,Beginner's Choice Alpine Skis - 160cm,1,449.99,449.99,0.0,39.37
2e681376-9db2-4d7c-b3fa-6ce1d9ddccb4,1,3042,Aluminum All-Mountain Poles - 115cm,1,99.99,99.99,0.0,8.75
2e681376-9db2-4d7c-b3fa-6ce1d9ddccb4,2,3013,Beginner's Choice Alpine Skis - 160cm,2,449.99,899.98,0.0,78.75
2e681376-9db2-4d7c-b3fa-6ce1d9ddccb4,3,3033,Women's Performance Ski Boots,1,579.99,579.99,0.0,50.75
2e681376-9db2-4d7c-b3fa-6ce1d9ddccb4,4,3033,Women's Performance Ski Boots,2,579.99,1159.98,0.0,101.5
b0d774cd-78d5-4cd8-9589-3aec9ba0991b,1,3082,Edge Tuning Tool Set,2,119.99,239.98,0.0,21.0
b0d774cd-78d5-4cd8-9589-3aec9ba0991b,2,3051,Insulated Ski Jacket - Men's,1,299.99,299.99,0.0,26.25
b0d774cd-78d5-4cd8-9589-3aec9ba0991b,3,3062,Anti-Fog Ski Goggles,2,129.99,259.98,0.0,22.75
d49f27f8-02b3-4913-8803-5b8312b34100,1,3051,Insulated Ski Jacket - Men's,1,299.99,299.99,0.0,26.25
d49f27f8-02b3-4913-8803-5b8312b34100,2,3082,Edge Tuning Tool Set,1,119.99,119.99,0.0,10.5
d49f27f8-02b3-4913-8803-5b8312b34100,3,3051,Insulated Ski Jacket - Men's,2,299.99,599.98,0.0,52.5
d49f27f8-02b3-4913-8803-5b8312b34100,4,3031,Pro Flex Racing Ski Boots,2,649.99,1299.98,0.0,113.75
095f6049-af31-4c11-ad71-e2354e920535,1,3053,Waterproof Ski Pants,1,249.99,249.99,0.0,21.87
095f6049-af31-4c11-ad71-e2354e920535,2,3091,Freestyle Snowboard - 155cm,1,649.99,649.99,0.0,56.87
095f6049-af31-4c11-ad71-e2354e920535,3,3051,Insulated Ski Jacket - Men's,1,299.99,299.99,0.0,26.25
095f6049-af31-4c11-ad71-e2354e920535,4,3021,Nordic Classic XC Skis - 185cm,2,349.99,699.98,0.0,61.25
5f1e684c-60fa-4064-a8ce-58f9cea039e3,1,3104,Ski Tuning Bench - Portable,1,189.99,189.99,0.0,16.62
5f1e684c-60fa-4064-a8ce-58f9cea039e3,2,3021,Nordic Classic XC Skis - 185cm,2,349.99,699.98,0.0,61.25
5f1e684c-60fa-4064-a8ce-58f9cea039e3,3,3081,All-Temp Ski Wax Kit,2,79.99,159.98,0.0,14.0
5fefffec-70fe-4e30-a28f-761c2289ff55,1,3052,Thermal Base Layer Set - Women's,2,149.99,299.98,0.0,26.25
5fefffec-70fe-4e30-a28f-761c2289ff55,2,3013,Beginner's Choice Alpine Skis - 160cm,1,449.99,449.99,0.0,39.37
cb23ab53-fb78-4002-8db8-98856478cf3f,1,3012,Mountain Master All-Terrain Skis - 165cm,2,899.99,1799.98,0.0,157.5
a128482d-7dad-419d-a9ff-8e08474eaec1,1,3091,Freestyle Snowboard - 155cm,1,649.99,649.99,0.0,56.87
515d5878-4a0a-4961-adb4-4bff06bc7acd,1,3072,Hand Warmers - 10 Pack,2,14.99,29.98,0.0,2.62
515d5878-4a0a-4961-adb4-4bff06bc7acd,2,3011,Alpine Pro Racing Skis - 170cm,2,1299.99,2599.98,0.0,227.5
c9e8e08f-b9c5-44af-8454-ad219022bd3a,1,3022,Backcountry Explorer XC Skis - 190cm,1,549.99,549.99,0.0,48.12
c9e8e08f-b9c5-44af-8454-ad219022bd3a,2,3011,Alpine Pro Racing Skis - 170cm,1,1299.99,1299.99,0.0,113.75
c9e8e08f-b9c5-44af-8454-ad219022bd3a,3,3072,Hand Warmers - 10 Pack,1,14.99,14.99,0.0,1.31
c9e8e08f-b9c5-44af-8454-ad219022bd3a,4,3071,Ski Boot Bag - Premium,2,59.99,119.98,0.0,10.5
02ba7ef2-cd0a-4d74-bdf5-ce8e936eda7d,1,3091,Freestyle Snowboard - 155cm,2,649.99,1299.98,0.0,113.75
02ba7ef2-cd0a-4d74-bdf5-ce8e936eda7d,2,3082,Edge Tuning Tool Set,1,119.99,119.99,0.0,10.5
02ba7ef2-cd0a-4d74-bdf5-ce8e936eda7d,3,3092,All-Mountain Snowboard - 158cm,1,799.99,799.99,0.0,70.0
e9401f79-3430-4b8a-b759-b2226560d53e,1,3082,Edge Tuning Tool Set,1,119.99,119.99,0.0,10.5
e9401f79-3430-4b8a-b759-b2226560d53e,2,3104,Ski Tuning Bench - Portable,1,189.99,189.99,0.0,16.62
45be6017-e82f-40e7-972c-71abb254c401,1,3103,Snowboard Bindings - Pro,1,299.99,299.99,0.0,26.25
45be6017-e82f-40e7-972c-71abb254c401,2,3041,Carbon Fiber Racing Poles - 120cm,2,179.99,359.98,0.0,31.5
acc178b0-c866-44f9-9d6e-30ac08875521,1,3013,Beginner's Choice Alpine Skis - 160cm,2,449.99,899.98,0.0,78.75
dd372582-f909-42a0-a1c1-f152ffdca2a5,1,3091,Freestyle Snowboard - 155cm,2,649.99,1299.98,0.0,113.75
dd372582-f909-42a0-a1c1-f152ffdca2a5,2,3052,Thermal Base Layer Set - Women's,2,149.99,299.98,0.0,26.25
dd372582-f909-42a0-a1c1-f152ffdca2a5,3,3052,Thermal Base Layer Set - Women's,1,149.99,149.99,0.0,13.12
dd372582-f909-42a0-a1c1-f152ffdca2a5,4,3033,Women's Performance Ski Boots,1,579.99,579.99,0.0,50.75
ada806b7-8604-4596-acbd-0f1b4555adee,1,3042,Aluminum All-Mountain Poles - 115cm,1,99.99,99.99,0.0,8.75
ada806b7-8604-4596-acbd-0f1b4555adee,2,3011,Alpine Pro Racing Skis - 170cm,2,1299.99,2599.98,0.0,227.5
ada806b7-8604-4596-acbd-0f1b4555adee,3,3051,Insulated Ski Jacket - Men's,2,299.99,599.98,0.0,52.5
a892fb92-0c10-413c-92f3-529a917d8b4e,1,3103,Snowboard Bindings - Pro,1,299.99,299.99,0.0,26.25
a892fb92-0c10-413c-92f3-529a917d8b4e,2,3092,All-Mountain Snowboard - 158cm,2,799.99,1599.98,0.0,140.0
a892fb92-0c10-413c-92f3-529a917d8b4e,3,3013,Beginner's Choice Alpine Skis - 160cm,1,449.99,449.99,0.0,39.37
368bed4e-1416-4300-87f1-2cf8f3e0d823,1,3011,Alpine Pro Racing Skis - 170cm,2,1299.99,2599.98,0.0,227.5
368bed4e-1416-4300-87f1-2cf8f3e0d823,2,3011,Alpine Pro Racing Skis - 170cm,1,1299.99,1299.99,0.0,113.75
368bed4e-1416-4300-87f1-2cf8f3e0d823,3,3013,Beginner's Choice Alpine Skis - 160cm,2,449.99,899.98,0.0,78.75
686197d5-83b8-4602-8456-8bfca6323775,1,3103,Snowboard Bindings - Pro,1,299.99,299.99,0.0,26.25
686197d5-83b8-4602-8456-8bfca6323775,2,3012,Mountain Master All-Terrain Skis - 165cm,2,899.99,1799.98,0.0,157.5
686197d5-83b8-4602-8456-8bfca6323775,3,3031,Pro Flex Racing Ski Boots,2,649.99,1299.98,0.0,113.75
351c928b-8f42-424d-b824-c48efa6b52ee,1,3033,Women's Performance Ski Boots,1,579.99,579.99,0.0,50.75
351c928b-8f42-424d-b824-c48efa6b52ee,2,3052,Thermal Base Layer Set - Women's,2,149.99,299.98,0.0,26.25
6e9da301-0a4c-4dfd-8543-16b503d932cd,1,3091,Freestyle Snowboard - 155cm,2,649.99,1299.98,0.0,113.75
6e9da301-0a4c-4dfd-8543-16b503d932cd,2,3104,Ski Tuning Bench - Portable,2,189.99,379.98,0.0,33.25
fb1f8318-f5f5-4afc-ab09-274fb7245b8a,1,3042,Aluminum All-Mountain Poles - 115cm,2,99.99,199.98,0.0,17.5
fb1f8318-f5f5-4afc-ab09-274fb7245b8a,2,3051,Insulated Ski Jacket - Men's,2,299.99,599.98,0.0,52.5
fb1f8318-f5f5-4afc-ab09-274fb7245b8a,3,3031,Pro Flex Racing Ski Boots,2,649.99,1299.98,0.0,113.75
fb1f8318-f5f5-4afc-ab09-274fb7245b8a,4,3052,Thermal Base Layer Set - Women's,2,149.99,299.98,0.0,26.25
7fb3a0a3-9183-4f8d-aeb2-48231498d4b3,1,3012,Mountain Master All-Terrain Skis - 165cm,1,899.99,899.99,0.0,78.75
7fb3a0a3-9183-4f8d-aeb2-48231498d4b3,2,3051,Insulated Ski Jacket - Men's,1,299.99,299.99,0.0,26.25
7fb3a0a3-9183-4f8d-aeb2-48231498d4b3,3,3031,Pro Flex Racing Ski Boots,2,649.99,1299.98,0.0,113.75
7fb3a0a3-9183-4f8d-aeb2-48231498d4b3,4,3042,Aluminum All-Mountain Poles - 115cm,2,99.99,199.98,0.0,17.5
ef236d83-31e1-4a63-892e-d7f6217f8221,1,3011,Alpine Pro Racing Skis - 170cm,1,1299.99,1299.99,0.0,113.75
ef236d83-31e1-4a63-892e-d7f6217f8221,2,3013,Beginner's Choice Alpine Skis - 160cm,2,449.99,899.98,0.0,78.75
e687f780-609b-470c-a57c-c00e9f6aeb8b,1,3042,Aluminum All-Mountain Poles - 115cm,1,99.99,99.99,0.0,8.75
18832a83-ff27-4716-a2d9-c88bf30e52a0,1,3032,Comfort Fit Recreational Boots,2,399.99,799.98,0.0,70.0
18832a83-ff27-4716-a2d9-c88bf30e52a0,2,3041,Carbon Fiber Racing Poles - 120cm,2,179.99,359.98,0.0,31.5
18832a83-ff27-4716-a2d9-c88bf30e52a0,3,3011,Alpine Pro Racing Skis - 170cm,1,1299.99,1299.99,0.0,113.75
18832a83-ff27-4716-a2d9-c88bf30e52a0,4,3013,Beginner's Choice Alpine Skis - 160cm,2,449.99,899.98,0.0,78.75
fe84db3d-a657-4622-bfc6-4343e3245ab3,1,3022,Backcountry Explorer XC Skis - 190cm,1,549.99,549.99,0.0,48.12
fe84db3d-a657-4622-bfc6-4343e3245ab3,2,3031,Pro Flex Racing Ski Boots,1,649.99,649.99,0.0,56.87
fe84db3d-a657-4622-bfc6-4343e3245ab3,3,3033,Women's Performance Ski Boots,1,579.99,579.99,0.0,50.75
fe84db3d-a657-4622-bfc6-4343e3245ab3,4,3012,Mountain Master All-Terrain Skis - 165cm,2,899.99,1799.98,0.0,157.5
688b1d2f-e645-4541-bce3-7db52244e3ce,1,3032,Comfort Fit Recreational Boots,1,399.99,399.99,0.0,35.0
688b1d2f-e645-4541-bce3-7db52244e3ce,2,3033,Women's Performance Ski Boots,1,579.99,579.99,0.0,50.75
688b1d2f-e645-4541-bce3-7db52244e3ce,3,3033,Women's Performance Ski Boots,1,579.99,579.99,0.0,50.75
688b1d2f-e645-4541-bce3-7db52244e3ce,4,3051,Insulated Ski Jacket - Men's,2,299.99,599.98,0.0,52.5
f503c69c-bbee-4d26-8e2d-6347cdb4b69c,1,3022,Backcountry Explorer XC Skis - 190cm,2,549.99,1099.98,0.0,96.25
f503c69c-bbee-4d26-8e2d-6347cdb4b69c,2,3012,Mountain Master All-Terrain Skis - 165cm,2,899.99,1799.98,0.0,157.5
28c20622-fa41-4e34-b646-9ab639eec9c8,1,3031,Pro Flex Racing Ski Boots,2,649.99,1299.98,0.0,113.75
9bd62a8a-533b-4534-90b7-2e17c6af509f,1,3031,Pro Flex Racing Ski Boots,2,649.99,1299.98,0.0,113.75
9bd62a8a-533b-4534-90b7-2e17c6af509f,2,3091,Freestyle Snowboard - 155cm,2,649.99,1299.98,0.0,113.75
ee10427b-bd59-47c5-bc11-3a3fa950406c,1,3082,Edge Tuning Tool Set,2,119.99,239.98,0.0,21.0
a930c87c-3c38-4c2a-83da-9c40129bf483,1,3052,Thermal Base Layer Set - Women's,2,149.99,299.98,0.0,26.25
a930c87c-3c38-4c2a-83da-9c40129bf483,2,3061,Professional Ski Helmet,2,199.99,399.98,0.0,35.0
1c2e5393-11ba-4a74-89a7-c0cca297145b,1,3022,Backcountry Explorer XC Skis - 190cm,2,549.99,1099.98,0.0,96.25
1c2e5393-11ba-4a74-89a7-c0cca297145b,2,3092,All-Mountain Snowboard - 158cm,1,799.99,799.99,0.0,70.0
8a26a3f6-1e34-44ed-be5c-6420dd78b686,1,3032,Comfort Fit Recreational Boots,1,399.99,399.99,0.0,35.0
8a26a3f6-1e34-44ed-be5c-6420dd78b686,2,3062,Anti-Fog Ski Goggles,2,129.99,259.98,0.0,22.75
0db2733c-8471-47e9-8321-0ee63cf5d1f2,1,3091,Freestyle Snowboard - 155cm,1,649.99,649.99,0.0,56.87
62feaeea-0a01-4279-ae36-ed46b7a04b9e,1,3031,Pro Flex Racing Ski Boots,2,649.99,1299.98,0.0,113.75
62feaeea-0a01-4279-ae36-ed46b7a04b9e,2,3072,Hand Warmers - 10 Pack,1,14.99,14.99,0.0,1.31
62feaeea-0a01-4279-ae36-ed46b7a04b9e,3,3082,Edge Tuning Tool Set,1,119.99,119.99,0.0,10.5
62feaeea-0a01-4279-ae36-ed46b7a04b9e,4,3091,Freestyle Snowboard - 155cm,2,649.99,1299.98,0.0,113.75
249f667e-b7d5-42e7-9f23-e35ad606a78b,1,3032,Comfort Fit Recreational Boots,2,399.99,799.98,0.0,70.0
249f667e-b7d5-42e7-9f23-e35ad606a78b,2,3082,Edge Tuning Tool Set,1,119.99,119.99,0.0,10.5
c1f1b6e1-de18-4191-bc21-c2852f906bb7,1,3033,Women's Performance Ski Boots,2,579.99,1159.98,0.0,101.5
c1f1b6e1-de18-4191-bc21-c2852f906bb7,2,3012,Mountain Master All-Terrain Skis - 165cm,2,899.99,1799.98,0.0,157.5
c1f1b6e1-de18-4191-bc21-c2852f906bb7,3,3013,Beginner's Choice Alpine Skis - 160cm,2,449.99,899.98,0.0,78.75
c1f1b6e1-de18-4191-bc21-c2852f906bb7,4,3071,Ski Boot Bag - Premium,1,59.99,59.99,0.0,5.25
ca3bbe63-eaa0-404c-a38c-4c29c8a4b18d,1,3062,Anti-Fog Ski Goggles,2,129.99,259.98,0.0,22.75
d4d3b675-cbc2-4e1f-87b0-4aa3a79c1f54,1,3091,Freestyle Snowboard - 155cm,1,649.99,649.99,0.0,56.87
985a5a10-b66b-42cc-b36e-cfe37df2a7d6,1,3032,Comfort Fit Recreational Boots,1,399.99,399.99,0.0,35.0
3c2d03f5-5091-49f2-8432-a4479e487e6e,1,3081,All-Temp Ski Wax Kit,1,79.99,79.99,0.0,7.0
3c2d03f5-5091-49f2-8432-a4479e487e6e,2,3101,Winter Boots - Insulated,2,159.99,319.98,0.0,28.0
717e6ec1-6ceb-4021-8244-463534e3417f,1,3071,Ski Boot Bag - Premium,1,59.99,59.99,0.0,5.25
717e6ec1-6ceb-4021-8244-463534e3417f,2,3104,Ski Tuning Bench - Portable,1,189.99,189.99,0.0,16.62
717e6ec1-6ceb-4021-8244-463534e3417f,3,3082,Edge Tuning Tool Set,2,119.99,239.98,0.0,21.0
55717a1e-ef1f-42f2-ad37-5fdb099e52c6,1,3033,Women's Performance Ski Boots,1,579.99,579.99,0.0,50.75
55717a1e-ef1f-42f2-ad37-5fdb099e52c6,2,3053,Waterproof Ski Pants,1,249.99,249.99,0.0,21.87
86f93c25-ce09-4b45-a4fe-609a0ba18359,1,3013,Beginner's Choice Alpine Skis - 160cm,1,449.99,449.99,0.0,39.37
86f93c25-ce09-4b45-a4fe-609a0ba18359,2,3052,Thermal Base Layer Set - Women's,2,149.99,299.98,0.0,26.25
d68e287f-804c-4058-939e-05c478c25420,1,3104,Ski Tuning Bench - Portable,2,189.99,379.98,0.0,33.25
d68e287f-804c-4058-939e-05c478c25420,2,3081,All-Temp Ski Wax Kit,2,79.99,159.98,0.0,14.0
2d7daa48-d6c6-468c-9fc9-7afd166ac4c5,1,3013,Beginner's Choice Alpine Skis - 160cm,2,449.99,899.98,0.0,78.75
2d7daa48-d6c6-468c-9fc9-7afd166ac4c5,2,3031,Pro Flex Racing Ski Boots,2,649.99,1299.98,0.0,113.75
a939c288-aa9c-45d3-9db6-84a37eaffd54,1,3033,Women's Performance Ski Boots,2,579.99,1159.98,0.0,101.5
aeb13fdd-6142-4ec7-8729-66aca94929c2,1,3091,Freestyle Snowboard - 155cm,1,649.99,649.99,0.0,56.87
aeb13fdd-6142-4ec7-8729-66aca94929c2,2,3092,All-Mountain Snowboard - 158cm,2,799.99,1599.98,0.0,140.0
350e72fd-a6f8-46f0-98e7-9e9bf3c09778,1,3042,Aluminum All-Mountain Poles - 115cm,2,99.99,199.98,0.0,17.5
350e72fd-a6f8-46f0-98e7-9e9bf3c09778,2,3051,Insulated Ski Jacket - Men's,1,299.99,299.99,0.0,26.25
350e72fd-a6f8-46f0-98e7-9e9bf3c09778,3,3082,Edge Tuning Tool Set,2,119.99,239.98,0.0,21.0
0f1f1c27-ed3c-4ca4-8986-71c6b3481adf,1,3081,All-Temp Ski Wax Kit,2,79.99,159.98,0.0,14.0
69229e2b-bb78-4b54-8be8-2b992c4e9e02,1,3072,Hand Warmers - 10 Pack,2,14.99,29.98,0.0,2.62
69229e2b-bb78-4b54-8be8-2b992c4e9e02,2,3102,Winter Hiking Boots - Waterproof,1,249.99,249.99,0.0,21.87
61ff6900-82c1-45bb-a91d-5e5277cea608,1,3032,Comfort Fit Recreational Boots,2,399.99,799.98,0.0,70.0
61ff6900-82c1-45bb-a91d-5e5277cea608,2,3052,Thermal Base Layer Set - Women's,1,149.99,149.99,0.0,13.12
61ff6900-82c1-45bb-a91d-5e5277cea608,3,3012,Mountain Master All-Terrain Skis - 165cm,2,899.99,1799.98,0.0,157.5
603274e5-9dcb-49c0-99e7-e8c884d5af2d,1,3071,Ski Boot Bag - Premium,1,59.99,59.99,0.0,5.25
603274e5-9dcb-49c0-99e7-e8c884d5af2d,2,3102,Winter Hiking Boots - Waterproof,2,249.99,499.98,0.0,43.75
9645acbb-4016-48e1-99bd-15478a643294,1,3082,Edge Tuning Tool Set,1,119.99,119.99,0.0,10.5
9645acbb-4016-48e1-99bd-15478a643294,2,3021,Nordic Classic XC Skis - 185cm,2,349.99,699.98,0.0,61.25
9645acbb-4016-48e1-99bd-15478a643294,3,3031,Pro Flex Racing Ski Boots,1,649.99,649.99,0.0,56.87
9645acbb-4016-48e1-99bd-15478a643294,4,3031,Pro Flex Racing Ski Boots,1,649.99,649.99,0.0,56.87
00319a85-b17c-4542-bc55-e06d2f6324d7,1,3062,Anti-Fog Ski Goggles,1,129.99,129.99,0.0,11.37
37f9cdfc-3d90-415e-a97c-dba6eaf146a2,1,3033,Women's Performance Ski Boots,1,579.99,579.99,0.0,50.75
37f9cdfc-3d90-415e-a97c-dba6eaf146a2,2,3031,Pro Flex Racing Ski Boots,2,649.99,1299.98,0.0,113.75
37f9cdfc-3d90-415e-a97c-dba6eaf146a2,3,3051,Insulated Ski Jacket - Men's,1,299.99,299.99,0.0,26.25
37f9cdfc-3d90-415e-a97c-dba6eaf146a2,4,3042,Aluminum All-Mountain Poles - 115cm,1,99.99,99.99,0.0,8.75
590517ac-3469-4095-aad9-e3b880957a88,1,3061,Professional Ski Helmet,2,199.99,399.98,0.0,35.0
590517ac-3469-4095-aad9-e3b880957a88,2,3022,Backcountry Explorer XC Skis - 190cm,2,549.99,1099.98,0.0,96.25
590517ac-3469-4095-aad9-e3b880957a88,3,3051,Insulated Ski Jacket - Men's,1,299.99,299.99,0.0,26.25
590517ac-3469-4095-aad9-e3b880957a88,4,3082,Edge Tuning Tool Set,2,119.99,239.98,0.0,21.0
a5a11e50-8eb0-499e-bb1e-cf7a354d3d3d,1,3033,Women's Performance Ski Boots,2,579.99,1159.98,0.0,101.5
a5a11e50-8eb0-499e-bb1e-cf7a354d3d3d,2,3022,Backcountry Explorer XC Skis - 190cm,2,549.99,1099.98,0.0,96.25
a5a11e50-8eb0-499e-bb1e-cf7a354d3d3d,3,3101,Winter Boots - Insulated,2,159.99,319.98,0.0,28.0
a5a11e50-8eb0-499e-bb1e-cf7a354d3d3d,4,3103,Snowboard Bindings - Pro,1,299.99,299.99,0.0,26.25
72da6158-181f-4553-a865-70498cb1a02e,1,3011,Alpine Pro Racing Skis - 170cm,1,1299.99,1299.99,0.0,113.75
83d949dc-b5da-490f-896b-7d52488fe50f,1,3032,Comfort Fit Recreational Boots,1,399.99,399.99,0.0,35.0
83d949dc-b5da-490f-896b-7d52488fe50f,2,3104,Ski Tuning Bench - Portable,2,189.99,379.98,0.0,33.25
83d949dc-b5da-490f-896b-7d52488fe50f,3,3092,All-Mountain Snowboard - 158cm,1,799.99,799.99,0.0,70.0
ba976ee7-dda5-4072-8451-1f5f74e554df,1,3032,Comfort Fit Recreational Boots,2,399.99,799.98,0.0,70.0
ba976ee7-dda5-4072-8451-1f5f74e554df,2,3071,Ski Boot Bag - Premium,2,59.99,119.98,0.0,10.5
ba976ee7-dda5-4072-8451-1f5f74e554df,3,3052,Thermal Base Layer Set - Women's,1,149.99,149.99,0.0,13.12
ba976ee7-dda5-4072-8451-1f5f74e554df,4,3081,All-Temp Ski Wax Kit,2,79.99,159.98,0.0,14.0
5c254867-6388-4da8-ad57-a9c37a6576ec,1,3081,All-Temp Ski Wax Kit,2,79.99,159.98,0.0,14.0
5c254867-6388-4da8-ad57-a9c37a6576ec,2,3081,All-Temp Ski Wax Kit,1,79.99,79.99,0.0,7.0
5c254867-6388-4da8-ad57-a9c37a6576ec,3,3104,Ski Tuning Bench - Portable,2,189.99,379.98,0.0,33.25
5c254867-6388-4da8-ad57-a9c37a6576ec,4,3072,Hand Warmers - 10 Pack,2,14.99,29.98,0.0,2.62
ffb686ca-9b33-4ddd-b9e1-acd68c972f7f,1,3082,Edge Tuning Tool Set,2,119.99,239.98,0.0,21.0
c6c32c17-8df4-4366-b395-14cb915472da,1,3081,All-Temp Ski Wax Kit,1,79.99,79.99,0.0,7.0
c6c32c17-8df4-4366-b395-14cb915472da,2,3011,Alpine Pro Racing Skis - 170cm,1,1299.99,1299.99,0.0,113.75
c6c32c17-8df4-4366-b395-14cb915472da,3,3022,Backcountry Explorer XC Skis - 190cm,2,549.99,1099.98,0.0,96.25
8dfe6cac-b09f-4602-acf9-9d116bb66f96,1,3012,Mountain Master All-Terrain Skis - 165cm,1,899.99,899.99,0.0,78.75
48c4034f-d94a-4661-b109-9ab80b9fadad,1,3104,Ski Tuning Bench - Portable,2,189.99,379.98,0.0,33.25
48c4034f-d94a-4661-b109-9ab80b9fadad,2,3082,Edge Tuning Tool Set,2,119.99,239.98,0.0,21.0
48c4034f-d94a-4661-b109-9ab80b9fadad,3,3081,All-Temp Ski Wax Kit,2,79.99,159.98,0.0,14.0
48c4034f-d94a-4661-b109-9ab80b9fadad,4,3082,Edge Tuning Tool Set,1,119.99,119.99,0.0,10.5
d31c0ef8-d817-4ea4-9301-0345470f548e,1,3052,Thermal Base Layer Set - Women's,1,149.99,149.99,0.0,13.12
d31c0ef8-d817-4ea4-9301-0345470f548e,2,3103,Snowboard Bindings - Pro,2,299.99,599.98,0.0,52.5
dc8214ef-4d22-4512-aa21-82b11301efe4,1,3062,Anti-Fog Ski Goggles,2,129.99,259.98,0.0,22.75
dc8214ef-4d22-4512-aa21-82b11301efe4,2,3032,Comfort Fit Recreational Boots,2,399.99,799.98,0.0,70.0
dc8214ef-4d22-4512-aa21-82b11301efe4,3,3052,Thermal Base Layer Set - Women's,1,149.99,149.99,0.0,13.12
760cdfb7-d6b0-4a6f-905a-a3aa3769e0b9,1,3103,Snowboard Bindings - Pro,2,299.99,599.98,0.0,52.5
760cdfb7-d6b0-4a6f-905a-a3aa3769e0b9,2,3013,Beginner's Choice Alpine Skis - 160cm,1,449.99,449.99,0.0,39.37
760cdfb7-d6b0-4a6f-905a-a3aa3769e0b9,3,3013,Beginner's Choice Alpine Skis - 160cm,1,449.99,449.99,0.0,39.37
760cdfb7-d6b0-4a6f-905a-a3aa3769e0b9,4,3062,Anti-Fog Ski Goggles,1,129.99,129.99,0.0,11.37
135736b2-588e-4778-98c3-51e653bc3804,1,3104,Ski Tuning Bench - Portable,2,189.99,379.98,0.0,33.25
135736b2-588e-4778-98c3-51e653bc3804,2,3092,All-Mountain Snowboard - 158cm,2,799.99,1599.98,0.0,140.0
135736b2-588e-4778-98c3-51e653bc3804,3,3032,Comfort Fit Recreational Boots,1,399.99,399.99,0.0,35.0
135736b2-588e-4778-98c3-51e653bc3804,4,3082,Edge Tuning Tool Set,1,119.99,119.99,0.0,10.5
7096c2a9-9ec0-42a3-b8a5-ae2e291342e6,1,3062,Anti-Fog Ski Goggles,1,129.99,129.99,0.0,11.37
7096c2a9-9ec0-42a3-b8a5-ae2e291342e6,2,3031,Pro Flex Racing Ski Boots,1,649.99,649.99,0.0,56.87
b6db0327-bbdd-4d94-acc9-181742910e1e,1,3081,All-Temp Ski Wax Kit,1,79.99,79.99,0.0,7.0
b6db0327-bbdd-4d94-acc9-181742910e1e,2,3012,Mountain Master All-Terrain Skis - 165cm,1,899.99,899.99,0.0,78.75
6b085721-c969-4527-bde9-9167d8d91120,1,3052,Thermal Base Layer Set - Women's,1,149.99,149.99,0.0,13.12
6b085721-c969-4527-bde9-9167d8d91120,2,3021,Nordic Classic XC Skis - 185cm,2,349.99,699.98,0.0,61.25
b9c63b9a-4555-4a8d-98bc-09540f6ed499,1,3082,Edge Tuning Tool Set,2,119.99,239.98,0.0,21.0
7f13cc83-a057-42be-a853-79625c938d09,1,3104,Ski Tuning Bench - Portable,2,189.99,379.98,0.0,33.25
a77e6146-70ef-450b-a98e-5c7db9a15c14,1,3033,Women's Performance Ski Boots,2,579.99,1159.98,0.0,101.5
a77e6146-70ef-450b-a98e-5c7db9a15c14,2,3031,Pro Flex Racing Ski Boots,2,649.99,1299.98,0.0,113.75
a77e6146-70ef-450b-a98e-5c7db9a15c14,3,3032,Comfort Fit Recreational Boots,2,399.99,799.98,0.0,70.0
a77e6146-70ef-450b-a98e-5c7db9a15c14,4,3052,Thermal Base Layer Set - Women's,1,149.99,149.99,0.0,13.12
f62991ce-772f-44a8-a085-ba6ea280d536,1,3082,Edge Tuning Tool Set,1,119.99,119.99,0.0,10.5
5fdb2758-3322-4668-bf1a-4a6884f42f93,1,3092,All-Mountain Snowboard - 158cm,1,799.99,799.99,0.0,70.0
cdf20466-a2e3-4c14-8a4d-170fe4c80d31,1,3042,Aluminum All-Mountain Poles - 115cm,2,99.99,199.98,0.0,17.5
52782a0b-8809-4352-b316-73fff3524e51,1,3011,Alpine Pro Racing Skis - 170cm,2,1299.99,2599.98,0.0,227.5
52782a0b-8809-4352-b316-73fff3524e51,2,3071,Ski Boot Bag - Premium,1,59.99,59.99,0.0,5.25
52782a0b-8809-4352-b316-73fff3524e51,3,3104,Ski Tuning Bench - Portable,1,189.99,189.99,0.0,16.62
52782a0b-8809-4352-b316-73fff3524e51,4,3082,Edge Tuning Tool Set,1,119.99,119.99,0.0,10.5
25f43ffb-3528-4049-8551-95cb92c189ce,1,3081,All-Temp Ski Wax Kit,1,79.99,79.99,0.0,7.0
25f43ffb-3528-4049-8551-95cb92c189ce,2,3081,All-Temp Ski Wax Kit,2,79.99,159.98,0.0,14.0
25f43ffb-3528-4049-8551-95cb92c189ce,3,3082,Edge Tuning Tool Set,2,119.99,239.98,0.0,21.0
d620d6a3-98a6-472f-ba2c-629990253c18,1,3082,Edge Tuning Tool Set,2,119.99,239.98,0.0,21.0
d620d6a3-98a6-472f-ba2c-629990253c18,2,3081,All-Temp Ski Wax Kit,1,79.99,79.99,0.0,7.0
d620d6a3-98a6-472f-ba2c-629990253c18,3,3033,Women's Performance Ski Boots,1,579.99,579.99,0.0,50.75
d620d6a3-98a6-472f-ba2c-629990253c18,4,3033,Women's Performance Ski Boots,2,579.99,1159.98,0.0,101.5
901becb3-9a2a-430f-8f36-6bc5f639b206,1,3033,Women's Performance Ski Boots,2,579.99,1159.98,0.0,101.5
901becb3-9a2a-430f-8f36-6bc5f639b206,2,3051,Insulated Ski Jacket - Men's,1,299.99,299.99,0.0,26.25
901becb3-9a2a-430f-8f36-6bc5f639b206,3,3012,Mountain Master All-Terrain Skis - 165cm,1,899.99,899.99,0.0,78.75
f2dcdce1-b1b3-4b65-8a7d-59dcefc36473,1,3052,Thermal Base Layer Set - Women's,2,149.99,299.98,0.0,26.25
f2dcdce1-b1b3-4b65-8a7d-59dcefc36473,2,3011,Alpine Pro Racing Skis - 170cm,2,1299.99,2599.98,0.0,227.5
a726fd55-ac1f-48b4-a3f0-1cab02ef6cf3,1,3101,Winter Boots - Insulated,2,159.99,319.98,0.0,28.0
0e9e70f3-8929-4e2c-8249-e6e00b7fc7c7,1,3053,Waterproof Ski Pants,1,249.99,249.99,0.0,21.87
0e9e70f3-8929-4e2c-8249-e6e00b7fc7c7,2,3013,Beginner's Choice Alpine Skis - 160cm,1,449.99,449.99,0.0,39.37
0e9e70f3-8929-4e2c-8249-e6e00b7fc7c7,3,3081,All-Temp Ski Wax Kit,1,79.99,79.99,0.0,7.0
0e9e70f3-8929-4e2c-8249-e6e00b7fc7c7,4,3011,Alpine Pro Racing Skis - 170cm,1,1299.99,1299.99,0.0,113.75
2c219a2c-c896-4e0d-bf6f-cbfac0731b8a,1,3104,Ski Tuning Bench - Portable,2,189.99,379.98,0.0,33.25
2c219a2c-c896-4e0d-bf6f-cbfac0731b8a,2,3033,Women's Performance Ski Boots,2,579.99,1159.98,0.0,101.5
2c219a2c-c896-4e0d-bf6f-cbfac0731b8a,3,3053,Waterproof Ski Pants,1,249.99,249.99,0.0,21.87
5a99959d-8857-423d-a761-0454c4ab7f64,1,3042,Aluminum All-Mountain Poles - 115cm,2,99.99,199.98,0.0,17.5
d6c55638-ae36-4490-a5d4-480ca28ec1cc,1,3081,All-Temp Ski Wax Kit,1,79.99,79.99,0.0,7.0
7cfab706-5d61-47bd-b22a-795c5634c8b3,1,3062,Anti-Fog Ski Goggles,2,129.99,259.98,0.0,22.75
7cfab706-5d61-47bd-b22a-795c5634c8b3,2,3032,Comfort Fit Recreational Boots,2,399.99,799.98,0.0,70.0
7cfab706-5d61-47bd-b22a-795c5634c8b3,3,3082,Edge Tuning Tool Set,2,119.99,239.98,0.0,21.0
7cfab706-5d61-47bd-b22a-795c5634c8b3,4,3104,Ski Tuning Bench - Portable,2,189.99,379.98,0.0,33.25
8ff9ed40-19f2-4e4b-b40e-c2daa83296ac,1,3053,Waterproof Ski Pants,1,249.99,249.99,0.0,21.87
8ff9ed40-19f2-4e4b-b40e-c2daa83296ac,2,3103,Snowboard Bindings - Pro,2,299.99,599.98,0.0,52.5
6feafff0-1ea4-409c-9ae1-35efb1f7f5a7,1,3052,Thermal Base Layer Set - Women's,2,149.99,299.98,0.0,26.25
1dcd4e20-4397-4258-9a69-f1f2b13eab6b,1,3051,Insulated Ski Jacket - Men's,2,299.99,599.98,0.0,52.5
1dcd4e20-4397-4258-9a69-f1f2b13eab6b,2,3041,Carbon Fiber Racing Poles - 120cm,2,179.99,359.98,0.0,31.5
1dcd4e20-4397-4258-9a69-f1f2b13eab6b,3,3062,Anti-Fog Ski Goggles,2,129.99,259.98,0.0,22.75
a0d8afd1-374c-4955-a3ea-564c6b45cc53,1,3082,Edge Tuning Tool Set,1,119.99,119.99,0.0,10.5
a0d8afd1-374c-4955-a3ea-564c6b45cc53,2,3081,All-Temp Ski Wax Kit,2,79.99,159.98,0.0,14.0
aee19c36-6190-40b7-8023-d655a3f102f1,1,3051,Insulated Ski Jacket - Men's,2,299.99,599.98,0.0,52.5
93a4fc81-7715-4072-8ee8-06a37c68e0f8,1,3062,Anti-Fog Ski Goggles,1,129.99,129.99,0.0,11.37
962d96de-0adf-4a01-83b0-7c6aaba3d15b,1,3022,Backcountry Explorer XC Skis - 190cm,1,549.99,549.99,0.0,48.12
962d96de-0adf-4a01-83b0-7c6aaba3d15b,2,3042,Aluminum All-Mountain Poles - 115cm,1,99.99,99.99,0.0,8.75
9a6dbc4d-b869-459c-ac65-a2924f18a33c,1,3072,Hand Warmers - 10 Pack,2,14.99,29.98,0.0,2.62
a9ceffb0-65a9-400f-8cf4-7ecd31bf361a,1,3053,Waterproof Ski Pants,2,249.99,499.98,0.0,43.75
a9ceffb0-65a9-400f-8cf4-7ecd31bf361a,2,3011,Alpine Pro Racing Skis - 170cm,2,1299.99,2599.98,0.0,227.5
a9ceffb0-65a9-400f-8cf4-7ecd31bf361a,3,3103,Snowboard Bindings - Pro,1,299.99,299.99,0.0,26.25
1ad5f6cb-da3d-4bc3-afd1-9e785fd71500,1,3081,All-Temp Ski Wax Kit,1,79.99,79.99,0.0,7.0
1ad5f6cb-da3d-4bc3-afd1-9e785fd71500,2,3072,Hand Warmers - 10 Pack,1,14.99,14.99,0.0,1.31
1ad5f6cb-da3d-4bc3-afd1-9e785fd71500,3,3104,Ski Tuning Bench - Portable,2,189.99,379.98,0.0,33.25
03561e14-34dd-4adc-aaca-c2d20c2b31b0,1,3033,Women's Performance Ski Boots,1,579.99,579.99,0.0,50.75
331904d0-6a7a-4ecb-b10b-587e4ffd8ca9,1,3062,Anti-Fog Ski Goggles,2,129.99,259.98,0.0,22.75
f81a7876-46a8-410b-bcef-f0e72fbbef20,1,3033,Women's Performance Ski Boots,1,579.99,579.99,0.0,50.75
ab544b67-b00f-4714-b994-9d7b1fdd4634,1,3061,Professional Ski Helmet,2,199.99,399.98,0.0,35.0
ab544b67-b00f-4714-b994-9d7b1fdd4634,2,3082,Edge Tuning Tool Set,1,119.99,119.99,0.0,10.5
ab544b67-b00f-4714-b994-9d7b1fdd4634,3,3081,All-Temp Ski Wax Kit,2,79.99,159.98,0.0,14.0
35960094-cb7c-44a5-adba-0b4dbf7f1af0,1,3031,Pro Flex Racing Ski Boots,2,649.99,1299.98,0.0,113.75
9f5ebe6d-0238-4b39-b241-2ab3af535398,1,3051,Insulated Ski Jacket - Men's,1,299.99,299.99,0.0,26.25
9f5ebe6d-0238-4b39-b241-2ab3af535398,2,3032,Comfort Fit Recreational Boots,1,399.99,399.99,0.0,35.0
9f5ebe6d-0238-4b39-b241-2ab3af535398,3,3103,Snowboard Bindings - Pro,2,299.99,599.98,0.0,52.5
9f5ebe6d-0238-4b39-b241-2ab3af535398,4,3031,Pro Flex Racing Ski Boots,2,649.99,1299.98,0.0,113.75
be0ad7ed-234a-42c7-a37f-03076af8c25a,1,3041,Carbon Fiber Racing Poles - 120cm,1,179.99,179.99,0.0,15.75
be0ad7ed-234a-42c7-a37f-03076af8c25a,2,3011,Alpine Pro Racing Skis - 170cm,2,1299.99,2599.98,0.0,227.5
be0ad7ed-234a-42c7-a37f-03076af8c25a,3,3033,Women's Performance Ski Boots,1,579.99,579.99,0.0,50.75
be0ad7ed-234a-42c7-a37f-03076af8c25a,4,3031,Pro Flex Racing Ski Boots,1,649.99,649.99,0.0,56.87
ec032131-7a99-4d2a-91ac-dee5de5f9e2c,1,3081,All-Temp Ski Wax Kit,1,79.99,79.99,0.0,7.0
ec032131-7a99-4d2a-91ac-dee5de5f9e2c,2,3022,Backcountry Explorer XC Skis - 190cm,2,549.99,1099.98,0.0,96.25
ec032131-7a99-4d2a-91ac-dee5de5f9e2c,3,3053,Waterproof Ski Pants,1,249.99,249.99,0.0,21.87
66219a59-24a8-4168-8a68-a51d7f205ee5,1,3102,Winter Hiking Boots - Waterproof,2,249.99,499.98,0.0,43.75
66219a59-24a8-4168-8a68-a51d7f205ee5,2,3082,Edge Tuning Tool Set,1,119.99,119.99,0.0,10.5
66219a59-24a8-4168-8a68-a51d7f205ee5,3,3012,Mountain Master All-Terrain Skis - 165cm,1,899.99,899.99,0.0,78.75
613109e3-8906-4903-bb69-87a95d6fea51,1,3081,All-Temp Ski Wax Kit,1,79.99,79.99,0.0,7.0
613109e3-8906-4903-bb69-87a95d6fea51,2,3082,Edge Tuning Tool Set,1,119.99,119.99,0.0,10.5
d9261b86-3a04-4b4e-86a1-a23c2fe4bce1,1,3011,Alpine Pro Racing Skis - 170cm,1,1299.99,1299.99,0.0,113.75
d9261b86-3a04-4b4e-86a1-a23c2fe4bce1,2,3012,Mountain Master All-Terrain Skis - 165cm,1,899.99,899.99,0.0,78.75
d9261b86-3a04-4b4e-86a1-a23c2fe4bce1,3,3052,Thermal Base Layer Set - Women's,1,149.99,149.99,0.0,13.12
2ad822f6-2ec6-4cd3-bb20-90d1c8aa141e,1,3091,Freestyle Snowboard - 155cm,1,649.99,649.99,0.0,56.87
ba6e3668-47ec-4e47-b362-e4c028b566f6,1,3081,All-Temp Ski Wax Kit,1,79.99,79.99,0.0,7.0
ba6e3668-47ec-4e47-b362-e4c028b566f6,2,3012,Mountain Master All-Terrain Skis - 165cm,1,899.99,899.99,0.0,78.75
499bac3f-e49e-49ff-a005-bebd700f2e15,1,3071,Ski Boot Bag - Premium,1,59.99,59.99,0.0,5.25
499bac3f-e49e-49ff-a005-bebd700f2e15,2,3022,Backcountry Explorer XC Skis - 190cm,1,549.99,549.99,0.0,48.12
5634d0c6-ee35-4bdf-a7d5-5317547b2dd7,1,3104,Ski Tuning Bench - Portable,2,189.99,379.98,0.0,33.25
34469b72-72f4-4d7d-b090-47cd79eb5a33,1,3104,Ski Tuning Bench - Portable,2,189.99,379.98,0.0,33.25
34469b72-72f4-4d7d-b090-47cd79eb5a33,2,3011,Alpine Pro Racing Skis - 170cm,1,1299.99,1299.99,0.0,113.75
34469b72-72f4-4d7d-b090-47cd79eb5a33,3,3012,Mountain Master All-Terrain Skis - 165cm,2,899.99,1799.98,0.0,157.5
34469b72-72f4-4d7d-b090-47cd79eb5a33,4,3101,Winter Boots - Insulated,1,159.99,159.99,0.0,14.0
8b4095f8-6d7d-47c6-a16c-051fb9dbcbeb,1,3082,Edge Tuning Tool Set,2,119.99,239.98,0.0,21.0
8b4095f8-6d7d-47c6-a16c-051fb9dbcbeb,2,3082,Edge Tuning Tool Set,1,119.99,119.99,0.0,10.5
33c51eb9-a40a-4a3b-bf76-0e927d2bc85a,1,3021,Nordic Classic XC Skis - 185cm,2,349.99,699.98,0.0,61.25
33c51eb9-a40a-4a3b-bf76-0e927d2bc85a,2,3011,Alpine Pro Racing Skis - 170cm,2,1299.99,2599.98,0.0,227.5
33c51eb9-a40a-4a3b-bf76-0e927d2bc85a,3,3012,Mountain Master All-Terrain Skis - 165cm,2,899.99,1799.98,0.0,157.5
33c51eb9-a40a-4a3b-bf76-0e927d2bc85a,4,3051,Insulated Ski Jacket - Men's,2,299.99,599.98,0.0,52.5
b0a6a567-0900-474c-a023-9667fa7d9b16,1,3041,Carbon Fiber Racing Poles - 120cm,1,179.99,179.99,0.0,15.75
7c22342b-d30b-4ff9-a79c-0da08b0ae8ec,1,3033,Women's Performance Ski Boots,2,579.99,1159.98,0.0,101.5
7c22342b-d30b-4ff9-a79c-0da08b0ae8ec,2,3104,Ski Tuning Bench - Portable,1,189.99,189.99,0.0,16.62
4dab972b-d1b2-4b50-b37c-1fcf723c4d85,1,3061,Professional Ski Helmet,2,199.99,399.98,0.0,35.0
4dab972b-d1b2-4b50-b37c-1fcf723c4d85,2,3033,Women's Performance Ski Boots,1,579.99,579.99,0.0,50.75
9ea81693-9eb8-46cb-8e1d-5e04bbee10e7,1,3013,Beginner's Choice Alpine Skis - 160cm,1,449.99,449.99,0.0,39.37
9ea81693-9eb8-46cb-8e1d-5e04bbee10e7,2,3032,Comfort Fit Recreational Boots,1,399.99,399.99,0.0,35.0
9ea81693-9eb8-46cb-8e1d-5e04bbee10e7,3,3012,Mountain Master All-Terrain Skis - 165cm,2,899.99,1799.98,0.0,157.5
ae3bf914-0e7b-4284-9127-0efd3eb7526b,1,3101,Winter Boots - Insulated,1,159.99,159.99,0.0,14.0
ae3bf914-0e7b-4284-9127-0efd3eb7526b,2,3012,Mountain Master All-Terrain Skis - 165cm,1,899.99,899.99,0.0,78.75
ae3bf914-0e7b-4284-9127-0efd3eb7526b,3,3021,Nordic Classic XC Skis - 185cm,1,349.99,349.99,0.0,30.62
ae3bf914-0e7b-4284-9127-0efd3eb7526b,4,3072,Hand Warmers - 10 Pack,1,14.99,14.99,0.0,1.31
f1b92219-0f5b-4743-8c46-c15275928491,1,3033,Women's Performance Ski Boots,1,579.99,579.99,0.0,50.75
f1b92219-0f5b-4743-8c46-c15275928491,2,3104,Ski Tuning Bench - Portable,2,189.99,379.98,0.0,33.25
f1b92219-0f5b-4743-8c46-c15275928491,3,3082,Edge Tuning Tool Set,1,119.99,119.99,0.0,10.5
f1b92219-0f5b-4743-8c46-c15275928491,4,3032,Comfort Fit Recreational Boots,1,399.99,399.99,0.0,35.0
6e6f2481-a767-4777-bb5b-b39298b805eb,1,3013,Beginner's Choice Alpine Skis - 160cm,2,449.99,899.98,0.0,78.75
6e6f2481-a767-4777-bb5b-b39298b805eb,2,3033,Women's Performance Ski Boots,2,579.99,1159.98,0.0,101.5
2753f86c-6669-4f08-a9fb-386c641464e8,1,3012,Mountain Master All-Terrain Skis - 165cm,2,899.99,1799.98,0.0,157.5
2753f86c-6669-4f08-a9fb-386c641464e8,2,3032,Comfort Fit Recreational Boots,2,399.99,799.98,0.0,70.0
2753f86c-6669-4f08-a9fb-386c641464e8,3,3104,Ski Tuning Bench - Portable,2,189.99,379.98,0.0,33.25
34faa3de-b32a-4419-b01b-51943267fd20,1,3032,Comfort Fit Recreational Boots,2,399.99,799.98,0.0,70.0
34faa3de-b32a-4419-b01b-51943267fd20,2,3032,Comfort Fit Recreational Boots,1,399.99,399.99,0.0,35.0
34faa3de-b32a-4419-b01b-51943267fd20,3,3021,Nordic Classic XC Skis - 185cm,2,349.99,699.98,0.0,61.25
34faa3de-b32a-4419-b01b-51943267fd20,4,3052,Thermal Base Layer Set - Women's,2,149.99,299.98,0.0,26.25
29b92ac3-b31d-4b44-bca8-31921bc7b583,1,3052,Thermal Base Layer Set - Women's,1,149.99,149.99,0.0,13.12
4cb00237-618d-4e36-8616-df5d8338fb24,1,3082,Edge Tuning Tool Set,2,119.99,239.98,0.0,21.0
4cb00237-618d-4e36-8616-df5d8338fb24,2,3022,Backcountry Explorer XC Skis - 190cm,2,549.99,1099.98,0.0,96.25
4cb00237-618d-4e36-8616-df5d8338fb24,3,3042,Aluminum All-Mountain Poles - 115cm,2,99.99,199.98,0.0,17.5
1e6edfa0-666d-4d93-afa1-fb49d8aac534,1,3033,Women's Performance Ski Boots,2,579.99,1159.98,0.0,101.5
1e6edfa0-666d-4d93-afa1-fb49d8aac534,2,3022,Backcountry Explorer XC Skis - 190cm,1,549.99,549.99,0.0,48.12
1e6edfa0-666d-4d93-afa1-fb49d8aac534,3,3104,Ski Tuning Bench - Portable,2,189.99,379.98,0.0,33.25
4851bcca-42f6-47e6-8df0-901e7e082a9b,1,3031,Pro Flex Racing Ski Boots,2,649.99,1299.98,0.0,113.75
4851bcca-42f6-47e6-8df0-901e7e082a9b,2,3071,Ski Boot Bag - Premium,2,59.99,119.98,0.0,10.5
4851bcca-42f6-47e6-8df0-901e7e082a9b,3,3011,Alpine Pro Racing Skis - 170cm,2,1299.99,2599.98,0.0,227.5
27358385-b280-48d8-9a0c-65ee5ea3471b,1,3011,Alpine Pro Racing Skis - 170cm,2,1299.99,2599.98,0.0,227.5
27358385-b280-48d8-9a0c-65ee5ea3471b,2,3012,Mountain Master All-Terrain Skis - 165cm,2,899.99,1799.98,0.0,157.5
27358385-b280-48d8-9a0c-65ee5ea3471b,3,3012,Mountain Master All-Terrain Skis - 165cm,1,899.99,899.99,0.0,78.75
27358385-b280-48d8-9a0c-65ee5ea3471b,4,3072,Hand Warmers - 10 Pack,1,14.99,14.99,0.0,1.31
7aec119a-6405-4073-9066-c47d3dea31d7,1,3021,Nordic Classic XC Skis - 185cm,2,349.99,699.98,0.0,61.25
7aec119a-6405-4073-9066-c47d3dea31d7,2,3104,Ski Tuning Bench - Portable,2,189.99,379.98,0.0,33.25
0c41e8a1-cf80-4b09-a854-9f6d1d96b91b,1,3072,Hand Warmers - 10 Pack,1,14.99,14.99,0.0,1.31
9fd1e445-310b-40fa-96a5-0e0b42b5d8aa,1,3082,Edge Tuning Tool Set,2,119.99,239.98,0.0,21.0
9fd1e445-310b-40fa-96a5-0e0b42b5d8aa,2,3061,Professional Ski Helmet,2,199.99,399.98,0.0,35.0
9fd1e445-310b-40fa-96a5-0e0b42b5d8aa,3,3032,Comfort Fit Recreational Boots,1,399.99,399.99,0.0,35.0
9fd1e445-310b-40fa-96a5-0e0b42b5d8aa,4,3062,Anti-Fog Ski Goggles,1,129.99,129.99,0.0,11.37
af76af3d-8d6b-4496-b682-ba62718d5747,1,3081,All-Temp Ski Wax Kit,2,79.99,159.98,0.0,14.0
af76af3d-8d6b-4496-b682-ba62718d5747,2,3061,Professional Ski Helmet,2,199.99,399.98,0.0,35.0
af76af3d-8d6b-4496-b682-ba62718d5747,3,3081,All-Temp Ski Wax Kit,2,79.99,159.98,0.0,14.0
af76af3d-8d6b-4496-b682-ba62718d5747,4,3022,Backcountry Explorer XC Skis - 190cm,2,549.99,1099.98,0.0,96.25
9a0b34e0-510b-435f-8c40-69b318e57772,1,3022,Backcountry Explorer XC Skis - 190cm,2,549.99,1099.98,0.0,96.25
9a0b34e0-510b-435f-8c40-69b318e57772,2,3033,Women's Performance Ski Boots,2,579.99,1159.98,0.0,101.5
6661c252-60f7-4478-a74e-d42b83c7863c,1,3103,Snowboard Bindings - Pro,1,299.99,299.99,0.0,26.25
6661c252-60f7-4478-a74e-d42b83c7863c,2,3103,Snowboard Bindings - Pro,1,299.99,299.99,0.0,26.25
6661c252-60f7-4478-a74e-d42b83c7863c,3,3011,Alpine Pro Racing Skis - 170cm,2,1299.99,2599.98,0.0,227.5
fac4a396-a8c5-4fcd-a862-02b4599c8d01,1,3033,Women's Performance Ski Boots,1,579.99,579.99,0.0,50.75
fac4a396-a8c5-4fcd-a862-02b4599c8d01,2,3022,Backcountry Explorer XC Skis - 190cm,2,549.99,1099.98,0.0,96.25
fac4a396-a8c5-4fcd-a862-02b4599c8d01,3,3081,All-Temp Ski Wax Kit,1,79.99,79.99,0.0,7.0
5bf6d7cc-5aeb-416f-b274-59a11e86b658,1,3082,Edge Tuning Tool Set,1,119.99,119.99,0.0,10.5
5bf6d7cc-5aeb-416f-b274-59a11e86b658,2,3082,Edge Tuning Tool Set,2,119.99,239.98,0.0,21.0
5bf6d7cc-5aeb-416f-b274-59a11e86b658,3,3104,Ski Tuning Bench - Portable,1,189.99,189.99,0.0,16.62
9547f3fc-0afd-4b01-a919-46011d207a95,1,3082,Edge Tuning Tool Set,2,119.99,239.98,0.0,21.0
9547f3fc-0afd-4b01-a919-46011d207a95,2,3081,All-Temp Ski Wax Kit,2,79.99,159.98,0.0,14.0
9547f3fc-0afd-4b01-a919-46011d207a95,3,3091,Freestyle Snowboard - 155cm,1,649.99,649.99,0.0,56.87
9547f3fc-0afd-4b01-a919-46011d207a95,4,3011,Alpine Pro Racing Skis - 170cm,2,1299.99,2599.98,0.0,227.5
15f65b3a-d83a-405e-803a-28dc4435fa69,1,3104,Ski Tuning Bench - Portable,2,189.99,379.98,0.0,33.25
5a478a7b-5e2f-436a-b39e-50ada8281921,1,3081,All-Temp Ski Wax Kit,1,79.99,79.99,0.0,7.0
7937774b-eae1-45b9-ac96-6233e41d08af,1,3082,Edge Tuning Tool Set,2,119.99,239.98,0.0,21.0
40ae5fd3-fd2d-4602-ade7-263ec8efe23b,1,3012,Mountain Master All-Terrain Skis - 165cm,2,899.99,1799.98,0.0,157.5
40ae5fd3-fd2d-4602-ade7-263ec8efe23b,2,3081,All-Temp Ski Wax Kit,2,79.99,159.98,0.0,14.0
1ba7062d-20fc-4503-9507-24ed3e6f9140,1,3052,Thermal Base Layer Set - Women's,2,149.99,299.98,0.0,26.25
1ba7062d-20fc-4503-9507-24ed3e6f9140,2,3104,Ski Tuning Bench - Portable,2,189.99,379.98,0.0,33.25
6574692d-55ff-4498-9e29-d14d7dedce4a,1,3013,Beginner's Choice Alpine Skis - 160cm,2,449.99,899.98,0.0,78.75
00995f0f-e72e-414f-89f0-aa1c29a4fd42,1,3104,Ski Tuning Bench - Portable,2,189.99,379.98,0.0,33.25
00995f0f-e72e-414f-89f0-aa1c29a4fd42,2,3011,Alpine Pro Racing Skis - 170cm,2,1299.99,2599.98,0.0,227.5
00995f0f-e72e-414f-89f0-aa1c29a4fd42,3,3012,Mountain Master All-Terrain Skis - 165cm,1,899.99,899.99,0.0,78.75
8f0ada5f-cafe-4c72-9e21-17883a1d3927,1,3081,All-Temp Ski Wax Kit,2,79.99,159.98,0.0,14.0
8f0ada5f-cafe-4c72-9e21-17883a1d3927,2,3031,Pro Flex Racing Ski Boots,2,649.99,1299.98,0.0,113.75
8f0ada5f-cafe-4c72-9e21-17883a1d3927,3,3082,Edge Tuning Tool Set,1,119.99,119.99,0.0,10.5
8f0ada5f-cafe-4c72-9e21-17883a1d3927,4,3012,Mountain Master All-Terrain Skis - 165cm,1,899.99,899.99,0.0,78.75
e5c985cd-1ffe-4ea7-9be4-69caa156f6dd,1,3053,Waterproof Ski Pants,2,249.99,499.98,0.0,43.75
e5c985cd-1ffe-4ea7-9be4-69caa156f6dd,2,3081,All-Temp Ski Wax Kit,2,79.99,159.98,0.0,14.0
4d6d853b-7365-4590-a3f5-316039f5e43b,1,3013,Beginner's Choice Alpine Skis - 160cm,1,449.99,449.99,0.0,39.37
4d6d853b-7365-4590-a3f5-316039f5e43b,2,3031,Pro Flex Racing Ski Boots,2,649.99,1299.98,0.0,113.75
4d6d853b-7365-4590-a3f5-316039f5e43b,3,3033,Women's Performance Ski Boots,1,579.99,579.99,0.0,50.75
f9a7cc7d-2352-41d0-aabf-bd8030bd3ecb,1,3031,Pro Flex Racing Ski Boots,2,649.99,1299.98,0.0,113.75
666d8431-8e67-4f13-80ae-d8fce5201719,1,3022,Backcountry Explorer XC Skis - 190cm,1,549.99,549.99,0.0,48.12
666d8431-8e67-4f13-80ae-d8fce5201719,2,3032,Comfort Fit Recreational Boots,2,399.99,799.98,0.0,70.0
07410ee0-d3db-470f-85b4-75c15b870e61,1,3013,Beginner's Choice Alpine Skis - 160cm,1,449.99,449.99,0.0,39.37
e46b2087-8799-4151-bd0a-ec13b1befefd,1,3102,Winter Hiking Boots - Waterproof,2,249.99,499.98,0.0,43.75
e4a0a280-eef5-4722-b8b7-9af92f3c3097,1,3082,Edge Tuning Tool Set,1,119.99,119.99,0.0,10.5
ec5716d7-5694-4005-87b3-219da1c87530,1,3051,Insulated Ski Jacket - Men's,1,299.99,299.99,0.0,26.25
ec5716d7-5694-4005-87b3-219da1c87530,2,3092,All-Mountain Snowboard - 158cm,1,799.99,799.99,0.0,70.0
ec5716d7-5694-4005-87b3-219da1c87530,3,3101,Winter Boots - Insulated,1,159.99,159.99,0.0,14.0
e3fa6466-1e0f-4323-9955-c8dd11ddba73,1,3032,Comfort Fit Recreational Boots,2,399.99,799.98,0.0,70.0
e3fa6466-1e0f-4323-9955-c8dd11ddba73,2,3104,Ski Tuning Bench - Portable,2,189.99,379.98,0.0,33.25
e3fa6466-1e0f-4323-9955-c8dd11ddba73,3,3081,All-Temp Ski Wax Kit,1,79.99,79.99,0.0,7.0
de4572ff-a6fe-49f9-b82f-3ba037fb561b,1,3092,All-Mountain Snowboard - 158cm,1,799.99,799.99,0.0,70.0
de4572ff-a6fe-49f9-b82f-3ba037fb561b,2,3103,Snowboard Bindings - Pro,1,299.99,299.99,0.0,26.25
de4572ff-a6fe-49f9-b82f-3ba037fb561b,3,3072,Hand Warmers - 10 Pack,2,14.99,29.98,0.0,2.62
de4572ff-a6fe-49f9-b82f-3ba037fb561b,4,3082,Edge Tuning Tool Set,1,119.99,119.99,0.0,10.5
7c0c7563-6c89-458d-8f44-87bad24671d8,1,3053,Waterproof Ski Pants,1,249.99,249.99,0.0,21.87
68c9350d-d88e-4153-96bb-b7e2c52362ce,1,3082,Edge Tuning Tool Set,2,119.99,239.98,0.0,21.0
68c9350d-d88e-4153-96bb-b7e2c52362ce,2,3012,Mountain Master All-Terrain Skis - 165cm,2,899.99,1799.98,0.0,157.5
c1ca7804-ce97-40b3-a331-30f6e5c58868,1,3032,Comfort Fit Recreational Boots,1,399.99,399.99,0.0,35.0
72e156e8-2597-4b03-8404-175749a8e818,1,3012,Mountain Master All-Terrain Skis - 165cm,2,899.99,1799.98,0.0,157.5
72e156e8-2597-4b03-8404-175749a8e818,2,3082,Edge Tuning Tool Set,1,119.99,119.99,0.0,10.5
7e236819-a732-4cca-8c64-632bd68e3d7c,1,3104,Ski Tuning Bench - Portable,1,189.99,189.99,0.0,16.62
7e236819-a732-4cca-8c64-632bd68e3d7c,2,3092,All-Mountain Snowboard - 158cm,2,799.99,1599.98,0.0,140.0
7e236819-a732-4cca-8c64-632bd68e3d7c,3,3091,Freestyle Snowboard - 155cm,1,649.99,649.99,0.0,56.87
ca527d30-f83a-4aab-a60c-de3bce0b4636,1,3012,Mountain Master All-Terrain Skis - 165cm,1,899.99,899.99,0.0,78.75
0148b4cb-1746-413b-a54f-ed9aea56eb8e,1,3101,Winter Boots - Insulated,2,159.99,319.98,0.0,28.0
36c6c167-5c31-43c6-bb22-e05765599ae6,1,3021,Nordic Classic XC Skis - 185cm,1,349.99,349.99,0.0,30.62
36c6c167-5c31-43c6-bb22-e05765599ae6,2,3104,Ski Tuning Bench - Portable,2,189.99,379.98,0.0,33.25
36c6c167-5c31-43c6-bb22-e05765599ae6,3,3032,Comfort Fit Recreational Boots,1,399.99,399.99,0.0,35.0
36c6c167-5c31-43c6-bb22-e05765599ae6,4,3052,Thermal Base Layer Set - Women's,2,149.99,299.98,0.0,26.25
0ffb0e8f-98d0-419e-80a6-a1fd8cc22f06,1,3071,Ski Boot Bag - Premium,1,59.99,59.99,0.0,5.25
1ed43c1b-5957-416f-beff-28318be82631,1,3082,Edge Tuning Tool Set,2,119.99,239.98,0.0,21.0
1ed43c1b-5957-416f-beff-28318be82631,2,3102,Winter Hiking Boots - Waterproof,2,249.99,499.98,0.0,43.75
d6ff4ac9-0bd8-4963-bd34-bcace0da0c92,1,3012,Mountain Master All-Terrain Skis - 165cm,2,899.99,1799.98,0.0,157.5
d6ff4ac9-0bd8-4963-bd34-bcace0da0c92,2,3032,Comfort Fit Recreational Boots,2,399.99,799.98,0.0,70.0
d6ff4ac9-0bd8-4963-bd34-bcace0da0c92,3,3022,Backcountry Explorer XC Skis - 190cm,2,549.99,1099.98,0.0,96.25
da24ada0-5ca4-4e40-a88d-238ca1f29ccc,1,3041,Carbon Fiber Racing Poles - 120cm,1,179.99,179.99,0.0,15.75
da24ada0-5ca4-4e40-a88d-238ca1f29ccc,2,3012,Mountain Master All-Terrain Skis - 165cm,1,899.99,899.99,0.0,78.75
da24ada0-5ca4-4e40-a88d-238ca1f29ccc,3,3091,Freestyle Snowboard - 155cm,2,649.99,1299.98,0.0,113.75
68bc8797-22c4-440f-a052-972f4b54ef02,1,3103,Snowboard Bindings - Pro,1,299.99,299.99,0.0,26.25
68bc8797-22c4-440f-a052-972f4b54ef02,2,3104,Ski Tuning Bench - Portable,1,189.99,189.99,0.0,16.62
68bc8797-22c4-440f-a052-972f4b54ef02,3,3082,Edge Tuning Tool Set,1,119.99,119.99,0.0,10.5
eaecb2b9-cf1b-4a75-b1c0-79b320b69c63,1,3062,Anti-Fog Ski Goggles,1,129.99,129.99,0.0,11.37
eaecb2b9-cf1b-4a75-b1c0-79b320b69c63,2,3051,Insulated Ski Jacket - Men's,1,299.99,299.99,0.0,26.25
c493480e-a3c4-4913-9827-fd78b00a15fe,1,3052,Thermal Base Layer Set - Women's,1,149.99,149.99,0.0,13.12
c493480e-a3c4-4913-9827-fd78b00a15fe,2,3012,Mountain Master All-Terrain Skis - 165cm,2,899.99,1799.98,0.0,157.5
c493480e-a3c4-4913-9827-fd78b00a15fe,3,3013,Beginner's Choice Alpine Skis - 160cm,2,449.99,899.98,0.0,78.75
a383d1b3-cdac-4e4c-988b-68768f22e860,1,3072,Hand Warmers - 10 Pack,2,14.99,29.98,0.0,2.62
a383d1b3-cdac-4e4c-988b-68768f22e860,2,3051,Insulated Ski Jacket - Men's,1,299.99,299.99,0.0,26.25
a383d1b3-cdac-4e4c-988b-68768f22e860,3,3013,Beginner's Choice Alpine Skis - 160cm,2,449.99,899.98,0.0,78.75
a383d1b3-cdac-4e4c-988b-68768f22e860,4,3013,Beginner's Choice Alpine Skis - 160cm,2,449.99,899.98,0.0,78.75
e4b1f939-0de9-478a-9311-ab6dd79ecc6e,1,3032,Comfort Fit Recreational Boots,2,399.99,799.98,0.0,70.0
0a8c8971-6426-4933-a7b4-196a2cec3d4e,1,3031,Pro Flex Racing Ski Boots,2,649.99,1299.98,0.0,113.75
0a8c8971-6426-4933-a7b4-196a2cec3d4e,2,3051,Insulated Ski Jacket - Men's,2,299.99,599.98,0.0,52.5
6ac9a7fc-6804-4098-900c-3f70dbf9a725,1,3012,Mountain Master All-Terrain Skis - 165cm,1,899.99,899.99,0.0,78.75
6ac9a7fc-6804-4098-900c-3f70dbf9a725,2,3104,Ski Tuning Bench - Portable,1,189.99,189.99,0.0,16.62
819303e7-6411-4a38-aad6-a8f4b7e69f3c,1,3071,Ski Boot Bag - Premium,1,59.99,59.99,0.0,5.25
819303e7-6411-4a38-aad6-a8f4b7e69f3c,2,3042,Aluminum All-Mountain Poles - 115cm,1,99.99,99.99,0.0,8.75
a2a98276-e25c-42f2-a937-8ff440e6ab25,1,3092,All-Mountain Snowboard - 158cm,1,799.99,799.99,0.0,70.0
a2a98276-e25c-42f2-a937-8ff440e6ab25,2,3091,Freestyle Snowboard - 155cm,2,649.99,1299.98,0.0,113.75
a2a98276-e25c-42f2-a937-8ff440e6ab25,3,3081,All-Temp Ski Wax Kit,2,79.99,159.98,0.0,14.0
a2a98276-e25c-42f2-a937-8ff440e6ab25,4,3072,Hand Warmers - 10 Pack,2,14.99,29.98,0.0,2.62
f1646301-51db-42ae-a006-60fe465787d7,1,3081,All-Temp Ski Wax Kit,2,79.99,159.98,0.0,14.0
f1646301-51db-42ae-a006-60fe465787d7,2,3012,Mountain Master All-Terrain Skis - 165cm,1,899.99,899.99,0.0,78.75
f1646301-51db-42ae-a006-60fe465787d7,3,3033,Women's Performance Ski Boots,2,579.99,1159.98,0.0,101.5
780ae1c2-81b1-4a6e-9268-a541ab6243c6,1,3032,Comfort Fit Recreational Boots,1,399.99,399.99,0.0,35.0
780ae1c2-81b1-4a6e-9268-a541ab6243c6,2,3032,Comfort Fit Recreational Boots,1,399.99,399.99,0.0,35.0
780ae1c2-81b1-4a6e-9268-a541ab6243c6,3,3104,Ski Tuning Bench - Portable,2,189.99,379.98,0.0,33.25
780ae1c2-81b1-4a6e-9268-a541ab6243c6,4,3051,Insulated Ski Jacket - Men's,1,299.99,299.99,0.0,26.25
bc56b89f-188b-4757-962b-7a575206bf49,1,3061,Professional Ski Helmet,1,199.99,199.99,0.0,17.5
bc56b89f-188b-4757-962b-7a575206bf49,2,3031,Pro Flex Racing Ski Boots,1,649.99,649.99,0.0,56.87
c3fd5686-14e9-49fb-8a1f-4ac5f9a66adf,1,3012,Mountain Master All-Terrain Skis - 165cm,2,899.99,1799.98,0.0,157.5
2eb56b1d-283c-411f-920d-828662dbf586,1,3072,Hand Warmers - 10 Pack,1,14.99,14.99,0.0,1.31
2eb56b1d-283c-411f-920d-828662dbf586,2,3104,Ski Tuning Bench - Portable,1,189.99,189.99,0.0,16.62
2eb56b1d-283c-411f-920d-828662dbf586,3,3021,Nordic Classic XC Skis - 185cm,1,349.99,349.99,0.0,30.62
7c5421e5-8648-46ae-a629-2630478a4e25,1,3031,Pro Flex Racing Ski Boots,2,649.99,1299.98,0.0,113.75
7c5421e5-8648-46ae-a629-2630478a4e25,2,3041,Carbon Fiber Racing Poles - 120cm,1,179.99,179.99,0.0,15.75
90c79165-fa88-4dd3-870c-3c085da80ebf,1,3061,Professional Ski Helmet,2,199.99,399.98,0.0,35.0
90c79165-fa88-4dd3-870c-3c085da80ebf,2,3092,All-Mountain Snowboard - 158cm,2,799.99,1599.98,0.0,140.0
7fc7699f-8ff6-4681-b26c-ee8671b6cd7f,1,3012,Mountain Master All-Terrain Skis - 165cm,2,899.99,1799.98,0.0,157.5
7fc7699f-8ff6-4681-b26c-ee8671b6cd7f,2,3053,Waterproof Ski Pants,2,249.99,499.98,0.0,43.75
7fc7699f-8ff6-4681-b26c-ee8671b6cd7f,3,3103,Snowboard Bindings - Pro,1,299.99,299.99,0.0,26.25
7fc7699f-8ff6-4681-b26c-ee8671b6cd7f,4,3051,Insulated Ski Jacket - Men's,1,299.99,299.99,0.0,26.25
a34b8953-86d5-4c4b-8a50-1559a1140763,1,3051,Insulated Ski Jacket - Men's,2,299.99,599.98,0.0,52.5
a34b8953-86d5-4c4b-8a50-1559a1140763,2,3032,Comfort Fit Recreational Boots,1,399.99,399.99,0.0,35.0
a34b8953-86d5-4c4b-8a50-1559a1140763,3,3052,Thermal Base Layer Set - Women's,1,149.99,149.99,0.0,13.12
010b54ef-159f-4e03-a3e0-0a6149ff3310,1,3033,Women's Performance Ski Boots,2,579.99,1159.98,0.0,101.5
010b54ef-159f-4e03-a3e0-0a6149ff3310,2,3012,Mountain Master All-Terrain Skis - 165cm,2,899.99,1799.98,0.0,157.5
48ca1295-3d90-496a-ae50-0bd5b50c2970,1,3011,Alpine Pro Racing Skis - 170cm,2,1299.99,2599.98,0.0,227.5
48ca1295-3d90-496a-ae50-0bd5b50c2970,2,3082,Edge Tuning Tool Set,2,119.99,239.98,0.0,21.0
48ca1295-3d90-496a-ae50-0bd5b50c2970,3,3011,Alpine Pro Racing Skis - 170cm,1,1299.99,1299.99,0.0,113.75
48ca1295-3d90-496a-ae50-0bd5b50c2970,4,3022,Backcountry Explorer XC Skis - 190cm,2,549.99,1099.98,0.0,96.25
9d2e95de-5968-4bc1-8e7e-40facad92ad0,1,3092,All-Mountain Snowboard - 158cm,2,799.99,1599.98,0.0,140.0
9e22ef79-30d6-436e-87ee-e4f54d113c4e,1,3102,Winter Hiking Boots - Waterproof,2,249.99,499.98,0.0,43.75
9e22ef79-30d6-436e-87ee-e4f54d113c4e,2,3031,Pro Flex Racing Ski Boots,1,649.99,649.99,0.0,56.87
9e22ef79-30d6-436e-87ee-e4f54d113c4e,3,3081,All-Temp Ski Wax Kit,2,79.99,159.98,0.0,14.0
0e1f8a69-3989-4b26-a4fa-7055635b261b,1,3072,Hand Warmers - 10 Pack,2,14.99,29.98,0.0,2.62
5d4d1440-07f7-4f51-99be-e04cfa401ce1,1,3033,Women's Performance Ski Boots,1,579.99,579.99,0.0,50.75
5d4d1440-07f7-4f51-99be-e04cfa401ce1,2,3051,Insulated Ski Jacket - Men's,1,299.99,299.99,0.0,26.25
ad79c4a6-7c71-493d-9dce-475e0aa63cc3,1,3031,Pro Flex Racing Ski Boots,1,649.99,649.99,0.0,56.87
ad79c4a6-7c71-493d-9dce-475e0aa63cc3,2,3051,Insulated Ski Jacket - Men's,1,299.99,299.99,0.0,26.25
ad79c4a6-7c71-493d-9dce-475e0aa63cc3,3,3104,Ski Tuning Bench - Portable,1,189.99,189.99,0.0,16.62
a07ef25e-3df8-439f-bc35-bf1b29f898a7,1,3091,Freestyle Snowboard - 155cm,1,649.99,649.99,0.0,56.87
97befe6f-5c48-464a-8d80-a595bf4d3204,1,3053,Waterproof Ski Pants,1,249.99,249.99,0.0,21.87
97befe6f-5c48-464a-8d80-a595bf4d3204,2,3081,All-Temp Ski Wax Kit,2,79.99,159.98,0.0,14.0
97befe6f-5c48-464a-8d80-a595bf4d3204,3,3072,Hand Warmers - 10 Pack,2,14.99,29.98,0.0,2.62
71ab3d18-082b-4f83-b7f6-c62a819ddaf4,1,3092,All-Mountain Snowboard - 158cm,1,799.99,799.99,0.0,70.0
71ab3d18-082b-4f83-b7f6-c62a819ddaf4,2,3082,Edge Tuning Tool Set,1,119.99,119.99,0.0,10.5
71ab3d18-082b-4f83-b7f6-c62a819ddaf4,3,3081,All-Temp Ski Wax Kit,2,79.99,159.98,0.0,14.0
71ab3d18-082b-4f83-b7f6-c62a819ddaf4,4,3032,Comfort Fit Recreational Boots,1,399.99,399.99,0.0,35.0
073814e3-51a7-4630-9b28-0fd06a5a544d,1,3071,Ski Boot Bag - Premium,1,59.99,59.99,0.0,5.25
073814e3-51a7-4630-9b28-0fd06a5a544d,2,3072,Hand Warmers - 10 Pack,1,14.99,14.99,0.0,1.31
073814e3-51a7-4630-9b28-0fd06a5a544d,3,3022,Backcountry Explorer XC Skis - 190cm,2,549.99,1099.98,0.0,96.25
f384fdde-6d8d-4720-adab-11931939faf6,1,3082,Edge Tuning Tool Set,1,119.99,119.99,0.0,10.5
f384fdde-6d8d-4720-adab-11931939faf6,2,3082,Edge Tuning Tool Set,1,119.99,119.99,0.0,10.5
f384fdde-6d8d-4720-adab-11931939faf6,3,3092,All-Mountain Snowboard - 158cm,1,799.99,799.99,0.0,70.0
f384fdde-6d8d-4720-adab-11931939faf6,4,3101,Winter Boots - Insulated,2,159.99,319.98,0.0,28.0
a98a7f68-ddf2-4e91-9e1a-96406e45fc3c,1,3092,All-Mountain Snowboard - 158cm,1,799.99,799.99,0.0,70.0
a98a7f68-ddf2-4e91-9e1a-96406e45fc3c,2,3082,Edge Tuning Tool Set,2,119.99,239.98,0.0,21.0
0e3c08d8-6aa6-488f-b3ee-d05c8431ae64,1,3061,Professional Ski Helmet,2,199.99,399.98,0.0,35.0
0e3c08d8-6aa6-488f-b3ee-d05c8431ae64,2,3031,Pro Flex Racing Ski Boots,2,649.99,1299.98,0.0,113.75
deeae2aa-cb5b-4887-b561-0fd4f7558b38,1,3013,Beginner's Choice Alpine Skis - 160cm,2,449.99,899.98,0.0,78.75
deeae2aa-cb5b-4887-b561-0fd4f7558b38,2,3031,Pro Flex Racing Ski Boots,1,649.99,649.99,0.0,56.87
deeae2aa-cb5b-4887-b561-0fd4f7558b38,3,3031,Pro Flex Racing Ski Boots,2,649.99,1299.98,0.0,113.75
deeae2aa-cb5b-4887-b561-0fd4f7558b38,4,3011,Alpine Pro Racing Skis - 170cm,1,1299.99,1299.99,0.0,113.75
4400b979-9df5-45d9-8750-6fcacbb21409,1,3041,Carbon Fiber Racing Poles - 120cm,2,179.99,359.98,0.0,31.5
4400b979-9df5-45d9-8750-6fcacbb21409,2,3033,Women's Performance Ski Boots,2,579.99,1159.98,0.0,101.5
f743046e-6b73-47bb-aaf2-841f621b73fe,1,3032,Comfort Fit Recreational Boots,2,399.99,799.98,0.0,70.0
f743046e-6b73-47bb-aaf2-841f621b73fe,2,3041,Carbon Fiber Racing Poles - 120cm,2,179.99,359.98,0.0,31.5
37c3fbed-5f97-49eb-8cb1-4d1c0f15976b,1,3051,Insulated Ski Jacket - Men's,1,299.99,299.99,0.0,26.25
37c3fbed-5f97-49eb-8cb1-4d1c0f15976b,2,3104,Ski Tuning Bench - Portable,2,189.99,379.98,0.0,33.25
a5ab6dfe-b612-4843-b06c-f51c903a2c26,1,3104,Ski Tuning Bench - Portable,1,189.99,189.99,0.0,16.62
a5ab6dfe-b612-4843-b06c-f51c903a2c26,2,3104,Ski Tuning Bench - Portable,2,189.99,379.98,0.0,33.25
a5ab6dfe-b612-4843-b06c-f51c903a2c26,3,3091,Freestyle Snowboard - 155cm,2,649.99,1299.98,0.0,113.75
a5ab6dfe-b612-4843-b06c-f51c903a2c26,4,3071,Ski Boot Bag - Premium,1,59.99,59.99,0.0,5.25
dcace139-960a-4745-975d-bdcc4fa6ca73,1,3053,Waterproof Ski Pants,2,249.99,499.98,0.0,43.75
dcace139-960a-4745-975d-bdcc4fa6ca73,2,3013,Beginner's Choice Alpine Skis - 160cm,2,449.99,899.98,0.0,78.75
9eb292ec-82ea-4de4-a8fc-683016dca8e8,1,3013,Beginner's Choice Alpine Skis - 160cm,2,449.99,899.98,0.0,78.75
9eb292ec-82ea-4de4-a8fc-683016dca8e8,2,3081,All-Temp Ski Wax Kit,1,79.99,79.99,0.0,7.0
f58610de-abe9-4798-ae8e-a513a0bb74dc,1,3052,Thermal Base Layer Set - Women's,1,149.99,149.99,0.0,13.12
f58610de-abe9-4798-ae8e-a513a0bb74dc,2,3104,Ski Tuning Bench - Portable,2,189.99,379.98,0.0,33.25
f58610de-abe9-4798-ae8e-a513a0bb74dc,3,3012,Mountain Master All-Terrain Skis - 165cm,1,899.99,899.99,0.0,78.75
b772c322-a7c6-4976-ad90-a2cd5360b4db,1,3092,All-Mountain Snowboard - 158cm,2,799.99,1599.98,0.0,140.0
b772c322-a7c6-4976-ad90-a2cd5360b4db,2,3052,Thermal Base Layer Set - Women's,1,149.99,149.99,0.0,13.12
b772c322-a7c6-4976-ad90-a2cd5360b4db,3,3102,Winter Hiking Boots - Waterproof,2,249.99,499.98,0.0,43.75
b772c322-a7c6-4976-ad90-a2cd5360b4db,4,3061,Professional Ski Helmet,2,199.99,399.98,0.0,35.0
6943ecac-f334-4b60-869b-9405f01ae0e6,1,3081,All-Temp Ski Wax Kit,1,79.99,79.99,0.0,7.0
6943ecac-f334-4b60-869b-9405f01ae0e6,2,3082,Edge Tuning Tool Set,2,119.99,239.98,0.0,21.0
f19954c9-bfa3-4f15-acf8-e4f17edf8f5b,1,3102,Winter Hiking Boots - Waterproof,2,249.99,499.98,0.0,43.75
f19954c9-bfa3-4f15-acf8-e4f17edf8f5b,2,3081,All-Temp Ski Wax Kit,1,79.99,79.99,0.0,7.0
f19954c9-bfa3-4f15-acf8-e4f17edf8f5b,3,3013,Beginner's Choice Alpine Skis - 160cm,2,449.99,899.98,0.0,78.75
f19954c9-bfa3-4f15-acf8-e4f17edf8f5b,4,3071,Ski Boot Bag - Premium,1,59.99,59.99,0.0,5.25
1ec0104d-1290-45f4-afa2-faecdd89a9f3,1,3013,Beginner's Choice Alpine Skis - 160cm,2,449.99,899.98,0.0,78.75
1ec0104d-1290-45f4-afa2-faecdd89a9f3,2,3013,Beginner's Choice Alpine Skis - 160cm,2,449.99,899.98,0.0,78.75
1ec0104d-1290-45f4-afa2-faecdd89a9f3,3,3081,All-Temp Ski Wax Kit,1,79.99,79.99,0.0,7.0
5f688cdc-ceec-445e-a490-338c4adf40cf,1,3032,Comfort Fit Recreational Boots,2,399.99,799.98,0.0,70.0
b3e79e01-4f3a-469d-aeea-588154dc7365,1,3061,Professional Ski Helmet,1,199.99,199.99,0.0,17.5
b3e79e01-4f3a-469d-aeea-588154dc7365,2,3033,Women's Performance Ski Boots,2,579.99,1159.98,0.0,101.5
57355969-df2d-48fa-bb55-697a1e082e34,1,3091,Freestyle Snowboard - 155cm,2,649.99,1299.98,0.0,113.75
57355969-df2d-48fa-bb55-697a1e082e34,2,3041,Carbon Fiber Racing Poles - 120cm,1,179.99,179.99,0.0,15.75
fc6ed50b-1434-4732-b8ba-72d870cbd460,1,3081,All-Temp Ski Wax Kit,1,79.99,79.99,0.0,7.0
fc6ed50b-1434-4732-b8ba-72d870cbd460,2,3032,Comfort Fit Recreational Boots,2,399.99,799.98,0.0,70.0
fc6ed50b-1434-4732-b8ba-72d870cbd460,3,3022,Backcountry Explorer XC Skis - 190cm,1,549.99,549.99,0.0,48.12
fc6ed50b-1434-4732-b8ba-72d870cbd460,4,3041,Carbon Fiber Racing Poles - 120cm,2,179.99,359.98,0.0,31.5
0e2535f2-0e3e-4cd3-84fc-4714b7e632d4,1,3031,Pro Flex Racing Ski Boots,1,649.99,649.99,0.0,56.87
a3760573-adb3-4ca9-9676-d1c5d4f1b46e,1,3082,Edge Tuning Tool Set,2,119.99,239.98,0.0,21.0
a3760573-adb3-4ca9-9676-d1c5d4f1b46e,2,3061,Professional Ski Helmet,1,199.99,199.99,0.0,17.5
a3760573-adb3-4ca9-9676-d1c5d4f1b46e,3,3082,Edge Tuning Tool Set,1,119.99,119.99,0.0,10.5
a3760573-adb3-4ca9-9676-d1c5d4f1b46e,4,3032,Comfort Fit Recreational Boots,2,399.99,799.98,0.0,70.0
d573b071-43e3-4f21-9ea5-13030e1b739a,1,3033,Women's Performance Ski Boots,2,579.99,1159.98,0.0,101.5
5328fc65-ec58-403d-bc4f-0b7fae026885,1,3061,Professional Ski Helmet,2,199.99,399.98,0.0,35.0
b1d03eb4-e73e-4802-96cd-59a0faf6d266,1,3103,Snowboard Bindings - Pro,1,299.99,299.99,0.0,26.25
b1d03eb4-e73e-4802-96cd-59a0faf6d266,2,3071,Ski Boot Bag - Premium,2,59.99,119.98,0.0,10.5
ebb591f9-cb06-4153-9585-3913946a1cd2,1,3104,Ski Tuning Bench - Portable,1,189.99,189.99,0.0,16.62
ebb591f9-cb06-4153-9585-3913946a1cd2,2,3103,Snowboard Bindings - Pro,1,299.99,299.99,0.0,26.25
ebb591f9-cb06-4153-9585-3913946a1cd2,3,3081,All-Temp Ski Wax Kit,2,79.99,159.98,0.0,14.0
ebb591f9-cb06-4153-9585-3913946a1cd2,4,3011,Alpine Pro Racing Skis - 170cm,2,1299.99,2599.98,0.0,227.5
b151cae8-550b-4a33-93dc-57a5ad1ce02a,1,3053,Waterproof Ski Pants,2,249.99,499.98,0.0,43.75
b151cae8-550b-4a33-93dc-57a5ad1ce02a,2,3031,Pro Flex Racing Ski Boots,1,649.99,649.99,0.0,56.87
b151cae8-550b-4a33-93dc-57a5ad1ce02a,3,3031,Pro Flex Racing Ski Boots,1,649.99,649.99,0.0,56.87
b151cae8-550b-4a33-93dc-57a5ad1ce02a,4,3041,Carbon Fiber Racing Poles - 120cm,2,179.99,359.98,0.0,31.5
75cfc8ec-aeb2-4347-81b2-892e29298195,1,3053,Waterproof Ski Pants,1,249.99,249.99,0.0,21.87
75cfc8ec-aeb2-4347-81b2-892e29298195,2,3082,Edge Tuning Tool Set,1,119.99,119.99,0.0,10.5
75d6a1dd-2c67-4e00-a9e8-b3afc2259e7b,1,3021,Nordic Classic XC Skis - 185cm,2,349.99,699.98,0.0,61.25
6331ca71-42b0-4667-8e60-6c986ec1f36f,1,3062,Anti-Fog Ski Goggles,1,129.99,129.99,0.0,11.37
6331ca71-42b0-4667-8e60-6c986ec1f36f,2,3092,All-Mountain Snowboard - 158cm,1,799.99,799.99,0.0,70.0
4138fecc-58d0-4bcb-8c5b-72fd29310cf9,1,3081,All-Temp Ski Wax Kit,2,79.99,159.98,0.0,14.0
4138fecc-58d0-4bcb-8c5b-72fd29310cf9,2,3104,Ski Tuning Bench - Portable,2,189.99,379.98,0.0,33.25
4138fecc-58d0-4bcb-8c5b-72fd29310cf9,3,3042,Aluminum All-Mountain Poles - 115cm,1,99.99,99.99,0.0,8.75
26b2e15e-0e73-4dac-9502-9e37f3f0e457,1,3102,Winter Hiking Boots - Waterproof,2,249.99,499.98,0.0,43.75
26b2e15e-0e73-4dac-9502-9e37f3f0e457,2,3033,Women's Performance Ski Boots,1,579.99,579.99,0.0,50.75
26b2e15e-0e73-4dac-9502-9e37f3f0e457,3,3012,Mountain Master All-Terrain Skis - 165cm,2,899.99,1799.98,0.0,157.5
f9f6acd1-cf62-48de-970e-1308060dbebe,1,3013,Beginner's Choice Alpine Skis - 160cm,2,449.99,899.98,0.0,78.75
1f04350d-8e1f-4db1-9850-16ea3ad750fc,1,3013,Beginner's Choice Alpine Skis - 160cm,2,449.99,899.98,0.0,78.75
1f04350d-8e1f-4db1-9850-16ea3ad750fc,2,3053,Waterproof Ski Pants,2,249.99,499.98,0.0,43.75
1f04350d-8e1f-4db1-9850-16ea3ad750fc,3,3082,Edge Tuning Tool Set,1,119.99,119.99,0.0,10.5
1f04350d-8e1f-4db1-9850-16ea3ad750fc,4,3012,Mountain Master All-Terrain Skis - 165cm,1,899.99,899.99,0.0,78.75
a1e49291-2d88-46af-afe3-7b31c892cfc0,1,3081,All-Temp Ski Wax Kit,2,79.99,159.98,0.0,14.0
a1e49291-2d88-46af-afe3-7b31c892cfc0,2,3042,Aluminum All-Mountain Poles - 115cm,1,99.99,99.99,0.0,8.75
a1e49291-2d88-46af-afe3-7b31c892cfc0,3,3081,All-Temp Ski Wax Kit,2,79.99,159.98,0.0,14.0
a1e49291-2d88-46af-afe3-7b31c892cfc0,4,3104,Ski Tuning Bench - Portable,1,189.99,189.99,0.0,16.62
5616d503-4aeb-4d46-9db2-14527d7311e6,1,3061,Professional Ski Helmet,1,199.99,199.99,0.0,17.5
5616d503-4aeb-4d46-9db2-14527d7311e6,2,3032,Comfort Fit Recreational Boots,1,399.99,399.99,0.0,35.0
5616d503-4aeb-4d46-9db2-14527d7311e6,3,3081,All-Temp Ski Wax Kit,2,79.99,159.98,0.0,14.0
026852b5-ee3e-4032-8fa7-cd0aa0c06392,1,3061,Professional Ski Helmet,2,199.99,399.98,0.0,35.0
fcdc5bac-d4d3-4ec9-b42b-46689d10d728,1,3051,Insulated Ski Jacket - Men's,2,299.99,599.98,0.0,52.5
fcdc5bac-d4d3-4ec9-b42b-46689d10d728,2,3082,Edge Tuning Tool Set,2,119.99,239.98,0.0,21.0
91112ac2-6465-466d-bd61-0f6f5cde23af,1,3033,Women's Performance Ski Boots,2,579.99,1159.98,0.0,101.5
91112ac2-6465-466d-bd61-0f6f5cde23af,2,3041,Carbon Fiber Racing Poles - 120cm,2,179.99,359.98,0.0,31.5
91112ac2-6465-466d-bd61-0f6f5cde23af,3,3081,All-Temp Ski Wax Kit,1,79.99,79.99,0.0,7.0
91112ac2-6465-466d-bd61-0f6f5cde23af,4,3051,Insulated Ski Jacket - Men's,2,299.99,599.98,0.0,52.5
40b06b48-3efa-4855-8246-6864941fe70c,1,3022,Backcountry Explorer XC Skis - 190cm,2,549.99,1099.98,0.0,96.25
40b06b48-3efa-4855-8246-6864941fe70c,2,3031,Pro Flex Racing Ski Boots,2,649.99,1299.98,0.0,113.75
40b06b48-3efa-4855-8246-6864941fe70c,3,3021,Nordic Classic XC Skis - 185cm,2,349.99,699.98,0.0,61.25
40b06b48-3efa-4855-8246-6864941fe70c,4,3032,Comfort Fit Recreational Boots,2,399.99,799.98,0.0,70.0
194d5856-b28e-47bd-8880-2a62536eca14,1,3031,Pro Flex Racing Ski Boots,1,649.99,649.99,0.0,56.87
194d5856-b28e-47bd-8880-2a62536eca14,2,3033,Women's Performance Ski Boots,2,579.99,1159.98,0.0,101.5
194d5856-b28e-47bd-8880-2a62536eca14,3,3082,Edge Tuning Tool Set,1,119.99,119.99,0.0,10.5
194d5856-b28e-47bd-8880-2a62536eca14,4,3052,Thermal Base Layer Set - Women's,2,149.99,299.98,0.0,26.25
f667f25c-9a39-45c3-95f7-d97ee1259066,1,3012,Mountain Master All-Terrain Skis - 165cm,2,899.99,1799.98,0.0,157.5
5ed681ee-fa0f-447e-84b7-594c542e19aa,1,3032,Comfort Fit Recreational Boots,2,399.99,799.98,0.0,70.0
5ed681ee-fa0f-447e-84b7-594c542e19aa,2,3033,Women's Performance Ski Boots,2,579.99,1159.98,0.0,101.5
5ed681ee-fa0f-447e-84b7-594c542e19aa,3,3012,Mountain Master All-Terrain Skis - 165cm,2,899.99,1799.98,0.0,157.5
05acead6-715d-4da4-9789-5861cb5a408e,1,3091,Freestyle Snowboard - 155cm,1,649.99,649.99,0.0,56.87
05acead6-715d-4da4-9789-5861cb5a408e,2,3031,Pro Flex Racing Ski Boots,2,649.99,1299.98,0.0,113.75
05acead6-715d-4da4-9789-5861cb5a408e,3,3013,Beginner's Choice Alpine Skis - 160cm,2,449.99,899.98,0.0,78.75
05acead6-715d-4da4-9789-5861cb5a408e,4,3061,Professional Ski Helmet,2,199.99,399.98,0.0,35.0
9a4b20d1-403b-4536-8865-fddab49c03a4,1,3022,Backcountry Explorer XC Skis - 190cm,1,549.99,549.99,0.0,48.12
2b7e95cc-95e6-4549-ad87-62969f616512,1,3081,All-Temp Ski Wax Kit,1,79.99,79.99,0.0,7.0
2b7e95cc-95e6-4549-ad87-62969f616512,2,3104,Ski Tuning Bench - Portable,2,189.99,379.98,0.0,33.25
2b7e95cc-95e6-4549-ad87-62969f616512,3,3081,All-Temp Ski Wax Kit,2,79.99,159.98,0.0,14.0
2b7e95cc-95e6-4549-ad87-62969f616512,4,3033,Women's Performance Ski Boots,2,579.99,1159.98,0.0,101.5
c9570155-541e-482a-8d98-f8306242ac75,1,3052,Thermal Base Layer Set - Women's,2,149.99,299.98,0.0,26.25
c9570155-541e-482a-8d98-f8306242ac75,2,3011,Alpine Pro Racing Skis - 170cm,2,1299.99,2599.98,0.0,227.5
c9570155-541e-482a-8d98-f8306242ac75,3,3041,Carbon Fiber Racing Poles - 120cm,2,179.99,359.98,0.0,31.5
c9570155-541e-482a-8d98-f8306242ac75,4,3011,Alpine Pro Racing Skis - 170cm,2,1299.99,2599.98,0.0,227.5
2b5b8926-b786-4a29-a0f3-65a56d3f5b22,1,3051,Insulated Ski Jacket - Men's,1,299.99,299.99,0.0,26.25
2b5b8926-b786-4a29-a0f3-65a56d3f5b22,2,3051,Insulated Ski Jacket - Men's,1,299.99,299.99,0.0,26.25
2b5b8926-b786-4a29-a0f3-65a56d3f5b22,3,3053,Waterproof Ski Pants,1,249.99,249.99,0.0,21.87
2b5b8926-b786-4a29-a0f3-65a56d3f5b22,4,3104,Ski Tuning Bench - Portable,2,189.99,379.98,0.0,33.25
09e52940-daba-42b2-bb1a-24b449f0aecb,1,3011,Alpine Pro Racing Skis - 170cm,2,1299.99,2599.98,0.0,227.5
09e52940-daba-42b2-bb1a-24b449f0aecb,2,3053,Waterproof Ski Pants,2,249.99,499.98,0.0,43.75
61da8ede-23b5-4aa2-bd9b-bb9f85a38f8e,1,3012,Mountain Master All-Terrain Skis - 165cm,2,899.99,1799.98,0.0,157.5
61da8ede-23b5-4aa2-bd9b-bb9f85a38f8e,2,3062,Anti-Fog Ski Goggles,1,129.99,129.99,0.0,11.37
c80f8b47-8ca1-48d6-a3be-d4c1f2d316b2,1,3011,Alpine Pro Racing Skis - 170cm,1,1299.99,1299.99,0.0,113.75
016b587f-ce32-44d5-a8fa-35d5e77d6008,1,3082,Edge Tuning Tool Set,2,119.99,239.98,0.0,21.0
016b587f-ce32-44d5-a8fa-35d5e77d6008,2,3104,Ski Tuning Bench - Portable,2,189.99,379.98,0.0,33.25
016b587f-ce32-44d5-a8fa-35d5e77d6008,3,3092,All-Mountain Snowboard - 158cm,1,799.99,799.99,0.0,70.0
016b587f-ce32-44d5-a8fa-35d5e77d6008,4,3103,Snowboard Bindings - Pro,1,299.99,299.99,0.0,26.25
f91274c9-cddc-452e-a3c9-928d567b725a,1,3052,Thermal Base Layer Set - Women's,1,149.99,149.99,0.0,13.12
f91274c9-cddc-452e-a3c9-928d567b725a,2,3012,Mountain Master All-Terrain Skis - 165cm,2,899.99,1799.98,0.0,157.5
f91274c9-cddc-452e-a3c9-928d567b725a,3,3053,Waterproof Ski Pants,1,249.99,249.99,0.0,21.87
9d29f45d-13ac-4c46-899d-a43d6ac8511c,1,3031,Pro Flex Racing Ski Boots,2,649.99,1299.98,0.0,113.75
9d29f45d-13ac-4c46-899d-a43d6ac8511c,2,3012,Mountain Master All-Terrain Skis - 165cm,2,899.99,1799.98,0.0,157.5
00101c3e-025c-4232-8d08-9eeaba29b7e8,1,3103,Snowboard Bindings - Pro,1,299.99,299.99,0.0,26.25
00101c3e-025c-4232-8d08-9eeaba29b7e8,2,3082,Edge Tuning Tool Set,2,119.99,239.98,0.0,21.0
00101c3e-025c-4232-8d08-9eeaba29b7e8,3,3082,Edge Tuning Tool Set,1,119.99,119.99,0.0,10.5
00101c3e-025c-4232-8d08-9eeaba29b7e8,4,3081,All-Temp Ski Wax Kit,1,79.99,79.99,0.0,7.0
83909902-142b-4c64-a40e-8f09a9b7e0c5,1,3053,Waterproof Ski Pants,2,249.99,499.98,0.0,43.75
5bd7c640-60ab-41b3-95d8-337218583ba4,1,3033,Women's Performance Ski Boots,2,579.99,1159.98,0.0,101.5
57f0f97c-8ee2-426a-aaf5-c69ed6e0ec34,1,3081,All-Temp Ski Wax Kit,1,79.99,79.99,0.0,7.0
57f0f97c-8ee2-426a-aaf5-c69ed6e0ec34,2,3091,Freestyle Snowboard - 155cm,2,649.99,1299.98,0.0,113.75
57f0f97c-8ee2-426a-aaf5-c69ed6e0ec34,3,3011,Alpine Pro Racing Skis - 170cm,1,1299.99,1299.99,0.0,113.75
57f0f97c-8ee2-426a-aaf5-c69ed6e0ec34,4,3012,Mountain Master All-Terrain Skis - 165cm,1,899.99,899.99,0.0,78.75
e45ab6b7-b613-4ce4-a863-f08b0528e4b2,1,3022,Backcountry Explorer XC Skis - 190cm,2,549.99,1099.98,0.0,96.25
e45ab6b7-b613-4ce4-a863-f08b0528e4b2,2,3052,Thermal Base Layer Set - Women's,1,149.99,149.99,0.0,13.12
e45ab6b7-b613-4ce4-a863-f08b0528e4b2,3,3104,Ski Tuning Bench - Portable,2,189.99,379.98,0.0,33.25
e45ab6b7-b613-4ce4-a863-f08b0528e4b2,4,3082,Edge Tuning Tool Set,1,119.99,119.99,0.0,10.5
e5a9e3ad-5312-47e5-828d-f0b8c7f9b0f4,1,3013,Beginner's Choice Alpine Skis - 160cm,1,449.99,449.99,0.0,39.37
e5a9e3ad-5312-47e5-828d-f0b8c7f9b0f4,2,3071,Ski Boot Bag - Premium,2,59.99,119.98,0.0,10.5
e5a9e3ad-5312-47e5-828d-f0b8c7f9b0f4,3,3051,Insulated Ski Jacket - Men's,2,299.99,599.98,0.0,52.5
3d697638-3cc3-4ad0-a644-00a4739a1bb2,1,3013,Beginner's Choice Alpine Skis - 160cm,2,449.99,899.98,0.0,78.75
3d697638-3cc3-4ad0-a644-00a4739a1bb2,2,3041,Carbon Fiber Racing Poles - 120cm,2,179.99,359.98,0.0,31.5
3d697638-3cc3-4ad0-a644-00a4739a1bb2,3,3022,Backcountry Explorer XC Skis - 190cm,1,549.99,549.99,0.0,48.12
09c7d139-8a3c-4b09-83f3-62028622c10b,1,3022,Backcountry Explorer XC Skis - 190cm,1,549.99,549.99,0.0,48.12
09c7d139-8a3c-4b09-83f3-62028622c10b,2,3053,Waterproof Ski Pants,1,249.99,249.99,0.0,21.87
09c7d139-8a3c-4b09-83f3-62028622c10b,3,3042,Aluminum All-Mountain Poles - 115cm,2,99.99,199.98,0.0,17.5
09c7d139-8a3c-4b09-83f3-62028622c10b,4,3053,Waterproof Ski Pants,1,249.99,249.99,0.0,21.87
a077fd79-5f12-40d5-97a2-86cebfd6d2a8,1,3092,All-Mountain Snowboard - 158cm,2,799.99,1599.98,0.0,140.0
a077fd79-5f12-40d5-97a2-86cebfd6d2a8,2,3081,All-Temp Ski Wax Kit,2,79.99,159.98,0.0,14.0
a077fd79-5f12-40d5-97a2-86cebfd6d2a8,3,3082,Edge Tuning Tool Set,2,119.99,239.98,0.0,21.0
a077fd79-5f12-40d5-97a2-86cebfd6d2a8,4,3082,Edge Tuning Tool Set,2,119.99,239.98,0.0,21.0
654e5273-0b13-40ef-b691-a1e0957a7851,1,3051,Insulated Ski Jacket - Men's,2,299.99,599.98,0.0,52.5
654e5273-0b13-40ef-b691-a1e0957a7851,2,3031,Pro Flex Racing Ski Boots,1,649.99,649.99,0.0,56.87
654e5273-0b13-40ef-b691-a1e0957a7851,3,3091,Freestyle Snowboard - 155cm,1,649.99,649.99,0.0,56.87
1864b183-b69f-48d1-ad03-431651e0b953,1,3032,Comfort Fit Recreational Boots,2,399.99,799.98,0.0,70.0
1864b183-b69f-48d1-ad03-431651e0b953,2,3011,Alpine Pro Racing Skis - 170cm,1,1299.99,1299.99,0.0,113.75
1864b183-b69f-48d1-ad03-431651e0b953,3,3031,Pro Flex Racing Ski Boots,1,649.99,649.99,0.0,56.87
1864b183-b69f-48d1-ad03-431651e0b953,4,3011,Alpine Pro Racing Skis - 170cm,2,1299.99,2599.98,0.0,227.5
2a367d37-a69e-4d96-b16b-aaff81d56e3c,1,3061,Professional Ski Helmet,1,199.99,199.99,0.0,17.5
2a367d37-a69e-4d96-b16b-aaff81d56e3c,2,3031,Pro Flex Racing Ski Boots,2,649.99,1299.98,0.0,113.75
42ae5624-ea4b-4648-879d-45ba24fbf9b7,1,3021,Nordic Classic XC Skis - 185cm,1,349.99,349.99,0.0,30.62
e9f41c61-b60a-439b-a3c9-fb09b155a57f,1,3013,Beginner's Choice Alpine Skis - 160cm,2,449.99,899.98,0.0,78.75
982d5384-0a7e-4e35-a030-9ccf42349e93,1,3103,Snowboard Bindings - Pro,1,299.99,299.99,0.0,26.25
982d5384-0a7e-4e35-a030-9ccf42349e93,2,3092,All-Mountain Snowboard - 158cm,2,799.99,1599.98,0.0,140.0
790976aa-1d8b-4c6d-b38e-f61cf3968c28,1,3012,Mountain Master All-Terrain Skis - 165cm,2,899.99,1799.98,0.0,157.5
790976aa-1d8b-4c6d-b38e-f61cf3968c28,2,3051,Insulated Ski Jacket - Men's,1,299.99,299.99,0.0,26.25
816c26b0-9a83-4ace-ac26-d4c90cf8bb27,1,3013,Beginner's Choice Alpine Skis - 160cm,2,449.99,899.98,0.0,78.75
816c26b0-9a83-4ace-ac26-d4c90cf8bb27,2,3104,Ski Tuning Bench - Portable,1,189.99,189.99,0.0,16.62
816c26b0-9a83-4ace-ac26-d4c90cf8bb27,3,3031,Pro Flex Racing Ski Boots,1,649.99,649.99,0.0,56.87
816c26b0-9a83-4ace-ac26-d4c90cf8bb27,4,3011,Alpine Pro Racing Skis - 170cm,2,1299.99,2599.98,0.0,227.5
e187e6ad-2a6d-4a06-9fa5-38732cdd991f,1,3031,Pro Flex Racing Ski Boots,1,649.99,649.99,0.0,56.87
e187e6ad-2a6d-4a06-9fa5-38732cdd991f,2,3104,Ski Tuning Bench - Portable,1,189.99,189.99,0.0,16.62
f7a25f06-5bab-4304-8660-c065665ca5f3,1,3104,Ski Tuning Bench - Portable,2,189.99,379.98,0.0,33.25
f7a25f06-5bab-4304-8660-c065665ca5f3,2,3021,Nordic Classic XC Skis - 185cm,1,349.99,349.99,0.0,30.62
f7a25f06-5bab-4304-8660-c065665ca5f3,3,3081,All-Temp Ski Wax Kit,1,79.99,79.99,0.0,7.0
f7a25f06-5bab-4304-8660-c065665ca5f3,4,3072,Hand Warmers - 10 Pack,1,14.99,14.99,0.0,1.31
d37bb900-bb9b-4657-aff1-b8fb19ce7b71,1,3062,Anti-Fog Ski Goggles,1,129.99,129.99,0.0,11.37
c11802ff-340c-4480-9a50-1677cc55aed9,1,3081,All-Temp Ski Wax Kit,2,79.99,159.98,0.0,14.0
c11802ff-340c-4480-9a50-1677cc55aed9,2,3052,Thermal Base Layer Set - Women's,1,149.99,149.99,0.0,13.12
c11802ff-340c-4480-9a50-1677cc55aed9,3,3062,Anti-Fog Ski Goggles,2,129.99,259.98,0.0,22.75
fd7400da-474f-4193-a9ae-705ef8b777be,1,3061,Professional Ski Helmet,2,199.99,399.98,0.0,35.0
e23bf08e-ee77-4b07-a11b-05edaafabe26,1,3032,Comfort Fit Recreational Boots,1,399.99,399.99,0.0,35.0
e23bf08e-ee77-4b07-a11b-05edaafabe26,2,3101,Winter Boots - Insulated,1,159.99,159.99,0.0,14.0
e23bf08e-ee77-4b07-a11b-05edaafabe26,3,3021,Nordic Classic XC Skis - 185cm,2,349.99,699.98,0.0,61.25
db1b1a30-760b-40b1-8824-9da47b54f898,1,3022,Backcountry Explorer XC Skis - 190cm,1,549.99,549.99,0.0,48.12
db1b1a30-760b-40b1-8824-9da47b54f898,2,3032,Comfort Fit Recreational Boots,2,399.99,799.98,0.0,70.0
79372783-01cf-4806-9cd1-d7748a7ae216,1,3033,Women's Performance Ski Boots,1,579.99,579.99,0.0,50.75
79372783-01cf-4806-9cd1-d7748a7ae216,2,3013,Beginner's Choice Alpine Skis - 160cm,2,449.99,899.98,0.0,78.75
e18927ea-f978-4d68-8069-dbbfc9078c6b,1,3062,Anti-Fog Ski Goggles,2,129.99,259.98,0.0,22.75
e18927ea-f978-4d68-8069-dbbfc9078c6b,2,3052,Thermal Base Layer Set - Women's,1,149.99,149.99,0.0,13.12
6a795279-0c83-4698-b89f-bf99cd914b95,1,3082,Edge Tuning Tool Set,2,119.99,239.98,0.0,21.0
6a795279-0c83-4698-b89f-bf99cd914b95,2,3012,Mountain Master All-Terrain Skis - 165cm,1,899.99,899.99,0.0,78.75
6a795279-0c83-4698-b89f-bf99cd914b95,3,3062,Anti-Fog Ski Goggles,2,129.99,259.98,0.0,22.75
53e3a129-64f7-4303-8b6b-e4544c3bb2ae,1,3051,Insulated Ski Jacket - Men's,1,299.99,299.99,0.0,26.25
53e3a129-64f7-4303-8b6b-e4544c3bb2ae,2,3104,Ski Tuning Bench - Portable,2,189.99,379.98,0.0,33.25
44ce6535-5011-4cd0-9a0d-3c879c2d4f2b,1,3042,Aluminum All-Mountain Poles - 115cm,1,99.99,99.99,0.0,8.75
44ce6535-5011-4cd0-9a0d-3c879c2d4f2b,2,3031,Pro Flex Racing Ski Boots,2,649.99,1299.98,0.0,113.75
44ce6535-5011-4cd0-9a0d-3c879c2d4f2b,3,3072,Hand Warmers - 10 Pack,2,14.99,29.98,0.0,2.62
7da68a31-1814-4750-9cf9-b98d2ec51665,1,3013,Beginner's Choice Alpine Skis - 160cm,2,449.99,899.98,0.0,78.75
bd21f1ad-14d1-4804-b57b-2aaf6859b467,1,3032,Comfort Fit Recreational Boots,2,399.99,799.98,0.0,70.0
bd21f1ad-14d1-4804-b57b-2aaf6859b467,2,3052,Thermal Base Layer Set - Women's,2,149.99,299.98,0.0,26.25
468e4c33-45d9-4800-86ba-28f73a1b6570,1,3051,Insulated Ski Jacket - Men's,2,299.99,599.98,0.0,52.5
468e4c33-45d9-4800-86ba-28f73a1b6570,2,3042,Aluminum All-Mountain Poles - 115cm,1,99.99,99.99,0.0,8.75
468e4c33-45d9-4800-86ba-28f73a1b6570,3,3011,Alpine Pro Racing Skis - 170cm,1,1299.99,1299.99,0.0,113.75
468e4c33-45d9-4800-86ba-28f73a1b6570,4,3032,Comfort Fit Recreational Boots,1,399.99,399.99,0.0,35.0
23080914-41b9-4808-85d5-2e90f4035c66,1,3053,Waterproof Ski Pants,1,249.99,249.99,0.0,21.87
23080914-41b9-4808-85d5-2e90f4035c66,2,3052,Thermal Base Layer Set - Women's,2,149.99,299.98,0.0,26.25
23080914-41b9-4808-85d5-2e90f4035c66,3,3041,Carbon Fiber Racing Poles - 120cm,2,179.99,359.98,0.0,31.5
e6020787-3301-4022-a184-f5ec67ebb884,1,3031,Pro Flex Racing Ski Boots,2,649.99,1299.98,0.0,113.75
e6020787-3301-4022-a184-f5ec67ebb884,2,3062,Anti-Fog Ski Goggles,1,129.99,129.99,0.0,11.37
e6020787-3301-4022-a184-f5ec67ebb884,3,3082,Edge Tuning Tool Set,2,119.99,239.98,0.0,21.0
e6020787-3301-4022-a184-f5ec67ebb884,4,3031,Pro Flex Racing Ski Boots,2,649.99,1299.98,0.0,113.75
c5a361de-375a-4bd3-b647-6270d1a41fed,1,3053,Waterproof Ski Pants,2,249.99,499.98,0.0,43.75
c5a361de-375a-4bd3-b647-6270d1a41fed,2,3091,Freestyle Snowboard - 155cm,1,649.99,649.99,0.0,56.87
c5a361de-375a-4bd3-b647-6270d1a41fed,3,3092,All-Mountain Snowboard - 158cm,2,799.99,1599.98,0.0,140.0
a97c96a0-90de-4c9b-9623-7c03d59461de,1,3042,Aluminum All-Mountain Poles - 115cm,1,99.99,99.99,0.0,8.75
a97c96a0-90de-4c9b-9623-7c03d59461de,2,3031,Pro Flex Racing Ski Boots,2,649.99,1299.98,0.0,113.75
e344bfb1-db1e-42a8-98d8-7f852b0ee85d,1,3062,Anti-Fog Ski Goggles,1,129.99,129.99,0.0,11.37
e344bfb1-db1e-42a8-98d8-7f852b0ee85d,2,3031,Pro Flex Racing Ski Boots,2,649.99,1299.98,0.0,113.75
e344bfb1-db1e-42a8-98d8-7f852b0ee85d,3,3033,Women's Performance Ski Boots,2,579.99,1159.98,0.0,101.5
10aa4453-f526-40c7-9b7a-4d10c90c05a6,1,3032,Comfort Fit Recreational Boots,1,399.99,399.99,0.0,35.0
8afe8dec-19c1-429c-9c88-4d568a4c363e,1,3052,Thermal Base Layer Set - Women's,1,149.99,149.99,0.0,13.12
8afe8dec-19c1-429c-9c88-4d568a4c363e,2,3103,Snowboard Bindings - Pro,1,299.99,299.99,0.0,26.25
8afe8dec-19c1-429c-9c88-4d568a4c363e,3,3042,Aluminum All-Mountain Poles - 115cm,1,99.99,99.99,0.0,8.75
8d8fab01-cb00-49be-9f66-75e79a6c0892,1,3081,All-Temp Ski Wax Kit,1,79.99,79.99,0.0,7.0
8d8fab01-cb00-49be-9f66-75e79a6c0892,2,3012,Mountain Master All-Terrain Skis - 165cm,2,899.99,1799.98,0.0,157.5
8d8fab01-cb00-49be-9f66-75e79a6c0892,3,3052,Thermal Base Layer Set - Women's,1,149.99,149.99,0.0,13.12
f494a7e3-3840-4691-945d-5b850cd14de2,1,3011,Alpine Pro Racing Skis - 170cm,2,1299.99,2599.98,0.0,227.5
f494a7e3-3840-4691-945d-5b850cd14de2,2,3013,Beginner's Choice Alpine Skis - 160cm,2,449.99,899.98,0.0,78.75
470bf52c-d025-4f19-b430-2a7c8b620ce2,1,3031,Pro Flex Racing Ski Boots,1,649.99,649.99,0.0,56.87
470bf52c-d025-4f19-b430-2a7c8b620ce2,2,3061,Professional Ski Helmet,1,199.99,199.99,0.0,17.5
470bf52c-d025-4f19-b430-2a7c8b620ce2,3,3022,Backcountry Explorer XC Skis - 190cm,1,549.99,549.99,0.0,48.12
470bf52c-d025-4f19-b430-2a7c8b620ce2,4,3031,Pro Flex Racing Ski Boots,1,649.99,649.99,0.0,56.87
86a31450-79e2-4f10-b238-44273773a95d,1,3051,Insulated Ski Jacket - Men's,1,299.99,299.99,0.0,26.25
86a31450-79e2-4f10-b238-44273773a95d,2,3052,Thermal Base Layer Set - Women's,1,149.99,149.99,0.0,13.12
86a31450-79e2-4f10-b238-44273773a95d,3,3032,Comfort Fit Recreational Boots,1,399.99,399.99,0.0,35.0
b8a6a9c9-63e7-4fbe-a60e-efa98690ad1f,1,3104,Ski Tuning Bench - Portable,2,189.99,379.98,0.0,33.25
b8a6a9c9-63e7-4fbe-a60e-efa98690ad1f,2,3053,Waterproof Ski Pants,1,249.99,249.99,0.0,21.87
31d0d659-af58-401e-96df-979d8dc4c9c1,1,3012,Mountain Master All-Terrain Skis - 165cm,2,899.99,1799.98,0.0,157.5
31d0d659-af58-401e-96df-979d8dc4c9c1,2,3033,Women's Performance Ski Boots,1,579.99,579.99,0.0,50.75
621843f1-97fa-4741-8e1d-3c28b4033659,1,3101,Winter Boots - Insulated,1,159.99,159.99,0.0,14.0
621843f1-97fa-4741-8e1d-3c28b4033659,2,3091,Freestyle Snowboard - 155cm,1,649.99,649.99,0.0,56.87
78873406-8fb2-4c19-8148-9ead0c13152f,1,3061,Professional Ski Helmet,1,199.99,199.99,0.0,17.5
78873406-8fb2-4c19-8148-9ead0c13152f,2,3104,Ski Tuning Bench - Portable,1,189.99,189.99,0.0,16.62
78873406-8fb2-4c19-8148-9ead0c13152f,3,3033,Women's Performance Ski Boots,2,579.99,1159.98,0.0,101.5
6543a886-87b2-47ff-86a4-c6eb1b3ccda8,1,3033,Women's Performance Ski Boots,1,579.99,579.99,0.0,50.75
6543a886-87b2-47ff-86a4-c6eb1b3ccda8,2,3021,Nordic Classic XC Skis - 185cm,1,349.99,349.99,0.0,30.62
6c2b9242-b720-4ef3-9c0f-f76d5b29c0f7,1,3012,Mountain Master All-Terrain Skis - 165cm,2,899.99,1799.98,0.0,157.5
6c2b9242-b720-4ef3-9c0f-f76d5b29c0f7,2,3053,Waterproof Ski Pants,2,249.99,499.98,0.0,43.75
1e3823cf-15c3-4aee-a7ce-17f92cb318f6,1,3053,Waterproof Ski Pants,2,249.99,499.98,0.0,43.75
1e3823cf-15c3-4aee-a7ce-17f92cb318f6,2,3031,Pro Flex Racing Ski Boots,1,649.99,649.99,0.0,56.87
1e3823cf-15c3-4aee-a7ce-17f92cb318f6,3,3013,Beginner's Choice Alpine Skis - 160cm,2,449.99,899.98,0.0,78.75
1e3823cf-15c3-4aee-a7ce-17f92cb318f6,4,3062,Anti-Fog Ski Goggles,2,129.99,259.98,0.0,22.75
64a839ef-8065-4428-8ad1-acd21de7a11b,1,3031,Pro Flex Racing Ski Boots,1,649.99,649.99,0.0,56.87
64a839ef-8065-4428-8ad1-acd21de7a11b,2,3053,Waterproof Ski Pants,1,249.99,249.99,0.0,21.87
64a839ef-8065-4428-8ad1-acd21de7a11b,3,3051,Insulated Ski Jacket - Men's,2,299.99,599.98,0.0,52.5
498d88f6-e462-4183-a5e3-0aa76ba29677,1,3092,All-Mountain Snowboard - 158cm,2,799.99,1599.98,0.0,140.0
498d88f6-e462-4183-a5e3-0aa76ba29677,2,3103,Snowboard Bindings - Pro,1,299.99,299.99,0.0,26.25
498d88f6-e462-4183-a5e3-0aa76ba29677,3,3013,Beginner's Choice Alpine Skis - 160cm,1,449.99,449.99,0.0,39.37
498d88f6-e462-4183-a5e3-0aa76ba29677,4,3041,Carbon Fiber Racing Poles - 120cm,1,179.99,179.99,0.0,15.75
fe3d2136-2bbb-4e1b-8b67-ab58576c37a6,1,3081,All-Temp Ski Wax Kit,2,79.99,159.98,0.0,14.0
f8b8fe08-47fc-4b4c-b0bf-d83d5b1a6627,1,3032,Comfort Fit Recreational Boots,1,399.99,399.99,0.0,35.0
f8b8fe08-47fc-4b4c-b0bf-d83d5b1a6627,2,3032,Comfort Fit Recreational Boots,1,399.99,399.99,0.0,35.0
f8b8fe08-47fc-4b4c-b0bf-d83d5b1a6627,3,3013,Beginner's Choice Alpine Skis - 160cm,2,449.99,899.98,0.0,78.75
f8b8fe08-47fc-4b4c-b0bf-d83d5b1a6627,4,3013,Beginner's Choice Alpine Skis - 160cm,1,449.99,449.99,0.0,39.37
ddb4d4aa-27a2-4d92-a11e-e5fdd00c95ed,1,3031,Pro Flex Racing Ski Boots,1,649.99,649.99,0.0,56.87
ddb4d4aa-27a2-4d92-a11e-e5fdd00c95ed,2,3033,Women's Performance Ski Boots,2,579.99,1159.98,0.0,101.5
ddb4d4aa-27a2-4d92-a11e-e5fdd00c95ed,3,3032,Comfort Fit Recreational Boots,2,399.99,799.98,0.0,70.0
b2b2f731-b58d-4eeb-9d05-c0a239f8b5d7,1,3091,Freestyle Snowboard - 155cm,2,649.99,1299.98,0.0,113.75
2479b0ae-3225-48c8-b929-5f56376ee0bf,1,3053,Waterproof Ski Pants,2,249.99,499.98,0.0,43.75
2479b0ae-3225-48c8-b929-5f56376ee0bf,2,3091,Freestyle Snowboard - 155cm,1,649.99,649.99,0.0,56.87
2479b0ae-3225-48c8-b929-5f56376ee0bf,3,3033,Women's Performance Ski Boots,2,579.99,1159.98,0.0,101.5
198274a5-22ce-4bfb-b128-c553804acd10,1,3011,Alpine Pro Racing Skis - 170cm,2,1299.99,2599.98,0.0,227.5
198274a5-22ce-4bfb-b128-c553804acd10,2,3033,Women's Performance Ski Boots,2,579.99,1159.98,0.0,101.5
198274a5-22ce-4bfb-b128-c553804acd10,3,3061,Professional Ski Helmet,2,199.99,399.98,0.0,35.0
add8b4cc-6e89-48d7-900b-5a8e2ef03165,1,3053,Waterproof Ski Pants,2,249.99,499.98,0.0,43.75
5c1c1a14-e78e-4512-aa6d-54d377efc810,1,3081,All-Temp Ski Wax Kit,2,79.99,159.98,0.0,14.0
5c1c1a14-e78e-4512-aa6d-54d377efc810,2,3104,Ski Tuning Bench - Portable,2,189.99,379.98,0.0,33.25
3a55e5c6-bfc7-48f0-b97a-9dc1b118b2eb,1,3031,Pro Flex Racing Ski Boots,1,649.99,649.99,0.0,56.87
1b0979df-9e78-46f9-98ed-ea28b1e38292,1,3103,Snowboard Bindings - Pro,2,299.99,599.98,0.0,52.5
1b0979df-9e78-46f9-98ed-ea28b1e38292,2,3042,Aluminum All-Mountain Poles - 115cm,2,99.99,199.98,0.0,17.5
1b0979df-9e78-46f9-98ed-ea28b1e38292,3,3013,Beginner's Choice Alpine Skis - 160cm,1,449.99,449.99,0.0,39.37
4bc2db39-fb9a-49a5-93d7-b9218504d042,1,3053,Waterproof Ski Pants,1,249.99,249.99,0.0,21.87
abc33155-b97d-42e6-9e85-5bf0659e3043,1,3052,Thermal Base Layer Set - Women's,2,149.99,299.98,0.0,26.25
8f92d057-f5bf-488e-a210-d41b7356d988,1,3082,Edge Tuning Tool Set,1,119.99,119.99,0.0,10.5
8f92d057-f5bf-488e-a210-d41b7356d988,2,3092,All-Mountain Snowboard - 158cm,1,799.99,799.99,0.0,70.0
8f92d057-f5bf-488e-a210-d41b7356d988,3,3062,Anti-Fog Ski Goggles,1,129.99,129.99,0.0,11.37
7f01eaf9-2cac-4928-9bd7-9ac281c01bda,1,3053,Waterproof Ski Pants,2,249.99,499.98,0.0,43.75
7f01eaf9-2cac-4928-9bd7-9ac281c01bda,2,3032,Comfort Fit Recreational Boots,2,399.99,799.98,0.0,70.0
7f01eaf9-2cac-4928-9bd7-9ac281c01bda,3,3013,Beginner's Choice Alpine Skis - 160cm,1,449.99,449.99,0.0,39.37
af90bf93-8f72-4656-9c98-bfedc1ea680d,1,3033,Women's Performance Ski Boots,2,579.99,1159.98,0.0,101.5
af90bf93-8f72-4656-9c98-bfedc1ea680d,2,3012,Mountain Master All-Terrain Skis - 165cm,2,899.99,1799.98,0.0,157.5
af90bf93-8f72-4656-9c98-bfedc1ea680d,3,3032,Comfort Fit Recreational Boots,1,399.99,399.99,0.0,35.0
cfe6cf06-89de-4fe9-9713-e6ad28e12108,1,3052,Thermal Base Layer Set - Women's,2,149.99,299.98,0.0,26.25
3ddf7fe5-b974-4f50-8bcf-a90d21f56822,1,3104,Ski Tuning Bench - Portable,2,189.99,379.98,0.0,33.25
3ddf7fe5-b974-4f50-8bcf-a90d21f56822,2,3104,Ski Tuning Bench - Portable,1,189.99,189.99,0.0,16.62
5b372da9-1ec7-424c-be8f-d5ebea07f52e,1,3031,Pro Flex Racing Ski Boots,1,649.99,649.99,0.0,56.87
e76acf9a-0676-4445-886b-a70e6bf90529,1,3061,Professional Ski Helmet,1,199.99,199.99,0.0,17.5
e76acf9a-0676-4445-886b-a70e6bf90529,2,3011,Alpine Pro Racing Skis - 170cm,2,1299.99,2599.98,0.0,227.5
e76acf9a-0676-4445-886b-a70e6bf90529,3,3071,Ski Boot Bag - Premium,1,59.99,59.99,0.0,5.25
e76acf9a-0676-4445-886b-a70e6bf90529,4,3013,Beginner's Choice Alpine Skis - 160cm,1,449.99,449.99,0.0,39.37
4c47a5a6-92ab-4395-84cc-f594470838c9,1,3042,Aluminum All-Mountain Poles - 115cm,2,99.99,199.98,0.0,17.5
4c47a5a6-92ab-4395-84cc-f594470838c9,2,3101,Winter Boots - Insulated,1,159.99,159.99,0.0,14.0
4c47a5a6-92ab-4395-84cc-f594470838c9,3,3081,All-Temp Ski Wax Kit,2,79.99,159.98,0.0,14.0
fa193d30-3fef-4d1a-ade1-313b85efb186,1,3013,Beginner's Choice Alpine Skis - 160cm,1,449.99,449.99,0.0,39.37
fa193d30-3fef-4d1a-ade1-313b85efb186,2,3031,Pro Flex Racing Ski Boots,1,649.99,649.99,0.0,56.87
d6e31d40-fe69-46e8-8e16-66a467214edb,1,3062,Anti-Fog Ski Goggles,1,129.99,129.99,0.0,11.37
d6e31d40-fe69-46e8-8e16-66a467214edb,2,3032,Comfort Fit Recreational Boots,1,399.99,399.99,0.0,35.0
d6e31d40-fe69-46e8-8e16-66a467214edb,3,3052,Thermal Base Layer Set - Women's,2,149.99,299.98,0.0,26.25
00fd3941-2a6f-4208-a9b7-89aff914819f,1,3022,Backcountry Explorer XC Skis - 190cm,1,549.99,549.99,0.0,48.12
00fd3941-2a6f-4208-a9b7-89aff914819f,2,3021,Nordic Classic XC Skis - 185cm,1,349.99,349.99,0.0,30.62
00fd3941-2a6f-4208-a9b7-89aff914819f,3,3012,Mountain Master All-Terrain Skis - 165cm,2,899.99,1799.98,0.0,157.5
bb567054-741d-4769-9b58-1a9a4d8308bb,1,3052,Thermal Base Layer Set - Women's,2,149.99,299.98,0.0,26.25
bb567054-741d-4769-9b58-1a9a4d8308bb,2,3012,Mountain Master All-Terrain Skis - 165cm,1,899.99,899.99,0.0,78.75
bb567054-741d-4769-9b58-1a9a4d8308bb,3,3032,Comfort Fit Recreational Boots,2,399.99,799.98,0.0,70.0
dee438d4-dd47-4567-b14b-69bc5e3574d2,1,3031,Pro Flex Racing Ski Boots,2,649.99,1299.98,0.0,113.75
dee438d4-dd47-4567-b14b-69bc5e3574d2,2,3011,Alpine Pro Racing Skis - 170cm,2,1299.99,2599.98,0.0,227.5
73e8faf4-2868-4974-a02f-2385e3d3a0fd,1,3013,Beginner's Choice Alpine Skis - 160cm,1,449.99,449.99,0.0,39.37
73e8faf4-2868-4974-a02f-2385e3d3a0fd,2,3104,Ski Tuning Bench - Portable,2,189.99,379.98,0.0,33.25
73e8faf4-2868-4974-a02f-2385e3d3a0fd,3,3061,Professional Ski Helmet,2,199.99,399.98,0.0,35.0
73e8faf4-2868-4974-a02f-2385e3d3a0fd,4,3013,Beginner's Choice Alpine Skis - 160cm,1,449.99,449.99,0.0,39.37
7cc4e344-109c-42fe-a1e7-243eed945c16,1,3021,Nordic Classic XC Skis - 185cm,2,349.99,699.98,0.0,61.25
7cc4e344-109c-42fe-a1e7-243eed945c16,2,3051,Insulated Ski Jacket - Men's,1,299.99,299.99,0.0,26.25
7cc4e344-109c-42fe-a1e7-243eed945c16,3,3101,Winter Boots - Insulated,2,159.99,319.98,0.0,28.0
7cc4e344-109c-42fe-a1e7-243eed945c16,4,3022,Backcountry Explorer XC Skis - 190cm,1,549.99,549.99,0.0,48.12
3409a26b-902a-46c7-9b62-052cde112d60,1,3091,Freestyle Snowboard - 155cm,2,649.99,1299.98,0.0,113.75
3409a26b-902a-46c7-9b62-052cde112d60,2,3071,Ski Boot Bag - Premium,2,59.99,119.98,0.0,10.5
3409a26b-902a-46c7-9b62-052cde112d60,3,3041,Carbon Fiber Racing Poles - 120cm,2,179.99,359.98,0.0,31.5
b6df5086-fe8d-4bff-ba96-fbaa1dc462d8,1,3012,Mountain Master All-Terrain Skis - 165cm,2,899.99,1799.98,0.0,157.5
b6df5086-fe8d-4bff-ba96-fbaa1dc462d8,2,3033,Women's Performance Ski Boots,2,579.99,1159.98,0.0,101.5
b5e4f2ab-82ba-4567-99ca-402d44bfb793,1,3021,Nordic Classic XC Skis - 185cm,2,349.99,699.98,0.0,61.25
b5e4f2ab-82ba-4567-99ca-402d44bfb793,2,3101,Winter Boots - Insulated,2,159.99,319.98,0.0,28.0
b5e4f2ab-82ba-4567-99ca-402d44bfb793,3,3103,Snowboard Bindings - Pro,1,299.99,299.99,0.0,26.25
b5e4f2ab-82ba-4567-99ca-402d44bfb793,4,3032,Comfort Fit Recreational Boots,1,399.99,399.99,0.0,35.0
1a72bdc2-3584-47af-b190-3b5ca2ed434b,1,3032,Comfort Fit Recreational Boots,2,399.99,799.98,0.0,70.0
1a72bdc2-3584-47af-b190-3b5ca2ed434b,2,3062,Anti-Fog Ski Goggles,1,129.99,129.99,0.0,11.37
aaab1dfc-ab42-4a94-a7fc-22b39c0b36e9,1,3053,Waterproof Ski Pants,2,249.99,499.98,0.0,43.75
4c864c88-3169-4ee6-b041-600517c63e36,1,3091,Freestyle Snowboard - 155cm,1,649.99,649.99,0.0,56.87
4c864c88-3169-4ee6-b041-600517c63e36,2,3102,Winter Hiking Boots - Waterproof,1,249.99,249.99,0.0,21.87
4c864c88-3169-4ee6-b041-600517c63e36,3,3104,Ski Tuning Bench - Portable,2,189.99,379.98,0.0,33.25
4c864c88-3169-4ee6-b041-600517c63e36,4,3091,Freestyle Snowboard - 155cm,2,649.99,1299.98,0.0,113.75
a81bc54d-8786-40dd-a3f3-54413494dbd7,1,3082,Edge Tuning Tool Set,1,119.99,119.99,0.0,10.5
08c1f789-76d7-4ae5-a8e8-3d4e7851e19d,1,3011,Alpine Pro Racing Skis - 170cm,2,1299.99,2599.98,0.0,227.5
08c1f789-76d7-4ae5-a8e8-3d4e7851e19d,2,3042,Aluminum All-Mountain Poles - 115cm,1,99.99,99.99,0.0,8.75
a82d07b0-8955-491d-ad03-0d9acccda5fd,1,3082,Edge Tuning Tool Set,1,119.99,119.99,0.0,10.5
a82d07b0-8955-491d-ad03-0d9acccda5fd,2,3081,All-Temp Ski Wax Kit,2,79.99,159.98,0.0,14.0
a82d07b0-8955-491d-ad03-0d9acccda5fd,3,3081,All-Temp Ski Wax Kit,1,79.99,79.99,0.0,7.0
03ace076-758c-4d0d-8e98-9208623427b7,1,3104,Ski Tuning Bench - Portable,2,189.99,379.98,0.0,33.25
03ace076-758c-4d0d-8e98-9208623427b7,2,3104,Ski Tuning Bench - Portable,2,189.99,379.98,0.0,33.25
03ace076-758c-4d0d-8e98-9208623427b7,3,3032,Comfort Fit Recreational Boots,2,399.99,799.98,0.0,70.0
03ace076-758c-4d0d-8e98-9208623427b7,4,3081,All-Temp Ski Wax Kit,2,79.99,159.98,0.0,14.0
28a2a085-83a7-49e1-a569-6f213abdf419,1,3013,Beginner's Choice Alpine Skis - 160cm,1,449.99,449.99,0.0,39.37
c78fb73d-95c4-49d4-ac6a-be667589e2bb,1,3082,Edge Tuning Tool Set,1,119.99,119.99,0.0,10.5
c78fb73d-95c4-49d4-ac6a-be667589e2bb,2,3104,Ski Tuning Bench - Portable,1,189.99,189.99,0.0,16.62
c78fb73d-95c4-49d4-ac6a-be667589e2bb,3,3104,Ski Tuning Bench - Portable,2,189.99,379.98,0.0,33.25
4da2be7a-aea5-4550-ba95-805c5f92ec06,1,3103,Snowboard Bindings - Pro,1,299.99,299.99,0.0,26.25
4da2be7a-aea5-4550-ba95-805c5f92ec06,2,3082,Edge Tuning Tool Set,1,119.99,119.99,0.0,10.5
2662431d-5993-422c-9801-eb983b304221,1,3082,Edge Tuning Tool Set,2,119.99,239.98,0.0,21.0
2662431d-5993-422c-9801-eb983b304221,2,3042,Aluminum All-Mountain Poles - 115cm,1,99.99,99.99,0.0,8.75
2662431d-5993-422c-9801-eb983b304221,3,3081,All-Temp Ski Wax Kit,2,79.99,159.98,0.0,14.0
2662431d-5993-422c-9801-eb983b304221,4,3072,Hand Warmers - 10 Pack,1,14.99,14.99,0.0,1.31
aa9aa7ef-e153-4da5-8c06-438fd912f109,1,3081,All-Temp Ski Wax Kit,2,79.99,159.98,0.0,14.0
75302e68-967a-4447-bced-f8bb1fc596b9,1,3042,Aluminum All-Mountain Poles - 115cm,1,99.99,99.99,0.0,8.75
75302e68-967a-4447-bced-f8bb1fc596b9,2,3032,Comfort Fit Recreational Boots,2,399.99,799.98,0.0,70.0
75302e68-967a-4447-bced-f8bb1fc596b9,3,3102,Winter Hiking Boots - Waterproof,2,249.99,499.98,0.0,43.75
474140b6-e7bc-4f59-b1b7-2f74c386a28f,1,3072,Hand Warmers - 10 Pack,2,14.99,29.98,0.0,2.62
377f8d11-9fba-4e4d-b3fb-f9e49d0f302e,1,3011,Alpine Pro Racing Skis - 170cm,1,1299.99,1299.99,0.0,113.75
0a39bc3f-f305-4838-aafb-0f62777c6061,1,3072,Hand Warmers - 10 Pack,1,14.99,14.99,0.0,1.31
849d5820-f042-4ad1-9579-027ce159d9ce,1,3081,All-Temp Ski Wax Kit,1,79.99,79.99,0.0,7.0
0bbf6aad-cc34-4cb8-9aa4-d1559f1c6452,1,3033,Women's Performance Ski Boots,1,579.99,579.99,0.0,50.75
0bbf6aad-cc34-4cb8-9aa4-d1559f1c6452,2,3012,Mountain Master All-Terrain Skis - 165cm,2,899.99,1799.98,0.0,157.5
bf8fa816-3185-4786-b9be-374357e41dbc,1,3022,Backcountry Explorer XC Skis - 190cm,1,549.99,549.99,0.0,48.12
bf8fa816-3185-4786-b9be-374357e41dbc,2,3011,Alpine Pro Racing Skis - 170cm,2,1299.99,2599.98,0.0,227.5
bf8fa816-3185-4786-b9be-374357e41dbc,3,3052,Thermal Base Layer Set - Women's,1,149.99,149.99,0.0,13.12
63380285-d770-4f71-8957-73c865f61351,1,3082,Edge Tuning Tool Set,2,119.99,239.98,0.0,21.0
63380285-d770-4f71-8957-73c865f61351,2,3092,All-Mountain Snowboard - 158cm,1,799.99,799.99,0.0,70.0
b3b6b332-59b9-4978-a856-8adbcb9f8541,1,3081,All-Temp Ski Wax Kit,1,79.99,79.99,0.0,7.0
b3b6b332-59b9-4978-a856-8adbcb9f8541,2,3091,Freestyle Snowboard - 155cm,1,649.99,649.99,0.0,56.87
e8a1e286-4f7b-4804-8ede-5f46faaa3f28,1,3031,Pro Flex Racing Ski Boots,2,649.99,1299.98,0.0,113.75
e8a1e286-4f7b-4804-8ede-5f46faaa3f28,2,3081,All-Temp Ski Wax Kit,2,79.99,159.98,0.0,14.0
e8a1e286-4f7b-4804-8ede-5f46faaa3f28,3,3081,All-Temp Ski Wax Kit,2,79.99,159.98,0.0,14.0
cc8138f5-1db2-4233-8295-88a0a470e7fa,1,3081,All-Temp Ski Wax Kit,2,79.99,159.98,0.0,14.0
cc8138f5-1db2-4233-8295-88a0a470e7fa,2,3103,Snowboard Bindings - Pro,1,299.99,299.99,0.0,26.25
637d2d03-2b34-47b3-8ec8-a2bb8c35bda0,1,3051,Insulated Ski Jacket - Men's,2,299.99,599.98,0.0,52.5
637d2d03-2b34-47b3-8ec8-a2bb8c35bda0,2,3032,Comfort Fit Recreational Boots,1,399.99,399.99,0.0,35.0
637d2d03-2b34-47b3-8ec8-a2bb8c35bda0,3,3031,Pro Flex Racing Ski Boots,2,649.99,1299.98,0.0,113.75
0cbb449d-5003-4c0c-ad0e-080987e829a0,1,3022,Backcountry Explorer XC Skis - 190cm,1,549.99,549.99,0.0,48.12
0cbb449d-5003-4c0c-ad0e-080987e829a0,2,3082,Edge Tuning Tool Set,2,119.99,239.98,0.0,21.0
0cbb449d-5003-4c0c-ad0e-080987e829a0,3,3032,Comfort Fit Recreational Boots,1,399.99,399.99,0.0,35.0
0cbb449d-5003-4c0c-ad0e-080987e829a0,4,3041,Carbon Fiber Racing Poles - 120cm,1,179.99,179.99,0.0,15.75
fb6963ea-36fb-4515-a2a4-8f4e1c9c5629,1,3082,Edge Tuning Tool Set,1,119.99,119.99,0.0,10.5
ebb1399d-7cb5-4bf3-b86b-acfd77bb2f8a,1,3082,Edge Tuning Tool Set,2,119.99,239.98,0.0,21.0
ebb1399d-7cb5-4bf3-b86b-acfd77bb2f8a,2,3013,Beginner's Choice Alpine Skis - 160cm,1,449.99,449.99,0.0,39.37
ebb1399d-7cb5-4bf3-b86b-acfd77bb2f8a,3,3011,Alpine Pro Racing Skis - 170cm,2,1299.99,2599.98,0.0,227.5
ebb1399d-7cb5-4bf3-b86b-acfd77bb2f8a,4,3042,Aluminum All-Mountain Poles - 115cm,1,99.99,99.99,0.0,8.75
dd204c79-b31a-4f32-8e0a-ba8eeab471fc,1,3033,Women's Performance Ski Boots,1,579.99,579.99,0.0,50.75
dd204c79-b31a-4f32-8e0a-ba8eeab471fc,2,3062,Anti-Fog Ski Goggles,2,129.99,259.98,0.0,22.75
dd204c79-b31a-4f32-8e0a-ba8eeab471fc,3,3081,All-Temp Ski Wax Kit,2,79.99,159.98,0.0,14.0
dd204c79-b31a-4f32-8e0a-ba8eeab471fc,4,3033,Women's Performance Ski Boots,2,579.99,1159.98,0.0,101.5
cf4db112-ea1e-4d66-860d-d49766756e81,1,3102,Winter Hiking Boots - Waterproof,1,249.99,249.99,0.0,21.87
cf4db112-ea1e-4d66-860d-d49766756e81,2,3051,Insulated Ski Jacket - Men's,1,299.99,299.99,0.0,26.25
cf4db112-ea1e-4d66-860d-d49766756e81,3,3053,Waterproof Ski Pants,2,249.99,499.98,0.0,43.75
35971f81-2399-4b68-bb81-f8b071aea738,1,3011,Alpine Pro Racing Skis - 170cm,2,1299.99,2599.98,0.0,227.5
35971f81-2399-4b68-bb81-f8b071aea738,2,3013,Beginner's Choice Alpine Skis - 160cm,1,449.99,449.99,0.0,39.37
efb8c92a-fb6e-4666-8fe7-faf9cb62c301,1,3102,Winter Hiking Boots - Waterproof,2,249.99,499.98,0.0,43.75
efb8c92a-fb6e-4666-8fe7-faf9cb62c301,2,3081,All-Temp Ski Wax Kit,1,79.99,79.99,0.0,7.0
cfc4baed-a231-434a-babe-81e56957976b,1,3012,Mountain Master All-Terrain Skis - 165cm,1,899.99,899.99,0.0,78.75
3979a514-ab4e-4b79-884d-e1686d4f0971,1,3082,Edge Tuning Tool Set,2,119.99,239.98,0.0,21.0
2f6fc479-8a28-4467-877f-53fd3dd6e87e,1,3053,Waterproof Ski Pants,1,249.99,249.99,0.0,21.87
45629a8e-8d0f-4430-a196-3992fb29be2c,1,3013,Beginner's Choice Alpine Skis - 160cm,1,449.99,449.99,0.0,39.37
45629a8e-8d0f-4430-a196-3992fb29be2c,2,3051,Insulated Ski Jacket - Men's,2,299.99,599.98,0.0,52.5
45629a8e-8d0f-4430-a196-3992fb29be2c,3,3031,Pro Flex Racing Ski Boots,1,649.99,649.99,0.0,56.87
7f9a17f0-7f6e-4d93-b61a-00cad8c71d13,1,3082,Edge Tuning Tool Set,2,119.99,239.98,0.0,21.0
7f9a17f0-7f6e-4d93-b61a-00cad8c71d13,2,3104,Ski Tuning Bench - Portable,2,189.99,379.98,0.0,33.25
9502fe5e-def0-4987-81d0-cc1aa1e0b0bd,1,3041,Carbon Fiber Racing Poles - 120cm,2,179.99,359.98,0.0,31.5
9502fe5e-def0-4987-81d0-cc1aa1e0b0bd,2,3032,Comfort Fit Recreational Boots,2,399.99,799.98,0.0,70.0
9502fe5e-def0-4987-81d0-cc1aa1e0b0bd,3,3082,Edge Tuning Tool Set,2,119.99,239.98,0.0,21.0
b3dac122-4f4e-4d12-8b94-ec8302e3d491,1,3102,Winter Hiking Boots - Waterproof,1,249.99,249.99,0.0,21.87
b3dac122-4f4e-4d12-8b94-ec8302e3d491,2,3041,Carbon Fiber Racing Poles - 120cm,1,179.99,179.99,0.0,15.75
b3dac122-4f4e-4d12-8b94-ec8302e3d491,3,3033,Women's Performance Ski Boots,1,579.99,579.99,0.0,50.75
21f62cac-b0eb-44a6-a7a6-cc7859fcf6ab,1,3041,Carbon Fiber Racing Poles - 120cm,2,179.99,359.98,0.0,31.5
21f62cac-b0eb-44a6-a7a6-cc7859fcf6ab,2,3082,Edge Tuning Tool Set,2,119.99,239.98,0.0,21.0
843926c8-8b19-4572-bb80-0eb2a33a5479,1,3042,Aluminum All-Mountain Poles - 115cm,1,99.99,99.99,0.0,8.75
843926c8-8b19-4572-bb80-0eb2a33a5479,2,3091,Freestyle Snowboard - 155cm,2,649.99,1299.98,0.0,113.75
792cc89c-7900-416f-8191-6bc2f0034912,1,3062,Anti-Fog Ski Goggles,2,129.99,259.98,0.0,22.75
6d9b2124-6637-4f3b-a709-d5bd08d198b8,1,3092,All-Mountain Snowboard - 158cm,1,799.99,799.99,0.0,70.0
bb86f9df-ec6f-437a-ba19-a26305c2441d,1,3081,All-Temp Ski Wax Kit,1,79.99,79.99,0.0,7.0
bb86f9df-ec6f-437a-ba19-a26305c2441d,2,3032,Comfort Fit Recreational Boots,2,399.99,799.98,0.0,70.0
18acbbee-ef37-49b6-b09d-eaae444caa17,1,3051,Insulated Ski Jacket - Men's,2,299.99,599.98,0.0,52.5
3beac3e7-4141-43d3-879f-b6bd08305ee1,1,3053,Waterproof Ski Pants,2,249.99,499.98,0.0,43.75
b4d01c7a-39d6-412f-ba54-78b8014336e1,1,3011,Alpine Pro Racing Skis - 170cm,2,1299.99,2599.98,0.0,227.5
b4d01c7a-39d6-412f-ba54-78b8014336e1,2,3104,Ski Tuning Bench - Portable,2,189.99,379.98,0.0,33.25
b4d01c7a-39d6-412f-ba54-78b8014336e1,3,3011,Alpine Pro Racing Skis - 170cm,1,1299.99,1299.99,0.0,113.75
8fbcd0ef-207e-4eef-b948-8432beba24c7,1,3012,Mountain Master All-Terrain Skis - 165cm,2,899.99,1799.98,0.0,157.5
8fbcd0ef-207e-4eef-b948-8432beba24c7,2,3053,Waterproof Ski Pants,2,249.99,499.98,0.0,43.75
8fbcd0ef-207e-4eef-b948-8432beba24c7,3,3022,Backcountry Explorer XC Skis - 190cm,1,549.99,549.99,0.0,48.12
8fbcd0ef-207e-4eef-b948-8432beba24c7,4,3092,All-Mountain Snowboard - 158cm,1,799.99,799.99,0.0,70.0
6f93e9f4-c70d-4180-b342-e48fb443816b,1,3092,All-Mountain Snowboard - 158cm,1,799.99,799.99,0.0,70.0
6f93e9f4-c70d-4180-b342-e48fb443816b,2,3012,Mountain Master All-Terrain Skis - 165cm,1,899.99,899.99,0.0,78.75
6f93e9f4-c70d-4180-b342-e48fb443816b,3,3041,Carbon Fiber Racing Poles - 120cm,2,179.99,359.98,0.0,31.5
b6715543-b88b-4da2-bba2-81141d66f111,1,3091,Freestyle Snowboard - 155cm,2,649.99,1299.98,0.0,113.75
b6715543-b88b-4da2-bba2-81141d66f111,2,3103,Snowboard Bindings - Pro,2,299.99,599.98,0.0,52.5
b6715543-b88b-4da2-bba2-81141d66f111,3,3053,Waterproof Ski Pants,1,249.99,249.99,0.0,21.87
9c4fc42d-e5a7-4629-a9b7-93d66f9a6e3e,1,3062,Anti-Fog Ski Goggles,1,129.99,129.99,0.0,11.37
9c4fc42d-e5a7-4629-a9b7-93d66f9a6e3e,2,3033,Women's Performance Ski Boots,1,579.99,579.99,0.0,50.75
9c4fc42d-e5a7-4629-a9b7-93d66f9a6e3e,3,3011,Alpine Pro Racing Skis - 170cm,1,1299.99,1299.99,0.0,113.75
9c4fc42d-e5a7-4629-a9b7-93d66f9a6e3e,4,3051,Insulated Ski Jacket - Men's,2,299.99,599.98,0.0,52.5
489f3292-539c-4788-8c6e-fca4d8ce197a,1,3081,All-Temp Ski Wax Kit,1,79.99,79.99,0.0,7.0
489f3292-539c-4788-8c6e-fca4d8ce197a,2,3081,All-Temp Ski Wax Kit,1,79.99,79.99,0.0,7.0
489f3292-539c-4788-8c6e-fca4d8ce197a,3,3011,Alpine Pro Racing Skis - 170cm,1,1299.99,1299.99,0.0,113.75
489f3292-539c-4788-8c6e-fca4d8ce197a,4,3101,Winter Boots - Insulated,2,159.99,319.98,0.0,28.0
58ca0027-32c1-498f-a0ad-25e8dd0d6b62,1,3012,Mountain Master All-Terrain Skis - 165cm,1,899.99,899.99,0.0,78.75
58ca0027-32c1-498f-a0ad-25e8dd0d6b62,2,3103,Snowboard Bindings - Pro,2,299.99,599.98,0.0,52.5
58ca0027-32c1-498f-a0ad-25e8dd0d6b62,3,3091,Freestyle Snowboard - 155cm,2,649.99,1299.98,0.0,113.75
58ca0027-32c1-498f-a0ad-25e8dd0d6b62,4,3081,All-Temp Ski Wax Kit,1,79.99,79.99,0.0,7.0
cdfc11c2-8ddf-4353-8894-fad7fe0b5ca6,1,3041,Carbon Fiber Racing Poles - 120cm,2,179.99,359.98,0.0,31.5
d2baa365-7a0c-4d3f-b159-d79cb9a11e1a,1,3082,Edge Tuning Tool Set,1,119.99,119.99,0.0,10.5
d2baa365-7a0c-4d3f-b159-d79cb9a11e1a,2,3041,Carbon Fiber Racing Poles - 120cm,1,179.99,179.99,0.0,15.75
d2baa365-7a0c-4d3f-b159-d79cb9a11e1a,3,3012,Mountain Master All-Terrain Skis - 165cm,1,899.99,899.99,0.0,78.75
d2baa365-7a0c-4d3f-b159-d79cb9a11e1a,4,3052,Thermal Base Layer Set - Women's,1,149.99,149.99,0.0,13.12
61b0d955-447b-45e4-b25a-b180a32cf112,1,3103,Snowboard Bindings - Pro,2,299.99,599.98,0.0,52.5
61b0d955-447b-45e4-b25a-b180a32cf112,2,3082,Edge Tuning Tool Set,2,119.99,239.98,0.0,21.0
f104cf28-6e81-4744-afcc-e35b7d9db9b3,1,3013,Beginner's Choice Alpine Skis - 160cm,2,449.99,899.98,0.0,78.75
f104cf28-6e81-4744-afcc-e35b7d9db9b3,2,3053,Waterproof Ski Pants,1,249.99,249.99,0.0,21.87
f104cf28-6e81-4744-afcc-e35b7d9db9b3,3,3032,Comfort Fit Recreational Boots,1,399.99,399.99,0.0,35.0
23c28955-d0dd-4597-bcc5-3a0a40eb9819,1,3081,All-Temp Ski Wax Kit,1,79.99,79.99,0.0,7.0
23c28955-d0dd-4597-bcc5-3a0a40eb9819,2,3072,Hand Warmers - 10 Pack,2,14.99,29.98,0.0,2.62
23c28955-d0dd-4597-bcc5-3a0a40eb9819,3,3091,Freestyle Snowboard - 155cm,1,649.99,649.99,0.0,56.87
41283b4a-e128-4422-8170-f353ce4a35a5,1,3081,All-Temp Ski Wax Kit,2,79.99,159.98,0.0,14.0
41283b4a-e128-4422-8170-f353ce4a35a5,2,3013,Beginner's Choice Alpine Skis - 160cm,1,449.99,449.99,0.0,39.37
41283b4a-e128-4422-8170-f353ce4a35a5,3,3081,All-Temp Ski Wax Kit,2,79.99,159.98,0.0,14.0
41283b4a-e128-4422-8170-f353ce4a35a5,4,3081,All-Temp Ski Wax Kit,1,79.99,79.99,0.0,7.0
bd796dbf-9063-4558-b23f-57dcc69d74d2,1,3104,Ski Tuning Bench - Portable,1,189.99,189.99,0.0,16.62
bd796dbf-9063-4558-b23f-57dcc69d74d2,2,3104,Ski Tuning Bench - Portable,2,189.99,379.98,0.0,33.25
fab5f425-2ff5-4f8a-9a6d-ad71d2e27505,1,3081,All-Temp Ski Wax Kit,2,79.99,159.98,0.0,14.0
fab5f425-2ff5-4f8a-9a6d-ad71d2e27505,2,3091,Freestyle Snowboard - 155cm,2,649.99,1299.98,0.0,113.75
fab5f425-2ff5-4f8a-9a6d-ad71d2e27505,3,3104,Ski Tuning Bench - Portable,1,189.99,189.99,0.0,16.62
fab5f425-2ff5-4f8a-9a6d-ad71d2e27505,4,3103,Snowboard Bindings - Pro,1,299.99,299.99,0.0,26.25
755344f9-82e0-45ac-a9fd-ea7b530363cb,1,3082,Edge Tuning Tool Set,1,119.99,119.99,0.0,10.5
755344f9-82e0-45ac-a9fd-ea7b530363cb,2,3082,Edge Tuning Tool Set,1,119.99,119.99,0.0,10.5
755344f9-82e0-45ac-a9fd-ea7b530363cb,3,3102,Winter Hiking Boots - Waterproof,2,249.99,499.98,0.0,43.75
a7c6244b-a4e0-4cc6-9be1-2fd813d5c145,1,3012,Mountain Master All-Terrain Skis - 165cm,1,899.99,899.99,0.0,78.75
7a70f909-2b03-4d79-a71d-e55172a1f228,1,3032,Comfort Fit Recreational Boots,1,399.99,399.99,0.0,35.0
7a70f909-2b03-4d79-a71d-e55172a1f228,2,3092,All-Mountain Snowboard - 158cm,2,799.99,1599.98,0.0,140.0
7a70f909-2b03-4d79-a71d-e55172a1f228,3,3081,All-Temp Ski Wax Kit,1,79.99,79.99,0.0,7.0
326fe198-370a-4486-a5be-a7fd338232f0,1,3071,Ski Boot Bag - Premium,1,59.99,59.99,0.0,5.25
22d6ac00-e736-4fda-9673-04afdecddebe,1,3011,Alpine Pro Racing Skis - 170cm,2,1299.99,2599.98,0.0,227.5
22d6ac00-e736-4fda-9673-04afdecddebe,2,3021,Nordic Classic XC Skis - 185cm,2,349.99,699.98,0.0,61.25
22d6ac00-e736-4fda-9673-04afdecddebe,3,3013,Beginner's Choice Alpine Skis - 160cm,2,449.99,899.98,0.0,78.75
54e6a991-d111-4561-a8f2-7740a02feaa1,1,3092,All-Mountain Snowboard - 158cm,1,799.99,799.99,0.0,70.0
54e6a991-d111-4561-a8f2-7740a02feaa1,2,3021,Nordic Classic XC Skis - 185cm,2,349.99,699.98,0.0,61.25
54e6a991-d111-4561-a8f2-7740a02feaa1,3,3062,Anti-Fog Ski Goggles,1,129.99,129.99,0.0,11.37
54e6a991-d111-4561-a8f2-7740a02feaa1,4,3052,Thermal Base Layer Set - Women's,2,149.99,299.98,0.0,26.25
65ced471-64f6-4b1e-8dc6-0bf779fc3765,1,3061,Professional Ski Helmet,1,199.99,199.99,0.0,17.5
65ced471-64f6-4b1e-8dc6-0bf779fc3765,2,3021,Nordic Classic XC Skis - 185cm,2,349.99,699.98,0.0,61.25
65ced471-64f6-4b1e-8dc6-0bf779fc3765,3,3103,Snowboard Bindings - Pro,1,299.99,299.99,0.0,26.25
65ced471-64f6-4b1e-8dc6-0bf779fc3765,4,3091,Freestyle Snowboard - 155cm,2,649.99,1299.98,0.0,113.75
a3005703-2f20-4f50-9f6f-bb97805d618d,1,3032,Comfort Fit Recreational Boots,2,399.99,799.98,0.0,70.0
a3005703-2f20-4f50-9f6f-bb97805d618d,2,3013,Beginner's Choice Alpine Skis - 160cm,2,449.99,899.98,0.0,78.75
a3005703-2f20-4f50-9f6f-bb97805d618d,3,3052,Thermal Base Layer Set - Women's,2,149.99,299.98,0.0,26.25
da1aceb4-d644-437d-88cd-d4789f425a09,1,3032,Comfort Fit Recreational Boots,2,399.99,799.98,0.0,70.0
da1aceb4-d644-437d-88cd-d4789f425a09,2,3061,Professional Ski Helmet,2,199.99,399.98,0.0,35.0
da1aceb4-d644-437d-88cd-d4789f425a09,3,3042,Aluminum All-Mountain Poles - 115cm,2,99.99,199.98,0.0,17.5
32ffb79b-9e05-41c9-9113-db5290ab812c,1,3072,Hand Warmers - 10 Pack,2,14.99,29.98,0.0,2.62
32ffb79b-9e05-41c9-9113-db5290ab812c,2,3082,Edge Tuning Tool Set,1,119.99,119.99,0.0,10.5
ee52cf64-d4d1-45ef-8331-08fe84a8dc9b,1,3022,Backcountry Explorer XC Skis - 190cm,2,549.99,1099.98,0.0,96.25
ee52cf64-d4d1-45ef-8331-08fe84a8dc9b,2,3042,Aluminum All-Mountain Poles - 115cm,2,99.99,199.98,0.0,17.5
ee52cf64-d4d1-45ef-8331-08fe84a8dc9b,3,3104,Ski Tuning Bench - Portable,1,189.99,189.99,0.0,16.62
ee52cf64-d4d1-45ef-8331-08fe84a8dc9b,4,3062,Anti-Fog Ski Goggles,1,129.99,129.99,0.0,11.37
4c0f0d70-7b9f-4bce-bd55-8b29ea421918,1,3081,All-Temp Ski Wax Kit,2,79.99,159.98,0.0,14.0
4c0f0d70-7b9f-4bce-bd55-8b29ea421918,2,3102,Winter Hiking Boots - Waterproof,2,249.99,499.98,0.0,43.75
4c0f0d70-7b9f-4bce-bd55-8b29ea421918,3,3013,Beginner's Choice Alpine Skis - 160cm,1,449.99,449.99,0.0,39.37
4c0f0d70-7b9f-4bce-bd55-8b29ea421918,4,3081,All-Temp Ski Wax Kit,1,79.99,79.99,0.0,7.0
2bfe57b8-d0a9-4070-a9a8-09643fb20d1c,1,3033,Women's Performance Ski Boots,2,579.99,1159.98,0.0,101.5
2bfe57b8-d0a9-4070-a9a8-09643fb20d1c,2,3101,Winter Boots - Insulated,1,159.99,159.99,0.0,14.0
bbadd625-2828-4d56-aa4b-6024eedffc78,1,3091,Freestyle Snowboard - 155cm,1,649.99,649.99,0.0,56.87
bbadd625-2828-4d56-aa4b-6024eedffc78,2,3101,Winter Boots - Insulated,1,159.99,159.99,0.0,14.0
bbadd625-2828-4d56-aa4b-6024eedffc78,3,3013,Beginner's Choice Alpine Skis - 160cm,2,449.99,899.98,0.0,78.75
ae118aa7-1a8a-4c41-ba6b-43db29e9df1b,1,3061,Professional Ski Helmet,1,199.99,199.99,0.0,17.5
bf2361cb-ba19-4a45-a3dc-d39ad07239df,1,3092,All-Mountain Snowboard - 158cm,1,799.99,799.99,0.0,70.0
bf2361cb-ba19-4a45-a3dc-d39ad07239df,2,3081,All-Temp Ski Wax Kit,2,79.99,159.98,0.0,14.0
bf2361cb-ba19-4a45-a3dc-d39ad07239df,3,3061,Professional Ski Helmet,2,199.99,399.98,0.0,35.0
bf2361cb-ba19-4a45-a3dc-d39ad07239df,4,3022,Backcountry Explorer XC Skis - 190cm,2,549.99,1099.98,0.0,96.25
f3ed12d1-96b9-4625-962e-84016724414f,1,3061,Professional Ski Helmet,2,199.99,399.98,0.0,35.0
f3ed12d1-96b9-4625-962e-84016724414f,2,3053,Waterproof Ski Pants,2,249.99,499.98,0.0,43.75
88d4b0d8-78d9-4eed-b8c2-7db763907ba2,1,3033,Women's Performance Ski Boots,1,579.99,579.99,0.0,50.75
88d4b0d8-78d9-4eed-b8c2-7db763907ba2,2,3053,Waterproof Ski Pants,2,249.99,499.98,0.0,43.75
88d4b0d8-78d9-4eed-b8c2-7db763907ba2,3,3072,Hand Warmers - 10 Pack,2,14.99,29.98,0.0,2.62
88d4b0d8-78d9-4eed-b8c2-7db763907ba2,4,3022,Backcountry Explorer XC Skis - 190cm,2,549.99,1099.98,0.0,96.25
73ab1f70-570c-4047-98c2-7940015f515b,1,3033,Women's Performance Ski Boots,2,579.99,1159.98,0.0,101.5
73ab1f70-570c-4047-98c2-7940015f515b,2,3022,Backcountry Explorer XC Skis - 190cm,2,549.99,1099.98,0.0,96.25
73ab1f70-570c-4047-98c2-7940015f515b,3,3104,Ski Tuning Bench - Portable,2,189.99,379.98,0.0,33.25
73ab1f70-570c-4047-98c2-7940015f515b,4,3061,Professional Ski Helmet,1,199.99,199.99,0.0,17.5
541252d7-ae77-48bd-a7a0-042d884b795c,1,3091,Freestyle Snowboard - 155cm,1,649.99,649.99,0.0,56.87
d4d005c2-1890-4dc5-8727-224bdbb175da,1,3013,Beginner's Choice Alpine Skis - 160cm,2,449.99,899.98,0.0,78.75
bb0dc8b8-0015-49ec-a691-5928ff91269d,1,3062,Anti-Fog Ski Goggles,1,129.99,129.99,0.0,11.37
bb0dc8b8-0015-49ec-a691-5928ff91269d,2,3031,Pro Flex Racing Ski Boots,1,649.99,649.99,0.0,56.87
f4b48115-c73a-4f27-9df6-04d8d7caf459,1,3041,Carbon Fiber Racing Poles - 120cm,1,179.99,179.99,0.0,15.75
6745275b-d1b2-4716-b6f3-c1e0397e6ce0,1,3033,Women's Performance Ski Boots,1,579.99,579.99,0.0,50.75
a86bce94-371b-489c-9236-71d807084b1b,1,3071,Ski Boot Bag - Premium,1,59.99,59.99,0.0,5.25
a86bce94-371b-489c-9236-71d807084b1b,2,3062,Anti-Fog Ski Goggles,1,129.99,129.99,0.0,11.37
a86bce94-371b-489c-9236-71d807084b1b,3,3012,Mountain Master All-Terrain Skis - 165cm,1,899.99,899.99,0.0,78.75
a86bce94-371b-489c-9236-71d807084b1b,4,3012,Mountain Master All-Terrain Skis - 165cm,1,899.99,899.99,0.0,78.75
b384b0aa-0f7b-4a8a-a7b0-0df79a6a7631,1,3103,Snowboard Bindings - Pro,1,299.99,299.99,0.0,26.25
b384b0aa-0f7b-4a8a-a7b0-0df79a6a7631,2,3011,Alpine Pro Racing Skis - 170cm,2,1299.99,2599.98,0.0,227.5
b384b0aa-0f7b-4a8a-a7b0-0df79a6a7631,3,3012,Mountain Master All-Terrain Skis - 165cm,1,899.99,899.99,0.0,78.75
a1b1ed08-b6c5-41f4-960e-3b55082c21e9,1,3051,Insulated Ski Jacket - Men's,1,299.99,299.99,0.0,26.25
a1b1ed08-b6c5-41f4-960e-3b55082c21e9,2,3033,Women's Performance Ski Boots,2,579.99,1159.98,0.0,101.5
58b4cd58-0d97-4776-8df1-7348ff83dbfe,1,3042,Aluminum All-Mountain Poles - 115cm,1,99.99,99.99,0.0,8.75
58b4cd58-0d97-4776-8df1-7348ff83dbfe,2,3032,Comfort Fit Recreational Boots,2,399.99,799.98,0.0,70.0
fa6c8e71-8bfa-4302-bb6e-869af2afa0d4,1,3062,Anti-Fog Ski Goggles,1,129.99,129.99,0.0,11.37
fa6c8e71-8bfa-4302-bb6e-869af2afa0d4,2,3082,Edge Tuning Tool Set,1,119.99,119.99,0.0,10.5
fa6c8e71-8bfa-4302-bb6e-869af2afa0d4,3,3092,All-Mountain Snowboard - 158cm,1,799.99,799.99,0.0,70.0
fa6c8e71-8bfa-4302-bb6e-869af2afa0d4,4,3091,Freestyle Snowboard - 155cm,2,649.99,1299.98,0.0,113.75
b54df418-6a52-4cbd-90b6-3c87fee8481a,1,3011,Alpine Pro Racing Skis - 170cm,1,1299.99,1299.99,0.0,113.75
b54df418-6a52-4cbd-90b6-3c87fee8481a,2,3081,All-Temp Ski Wax Kit,1,79.99,79.99,0.0,7.0
396b6fc9-5e87-4ca9-a462-929157b1b101,1,3091,Freestyle Snowboard - 155cm,1,649.99,649.99,0.0,56.87
396b6fc9-5e87-4ca9-a462-929157b1b101,2,3082,Edge Tuning Tool Set,1,119.99,119.99,0.0,10.5
396b6fc9-5e87-4ca9-a462-929157b1b101,3,3042,Aluminum All-Mountain Poles - 115cm,1,99.99,99.99,0.0,8.75
c9087ed9-b368-4666-8406-a0d78a7a63d0,1,3022,Backcountry Explorer XC Skis - 190cm,2,549.99,1099.98,0.0,96.25
c9087ed9-b368-4666-8406-a0d78a7a63d0,2,3011,Alpine Pro Racing Skis - 170cm,2,1299.99,2599.98,0.0,227.5
c9087ed9-b368-4666-8406-a0d78a7a63d0,3,3102,Winter Hiking Boots - Waterproof,1,249.99,249.99,0.0,21.87
c9087ed9-b368-4666-8406-a0d78a7a63d0,4,3013,Beginner's Choice Alpine Skis - 160cm,1,449.99,449.99,0.0,39.37
53eba109-39f0-4c11-b6ef-484783aa0b25,1,3082,Edge Tuning Tool Set,2,119.99,239.98,0.0,21.0
53eba109-39f0-4c11-b6ef-484783aa0b25,2,3104,Ski Tuning Bench - Portable,1,189.99,189.99,0.0,16.62
53eba109-39f0-4c11-b6ef-484783aa0b25,3,3031,Pro Flex Racing Ski Boots,1,649.99,649.99,0.0,56.87
53eba109-39f0-4c11-b6ef-484783aa0b25,4,3012,Mountain Master All-Terrain Skis - 165cm,1,899.99,899.99,0.0,78.75
9aa97ac7-64f4-4a32-ae6d-0752621cf5af,1,3031,Pro Flex Racing Ski Boots,1,649.99,649.99,0.0,56.87
4d4a4ac2-a572-48b4-a6d5-f42d0273a86c,1,3051,Insulated Ski Jacket - Men's,1,299.99,299.99,0.0,26.25
4d4a4ac2-a572-48b4-a6d5-f42d0273a86c,2,3104,Ski Tuning Bench - Portable,2,189.99,379.98,0.0,33.25
4d4a4ac2-a572-48b4-a6d5-f42d0273a86c,3,3104,Ski Tuning Bench - Portable,1,189.99,189.99,0.0,16.62
9dde8ba2-6c24-452d-959f-e201fcdb1c3e,1,3091,Freestyle Snowboard - 155cm,1,649.99,649.99,0.0,56.87
9dde8ba2-6c24-452d-959f-e201fcdb1c3e,2,3013,Beginner's Choice Alpine Skis - 160cm,1,449.99,449.99,0.0,39.37
9dde8ba2-6c24-452d-959f-e201fcdb1c3e,3,3092,All-Mountain Snowboard - 158cm,1,799.99,799.99,0.0,70.0
5b4b266c-d22f-4dd2-9003-7e40e17abfe4,1,3012,Mountain Master All-Terrain Skis - 165cm,2,899.99,1799.98,0.0,157.5
3a20dcb6-c33b-4f6b-86b7-62e559225b69,1,3103,Snowboard Bindings - Pro,2,299.99,599.98,0.0,52.5
3a20dcb6-c33b-4f6b-86b7-62e559225b69,2,3032,Comfort Fit Recreational Boots,1,399.99,399.99,0.0,35.0
3a20dcb6-c33b-4f6b-86b7-62e559225b69,3,3031,Pro Flex Racing Ski Boots,2,649.99,1299.98,0.0,113.75
0e73b660-bd80-4e44-b2e4-f2208cd329a9,1,3013,Beginner's Choice Alpine Skis - 160cm,2,449.99,899.98,0.0,78.75
c5e99452-c68f-4f82-b050-6ee606cc2888,1,3104,Ski Tuning Bench - Portable,2,189.99,379.98,0.0,33.25
c5e99452-c68f-4f82-b050-6ee606cc2888,2,3013,Beginner's Choice Alpine Skis - 160cm,2,449.99,899.98,0.0,78.75
dab8bde1-adee-4847-a4b9-1b29e56853d4,1,3052,Thermal Base Layer Set - Women's,2,149.99,299.98,0.0,26.25
dab8bde1-adee-4847-a4b9-1b29e56853d4,2,3012,Mountain Master All-Terrain Skis - 165cm,2,899.99,1799.98,0.0,157.5
9ffac2bf-1cea-40b4-b65c-8f29566446f8,1,3081,All-Temp Ski Wax Kit,2,79.99,159.98,0.0,14.0
9ffac2bf-1cea-40b4-b65c-8f29566446f8,2,3091,Freestyle Snowboard - 155cm,1,649.99,649.99,0.0,56.87
9ffac2bf-1cea-40b4-b65c-8f29566446f8,3,3071,Ski Boot Bag - Premium,1,59.99,59.99,0.0,5.25
9ffac2bf-1cea-40b4-b65c-8f29566446f8,4,3091,Freestyle Snowboard - 155cm,2,649.99,1299.98,0.0,113.75
b02af172-9ddb-4404-b103-b103b1b08432,1,3032,Comfort Fit Recreational Boots,1,399.99,399.99,0.0,35.0
b02af172-9ddb-4404-b103-b103b1b08432,2,3033,Women's Performance Ski Boots,1,579.99,579.99,0.0,50.75
b02af172-9ddb-4404-b103-b103b1b08432,3,3032,Comfort Fit Recreational Boots,1,399.99,399.99,0.0,35.0
b02af172-9ddb-4404-b103-b103b1b08432,4,3012,Mountain Master All-Terrain Skis - 165cm,1,899.99,899.99,0.0,78.75
ef701fb4-2f09-4566-9ad8-ebb0fb1bb2d7,1,3082,Edge Tuning Tool Set,1,119.99,119.99,0.0,10.5
ef701fb4-2f09-4566-9ad8-ebb0fb1bb2d7,2,3042,Aluminum All-Mountain Poles - 115cm,2,99.99,199.98,0.0,17.5
ef701fb4-2f09-4566-9ad8-ebb0fb1bb2d7,3,3092,All-Mountain Snowboard - 158cm,2,799.99,1599.98,0.0,140.0
5499607f-a9fd-4899-9c85-867dbf3718c6,1,3101,Winter Boots - Insulated,1,159.99,159.99,0.0,14.0
5499607f-a9fd-4899-9c85-867dbf3718c6,2,3103,Snowboard Bindings - Pro,1,299.99,299.99,0.0,26.25
54b0fd68-d46a-4c9b-a9b1-4b5a0bb69efc,1,3103,Snowboard Bindings - Pro,2,299.99,599.98,0.0,52.5
54b0fd68-d46a-4c9b-a9b1-4b5a0bb69efc,2,3021,Nordic Classic XC Skis - 185cm,2,349.99,699.98,0.0,61.25
d92369e5-4bda-493e-abc7-c7d16f630d5f,1,3012,Mountain Master All-Terrain Skis - 165cm,2,899.99,1799.98,0.0,157.5
4e874cb7-65c3-4ad9-9cb6-bc822030451a,1,3011,Alpine Pro Racing Skis - 170cm,2,1299.99,2599.98,0.0,227.5
4e874cb7-65c3-4ad9-9cb6-bc822030451a,2,3031,Pro Flex Racing Ski Boots,1,649.99,649.99,0.0,56.87
ab14551d-d437-4d4a-8247-a07619052398,1,3071,Ski Boot Bag - Premium,2,59.99,119.98,0.0,10.5
ab14551d-d437-4d4a-8247-a07619052398,2,3053,Waterproof Ski Pants,2,249.99,499.98,0.0,43.75
ab14551d-d437-4d4a-8247-a07619052398,3,3012,Mountain Master All-Terrain Skis - 165cm,1,899.99,899.99,0.0,78.75
a6533ce7-b3e7-45bf-aca7-56d8a0e4ee34,1,3081,All-Temp Ski Wax Kit,1,79.99,79.99,0.0,7.0
a6533ce7-b3e7-45bf-aca7-56d8a0e4ee34,2,3081,All-Temp Ski Wax Kit,1,79.99,79.99,0.0,7.0
a6533ce7-b3e7-45bf-aca7-56d8a0e4ee34,3,3082,Edge Tuning Tool Set,2,119.99,239.98,0.0,21.0
6d2ec02a-010d-4863-b2ef-8df08615c285,1,3082,Edge Tuning Tool Set,2,119.99,239.98,0.0,21.0
6d2ec02a-010d-4863-b2ef-8df08615c285,2,3013,Beginner's Choice Alpine Skis - 160cm,2,449.99,899.98,0.0,78.75
6d2ec02a-010d-4863-b2ef-8df08615c285,3,3032,Comfort Fit Recreational Boots,1,399.99,399.99,0.0,35.0
95fa1072-871d-491a-943e-c9b6ea2393f2,1,3092,All-Mountain Snowboard - 158cm,2,799.99,1599.98,0.0,140.0
95fa1072-871d-491a-943e-c9b6ea2393f2,2,3082,Edge Tuning Tool Set,1,119.99,119.99,0.0,10.5
cca766e7-ceab-4213-90ab-5aa3f2d314ff,1,3012,Mountain Master All-Terrain Skis - 165cm,2,899.99,1799.98,0.0,157.5
cca766e7-ceab-4213-90ab-5aa3f2d314ff,2,3102,Winter Hiking Boots - Waterproof,2,249.99,499.98,0.0,43.75
01f87a43-6956-4dbf-9692-8dedc97b5327,1,3033,Women's Performance Ski Boots,2,579.99,1159.98,0.0,101.5
01f87a43-6956-4dbf-9692-8dedc97b5327,2,3061,Professional Ski Helmet,2,199.99,399.98,0.0,35.0
01f87a43-6956-4dbf-9692-8dedc97b5327,3,3031,Pro Flex Racing Ski Boots,1,649.99,649.99,0.0,56.87
01f87a43-6956-4dbf-9692-8dedc97b5327,4,3012,Mountain Master All-Terrain Skis - 165cm,2,899.99,1799.98,0.0,157.5
936d3538-d10b-4ce4-af53-02392f1ea4e3,1,3013,Beginner's Choice Alpine Skis - 160cm,1,449.99,449.99,0.0,39.37
936d3538-d10b-4ce4-af53-02392f1ea4e3,2,3013,Beginner's Choice Alpine Skis - 160cm,1,449.99,449.99,0.0,39.37
936d3538-d10b-4ce4-af53-02392f1ea4e3,3,3052,Thermal Base Layer Set - Women's,2,149.99,299.98,0.0,26.25
936d3538-d10b-4ce4-af53-02392f1ea4e3,4,3062,Anti-Fog Ski Goggles,1,129.99,129.99,0.0,11.37
0b1ea6f5-5ea6-42f3-a32c-afb9c8e0177e,1,3033,Women's Performance Ski Boots,2,579.99,1159.98,0.0,101.5
0b1ea6f5-5ea6-42f3-a32c-afb9c8e0177e,2,3031,Pro Flex Racing Ski Boots,1,649.99,649.99,0.0,56.87
0b1ea6f5-5ea6-42f3-a32c-afb9c8e0177e,3,3012,Mountain Master All-Terrain Skis - 165cm,2,899.99,1799.98,0.0,157.5
0b1ea6f5-5ea6-42f3-a32c-afb9c8e0177e,4,3021,Nordic Classic XC Skis - 185cm,2,349.99,699.98,0.0,61.25
b261e44b-085c-4d13-9eda-0b62d97563bb,1,3031,Pro Flex Racing Ski Boots,2,649.99,1299.98,0.0,113.75
b261e44b-085c-4d13-9eda-0b62d97563bb,2,3042,Aluminum All-Mountain Poles - 115cm,1,99.99,99.99,0.0,8.75
b261e44b-085c-4d13-9eda-0b62d97563bb,3,3011,Alpine Pro Racing Skis - 170cm,1,1299.99,1299.99,0.0,113.75
21f478f8-d608-4bc0-a0eb-b9f190c2d41f,1,3032,Comfort Fit Recreational Boots,1,399.99,399.99,0.0,35.0
21f478f8-d608-4bc0-a0eb-b9f190c2d41f,2,3033,Women's Performance Ski Boots,2,579.99,1159.98,0.0,101.5
21f478f8-d608-4bc0-a0eb-b9f190c2d41f,3,3011,Alpine Pro Racing Skis - 170cm,2,1299.99,2599.98,0.0,227.5
378cb11b-d101-4d26-be8c-3b1a8881e3be,1,3061,Professional Ski Helmet,2,199.99,399.98,0.0,35.0
378cb11b-d101-4d26-be8c-3b1a8881e3be,2,3022,Backcountry Explorer XC Skis - 190cm,1,549.99,549.99,0.0,48.12
378cb11b-d101-4d26-be8c-3b1a8881e3be,3,3031,Pro Flex Racing Ski Boots,1,649.99,649.99,0.0,56.87
378cb11b-d101-4d26-be8c-3b1a8881e3be,4,3012,Mountain Master All-Terrain Skis - 165cm,1,899.99,899.99,0.0,78.75
c435066b-4d4b-4259-b85f-6fd08afa0e5d,1,3081,All-Temp Ski Wax Kit,2,79.99,159.98,0.0,14.0
c435066b-4d4b-4259-b85f-6fd08afa0e5d,2,3053,Waterproof Ski Pants,1,249.99,249.99,0.0,21.87
c435066b-4d4b-4259-b85f-6fd08afa0e5d,3,3051,Insulated Ski Jacket - Men's,1,299.99,299.99,0.0,26.25
a89b36ea-729d-42bf-a1d4-830ad0c73936,1,3053,Waterproof Ski Pants,2,249.99,499.98,0.0,43.75
b0d85812-8b85-41cf-95da-6ba705a9dbc3,1,3072,Hand Warmers - 10 Pack,1,14.99,14.99,0.0,1.31
b0d85812-8b85-41cf-95da-6ba705a9dbc3,2,3082,Edge Tuning Tool Set,2,119.99,239.98,0.0,21.0
b0d85812-8b85-41cf-95da-6ba705a9dbc3,3,3103,Snowboard Bindings - Pro,2,299.99,599.98,0.0,52.5
ac300310-d727-4da5-b858-ade884d79e86,1,3052,Thermal Base Layer Set - Women's,1,149.99,149.99,0.0,13.12
ac300310-d727-4da5-b858-ade884d79e86,2,3033,Women's Performance Ski Boots,2,579.99,1159.98,0.0,101.5
9c3809fe-b12b-44ee-9192-8dceb7a94543,1,3103,Snowboard Bindings - Pro,1,299.99,299.99,0.0,26.25
9c3809fe-b12b-44ee-9192-8dceb7a94543,2,3081,All-Temp Ski Wax Kit,1,79.99,79.99,0.0,7.0
267e9bc9-48b5-4fb2-917b-56badd90fdef,1,3011,Alpine Pro Racing Skis - 170cm,1,1299.99,1299.99,0.0,113.75
267e9bc9-48b5-4fb2-917b-56badd90fdef,2,3052,Thermal Base Layer Set - Women's,2,149.99,299.98,0.0,26.25
70e4c83f-bb29-4702-a144-6bb37311d35d,1,3091,Freestyle Snowboard - 155cm,2,649.99,1299.98,0.0,113.75
70e4c83f-bb29-4702-a144-6bb37311d35d,2,3071,Ski Boot Bag - Premium,2,59.99,119.98,0.0,10.5
70e4c83f-bb29-4702-a144-6bb37311d35d,3,3081,All-Temp Ski Wax Kit,1,79.99,79.99,0.0,7.0
c5cdceaf-4d38-404f-bead-b3b41c9dd8b9,1,3081,All-Temp Ski Wax Kit,2,79.99,159.98,0.0,14.0
0d7de535-c4c3-4fd2-9f22-39185620445e,1,3033,Women's Performance Ski Boots,2,579.99,1159.98,0.0,101.5
0d7de535-c4c3-4fd2-9f22-39185620445e,2,3021,Nordic Classic XC Skis - 185cm,1,349.99,349.99,0.0,30.62
0d7de535-c4c3-4fd2-9f22-39185620445e,3,3012,Mountain Master All-Terrain Skis - 165cm,2,899.99,1799.98,0.0,157.5
f119e2ba-05ea-498f-8825-3a98ccf6a400,1,3041,Carbon Fiber Racing Poles - 120cm,1,179.99,179.99,0.0,15.75
f119e2ba-05ea-498f-8825-3a98ccf6a400,2,3013,Beginner's Choice Alpine Skis - 160cm,2,449.99,899.98,0.0,78.75
f119e2ba-05ea-498f-8825-3a98ccf6a400,3,3032,Comfort Fit Recreational Boots,2,399.99,799.98,0.0,70.0
6983d974-c4e6-4178-9599-625a93aea8ca,1,3081,All-Temp Ski Wax Kit,2,79.99,159.98,0.0,14.0
6983d974-c4e6-4178-9599-625a93aea8ca,2,3104,Ski Tuning Bench - Portable,1,189.99,189.99,0.0,16.62
6983d974-c4e6-4178-9599-625a93aea8ca,3,3081,All-Temp Ski Wax Kit,1,79.99,79.99,0.0,7.0
6983d974-c4e6-4178-9599-625a93aea8ca,4,3103,Snowboard Bindings - Pro,2,299.99,599.98,0.0,52.5
a58ce682-4a37-4ea4-9336-aa8a43c8eb1c,1,3033,Women's Performance Ski Boots,2,579.99,1159.98,0.0,101.5
a58ce682-4a37-4ea4-9336-aa8a43c8eb1c,2,3022,Backcountry Explorer XC Skis - 190cm,2,549.99,1099.98,0.0,96.25
a58ce682-4a37-4ea4-9336-aa8a43c8eb1c,3,3102,Winter Hiking Boots - Waterproof,2,249.99,499.98,0.0,43.75
823a35fa-832d-4394-936e-d49791be0c1f,1,3101,Winter Boots - Insulated,2,159.99,319.98,0.0,28.0
823a35fa-832d-4394-936e-d49791be0c1f,2,3053,Waterproof Ski Pants,2,249.99,499.98,0.0,43.75
823a35fa-832d-4394-936e-d49791be0c1f,3,3104,Ski Tuning Bench - Portable,2,189.99,379.98,0.0,33.25
823a35fa-832d-4394-936e-d49791be0c1f,4,3091,Freestyle Snowboard - 155cm,2,649.99,1299.98,0.0,113.75
80d37fe7-a2c4-4ee3-ac1e-10fda022ca6c,1,3013,Beginner's Choice Alpine Skis - 160cm,2,449.99,899.98,0.0,78.75
7c131b3b-a1b7-4c2b-852c-578c75b649bd,1,3092,All-Mountain Snowboard - 158cm,2,799.99,1599.98,0.0,140.0
38a53ff2-2936-4965-bb78-a64216387054,1,3071,Ski Boot Bag - Premium,2,59.99,119.98,0.0,10.5
38a53ff2-2936-4965-bb78-a64216387054,2,3032,Comfort Fit Recreational Boots,2,399.99,799.98,0.0,70.0
9f4c2cc9-39fa-4b51-87a2-81c8810f9838,1,3011,Alpine Pro Racing Skis - 170cm,2,1299.99,2599.98,0.0,227.5
9f4c2cc9-39fa-4b51-87a2-81c8810f9838,2,3061,Professional Ski Helmet,1,199.99,199.99,0.0,17.5
9f4c2cc9-39fa-4b51-87a2-81c8810f9838,3,3042,Aluminum All-Mountain Poles - 115cm,2,99.99,199.98,0.0,17.5
18f24b66-b78f-48e5-acf9-1cf28c05323a,1,3082,Edge Tuning Tool Set,2,119.99,239.98,0.0,21.0
18f24b66-b78f-48e5-acf9-1cf28c05323a,2,3082,Edge Tuning Tool Set,1,119.99,119.99,0.0,10.5
7e0e05b6-6047-4aeb-ba66-b3d6fa86a23a,1,3042,Aluminum All-Mountain Poles - 115cm,1,99.99,99.99,0.0,8.75
7e0e05b6-6047-4aeb-ba66-b3d6fa86a23a,2,3104,Ski Tuning Bench - Portable,1,189.99,189.99,0.0,16.62
7e0e05b6-6047-4aeb-ba66-b3d6fa86a23a,3,3081,All-Temp Ski Wax Kit,1,79.99,79.99,0.0,7.0
ed9da47c-5db4-4453-9cd4-ecc08d6b0792,1,3052,Thermal Base Layer Set - Women's,1,149.99,149.99,0.0,13.12
90b13f94-4079-4f45-8744-9a88e9309dd0,1,3031,Pro Flex Racing Ski Boots,1,649.99,649.99,0.0,56.87
90b13f94-4079-4f45-8744-9a88e9309dd0,2,3033,Women's Performance Ski Boots,2,579.99,1159.98,0.0,101.5
90b13f94-4079-4f45-8744-9a88e9309dd0,3,3012,Mountain Master All-Terrain Skis - 165cm,1,899.99,899.99,0.0,78.75
90b13f94-4079-4f45-8744-9a88e9309dd0,4,3013,Beginner's Choice Alpine Skis - 160cm,2,449.99,899.98,0.0,78.75
ed474ac7-ccdb-4897-af46-d017b205befc,1,3011,Alpine Pro Racing Skis - 170cm,1,1299.99,1299.99,0.0,113.75
ed474ac7-ccdb-4897-af46-d017b205befc,2,3033,Women's Performance Ski Boots,2,579.99,1159.98,0.0,101.5
cbc8e114-f439-4c33-a383-be6bf25b9732,1,3104,Ski Tuning Bench - Portable,2,189.99,379.98,0.0,33.25
656a216b-e19f-450a-8b8b-8865a4fdbd2f,1,3011,Alpine Pro Racing Skis - 170cm,1,1299.99,1299.99,0.0,113.75
656a216b-e19f-450a-8b8b-8865a4fdbd2f,2,3082,Edge Tuning Tool Set,2,119.99,239.98,0.0,21.0
d72262aa-517e-4fd4-9fa8-a1441b09a1a4,1,3062,Anti-Fog Ski Goggles,1,129.99,129.99,0.0,11.37
d72262aa-517e-4fd4-9fa8-a1441b09a1a4,2,3013,Beginner's Choice Alpine Skis - 160cm,1,449.99,449.99,0.0,39.37
bb5df794-8379-4b5b-8d7f-baab71f3f9ae,1,3033,Women's Performance Ski Boots,2,579.99,1159.98,0.0,101.5
bb5df794-8379-4b5b-8d7f-baab71f3f9ae,2,3062,Anti-Fog Ski Goggles,1,129.99,129.99,0.0,11.37
bb5df794-8379-4b5b-8d7f-baab71f3f9ae,3,3081,All-Temp Ski Wax Kit,1,79.99,79.99,0.0,7.0
bb5df794-8379-4b5b-8d7f-baab71f3f9ae,4,3081,All-Temp Ski Wax Kit,1,79.99,79.99,0.0,7.0
ea27d621-c7e1-4972-9d62-aa21e65e0f5d,1,3041,Carbon Fiber Racing Poles - 120cm,1,179.99,179.99,0.0,15.75
ea27d621-c7e1-4972-9d62-aa21e65e0f5d,2,3042,Aluminum All-Mountain Poles - 115cm,1,99.99,99.99,0.0,8.75
ea27d621-c7e1-4972-9d62-aa21e65e0f5d,3,3061,Professional Ski Helmet,2,199.99,399.98,0.0,35.0
0a2129c5-7492-42b4-8f70-3d87040c41bb,1,3082,Edge Tuning Tool Set,2,119.99,239.98,0.0,21.0
0a2129c5-7492-42b4-8f70-3d87040c41bb,2,3013,Beginner's Choice Alpine Skis - 160cm,1,449.99,449.99,0.0,39.37
0a2129c5-7492-42b4-8f70-3d87040c41bb,3,3013,Beginner's Choice Alpine Skis - 160cm,2,449.99,899.98,0.0,78.75
8e4604ab-5344-4905-8745-c5e57c35df09,1,3052,Thermal Base Layer Set - Women's,1,149.99,149.99,0.0,13.12
8e4604ab-5344-4905-8745-c5e57c35df09,2,3071,Ski Boot Bag - Premium,2,59.99,119.98,0.0,10.5
8e4604ab-5344-4905-8745-c5e57c35df09,3,3032,Comfort Fit Recreational Boots,1,399.99,399.99,0.0,35.0
67aac6c4-26a2-458c-804b-aab32cb14209,1,3032,Comfort Fit Recreational Boots,2,399.99,799.98,0.0,70.0
67aac6c4-26a2-458c-804b-aab32cb14209,2,3021,Nordic Classic XC Skis - 185cm,1,349.99,349.99,0.0,30.62
930a89ac-d1ba-44b6-89e2-934bc57375f4,1,3011,Alpine Pro Racing Skis - 170cm,1,1299.99,1299.99,0.0,113.75
930a89ac-d1ba-44b6-89e2-934bc57375f4,2,3033,Women's Performance Ski Boots,1,579.99,579.99,0.0,50.75
930a89ac-d1ba-44b6-89e2-934bc57375f4,3,3012,Mountain Master All-Terrain Skis - 165cm,1,899.99,899.99,0.0,78.75
930a89ac-d1ba-44b6-89e2-934bc57375f4,4,3033,Women's Performance Ski Boots,2,579.99,1159.98,0.0,101.5
5067055f-3f2f-4c72-9970-4b9054f5d2a8,1,3053,Waterproof Ski Pants,2,249.99,499.98,0.0,43.75
68d6aa74-b0e4-47c2-b301-ece837c32e90,1,3021,Nordic Classic XC Skis - 185cm,1,349.99,349.99,0.0,30.62
68d6aa74-b0e4-47c2-b301-ece837c32e90,2,3091,Freestyle Snowboard - 155cm,1,649.99,649.99,0.0,56.87
68d6aa74-b0e4-47c2-b301-ece837c32e90,3,3013,Beginner's Choice Alpine Skis - 160cm,1,449.99,449.99,0.0,39.37
1b828302-0543-4f02-90f2-b5cf18bc417e,1,3032,Comfort Fit Recreational Boots,1,399.99,399.99,0.0,35.0
1b828302-0543-4f02-90f2-b5cf18bc417e,2,3053,Waterproof Ski Pants,1,249.99,249.99,0.0,21.87
1b828302-0543-4f02-90f2-b5cf18bc417e,3,3042,Aluminum All-Mountain Poles - 115cm,1,99.99,99.99,0.0,8.75
1b828302-0543-4f02-90f2-b5cf18bc417e,4,3061,Professional Ski Helmet,1,199.99,199.99,0.0,17.5
77b31f0a-5a65-484d-9843-086fd17496f7,1,3092,All-Mountain Snowboard - 158cm,1,799.99,799.99,0.0,70.0
77b31f0a-5a65-484d-9843-086fd17496f7,2,3101,Winter Boots - Insulated,1,159.99,159.99,0.0,14.0
77b31f0a-5a65-484d-9843-086fd17496f7,3,3013,Beginner's Choice Alpine Skis - 160cm,2,449.99,899.98,0.0,78.75
77b31f0a-5a65-484d-9843-086fd17496f7,4,3022,Backcountry Explorer XC Skis - 190cm,1,549.99,549.99,0.0,48.12
12f3a379-9003-46bd-9fd5-3bbb2b956da3,1,3082,Edge Tuning Tool Set,2,119.99,239.98,0.0,21.0
40f221c7-1a79-4469-ae1a-8b4915e61513,1,3081,All-Temp Ski Wax Kit,1,79.99,79.99,0.0,7.0
40f221c7-1a79-4469-ae1a-8b4915e61513,2,3052,Thermal Base Layer Set - Women's,1,149.99,149.99,0.0,13.12
d7a1c49a-d815-43eb-ad06-d2bc74fd50d4,1,3104,Ski Tuning Bench - Portable,1,189.99,189.99,0.0,16.62
37becaeb-70ab-46e8-b297-d829ad714028,1,3072,Hand Warmers - 10 Pack,1,14.99,14.99,0.0,1.31
f657c981-537c-4d9f-a614-29e5a4a63964,1,3031,Pro Flex Racing Ski Boots,2,649.99,1299.98,0.0,113.75
76621c66-7cfe-4151-b6a5-5cf4a4a337c2,1,3022,Backcountry Explorer XC Skis - 190cm,1,549.99,549.99,0.0,48.12
d1fc5473-ada1-44e5-b37f-6156fc55ee7a,1,3022,Backcountry Explorer XC Skis - 190cm,1,549.99,549.99,0.0,48.12
7ac70ee1-4189-47e0-ae4b-b247293b7c56,1,3104,Ski Tuning Bench - Portable,1,189.99,189.99,0.0,16.62
7ac70ee1-4189-47e0-ae4b-b247293b7c56,2,3033,Women's Performance Ski Boots,1,579.99,579.99,0.0,50.75
926f6999-ba39-4ea0-b0b2-dbec9d898890,1,3033,Women's Performance Ski Boots,1,579.99,579.99,0.0,50.75
926f6999-ba39-4ea0-b0b2-dbec9d898890,2,3031,Pro Flex Racing Ski Boots,2,649.99,1299.98,0.0,113.75
c969d4bc-52b0-4de5-bf3a-ddc46cde2844,1,3022,Backcountry Explorer XC Skis - 190cm,1,549.99,549.99,0.0,48.12
c969d4bc-52b0-4de5-bf3a-ddc46cde2844,2,3053,Waterproof Ski Pants,2,249.99,499.98,0.0,43.75
c969d4bc-52b0-4de5-bf3a-ddc46cde2844,3,3012,Mountain Master All-Terrain Skis - 165cm,2,899.99,1799.98,0.0,157.5
9b2923a5-25ae-4597-b6eb-e9461337ff77,1,3072,Hand Warmers - 10 Pack,1,14.99,14.99,0.0,1.31
9b2923a5-25ae-4597-b6eb-e9461337ff77,2,3031,Pro Flex Racing Ski Boots,2,649.99,1299.98,0.0,113.75
9b2923a5-25ae-4597-b6eb-e9461337ff77,3,3033,Women's Performance Ski Boots,1,579.99,579.99,0.0,50.75
5bfbebb8-9cf2-41eb-bea0-2a9e1a9b89ed,1,3104,Ski Tuning Bench - Portable,1,189.99,189.99,0.0,16.62
5bfbebb8-9cf2-41eb-bea0-2a9e1a9b89ed,2,3081,All-Temp Ski Wax Kit,1,79.99,79.99,0.0,7.0
5bfbebb8-9cf2-41eb-bea0-2a9e1a9b89ed,3,3104,Ski Tuning Bench - Portable,1,189.99,189.99,0.0,16.62
5bfbebb8-9cf2-41eb-bea0-2a9e1a9b89ed,4,3103,Snowboard Bindings - Pro,1,299.99,299.99,0.0,26.25
b3ec9629-1232-4738-b01a-96250b96d411,1,3011,Alpine Pro Racing Skis - 170cm,2,1299.99,2599.98,0.0,227.5
b3ec9629-1232-4738-b01a-96250b96d411,2,3011,Alpine Pro Racing Skis - 170cm,2,1299.99,2599.98,0.0,227.5
b3ec9629-1232-4738-b01a-96250b96d411,3,3052,Thermal Base Layer Set - Women's,2,149.99,299.98,0.0,26.25
b3ec9629-1232-4738-b01a-96250b96d411,4,3032,Comfort Fit Recreational Boots,2,399.99,799.98,0.0,70.0
ea2a4ef3-1f0d-4870-b7fa-2927ff9ea275,1,3104,Ski Tuning Bench - Portable,2,189.99,379.98,0.0,33.25
ea2a4ef3-1f0d-4870-b7fa-2927ff9ea275,2,3092,All-Mountain Snowboard - 158cm,2,799.99,1599.98,0.0,140.0
ea2a4ef3-1f0d-4870-b7fa-2927ff9ea275,3,3082,Edge Tuning Tool Set,2,119.99,239.98,0.0,21.0
ea2a4ef3-1f0d-4870-b7fa-2927ff9ea275,4,3091,Freestyle Snowboard - 155cm,2,649.99,1299.98,0.0,113.75
28aa5d75-9f35-43bf-aae0-417d259cb1f6,1,3082,Edge Tuning Tool Set,2,119.99,239.98,0.0,21.0
a702563f-897c-43cc-8780-eaa600cf3725,1,3011,Alpine Pro Racing Skis - 170cm,2,1299.99,2599.98,0.0,227.5
a702563f-897c-43cc-8780-eaa600cf3725,2,3011,Alpine Pro Racing Skis - 170cm,1,1299.99,1299.99,0.0,113.75
a702563f-897c-43cc-8780-eaa600cf3725,3,3022,Backcountry Explorer XC Skis - 190cm,1,549.99,549.99,0.0,48.12
11c18ed8-6aac-4e58-ac27-14c2d4a067b0,1,3082,Edge Tuning Tool Set,1,119.99,119.99,0.0,10.5
11c18ed8-6aac-4e58-ac27-14c2d4a067b0,2,3104,Ski Tuning Bench - Portable,1,189.99,189.99,0.0,16.62
11c18ed8-6aac-4e58-ac27-14c2d4a067b0,3,3072,Hand Warmers - 10 Pack,1,14.99,14.99,0.0,1.31
437bb570-b892-466b-9ed6-54c87765c320,1,3033,Women's Performance Ski Boots,1,579.99,579.99,0.0,50.75
437bb570-b892-466b-9ed6-54c87765c320,2,3081,All-Temp Ski Wax Kit,1,79.99,79.99,0.0,7.0
82e207fb-fc4c-42a4-b0b0-10b88ef52128,1,3053,Waterproof Ski Pants,1,249.99,249.99,0.0,21.87
82e207fb-fc4c-42a4-b0b0-10b88ef52128,2,3031,Pro Flex Racing Ski Boots,1,649.99,649.99,0.0,56.87
82e207fb-fc4c-42a4-b0b0-10b88ef52128,3,3031,Pro Flex Racing Ski Boots,2,649.99,1299.98,0.0,113.75
82e207fb-fc4c-42a4-b0b0-10b88ef52128,4,3013,Beginner's Choice Alpine Skis - 160cm,1,449.99,449.99,0.0,39.37
c82a2355-379b-405c-a863-666c9f4b1cf7,1,3031,Pro Flex Racing Ski Boots,1,649.99,649.99,0.0,56.87
c82a2355-379b-405c-a863-666c9f4b1cf7,2,3033,Women's Performance Ski Boots,1,579.99,579.99,0.0,50.75
c82a2355-379b-405c-a863-666c9f4b1cf7,3,3052,Thermal Base Layer Set - Women's,2,149.99,299.98,0.0,26.25
7b953620-111e-47c9-853c-04ed565e2f01,1,3103,Snowboard Bindings - Pro,1,299.99,299.99,0.0,26.25
7b953620-111e-47c9-853c-04ed565e2f01,2,3101,Winter Boots - Insulated,2,159.99,319.98,0.0,28.0
7b953620-111e-47c9-853c-04ed565e2f01,3,3091,Freestyle Snowboard - 155cm,2,649.99,1299.98,0.0,113.75
f082f101-fd78-4fa5-b7cd-f7ffb7eff8b9,1,3082,Edge Tuning Tool Set,2,119.99,239.98,0.0,21.0
f082f101-fd78-4fa5-b7cd-f7ffb7eff8b9,2,3104,Ski Tuning Bench - Portable,1,189.99,189.99,0.0,16.62
f082f101-fd78-4fa5-b7cd-f7ffb7eff8b9,3,3062,Anti-Fog Ski Goggles,2,129.99,259.98,0.0,22.75
9da2d386-cdda-43af-8f88-cfce368be7a8,1,3011,Alpine Pro Racing Skis - 170cm,1,1299.99,1299.99,0.0,113.75
9da2d386-cdda-43af-8f88-cfce368be7a8,2,3072,Hand Warmers - 10 Pack,2,14.99,29.98,0.0,2.62
c1e2f6b2-e438-4fcb-814b-e143f316670e,1,3081,All-Temp Ski Wax Kit,1,79.99,79.99,0.0,7.0
c1e2f6b2-e438-4fcb-814b-e143f316670e,2,3103,Snowboard Bindings - Pro,1,299.99,299.99,0.0,26.25
fb411c02-e263-47e6-83f8-a8a9847c4d7f,1,3012,Mountain Master All-Terrain Skis - 165cm,2,899.99,1799.98,0.0,157.5
fb411c02-e263-47e6-83f8-a8a9847c4d7f,2,3071,Ski Boot Bag - Premium,2,59.99,119.98,0.0,10.5
a46c5d95-043e-41e7-a708-7379973e42d1,1,3051,Insulated Ski Jacket - Men's,1,299.99,299.99,0.0,26.25
a46c5d95-043e-41e7-a708-7379973e42d1,2,3022,Backcountry Explorer XC Skis - 190cm,2,549.99,1099.98,0.0,96.25
a2d57700-ee5a-4b0e-bbb9-4b9696d2cc0b,1,3053,Waterproof Ski Pants,1,249.99,249.99,0.0,21.87
a2d57700-ee5a-4b0e-bbb9-4b9696d2cc0b,2,3013,Beginner's Choice Alpine Skis - 160cm,1,449.99,449.99,0.0,39.37
a2d57700-ee5a-4b0e-bbb9-4b9696d2cc0b,3,3013,Beginner's Choice Alpine Skis - 160cm,1,449.99,449.99,0.0,39.37
a2d57700-ee5a-4b0e-bbb9-4b9696d2cc0b,4,3011,Alpine Pro Racing Skis - 170cm,2,1299.99,2599.98,0.0,227.5
5834909b-68a9-4857-acc1-4ad66f39ee79,1,3011,Alpine Pro Racing Skis - 170cm,2,1299.99,2599.98,0.0,227.5
67dff5f4-66bd-4d9f-a57c-799cb2a7c05a,1,3013,Beginner's Choice Alpine Skis - 160cm,2,449.99,899.98,0.0,78.75
67dff5f4-66bd-4d9f-a57c-799cb2a7c05a,2,3062,Anti-Fog Ski Goggles,1,129.99,129.99,0.0,11.37
4233b628-e826-4482-8ca9-bb7c7700b0be,1,3103,Snowboard Bindings - Pro,2,299.99,599.98,0.0,52.5
4233b628-e826-4482-8ca9-bb7c7700b0be,2,3052,Thermal Base Layer Set - Women's,1,149.99,149.99,0.0,13.12
33ace01d-522e-4a92-a3a8-75feb1fb0949,1,3033,Women's Performance Ski Boots,2,579.99,1159.98,0.0,101.5
33ace01d-522e-4a92-a3a8-75feb1fb0949,2,3042,Aluminum All-Mountain Poles - 115cm,2,99.99,199.98,0.0,17.5
33ace01d-522e-4a92-a3a8-75feb1fb0949,3,3081,All-Temp Ski Wax Kit,1,79.99,79.99,0.0,7.0
33ace01d-522e-4a92-a3a8-75feb1fb0949,4,3031,Pro Flex Racing Ski Boots,1,649.99,649.99,0.0,56.87
f6a61bed-7e2e-4f42-ba52-3491230a5426,1,3031,Pro Flex Racing Ski Boots,1,649.99,649.99,0.0,56.87
f6a61bed-7e2e-4f42-ba52-3491230a5426,2,3052,Thermal Base Layer Set - Women's,1,149.99,149.99,0.0,13.12
f6a61bed-7e2e-4f42-ba52-3491230a5426,3,3051,Insulated Ski Jacket - Men's,2,299.99,599.98,0.0,52.5
d8b32aee-4e8e-4b5c-9122-0093c7a3f13a,1,3011,Alpine Pro Racing Skis - 170cm,1,1299.99,1299.99,0.0,113.75
d8b32aee-4e8e-4b5c-9122-0093c7a3f13a,2,3062,Anti-Fog Ski Goggles,1,129.99,129.99,0.0,11.37
f656e710-0100-4c9b-874b-b7678be0da36,1,3082,Edge Tuning Tool Set,1,119.99,119.99,0.0,10.5
7527c3a5-85bf-4675-879c-bfcf99be080d,1,3081,All-Temp Ski Wax Kit,2,79.99,159.98,0.0,14.0
7527c3a5-85bf-4675-879c-bfcf99be080d,2,3022,Backcountry Explorer XC Skis - 190cm,2,549.99,1099.98,0.0,96.25
f29a7bb1-2283-4018-a47a-8eb9f9405d58,1,3091,Freestyle Snowboard - 155cm,2,649.99,1299.98,0.0,113.75
f29a7bb1-2283-4018-a47a-8eb9f9405d58,2,3092,All-Mountain Snowboard - 158cm,2,799.99,1599.98,0.0,140.0
f29a7bb1-2283-4018-a47a-8eb9f9405d58,3,3022,Backcountry Explorer XC Skis - 190cm,1,549.99,549.99,0.0,48.12
6de4c18f-31c3-4d75-94d9-afd4d8995074,1,3012,Mountain Master All-Terrain Skis - 165cm,2,899.99,1799.98,0.0,157.5
6de4c18f-31c3-4d75-94d9-afd4d8995074,2,3041,Carbon Fiber Racing Poles - 120cm,1,179.99,179.99,0.0,15.75
6de4c18f-31c3-4d75-94d9-afd4d8995074,3,3041,Carbon Fiber Racing Poles - 120cm,1,179.99,179.99,0.0,15.75
6de4c18f-31c3-4d75-94d9-afd4d8995074,4,3011,Alpine Pro Racing Skis - 170cm,1,1299.99,1299.99,0.0,113.75
98a4a33d-76e8-4bf7-bcc8-2ce4423d453a,1,3101,Winter Boots - Insulated,2,159.99,319.98,0.0,28.0
98a4a33d-76e8-4bf7-bcc8-2ce4423d453a,2,3092,All-Mountain Snowboard - 158cm,1,799.99,799.99,0.0,70.0
98a4a33d-76e8-4bf7-bcc8-2ce4423d453a,3,3061,Professional Ski Helmet,2,199.99,399.98,0.0,35.0
98a4a33d-76e8-4bf7-bcc8-2ce4423d453a,4,3021,Nordic Classic XC Skis - 185cm,1,349.99,349.99,0.0,30.62
4aaa6dbf-2e2a-45e3-ba0f-4175df90c733,1,3101,Winter Boots - Insulated,1,159.99,159.99,0.0,14.0
4aaa6dbf-2e2a-45e3-ba0f-4175df90c733,2,3032,Comfort Fit Recreational Boots,2,399.99,799.98,0.0,70.0
4aaa6dbf-2e2a-45e3-ba0f-4175df90c733,3,3081,All-Temp Ski Wax Kit,2,79.99,159.98,0.0,14.0
4aaa6dbf-2e2a-45e3-ba0f-4175df90c733,4,3052,Thermal Base Layer Set - Women's,1,149.99,149.99,0.0,13.12
7a8ad550-00d6-4606-b1ff-b85e38e472d8,1,3041,Carbon Fiber Racing Poles - 120cm,1,179.99,179.99,0.0,15.75
7a8ad550-00d6-4606-b1ff-b85e38e472d8,2,3011,Alpine Pro Racing Skis - 170cm,1,1299.99,1299.99,0.0,113.75
7a8ad550-00d6-4606-b1ff-b85e38e472d8,3,3032,Comfort Fit Recreational Boots,2,399.99,799.98,0.0,70.0
7a8ad550-00d6-4606-b1ff-b85e38e472d8,4,3031,Pro Flex Racing Ski Boots,1,649.99,649.99,0.0,56.87
dd922772-4e1b-41c0-8e4c-4c89804b4084,1,3082,Edge Tuning Tool Set,2,119.99,239.98,0.0,21.0
dd922772-4e1b-41c0-8e4c-4c89804b4084,2,3032,Comfort Fit Recreational Boots,1,399.99,399.99,0.0,35.0
dd922772-4e1b-41c0-8e4c-4c89804b4084,3,3091,Freestyle Snowboard - 155cm,2,649.99,1299.98,0.0,113.75
c4ef5121-c098-4950-9733-2b15172632ec,1,3081,All-Temp Ski Wax Kit,2,79.99,159.98,0.0,14.0
c4ef5121-c098-4950-9733-2b15172632ec,2,3082,Edge Tuning Tool Set,1,119.99,119.99,0.0,10.5
c4ef5121-c098-4950-9733-2b15172632ec,3,3082,Edge Tuning Tool Set,2,119.99,239.98,0.0,21.0
c4ef5121-c098-4950-9733-2b15172632ec,4,3012,Mountain Master All-Terrain Skis - 165cm,2,899.99,1799.98,0.0,157.5
13d5da35-d446-41ce-9acf-e426508cc63f,1,3091,Freestyle Snowboard - 155cm,1,649.99,649.99,0.0,56.87
13d5da35-d446-41ce-9acf-e426508cc63f,2,3071,Ski Boot Bag - Premium,2,59.99,119.98,0.0,10.5
13d5da35-d446-41ce-9acf-e426508cc63f,3,3032,Comfort Fit Recreational Boots,1,399.99,399.99,0.0,35.0
63f807b0-8300-44a1-9b2f-fd1362ab94aa,1,3011,Alpine Pro Racing Skis - 170cm,2,1299.99,2599.98,0.0,227.5
63f807b0-8300-44a1-9b2f-fd1362ab94aa,2,3103,Snowboard Bindings - Pro,1,299.99,299.99,0.0,26.25
4dbfcec3-fbce-4b58-9f64-b7e48605323c,1,3051,Insulated Ski Jacket - Men's,2,299.99,599.98,0.0,52.5
4dbfcec3-fbce-4b58-9f64-b7e48605323c,2,3032,Comfort Fit Recreational Boots,2,399.99,799.98,0.0,70.0
4dbfcec3-fbce-4b58-9f64-b7e48605323c,3,3031,Pro Flex Racing Ski Boots,1,649.99,649.99,0.0,56.87
bd4ec574-04f2-4d8b-a939-587b72327e6c,1,3022,Backcountry Explorer XC Skis - 190cm,1,549.99,549.99,0.0,48.12
bd4ec574-04f2-4d8b-a939-587b72327e6c,2,3051,Insulated Ski Jacket - Men's,2,299.99,599.98,0.0,52.5
bd4ec574-04f2-4d8b-a939-587b72327e6c,3,3051,Insulated Ski Jacket - Men's,1,299.99,299.99,0.0,26.25
bd4ec574-04f2-4d8b-a939-587b72327e6c,4,3033,Women's Performance Ski Boots,2,579.99,1159.98,0.0,101.5
de295960-17f5-40fe-beae-5ef8bbfee8ce,1,3013,Beginner's Choice Alpine Skis - 160cm,2,449.99,899.98,0.0,78.75
de295960-17f5-40fe-beae-5ef8bbfee8ce,2,3053,Waterproof Ski Pants,2,249.99,499.98,0.0,43.75
df81f1d2-f27e-4470-9ac6-0a8f0366b2da,1,3103,Snowboard Bindings - Pro,2,299.99,599.98,0.0,52.5
b87ff19a-e0da-4161-9db1-73c0e9cc73fa,1,3051,Insulated Ski Jacket - Men's,2,299.99,599.98,0.0,52.5
b87ff19a-e0da-4161-9db1-73c0e9cc73fa,2,3031,Pro Flex Racing Ski Boots,2,649.99,1299.98,0.0,113.75
b456ff60-4e79-4356-af16-83799d061a33,1,3032,Comfort Fit Recreational Boots,2,399.99,799.98,0.0,70.0
0f1d775d-1c4f-4e34-a45a-9833faa3066e,1,3011,Alpine Pro Racing Skis - 170cm,2,1299.99,2599.98,0.0,227.5
0f1d775d-1c4f-4e34-a45a-9833faa3066e,2,3092,All-Mountain Snowboard - 158cm,2,799.99,1599.98,0.0,140.0
35e6eccf-df90-4f3d-8b34-6d17b48df326,1,3052,Thermal Base Layer Set - Women's,2,149.99,299.98,0.0,26.25
35e6eccf-df90-4f3d-8b34-6d17b48df326,2,3051,Insulated Ski Jacket - Men's,1,299.99,299.99,0.0,26.25
35e6eccf-df90-4f3d-8b34-6d17b48df326,3,3053,Waterproof Ski Pants,1,249.99,249.99,0.0,21.87
35e6eccf-df90-4f3d-8b34-6d17b48df326,4,3053,Waterproof Ski Pants,2,249.99,499.98,0.0,43.75
c0720bea-5401-4b2a-9ff5-01cb1b132c62,1,3012,Mountain Master All-Terrain Skis - 165cm,1,899.99,899.99,0.0,78.75
c0720bea-5401-4b2a-9ff5-01cb1b132c62,2,3013,Beginner's Choice Alpine Skis - 160cm,1,449.99,449.99,0.0,39.37
c0720bea-5401-4b2a-9ff5-01cb1b132c62,3,3033,Women's Performance Ski Boots,1,579.99,579.99,0.0,50.75
448ec433-a3f5-45a0-a00d-0c96dd14ac4c,1,3082,Edge Tuning Tool Set,1,119.99,119.99,0.0,10.5
448ec433-a3f5-45a0-a00d-0c96dd14ac4c,2,3102,Winter Hiking Boots - Waterproof,1,249.99,249.99,0.0,21.87
689b5d82-9107-499a-9749-ec55f3bfeaa1,1,3071,Ski Boot Bag - Premium,2,59.99,119.98,0.0,10.5
689b5d82-9107-499a-9749-ec55f3bfeaa1,2,3051,Insulated Ski Jacket - Men's,1,299.99,299.99,0.0,26.25
689b5d82-9107-499a-9749-ec55f3bfeaa1,3,3013,Beginner's Choice Alpine Skis - 160cm,2,449.99,899.98,0.0,78.75
33edf276-a3de-4d30-bcb3-0288df5596df,1,3104,Ski Tuning Bench - Portable,2,189.99,379.98,0.0,33.25
33edf276-a3de-4d30-bcb3-0288df5596df,2,3051,Insulated Ski Jacket - Men's,1,299.99,299.99,0.0,26.25
2fa40ff1-28cc-4ba4-923f-35dbf16c0846,1,3081,All-Temp Ski Wax Kit,2,79.99,159.98,0.0,14.0
2fa40ff1-28cc-4ba4-923f-35dbf16c0846,2,3104,Ski Tuning Bench - Portable,2,189.99,379.98,0.0,33.25
9846f496-258f-4d29-a0bc-dc2e41a82e25,1,3041,Carbon Fiber Racing Poles - 120cm,1,179.99,179.99,0.0,15.75
9846f496-258f-4d29-a0bc-dc2e41a82e25,2,3042,Aluminum All-Mountain Poles - 115cm,1,99.99,99.99,0.0,8.75
9846f496-258f-4d29-a0bc-dc2e41a82e25,3,3032,Comfort Fit Recreational Boots,1,399.99,399.99,0.0,35.0
04949dda-a331-40bc-a6a7-6800a639e246,1,3092,All-Mountain Snowboard - 158cm,2,799.99,1599.98,0.0,140.0
e1967001-26ff-4032-8294-9f66e749824c,1,3012,Mountain Master All-Terrain Skis - 165cm,2,899.99,1799.98,0.0,157.5
e1967001-26ff-4032-8294-9f66e749824c,2,3104,Ski Tuning Bench - Portable,2,189.99,379.98,0.0,33.25
e1967001-26ff-4032-8294-9f66e749824c,3,3061,Professional Ski Helmet,2,199.99,399.98,0.0,35.0
f2e7a80e-0eb2-403c-9d42-66d1f8535f67,1,3031,Pro Flex Racing Ski Boots,2,649.99,1299.98,0.0,113.75
06d0d271-8805-4e6a-84ef-f96afbcc343b,1,3062,Anti-Fog Ski Goggles,2,129.99,259.98,0.0,22.75
06d0d271-8805-4e6a-84ef-f96afbcc343b,2,3032,Comfort Fit Recreational Boots,1,399.99,399.99,0.0,35.0
2c803ef1-4e57-469f-afbb-45fa89119970,1,3081,All-Temp Ski Wax Kit,1,79.99,79.99,0.0,7.0
2c803ef1-4e57-469f-afbb-45fa89119970,2,3042,Aluminum All-Mountain Poles - 115cm,2,99.99,199.98,0.0,17.5
2c803ef1-4e57-469f-afbb-45fa89119970,3,3091,Freestyle Snowboard - 155cm,1,649.99,649.99,0.0,56.87
b0bd996f-6807-44b2-8a34-b96e1c19609c,1,3011,Alpine Pro Racing Skis - 170cm,2,1299.99,2599.98,0.0,227.5
b0bd996f-6807-44b2-8a34-b96e1c19609c,2,3053,Waterproof Ski Pants,2,249.99,499.98,0.0,43.75
b0bd996f-6807-44b2-8a34-b96e1c19609c,3,3013,Beginner's Choice Alpine Skis - 160cm,2,449.99,899.98,0.0,78.75
dc8138fa-eee8-49fb-8c4b-58525d304c03,1,3033,Women's Performance Ski Boots,1,579.99,579.99,0.0,50.75
dc8138fa-eee8-49fb-8c4b-58525d304c03,2,3011,Alpine Pro Racing Skis - 170cm,2,1299.99,2599.98,0.0,227.5
a4d7b3a9-a50e-4f44-ab4c-482a92080f4f,1,3081,All-Temp Ski Wax Kit,1,79.99,79.99,0.0,7.0
a9cd199d-cccc-41ca-a876-6ec4c5592b6d,1,3052,Thermal Base Layer Set - Women's,1,149.99,149.99,0.0,13.12
172f0578-b64a-4c90-b060-191fa75cdc4c,1,3082,Edge Tuning Tool Set,1,119.99,119.99,0.0,10.5
172f0578-b64a-4c90-b060-191fa75cdc4c,2,3072,Hand Warmers - 10 Pack,2,14.99,29.98,0.0,2.62
172f0578-b64a-4c90-b060-191fa75cdc4c,3,3103,Snowboard Bindings - Pro,1,299.99,299.99,0.0,26.25
2fe1c88b-4f99-408d-9d2d-d7f51e7f13ee,1,3053,Waterproof Ski Pants,1,249.99,249.99,0.0,21.87
2fe1c88b-4f99-408d-9d2d-d7f51e7f13ee,2,3032,Comfort Fit Recreational Boots,2,399.99,799.98,0.0,70.0
2fe1c88b-4f99-408d-9d2d-d7f51e7f13ee,3,3011,Alpine Pro Racing Skis - 170cm,2,1299.99,2599.98,0.0,227.5
2fe1c88b-4f99-408d-9d2d-d7f51e7f13ee,4,3021,Nordic Classic XC Skis - 185cm,2,349.99,699.98,0.0,61.25
3fb08647-5fe8-4ee0-bc22-85bab6cbba51,1,3081,All-Temp Ski Wax Kit,1,79.99,79.99,0.0,7.0
3fb08647-5fe8-4ee0-bc22-85bab6cbba51,2,3053,Waterproof Ski Pants,1,249.99,249.99,0.0,21.87
659c1fe4-9622-48c5-98ba-5eb061de8367,1,3092,All-Mountain Snowboard - 158cm,2,799.99,1599.98,0.0,140.0
659c1fe4-9622-48c5-98ba-5eb061de8367,2,3091,Freestyle Snowboard - 155cm,2,649.99,1299.98,0.0,113.75
659c1fe4-9622-48c5-98ba-5eb061de8367,3,3092,All-Mountain Snowboard - 158cm,2,799.99,1599.98,0.0,140.0
c7328b8d-c37b-4f7c-844a-a27e81d864c9,1,3051,Insulated Ski Jacket - Men's,2,299.99,599.98,0.0,52.5
c7328b8d-c37b-4f7c-844a-a27e81d864c9,2,3032,Comfort Fit Recreational Boots,2,399.99,799.98,0.0,70.0
c7328b8d-c37b-4f7c-844a-a27e81d864c9,3,3022,Backcountry Explorer XC Skis - 190cm,2,549.99,1099.98,0.0,96.25
c7328b8d-c37b-4f7c-844a-a27e81d864c9,4,3012,Mountain Master All-Terrain Skis - 165cm,1,899.99,899.99,0.0,78.75
be42bc50-be7c-40e3-88d0-8bf8824f7d6f,1,3052,Thermal Base Layer Set - Women's,2,149.99,299.98,0.0,26.25
be42bc50-be7c-40e3-88d0-8bf8824f7d6f,2,3082,Edge Tuning Tool Set,1,119.99,119.99,0.0,10.5
466df2a2-1d15-4408-9423-7599b24022bd,1,3071,Ski Boot Bag - Premium,2,59.99,119.98,0.0,10.5
0470573b-8c74-4f93-aa57-fa5b85a751fc,1,3022,Backcountry Explorer XC Skis - 190cm,1,549.99,549.99,0.0,48.12
7bebd0ae-bbee-4756-8a55-bc43cce3e17a,1,3082,Edge Tuning Tool Set,1,119.99,119.99,0.0,10.5
7bebd0ae-bbee-4756-8a55-bc43cce3e17a,2,3053,Waterproof Ski Pants,1,249.99,249.99,0.0,21.87
7bebd0ae-bbee-4756-8a55-bc43cce3e17a,3,3051,Insulated Ski Jacket - Men's,2,299.99,599.98,0.0,52.5
7c9531fe-cacf-4dd0-ad2a-c66d8134e782,1,3081,All-Temp Ski Wax Kit,1,79.99,79.99,0.0,7.0
7c9531fe-cacf-4dd0-ad2a-c66d8134e782,2,3092,All-Mountain Snowboard - 158cm,2,799.99,1599.98,0.0,140.0
7c9531fe-cacf-4dd0-ad2a-c66d8134e782,3,3082,Edge Tuning Tool Set,2,119.99,239.98,0.0,21.0
339660c7-68f8-4870-9d2d-65ad5d862fe3,1,3082,Edge Tuning Tool Set,2,119.99,239.98,0.0,21.0
6a339a6a-3be9-455d-a0e4-d1c7ead727a2,1,3033,Women's Performance Ski Boots,1,579.99,579.99,0.0,50.75
6a339a6a-3be9-455d-a0e4-d1c7ead727a2,2,3052,Thermal Base Layer Set - Women's,1,149.99,149.99,0.0,13.12
6a339a6a-3be9-455d-a0e4-d1c7ead727a2,3,3031,Pro Flex Racing Ski Boots,2,649.99,1299.98,0.0,113.75
872add57-632f-4d90-bd9f-eae061a5f1bb,1,3081,All-Temp Ski Wax Kit,2,79.99,159.98,0.0,14.0
bf4de4cc-7858-46a3-8e9b-1cbc27e8aefe,1,3071,Ski Boot Bag - Premium,2,59.99,119.98,0.0,10.5
bf4de4cc-7858-46a3-8e9b-1cbc27e8aefe,2,3103,Snowboard Bindings - Pro,1,299.99,299.99,0.0,26.25
bf4de4cc-7858-46a3-8e9b-1cbc27e8aefe,3,3072,Hand Warmers - 10 Pack,1,14.99,14.99,0.0,1.31
56cad4ca-a3b6-48e4-9441-94e0da751826,1,3052,Thermal Base Layer Set - Women's,2,149.99,299.98,0.0,26.25
32c4cc95-dab9-41c5-9ca4-58de21749807,1,3052,Thermal Base Layer Set - Women's,1,149.99,149.99,0.0,13.12
32c4cc95-dab9-41c5-9ca4-58de21749807,2,3022,Backcountry Explorer XC Skis - 190cm,2,549.99,1099.98,0.0,96.25
32c4cc95-dab9-41c5-9ca4-58de21749807,3,3021,Nordic Classic XC Skis - 185cm,2,349.99,699.98,0.0,61.25
32c4cc95-dab9-41c5-9ca4-58de21749807,4,3053,Waterproof Ski Pants,1,249.99,249.99,0.0,21.87
042f6416-0660-4170-aa82-87890b8ffc44,1,3104,Ski Tuning Bench - Portable,1,189.99,189.99,0.0,16.62
042f6416-0660-4170-aa82-87890b8ffc44,2,3042,Aluminum All-Mountain Poles - 115cm,2,99.99,199.98,0.0,17.5
042f6416-0660-4170-aa82-87890b8ffc44,3,3012,Mountain Master All-Terrain Skis - 165cm,1,899.99,899.99,0.0,78.75
042f6416-0660-4170-aa82-87890b8ffc44,4,3081,All-Temp Ski Wax Kit,1,79.99,79.99,0.0,7.0
7c1202a5-68c5-4b61-b1f4-b8954531327a,1,3012,Mountain Master All-Terrain Skis - 165cm,1,899.99,899.99,0.0,78.75
7c1202a5-68c5-4b61-b1f4-b8954531327a,2,3012,Mountain Master All-Terrain Skis - 165cm,1,899.99,899.99,0.0,78.75
7c1202a5-68c5-4b61-b1f4-b8954531327a,3,3032,Comfort Fit Recreational Boots,1,399.99,399.99,0.0,35.0
7c1202a5-68c5-4b61-b1f4-b8954531327a,4,3031,Pro Flex Racing Ski Boots,1,649.99,649.99,0.0,56.87
3df68fc0-2a6e-4c7b-939a-2ccca914a776,1,3012,Mountain Master All-Terrain Skis - 165cm,2,899.99,1799.98,0.0,157.5
3df68fc0-2a6e-4c7b-939a-2ccca914a776,2,3091,Freestyle Snowboard - 155cm,2,649.99,1299.98,0.0,113.75
9da90672-e36a-4163-a02e-89e33eddc779,1,3051,Insulated Ski Jacket - Men's,1,299.99,299.99,0.0,26.25
9da90672-e36a-4163-a02e-89e33eddc779,2,3012,Mountain Master All-Terrain Skis - 165cm,1,899.99,899.99,0.0,78.75
6f52c6f3-9d83-43e4-91ef-c042704b819e,1,3081,All-Temp Ski Wax Kit,2,79.99,159.98,0.0,14.0
56c2f490-cc48-4826-a8c5-5dbf48531bae,1,3021,Nordic Classic XC Skis - 185cm,1,349.99,349.99,0.0,30.62
0124204c-131f-4663-8114-13ff0d5c039c,1,3033,Women's Performance Ski Boots,2,579.99,1159.98,0.0,101.5
0124204c-131f-4663-8114-13ff0d5c039c,2,3032,Comfort Fit Recreational Boots,1,399.99,399.99,0.0,35.0
0124204c-131f-4663-8114-13ff0d5c039c,3,3032,Comfort Fit Recreational Boots,1,399.99,399.99,0.0,35.0
c829ccad-26cb-4b6c-b82a-12321a6f2c74,1,3033,Women's Performance Ski Boots,2,579.99,1159.98,0.0,101.5
d308e7dc-b80b-497f-ab7f-85888e959e93,1,3011,Alpine Pro Racing Skis - 170cm,1,1299.99,1299.99,0.0,113.75
d308e7dc-b80b-497f-ab7f-85888e959e93,2,3081,All-Temp Ski Wax Kit,1,79.99,79.99,0.0,7.0
d308e7dc-b80b-497f-ab7f-85888e959e93,3,3053,Waterproof Ski Pants,2,249.99,499.98,0.0,43.75
2875fc34-46cb-49d1-8b96-0227b07b1450,1,3013,Beginner's Choice Alpine Skis - 160cm,2,449.99,899.98,0.0,78.75
4646e203-50f0-44ef-938a-27149e42a2c8,1,3082,Edge Tuning Tool Set,2,119.99,239.98,0.0,21.0
4646e203-50f0-44ef-938a-27149e42a2c8,2,3102,Winter Hiking Boots - Waterproof,1,249.99,249.99,0.0,21.87
a3fc97de-2d2b-4659-b04f-b041158144d2,1,3031,Pro Flex Racing Ski Boots,1,649.99,649.99,0.0,56.87
a3fc97de-2d2b-4659-b04f-b041158144d2,2,3061,Professional Ski Helmet,1,199.99,199.99,0.0,17.5
a3fc97de-2d2b-4659-b04f-b041158144d2,3,3013,Beginner's Choice Alpine Skis - 160cm,2,449.99,899.98,0.0,78.75
0cf63000-b83a-488f-8005-af5abbb709d4,1,3082,Edge Tuning Tool Set,1,119.99,119.99,0.0,10.5
e233fbf1-2e5a-46ab-9a95-9180df46398c,1,3103,Snowboard Bindings - Pro,2,299.99,599.98,0.0,52.5
cfbe86b3-440c-47ef-b92c-136b86e49202,1,3022,Backcountry Explorer XC Skis - 190cm,2,549.99,1099.98,0.0,96.25
06d69978-f250-4813-83a9-c9420e03add2,1,3092,All-Mountain Snowboard - 158cm,2,799.99,1599.98,0.0,140.0
06d69978-f250-4813-83a9-c9420e03add2,2,3091,Freestyle Snowboard - 155cm,2,649.99,1299.98,0.0,113.75
06d69978-f250-4813-83a9-c9420e03add2,3,3072,Hand Warmers - 10 Pack,1,14.99,14.99,0.0,1.31
02a9190b-6866-4414-8c1e-87b497d534a6,1,3013,Beginner's Choice Alpine Skis - 160cm,2,449.99,899.98,0.0,78.75
02a9190b-6866-4414-8c1e-87b497d534a6,2,3012,Mountain Master All-Terrain Skis - 165cm,2,899.99,1799.98,0.0,157.5
7b1017d0-59d0-4ed5-8b54-f39d1e346ea5,1,3013,Beginner's Choice Alpine Skis - 160cm,2,449.99,899.98,0.0,78.75
7b1017d0-59d0-4ed5-8b54-f39d1e346ea5,2,3091,Freestyle Snowboard - 155cm,2,649.99,1299.98,0.0,113.75
7b1017d0-59d0-4ed5-8b54-f39d1e346ea5,3,3031,Pro Flex Racing Ski Boots,2,649.99,1299.98,0.0,113.75
7b1017d0-59d0-4ed5-8b54-f39d1e346ea5,4,3082,Edge Tuning Tool Set,1,119.99,119.99,0.0,10.5
6dfe60be-c7c8-4401-9a9e-99e07fa9f8cd,1,3091,Freestyle Snowboard - 155cm,2,649.99,1299.98,0.0,113.75
f92269ae-046c-40d6-b043-1008609b894d,1,3021,Nordic Classic XC Skis - 185cm,1,349.99,349.99,0.0,30.62
f92269ae-046c-40d6-b043-1008609b894d,2,3051,Insulated Ski Jacket - Men's,2,299.99,599.98,0.0,52.5
f92269ae-046c-40d6-b043-1008609b894d,3,3051,Insulated Ski Jacket - Men's,1,299.99,299.99,0.0,26.25
f92269ae-046c-40d6-b043-1008609b894d,4,3051,Insulated Ski Jacket - Men's,1,299.99,299.99,0.0,26.25
00ab9e14-7b9b-4658-8c58-7e893ccc75d0,1,3011,Alpine Pro Racing Skis - 170cm,2,1299.99,2599.98,0.0,227.5
00ab9e14-7b9b-4658-8c58-7e893ccc75d0,2,3032,Comfort Fit Recreational Boots,2,399.99,799.98,0.0,70.0
00ab9e14-7b9b-4658-8c58-7e893ccc75d0,3,3022,Backcountry Explorer XC Skis - 190cm,1,549.99,549.99,0.0,48.12
00ab9e14-7b9b-4658-8c58-7e893ccc75d0,4,3103,Snowboard Bindings - Pro,2,299.99,599.98,0.0,52.5
0bdb3389-f859-4929-926b-3c339837168f,1,3104,Ski Tuning Bench - Portable,2,189.99,379.98,0.0,33.25
0bdb3389-f859-4929-926b-3c339837168f,2,3082,Edge Tuning Tool Set,2,119.99,239.98,0.0,21.0
0bdb3389-f859-4929-926b-3c339837168f,3,3092,All-Mountain Snowboard - 158cm,1,799.99,799.99,0.0,70.0
0bdb3389-f859-4929-926b-3c339837168f,4,3033,Women's Performance Ski Boots,1,579.99,579.99,0.0,50.75
c606966c-c838-4df9-a6bb-af3964fcaca7,1,3081,All-Temp Ski Wax Kit,1,79.99,79.99,0.0,7.0
c606966c-c838-4df9-a6bb-af3964fcaca7,2,3012,Mountain Master All-Terrain Skis - 165cm,1,899.99,899.99,0.0,78.75
c606966c-c838-4df9-a6bb-af3964fcaca7,3,3081,All-Temp Ski Wax Kit,2,79.99,159.98,0.0,14.0
db330473-2641-4b0b-b172-2494cb895a23,1,3051,Insulated Ski Jacket - Men's,2,299.99,599.98,0.0,52.5
db330473-2641-4b0b-b172-2494cb895a23,2,3031,Pro Flex Racing Ski Boots,2,649.99,1299.98,0.0,113.75
db330473-2641-4b0b-b172-2494cb895a23,3,3082,Edge Tuning Tool Set,1,119.99,119.99,0.0,10.5
db330473-2641-4b0b-b172-2494cb895a23,4,3033,Women's Performance Ski Boots,1,579.99,579.99,0.0,50.75
8f35611b-b8c0-4f90-a59d-f01ed34e7fe4,1,3013,Beginner's Choice Alpine Skis - 160cm,1,449.99,449.99,0.0,39.37
a384153c-7d42-4a6a-9d9f-5bdede81a7df,1,3012,Mountain Master All-Terrain Skis - 165cm,1,899.99,899.99,0.0,78.75
a384153c-7d42-4a6a-9d9f-5bdede81a7df,2,3051,Insulated Ski Jacket - Men's,1,299.99,299.99,0.0,26.25
1689415f-6572-45ac-8b40-ec806bcc472e,1,3032,Comfort Fit Recreational Boots,2,399.99,799.98,0.0,70.0
f9f3d55f-49de-4f9c-a909-3b2ac6b8b330,1,3062,Anti-Fog Ski Goggles,2,129.99,259.98,0.0,22.75
f9f3d55f-49de-4f9c-a909-3b2ac6b8b330,2,3012,Mountain Master All-Terrain Skis - 165cm,1,899.99,899.99,0.0,78.75
f9f3d55f-49de-4f9c-a909-3b2ac6b8b330,3,3021,Nordic Classic XC Skis - 185cm,1,349.99,349.99,0.0,30.62
5a1f91d1-7334-4c58-bed2-03dcfdb47b5e,1,3011,Alpine Pro Racing Skis - 170cm,2,1299.99,2599.98,0.0,227.5
5a1f91d1-7334-4c58-bed2-03dcfdb47b5e,2,3022,Backcountry Explorer XC Skis - 190cm,1,549.99,549.99,0.0,48.12
d7128a2a-010b-4eca-9811-cc677a23e819,1,3012,Mountain Master All-Terrain Skis - 165cm,2,899.99,1799.98,0.0,157.5
d7128a2a-010b-4eca-9811-cc677a23e819,2,3021,Nordic Classic XC Skis - 185cm,2,349.99,699.98,0.0,61.25
d7128a2a-010b-4eca-9811-cc677a23e819,3,3071,Ski Boot Bag - Premium,2,59.99,119.98,0.0,10.5
47ba5733-4026-44c0-a89c-4f3688c57016,1,3104,Ski Tuning Bench - Portable,2,189.99,379.98,0.0,33.25
49d8d5d8-d1a8-4ccb-8ae3-70c7a3fce43b,1,3042,Aluminum All-Mountain Poles - 115cm,1,99.99,99.99,0.0,8.75
49d8d5d8-d1a8-4ccb-8ae3-70c7a3fce43b,2,3013,Beginner's Choice Alpine Skis - 160cm,2,449.99,899.98,0.0,78.75
49d8d5d8-d1a8-4ccb-8ae3-70c7a3fce43b,3,3041,Carbon Fiber Racing Poles - 120cm,2,179.99,359.98,0.0,31.5
bc8a6055-e6ac-47ca-a87f-3cb5566bc498,1,3011,Alpine Pro Racing Skis - 170cm,1,1299.99,1299.99,0.0,113.75
bc8a6055-e6ac-47ca-a87f-3cb5566bc498,2,3092,All-Mountain Snowboard - 158cm,2,799.99,1599.98,0.0,140.0
bc8a6055-e6ac-47ca-a87f-3cb5566bc498,3,3022,Backcountry Explorer XC Skis - 190cm,2,549.99,1099.98,0.0,96.25
6a58579a-068c-486f-8e38-41bfae2d6c17,1,3012,Mountain Master All-Terrain Skis - 165cm,1,899.99,899.99,0.0,78.75
6a58579a-068c-486f-8e38-41bfae2d6c17,2,3051,Insulated Ski Jacket - Men's,2,299.99,599.98,0.0,52.5
6a58579a-068c-486f-8e38-41bfae2d6c17,3,3012,Mountain Master All-Terrain Skis - 165cm,2,899.99,1799.98,0.0,157.5
6a58579a-068c-486f-8e38-41bfae2d6c17,4,3033,Women's Performance Ski Boots,1,579.99,579.99,0.0,50.75
7078df4b-97aa-44c8-8ac2-128db99a8c8d,1,3041,Carbon Fiber Racing Poles - 120cm,1,179.99,179.99,0.0,15.75
7078df4b-97aa-44c8-8ac2-128db99a8c8d,2,3011,Alpine Pro Racing Skis - 170cm,1,1299.99,1299.99,0.0,113.75
d5fd2585-89f6-428a-b8ee-5cfed0d3c4b0,1,3032,Comfort Fit Recreational Boots,1,399.99,399.99,0.0,35.0
3d9ca1f0-b829-4fa6-a060-2063c52ba2cc,1,3053,Waterproof Ski Pants,2,249.99,499.98,0.0,43.75
3d9ca1f0-b829-4fa6-a060-2063c52ba2cc,2,3052,Thermal Base Layer Set - Women's,2,149.99,299.98,0.0,26.25
42b82062-035c-42b2-b20b-7342d4f3c122,1,3012,Mountain Master All-Terrain Skis - 165cm,2,899.99,1799.98,0.0,157.5
42b82062-035c-42b2-b20b-7342d4f3c122,2,3062,Anti-Fog Ski Goggles,2,129.99,259.98,0.0,22.75
42b82062-035c-42b2-b20b-7342d4f3c122,3,3033,Women's Performance Ski Boots,1,579.99,579.99,0.0,50.75
9c6d6982-965a-43b5-b5e0-c47816d87900,1,3051,Insulated Ski Jacket - Men's,2,299.99,599.98,0.0,52.5
9c6d6982-965a-43b5-b5e0-c47816d87900,2,3022,Backcountry Explorer XC Skis - 190cm,1,549.99,549.99,0.0,48.12
9c6d6982-965a-43b5-b5e0-c47816d87900,3,3011,Alpine Pro Racing Skis - 170cm,1,1299.99,1299.99,0.0,113.75
9c6d6982-965a-43b5-b5e0-c47816d87900,4,3031,Pro Flex Racing Ski Boots,1,649.99,649.99,0.0,56.87
7885fa25-a234-46d0-8032-a959942ca649,1,3082,Edge Tuning Tool Set,1,119.99,119.99,0.0,10.5
7885fa25-a234-46d0-8032-a959942ca649,2,3103,Snowboard Bindings - Pro,2,299.99,599.98,0.0,52.5
7885fa25-a234-46d0-8032-a959942ca649,3,3071,Ski Boot Bag - Premium,1,59.99,59.99,0.0,5.25
7885fa25-a234-46d0-8032-a959942ca649,4,3031,Pro Flex Racing Ski Boots,1,649.99,649.99,0.0,56.87
378f215a-5780-4153-b7a8-134b16c05314,1,3082,Edge Tuning Tool Set,1,119.99,119.99,0.0,10.5
ce889a7c-ef97-4bac-b0e0-4881f01c6bf1,1,3103,Snowboard Bindings - Pro,2,299.99,599.98,0.0,52.5
fc69ffc0-1c69-47e2-a09d-a1f7b63ea705,1,3082,Edge Tuning Tool Set,1,119.99,119.99,0.0,10.5
fc69ffc0-1c69-47e2-a09d-a1f7b63ea705,2,3104,Ski Tuning Bench - Portable,1,189.99,189.99,0.0,16.62
fc69ffc0-1c69-47e2-a09d-a1f7b63ea705,3,3042,Aluminum All-Mountain Poles - 115cm,2,99.99,199.98,0.0,17.5
4ac626fa-2b37-4154-bd5e-f9073dee37c4,1,3032,Comfort Fit Recreational Boots,1,399.99,399.99,0.0,35.0
4ac626fa-2b37-4154-bd5e-f9073dee37c4,2,3052,Thermal Base Layer Set - Women's,2,149.99,299.98,0.0,26.25
4ac626fa-2b37-4154-bd5e-f9073dee37c4,3,3071,Ski Boot Bag - Premium,2,59.99,119.98,0.0,10.5
95c60585-74ee-4b32-9924-e5fbd1ec1307,1,3092,All-Mountain Snowboard - 158cm,1,799.99,799.99,0.0,70.0
95c60585-74ee-4b32-9924-e5fbd1ec1307,2,3103,Snowboard Bindings - Pro,2,299.99,599.98,0.0,52.5
95c60585-74ee-4b32-9924-e5fbd1ec1307,3,3091,Freestyle Snowboard - 155cm,1,649.99,649.99,0.0,56.87
69c5859d-b5dd-4fe6-818a-b7e56aa2f373,1,3012,Mountain Master All-Terrain Skis - 165cm,1,899.99,899.99,0.0,78.75
69c5859d-b5dd-4fe6-818a-b7e56aa2f373,2,3052,Thermal Base Layer Set - Women's,1,149.99,149.99,0.0,13.12
69c5859d-b5dd-4fe6-818a-b7e56aa2f373,3,3061,Professional Ski Helmet,1,199.99,199.99,0.0,17.5
eec17fc5-cc28-443a-acb8-cb445804c255,1,3072,Hand Warmers - 10 Pack,1,14.99,14.99,0.0,1.31
eec17fc5-cc28-443a-acb8-cb445804c255,2,3103,Snowboard Bindings - Pro,1,299.99,299.99,0.0,26.25
eec17fc5-cc28-443a-acb8-cb445804c255,3,3071,Ski Boot Bag - Premium,1,59.99,59.99,0.0,5.25
eec17fc5-cc28-443a-acb8-cb445804c255,4,3021,Nordic Classic XC Skis - 185cm,2,349.99,699.98,0.0,61.25
43e91227-38d5-4ad1-a5b7-62125e09a4c1,1,3081,All-Temp Ski Wax Kit,1,79.99,79.99,0.0,7.0
3894af2d-c8ad-42d8-8be8-944fba9f71b3,1,3011,Alpine Pro Racing Skis - 170cm,2,1299.99,2599.98,0.0,227.5
bc0f1fa5-51a6-462f-8800-dd0785fc50c5,1,3032,Comfort Fit Recreational Boots,2,399.99,799.98,0.0,70.0
4eed8314-10c7-4fd9-a225-03d1ba8dfc52,1,3061,Professional Ski Helmet,2,199.99,399.98,0.0,35.0
4eed8314-10c7-4fd9-a225-03d1ba8dfc52,2,3013,Beginner's Choice Alpine Skis - 160cm,1,449.99,449.99,0.0,39.37
57e8f58f-1a08-4268-a2b0-1bfb820f9738,1,3042,Aluminum All-Mountain Poles - 115cm,1,99.99,99.99,0.0,8.75
6a2452e2-f175-4d7e-b428-791b958c146f,1,3011,Alpine Pro Racing Skis - 170cm,1,1299.99,1299.99,0.0,113.75
6a2452e2-f175-4d7e-b428-791b958c146f,2,3041,Carbon Fiber Racing Poles - 120cm,2,179.99,359.98,0.0,31.5
6a2452e2-f175-4d7e-b428-791b958c146f,3,3011,Alpine Pro Racing Skis - 170cm,2,1299.99,2599.98,0.0,227.5
98e61c13-d470-4859-b982-a55d79b2edd4,1,3041,Carbon Fiber Racing Poles - 120cm,2,179.99,359.98,0.0,31.5
98e61c13-d470-4859-b982-a55d79b2edd4,2,3052,Thermal Base Layer Set - Women's,2,149.99,299.98,0.0,26.25
98e61c13-d470-4859-b982-a55d79b2edd4,3,3104,Ski Tuning Bench - Portable,1,189.99,189.99,0.0,16.62
98e61c13-d470-4859-b982-a55d79b2edd4,4,3031,Pro Flex Racing Ski Boots,2,649.99,1299.98,0.0,113.75
9db92e18-fd51-4ea1-9cfb-c96b1110db36,1,3092,All-Mountain Snowboard - 158cm,2,799.99,1599.98,0.0,140.0
31b97640-7958-4fc7-981c-1437983e113f,1,3102,Winter Hiking Boots - Waterproof,2,249.99,499.98,0.0,43.75
31b97640-7958-4fc7-981c-1437983e113f,2,3013,Beginner's Choice Alpine Skis - 160cm,1,449.99,449.99,0.0,39.37
78034996-810c-4ccc-8a48-6888d2993c94,1,3062,Anti-Fog Ski Goggles,2,129.99,259.98,0.0,22.75
78034996-810c-4ccc-8a48-6888d2993c94,2,3013,Beginner's Choice Alpine Skis - 160cm,2,449.99,899.98,0.0,78.75
93af7766-d099-45e8-9121-26d6987e35f4,1,3103,Snowboard Bindings - Pro,2,299.99,599.98,0.0,52.5
93af7766-d099-45e8-9121-26d6987e35f4,2,3104,Ski Tuning Bench - Portable,2,189.99,379.98,0.0,33.25
c4a4592a-b0bb-448b-8e49-6819c4b04a78,1,3102,Winter Hiking Boots - Waterproof,2,249.99,499.98,0.0,43.75
954cc57b-5e92-42a7-b1d5-ad7962660533,1,3042,Aluminum All-Mountain Poles - 115cm,1,99.99,99.99,0.0,8.75
954cc57b-5e92-42a7-b1d5-ad7962660533,2,3012,Mountain Master All-Terrain Skis - 165cm,1,899.99,899.99,0.0,78.75
4a3d186d-a325-4e61-b6a8-4a0c08e255f9,1,3013,Beginner's Choice Alpine Skis - 160cm,2,449.99,899.98,0.0,78.75
d589c8ad-6030-4a69-9f8e-5b874dc0342a,1,3072,Hand Warmers - 10 Pack,1,14.99,14.99,0.0,1.31
e5e69e92-6c2b-4640-b5f8-82b4fda0b97c,1,3042,Aluminum All-Mountain Poles - 115cm,2,99.99,199.98,0.0,17.5
840b63ea-e5c9-490b-a996-66f7b2d1012d,1,3081,All-Temp Ski Wax Kit,1,79.99,79.99,0.0,7.0
840b63ea-e5c9-490b-a996-66f7b2d1012d,2,3021,Nordic Classic XC Skis - 185cm,1,349.99,349.99,0.0,30.62
27e48122-6b19-4ee2-8717-2937f44db0f6,1,3072,Hand Warmers - 10 Pack,1,14.99,14.99,0.0,1.31
27e48122-6b19-4ee2-8717-2937f44db0f6,2,3082,Edge Tuning Tool Set,1,119.99,119.99,0.0,10.5
27e48122-6b19-4ee2-8717-2937f44db0f6,3,3081,All-Temp Ski Wax Kit,1,79.99,79.99,0.0,7.0
fe497d08-1d0e-4fa9-a6ff-c2293c6f39ff,1,3041,Carbon Fiber Racing Poles - 120cm,2,179.99,359.98,0.0,31.5
0e4f04bc-e8d3-42f3-8db8-d1248036612d,1,3031,Pro Flex Racing Ski Boots,1,649.99,649.99,0.0,56.87
0e4f04bc-e8d3-42f3-8db8-d1248036612d,2,3041,Carbon Fiber Racing Poles - 120cm,2,179.99,359.98,0.0,31.5
0e4f04bc-e8d3-42f3-8db8-d1248036612d,3,3051,Insulated Ski Jacket - Men's,1,299.99,299.99,0.0,26.25
0e4f04bc-e8d3-42f3-8db8-d1248036612d,4,3013,Beginner's Choice Alpine Skis - 160cm,1,449.99,449.99,0.0,39.37
fe705265-a47e-48bb-ab62-ce7334636a4c,1,3081,All-Temp Ski Wax Kit,1,79.99,79.99,0.0,7.0
6b0c1a35-4c57-4a3a-8f8d-623ead07f445,1,3032,Comfort Fit Recreational Boots,1,399.99,399.99,0.0,35.0
4baa4e79-95e1-4383-b40b-bdbb75e5bb93,1,3081,All-Temp Ski Wax Kit,2,79.99,159.98,0.0,14.0
4baa4e79-95e1-4383-b40b-bdbb75e5bb93,2,3082,Edge Tuning Tool Set,2,119.99,239.98,0.0,21.0
4baa4e79-95e1-4383-b40b-bdbb75e5bb93,3,3052,Thermal Base Layer Set - Women's,1,149.99,149.99,0.0,13.12
4bc9d7da-19b9-4161-9228-2713b5b4252f,1,3042,Aluminum All-Mountain Poles - 115cm,1,99.99,99.99,0.0,8.75
4bc9d7da-19b9-4161-9228-2713b5b4252f,2,3051,Insulated Ski Jacket - Men's,2,299.99,599.98,0.0,52.5
7328354b-4774-48d2-8025-f75ce4e04f23,1,3013,Beginner's Choice Alpine Skis - 160cm,1,449.99,449.99,0.0,39.37
7328354b-4774-48d2-8025-f75ce4e04f23,2,3031,Pro Flex Racing Ski Boots,2,649.99,1299.98,0.0,113.75
7328354b-4774-48d2-8025-f75ce4e04f23,3,3061,Professional Ski Helmet,2,199.99,399.98,0.0,35.0
7328354b-4774-48d2-8025-f75ce4e04f23,4,3032,Comfort Fit Recreational Boots,1,399.99,399.99,0.0,35.0
d29590d6-3205-42c1-811d-d1acdfa0484e,1,3031,Pro Flex Racing Ski Boots,2,649.99,1299.98,0.0,113.75
d29590d6-3205-42c1-811d-d1acdfa0484e,2,3022,Backcountry Explorer XC Skis - 190cm,1,549.99,549.99,0.0,48.12
d29590d6-3205-42c1-811d-d1acdfa0484e,3,3082,Edge Tuning Tool Set,1,119.99,119.99,0.0,10.5
77a7c44d-983f-4612-9e07-4fdc99196785,1,3013,Beginner's Choice Alpine Skis - 160cm,1,449.99,449.99,0.0,39.37
b0dfb3fe-111f-4d1e-97ac-06822f24f195,1,3042,Aluminum All-Mountain Poles - 115cm,1,99.99,99.99,0.0,8.75
b0dfb3fe-111f-4d1e-97ac-06822f24f195,2,3104,Ski Tuning Bench - Portable,2,189.99,379.98,0.0,33.25
b0dfb3fe-111f-4d1e-97ac-06822f24f195,3,3053,Waterproof Ski Pants,2,249.99,499.98,0.0,43.75
b0dfb3fe-111f-4d1e-97ac-06822f24f195,4,3061,Professional Ski Helmet,1,199.99,199.99,0.0,17.5
390b9f00-d78d-4f35-83aa-65c0fef6e63c,1,3013,Beginner's Choice Alpine Skis - 160cm,1,449.99,449.99,0.0,39.37
390b9f00-d78d-4f35-83aa-65c0fef6e63c,2,3081,All-Temp Ski Wax Kit,1,79.99,79.99,0.0,7.0
770245e3-0e97-48f0-947b-620e1a518d6d,1,3092,All-Mountain Snowboard - 158cm,1,799.99,799.99,0.0,70.0
770245e3-0e97-48f0-947b-620e1a518d6d,2,3092,All-Mountain Snowboard - 158cm,1,799.99,799.99,0.0,70.0
0efa97b1-0e3b-4ab3-bea3-92b192cab62e,1,3082,Edge Tuning Tool Set,2,119.99,239.98,0.0,21.0
0efa97b1-0e3b-4ab3-bea3-92b192cab62e,2,3103,Snowboard Bindings - Pro,2,299.99,599.98,0.0,52.5
b042aef1-9308-49b5-a0d3-8abfa4ad5260,1,3104,Ski Tuning Bench - Portable,1,189.99,189.99,0.0,16.62
b042aef1-9308-49b5-a0d3-8abfa4ad5260,2,3082,Edge Tuning Tool Set,2,119.99,239.98,0.0,21.0
2f5f0e40-cf43-4fb4-8d2d-7703054810c4,1,3012,Mountain Master All-Terrain Skis - 165cm,1,899.99,899.99,0.0,78.75
80303853-09bc-4a47-b3f3-f9af788019e9,1,3031,Pro Flex Racing Ski Boots,2,649.99,1299.98,0.0,113.75
80303853-09bc-4a47-b3f3-f9af788019e9,2,3041,Carbon Fiber Racing Poles - 120cm,2,179.99,359.98,0.0,31.5
80303853-09bc-4a47-b3f3-f9af788019e9,3,3011,Alpine Pro Racing Skis - 170cm,2,1299.99,2599.98,0.0,227.5
20ea61c3-8a3c-49b5-8c9b-93ce11cf46e1,1,3082,Edge Tuning Tool Set,2,119.99,239.98,0.0,21.0
20ea61c3-8a3c-49b5-8c9b-93ce11cf46e1,2,3013,Beginner's Choice Alpine Skis - 160cm,2,449.99,899.98,0.0,78.75
20ea61c3-8a3c-49b5-8c9b-93ce11cf46e1,3,3081,All-Temp Ski Wax Kit,2,79.99,159.98,0.0,14.0
cc651ed1-64a9-4105-932e-b04303bb9019,1,3011,Alpine Pro Racing Skis - 170cm,1,1299.99,1299.99,0.0,113.75
ff2f0c61-e3ad-4014-94ab-48165ee8e60c,1,3091,Freestyle Snowboard - 155cm,1,649.99,649.99,0.0,56.87
07ae31ec-a4a1-459b-ac9f-b054dc811c35,1,3081,All-Temp Ski Wax Kit,1,79.99,79.99,0.0,7.0
07ae31ec-a4a1-459b-ac9f-b054dc811c35,2,3072,Hand Warmers - 10 Pack,1,14.99,14.99,0.0,1.31
07ae31ec-a4a1-459b-ac9f-b054dc811c35,3,3022,Backcountry Explorer XC Skis - 190cm,1,549.99,549.99,0.0,48.12
07ae31ec-a4a1-459b-ac9f-b054dc811c35,4,3032,Comfort Fit Recreational Boots,2,399.99,799.98,0.0,70.0
54333bcf-cdc5-4da5-9d8a-4e2af2549bcd,1,3103,Snowboard Bindings - Pro,1,299.99,299.99,0.0,26.25
54333bcf-cdc5-4da5-9d8a-4e2af2549bcd,2,3022,Backcountry Explorer XC Skis - 190cm,1,549.99,549.99,0.0,48.12
28c4f77b-f3d1-46c4-af67-9e87fc026bdb,1,3104,Ski Tuning Bench - Portable,1,189.99,189.99,0.0,16.62
9ff99b6c-e6df-49fd-9755-d45a5373d2d4,1,3081,All-Temp Ski Wax Kit,1,79.99,79.99,0.0,7.0
9ff99b6c-e6df-49fd-9755-d45a5373d2d4,2,3092,All-Mountain Snowboard - 158cm,2,799.99,1599.98,0.0,140.0
9ff99b6c-e6df-49fd-9755-d45a5373d2d4,3,3102,Winter Hiking Boots - Waterproof,2,249.99,499.98,0.0,43.75
f73357c3-bf8d-408c-a338-914b2ed03870,1,3011,Alpine Pro Racing Skis - 170cm,1,1299.99,1299.99,0.0,113.75
f73357c3-bf8d-408c-a338-914b2ed03870,2,3031,Pro Flex Racing Ski Boots,1,649.99,649.99,0.0,56.87
f73357c3-bf8d-408c-a338-914b2ed03870,3,3104,Ski Tuning Bench - Portable,2,189.99,379.98,0.0,33.25
f73357c3-bf8d-408c-a338-914b2ed03870,4,3022,Backcountry Explorer XC Skis - 190cm,1,549.99,549.99,0.0,48.12
c12ec096-85ef-444d-a919-ce60f67df091,1,3053,Waterproof Ski Pants,2,249.99,499.98,0.0,43.75
c12ec096-85ef-444d-a919-ce60f67df091,2,3082,Edge Tuning Tool Set,2,119.99,239.98,0.0,21.0
c12ec096-85ef-444d-a919-ce60f67df091,3,3102,Winter Hiking Boots - Waterproof,2,249.99,499.98,0.0,43.75
bd2d9e53-3ee0-4769-a9cb-355abfb32e73,1,3081,All-Temp Ski Wax Kit,1,79.99,79.99,0.0,7.0
e5aefc50-3c4d-4a18-9535-9d37317c25a0,1,3062,Anti-Fog Ski Goggles,2,129.99,259.98,0.0,22.75
e5aefc50-3c4d-4a18-9535-9d37317c25a0,2,3072,Hand Warmers - 10 Pack,1,14.99,14.99,0.0,1.31
3f66e953-7a32-4d8c-9df5-22087ea86dd2,1,3033,Women's Performance Ski Boots,2,579.99,1159.98,0.0,101.5
3f66e953-7a32-4d8c-9df5-22087ea86dd2,2,3101,Winter Boots - Insulated,2,159.99,319.98,0.0,28.0
3f66e953-7a32-4d8c-9df5-22087ea86dd2,3,3032,Comfort Fit Recreational Boots,2,399.99,799.98,0.0,70.0
c569a279-c635-4dab-821d-35981e52fadb,1,3104,Ski Tuning Bench - Portable,1,189.99,189.99,0.0,16.62
e422f08d-5fa6-4c65-8050-050cfebf0883,1,3011,Alpine Pro Racing Skis - 170cm,2,1299.99,2599.98,0.0,227.5
e422f08d-5fa6-4c65-8050-050cfebf0883,2,3104,Ski Tuning Bench - Portable,1,189.99,189.99,0.0,16.62
e422f08d-5fa6-4c65-8050-050cfebf0883,3,3051,Insulated Ski Jacket - Men's,2,299.99,599.98,0.0,52.5
e422f08d-5fa6-4c65-8050-050cfebf0883,4,3081,All-Temp Ski Wax Kit,1,79.99,79.99,0.0,7.0
64a117b4-b69a-4cc4-b509-e8b26b6b958b,1,3081,All-Temp Ski Wax Kit,2,79.99,159.98,0.0,14.0
4929126c-1b3e-4b48-b323-14996f79814b,1,3052,Thermal Base Layer Set - Women's,1,149.99,149.99,0.0,13.12
4929126c-1b3e-4b48-b323-14996f79814b,2,3013,Beginner's Choice Alpine Skis - 160cm,1,449.99,449.99,0.0,39.37
a8b42cbb-770f-47cb-91b6-7d2cbaaf3115,1,3032,Comfort Fit Recreational Boots,2,399.99,799.98,0.0,70.0
976279d7-6a44-4f47-acb0-ac94b0d5421a,1,3013,Beginner's Choice Alpine Skis - 160cm,1,449.99,449.99,0.0,39.37
976279d7-6a44-4f47-acb0-ac94b0d5421a,2,3103,Snowboard Bindings - Pro,1,299.99,299.99,0.0,26.25
976279d7-6a44-4f47-acb0-ac94b0d5421a,3,3013,Beginner's Choice Alpine Skis - 160cm,2,449.99,899.98,0.0,78.75
976279d7-6a44-4f47-acb0-ac94b0d5421a,4,3031,Pro Flex Racing Ski Boots,1,649.99,649.99,0.0,56.87
71802fd5-152f-4da1-89c3-f448fb16ba83,1,3032,Comfort Fit Recreational Boots,2,399.99,799.98,0.0,70.0
71802fd5-152f-4da1-89c3-f448fb16ba83,2,3011,Alpine Pro Racing Skis - 170cm,1,1299.99,1299.99,0.0,113.75
71802fd5-152f-4da1-89c3-f448fb16ba83,3,3103,Snowboard Bindings - Pro,2,299.99,599.98,0.0,52.5
9853cdc4-e399-4472-918b-dc2672658242,1,3092,All-Mountain Snowboard - 158cm,1,799.99,799.99,0.0,70.0
a66d52da-57ad-41bb-9c40-294cfa170c65,1,3061,Professional Ski Helmet,1,199.99,199.99,0.0,17.5
a66d52da-57ad-41bb-9c40-294cfa170c65,2,3033,Women's Performance Ski Boots,1,579.99,579.99,0.0,50.75
a66d52da-57ad-41bb-9c40-294cfa170c65,3,3104,Ski Tuning Bench - Portable,2,189.99,379.98,0.0,33.25
a66d52da-57ad-41bb-9c40-294cfa170c65,4,3081,All-Temp Ski Wax Kit,1,79.99,79.99,0.0,7.0
459b8d8c-ea09-44f2-b230-a0ed6f8060cc,1,3021,Nordic Classic XC Skis - 185cm,2,349.99,699.98,0.0,61.25
459b8d8c-ea09-44f2-b230-a0ed6f8060cc,2,3042,Aluminum All-Mountain Poles - 115cm,2,99.99,199.98,0.0,17.5
459b8d8c-ea09-44f2-b230-a0ed6f8060cc,3,3011,Alpine Pro Racing Skis - 170cm,2,1299.99,2599.98,0.0,227.5
459b8d8c-ea09-44f2-b230-a0ed6f8060cc,4,3051,Insulated Ski Jacket - Men's,1,299.99,299.99,0.0,26.25
e004db46-1f2e-428d-be3d-f358ae3eb79f,1,3011,Alpine Pro Racing Skis - 170cm,2,1299.99,2599.98,0.0,227.5
e004db46-1f2e-428d-be3d-f358ae3eb79f,2,3041,Carbon Fiber Racing Poles - 120cm,1,179.99,179.99,0.0,15.75
e004db46-1f2e-428d-be3d-f358ae3eb79f,3,3011,Alpine Pro Racing Skis - 170cm,2,1299.99,2599.98,0.0,227.5
e004db46-1f2e-428d-be3d-f358ae3eb79f,4,3051,Insulated Ski Jacket - Men's,2,299.99,599.98,0.0,52.5
f77130d6-5230-4d9c-9b58-202d511f174f,1,3051,Insulated Ski Jacket - Men's,2,299.99,599.98,0.0,52.5
f77130d6-5230-4d9c-9b58-202d511f174f,2,3091,Freestyle Snowboard - 155cm,1,649.99,649.99,0.0,56.87
f77130d6-5230-4d9c-9b58-202d511f174f,3,3031,Pro Flex Racing Ski Boots,2,649.99,1299.98,0.0,113.75
5fdd2e14-7b58-4388-8e77-0d7ba3e880ce,1,3031,Pro Flex Racing Ski Boots,2,649.99,1299.98,0.0,113.75
5fdd2e14-7b58-4388-8e77-0d7ba3e880ce,2,3032,Comfort Fit Recreational Boots,1,399.99,399.99,0.0,35.0
5fdd2e14-7b58-4388-8e77-0d7ba3e880ce,3,3061,Professional Ski Helmet,1,199.99,199.99,0.0,17.5
5fdd2e14-7b58-4388-8e77-0d7ba3e880ce,4,3031,Pro Flex Racing Ski Boots,1,649.99,649.99,0.0,56.87
8c923167-650d-4c61-8332-fb76f99c860a,1,3104,Ski Tuning Bench - Portable,2,189.99,379.98,0.0,33.25
8c923167-650d-4c61-8332-fb76f99c860a,2,3062,Anti-Fog Ski Goggles,1,129.99,129.99,0.0,11.37
8c923167-650d-4c61-8332-fb76f99c860a,3,3104,Ski Tuning Bench - Portable,2,189.99,379.98,0.0,33.25
fd6088af-3ac5-4536-89ae-acc3b1c33a71,1,3082,Edge Tuning Tool Set,1,119.99,119.99,0.0,10.5
fd6088af-3ac5-4536-89ae-acc3b1c33a71,2,3032,Comfort Fit Recreational Boots,2,399.99,799.98,0.0,70.0
fd6088af-3ac5-4536-89ae-acc3b1c33a71,3,3104,Ski Tuning Bench - Portable,2,189.99,379.98,0.0,33.25
82a80011-f461-46a0-b96b-b093a32404bb,1,3092,All-Mountain Snowboard - 158cm,1,799.99,799.99,0.0,70.0
82a80011-f461-46a0-b96b-b093a32404bb,2,3011,Alpine Pro Racing Skis - 170cm,1,1299.99,1299.99,0.0,113.75
82a80011-f461-46a0-b96b-b093a32404bb,3,3052,Thermal Base Layer Set - Women's,1,149.99,149.99,0.0,13.12
201f3976-c0c2-4034-a1b8-26077a33f869,1,3033,Women's Performance Ski Boots,1,579.99,579.99,0.0,50.75
7f733abb-d24f-4a62-a897-3a8cae6f6a3a,1,3091,Freestyle Snowboard - 155cm,1,649.99,649.99,0.0,56.87
7f733abb-d24f-4a62-a897-3a8cae6f6a3a,2,3061,Professional Ski Helmet,1,199.99,199.99,0.0,17.5
7f733abb-d24f-4a62-a897-3a8cae6f6a3a,3,3104,Ski Tuning Bench - Portable,1,189.99,189.99,0.0,16.62
7f733abb-d24f-4a62-a897-3a8cae6f6a3a,4,3061,Professional Ski Helmet,1,199.99,199.99,0.0,17.5
cff21ba9-f15f-4f47-9ffe-3da1b5de226c,1,3103,Snowboard Bindings - Pro,1,299.99,299.99,0.0,26.25
cff21ba9-f15f-4f47-9ffe-3da1b5de226c,2,3071,Ski Boot Bag - Premium,1,59.99,59.99,0.0,5.25
cdead0d1-7998-44f8-86ac-f6d013bd3785,1,3013,Beginner's Choice Alpine Skis - 160cm,1,449.99,449.99,0.0,39.37
cdead0d1-7998-44f8-86ac-f6d013bd3785,2,3021,Nordic Classic XC Skis - 185cm,2,349.99,699.98,0.0,61.25
cdead0d1-7998-44f8-86ac-f6d013bd3785,3,3012,Mountain Master All-Terrain Skis - 165cm,1,899.99,899.99,0.0,78.75
cdead0d1-7998-44f8-86ac-f6d013bd3785,4,3042,Aluminum All-Mountain Poles - 115cm,2,99.99,199.98,0.0,17.5
fd59e9fb-fafc-48df-98a9-8458e62b0f7b,1,3062,Anti-Fog Ski Goggles,2,129.99,259.98,0.0,22.75
fd59e9fb-fafc-48df-98a9-8458e62b0f7b,2,3031,Pro Flex Racing Ski Boots,2,649.99,1299.98,0.0,113.75
fd59e9fb-fafc-48df-98a9-8458e62b0f7b,3,3032,Comfort Fit Recreational Boots,2,399.99,799.98,0.0,70.0
fd59e9fb-fafc-48df-98a9-8458e62b0f7b,4,3011,Alpine Pro Racing Skis - 170cm,1,1299.99,1299.99,0.0,113.75
4b2f3246-045e-4a80-87c5-786eeded2634,1,3041,Carbon Fiber Racing Poles - 120cm,1,179.99,179.99,0.0,15.75
bc9fe4c7-4b83-4c06-b93a-54db7b86654a,1,3082,Edge Tuning Tool Set,2,119.99,239.98,0.0,21.0
bc9fe4c7-4b83-4c06-b93a-54db7b86654a,2,3052,Thermal Base Layer Set - Women's,1,149.99,149.99,0.0,13.12
bc9fe4c7-4b83-4c06-b93a-54db7b86654a,3,3062,Anti-Fog Ski Goggles,2,129.99,259.98,0.0,22.75
bc9fe4c7-4b83-4c06-b93a-54db7b86654a,4,3071,Ski Boot Bag - Premium,1,59.99,59.99,0.0,5.25
5bcaef5b-c893-48ef-b3bc-aa5be5fffce0,1,3012,Mountain Master All-Terrain Skis - 165cm,2,899.99,1799.98,0.0,157.5
5bcaef5b-c893-48ef-b3bc-aa5be5fffce0,2,3021,Nordic Classic XC Skis - 185cm,2,349.99,699.98,0.0,61.25
17e8746b-ca91-4573-9427-2a01385f58fb,1,3012,Mountain Master All-Terrain Skis - 165cm,1,899.99,899.99,0.0,78.75
17e8746b-ca91-4573-9427-2a01385f58fb,2,3031,Pro Flex Racing Ski Boots,2,649.99,1299.98,0.0,113.75
17e8746b-ca91-4573-9427-2a01385f58fb,3,3022,Backcountry Explorer XC Skis - 190cm,2,549.99,1099.98,0.0,96.25
0a6f447b-ab2d-40d3-a7af-c6e9197dacf0,1,3104,Ski Tuning Bench - Portable,2,189.99,379.98,0.0,33.25
0a6f447b-ab2d-40d3-a7af-c6e9197dacf0,2,3103,Snowboard Bindings - Pro,1,299.99,299.99,0.0,26.25
26c271c7-452b-417c-a83f-c4c5fca71cba,1,3104,Ski Tuning Bench - Portable,2,189.99,379.98,0.0,33.25
26c271c7-452b-417c-a83f-c4c5fca71cba,2,3051,Insulated Ski Jacket - Men's,2,299.99,599.98,0.0,52.5
26c271c7-452b-417c-a83f-c4c5fca71cba,3,3104,Ski Tuning Bench - Portable,1,189.99,189.99,0.0,16.62
540488d7-8ae4-47d8-98a8-be237ac0520a,1,3082,Edge Tuning Tool Set,2,119.99,239.98,0.0,21.0
540488d7-8ae4-47d8-98a8-be237ac0520a,2,3091,Freestyle Snowboard - 155cm,2,649.99,1299.98,0.0,113.75
540488d7-8ae4-47d8-98a8-be237ac0520a,3,3031,Pro Flex Racing Ski Boots,2,649.99,1299.98,0.0,113.75
5675cd24-9e65-42cc-bff1-d01df9a7d879,1,3041,Carbon Fiber Racing Poles - 120cm,2,179.99,359.98,0.0,31.5
858297ee-a43d-43e1-b85e-e70eec4a0b5a,1,3072,Hand Warmers - 10 Pack,1,14.99,14.99,0.0,1.31
858297ee-a43d-43e1-b85e-e70eec4a0b5a,2,3103,Snowboard Bindings - Pro,1,299.99,299.99,0.0,26.25
858297ee-a43d-43e1-b85e-e70eec4a0b5a,3,3032,Comfort Fit Recreational Boots,2,399.99,799.98,0.0,70.0
858297ee-a43d-43e1-b85e-e70eec4a0b5a,4,3013,Beginner's Choice Alpine Skis - 160cm,2,449.99,899.98,0.0,78.75
3e75e77d-fa7a-4ea9-839b-d4d0296fcfdd,1,3042,Aluminum All-Mountain Poles - 115cm,1,99.99,99.99,0.0,8.75
3e75e77d-fa7a-4ea9-839b-d4d0296fcfdd,2,3013,Beginner's Choice Alpine Skis - 160cm,2,449.99,899.98,0.0,78.75
3e75e77d-fa7a-4ea9-839b-d4d0296fcfdd,3,3031,Pro Flex Racing Ski Boots,1,649.99,649.99,0.0,56.87
3e75e77d-fa7a-4ea9-839b-d4d0296fcfdd,4,3041,Carbon Fiber Racing Poles - 120cm,1,179.99,179.99,0.0,15.75
94e935fa-e00a-46e7-a166-446e49174a52,1,3082,Edge Tuning Tool Set,2,119.99,239.98,0.0,21.0
e57bf8e8-f261-4796-83ab-ece768fc4465,1,3082,Edge Tuning Tool Set,1,119.99,119.99,0.0,10.5
5a1ca29d-46de-46ea-9fde-288d9a9cbaa2,1,3013,Beginner's Choice Alpine Skis - 160cm,2,449.99,899.98,0.0,78.75
5a1ca29d-46de-46ea-9fde-288d9a9cbaa2,2,3103,Snowboard Bindings - Pro,1,299.99,299.99,0.0,26.25
5a1ca29d-46de-46ea-9fde-288d9a9cbaa2,3,3101,Winter Boots - Insulated,1,159.99,159.99,0.0,14.0
5a1ca29d-46de-46ea-9fde-288d9a9cbaa2,4,3104,Ski Tuning Bench - Portable,1,189.99,189.99,0.0,16.62
41420240-9ce5-4f6c-a1c0-fa2785485758,1,3062,Anti-Fog Ski Goggles,1,129.99,129.99,0.0,11.37
41420240-9ce5-4f6c-a1c0-fa2785485758,2,3012,Mountain Master All-Terrain Skis - 165cm,2,899.99,1799.98,0.0,157.5
41420240-9ce5-4f6c-a1c0-fa2785485758,3,3013,Beginner's Choice Alpine Skis - 160cm,2,449.99,899.98,0.0,78.75
ded8004a-9374-435d-b314-1f7ec8245a07,1,3051,Insulated Ski Jacket - Men's,1,299.99,299.99,0.0,26.25
ded8004a-9374-435d-b314-1f7ec8245a07,2,3053,Waterproof Ski Pants,2,249.99,499.98,0.0,43.75
259ed58d-2bad-4d83-afdb-8d253c9988a7,1,3052,Thermal Base Layer Set - Women's,2,149.99,299.98,0.0,26.25
259ed58d-2bad-4d83-afdb-8d253c9988a7,2,3103,Snowboard Bindings - Pro,2,299.99,599.98,0.0,52.5
9a14a652-33ef-480b-966e-78f3c7e8e0d3,1,3032,Comfort Fit Recreational Boots,2,399.99,799.98,0.0,70.0
9a14a652-33ef-480b-966e-78f3c7e8e0d3,2,3082,Edge Tuning Tool Set,2,119.99,239.98,0.0,21.0
9a14a652-33ef-480b-966e-78f3c7e8e0d3,3,3082,Edge Tuning Tool Set,2,119.99,239.98,0.0,21.0
7f2f852c-1c4f-4d0f-a6d1-24dd7efdd244,1,3031,Pro Flex Racing Ski Boots,2,649.99,1299.98,0.0,113.75
7f2f852c-1c4f-4d0f-a6d1-24dd7efdd244,2,3053,Waterproof Ski Pants,2,249.99,499.98,0.0,43.75
7f2f852c-1c4f-4d0f-a6d1-24dd7efdd244,3,3033,Women's Performance Ski Boots,1,579.99,579.99,0.0,50.75
7f2f852c-1c4f-4d0f-a6d1-24dd7efdd244,4,3062,Anti-Fog Ski Goggles,1,129.99,129.99,0.0,11.37
cfd94b29-7da9-4ffc-b3f8-00dbf00411ae,1,3104,Ski Tuning Bench - Portable,1,189.99,189.99,0.0,16.62
cfd94b29-7da9-4ffc-b3f8-00dbf00411ae,2,3103,Snowboard Bindings - Pro,2,299.99,599.98,0.0,52.5
cfd94b29-7da9-4ffc-b3f8-00dbf00411ae,3,3052,Thermal Base Layer Set - Women's,2,149.99,299.98,0.0,26.25
e7470949-5823-41cc-b090-73c9f1f124a9,1,3012,Mountain Master All-Terrain Skis - 165cm,2,899.99,1799.98,0.0,157.5
e7470949-5823-41cc-b090-73c9f1f124a9,2,3012,Mountain Master All-Terrain Skis - 165cm,2,899.99,1799.98,0.0,157.5
e7470949-5823-41cc-b090-73c9f1f124a9,3,3053,Waterproof Ski Pants,1,249.99,249.99,0.0,21.87
5840d8d3-c77c-4f28-9511-2c1e905ab6fc,1,3081,All-Temp Ski Wax Kit,2,79.99,159.98,0.0,14.0
1b9af141-81e4-4287-b494-2803df126618,1,3031,Pro Flex Racing Ski Boots,1,649.99,649.99,0.0,56.87
1ffaa0ac-7e97-45fb-8b68-d56e1b97b93a,1,3103,Snowboard Bindings - Pro,1,299.99,299.99,0.0,26.25
1ffaa0ac-7e97-45fb-8b68-d56e1b97b93a,2,3082,Edge Tuning Tool Set,2,119.99,239.98,0.0,21.0
ad52b6a1-73fd-42c4-a9ac-1db9f42a9c49,1,3072,Hand Warmers - 10 Pack,2,14.99,29.98,0.0,2.62
ad52b6a1-73fd-42c4-a9ac-1db9f42a9c49,2,3081,All-Temp Ski Wax Kit,2,79.99,159.98,0.0,14.0
95c21c7b-85e7-42d3-ad94-3eb70dc0d949,1,3041,Carbon Fiber Racing Poles - 120cm,1,179.99,179.99,0.0,15.75
95c21c7b-85e7-42d3-ad94-3eb70dc0d949,2,3053,Waterproof Ski Pants,1,249.99,249.99,0.0,21.87
95c21c7b-85e7-42d3-ad94-3eb70dc0d949,3,3082,Edge Tuning Tool Set,1,119.99,119.99,0.0,10.5
f78867ab-41fe-4ab8-8020-a07ed5b10d5c,1,3011,Alpine Pro Racing Skis - 170cm,1,1299.99,1299.99,0.0,113.75
f78867ab-41fe-4ab8-8020-a07ed5b10d5c,2,3031,Pro Flex Racing Ski Boots,1,649.99,649.99,0.0,56.87
f78867ab-41fe-4ab8-8020-a07ed5b10d5c,3,3041,Carbon Fiber Racing Poles - 120cm,2,179.99,359.98,0.0,31.5
6155dd75-b050-4164-a65b-8e6e6d812739,1,3033,Women's Performance Ski Boots,1,579.99,579.99,0.0,50.75
6155dd75-b050-4164-a65b-8e6e6d812739,2,3102,Winter Hiking Boots - Waterproof,2,249.99,499.98,0.0,43.75
6155dd75-b050-4164-a65b-8e6e6d812739,3,3032,Comfort Fit Recreational Boots,1,399.99,399.99,0.0,35.0
678cea26-4c75-45f6-9150-3e2d0b7a0364,1,3103,Snowboard Bindings - Pro,2,299.99,599.98,0.0,52.5
678cea26-4c75-45f6-9150-3e2d0b7a0364,2,3081,All-Temp Ski Wax Kit,2,79.99,159.98,0.0,14.0
678cea26-4c75-45f6-9150-3e2d0b7a0364,3,3022,Backcountry Explorer XC Skis - 190cm,2,549.99,1099.98,0.0,96.25
9b828299-32f9-400b-9b5e-23d8ec33aa4d,1,3052,Thermal Base Layer Set - Women's,1,149.99,149.99,0.0,13.12
fd7e54db-7093-42ba-9515-83b16460ad60,1,3042,Aluminum All-Mountain Poles - 115cm,2,99.99,199.98,0.0,17.5
fd7e54db-7093-42ba-9515-83b16460ad60,2,3052,Thermal Base Layer Set - Women's,2,149.99,299.98,0.0,26.25
fd7e54db-7093-42ba-9515-83b16460ad60,3,3031,Pro Flex Racing Ski Boots,2,649.99,1299.98,0.0,113.75
797dde17-5cda-400e-b279-6820e8b43962,1,3013,Beginner's Choice Alpine Skis - 160cm,2,449.99,899.98,0.0,78.75
797dde17-5cda-400e-b279-6820e8b43962,2,3051,Insulated Ski Jacket - Men's,2,299.99,599.98,0.0,52.5
db54a682-2998-400e-84b3-a7bd06e31faa,1,3052,Thermal Base Layer Set - Women's,2,149.99,299.98,0.0,26.25
db54a682-2998-400e-84b3-a7bd06e31faa,2,3012,Mountain Master All-Terrain Skis - 165cm,1,899.99,899.99,0.0,78.75
db54a682-2998-400e-84b3-a7bd06e31faa,3,3052,Thermal Base Layer Set - Women's,1,149.99,149.99,0.0,13.12
db54a682-2998-400e-84b3-a7bd06e31faa,4,3012,Mountain Master All-Terrain Skis - 165cm,2,899.99,1799.98,0.0,157.5
9d17fc12-c8b2-4136-a98d-39f590ce10bf,1,3031,Pro Flex Racing Ski Boots,2,649.99,1299.98,0.0,113.75
9d17fc12-c8b2-4136-a98d-39f590ce10bf,2,3082,Edge Tuning Tool Set,1,119.99,119.99,0.0,10.5
9d17fc12-c8b2-4136-a98d-39f590ce10bf,3,3032,Comfort Fit Recreational Boots,2,399.99,799.98,0.0,70.0
353627da-cfc4-4081-b313-af801ed9a9e0,1,3102,Winter Hiking Boots - Waterproof,1,249.99,249.99,0.0,21.87
a09f6a1f-f95a-4981-a836-860d826f9177,1,3033,Women's Performance Ski Boots,2,579.99,1159.98,0.0,101.5
22c2d493-d7a1-4ee4-9903-fb3ffe082974,1,3051,Insulated Ski Jacket - Men's,1,299.99,299.99,0.0,26.25
22c2d493-d7a1-4ee4-9903-fb3ffe082974,2,3104,Ski Tuning Bench - Portable,1,189.99,189.99,0.0,16.62
22c2d493-d7a1-4ee4-9903-fb3ffe082974,3,3031,Pro Flex Racing Ski Boots,2,649.99,1299.98,0.0,113.75
22c2d493-d7a1-4ee4-9903-fb3ffe082974,4,3081,All-Temp Ski Wax Kit,1,79.99,79.99,0.0,7.0
c5f7dd2c-2789-4f0b-a3c8-6479b8a1810f,1,3092,All-Mountain Snowboard - 158cm,2,799.99,1599.98,0.0,140.0
c5f7dd2c-2789-4f0b-a3c8-6479b8a1810f,2,3104,Ski Tuning Bench - Portable,2,189.99,379.98,0.0,33.25
c5f7dd2c-2789-4f0b-a3c8-6479b8a1810f,3,3082,Edge Tuning Tool Set,1,119.99,119.99,0.0,10.5
c5f7dd2c-2789-4f0b-a3c8-6479b8a1810f,4,3082,Edge Tuning Tool Set,2,119.99,239.98,0.0,21.0
82b42662-4a13-4476-894f-d0c7396998b4,1,3012,Mountain Master All-Terrain Skis - 165cm,1,899.99,899.99,0.0,78.75
82b42662-4a13-4476-894f-d0c7396998b4,2,3011,Alpine Pro Racing Skis - 170cm,2,1299.99,2599.98,0.0,227.5
82b42662-4a13-4476-894f-d0c7396998b4,3,3022,Backcountry Explorer XC Skis - 190cm,2,549.99,1099.98,0.0,96.25
82b42662-4a13-4476-894f-d0c7396998b4,4,3031,Pro Flex Racing Ski Boots,1,649.99,649.99,0.0,56.87
1b1fc01c-fb9e-4da6-9727-ec8b19287ea7,1,3082,Edge Tuning Tool Set,1,119.99,119.99,0.0,10.5
1b1fc01c-fb9e-4da6-9727-ec8b19287ea7,2,3013,Beginner's Choice Alpine Skis - 160cm,2,449.99,899.98,0.0,78.75
1b1fc01c-fb9e-4da6-9727-ec8b19287ea7,3,3081,All-Temp Ski Wax Kit,1,79.99,79.99,0.0,7.0
cca93de5-064e-4552-851b-80fb2da56a5b,1,3041,Carbon Fiber Racing Poles - 120cm,2,179.99,359.98,0.0,31.5
cca93de5-064e-4552-851b-80fb2da56a5b,2,3072,Hand Warmers - 10 Pack,2,14.99,29.98,0.0,2.62
cca93de5-064e-4552-851b-80fb2da56a5b,3,3052,Thermal Base Layer Set - Women's,2,149.99,299.98,0.0,26.25
8e94d027-c544-4719-9cdf-b8808228f332,1,3081,All-Temp Ski Wax Kit,1,79.99,79.99,0.0,7.0
8e94d027-c544-4719-9cdf-b8808228f332,2,3052,Thermal Base Layer Set - Women's,2,149.99,299.98,0.0,26.25
8e94d027-c544-4719-9cdf-b8808228f332,3,3104,Ski Tuning Bench - Portable,2,189.99,379.98,0.0,33.25
c139ae83-1d48-461a-a45b-38b48485f9ad,1,3104,Ski Tuning Bench - Portable,2,189.99,379.98,0.0,33.25
c139ae83-1d48-461a-a45b-38b48485f9ad,2,3091,Freestyle Snowboard - 155cm,2,649.99,1299.98,0.0,113.75
c139ae83-1d48-461a-a45b-38b48485f9ad,3,3103,Snowboard Bindings - Pro,1,299.99,299.99,0.0,26.25
c139ae83-1d48-461a-a45b-38b48485f9ad,4,3104,Ski Tuning Bench - Portable,2,189.99,379.98,0.0,33.25
6fd2453c-9c46-4364-b9f6-3d3cfa36f4d0,1,3062,Anti-Fog Ski Goggles,1,129.99,129.99,0.0,11.37
6fd2453c-9c46-4364-b9f6-3d3cfa36f4d0,2,3032,Comfort Fit Recreational Boots,2,399.99,799.98,0.0,70.0
39ffef06-2469-4aa7-96ec-519c2ed6ca39,1,3042,Aluminum All-Mountain Poles - 115cm,1,99.99,99.99,0.0,8.75
39ffef06-2469-4aa7-96ec-519c2ed6ca39,2,3082,Edge Tuning Tool Set,2,119.99,239.98,0.0,21.0
39ffef06-2469-4aa7-96ec-519c2ed6ca39,3,3082,Edge Tuning Tool Set,1,119.99,119.99,0.0,10.5
39ffef06-2469-4aa7-96ec-519c2ed6ca39,4,3033,Women's Performance Ski Boots,2,579.99,1159.98,0.0,101.5
6cbbc476-3b66-4ffb-91ba-d27f21ad5601,1,3062,Anti-Fog Ski Goggles,2,129.99,259.98,0.0,22.75
6cbbc476-3b66-4ffb-91ba-d27f21ad5601,2,3104,Ski Tuning Bench - Portable,1,189.99,189.99,0.0,16.62
bd70e963-7052-4908-bea3-135be8fa7639,1,3104,Ski Tuning Bench - Portable,1,189.99,189.99,0.0,16.62
bd70e963-7052-4908-bea3-135be8fa7639,2,3012,Mountain Master All-Terrain Skis - 165cm,2,899.99,1799.98,0.0,157.5
bd70e963-7052-4908-bea3-135be8fa7639,3,3104,Ski Tuning Bench - Portable,2,189.99,379.98,0.0,33.25
6c3dd8b9-1b41-4524-a091-3885188aa58c,1,3033,Women's Performance Ski Boots,2,579.99,1159.98,0.0,101.5
6c3dd8b9-1b41-4524-a091-3885188aa58c,2,3071,Ski Boot Bag - Premium,1,59.99,59.99,0.0,5.25
6c3dd8b9-1b41-4524-a091-3885188aa58c,3,3052,Thermal Base Layer Set - Women's,2,149.99,299.98,0.0,26.25
99018b32-af31-4df9-af32-ab23a65eb79e,1,3092,All-Mountain Snowboard - 158cm,2,799.99,1599.98,0.0,140.0
99018b32-af31-4df9-af32-ab23a65eb79e,2,3104,Ski Tuning Bench - Portable,2,189.99,379.98,0.0,33.25
99018b32-af31-4df9-af32-ab23a65eb79e,3,3082,Edge Tuning Tool Set,1,119.99,119.99,0.0,10.5
f587ba2f-f906-4330-8c36-265400fbe71a,1,3071,Ski Boot Bag - Premium,1,59.99,59.99,0.0,5.25
f587ba2f-f906-4330-8c36-265400fbe71a,2,3081,All-Temp Ski Wax Kit,1,79.99,79.99,0.0,7.0
f587ba2f-f906-4330-8c36-265400fbe71a,3,3022,Backcountry Explorer XC Skis - 190cm,2,549.99,1099.98,0.0,96.25
1b784b63-72da-4b15-81c3-219d00a29204,1,3051,Insulated Ski Jacket - Men's,1,299.99,299.99,0.0,26.25
1b784b63-72da-4b15-81c3-219d00a29204,2,3061,Professional Ski Helmet,1,199.99,199.99,0.0,17.5
59bf5268-d847-4f9c-99e1-6199f7669bec,1,3072,Hand Warmers - 10 Pack,2,14.99,29.98,0.0,2.62
59bf5268-d847-4f9c-99e1-6199f7669bec,2,3031,Pro Flex Racing Ski Boots,1,649.99,649.99,0.0,56.87
59bf5268-d847-4f9c-99e1-6199f7669bec,3,3092,All-Mountain Snowboard - 158cm,2,799.99,1599.98,0.0,140.0
59bf5268-d847-4f9c-99e1-6199f7669bec,4,3052,Thermal Base Layer Set - Women's,1,149.99,149.99,0.0,13.12
785353d1-1098-44ef-8422-bfd1ebe81e7e,1,3011,Alpine Pro Racing Skis - 170cm,2,1299.99,2599.98,0.0,227.5
930ad219-73be-482f-88e2-a79fcd21a453,1,3092,All-Mountain Snowboard - 158cm,2,799.99,1599.98,0.0,140.0
930ad219-73be-482f-88e2-a79fcd21a453,2,3103,Snowboard Bindings - Pro,1,299.99,299.99,0.0,26.25
930ad219-73be-482f-88e2-a79fcd21a453,3,3104,Ski Tuning Bench - Portable,1,189.99,189.99,0.0,16.62
fdfc3f72-577c-48a4-b05e-207a8ea98a1e,1,3032,Comfort Fit Recreational Boots,1,399.99,399.99,0.0,35.0
fdfc3f72-577c-48a4-b05e-207a8ea98a1e,2,3033,Women's Performance Ski Boots,2,579.99,1159.98,0.0,101.5
fdfc3f72-577c-48a4-b05e-207a8ea98a1e,3,3031,Pro Flex Racing Ski Boots,2,649.99,1299.98,0.0,113.75
10c6987b-09df-4cbc-982c-ad56b62d20ed,1,3081,All-Temp Ski Wax Kit,2,79.99,159.98,0.0,14.0
b8161c25-150f-40a3-ab45-1226c2a8525c,1,3033,Women's Performance Ski Boots,1,579.99,579.99,0.0,50.75
240fd4b0-cc7e-4e12-8294-e8e4791bebb4,1,3032,Comfort Fit Recreational Boots,1,399.99,399.99,0.0,35.0
e3db767d-29e3-4071-87b5-7d47830fe578,1,3051,Insulated Ski Jacket - Men's,2,299.99,599.98,0.0,52.5
e3db767d-29e3-4071-87b5-7d47830fe578,2,3104,Ski Tuning Bench - Portable,2,189.99,379.98,0.0,33.25
e3db767d-29e3-4071-87b5-7d47830fe578,3,3082,Edge Tuning Tool Set,2,119.99,239.98,0.0,21.0
262f3fb6-2984-4c29-b68a-e04d4520b104,1,3104,Ski Tuning Bench - Portable,2,189.99,379.98,0.0,33.25
262f3fb6-2984-4c29-b68a-e04d4520b104,2,3081,All-Temp Ski Wax Kit,2,79.99,159.98,0.0,14.0
846d1115-96fa-4f51-a988-058fcab34f56,1,3053,Waterproof Ski Pants,1,249.99,249.99,0.0,21.87
7ec7fdcc-99f1-4b47-a414-fb0e469be35c,1,3053,Waterproof Ski Pants,1,249.99,249.99,0.0,21.87
49d15fe3-3049-4269-b813-82f21f07d619,1,3032,Comfort Fit Recreational Boots,2,399.99,799.98,0.0,70.0
49d15fe3-3049-4269-b813-82f21f07d619,2,3033,Women's Performance Ski Boots,2,579.99,1159.98,0.0,101.5
49d15fe3-3049-4269-b813-82f21f07d619,3,3013,Beginner's Choice Alpine Skis - 160cm,1,449.99,449.99,0.0,39.37
49d15fe3-3049-4269-b813-82f21f07d619,4,3011,Alpine Pro Racing Skis - 170cm,2,1299.99,2599.98,0.0,227.5
