OrderId,SalesChannelId,OrderNumber,CustomerId,CustomerAccountId,OrderDate,OrderStatus,SubTotal,TaxAmount,OrderTotal,PaymentMethod,IsoCurrencyCode,CreatedBy
46138282-efd9-4de9-a94b-212ec0602ff9,Ski,S300000,CID-001,CA-0926,2022-11-19,Completed,619.96,54.25,674.21,AmEx,USD,SampleGen
259cdacc-47d8-4392-acff-e24f9088f548,Ski,S300001,CID-001,CA-0926,2024-07-11,Completed,2099.97,183.75,2283.72,MC,USD,SampleGen
05096fc9-5a76-4240-b78a-a785cbefd0cd,Ski,S300002,CID-001,CA-0926,2022-06-19,Completed,1139.94,99.74,1239.68,VISA,USD,SampleGen
b4404a68-8c08-442f-a195-509637e86b85,Ski,S300003,CID-001,CA-0926,2021-12-02,Completed,3699.93,323.75,4023.68,Discover,USD,SampleGen
6a6bc5a7-d47a-4154-858f-9561dfeb6d53,Ski,S300004,CID-001,CA-0926,2024-03-10,Completed,1909.95,167.12,2077.07,AmEx,USD,SampleGen
a8ad6144-3e26-45af-8cbd-93659cc843b9,Ski,S300005,CID-001,CA-0926,2023-03-01,Shipped,1169.95,102.37,1272.32,MC,USD,SampleGen
b160823b-a5c6-48d7-8461-3f40c22e9b65,Ski,S300006,CID-001,CA-0926,2026-04-02,Cancelled,919.94,80.5,1000.44,PayPal,USD,SampleGen
34dfd184-70a3-4d1f-958f-26c884d96ee1,Ski,S300007,CID-002,CA-0927,2024-02-21,Cancelled,1299.99,113.75,1413.74,VISA,USD,SampleGen
918b27f1-230e-439f-883c-0aa620111399,Ski,S300008,CID-003,CA-0928,2024-02-17,Completed,1609.97,140.87,1750.84,MC,USD,SampleGen
bffb4574-6520-428c-b740-ecca4f54226b,Ski,S300009,CID-003,CA-0928,2023-09-10,Completed,399.99,35.0,434.99,VISA,USD,SampleGen
982c13b1-3f69-411a-a636-1019e67ee825,Ski,S300010,CID-003,CA-0928,2022-10-20,Shipped,399.97,35.0,434.97,VISA,USD,SampleGen
5289a913-3a86-4f34-95ac-96138ba7aa86,Ski,S300011,CID-003,CA-0928,2023-10-19,Completed,299.99,26.25,326.24,VISA,USD,SampleGen
01f3a565-238f-4185-9c63-90777d0f3fd4,Ski,S300012,CID-004,CA-0929,2021-10-24,Completed,1399.95,122.5,1522.45,VISA,USD,SampleGen
ca69b23c-0629-42cc-a64f-4090b18ee571,Ski,S300013,CID-005,CA-0930,2021-10-02,Shipped,199.98,17.5,217.48,PayPal,USD,SampleGen
1117dcb6-06f3-4ca6-b99a-daa775c93c69,Ski,S300014,CID-005,CA-0930,2021-08-29,Completed,79.99,7.0,86.99,PayPal,USD,SampleGen
cdb295fd-4ff6-4496-a8c5-fcfc3a54186c,Ski,S300015,CID-006,CA-0931,2021-05-02,Completed,189.99,16.62,206.61,PayPal,USD,SampleGen
c8650376-5362-497e-8caf-a691ad751cb3,Ski,S300016,CID-006,CA-0931,2022-09-01,Shipped,1099.96,96.25,1196.21,VISA,USD,SampleGen
2712304c-770c-42fa-b755-14a4f99d1adc,Ski,S300017,CID-006,CA-0931,2024-09-13,Completed,1299.98,113.75,1413.73,VISA,USD,SampleGen
e57e7dc2-efa4-40ec-b307-d2886d1879f5,Ski,S300018,CID-006,CA-0931,2021-04-06,Completed,999.95,87.5,1087.45,VISA,USD,SampleGen
6d575230-6503-4aea-8c40-73b31f3a744a,Ski,S300019,CID-006,CA-0931,2022-03-14,Shipped,1899.95,166.24,2066.19,VISA,USD,SampleGen
e7628bb7-aee9-4e20-bc75-3b368afb8645,Ski,S300020,CID-007,CA-0932,2024-11-22,Completed,1499.95,131.25,1631.2,VISA,USD,SampleGen
7535017f-8570-4dfb-88b7-a6c39f295b0d,Ski,S300021,CID-007,CA-0932,2023-03-06,Completed,1809.95,158.37,1968.32,VISA,USD,SampleGen
99f401ad-985a-467b-ba54-1d4432d91cd9,Ski,S300022,CID-008,CA-0933,2025-07-20,Pending,689.95,60.36,750.31,PayPal,USD,SampleGen
adb033d7-ae12-4566-9ccb-daaec5591499,Ski,S300023,CID-008,CA-0933,2023-07-24,Completed,949.98,83.12,1033.1,VISA,USD,SampleGen
364ab31e-e480-4d2d-b6a6-b6105ad0b2ab,Ski,S300024,CID-008,CA-0933,2025-09-30,Completed,619.96,54.25,674.21,PayPal,USD,SampleGen
7f37a120-1eba-4afe-af48-2320ef44416d,Ski,S300025,CID-008,CA-0933,2026-04-28,Shipped,2389.94,209.12,2599.06,MC,USD,SampleGen
ac27303f-e4e7-4eb6-aead-0d011b4d7126,Ski,S300026,CID-009,CA-0934,2026-01-22,Completed,579.99,50.75,630.74,VISA,USD,SampleGen
20f2ce53-e702-4651-bcaf-d145aa509a48,Ski,S300027,CID-010,CA-0935,2024-10-27,Shipped,1599.93,140.0,1739.93,MC,USD,SampleGen
8bde0b98-65d8-4d2e-adf2-8e4328b55b10,Ski,S300028,CID-010,CA-0935,2023-01-06,Cancelled,899.98,78.75,978.73,Discover,USD,SampleGen
5f388b79-63e5-41e4-a2c8-b321bb65dd6f,Ski,S300029,CID-010,CA-0935,2022-07-05,Completed,1029.93,90.12,1120.05,VISA,USD,SampleGen
45bb685f-eae5-4dbd-8b9d-aea7d975ca8a,Ski,S300030,CID-010,CA-0935,2023-09-29,Completed,4449.94,389.37,4839.31,VISA,USD,SampleGen
fe9718a6-eed0-4c56-bdfc-ef4d468aa795,Ski,S300031,CID-010,CA-0935,2024-10-24,Completed,509.97,44.62,554.59,Discover,USD,SampleGen
3fc4ab16-b61f-4fd8-83d3-6fa7daf414ad,Ski,S300032,CID-010,CA-0935,2022-08-16,Completed,199.98,17.5,217.48,MC,USD,SampleGen
3ae7647d-0950-4e73-9db7-69dfdf3c82b1,Ski,S300033,CID-011,CA-0936,2024-06-01,Shipped,399.96,35.0,434.96,AmEx,USD,SampleGen
474414f3-6e43-4dac-ac35-5311c05ca949,Ski,S300034,CID-011,CA-0936,2022-10-13,Completed,1459.97,127.75,1587.72,MC,USD,SampleGen
cee601f1-fa84-4220-a2db-a06812ba6330,Ski,S300035,CID-011,CA-0936,2024-09-23,Completed,1399.97,122.5,1522.47,VISA,USD,SampleGen
60e03711-9305-4497-bbe4-c744a9c5257d,Ski,S300036,CID-012,CA-0937,2021-06-09,Completed,1059.95,92.74,1152.69,VISA,USD,SampleGen
7cfbb7fa-1894-41c5-b18a-999323e5e244,Ski,S300037,CID-012,CA-0937,2022-03-12,Completed,419.97,36.75,456.72,VISA,USD,SampleGen
5abf811a-fb78-4e50-80c0-6355b2c068bd,Ski,S300038,CID-013,CA-0938,2022-04-04,Shipped,1199.97,105.0,1304.97,VISA,USD,SampleGen
6aae43d2-06f0-4625-971c-0ac05b47752c,Ski,S300039,CID-013,CA-0938,2024-02-07,Completed,2449.95,214.37,2664.32,AmEx,USD,SampleGen
8392fd44-4b0f-40f5-bd14-639bd857df59,Ski,S300040,CID-013,CA-0938,2022-05-19,Cancelled,1439.96,125.99,1565.95,AmEx,USD,SampleGen
a65f7157-d95c-4d79-a72c-24b644cb5b2e,Ski,S300041,CID-013,CA-0938,2025-06-10,Completed,399.96,35.0,434.96,AmEx,USD,SampleGen
30e02764-c7e9-431f-932c-7fecf86ce0a9,Ski,S300042,CID-013,CA-0938,2025-08-11,Completed,1709.94,149.62,1859.56,AmEx,USD,SampleGen
246af566-70e0-4b97-bffb-fa897cf9e8e3,Ski,S300043,CID-014,CA-0939,2024-03-04,Completed,1899.95,166.25,2066.2,VISA,USD,SampleGen
42722002-7a10-4931-9799-a842c65348cf,Ski,S300044,CID-014,CA-0939,2023-02-16,Completed,1789.95,156.62,1946.57,AmEx,USD,SampleGen
bc123287-e90f-4ed5-b967-a3d59aef3241,Ski,S300045,CID-015,CA-0940,2025-10-19,Pending,1249.97,109.37,1359.34,PayPal,USD,SampleGen
46c335b7-090a-484c-a5b6-be7644e5568c,Ski,S300046,CID-016,CA-0941,2022-07-15,Cancelled,379.98,33.25,413.23,MC,USD,SampleGen
3503f00e-6af7-4fc8-9a5a-d82ac265319f,Ski,S300047,CID-017,CA-0942,2025-09-18,Completed,299.99,26.25,326.24,MC,USD,SampleGen
ea4844b0-f29e-47c4-9d34-903910f2b182,Ski,S300048,CID-017,CA-0942,2023-11-24,Completed,2389.94,209.12,2599.06,PayPal,USD,SampleGen
5d97fc27-6d85-4afa-9420-f32a61cc2288,Ski,S300049,CID-017,CA-0942,2021-10-16,Completed,3059.93,267.75,3327.68,AmEx,USD,SampleGen
aa115768-423e-4cac-abe6-c1acf5fffd31,Ski,S300050,CID-017,CA-0942,2021-05-05,Cancelled,199.98,17.5,217.48,VISA,USD,SampleGen
d14a2ec1-f815-4d1b-aaf0-352f006c1230,Ski,S300051,CID-017,CA-0942,2022-10-03,Completed,1699.97,148.75,1848.72,AmEx,USD,SampleGen
385ae035-3981-4dc3-851c-552c06a88ee2,Ski,S300052,CID-017,CA-0942,2021-10-10,Shipped,2029.95,177.62,2207.57,MC,USD,SampleGen
3b3f656a-2a36-4234-a95a-92ad80f7fb3c,Ski,S300053,CID-017,CA-0942,2024-06-07,Completed,2639.95,231.0,2870.95,VISA,USD,SampleGen
79814ffa-303a-41f7-af61-1f401de7bb32,Ski,S300054,CID-018,CA-0943,2023-01-24,Completed,399.99,35.0,434.99,AmEx,USD,SampleGen
1c6b4604-da88-4265-af58-7fa0bc6fc919,Ski,S300055,CID-018,CA-0943,2023-10-06,Completed,3399.97,297.5,3697.47,Discover,USD,SampleGen
6dea366a-251d-4fcd-9789-5bd0a83763f8,Ski,S300056,CID-019,CA-0944,2024-07-12,Completed,2289.95,200.37,2490.32,PayPal,USD,SampleGen
745152d1-e6ab-40ab-b237-e706ca868721,Ski,S300057,CID-019,CA-0944,2021-11-07,Completed,1479.98,129.5,1609.48,AmEx,USD,SampleGen
91069395-7732-4a00-bd81-c91d1bbf6ced,Ski,S300058,CID-019,CA-0944,2025-10-06,Cancelled,149.99,13.12,163.11,VISA,USD,SampleGen
eea9d0dd-1dc9-4826-97c0-b076c354eb57,Ski,S300059,CID-019,CA-0944,2023-11-03,Shipped,1429.97,125.12,1555.09,MC,USD,SampleGen
6faa895c-8722-425f-aad6-ae9b2af263a6,Ski,S300060,CID-019,CA-0944,2024-12-20,Completed,179.99,15.75,195.74,VISA,USD,SampleGen
99fca60d-ef9b-4ccf-8a83-f3d61f5861c5,Ski,S300061,CID-019,CA-0944,2024-07-20,Shipped,499.97,43.75,543.72,PayPal,USD,SampleGen
5e9c7490-9286-469d-8414-daf095b4ba34,Ski,S300062,CID-019,CA-0944,2024-10-11,Shipped,3499.93,306.25,3806.18,PayPal,USD,SampleGen
31db6ad2-4407-4de6-ac7d-38b2d499322a,Ski,S300063,CID-020,CA-0945,2024-04-17,Completed,859.96,75.25,935.21,MC,USD,SampleGen
f67efc25-2bc7-468c-a972-9b373cc491e6,Ski,S300064,CID-020,CA-0945,2026-02-08,Cancelled,799.98,70.0,869.98,VISA,USD,SampleGen
6809bb7e-f9e2-411b-8cf4-3f71b3086379,Ski,S300065,CID-020,CA-0945,2023-07-03,Completed,1839.93,161.0,2000.93,MC,USD,SampleGen
22c07144-a6ef-4f8e-bb36-a1d4f89ba474,Ski,S300066,CID-020,CA-0945,2023-01-03,Completed,2699.93,236.25,2936.18,MC,USD,SampleGen
b2f7f599-654a-452e-9871-1d3c9e4e8f0f,Ski,S300067,CID-020,CA-0945,2026-04-25,Shipped,1899.97,166.25,2066.22,VISA,USD,SampleGen
dfca1222-a45b-4368-8ebc-e0245049eda5,Ski,S300068,CID-020,CA-0945,2026-01-25,Completed,1019.97,89.25,1109.22,VISA,USD,SampleGen
617330fa-b689-4f40-a7e9-d2f2c0d514db,Ski,S300069,CID-020,CA-0945,2023-05-17,Cancelled,2379.95,208.24,2588.19,Discover,USD,SampleGen
13e6b4cb-58c5-4556-ae4f-73ef456d7a6c,Ski,S300070,CID-021,CA-0946,2025-12-31,Completed,1239.95,108.5,1348.45,Discover,USD,SampleGen
1917bc1f-b6f1-4b92-b280-daeb465d116f,Ski,S300071,CID-021,CA-0946,2021-02-11,Completed,2799.96,245.0,3044.96,MC,USD,SampleGen
44534894-95a0-4992-bea4-a196113bf610,Ski,S300072,CID-021,CA-0946,2021-09-13,Completed,1779.95,155.74,1935.69,VISA,USD,SampleGen
d69842d8-3910-44c8-8dd3-ab9cb4da8e9e,Ski,S300073,CID-022,CA-0947,2024-01-21,Completed,6249.93,546.87,6796.8,AmEx,USD,SampleGen
ae44706b-e6d7-427e-9af5-186396b2fe33,Ski,S300074,CID-022,CA-0947,2022-09-05,Shipped,2689.95,235.37,2925.32,Discover,USD,SampleGen
e67aa80a-0503-4b36-83b9-a495c890cc4e,Ski,S300075,CID-022,CA-0947,2024-05-26,Completed,1149.98,100.62,1250.6,VISA,USD,SampleGen
9d6adc0c-6ff0-4e93-a308-d0bc03cb64c0,Ski,S300076,CID-023,CA-0948,2021-11-26,Cancelled,859.92,75.25,935.17,AmEx,USD,SampleGen
eb248fa5-28c5-4809-b2db-33f0d62d4e1c,Ski,S300077,CID-023,CA-0948,2024-06-27,Completed,379.98,33.25,413.23,PayPal,USD,SampleGen
70f285aa-2203-42ad-b5ab-9c8ab9d03f25,Ski,S300078,CID-023,CA-0948,2025-03-09,Completed,189.99,16.62,206.61,PayPal,USD,SampleGen
e5a67d6e-70de-4466-9f8b-85de33874746,Ski,S300079,CID-023,CA-0948,2023-03-17,Completed,539.97,47.25,587.22,Discover,USD,SampleGen
773138c5-96d4-45b6-85c1-5cfa6e69bda2,Ski,S300080,CID-024,CA-0949,2025-02-26,Completed,3199.94,280.0,3479.94,AmEx,USD,SampleGen
2e531c9a-4c5d-42d5-b00e-7d02a9ad2b78,Ski,S300081,CID-024,CA-0949,2021-06-04,Shipped,969.96,84.87,1054.83,MC,USD,SampleGen
c229f380-bb20-4a6d-bf5d-91acd72ece3f,Ski,S300082,CID-025,CA-0950,2025-02-07,Completed,1439.95,125.99,1565.94,PayPal,USD,SampleGen
7afe3120-e9db-49e4-9b57-d7f1cf4b229b,Ski,S300083,CID-025,CA-0950,2022-01-22,Completed,4074.93,356.56,4431.49,MC,USD,SampleGen
81e02da6-8ca7-49f6-8fc2-03d701270a58,Ski,S300084,CID-026,CA-0951,2021-10-28,Completed,1099.96,96.25,1196.21,MC,USD,SampleGen
6106475c-400b-4464-9908-1f4d42064664,Ski,S300085,CID-026,CA-0951,2025-10-20,Completed,1009.95,88.37,1098.32,VISA,USD,SampleGen
56451166-3c2e-46ac-b446-faab7727b3c2,Ski,S300086,CID-027,CA-0952,2025-03-04,Completed,459.96,40.25,500.21,MC,USD,SampleGen
aa812372-9a26-4919-9097-b7aed17b6fb3,Ski,S300087,CID-027,CA-0952,2024-04-23,Completed,1479.95,129.5,1609.45,PayPal,USD,SampleGen
3fc4d780-0f79-461a-af99-74ff807afdc5,Ski,S300088,CID-028,CA-0953,2024-12-29,Completed,799.99,70.0,869.99,AmEx,USD,SampleGen
39a30c99-1877-4f2e-853a-140b4433598c,Ski,S300089,CID-028,CA-0953,2023-07-29,Completed,3519.93,308.0,3827.93,AmEx,USD,SampleGen
e7fb7e69-de83-458e-8a77-6a4b72b56bea,Ski,S300090,CID-028,CA-0953,2026-01-19,Completed,1499.94,131.25,1631.19,MC,USD,SampleGen
f60840a6-d650-4186-821b-60c8bc764892,Ski,S300091,CID-028,CA-0953,2025-10-10,Completed,799.98,70.0,869.98,VISA,USD,SampleGen
10aa8d63-d504-4bea-ab22-88a9cd694b7e,Ski,S300092,CID-028,CA-0953,2023-04-27,Completed,1099.98,96.25,1196.23,AmEx,USD,SampleGen
1497e1a5-7e88-4ccd-96a7-29febee93f4c,Ski,S300093,CID-028,CA-0953,2023-12-03,Completed,869.96,76.12,946.08,AmEx,USD,SampleGen
a1547962-bfe2-4ffc-a5ea-1cb75c218399,Ski,S300094,CID-028,CA-0953,2024-10-03,Completed,549.99,48.12,598.11,VISA,USD,SampleGen
5fef36b0-407a-4471-8ef5-c4ccd8545c45,Ski,S300095,CID-029,CA-0954,2021-08-16,Completed,199.99,17.5,217.49,Discover,USD,SampleGen
67a42358-e3cd-4c68-93dc-832b6e31fccf,Ski,S300096,CID-029,CA-0954,2023-03-06,Shipped,1539.96,134.75,1674.71,VISA,USD,SampleGen
69e5cac6-83f6-4ed4-9ae5-798e6a25e6aa,Ski,S300097,CID-029,CA-0954,2024-05-02,Completed,2449.95,214.36,2664.31,PayPal,USD,SampleGen
6a522eb4-9f30-483e-80b6-7b414b9b9176,Ski,S300098,CID-030,CA-0955,2023-04-06,Shipped,1249.97,109.36,1359.33,PayPal,USD,SampleGen
19af55c7-9335-45ed-bf94-746ef880f752,Ski,S300099,CID-031,CA-0956,2024-03-09,Completed,1289.93,112.87,1402.8,PayPal,USD,SampleGen
bc93ac26-296c-4eff-abdf-9ddd93123654,Ski,S300100,CID-031,CA-0956,2024-03-10,Completed,1229.94,107.62,1337.56,MC,USD,SampleGen
d194cb6d-abe7-4b68-8280-997dfb13e2d3,Ski,S300101,CID-031,CA-0956,2021-12-15,Completed,1549.94,135.62,1685.56,VISA,USD,SampleGen
72e011d0-88c2-4088-b4d9-a0f242ae3ff0,Ski,S300102,CID-032,CA-0957,2022-09-23,Completed,579.99,50.75,630.74,PayPal,USD,SampleGen
068c5217-6baf-48f9-b3fc-d3a2bbc7d23a,Ski,S300103,CID-032,CA-0957,2022-05-08,Cancelled,1799.98,157.5,1957.48,MC,USD,SampleGen
691d3881-ef61-4666-a3d1-7e73f839830d,Ski,S300104,CID-032,CA-0957,2026-02-02,Completed,1599.95,140.0,1739.95,Discover,USD,SampleGen
1525976c-dccf-49af-bb42-f57ee61b7410,Ski,S300105,CID-032,CA-0957,2024-06-04,Completed,439.95,38.5,478.45,VISA,USD,SampleGen
8884a52a-94a9-4875-a171-3dddf45f8b55,Ski,S300106,CID-033,CA-0958,2025-12-17,Cancelled,1349.94,118.12,1468.06,VISA,USD,SampleGen
d12b198d-a784-4927-9710-cbd45d140860,Ski,S300107,CID-034,CA-0959,2022-06-16,Completed,1359.94,119.0,1478.94,VISA,USD,SampleGen
35799cd9-4047-4bdc-bc17-c850ed30bde0,Ski,S300108,CID-034,CA-0959,2023-06-13,Completed,629.98,55.12,685.1,VISA,USD,SampleGen
270742e6-b54e-4f45-a685-fce100233190,Ski,S300109,CID-035,CA-0960,2023-07-22,Completed,539.96,47.25,587.21,VISA,USD,SampleGen
afbfe940-22f0-4f4d-a184-df0813f4bbcc,Ski,S300110,CID-036,CA-0961,2025-01-23,Completed,5459.92,477.75,5937.67,Discover,USD,SampleGen
a093da65-7c29-465c-a5fa-ab1d24c6ed9a,Ski,S300111,CID-036,CA-0961,2021-03-11,Completed,1699.96,148.75,1848.71,VISA,USD,SampleGen
f261fdd2-e00f-41cb-98fa-0e77f0f610db,Ski,S300112,CID-037,CA-0962,2022-12-16,Pending,899.97,78.75,978.72,VISA,USD,SampleGen
2cadfe74-c253-4ec0-8405-9500f85e3bee,Ski,S300113,CID-037,CA-0962,2026-03-28,Completed,929.96,81.37,1011.33,Discover,USD,SampleGen
a311228b-06a8-4787-ac62-bd339c63c2c1,Ski,S300114,CID-037,CA-0962,2023-08-31,Shipped,759.96,66.5,826.46,Discover,USD,SampleGen
718fd028-df34-4681-b349-4ab84dbe58c4,Ski,S300115,CID-038,CA-0963,2023-05-05,Shipped,2899.94,253.75,3153.69,MC,USD,SampleGen
3c80940a-b2ad-470c-a90a-7e29db114f3b,Ski,S300116,CID-038,CA-0963,2022-01-27,Completed,899.99,78.75,978.74,VISA,USD,SampleGen
93837057-f43c-4379-92fa-e8ac54ae30d3,Ski,S300117,CID-038,CA-0963,2026-01-11,Completed,2749.95,240.62,2990.57,MC,USD,SampleGen
9b4c4f95-7af1-4e74-9ee5-a4d8a6d7a414,Ski,S300118,CID-039,CA-0964,2024-04-08,Completed,789.97,69.12,859.09,VISA,USD,SampleGen
d14f1518-8415-4ca4-b2cc-e7ba59bdf316,Ski,S300119,CID-039,CA-0964,2021-09-21,Completed,1589.94,139.12,1729.06,VISA,USD,SampleGen
f02a404f-fc9c-4ae7-9fc7-b3605bae454e,Ski,S300120,CID-039,CA-0964,2025-02-01,Pending,1799.98,157.5,1957.48,VISA,USD,SampleGen
4a470446-f780-4383-86eb-13d019f1beb0,Ski,S300121,CID-039,CA-0964,2024-03-30,Completed,599.98,52.5,652.48,VISA,USD,SampleGen
31877ee9-d56c-405e-b8c4-ec55956cbfee,Ski,S300122,CID-039,CA-0964,2022-08-30,Completed,1599.97,140.0,1739.97,VISA,USD,SampleGen
390b7373-b73a-4344-af89-22d32dd3d075,Ski,S300123,CID-039,CA-0964,2023-06-20,Completed,1039.97,91.0,1130.97,AmEx,USD,SampleGen
2572439f-0c3a-4976-a28c-c4b51226c7ee,Ski,S300124,CID-040,CA-0965,2024-10-26,Completed,499.98,43.75,543.73,MC,USD,SampleGen
86c0399a-17da-4be2-9014-1c90277fa68f,Ski,S300125,CID-040,CA-0965,2023-07-21,Completed,2249.94,196.87,2446.81,VISA,USD,SampleGen
5ed9a158-75c7-4bee-a5e7-b886a6b953f8,Ski,S300126,CID-040,CA-0965,2024-04-29,Completed,1279.95,111.99,1391.94,MC,USD,SampleGen
650155a1-a490-4e7f-b6cd-2b249d2c2d20,Ski,S300127,CID-041,CA-0966,2022-09-11,Completed,2199.97,192.5,2392.47,VISA,USD,SampleGen
2a83e910-ac0c-4fb1-8073-480b886c973f,Ski,S300128,CID-041,CA-0966,2024-09-23,Completed,899.97,78.75,978.72,VISA,USD,SampleGen
75512bc7-2077-4f44-9622-35efec236dd7,Ski,S300129,CID-042,CA-0967,2025-02-08,Completed,1299.98,113.75,1413.73,VISA,USD,SampleGen
913ab09b-96cc-4241-99f5-81e83c47fcef,Ski,S300130,CID-042,CA-0967,2025-01-31,Completed,899.98,78.75,978.73,MC,USD,SampleGen
b763befc-bbfd-4727-ae37-6897a14cb07a,Ski,S300131,CID-042,CA-0967,2025-12-20,Completed,2664.94,233.18,2898.12,AmEx,USD,SampleGen
63d5bab1-8a3c-4dd0-b29a-1d5706710c56,Ski,S300132,CID-042,CA-0967,2021-12-08,Completed,709.97,62.12,772.09,AmEx,USD,SampleGen
294d31d8-6554-44fd-abc8-5a2fc58eda0f,Ski,S300133,CID-042,CA-0967,2022-08-29,Completed,1299.98,113.75,1413.73,PayPal,USD,SampleGen
6b7278dc-d10a-4f15-a942-d0daa35a1440,Ski,S300134,CID-042,CA-0967,2024-05-16,Pending,409.97,35.87,445.84,AmEx,USD,SampleGen
b0b961c1-f11c-4f68-ade5-71b017b29c51,Ski,S300135,CID-042,CA-0967,2025-12-27,Completed,899.98,78.75,978.73,AmEx,USD,SampleGen
c40615b3-34d7-4893-8705-900815db35b2,Ski,S300136,CID-043,CA-0968,2021-04-07,Shipped,1289.96,112.87,1402.83,VISA,USD,SampleGen
de370de3-cb54-4d7a-adef-148bd5aff335,Ski,S300137,CID-043,CA-0968,2023-06-22,Completed,889.97,77.87,967.84,MC,USD,SampleGen
3281c79f-90f6-4c00-907a-fa48ac546216,Ski,S300138,CID-044,CA-0969,2021-02-03,Completed,5379.94,470.75,5850.69,MC,USD,SampleGen
a8a80054-3208-4bd6-a139-b3b4ad3265f0,Ski,S300139,CID-044,CA-0969,2023-01-07,Completed,799.98,70.0,869.98,PayPal,USD,SampleGen
983daf2c-4fd7-4ad1-b9f9-1dce4950dbd3,Ski,S300140,CID-045,CA-0970,2021-03-14,Completed,1099.98,96.25,1196.23,VISA,USD,SampleGen
9f1c39c0-45ef-43d3-9682-a89ed0f753d6,Ski,S300141,CID-045,CA-0970,2023-03-01,Completed,239.98,21.0,260.98,Discover,USD,SampleGen
682f7044-6311-4a3d-b0dd-e18daa7350c6,Ski,S300142,CID-046,CA-0971,2022-08-24,Completed,399.99,35.0,434.99,MC,USD,SampleGen
6ae0c17e-5a06-4345-b241-8645d8bb1c78,Ski,S300143,CID-046,CA-0971,2021-10-15,Shipped,649.99,56.87,706.86,AmEx,USD,SampleGen
907b754e-aa1a-45e6-a348-14f8b25c4e50,Ski,S300144,CID-046,CA-0971,2022-12-24,Shipped,299.99,26.25,326.24,MC,USD,SampleGen
9dd91382-638f-49b6-b8b4-56143a2454bd,Ski,S300145,CID-046,CA-0971,2026-02-06,Completed,629.97,55.12,685.09,MC,USD,SampleGen
ba6034a4-2e50-4a45-834f-344f88e3e246,Ski,S300146,CID-047,CA-0972,2024-06-05,Completed,1799.96,157.5,1957.46,MC,USD,SampleGen
908650d0-4392-4203-be60-d73635939712,Ski,S300147,CID-047,CA-0972,2022-05-09,Completed,1419.96,124.25,1544.21,VISA,USD,SampleGen
ab62c3f4-6e85-4645-bc6d-0f21cfc18b6f,Ski,S300148,CID-047,CA-0972,2024-10-01,Completed,819.96,71.75,891.71,VISA,USD,SampleGen
b00d9352-db07-44f0-a07d-f11358bf34e6,Ski,S300149,CID-048,CA-0973,2021-05-16,Completed,159.98,14.0,173.98,PayPal,USD,SampleGen
5e75e241-460a-48e1-aead-39208791ac9c,Ski,S300150,CID-048,CA-0973,2026-03-15,Completed,199.99,17.5,217.49,AmEx,USD,SampleGen
b5d61273-4b55-4e6f-8fc9-5a2096e76656,Ski,S300151,CID-049,CA-0974,2026-01-30,Completed,3549.95,310.62,3860.57,PayPal,USD,SampleGen
c8afd6c4-8d90-4cc5-82b2-14b275f885b2,Ski,S300152,CID-049,CA-0974,2021-08-24,Completed,1599.98,140.0,1739.98,PayPal,USD,SampleGen
3be3d4f6-de47-46f9-9bac-0cdd06886609,Ski,S300153,CID-050,CA-0975,2021-07-23,Completed,1299.98,113.75,1413.73,Discover,USD,SampleGen
8b57e7e0-8535-4bb0-acb5-81e8fb479c42,Ski,S300154,CID-050,CA-0975,2025-09-26,Completed,1729.94,151.37,1881.31,AmEx,USD,SampleGen
697f51cb-a4e8-4f5d-b378-4390a9957878,Ski,S300155,CID-051,CA-0976,2022-09-15,Completed,399.98,34.99,434.97,VISA,USD,SampleGen
f734edda-42e4-4543-b754-8f3762beed0d,Ski,S300156,CID-051,CA-0976,2026-04-27,Pending,2369.95,207.37,2577.32,MC,USD,SampleGen
457794d0-d408-4bb3-9f6a-42f98a350476,Ski,S300157,CID-052,CA-0977,2021-04-29,Completed,2959.96,259.0,3218.96,PayPal,USD,SampleGen
6007788e-9b36-4571-9ef5-1dfeab3a55fe,Ski,S300158,CID-052,CA-0977,2025-01-21,Pending,449.99,39.37,489.36,MC,USD,SampleGen
06273515-323c-4d77-90cd-6a75ed9de872,Ski,S300159,CID-052,CA-0977,2025-07-18,Cancelled,2879.94,252.0,3131.94,MC,USD,SampleGen
f4669116-64a4-4589-9a4f-3ca3427efca6,Ski,S300160,CID-052,CA-0977,2021-01-14,Shipped,2789.93,244.12,3034.05,MC,USD,SampleGen
ebca0e3d-f5f1-4327-bfbd-60a991afff0a,Ski,S300161,CID-053,CA-0978,2022-01-18,Pending,2699.97,236.25,2936.22,MC,USD,SampleGen
fb374a67-c394-4e51-add3-399c3827aab0,Ski,S300162,CID-054,CA-0979,2025-05-03,Completed,1929.96,168.87,2098.83,AmEx,USD,SampleGen
01485061-c530-4f25-a3ae-b386fd4ae09a,Ski,S300163,CID-054,CA-0979,2025-01-19,Completed,1299.99,113.75,1413.74,MC,USD,SampleGen
2ad7afd5-799d-48c0-8130-686d92a8610a,Ski,S300164,CID-054,CA-0979,2021-11-02,Completed,2549.95,223.12,2773.07,VISA,USD,SampleGen
9bc130c8-bc12-4fec-af48-513fc0ab6e87,Ski,S300165,CID-055,CA-0980,2024-10-13,Completed,2399.95,210.0,2609.95,AmEx,USD,SampleGen
75438836-80df-4943-a35d-3311d7a1e685,Ski,S300166,CID-056,CA-0981,2023-06-22,Completed,2159.92,189.0,2348.92,MC,USD,SampleGen
bac762a6-5dbc-4504-b996-0122b009f50a,Ski,S300167,CID-057,CA-0982,2021-07-17,Shipped,2979.94,260.74,3240.68,Discover,USD,SampleGen
5053ef1f-86c7-4e6f-95ed-d5cfacedd13b,Ski,S300168,CID-057,CA-0982,2026-04-11,Completed,1599.98,140.0,1739.98,MC,USD,SampleGen
e8f41962-5739-4794-9a46-251fbae86e38,Ski,S300169,CID-058,CA-0983,2022-01-14,Completed,1949.97,170.62,2120.59,VISA,USD,SampleGen
c5a05b84-d188-4ef8-bbdb-f2f9acad8011,Ski,S300170,CID-058,CA-0983,2022-03-07,Completed,79.99,7.0,86.99,AmEx,USD,SampleGen
b5d1d4e8-8301-40d6-85aa-6c35d5ae7836,Ski,S300171,CID-058,CA-0983,2024-04-05,Completed,859.96,75.25,935.21,MC,USD,SampleGen
f9daabfa-a09b-4d31-8065-780b81aa7bda,Ski,S300172,CID-058,CA-0983,2025-10-28,Completed,3599.94,314.99,3914.93,VISA,USD,SampleGen
938e5baa-bfd3-4123-a26a-1a1cb871e679,Ski,S300173,CID-059,CA-0984,2025-10-16,Completed,1419.95,124.25,1544.2,MC,USD,SampleGen
bdf6b559-84bc-40b7-9a6f-0e55b888a4d4,Ski,S300174,CID-059,CA-0984,2024-08-03,Completed,389.97,34.12,424.09,MC,USD,SampleGen
9022fb2e-6f30-41fa-a869-a9ffbb7229f5,Ski,S300175,CID-059,CA-0984,2021-12-19,Pending,3649.93,319.37,3969.3,MC,USD,SampleGen
1e2beb2e-7b59-4217-9026-54efd780d4d1,Ski,S300176,CID-059,CA-0984,2025-01-13,Completed,2349.96,205.62,2555.58,MC,USD,SampleGen
29ba540a-c124-48ff-ae18-4903d90d4237,Ski,S300177,CID-060,CA-0985,2024-09-25,Completed,3399.95,297.5,3697.45,AmEx,USD,SampleGen
cfd9fbb5-c9a0-40e5-8386-95ac52f0655c,Ski,S300178,CID-061,CA-0986,2021-05-16,Completed,799.99,70.0,869.99,AmEx,USD,SampleGen
97f4f170-1c6a-49e0-87e5-2b5955316d1a,Ski,S300179,CID-061,CA-0986,2024-11-27,Completed,319.97,28.0,347.97,AmEx,USD,SampleGen
713d963f-2be3-45a5-b7af-3e2b305fbe24,Ski,S300180,CID-061,CA-0986,2021-07-07,Pending,719.97,63.0,782.97,Discover,USD,SampleGen
950cfda5-3bf2-4ba0-bec1-ca8ad8519ca0,Ski,S300181,CID-062,CA-0987,2024-07-26,Completed,2119.92,185.5,2305.42,MC,USD,SampleGen
27eac943-90f4-4045-a61f-fccb06e8f839,Ski,S300182,CID-062,CA-0987,2021-01-17,Completed,549.99,48.12,598.11,MC,USD,SampleGen
32583048-dcca-41e2-8e0c-898e4ae1f39a,Ski,S300183,CID-062,CA-0987,2024-08-31,Completed,379.98,33.25,413.23,AmEx,USD,SampleGen
0a2c5de3-0cd1-4cc3-b3ac-c5e9f7b9c90b,Ski,S300184,CID-062,CA-0987,2021-08-26,Completed,649.99,56.87,706.86,MC,USD,SampleGen
9a7b214f-1a95-4972-9116-6e1fd14d1d07,Ski,S300185,CID-063,CA-0988,2026-02-16,Completed,2349.96,205.62,2555.58,PayPal,USD,SampleGen
613b3618-affe-441a-a86a-d4cf8b7604ed,Ski,S300186,CID-063,CA-0988,2022-01-07,Completed,4279.95,374.5,4654.45,VISA,USD,SampleGen
3052b450-4c88-4208-877a-4f96ee0f3737,Ski,S300187,CID-063,CA-0988,2025-08-04,Completed,2469.94,216.12,2686.06,MC,USD,SampleGen
7f87611d-ac80-4e6f-b21b-ba97dd19c4b5,Ski,S300188,CID-063,CA-0988,2025-06-08,Completed,239.98,21.0,260.98,MC,USD,SampleGen
64ff697e-041b-458e-8eb1-8f89f14f54ad,Ski,S300189,CID-063,CA-0988,2025-07-19,Completed,1599.98,140.0,1739.98,PayPal,USD,SampleGen
c101d64d-0789-4d45-a381-407769fc80b0,Ski,S300190,CID-063,CA-0988,2022-11-22,Completed,1329.96,116.37,1446.33,PayPal,USD,SampleGen
e65473fc-2366-4faf-89ea-1f445bb2d40f,Ski,S300191,CID-063,CA-0988,2023-11-22,Pending,799.98,69.99,869.97,PayPal,USD,SampleGen
adebb2b1-1f22-4d8b-9ccb-d7ce6052d448,Ski,S300192,CID-063,CA-0988,2024-06-02,Completed,1179.97,103.25,1283.22,VISA,USD,SampleGen
39310671-cea4-4153-be59-017214da799c,Ski,S300193,CID-064,CA-0989,2025-01-29,Completed,1949.96,170.62,2120.58,PayPal,USD,SampleGen
36bec61e-8ab4-418d-8985-9d334f97ba66,Ski,S300194,CID-064,CA-0989,2026-01-17,Completed,2379.95,208.25,2588.2,MC,USD,SampleGen
27b3b55f-b270-4b20-9370-4d86748abddb,Ski,S300195,CID-065,CA-0990,2021-06-14,Completed,1359.94,118.99,1478.93,MC,USD,SampleGen
ce8e51d9-089c-4ae9-afee-4246cc648f45,Ski,S300196,CID-065,CA-0990,2023-04-23,Completed,569.97,49.87,619.84,MC,USD,SampleGen
873c06ba-269b-4723-b549-968b437d63dd,Ski,S300197,CID-065,CA-0990,2025-01-23,Completed,4199.93,367.5,4567.43,VISA,USD,SampleGen
2007d1da-8ff3-453f-8dcb-8c1968164092,Ski,S300198,CID-065,CA-0990,2023-09-05,Completed,1549.95,135.62,1685.57,MC,USD,SampleGen
e6aefd74-5a0b-4080-a0c6-0150ceb8c430,Ski,S300199,CID-065,CA-0990,2023-06-28,Completed,374.95,32.81,407.76,VISA,USD,SampleGen
d56e4593-5cb8-44a5-bc2f-a14ebc557455,Ski,S300200,CID-066,CA-0991,2023-02-26,Completed,4209.95,368.37,4578.32,MC,USD,SampleGen
407275f9-29d6-43c2-9ec6-30542d019e47,Ski,S300201,CID-066,CA-0991,2025-07-28,Completed,799.97,70.0,869.97,PayPal,USD,SampleGen
35096f19-5f68-4175-ba5e-0cf4066f3546,Ski,S300202,CID-067,CA-0992,2025-08-14,Completed,1959.95,171.5,2131.45,AmEx,USD,SampleGen
704bc48c-a7f7-4e48-bbb3-e356ff458420,Ski,S300203,CID-067,CA-0992,2025-04-08,Completed,159.99,14.0,173.99,AmEx,USD,SampleGen
397b968c-b9c5-407d-b666-4c2ec132fea6,Ski,S300204,CID-068,CA-0993,2024-02-21,Completed,499.98,43.75,543.73,VISA,USD,SampleGen
a9c39c28-abfe-43c8-933e-cdf3fb6c72ca,Ski,S300205,CID-068,CA-0993,2023-02-09,Completed,3999.94,349.99,4349.93,MC,USD,SampleGen
8a195d75-b148-409b-9d99-f939dbd16499,Ski,S300206,CID-068,CA-0993,2025-09-10,Completed,2099.97,183.75,2283.72,VISA,USD,SampleGen
2041695d-5ee9-4773-901e-c371a7bf9688,Ski,S300207,CID-068,CA-0993,2023-01-11,Cancelled,749.98,65.62,815.6,AmEx,USD,SampleGen
96b3bf84-be06-4176-8eaf-e1f71d158923,Ski,S300208,CID-069,CA-0994,2023-05-22,Completed,999.97,87.5,1087.47,VISA,USD,SampleGen
7522af77-d55e-4903-8f7d-41d6c0502bc1,Ski,S300209,CID-069,CA-0994,2021-11-28,Completed,619.96,54.25,674.21,MC,USD,SampleGen
889035c3-4d1e-4c88-83d9-d17072042b0a,Ski,S300210,CID-069,CA-0994,2021-02-02,Completed,2879.94,251.99,3131.93,VISA,USD,SampleGen
5cd6478b-d11f-420c-8c68-607f363e7727,Ski,S300211,CID-069,CA-0994,2022-02-23,Completed,649.98,56.87,706.85,PayPal,USD,SampleGen
e8ae6863-1fb7-4377-a152-e2ed9fb7b19b,Ski,S300212,CID-069,CA-0994,2025-04-29,Completed,729.97,63.87,793.84,PayPal,USD,SampleGen
448238e5-d9a4-4659-bbff-3e46fd9abdde,Ski,S300213,CID-069,CA-0994,2024-08-25,Completed,119.99,10.5,130.49,MC,USD,SampleGen
d338ceb1-9bea-4d0e-b907-28bac26eb17c,Ski,S300214,CID-070,CA-0995,2023-09-23,Completed,2899.93,253.75,3153.68,AmEx,USD,SampleGen
24a6d998-5306-4039-a2ef-5a1a841c20a5,Ski,S300215,CID-070,CA-0995,2023-10-22,Completed,599.98,52.5,652.48,PayPal,USD,SampleGen
39ff68e2-9abf-4630-a0b4-f24f7a30104e,Ski,S300216,CID-071,CA-0996,2025-09-13,Completed,2289.95,200.37,2490.32,VISA,USD,SampleGen
c307ceac-deca-48e7-be8c-18076e99cb7c,Ski,S300217,CID-071,CA-0996,2025-01-22,Cancelled,2699.97,236.25,2936.22,Discover,USD,SampleGen
3c487bb7-8d58-4725-ad7b-81786982bc2b,Ski,S300218,CID-072,CA-0997,2023-10-08,Completed,899.95,78.75,978.7,AmEx,USD,SampleGen
5167f0c3-3e11-4e4a-a8cf-0f1e02c28533,Ski,S300219,CID-072,CA-0997,2025-11-01,Shipped,349.97,30.62,380.59,Discover,USD,SampleGen
c5f98884-f29f-4e72-9159-a27a6749abd4,Ski,S300220,CID-072,CA-0997,2024-10-04,Completed,1159.98,101.5,1261.48,Discover,USD,SampleGen
7994c181-58b4-4dde-80a6-fdaff96b0b96,Ski,S300221,CID-073,CA-0998,2025-05-02,Completed,359.98,31.5,391.48,MC,USD,SampleGen
4f7392b1-1ed7-4d26-89f0-cf8678792d31,Ski,S300222,CID-073,CA-0998,2022-06-03,Shipped,1609.96,140.87,1750.83,MC,USD,SampleGen
5336e8cc-9e71-4869-860d-bbfe7837d182,Ski,S300223,CID-074,CA-0999,2021-05-09,Completed,649.99,56.87,706.86,VISA,USD,SampleGen
3c5fd4b6-1f2b-411e-826d-f4af5de73c2e,Ski,S300224,CID-074,CA-0999,2025-01-28,Completed,399.99,35.0,434.99,MC,USD,SampleGen
2265931e-5763-4d9e-b5d3-26cf68676703,Ski,S300225,CID-074,CA-0999,2023-04-10,Completed,299.99,26.25,326.24,PayPal,USD,SampleGen
7d1092f9-81ef-4e4a-8d71-48a6e02bb201,Ski,S300226,CID-075,CA-1000,2021-11-08,Pending,379.98,33.24,413.22,PayPal,USD,SampleGen
14b729a0-058b-48ce-a0a2-8cfda1ebbb70,Ski,S300227,CID-075,CA-1000,2025-04-29,Completed,1899.93,166.25,2066.18,AmEx,USD,SampleGen
e972bcdc-d17d-4692-8568-dc1ad39526d6,Ski,S300228,CID-075,CA-1000,2023-10-28,Completed,1409.96,123.37,1533.33,MC,USD,SampleGen
b3704a07-af22-4d5f-b005-ebf86ad83777,Ski,S300229,CID-075,CA-1000,2025-12-11,Completed,2109.95,184.62,2294.57,MC,USD,SampleGen
a319ef71-dcec-4051-8a26-62fe9912ff5a,Ski,S300230,CID-076,CA-1001,2023-07-23,Completed,989.97,86.62,1076.59,AmEx,USD,SampleGen
679e78d8-a535-403d-a228-ca7a3d200dba,Ski,S300231,CID-076,CA-1001,2021-12-03,Completed,1279.97,112.0,1391.97,PayPal,USD,SampleGen
6b88f06c-e178-4b10-ba51-602687c39d3f,Ski,S300232,CID-076,CA-1001,2021-01-01,Completed,1409.95,123.37,1533.32,VISA,USD,SampleGen
54736d03-6992-47ad-88e1-6e7ddd3edd77,Ski,S300233,CID-076,CA-1001,2025-09-07,Completed,1999.93,175.0,2174.93,AmEx,USD,SampleGen
09b54ff1-c6a9-4476-8fb7-e5ae61a41314,Ski,S300234,CID-077,CA-1002,2022-11-07,Completed,2249.95,196.87,2446.82,Discover,USD,SampleGen
4252793f-b425-473d-beea-8c0d936ed948,Ski,S300235,CID-077,CA-1002,2024-10-13,Completed,2679.94,234.5,2914.44,VISA,USD,SampleGen
3b3477ba-b7b7-4875-997a-5a8922851c1d,Ski,S300236,CID-078,CA-1003,2025-06-22,Completed,379.98,33.25,413.23,AmEx,USD,SampleGen
7a39951e-fdad-4827-9004-902254e9f4d4,Ski,S300237,CID-078,CA-1003,2023-07-12,Completed,119.99,10.5,130.49,MC,USD,SampleGen
6e959dfe-85e8-4c27-aadb-c3a4377b8e56,Ski,S300238,CID-079,CA-1004,2021-10-07,Completed,2599.98,227.5,2827.48,VISA,USD,SampleGen
a6f01c9e-2c0b-437a-a651-1b6852575420,Ski,S300239,CID-079,CA-1004,2025-05-20,Completed,1549.98,135.62,1685.6,PayPal,USD,SampleGen
dab094c3-b662-490f-9a10-215874a90041,Ski,S300240,CID-079,CA-1004,2024-06-25,Completed,2109.93,184.62,2294.55,VISA,USD,SampleGen
83b98c7a-55e0-4c5b-b2c4-62756c2108ee,Ski,S300241,CID-079,CA-1004,2025-04-30,Completed,3869.94,338.62,4208.56,VISA,USD,SampleGen
689d83fb-2623-41c7-9623-8aefdd7836b6,Ski,S300242,CID-080,CA-1005,2025-10-21,Completed,619.97,54.24,674.21,MC,USD,SampleGen
20b65cc3-fb6f-4863-8ae3-7f8db860470b,Ski,S300243,CID-080,CA-1005,2024-07-11,Completed,499.97,43.75,543.72,AmEx,USD,SampleGen
c14a60da-21f7-40a0-bd43-33d4e28617a1,Ski,S300244,CID-081,CA-1006,2024-02-09,Completed,2499.96,218.75,2718.71,MC,USD,SampleGen
35e2f69e-5bd8-4602-a370-4c1be46fe754,Ski,S300245,CID-081,CA-1006,2026-04-28,Completed,689.97,60.37,750.34,MC,USD,SampleGen
1f7ab3b6-f0a9-407a-a513-6127a0f761d7,Ski,S300246,CID-081,CA-1006,2024-12-14,Completed,1849.94,161.87,2011.81,VISA,USD,SampleGen
b4576d8f-2d1c-431a-8b66-74c230e4dd23,Ski,S300247,CID-081,CA-1006,2022-07-30,Completed,1329.96,116.37,1446.33,MC,USD,SampleGen
43c39e06-2e82-4d4f-9ddd-bf67f6e807ef,Ski,S300248,CID-081,CA-1006,2021-06-28,Completed,1249.97,109.37,1359.34,VISA,USD,SampleGen
a99d7d0b-87a9-494f-8ceb-b8bd73e70882,Ski,S300249,CID-082,CA-1007,2024-07-24,Completed,359.95,31.5,391.45,VISA,USD,SampleGen
d903f7eb-6f9e-4904-9aa2-ccaaf365eec5,Ski,S300250,CID-082,CA-1007,2024-05-05,Completed,1239.95,108.49,1348.44,AmEx,USD,SampleGen
e6e5462b-5ecf-4dda-b323-9a77e7eb77a5,Ski,S300251,CID-082,CA-1007,2025-01-06,Completed,4009.94,350.87,4360.81,VISA,USD,SampleGen
2b77b379-a211-4ecc-a8b3-4ab5e0f56613,Ski,S300252,CID-082,CA-1007,2024-03-15,Completed,1519.93,133.0,1652.93,VISA,USD,SampleGen
5f50ca3f-9b15-4432-9158-c0bc6e3bc869,Ski,S300253,CID-082,CA-1007,2024-07-30,Completed,399.97,35.0,434.97,PayPal,USD,SampleGen
a69449b2-ef51-45f1-910f-604265f72bda,Ski,S300254,CID-082,CA-1007,2026-03-05,Completed,1299.98,113.75,1413.73,MC,USD,SampleGen
07b51e86-4621-407a-8b0e-394a14670ca2,Ski,S300255,CID-082,CA-1007,2023-08-31,Shipped,1739.95,152.25,1892.2,MC,USD,SampleGen
0682c359-e792-4dee-8c12-3530fb3d057a,Ski,S300256,CID-083,CA-1008,2023-01-18,Completed,1499.96,131.25,1631.21,VISA,USD,SampleGen
1778cd16-365c-45a5-9b87-abf58fa2e62b,Ski,S300257,CID-083,CA-1008,2021-11-23,Completed,339.98,29.74,369.72,VISA,USD,SampleGen
dcb45389-2ccc-43bc-aa1f-25a54b6d454e,Ski,S300258,CID-083,CA-1008,2024-11-18,Shipped,1114.95,97.55,1212.5,MC,USD,SampleGen
b16fa2f1-ac84-4741-9b08-59cd890ce30a,Ski,S300259,CID-083,CA-1008,2022-11-22,Completed,1299.96,113.75,1413.71,VISA,USD,SampleGen
50fe077c-3cf3-43a4-be7f-ad06fca77b23,Ski,S300260,CID-084,CA-1009,2025-11-01,Completed,1159.98,101.5,1261.48,VISA,USD,SampleGen
365b78b2-11e8-4bd7-9e00-69aceeb6c94b,Ski,S300261,CID-084,CA-1009,2026-04-21,Completed,889.97,77.87,967.84,VISA,USD,SampleGen
613125b3-7da6-4001-afee-e8d7375d2c36,Ski,S300262,CID-084,CA-1009,2025-03-08,Completed,959.96,84.0,1043.96,VISA,USD,SampleGen
5d367f7f-5c11-4e86-9eaf-01352adc8bcd,Ski,S300263,CID-084,CA-1009,2024-01-06,Completed,2549.96,223.12,2773.08,VISA,USD,SampleGen
2c2ba089-16d5-41d5-8691-65a3ca108756,Ski,S300264,CID-085,CA-1010,2024-06-02,Completed,249.99,21.87,271.86,VISA,USD,SampleGen
5a8397a1-f2f5-4087-8077-1c2bf730038d,Ski,S300265,CID-085,CA-1010,2021-06-10,Completed,159.99,14.0,173.99,VISA,USD,SampleGen
26ce11ca-3bbf-4f20-8706-c61d6adad022,Ski,S300266,CID-086,CA-1011,2024-12-26,Pending,2129.96,186.36,2316.32,VISA,USD,SampleGen
94826891-6823-49bc-aaa8-c72a2d8e6832,Ski,S300267,CID-086,CA-1011,2025-12-12,Completed,2959.95,259.0,3218.95,VISA,USD,SampleGen
e65c2a5f-a412-4e63-a7ca-5e2b91030578,Ski,S300268,CID-087,CA-1012,2021-01-31,Completed,2009.94,175.87,2185.81,VISA,USD,SampleGen
8371a179-5f20-49ba-9e2a-f64c58b1310c,Ski,S300269,CID-087,CA-1012,2026-01-09,Completed,1409.96,123.37,1533.33,AmEx,USD,SampleGen
d33b275c-c6e1-48c4-9284-f998caf8b00f,Ski,S300270,CID-088,CA-1013,2024-04-06,Pending,689.97,60.37,750.34,VISA,USD,SampleGen
5dad6946-5855-4453-92d5-7f51e2a0f3de,Ski,S300271,CID-088,CA-1013,2023-12-20,Completed,859.96,75.25,935.21,AmEx,USD,SampleGen
c8332edc-2cc6-412b-aa6f-b1c7ac22a16d,Ski,S300272,CID-089,CA-1014,2024-03-24,Completed,399.95,35.0,434.95,VISA,USD,SampleGen
6a411afc-f87e-4fad-b868-ef32f936e0ba,Ski,S300273,CID-089,CA-1014,2026-04-14,Completed,189.99,16.62,206.61,VISA,USD,SampleGen
cf5714ae-7a26-4cef-9045-b7a14fd48052,Ski,S300274,CID-090,CA-1015,2022-02-16,Pending,2899.97,253.75,3153.72,VISA,USD,SampleGen
f8264393-8c81-4c8d-885d-efbf9b850366,Ski,S300275,CID-091,CA-1016,2026-02-02,Completed,3449.95,301.87,3751.82,VISA,USD,SampleGen
ffb62a13-839b-4452-a062-bb6a433583ff,Ski,S300276,CID-091,CA-1016,2022-09-02,Completed,5099.92,446.25,5546.17,MC,USD,SampleGen
08bd4602-1dd4-49bd-8647-3ba18fae4557,Ski,S300277,CID-092,CA-1017,2023-01-01,Completed,3759.96,329.0,4088.96,MC,USD,SampleGen
2a0628d9-421d-4094-90a0-b04b619e286a,Ski,S300278,CID-092,CA-1017,2025-11-13,Completed,2879.96,251.99,3131.95,Discover,USD,SampleGen
81f9f240-c468-4036-8f90-ded4fd6788d2,Ski,S300279,CID-092,CA-1017,2023-08-15,Completed,1339.94,117.25,1457.19,AmEx,USD,SampleGen
e615f963-60f6-45b4-bb5e-e787bfeb630f,Ski,S300280,CID-092,CA-1017,2022-07-05,Completed,1419.96,124.25,1544.21,MC,USD,SampleGen
6b6c17ad-972a-4024-9306-94f8f1fa34b5,Ski,S300281,CID-092,CA-1017,2022-11-18,Shipped,399.98,35.0,434.98,MC,USD,SampleGen
c2399331-f87e-4344-9c90-ad84f190e02d,Ski,S300282,CID-093,CA-1018,2024-09-20,Completed,579.99,50.75,630.74,PayPal,USD,SampleGen
82a030ce-3b31-4a87-9f51-42906e6343e2,Ski,S300283,CID-093,CA-1018,2022-10-18,Completed,2029.95,177.62,2207.57,MC,USD,SampleGen
b93200a3-cae0-4abd-b3a4-f71b7777aa75,Ski,S300284,CID-093,CA-1018,2021-05-14,Shipped,119.99,10.5,130.49,MC,USD,SampleGen
b9d0ec01-83ce-4642-9aef-1d0650dffb2e,Ski,S300285,CID-093,CA-1018,2021-09-12,Pending,579.99,50.75,630.74,PayPal,USD,SampleGen
ab8e55b1-a92f-489e-81ad-df795b5d451b,Ski,S300286,CID-093,CA-1018,2022-06-24,Completed,619.96,54.25,674.21,VISA,USD,SampleGen
ae25abdc-9e1a-44e5-b53f-c4576d6bfb52,Ski,S300287,CID-094,CA-1019,2021-05-10,Completed,649.99,56.87,706.86,MC,USD,SampleGen
3db5af89-5d76-47bb-8b1a-83320ffbc7a0,Ski,S300288,CID-094,CA-1019,2024-05-09,Completed,2259.95,197.75,2457.7,PayPal,USD,SampleGen
7e313a64-0188-4d66-8873-d2b697c95e27,Ski,S300289,CID-095,CA-1020,2024-04-21,Completed,1149.94,100.62,1250.56,VISA,USD,SampleGen
223d9467-7460-44fa-98d2-0567c1774aac,Ski,S300290,CID-095,CA-1020,2024-04-29,Completed,1354.95,118.55,1473.5,PayPal,USD,SampleGen
ee56a3a5-d051-4f29-ad21-7e494968ca5b,Ski,S300291,CID-095,CA-1020,2022-03-04,Completed,379.98,33.25,413.23,Discover,USD,SampleGen
b1eff9b2-aca2-4235-8588-da4071270beb,Ski,S300292,CID-095,CA-1020,2026-02-08,Completed,4949.94,433.12,5383.06,AmEx,USD,SampleGen
c9c8d964-0bf9-41e2-80c1-a4711f9514e9,Ski,S300293,CID-095,CA-1020,2023-09-22,Cancelled,2359.95,206.49,2566.44,MC,USD,SampleGen
8ce2735c-aaa0-4f62-8959-862feeda17b8,Ski,S300294,CID-096,CA-1021,2025-04-10,Pending,239.97,21.0,260.97,Discover,USD,SampleGen
d31ff65f-7a93-43e5-9eba-455cb32bbdd8,Ski,S300295,CID-096,CA-1021,2023-05-26,Completed,1599.98,140.0,1739.98,AmEx,USD,SampleGen
75e4c3ea-b298-41e1-9b7b-7b798c9937f2,Ski,S300296,CID-096,CA-1021,2025-07-27,Shipped,2299.93,201.25,2501.18,VISA,USD,SampleGen
433153f5-e326-42d2-b92e-faeec825cc41,Ski,S300297,CID-097,CA-1022,2022-07-05,Completed,299.99,26.25,326.24,AmEx,USD,SampleGen
a215de12-8a3e-4742-b5d9-869c75241f0a,Ski,S300298,CID-097,CA-1022,2021-07-12,Cancelled,374.95,32.81,407.76,Discover,USD,SampleGen
e0f9dfba-78d5-4f3e-b1f5-e485e61faf4b,Ski,S300299,CID-097,CA-1022,2024-06-11,Completed,2369.94,207.37,2577.31,VISA,USD,SampleGen
ed48500b-5624-456b-9877-d224ed34f8a4,Ski,S300300,CID-097,CA-1022,2025-09-30,Completed,759.95,66.5,826.45,VISA,USD,SampleGen
2d95084d-80f6-44f8-bfce-15102d9a58a5,Ski,S300301,CID-098,CA-1023,2022-11-15,Completed,1809.97,158.37,1968.34,Discover,USD,SampleGen
9a403077-d705-416d-a114-2807780fb5ff,Ski,S300302,CID-099,CA-1024,2023-05-23,Completed,2979.93,260.75,3240.68,MC,USD,SampleGen
1c832ebb-67b5-486a-96b8-164a97570944,Ski,S300303,CID-099,CA-1024,2023-08-26,Completed,509.97,44.62,554.59,MC,USD,SampleGen
81aef245-3ecb-4572-9101-fa565cc81078,Ski,S300304,CID-099,CA-1024,2021-12-29,Completed,349.99,30.62,380.61,MC,USD,SampleGen
e92662fd-fb0c-4b5e-a1fa-a64e0bba11bd,Ski,S300305,CID-099,CA-1024,2025-07-07,Shipped,924.95,80.93,1005.88,VISA,USD,SampleGen
fbc90d71-dcd5-472e-b294-1b4bd64c64d2,Ski,S300306,CID-100,CA-1025,2021-09-13,Completed,1459.95,127.75,1587.7,VISA,USD,SampleGen
41132308-660f-43b6-8a4a-7e359e8271ff,Ski,S300307,CID-100,CA-1025,2026-01-28,Completed,1099.97,96.25,1196.22,MC,USD,SampleGen
27b61ac5-92bd-4d8f-afb9-a812abe65f1b,Ski,S300308,CID-101,CA-1026,2023-04-24,Completed,79.99,7.0,86.99,VISA,USD,SampleGen
b12b2b9f-5278-41e9-8e5f-5014bb79f010,Ski,S300309,CID-102,CA-1027,2023-03-08,Completed,159.98,14.0,173.98,MC,USD,SampleGen
49e13a0c-7057-4b39-bb82-56d6761a3316,Ski,S300310,CID-102,CA-1027,2025-09-25,Completed,1149.93,100.62,1250.55,VISA,USD,SampleGen
6458b1b7-e1e2-4dd7-ad03-eac480b37104,Ski,S300311,CID-102,CA-1027,2022-08-03,Completed,3629.95,317.62,3947.57,AmEx,USD,SampleGen
3c638cdc-0641-40e6-a033-eadedac52b6e,Ski,S300312,CID-103,CA-1028,2021-11-05,Completed,2349.94,205.62,2555.56,AmEx,USD,SampleGen
32866fbf-891b-46c9-b4fa-8ed8d62bc00b,Ski,S300313,CID-103,CA-1028,2022-10-20,Completed,1979.95,173.25,2153.2,VISA,USD,SampleGen
89a81437-f32b-4d33-ad0e-57a32c8c44d7,Ski,S300314,CID-103,CA-1028,2026-01-31,Completed,1459.95,127.75,1587.7,PayPal,USD,SampleGen
5236647e-04fe-403b-9328-b4b35d3b8c2f,Ski,S300315,CID-103,CA-1028,2021-11-03,Pending,1379.97,120.75,1500.72,VISA,USD,SampleGen
e44b12c7-fb2c-4bcc-a5e0-d5c0d3cf6f30,Ski,S300316,CID-103,CA-1028,2024-11-10,Shipped,1549.98,135.62,1685.6,AmEx,USD,SampleGen
954dcba4-6362-422d-9f06-3840ace5ef77,Ski,S300317,CID-103,CA-1028,2021-01-06,Completed,3899.96,341.25,4241.21,MC,USD,SampleGen
3a7d8cc6-d7be-4376-a006-e4eaec7f10fa,Ski,S300318,CID-104,CA-1029,2021-01-13,Completed,3909.95,342.12,4252.07,VISA,USD,SampleGen
87b2cda3-381b-4885-86e8-6f7b5a588dec,Ski,S300319,CID-104,CA-1029,2024-10-31,Completed,649.99,56.87,706.86,VISA,USD,SampleGen
7c27d12c-a619-4940-822d-e613fd124c0b,Ski,S300320,CID-105,CA-1030,2023-06-19,Completed,1949.97,170.62,2120.59,MC,USD,SampleGen
b158f559-a22a-4f74-9a77-edcc7d1092e7,Ski,S300321,CID-106,CA-1031,2023-10-28,Completed,2359.93,206.5,2566.43,VISA,USD,SampleGen
7a9814d3-4727-4413-9923-cb7aed1a48ab,Ski,S300322,CID-106,CA-1031,2023-10-08,Completed,799.98,70.0,869.98,VISA,USD,SampleGen
23263cda-a0ea-4a96-b051-9cecd39af839,Ski,S300323,CID-106,CA-1031,2024-12-30,Completed,199.98,17.5,217.48,MC,USD,SampleGen
921d321e-1123-42c3-84b5-c7b972251bf6,Ski,S300324,CID-107,CA-1032,2024-07-30,Completed,949.98,83.12,1033.1,PayPal,USD,SampleGen
1109c281-ce8d-476e-9af4-5a17299103ac,Ski,S300325,CID-107,CA-1032,2025-08-29,Completed,419.98,36.75,456.73,Discover,USD,SampleGen
92f7630d-81a0-44b6-af09-4b2344819360,Ski,S300326,CID-108,CA-1033,2022-10-03,Completed,2869.96,251.12,3121.08,VISA,USD,SampleGen
f8558747-4ca5-4c38-acda-963a62ae54aa,Ski,S300327,CID-108,CA-1033,2023-01-01,Cancelled,3799.93,332.5,4132.43,MC,USD,SampleGen
d35177a9-c951-4a8b-bd79-015c99e8236e,Ski,S300328,CID-108,CA-1033,2023-05-23,Completed,1319.93,115.5,1435.43,MC,USD,SampleGen
822b4a0d-f770-4333-9208-140ebe63e2b3,Ski,S300329,CID-108,CA-1033,2023-08-18,Completed,1169.95,102.37,1272.32,VISA,USD,SampleGen
bfc5f59c-8e87-4eef-b318-eb7f9ed13d56,Ski,S300330,CID-109,CA-1034,2021-11-05,Completed,2499.92,218.75,2718.67,PayPal,USD,SampleGen
5e7ee23e-81e1-4dca-85a2-84bced39b75b,Ski,S300331,CID-110,CA-1035,2023-02-06,Completed,179.99,15.75,195.74,MC,USD,SampleGen
47e22ecb-3458-490a-a231-a9f2f1bc47fd,Ski,S300332,CID-111,CA-1036,2022-04-16,Completed,2569.94,224.87,2794.81,AmEx,USD,SampleGen
ebe730d9-47f9-413d-9e1e-b829ad6b19aa,Ski,S300333,CID-111,CA-1036,2023-10-16,Completed,1849.96,161.87,2011.83,AmEx,USD,SampleGen
838e242a-6666-412f-bab4-e3dd460f0321,Ski,S300334,CID-111,CA-1036,2025-12-04,Shipped,2349.94,205.62,2555.56,MC,USD,SampleGen
f988b01e-b404-4d80-83ae-a6feb0438a4b,Ski,S300335,CID-112,CA-1037,2024-09-30,Completed,619.95,54.25,674.2,MC,USD,SampleGen
e1904ae1-b02d-44f0-86ef-094d706dd02d,Ski,S300336,CID-112,CA-1037,2025-03-09,Pending,499.98,43.75,543.73,VISA,USD,SampleGen
c453b0e9-9b16-460b-8cd5-36db33942205,Ski,S300337,CID-113,CA-1038,2022-12-17,Completed,249.99,21.87,271.86,AmEx,USD,SampleGen
dc821fe8-67a8-4fe1-a1e2-b37b66cc6cd7,Ski,S300338,CID-113,CA-1038,2023-04-21,Completed,799.98,70.0,869.98,MC,USD,SampleGen
ad255141-ff1f-4979-9a22-e9dd6ab352b5,Ski,S300339,CID-114,CA-1039,2023-05-09,Completed,1799.96,157.5,1957.46,VISA,USD,SampleGen
fb2cb5a1-f4fc-4014-b1b5-dc6e8b81318e,Ski,S300340,CID-114,CA-1039,2025-01-14,Completed,999.98,87.49,1087.47,PayPal,USD,SampleGen
32726406-f300-4407-a162-79de839d6954,Ski,S300341,CID-114,CA-1039,2021-11-18,Shipped,599.98,52.5,652.48,MC,USD,SampleGen
58449b4c-c4d9-45f7-ba27-28ae08c3124a,Ski,S300342,CID-115,CA-1040,2025-07-05,Shipped,1269.93,111.12,1381.05,AmEx,USD,SampleGen
19ba6fb0-2670-4bb8-ab25-522c6ad5fe06,Ski,S300343,CID-115,CA-1040,2025-11-11,Completed,3269.93,286.12,3556.05,MC,USD,SampleGen
4582510f-14dc-4970-9a67-df110a36abd8,Ski,S300344,CID-115,CA-1040,2026-01-22,Completed,1119.95,98.0,1217.95,PayPal,USD,SampleGen
7604837f-ebd0-4dbd-8c85-8ca4045722a2,Ski,S300345,CID-115,CA-1040,2023-12-31,Completed,1619.96,141.75,1761.71,MC,USD,SampleGen
2c4a733b-a64c-4ea0-af6f-387ab32b5574,Ski,S300346,CID-116,CA-1041,2026-04-17,Completed,2049.96,179.37,2229.33,MC,USD,SampleGen
9d3bdfa6-7fb5-4461-b620-5d00d07b9401,Ski,S300347,CID-116,CA-1041,2023-09-16,Completed,1029.97,90.12,1120.09,Discover,USD,SampleGen
aa03fdbc-dcca-4335-9b79-4a5391332818,Ski,S300348,CID-117,CA-1042,2023-08-22,Cancelled,799.99,70.0,869.99,PayPal,USD,SampleGen
073f0537-127c-4b7f-b182-5c4cdaae1d55,Ski,S300349,CID-117,CA-1042,2025-02-10,Completed,2299.97,201.24,2501.21,VISA,USD,SampleGen
c5156ea8-4a8d-4ebc-8feb-cb662e7f5429,Ski,S300350,CID-117,CA-1042,2022-11-14,Completed,2199.97,192.5,2392.47,Discover,USD,SampleGen
4b2ac698-6fe6-4371-b274-acac19c24728,Ski,S300351,CID-117,CA-1042,2021-05-07,Completed,1869.93,163.62,2033.55,MC,USD,SampleGen
bdf03943-6cf4-4c8a-9460-5631a3482fb0,Ski,S300352,CID-117,CA-1042,2023-03-16,Completed,2219.93,194.25,2414.18,VISA,USD,SampleGen
3e3b067a-a763-4eab-8210-74d1e049f09f,Ski,S300353,CID-118,CA-1043,2023-04-13,Completed,499.98,43.75,543.73,MC,USD,SampleGen
0734bf71-ae13-48d6-b6ab-9f1d1880c17e,Ski,S300354,CID-118,CA-1043,2024-12-27,Completed,819.96,71.75,891.71,MC,USD,SampleGen
2f381ef5-02be-4e1d-a9a4-f023843b30b5,Ski,S300355,CID-118,CA-1043,2021-02-10,Completed,1599.97,140.0,1739.97,Discover,USD,SampleGen
d3345784-916e-4050-b125-275feff4b26d,Ski,S300356,CID-119,CA-1044,2024-02-11,Completed,1599.96,140.0,1739.96,MC,USD,SampleGen
8278d4ae-b187-4c5e-9d63-d3b3b10e66a0,Ski,S300357,CID-119,CA-1044,2023-02-22,Completed,2059.94,180.25,2240.19,PayPal,USD,SampleGen
de284f98-b22c-4cdf-9e55-4828f1bd3e08,Ski,S300358,CID-119,CA-1044,2023-09-15,Shipped,299.99,26.25,326.24,VISA,USD,SampleGen
f4451479-29e1-46fa-a0d2-fe489f68ef7c,Ski,S300359,CID-119,CA-1044,2022-10-25,Completed,2149.94,188.12,2338.06,VISA,USD,SampleGen
74e02a82-d060-422d-a484-382a559d3e75,Ski,S300360,CID-119,CA-1044,2021-10-11,Completed,449.99,39.37,489.36,AmEx,USD,SampleGen
06b0762d-5fac-47f0-a5b0-6dbccc8959ad,Ski,S300361,CID-119,CA-1044,2021-01-06,Completed,1999.95,174.99,2174.94,AmEx,USD,SampleGen
fd288fbc-98bb-431f-a5a3-25b193bd1dbb,Ski,S300362,CID-119,CA-1044,2025-06-15,Completed,649.99,56.87,706.86,VISA,USD,SampleGen
3aab23e8-8579-43a5-ba6b-fde242a86d8f,Ski,S300363,CID-119,CA-1044,2025-09-29,Completed,1449.97,126.86,1576.83,PayPal,USD,SampleGen
2df423ac-4c59-4ef8-8c2e-ff08b90b5331,Ski,S300364,CID-119,CA-1044,2024-05-16,Pending,1499.94,131.25,1631.19,AmEx,USD,SampleGen
57495354-75a2-4c0d-99b0-c91d90301cba,Ski,S300365,CID-120,CA-1045,2023-10-31,Completed,264.98,23.18,288.16,Discover,USD,SampleGen
d78a055f-9cb1-4d95-bfde-fca4fbb6e003,Ski,S300366,CID-120,CA-1045,2026-03-19,Completed,1999.94,175.0,2174.94,AmEx,USD,SampleGen
b9dc1b1f-bd7c-4436-a78a-7d2a166d026e,Ski,S300367,CID-120,CA-1045,2023-08-25,Completed,2059.94,180.24,2240.18,Discover,USD,SampleGen
c8679403-884f-406a-8e09-5b556ccbb284,Ski,S300368,CID-120,CA-1045,2024-06-30,Pending,1839.95,161.0,2000.95,VISA,USD,SampleGen
284efba0-be22-4b11-a797-33e9c53d03da,Ski,S300369,CID-121,CA-1046,2025-01-25,Completed,1299.98,113.75,1413.73,PayPal,USD,SampleGen
bd66b14d-27a4-4388-9c7e-a261844301d8,Ski,S300370,CID-121,CA-1046,2024-01-20,Completed,3549.94,310.62,3860.56,Discover,USD,SampleGen
c60b29fc-ce10-4432-a4cf-62183d66ac04,Ski,S300371,CID-121,CA-1046,2025-09-08,Completed,1659.94,145.24,1805.18,MC,USD,SampleGen
418d7a07-a381-4112-b667-616d7a34cc8e,Ski,S300372,CID-122,CA-1047,2023-02-28,Pending,1909.94,167.12,2077.06,PayPal,USD,SampleGen
52d92bcc-6057-4ac6-a2ae-87106a067a2a,Ski,S300373,CID-122,CA-1047,2024-07-03,Completed,2429.94,212.62,2642.56,PayPal,USD,SampleGen
0f95f209-8beb-494b-9c6f-4069f326841b,Ski,S300374,CID-122,CA-1047,2021-03-27,Completed,919.96,80.5,1000.46,VISA,USD,SampleGen
0eb9c041-4c7f-44fb-a5c2-24c445f5da4c,Ski,S300375,CID-122,CA-1047,2022-03-18,Completed,319.98,28.0,347.98,AmEx,USD,SampleGen
6f6685b1-369c-4426-b4bf-a68a015f4ad3,Ski,S300376,CID-123,CA-1048,2021-05-20,Cancelled,1159.98,101.5,1261.48,MC,USD,SampleGen
787e7c0c-4aeb-4256-aee8-8cffa195fe8e,Ski,S300377,CID-123,CA-1048,2026-03-17,Completed,1249.98,109.37,1359.35,AmEx,USD,SampleGen
8e485360-a359-4eb4-b6e4-8bf231a05b66,Ski,S300378,CID-124,CA-1049,2021-06-17,Completed,3089.95,270.37,3360.32,MC,USD,SampleGen
4a840cec-d938-4d22-8df6-27c140978218,Ski,S300379,CID-124,CA-1049,2023-05-24,Cancelled,3499.96,306.25,3806.21,Discover,USD,SampleGen
88bb3262-b4db-40d7-b403-a4687cc649fa,Ski,S300380,CID-124,CA-1049,2022-08-10,Completed,989.98,86.62,1076.6,VISA,USD,SampleGen
00740910-b85d-4531-98bc-0ece0cba8a6d,Ski,S300381,CID-124,CA-1049,2026-03-19,Shipped,589.98,51.62,641.6,VISA,USD,SampleGen
1537244e-f63c-4059-b9ac-670cd9479ae0,Ski,S300382,CID-125,CA-1050,2023-12-16,Completed,699.98,61.25,761.23,VISA,USD,SampleGen
b80d8b5e-e95a-4612-9a36-ddd87302167e,Ski,S300383,CID-125,CA-1050,2023-06-24,Completed,159.98,14.0,173.98,AmEx,USD,SampleGen
21411d7c-45e8-40a5-9797-fa66484a9587,Ski,S300384,CID-126,CA-1051,2024-07-20,Completed,1789.96,156.62,1946.58,VISA,USD,SampleGen
384bc334-f3ab-427a-b9a3-792b01335444,Ski,S300385,CID-127,CA-1052,2022-09-04,Completed,699.97,61.25,761.22,VISA,USD,SampleGen
96d0cf06-660d-462e-85c0-dbbe60c659aa,Ski,S300386,CID-127,CA-1052,2023-07-13,Completed,579.96,50.75,630.71,VISA,USD,SampleGen
e9f11fef-3613-4bf7-93c1-4f77fd6d6078,Ski,S300387,CID-127,CA-1052,2025-07-26,Shipped,579.94,50.75,630.69,AmEx,USD,SampleGen
abb52ca1-7c9c-4637-bb40-2876549ca5cb,Ski,S300388,CID-127,CA-1052,2025-11-10,Pending,2819.94,246.75,3066.69,VISA,USD,SampleGen
b86e0d84-f0c0-4857-bc1d-6dd8aa796a3b,Ski,S300389,CID-128,CA-1053,2026-01-22,Completed,799.99,70.0,869.99,VISA,USD,SampleGen
f82574db-a2a7-497e-9b90-bb9215951625,Ski,S300390,CID-128,CA-1053,2025-05-21,Completed,1149.96,100.62,1250.58,Discover,USD,SampleGen
01ef388c-7a81-4151-8f26-0853114178e1,Ski,S300391,CID-128,CA-1053,2023-06-06,Shipped,1249.95,109.37,1359.32,VISA,USD,SampleGen
0cb0d763-b9ec-407d-bbb2-ecddc74dab6c,Ski,S300392,CID-129,CA-1054,2025-10-27,Completed,2449.95,214.37,2664.32,Discover,USD,SampleGen
f7405903-ca37-4fb0-926d-ef85d36a0d27,Ski,S300393,CID-130,CA-1055,2023-11-11,Completed,1279.95,111.99,1391.94,VISA,USD,SampleGen
f38d815a-211c-497b-8856-d6100ab5fcb5,Ski,S300394,CID-131,CA-1056,2023-04-26,Completed,79.99,7.0,86.99,PayPal,USD,SampleGen
2c322c47-9aca-4738-ac44-ec5eee9da1eb,Ski,S300395,CID-132,CA-1057,2025-11-18,Completed,699.98,61.25,761.23,Discover,USD,SampleGen
4d52706b-f940-4dd3-b104-0ef1284f4178,Ski,S300396,CID-133,CA-1058,2026-01-29,Completed,649.99,56.87,706.86,Discover,USD,SampleGen
82926f0c-367c-4c2f-9d07-54b3cd672c96,Ski,S300397,CID-133,CA-1058,2025-10-26,Completed,499.98,43.75,543.73,Discover,USD,SampleGen
4fd4881c-204c-4a76-81c9-6b1695cb47e4,Ski,S300398,CID-133,CA-1058,2022-01-06,Completed,2699.93,236.25,2936.18,PayPal,USD,SampleGen
a784eef0-cff8-4066-b53d-d68ac044eafe,Ski,S300399,CID-134,CA-1059,2024-05-14,Cancelled,1389.95,121.61,1511.56,MC,USD,SampleGen
b10646f2-33fc-4063-a5bd-d6f01e7e9630,Ski,S300400,CID-134,CA-1059,2025-03-15,Completed,189.99,16.62,206.61,PayPal,USD,SampleGen
0496ff20-7993-4247-b9cf-cbe5e1a86bda,Ski,S300401,CID-134,CA-1059,2022-04-19,Completed,879.97,77.0,956.97,MC,USD,SampleGen
35bacd37-ea81-4985-a1b6-6caa64b74b6e,Ski,S300402,CID-135,CA-1060,2025-01-12,Completed,99.99,8.75,108.74,AmEx,USD,SampleGen
358b162d-745c-4976-b97d-de3a76e28b2d,Ski,S300403,CID-135,CA-1060,2021-10-02,Cancelled,229.96,20.12,250.08,VISA,USD,SampleGen
18e9bd3a-4fe3-4027-89c5-ef76bbe94b27,Ski,S300404,CID-136,CA-1061,2021-03-09,Completed,2259.94,197.74,2457.68,VISA,USD,SampleGen
77e026a0-7634-4980-ab89-bdae1d924038,Ski,S300405,CID-136,CA-1061,2024-10-21,Completed,1159.98,101.5,1261.48,VISA,USD,SampleGen
8eb05139-4ed3-44c1-a33f-fe0e36b4b283,Ski,S300406,CID-136,CA-1061,2022-06-14,Completed,759.96,66.5,826.46,MC,USD,SampleGen
e82d31ed-b3c6-40c4-86df-67b9532b6d9b,Ski,S300407,CID-136,CA-1061,2025-10-30,Completed,1599.96,140.0,1739.96,Discover,USD,SampleGen
6a12fe9a-14c0-41aa-9f0f-ab5d6a718f0c,Ski,S300408,CID-137,CA-1062,2024-06-18,Completed,2399.97,210.0,2609.97,Discover,USD,SampleGen
d1a5bb8b-72ff-464a-9fda-558799964950,Ski,S300409,CID-137,CA-1062,2026-03-26,Completed,939.94,82.25,1022.19,PayPal,USD,SampleGen
94bf671c-7d04-48b8-a00e-cc12d1e32fe6,Ski,S300410,CID-138,CA-1063,2023-01-30,Completed,2699.93,236.25,2936.18,AmEx,USD,SampleGen
72c7592a-4fd4-4b95-825a-53724915b680,Ski,S300411,CID-138,CA-1063,2023-03-13,Completed,159.98,14.0,173.98,AmEx,USD,SampleGen
41e059ec-b93b-432a-8598-abb50c365ae9,Ski,S300412,CID-138,CA-1063,2024-04-11,Completed,899.95,78.75,978.7,AmEx,USD,SampleGen
ddac4a7a-a4ef-4ad6-9f8c-178a815eb38a,Ski,S300413,CID-138,CA-1063,2021-11-18,Completed,1399.94,122.5,1522.44,MC,USD,SampleGen
b75514ad-cfc9-47bd-bbed-9eeb49dcb352,Ski,S300414,CID-139,CA-1064,2024-06-13,Completed,189.99,16.62,206.61,MC,USD,SampleGen
b898ecff-b867-42d4-b262-f6ea7595f684,Ski,S300415,CID-139,CA-1064,2022-03-16,Completed,709.95,62.12,772.07,MC,USD,SampleGen
02f96f48-feac-4c31-9cb0-5e555e39961d,Ski,S300416,CID-140,CA-1065,2025-02-16,Completed,1349.96,118.12,1468.08,AmEx,USD,SampleGen
bd1ff1ac-42aa-48af-8a35-5d5182d4e598,Ski,S300417,CID-140,CA-1065,2023-04-11,Completed,249.99,21.87,271.86,MC,USD,SampleGen
e465c78d-23f1-43d0-a5e4-5c123106331e,Ski,S300418,CID-141,CA-1066,2025-03-04,Completed,159.98,14.0,173.98,MC,USD,SampleGen
36184601-7a90-4edd-8457-ae410a324382,Ski,S300419,CID-142,CA-1067,2025-01-15,Completed,799.98,70.0,869.98,AmEx,USD,SampleGen
63614ce5-bcbc-4923-865c-1be898476f21,Ski,S300420,CID-143,CA-1068,2024-07-17,Completed,3329.94,291.37,3621.31,PayPal,USD,SampleGen
95baa0d4-9535-4abc-8412-e0c7ec2f2e6f,Ski,S300421,CID-143,CA-1068,2024-06-24,Completed,1539.95,134.75,1674.7,PayPal,USD,SampleGen
a8e0aa20-77d5-4a4d-bf97-6c5e2d8c3e25,Ski,S300422,CID-144,CA-1069,2022-07-25,Completed,14.99,1.31,16.3,AmEx,USD,SampleGen
e349d409-aa91-4ba2-8c76-d9d031cd3b32,Ski,S300423,CID-144,CA-1069,2021-04-25,Completed,349.99,30.62,380.61,MC,USD,SampleGen
a509766c-e042-4866-b942-a7ff8e061d3a,Ski,S300424,CID-145,CA-1070,2021-09-13,Completed,739.96,64.75,804.71,Discover,USD,SampleGen
106c2e85-1ce1-437d-926d-28ce9a22fb3e,Ski,S300425,CID-146,CA-1071,2022-05-11,Completed,989.95,86.62,1076.57,Discover,USD,SampleGen
f353ad14-bb03-4840-b2c4-aae7b02b5ccf,Ski,S300426,CID-146,CA-1071,2023-09-03,Completed,2599.98,227.5,2827.48,MC,USD,SampleGen
749c7527-e794-480a-b935-342f900da84e,Ski,S300427,CID-146,CA-1071,2023-11-20,Completed,2599.95,227.5,2827.45,VISA,USD,SampleGen
6d0e724b-937c-40c4-a060-dda8b285013f,Ski,S300428,CID-147,CA-1072,2021-03-11,Completed,239.98,21.0,260.98,MC,USD,SampleGen
e491e609-a6de-4348-ba4d-49ce1f664601,Ski,S300429,CID-147,CA-1072,2022-08-27,Shipped,654.94,57.31,712.25,PayPal,USD,SampleGen
312ae0c5-de21-41f2-a7ef-a7412ecea7ce,Ski,S300430,CID-148,CA-1073,2023-05-11,Completed,1179.93,103.25,1283.18,AmEx,USD,SampleGen
542c32ae-3186-47d1-979d-9cd98ccc50b8,Ski,S300431,CID-149,CA-1074,2022-03-04,Completed,1819.94,159.25,1979.19,PayPal,USD,SampleGen
85d89457-b7d7-424b-9726-9022a71076c5,Ski,S300432,CID-149,CA-1074,2022-09-26,Completed,3399.96,297.5,3697.46,VISA,USD,SampleGen
d123b4a4-0536-4bfc-bd49-fef549a893a4,Ski,S300433,CID-149,CA-1074,2023-03-09,Pending,1399.96,122.5,1522.46,MC,USD,SampleGen
21fc8a43-f985-4421-b4cb-cfe788747417,Ski,S300434,CID-149,CA-1074,2025-01-27,Completed,1299.96,113.74,1413.7,PayPal,USD,SampleGen
55bcaa24-d20f-4cba-8a55-7134a9c2595f,Ski,S300435,CID-149,CA-1074,2022-10-25,Completed,149.99,13.12,163.11,MC,USD,SampleGen
9870a218-da93-4974-86af-ecb918c77330,Ski,S300436,CID-149,CA-1074,2025-10-01,Pending,1159.95,101.49,1261.44,VISA,USD,SampleGen
0dbd12ea-3b04-47fd-b6c0-481d09c5d27b,Ski,S300437,CID-150,CA-1075,2021-07-05,Completed,1279.94,112.0,1391.94,VISA,USD,SampleGen
73dae990-b4f6-4f52-a406-d628233f705d,Ski,S300438,CID-150,CA-1075,2023-09-13,Pending,949.97,83.12,1033.09,VISA,USD,SampleGen
7949127d-a7f9-4636-8222-cb7f2e38c75a,Ski,S300439,CID-150,CA-1075,2021-08-05,Pending,269.98,23.62,293.6,AmEx,USD,SampleGen
16242e79-2098-450e-bded-484ee178d58d,Ski,S300440,CID-151,CA-1076,2023-04-03,Completed,419.97,36.75,456.72,VISA,USD,SampleGen
a5571f3b-10fa-47f0-95e9-d4a057fed8b1,Ski,S300441,CID-151,CA-1076,2026-04-25,Completed,499.98,43.75,543.73,AmEx,USD,SampleGen
7b0f83d6-362e-45db-8ed7-cd2914cd6955,Ski,S300442,CID-152,CA-1077,2023-10-03,Completed,2209.95,193.37,2403.32,MC,USD,SampleGen
f0c45c5f-da96-421d-b6f9-0a43d177dbe6,Ski,S300443,CID-153,CA-1078,2024-05-09,Completed,319.98,28.0,347.98,PayPal,USD,SampleGen
fbfbea04-d0d9-46f6-8a68-6abeabf886a5,Ski,S300444,CID-154,CA-1079,2021-02-18,Completed,4329.95,378.87,4708.82,VISA,USD,SampleGen
d23d55e0-c00b-4d94-8539-54558ddbcf0a,Ski,S300445,CID-155,CA-1080,2021-09-18,Completed,2979.93,260.75,3240.68,PayPal,USD,SampleGen
eed7606e-de83-43a2-b5c8-05bf024b712a,Ski,S300446,CID-156,CA-1081,2021-10-23,Completed,249.99,21.87,271.86,PayPal,USD,SampleGen
417a0f7d-bb6f-415f-bd4b-531bb10218d2,Ski,S300447,CID-156,CA-1081,2021-03-01,Completed,1299.98,113.75,1413.73,Discover,USD,SampleGen
e3bd4761-d46a-43eb-898e-855f77ac6573,Ski,S300448,CID-157,CA-1082,2023-04-17,Completed,1279.94,112.0,1391.94,MC,USD,SampleGen
c040f624-bd4b-441f-a630-7fc922ceb257,Ski,S300449,CID-158,CA-1083,2022-03-13,Completed,799.99,70.0,869.99,AmEx,USD,SampleGen
23b564f9-b921-4a17-a626-31260f8ba15f,Ski,S300450,CID-158,CA-1083,2022-08-04,Completed,159.98,14.0,173.98,VISA,USD,SampleGen
cd256f33-c7de-4862-8885-0e0d45d42e9d,Ski,S300451,CID-159,CA-1084,2022-03-18,Pending,379.97,33.25,413.22,AmEx,USD,SampleGen
9910d397-0b9d-4590-b45d-5aef24f01b2b,Ski,S300452,CID-159,CA-1084,2023-05-26,Completed,254.97,22.31,277.28,VISA,USD,SampleGen
093a1291-5e64-4317-8243-83eb8d5b2c91,Ski,S300453,CID-159,CA-1084,2021-12-24,Completed,339.97,29.75,369.72,PayPal,USD,SampleGen
1f3730cb-618b-47b8-b8e8-0969e9583cc7,Ski,S300454,CID-160,CA-1085,2022-08-06,Completed,189.99,16.62,206.61,MC,USD,SampleGen
9f8cacb6-ff2d-4b53-ac48-1b09e1b1a061,Ski,S300455,CID-160,CA-1085,2022-10-13,Shipped,199.98,17.5,217.48,AmEx,USD,SampleGen
b0ae95c7-b7c9-4aeb-bc88-ccbeb89208ec,Ski,S300456,CID-161,CA-1086,2024-01-11,Completed,2199.97,192.5,2392.47,VISA,USD,SampleGen
7cb2021d-8d80-4b2f-a036-d97b5153f16b,Ski,S300457,CID-161,CA-1086,2024-07-14,Shipped,494.95,43.31,538.26,VISA,USD,SampleGen
9f145ef1-9023-4d80-a1f4-59aa3b9ad26c,Ski,S300458,CID-161,CA-1086,2026-03-14,Completed,159.98,14.0,173.98,PayPal,USD,SampleGen
7bffcbb2-f291-419e-8670-f81904b016e2,Ski,S300459,CID-162,CA-1087,2024-05-02,Completed,849.97,74.37,924.34,Discover,USD,SampleGen
855a04ab-3d9b-49c5-8aa3-b0a2ca4eb52a,Ski,S300460,CID-163,CA-1088,2023-09-04,Completed,659.98,57.75,717.73,VISA,USD,SampleGen
73f1734d-a152-4906-982b-ac43e9cd1e16,Ski,S300461,CID-163,CA-1088,2023-12-24,Cancelled,2449.97,214.37,2664.34,VISA,USD,SampleGen
4ad193db-0573-4e0b-aecf-c73509099551,Ski,S300462,CID-163,CA-1088,2021-07-11,Completed,1399.97,122.5,1522.47,VISA,USD,SampleGen
3cff0566-b4d9-4965-903e-5ff219e7c2a6,Ski,S300463,CID-164,CA-1089,2021-09-18,Shipped,2659.95,232.75,2892.7,VISA,USD,SampleGen
761f4738-ed88-4b51-9afe-9ecc0debf53e,Ski,S300464,CID-164,CA-1089,2022-04-24,Completed,899.98,78.75,978.73,MC,USD,SampleGen
f420f778-ac08-4cf1-b52c-11e2d99a8f7f,Ski,S300465,CID-165,CA-1090,2022-12-14,Pending,2249.96,196.87,2446.83,PayPal,USD,SampleGen
94eeaf7f-4753-4473-b90c-c88ed70a6003,Ski,S300466,CID-166,CA-1091,2024-11-22,Shipped,949.97,83.12,1033.09,PayPal,USD,SampleGen
290d907a-2631-4bbe-8488-98642c108d6c,Ski,S300467,CID-166,CA-1091,2021-12-03,Completed,1299.96,113.75,1413.71,VISA,USD,SampleGen
391f5896-0435-4ed0-85b0-a6734cc0d0d1,Ski,S300468,CID-166,CA-1091,2023-01-14,Completed,3299.96,288.75,3588.71,VISA,USD,SampleGen
fae85c2a-c4b4-4cb3-a256-2433d0761d66,Ski,S300469,CID-166,CA-1091,2023-12-19,Shipped,2109.93,184.62,2294.55,MC,USD,SampleGen
30a05b77-8338-47e4-b008-5138377b5858,Ski,S300470,CID-166,CA-1091,2026-02-07,Completed,1799.98,157.5,1957.48,VISA,USD,SampleGen
d96ba67d-bee6-463d-8b45-fc439a9241d0,Ski,S300471,CID-166,CA-1091,2023-02-13,Cancelled,4149.95,363.12,4513.07,PayPal,USD,SampleGen
b49a501b-0263-402e-92eb-8109b044b77a,Ski,S300472,CID-166,CA-1091,2022-06-11,Completed,1679.95,147.0,1826.95,MC,USD,SampleGen
840beec1-8fc2-4008-9e34-623947c044d8,Ski,S300473,CID-166,CA-1091,2022-10-16,Completed,2929.93,256.37,3186.3,AmEx,USD,SampleGen
1e7ca09b-780e-448d-8375-3fa480f29134,Ski,S300474,CID-167,CA-1092,2022-04-25,Pending,769.97,67.37,837.34,Discover,USD,SampleGen
fec6f38f-2ba6-4482-afdd-819cb3d110d5,Ski,S300475,CID-167,CA-1092,2021-08-07,Completed,4439.94,388.5,4828.44,Discover,USD,SampleGen
85c5378e-bb09-4bb6-bd15-918def472337,Ski,S300476,CID-167,CA-1092,2022-04-04,Shipped,349.99,30.62,380.61,AmEx,USD,SampleGen
6f5839cb-608e-48ff-85b7-e125601c009e,Ski,S300477,CID-168,CA-1093,2021-08-27,Completed,1299.98,113.75,1413.73,AmEx,USD,SampleGen
11a086ec-a751-40ab-9b55-50e095471fe4,Ski,S300478,CID-168,CA-1093,2023-05-29,Completed,1599.96,140.0,1739.96,AmEx,USD,SampleGen
bacc3ef6-19c1-417c-a76a-97f8af03af0d,Ski,S300479,CID-168,CA-1093,2023-07-19,Completed,1049.93,91.87,1141.8,MC,USD,SampleGen
a6250e3a-50ac-4d9e-8d55-827b64cd02b6,Ski,S300480,CID-168,CA-1093,2022-05-02,Completed,159.98,14.0,173.98,VISA,USD,SampleGen
40da63d4-4c3f-4a1e-8516-e55b39960ca4,Ski,S300481,CID-169,CA-1094,2024-08-01,Completed,499.97,43.74,543.71,VISA,USD,SampleGen
d0687ea0-f9fb-422b-8240-56b377263285,Ski,S300482,CID-170,CA-1095,2022-03-03,Completed,699.98,61.25,761.23,VISA,USD,SampleGen
c67f75ac-42cf-4d0f-9ec6-5b7a2df46e03,Ski,S300483,CID-170,CA-1095,2024-10-03,Completed,649.97,56.87,706.84,PayPal,USD,SampleGen
9e9fbad1-6d27-49fa-b08a-e8909e91abbc,Ski,S300484,CID-171,CA-1096,2022-08-15,Completed,349.97,30.62,380.59,Discover,USD,SampleGen
a2da0843-85b1-4f8c-bdbd-fc38619f5b7d,Ski,S300485,CID-171,CA-1096,2023-09-05,Shipped,1299.98,113.75,1413.73,Discover,USD,SampleGen
a404748c-3790-404f-ba58-1f4e76d75bc4,Ski,S300486,CID-171,CA-1096,2022-08-21,Completed,3689.94,322.87,4012.81,VISA,USD,SampleGen
f0ad65cf-998c-40e3-a552-b1dc3961e0d8,Ski,S300487,CID-172,CA-1097,2023-01-15,Completed,3279.95,286.99,3566.94,VISA,USD,SampleGen
adf63530-482c-41d1-809c-0b157a7d4f51,Ski,S300488,CID-172,CA-1097,2022-11-10,Completed,2099.96,183.74,2283.7,MC,USD,SampleGen
e8f30804-a7f1-4e0d-b479-bd548c65f248,Ski,S300489,CID-172,CA-1097,2025-06-09,Completed,659.96,57.75,717.71,MC,USD,SampleGen
cd9f4b33-c6c7-4169-95f8-895f683b4f3f,Ski,S300490,CID-172,CA-1097,2022-02-09,Completed,2329.94,203.87,2533.81,Discover,USD,SampleGen
8d5021ee-7dfc-4213-b66c-731642ea6e33,Ski,S300491,CID-172,CA-1097,2024-09-07,Completed,3499.96,306.25,3806.21,MC,USD,SampleGen
99eeadbe-e3e6-4594-89db-dbb64885c11d,Ski,S300492,CID-172,CA-1097,2022-02-04,Pending,299.98,26.25,326.23,AmEx,USD,SampleGen
390fa6da-1cbe-4920-b458-60d4cd380d8e,Ski,S300493,CID-172,CA-1097,2023-04-01,Completed,949.98,83.12,1033.1,PayPal,USD,SampleGen
3917f039-1b27-404f-ab51-3baf7855c3fe,Ski,S300494,CID-173,CA-1098,2025-01-13,Completed,1629.97,142.62,1772.59,PayPal,USD,SampleGen
801f9519-85fa-42be-8770-2f72affb4be5,Ski,S300495,CID-173,CA-1098,2026-03-18,Completed,159.98,14.0,173.98,AmEx,USD,SampleGen
d5ed2191-eae8-47f5-b035-a30977826856,Ski,S300496,CID-174,CA-1099,2024-01-22,Completed,179.99,15.75,195.74,VISA,USD,SampleGen
aaec8973-6351-4631-8def-2396c64cf8d2,Ski,S300497,CID-174,CA-1099,2023-09-29,Completed,659.96,57.75,717.71,MC,USD,SampleGen
9bd6dfb4-406f-48ac-b6ed-026cdb0ca031,Ski,S300498,CID-175,CA-1100,2023-07-18,Pending,3619.94,316.75,3936.69,VISA,USD,SampleGen
1e9a28ea-5b43-4df3-b3e0-e85538a01675,Ski,S300499,CID-176,CA-1101,2021-06-09,Completed,1109.93,97.12,1207.05,AmEx,USD,SampleGen
79101027-53bd-45e8-8208-8bdcd1388ae5,Ski,S300500,CID-176,CA-1101,2025-03-20,Cancelled,1679.96,147.0,1826.96,VISA,USD,SampleGen
ee33489e-2946-4956-8ad6-9eab65f008ad,Ski,S300501,CID-176,CA-1101,2022-03-01,Shipped,1409.94,123.37,1533.31,MC,USD,SampleGen
b58b2ee4-ef56-4434-aa6f-bdd0ae3f73c5,Ski,S300502,CID-176,CA-1101,2024-08-27,Completed,749.95,65.62,815.57,VISA,USD,SampleGen
713d2548-6f9e-4074-b61e-3d7f1fe7be27,Ski,S300503,CID-177,CA-1102,2022-09-28,Completed,399.99,35.0,434.99,MC,USD,SampleGen
2578e081-7ece-44c9-b40e-e064d8f60e1e,Ski,S300504,CID-177,CA-1102,2021-03-22,Completed,319.97,28.0,347.97,PayPal,USD,SampleGen
e9a5417a-86a6-4b96-98f2-c7f2e6fcaf7c,Ski,S300505,CID-178,CA-1103,2022-06-13,Pending,1839.94,160.99,2000.93,Discover,USD,SampleGen
6f34ce33-259e-41a9-b815-92230acb9cb6,Ski,S300506,CID-178,CA-1103,2022-11-06,Cancelled,799.98,70.0,869.98,VISA,USD,SampleGen
f33d3c14-aae2-4b58-a76f-ab4d3a273c2b,Ski,S300507,CID-179,CA-1104,2023-03-31,Completed,2999.95,262.5,3262.45,VISA,USD,SampleGen
63080439-dece-47bb-b1ec-281a13aa6689,Ski,S300508,CID-180,CA-1105,2026-01-27,Pending,2999.97,262.5,3262.47,AmEx,USD,SampleGen
9d5b2c3a-075a-4317-9944-440c5d465238,Ski,S300509,CID-180,CA-1105,2024-06-13,Shipped,394.97,34.55,429.52,Discover,USD,SampleGen
1346a573-2029-4171-97f2-e6bc5fa14cfb,Ski,S300510,CID-180,CA-1105,2025-08-19,Completed,1799.95,157.5,1957.45,MC,USD,SampleGen
61d6c7c1-4912-4e5a-b3fb-6b1c42a3e694,Ski,S300511,CID-181,CA-1106,2026-03-13,Completed,1419.95,124.25,1544.2,AmEx,USD,SampleGen
2beb92ea-e65a-40b0-b3df-1573742dee35,Ski,S300512,CID-181,CA-1106,2023-10-12,Completed,149.99,13.12,163.11,VISA,USD,SampleGen
af3133eb-70f8-4836-835e-dc8ad8ce216d,Ski,S300513,CID-182,CA-1107,2025-11-06,Completed,299.99,26.25,326.24,VISA,USD,SampleGen
e35356a7-afd0-4105-b93e-909fa99eaadc,Ski,S300514,CID-183,CA-1108,2022-11-22,Completed,1099.96,96.25,1196.21,MC,USD,SampleGen
5554dbeb-a235-4042-a97c-dad2702e91c2,Ski,S300515,CID-183,CA-1108,2022-02-28,Shipped,4049.94,354.37,4404.31,VISA,USD,SampleGen
1d42ee3c-e21e-4c0e-8fd5-0ec2dda14d1f,Ski,S300516,CID-184,CA-1109,2024-01-22,Completed,579.99,50.75,630.74,AmEx,USD,SampleGen
b97afe74-747f-4734-a910-9fe8cd5c9e90,Ski,S300517,CID-184,CA-1109,2026-02-24,Completed,1799.97,157.5,1957.47,PayPal,USD,SampleGen
761e0e66-c074-4bf2-9163-769f3ef3a91f,Ski,S300518,CID-184,CA-1109,2025-05-25,Completed,239.98,21.0,260.98,MC,USD,SampleGen
e45980f9-cc7f-4274-9e41-05a78bc88256,Ski,S300519,CID-185,CA-1110,2025-05-26,Completed,449.98,39.37,489.35,AmEx,USD,SampleGen
879d1558-d69c-4d35-b132-25952df7c47c,Ski,S300520,CID-185,CA-1110,2022-11-07,Completed,899.99,78.75,978.74,MC,USD,SampleGen
778ef9a2-d2b8-485f-8924-43a3a98f7c68,Ski,S300521,CID-185,CA-1110,2023-09-26,Pending,189.99,16.62,206.61,MC,USD,SampleGen
ddf997c5-85af-4647-93aa-c7d21ad2259e,Ski,S300522,CID-186,CA-1111,2022-09-10,Completed,1299.94,113.75,1413.69,PayPal,USD,SampleGen
2e58b6ad-2722-4762-881e-cd633677c774,Ski,S300523,CID-186,CA-1111,2025-08-03,Pending,799.99,70.0,869.99,VISA,USD,SampleGen
e2c7d37d-585e-40df-a620-593ccbbabab5,Ski,S300524,CID-187,CA-1112,2022-10-04,Completed,2129.95,186.37,2316.32,Discover,USD,SampleGen
5a1b6080-0ea4-4845-9abe-ca67839c8128,Ski,S300525,CID-187,CA-1112,2021-05-15,Completed,299.98,26.25,326.23,MC,USD,SampleGen
465800e2-9ccc-40e4-8785-74f666d398ac,Ski,S300526,CID-187,CA-1112,2022-08-03,Completed,2839.94,248.5,3088.44,VISA,USD,SampleGen
580a8382-42bc-4793-b9c2-22e4fba63226,Ski,S300527,CID-188,CA-1113,2022-10-21,Completed,1159.98,101.5,1261.48,VISA,USD,SampleGen
be188c3d-7363-42e7-8b76-c95ed0fe61a2,Ski,S300528,CID-188,CA-1113,2025-03-08,Shipped,249.99,21.87,271.86,VISA,USD,SampleGen
87783f14-6f08-496b-9e4c-a9e8ffac5635,Ski,S300529,CID-188,CA-1113,2023-03-30,Completed,699.98,61.25,761.23,MC,USD,SampleGen
b8f55a96-3ae6-4353-8c6b-60197b208b36,Ski,S300530,CID-189,CA-1114,2024-05-24,Completed,679.95,59.49,739.44,MC,USD,SampleGen
0cbab863-1212-4016-aa85-775337a4244b,Ski,S300531,CID-190,CA-1115,2023-07-28,Completed,1479.97,129.49,1609.46,MC,USD,SampleGen
7d1697ff-4da0-41ce-a87c-6ec881e4b17b,Ski,S300532,CID-190,CA-1115,2022-09-10,Pending,1279.96,111.99,1391.95,MC,USD,SampleGen
798dc909-9510-4293-aa1b-b492bc9e3d2d,Ski,S300533,CID-191,CA-1116,2023-09-02,Completed,79.99,7.0,86.99,MC,USD,SampleGen
852368ee-81af-4091-bbfa-5c3bf3522f0a,Ski,S300534,CID-191,CA-1116,2024-03-22,Cancelled,919.97,80.5,1000.47,VISA,USD,SampleGen
3a907d60-a95e-4399-8970-85d231e970a4,Ski,S300535,CID-192,CA-1117,2025-07-04,Completed,1459.96,127.75,1587.71,VISA,USD,SampleGen
b52356b4-f0c0-42ec-84e3-8739bb639522,Ski,S300536,CID-192,CA-1117,2021-10-15,Cancelled,299.98,26.25,326.23,VISA,USD,SampleGen
3d200336-a73d-4121-abad-b034ee5fb487,Ski,S300537,CID-192,CA-1117,2024-12-22,Completed,2459.96,215.25,2675.21,MC,USD,SampleGen
58295d16-dd72-4594-855d-7fa89c4a7527,Ski,S300538,CID-194,CA-1119,2024-02-21,Completed,1159.98,101.5,1261.48,Discover,USD,SampleGen
773e52b8-ea4d-4a89-9d99-40f37dd14045,Ski,S300539,CID-194,CA-1119,2023-03-07,Completed,549.95,48.12,598.07,PayPal,USD,SampleGen
40a88d4f-dad5-4dcf-9a11-6ea87193ca48,Ski,S300540,CID-195,CA-1120,2026-04-29,Completed,619.96,54.25,674.21,VISA,USD,SampleGen
7079fe71-f668-404a-a792-826fb5aaf912,Ski,S300541,CID-195,CA-1120,2024-02-15,Shipped,3299.94,288.75,3588.69,PayPal,USD,SampleGen
87a6bad5-b708-46e6-995b-064dfcf12de5,Ski,S300542,CID-195,CA-1120,2025-07-04,Completed,1599.98,140.0,1739.98,PayPal,USD,SampleGen
cf48b1fe-5e05-43fd-86d5-390734255f60,Ski,S300543,CID-196,CA-1121,2025-01-28,Completed,4159.92,364.0,4523.92,AmEx,USD,SampleGen
902c4616-46e8-48f8-a719-0a7e6d0cca25,Ski,S300544,CID-197,CA-1122,2023-11-26,Completed,3819.95,334.25,4154.2,PayPal,USD,SampleGen
3dfc0716-b697-428c-9aff-39dcdc88efef,Ski,S300545,CID-197,CA-1122,2021-06-09,Completed,239.98,21.0,260.98,MC,USD,SampleGen
3f639b7c-0306-4594-a520-1b8fa15e498d,Ski,S300546,CID-197,CA-1122,2024-12-12,Completed,1559.97,136.5,1696.47,VISA,USD,SampleGen
70a32e9f-8a1c-4388-b97c-d6fb19cf0fa1,Ski,S300547,CID-197,CA-1122,2023-05-19,Completed,389.97,34.12,424.09,MC,USD,SampleGen
ccd0ad4b-9b2e-433b-b0f4-45e17db18e51,Ski,S300548,CID-197,CA-1122,2025-03-13,Completed,2159.95,189.0,2348.95,VISA,USD,SampleGen
77bbe265-ff59-4dd2-9b8d-fcbdf2931965,Ski,S300549,CID-197,CA-1122,2022-10-24,Completed,3229.95,282.62,3512.57,VISA,USD,SampleGen
a91a28e5-1255-4454-a4f1-dd2aef9fc88e,Ski,S300550,CID-197,CA-1122,2025-03-25,Completed,509.95,44.62,554.57,Discover,USD,SampleGen
4c0a1f89-7cad-4149-9d4e-2551a4c5ab52,Ski,S300551,CID-198,CA-1123,2024-11-02,Completed,1179.95,103.25,1283.2,VISA,USD,SampleGen
9a285c4e-e178-409a-a53c-50bdb68e66b5,Ski,S300552,CID-198,CA-1123,2023-03-04,Cancelled,1349.97,118.12,1468.09,Discover,USD,SampleGen
c24c0662-a238-4fda-bb86-d3c85f6f2b4d,Ski,S300553,CID-198,CA-1123,2024-09-25,Completed,559.97,49.0,608.97,VISA,USD,SampleGen
a5498050-15a0-411b-b750-0435bd536cb4,Ski,S300554,CID-198,CA-1123,2021-04-02,Completed,1999.94,175.0,2174.94,PayPal,USD,SampleGen
20ee78c6-a1dd-45ba-bfae-88bb3cff4a6d,Ski,S300555,CID-198,CA-1123,2021-02-03,Completed,2059.94,180.25,2240.19,AmEx,USD,SampleGen
23f86a13-718d-4190-861c-5b7fbdcb835a,Ski,S300556,CID-198,CA-1123,2023-04-08,Completed,119.99,10.5,130.49,PayPal,USD,SampleGen
18f4aa3d-a53b-4a80-abee-5b67122450dc,Ski,S300557,CID-198,CA-1123,2023-10-26,Completed,849.97,74.37,924.34,Discover,USD,SampleGen
bac1ac8d-3890-489e-8b51-9218cffa7861,Ski,S300558,CID-198,CA-1123,2022-06-12,Completed,3279.94,287.0,3566.94,MC,USD,SampleGen
f5293966-8080-406c-92e6-1a4441871f3b,Ski,S300559,CID-199,CA-1124,2025-11-15,Completed,2339.95,204.74,2544.69,AmEx,USD,SampleGen
6ab3c8c4-cd67-4207-b8d5-527f4f971622,Ski,S300560,CID-199,CA-1124,2021-07-22,Completed,999.94,87.5,1087.44,MC,USD,SampleGen
cd13194d-9b76-4427-9aea-fd4452f278fa,Ski,S300561,CID-199,CA-1124,2022-08-19,Pending,439.95,38.5,478.45,VISA,USD,SampleGen
b802ac95-fa10-466e-ae35-76845e203413,Ski,S300562,CID-199,CA-1124,2024-06-06,Completed,1719.94,150.49,1870.43,AmEx,USD,SampleGen
0e545356-af18-42ee-b70f-82ba10eea7b3,Ski,S300563,CID-200,CA-1125,2023-08-04,Cancelled,119.99,10.5,130.49,MC,USD,SampleGen
49542f1b-e251-49de-bd89-0e794f56e6ea,Ski,S300564,CID-200,CA-1125,2023-04-03,Pending,689.97,60.37,750.34,Discover,USD,SampleGen
9ad9e5d3-a3ee-4865-b904-9250f0d3a069,Ski,S300565,CID-200,CA-1125,2024-09-13,Completed,1899.97,166.25,2066.22,MC,USD,SampleGen
b26f8c4e-ba69-43e2-8ffe-14812d342592,Ski,S300566,CID-201,CA-1126,2021-10-30,Completed,1919.95,167.99,2087.94,VISA,USD,SampleGen
e9e99097-94b9-416e-a2b9-4bc3b789ae90,Ski,S300567,CID-202,CA-1127,2021-09-22,Completed,1309.97,114.62,1424.59,MC,USD,SampleGen
77229809-1ced-4c35-9beb-9a2bc8c87b4e,Ski,S300568,CID-202,CA-1127,2023-10-01,Pending,409.97,35.87,445.84,VISA,USD,SampleGen
0c5a98b7-23d9-4bf8-8ded-55b7aa04799c,Ski,S300569,CID-203,CA-1128,2023-11-29,Completed,1569.94,137.37,1707.31,PayPal,USD,SampleGen
f21a94ec-70bb-46e5-940f-da2a10823300,Ski,S300570,CID-203,CA-1128,2021-12-01,Completed,1829.97,160.12,1990.09,MC,USD,SampleGen
ccdf313a-c337-48c7-9ceb-9d492f19aef1,Ski,S300571,CID-203,CA-1128,2024-10-17,Completed,899.99,78.75,978.74,VISA,USD,SampleGen
81e6d6eb-853e-4812-a419-066d99168328,Ski,S300572,CID-203,CA-1128,2024-04-28,Shipped,1149.95,100.62,1250.57,VISA,USD,SampleGen
f015061a-bdb3-40aa-a65e-04679c7d117d,Ski,S300573,CID-203,CA-1128,2025-10-13,Completed,379.98,33.25,413.23,VISA,USD,SampleGen
360abe3c-19ff-46b8-a6bd-15552a312a8e,Ski,S300574,CID-203,CA-1128,2025-04-06,Completed,399.97,35.0,434.97,VISA,USD,SampleGen
c4515974-fa6a-4638-9e07-185980de4d83,Ski,S300575,CID-204,CA-1129,2021-10-22,Completed,1019.97,89.25,1109.22,Discover,USD,SampleGen
cd5b592b-4601-4849-a146-6b89d8981d7a,Ski,S300576,CID-204,CA-1129,2023-12-06,Pending,499.98,43.75,543.73,AmEx,USD,SampleGen
e0728937-1ecd-47e4-9b6f-16c80b032304,Ski,S300577,CID-204,CA-1129,2026-03-06,Shipped,889.97,77.87,967.84,VISA,USD,SampleGen
1c3d2b59-a2b3-45b7-be76-c913801752bc,Ski,S300578,CID-204,CA-1129,2022-08-06,Pending,2609.93,228.37,2838.3,VISA,USD,SampleGen
bb2c7235-a4a5-4cf8-b9d1-77bd84499781,Ski,S300579,CID-204,CA-1129,2026-01-19,Pending,1199.97,105.0,1304.97,VISA,USD,SampleGen
cda3a8b0-04bf-48a2-888e-08818a55bece,Ski,S300580,CID-204,CA-1129,2021-06-17,Completed,189.99,16.62,206.61,Discover,USD,SampleGen
ac6227ca-b212-4396-a110-299d5b3469f6,Ski,S300581,CID-204,CA-1129,2021-12-26,Completed,1329.97,116.37,1446.34,Discover,USD,SampleGen
79473dd7-c207-452f-9cef-30b99def705e,Ski,S300582,CID-204,CA-1129,2024-01-21,Completed,3139.95,274.75,3414.7,PayPal,USD,SampleGen
3806298c-d42c-44e7-b892-3440ba0d1d08,Ski,S300583,CID-205,CA-1130,2021-03-27,Completed,399.99,35.0,434.99,VISA,USD,SampleGen
f9773c4a-de7e-4700-b765-22960b919a56,Ski,S300584,CID-205,CA-1130,2025-08-13,Completed,159.98,14.0,173.98,VISA,USD,SampleGen
53f3582b-f827-4e06-8657-936e91e324c9,Ski,S300585,CID-205,CA-1130,2022-02-26,Pending,2459.97,215.25,2675.22,PayPal,USD,SampleGen
72052471-3002-4a33-8c1b-3745441bac51,Ski,S300586,CID-206,CA-1131,2025-03-15,Completed,899.99,78.75,978.74,Discover,USD,SampleGen
d6c1b530-7854-4461-bc7f-fbcf71720cd8,Ski,S300587,CID-206,CA-1131,2025-05-13,Completed,1099.98,96.25,1196.23,MC,USD,SampleGen
68f79073-5de2-41eb-b828-66f5fe3f7f68,Ski,S300588,CID-207,CA-1132,2024-07-24,Completed,379.98,33.25,413.23,VISA,USD,SampleGen
4bdac043-9f7d-4fb9-931b-0fb6fb21551c,Ski,S300589,CID-207,CA-1132,2023-07-03,Pending,1399.96,122.5,1522.46,AmEx,USD,SampleGen
444582fe-afc0-4f64-ba78-6e02039de37b,Ski,S300590,CID-208,CA-1133,2022-01-14,Pending,869.97,76.12,946.09,VISA,USD,SampleGen
3abda1eb-9069-4a9d-9fdd-c79f890a30a5,Ski,S300591,CID-208,CA-1133,2025-06-21,Completed,2239.95,195.99,2435.94,PayPal,USD,SampleGen
eef5ec1d-7961-4198-927c-7ba3d719b9a8,Ski,S300592,CID-208,CA-1133,2026-01-13,Completed,3349.95,293.12,3643.07,VISA,USD,SampleGen
e03916f2-ee66-4f31-a34c-4943ed4409fa,Ski,S300593,CID-209,CA-1134,2023-07-25,Completed,1399.97,122.5,1522.47,MC,USD,SampleGen
bad19cbb-7d87-450f-9630-1760bb00f740,Ski,S300594,CID-210,CA-1135,2026-03-24,Cancelled,1399.95,122.5,1522.45,Discover,USD,SampleGen
9208578c-c95b-4495-a65f-36cafec13169,Ski,S300595,CID-210,CA-1135,2022-09-29,Completed,1599.97,140.0,1739.97,PayPal,USD,SampleGen
665717f6-cdbe-41cc-8c66-2402ec4f854c,Ski,S300596,CID-211,CA-1136,2024-01-08,Pending,1399.96,122.5,1522.46,Discover,USD,SampleGen
4dd49e68-0a2d-42e2-ab00-69c0b003dd81,Ski,S300597,CID-211,CA-1136,2022-01-03,Pending,2349.95,205.62,2555.57,VISA,USD,SampleGen
8cdf7fdd-d8d7-45d1-843b-3e3c45bec1df,Ski,S300598,CID-211,CA-1136,2023-06-26,Shipped,1419.96,124.25,1544.21,VISA,USD,SampleGen
a1e718f5-1afb-4d93-8202-a1a3b109f6bc,Ski,S300599,CID-211,CA-1136,2021-09-05,Completed,1949.95,170.62,2120.57,VISA,USD,SampleGen
627b010d-289a-41e3-844e-bbd8cc5e4819,Ski,S300600,CID-212,CA-1137,2021-11-30,Completed,5699.93,498.75,6198.68,MC,USD,SampleGen
045fbd95-3265-49d7-b18e-418cd52f7487,Ski,S300601,CID-212,CA-1137,2025-09-18,Pending,1499.97,131.25,1631.22,MC,USD,SampleGen
027825c9-78a2-4486-8f4a-ad4a7ee27942,Ski,S300602,CID-212,CA-1137,2023-01-20,Completed,3399.96,297.5,3697.46,Discover,USD,SampleGen
778e0393-ddc2-4db2-af6f-c5194f5aeb1a,Ski,S300603,CID-212,CA-1137,2021-04-18,Completed,2239.95,196.0,2435.95,MC,USD,SampleGen
76f3167e-b2db-430d-8449-ccd6cec74b4a,Ski,S300604,CID-213,CA-1138,2023-11-13,Completed,1219.96,106.74,1326.7,VISA,USD,SampleGen
e2918de3-538c-42b1-8902-c6da41ef161f,Ski,S300605,CID-213,CA-1138,2024-02-15,Completed,579.99,50.75,630.74,VISA,USD,SampleGen
37c1d210-e45e-4525-8bc8-f4f63800b471,Ski,S300606,CID-213,CA-1138,2022-11-01,Completed,1729.95,151.37,1881.32,PayPal,USD,SampleGen
44885483-642d-4bd3-83ab-7c2ff86c012d,Ski,S300607,CID-214,CA-1139,2021-10-05,Completed,1659.96,145.25,1805.21,PayPal,USD,SampleGen
b18fd2d7-04b6-4f09-ac87-fb819b42c4d9,Ski,S300608,CID-215,CA-1140,2024-11-18,Shipped,4649.94,406.87,5056.81,Discover,USD,SampleGen
d56bfd2a-d09b-4466-9cec-53362eb7ab55,Ski,S300609,CID-215,CA-1140,2024-02-28,Completed,3249.97,284.37,3534.34,MC,USD,SampleGen
77080854-7034-4283-bf51-b6e657245b36,Ski,S300610,CID-215,CA-1140,2023-03-30,Completed,1229.98,107.62,1337.6,MC,USD,SampleGen
7953c090-2d12-4a49-b02c-ccc9c1c1d408,Ski,S300611,CID-215,CA-1140,2022-08-01,Pending,1799.98,157.5,1957.48,MC,USD,SampleGen
634a3d87-8737-46da-8f7d-e95fa21b13c1,Ski,S300612,CID-215,CA-1140,2026-04-15,Completed,399.97,35.0,434.97,PayPal,USD,SampleGen
36ed926e-7a64-4373-b96f-bb28dfa4d5de,Ski,S300613,CID-216,CA-1141,2021-04-15,Completed,299.99,26.25,326.24,AmEx,USD,SampleGen
96ca8d0f-c694-46cb-9fb3-ec3be38b6f5c,Ski,S300614,CID-216,CA-1141,2024-08-01,Completed,2629.93,230.12,2860.05,AmEx,USD,SampleGen
1e945ac7-4989-453b-b6aa-cc8219308f63,Ski,S300615,CID-217,CA-1142,2022-02-18,Completed,359.98,31.5,391.48,MC,USD,SampleGen
eb379212-4a68-439a-a6be-707c21c990cb,Ski,S300616,CID-218,CA-1143,2024-02-25,Completed,2059.97,180.25,2240.22,Discover,USD,SampleGen
f48c0017-1e9c-4063-ac69-059a012dfd67,Ski,S300617,CID-218,CA-1143,2024-02-07,Completed,1679.97,147.0,1826.97,AmEx,USD,SampleGen
4582ced1-88fa-4ebb-aabb-73d4058e557f,Ski,S300618,CID-218,CA-1143,2023-08-22,Completed,889.97,77.87,967.84,VISA,USD,SampleGen
2e13a5bb-fc50-4171-b77e-21b7b498295f,Ski,S300619,CID-218,CA-1143,2021-10-21,Completed,749.97,65.62,815.59,AmEx,USD,SampleGen
37880fde-bd48-4363-8cb4-08c507f8e4dd,Ski,S300620,CID-219,CA-1144,2021-12-14,Completed,449.97,39.37,489.34,VISA,USD,SampleGen
62eb78dd-e7ec-4598-aec4-d537a4e65bde,Ski,S300621,CID-219,CA-1144,2021-08-17,Completed,899.99,78.75,978.74,Discover,USD,SampleGen
8434dd1e-d4c1-4c4a-a292-e5cd5f602398,Ski,S300622,CID-219,CA-1144,2025-12-29,Completed,549.99,48.12,598.11,Discover,USD,SampleGen
eb46c846-6098-47ec-9526-91283998bce7,Ski,S300623,CID-219,CA-1144,2023-09-21,Completed,1049.97,91.87,1141.84,Discover,USD,SampleGen
234aa9cc-506b-4663-b25f-d858158e2caa,Ski,S300624,CID-220,CA-1145,2021-03-09,Completed,589.95,51.62,641.57,MC,USD,SampleGen
7798947b-05e3-4e10-a34f-9b8298a3d39b,Ski,S300625,CID-220,CA-1145,2024-05-20,Completed,1649.96,144.37,1794.33,AmEx,USD,SampleGen
0e859b51-d008-4eaf-b41d-178d72d1b952,Ski,S300626,CID-220,CA-1145,2025-07-31,Completed,3059.93,267.75,3327.68,Discover,USD,SampleGen
e0991a20-63ce-4366-9b74-e5c819d1f26f,Ski,S300627,CID-220,CA-1145,2022-05-14,Completed,1659.93,145.25,1805.18,VISA,USD,SampleGen
50e03e0c-d45a-4adf-88b2-772817360037,Ski,S300628,CID-220,CA-1145,2022-06-07,Shipped,1419.97,124.25,1544.22,AmEx,USD,SampleGen
84b545a9-613b-44e8-b3d7-118cc48bad2d,Ski,S300629,CID-220,CA-1145,2023-10-17,Shipped,399.98,35.0,434.98,AmEx,USD,SampleGen
5e7f7090-7f76-48de-9387-7c374d2ed4ff,Ski,S300630,CID-220,CA-1145,2023-04-11,Completed,2869.96,251.12,3121.08,AmEx,USD,SampleGen
4983e928-e86a-461e-a393-43f0bd83e560,Ski,S300631,CID-221,CA-1146,2024-12-24,Pending,5449.95,476.87,5926.82,AmEx,USD,SampleGen
35c2ba2b-adc7-430a-a1eb-67a11581715a,Ski,S300632,CID-221,CA-1146,2025-03-13,Shipped,1149.95,100.62,1250.57,MC,USD,SampleGen
e2d91897-ed95-4a09-80e8-091be84e391b,Ski,S300633,CID-221,CA-1146,2024-09-19,Completed,1699.96,148.75,1848.71,VISA,USD,SampleGen
b0b43840-0852-4b47-aee1-204afe1f6d16,Ski,S300634,CID-221,CA-1146,2024-06-16,Pending,239.97,21.0,260.97,PayPal,USD,SampleGen
c887b7e9-814f-4cd4-85b9-f61d4f658020,Ski,S300635,CID-222,CA-1147,2024-07-31,Completed,1599.98,140.0,1739.98,VISA,USD,SampleGen
e3683ab6-c462-451a-aef0-8841fc659d47,Ski,S300636,CID-223,CA-1148,2025-01-25,Completed,759.98,66.5,826.48,AmEx,USD,SampleGen
7a388ab1-319f-470a-8478-1ce685aebb4d,Ski,S300637,CID-223,CA-1148,2022-06-09,Completed,79.99,7.0,86.99,VISA,USD,SampleGen
437b9785-5d22-40b6-a18a-57c2fcdb4f45,Ski,S300638,CID-223,CA-1148,2024-01-04,Completed,1749.97,153.12,1903.09,MC,USD,SampleGen
27cdaea5-71d5-48a7-a635-7426c2f10804,Ski,S300639,CID-224,CA-1149,2021-04-07,Completed,1989.97,174.12,2164.09,Discover,USD,SampleGen
75df1365-aab8-4a3a-a46f-d762b9888459,Ski,S300640,CID-225,CA-1150,2021-10-19,Shipped,479.96,41.99,521.95,PayPal,USD,SampleGen
52ec8c44-3cf3-43be-b7c1-74782f1354cb,Ski,S300641,CID-225,CA-1150,2022-04-18,Completed,2949.96,258.12,3208.08,AmEx,USD,SampleGen
d84dab96-7726-4eb9-94b5-039d28f3774d,Ski,S300642,CID-225,CA-1150,2022-09-12,Completed,1299.96,113.74,1413.7,VISA,USD,SampleGen
43c757dd-d80b-40c6-851a-2739fbca1e03,Ski,S300643,CID-226,CA-1151,2023-12-09,Cancelled,949.97,83.12,1033.09,AmEx,USD,SampleGen
06f72b4e-f13b-4530-9306-e78afe828108,Ski,S300644,CID-227,CA-1152,2022-08-27,Completed,399.96,35.0,434.96,MC,USD,SampleGen
b53fb3d3-9f9b-4abc-bce5-93b4ba191568,Ski,S300645,CID-228,CA-1153,2021-09-01,Completed,2779.96,243.25,3023.21,VISA,USD,SampleGen
7bb3975e-e835-4898-be52-6017103c1820,Ski,S300646,CID-228,CA-1153,2022-01-15,Completed,1299.98,113.75,1413.73,AmEx,USD,SampleGen
7c821730-7323-45a2-a2d2-3dab3303835a,Ski,S300647,CID-228,CA-1153,2023-06-21,Completed,99.99,8.75,108.74,Discover,USD,SampleGen
13313c95-46a7-45b4-bdb1-6915e285ad1e,Ski,S300648,CID-228,CA-1153,2023-05-21,Completed,1859.95,162.75,2022.7,PayPal,USD,SampleGen
376885c6-ac3c-4b5f-8cb0-5891d84efbc0,Ski,S300649,CID-229,CA-1154,2023-08-10,Completed,679.97,59.5,739.47,VISA,USD,SampleGen
4029ab85-e5ea-470f-a13a-2578e3b4b31c,Ski,S300650,CID-229,CA-1154,2021-09-02,Completed,3649.95,319.37,3969.32,MC,USD,SampleGen
53728c81-a93f-490e-95e5-237027a6041a,Ski,S300651,CID-230,CA-1155,2021-03-06,Completed,189.99,16.62,206.61,AmEx,USD,SampleGen
f79c836b-8963-4bec-a1e2-d395d56d2454,Ski,S300652,CID-230,CA-1155,2025-07-16,Completed,1994.95,174.56,2169.51,VISA,USD,SampleGen
5913a751-c42e-4454-bf5f-348a9a6620c1,Ski,S300653,CID-231,CA-1156,2025-02-14,Cancelled,1249.97,109.37,1359.34,PayPal,USD,SampleGen
c447c83a-f79d-4b1c-a400-7f63ad5f1dba,Ski,S300654,CID-231,CA-1156,2023-01-11,Completed,1389.96,121.62,1511.58,VISA,USD,SampleGen
2b157790-48d0-4834-b33e-857203a4037a,Ski,S300655,CID-231,CA-1156,2023-04-12,Completed,3399.95,297.5,3697.45,VISA,USD,SampleGen
f76b0e81-9a88-448c-8866-721c4a6f4f80,Ski,S300656,CID-232,CA-1157,2025-10-31,Completed,1399.96,122.5,1522.46,AmEx,USD,SampleGen
0d4c8bb4-6c93-4ae8-a44a-639659134fef,Ski,S300657,CID-232,CA-1157,2023-10-27,Completed,1809.93,158.37,1968.3,AmEx,USD,SampleGen
b54ff69f-ccaf-4f5e-a7d9-53603f139dfe,Ski,S300658,CID-233,CA-1158,2023-07-03,Completed,1149.97,100.61,1250.58,MC,USD,SampleGen
ccb856c0-9fd0-4432-995e-327f705246ec,Ski,S300659,CID-233,CA-1158,2026-04-07,Completed,1029.95,90.12,1120.07,MC,USD,SampleGen
819701a2-4f96-412e-9a1c-ae1e6e0a2728,Ski,S300660,CID-233,CA-1158,2022-12-26,Completed,399.98,35.0,434.98,AmEx,USD,SampleGen
776fe178-4386-4eaf-84ef-f1be017c1349,Ski,S300661,CID-233,CA-1158,2026-03-07,Completed,2069.96,181.12,2251.08,VISA,USD,SampleGen
42760127-d0fd-483e-82d0-7edfc5170870,Ski,S300662,CID-233,CA-1158,2025-09-27,Pending,2719.92,238.0,2957.92,VISA,USD,SampleGen
75e164f8-3762-42fe-b708-0c3b1c32ecea,Ski,S300663,CID-233,CA-1158,2022-02-03,Completed,579.99,50.75,630.74,MC,USD,SampleGen
e5c067ad-79d9-4de2-b1e3-9b47338da84f,Ski,S300664,CID-233,CA-1158,2025-01-15,Completed,1099.98,96.24,1196.22,MC,USD,SampleGen
45fb7d32-b2ce-4e16-afdf-5dff7248a4cf,Ski,S300665,CID-234,CA-1159,2025-07-05,Completed,309.98,27.12,337.1,VISA,USD,SampleGen
ddece900-cb54-4b2d-a497-9a54016110b4,Ski,S300666,CID-235,CA-1160,2021-10-28,Completed,1259.95,110.25,1370.2,VISA,USD,SampleGen
b687b238-bc24-4087-a4ae-e8c2280c364e,Ski,S300667,CID-235,CA-1160,2024-10-16,Completed,1879.93,164.5,2044.43,MC,USD,SampleGen
605b1c47-4521-4ccd-8c14-76464cd5f5df,Ski,S300668,CID-235,CA-1160,2022-07-09,Completed,189.99,16.62,206.61,PayPal,USD,SampleGen
534e5a83-cf50-4c8a-8c0e-e2684f0e0608,Ski,S300669,CID-236,CA-1161,2022-02-22,Completed,1579.96,138.25,1718.21,VISA,USD,SampleGen
4bb7a3b7-f7be-43c9-8535-0204b7723a2c,Ski,S300670,CID-236,CA-1161,2024-03-13,Completed,769.97,67.37,837.34,MC,USD,SampleGen
c427bf72-b439-4ff3-a374-706e606e3007,Ski,S300671,CID-236,CA-1161,2021-06-19,Completed,489.98,42.87,532.85,MC,USD,SampleGen
21c7c92d-439d-43c3-93c9-7c2027889259,Ski,S300672,CID-236,CA-1161,2025-08-28,Completed,2089.95,182.87,2272.82,Discover,USD,SampleGen
5fb223cb-f1e8-4a4f-80d6-4dbe2e3677d2,Ski,S300673,CID-236,CA-1161,2024-06-16,Completed,969.93,84.87,1054.8,Discover,USD,SampleGen
485cd828-9e0a-4856-9768-dc3bf4199a2c,Ski,S300674,CID-236,CA-1161,2021-11-10,Completed,2399.96,210.0,2609.96,VISA,USD,SampleGen
53dca9ca-f406-4984-a76c-9c29a50573e6,Ski,S300675,CID-236,CA-1161,2022-09-05,Completed,799.98,70.0,869.98,AmEx,USD,SampleGen
7f3c84d0-fb98-4745-a6c1-209e1ac59eeb,Ski,S300676,CID-236,CA-1161,2021-04-10,Shipped,79.99,7.0,86.99,MC,USD,SampleGen
fc4e1f44-7498-48ee-9031-dc24ab698c37,Ski,S300677,CID-237,CA-1162,2024-04-05,Completed,659.96,57.75,717.71,MC,USD,SampleGen
13d30c99-e28f-400c-8f07-33e717e2d025,Ski,S300678,CID-237,CA-1162,2025-08-28,Completed,1239.97,108.5,1348.47,MC,USD,SampleGen
44f41ef7-c70f-4860-80e0-a08cb641d871,Ski,S300679,CID-238,CA-1163,2022-07-28,Pending,379.98,33.25,413.23,PayPal,USD,SampleGen
339c23c7-b6b9-4a09-a9dc-db42c6a87422,Ski,S300680,CID-239,CA-1164,2022-09-13,Completed,1199.97,105.0,1304.97,VISA,USD,SampleGen
b8977242-3d46-4152-88e7-66d94cf5e59b,Ski,S300681,CID-239,CA-1164,2025-05-28,Completed,619.97,54.25,674.22,MC,USD,SampleGen
6d25037f-a7ad-4e36-9bae-4544dd6e415e,Ski,S300682,CID-239,CA-1164,2021-06-27,Completed,739.96,64.75,804.71,VISA,USD,SampleGen
32466fe2-25c6-421c-b7b7-bab2b14c5d49,Ski,S300683,CID-239,CA-1164,2026-03-05,Completed,569.95,49.87,619.82,PayPal,USD,SampleGen
f85c1c56-3bea-4222-8bf7-3b11242d82cf,Ski,S300684,CID-239,CA-1164,2021-02-20,Completed,1959.96,171.5,2131.46,VISA,USD,SampleGen
1e67ba20-1956-48c5-b41b-b8d410f241ff,Ski,S300685,CID-239,CA-1164,2024-03-28,Completed,299.98,26.25,326.23,VISA,USD,SampleGen
9a00b24b-fcfc-4373-bc59-8c55cb68ee3c,Ski,S300686,CID-240,CA-1165,2023-08-10,Shipped,3099.92,271.25,3371.17,Discover,USD,SampleGen
8e8f88a1-1458-47df-8b37-2f819d848ccb,Ski,S300687,CID-240,CA-1165,2021-03-08,Completed,399.98,35.0,434.98,AmEx,USD,SampleGen
d2520194-ce6e-424a-85bb-d51a85a51f63,Ski,S300688,CID-240,CA-1165,2025-06-23,Completed,2439.96,213.49,2653.45,VISA,USD,SampleGen
bf572884-f225-4c00-8d27-6ec118f91efc,Ski,S300689,CID-241,CA-1166,2021-12-06,Completed,3449.93,301.87,3751.8,MC,USD,SampleGen
96f34298-9049-440c-af44-9a9b71a5237a,Ski,S300690,CID-241,CA-1166,2022-08-01,Completed,2309.94,202.12,2512.06,VISA,USD,SampleGen
6750d102-8c1e-4081-8612-84b6d75a72f2,Ski,S300691,CID-242,CA-1167,2025-12-10,Pending,3549.95,310.62,3860.57,PayPal,USD,SampleGen
26e10f36-2b87-4c35-8539-b12e741effc4,Ski,S300692,CID-243,CA-1168,2025-11-21,Completed,2599.98,227.5,2827.48,AmEx,USD,SampleGen
c64c0370-9c89-4f1c-959c-affcfdc19162,Ski,S300693,CID-243,CA-1168,2025-10-15,Completed,3229.94,282.62,3512.56,MC,USD,SampleGen
279689a4-138f-46c8-ae49-39bdd6d322f0,Ski,S300694,CID-244,CA-1169,2022-02-23,Completed,1499.96,131.25,1631.21,MC,USD,SampleGen
9a11e581-1ed9-486a-be77-be554403fdcf,Ski,S300695,CID-244,CA-1169,2022-07-18,Completed,799.99,70.0,869.99,VISA,USD,SampleGen
22af6857-5f53-497a-92f8-d5da38cb17ac,Ski,S300696,CID-244,CA-1169,2021-07-28,Completed,3099.95,271.25,3371.2,MC,USD,SampleGen
244a567b-b480-4572-8640-a2a5a40f045f,Ski,S300697,CID-244,CA-1169,2026-04-02,Pending,379.98,33.25,413.23,PayPal,USD,SampleGen
dcced7a0-f20f-4eee-942b-0a2dd2528d3a,Ski,S300698,CID-245,CA-1170,2022-09-04,Completed,1159.98,101.5,1261.48,PayPal,USD,SampleGen
bcdc69f6-c5cc-496d-993d-5f790a00b0de,Ski,S300699,CID-245,CA-1170,2023-03-19,Completed,1709.95,149.61,1859.56,PayPal,USD,SampleGen
852128db-f6b5-4d44-9284-bbdaf703f352,Ski,S300700,CID-245,CA-1170,2023-04-07,Completed,1814.97,158.81,1973.78,MC,USD,SampleGen
d9bfe335-dbf2-43ec-86bd-d446570daeb3,Ski,S300701,CID-245,CA-1170,2026-02-26,Completed,3309.94,289.62,3599.56,PayPal,USD,SampleGen
d15b71e1-907d-4d56-8c23-6638ee369a81,Ski,S300702,CID-247,CA-1172,2026-04-15,Completed,3099.94,271.25,3371.19,MC,USD,SampleGen
44e937f5-8778-4b49-8412-5adac0799875,Ski,S300703,CID-247,CA-1172,2022-08-12,Completed,649.99,56.87,706.86,VISA,USD,SampleGen
40a1a80c-f1fd-4cc5-997e-6c2944bcfef9,Ski,S300704,CID-248,CA-1173,2021-11-28,Pending,399.99,35.0,434.99,MC,USD,SampleGen
cd844b0d-0771-4523-9253-2139e4928b6c,Ski,S300705,CID-248,CA-1173,2021-08-12,Completed,2169.95,189.87,2359.82,MC,USD,SampleGen
1454e84f-1a41-437d-a655-7a270065386b,Ski,S300706,CID-249,CA-1174,2024-08-25,Completed,1229.95,107.62,1337.57,AmEx,USD,SampleGen
887f97a3-6dba-4a75-a13c-8aded47d002f,Ski,S300707,CID-249,CA-1174,2025-07-15,Shipped,439.96,38.5,478.46,MC,USD,SampleGen
20788e20-9766-4e45-a309-8df341498107,Ski,S300708,CID-250,CA-1175,2022-01-18,Completed,2759.94,241.5,3001.44,VISA,USD,SampleGen
1f0d52b3-b8bd-42da-8c47-f28a97e57cf3,Ski,S300709,CID-250,CA-1175,2024-04-06,Completed,699.98,61.25,761.23,VISA,USD,SampleGen
d548d9e9-f297-4c2b-b2a0-5921263d30f9,Ski,S300710,CID-250,CA-1175,2021-07-08,Completed,1299.98,113.75,1413.73,AmEx,USD,SampleGen
f451ea0a-30f4-4bb9-9cbc-f0ccff08cd53,Ski,S300711,CID-250,CA-1175,2023-04-06,Completed,1129.94,98.87,1228.81,MC,USD,SampleGen
b7833ffd-a235-467e-8e5f-14375953905d,Ski,S300712,CID-250,CA-1175,2023-04-07,Completed,559.97,48.99,608.96,VISA,USD,SampleGen
7856305d-3f8f-42c3-9a80-05a7d0f9f079,Ski,S300713,CID-251,CA-1176,2022-05-07,Completed,2119.94,185.5,2305.44,MC,USD,SampleGen
c0565132-ab3b-495b-beac-06d8b9a3e794,Ski,S300714,CID-251,CA-1176,2022-03-21,Pending,1189.95,104.12,1294.07,AmEx,USD,SampleGen
178da405-8fde-45c3-8a49-68f472c49a2c,Ski,S300715,CID-251,CA-1176,2021-05-01,Completed,399.97,35.0,434.97,VISA,USD,SampleGen
f4b5166b-112c-449c-8240-2b82837a4a15,Ski,S300716,CID-251,CA-1176,2024-05-04,Pending,899.97,78.75,978.72,AmEx,USD,SampleGen
43ac2b16-c18c-4ed4-aa55-9885056f1363,Ski,S300717,CID-252,CA-1177,2023-07-14,Completed,299.99,26.25,326.24,VISA,USD,SampleGen
11ad4607-eb25-4799-8298-ea679f7575fb,Ski,S300718,CID-253,CA-1178,2026-01-16,Completed,1159.98,101.5,1261.48,VISA,USD,SampleGen
5a4b5c8e-dbc5-4eb1-8fe8-3d1be6d2985b,Ski,S300719,CID-253,CA-1178,2022-10-02,Completed,549.99,48.12,598.11,AmEx,USD,SampleGen
e87e5a6f-5dc1-4869-80b5-7e0836ee39bc,Ski,S300720,CID-253,CA-1178,2024-05-05,Completed,99.99,8.75,108.74,AmEx,USD,SampleGen
3571f6d2-fb1f-4edc-9699-332096a62169,Ski,S300721,CID-254,CA-1179,2024-07-09,Completed,1199.95,104.99,1304.94,VISA,USD,SampleGen
9b659256-84eb-4440-9e53-8b87757ed0e8,Ski,S300722,CID-254,CA-1179,2024-06-21,Completed,1799.98,157.5,1957.48,AmEx,USD,SampleGen
e75b20ea-0f78-4f02-86fe-97e54cda9038,Ski,S300723,CID-254,CA-1179,2025-09-28,Completed,499.98,43.75,543.73,MC,USD,SampleGen
ecd07d39-aa6e-4749-a5bc-bf19d97aa1f0,Ski,S300724,CID-255,CA-1180,2024-07-24,Completed,619.95,54.24,674.19,AmEx,USD,SampleGen
808016f7-ed1d-4d93-8df9-58649d165d70,Ski,S300725,CID-255,CA-1180,2024-06-12,Pending,2649.93,231.87,2881.8,MC,USD,SampleGen
f0bbb856-c391-4621-b2f0-9d36b39d94d9,Ski,S300726,CID-255,CA-1180,2022-09-27,Completed,1759.95,154.0,1913.95,AmEx,USD,SampleGen
bb66287c-2953-4dff-a15d-74224fcb0739,Ski,S300727,CID-255,CA-1180,2023-06-28,Completed,539.97,47.25,587.22,VISA,USD,SampleGen
dbb0bdf8-c927-4f68-a1b1-f69015cfe238,Ski,S300728,CID-256,CA-1181,2026-02-20,Completed,1329.94,116.37,1446.31,AmEx,USD,SampleGen
688eb0fc-e7c2-4212-b874-20877dba1508,Ski,S300729,CID-256,CA-1181,2025-08-31,Completed,399.99,35.0,434.99,MC,USD,SampleGen
4f7a1fa3-54c9-4aed-9250-1ec929bf2d35,Ski,S300730,CID-257,CA-1182,2022-01-03,Completed,899.98,78.75,978.73,AmEx,USD,SampleGen
07f53aa0-1caf-4a0a-9350-8f67b756198a,Ski,S300731,CID-257,CA-1182,2021-01-22,Shipped,2979.95,260.75,3240.7,PayPal,USD,SampleGen
7536a922-af23-434c-bc33-71360b67bd80,Ski,S300732,CID-258,CA-1183,2021-02-17,Completed,549.99,48.12,598.11,MC,USD,SampleGen
a747ba7b-0ebd-4e0e-9314-d44cb9936aeb,Ski,S300733,CID-259,CA-1184,2023-07-24,Completed,3479.95,304.5,3784.45,PayPal,USD,SampleGen
75066ea6-1e05-488b-9e1b-3d52b60d99cb,Ski,S300734,CID-259,CA-1184,2023-08-25,Completed,519.95,45.5,565.45,VISA,USD,SampleGen
26243738-9af0-4a6a-b51b-a5695bbd1097,Ski,S300735,CID-260,CA-1185,2023-07-20,Completed,159.98,14.0,173.98,AmEx,USD,SampleGen
ec912071-4644-479c-a74b-9252a0d5965c,Ski,S300736,CID-261,CA-1186,2024-04-02,Completed,2969.96,259.87,3229.83,MC,USD,SampleGen
12d4d153-36fb-461b-a938-c67bfe5fc1cb,Ski,S300737,CID-262,CA-1187,2021-11-04,Completed,3014.95,263.81,3278.76,AmEx,USD,SampleGen
964a926a-ecea-4a01-a831-3aa664b35e10,Ski,S300738,CID-262,CA-1187,2022-11-05,Completed,2479.96,217.0,2696.96,MC,USD,SampleGen
2104069c-2503-4149-b699-84f54a071a04,Ski,S300739,CID-263,CA-1188,2024-12-18,Completed,1749.95,153.12,1903.07,PayPal,USD,SampleGen
c63d63ec-71e8-4c03-af18-e9147057c409,Ski,S300740,CID-264,CA-1189,2023-07-08,Completed,1299.98,113.75,1413.73,VISA,USD,SampleGen
885a7c7f-7898-4f41-aac3-603ef31d270d,Ski,S300741,CID-264,CA-1189,2023-12-26,Shipped,29.98,2.62,32.6,AmEx,USD,SampleGen
b70939f0-5937-4f2b-8927-affd88f271c3,Ski,S300742,CID-265,CA-1190,2021-09-09,Completed,649.99,56.87,706.86,VISA,USD,SampleGen
124745ee-88a1-4b15-95bf-17da1dad4ac6,Ski,S300743,CID-265,CA-1190,2021-09-08,Completed,4199.94,367.5,4567.44,MC,USD,SampleGen
133f1819-1ad3-4a53-bef1-c12ec3e11f8d,Ski,S300744,CID-265,CA-1190,2024-12-28,Completed,399.98,35.0,434.98,VISA,USD,SampleGen
261bfd6a-5e30-424b-80ec-a426466309b9,Ski,S300745,CID-265,CA-1190,2025-12-16,Completed,349.99,30.62,380.61,MC,USD,SampleGen
748fb0b5-f68c-4ec2-aada-8a07689524e1,Ski,S300746,CID-265,CA-1190,2024-04-25,Completed,299.99,26.25,326.24,VISA,USD,SampleGen
32528414-7ad4-4d41-882b-d509eb8da5d0,Ski,S300747,CID-265,CA-1190,2021-12-13,Pending,349.99,30.62,380.61,MC,USD,SampleGen
8232eb21-1e4f-4a82-8d71-1bdfade7fe70,Ski,S300748,CID-265,CA-1190,2023-04-03,Completed,1799.96,157.5,1957.46,VISA,USD,SampleGen
5cda9330-326f-4407-a890-d7d1ab7d7a94,Ski,S300749,CID-265,CA-1190,2022-03-02,Completed,789.97,69.12,859.09,MC,USD,SampleGen
d7a3dcfe-40be-4600-98da-bcaa08bc741e,Ski,S300750,CID-265,CA-1190,2022-05-11,Cancelled,119.99,10.5,130.49,VISA,USD,SampleGen
1c4ea8c5-784f-485c-9d25-f3325e23451d,Ski,S300751,CID-266,CA-1191,2023-08-04,Completed,1169.96,102.37,1272.33,PayPal,USD,SampleGen
d8251171-3bc5-47fe-a273-3af4b93bfb36,Ski,S300752,CID-266,CA-1191,2026-04-22,Completed,4139.95,362.24,4502.19,PayPal,USD,SampleGen
b5b4d12a-d2ad-4eb7-acce-43c9be93babf,Ski,S300753,CID-266,CA-1191,2021-04-27,Completed,239.98,21.0,260.98,VISA,USD,SampleGen
835690c9-7bc6-4648-8651-707dc3787c84,Ski,S300754,CID-266,CA-1191,2022-06-09,Completed,719.97,63.0,782.97,Discover,USD,SampleGen
7c193e2b-4a27-4a57-b6d3-cc4fe1f79765,Ski,S300755,CID-266,CA-1191,2021-08-07,Completed,379.98,33.25,413.23,MC,USD,SampleGen
2f6939d5-3df4-4ab7-b4bc-927362bae10f,Ski,S300756,CID-266,CA-1191,2024-09-08,Completed,159.98,14.0,173.98,AmEx,USD,SampleGen
c058fe33-eabd-4738-82e3-fd68c64da57f,Ski,S300757,CID-266,CA-1191,2024-06-18,Pending,409.96,35.87,445.83,MC,USD,SampleGen
f1a2f175-ab62-41df-907b-88c90a314c4b,Ski,S300758,CID-266,CA-1191,2022-01-23,Pending,2399.95,209.99,2609.94,MC,USD,SampleGen
2e681376-9db2-4d7c-b3fa-6ce1d9ddccb4,Ski,S300759,CID-267,CA-1192,2022-10-10,Shipped,2739.94,239.75,2979.69,AmEx,USD,SampleGen
b0d774cd-78d5-4cd8-9589-3aec9ba0991b,Ski,S300760,CID-267,CA-1192,2021-10-11,Completed,799.95,70.0,869.95,MC,USD,SampleGen
d49f27f8-02b3-4913-8803-5b8312b34100,Ski,S300761,CID-268,CA-1193,2022-10-02,Completed,2319.94,203.0,2522.94,Discover,USD,SampleGen
095f6049-af31-4c11-ad71-e2354e920535,Ski,S300762,CID-268,CA-1193,2024-01-25,Completed,1899.95,166.24,2066.19,PayPal,USD,SampleGen
5f1e684c-60fa-4064-a8ce-58f9cea039e3,Ski,S300763,CID-268,CA-1193,2024-07-10,Pending,1049.95,91.87,1141.82,MC,USD,SampleGen
5fefffec-70fe-4e30-a28f-761c2289ff55,Ski,S300764,CID-268,CA-1193,2021-06-29,Completed,749.97,65.62,815.59,VISA,USD,SampleGen
cb23ab53-fb78-4002-8db8-98856478cf3f,Ski,S300765,CID-269,CA-1194,2021-10-12,Shipped,1799.98,157.5,1957.48,VISA,USD,SampleGen
a128482d-7dad-419d-a9ff-8e08474eaec1,Ski,S300766,CID-269,CA-1194,2021-08-07,Completed,649.99,56.87,706.86,VISA,USD,SampleGen
515d5878-4a0a-4961-adb4-4bff06bc7acd,Ski,S300767,CID-269,CA-1194,2023-02-26,Pending,2629.96,230.12,2860.08,PayPal,USD,SampleGen
c9e8e08f-b9c5-44af-8454-ad219022bd3a,Ski,S300768,CID-269,CA-1194,2021-10-02,Completed,1984.95,173.68,2158.63,AmEx,USD,SampleGen
02ba7ef2-cd0a-4d74-bdf5-ce8e936eda7d,Ski,S300769,CID-270,CA-1195,2022-08-29,Completed,2219.96,194.25,2414.21,PayPal,USD,SampleGen
e9401f79-3430-4b8a-b759-b2226560d53e,Ski,S300770,CID-270,CA-1195,2023-06-14,Completed,309.98,27.12,337.1,VISA,USD,SampleGen
45be6017-e82f-40e7-972c-71abb254c401,Ski,S300771,CID-271,CA-1196,2022-06-21,Completed,659.97,57.75,717.72,PayPal,USD,SampleGen
acc178b0-c866-44f9-9d6e-30ac08875521,Ski,S300772,CID-271,CA-1196,2024-11-03,Shipped,899.98,78.75,978.73,PayPal,USD,SampleGen
dd372582-f909-42a0-a1c1-f152ffdca2a5,Ski,S300773,CID-272,CA-1197,2026-01-04,Cancelled,2329.94,203.87,2533.81,PayPal,USD,SampleGen
ada806b7-8604-4596-acbd-0f1b4555adee,Ski,S300774,CID-272,CA-1197,2022-02-24,Completed,3299.95,288.75,3588.7,AmEx,USD,SampleGen
a892fb92-0c10-413c-92f3-529a917d8b4e,Ski,S300775,CID-272,CA-1197,2025-04-23,Completed,2349.96,205.62,2555.58,AmEx,USD,SampleGen
368bed4e-1416-4300-87f1-2cf8f3e0d823,Ski,S300776,CID-273,CA-1198,2023-01-03,Completed,4799.95,420.0,5219.95,AmEx,USD,SampleGen
686197d5-83b8-4602-8456-8bfca6323775,Ski,S300777,CID-273,CA-1198,2022-08-23,Pending,3399.95,297.5,3697.45,Discover,USD,SampleGen
351c928b-8f42-424d-b824-c48efa6b52ee,Ski,S300778,CID-273,CA-1198,2021-09-27,Completed,879.97,77.0,956.97,MC,USD,SampleGen
6e9da301-0a4c-4dfd-8543-16b503d932cd,Ski,S300779,CID-273,CA-1198,2023-06-01,Completed,1679.96,147.0,1826.96,AmEx,USD,SampleGen
fb1f8318-f5f5-4afc-ab09-274fb7245b8a,Ski,S300780,CID-273,CA-1198,2026-02-22,Completed,2399.92,210.0,2609.92,VISA,USD,SampleGen
7fb3a0a3-9183-4f8d-aeb2-48231498d4b3,Ski,S300781,CID-273,CA-1198,2023-11-04,Shipped,2699.94,236.25,2936.19,MC,USD,SampleGen
ef236d83-31e1-4a63-892e-d7f6217f8221,Ski,S300782,CID-274,CA-1199,2024-12-23,Completed,2199.97,192.5,2392.47,VISA,USD,SampleGen
e687f780-609b-470c-a57c-c00e9f6aeb8b,Ski,S300783,CID-275,CA-1200,2022-05-11,Completed,99.99,8.75,108.74,MC,USD,SampleGen
18832a83-ff27-4716-a2d9-c88bf30e52a0,Ski,S300784,CID-275,CA-1200,2024-02-12,Completed,3359.93,294.0,3653.93,VISA,USD,SampleGen
fe84db3d-a657-4622-bfc6-4343e3245ab3,Ski,S300785,CID-276,CA-1201,2023-12-08,Completed,3579.95,313.24,3893.19,MC,USD,SampleGen
688b1d2f-e645-4541-bce3-7db52244e3ce,Ski,S300786,CID-276,CA-1201,2024-10-15,Completed,2159.95,189.0,2348.95,AmEx,USD,SampleGen
f503c69c-bbee-4d26-8e2d-6347cdb4b69c,Ski,S300787,CID-276,CA-1201,2021-05-27,Pending,2899.96,253.75,3153.71,VISA,USD,SampleGen
28c20622-fa41-4e34-b646-9ab639eec9c8,Ski,S300788,CID-277,CA-1202,2024-09-18,Completed,1299.98,113.75,1413.73,VISA,USD,SampleGen
9bd62a8a-533b-4534-90b7-2e17c6af509f,Ski,S300789,CID-277,CA-1202,2022-07-09,Cancelled,2599.96,227.5,2827.46,PayPal,USD,SampleGen
ee10427b-bd59-47c5-bc11-3a3fa950406c,Ski,S300790,CID-277,CA-1202,2025-06-18,Completed,239.98,21.0,260.98,VISA,USD,SampleGen
a930c87c-3c38-4c2a-83da-9c40129bf483,Ski,S300791,CID-277,CA-1202,2023-02-28,Completed,699.96,61.25,761.21,AmEx,USD,SampleGen
1c2e5393-11ba-4a74-89a7-c0cca297145b,Ski,S300792,CID-277,CA-1202,2022-04-16,Cancelled,1899.97,166.25,2066.22,AmEx,USD,SampleGen
8a26a3f6-1e34-44ed-be5c-6420dd78b686,Ski,S300793,CID-278,CA-1203,2023-02-10,Completed,659.97,57.75,717.72,MC,USD,SampleGen
0db2733c-8471-47e9-8321-0ee63cf5d1f2,Ski,S300794,CID-278,CA-1203,2024-06-24,Pending,649.99,56.87,706.86,Discover,USD,SampleGen
62feaeea-0a01-4279-ae36-ed46b7a04b9e,Ski,S300795,CID-279,CA-1204,2021-06-18,Completed,2734.94,239.31,2974.25,AmEx,USD,SampleGen
249f667e-b7d5-42e7-9f23-e35ad606a78b,Ski,S300796,CID-279,CA-1204,2025-06-09,Completed,919.97,80.5,1000.47,PayPal,USD,SampleGen
c1f1b6e1-de18-4191-bc21-c2852f906bb7,Ski,S300797,CID-279,CA-1204,2024-01-30,Completed,3919.93,343.0,4262.93,PayPal,USD,SampleGen
ca3bbe63-eaa0-404c-a38c-4c29c8a4b18d,Ski,S300798,CID-280,CA-1205,2026-01-24,Completed,259.98,22.75,282.73,AmEx,USD,SampleGen
d4d3b675-cbc2-4e1f-87b0-4aa3a79c1f54,Ski,S300799,CID-280,CA-1205,2022-08-17,Shipped,649.99,56.87,706.86,PayPal,USD,SampleGen
985a5a10-b66b-42cc-b36e-cfe37df2a7d6,Ski,S300800,CID-281,CA-1206,2023-01-15,Shipped,399.99,35.0,434.99,AmEx,USD,SampleGen
3c2d03f5-5091-49f2-8432-a4479e487e6e,Ski,S300801,CID-281,CA-1206,2023-06-02,Completed,399.97,35.0,434.97,PayPal,USD,SampleGen
717e6ec1-6ceb-4021-8244-463534e3417f,Ski,S300802,CID-281,CA-1206,2023-03-17,Cancelled,489.96,42.87,532.83,PayPal,USD,SampleGen
55717a1e-ef1f-42f2-ad37-5fdb099e52c6,Ski,S300803,CID-281,CA-1206,2024-01-03,Pending,829.98,72.62,902.6,AmEx,USD,SampleGen
86f93c25-ce09-4b45-a4fe-609a0ba18359,Ski,S300804,CID-281,CA-1206,2025-11-19,Completed,749.97,65.62,815.59,VISA,USD,SampleGen
d68e287f-804c-4058-939e-05c478c25420,Ski,S300805,CID-281,CA-1206,2022-04-27,Pending,539.96,47.25,587.21,VISA,USD,SampleGen
2d7daa48-d6c6-468c-9fc9-7afd166ac4c5,Ski,S300806,CID-281,CA-1206,2025-10-30,Completed,2199.96,192.5,2392.46,Discover,USD,SampleGen
a939c288-aa9c-45d3-9db6-84a37eaffd54,Ski,S300807,CID-281,CA-1206,2024-04-30,Pending,1159.98,101.5,1261.48,AmEx,USD,SampleGen
aeb13fdd-6142-4ec7-8729-66aca94929c2,Ski,S300808,CID-282,CA-1207,2022-06-01,Cancelled,2249.97,196.87,2446.84,AmEx,USD,SampleGen
350e72fd-a6f8-46f0-98e7-9e9bf3c09778,Ski,S300809,CID-283,CA-1208,2024-11-18,Completed,739.95,64.75,804.7,AmEx,USD,SampleGen
0f1f1c27-ed3c-4ca4-8986-71c6b3481adf,Ski,S300810,CID-283,CA-1208,2022-10-24,Completed,159.98,14.0,173.98,MC,USD,SampleGen
69229e2b-bb78-4b54-8be8-2b992c4e9e02,Ski,S300811,CID-283,CA-1208,2024-07-02,Completed,279.97,24.49,304.46,VISA,USD,SampleGen
61ff6900-82c1-45bb-a91d-5e5277cea608,Ski,S300812,CID-283,CA-1208,2024-01-25,Completed,2749.95,240.62,2990.57,VISA,USD,SampleGen
603274e5-9dcb-49c0-99e7-e8c884d5af2d,Ski,S300813,CID-283,CA-1208,2022-04-23,Completed,559.97,49.0,608.97,MC,USD,SampleGen
9645acbb-4016-48e1-99bd-15478a643294,Ski,S300814,CID-283,CA-1208,2025-09-23,Completed,2119.95,185.49,2305.44,VISA,USD,SampleGen
00319a85-b17c-4542-bc55-e06d2f6324d7,Ski,S300815,CID-283,CA-1208,2023-02-25,Completed,129.99,11.37,141.36,VISA,USD,SampleGen
37f9cdfc-3d90-415e-a97c-dba6eaf146a2,Ski,S300816,CID-284,CA-1209,2026-02-12,Shipped,2279.95,199.5,2479.45,MC,USD,SampleGen
590517ac-3469-4095-aad9-e3b880957a88,Ski,S300817,CID-284,CA-1209,2021-09-05,Completed,2039.93,178.5,2218.43,PayPal,USD,SampleGen
a5a11e50-8eb0-499e-bb1e-cf7a354d3d3d,Ski,S300818,CID-284,CA-1209,2023-03-16,Completed,2879.93,252.0,3131.93,PayPal,USD,SampleGen
72da6158-181f-4553-a865-70498cb1a02e,Ski,S300819,CID-284,CA-1209,2021-01-06,Cancelled,1299.99,113.75,1413.74,MC,USD,SampleGen
83d949dc-b5da-490f-896b-7d52488fe50f,Ski,S300820,CID-284,CA-1209,2023-08-07,Completed,1579.96,138.25,1718.21,AmEx,USD,SampleGen
ba976ee7-dda5-4072-8451-1f5f74e554df,Ski,S300821,CID-284,CA-1209,2023-04-27,Pending,1229.93,107.62,1337.55,MC,USD,SampleGen
5c254867-6388-4da8-ad57-a9c37a6576ec,Ski,S300822,CID-285,CA-1210,2023-08-16,Completed,649.93,56.87,706.8,VISA,USD,SampleGen
ffb686ca-9b33-4ddd-b9e1-acd68c972f7f,Ski,S300823,CID-285,CA-1210,2021-08-09,Completed,239.98,21.0,260.98,AmEx,USD,SampleGen
c6c32c17-8df4-4366-b395-14cb915472da,Ski,S300824,CID-285,CA-1210,2024-06-13,Completed,2479.96,217.0,2696.96,VISA,USD,SampleGen
8dfe6cac-b09f-4602-acf9-9d116bb66f96,Ski,S300825,CID-285,CA-1210,2023-10-17,Pending,899.99,78.75,978.74,MC,USD,SampleGen
48c4034f-d94a-4661-b109-9ab80b9fadad,Ski,S300826,CID-286,CA-1211,2023-06-17,Completed,899.93,78.75,978.68,VISA,USD,SampleGen
d31c0ef8-d817-4ea4-9301-0345470f548e,Ski,S300827,CID-286,CA-1211,2021-08-01,Completed,749.97,65.62,815.59,MC,USD,SampleGen
dc8214ef-4d22-4512-aa21-82b11301efe4,Ski,S300828,CID-286,CA-1211,2023-11-18,Completed,1209.95,105.87,1315.82,AmEx,USD,SampleGen
760cdfb7-d6b0-4a6f-905a-a3aa3769e0b9,Ski,S300829,CID-286,CA-1211,2023-12-24,Completed,1629.95,142.61,1772.56,PayPal,USD,SampleGen
135736b2-588e-4778-98c3-51e653bc3804,Ski,S300830,CID-287,CA-1212,2023-08-19,Pending,2499.94,218.75,2718.69,MC,USD,SampleGen
7096c2a9-9ec0-42a3-b8a5-ae2e291342e6,Ski,S300831,CID-287,CA-1212,2025-09-29,Completed,779.98,68.24,848.22,VISA,USD,SampleGen
b6db0327-bbdd-4d94-acc9-181742910e1e,Ski,S300832,CID-287,CA-1212,2025-10-05,Completed,979.98,85.75,1065.73,PayPal,USD,SampleGen
6b085721-c969-4527-bde9-9167d8d91120,Ski,S300833,CID-288,CA-1213,2021-12-29,Completed,849.97,74.37,924.34,AmEx,USD,SampleGen
b9c63b9a-4555-4a8d-98bc-09540f6ed499,Ski,S300834,CID-288,CA-1213,2023-11-26,Completed,239.98,21.0,260.98,PayPal,USD,SampleGen
7f13cc83-a057-42be-a853-79625c938d09,Ski,S300835,CID-289,CA-1214,2021-03-16,Cancelled,379.98,33.25,413.23,PayPal,USD,SampleGen
a77e6146-70ef-450b-a98e-5c7db9a15c14,Ski,S300836,CID-290,CA-1215,2024-12-05,Shipped,3409.93,298.37,3708.3,PayPal,USD,SampleGen
f62991ce-772f-44a8-a085-ba6ea280d536,Ski,S300837,CID-290,CA-1215,2021-07-22,Completed,119.99,10.5,130.49,Discover,USD,SampleGen
5fdb2758-3322-4668-bf1a-4a6884f42f93,Ski,S300838,CID-290,CA-1215,2022-06-20,Completed,799.99,70.0,869.99,VISA,USD,SampleGen
cdf20466-a2e3-4c14-8a4d-170fe4c80d31,Ski,S300839,CID-290,CA-1215,2021-02-01,Completed,199.98,17.5,217.48,PayPal,USD,SampleGen
52782a0b-8809-4352-b316-73fff3524e51,Ski,S300840,CID-291,CA-1216,2022-06-13,Completed,2969.95,259.87,3229.82,Discover,USD,SampleGen
25f43ffb-3528-4049-8551-95cb92c189ce,Ski,S300841,CID-291,CA-1216,2024-08-05,Completed,479.95,42.0,521.95,PayPal,USD,SampleGen
d620d6a3-98a6-472f-ba2c-629990253c18,Ski,S300842,CID-291,CA-1216,2025-08-14,Shipped,2059.94,180.25,2240.19,VISA,USD,SampleGen
901becb3-9a2a-430f-8f36-6bc5f639b206,Ski,S300843,CID-292,CA-1217,2021-12-08,Pending,2359.96,206.5,2566.46,AmEx,USD,SampleGen
f2dcdce1-b1b3-4b65-8a7d-59dcefc36473,Ski,S300844,CID-292,CA-1217,2021-11-24,Completed,2899.96,253.75,3153.71,AmEx,USD,SampleGen
a726fd55-ac1f-48b4-a3f0-1cab02ef6cf3,Ski,S300845,CID-293,CA-1218,2025-07-30,Shipped,319.98,28.0,347.98,Discover,USD,SampleGen
0e9e70f3-8929-4e2c-8249-e6e00b7fc7c7,Ski,S300846,CID-293,CA-1218,2026-03-20,Pending,2079.96,181.99,2261.95,AmEx,USD,SampleGen
2c219a2c-c896-4e0d-bf6f-cbfac0731b8a,Ski,S300847,CID-293,CA-1218,2025-10-06,Completed,1789.95,156.62,1946.57,VISA,USD,SampleGen
5a99959d-8857-423d-a761-0454c4ab7f64,Ski,S300848,CID-293,CA-1218,2021-12-16,Completed,199.98,17.5,217.48,PayPal,USD,SampleGen
d6c55638-ae36-4490-a5d4-480ca28ec1cc,Ski,S300849,CID-293,CA-1218,2021-10-16,Completed,79.99,7.0,86.99,AmEx,USD,SampleGen
7cfab706-5d61-47bd-b22a-795c5634c8b3,Ski,S300850,CID-294,CA-1219,2022-10-24,Completed,1679.92,147.0,1826.92,PayPal,USD,SampleGen
8ff9ed40-19f2-4e4b-b40e-c2daa83296ac,Ski,S300851,CID-294,CA-1219,2024-02-25,Completed,849.97,74.37,924.34,AmEx,USD,SampleGen
6feafff0-1ea4-409c-9ae1-35efb1f7f5a7,Ski,S300852,CID-294,CA-1219,2025-02-23,Completed,299.98,26.25,326.23,VISA,USD,SampleGen
1dcd4e20-4397-4258-9a69-f1f2b13eab6b,Ski,S300853,CID-294,CA-1219,2023-12-27,Completed,1219.94,106.75,1326.69,AmEx,USD,SampleGen
a0d8afd1-374c-4955-a3ea-564c6b45cc53,Ski,S300854,CID-294,CA-1219,2025-07-20,Completed,279.97,24.5,304.47,MC,USD,SampleGen
aee19c36-6190-40b7-8023-d655a3f102f1,Ski,S300855,CID-294,CA-1219,2022-11-09,Completed,599.98,52.5,652.48,VISA,USD,SampleGen
93a4fc81-7715-4072-8ee8-06a37c68e0f8,Ski,S300856,CID-295,CA-1220,2022-01-01,Shipped,129.99,11.37,141.36,VISA,USD,SampleGen
962d96de-0adf-4a01-83b0-7c6aaba3d15b,Ski,S300857,CID-295,CA-1220,2024-02-09,Completed,649.98,56.87,706.85,MC,USD,SampleGen
9a6dbc4d-b869-459c-ac65-a2924f18a33c,Ski,S300858,CID-295,CA-1220,2021-11-04,Completed,29.98,2.62,32.6,MC,USD,SampleGen
a9ceffb0-65a9-400f-8cf4-7ecd31bf361a,Ski,S300859,CID-295,CA-1220,2021-05-24,Completed,3399.95,297.5,3697.45,MC,USD,SampleGen
1ad5f6cb-da3d-4bc3-afd1-9e785fd71500,Ski,S300860,CID-295,CA-1220,2024-06-14,Completed,474.96,41.56,516.52,VISA,USD,SampleGen
03561e14-34dd-4adc-aaca-c2d20c2b31b0,Ski,S300861,CID-296,CA-1221,2025-07-05,Completed,579.99,50.75,630.74,VISA,USD,SampleGen
331904d0-6a7a-4ecb-b10b-587e4ffd8ca9,Ski,S300862,CID-296,CA-1221,2024-09-23,Shipped,259.98,22.75,282.73,MC,USD,SampleGen
f81a7876-46a8-410b-bcef-f0e72fbbef20,Ski,S300863,CID-297,CA-1222,2025-12-06,Completed,579.99,50.75,630.74,MC,USD,SampleGen
ab544b67-b00f-4714-b994-9d7b1fdd4634,Ski,S300864,CID-297,CA-1222,2024-11-13,Completed,679.95,59.5,739.45,VISA,USD,SampleGen
35960094-cb7c-44a5-adba-0b4dbf7f1af0,Ski,S300865,CID-298,CA-1223,2025-09-25,Completed,1299.98,113.75,1413.73,PayPal,USD,SampleGen
9f5ebe6d-0238-4b39-b241-2ab3af535398,Ski,S300866,CID-298,CA-1223,2022-09-01,Shipped,2599.94,227.5,2827.44,Discover,USD,SampleGen
be0ad7ed-234a-42c7-a37f-03076af8c25a,Ski,S300867,CID-298,CA-1223,2022-01-18,Completed,4009.95,350.87,4360.82,VISA,USD,SampleGen
ec032131-7a99-4d2a-91ac-dee5de5f9e2c,Ski,S300868,CID-298,CA-1223,2022-05-28,Cancelled,1429.96,125.12,1555.08,AmEx,USD,SampleGen
66219a59-24a8-4168-8a68-a51d7f205ee5,Ski,S300869,CID-298,CA-1223,2024-03-11,Completed,1519.96,133.0,1652.96,MC,USD,SampleGen
613109e3-8906-4903-bb69-87a95d6fea51,Ski,S300870,CID-299,CA-1224,2025-04-07,Completed,199.98,17.5,217.48,VISA,USD,SampleGen
d9261b86-3a04-4b4e-86a1-a23c2fe4bce1,Ski,S300871,CID-299,CA-1224,2022-12-03,Completed,2349.97,205.62,2555.59,VISA,USD,SampleGen
2ad822f6-2ec6-4cd3-bb20-90d1c8aa141e,Ski,S300872,CID-299,CA-1224,2024-08-16,Completed,649.99,56.87,706.86,VISA,USD,SampleGen
ba6e3668-47ec-4e47-b362-e4c028b566f6,Ski,S300873,CID-300,CA-1225,2024-03-03,Completed,979.98,85.75,1065.73,VISA,USD,SampleGen
499bac3f-e49e-49ff-a005-bebd700f2e15,Ski,S300874,CID-300,CA-1225,2022-12-14,Completed,609.98,53.37,663.35,MC,USD,SampleGen
5634d0c6-ee35-4bdf-a7d5-5317547b2dd7,Ski,S300875,CID-301,CA-1226,2023-07-08,Pending,379.98,33.25,413.23,VISA,USD,SampleGen
34469b72-72f4-4d7d-b090-47cd79eb5a33,Ski,S300876,CID-301,CA-1226,2024-05-24,Completed,3639.94,318.5,3958.44,VISA,USD,SampleGen
8b4095f8-6d7d-47c6-a16c-051fb9dbcbeb,Ski,S300877,CID-301,CA-1226,2021-04-24,Pending,359.97,31.5,391.47,VISA,USD,SampleGen
33c51eb9-a40a-4a3b-bf76-0e927d2bc85a,Ski,S300878,CID-301,CA-1226,2026-01-02,Completed,5699.92,498.75,6198.67,AmEx,USD,SampleGen
b0a6a567-0900-474c-a023-9667fa7d9b16,Ski,S300879,CID-301,CA-1226,2026-03-12,Completed,179.99,15.75,195.74,AmEx,USD,SampleGen
7c22342b-d30b-4ff9-a79c-0da08b0ae8ec,Ski,S300880,CID-302,CA-1227,2021-07-06,Completed,1349.97,118.12,1468.09,PayPal,USD,SampleGen
4dab972b-d1b2-4b50-b37c-1fcf723c4d85,Ski,S300881,CID-302,CA-1227,2022-09-30,Shipped,979.97,85.75,1065.72,VISA,USD,SampleGen
9ea81693-9eb8-46cb-8e1d-5e04bbee10e7,Ski,S300882,CID-302,CA-1227,2022-12-06,Completed,2649.96,231.87,2881.83,MC,USD,SampleGen
ae3bf914-0e7b-4284-9127-0efd3eb7526b,Ski,S300883,CID-302,CA-1227,2024-02-20,Completed,1424.96,124.68,1549.64,Discover,USD,SampleGen
f1b92219-0f5b-4743-8c46-c15275928491,Ski,S300884,CID-302,CA-1227,2021-09-03,Pending,1479.95,129.5,1609.45,MC,USD,SampleGen
6e6f2481-a767-4777-bb5b-b39298b805eb,Ski,S300885,CID-302,CA-1227,2025-10-05,Completed,2059.96,180.25,2240.21,MC,USD,SampleGen
2753f86c-6669-4f08-a9fb-386c641464e8,Ski,S300886,CID-302,CA-1227,2023-08-07,Completed,2979.94,260.75,3240.69,VISA,USD,SampleGen
34faa3de-b32a-4419-b01b-51943267fd20,Ski,S300887,CID-303,CA-1228,2022-12-24,Completed,2199.93,192.5,2392.43,VISA,USD,SampleGen
29b92ac3-b31d-4b44-bca8-31921bc7b583,Ski,S300888,CID-303,CA-1228,2022-05-29,Completed,149.99,13.12,163.11,VISA,USD,SampleGen
4cb00237-618d-4e36-8616-df5d8338fb24,Ski,S300889,CID-303,CA-1228,2024-05-28,Completed,1539.94,134.75,1674.69,Discover,USD,SampleGen
1e6edfa0-666d-4d93-afa1-fb49d8aac534,Ski,S300890,CID-304,CA-1229,2021-05-27,Completed,2089.95,182.87,2272.82,MC,USD,SampleGen
4851bcca-42f6-47e6-8df0-901e7e082a9b,Ski,S300891,CID-304,CA-1229,2021-02-04,Completed,4019.94,351.75,4371.69,AmEx,USD,SampleGen
27358385-b280-48d8-9a0c-65ee5ea3471b,Ski,S300892,CID-305,CA-1230,2025-02-10,Completed,5314.94,465.06,5780.0,MC,USD,SampleGen
7aec119a-6405-4073-9066-c47d3dea31d7,Ski,S300893,CID-305,CA-1230,2026-04-29,Completed,1079.96,94.5,1174.46,MC,USD,SampleGen
0c41e8a1-cf80-4b09-a854-9f6d1d96b91b,Ski,S300894,CID-305,CA-1230,2023-02-23,Shipped,14.99,1.31,16.3,Discover,USD,SampleGen
9fd1e445-310b-40fa-96a5-0e0b42b5d8aa,Ski,S300895,CID-306,CA-1231,2021-06-28,Pending,1169.94,102.37,1272.31,VISA,USD,SampleGen
af76af3d-8d6b-4496-b682-ba62718d5747,Ski,S300896,CID-306,CA-1231,2021-04-11,Completed,1819.92,159.25,1979.17,MC,USD,SampleGen
9a0b34e0-510b-435f-8c40-69b318e57772,Ski,S300897,CID-307,CA-1232,2021-10-28,Pending,2259.96,197.75,2457.71,VISA,USD,SampleGen
6661c252-60f7-4478-a74e-d42b83c7863c,Ski,S300898,CID-307,CA-1232,2021-04-22,Completed,3199.96,280.0,3479.96,MC,USD,SampleGen
fac4a396-a8c5-4fcd-a862-02b4599c8d01,Ski,S300899,CID-308,CA-1233,2025-03-12,Shipped,1759.96,154.0,1913.96,PayPal,USD,SampleGen
5bf6d7cc-5aeb-416f-b274-59a11e86b658,Ski,S300900,CID-308,CA-1233,2022-07-02,Completed,549.96,48.12,598.08,MC,USD,SampleGen
9547f3fc-0afd-4b01-a919-46011d207a95,Ski,S300901,CID-308,CA-1233,2022-08-03,Completed,3649.93,319.37,3969.3,AmEx,USD,SampleGen
15f65b3a-d83a-405e-803a-28dc4435fa69,Ski,S300902,CID-308,CA-1233,2023-03-19,Completed,379.98,33.25,413.23,Discover,USD,SampleGen
5a478a7b-5e2f-436a-b39e-50ada8281921,Ski,S300903,CID-309,CA-1234,2021-06-06,Completed,79.99,7.0,86.99,VISA,USD,SampleGen
7937774b-eae1-45b9-ac96-6233e41d08af,Ski,S300904,CID-309,CA-1234,2021-08-15,Completed,239.98,21.0,260.98,VISA,USD,SampleGen
40ae5fd3-fd2d-4602-ade7-263ec8efe23b,Ski,S300905,CID-309,CA-1234,2024-08-05,Completed,1959.96,171.5,2131.46,MC,USD,SampleGen
1ba7062d-20fc-4503-9507-24ed3e6f9140,Ski,S300906,CID-309,CA-1234,2025-03-19,Pending,679.96,59.5,739.46,AmEx,USD,SampleGen
6574692d-55ff-4498-9e29-d14d7dedce4a,Ski,S300907,CID-310,CA-1235,2021-07-16,Cancelled,899.98,78.75,978.73,PayPal,USD,SampleGen
00995f0f-e72e-414f-89f0-aa1c29a4fd42,Ski,S300908,CID-310,CA-1235,2025-04-15,Completed,3879.95,339.5,4219.45,PayPal,USD,SampleGen
8f0ada5f-cafe-4c72-9e21-17883a1d3927,Ski,S300909,CID-311,CA-1236,2023-05-13,Completed,2479.94,217.0,2696.94,AmEx,USD,SampleGen
e5c985cd-1ffe-4ea7-9be4-69caa156f6dd,Ski,S300910,CID-311,CA-1236,2024-04-20,Completed,659.96,57.75,717.71,PayPal,USD,SampleGen
4d6d853b-7365-4590-a3f5-316039f5e43b,Ski,S300911,CID-312,CA-1237,2023-01-08,Completed,2329.96,203.87,2533.83,AmEx,USD,SampleGen
f9a7cc7d-2352-41d0-aabf-bd8030bd3ecb,Ski,S300912,CID-312,CA-1237,2024-10-19,Completed,1299.98,113.75,1413.73,AmEx,USD,SampleGen
666d8431-8e67-4f13-80ae-d8fce5201719,Ski,S300913,CID-312,CA-1237,2021-11-25,Completed,1349.97,118.12,1468.09,PayPal,USD,SampleGen
07410ee0-d3db-470f-85b4-75c15b870e61,Ski,S300914,CID-313,CA-1238,2026-01-08,Completed,449.99,39.37,489.36,Discover,USD,SampleGen
e46b2087-8799-4151-bd0a-ec13b1befefd,Ski,S300915,CID-313,CA-1238,2024-01-02,Completed,499.98,43.75,543.73,MC,USD,SampleGen
e4a0a280-eef5-4722-b8b7-9af92f3c3097,Ski,S300916,CID-313,CA-1238,2021-09-18,Shipped,119.99,10.5,130.49,MC,USD,SampleGen
ec5716d7-5694-4005-87b3-219da1c87530,Ski,S300917,CID-313,CA-1238,2023-12-05,Completed,1259.97,110.25,1370.22,Discover,USD,SampleGen
e3fa6466-1e0f-4323-9955-c8dd11ddba73,Ski,S300918,CID-313,CA-1238,2023-06-30,Completed,1259.95,110.25,1370.2,AmEx,USD,SampleGen
de4572ff-a6fe-49f9-b82f-3ba037fb561b,Ski,S300919,CID-313,CA-1238,2025-04-10,Pending,1249.95,109.37,1359.32,MC,USD,SampleGen
7c0c7563-6c89-458d-8f44-87bad24671d8,Ski,S300920,CID-313,CA-1238,2023-11-19,Completed,249.99,21.87,271.86,MC,USD,SampleGen
68c9350d-d88e-4153-96bb-b7e2c52362ce,Ski,S300921,CID-314,CA-1239,2023-07-06,Completed,2039.96,178.5,2218.46,Discover,USD,SampleGen
c1ca7804-ce97-40b3-a331-30f6e5c58868,Ski,S300922,CID-314,CA-1239,2025-10-15,Shipped,399.99,35.0,434.99,AmEx,USD,SampleGen
72e156e8-2597-4b03-8404-175749a8e818,Ski,S300923,CID-315,CA-1240,2022-06-20,Cancelled,1919.97,168.0,2087.97,AmEx,USD,SampleGen
7e236819-a732-4cca-8c64-632bd68e3d7c,Ski,S300924,CID-315,CA-1240,2024-08-14,Completed,2439.96,213.49,2653.45,PayPal,USD,SampleGen
ca527d30-f83a-4aab-a60c-de3bce0b4636,Ski,S300925,CID-315,CA-1240,2024-04-19,Completed,899.99,78.75,978.74,VISA,USD,SampleGen
0148b4cb-1746-413b-a54f-ed9aea56eb8e,Ski,S300926,CID-315,CA-1240,2025-08-18,Completed,319.98,28.0,347.98,AmEx,USD,SampleGen
36c6c167-5c31-43c6-bb22-e05765599ae6,Ski,S300927,CID-315,CA-1240,2021-05-05,Completed,1429.94,125.12,1555.06,Discover,USD,SampleGen
0ffb0e8f-98d0-419e-80a6-a1fd8cc22f06,Ski,S300928,CID-316,CA-1241,2022-05-09,Pending,59.99,5.25,65.24,AmEx,USD,SampleGen
1ed43c1b-5957-416f-beff-28318be82631,Ski,S300929,CID-316,CA-1241,2024-05-28,Pending,739.96,64.75,804.71,PayPal,USD,SampleGen
d6ff4ac9-0bd8-4963-bd34-bcace0da0c92,Ski,S300930,CID-316,CA-1241,2022-09-26,Completed,3699.94,323.75,4023.69,VISA,USD,SampleGen
da24ada0-5ca4-4e40-a88d-238ca1f29ccc,Ski,S300931,CID-316,CA-1241,2026-02-23,Completed,2379.96,208.25,2588.21,Discover,USD,SampleGen
68bc8797-22c4-440f-a052-972f4b54ef02,Ski,S300932,CID-317,CA-1242,2025-08-26,Completed,609.97,53.37,663.34,VISA,USD,SampleGen
eaecb2b9-cf1b-4a75-b1c0-79b320b69c63,Ski,S300933,CID-317,CA-1242,2021-10-11,Completed,429.98,37.62,467.6,MC,USD,SampleGen
c493480e-a3c4-4913-9827-fd78b00a15fe,Ski,S300934,CID-317,CA-1242,2022-02-07,Completed,2849.95,249.37,3099.32,VISA,USD,SampleGen
a383d1b3-cdac-4e4c-988b-68768f22e860,Ski,S300935,CID-317,CA-1242,2022-12-23,Completed,2129.93,186.37,2316.3,VISA,USD,SampleGen
e4b1f939-0de9-478a-9311-ab6dd79ecc6e,Ski,S300936,CID-318,CA-1243,2024-04-01,Completed,799.98,70.0,869.98,Discover,USD,SampleGen
0a8c8971-6426-4933-a7b4-196a2cec3d4e,Ski,S300937,CID-319,CA-1244,2023-11-17,Completed,1899.96,166.25,2066.21,MC,USD,SampleGen
6ac9a7fc-6804-4098-900c-3f70dbf9a725,Ski,S300938,CID-319,CA-1244,2022-01-26,Pending,1089.98,95.37,1185.35,AmEx,USD,SampleGen
819303e7-6411-4a38-aad6-a8f4b7e69f3c,Ski,S300939,CID-320,CA-1245,2022-11-22,Pending,159.98,14.0,173.98,PayPal,USD,SampleGen
a2a98276-e25c-42f2-a937-8ff440e6ab25,Ski,S300940,CID-320,CA-1245,2025-08-30,Completed,2289.93,200.37,2490.3,VISA,USD,SampleGen
f1646301-51db-42ae-a006-60fe465787d7,Ski,S300941,CID-321,CA-1246,2024-11-01,Completed,2219.95,194.25,2414.2,Discover,USD,SampleGen
780ae1c2-81b1-4a6e-9268-a541ab6243c6,Ski,S300942,CID-322,CA-1247,2024-09-08,Cancelled,1479.95,129.5,1609.45,MC,USD,SampleGen
bc56b89f-188b-4757-962b-7a575206bf49,Ski,S300943,CID-322,CA-1247,2025-11-07,Completed,849.98,74.37,924.35,MC,USD,SampleGen
c3fd5686-14e9-49fb-8a1f-4ac5f9a66adf,Ski,S300944,CID-323,CA-1248,2022-01-19,Pending,1799.98,157.5,1957.48,VISA,USD,SampleGen
2eb56b1d-283c-411f-920d-828662dbf586,Ski,S300945,CID-324,CA-1249,2024-06-16,Completed,554.97,48.55,603.52,MC,USD,SampleGen
7c5421e5-8648-46ae-a629-2630478a4e25,Ski,S300946,CID-324,CA-1249,2025-01-23,Completed,1479.97,129.5,1609.47,MC,USD,SampleGen
90c79165-fa88-4dd3-870c-3c085da80ebf,Ski,S300947,CID-324,CA-1249,2021-03-28,Pending,1999.96,175.0,2174.96,VISA,USD,SampleGen
7fc7699f-8ff6-4681-b26c-ee8671b6cd7f,Ski,S300948,CID-324,CA-1249,2024-02-24,Shipped,2899.94,253.75,3153.69,AmEx,USD,SampleGen
a34b8953-86d5-4c4b-8a50-1559a1140763,Ski,S300949,CID-325,CA-1250,2025-10-13,Completed,1149.96,100.62,1250.58,Discover,USD,SampleGen
010b54ef-159f-4e03-a3e0-0a6149ff3310,Ski,S300950,CID-326,CA-1251,2023-01-22,Completed,2959.96,259.0,3218.96,MC,USD,SampleGen
48ca1295-3d90-496a-ae50-0bd5b50c2970,Ski,S300951,CID-326,CA-1251,2025-11-19,Pending,5239.93,458.5,5698.43,Discover,USD,SampleGen
9d2e95de-5968-4bc1-8e7e-40facad92ad0,Ski,S300952,CID-326,CA-1251,2022-08-14,Completed,1599.98,140.0,1739.98,MC,USD,SampleGen
9e22ef79-30d6-436e-87ee-e4f54d113c4e,Ski,S300953,CID-326,CA-1251,2025-04-24,Completed,1309.95,114.62,1424.57,AmEx,USD,SampleGen
0e1f8a69-3989-4b26-a4fa-7055635b261b,Ski,S300954,CID-327,CA-1252,2026-02-16,Completed,29.98,2.62,32.6,AmEx,USD,SampleGen
5d4d1440-07f7-4f51-99be-e04cfa401ce1,Ski,S300955,CID-327,CA-1252,2026-02-06,Pending,879.98,77.0,956.98,VISA,USD,SampleGen
ad79c4a6-7c71-493d-9dce-475e0aa63cc3,Ski,S300956,CID-327,CA-1252,2022-11-21,Completed,1139.97,99.74,1239.71,VISA,USD,SampleGen
a07ef25e-3df8-439f-bc35-bf1b29f898a7,Ski,S300957,CID-328,CA-1253,2022-07-01,Pending,649.99,56.87,706.86,PayPal,USD,SampleGen
97befe6f-5c48-464a-8d80-a595bf4d3204,Ski,S300958,CID-328,CA-1253,2024-11-28,Completed,439.95,38.49,478.44,AmEx,USD,SampleGen
71ab3d18-082b-4f83-b7f6-c62a819ddaf4,Ski,S300959,CID-329,CA-1254,2025-06-01,Completed,1479.95,129.5,1609.45,MC,USD,SampleGen
073814e3-51a7-4630-9b28-0fd06a5a544d,Ski,S300960,CID-329,CA-1254,2021-08-21,Completed,1174.96,102.81,1277.77,Discover,USD,SampleGen
f384fdde-6d8d-4720-adab-11931939faf6,Ski,S300961,CID-329,CA-1254,2024-03-12,Completed,1359.95,119.0,1478.95,MC,USD,SampleGen
a98a7f68-ddf2-4e91-9e1a-96406e45fc3c,Ski,S300962,CID-329,CA-1254,2025-08-19,Completed,1039.97,91.0,1130.97,AmEx,USD,SampleGen
0e3c08d8-6aa6-488f-b3ee-d05c8431ae64,Ski,S300963,CID-330,CA-1255,2022-02-16,Completed,1699.96,148.75,1848.71,VISA,USD,SampleGen
deeae2aa-cb5b-4887-b561-0fd4f7558b38,Ski,S300964,CID-331,CA-1256,2022-02-05,Completed,4149.94,363.12,4513.06,PayPal,USD,SampleGen
4400b979-9df5-45d9-8750-6fcacbb21409,Ski,S300965,CID-331,CA-1256,2021-09-12,Completed,1519.96,133.0,1652.96,MC,USD,SampleGen
f743046e-6b73-47bb-aaf2-841f621b73fe,Ski,S300966,CID-331,CA-1256,2021-01-04,Cancelled,1159.96,101.5,1261.46,VISA,USD,SampleGen
37c3fbed-5f97-49eb-8cb1-4d1c0f15976b,Ski,S300967,CID-331,CA-1256,2021-04-07,Completed,679.97,59.5,739.47,AmEx,USD,SampleGen
a5ab6dfe-b612-4843-b06c-f51c903a2c26,Ski,S300968,CID-332,CA-1257,2024-06-26,Shipped,1929.94,168.87,2098.81,Discover,USD,SampleGen
dcace139-960a-4745-975d-bdcc4fa6ca73,Ski,S300969,CID-332,CA-1257,2021-06-30,Pending,1399.96,122.5,1522.46,PayPal,USD,SampleGen
9eb292ec-82ea-4de4-a8fc-683016dca8e8,Ski,S300970,CID-332,CA-1257,2025-09-27,Completed,979.97,85.75,1065.72,VISA,USD,SampleGen
f58610de-abe9-4798-ae8e-a513a0bb74dc,Ski,S300971,CID-333,CA-1258,2025-07-05,Shipped,1429.96,125.12,1555.08,VISA,USD,SampleGen
b772c322-a7c6-4976-ad90-a2cd5360b4db,Ski,S300972,CID-333,CA-1258,2025-12-13,Completed,2649.93,231.87,2881.8,AmEx,USD,SampleGen
6943ecac-f334-4b60-869b-9405f01ae0e6,Ski,S300973,CID-334,CA-1259,2023-06-28,Completed,319.97,28.0,347.97,PayPal,USD,SampleGen
f19954c9-bfa3-4f15-acf8-e4f17edf8f5b,Ski,S300974,CID-334,CA-1259,2021-11-06,Completed,1539.94,134.75,1674.69,VISA,USD,SampleGen
1ec0104d-1290-45f4-afa2-faecdd89a9f3,Ski,S300975,CID-335,CA-1260,2022-02-03,Completed,1879.95,164.5,2044.45,MC,USD,SampleGen
5f688cdc-ceec-445e-a490-338c4adf40cf,Ski,S300976,CID-335,CA-1260,2021-04-17,Completed,799.98,70.0,869.98,VISA,USD,SampleGen
b3e79e01-4f3a-469d-aeea-588154dc7365,Ski,S300977,CID-335,CA-1260,2024-10-26,Completed,1359.97,119.0,1478.97,MC,USD,SampleGen
57355969-df2d-48fa-bb55-697a1e082e34,Ski,S300978,CID-335,CA-1260,2025-04-01,Completed,1479.97,129.5,1609.47,VISA,USD,SampleGen
fc6ed50b-1434-4732-b8ba-72d870cbd460,Ski,S300979,CID-335,CA-1260,2024-05-14,Shipped,1789.94,156.62,1946.56,VISA,USD,SampleGen
0e2535f2-0e3e-4cd3-84fc-4714b7e632d4,Ski,S300980,CID-335,CA-1260,2023-10-14,Completed,649.99,56.87,706.86,AmEx,USD,SampleGen
a3760573-adb3-4ca9-9676-d1c5d4f1b46e,Ski,S300981,CID-336,CA-1261,2024-05-24,Completed,1359.94,119.0,1478.94,Discover,USD,SampleGen
d573b071-43e3-4f21-9ea5-13030e1b739a,Ski,S300982,CID-336,CA-1261,2021-01-27,Pending,1159.98,101.5,1261.48,VISA,USD,SampleGen
5328fc65-ec58-403d-bc4f-0b7fae026885,Ski,S300983,CID-337,CA-1262,2022-12-23,Pending,399.98,35.0,434.98,VISA,USD,SampleGen
b1d03eb4-e73e-4802-96cd-59a0faf6d266,Ski,S300984,CID-337,CA-1262,2024-07-13,Pending,419.97,36.75,456.72,VISA,USD,SampleGen
ebb591f9-cb06-4153-9585-3913946a1cd2,Ski,S300985,CID-337,CA-1262,2024-08-24,Shipped,3249.94,284.37,3534.31,Discover,USD,SampleGen
b151cae8-550b-4a33-93dc-57a5ad1ce02a,Ski,S300986,CID-337,CA-1262,2023-10-05,Cancelled,2159.94,188.99,2348.93,PayPal,USD,SampleGen
75cfc8ec-aeb2-4347-81b2-892e29298195,Ski,S300987,CID-338,CA-1263,2026-04-27,Completed,369.98,32.37,402.35,MC,USD,SampleGen
75d6a1dd-2c67-4e00-a9e8-b3afc2259e7b,Ski,S300988,CID-338,CA-1263,2023-12-14,Completed,699.98,61.25,761.23,MC,USD,SampleGen
6331ca71-42b0-4667-8e60-6c986ec1f36f,Ski,S300989,CID-338,CA-1263,2022-04-10,Completed,929.98,81.37,1011.35,MC,USD,SampleGen
4138fecc-58d0-4bcb-8c5b-72fd29310cf9,Ski,S300990,CID-338,CA-1263,2021-05-19,Completed,639.95,56.0,695.95,AmEx,USD,SampleGen
26b2e15e-0e73-4dac-9502-9e37f3f0e457,Ski,S300991,CID-338,CA-1263,2023-01-01,Completed,2879.95,252.0,3131.95,PayPal,USD,SampleGen
f9f6acd1-cf62-48de-970e-1308060dbebe,Ski,S300992,CID-339,CA-1264,2025-05-19,Pending,899.98,78.75,978.73,VISA,USD,SampleGen
1f04350d-8e1f-4db1-9850-16ea3ad750fc,Ski,S300993,CID-339,CA-1264,2024-03-05,Completed,2419.94,211.75,2631.69,VISA,USD,SampleGen
a1e49291-2d88-46af-afe3-7b31c892cfc0,Ski,S300994,CID-340,CA-1265,2024-05-10,Completed,609.94,53.37,663.31,VISA,USD,SampleGen
5616d503-4aeb-4d46-9db2-14527d7311e6,Ski,S300995,CID-340,CA-1265,2021-09-20,Completed,759.96,66.5,826.46,PayPal,USD,SampleGen
026852b5-ee3e-4032-8fa7-cd0aa0c06392,Ski,S300996,CID-341,CA-1266,2023-08-03,Completed,399.98,35.0,434.98,PayPal,USD,SampleGen
fcdc5bac-d4d3-4ec9-b42b-46689d10d728,Ski,S300997,CID-341,CA-1266,2021-04-15,Completed,839.96,73.5,913.46,MC,USD,SampleGen
91112ac2-6465-466d-bd61-0f6f5cde23af,Ski,S300998,CID-341,CA-1266,2022-01-01,Cancelled,2199.93,192.5,2392.43,MC,USD,SampleGen
40b06b48-3efa-4855-8246-6864941fe70c,Ski,S300999,CID-341,CA-1266,2023-11-26,Shipped,3899.92,341.25,4241.17,AmEx,USD,SampleGen
194d5856-b28e-47bd-8880-2a62536eca14,Ski,S301000,CID-341,CA-1266,2021-04-17,Completed,2229.94,195.12,2425.06,VISA,USD,SampleGen
f667f25c-9a39-45c3-95f7-d97ee1259066,Ski,S301001,CID-341,CA-1266,2022-01-20,Pending,1799.98,157.5,1957.48,VISA,USD,SampleGen
5ed681ee-fa0f-447e-84b7-594c542e19aa,Ski,S301002,CID-342,CA-1267,2021-09-27,Completed,3759.94,329.0,4088.94,MC,USD,SampleGen
05acead6-715d-4da4-9789-5861cb5a408e,Ski,S301003,CID-342,CA-1267,2023-02-01,Completed,3249.93,284.37,3534.3,AmEx,USD,SampleGen
9a4b20d1-403b-4536-8865-fddab49c03a4,Ski,S301004,CID-343,CA-1268,2024-01-01,Pending,549.99,48.12,598.11,MC,USD,SampleGen
2b7e95cc-95e6-4549-ad87-62969f616512,Ski,S301005,CID-343,CA-1268,2022-08-26,Completed,1779.93,155.75,1935.68,MC,USD,SampleGen
c9570155-541e-482a-8d98-f8306242ac75,Ski,S301006,CID-344,CA-1269,2021-02-18,Shipped,5859.92,512.75,6372.67,MC,USD,SampleGen
2b5b8926-b786-4a29-a0f3-65a56d3f5b22,Ski,S301007,CID-344,CA-1269,2025-09-20,Cancelled,1229.95,107.62,1337.57,AmEx,USD,SampleGen
09e52940-daba-42b2-bb1a-24b449f0aecb,Ski,S301008,CID-345,CA-1270,2026-01-16,Completed,3099.96,271.25,3371.21,MC,USD,SampleGen
61da8ede-23b5-4aa2-bd9b-bb9f85a38f8e,Ski,S301009,CID-345,CA-1270,2023-02-02,Completed,1929.97,168.87,2098.84,AmEx,USD,SampleGen
c80f8b47-8ca1-48d6-a3be-d4c1f2d316b2,Ski,S301010,CID-345,CA-1270,2021-05-06,Completed,1299.99,113.75,1413.74,MC,USD,SampleGen
016b587f-ce32-44d5-a8fa-35d5e77d6008,Ski,S301011,CID-345,CA-1270,2024-06-28,Completed,1719.94,150.5,1870.44,MC,USD,SampleGen
f91274c9-cddc-452e-a3c9-928d567b725a,Ski,S301012,CID-346,CA-1271,2023-04-25,Completed,2199.96,192.49,2392.45,MC,USD,SampleGen
9d29f45d-13ac-4c46-899d-a43d6ac8511c,Ski,S301013,CID-346,CA-1271,2022-01-21,Completed,3099.96,271.25,3371.21,MC,USD,SampleGen
00101c3e-025c-4232-8d08-9eeaba29b7e8,Ski,S301014,CID-346,CA-1271,2022-07-13,Completed,739.95,64.75,804.7,MC,USD,SampleGen
83909902-142b-4c64-a40e-8f09a9b7e0c5,Ski,S301015,CID-346,CA-1271,2025-09-16,Completed,499.98,43.75,543.73,AmEx,USD,SampleGen
5bd7c640-60ab-41b3-95d8-337218583ba4,Ski,S301016,CID-347,CA-1272,2026-04-23,Shipped,1159.98,101.5,1261.48,MC,USD,SampleGen
57f0f97c-8ee2-426a-aaf5-c69ed6e0ec34,Ski,S301017,CID-347,CA-1272,2021-07-16,Completed,3579.95,313.25,3893.2,MC,USD,SampleGen
e45ab6b7-b613-4ce4-a863-f08b0528e4b2,Ski,S301018,CID-348,CA-1273,2021-05-08,Pending,1749.94,153.12,1903.06,MC,USD,SampleGen
e5a9e3ad-5312-47e5-828d-f0b8c7f9b0f4,Ski,S301019,CID-348,CA-1273,2021-01-26,Completed,1169.95,102.37,1272.32,VISA,USD,SampleGen
3d697638-3cc3-4ad0-a644-00a4739a1bb2,Ski,S301020,CID-348,CA-1273,2024-02-04,Completed,1809.95,158.37,1968.32,VISA,USD,SampleGen
09c7d139-8a3c-4b09-83f3-62028622c10b,Ski,S301021,CID-349,CA-1274,2023-09-09,Completed,1249.95,109.36,1359.31,VISA,USD,SampleGen
a077fd79-5f12-40d5-97a2-86cebfd6d2a8,Ski,S301022,CID-349,CA-1274,2025-07-02,Completed,2239.92,196.0,2435.92,VISA,USD,SampleGen
654e5273-0b13-40ef-b691-a1e0957a7851,Ski,S301023,CID-349,CA-1274,2024-05-24,Completed,1899.96,166.24,2066.2,MC,USD,SampleGen
1864b183-b69f-48d1-ad03-431651e0b953,Ski,S301024,CID-349,CA-1274,2021-09-04,Completed,5349.94,468.12,5818.06,MC,USD,SampleGen
2a367d37-a69e-4d96-b16b-aaff81d56e3c,Ski,S301025,CID-350,CA-1275,2024-04-10,Shipped,1499.97,131.25,1631.22,MC,USD,SampleGen
42ae5624-ea4b-4648-879d-45ba24fbf9b7,Ski,S301026,CID-350,CA-1275,2026-01-14,Completed,349.99,30.62,380.61,VISA,USD,SampleGen
e9f41c61-b60a-439b-a3c9-fb09b155a57f,Ski,S301027,CID-350,CA-1275,2023-03-08,Completed,899.98,78.75,978.73,PayPal,USD,SampleGen
982d5384-0a7e-4e35-a030-9ccf42349e93,Ski,S301028,CID-351,CA-1276,2021-07-31,Completed,1899.97,166.25,2066.22,VISA,USD,SampleGen
790976aa-1d8b-4c6d-b38e-f61cf3968c28,Ski,S301029,CID-352,CA-1277,2024-11-23,Completed,2099.97,183.75,2283.72,VISA,USD,SampleGen
816c26b0-9a83-4ace-ac26-d4c90cf8bb27,Ski,S301030,CID-352,CA-1277,2022-02-17,Shipped,4339.94,379.74,4719.68,AmEx,USD,SampleGen
e187e6ad-2a6d-4a06-9fa5-38732cdd991f,Ski,S301031,CID-352,CA-1277,2022-06-06,Pending,839.98,73.49,913.47,Discover,USD,SampleGen
f7a25f06-5bab-4304-8660-c065665ca5f3,Ski,S301032,CID-352,CA-1277,2023-07-21,Pending,824.95,72.18,897.13,AmEx,USD,SampleGen
d37bb900-bb9b-4657-aff1-b8fb19ce7b71,Ski,S301033,CID-353,CA-1278,2024-03-26,Completed,129.99,11.37,141.36,PayPal,USD,SampleGen
c11802ff-340c-4480-9a50-1677cc55aed9,Ski,S301034,CID-353,CA-1278,2023-09-20,Completed,569.95,49.87,619.82,MC,USD,SampleGen
fd7400da-474f-4193-a9ae-705ef8b777be,Ski,S301035,CID-353,CA-1278,2023-10-01,Completed,399.98,35.0,434.98,MC,USD,SampleGen
e23bf08e-ee77-4b07-a11b-05edaafabe26,Ski,S301036,CID-353,CA-1278,2024-01-27,Completed,1259.96,110.25,1370.21,MC,USD,SampleGen
db1b1a30-760b-40b1-8824-9da47b54f898,Ski,S301037,CID-354,CA-1279,2024-12-15,Completed,1349.97,118.12,1468.09,VISA,USD,SampleGen
79372783-01cf-4806-9cd1-d7748a7ae216,Ski,S301038,CID-355,CA-1280,2022-02-16,Shipped,1479.97,129.5,1609.47,PayPal,USD,SampleGen
e18927ea-f978-4d68-8069-dbbfc9078c6b,Ski,S301039,CID-356,CA-1281,2023-10-15,Cancelled,409.97,35.87,445.84,PayPal,USD,SampleGen
6a795279-0c83-4698-b89f-bf99cd914b95,Ski,S301040,CID-356,CA-1281,2025-10-10,Completed,1399.95,122.5,1522.45,VISA,USD,SampleGen
53e3a129-64f7-4303-8b6b-e4544c3bb2ae,Ski,S301041,CID-356,CA-1281,2022-01-10,Completed,679.97,59.5,739.47,MC,USD,SampleGen
44ce6535-5011-4cd0-9a0d-3c879c2d4f2b,Ski,S301042,CID-356,CA-1281,2022-01-09,Completed,1429.95,125.12,1555.07,Discover,USD,SampleGen
7da68a31-1814-4750-9cf9-b98d2ec51665,Ski,S301043,CID-356,CA-1281,2022-03-08,Completed,899.98,78.75,978.73,PayPal,USD,SampleGen
bd21f1ad-14d1-4804-b57b-2aaf6859b467,Ski,S301044,CID-356,CA-1281,2021-09-10,Pending,1099.96,96.25,1196.21,AmEx,USD,SampleGen
468e4c33-45d9-4800-86ba-28f73a1b6570,Ski,S301045,CID-357,CA-1282,2023-02-24,Completed,2399.95,210.0,2609.95,Discover,USD,SampleGen
23080914-41b9-4808-85d5-2e90f4035c66,Ski,S301046,CID-357,CA-1282,2025-05-21,Completed,909.95,79.62,989.57,AmEx,USD,SampleGen
e6020787-3301-4022-a184-f5ec67ebb884,Ski,S301047,CID-357,CA-1282,2022-10-17,Shipped,2969.93,259.87,3229.8,MC,USD,SampleGen
c5a361de-375a-4bd3-b647-6270d1a41fed,Ski,S301048,CID-357,CA-1282,2023-03-20,Completed,2749.95,240.62,2990.57,PayPal,USD,SampleGen
a97c96a0-90de-4c9b-9623-7c03d59461de,Ski,S301049,CID-358,CA-1283,2025-10-11,Completed,1399.97,122.5,1522.47,PayPal,USD,SampleGen
e344bfb1-db1e-42a8-98d8-7f852b0ee85d,Ski,S301050,CID-358,CA-1283,2022-09-24,Completed,2589.95,226.62,2816.57,MC,USD,SampleGen
10aa4453-f526-40c7-9b7a-4d10c90c05a6,Ski,S301051,CID-359,CA-1284,2021-10-27,Completed,399.99,35.0,434.99,AmEx,USD,SampleGen
8afe8dec-19c1-429c-9c88-4d568a4c363e,Ski,S301052,CID-360,CA-1285,2022-03-06,Pending,549.97,48.12,598.09,VISA,USD,SampleGen
8d8fab01-cb00-49be-9f66-75e79a6c0892,Ski,S301053,CID-360,CA-1285,2021-11-15,Pending,2029.96,177.62,2207.58,VISA,USD,SampleGen
f494a7e3-3840-4691-945d-5b850cd14de2,Ski,S301054,CID-360,CA-1285,2024-09-23,Completed,3499.96,306.25,3806.21,MC,USD,SampleGen
470bf52c-d025-4f19-b430-2a7c8b620ce2,Ski,S301055,CID-361,CA-1286,2022-02-20,Completed,2049.96,179.36,2229.32,VISA,USD,SampleGen
86a31450-79e2-4f10-b238-44273773a95d,Ski,S301056,CID-361,CA-1286,2024-10-27,Completed,849.97,74.37,924.34,VISA,USD,SampleGen
b8a6a9c9-63e7-4fbe-a60e-efa98690ad1f,Ski,S301057,CID-362,CA-1287,2022-05-28,Completed,629.97,55.12,685.09,PayPal,USD,SampleGen
31d0d659-af58-401e-96df-979d8dc4c9c1,Ski,S301058,CID-363,CA-1288,2026-01-10,Pending,2379.97,208.25,2588.22,MC,USD,SampleGen
621843f1-97fa-4741-8e1d-3c28b4033659,Ski,S301059,CID-363,CA-1288,2022-05-25,Completed,809.98,70.87,880.85,MC,USD,SampleGen
78873406-8fb2-4c19-8148-9ead0c13152f,Ski,S301060,CID-364,CA-1289,2024-11-23,Completed,1549.96,135.62,1685.58,MC,USD,SampleGen
6543a886-87b2-47ff-86a4-c6eb1b3ccda8,Ski,S301061,CID-364,CA-1289,2021-05-20,Completed,929.98,81.37,1011.35,PayPal,USD,SampleGen
6c2b9242-b720-4ef3-9c0f-f76d5b29c0f7,Ski,S301062,CID-364,CA-1289,2022-09-07,Cancelled,2299.96,201.25,2501.21,AmEx,USD,SampleGen
1e3823cf-15c3-4aee-a7ce-17f92cb318f6,Ski,S301063,CID-364,CA-1289,2023-01-03,Shipped,2309.93,202.12,2512.05,PayPal,USD,SampleGen
64a839ef-8065-4428-8ad1-acd21de7a11b,Ski,S301064,CID-365,CA-1290,2025-02-23,Completed,1499.96,131.24,1631.2,MC,USD,SampleGen
498d88f6-e462-4183-a5e3-0aa76ba29677,Ski,S301065,CID-366,CA-1291,2021-05-10,Completed,2529.95,221.37,2751.32,Discover,USD,SampleGen
fe3d2136-2bbb-4e1b-8b67-ab58576c37a6,Ski,S301066,CID-366,CA-1291,2024-03-25,Completed,159.98,14.0,173.98,VISA,USD,SampleGen
f8b8fe08-47fc-4b4c-b0bf-d83d5b1a6627,Ski,S301067,CID-367,CA-1292,2025-12-07,Completed,2149.95,188.12,2338.07,Discover,USD,SampleGen
ddb4d4aa-27a2-4d92-a11e-e5fdd00c95ed,Ski,S301068,CID-368,CA-1293,2025-11-29,Pending,2609.95,228.37,2838.32,Discover,USD,SampleGen
b2b2f731-b58d-4eeb-9d05-c0a239f8b5d7,Ski,S301069,CID-368,CA-1293,2022-06-20,Pending,1299.98,113.75,1413.73,VISA,USD,SampleGen
2479b0ae-3225-48c8-b929-5f56376ee0bf,Ski,S301070,CID-369,CA-1294,2026-02-08,Pending,2309.95,202.12,2512.07,Discover,USD,SampleGen
198274a5-22ce-4bfb-b128-c553804acd10,Ski,S301071,CID-369,CA-1294,2021-09-22,Completed,4159.94,364.0,4523.94,PayPal,USD,SampleGen
add8b4cc-6e89-48d7-900b-5a8e2ef03165,Ski,S301072,CID-369,CA-1294,2024-05-30,Shipped,499.98,43.75,543.73,VISA,USD,SampleGen
5c1c1a14-e78e-4512-aa6d-54d377efc810,Ski,S301073,CID-370,CA-1295,2024-07-23,Pending,539.96,47.25,587.21,MC,USD,SampleGen
3a55e5c6-bfc7-48f0-b97a-9dc1b118b2eb,Ski,S301074,CID-370,CA-1295,2023-02-05,Completed,649.99,56.87,706.86,VISA,USD,SampleGen
1b0979df-9e78-46f9-98ed-ea28b1e38292,Ski,S301075,CID-371,CA-1296,2025-01-11,Completed,1249.95,109.37,1359.32,Discover,USD,SampleGen
4bc2db39-fb9a-49a5-93d7-b9218504d042,Ski,S301076,CID-372,CA-1297,2022-02-16,Shipped,249.99,21.87,271.86,AmEx,USD,SampleGen
abc33155-b97d-42e6-9e85-5bf0659e3043,Ski,S301077,CID-372,CA-1297,2021-05-22,Pending,299.98,26.25,326.23,PayPal,USD,SampleGen
8f92d057-f5bf-488e-a210-d41b7356d988,Ski,S301078,CID-372,CA-1297,2025-08-11,Completed,1049.97,91.87,1141.84,MC,USD,SampleGen
7f01eaf9-2cac-4928-9bd7-9ac281c01bda,Ski,S301079,CID-373,CA-1298,2021-09-15,Completed,1749.95,153.12,1903.07,MC,USD,SampleGen
af90bf93-8f72-4656-9c98-bfedc1ea680d,Ski,S301080,CID-373,CA-1298,2021-10-13,Completed,3359.95,294.0,3653.95,AmEx,USD,SampleGen
cfe6cf06-89de-4fe9-9713-e6ad28e12108,Ski,S301081,CID-374,CA-1299,2023-04-18,Completed,299.98,26.25,326.23,MC,USD,SampleGen
3ddf7fe5-b974-4f50-8bcf-a90d21f56822,Ski,S301082,CID-374,CA-1299,2024-03-11,Completed,569.97,49.87,619.84,MC,USD,SampleGen
5b372da9-1ec7-424c-be8f-d5ebea07f52e,Ski,S301083,CID-374,CA-1299,2024-01-22,Pending,649.99,56.87,706.86,MC,USD,SampleGen
e76acf9a-0676-4445-886b-a70e6bf90529,Ski,S301084,CID-375,CA-1300,2025-02-08,Shipped,3309.95,289.62,3599.57,MC,USD,SampleGen
4c47a5a6-92ab-4395-84cc-f594470838c9,Ski,S301085,CID-375,CA-1300,2021-04-15,Completed,519.95,45.5,565.45,AmEx,USD,SampleGen
fa193d30-3fef-4d1a-ade1-313b85efb186,Ski,S301086,CID-376,CA-1301,2021-11-27,Cancelled,1099.98,96.24,1196.22,AmEx,USD,SampleGen
d6e31d40-fe69-46e8-8e16-66a467214edb,Ski,S301087,CID-377,CA-1302,2025-02-04,Completed,829.96,72.62,902.58,Discover,USD,SampleGen
00fd3941-2a6f-4208-a9b7-89aff914819f,Ski,S301088,CID-377,CA-1302,2021-12-12,Completed,2699.96,236.24,2936.2,AmEx,USD,SampleGen
bb567054-741d-4769-9b58-1a9a4d8308bb,Ski,S301089,CID-377,CA-1302,2022-10-12,Completed,1999.95,175.0,2174.95,MC,USD,SampleGen
dee438d4-dd47-4567-b14b-69bc5e3574d2,Ski,S301090,CID-378,CA-1303,2025-03-22,Cancelled,3899.96,341.25,4241.21,MC,USD,SampleGen
73e8faf4-2868-4974-a02f-2385e3d3a0fd,Ski,S301091,CID-378,CA-1303,2023-02-16,Completed,1679.94,146.99,1826.93,Discover,USD,SampleGen
7cc4e344-109c-42fe-a1e7-243eed945c16,Ski,S301092,CID-378,CA-1303,2021-05-14,Completed,1869.94,163.62,2033.56,Discover,USD,SampleGen
3409a26b-902a-46c7-9b62-052cde112d60,Ski,S301093,CID-379,CA-1304,2021-06-17,Shipped,1779.94,155.75,1935.69,AmEx,USD,SampleGen
b6df5086-fe8d-4bff-ba96-fbaa1dc462d8,Ski,S301094,CID-379,CA-1304,2021-09-07,Shipped,2959.96,259.0,3218.96,VISA,USD,SampleGen
b5e4f2ab-82ba-4567-99ca-402d44bfb793,Ski,S301095,CID-379,CA-1304,2026-04-21,Completed,1719.94,150.5,1870.44,VISA,USD,SampleGen
1a72bdc2-3584-47af-b190-3b5ca2ed434b,Ski,S301096,CID-379,CA-1304,2021-05-27,Shipped,929.97,81.37,1011.34,VISA,USD,SampleGen
aaab1dfc-ab42-4a94-a7fc-22b39c0b36e9,Ski,S301097,CID-379,CA-1304,2022-11-30,Completed,499.98,43.75,543.73,VISA,USD,SampleGen
4c864c88-3169-4ee6-b041-600517c63e36,Ski,S301098,CID-379,CA-1304,2022-08-15,Completed,2579.94,225.74,2805.68,MC,USD,SampleGen
a81bc54d-8786-40dd-a3f3-54413494dbd7,Ski,S301099,CID-379,CA-1304,2022-03-31,Shipped,119.99,10.5,130.49,VISA,USD,SampleGen
08c1f789-76d7-4ae5-a8e8-3d4e7851e19d,Ski,S301100,CID-380,CA-1305,2023-11-08,Pending,2699.97,236.25,2936.22,Discover,USD,SampleGen
a82d07b0-8955-491d-ad03-0d9acccda5fd,Ski,S301101,CID-380,CA-1305,2025-08-13,Shipped,359.96,31.5,391.46,MC,USD,SampleGen
03ace076-758c-4d0d-8e98-9208623427b7,Ski,S301102,CID-380,CA-1305,2023-03-02,Completed,1719.92,150.5,1870.42,PayPal,USD,SampleGen
28a2a085-83a7-49e1-a569-6f213abdf419,Ski,S301103,CID-380,CA-1305,2025-03-04,Completed,449.99,39.37,489.36,VISA,USD,SampleGen
c78fb73d-95c4-49d4-ac6a-be667589e2bb,Ski,S301104,CID-381,CA-1306,2024-06-03,Completed,689.96,60.37,750.33,VISA,USD,SampleGen
4da2be7a-aea5-4550-ba95-805c5f92ec06,Ski,S301105,CID-381,CA-1306,2025-02-14,Completed,419.98,36.75,456.73,AmEx,USD,SampleGen
2662431d-5993-422c-9801-eb983b304221,Ski,S301106,CID-382,CA-1307,2023-07-01,Shipped,514.94,45.06,560.0,VISA,USD,SampleGen
aa9aa7ef-e153-4da5-8c06-438fd912f109,Ski,S301107,CID-382,CA-1307,2023-03-31,Completed,159.98,14.0,173.98,MC,USD,SampleGen
75302e68-967a-4447-bced-f8bb1fc596b9,Ski,S301108,CID-382,CA-1307,2023-11-05,Completed,1399.95,122.5,1522.45,Discover,USD,SampleGen
474140b6-e7bc-4f59-b1b7-2f74c386a28f,Ski,S301109,CID-382,CA-1307,2021-01-20,Shipped,29.98,2.62,32.6,VISA,USD,SampleGen
377f8d11-9fba-4e4d-b3fb-f9e49d0f302e,Ski,S301110,CID-383,CA-1308,2025-08-16,Completed,1299.99,113.75,1413.74,MC,USD,SampleGen
0a39bc3f-f305-4838-aafb-0f62777c6061,Ski,S301111,CID-383,CA-1308,2024-11-28,Completed,14.99,1.31,16.3,MC,USD,SampleGen
849d5820-f042-4ad1-9579-027ce159d9ce,Ski,S301112,CID-384,CA-1309,2023-02-21,Cancelled,79.99,7.0,86.99,MC,USD,SampleGen
0bbf6aad-cc34-4cb8-9aa4-d1559f1c6452,Ski,S301113,CID-384,CA-1309,2024-12-24,Completed,2379.97,208.25,2588.22,PayPal,USD,SampleGen
bf8fa816-3185-4786-b9be-374357e41dbc,Ski,S301114,CID-384,CA-1309,2021-12-17,Completed,3299.96,288.74,3588.7,MC,USD,SampleGen
63380285-d770-4f71-8957-73c865f61351,Ski,S301115,CID-384,CA-1309,2024-06-05,Completed,1039.97,91.0,1130.97,PayPal,USD,SampleGen
b3b6b332-59b9-4978-a856-8adbcb9f8541,Ski,S301116,CID-385,CA-1310,2021-06-13,Shipped,729.98,63.87,793.85,VISA,USD,SampleGen
e8a1e286-4f7b-4804-8ede-5f46faaa3f28,Ski,S301117,CID-385,CA-1310,2022-05-07,Pending,1619.94,141.75,1761.69,MC,USD,SampleGen
cc8138f5-1db2-4233-8295-88a0a470e7fa,Ski,S301118,CID-385,CA-1310,2023-06-19,Completed,459.97,40.25,500.22,AmEx,USD,SampleGen
637d2d03-2b34-47b3-8ec8-a2bb8c35bda0,Ski,S301119,CID-385,CA-1310,2025-10-30,Completed,2299.95,201.25,2501.2,VISA,USD,SampleGen
0cbb449d-5003-4c0c-ad0e-080987e829a0,Ski,S301120,CID-385,CA-1310,2022-03-15,Completed,1369.95,119.87,1489.82,MC,USD,SampleGen
fb6963ea-36fb-4515-a2a4-8f4e1c9c5629,Ski,S301121,CID-385,CA-1310,2021-07-20,Completed,119.99,10.5,130.49,AmEx,USD,SampleGen
ebb1399d-7cb5-4bf3-b86b-acfd77bb2f8a,Ski,S301122,CID-385,CA-1310,2024-05-06,Pending,3389.94,296.62,3686.56,AmEx,USD,SampleGen
dd204c79-b31a-4f32-8e0a-ba8eeab471fc,Ski,S301123,CID-386,CA-1311,2025-03-26,Completed,2159.93,189.0,2348.93,AmEx,USD,SampleGen
cf4db112-ea1e-4d66-860d-d49766756e81,Ski,S301124,CID-386,CA-1311,2025-04-12,Completed,1049.96,91.87,1141.83,VISA,USD,SampleGen
35971f81-2399-4b68-bb81-f8b071aea738,Ski,S301125,CID-386,CA-1311,2025-04-17,Cancelled,3049.97,266.87,3316.84,VISA,USD,SampleGen
efb8c92a-fb6e-4666-8fe7-faf9cb62c301,Ski,S301126,CID-386,CA-1311,2024-08-27,Shipped,579.97,50.75,630.72,MC,USD,SampleGen
cfc4baed-a231-434a-babe-81e56957976b,Ski,S301127,CID-387,CA-1312,2021-01-09,Completed,899.99,78.75,978.74,Discover,USD,SampleGen
3979a514-ab4e-4b79-884d-e1686d4f0971,Ski,S301128,CID-387,CA-1312,2022-08-21,Cancelled,239.98,21.0,260.98,Discover,USD,SampleGen
2f6fc479-8a28-4467-877f-53fd3dd6e87e,Ski,S301129,CID-388,CA-1313,2023-11-18,Pending,249.99,21.87,271.86,PayPal,USD,SampleGen
45629a8e-8d0f-4430-a196-3992fb29be2c,Ski,S301130,CID-388,CA-1313,2023-01-06,Completed,1699.96,148.74,1848.7,MC,USD,SampleGen
7f9a17f0-7f6e-4d93-b61a-00cad8c71d13,Ski,S301131,CID-389,CA-1314,2024-06-15,Completed,619.96,54.25,674.21,PayPal,USD,SampleGen
9502fe5e-def0-4987-81d0-cc1aa1e0b0bd,Ski,S301132,CID-389,CA-1314,2023-03-14,Completed,1399.94,122.5,1522.44,VISA,USD,SampleGen
b3dac122-4f4e-4d12-8b94-ec8302e3d491,Ski,S301133,CID-390,CA-1315,2021-01-20,Completed,1009.97,88.37,1098.34,VISA,USD,SampleGen
21f62cac-b0eb-44a6-a7a6-cc7859fcf6ab,Ski,S301134,CID-390,CA-1315,2022-07-11,Completed,599.96,52.5,652.46,VISA,USD,SampleGen
843926c8-8b19-4572-bb80-0eb2a33a5479,Ski,S301135,CID-390,CA-1315,2023-04-22,Completed,1399.97,122.5,1522.47,PayPal,USD,SampleGen
792cc89c-7900-416f-8191-6bc2f0034912,Ski,S301136,CID-390,CA-1315,2021-01-11,Completed,259.98,22.75,282.73,MC,USD,SampleGen
6d9b2124-6637-4f3b-a709-d5bd08d198b8,Ski,S301137,CID-390,CA-1315,2026-02-28,Completed,799.99,70.0,869.99,AmEx,USD,SampleGen
bb86f9df-ec6f-437a-ba19-a26305c2441d,Ski,S301138,CID-391,CA-1316,2023-12-13,Completed,879.97,77.0,956.97,MC,USD,SampleGen
18acbbee-ef37-49b6-b09d-eaae444caa17,Ski,S301139,CID-392,CA-1317,2022-11-29,Shipped,599.98,52.5,652.48,VISA,USD,SampleGen
3beac3e7-4141-43d3-879f-b6bd08305ee1,Ski,S301140,CID-393,CA-1318,2021-10-13,Completed,499.98,43.75,543.73,PayPal,USD,SampleGen
b4d01c7a-39d6-412f-ba54-78b8014336e1,Ski,S301141,CID-393,CA-1318,2023-03-17,Completed,4279.95,374.5,4654.45,PayPal,USD,SampleGen
8fbcd0ef-207e-4eef-b948-8432beba24c7,Ski,S301142,CID-393,CA-1318,2025-01-24,Completed,3649.94,319.37,3969.31,AmEx,USD,SampleGen
6f93e9f4-c70d-4180-b342-e48fb443816b,Ski,S301143,CID-393,CA-1318,2021-12-24,Completed,2059.96,180.25,2240.21,MC,USD,SampleGen
b6715543-b88b-4da2-bba2-81141d66f111,Ski,S301144,CID-393,CA-1318,2021-02-05,Completed,2149.95,188.12,2338.07,MC,USD,SampleGen
9c4fc42d-e5a7-4629-a9b7-93d66f9a6e3e,Ski,S301145,CID-393,CA-1318,2023-02-15,Completed,2609.95,228.37,2838.32,PayPal,USD,SampleGen
489f3292-539c-4788-8c6e-fca4d8ce197a,Ski,S301146,CID-394,CA-1319,2024-05-07,Completed,1779.95,155.75,1935.7,AmEx,USD,SampleGen
58ca0027-32c1-498f-a0ad-25e8dd0d6b62,Ski,S301147,CID-394,CA-1319,2025-03-29,Completed,2879.94,252.0,3131.94,VISA,USD,SampleGen
cdfc11c2-8ddf-4353-8894-fad7fe0b5ca6,Ski,S301148,CID-394,CA-1319,2021-09-10,Completed,359.98,31.5,391.48,MC,USD,SampleGen
d2baa365-7a0c-4d3f-b159-d79cb9a11e1a,Ski,S301149,CID-394,CA-1319,2021-11-30,Completed,1349.96,118.12,1468.08,MC,USD,SampleGen
61b0d955-447b-45e4-b25a-b180a32cf112,Ski,S301150,CID-394,CA-1319,2022-03-06,Completed,839.96,73.5,913.46,AmEx,USD,SampleGen
f104cf28-6e81-4744-afcc-e35b7d9db9b3,Ski,S301151,CID-394,CA-1319,2026-02-12,Completed,1549.96,135.62,1685.58,AmEx,USD,SampleGen
23c28955-d0dd-4597-bcc5-3a0a40eb9819,Ski,S301152,CID-395,CA-1320,2025-07-18,Pending,759.96,66.49,826.45,MC,USD,SampleGen
41283b4a-e128-4422-8170-f353ce4a35a5,Ski,S301153,CID-395,CA-1320,2021-05-10,Completed,849.94,74.37,924.31,PayPal,USD,SampleGen
bd796dbf-9063-4558-b23f-57dcc69d74d2,Ski,S301154,CID-396,CA-1321,2021-05-07,Completed,569.97,49.87,619.84,VISA,USD,SampleGen
fab5f425-2ff5-4f8a-9a6d-ad71d2e27505,Ski,S301155,CID-397,CA-1322,2025-07-08,Completed,1949.94,170.62,2120.56,VISA,USD,SampleGen
755344f9-82e0-45ac-a9fd-ea7b530363cb,Ski,S301156,CID-397,CA-1322,2023-03-10,Completed,739.96,64.75,804.71,PayPal,USD,SampleGen
a7c6244b-a4e0-4cc6-9be1-2fd813d5c145,Ski,S301157,CID-397,CA-1322,2022-07-18,Completed,899.99,78.75,978.74,AmEx,USD,SampleGen
7a70f909-2b03-4d79-a71d-e55172a1f228,Ski,S301158,CID-397,CA-1322,2025-08-18,Pending,2079.96,182.0,2261.96,MC,USD,SampleGen
326fe198-370a-4486-a5be-a7fd338232f0,Ski,S301159,CID-398,CA-1323,2026-02-13,Completed,59.99,5.25,65.24,VISA,USD,SampleGen
22d6ac00-e736-4fda-9673-04afdecddebe,Ski,S301160,CID-398,CA-1323,2026-02-17,Completed,4199.94,367.5,4567.44,AmEx,USD,SampleGen
54e6a991-d111-4561-a8f2-7740a02feaa1,Ski,S301161,CID-398,CA-1323,2021-02-06,Completed,1929.94,168.87,2098.81,VISA,USD,SampleGen
65ced471-64f6-4b1e-8dc6-0bf779fc3765,Ski,S301162,CID-398,CA-1323,2021-08-11,Pending,2499.94,218.75,2718.69,VISA,USD,SampleGen
a3005703-2f20-4f50-9f6f-bb97805d618d,Ski,S301163,CID-399,CA-1324,2022-02-24,Completed,1999.94,175.0,2174.94,PayPal,USD,SampleGen
da1aceb4-d644-437d-88cd-d4789f425a09,Ski,S301164,CID-399,CA-1324,2022-09-09,Completed,1399.94,122.5,1522.44,MC,USD,SampleGen
32ffb79b-9e05-41c9-9113-db5290ab812c,Ski,S301165,CID-399,CA-1324,2024-07-26,Pending,149.97,13.12,163.09,VISA,USD,SampleGen
ee52cf64-d4d1-45ef-8331-08fe84a8dc9b,Ski,S301166,CID-400,CA-1325,2024-09-28,Completed,1619.94,141.74,1761.68,MC,USD,SampleGen
4c0f0d70-7b9f-4bce-bd55-8b29ea421918,Ski,S301167,CID-400,CA-1325,2022-07-17,Completed,1189.94,104.12,1294.06,VISA,USD,SampleGen
2bfe57b8-d0a9-4070-a9a8-09643fb20d1c,Ski,S301168,CID-400,CA-1325,2024-07-04,Completed,1319.97,115.5,1435.47,AmEx,USD,SampleGen
bbadd625-2828-4d56-aa4b-6024eedffc78,Ski,S301169,CID-400,CA-1325,2021-06-09,Completed,1709.96,149.62,1859.58,MC,USD,SampleGen
ae118aa7-1a8a-4c41-ba6b-43db29e9df1b,Ski,S301170,CID-401,CA-1326,2024-10-27,Completed,199.99,17.5,217.49,MC,USD,SampleGen
bf2361cb-ba19-4a45-a3dc-d39ad07239df,Ski,S301171,CID-401,CA-1326,2025-03-12,Shipped,2459.93,215.25,2675.18,AmEx,USD,SampleGen
f3ed12d1-96b9-4625-962e-84016724414f,Ski,S301172,CID-402,CA-1327,2022-11-06,Shipped,899.96,78.75,978.71,PayPal,USD,SampleGen
88d4b0d8-78d9-4eed-b8c2-7db763907ba2,Ski,S301173,CID-403,CA-1328,2023-11-25,Cancelled,2209.93,193.37,2403.3,AmEx,USD,SampleGen
73ab1f70-570c-4047-98c2-7940015f515b,Ski,S301174,CID-404,CA-1329,2024-05-24,Shipped,2839.93,248.5,3088.43,VISA,USD,SampleGen
541252d7-ae77-48bd-a7a0-042d884b795c,Ski,S301175,CID-404,CA-1329,2023-04-17,Completed,649.99,56.87,706.86,VISA,USD,SampleGen
d4d005c2-1890-4dc5-8727-224bdbb175da,Ski,S301176,CID-404,CA-1329,2021-05-19,Cancelled,899.98,78.75,978.73,VISA,USD,SampleGen
bb0dc8b8-0015-49ec-a691-5928ff91269d,Ski,S301177,CID-404,CA-1329,2021-01-18,Completed,779.98,68.24,848.22,PayPal,USD,SampleGen
f4b48115-c73a-4f27-9df6-04d8d7caf459,Ski,S301178,CID-404,CA-1329,2025-10-06,Shipped,179.99,15.75,195.74,MC,USD,SampleGen
6745275b-d1b2-4716-b6f3-c1e0397e6ce0,Ski,S301179,CID-405,CA-1330,2024-01-21,Completed,579.99,50.75,630.74,VISA,USD,SampleGen
a86bce94-371b-489c-9236-71d807084b1b,Ski,S301180,CID-405,CA-1330,2026-01-09,Completed,1989.96,174.12,2164.08,MC,USD,SampleGen
b384b0aa-0f7b-4a8a-a7b0-0df79a6a7631,Ski,S301181,CID-405,CA-1330,2024-02-04,Completed,3799.96,332.5,4132.46,MC,USD,SampleGen
a1b1ed08-b6c5-41f4-960e-3b55082c21e9,Ski,S301182,CID-405,CA-1330,2021-04-05,Completed,1459.97,127.75,1587.72,PayPal,USD,SampleGen
58b4cd58-0d97-4776-8df1-7348ff83dbfe,Ski,S301183,CID-405,CA-1330,2021-11-18,Completed,899.97,78.75,978.72,VISA,USD,SampleGen
fa6c8e71-8bfa-4302-bb6e-869af2afa0d4,Ski,S301184,CID-405,CA-1330,2021-05-22,Completed,2349.95,205.62,2555.57,MC,USD,SampleGen
b54df418-6a52-4cbd-90b6-3c87fee8481a,Ski,S301185,CID-406,CA-1331,2021-06-29,Completed,1379.98,120.75,1500.73,AmEx,USD,SampleGen
396b6fc9-5e87-4ca9-a462-929157b1b101,Ski,S301186,CID-406,CA-1331,2026-01-16,Cancelled,869.97,76.12,946.09,VISA,USD,SampleGen
c9087ed9-b368-4666-8406-a0d78a7a63d0,Ski,S301187,CID-406,CA-1331,2026-01-07,Completed,4399.94,384.99,4784.93,VISA,USD,SampleGen
53eba109-39f0-4c11-b6ef-484783aa0b25,Ski,S301188,CID-406,CA-1331,2024-06-21,Completed,1979.95,173.24,2153.19,MC,USD,SampleGen
9aa97ac7-64f4-4a32-ae6d-0752621cf5af,Ski,S301189,CID-407,CA-1332,2022-07-26,Shipped,649.99,56.87,706.86,PayPal,USD,SampleGen
4d4a4ac2-a572-48b4-a6d5-f42d0273a86c,Ski,S301190,CID-408,CA-1333,2024-03-13,Completed,869.96,76.12,946.08,MC,USD,SampleGen
9dde8ba2-6c24-452d-959f-e201fcdb1c3e,Ski,S301191,CID-408,CA-1333,2022-02-15,Cancelled,1899.97,166.24,2066.21,MC,USD,SampleGen
5b4b266c-d22f-4dd2-9003-7e40e17abfe4,Ski,S301192,CID-408,CA-1333,2021-01-31,Pending,1799.98,157.5,1957.48,MC,USD,SampleGen
3a20dcb6-c33b-4f6b-86b7-62e559225b69,Ski,S301193,CID-408,CA-1333,2025-03-17,Completed,2299.95,201.25,2501.2,PayPal,USD,SampleGen
0e73b660-bd80-4e44-b2e4-f2208cd329a9,Ski,S301194,CID-408,CA-1333,2023-04-14,Pending,899.98,78.75,978.73,AmEx,USD,SampleGen
c5e99452-c68f-4f82-b050-6ee606cc2888,Ski,S301195,CID-408,CA-1333,2022-11-13,Completed,1279.96,112.0,1391.96,VISA,USD,SampleGen
dab8bde1-adee-4847-a4b9-1b29e56853d4,Ski,S301196,CID-408,CA-1333,2021-11-03,Completed,2099.96,183.75,2283.71,AmEx,USD,SampleGen
9ffac2bf-1cea-40b4-b65c-8f29566446f8,Ski,S301197,CID-409,CA-1334,2024-06-10,Shipped,2169.94,189.87,2359.81,PayPal,USD,SampleGen
b02af172-9ddb-4404-b103-b103b1b08432,Ski,S301198,CID-409,CA-1334,2022-09-24,Cancelled,2279.96,199.5,2479.46,PayPal,USD,SampleGen
ef701fb4-2f09-4566-9ad8-ebb0fb1bb2d7,Ski,S301199,CID-410,CA-1335,2025-04-29,Completed,1919.95,168.0,2087.95,MC,USD,SampleGen
5499607f-a9fd-4899-9c85-867dbf3718c6,Ski,S301200,CID-410,CA-1335,2025-03-12,Cancelled,459.98,40.25,500.23,PayPal,USD,SampleGen
54b0fd68-d46a-4c9b-a9b1-4b5a0bb69efc,Ski,S301201,CID-410,CA-1335,2025-08-25,Completed,1299.96,113.75,1413.71,MC,USD,SampleGen
d92369e5-4bda-493e-abc7-c7d16f630d5f,Ski,S301202,CID-410,CA-1335,2023-12-29,Completed,1799.98,157.5,1957.48,VISA,USD,SampleGen
4e874cb7-65c3-4ad9-9cb6-bc822030451a,Ski,S301203,CID-411,CA-1336,2021-06-15,Completed,3249.97,284.37,3534.34,PayPal,USD,SampleGen
ab14551d-d437-4d4a-8247-a07619052398,Ski,S301204,CID-411,CA-1336,2025-02-18,Completed,1519.95,133.0,1652.95,MC,USD,SampleGen
a6533ce7-b3e7-45bf-aca7-56d8a0e4ee34,Ski,S301205,CID-411,CA-1336,2022-06-04,Completed,399.96,35.0,434.96,MC,USD,SampleGen
6d2ec02a-010d-4863-b2ef-8df08615c285,Ski,S301206,CID-411,CA-1336,2021-08-07,Pending,1539.95,134.75,1674.7,VISA,USD,SampleGen
95fa1072-871d-491a-943e-c9b6ea2393f2,Ski,S301207,CID-412,CA-1337,2022-08-11,Completed,1719.97,150.5,1870.47,Discover,USD,SampleGen
cca766e7-ceab-4213-90ab-5aa3f2d314ff,Ski,S301208,CID-412,CA-1337,2026-02-25,Completed,2299.96,201.25,2501.21,MC,USD,SampleGen
01f87a43-6956-4dbf-9692-8dedc97b5327,Ski,S301209,CID-413,CA-1338,2021-11-11,Completed,4009.93,350.87,4360.8,MC,USD,SampleGen
936d3538-d10b-4ce4-af53-02392f1ea4e3,Ski,S301210,CID-413,CA-1338,2023-12-12,Completed,1329.95,116.36,1446.31,AmEx,USD,SampleGen
0b1ea6f5-5ea6-42f3-a32c-afb9c8e0177e,Ski,S301211,CID-414,CA-1339,2022-01-08,Completed,4309.93,377.12,4687.05,VISA,USD,SampleGen
b261e44b-085c-4d13-9eda-0b62d97563bb,Ski,S301212,CID-415,CA-1340,2025-01-24,Completed,2699.96,236.25,2936.21,VISA,USD,SampleGen
21f478f8-d608-4bc0-a0eb-b9f190c2d41f,Ski,S301213,CID-415,CA-1340,2024-02-16,Completed,4159.95,364.0,4523.95,Discover,USD,SampleGen
378cb11b-d101-4d26-be8c-3b1a8881e3be,Ski,S301214,CID-415,CA-1340,2026-01-06,Completed,2499.95,218.74,2718.69,VISA,USD,SampleGen
c435066b-4d4b-4259-b85f-6fd08afa0e5d,Ski,S301215,CID-415,CA-1340,2022-05-21,Completed,709.96,62.12,772.08,PayPal,USD,SampleGen
a89b36ea-729d-42bf-a1d4-830ad0c73936,Ski,S301216,CID-416,CA-1341,2024-04-19,Shipped,499.98,43.75,543.73,VISA,USD,SampleGen
b0d85812-8b85-41cf-95da-6ba705a9dbc3,Ski,S301217,CID-416,CA-1341,2025-03-02,Completed,854.95,74.81,929.76,VISA,USD,SampleGen
ac300310-d727-4da5-b858-ade884d79e86,Ski,S301218,CID-416,CA-1341,2021-10-09,Completed,1309.97,114.62,1424.59,AmEx,USD,SampleGen
9c3809fe-b12b-44ee-9192-8dceb7a94543,Ski,S301219,CID-416,CA-1341,2023-05-26,Completed,379.98,33.25,413.23,VISA,USD,SampleGen
267e9bc9-48b5-4fb2-917b-56badd90fdef,Ski,S301220,CID-417,CA-1342,2026-03-11,Pending,1599.97,140.0,1739.97,VISA,USD,SampleGen
70e4c83f-bb29-4702-a144-6bb37311d35d,Ski,S301221,CID-417,CA-1342,2023-08-29,Cancelled,1499.95,131.25,1631.2,PayPal,USD,SampleGen
c5cdceaf-4d38-404f-bead-b3b41c9dd8b9,Ski,S301222,CID-418,CA-1343,2024-02-04,Shipped,159.98,14.0,173.98,PayPal,USD,SampleGen
0d7de535-c4c3-4fd2-9f22-39185620445e,Ski,S301223,CID-418,CA-1343,2023-11-10,Completed,3309.95,289.62,3599.57,Discover,USD,SampleGen
f119e2ba-05ea-498f-8825-3a98ccf6a400,Ski,S301224,CID-419,CA-1344,2022-09-13,Completed,1879.95,164.5,2044.45,AmEx,USD,SampleGen
6983d974-c4e6-4178-9599-625a93aea8ca,Ski,S301225,CID-419,CA-1344,2023-06-12,Completed,1029.94,90.12,1120.06,PayPal,USD,SampleGen
a58ce682-4a37-4ea4-9336-aa8a43c8eb1c,Ski,S301226,CID-419,CA-1344,2026-03-05,Shipped,2759.94,241.5,3001.44,VISA,USD,SampleGen
823a35fa-832d-4394-936e-d49791be0c1f,Ski,S301227,CID-420,CA-1345,2022-03-03,Completed,2499.92,218.75,2718.67,MC,USD,SampleGen
80d37fe7-a2c4-4ee3-ac1e-10fda022ca6c,Ski,S301228,CID-420,CA-1345,2026-01-02,Completed,899.98,78.75,978.73,PayPal,USD,SampleGen
7c131b3b-a1b7-4c2b-852c-578c75b649bd,Ski,S301229,CID-420,CA-1345,2021-06-03,Completed,1599.98,140.0,1739.98,VISA,USD,SampleGen
38a53ff2-2936-4965-bb78-a64216387054,Ski,S301230,CID-420,CA-1345,2024-01-15,Completed,919.96,80.5,1000.46,VISA,USD,SampleGen
9f4c2cc9-39fa-4b51-87a2-81c8810f9838,Ski,S301231,CID-420,CA-1345,2024-02-26,Completed,2999.95,262.5,3262.45,Discover,USD,SampleGen
18f24b66-b78f-48e5-acf9-1cf28c05323a,Ski,S301232,CID-420,CA-1345,2022-10-31,Pending,359.97,31.5,391.47,MC,USD,SampleGen
7e0e05b6-6047-4aeb-ba66-b3d6fa86a23a,Ski,S301233,CID-420,CA-1345,2022-07-09,Completed,369.97,32.37,402.34,VISA,USD,SampleGen
ed9da47c-5db4-4453-9cd4-ecc08d6b0792,Ski,S301234,CID-420,CA-1345,2023-07-15,Completed,149.99,13.12,163.11,PayPal,USD,SampleGen
90b13f94-4079-4f45-8744-9a88e9309dd0,Ski,S301235,CID-420,CA-1345,2023-12-25,Completed,3609.94,315.87,3925.81,VISA,USD,SampleGen
ed474ac7-ccdb-4897-af46-d017b205befc,Ski,S301236,CID-420,CA-1345,2024-01-21,Completed,2459.97,215.25,2675.22,AmEx,USD,SampleGen
cbc8e114-f439-4c33-a383-be6bf25b9732,Ski,S301237,CID-420,CA-1345,2026-03-23,Completed,379.98,33.25,413.23,AmEx,USD,SampleGen
656a216b-e19f-450a-8b8b-8865a4fdbd2f,Ski,S301238,CID-420,CA-1345,2025-07-04,Shipped,1539.97,134.75,1674.72,VISA,USD,SampleGen
d72262aa-517e-4fd4-9fa8-a1441b09a1a4,Ski,S301239,CID-421,CA-1346,2026-01-18,Completed,579.98,50.74,630.72,AmEx,USD,SampleGen
bb5df794-8379-4b5b-8d7f-baab71f3f9ae,Ski,S301240,CID-421,CA-1346,2021-05-15,Cancelled,1449.95,126.87,1576.82,AmEx,USD,SampleGen
ea27d621-c7e1-4972-9d62-aa21e65e0f5d,Ski,S301241,CID-421,CA-1346,2024-01-10,Completed,679.96,59.5,739.46,Discover,USD,SampleGen
0a2129c5-7492-42b4-8f70-3d87040c41bb,Ski,S301242,CID-422,CA-1347,2025-12-27,Cancelled,1589.95,139.12,1729.07,VISA,USD,SampleGen
8e4604ab-5344-4905-8745-c5e57c35df09,Ski,S301243,CID-422,CA-1347,2025-09-16,Completed,669.96,58.62,728.58,VISA,USD,SampleGen
67aac6c4-26a2-458c-804b-aab32cb14209,Ski,S301244,CID-422,CA-1347,2021-10-26,Completed,1149.97,100.62,1250.59,VISA,USD,SampleGen
930a89ac-d1ba-44b6-89e2-934bc57375f4,Ski,S301245,CID-423,CA-1348,2022-09-19,Completed,3939.95,344.75,4284.7,MC,USD,SampleGen
5067055f-3f2f-4c72-9970-4b9054f5d2a8,Ski,S301246,CID-423,CA-1348,2025-02-14,Completed,499.98,43.75,543.73,VISA,USD,SampleGen
68d6aa74-b0e4-47c2-b301-ece837c32e90,Ski,S301247,CID-424,CA-1349,2025-08-31,Shipped,1449.97,126.86,1576.83,AmEx,USD,SampleGen
1b828302-0543-4f02-90f2-b5cf18bc417e,Ski,S301248,CID-425,CA-1350,2021-10-24,Completed,949.96,83.12,1033.08,AmEx,USD,SampleGen
77b31f0a-5a65-484d-9843-086fd17496f7,Ski,S301249,CID-425,CA-1350,2022-01-31,Completed,2409.95,210.87,2620.82,PayPal,USD,SampleGen
12f3a379-9003-46bd-9fd5-3bbb2b956da3,Ski,S301250,CID-425,CA-1350,2024-11-22,Completed,239.98,21.0,260.98,Discover,USD,SampleGen
40f221c7-1a79-4469-ae1a-8b4915e61513,Ski,S301251,CID-425,CA-1350,2021-09-06,Completed,229.98,20.12,250.1,MC,USD,SampleGen
d7a1c49a-d815-43eb-ad06-d2bc74fd50d4,Ski,S301252,CID-425,CA-1350,2021-07-09,Completed,189.99,16.62,206.61,PayPal,USD,SampleGen
37becaeb-70ab-46e8-b297-d829ad714028,Ski,S301253,CID-426,CA-1351,2023-07-24,Completed,14.99,1.31,16.3,MC,USD,SampleGen
f657c981-537c-4d9f-a614-29e5a4a63964,Ski,S301254,CID-427,CA-1352,2023-01-15,Completed,1299.98,113.75,1413.73,PayPal,USD,SampleGen
76621c66-7cfe-4151-b6a5-5cf4a4a337c2,Ski,S301255,CID-427,CA-1352,2026-01-05,Completed,549.99,48.12,598.11,AmEx,USD,SampleGen
d1fc5473-ada1-44e5-b37f-6156fc55ee7a,Ski,S301256,CID-427,CA-1352,2024-08-14,Completed,549.99,48.12,598.11,MC,USD,SampleGen
7ac70ee1-4189-47e0-ae4b-b247293b7c56,Ski,S301257,CID-427,CA-1352,2024-08-23,Completed,769.98,67.37,837.35,Discover,USD,SampleGen
926f6999-ba39-4ea0-b0b2-dbec9d898890,Ski,S301258,CID-428,CA-1353,2026-02-27,Shipped,1879.97,164.5,2044.47,PayPal,USD,SampleGen
c969d4bc-52b0-4de5-bf3a-ddc46cde2844,Ski,S301259,CID-428,CA-1353,2025-01-19,Completed,2849.95,249.37,3099.32,MC,USD,SampleGen
9b2923a5-25ae-4597-b6eb-e9461337ff77,Ski,S301260,CID-429,CA-1354,2024-09-19,Completed,1894.96,165.81,2060.77,PayPal,USD,SampleGen
5bfbebb8-9cf2-41eb-bea0-2a9e1a9b89ed,Ski,S301261,CID-429,CA-1354,2025-07-20,Completed,759.96,66.49,826.45,MC,USD,SampleGen
b3ec9629-1232-4738-b01a-96250b96d411,Ski,S301262,CID-429,CA-1354,2023-09-01,Completed,6299.92,551.25,6851.17,VISA,USD,SampleGen
ea2a4ef3-1f0d-4870-b7fa-2927ff9ea275,Ski,S301263,CID-429,CA-1354,2021-08-04,Completed,3519.92,308.0,3827.92,PayPal,USD,SampleGen
28aa5d75-9f35-43bf-aae0-417d259cb1f6,Ski,S301264,CID-430,CA-1355,2022-06-27,Completed,239.98,21.0,260.98,PayPal,USD,SampleGen
a702563f-897c-43cc-8780-eaa600cf3725,Ski,S301265,CID-430,CA-1355,2023-05-12,Pending,4449.96,389.37,4839.33,VISA,USD,SampleGen
11c18ed8-6aac-4e58-ac27-14c2d4a067b0,Ski,S301266,CID-430,CA-1355,2024-07-06,Completed,324.97,28.43,353.4,Discover,USD,SampleGen
437bb570-b892-466b-9ed6-54c87765c320,Ski,S301267,CID-430,CA-1355,2024-04-19,Completed,659.98,57.75,717.73,AmEx,USD,SampleGen
82e207fb-fc4c-42a4-b0b0-10b88ef52128,Ski,S301268,CID-431,CA-1356,2024-02-20,Completed,2649.95,231.86,2881.81,MC,USD,SampleGen
c82a2355-379b-405c-a863-666c9f4b1cf7,Ski,S301269,CID-431,CA-1356,2023-10-31,Shipped,1529.96,133.87,1663.83,AmEx,USD,SampleGen
7b953620-111e-47c9-853c-04ed565e2f01,Ski,S301270,CID-431,CA-1356,2025-06-09,Completed,1919.95,168.0,2087.95,MC,USD,SampleGen
f082f101-fd78-4fa5-b7cd-f7ffb7eff8b9,Ski,S301271,CID-432,CA-1357,2026-03-29,Pending,689.95,60.37,750.32,VISA,USD,SampleGen
9da2d386-cdda-43af-8f88-cfce368be7a8,Ski,S301272,CID-432,CA-1357,2023-02-12,Completed,1329.97,116.37,1446.34,MC,USD,SampleGen
c1e2f6b2-e438-4fcb-814b-e143f316670e,Ski,S301273,CID-432,CA-1357,2021-08-22,Shipped,379.98,33.25,413.23,PayPal,USD,SampleGen
fb411c02-e263-47e6-83f8-a8a9847c4d7f,Ski,S301274,CID-432,CA-1357,2025-06-04,Shipped,1919.96,168.0,2087.96,PayPal,USD,SampleGen
a46c5d95-043e-41e7-a708-7379973e42d1,Ski,S301275,CID-432,CA-1357,2024-02-02,Completed,1399.97,122.5,1522.47,PayPal,USD,SampleGen
a2d57700-ee5a-4b0e-bbb9-4b9696d2cc0b,Ski,S301276,CID-433,CA-1358,2026-01-26,Completed,3749.95,328.11,4078.06,AmEx,USD,SampleGen
5834909b-68a9-4857-acc1-4ad66f39ee79,Ski,S301277,CID-434,CA-1359,2025-03-24,Pending,2599.98,227.5,2827.48,MC,USD,SampleGen
67dff5f4-66bd-4d9f-a57c-799cb2a7c05a,Ski,S301278,CID-435,CA-1360,2023-12-04,Pending,1029.97,90.12,1120.09,AmEx,USD,SampleGen
4233b628-e826-4482-8ca9-bb7c7700b0be,Ski,S301279,CID-435,CA-1360,2024-03-27,Completed,749.97,65.62,815.59,MC,USD,SampleGen
33ace01d-522e-4a92-a3a8-75feb1fb0949,Ski,S301280,CID-435,CA-1360,2022-05-15,Completed,2089.94,182.87,2272.81,AmEx,USD,SampleGen
f6a61bed-7e2e-4f42-ba52-3491230a5426,Ski,S301281,CID-435,CA-1360,2022-05-05,Completed,1399.96,122.49,1522.45,VISA,USD,SampleGen
d8b32aee-4e8e-4b5c-9122-0093c7a3f13a,Ski,S301282,CID-435,CA-1360,2023-10-12,Completed,1429.98,125.12,1555.1,AmEx,USD,SampleGen
f656e710-0100-4c9b-874b-b7678be0da36,Ski,S301283,CID-436,CA-1361,2024-09-25,Completed,119.99,10.5,130.49,AmEx,USD,SampleGen
7527c3a5-85bf-4675-879c-bfcf99be080d,Ski,S301284,CID-436,CA-1361,2022-07-21,Pending,1259.96,110.25,1370.21,VISA,USD,SampleGen
f29a7bb1-2283-4018-a47a-8eb9f9405d58,Ski,S301285,CID-436,CA-1361,2023-06-08,Pending,3449.95,301.87,3751.82,MC,USD,SampleGen
6de4c18f-31c3-4d75-94d9-afd4d8995074,Ski,S301286,CID-436,CA-1361,2022-12-29,Completed,3459.95,302.75,3762.7,PayPal,USD,SampleGen
98a4a33d-76e8-4bf7-bcc8-2ce4423d453a,Ski,S301287,CID-436,CA-1361,2023-04-04,Completed,1869.94,163.62,2033.56,PayPal,USD,SampleGen
4aaa6dbf-2e2a-45e3-ba0f-4175df90c733,Ski,S301288,CID-436,CA-1361,2022-04-15,Completed,1269.94,111.12,1381.06,VISA,USD,SampleGen
7a8ad550-00d6-4606-b1ff-b85e38e472d8,Ski,S301289,CID-437,CA-1362,2024-10-25,Completed,2929.95,256.37,3186.32,Discover,USD,SampleGen
dd922772-4e1b-41c0-8e4c-4c89804b4084,Ski,S301290,CID-437,CA-1362,2021-07-28,Pending,1939.95,169.75,2109.7,VISA,USD,SampleGen
c4ef5121-c098-4950-9733-2b15172632ec,Ski,S301291,CID-438,CA-1363,2021-04-21,Cancelled,2319.93,203.0,2522.93,MC,USD,SampleGen
13d5da35-d446-41ce-9acf-e426508cc63f,Ski,S301292,CID-438,CA-1363,2025-08-21,Cancelled,1169.96,102.37,1272.33,VISA,USD,SampleGen
63f807b0-8300-44a1-9b2f-fd1362ab94aa,Ski,S301293,CID-438,CA-1363,2026-03-03,Completed,2899.97,253.75,3153.72,MC,USD,SampleGen
4dbfcec3-fbce-4b58-9f64-b7e48605323c,Ski,S301294,CID-438,CA-1363,2024-10-23,Completed,2049.95,179.37,2229.32,VISA,USD,SampleGen
bd4ec574-04f2-4d8b-a939-587b72327e6c,Ski,S301295,CID-438,CA-1363,2024-10-11,Completed,2609.94,228.37,2838.31,Discover,USD,SampleGen
de295960-17f5-40fe-beae-5ef8bbfee8ce,Ski,S301296,CID-438,CA-1363,2024-12-18,Completed,1399.96,122.5,1522.46,MC,USD,SampleGen
df81f1d2-f27e-4470-9ac6-0a8f0366b2da,Ski,S301297,CID-438,CA-1363,2021-07-23,Completed,599.98,52.5,652.48,VISA,USD,SampleGen
b87ff19a-e0da-4161-9db1-73c0e9cc73fa,Ski,S301298,CID-438,CA-1363,2023-04-19,Completed,1899.96,166.25,2066.21,VISA,USD,SampleGen
b456ff60-4e79-4356-af16-83799d061a33,Ski,S301299,CID-439,CA-1364,2022-09-06,Completed,799.98,70.0,869.98,AmEx,USD,SampleGen
0f1d775d-1c4f-4e34-a45a-9833faa3066e,Ski,S301300,CID-439,CA-1364,2025-06-30,Pending,4199.96,367.5,4567.46,MC,USD,SampleGen
35e6eccf-df90-4f3d-8b34-6d17b48df326,Ski,S301301,CID-439,CA-1364,2026-01-25,Shipped,1349.94,118.12,1468.06,Discover,USD,SampleGen
c0720bea-5401-4b2a-9ff5-01cb1b132c62,Ski,S301302,CID-439,CA-1364,2022-02-10,Completed,1929.97,168.87,2098.84,VISA,USD,SampleGen
448ec433-a3f5-45a0-a00d-0c96dd14ac4c,Ski,S301303,CID-439,CA-1364,2023-04-26,Completed,369.98,32.37,402.35,Discover,USD,SampleGen
689b5d82-9107-499a-9749-ec55f3bfeaa1,Ski,S301304,CID-439,CA-1364,2024-11-13,Completed,1319.95,115.5,1435.45,VISA,USD,SampleGen
33edf276-a3de-4d30-bcb3-0288df5596df,Ski,S301305,CID-439,CA-1364,2024-10-25,Pending,679.97,59.5,739.47,Discover,USD,SampleGen
2fa40ff1-28cc-4ba4-923f-35dbf16c0846,Ski,S301306,CID-440,CA-1365,2023-08-25,Completed,539.96,47.25,587.21,AmEx,USD,SampleGen
9846f496-258f-4d29-a0bc-dc2e41a82e25,Ski,S301307,CID-440,CA-1365,2021-09-03,Completed,679.97,59.5,739.47,AmEx,USD,SampleGen
04949dda-a331-40bc-a6a7-6800a639e246,Ski,S301308,CID-441,CA-1366,2025-08-21,Completed,1599.98,140.0,1739.98,VISA,USD,SampleGen
e1967001-26ff-4032-8294-9f66e749824c,Ski,S301309,CID-441,CA-1366,2024-04-23,Pending,2579.94,225.75,2805.69,VISA,USD,SampleGen
f2e7a80e-0eb2-403c-9d42-66d1f8535f67,Ski,S301310,CID-441,CA-1366,2022-10-15,Completed,1299.98,113.75,1413.73,VISA,USD,SampleGen
06d0d271-8805-4e6a-84ef-f96afbcc343b,Ski,S301311,CID-441,CA-1366,2026-02-09,Completed,659.97,57.75,717.72,AmEx,USD,SampleGen
2c803ef1-4e57-469f-afbb-45fa89119970,Ski,S301312,CID-441,CA-1366,2024-07-16,Completed,929.96,81.37,1011.33,AmEx,USD,SampleGen
b0bd996f-6807-44b2-8a34-b96e1c19609c,Ski,S301313,CID-442,CA-1367,2022-01-18,Completed,3999.94,350.0,4349.94,Discover,USD,SampleGen
dc8138fa-eee8-49fb-8c4b-58525d304c03,Ski,S301314,CID-442,CA-1367,2021-12-22,Completed,3179.97,278.25,3458.22,AmEx,USD,SampleGen
a4d7b3a9-a50e-4f44-ab4c-482a92080f4f,Ski,S301315,CID-443,CA-1368,2021-04-11,Pending,79.99,7.0,86.99,AmEx,USD,SampleGen
a9cd199d-cccc-41ca-a876-6ec4c5592b6d,Ski,S301316,CID-443,CA-1368,2024-03-19,Pending,149.99,13.12,163.11,AmEx,USD,SampleGen
172f0578-b64a-4c90-b060-191fa75cdc4c,Ski,S301317,CID-444,CA-1369,2021-08-17,Completed,449.96,39.37,489.33,PayPal,USD,SampleGen
2fe1c88b-4f99-408d-9d2d-d7f51e7f13ee,Ski,S301318,CID-444,CA-1369,2024-12-18,Pending,4349.93,380.62,4730.55,AmEx,USD,SampleGen
3fb08647-5fe8-4ee0-bc22-85bab6cbba51,Ski,S301319,CID-444,CA-1369,2022-09-26,Completed,329.98,28.87,358.85,Discover,USD,SampleGen
659c1fe4-9622-48c5-98ba-5eb061de8367,Ski,S301320,CID-445,CA-1370,2021-07-02,Completed,4499.94,393.75,4893.69,PayPal,USD,SampleGen
c7328b8d-c37b-4f7c-844a-a27e81d864c9,Ski,S301321,CID-445,CA-1370,2022-11-05,Completed,3399.93,297.5,3697.43,VISA,USD,SampleGen
be42bc50-be7c-40e3-88d0-8bf8824f7d6f,Ski,S301322,CID-445,CA-1370,2023-12-11,Completed,419.97,36.75,456.72,PayPal,USD,SampleGen
466df2a2-1d15-4408-9423-7599b24022bd,Ski,S301323,CID-445,CA-1370,2025-06-05,Completed,119.98,10.5,130.48,AmEx,USD,SampleGen
0470573b-8c74-4f93-aa57-fa5b85a751fc,Ski,S301324,CID-446,CA-1371,2024-03-01,Completed,549.99,48.12,598.11,VISA,USD,SampleGen
7bebd0ae-bbee-4756-8a55-bc43cce3e17a,Ski,S301325,CID-446,CA-1371,2024-11-10,Completed,969.96,84.87,1054.83,MC,USD,SampleGen
7c9531fe-cacf-4dd0-ad2a-c66d8134e782,Ski,S301326,CID-447,CA-1372,2023-07-19,Completed,1919.95,168.0,2087.95,VISA,USD,SampleGen
339660c7-68f8-4870-9d2d-65ad5d862fe3,Ski,S301327,CID-447,CA-1372,2025-06-25,Completed,239.98,21.0,260.98,MC,USD,SampleGen
6a339a6a-3be9-455d-a0e4-d1c7ead727a2,Ski,S301328,CID-448,CA-1373,2021-05-05,Completed,2029.96,177.62,2207.58,AmEx,USD,SampleGen
872add57-632f-4d90-bd9f-eae061a5f1bb,Ski,S301329,CID-448,CA-1373,2021-08-04,Completed,159.98,14.0,173.98,PayPal,USD,SampleGen
bf4de4cc-7858-46a3-8e9b-1cbc27e8aefe,Ski,S301330,CID-448,CA-1373,2024-07-04,Completed,434.96,38.06,473.02,PayPal,USD,SampleGen
56cad4ca-a3b6-48e4-9441-94e0da751826,Ski,S301331,CID-449,CA-1374,2025-07-18,Shipped,299.98,26.25,326.23,MC,USD,SampleGen
32c4cc95-dab9-41c5-9ca4-58de21749807,Ski,S301332,CID-449,CA-1374,2023-02-20,Completed,2199.94,192.49,2392.43,AmEx,USD,SampleGen
042f6416-0660-4170-aa82-87890b8ffc44,Ski,S301333,CID-449,CA-1374,2022-06-30,Completed,1369.95,119.87,1489.82,AmEx,USD,SampleGen
7c1202a5-68c5-4b61-b1f4-b8954531327a,Ski,S301334,CID-449,CA-1374,2021-12-31,Completed,2849.96,249.37,3099.33,VISA,USD,SampleGen
3df68fc0-2a6e-4c7b-939a-2ccca914a776,Ski,S301335,CID-450,CA-1375,2023-04-03,Completed,3099.96,271.25,3371.21,MC,USD,SampleGen
9da90672-e36a-4163-a02e-89e33eddc779,Ski,S301336,CID-450,CA-1375,2023-12-05,Completed,1199.98,105.0,1304.98,VISA,USD,SampleGen
6f52c6f3-9d83-43e4-91ef-c042704b819e,Ski,S301337,CID-451,CA-1376,2024-09-16,Completed,159.98,14.0,173.98,PayPal,USD,SampleGen
56c2f490-cc48-4826-a8c5-5dbf48531bae,Ski,S301338,CID-451,CA-1376,2021-04-16,Completed,349.99,30.62,380.61,VISA,USD,SampleGen
0124204c-131f-4663-8114-13ff0d5c039c,Ski,S301339,CID-451,CA-1376,2025-12-30,Completed,1959.96,171.5,2131.46,MC,USD,SampleGen
c829ccad-26cb-4b6c-b82a-12321a6f2c74,Ski,S301340,CID-451,CA-1376,2022-10-11,Shipped,1159.98,101.5,1261.48,AmEx,USD,SampleGen
d308e7dc-b80b-497f-ab7f-85888e959e93,Ski,S301341,CID-451,CA-1376,2024-04-24,Pending,1879.96,164.5,2044.46,VISA,USD,SampleGen
2875fc34-46cb-49d1-8b96-0227b07b1450,Ski,S301342,CID-452,CA-1377,2025-05-12,Completed,899.98,78.75,978.73,VISA,USD,SampleGen
4646e203-50f0-44ef-938a-27149e42a2c8,Ski,S301343,CID-453,CA-1378,2025-07-27,Completed,489.97,42.87,532.84,Discover,USD,SampleGen
a3fc97de-2d2b-4659-b04f-b041158144d2,Ski,S301344,CID-453,CA-1378,2025-10-01,Completed,1749.96,153.12,1903.08,MC,USD,SampleGen
0cf63000-b83a-488f-8005-af5abbb709d4,Ski,S301345,CID-454,CA-1379,2023-07-25,Pending,119.99,10.5,130.49,VISA,USD,SampleGen
e233fbf1-2e5a-46ab-9a95-9180df46398c,Ski,S301346,CID-455,CA-1380,2022-07-05,Completed,599.98,52.5,652.48,VISA,USD,SampleGen
cfbe86b3-440c-47ef-b92c-136b86e49202,Ski,S301347,CID-456,CA-1381,2026-02-11,Completed,1099.98,96.25,1196.23,VISA,USD,SampleGen
06d69978-f250-4813-83a9-c9420e03add2,Ski,S301348,CID-456,CA-1381,2025-06-17,Completed,2914.95,255.06,3170.01,Discover,USD,SampleGen
02a9190b-6866-4414-8c1e-87b497d534a6,Ski,S301349,CID-456,CA-1381,2022-02-06,Completed,2699.96,236.25,2936.21,MC,USD,SampleGen
7b1017d0-59d0-4ed5-8b54-f39d1e346ea5,Ski,S301350,CID-456,CA-1381,2021-03-08,Completed,3619.93,316.75,3936.68,Discover,USD,SampleGen
6dfe60be-c7c8-4401-9a9e-99e07fa9f8cd,Ski,S301351,CID-457,CA-1382,2023-07-14,Shipped,1299.98,113.75,1413.73,MC,USD,SampleGen
f92269ae-046c-40d6-b043-1008609b894d,Ski,S301352,CID-457,CA-1382,2022-02-08,Completed,1549.95,135.62,1685.57,MC,USD,SampleGen
00ab9e14-7b9b-4658-8c58-7e893ccc75d0,Ski,S301353,CID-457,CA-1382,2021-12-24,Completed,4549.93,398.12,4948.05,VISA,USD,SampleGen
0bdb3389-f859-4929-926b-3c339837168f,Ski,S301354,CID-458,CA-1383,2024-08-31,Completed,1999.94,175.0,2174.94,MC,USD,SampleGen
c606966c-c838-4df9-a6bb-af3964fcaca7,Ski,S301355,CID-458,CA-1383,2026-03-23,Cancelled,1139.96,99.75,1239.71,MC,USD,SampleGen
db330473-2641-4b0b-b172-2494cb895a23,Ski,S301356,CID-458,CA-1383,2022-12-24,Shipped,2599.94,227.5,2827.44,PayPal,USD,SampleGen
8f35611b-b8c0-4f90-a59d-f01ed34e7fe4,Ski,S301357,CID-459,CA-1384,2022-04-17,Completed,449.99,39.37,489.36,VISA,USD,SampleGen
a384153c-7d42-4a6a-9d9f-5bdede81a7df,Ski,S301358,CID-459,CA-1384,2025-02-27,Completed,1199.98,105.0,1304.98,PayPal,USD,SampleGen
1689415f-6572-45ac-8b40-ec806bcc472e,Ski,S301359,CID-459,CA-1384,2022-12-30,Completed,799.98,70.0,869.98,MC,USD,SampleGen
f9f3d55f-49de-4f9c-a909-3b2ac6b8b330,Ski,S301360,CID-459,CA-1384,2024-01-01,Shipped,1509.96,132.12,1642.08,Discover,USD,SampleGen
5a1f91d1-7334-4c58-bed2-03dcfdb47b5e,Ski,S301361,CID-459,CA-1384,2026-04-08,Completed,3149.97,275.62,3425.59,MC,USD,SampleGen
d7128a2a-010b-4eca-9811-cc677a23e819,Ski,S301362,CID-459,CA-1384,2021-09-17,Cancelled,2619.94,229.25,2849.19,VISA,USD,SampleGen
47ba5733-4026-44c0-a89c-4f3688c57016,Ski,S301363,CID-459,CA-1384,2023-08-05,Shipped,379.98,33.25,413.23,VISA,USD,SampleGen
49d8d5d8-d1a8-4ccb-8ae3-70c7a3fce43b,Ski,S301364,CID-460,CA-1385,2025-01-24,Completed,1359.95,119.0,1478.95,VISA,USD,SampleGen
bc8a6055-e6ac-47ca-a87f-3cb5566bc498,Ski,S301365,CID-460,CA-1385,2026-02-05,Completed,3999.95,350.0,4349.95,MC,USD,SampleGen
6a58579a-068c-486f-8e38-41bfae2d6c17,Ski,S301366,CID-460,CA-1385,2024-01-12,Completed,3879.94,339.5,4219.44,MC,USD,SampleGen
7078df4b-97aa-44c8-8ac2-128db99a8c8d,Ski,S301367,CID-460,CA-1385,2023-12-21,Completed,1479.98,129.5,1609.48,MC,USD,SampleGen
d5fd2585-89f6-428a-b8ee-5cfed0d3c4b0,Ski,S301368,CID-461,CA-1386,2022-09-27,Completed,399.99,35.0,434.99,VISA,USD,SampleGen
3d9ca1f0-b829-4fa6-a060-2063c52ba2cc,Ski,S301369,CID-461,CA-1386,2024-11-20,Completed,799.96,70.0,869.96,AmEx,USD,SampleGen
42b82062-035c-42b2-b20b-7342d4f3c122,Ski,S301370,CID-462,CA-1387,2023-01-10,Completed,2639.95,231.0,2870.95,VISA,USD,SampleGen
9c6d6982-965a-43b5-b5e0-c47816d87900,Ski,S301371,CID-463,CA-1388,2023-11-10,Completed,3099.95,271.24,3371.19,Discover,USD,SampleGen
7885fa25-a234-46d0-8032-a959942ca649,Ski,S301372,CID-463,CA-1388,2025-07-20,Completed,1429.95,125.12,1555.07,AmEx,USD,SampleGen
378f215a-5780-4153-b7a8-134b16c05314,Ski,S301373,CID-463,CA-1388,2024-11-06,Completed,119.99,10.5,130.49,MC,USD,SampleGen
ce889a7c-ef97-4bac-b0e0-4881f01c6bf1,Ski,S301374,CID-464,CA-1389,2022-04-05,Completed,599.98,52.5,652.48,VISA,USD,SampleGen
fc69ffc0-1c69-47e2-a09d-a1f7b63ea705,Ski,S301375,CID-464,CA-1389,2021-06-16,Shipped,509.96,44.62,554.58,VISA,USD,SampleGen
4ac626fa-2b37-4154-bd5e-f9073dee37c4,Ski,S301376,CID-465,CA-1390,2025-10-07,Completed,819.95,71.75,891.7,MC,USD,SampleGen
95c60585-74ee-4b32-9924-e5fbd1ec1307,Ski,S301377,CID-465,CA-1390,2025-06-02,Completed,2049.96,179.37,2229.33,Discover,USD,SampleGen
69c5859d-b5dd-4fe6-818a-b7e56aa2f373,Ski,S301378,CID-466,CA-1391,2022-12-19,Completed,1249.97,109.37,1359.34,VISA,USD,SampleGen
eec17fc5-cc28-443a-acb8-cb445804c255,Ski,S301379,CID-466,CA-1391,2025-06-24,Completed,1074.95,94.06,1169.01,MC,USD,SampleGen
43e91227-38d5-4ad1-a5b7-62125e09a4c1,Ski,S301380,CID-467,CA-1392,2022-05-10,Completed,79.99,7.0,86.99,AmEx,USD,SampleGen
3894af2d-c8ad-42d8-8be8-944fba9f71b3,Ski,S301381,CID-467,CA-1392,2022-10-24,Completed,2599.98,227.5,2827.48,MC,USD,SampleGen
bc0f1fa5-51a6-462f-8800-dd0785fc50c5,Ski,S301382,CID-467,CA-1392,2022-10-21,Completed,799.98,70.0,869.98,Discover,USD,SampleGen
4eed8314-10c7-4fd9-a225-03d1ba8dfc52,Ski,S301383,CID-467,CA-1392,2021-12-02,Completed,849.97,74.37,924.34,MC,USD,SampleGen
57e8f58f-1a08-4268-a2b0-1bfb820f9738,Ski,S301384,CID-468,CA-1393,2021-11-17,Completed,99.99,8.75,108.74,VISA,USD,SampleGen
6a2452e2-f175-4d7e-b428-791b958c146f,Ski,S301385,CID-468,CA-1393,2025-12-01,Completed,4259.95,372.75,4632.7,AmEx,USD,SampleGen
98e61c13-d470-4859-b982-a55d79b2edd4,Ski,S301386,CID-469,CA-1394,2022-10-06,Completed,2149.93,188.12,2338.05,AmEx,USD,SampleGen
9db92e18-fd51-4ea1-9cfb-c96b1110db36,Ski,S301387,CID-469,CA-1394,2024-08-16,Completed,1599.98,140.0,1739.98,VISA,USD,SampleGen
31b97640-7958-4fc7-981c-1437983e113f,Ski,S301388,CID-469,CA-1394,2025-03-31,Shipped,949.97,83.12,1033.09,AmEx,USD,SampleGen
78034996-810c-4ccc-8a48-6888d2993c94,Ski,S301389,CID-469,CA-1394,2024-12-27,Completed,1159.96,101.5,1261.46,AmEx,USD,SampleGen
93af7766-d099-45e8-9121-26d6987e35f4,Ski,S301390,CID-470,CA-1395,2025-06-03,Shipped,979.96,85.75,1065.71,Discover,USD,SampleGen
c4a4592a-b0bb-448b-8e49-6819c4b04a78,Ski,S301391,CID-471,CA-1396,2025-07-02,Completed,499.98,43.75,543.73,MC,USD,SampleGen
954cc57b-5e92-42a7-b1d5-ad7962660533,Ski,S301392,CID-472,CA-1397,2025-12-27,Completed,999.98,87.5,1087.48,MC,USD,SampleGen
4a3d186d-a325-4e61-b6a8-4a0c08e255f9,Ski,S301393,CID-472,CA-1397,2025-12-15,Completed,899.98,78.75,978.73,AmEx,USD,SampleGen
d589c8ad-6030-4a69-9f8e-5b874dc0342a,Ski,S301394,CID-473,CA-1398,2022-04-22,Completed,14.99,1.31,16.3,AmEx,USD,SampleGen
e5e69e92-6c2b-4640-b5f8-82b4fda0b97c,Ski,S301395,CID-473,CA-1398,2022-11-12,Completed,199.98,17.5,217.48,AmEx,USD,SampleGen
840b63ea-e5c9-490b-a996-66f7b2d1012d,Ski,S301396,CID-473,CA-1398,2023-04-05,Shipped,429.98,37.62,467.6,VISA,USD,SampleGen
27e48122-6b19-4ee2-8717-2937f44db0f6,Ski,S301397,CID-473,CA-1398,2024-07-09,Completed,214.97,18.81,233.78,PayPal,USD,SampleGen
fe497d08-1d0e-4fa9-a6ff-c2293c6f39ff,Ski,S301398,CID-474,CA-1399,2025-03-22,Completed,359.98,31.5,391.48,VISA,USD,SampleGen
0e4f04bc-e8d3-42f3-8db8-d1248036612d,Ski,S301399,CID-474,CA-1399,2022-01-17,Completed,1759.95,153.99,1913.94,AmEx,USD,SampleGen
fe705265-a47e-48bb-ab62-ce7334636a4c,Ski,S301400,CID-474,CA-1399,2022-04-19,Pending,79.99,7.0,86.99,MC,USD,SampleGen
6b0c1a35-4c57-4a3a-8f8d-623ead07f445,Ski,S301401,CID-474,CA-1399,2024-10-21,Completed,399.99,35.0,434.99,AmEx,USD,SampleGen
4baa4e79-95e1-4383-b40b-bdbb75e5bb93,Ski,S301402,CID-475,CA-1400,2021-07-14,Completed,549.95,48.12,598.07,Discover,USD,SampleGen
4bc9d7da-19b9-4161-9228-2713b5b4252f,Ski,S301403,CID-475,CA-1400,2025-03-17,Completed,699.97,61.25,761.22,MC,USD,SampleGen
7328354b-4774-48d2-8025-f75ce4e04f23,Ski,S301404,CID-476,CA-1401,2022-12-13,Shipped,2549.94,223.12,2773.06,MC,USD,SampleGen
d29590d6-3205-42c1-811d-d1acdfa0484e,Ski,S301405,CID-477,CA-1402,2021-05-05,Completed,1969.96,172.37,2142.33,AmEx,USD,SampleGen
77a7c44d-983f-4612-9e07-4fdc99196785,Ski,S301406,CID-477,CA-1402,2024-09-03,Cancelled,449.99,39.37,489.36,PayPal,USD,SampleGen
b0dfb3fe-111f-4d1e-97ac-06822f24f195,Ski,S301407,CID-477,CA-1402,2023-02-07,Completed,1179.94,103.25,1283.19,Discover,USD,SampleGen
390b9f00-d78d-4f35-83aa-65c0fef6e63c,Ski,S301408,CID-478,CA-1403,2025-06-08,Completed,529.98,46.37,576.35,PayPal,USD,SampleGen
770245e3-0e97-48f0-947b-620e1a518d6d,Ski,S301409,CID-478,CA-1403,2022-07-16,Completed,1599.98,140.0,1739.98,VISA,USD,SampleGen
0efa97b1-0e3b-4ab3-bea3-92b192cab62e,Ski,S301410,CID-478,CA-1403,2021-07-31,Completed,839.96,73.5,913.46,MC,USD,SampleGen
b042aef1-9308-49b5-a0d3-8abfa4ad5260,Ski,S301411,CID-479,CA-1404,2021-05-07,Completed,429.97,37.62,467.59,MC,USD,SampleGen
2f5f0e40-cf43-4fb4-8d2d-7703054810c4,Ski,S301412,CID-479,CA-1404,2025-10-10,Completed,899.99,78.75,978.74,MC,USD,SampleGen
80303853-09bc-4a47-b3f3-f9af788019e9,Ski,S301413,CID-480,CA-1405,2026-04-25,Completed,4259.94,372.75,4632.69,VISA,USD,SampleGen
20ea61c3-8a3c-49b5-8c9b-93ce11cf46e1,Ski,S301414,CID-481,CA-1406,2023-04-30,Completed,1299.94,113.75,1413.69,MC,USD,SampleGen
cc651ed1-64a9-4105-932e-b04303bb9019,Ski,S301415,CID-481,CA-1406,2025-05-12,Completed,1299.99,113.75,1413.74,Discover,USD,SampleGen
ff2f0c61-e3ad-4014-94ab-48165ee8e60c,Ski,S301416,CID-481,CA-1406,2021-08-23,Completed,649.99,56.87,706.86,Discover,USD,SampleGen
07ae31ec-a4a1-459b-ac9f-b054dc811c35,Ski,S301417,CID-482,CA-1407,2023-12-29,Completed,1444.95,126.43,1571.38,VISA,USD,SampleGen
54333bcf-cdc5-4da5-9d8a-4e2af2549bcd,Ski,S301418,CID-482,CA-1407,2024-12-23,Completed,849.98,74.37,924.35,Discover,USD,SampleGen
28c4f77b-f3d1-46c4-af67-9e87fc026bdb,Ski,S301419,CID-483,CA-1408,2021-06-20,Completed,189.99,16.62,206.61,MC,USD,SampleGen
9ff99b6c-e6df-49fd-9755-d45a5373d2d4,Ski,S301420,CID-484,CA-1409,2023-05-10,Shipped,2179.95,190.75,2370.7,MC,USD,SampleGen
f73357c3-bf8d-408c-a338-914b2ed03870,Ski,S301421,CID-484,CA-1409,2025-12-13,Completed,2879.95,251.99,3131.94,Discover,USD,SampleGen
c12ec096-85ef-444d-a919-ce60f67df091,Ski,S301422,CID-484,CA-1409,2022-03-28,Completed,1239.94,108.5,1348.44,VISA,USD,SampleGen
bd2d9e53-3ee0-4769-a9cb-355abfb32e73,Ski,S301423,CID-484,CA-1409,2023-11-21,Completed,79.99,7.0,86.99,MC,USD,SampleGen
e5aefc50-3c4d-4a18-9535-9d37317c25a0,Ski,S301424,CID-484,CA-1409,2024-10-28,Completed,274.97,24.06,299.03,AmEx,USD,SampleGen
3f66e953-7a32-4d8c-9df5-22087ea86dd2,Ski,S301425,CID-485,CA-1410,2023-03-01,Completed,2279.94,199.5,2479.44,AmEx,USD,SampleGen
c569a279-c635-4dab-821d-35981e52fadb,Ski,S301426,CID-485,CA-1410,2026-03-06,Shipped,189.99,16.62,206.61,VISA,USD,SampleGen
e422f08d-5fa6-4c65-8050-050cfebf0883,Ski,S301427,CID-486,CA-1411,2024-04-01,Completed,3469.94,303.62,3773.56,Discover,USD,SampleGen
64a117b4-b69a-4cc4-b509-e8b26b6b958b,Ski,S301428,CID-487,CA-1412,2025-10-21,Completed,159.98,14.0,173.98,VISA,USD,SampleGen
4929126c-1b3e-4b48-b323-14996f79814b,Ski,S301429,CID-487,CA-1412,2021-02-03,Completed,599.98,52.49,652.47,VISA,USD,SampleGen
a8b42cbb-770f-47cb-91b6-7d2cbaaf3115,Ski,S301430,CID-488,CA-1413,2024-09-21,Pending,799.98,70.0,869.98,Discover,USD,SampleGen
976279d7-6a44-4f47-acb0-ac94b0d5421a,Ski,S301431,CID-489,CA-1414,2025-01-28,Completed,2299.95,201.24,2501.19,Discover,USD,SampleGen
71802fd5-152f-4da1-89c3-f448fb16ba83,Ski,S301432,CID-490,CA-1415,2025-07-22,Completed,2699.95,236.25,2936.2,Discover,USD,SampleGen
9853cdc4-e399-4472-918b-dc2672658242,Ski,S301433,CID-490,CA-1415,2026-04-05,Completed,799.99,70.0,869.99,AmEx,USD,SampleGen
a66d52da-57ad-41bb-9c40-294cfa170c65,Ski,S301434,CID-490,CA-1415,2022-11-01,Completed,1239.95,108.5,1348.45,MC,USD,SampleGen
459b8d8c-ea09-44f2-b230-a0ed6f8060cc,Ski,S301435,CID-490,CA-1415,2025-01-26,Completed,3799.93,332.5,4132.43,Discover,USD,SampleGen
e004db46-1f2e-428d-be3d-f358ae3eb79f,Ski,S301436,CID-490,CA-1415,2021-01-26,Completed,5979.93,523.25,6503.18,Discover,USD,SampleGen
f77130d6-5230-4d9c-9b58-202d511f174f,Ski,S301437,CID-490,CA-1415,2021-08-01,Cancelled,2549.95,223.12,2773.07,VISA,USD,SampleGen
5fdd2e14-7b58-4388-8e77-0d7ba3e880ce,Ski,S301438,CID-490,CA-1415,2025-11-09,Completed,2549.95,223.12,2773.07,AmEx,USD,SampleGen
8c923167-650d-4c61-8332-fb76f99c860a,Ski,S301439,CID-490,CA-1415,2022-06-22,Completed,889.95,77.87,967.82,AmEx,USD,SampleGen
fd6088af-3ac5-4536-89ae-acc3b1c33a71,Ski,S301440,CID-490,CA-1415,2025-04-07,Pending,1299.95,113.75,1413.7,VISA,USD,SampleGen
82a80011-f461-46a0-b96b-b093a32404bb,Ski,S301441,CID-491,CA-1416,2025-12-28,Shipped,2249.97,196.87,2446.84,AmEx,USD,SampleGen
201f3976-c0c2-4034-a1b8-26077a33f869,Ski,S301442,CID-491,CA-1416,2022-01-01,Completed,579.99,50.75,630.74,AmEx,USD,SampleGen
7f733abb-d24f-4a62-a897-3a8cae6f6a3a,Ski,S301443,CID-492,CA-1417,2023-03-11,Pending,1239.96,108.49,1348.45,MC,USD,SampleGen
cff21ba9-f15f-4f47-9ffe-3da1b5de226c,Ski,S301444,CID-492,CA-1417,2023-08-25,Completed,359.98,31.5,391.48,VISA,USD,SampleGen
cdead0d1-7998-44f8-86ac-f6d013bd3785,Ski,S301445,CID-493,CA-1418,2021-01-11,Completed,2249.94,196.87,2446.81,AmEx,USD,SampleGen
fd59e9fb-fafc-48df-98a9-8458e62b0f7b,Ski,S301446,CID-493,CA-1418,2023-02-07,Completed,3659.93,320.25,3980.18,PayPal,USD,SampleGen
4b2f3246-045e-4a80-87c5-786eeded2634,Ski,S301447,CID-494,CA-1419,2023-05-31,Completed,179.99,15.75,195.74,VISA,USD,SampleGen
bc9fe4c7-4b83-4c06-b93a-54db7b86654a,Ski,S301448,CID-494,CA-1419,2021-06-10,Pending,709.94,62.12,772.06,Discover,USD,SampleGen
5bcaef5b-c893-48ef-b3bc-aa5be5fffce0,Ski,S301449,CID-494,CA-1419,2022-11-04,Completed,2499.96,218.75,2718.71,PayPal,USD,SampleGen
17e8746b-ca91-4573-9427-2a01385f58fb,Ski,S301450,CID-494,CA-1419,2025-09-28,Completed,3299.95,288.75,3588.7,VISA,USD,SampleGen
0a6f447b-ab2d-40d3-a7af-c6e9197dacf0,Ski,S301451,CID-495,CA-1420,2023-03-29,Completed,679.97,59.5,739.47,VISA,USD,SampleGen
26c271c7-452b-417c-a83f-c4c5fca71cba,Ski,S301452,CID-495,CA-1420,2024-03-12,Completed,1169.95,102.37,1272.32,MC,USD,SampleGen
540488d7-8ae4-47d8-98a8-be237ac0520a,Ski,S301453,CID-495,CA-1420,2024-05-12,Completed,2839.94,248.5,3088.44,AmEx,USD,SampleGen
5675cd24-9e65-42cc-bff1-d01df9a7d879,Ski,S301454,CID-496,CA-1421,2025-10-08,Completed,359.98,31.5,391.48,AmEx,USD,SampleGen
858297ee-a43d-43e1-b85e-e70eec4a0b5a,Ski,S301455,CID-496,CA-1421,2022-12-19,Completed,2014.94,176.31,2191.25,Discover,USD,SampleGen
3e75e77d-fa7a-4ea9-839b-d4d0296fcfdd,Ski,S301456,CID-497,CA-1422,2025-12-12,Completed,1829.95,160.12,1990.07,AmEx,USD,SampleGen
94e935fa-e00a-46e7-a166-446e49174a52,Ski,S301457,CID-497,CA-1422,2023-03-17,Completed,239.98,21.0,260.98,VISA,USD,SampleGen
e57bf8e8-f261-4796-83ab-ece768fc4465,Ski,S301458,CID-497,CA-1422,2023-04-26,Completed,119.99,10.5,130.49,Discover,USD,SampleGen
5a1ca29d-46de-46ea-9fde-288d9a9cbaa2,Ski,S301459,CID-497,CA-1422,2021-03-08,Completed,1549.95,135.62,1685.57,AmEx,USD,SampleGen
41420240-9ce5-4f6c-a1c0-fa2785485758,Ski,S301460,CID-498,CA-1423,2025-01-17,Completed,2829.95,247.62,3077.57,MC,USD,SampleGen
ded8004a-9374-435d-b314-1f7ec8245a07,Ski,S301461,CID-499,CA-1424,2021-10-09,Completed,799.97,70.0,869.97,VISA,USD,SampleGen
259ed58d-2bad-4d83-afdb-8d253c9988a7,Ski,S301462,CID-500,CA-1425,2021-06-23,Shipped,899.96,78.75,978.71,PayPal,USD,SampleGen
9a14a652-33ef-480b-966e-78f3c7e8e0d3,Ski,S301463,CID-501,CA-1426,2023-05-17,Completed,1279.94,112.0,1391.94,VISA,USD,SampleGen
7f2f852c-1c4f-4d0f-a6d1-24dd7efdd244,Ski,S301464,CID-502,CA-1427,2022-02-13,Pending,2509.94,219.62,2729.56,MC,USD,SampleGen
cfd94b29-7da9-4ffc-b3f8-00dbf00411ae,Ski,S301465,CID-502,CA-1427,2021-03-07,Completed,1089.95,95.37,1185.32,AmEx,USD,SampleGen
e7470949-5823-41cc-b090-73c9f1f124a9,Ski,S301466,CID-503,CA-1428,2022-01-31,Shipped,3849.95,336.87,4186.82,VISA,USD,SampleGen
5840d8d3-c77c-4f28-9511-2c1e905ab6fc,Ski,S301467,CID-503,CA-1428,2024-11-16,Completed,159.98,14.0,173.98,AmEx,USD,SampleGen
1b9af141-81e4-4287-b494-2803df126618,Ski,S301468,CID-503,CA-1428,2026-03-30,Completed,649.99,56.87,706.86,AmEx,USD,SampleGen
1ffaa0ac-7e97-45fb-8b68-d56e1b97b93a,Ski,S301469,CID-503,CA-1428,2021-04-10,Cancelled,539.97,47.25,587.22,MC,USD,SampleGen
ad52b6a1-73fd-42c4-a9ac-1db9f42a9c49,Ski,S301470,CID-503,CA-1428,2021-08-04,Completed,189.96,16.62,206.58,MC,USD,SampleGen
95c21c7b-85e7-42d3-ad94-3eb70dc0d949,Ski,S301471,CID-503,CA-1428,2023-05-25,Shipped,549.97,48.12,598.09,MC,USD,SampleGen
f78867ab-41fe-4ab8-8020-a07ed5b10d5c,Ski,S301472,CID-504,CA-1429,2021-01-11,Completed,2309.96,202.12,2512.08,AmEx,USD,SampleGen
6155dd75-b050-4164-a65b-8e6e6d812739,Ski,S301473,CID-504,CA-1429,2024-04-03,Completed,1479.96,129.5,1609.46,Discover,USD,SampleGen
678cea26-4c75-45f6-9150-3e2d0b7a0364,Ski,S301474,CID-505,CA-1430,2024-07-10,Completed,1859.94,162.75,2022.69,Discover,USD,SampleGen
9b828299-32f9-400b-9b5e-23d8ec33aa4d,Ski,S301475,CID-505,CA-1430,2022-09-10,Shipped,149.99,13.12,163.11,MC,USD,SampleGen
fd7e54db-7093-42ba-9515-83b16460ad60,Ski,S301476,CID-505,CA-1430,2021-10-22,Completed,1799.94,157.5,1957.44,AmEx,USD,SampleGen
797dde17-5cda-400e-b279-6820e8b43962,Ski,S301477,CID-505,CA-1430,2022-01-05,Completed,1499.96,131.25,1631.21,AmEx,USD,SampleGen
db54a682-2998-400e-84b3-a7bd06e31faa,Ski,S301478,CID-506,CA-1431,2024-01-12,Pending,3149.94,275.62,3425.56,Discover,USD,SampleGen
9d17fc12-c8b2-4136-a98d-39f590ce10bf,Ski,S301479,CID-506,CA-1431,2024-03-29,Shipped,2219.95,194.25,2414.2,VISA,USD,SampleGen
353627da-cfc4-4081-b313-af801ed9a9e0,Ski,S301480,CID-506,CA-1431,2024-07-31,Completed,249.99,21.87,271.86,VISA,USD,SampleGen
a09f6a1f-f95a-4981-a836-860d826f9177,Ski,S301481,CID-507,CA-1432,2024-11-03,Completed,1159.98,101.5,1261.48,Discover,USD,SampleGen
22c2d493-d7a1-4ee4-9903-fb3ffe082974,Ski,S301482,CID-508,CA-1433,2025-11-20,Shipped,1869.95,163.62,2033.57,AmEx,USD,SampleGen
c5f7dd2c-2789-4f0b-a3c8-6479b8a1810f,Ski,S301483,CID-508,CA-1433,2024-06-10,Completed,2339.93,204.75,2544.68,VISA,USD,SampleGen
82b42662-4a13-4476-894f-d0c7396998b4,Ski,S301484,CID-508,CA-1433,2026-01-04,Completed,5249.94,459.37,5709.31,MC,USD,SampleGen
1b1fc01c-fb9e-4da6-9727-ec8b19287ea7,Ski,S301485,CID-508,CA-1433,2021-06-22,Completed,1099.96,96.25,1196.21,VISA,USD,SampleGen
cca93de5-064e-4552-851b-80fb2da56a5b,Ski,S301486,CID-508,CA-1433,2024-12-09,Pending,689.94,60.37,750.31,AmEx,USD,SampleGen
8e94d027-c544-4719-9cdf-b8808228f332,Ski,S301487,CID-508,CA-1433,2023-05-27,Completed,759.95,66.5,826.45,AmEx,USD,SampleGen
c139ae83-1d48-461a-a45b-38b48485f9ad,Ski,S301488,CID-508,CA-1433,2025-08-18,Completed,2359.93,206.5,2566.43,AmEx,USD,SampleGen
6fd2453c-9c46-4364-b9f6-3d3cfa36f4d0,Ski,S301489,CID-508,CA-1433,2025-11-16,Completed,929.97,81.37,1011.34,VISA,USD,SampleGen
39ffef06-2469-4aa7-96ec-519c2ed6ca39,Ski,S301490,CID-509,CA-1434,2025-05-25,Pending,1619.94,141.75,1761.69,Discover,USD,SampleGen
6cbbc476-3b66-4ffb-91ba-d27f21ad5601,Ski,S301491,CID-509,CA-1434,2021-11-27,Completed,449.97,39.37,489.34,MC,USD,SampleGen
bd70e963-7052-4908-bea3-135be8fa7639,Ski,S301492,CID-510,CA-1435,2023-04-14,Pending,2369.95,207.37,2577.32,MC,USD,SampleGen
6c3dd8b9-1b41-4524-a091-3885188aa58c,Ski,S301493,CID-510,CA-1435,2024-11-05,Completed,1519.95,133.0,1652.95,VISA,USD,SampleGen
99018b32-af31-4df9-af32-ab23a65eb79e,Ski,S301494,CID-510,CA-1435,2024-06-14,Pending,2099.95,183.75,2283.7,AmEx,USD,SampleGen
f587ba2f-f906-4330-8c36-265400fbe71a,Ski,S301495,CID-510,CA-1435,2023-08-30,Shipped,1239.96,108.5,1348.46,MC,USD,SampleGen
1b784b63-72da-4b15-81c3-219d00a29204,Ski,S301496,CID-510,CA-1435,2022-09-15,Completed,499.98,43.75,543.73,VISA,USD,SampleGen
59bf5268-d847-4f9c-99e1-6199f7669bec,Ski,S301497,CID-510,CA-1435,2022-12-02,Cancelled,2429.94,212.61,2642.55,VISA,USD,SampleGen
785353d1-1098-44ef-8422-bfd1ebe81e7e,Ski,S301498,CID-511,CA-1436,2024-02-08,Completed,2599.98,227.5,2827.48,Discover,USD,SampleGen
930ad219-73be-482f-88e2-a79fcd21a453,Ski,S301499,CID-511,CA-1436,2022-07-05,Completed,2089.96,182.87,2272.83,Discover,USD,SampleGen
fdfc3f72-577c-48a4-b05e-207a8ea98a1e,Ski,S301500,CID-511,CA-1436,2021-11-12,Completed,2859.95,250.25,3110.2,VISA,USD,SampleGen
10c6987b-09df-4cbc-982c-ad56b62d20ed,Ski,S301501,CID-512,CA-1437,2025-08-08,Completed,159.98,14.0,173.98,AmEx,USD,SampleGen
b8161c25-150f-40a3-ab45-1226c2a8525c,Ski,S301502,CID-512,CA-1437,2021-05-22,Completed,579.99,50.75,630.74,VISA,USD,SampleGen
240fd4b0-cc7e-4e12-8294-e8e4791bebb4,Ski,S301503,CID-512,CA-1437,2025-11-20,Completed,399.99,35.0,434.99,MC,USD,SampleGen
e3db767d-29e3-4071-87b5-7d47830fe578,Ski,S301504,CID-512,CA-1437,2024-05-09,Completed,1219.94,106.75,1326.69,AmEx,USD,SampleGen
262f3fb6-2984-4c29-b68a-e04d4520b104,Ski,S301505,CID-512,CA-1437,2022-05-14,Pending,539.96,47.25,587.21,AmEx,USD,SampleGen
846d1115-96fa-4f51-a988-058fcab34f56,Ski,S301506,CID-512,CA-1437,2025-04-30,Completed,249.99,21.87,271.86,PayPal,USD,SampleGen
7ec7fdcc-99f1-4b47-a414-fb0e469be35c,Ski,S301507,CID-513,CA-1438,2024-09-22,Completed,249.99,21.87,271.86,MC,USD,SampleGen
49d15fe3-3049-4269-b813-82f21f07d619,Ski,S301508,CID-513,CA-1438,2022-02-26,Completed,5009.93,438.37,5448.3,AmEx,USD,SampleGen
