PaymentId,InvoiceId,CustomerId,PaymentDate,PaymentAmount,PaymentMethod,PaymentStatus,CreatedBy
96bb98df-9d20-4bbd-b72c-277696d2f68e,597e1609-7d59-4a5d-9f84-8b0ca4c749c4,CID-001,2026-03-02,1163.57,MC,Completed,SampleGen
0b99e4e0-e4fe-4b97-a608-964b6006c596,9b6d2ab2-0633-434b-977c-c7c7b86a8744,CID-001,2026-03-03,1908.45,MC,Completed,SampleGen
222924ab-b577-49cb-b64c-237f4488112e,64a6f259-9634-4947-b655-a652270b47de,CID-001,2026-03-04,1413.68,MC,Completed,SampleGen
1eff0a40-e869-44bf-a094-b1dbedb35866,24913620-3352-4aec-834d-59aa17b1253b,CID-002,2026-03-04,848.22,Discover,Completed,SampleGen
55740ce8-61e0-4873-9640-aaa4da704e26,f1182782-3e92-4cc2-94d9-883e47be86a7,CID-002,2026-03-05,1239.7,PayPal,Completed,SampleGen
150364ce-c283-4c3c-bd89-23fb94347685,006fb366-4004-4a76-82ac-65d6906ed02f,CID-003,2026-03-02,685.09,PayPal,Completed,SampleGen
2f163e6c-9f34-46bd-bddc-37c9f9b154c4,0f3a2a0c-ae9c-4d3a-826a-a13273d0633f,CID-003,2026-03-03,3131.9,Discover,Completed,SampleGen
9dd0f334-f183-468f-a938-de5628374d74,070b2e5a-ac2f-4d24-94b6-ef31410e89f5,CID-003,2026-03-04,924.3,Discover,Completed,SampleGen
ff036613-9160-4e82-8e0c-e60a12a72675,45386cf8-b5b9-4dc4-ac97-050d0a938b4f,CID-003,2026-03-04,81.55,VISA,Completed,SampleGen
0ab467b9-dfac-41f4-b1ab-113aba361da4,6928cfd5-61e1-4d5b-956d-82dc92bb20ef,CID-004,2026-03-05,1272.33,VISA,Completed,SampleGen
16088ebf-9e4c-44cb-8ec1-f513bdc17749,42b2af28-1935-4718-b6d1-5442f7caad08,CID-005,2026-03-03,1696.43,VISA,Completed,SampleGen
31abbfe4-6789-4ef8-a8de-79085dcadf47,550782b6-8735-4c96-a9fc-e1167b632ec2,CID-005,2026-03-05,1446.31,MC,Completed,SampleGen
df21088f-9e0e-4542-bcdf-c7aa3a18099b,ee13b4d4-46cb-4b18-b8ee-91d57483d7b3,CID-005,2026-03-05,782.93,VISA,Completed,SampleGen
b5ed4bbc-f3cb-4e36-9840-5bd60773590a,260027da-ff2a-4925-b8a1-cdee8d3da1ce,CID-006,2026-03-02,1718.17,AmEx,Completed,SampleGen
78dfc32d-d62c-4352-b725-457de512de9b,39606e80-8b0f-4fc4-b271-3b0828d74c76,CID-006,2026-03-03,206.61,VISA,Completed,SampleGen
a6e3eb23-1f6b-4917-ac8c-12da7758bcf0,97e1b07e-6d4d-4dda-bc9d-7acce6af67b3,CID-006,2026-03-04,652.44,MC,Completed,SampleGen
262d02f3-c673-475c-b881-382fe6392fbe,7f08f1eb-ed37-482b-bbfb-b1e17e1801c9,CID-006,2026-03-04,1370.15,AmEx,Completed,SampleGen
b7299c37-ddc6-4e61-8257-918a894a7f4d,dba52ac6-8ee7-42fd-95ce-34e72b9503c2,CID-006,2026-03-04,1696.43,AmEx,Completed,SampleGen
1fa165d5-ca58-4266-a04b-082a8bdd30bd,6940e666-f555-4c48-b0f3-e072d923a89d,CID-006,2026-03-05,782.95,VISA,Completed,SampleGen
78c642e1-399a-4174-809c-d7076e583b62,43d73eb2-7d5e-4996-b680-6f6d1a6b7a97,CID-006,2026-03-05,859.05,VISA,Completed,SampleGen
4b6873ac-14da-4eee-a272-84fe42781057,9167f94e-35f6-4692-b647-a9a5fd9ccefb,CID-006,2026-03-05,1250.54,Discover,Completed,SampleGen
ba7ff8c6-0242-4d38-becc-0d944d05a053,cdabfde6-78fb-42bf-8377-d1a73830b9ed,CID-007,2026-03-05,1750.82,MC,Completed,SampleGen
9dd7b3ab-a666-4f27-b981-fe651a788ef3,48e60477-033e-47c6-8b06-7dee1d1ad9b4,CID-008,2026-03-03,646.99,VISA,Completed,SampleGen
9f250b01-5223-4345-a684-646308b50170,bf6b2158-af54-43d9-87d8-0c5d18bf53d9,CID-008,2026-03-04,1239.7,AmEx,Completed,SampleGen
a03b5060-1bbc-4c56-8f2e-60f70b23cc03,253fb240-5d07-4192-9255-e10f9b228a4d,CID-008,2026-03-05,880.81,MC,Completed,SampleGen
a9eaf941-75a3-49bc-840b-778531586872,472c12c4-8f5e-4ebc-988b-dec366819a58,CID-008,2026-03-05,1381.02,PayPal,Completed,SampleGen
c35cec86-d0de-44e7-96b6-b56e51e31b8d,6ddd1967-9bab-4117-9991-1ddd257030f6,CID-009,2026-03-03,1174.41,VISA,Completed,SampleGen
b95d52cb-8ad5-4b16-a92c-946c481ecae5,b8a74eff-330c-48b4-8067-abec12cfe539,CID-009,2026-03-05,1979.15,VISA,Completed,SampleGen
af3a7b8c-2429-4c79-bcd1-20d6a20bad1a,b5568550-1b57-46af-9149-3ff0bfa36078,CID-010,2026-03-02,195.73,VISA,Completed,SampleGen
5a28f934-278d-4c31-bc9d-249fd3680726,19d2aae1-5400-4d03-a16d-cf67eb9a4f81,CID-010,2026-03-03,1685.55,MC,Completed,SampleGen
f8ee8ed9-c432-4c6d-ba24-d496dd58c23c,540e4c34-dcdd-4291-8aad-241bdde23616,CID-010,2026-03-04,326.23,PayPal,Completed,SampleGen
622030b3-0db6-440d-8957-3730ae2d5d41,6fa4e6e5-8e1d-44ba-a3d1-5842e61b87d7,CID-010,2026-03-05,1141.81,AmEx,Completed,SampleGen
7bf85c59-f42c-4b5d-882a-4e9b95846ecf,0617284a-3ed3-4f41-bc16-54e28f4e64a1,CID-010,2026-03-05,1930.21,AmEx,Completed,SampleGen
f91e0002-af1d-49d6-beb7-e28e376ae802,5f59edff-f1d3-4da3-8863-793a69e9e07f,CID-011,2026-03-02,2098.79,Discover,Completed,SampleGen
e88d3db8-8694-4e93-92f7-8f4171210336,a48226d6-f8cf-44c1-8ed0-89003b771ded,CID-011,2026-03-02,391.48,MC,Completed,SampleGen
7e90aa64-aded-4c97-a96c-bf1bc191e238,82570e55-543a-4e02-8863-d58f710941dd,CID-011,2026-03-03,685.08,MC,Completed,SampleGen
06ce3a5e-fe5e-4f94-bbb3-8adde8e1b4f7,416e3fd5-0e8c-44e5-9ac1-87879219096c,CID-011,2026-03-03,391.47,VISA,Completed,SampleGen
6daa05e8-a196-4ddc-8d5a-d07fe2e507d6,296d97a5-bf0b-4f87-a110-407d58a4a53b,CID-012,2026-03-02,413.23,VISA,Completed,SampleGen
73b28aa1-fa11-461c-ba7d-2dd4344ae864,1c802943-035c-40a5-b588-abe32a72711f,CID-012,2026-03-02,1468.09,Discover,Completed,SampleGen
342a9aaf-1489-4d92-8708-6fab385e9a27,0705671f-f39d-4641-b166-5f1d3381626c,CID-013,2026-03-03,1424.57,MC,Completed,SampleGen
9dba4413-360f-41d1-95d2-c7e10a09d923,797fc951-d2a1-48b7-ab6b-917a89e57fcc,CID-013,2026-03-05,2381.53,VISA,Completed,SampleGen
85d85303-fa5c-4a9b-b59c-e21311fb8c63,c6c107d5-897a-45af-8574-e814b85019cb,CID-013,2026-03-05,630.7,VISA,Completed,SampleGen
efcb59a9-4219-446d-94d1-ad74b76169a0,d9e7efe6-574f-4f8d-9121-e06d1c13bc39,CID-014,2026-03-02,2272.75,VISA,Completed,SampleGen
7b5473ae-0dbf-418a-a18d-86b9602793ae,13955bc4-6019-479d-8a28-5a608c9f47f5,CID-014,2026-03-04,848.2,PayPal,Completed,SampleGen
92ccc937-a6f6-4684-8f1f-846f7bbbee3b,4f892367-4cb7-4a15-8c43-6d173a00bb8c,CID-015,2026-03-02,2338.04,VISA,Completed,SampleGen
d9bf8f95-015a-442d-bbb1-9fdba36af998,0fa6c87a-a002-4d67-85be-4dff8f08e231,CID-016,2026-03-02,859.09,MC,Completed,SampleGen
046efe05-2061-424e-a116-081683e4ae1f,817c45a2-f97e-4ea7-8d9f-eb789eaed764,CID-017,2026-03-03,195.73,VISA,Completed,SampleGen
f700fdcd-e51b-43dd-8ced-70353634465e,a169776d-8754-4a80-9af1-cb263faaecde,CID-017,2026-03-03,1207.06,MC,Completed,SampleGen
c5efe213-5d09-41c3-bab9-d9ad45085743,696b32c1-8b8b-4e51-988f-f69f6ad5b04f,CID-017,2026-03-05,429.52,VISA,Completed,SampleGen
bf17a047-29ea-4260-997c-28c8506e0f73,9137aafd-85de-4e18-9581-9695efd7448a,CID-018,2026-03-02,995.0,VISA,Completed,SampleGen
36a24011-362b-4e68-b3de-b316a1dbfa17,8b99bccf-cfe1-4fc2-b915-3eec7b79b3a8,CID-018,2026-03-04,500.22,PayPal,Completed,SampleGen
54709d0c-2b00-4a51-aa13-4de5893f8673,27ecb1a5-4e57-48cc-82e4-004fc6be3982,CID-019,2026-03-02,1761.68,VISA,Completed,SampleGen
603409a0-e203-4771-98b7-d773a26d2c9e,4add38ea-2007-4431-8508-7e3d166649b0,CID-019,2026-03-03,1739.93,MC,Completed,SampleGen
2f3c0a99-8713-40d3-9a24-2a29380d4477,20d98557-e157-4431-a529-9e7d6939b39b,CID-019,2026-03-03,2055.26,PayPal,Completed,SampleGen
d31e59c7-d777-4194-96c6-fea8688c40e3,04f50714-b858-41a1-837a-ab94250c6eb8,CID-019,2026-03-04,2153.18,MC,Completed,SampleGen
d76e8f5c-9f9b-4915-b1c0-656d37d7c31d,0083d0f2-9640-427f-9796-69ff24569037,CID-019,2026-03-04,326.22,VISA,Completed,SampleGen
bc3467f0-adb1-42b7-90fd-e1f0e66c13d0,59f07bef-b1d5-422c-8050-cb21bcb63f35,CID-019,2026-03-04,2305.41,AmEx,Completed,SampleGen
349df05a-c17a-4d38-8f35-a45379b9f04a,24dbd623-c04c-4e84-9715-698c72dcc8b0,CID-019,2026-03-04,2686.04,AmEx,Completed,SampleGen
ddf8cde8-75c4-4373-a27f-66295782ecef,aa538c60-1415-4d97-9db8-9af18126e3db,CID-019,2026-03-04,1555.07,MC,Completed,SampleGen
77b46e85-f42a-4da7-b83c-4d4b6cdde933,40121403-3acc-4ab1-b208-fb6e63a4b2e8,CID-020,2026-03-02,804.7,AmEx,Completed,SampleGen
d761656f-af6c-4aa1-b714-97e83f08a12a,10e36c0b-d2d6-4a8c-8a58-5997b6a6d9c0,CID-020,2026-03-02,663.32,VISA,Completed,SampleGen
0c94868c-bc85-460e-8117-861ab598ab4a,b5616328-7fea-462c-999f-4eb304dc81b4,CID-020,2026-03-03,424.09,VISA,Completed,SampleGen
20c7c70a-a6f9-45c5-ada4-bf55006b212e,7b806552-2395-4c19-8e71-cc87394c185a,CID-020,2026-03-03,663.33,MC,Completed,SampleGen
0aa3a835-bf0c-40da-8b00-8bfc0cb14bf4,cd90c0a9-45c7-4f5b-86ad-3cb717c96b2e,CID-021,2026-03-03,1402.78,MC,Completed,SampleGen
f18ceeb8-4151-499b-8677-82f91bfbbc18,31f10fe3-6691-4147-a254-4de69d83c6ec,CID-021,2026-03-03,989.57,AmEx,Completed,SampleGen
97c6d685-9f60-440f-a9e2-c177763da96a,344165ce-3202-40d8-b28a-4367f9f5c48a,CID-021,2026-03-05,1130.95,Discover,Completed,SampleGen
6dd27c2b-68fe-4987-8bf4-79ec6641161c,882b21a0-e94d-404f-923c-6f869685b405,CID-021,2026-03-05,2185.76,VISA,Completed,SampleGen
8d034855-ac97-4c3c-999b-6b8e6a907326,0bf9f2f0-ad6b-4a56-90e5-b9b02bcb91d8,CID-022,2026-03-02,641.56,MC,Completed,SampleGen
086d8bed-a5b1-471b-bfe5-62431e5cb3df,e0efbdbc-2c7a-4e6c-b95e-017d3462002f,CID-022,2026-03-03,326.23,Discover,Completed,SampleGen
dcfdcf3a-f76c-40b0-be67-a6fef9396695,3932f4e2-36c0-43f7-91ea-41b2606dec54,CID-022,2026-03-03,369.71,VISA,Completed,SampleGen
4346590b-4f9f-4379-b6b8-100e6de93127,24a86a24-6883-4722-8f2e-501f5f2c6b34,CID-022,2026-03-05,935.19,VISA,Completed,SampleGen
c1722460-6c20-4af9-8c4f-56f086592b71,60669155-e90c-43c5-b366-8e5ae893fecb,CID-023,2026-03-03,206.61,AmEx,Completed,SampleGen
7db5d2b5-53e9-418d-af28-0aa37e8127d7,cc63da16-b188-4805-b57a-22a0a2fab59a,CID-023,2026-03-03,369.73,VISA,Completed,SampleGen
9dc1167e-b3d5-4155-8622-d559ee0e7e4f,b7d5c81a-5e08-4a57-a60f-f72bf571391d,CID-023,2026-03-05,598.06,VISA,Completed,SampleGen
3f2035cb-cd59-4f65-9f09-94dd283f3b30,cebdd6a0-c0f7-4fd4-8494-57178444bce3,CID-024,2026-03-02,1120.02,Discover,Completed,SampleGen
8fa1a03c-44a5-4756-bb78-32a456c3fb56,de067afc-9f9d-4360-a1ff-32706c5d0124,CID-024,2026-03-03,1435.42,VISA,Completed,SampleGen
a7e84c58-9487-407d-8df0-6385f34ceeb5,f6f2daba-225e-4c9d-91cd-591b25db19c4,CID-024,2026-03-05,1413.67,VISA,Completed,SampleGen
b41342bd-eda1-4a8f-a53d-86a0da379092,119a83df-faed-472d-a8ae-7791e27e11ec,CID-025,2026-03-04,103.3,AmEx,Completed,SampleGen
bf4d040c-bb7c-4b24-a903-397ecd77a82c,15ddf3d5-c40f-4ea1-9718-9c0725012dde,CID-026,2026-03-02,1043.96,MC,Completed,SampleGen
bb3a9c5c-ad83-4514-9fbc-3f99d0d86df2,72733980-0227-4a3b-a21c-e6316b5959ed,CID-026,2026-03-04,978.68,Discover,Completed,SampleGen
0a2d2294-4b03-43eb-b388-cd8d757a16dd,387ec10d-60b8-4294-a2ca-b7758aada864,CID-027,2026-03-02,956.93,AmEx,Completed,SampleGen
7965ba99-e319-4acb-81a9-39d582ca8789,7d7c848f-5194-4a82-bb9e-19cbd17f319c,CID-028,2026-03-02,2435.91,VISA,Completed,SampleGen
36d8712c-1b0f-4064-99e3-3706e8e0adfe,cc36b416-681b-4ce7-91eb-5ffd3b05ddba,CID-028,2026-03-02,2240.16,MC,Completed,SampleGen
34841463-6488-47ba-b74e-676a61101ee1,f3cc918c-b32f-420f-98a8-2643a60c2c92,CID-028,2026-03-03,358.84,AmEx,Completed,SampleGen
9f254286-1a3c-47e9-bbfa-fd3b877b6dbb,db48eeb0-f0e2-4885-bdb6-5c4be53ca747,CID-029,2026-03-02,1250.56,AmEx,Completed,SampleGen
1c44fe21-74a4-4d3b-8231-89d4b94c8cd1,862494d4-82be-4c90-9bb2-e326a406bb00,CID-029,2026-03-03,1837.8,MC,Completed,SampleGen
64968a2e-4f5d-470c-9f1d-ef632d880f44,eb29d44d-ab7e-4659-b600-3c92751df8c2,CID-030,2026-03-05,994.99,PayPal,Completed,SampleGen
9752cc09-e86f-4919-bdf2-a819a0e61822,cd72415b-91a8-4d59-b9b9-a0ed0c226dfa,CID-030,2026-03-05,1402.82,VISA,Completed,SampleGen
da8f6a83-34a3-497d-af46-8ecbf138132c,b118ab8e-123d-42f7-85e7-2ac07da5e46c,CID-031,2026-03-02,2675.16,VISA,Completed,SampleGen
fe479be7-b949-4b25-b545-ad2b4cb6d530,a83512e9-e8fe-4da5-95ca-1822ccdf612a,CID-031,2026-03-02,1370.16,MC,Completed,SampleGen
807fba50-8a9f-44ac-a48b-d8f3be2d5208,8ebe1f86-2cd6-4022-854d-cc0f00869824,CID-032,2026-03-02,1576.76,Discover,Completed,SampleGen
ed1f73e6-68c9-4995-bf4b-2a1ad9843977,93806d75-d934-46f0-a3ef-f499b506a093,CID-032,2026-03-03,358.86,AmEx,Completed,SampleGen
f9a77ad4-4c63-44ee-8324-e682eb06a5d1,7491b5b6-2aed-4957-81d0-b47bf1534448,CID-032,2026-03-04,1761.68,Discover,Completed,SampleGen
e51b37ad-e101-4db5-b7cc-d8a3c04d49db,0518c9da-ad46-475d-be5c-29c491cae439,CID-032,2026-03-05,1076.59,MC,Completed,SampleGen
f9f7eb56-a0f9-4baf-b7e0-7e83529bc701,7e8b48ba-670e-4bcd-9c21-324c996dc94a,CID-033,2026-03-02,1381.05,Discover,Completed,SampleGen
af9cf8f4-e18f-4e6d-b996-d6be7fd55486,7af1bc81-11a9-48be-9f61-08d7a6c7047f,CID-033,2026-03-05,685.08,MC,Completed,SampleGen
37c6b9b4-8327-4f92-9a4a-406dc0d64400,46217e27-46c6-4338-a84e-28cace122a5c,CID-034,2026-03-04,2838.3,VISA,Completed,SampleGen
6a2ca143-87e9-456d-b175-558cba24fee6,35b3da0d-3b59-418b-8778-b0272dd622db,CID-035,2026-03-03,619.84,PayPal,Completed,SampleGen
2dae27bb-1634-40b7-9699-56f689b08fa6,17fbd987-7cc9-41df-bf02-328291e866f4,CID-035,2026-03-04,206.61,MC,Completed,SampleGen
c31e41d1-e700-484e-a8ca-9b969d6cff81,756b0c9b-449c-4ceb-9690-ec4075c397e7,CID-036,2026-03-02,206.61,AmEx,Completed,SampleGen
0bda5d44-728c-493d-bdf1-933bbda3e080,91ee5102-2dc4-4c76-9f41-a83d28ffe595,CID-036,2026-03-02,163.1,MC,Completed,SampleGen
09a5c40d-2445-4bf0-9d63-b876a5e6460e,55afc86a-680e-497b-baf7-e1c7abecc6a4,CID-037,2026-03-02,1609.45,VISA,Completed,SampleGen
22df575d-e28c-4d73-af25-229df4ccd931,d4f1853a-3cbb-479c-b7ef-cac17e5c571b,CID-037,2026-03-02,2599.02,MC,Completed,SampleGen
de3e9fc5-01b5-4cd1-a790-7b7799d31dbe,11da0ced-174a-42ae-a103-6ccc77a0c04f,CID-038,2026-03-05,293.59,VISA,Completed,SampleGen
6003e97c-0db9-425a-a15f-026dbe9a7c33,3fb3be21-04cc-4bf1-8b71-a0144bfb501e,CID-038,2026-03-05,293.59,AmEx,Completed,SampleGen
ebc23da2-82f8-4597-8e5e-6ebad223da9b,365d4e3c-6fb2-4fa9-a5a3-b72b02df87af,CID-039,2026-03-02,369.73,VISA,Completed,SampleGen
78fb364b-901d-4052-a8ea-724490df0bbd,dec2ff5a-71fb-47f7-8812-961fbb05e393,CID-039,2026-03-03,782.95,VISA,Completed,SampleGen
aa055f62-3acf-4791-b327-ce751a895e74,7dc0828b-b873-442b-862f-fd07d2c88cb9,CID-039,2026-03-03,179.41,VISA,Completed,SampleGen
08351ca1-5f29-44f4-b9c6-69ed29f4ea8c,80125e47-3f71-4582-93ad-538cf752a040,CID-039,2026-03-03,1239.7,VISA,Completed,SampleGen
6066eaef-7880-4136-a9cd-400c6410f250,a59d9aa8-bdb4-43a1-8cb7-d852c9304bb9,CID-039,2026-03-05,1092.84,Discover,Completed,SampleGen
bea942a0-d076-450c-81eb-ddafa8c24b21,e9b1ffd8-5d07-4c6f-8225-17bdbcd33722,CID-039,2026-03-05,793.83,VISA,Completed,SampleGen
d52c6888-3ae8-465c-a675-d0cc8905f930,5bbddab1-e3c3-4c04-9a06-9d9fe7f47329,CID-039,2026-03-05,511.09,VISA,Completed,SampleGen
894ffd90-f2e1-464c-afdf-6ed2aa49af1d,8ae00f6c-8fbf-4600-aba0-06a0fc6c359a,CID-040,2026-03-02,228.35,Discover,Completed,SampleGen
3a1dc074-6cb2-4a35-8b52-dbb334139cfc,bb1cbd30-b69d-425b-8ad7-c114c819673a,CID-040,2026-03-03,456.7,AmEx,Completed,SampleGen
bc5b4a47-9319-49af-b30b-a84c40c180f5,1ca4f806-28d2-4bd0-aedd-41e29d04c54a,CID-041,2026-03-02,206.6,VISA,Completed,SampleGen
f3b9329e-2fce-49a8-beaf-963a6cd17a5c,60d0ab12-55ce-4222-8327-8382ef904233,CID-041,2026-03-03,1000.42,Discover,Completed,SampleGen
00d44d9a-857e-40eb-bf91-57b7ab177bfb,acb344bf-4743-48f8-b8f0-ea54621ef1b3,CID-041,2026-03-04,1043.92,PayPal,Completed,SampleGen
6f44c5f6-b6d7-4e91-ad1e-90cf528769c8,c1eaf545-d2c8-493d-baa3-9fb41b587720,CID-041,2026-03-05,1848.66,PayPal,Completed,SampleGen
999e14d0-aaae-492c-b625-4ec066c9981e,42db9747-97eb-4725-a1d4-50df696bf3dc,CID-042,2026-03-02,511.08,VISA,Completed,SampleGen
876bf672-e17b-421b-990e-a4c6e4fce50c,bffed093-d62c-4b26-8bf6-7f1b1a1941c0,CID-042,2026-03-02,1468.09,VISA,Completed,SampleGen
d3d3b36f-1412-4ec7-af8f-b94ebc45a12f,5ed69016-c830-4f79-bdd2-efd5fd24d797,CID-042,2026-03-02,2490.27,MC,Completed,SampleGen
b9ca4495-e383-4fc2-9120-4dd38c2fb7b5,5fd29b28-50e2-49b4-9d37-6172013ebc0d,CID-042,2026-03-04,500.22,PayPal,Completed,SampleGen
20fa8752-aa65-4a6a-a17f-fa429c7b8d98,0d8e5dec-9f2f-46cc-a99f-9643a24e7141,CID-042,2026-03-04,1337.56,Discover,Completed,SampleGen
33f019ee-cdb2-49e0-9d1f-12dc10485123,c3bcb030-65de-4758-a03e-2d58e0cf9467,CID-042,2026-03-05,369.73,VISA,Completed,SampleGen
7228d450-75e4-45ae-81b5-b19c6c0e677f,adac50b6-c96f-4af2-97fe-05934238c42a,CID-042,2026-03-05,244.65,VISA,Completed,SampleGen
f140cb5f-bd38-44cc-8d94-fdd1af14ca2b,ac8e953f-7f14-4da2-949a-332a99eda47d,CID-042,2026-03-05,489.36,PayPal,Completed,SampleGen
77574205-cb14-4bdf-bbcf-6cbd30f0a805,a3e6047f-3f4d-423b-ac11-feeb201a63f7,CID-043,2026-03-03,293.59,Discover,Completed,SampleGen
832caabf-753f-495c-88a2-a72da4e2dce3,2111cc24-5419-4380-a5ee-b52fbce4e223,CID-044,2026-03-03,141.36,MC,Completed,SampleGen
bdfa8d2d-cac8-4b0d-858d-82ad16dc994f,c95bfdf3-0e9a-4dec-8067-0847cfdfb890,CID-044,2026-03-05,728.59,VISA,Completed,SampleGen
25a235bf-3f45-4b20-896a-33cdee511d4c,4f7d863d-7bd7-4a1a-b34d-8c4cb6a75827,CID-045,2026-03-05,239.24,VISA,Completed,SampleGen
304d99af-9ca6-4979-9438-1b978396d6fe,afa83e30-842f-49a7-8d54-c900d4c852ca,CID-045,2026-03-05,1272.31,MC,Completed,SampleGen
78442176-b630-4008-ab48-706795cc0fc9,f0d81dd5-5e9a-48ad-966e-8e792f78e243,CID-046,2026-03-04,206.61,VISA,Completed,SampleGen
e19515e1-cc41-4fab-81de-e3c21ac7d45d,affcf133-87fa-42ee-a8e7-f041e3e2e49e,CID-046,2026-03-05,2843.71,MC,Completed,SampleGen
6df250c0-63c2-4e15-975d-4839bb2f8a2d,c2a11cea-b991-4154-b509-feda80251cac,CID-046,2026-03-05,1370.18,MC,Completed,SampleGen
d3cb2643-2cfb-4112-a7b9-4489c1eaf948,c5a83484-76a1-4e24-90b0-c6ee99ab6978,CID-047,2026-03-02,1076.58,Discover,Completed,SampleGen
b9715ea1-95f3-4137-92b7-80e233281d99,b26ade05-a9aa-4373-847a-66c449587ce8,CID-047,2026-03-04,587.22,VISA,Completed,SampleGen
749ee845-3bef-48d1-8559-4f8bcdd78c77,246004eb-8e94-4703-aa8c-d5be6c31593f,CID-047,2026-03-04,1092.83,AmEx,Completed,SampleGen
477a801e-2429-4d49-bb2f-7dcfeca5dddf,329569bb-a85d-4f64-8042-a8f885155d59,CID-048,2026-03-03,924.33,MC,Completed,SampleGen
eb1d7dfc-c52e-460f-b5d2-27e9d51f4311,8c4c3175-3a2d-4952-9534-07c990aae582,CID-048,2026-03-03,1217.91,AmEx,Completed,SampleGen
978dc976-1d30-4c9d-be25-e28b0c1178cd,c40f0484-92b1-4f36-9b0c-13e9f11de734,CID-049,2026-03-05,598.1,Discover,Completed,SampleGen
52475310-4db7-43b9-8d2c-19b7e1dedce6,4f754035-680b-485c-a036-ad5c33420f60,CID-050,2026-03-05,97.86,MC,Completed,SampleGen
20607ff6-807d-4195-9571-cb3bb3cddfed,4cb7d412-85ea-47e3-a866-319dee3dc0ac,CID-050,2026-03-05,1375.61,VISA,Completed,SampleGen
e84aa300-8987-4da8-b8bd-7ca1fa5abd01,3ad5233a-1f6c-45ab-b691-a9f2a05345de,CID-051,2026-03-03,587.22,MC,Completed,SampleGen
db8b1843-118e-4cbd-8baf-d92678f66fdd,73c78fd5-840b-4360-8bfe-24e1c634f177,CID-051,2026-03-04,772.09,VISA,Completed,SampleGen
ae9e3c70-7f64-41f7-af44-46174dd40a05,ccd67b59-5840-474b-b10c-1a86ca62b8ce,CID-052,2026-03-03,1370.18,MC,Completed,SampleGen
d44b61db-fa57-4e6e-8b71-543df4b052b4,b51b20d0-2524-4c63-b92f-00f151c5323f,CID-052,2026-03-04,195.74,Discover,Completed,SampleGen
d379fe52-8044-4163-a881-ec1afa47d013,b4d4625a-e918-4236-a915-0f61e868ae81,CID-052,2026-03-04,1043.93,MC,Completed,SampleGen
bb642ab5-cb7b-4c62-a4b0-30ff979e1ec8,2d4d7b48-1147-4a5d-a444-629baca814b9,CID-052,2026-03-04,1805.18,MC,Completed,SampleGen
fcda5593-f13e-4e52-bba0-e4fda393a1d0,a9ea4a0e-dada-4c2a-adaf-951cc07bd3b8,CID-052,2026-03-05,913.45,AmEx,Completed,SampleGen
15ac38ec-c3c2-4284-b7e5-264717276b2e,ede8b563-b88b-44e9-87d0-ff51ea9751e9,CID-053,2026-03-02,81.55,VISA,Completed,SampleGen
2216ebb4-f48b-4083-b514-96b641892678,099206b3-db24-493d-b7ec-a27377cd0f17,CID-053,2026-03-04,657.88,PayPal,Completed,SampleGen
8d17b56e-7b8d-4bfa-8a92-c4e41d2ac3be,7d294a6a-a9e3-4cb8-8565-bb1278f9b4c6,CID-054,2026-03-02,777.5,VISA,Completed,SampleGen
a6cf0f57-46a9-40aa-a96e-1317c57426c5,21751ebe-21c2-42ca-9483-83487b9d3fd9,CID-054,2026-03-03,772.09,VISA,Completed,SampleGen
df78ddfa-1479-4a5a-aa0b-72541a15fa48,ae986421-a676-4e3a-ae72-2e0cc9db12d7,CID-054,2026-03-04,962.32,AmEx,Completed,SampleGen
1f1b6b6f-2efa-406b-99e6-944c3a64cf91,37a34ff1-f366-4943-813c-10c6af6c5b26,CID-054,2026-03-05,1609.41,MC,Completed,SampleGen
bb480ad5-20fd-49db-9d63-09cc7bed1c33,cffc1367-2be4-4a10-b751-615a4c3c0a79,CID-055,2026-03-03,1011.29,MC,Completed,SampleGen
ea4e588d-63e5-411a-b72f-a75a528a78a4,6017d4ea-0f27-4b52-b169-88cf2b964159,CID-056,2026-03-04,625.29,VISA,Completed,SampleGen
470cd76e-68d7-483d-9941-0dcebfe52e96,29abfe9a-527e-4d8d-8efd-52385949c402,CID-056,2026-03-05,206.6,VISA,Completed,SampleGen
1903a36a-2c6c-4203-9355-fd6a45d2185d,19b3aa8d-01df-42c4-9829-9845457264b6,CID-056,2026-03-05,782.96,MC,Completed,SampleGen
0ce7fc7e-8492-4970-9a86-7565de10685b,ea961949-ebd9-4d47-9955-532266d7fbe7,CID-057,2026-03-03,239.24,VISA,Completed,SampleGen
3f5a7771-3237-488e-9814-b9a52e15f3e4,142059ea-d709-44bb-aab2-5747a7f07306,CID-058,2026-03-03,1391.95,VISA,Completed,SampleGen
f8dadd89-94a5-4345-89d5-ce3f0bd6dea4,165eb0a6-4e63-4e2f-b953-9653ef604c17,CID-058,2026-03-03,1342.99,VISA,Completed,SampleGen
81d8a080-1a82-4539-88a4-be7e5156227d,c4cb09ac-0be6-44b2-bb2e-4fdb8192bdf5,CID-059,2026-03-02,652.47,MC,Completed,SampleGen
5a15ede4-6a0a-4d86-9059-5afe32c3a828,f50922fb-7cbb-4f5b-b52d-448c3f76c681,CID-059,2026-03-02,195.74,VISA,Completed,SampleGen
073081c4-b6b1-42e6-a437-c8c249c3abf3,c99ffbbc-d933-423d-9dc3-7f828f7f058a,CID-059,2026-03-03,309.9,MC,Completed,SampleGen
fbd2d6a4-ebd5-4d7c-9414-0538456495af,91b31e3f-3d82-4311-9cff-9e4d9444c210,CID-059,2026-03-04,1239.68,PayPal,Completed,SampleGen
17417b15-d434-4d01-83c3-b398e4b8262c,7985b51b-291c-4048-b1b8-c2911b9110fe,CID-060,2026-03-03,3838.77,MC,Completed,SampleGen
63e0cdfe-e4ac-4ee8-ada6-90d78087c7f8,eceaa767-1c73-4e0f-9210-cb320264652a,CID-060,2026-03-03,86.99,Discover,Completed,SampleGen
dc30f10b-cd0e-40a4-a61d-e31bfa409aba,6cb6d174-80ff-4fdd-b949-bb6f4b4470a9,CID-061,2026-03-02,184.86,MC,Completed,SampleGen
4105fdc9-507a-4805-be96-31810dcf1d1b,cdb711f9-a268-4e49-8667-da2f1509595a,CID-061,2026-03-04,489.34,Discover,Completed,SampleGen
e6c928f2-b5ea-4d97-a9ef-7ccaea66aaf8,439d5c61-23ad-4035-92b1-88493bccd030,CID-061,2026-03-05,489.33,MC,Completed,SampleGen
ed1b8820-48b6-4632-b78a-c262cbbfbc77,b2d2861f-f2fe-4536-aa35-ae035b71b401,CID-061,2026-03-05,293.59,AmEx,Completed,SampleGen
7e3f4ef4-3acf-42ad-b69b-f45cc50ca37b,afc1e4b2-7fce-4526-acd1-cb73cddf4255,CID-062,2026-03-02,1370.15,AmEx,Completed,SampleGen
0fcf1a03-5091-4f58-a80d-1b7d9abbfaf3,ee4ebc15-7b0f-4d71-97c9-f8f13de5f41d,CID-062,2026-03-02,1065.69,MC,Completed,SampleGen
f27bf6db-10f6-47ea-8c03-9a2e2b62201e,0324afbc-a6a7-4d76-a537-078497a36406,CID-062,2026-03-02,173.98,PayPal,Completed,SampleGen
08cff0c2-7c8a-4ba0-baac-27e23c1011eb,73840532-d050-41cd-a5f7-4550c852ef5a,CID-062,2026-03-05,478.44,VISA,Completed,SampleGen
9c5b4d5f-0f1b-4561-b9e5-3bf39e2c5419,84c88d70-a293-46c8-a450-67c32580ea08,CID-062,2026-03-05,478.48,VISA,Completed,SampleGen
90d7f5fa-88cb-431f-8556-2176c9a5b3d7,ab0c6d0e-06c0-4a25-906c-38b7cea91656,CID-063,2026-03-02,293.59,VISA,Completed,SampleGen
12b0273f-d0bd-4ece-8d3f-66f3251b8d49,73d1b531-718a-4dd8-a9d6-87bb055c622d,CID-063,2026-03-02,1141.8,AmEx,Completed,SampleGen
b16c1424-cbdd-43cd-8ad9-49b7164e78b5,74ba1ffb-4bc0-4b15-a09a-8b162b969b8b,CID-063,2026-03-03,358.86,PayPal,Completed,SampleGen
73dfc0a0-0db4-4e6c-84b2-ee20e7e78c57,4fcdf367-79a8-413c-a424-e527e8eaf52c,CID-063,2026-03-03,195.73,PayPal,Completed,SampleGen
441cb021-1597-4383-b314-2bfd3cb9fe2b,2603df32-c0ee-4dc8-bd08-194a7df345e7,CID-063,2026-03-03,489.36,VISA,Completed,SampleGen
79fd243a-b12b-4597-aaa4-c9dd58f23b25,15d48eea-90b7-49de-b9e7-ce6cf3ce4d97,CID-063,2026-03-03,777.46,PayPal,Completed,SampleGen
8f392c27-6397-44de-b87c-fa698b515fe0,63bdf5ed-a8c3-48cf-8c25-947536f0362a,CID-063,2026-03-04,766.62,AmEx,Completed,SampleGen
7e4c1760-2a31-45b0-8f49-5c61cfa7a747,211498a7-05dc-49f0-bf64-ee3d36f87308,CID-063,2026-03-05,1348.42,MC,Completed,SampleGen
4fa78b6a-05f7-4302-b485-0012fb351c78,e10d85ca-3adc-404a-843a-7ff1c0553bb5,CID-063,2026-03-05,2773.02,MC,Completed,SampleGen
d57ea09b-1e9a-4ad6-97ab-d3680fede7cf,b404ca1b-89a4-441a-8e8d-c52b25ba4c51,CID-063,2026-03-05,195.73,VISA,Completed,SampleGen
829bc43b-fcda-4aad-8577-016f03cf3593,9ad99cb1-14ba-47fa-a056-7c9a71dddcc5,CID-063,2026-03-05,391.48,PayPal,Completed,SampleGen
af2e2dbc-6353-49db-a17b-51e37a3c30af,f591e8d8-63c6-4799-9874-05ed36e1ce4e,CID-064,2026-03-03,913.43,Discover,Completed,SampleGen
e861c959-4989-4b4e-afc4-9c53c527236e,885b3007-4930-4df9-87be-d93f28fff9dc,CID-065,2026-03-03,391.48,AmEx,Completed,SampleGen
816a5d19-654d-4139-b6e6-139bdca78919,7491d998-faa8-4515-8306-917fa264a16d,CID-065,2026-03-03,1076.59,PayPal,Completed,SampleGen
62dd7dca-0a69-4f7b-9276-eaf258c36e72,c6a7035d-a4b7-408e-9ef5-0d9dc88a5321,CID-065,2026-03-03,2609.9,Discover,Completed,SampleGen
5ce18457-8ba4-42b2-9d4e-a5086cfe705e,38b5134f-721e-4df4-89df-44078f991fed,CID-065,2026-03-04,434.97,Discover,Completed,SampleGen
7f49f91c-f51b-46e3-a81a-e3c2133f5d7b,cb6ce7ad-b390-4671-876b-df5906520d6f,CID-065,2026-03-05,424.09,VISA,Completed,SampleGen
94ac462a-b42e-4ce3-8daf-ea210484cb36,e1bdd404-ea92-4ac5-8786-7f080302e5eb,CID-065,2026-03-05,97.86,VISA,Completed,SampleGen
7f6ceaca-1ec7-4b6b-9c02-c6f7738cb0c1,0bd75811-f378-4049-ae80-6e41ad369a32,CID-065,2026-03-05,1696.41,AmEx,Completed,SampleGen
0ebb782a-de05-4629-a3c6-0959314f72a5,d5ab767b-6c85-4b42-9b57-f434f67a8e1e,CID-066,2026-03-04,1033.04,AmEx,Completed,SampleGen
6418cd2d-4917-4036-98ec-f272c4ec5b40,43e36108-0618-48f7-95a1-7e916e506080,CID-066,2026-03-04,86.99,MC,Completed,SampleGen
ace85445-44af-43cc-9e4a-2a849027ff66,46c0a17b-90f1-47e6-8856-98acaa19b815,CID-066,2026-03-04,413.23,MC,Completed,SampleGen
61921c1f-af5a-4037-80eb-7af9f0099df0,826e8d57-302e-405f-92db-1a861759cd30,CID-067,2026-03-02,717.73,PayPal,Completed,SampleGen
10575c79-b7af-4d94-a0c9-e1765a1fb33d,1cdc872b-2ed3-405b-a8f7-92c3f495fcf0,CID-068,2026-03-04,3082.95,VISA,Completed,SampleGen
fa659d49-d310-4aaa-be7b-b630297d4496,3176835e-46d5-48fb-8fce-415887f7d93b,CID-068,2026-03-05,293.59,VISA,Completed,SampleGen
8e748e55-5511-42f9-bebf-3c48cd8a046a,2cb357fb-eb97-4f21-b1c6-0f7c7987b800,CID-069,2026-03-03,413.23,VISA,Completed,SampleGen
31ae5f7c-4acf-43da-9507-e09db5d0598d,67a92b1d-e9d5-41ed-9c30-51372ab7cdb2,CID-069,2026-03-04,1174.4,AmEx,Completed,SampleGen
2fb0c54b-7721-4f0a-8951-73e6b819a2a0,45ee7d05-78d8-4352-952b-4987b2b61bb6,CID-069,2026-03-05,391.46,PayPal,Completed,SampleGen
14ea02c2-a735-4373-8e94-912a19fcfa79,186a418a-e724-4f49-95a5-50ce16536946,CID-069,2026-03-05,772.09,MC,Completed,SampleGen
cb4de149-280b-463c-885d-686b647fb147,4c93a830-dd94-49bf-afc1-8f18232add29,CID-070,2026-03-03,407.76,VISA,Completed,SampleGen
1075576d-a282-4574-8af3-599b1e7c02be,392cd2ee-75d9-4df3-8c7c-8c953a948dca,CID-071,2026-03-02,1239.66,AmEx,Completed,SampleGen
a030b9f7-f9eb-490c-a63d-dbb61f38425b,2dee470f-93ff-4c4a-bb7f-e0f779831193,CID-071,2026-03-05,135.93,Discover,Completed,SampleGen
fdd7f9b9-109f-4f25-a0f5-a82fd7562cad,2db98a59-bd6e-4d55-9b01-df5b51c565bc,CID-071,2026-03-05,489.34,VISA,Completed,SampleGen
c4e1dc6d-3aa8-4d76-a33d-27c4f1ebef82,c3892c74-6268-4efe-809c-183656ee901c,CID-071,2026-03-05,141.36,VISA,Completed,SampleGen
f350bea3-13ae-4fbd-9116-26d2ccb4f9c2,8635b404-18f9-49bb-bb54-96080fbd8f67,CID-072,2026-03-02,1576.79,MC,Completed,SampleGen
a5b27ed0-53c5-4b91-b8fb-57fdd4023cc9,3cd2bf03-1ca7-45ab-b88e-621420266421,CID-072,2026-03-05,1761.69,PayPal,Completed,SampleGen
aeea0df4-5525-4c8c-8a92-350b57f6a0cc,db441196-20fb-411b-86f8-3729b0536fb3,CID-072,2026-03-05,2707.78,AmEx,Completed,SampleGen
6a43d893-de8d-498b-9bd4-ab2487dd9ca1,f1e481e1-bf76-4c99-9e0c-9805d9066764,CID-072,2026-03-05,309.9,AmEx,Completed,SampleGen
efd80c5f-177b-4a6b-9a49-33b333306ded,27847456-4bdb-4f30-8f4f-848ecfdfa3f8,CID-073,2026-03-03,913.43,MC,Completed,SampleGen
9a2d6e78-5936-4ff1-bfe5-718625aa0a2a,7f7d372b-7659-40b7-b890-8fe1dfa4a491,CID-073,2026-03-04,163.11,VISA,Completed,SampleGen
22811064-950f-4c35-bca3-e14c5172627a,374ba3aa-ff03-4863-8dad-0c83df7aabaa,CID-074,2026-03-04,1065.7,VISA,Completed,SampleGen
efd5fb1f-464a-4319-88be-e7201aeb2f47,5b7a1802-18ef-4ceb-961e-cdcd95c024e7,CID-074,2026-03-04,1642.05,VISA,Completed,SampleGen
418d41a5-9759-42e3-bf35-db2734a4f6d0,1952f96e-ebdc-4467-97ce-a9d128f8db09,CID-075,2026-03-02,1065.7,AmEx,Completed,SampleGen
29054930-c847-491b-b0e0-be44de7fccc3,f5ad44f9-46ca-4fc5-b95f-3cf7b0c67516,CID-075,2026-03-03,1272.31,VISA,Completed,SampleGen
c2f44438-6efd-4609-8a94-5bfa1a6e3efb,d55eefe8-7f07-489b-a0d6-10029169efd9,CID-075,2026-03-03,869.95,VISA,Completed,SampleGen
bf3dcc56-903e-4bef-8e4f-cccac7811bfc,a39ce7a5-4488-42d0-bfe1-b27b77988c21,CID-075,2026-03-04,619.82,VISA,Completed,SampleGen
0b8ff3d8-585b-4d96-b9e7-78fb7d975145,9cc209ed-545a-4e7b-8a05-1098a6b9f27b,CID-075,2026-03-05,1315.8,VISA,Completed,SampleGen
8ae35ff8-dea6-490a-a08b-668d8fa34902,3b240c1f-c403-4e25-9b32-9f41d5d0344e,CID-076,2026-03-02,326.23,VISA,Completed,SampleGen
a452de87-6794-49d5-8fcc-4606c91b8896,d1e29f06-0232-40e6-ab21-a31fa298ded2,CID-076,2026-03-03,81.55,Discover,Completed,SampleGen
9c40c3a8-e46f-4a9b-9368-ff651bdc2519,f0619696-efb1-4bb9-b39e-6ad86057c9a2,CID-076,2026-03-04,869.95,Discover,Completed,SampleGen
6b1f5294-130c-4c7a-b938-6dd08f84c585,912bcd45-22e1-45d5-a874-391849d8f8ee,CID-077,2026-03-02,782.94,VISA,Completed,SampleGen
b231d18f-04f5-47ab-99c6-46f8dfbaace5,a3a409d7-ccd9-4bd9-9781-d4f1e467c2c7,CID-077,2026-03-02,956.93,Discover,Completed,SampleGen
058a3495-c8eb-4fbb-b170-04f9fd4879a6,e205435b-3969-499a-8af0-e2cc1cb092da,CID-077,2026-03-04,282.73,AmEx,Completed,SampleGen
1a5c3c44-345b-4515-804a-3bb60d1808bd,ae799256-50ce-4e37-b6c2-dd85f4fff667,CID-077,2026-03-05,2218.4,VISA,Completed,SampleGen
4780b622-d5f9-4569-9470-d622557192ef,a1d82ba1-489f-488f-af40-b5b12a8b1f84,CID-078,2026-03-02,1081.97,VISA,Completed,SampleGen
3e5ab3fb-8dac-40c1-86de-600d12634760,5f32b04d-a524-4ac9-9f19-ec8e998726f9,CID-078,2026-03-03,2153.18,MC,Completed,SampleGen
544adeb7-f72d-4d44-87da-0f319a59e977,8b56d7c0-99f4-404d-8411-25d1413f30a4,CID-079,2026-03-02,717.72,AmEx,Completed,SampleGen
0f302faa-414e-4a52-8de3-a53da51e5e7b,16585ea6-7fa3-4151-833c-53567da66508,CID-079,2026-03-03,554.59,PayPal,Completed,SampleGen
511b1b0c-be30-4bd4-9dc5-579e9bce24c8,efa8a597-ac0a-4ee6-b695-93bbda35a53d,CID-079,2026-03-04,1424.53,VISA,Completed,SampleGen
d9d7eb5c-9bf3-4b71-93ce-57f6e3cd570b,176eea80-0d13-4592-873f-09e217f221a0,CID-079,2026-03-04,282.73,PayPal,Completed,SampleGen
497e5e0e-fb76-4456-9034-16656f9e3090,b2dd9065-4686-4df5-ac51-03124b2daf6f,CID-080,2026-03-03,619.84,VISA,Completed,SampleGen
56976738-57a3-4a79-ad2c-32c4644360aa,8ae882e8-e34d-4e35-9100-27046291d083,CID-080,2026-03-03,2468.52,MC,Completed,SampleGen
cbbfcea1-27e0-47b6-a6dd-a90d980bc671,a022b46c-d190-43f0-a989-bd118434bfa0,CID-081,2026-03-02,369.73,MC,Completed,SampleGen
8a27d61b-8469-446d-a641-d502c4ef19d5,7d510050-0163-4a83-a638-50afafa55bcd,CID-081,2026-03-05,1272.28,PayPal,Completed,SampleGen
9cbea83d-f00d-441d-ac76-e60016634406,df2957b4-8914-418e-ae3a-2e89e4e6b8a1,CID-081,2026-03-05,293.59,Discover,Completed,SampleGen
5704d14d-08a3-4a8d-a598-6b40392bd912,45917ff5-e6ff-4b63-8eaf-70a5156f1b75,CID-081,2026-03-05,1631.16,PayPal,Completed,SampleGen
b4a66c80-9f52-407d-9e5c-dd1af64ad65f,7a6e2758-5663-4b87-958e-e3a87176cede,CID-082,2026-03-03,429.53,VISA,Completed,SampleGen
e32f1e99-9495-4d73-afc4-f50bd87d09ac,7c14e736-8e83-4b29-9083-fd2c176e0a83,CID-082,2026-03-03,195.74,VISA,Completed,SampleGen
36643ba7-15ae-4d53-997c-580cd73a4bbe,eaff146d-6e46-448f-93f4-efc25d2fc632,CID-082,2026-03-04,891.69,VISA,Completed,SampleGen
8d7446c8-5277-4985-bce3-bd7b1f37bc4c,c7dc2c55-264b-4828-8820-ddb327f4c332,CID-082,2026-03-05,97.86,VISA,Completed,SampleGen
e112dbac-113d-4369-b510-ea6f1d5f3908,01920f2a-0fb8-457c-bfdf-1ff4c4e34a53,CID-082,2026-03-05,652.47,AmEx,Completed,SampleGen
0832f4ec-2cc4-4249-a962-857a2db6d80d,a575c01a-59a6-434d-84f8-c5f657a572a6,CID-083,2026-03-02,1304.92,MC,Completed,SampleGen
256e85a1-3839-4ddd-aada-20e0468eceb6,e28635c3-0c38-4e91-851d-889c3bfdc1f6,CID-083,2026-03-03,1337.57,VISA,Completed,SampleGen
6f0c4a3e-9647-46e4-bcf6-6ddd59ab1110,d246dcc8-3f26-493f-b5aa-d8d040ebbcde,CID-083,2026-03-04,2283.68,VISA,Completed,SampleGen
c3e0e901-fb73-49cf-9aea-166ad5d33abf,dde50d43-fbdc-480d-917c-82fd1685bcad,CID-083,2026-03-05,1837.77,VISA,Completed,SampleGen
80ed5e59-3eee-44af-8622-c4552147eca1,c3d7711e-ad53-4f2f-b670-4f5aaaf02dee,CID-084,2026-03-02,1381.04,AmEx,Completed,SampleGen
e4a8d9ad-35f1-4e84-b9f0-eddcfedb204f,89cce7ef-329d-4f6c-9e67-aa6e696dc4cb,CID-084,2026-03-03,1805.15,AmEx,Completed,SampleGen
7c50a37e-a738-4481-b060-9e2f62dda163,9aa705a2-13ab-40af-bd4b-362b46dcd969,CID-084,2026-03-03,3371.16,MC,Completed,SampleGen
cd744448-39c7-4c79-aded-19663dfdcd4a,f3825f55-fea2-4ef5-b7ac-96e673eed94f,CID-084,2026-03-05,2473.94,AmEx,Completed,SampleGen
596a7a12-d354-4e0c-a49b-c7507696a01b,696e6d2e-2e0e-431a-9c1e-ada03339790c,CID-085,2026-03-04,717.73,MC,Completed,SampleGen
dc21550e-df00-4b22-9405-34f5e52e8593,cf7be6c3-9f9e-44ad-b70c-107aa9af3972,CID-085,2026-03-04,772.07,Discover,Completed,SampleGen
bf0f66dc-3cbe-49f9-9b7a-d1d0d6c16df1,eaba887a-db09-484f-81ef-b69ffcbe7bc9,CID-086,2026-03-03,489.34,VISA,Completed,SampleGen
4331f645-a50a-4330-9504-459326963b5c,d1291f19-fc09-4e9c-9dd5-539157e24a36,CID-086,2026-03-05,619.84,PayPal,Completed,SampleGen
df8bc40b-586d-46fe-b37b-5b201f682ba3,241c385c-3cbf-4075-8278-f0ba862e94a3,CID-087,2026-03-03,1239.66,MC,Completed,SampleGen
d4f32257-2317-4f6e-b710-506944a76912,cfb2a755-bede-4447-90be-4b110ecd7a97,CID-087,2026-03-03,576.34,PayPal,Completed,SampleGen
12fc10a4-4a1a-4d36-bc4f-034a11848f3c,d7f0b7f3-52aa-442f-af6a-77e8c5cc1962,CID-087,2026-03-03,717.72,VISA,Completed,SampleGen
5ddaabbe-310f-44cc-8ad6-924558f67a95,aeda0cb1-6fa2-421d-a502-8db5383a068f,CID-087,2026-03-04,195.74,Discover,Completed,SampleGen
4a249ed8-0d0a-4392-ad87-c57f5773a514,3c9d4431-45a4-436a-a4a1-fe1bdf68b8b3,CID-087,2026-03-05,652.43,Discover,Completed,SampleGen
fca64077-2ba7-4832-b162-d9147930e669,3062ed31-cb0e-40c2-8c22-eecdf5a32576,CID-088,2026-03-03,2022.65,VISA,Completed,SampleGen
e78e6417-780a-4146-a50c-24662f7c2b5f,d00d166e-d344-442a-af68-602d71ffe122,CID-089,2026-03-02,826.46,AmEx,Completed,SampleGen
152dee78-4928-4c22-9df8-c497225785cc,e8b976de-ea61-47b0-a666-f38b58e903b5,CID-089,2026-03-03,195.73,VISA,Completed,SampleGen
8a8339d3-43b4-4375-af8e-629be0ebcfdb,43b02ae5-d9d1-4fc5-8aaf-d04a8199a609,CID-089,2026-03-04,663.32,MC,Completed,SampleGen
7d5eee4d-026b-43fa-b017-c5b4934da499,53d890a9-7337-4879-bffc-085122322489,CID-090,2026-03-02,2283.67,MC,Completed,SampleGen
c6e45ada-4220-43ea-9b79-24ad5840dd5b,f8b126bd-bfd6-4687-8527-a2d17f357134,CID-091,2026-03-04,1174.44,AmEx,Completed,SampleGen
e794aa49-3631-4da3-b7b6-0abcb7d14ca9,c2a0c8f7-1f59-45ef-be81-a68d401a077e,CID-091,2026-03-05,358.84,MC,Completed,SampleGen
76f36fe1-75f0-481d-a314-6dddf087f482,0bfd14d0-eba9-448b-94d3-6a953ba4466e,CID-092,2026-03-02,97.86,AmEx,Completed,SampleGen
10812c1b-4b79-4044-b102-12fe797a5bd4,d62adb41-c316-4bcb-beff-451b610ecc73,CID-092,2026-03-02,424.09,AmEx,Completed,SampleGen
61ab8dc4-a34a-4e5e-b738-a676af3cc6c9,86ce205a-7cac-4ec1-8071-e4799954545b,CID-092,2026-03-03,2381.54,VISA,Completed,SampleGen
dd760d6e-a216-4afd-bbfe-5db8d0370f25,a8901baa-9ae0-4575-946e-96758c5e621f,CID-092,2026-03-04,685.08,MC,Completed,SampleGen
586e8abf-4c60-4126-8617-4ba3c1b92efc,5e13ff78-29f0-4924-9928-9f04c035a779,CID-092,2026-03-05,97.86,VISA,Completed,SampleGen
a329dec0-69c8-4ea1-954d-da4a778bd519,b2067a68-a0cb-4cc4-8ad4-6e2a0f27fa57,CID-093,2026-03-02,1402.79,MC,Completed,SampleGen
d4e393cb-1de8-45cd-91f9-d6930f64bd18,fd6ab7e0-417c-41c5-8482-ca5b3b9059a6,CID-093,2026-03-02,2153.15,Discover,Completed,SampleGen
2b716dff-6a04-43fd-b903-84c65039576d,b67fa09f-9a2d-4540-b04d-182d4965d6b8,CID-093,2026-03-03,1816.07,PayPal,Completed,SampleGen
2d53e0d9-2272-4c15-8553-495b501e0115,fa40e363-cbc9-498f-a8c1-8bad579908fe,CID-093,2026-03-03,358.86,MC,Completed,SampleGen
e1bb4efb-79ad-4993-a8ff-17a0b0f28fb8,5ec79a34-2e77-4a5e-9f61-adf1abe83b0c,CID-093,2026-03-05,859.08,VISA,Completed,SampleGen
5951a376-35db-46d4-8f24-35e80bc53c07,c9005b29-0cb7-4394-bbfb-0dbe7bff3339,CID-094,2026-03-02,173.98,MC,Completed,SampleGen
b93a6e8a-f2c0-46d4-888d-9bec2752088c,ae45f9c2-1ebc-4333-b44d-0f92dbd0a82c,CID-094,2026-03-04,1413.67,PayPal,Completed,SampleGen
be694437-01a5-487d-8c70-c805353bc8cc,4cc209fe-9a70-453d-8414-33d5ab8bcaac,CID-095,2026-03-02,1810.63,MC,Completed,SampleGen
db771318-0213-4295-861b-eaca25fd7d3c,f139e12e-f863-483e-9a1c-7c0cfb7eba97,CID-095,2026-03-05,293.59,PayPal,Completed,SampleGen
68c7a59f-cad8-483a-8b1a-aa8c699e528a,f92fcac7-b9ea-4137-aeae-da4ec61da28f,CID-095,2026-03-05,1294.05,MC,Completed,SampleGen
913bc6f3-3059-42e0-949f-52608731b98d,3beed950-941b-494c-9936-15bfc52ae8c1,CID-096,2026-03-02,103.3,MC,Completed,SampleGen
552bfdfc-7a3c-4411-bd2c-0960b53387d9,8796e3ab-f426-40e7-8911-f59e749e3f37,CID-096,2026-03-03,434.95,VISA,Completed,SampleGen
9239e4da-a88e-48b5-81cf-91f717208c36,120fc3ce-2e3d-4f7e-bcc5-bd78ad63572d,CID-097,2026-03-02,1859.54,MC,Completed,SampleGen
af0e06db-6996-45d2-800f-d66f04652ff9,1d547283-67f5-4bd9-ad07-c3854eefb4ec,CID-097,2026-03-05,1228.81,VISA,Completed,SampleGen
c915390c-c23c-432a-80b7-b39220a57b65,1c65f729-d056-42f8-8ab8-8ce449059fec,CID-098,2026-03-03,690.53,MC,Completed,SampleGen
af1d6b8c-8bd4-4b79-aa2b-472f5f928fd1,9e295573-cbdd-4547-a1e1-6eb1a2e6a36d,CID-098,2026-03-03,1555.08,VISA,Completed,SampleGen
4a23eb40-e3df-431f-808c-d2dd6be89a80,9c3fefad-3ae1-431b-bd3c-192799be48d3,CID-099,2026-03-02,821.01,MC,Completed,SampleGen
70d84451-1c17-463a-ba68-487f50830696,c0d9f4b0-3d55-4bb6-a36f-8693c51dc30d,CID-099,2026-03-02,1136.35,PayPal,Completed,SampleGen
1ec5695d-5034-4fcf-88ea-758d47fc02f5,a3e296e6-1a51-4b6b-b616-b479176804e1,CID-100,2026-03-05,195.73,Discover,Completed,SampleGen
2b574cd5-c283-4aa5-b301-145c13959e9b,6e1d4ac4-b0a5-466e-8b40-50ec4958fe00,CID-100,2026-03-05,587.2,VISA,Completed,SampleGen
8f0d4a99-8ac3-4664-88f5-3c80df7fc926,8504611e-3652-4c78-8c95-3c9a01475d6e,CID-101,2026-03-03,576.32,MC,Completed,SampleGen
33cb7bfe-ecc6-45b9-b112-6ae6432027d5,f764f536-b28d-42fc-9e89-10d2ab66bddc,CID-102,2026-03-02,184.86,VISA,Completed,SampleGen
ca74d9dd-6c6c-4026-b2fa-1ea784949c0c,80460087-ffce-487f-b135-ea9fc573e578,CID-102,2026-03-02,1739.91,VISA,Completed,SampleGen
3ef1a6c2-5a44-4c5a-93db-604421710902,a90b0119-c7a3-47a6-8804-e036155e4b6f,CID-102,2026-03-03,592.63,MC,Completed,SampleGen
e214098e-f8c6-47a1-ae67-900bbbed7047,cd857707-577d-4a77-b916-faeba1170337,CID-102,2026-03-03,1957.43,VISA,Completed,SampleGen
08f9e569-96ef-4618-9870-f5c22322d152,2e1c2a73-aac4-4708-9992-ca2aff4f38cf,CID-102,2026-03-03,1761.68,MC,Completed,SampleGen
d294b2d9-638c-463a-b4e1-31e736fe254f,5b0c32d8-119c-4d50-8b3a-d9eff44ae543,CID-102,2026-03-04,1261.43,VISA,Completed,SampleGen
0ddfa7ce-03d6-49b4-a85d-0689e1b74ff7,94657bb2-4f40-4282-8129-431a3d7a22ad,CID-102,2026-03-05,424.1,MC,Completed,SampleGen
f2d2abf9-9972-459f-8687-3bc97110ca17,3781c844-4eaf-4704-9f2d-7ee54db3f51d,CID-102,2026-03-05,163.1,Discover,Completed,SampleGen
24a2a0a1-0c32-43c0-bd90-2443329f5e6e,5773928d-4e04-4baa-b310-9fbfe48d8319,CID-103,2026-03-03,407.76,AmEx,Completed,SampleGen
e74da2ae-cfe3-46a1-8a18-a017445b8689,f08e4ded-f8ad-4b56-b2fc-b09ab8e08533,CID-103,2026-03-03,239.24,AmEx,Completed,SampleGen
5c0e654c-960b-4f70-afe7-d46d3659fa92,8be010af-aa12-4a57-ae5d-0ad95c3581b3,CID-103,2026-03-03,369.73,AmEx,Completed,SampleGen
f4ee693d-235c-440a-9539-3b91ec0955fa,40366b89-c642-4195-9eb8-49f894185dad,CID-103,2026-03-04,1598.56,AmEx,Completed,SampleGen
c5b9c5cb-c1ff-4996-b4b8-093f0ac9b305,91a602bc-49b2-420b-a50d-6330cb602525,CID-103,2026-03-04,81.55,PayPal,Completed,SampleGen
4333d9f5-0009-45c0-8ab8-c2ff44a15932,635c5aae-a4b9-4226-9aa0-cbd5a7374a85,CID-103,2026-03-04,326.23,VISA,Completed,SampleGen
92249fb5-5834-45eb-9641-69ca08cdf69c,aaa8beb9-7fee-40ce-9234-68e73cad1cf7,CID-103,2026-03-04,685.06,PayPal,Completed,SampleGen
e4d263bc-1558-462f-9041-a6757cefda1e,b41151b2-3edd-44d7-86c2-488688d2bb1c,CID-104,2026-03-04,163.11,MC,Completed,SampleGen
46ad09c7-bf12-45be-ba75-38b2ca161de4,8703e045-6f2e-465e-8cb5-0d12024209cd,CID-104,2026-03-05,565.46,MC,Completed,SampleGen
b7a11e06-2866-48b2-b0b9-807d5a10e65b,56b103b2-df1b-4775-ae81-f8812f5d7af2,CID-105,2026-03-02,821.01,MC,Completed,SampleGen
b4b6b6c4-1de1-4d39-8d2d-20a6c908b627,2565e103-ffda-46fd-afd5-cf2890daf7bc,CID-105,2026-03-05,695.94,AmEx,Completed,SampleGen
6247804b-b757-4ae7-af0a-21d1b4a3541c,641f9a4c-e32b-4eb1-b737-0ba834f7a922,CID-106,2026-03-02,1120.07,MC,Completed,SampleGen
be5d8e98-9758-4f18-9c31-2c63698b86bf,c7f147a2-ebc8-4e09-bead-9ec66d25ac73,CID-106,2026-03-03,478.48,MC,Completed,SampleGen
0094a82f-e343-42ec-9736-63088618fed6,8452986d-2f8f-4fdd-8714-4c2030bc04a9,CID-107,2026-03-02,1011.32,PayPal,Completed,SampleGen
e55e7764-13b6-4fb5-9b9a-b96d7b1eaa1a,f13bb7bf-dea5-4c49-9169-7539fb5b1c1a,CID-107,2026-03-04,326.23,PayPal,Completed,SampleGen
c177d151-0d8f-4434-89ee-22a349e8f41a,fbbd57c8-ed35-4985-9d6c-4a17a3767eea,CID-108,2026-03-04,478.48,VISA,Completed,SampleGen
3cc13681-51f6-4c0f-94dd-b3cde61ba98a,a462a697-b577-4740-848a-03d4c714f16d,CID-108,2026-03-04,989.54,VISA,Completed,SampleGen
cab84c2d-e610-4649-b1ba-7894202580a4,23fc55c8-437b-4029-8f96-8b8f4e6994ca,CID-108,2026-03-05,935.21,VISA,Completed,SampleGen
e447ab39-948b-4aaf-bd56-709a380ea8b4,de47c0f6-e07f-4d9c-8b76-475581dbed18,CID-109,2026-03-02,1370.18,VISA,Completed,SampleGen
a05c49de-b22a-4490-a30b-404570189f21,0004d613-2492-4d35-a997-7e5ad0aaab14,CID-109,2026-03-04,924.34,AmEx,Completed,SampleGen
ce789f3d-a303-473b-9fbf-ba577e2eb206,5eea0525-adf2-4b00-9b1f-0702234e1dc9,CID-110,2026-03-02,1663.82,AmEx,Completed,SampleGen
0bf2fc77-f312-45c5-9379-ad58741364bf,22099afa-b92a-416c-b06e-fd3651f07748,CID-110,2026-03-02,897.11,Discover,Completed,SampleGen
6cb00474-56f9-4332-8e17-b57c89689008,f969d361-4a72-48ef-a16b-83f8ba81bd62,CID-111,2026-03-02,728.58,AmEx,Completed,SampleGen
40aa0b59-6741-442d-aab8-56f74e2a00ec,454535a8-c308-49d1-8385-99594985afb7,CID-111,2026-03-03,674.21,VISA,Completed,SampleGen
40621a0d-3648-43d3-97b3-a4f77542634f,be65f750-2aa0-44f5-b802-6fc7fad4f05c,CID-112,2026-03-02,445.83,PayPal,Completed,SampleGen
2e4ea34a-e1bc-41bd-86da-c4177598541f,70bed175-784a-4852-83e3-fbfd6e646ba3,CID-112,2026-03-03,804.72,MC,Completed,SampleGen
e3ca4e3c-16d6-4f34-9e90-bb9b7ff3e8a0,402462f2-a726-4a30-9e24-bc9547508b55,CID-112,2026-03-03,4061.69,AmEx,Completed,SampleGen
3cc95b08-1aa4-4131-8331-2ca40eba67ca,394b9965-5703-4d42-af91-df5197fb74de,CID-113,2026-03-02,1098.31,VISA,Completed,SampleGen
92f8f03f-f056-4c94-b507-8bef5ec2b1cd,a53833cf-964e-4de2-baee-b253427f9f67,CID-113,2026-03-03,413.21,Discover,Completed,SampleGen
b0de279f-b7db-4aac-a076-6a8053cc289e,16436c88-bc81-442b-bd14-ba84bc8755be,CID-114,2026-03-04,967.81,MC,Completed,SampleGen
d507ec07-29d2-4fab-a7af-2a0f374593d5,b124c2a4-8a82-4649-8357-9a685cbce3d9,CID-114,2026-03-05,391.47,MC,Completed,SampleGen
772e00a8-4349-4e58-9b2c-a4618bce415f,92a7dc5e-3f55-4189-bb40-30507b8be68c,CID-115,2026-03-02,782.95,VISA,Completed,SampleGen
a6764655-6ebc-42b2-918c-4b7f26a38be9,6cce93c6-232d-4685-be73-3199c0a7115b,CID-115,2026-03-02,2533.75,AmEx,Completed,SampleGen
40ccc9c1-2cc7-445b-9164-ac04168e7d8e,177aa4e0-9fde-4b02-89c0-458d35c81bf9,CID-115,2026-03-05,489.34,PayPal,Completed,SampleGen
ec5161b9-80c5-4904-9000-022ec23643cf,7d51b432-1289-4843-b222-9ec753c90a2c,CID-116,2026-03-02,657.88,Discover,Completed,SampleGen
21ae0156-8586-40bb-a28c-b26ba5fcd433,c6be1bb3-b22c-4053-81f9-c2506722dd68,CID-116,2026-03-05,2131.4,PayPal,Completed,SampleGen
6545a34f-3dcb-43c5-9e2e-a03bcef39780,4dcc3abf-9756-48c1-8299-5250d0395d2a,CID-116,2026-03-05,1076.56,MC,Completed,SampleGen
d0580a6e-f77b-42a5-bf8e-587c01f77c02,bd1fc0dd-cd4f-4d6a-8739-65555939c387,CID-117,2026-03-02,619.83,MC,Completed,SampleGen
b99e97da-c936-42ae-af01-8f4bc9099b63,3f8fcf8c-6e75-4e39-8d31-92610e37eb78,CID-117,2026-03-05,1772.54,PayPal,Completed,SampleGen
4ffa9e42-ff15-45e4-bb31-f0ad7f019cd8,ecebb341-0acc-4574-b267-60552a6fc9bd,CID-118,2026-03-02,326.23,MC,Completed,SampleGen
7602582e-65d4-4068-bc6f-54735104581f,0512cf5f-49cd-44e9-88ec-e9562eac51cd,CID-118,2026-03-04,2952.46,PayPal,Completed,SampleGen
84bf48f2-ecb6-429b-8f94-5d9a2db59eca,39b56fb7-0f05-47fb-ae61-6f9475af823c,CID-119,2026-03-02,1152.67,MC,Completed,SampleGen
b02433d6-b8c4-46b2-91bd-49ebfda39994,aa81e39f-2d44-441e-a197-538f1c69dce5,CID-119,2026-03-02,2142.29,AmEx,Completed,SampleGen
d330b9e6-b87b-4f60-8ab2-5d390a0ecbd4,4bb275c2-3c33-4bba-a311-8dbd958a480d,CID-119,2026-03-03,543.71,VISA,Completed,SampleGen
40a67237-2730-4fdb-ac6a-d9bb2765a7de,489e1cfb-1512-400e-a1e4-426bf84fc561,CID-119,2026-03-04,1076.55,MC,Completed,SampleGen
f5ea4db0-a8ec-4e1e-9c37-03bdbbee12a3,ccd15999-9675-473a-84b3-6f6a5d61f3c3,CID-120,2026-03-02,717.7,VISA,Completed,SampleGen
68356b68-be9f-4c25-8796-fe0c213dcbe2,6865c456-dd4b-45f5-80b2-6d746c906cb8,CID-120,2026-03-05,1255.96,Discover,Completed,SampleGen
d0ec86d5-81c3-4c8e-8ae8-a9355bed90f4,cf2a913e-6560-4bbd-933c-e498aa2668be,CID-121,2026-03-02,3262.38,Discover,Completed,SampleGen
9dd7744e-b8f2-4070-a69c-8d7e098743aa,136129b2-28c9-411d-ae44-0b224d62d2d8,CID-121,2026-03-04,2599.05,PayPal,Completed,SampleGen
5e0e7929-1568-4975-8c4c-42f54bad4b9c,8171bca6-e8c8-476f-b08d-694787df9bae,CID-122,2026-03-03,1201.61,VISA,Completed,SampleGen
453432e3-7441-44b4-9ede-3439f5691d42,34c12a21-ad85-4d51-8107-41227c30a568,CID-122,2026-03-03,2055.32,VISA,Completed,SampleGen
c0b2c9b5-5aaa-4d70-a912-02f8f8f5dcb2,0e9ba706-7fef-4f89-a235-7bf7eec52772,CID-122,2026-03-05,685.07,VISA,Completed,SampleGen
8bcc0377-756b-4eaf-9b67-70e9906214e0,34cdb581-fd15-4316-92e6-cf857f12f1a0,CID-123,2026-03-05,326.23,VISA,Completed,SampleGen
20fcce23-15f9-4477-ba3b-3c53807461be,5dc66ce2-5563-40a8-b648-818c30b9848b,CID-124,2026-03-02,1468.09,VISA,Completed,SampleGen
87385005-b2c5-4a3f-bceb-6421a8f5fefd,d1745d66-fec3-4847-934b-14d09b234cae,CID-124,2026-03-03,674.2,PayPal,Completed,SampleGen
112fa1bd-fb16-4bbf-aab8-224ba3d64fa5,2f50df57-72cf-46ca-930b-0ace44d281da,CID-124,2026-03-04,554.59,PayPal,Completed,SampleGen
5faee6a6-6061-4eb6-bf9d-aa2b8aa95c0b,d1b2c82f-0276-4c3a-8c37-f830f26fc79b,CID-125,2026-03-02,391.48,VISA,Completed,SampleGen
70560cb3-004a-4921-8891-aeb8973b404e,d3c2ad65-fbe1-4af0-bc68-859e216871f4,CID-125,2026-03-05,2261.92,AmEx,Completed,SampleGen
9d54d3b5-9e58-404b-b9dc-a01d4a1873df,3bcc84b5-20c0-4e64-bfd6-c696c1b40975,CID-126,2026-03-03,1696.43,VISA,Completed,SampleGen
69a91cfb-cce9-45f2-95f3-b5fcbd3ea17f,2cb0df02-5087-4e09-9860-f2c942a6442b,CID-126,2026-03-05,565.44,VISA,Completed,SampleGen
55dd8b93-aa1f-438f-82d8-981b6b1d2d33,628bacfb-81c6-4136-bed9-ffd032f41c6f,CID-127,2026-03-02,750.33,VISA,Completed,SampleGen
fc503f63-1e2a-4815-a443-e69993272915,7acc642f-0634-454f-92e8-7796c65e53c1,CID-127,2026-03-02,1571.36,MC,Completed,SampleGen
918d28bf-f125-4c04-8484-a950e4d2cbb5,a106a3de-3908-431c-831d-21872f8bc508,CID-127,2026-03-04,173.98,AmEx,Completed,SampleGen
9ccbafbc-ead9-453f-90bc-21d140453568,94890b48-736c-4496-a3e4-80f75ef0c25b,CID-127,2026-03-04,358.86,Discover,Completed,SampleGen
2d611adb-6112-45a6-8d92-d29f34b33818,af0d3bfc-f976-4b59-9758-7e1cbfd887d0,CID-127,2026-03-05,1609.43,VISA,Completed,SampleGen
3749b65a-6bfe-4ba2-bd1d-75b0196a5818,fa32c768-cd13-40c9-babf-af156970e787,CID-128,2026-03-04,1359.32,MC,Completed,SampleGen
8e69be1f-44f8-4ab1-9108-ac5d3f4122da,b6ff2b8a-f322-4d61-a108-851fab119d49,CID-128,2026-03-04,1174.42,Discover,Completed,SampleGen
567b470d-cdf9-4b9c-8944-ca7adbc3cf07,b05b3cb3-6fbf-47d9-b031-c148207b2124,CID-128,2026-03-05,195.73,MC,Completed,SampleGen
523920ed-9dea-471c-9079-7344eff14098,98849480-5973-4572-a226-c931655d9c7c,CID-128,2026-03-05,1152.68,AmEx,Completed,SampleGen
86eed794-941c-4ab1-8c44-003ea0a7836c,536f40f4-3a6b-42ff-af2b-1dde072b779f,CID-129,2026-03-05,946.05,VISA,Completed,SampleGen
23e8c0ae-6b47-4eb6-9158-4e2eb52e80a0,1c05ca94-b056-4e6b-8dea-a0fed2205b00,CID-130,2026-03-04,1217.93,VISA,Completed,SampleGen
22305b9a-7ade-4d04-968d-6f21bbd50c37,f3d41713-e5d7-426b-aa0a-4c4ebadf1799,CID-130,2026-03-05,902.57,MC,Completed,SampleGen
cf9ea55e-38eb-4e5a-bf07-108ef8b14eaa,0a101f9f-5c9d-4c37-b632-67aecdca0ac8,CID-131,2026-03-04,489.36,AmEx,Completed,SampleGen
a81b0ec7-c07f-423f-91f4-1d814de30264,1934456b-8fe2-405e-8f9e-cfff4d2dab3a,CID-132,2026-03-02,967.82,VISA,Completed,SampleGen
6d01a4e4-f28f-4911-a229-8f6a12477e3d,a0ad87e3-ca06-4453-a696-a971e6bbdf8c,CID-132,2026-03-03,2055.29,VISA,Completed,SampleGen
6dbd76b2-fcbf-4427-938e-bd73792aff09,cf600346-e676-48fd-bcaa-a4d0525465f8,CID-133,2026-03-02,619.84,MC,Completed,SampleGen
b7beea7a-4053-46af-b7e2-be3933c4938a,1406dfce-fb78-4096-933d-08beb571bef9,CID-133,2026-03-03,848.18,MC,Completed,SampleGen
b578c07b-570e-456f-95fc-371827369e70,8da7aa0f-8542-4d92-8caf-23b5a6234a3b,CID-133,2026-03-05,1054.79,VISA,Completed,SampleGen
352e72b5-04b8-4172-ac6b-edd41be6ac1a,dee7142a-7b99-4800-9365-5ef0dd73be17,CID-133,2026-03-05,1892.16,MC,Completed,SampleGen
3e09f1d1-ead0-4ed8-b06b-863e746caf0e,0cee2d2f-435d-4a12-82d0-e8165f32571b,CID-134,2026-03-04,1163.53,Discover,Completed,SampleGen
1cd2cb77-dffe-4b3f-a894-ef3a8c1e50f7,7ba75d01-7e93-4a93-bcac-c4eaf7aa3479,CID-134,2026-03-05,1631.2,AmEx,Completed,SampleGen
449e927e-c2ae-449e-b723-059967d96e05,41976d16-7b8d-49e1-bbe0-6fb1e20dcdf2,CID-135,2026-03-03,326.23,MC,Completed,SampleGen
67ec35b9-4575-4ad6-9e80-97de6aae6a93,0c8d2760-e29e-4e2f-ae1d-4810317ab7ed,CID-135,2026-03-04,2098.81,Discover,Completed,SampleGen
a976d9e6-d3a2-427c-8c25-ea0991257e77,044634a2-990e-4af5-87b8-e9485775931e,CID-136,2026-03-03,1924.79,PayPal,Completed,SampleGen
1b1760ec-546a-45e9-b736-2f66902aac9c,5de4d5e5-cee0-40f8-aa3e-fa493c9225f1,CID-136,2026-03-03,195.73,AmEx,Completed,SampleGen
c8b1e981-3add-43b3-b119-a28e5f55c76e,5b0b2ece-32e7-4ef8-8ef6-fc8ce29cdd90,CID-136,2026-03-05,244.65,MC,Completed,SampleGen
fe820fb3-2bbd-4e41-bb33-0de825c5eea4,05ba6ddd-023e-4dba-be3d-7492c279fbb8,CID-137,2026-03-03,2664.27,MC,Completed,SampleGen
dd299086-4295-4b5f-bef5-d171098c6cdd,90f53bf3-79a2-434e-a4af-20056cb474b4,CID-137,2026-03-03,86.99,AmEx,Completed,SampleGen
d1233ea1-ad5b-4409-9268-093df6e838db,a653163b-cb41-4ebb-be07-205e2934a32b,CID-137,2026-03-04,1283.19,MC,Completed,SampleGen
7153fe95-d196-4696-a8bb-c1bcc4b75fd9,86fe0f67-ebd7-4f18-a5e0-2aa82d1ea425,CID-138,2026-03-02,1892.18,Discover,Completed,SampleGen
7c3225ed-0403-4531-ada6-2d1d7c753d36,a9cd1c71-ba7d-4e7e-832d-11ef7ae54ce3,CID-138,2026-03-03,293.59,MC,Completed,SampleGen
80ae7d21-c0eb-4bf6-9461-1fc222a040d9,5601f6c4-43e7-4f41-8cb2-1d8fe23053b4,CID-139,2026-03-02,2055.31,PayPal,Completed,SampleGen
9ca118f0-6438-457e-af8c-76aff3beb783,f90e0150-f594-4c19-a635-6d984a7f437f,CID-139,2026-03-05,869.94,PayPal,Completed,SampleGen
349b0297-f62b-47f9-af11-0fa7ed7b9b56,66f8d0b3-b087-42fb-8436-dbdbc280301c,CID-140,2026-03-04,195.73,Discover,Completed,SampleGen
a3f8cfc4-b877-4764-b8a4-2123e3a40027,104a2599-8c2d-432c-9676-fad10b5600d8,CID-141,2026-03-04,304.46,Discover,Completed,SampleGen
e999793b-e9f2-4ca3-bb0a-98f47b66f422,0f1c9719-35f7-489f-bf8f-a0801f27df89,CID-142,2026-03-04,1424.56,AmEx,Completed,SampleGen
a8368cd8-567c-4c87-9221-2b4ccfa1ac95,fe2a9096-6c72-4842-b60c-7cceaf08401d,CID-143,2026-03-05,1065.69,AmEx,Completed,SampleGen
4ece6681-635b-4319-9a34-137bbfbce3c7,9f53554f-9841-4391-bd48-b7e6c23ed94b,CID-144,2026-03-03,2066.16,VISA,Completed,SampleGen
c5bbc65d-fc9f-4aaf-80cf-b571c82d87ae,21385199-424f-4ba8-b944-bc717fae0e6a,CID-144,2026-03-03,978.69,PayPal,Completed,SampleGen
c52f5ace-cab8-4291-8ec4-3803300a9269,026afd21-ab34-4bb9-817a-f42bf9313b8c,CID-145,2026-03-03,598.06,PayPal,Completed,SampleGen
feb57fc4-8f28-4aef-8543-af8327de0f2c,abc7cd6c-abe3-43cf-a0c8-46a5c1d87d26,CID-146,2026-03-02,1337.56,VISA,Completed,SampleGen
10a65b7a-0c3a-4c0f-a941-b6d3aea86d45,3913220a-5014-4dc5-af62-094ec028ebcb,CID-146,2026-03-03,804.72,PayPal,Completed,SampleGen
8988aaa8-32d4-4092-a907-dccd0e6dd5cc,4481f01a-c18a-49f2-9ee7-fb65f766a76c,CID-147,2026-03-02,1832.34,MC,Completed,SampleGen
7a0e155a-9148-4927-9627-59cf93631b8c,4e252a79-8f1b-4e8a-8c90-c77dc8c2ef87,CID-147,2026-03-03,402.33,VISA,Completed,SampleGen
cb0fbaa1-bff3-49aa-828b-66c1e94d4e90,ba4ec627-7c14-4a3c-ab71-8e379c8ee166,CID-147,2026-03-04,1935.66,MC,Completed,SampleGen
fae684b6-1da6-494d-b384-a432f64f44d8,cef3e0ae-d1cd-457d-90af-272c87b21bf5,CID-147,2026-03-05,1337.57,AmEx,Completed,SampleGen
e5a7f627-bd2f-4acc-a595-6043435f761c,8de2fd97-6559-471a-a23a-767d75d60ae8,CID-148,2026-03-04,375.14,AmEx,Completed,SampleGen
d7b4fd64-4a5c-47ca-bfcb-e11a1a5cd086,e7d4411b-1035-4af4-afa5-c5bdee3c1b57,CID-149,2026-03-02,859.07,MC,Completed,SampleGen
e8442909-2488-43c2-871e-46405e1b6930,35c7f45d-28af-4509-bdd2-296e3e331c9c,CID-149,2026-03-03,2642.54,AmEx,Completed,SampleGen
c9ae18b1-5561-4c4f-8cb8-7e7c3a340a9c,5b031546-d3c6-431c-a902-8e556a22952e,CID-149,2026-03-03,1304.93,VISA,Completed,SampleGen
a130ee65-0063-462e-9ea3-e3f10e753184,e08265ea-473b-4a62-961e-9f070f283e32,CID-149,2026-03-05,2936.18,PayPal,Completed,SampleGen
a3b62d20-ea56-41e6-9ca1-c824d0bf9dda,7d44e680-e6e8-45b0-8299-e4739dfc3072,CID-149,2026-03-05,576.31,VISA,Completed,SampleGen
a9894d37-59df-4674-bd71-2f8213543e5f,3f208a79-1792-44bd-862d-7c3585bcea26,CID-150,2026-03-02,1935.69,AmEx,Completed,SampleGen
ef02f7e0-1d21-42bb-a52c-5ef0e9eb0de3,4e27de8a-1938-4233-8e1a-1238c21b2b77,CID-150,2026-03-03,772.07,MC,Completed,SampleGen
7324a512-b878-4eca-b46d-2ab66a466acd,7ac77cde-3a2d-4afd-a3d9-bfae383d6885,CID-150,2026-03-04,967.8,AmEx,Completed,SampleGen
a315248c-c8d7-48e9-ac18-cf7bdbba4ae2,74a0035f-f5d0-4582-b811-223ef3c1b98d,CID-151,2026-03-04,478.48,VISA,Completed,SampleGen
16e43c9d-81d3-4d3c-8aa8-a72503a6625b,65cb87bb-7138-4bb2-a91f-851fb2711a93,CID-151,2026-03-05,2370.68,VISA,Completed,SampleGen
5ccffe25-b5c5-4891-8ad6-126389d90519,a73d1ee5-db55-485a-9776-5ef061776810,CID-152,2026-03-04,1250.56,VISA,Completed,SampleGen
aadbaeb8-901f-483b-893f-833098af3a1a,f4105fc7-7154-4d02-a58d-cef29cca497d,CID-153,2026-03-04,587.22,MC,Completed,SampleGen
a1e2cf85-7dcd-4f87-a7a5-0a4fe595d7e1,99788847-78b6-4ed4-aa3c-1a3e1c37500b,CID-154,2026-03-03,478.48,VISA,Completed,SampleGen
2ad1e134-25a2-410a-b4e5-1c4790b6b470,78690fe1-12d8-4cc4-8b9d-c6a40db15ea1,CID-154,2026-03-05,97.86,Discover,Completed,SampleGen
f662b406-b8b6-4857-8efb-c631d0f257d8,1f3334e2-1d0e-43d1-b71d-fd0afe6a3c1c,CID-155,2026-03-02,1707.32,PayPal,Completed,SampleGen
3bf8e1b2-46f0-484e-987c-e0f7b7d5bb53,929ffac7-e05e-4fe4-84e7-39cefa4f598f,CID-155,2026-03-05,815.56,AmEx,Completed,SampleGen
b108bc4a-de07-4cb9-8f4c-df6b3780d90f,bcab56ea-fa8a-45b1-8a03-d160ac48050f,CID-156,2026-03-02,2055.25,MC,Completed,SampleGen
716f4d2d-dfaf-492d-8436-94ef5c07a1f5,5a9ef373-ff36-469b-984d-fcd0c6d258be,CID-156,2026-03-04,2479.4,Discover,Completed,SampleGen
d4270c5f-07d8-4e58-a4c8-9bcd10a5989c,99c501e9-4c85-4b32-ad95-2feb046660a6,CID-157,2026-03-04,1951.96,Discover,Completed,SampleGen
2c6234e2-2e24-4bf6-8830-f0f143613d77,f23bd82b-af41-4881-b296-791d69294298,CID-157,2026-03-05,173.98,MC,Completed,SampleGen
f72f8c2b-ce89-4f2f-b6c3-f6d3d3e5fd07,04756922-3e92-4da3-9b63-e5087f3fb15b,CID-158,2026-03-03,1473.51,MC,Completed,SampleGen
29443c9d-f4ae-4c5a-9643-229ea1601273,bcf791f7-8890-406d-8d07-13a9126355b8,CID-158,2026-03-03,3708.27,VISA,Completed,SampleGen
2e6621de-637e-4fcc-98d8-655bc2565559,7aa8f91c-a5ff-484b-8fac-348e89a867fc,CID-158,2026-03-04,402.35,VISA,Completed,SampleGen
10767bfb-51f9-4ea5-8515-9f6c4ef66a49,ad03bf61-7a34-47bc-85bd-04a11470667b,CID-159,2026-03-03,358.83,VISA,Completed,SampleGen
742a2598-b131-44f2-b40a-d551f91893d3,43a60977-ba67-495a-8f46-1048e8d5c804,CID-159,2026-03-04,1043.95,PayPal,Completed,SampleGen
a71808f2-f245-45f7-bcd3-6c6ca32b654b,83181a0e-3a0b-4674-8b8b-77f3be325ae3,CID-159,2026-03-04,260.97,MC,Completed,SampleGen
b1e2f383-c5b7-42f2-8b8d-3296b7bb90da,03cf0da7-2ab8-4150-a839-2e70a1c2922c,CID-159,2026-03-04,1076.57,MC,Completed,SampleGen
0e33c16c-1257-43ab-ae3c-d8ff0f798eb5,3b75e16f-604b-46f8-baf4-f11b65630592,CID-159,2026-03-04,1011.26,VISA,Completed,SampleGen
01829b8c-2eb4-4638-b962-795995407b50,99e4dabd-9e54-40fb-96fd-ced0400ad2e3,CID-159,2026-03-04,1837.82,Discover,Completed,SampleGen
65483a28-c547-49d5-8bac-aed7c5b012a4,431dd46d-2362-4acb-b6fc-67a81f07ea45,CID-159,2026-03-05,587.22,VISA,Completed,SampleGen
e23b3e47-6c2d-4af5-b710-602b0007d33c,d7b0b086-d212-43ae-a5e4-9b89569d1e51,CID-159,2026-03-05,206.61,AmEx,Completed,SampleGen
fe23979a-2ce4-4544-ba45-4195e3dba03b,e828bbfa-d3bd-4188-ab7a-f5286327f422,CID-160,2026-03-04,489.32,VISA,Completed,SampleGen
71b4cc93-0e9e-4518-ad6c-b71066e2d8c8,394ce13a-54ae-468b-9440-6c1f6c30deed,CID-160,2026-03-05,1000.45,Discover,Completed,SampleGen
c81060b7-628d-45c6-b52c-8249a0577dc0,73dc9c41-cc08-4630-a8fe-7c1faae8f9a7,CID-161,2026-03-02,2620.76,VISA,Completed,SampleGen
9b181c15-9604-4aa6-898b-d5e862a248e7,a6f3f52b-e0a3-4b0b-960f-e17f3d6add96,CID-161,2026-03-03,1207.06,AmEx,Completed,SampleGen
c766eedd-9d0c-4be6-a30a-3527be988beb,7d55ecf9-e674-452d-b269-4c6151e771e5,CID-161,2026-03-04,913.43,Discover,Completed,SampleGen
9c879901-55cd-409b-83e0-915ea6d756ca,8a8a3558-ebe6-4ad9-a917-fd3657363eb7,CID-161,2026-03-05,2044.42,MC,Completed,SampleGen
45b4e243-f304-469d-97ff-b3770596dbed,1b7efde1-7336-4ac8-8311-86505d2392d4,CID-162,2026-03-02,1130.91,AmEx,Completed,SampleGen
5bdfeae2-4e4d-4ef7-9fc4-423f3a4e37ab,7ec4f87c-0580-4593-a148-872b18baf751,CID-163,2026-03-02,1696.43,MC,Completed,SampleGen
0fa4bd31-2bc8-43ec-a785-94bb0426c919,03ca67dc-a2d2-49c4-9dfd-9f0a4f835d89,CID-163,2026-03-02,1087.41,AmEx,Completed,SampleGen
0bbd6e79-89cf-4db2-916c-95aabd42ff0e,58cfba77-896b-408a-89a4-d9e9ad08b169,CID-163,2026-03-04,1864.95,MC,Completed,SampleGen
b4315b86-dc42-4d1f-b1ff-7e1e40f5fbca,2cdf1865-4367-4cdc-abe9-19a64f808e50,CID-163,2026-03-04,782.93,VISA,Completed,SampleGen
78dd1fe9-6c75-46c3-9aa7-2a48cf56dead,a636380b-56fb-49bf-b850-81808ba14716,CID-163,2026-03-05,1168.95,Discover,Completed,SampleGen
6e80b238-682b-45b9-896c-bb303a34d004,2a702c2d-36ef-4c39-8663-ac315a981263,CID-163,2026-03-05,1016.75,VISA,Completed,SampleGen
34a1a850-a309-489e-a9bf-2988256d1168,f602c59b-cd39-4c91-bfcf-771b338c1045,CID-163,2026-03-05,86.99,MC,Completed,SampleGen
15ccacd6-b402-46a9-b821-5c2c047eea5f,f2091290-e109-417c-9e90-f38d5ab8828c,CID-163,2026-03-05,184.86,VISA,Completed,SampleGen
94a4f06f-22bd-4af9-aacf-14bba567f5f1,d812fdb5-bbd1-4671-a144-23963a7c7823,CID-164,2026-03-02,2631.67,Discover,Completed,SampleGen
52d3a661-1206-4a2f-8f30-1706c99bd261,8755036d-28ec-4e6a-b67e-0dc2c2b9c7d3,CID-164,2026-03-05,424.09,AmEx,Completed,SampleGen
c0fcc117-e47a-43b3-9710-65df38b0994a,14bf9ed1-192e-48ba-a3a9-dc2d5c4214e6,CID-165,2026-03-03,782.95,MC,Completed,SampleGen
c1964b85-81f0-43f1-a88c-ad312c3f0657,9627fe8e-fcb2-48bd-bb53-6fe5ace4df2d,CID-165,2026-03-04,1391.96,Discover,Completed,SampleGen
34b54099-2f7c-4bc5-9191-aaafec2b1e1f,b3801f8f-31cb-4307-b468-d8bfd525abea,CID-166,2026-03-02,206.61,Discover,Completed,SampleGen
c304f4c8-3cb0-4caf-a93b-809801891f1f,c3c8d101-33c3-448a-8bdf-abc07bcd9ea1,CID-166,2026-03-04,532.83,VISA,Completed,SampleGen
33196a09-e58b-4a50-b246-256ff63106c2,2f58935d-7c12-4382-8ffc-60694ed471e1,CID-166,2026-03-04,554.59,VISA,Completed,SampleGen
c729f2f6-9158-47b5-89b9-a3ffb675b8a7,017a4bbc-33f3-41b4-a3f2-4bc176782f1e,CID-166,2026-03-04,1370.18,AmEx,Completed,SampleGen
b71950a8-1056-4c08-b4dd-e94188dab63f,69944f77-c148-4e26-a8e9-04ca75f6107c,CID-166,2026-03-04,1381.06,AmEx,Completed,SampleGen
1f58892a-fee7-4f61-b969-4cbce2ec5f03,1c8737b1-2594-402d-b87b-44709676829e,CID-166,2026-03-04,2098.77,MC,Completed,SampleGen
b24a8efb-2ce7-47c7-9ebb-5d200d56c3fd,595accb3-43f7-4986-aa58-ea4039869c3a,CID-166,2026-03-04,1837.8,VISA,Completed,SampleGen
b84a39d6-dca3-4b96-bf34-a2895535f47c,17196a2e-c986-4f88-8ae1-1355db7a9071,CID-166,2026-03-05,1326.68,MC,Completed,SampleGen
a6dc7d06-6a9f-4793-80f9-e850285e1ecb,8ba48ce5-8e9e-466d-9a14-c134898a5aec,CID-166,2026-03-05,391.46,VISA,Completed,SampleGen
feb8c708-f4be-43e8-9c73-e828a1b965d1,21ec3c69-8193-4ba8-9606-c6a4baf9eba9,CID-166,2026-03-05,1076.59,VISA,Completed,SampleGen
c2d137a9-b2cd-4333-8917-831da2cb5143,09705f06-004d-4929-b209-142e704d5d95,CID-166,2026-03-05,1076.58,VISA,Completed,SampleGen
9bec38f8-96b7-4376-a779-2bd3f2e291cd,6c81054d-a890-4eca-8e66-eabb8ad69ffb,CID-167,2026-03-03,2566.39,MC,Completed,SampleGen
ade376e7-9116-43f4-b981-fbb461034a4b,778df291-3363-476a-94fd-c22e39a97c68,CID-167,2026-03-03,521.96,MC,Completed,SampleGen
b2d2c4ab-7520-4217-a3fe-09af51b9adc4,4715bc28-3caa-472f-9f93-0ef5073a6a9a,CID-167,2026-03-04,413.23,MC,Completed,SampleGen
6e2eed31-804e-45f5-a4ff-05cfcc124534,f08c8ccf-64d2-4235-81e2-c27e3e795c90,CID-167,2026-03-04,1022.17,VISA,Completed,SampleGen
71780ca5-b65a-43dd-921f-a4004cccf973,756ba1aa-f8dc-450a-a04e-1c19527eab6d,CID-167,2026-03-05,489.33,MC,Completed,SampleGen
66fd6165-da69-450e-8ba7-5d79ee1f4749,fdd821bf-5383-4830-9c38-5c46aa6cf9f0,CID-168,2026-03-04,1435.42,PayPal,Completed,SampleGen
8ff97dc3-e22b-4508-8134-5c254986a784,92f088ba-64b9-43c4-9679-c443cbac5afd,CID-168,2026-03-04,717.73,MC,Completed,SampleGen
448600c3-e54f-4cd2-ab52-a21bba31ac7e,a070e2c0-47fc-4d7f-bd6d-96141a065d83,CID-168,2026-03-04,717.67,VISA,Completed,SampleGen
009984d2-e7a5-49c1-ac15-2c84be22e43d,01c10f8b-ec2c-4cdc-9d1a-d591730708fa,CID-169,2026-03-04,864.48,MC,Completed,SampleGen
e9f3d631-17cc-4689-9139-589033b54f41,69c84206-7a43-47a7-b581-d9b06304c6a4,CID-169,2026-03-05,1185.34,VISA,Completed,SampleGen
fbe6bb47-1862-499a-8c64-059b78b3d18f,5873a8de-c263-4c96-9b17-a167faaf50b9,CID-170,2026-03-02,1005.88,VISA,Completed,SampleGen
5f10c44b-4e2d-45bb-80ed-88123a571c4f,40f1a468-7b94-4b2d-b0c3-f4f2947c065f,CID-171,2026-03-05,1348.4,Discover,Completed,SampleGen
106613ad-4cfb-4235-b4cc-c5af5960a460,b563ad2f-3800-406d-88d6-bc458fbe610d,CID-171,2026-03-05,967.82,PayPal,Completed,SampleGen
2ff3cab5-497a-4e57-aed0-70dd2f658f94,24b4fcf2-c08a-451c-8145-f7746087bd72,CID-171,2026-03-05,326.23,Discover,Completed,SampleGen
e252ace2-d293-4fdb-b3fd-6950fa4ff917,0f339f27-3621-4b37-880b-d539b2177aa0,CID-172,2026-03-02,652.45,VISA,Completed,SampleGen
c37ceab4-74a4-408c-adca-e778be34662a,08c04bd5-a458-4c11-8e9f-5364ea383284,CID-172,2026-03-02,1598.57,PayPal,Completed,SampleGen
dc7116f3-1f12-47ff-9a1b-a6d86b8e8c61,8956a6a1-68e5-4afa-90b1-92ee74046a39,CID-172,2026-03-02,619.84,PayPal,Completed,SampleGen
af3a2f5c-c9d0-4fdc-b097-ac99d0a39db5,32db3426-79c5-4da6-a3d6-07d2b7a8c3d3,CID-172,2026-03-03,1968.31,AmEx,Completed,SampleGen
e4dbe367-c2a3-4706-8da7-db3e9695f74e,6cca4834-f706-43aa-b33b-03bd10c1e82d,CID-172,2026-03-03,2055.27,VISA,Completed,SampleGen
faae79c3-b2f3-4d25-8d70-14fe73187eaa,f482aee8-bf39-48cd-9cac-37c2713c0052,CID-172,2026-03-03,3131.91,VISA,Completed,SampleGen
ae302112-0ccf-4d7b-a62c-96fe9126ea36,0029496e-d082-4b42-8bbd-f399b8493c3b,CID-172,2026-03-05,663.33,AmEx,Completed,SampleGen
8816f52a-3caf-44a3-998d-cb95dc125a15,411b8563-98ef-428b-a71a-4ba64a7b3b84,CID-172,2026-03-05,1174.41,AmEx,Completed,SampleGen
a4a78e63-767b-4ffa-b1a8-f8d69b48099e,b5dd0365-e507-49d1-9035-63099000f38e,CID-173,2026-03-02,2251.05,MC,Completed,SampleGen
516acb57-3de2-4ab6-9d54-0431e22804cf,03ac1563-1426-476c-a957-ebab1ebccde5,CID-173,2026-03-04,1701.83,AmEx,Completed,SampleGen
abe67419-cf34-48cc-8bb9-070b24882d50,58df6a0d-6e74-4189-92a1-57947220e8cf,CID-173,2026-03-04,2283.68,PayPal,Completed,SampleGen
9e205765-dfd6-46eb-92ad-7d79717db10a,6726c8fa-1abf-4e78-b0d6-62b303367462,CID-174,2026-03-02,326.23,VISA,Completed,SampleGen
1ce795d4-c269-40ac-a5fb-7781f34a80e8,dc612a02-47c2-4f9e-86c2-2698f4dbdbc3,CID-174,2026-03-02,1065.67,VISA,Completed,SampleGen
69758344-b5a6-4fe4-a875-f089ac179e7c,0e3146e4-78ab-45a9-8f07-8a3ce9256dee,CID-174,2026-03-03,1816.0,VISA,Completed,SampleGen
05e33f77-7ff1-4472-9ce1-7022c183ddc0,9c994ebc-be37-46e3-a90e-4bc768d16e1a,CID-175,2026-03-03,815.59,Discover,Completed,SampleGen
c788d6be-360a-4aee-805d-e63db3fdb101,3a8d0210-f758-43f4-9e9a-2621e51c2bd2,CID-175,2026-03-04,619.84,MC,Completed,SampleGen
5c639582-5ca9-468c-8514-4d9de4022c84,865432e9-33c3-4324-a20a-ba992238bc95,CID-176,2026-03-03,391.48,AmEx,Completed,SampleGen
3568ba26-1207-44c4-89c1-98e9cf998511,fe16af20-90a2-49f3-b530-96685d6ac386,CID-176,2026-03-04,1130.93,PayPal,Completed,SampleGen
6ea526d7-bb7f-4b9d-919c-d49a36102767,c4d51e24-a9ad-497d-993d-750d88f2eeb9,CID-176,2026-03-04,1859.53,MC,Completed,SampleGen
31dc51d6-9fe4-4eac-82e2-2ab6fae666ef,ff140237-df46-4f9d-80c8-0197672df531,CID-176,2026-03-05,1277.73,AmEx,Completed,SampleGen
787f4cbb-8ffd-43a0-84ba-9d85df29dd1c,1fe15299-69a6-4a11-930e-584518b4881c,CID-177,2026-03-03,1794.31,VISA,Completed,SampleGen
68be5cf9-5318-4c03-92a5-de41bbb6e0a6,838a67d2-8783-490b-bad6-3882e895f2ef,CID-178,2026-03-03,434.97,AmEx,Completed,SampleGen
04ba9580-b404-484a-9a6a-b2752b2f9981,547a0cd7-22e9-4fb4-9abe-9acdde9c88f3,CID-179,2026-03-03,347.98,Discover,Completed,SampleGen
4741b6d0-6db6-4c24-96e4-8b7910602383,76cb4d0b-b28c-4c61-829b-78db98b17731,CID-179,2026-03-05,163.11,PayPal,Completed,SampleGen
9f7f6799-dfac-4ee3-b649-b6bc95fe641d,622a25be-205d-4386-9292-cf82ce31ddba,CID-180,2026-03-03,424.09,PayPal,Completed,SampleGen
50850d5a-1c1d-4080-836b-575dd24d4ffe,c78763e9-0f62-46de-9a07-e0cb916cf50f,CID-180,2026-03-03,1468.09,AmEx,Completed,SampleGen
5e1e3bbd-177c-456c-a674-2adb04e84c89,7bfacccd-be99-45e5-98c6-fb413e9e6673,CID-181,2026-03-02,761.21,AmEx,Completed,SampleGen
875cdffe-3e7a-4c37-bc3d-3341a1ea4eb1,4de41b59-fb76-4544-a4ae-18d22a6ff28b,CID-181,2026-03-04,1468.09,MC,Completed,SampleGen
23984ea2-715a-4b81-b9c8-eea791311d01,4a3b89c7-35c1-484b-9f4d-7d6969ea03ba,CID-182,2026-03-02,978.73,PayPal,Completed,SampleGen
ac6ea73f-25ce-4627-9c67-c2e0af090564,bb4ecb0e-9e8d-4147-a105-14c75c084247,CID-183,2026-03-03,1022.17,MC,Completed,SampleGen
8475eda5-2119-4498-87a6-0940cc08ae18,f93b3a2e-2d23-41b7-96b7-bde3730da631,CID-184,2026-03-02,206.61,MC,Completed,SampleGen
4b1d3d05-282e-4113-a194-f9aaa498c9fe,80d0977e-4c86-42d8-aa2e-5fe673bcee6d,CID-184,2026-03-03,97.86,VISA,Completed,SampleGen
7994494a-b2c6-43b6-a158-17920c9d14e1,a42b2480-a39e-4bcc-962d-86288a9de217,CID-184,2026-03-03,195.74,PayPal,Completed,SampleGen
5fb89d33-2a46-4d7c-a10b-dbac92a58b19,00f65f8d-6e77-433f-97b8-308ac242aa51,CID-184,2026-03-03,1261.43,MC,Completed,SampleGen
d5ac8d3d-31dc-46b8-855e-9be249639b26,4b518a82-b314-4c16-8e94-272b1476744d,CID-184,2026-03-05,1065.68,AmEx,Completed,SampleGen
a338cc74-8c43-4941-ae78-200f3b33f944,395f13fb-067a-42df-ad73-87fbbd4bb959,CID-185,2026-03-04,1147.21,MC,Completed,SampleGen
ef8eb15c-8462-427f-bffe-7f60a1332988,a52c6b4e-7f7a-49d3-8190-e74dfe32c567,CID-185,2026-03-04,913.42,VISA,Completed,SampleGen
f43cf2e4-ac9b-4a3a-a0d6-43b161555fb2,f3cd2685-0d28-4c7f-a0f4-4bbd46c7c8e9,CID-185,2026-03-05,935.18,AmEx,Completed,SampleGen
10a7b941-262f-4264-800b-5321304ec85a,e72ef915-c89e-4049-b700-a7f56f5b585e,CID-185,2026-03-05,1120.09,VISA,Completed,SampleGen
ffb1fba1-853e-42e3-8beb-5b2cbeb411e3,2af32f21-7660-4ccf-92e5-c40d878ba0b7,CID-186,2026-03-05,978.73,MC,Completed,SampleGen
7a7f5e06-50e8-4a32-9e5a-db4142f9af5c,a1f913fd-4e2c-420b-a997-7fa09eb462bf,CID-187,2026-03-02,1826.88,VISA,Completed,SampleGen
ce22ccbc-2bd9-4835-89e0-efa4a048c502,5530663f-2d27-46b8-b427-5d1cd3a267af,CID-187,2026-03-05,1794.28,AmEx,Completed,SampleGen
41de5505-b6ce-428a-a33b-796ce2c6f650,045c08b0-637e-425f-b206-5a4fb16cc691,CID-188,2026-03-02,1837.79,VISA,Completed,SampleGen
24fec736-ab0c-43bf-b686-f998eb267c00,3e6983ba-9c1f-4863-9cb8-1a7960ef8476,CID-188,2026-03-05,1348.44,VISA,Completed,SampleGen
b165b90e-6873-4574-beee-f9a1d638d086,9918ae4c-2435-4d29-9e73-084f0a0bd36a,CID-189,2026-03-02,260.97,VISA,Completed,SampleGen
4e049db3-0a56-496e-a72d-3fa5bb44cf65,f8f98e9c-1633-4bd0-add7-b85851879487,CID-190,2026-03-02,1141.79,MC,Completed,SampleGen
4a70c14e-c0fb-43e2-9764-e8e841633345,ee38914f-9a09-42d9-a030-f9f47feabddd,CID-190,2026-03-04,1011.29,Discover,Completed,SampleGen
0d3abc72-147c-485a-8759-8a4d3f5afeb5,5411ec61-5cb7-4601-869a-b664ab0e9914,CID-191,2026-03-05,1435.46,PayPal,Completed,SampleGen
791994f6-6e61-484d-af85-23765ed8734c,8e78d578-ce65-4339-9820-415099e9c65b,CID-192,2026-03-02,141.36,PayPal,Completed,SampleGen
91705026-c45b-43a3-8fa8-c18e63cba122,6b9fb1ab-b86b-44f2-8357-6610cc6f0735,CID-192,2026-03-03,282.72,MC,Completed,SampleGen
6fcedfb1-8b2e-48eb-ae88-1760389c92b9,a77d3e28-d570-432a-8b62-a0722db5241c,CID-193,2026-03-03,1054.81,Discover,Completed,SampleGen
f016bf50-fcaa-4ba8-94f2-8f23faf70fc8,4b706e67-0eb5-477a-ba37-def9a93e8648,CID-193,2026-03-05,2055.32,VISA,Completed,SampleGen
458345b1-86d3-4ffd-81ce-63e67d3bf20d,41e4de0c-c178-4926-a168-5f86828b703b,CID-193,2026-03-05,706.8,Discover,Completed,SampleGen
3692c50e-4d73-4df3-bb3c-a6f3373acbab,5ef72261-00f9-4fcc-a19b-ac76babec35e,CID-194,2026-03-02,326.23,Discover,Completed,SampleGen
104445a5-e92d-49a9-a56d-ae45edfee55d,8f17272b-d3d8-4cb1-b9c2-fb666a3d5068,CID-194,2026-03-05,956.97,AmEx,Completed,SampleGen
2a9fb443-6219-44d8-9a9e-4bc2630c750b,2318eb69-bc1c-40f5-aca2-26c9bddea8a9,CID-195,2026-03-03,1598.53,VISA,Completed,SampleGen
bd5cfb05-f87c-4af3-8ccb-7e449dcd5528,4490cf17-8d0a-49fa-a9f3-5638b0d635ad,CID-195,2026-03-05,1892.18,VISA,Completed,SampleGen
02d94816-903b-41a8-a6b5-4e787f766706,50308b1e-113a-41cd-92a0-692a38bfa75e,CID-196,2026-03-02,521.97,PayPal,Completed,SampleGen
25e6a9c1-1168-4afc-8fe3-55dc3d5552ec,00b4c480-86e1-4d8b-8250-34010ecf1d23,CID-196,2026-03-05,1250.54,VISA,Completed,SampleGen
6e060cac-4bd5-4588-89a0-ee279512078a,cdc72404-2d23-4294-a810-3e7855ebb2e2,CID-197,2026-03-02,1011.29,VISA,Completed,SampleGen
23db2d32-03ce-4f84-b2c9-84ff5c329d8a,46e68132-ec5e-43ec-81d2-13ce3b34c0c4,CID-197,2026-03-02,554.59,MC,Completed,SampleGen
18a12ee6-0d63-496a-8bfa-f2ab1738d18e,1a253ace-1dc4-48d0-8379-66e25123e57b,CID-197,2026-03-03,173.98,Discover,Completed,SampleGen
669fb4ff-58b7-4d53-a40a-6fc9718a97bd,b25d6e41-9899-409f-9b6d-1c12c702643a,CID-197,2026-03-03,1076.59,Discover,Completed,SampleGen
d8bd177f-7ce0-47e9-a265-ad9400f2d025,660f6cfd-9214-4894-9ccc-ac3cfd63af10,CID-197,2026-03-04,554.58,VISA,Completed,SampleGen
eb46d60a-14ce-4444-92da-29278a9e9666,7394d503-9cb4-4c13-816b-bd81afac6916,CID-197,2026-03-04,282.73,AmEx,Completed,SampleGen
27fc112a-509a-4002-89a8-87ee39583e84,25f90620-e981-4127-bff7-9ba2e2eebf5e,CID-198,2026-03-02,1924.8,MC,Completed,SampleGen
6a08272b-2e9c-4706-bae8-e24a4818ad71,342a4216-8b52-4433-b092-0e49689e5069,CID-198,2026-03-02,2251.05,VISA,Completed,SampleGen
0873dc36-d5fd-4849-83ac-63e8e08139b5,233fe9a0-4a2e-45eb-8448-dafa6cdc2bd7,CID-198,2026-03-02,282.72,MC,Completed,SampleGen
66cefbea-e1bf-4338-8b4b-839fa1707e20,a78d89d2-c161-4ff5-ad48-839180143432,CID-198,2026-03-04,304.47,Discover,Completed,SampleGen
10e3b0bb-afb0-4447-be56-c8b2bdf36e75,3d63694f-4250-46ca-a332-581acb08c350,CID-198,2026-03-04,97.86,AmEx,Completed,SampleGen
548a822f-ed91-497c-a096-b399c9a5494c,20a38d79-caa3-4b90-8763-394b440f30b4,CID-198,2026-03-04,902.56,VISA,Completed,SampleGen
e4b9e9d1-5cb0-4d7b-8138-f8e5e10eb0c2,5dd6c57d-e776-4df9-9066-d8f8e288e43e,CID-198,2026-03-05,717.71,MC,Completed,SampleGen
5f1aa566-b8db-4c29-a403-974cd106e7e1,8eb4f40c-50ce-4a2b-99a5-b1ce116a544c,CID-198,2026-03-05,184.86,MC,Completed,SampleGen
145814dc-bbfd-49cf-b682-4d1f2e88db99,ac18696a-18ff-4951-9d2f-13087562a14a,CID-199,2026-03-02,815.57,MC,Completed,SampleGen
9b05e143-ff55-4a17-afa3-89877d979c3b,b2e31a68-2198-4c44-91bd-889b7358d9c5,CID-199,2026-03-04,1435.42,MC,Completed,SampleGen
29064dea-09a7-443a-886f-1b5e6871a881,90fc88d9-ed8e-4b88-a2c5-b0c81ebc5133,CID-199,2026-03-05,1511.52,VISA,Completed,SampleGen
069fdcc3-c955-4469-bc7b-4c2474adb656,8877f4ca-8603-4b52-8b5f-df817d92131c,CID-200,2026-03-04,233.79,Discover,Completed,SampleGen
12307630-8a74-409f-93f3-3864d6037a5c,8dddcf22-ad56-48ea-b4a2-a1f79fd0e9ab,CID-200,2026-03-05,913.45,Discover,Completed,SampleGen
0946e028-2ad0-47bc-ae0d-0bd8abe76308,527f7ecf-1a5f-4ba8-964b-b62ef841ed8e,CID-201,2026-03-02,2381.52,AmEx,Completed,SampleGen
6110de18-55cd-46b3-b1ee-bc0ded59f074,fe24d5b1-5574-4437-bf60-ae3ec55bedd4,CID-202,2026-03-03,184.85,AmEx,Completed,SampleGen
cc5780f3-5601-47de-80fe-db081ba99a5a,f0b194d7-027c-4456-9e74-cea783529b4a,CID-203,2026-03-02,598.07,VISA,Completed,SampleGen
52dbc79a-75b8-4195-8047-9c8bbd5ae393,6e890a89-db06-4338-9cb7-c9b0e60fbb11,CID-203,2026-03-02,293.59,MC,Completed,SampleGen
9763fabb-d930-4430-a348-fd0b67104d22,4ea2da4f-79be-4301-bc6a-1117c8bd6c5c,CID-203,2026-03-03,195.73,AmEx,Completed,SampleGen
4a191a72-9835-4e19-af5f-8d59d7a90f43,9c91b7ea-6364-49cb-9b16-d5df9cc6c620,CID-203,2026-03-04,2033.56,VISA,Completed,SampleGen
9f5ef3c1-0c72-4313-9080-4e2252a1163c,3c204e57-081a-4e31-a82c-d1fd27a399dc,CID-203,2026-03-04,1941.11,MC,Completed,SampleGen
9f12862c-aef5-4214-9cde-4fe8811b7a10,91415db3-3f7e-4c57-a44b-94ad1c851f92,CID-203,2026-03-05,184.86,VISA,Completed,SampleGen
33f87d8a-6430-4896-87df-203d7ccdea2f,f09329e6-1d85-47a1-a492-bf183fe0d174,CID-203,2026-03-05,3262.4,MC,Completed,SampleGen
415b7d77-b3ce-4f00-a3fd-86223f6a3a39,d564fee1-1e4d-43c2-b821-7a63789780a1,CID-203,2026-03-05,1642.05,MC,Completed,SampleGen
e6953a9b-6635-4834-a512-717eb4e6c0af,e05780d0-4127-49da-a969-2ed5fc79f457,CID-204,2026-03-02,1457.18,VISA,Completed,SampleGen
88e7f687-c413-4901-8e4b-e313f3a7e7e5,df5772c8-6a15-4968-9f60-a17931f450fa,CID-204,2026-03-03,782.95,Discover,Completed,SampleGen
50f4f92c-7446-4a9f-89c2-8b7949c68f5f,3b108564-0b7b-45fd-a158-ace206d101d4,CID-204,2026-03-04,652.45,VISA,Completed,SampleGen
402c7cd3-5c27-4a64-bb2f-d849d5d1412b,e5ff976b-f9b7-4d1a-a09d-8faab54abf27,CID-204,2026-03-04,1777.99,MC,Completed,SampleGen
eb29d257-fea0-4ec1-95eb-8a58fa8e0ecb,71ad8d85-75d6-4729-a7d3-394d5d129d89,CID-204,2026-03-04,478.48,Discover,Completed,SampleGen
d4a51b92-a59a-4150-9f90-f5210ac52d3c,79bfffdb-9bd8-4d7d-acb2-18e811f76832,CID-204,2026-03-04,81.55,Discover,Completed,SampleGen
5f599590-0973-418f-8f1f-c3a98c668361,5248ef4f-5567-4464-9db3-baa054dff51a,CID-204,2026-03-04,695.97,Discover,Completed,SampleGen
275bc7d1-c044-4891-9874-27c587d9f535,900a74e9-0b72-493f-b401-594fc6259afd,CID-204,2026-03-04,293.59,VISA,Completed,SampleGen
c1251c13-0a9b-499d-911d-fbf6843af2d7,90aac5e1-234d-4dff-9a43-f19aa9049c2f,CID-204,2026-03-05,445.85,MC,Completed,SampleGen
287ce720-53b9-46ec-9e00-cb5dda1af8f9,176f8d47-02a1-425c-b021-3cf5ff4c1ed5,CID-204,2026-03-05,1402.79,VISA,Completed,SampleGen
361f067c-3526-40a1-859c-1924913c2f57,a0a2ce56-0f28-491a-a270-b922117811b1,CID-205,2026-03-02,1272.32,VISA,Completed,SampleGen
99f49763-092d-4103-825d-ce215758e037,7d01ef3c-dbd4-4ed6-8270-e573b3af7b48,CID-205,2026-03-03,924.29,VISA,Completed,SampleGen
0ad3ce15-218f-4a96-b8f6-1064967f9f80,6ed48f5c-cf7f-4216-9dc3-79da9e8ef2ab,CID-205,2026-03-03,282.72,PayPal,Completed,SampleGen
33fcd751-1778-4834-a08f-1896f49e3601,8068ebc0-77f1-41a6-838b-025774175ab0,CID-205,2026-03-03,293.59,PayPal,Completed,SampleGen
bcca8eff-1892-4019-af4a-cd5fb32f5cb9,bd9c09b5-6e3e-46d5-ba17-d365dbe15d85,CID-205,2026-03-04,195.73,MC,Completed,SampleGen
e46906f9-f6b8-4b7c-b56e-1ab9dc5aaef6,e3a75ace-79be-43a7-89bc-a296fd3d5505,CID-205,2026-03-05,293.59,AmEx,Completed,SampleGen
4a6b143f-7281-4958-b2c7-d7f21650ae4a,6be257a0-8511-49c0-9d11-5eaa9cf74920,CID-205,2026-03-05,358.85,PayPal,Completed,SampleGen
653d9c04-08b0-414c-bf3d-515ef7f54c51,a641823f-cd7c-422a-bdf2-a3f42d9e22b2,CID-205,2026-03-05,1837.82,MC,Completed,SampleGen
012d8642-1ce9-4451-9f18-017529c2ab5b,ac97e801-2676-4574-adca-7efadfa71919,CID-206,2026-03-02,1076.59,MC,Completed,SampleGen
1233acc7-0692-4afc-aba5-4c3a271c7e94,3551d01b-9da9-4c69-a795-0394d6de7c77,CID-206,2026-03-03,793.83,VISA,Completed,SampleGen
a8e098e1-7fa1-4955-8574-89137e1cd14e,2c83c3f9-ff2b-4f7b-8d3c-b112045d93e0,CID-207,2026-03-02,1468.09,VISA,Completed,SampleGen
f1f1912c-a396-479d-8b7d-df32d4198ae7,2d76a8c8-4258-41d1-9fae-c231989035dc,CID-207,2026-03-04,195.74,MC,Completed,SampleGen
466fce06-b8c6-47e3-bdcb-9689669b9d61,d4fd9dcd-1d5c-4805-9816-6a72c11f5433,CID-208,2026-03-04,1217.95,MC,Completed,SampleGen
8b222133-4fad-4fb2-8310-9941a74c49ff,5e67c972-6c17-4a51-9554-566b89489f90,CID-208,2026-03-04,848.18,VISA,Completed,SampleGen
63c74f33-9955-4b67-b0a9-60b8c7225c5e,7cad5426-3e93-443e-81b8-103c0918222e,CID-208,2026-03-04,1875.87,PayPal,Completed,SampleGen
24dec06c-711a-4d3d-9ac9-2a540d09df4e,86220ba2-36e4-4194-ab39-1a0cc06b74e5,CID-209,2026-03-03,358.86,VISA,Completed,SampleGen
f530407c-1050-4042-8a57-9710630fd570,71ba2cd1-81bf-4159-9092-acc01292d581,CID-210,2026-03-03,3784.38,AmEx,Completed,SampleGen
d9d15bf3-fa8e-43bc-b99e-0ef87b7c4a40,355f7d8f-fbc5-480c-96f0-38def735a0a9,CID-210,2026-03-05,1506.09,AmEx,Completed,SampleGen
df705a6d-59f1-4617-be9f-a7febf78c802,94d4fa16-f70e-41ff-aee2-c542d67edf2d,CID-211,2026-03-03,195.73,VISA,Completed,SampleGen
a2b0575f-c47a-4791-8abe-d4b7bc602756,8f780029-7dae-42d3-925f-6060b178aa14,CID-211,2026-03-04,1892.18,VISA,Completed,SampleGen
6903a83d-0ca9-4e72-a0c9-aab77cf900c1,3bf339e7-b402-4582-8f83-31d6c4f23e65,CID-211,2026-03-05,511.07,AmEx,Completed,SampleGen
08c2178a-7905-4812-b0a0-69e2e5d30554,69af792f-dedd-43f4-97f3-60b5aadd1778,CID-212,2026-03-02,880.81,VISA,Completed,SampleGen
3f1f6bdf-3cd7-4023-888e-574ff31f1083,760af242-926b-4110-8411-5cbc37ecb951,CID-212,2026-03-03,978.73,MC,Completed,SampleGen
ee1bd217-ca68-441a-a77f-bc3fbd8ef696,02fc5440-0940-4791-8a97-9871e5f292fd,CID-212,2026-03-04,521.97,MC,Completed,SampleGen
e274297e-bdb3-47cc-9dc6-ca51e6b0efed,744d5ec8-3e7a-4a68-9d79-6cf1367015cb,CID-212,2026-03-05,1457.21,VISA,Completed,SampleGen
b061b184-e7b2-4c88-8371-0a63ff372b3a,23ebde94-cb2b-4e37-9a2f-3863dfd84ba5,CID-213,2026-03-05,489.34,VISA,Completed,SampleGen
26ee6749-1571-45a8-ac34-42341ecff221,215b2b38-3f30-494b-98a9-6b93b8c18c05,CID-213,2026-03-05,1391.92,MC,Completed,SampleGen
85e59a3a-c3f7-4373-b3fb-0a05f780e1d3,00475423-096f-40f3-adbd-a9b4cc10b6d0,CID-213,2026-03-05,679.64,VISA,Completed,SampleGen
755d8bb5-457a-446e-ae57-21979bd3fc14,550cc02f-d8da-44bb-9bde-299550434606,CID-214,2026-03-03,782.93,AmEx,Completed,SampleGen
ed6f3b70-d2d9-4c88-8543-fb9f7a875754,f0c329fa-4c07-4f67-b143-dd96359420e7,CID-215,2026-03-02,1598.57,VISA,Completed,SampleGen
03165536-9acc-47d3-83cf-3593280ee148,81c93cff-8238-4876-87fb-c7927d2d8a08,CID-215,2026-03-02,1631.19,VISA,Completed,SampleGen
18935b96-299b-49ab-bc29-fd84b83e2583,32d11ee7-7eb6-490a-8bf0-0c704c9278a9,CID-215,2026-03-03,630.73,Discover,Completed,SampleGen
f12ca7a5-cbb7-443a-8099-84bbf67ba4c2,6a3af071-fd4f-47c1-9659-eee1dba19f5d,CID-215,2026-03-03,173.98,MC,Completed,SampleGen
0eaf8a80-360e-4320-b526-c9762f022b46,a55a361b-3e6a-4f16-8eab-6b0496bffed4,CID-215,2026-03-04,1468.07,VISA,Completed,SampleGen
0aa94fd4-8f26-40fc-98a8-874bfb051dad,6940816b-8aeb-42c0-aa78-eab2db384924,CID-215,2026-03-05,1957.4,VISA,Completed,SampleGen
64634210-f005-49ef-9580-9d161cebdeb9,8af70288-7a35-4ec7-a27c-a4eb9501d32b,CID-215,2026-03-05,1011.32,VISA,Completed,SampleGen
2fde7e0d-eb45-4710-be2a-ff93a2623bd0,cd852b5a-519a-461b-9aa9-cd4340ca9cff,CID-215,2026-03-05,913.43,AmEx,Completed,SampleGen
80c9628c-1146-440e-aba3-21a24ca957e4,13fbc1ac-bce2-4e4e-9204-5a3543028cca,CID-215,2026-03-05,782.95,VISA,Completed,SampleGen
ec85349d-1416-422e-b1ea-64a0c80b3a0d,22645e1c-df84-4dac-9e0d-40e441fde2b4,CID-215,2026-03-05,1076.59,VISA,Completed,SampleGen
a2f35e90-860f-4e8f-a3b9-54b049630d56,364dc17a-7c59-499e-ae33-faf05290c244,CID-216,2026-03-03,260.97,VISA,Completed,SampleGen
99702a2e-46c6-4d4a-8ff8-4a0ff5caa43a,97904a27-804e-4e52-a757-5393ce76dd91,CID-216,2026-03-05,1054.8,Discover,Completed,SampleGen
ae9a9542-3bf7-45d6-ba58-1db1648470bc,58c63f5d-2864-4c18-812f-42ebf33a5b11,CID-217,2026-03-03,1043.95,AmEx,Completed,SampleGen
199b7a7f-fbcd-4f89-bea3-ed3ba3b501d7,83642694-fd47-47e7-9ee6-cb23fe82b708,CID-218,2026-03-03,1598.5,AmEx,Completed,SampleGen
1d5dab12-af92-4221-82ba-e8e8b5be2bc1,97f0e022-bc81-4c7f-b36c-7a236588b98f,CID-218,2026-03-04,543.7,MC,Completed,SampleGen
09a100d2-e3b9-4167-ac77-ceb3a5a8b5f5,1f6c4034-b2a7-4322-baf2-5b3fb51be21c,CID-218,2026-03-04,1011.31,Discover,Completed,SampleGen
4cd0e4d3-b440-4c2d-b790-ccfffb22b570,a8f1c72a-d8a3-4179-b680-bd9487a26c8e,CID-218,2026-03-05,967.84,VISA,Completed,SampleGen
f1917fa1-80b6-47e4-bd05-ae8678346cd8,34a56e34-5917-4dd6-be04-2630db7accb6,CID-219,2026-03-03,1130.92,PayPal,Completed,SampleGen
c91ef584-9549-41a8-9d98-6de6ca1e593e,3af0301c-c286-44b5-b063-690148ee269d,CID-219,2026-03-04,260.96,AmEx,Completed,SampleGen
a4e577c0-a899-400d-ae22-2ec2fa7be99f,35095fdb-49f0-4fed-a786-443b9dce0a72,CID-219,2026-03-04,1185.3,MC,Completed,SampleGen
ccc31095-5c56-4f66-ad4f-b909b4c17fa5,b75ecbe9-9ba4-43d4-8ad8-d4e08f675694,CID-220,2026-03-02,2425.02,VISA,Completed,SampleGen
d73b9737-9bde-414d-bd4d-350ac61940e8,02acfa6b-24f3-4607-b4d4-d5f5b4e67ec0,CID-220,2026-03-03,1033.07,VISA,Completed,SampleGen
3ee70b8b-257c-4933-9a99-a98ed89b6c32,b9109f73-9d38-4db7-b949-cc322a57f4a1,CID-220,2026-03-03,2740.4,PayPal,Completed,SampleGen
616e3420-56fc-4705-a3d4-a78c1e27c515,bc74c658-45a1-44ef-ada4-b3c7b9a4d143,CID-220,2026-03-03,2011.8,VISA,Completed,SampleGen
55334e47-81c8-4ac9-ac2b-cf3486e42f55,fe033d13-765c-4363-a83e-850b89725cf8,CID-220,2026-03-04,554.59,AmEx,Completed,SampleGen
941fe746-8910-49b9-9c4f-f1a02cbfef5a,2d937714-5df9-448b-b484-46587f004c28,CID-221,2026-03-02,587.22,VISA,Completed,SampleGen
af750329-6652-432b-820b-c52830af5cca,bce0c803-f15d-4b49-8090-65ff77c82657,CID-221,2026-03-03,1261.46,VISA,Completed,SampleGen
cd81d95d-5622-492f-b078-5c47ab7af723,b506bd0f-e96a-4c77-b2a0-661bbc3f2639,CID-222,2026-03-05,1761.64,VISA,Completed,SampleGen
7655dce1-93c9-4ab2-a7df-44a3b629ffd9,4b87ea06-3948-4f1b-b788-a14e100ec87b,CID-223,2026-03-03,1631.15,PayPal,Completed,SampleGen
6edc9ae0-c34c-493d-bdd9-c8d341fa2e47,46bef8e1-9026-46e7-a485-e530e7a317f9,CID-223,2026-03-04,978.73,MC,Completed,SampleGen
2110b8c9-4518-43d3-b3d5-3c876226adff,fa65ea15-daaa-4328-9352-af09dce0dfee,CID-223,2026-03-05,309.9,VISA,Completed,SampleGen
df1bf0e3-0faa-4266-8214-1a528ef5f5da,455b8f9a-9926-4f44-9fbe-41e2c63479e2,CID-223,2026-03-05,2185.77,Discover,Completed,SampleGen
5333ced3-92aa-45a8-b722-1e72dd4c5425,a6171973-b4ef-48cb-93f6-840be69121d6,CID-224,2026-03-05,978.65,PayPal,Completed,SampleGen
8ea74764-445e-4d16-8c36-2757c91adb97,89a482fc-7580-4db2-8743-2deb1dcfc4f6,CID-225,2026-03-02,1250.55,MC,Completed,SampleGen
7c2242c8-41f4-47e2-815e-cddb4d5f2504,41e7ca17-6b5d-49e2-ae4a-4c7d0eacf5cd,CID-225,2026-03-05,206.61,VISA,Completed,SampleGen
a6afc952-14a0-4b09-a6c9-3fbb87f90e61,95c96f7b-a99d-4648-acf8-7b4c91b64d75,CID-226,2026-03-02,837.3,VISA,Completed,SampleGen
9331c39a-42a6-48f9-9c87-adc2337db75b,f7fea743-86a9-42b2-a239-d84b02fff921,CID-226,2026-03-04,1750.79,VISA,Completed,SampleGen
5592aa02-f840-4e8d-b0d0-cc564c233934,f52c4a4b-2b29-46d5-978e-50415ddadb02,CID-227,2026-03-05,663.33,VISA,Completed,SampleGen
d02adcdd-3e5b-44ef-984b-9b456a14fc63,38ce3a2f-b91e-4cc5-a027-f914e8ad0687,CID-227,2026-03-05,1239.65,PayPal,Completed,SampleGen
d07c4402-71f1-407f-962c-4d0df1665920,3afdc2b7-6873-4e12-9a32-b46f35157de2,CID-228,2026-03-02,956.97,VISA,Completed,SampleGen
03b8ca52-a7af-4400-b76b-1022628bb954,64abeb48-9621-456d-8f87-594d64ae9032,CID-228,2026-03-05,195.74,MC,Completed,SampleGen
7494e4c3-7f4e-4ba5-b882-f7af2aab853d,f9f4ddf9-d316-4af9-9a27-da16f787754e,CID-228,2026-03-05,2185.81,VISA,Completed,SampleGen
95bfeb10-de39-44ee-9ed1-f172f2b225d1,b8ea7424-1480-455e-9bf3-d7e130886d5c,CID-228,2026-03-05,1794.3,MC,Completed,SampleGen
82326f58-bfe5-436c-9990-189ba694d538,1f355f0d-28a3-48ee-bff5-25d6f6c1fd65,CID-229,2026-03-03,859.05,VISA,Completed,SampleGen
6c9e779b-20a3-40db-84fe-cfd888e7ec45,6310a465-90dc-475f-813a-40b735e7fcf9,CID-229,2026-03-04,674.19,AmEx,Completed,SampleGen
68174d7d-fc98-46e8-89bf-d32e663c4772,a5cde8df-6bc7-4f7c-aaac-9d4bee768864,CID-229,2026-03-05,793.82,VISA,Completed,SampleGen
9571b6c5-1986-4494-b15a-92adde2207d2,5447c999-93d4-4c4e-a363-39e4e63968be,CID-229,2026-03-05,1076.59,AmEx,Completed,SampleGen
00902d7b-5f46-48de-b537-bd91fd7a453d,efea9c9f-c17c-40b8-ae40-430d20328b22,CID-230,2026-03-03,1718.17,Discover,Completed,SampleGen
5a394ebf-8d54-421b-9b2d-78ec156d5394,2088aac2-5f5c-424c-8be7-6aeb1d04a101,CID-230,2026-03-03,97.86,MC,Completed,SampleGen
126da5ce-4d9e-4c51-afee-72160f5fdb32,d772d8a0-27a4-4506-b346-6e32ac15a40d,CID-230,2026-03-04,956.95,Discover,Completed,SampleGen
bfaa2721-829f-41fc-8173-d3cf055133ad,112e1313-8ab8-4892-b391-79a66b2254fb,CID-230,2026-03-05,989.56,PayPal,Completed,SampleGen
3305b832-2ede-4e19-ae2b-d997c836e873,46e4d1d1-41ad-416c-b3ca-bbef19d9b6d3,CID-231,2026-03-02,1272.32,VISA,Completed,SampleGen
91f6982b-ef6b-4385-81f7-6b6b4e884ca6,df92e4c2-8fb9-413d-844c-fbb8f4472fbe,CID-231,2026-03-04,1266.83,Discover,Completed,SampleGen
ad7f4b5a-50ea-47a5-89fd-d765f61f6175,034cd7b9-9e3a-4bf8-a471-aa0859536e11,CID-231,2026-03-05,1511.53,PayPal,Completed,SampleGen
84b7d139-2bc3-4cbe-9c14-eb9afaaf7bc6,73227c20-2d12-45d1-a0f7-348b1414bf1a,CID-232,2026-03-04,1500.68,VISA,Completed,SampleGen
7eb78ca0-a578-4244-bd21-78c02d83c6c5,c2206fc4-b1dd-4c76-9c85-894c24f771c7,CID-233,2026-03-02,81.55,MC,Completed,SampleGen
dbc2966f-066a-4bce-892f-f46efb55c03e,a382bbdf-8a12-4282-a82d-87e85f5e0a22,CID-233,2026-03-02,97.86,AmEx,Completed,SampleGen
d38e60fe-e51a-433a-9c18-7334f83cba68,36065ae5-a127-498e-9a07-476299461a8b,CID-233,2026-03-03,652.44,AmEx,Completed,SampleGen
6daee3ab-8a99-4291-b70a-6f1dc0bc98b1,0be5c733-7ecc-4d9b-8ce4-0a5b78389963,CID-233,2026-03-03,424.09,AmEx,Completed,SampleGen
c5091e7b-8fa2-4f5e-afa3-b478f17bc55a,44b36498-18d7-4b76-9678-761da295a248,CID-233,2026-03-05,1729.06,VISA,Completed,SampleGen
9cbb04ce-c6d4-435a-996a-d61c1c83718f,09b82500-243a-4f6e-bf63-8a1ffdb9d7bd,CID-233,2026-03-05,1272.32,Discover,Completed,SampleGen
de457835-862e-46d3-81c7-9e1cecec3e98,773961cc-a838-423f-a6b8-ae0afea8885e,CID-234,2026-03-03,163.11,Discover,Completed,SampleGen
3c470727-332f-46e7-a3bf-0762b850fd6f,1af8b66e-5e5b-44bb-bea6-9159039478bf,CID-234,2026-03-03,260.97,PayPal,Completed,SampleGen
e7ba5ea7-93a2-40c0-8646-0c7e3b5d872f,6cb3141b-8af4-41c0-97ee-5dd2d722c0a7,CID-235,2026-03-03,630.69,MC,Completed,SampleGen
320333d9-b458-49b9-b9d5-95ee7a43d9ad,3dd6e815-6808-4211-a977-cfa881ea0ea2,CID-235,2026-03-05,483.89,Discover,Completed,SampleGen
b69f2995-b884-450f-88fb-3ba25e78ffaa,42f712db-4c0e-42c8-9a84-ca0024ccc67a,CID-235,2026-03-05,1098.31,MC,Completed,SampleGen
8bb46ff5-71bc-408d-95f6-852d8f0fdf17,11eefa27-631f-486b-a513-b7cfed0e6327,CID-236,2026-03-02,1979.16,VISA,Completed,SampleGen
15786d1d-3e5b-4d4f-891b-b762179c0fbd,736d328e-0c58-41b8-b89d-23353d8b3386,CID-236,2026-03-03,913.45,VISA,Completed,SampleGen
baf325d0-1bb5-4f73-ba2d-c4735c33aa20,345b77aa-2819-4892-a923-63495c67443d,CID-236,2026-03-03,902.58,Discover,Completed,SampleGen
5f71c749-e802-4d0a-9c10-c8005b622f7c,e634c1ed-281f-4a3f-b508-0aa5158f7189,CID-236,2026-03-04,913.43,VISA,Completed,SampleGen
12368670-91c0-41ef-b33f-cc96bc64059d,62778a4b-2e7f-46b9-80dc-c9f0958f2cf7,CID-236,2026-03-05,1370.17,AmEx,Completed,SampleGen
7e946b06-0046-4271-b787-387eb33aa0f9,221d67e1-5bbb-45dc-84fe-d19963f28516,CID-237,2026-03-03,2773.02,Discover,Completed,SampleGen
a924110b-e793-4ff2-a65d-8dbebebb5146,47616b8d-7c88-445e-ab90-cbcc5cfb663b,CID-237,2026-03-04,1098.29,MC,Completed,SampleGen
f7c9cb3c-443a-4ce6-9919-17e1ecb023db,97f498e0-9ff7-422f-bb7b-8501ee456012,CID-237,2026-03-05,1370.21,AmEx,Completed,SampleGen
7e503fb6-2fb6-4358-9f72-624c4579997e,b91119db-2b5b-4936-a7b8-2942c585bd8c,CID-238,2026-03-04,358.83,MC,Completed,SampleGen
83436753-46d0-46b3-9682-6c2d24329447,94edc1d6-9214-449b-b76a-f6662690edfc,CID-239,2026-03-03,391.46,AmEx,Completed,SampleGen
797b78a3-9e08-43d5-8e92-b1d85925d9b0,9917a57b-5ad2-4ed8-a0fc-9e8409f86cb1,CID-239,2026-03-04,946.07,PayPal,Completed,SampleGen
ee7f07d8-9493-402e-a5d8-64982cc53346,e5227f2f-21e3-40fd-8a2c-79511790e382,CID-239,2026-03-04,1207.06,MC,Completed,SampleGen
1f33c74d-6087-4f89-8d96-bfc8e2eee490,7f9a411d-3319-4eb9-a682-5c0bdb194c5f,CID-239,2026-03-05,1500.65,AmEx,Completed,SampleGen
6986a24c-8c1f-4393-a04f-7e2e9590d591,62cf2116-1030-40bb-8331-c89394f2042b,CID-239,2026-03-05,1196.16,PayPal,Completed,SampleGen
4da5eff1-a443-44d6-a479-052e75cd2049,fb5db7f4-78a2-43a7-b78a-dbda81744744,CID-240,2026-03-02,826.41,PayPal,Completed,SampleGen
aa654792-a07d-44b9-b1a5-bdd346ecf25e,296dac72-fcac-4c6c-bba9-0b8a05207f72,CID-240,2026-03-03,826.44,PayPal,Completed,SampleGen
b9506b52-fd44-48de-9d68-8ee68f33624d,4ac1dd39-a2d0-41aa-af7b-a0e8cb0ca775,CID-240,2026-03-03,978.73,VISA,Completed,SampleGen
0a1a11eb-8568-4ed5-8670-2727ccf4fab0,064e53bd-ddd8-481e-a415-fd6cf8fd6f3e,CID-240,2026-03-03,293.59,VISA,Completed,SampleGen
eb9cd2c4-a412-4002-8e1a-206042d83b2f,c2b89e49-6909-46df-b6ce-f3485c733ee3,CID-241,2026-03-03,1663.78,MC,Completed,SampleGen
f24d4a5e-b6b8-4715-9712-41bc24efe0af,3e529c54-9820-45a1-a628-d34afe9566d0,CID-241,2026-03-03,380.59,AmEx,Completed,SampleGen
aa376020-777f-4667-9d40-8727f6a27db7,9c138f15-7c1a-4d16-8cf1-931fdedabbf5,CID-242,2026-03-02,413.2,AmEx,Completed,SampleGen
030a5c69-815a-49e0-a039-672ea2b2f186,e0f38539-1ea4-4caf-9839-f7ec0633c898,CID-242,2026-03-03,1359.28,MC,Completed,SampleGen
b9d1bbd8-8044-46ee-8dc5-05a3d7166cb1,ca288623-020d-41db-9b4f-75b773c7b00a,CID-243,2026-03-03,913.46,Discover,Completed,SampleGen
1c934485-d6cf-4506-9fda-e49f607da15e,13b63a34-a0f9-479e-b5ba-f97cb5ee8453,CID-244,2026-03-02,685.09,PayPal,Completed,SampleGen
cf3c7c14-b821-4486-88a9-f0a1bdc7e1de,943e3bc5-a27d-4f3f-8033-532d78568716,CID-244,2026-03-03,706.81,MC,Completed,SampleGen
27607f8b-eb22-4a55-8945-10ae7746523b,d1e6a4b2-0908-4b82-8c89-26031de2ca54,CID-244,2026-03-03,1881.27,Discover,Completed,SampleGen
c3237980-3b15-43bb-ac53-ea62dac7e620,f0d00323-8145-4f64-8cee-6e7ad7688e35,CID-244,2026-03-04,2512.04,PayPal,Completed,SampleGen
b7b8bedf-0a92-4ab9-a025-e75b5ed50cc3,f54314f9-c1d5-44e7-a64d-e760e544f09e,CID-245,2026-03-03,717.68,Discover,Completed,SampleGen
78e58eec-d5df-418c-a116-bd1ab4a8033e,16823a6f-f1e2-4641-919e-a8b91ea802f2,CID-245,2026-03-03,195.73,VISA,Completed,SampleGen
f0b795a3-2673-4c8d-80bf-2b9e99519f9d,8ca31bdf-2192-4e4a-9624-6fe795c6200d,CID-245,2026-03-04,1990.03,MC,Completed,SampleGen
a68ec38c-85f9-402c-b9af-5a006052544c,f4169537-ee53-4d62-9fa0-970f6b2cfbe8,CID-246,2026-03-02,804.71,PayPal,Completed,SampleGen
da5fa828-c6a8-4057-8542-9c11637344f4,f04c3ac3-e9c9-420a-93f0-a17e9f25785b,CID-246,2026-03-02,195.73,VISA,Completed,SampleGen
9cea9833-2259-4c21-b7d1-faa447393b0b,772f1bb4-4be1-48a7-a5e6-d58164373287,CID-246,2026-03-04,913.43,Discover,Completed,SampleGen
694c4081-2edf-4e06-bcb0-b14781899aa2,fd4b1ed8-0ca4-4945-ab07-b65e535250a9,CID-247,2026-03-02,532.84,MC,Completed,SampleGen
a0dd7e91-10b0-468f-be6f-1030ead13a64,7bde4d27-9c64-4c66-95ba-cc546fc12062,CID-247,2026-03-03,717.72,MC,Completed,SampleGen
a605d4e8-b234-4f8f-b012-a5f8a459d924,b7ab29e6-40ba-430e-81a9-f1b0064ad807,CID-247,2026-03-04,864.49,VISA,Completed,SampleGen
c755258f-0700-4a98-b1ac-8e6829451179,dde29f23-e170-4e7d-a924-2f0e0abf3aa7,CID-248,2026-03-04,2316.29,PayPal,Completed,SampleGen
59858579-62c5-4878-9c86-d7cc1d0454ef,61cbc4eb-de6a-4d93-9e46-dc063a910515,CID-249,2026-03-03,1087.38,MC,Completed,SampleGen
4b221e90-4e39-4bbd-99f8-b02803f52f70,db461b2a-5923-4e9e-a281-287dd7ef442e,CID-250,2026-03-03,2000.92,PayPal,Completed,SampleGen
4691abac-2004-424d-b1a6-9d67d9c5f68f,ba21019d-1f56-4ce4-babd-11d35f7d05f5,CID-250,2026-03-04,978.73,Discover,Completed,SampleGen
ac98ff22-b6c5-421c-a106-2b7ff0e0e95d,43097f59-9627-47cd-bd42-9af6edbda92f,CID-250,2026-03-04,1370.18,MC,Completed,SampleGen
776acba5-1aca-47a4-99cd-a53ea10f1f42,aa34689b-7984-4227-9125-895b66d40188,CID-250,2026-03-05,1413.68,MC,Completed,SampleGen
df850b69-086d-4945-be17-09d5b4681b87,6cbed66e-47cd-4834-9e98-459e3caac85b,CID-251,2026-03-02,674.21,VISA,Completed,SampleGen
22286c32-7786-445d-95d8-3373b2142f14,3ac3df63-38d7-43bc-a97c-cb1a57324e89,CID-251,2026-03-02,1261.44,VISA,Completed,SampleGen
e02ddbea-4775-4f07-a691-ba5a5664c881,6d56713d-837f-4df8-9986-60ef87964582,CID-251,2026-03-03,369.71,VISA,Completed,SampleGen
364467c9-96be-4e07-a5e0-2f90aa2c39f8,57d9dbf9-33dc-4e17-be77-ee758fa37df3,CID-252,2026-03-02,380.59,MC,Completed,SampleGen
b855590b-43a4-4a05-921c-a418f8e29fa8,93b4a224-0778-407e-bdec-723f35842f7a,CID-253,2026-03-02,685.07,MC,Completed,SampleGen
b6a4797a-acbf-4f80-b776-40b395d25d05,7d864f31-3f1b-4164-bd30-86cebac85432,CID-253,2026-03-02,489.36,AmEx,Completed,SampleGen
b50a9d38-aece-4349-be2f-c43787b4b04c,46dac203-3763-4a3b-aaec-9ffa14b627a8,CID-253,2026-03-03,456.71,VISA,Completed,SampleGen
1cab369e-6c48-4c96-8244-2c2a7d7dc3d7,9bdf349b-ae53-487c-8901-0a30c289104e,CID-253,2026-03-04,1022.18,AmEx,Completed,SampleGen
ff3994c5-8f33-4682-8143-204104e6e093,8aa4a2c4-6b1c-4e20-a7f6-5d7e3a4851f4,CID-253,2026-03-04,293.59,MC,Completed,SampleGen
4bded881-9f30-4e1d-aca6-2c34e75c0e76,625792e4-3634-4345-97d6-c2ecc5f6adbd,CID-254,2026-03-02,2925.27,MC,Completed,SampleGen
022ecdaf-3543-42c3-870e-9449bbc4ecba,e1b2b9e1-e397-466b-90b1-a1566982ecb5,CID-254,2026-03-03,380.59,VISA,Completed,SampleGen
d24e30db-ed0a-4c06-b8de-9322fa9cc0cf,3c9e1342-203d-440d-a01b-9e07527fea9f,CID-254,2026-03-04,1120.04,MC,Completed,SampleGen
9bf447fb-5fdc-48fc-86bb-a63a5c78e052,344c7658-0fdc-4146-9fe6-61d955755344,CID-254,2026-03-05,1076.59,AmEx,Completed,SampleGen
0b36df78-6364-4517-af2b-44e9f3a85921,1adcba72-0bfc-4162-9823-be784539725f,CID-255,2026-03-03,619.84,AmEx,Completed,SampleGen
4c468258-58f5-4012-bda8-fd7838f5f46b,d4861a36-f537-41d3-8d81-e3829d0be151,CID-255,2026-03-04,951.51,PayPal,Completed,SampleGen
3ac870eb-d24d-4110-9a37-d848da85d05a,cae51aa6-9e9b-4e19-abc6-3353cfc760b8,CID-255,2026-03-05,1304.96,VISA,Completed,SampleGen
a2b10267-76eb-4cec-a1a3-99bf1f80f56c,b8e7f9c0-e5bd-43d1-9e8a-b941d93598d2,CID-255,2026-03-05,500.22,AmEx,Completed,SampleGen
6294ca73-bc2c-4f38-bd5f-f7620c796865,c599acc8-2289-45ed-bf8a-78ffdc50b35a,CID-256,2026-03-02,831.87,MC,Completed,SampleGen
1718fa54-fb72-45b7-9e18-f11589141e5f,de013002-9d27-48f3-82c4-8da93f677b2b,CID-256,2026-03-05,1109.17,VISA,Completed,SampleGen
9dbb087a-b8ac-4099-b7e2-2725ff4dd709,4be1c625-f233-49f0-a1b8-eb804ce2b503,CID-257,2026-03-03,1217.9,MC,Completed,SampleGen
5c1a7ceb-d486-4864-84a3-3d4eae35b7af,69e94d86-f7d8-4e13-8f19-56c41aa94b51,CID-257,2026-03-05,1076.59,PayPal,Completed,SampleGen
3f954a50-2914-4641-bc23-5cb5178de61c,f8787679-b128-49c8-bfcf-16d81341b8da,CID-258,2026-03-02,1120.07,MC,Completed,SampleGen
ed6dcd73-5e2d-46fd-b770-1685f439ad01,f51fc462-cb04-44bd-b07f-6b2b9dbe8484,CID-259,2026-03-02,880.82,MC,Completed,SampleGen
60db12ab-d803-425a-9322-d1d9866e0518,003dd0aa-7d12-4b8e-aa27-4ed9a00f0fa3,CID-259,2026-03-02,554.59,MC,Completed,SampleGen
bfb1e346-df1c-4563-885f-749f2a41b55e,1a346d16-248a-48a4-819a-bd30b0cbdcbe,CID-259,2026-03-04,641.58,MC,Completed,SampleGen
f561671e-8e2c-4f3b-a92b-4a013181561f,3094fb2b-8794-4508-a66e-10143d421626,CID-260,2026-03-02,1870.4,VISA,Completed,SampleGen
5a0620f2-6c3c-4642-99e4-6aaffa37e78b,03f1c43b-8c71-407b-8bd1-c531550f5e96,CID-260,2026-03-05,402.34,Discover,Completed,SampleGen
d2e07003-b9b5-4dc4-9af4-0c50de8fa306,a94e1910-ae28-4885-a24e-d4700aab0ec7,CID-261,2026-03-05,1190.73,MC,Completed,SampleGen
8ed231b7-bbd3-4adc-b5ac-cd33950a2cc8,2b66243f-f4af-483c-97c1-ac4d5174289e,CID-262,2026-03-03,2805.66,VISA,Completed,SampleGen
5bfb8e11-bb92-43d9-ba2b-347411b765b3,6fca506d-bf65-46d2-8963-2a20e5db61ca,CID-262,2026-03-05,723.13,PayPal,Completed,SampleGen
29510e56-90ec-45f5-acc8-506b0a21b83d,11e03e46-1876-490d-9d28-e28e09d0afb0,CID-263,2026-03-03,1718.16,VISA,Completed,SampleGen
d026571e-c940-4fde-b033-f8cdff86cb75,db81160d-e849-40d5-b375-5c2c538afc98,CID-263,2026-03-04,1794.32,MC,Completed,SampleGen
3ab70cf7-7e14-499f-8ad8-7ee666c23380,a60f917f-fbe6-4f28-942b-0bf0511d6f9a,CID-264,2026-03-03,2327.15,PayPal,Completed,SampleGen
09a9b613-24fc-4afa-9d88-fa6a145f6a31,553ec548-0ff5-4eba-999e-9bca099797e4,CID-264,2026-03-05,859.05,VISA,Completed,SampleGen
8a6274c9-4506-44d2-b0b2-4b66ead45928,69326028-369d-495f-aa27-55684239cc10,CID-265,2026-03-02,1098.31,VISA,Completed,SampleGen
5b7bf3dd-62a5-4f85-ad63-5138bc9012d1,ad56d890-a501-4ac9-8703-dd8df70df246,CID-265,2026-03-02,1125.46,VISA,Completed,SampleGen
a57bbb72-2d35-41a8-a64a-07858d73028f,778c7bab-6873-4dde-8e51-fb83f5ca5a44,CID-265,2026-03-02,1043.93,VISA,Completed,SampleGen
54628c13-cec2-4d72-95ca-b08793a661c7,8a818975-04ec-487f-a9c5-f482a0d8676d,CID-265,2026-03-04,576.33,AmEx,Completed,SampleGen
cac3764b-dc4f-4742-a37e-429cf532d2b8,ee7e8061-c66b-455e-810b-8951090fcc34,CID-265,2026-03-04,886.24,VISA,Completed,SampleGen
e45b2a4f-35ac-4ac4-89b9-06c42897c1c8,d97f14ed-42b9-4270-b93c-c31bd01265d0,CID-265,2026-03-04,1794.31,PayPal,Completed,SampleGen
fb5090cc-e459-4af6-8c7d-af4af335441b,b0f7cfb0-922d-4ad2-8924-cb32942288ad,CID-265,2026-03-04,81.55,VISA,Completed,SampleGen
580126bd-1432-4a38-ad98-5a13af636152,11aac55b-a155-4d05-91cd-e13c5f9c3d64,CID-265,2026-03-04,962.37,PayPal,Completed,SampleGen
0cce6c4a-988a-4105-88fe-69cec051c4d5,e728c189-a95f-4857-b351-f76284191a3e,CID-265,2026-03-05,97.86,Discover,Completed,SampleGen
e4f963a6-08b8-45a9-bca1-fe6f5a7b2114,7ea9bcb6-a5a1-4db9-b261-2f02fb97c85c,CID-266,2026-03-03,326.22,VISA,Completed,SampleGen
82694b48-686a-4845-89ca-c2891550d2bf,549f7c00-e9a5-437e-9c30-c5fd793a8f49,CID-266,2026-03-04,326.23,VISA,Completed,SampleGen
52b585a2-bb10-4ed8-aee5-49ae846fe9ea,7f3b390e-a2c3-4f26-9ba0-11d982b69adb,CID-266,2026-03-05,788.38,VISA,Completed,SampleGen
d1093a95-e2e2-4bb4-900f-de0ceb4aec0d,00d78855-4041-42b1-a89c-035a5ecbda9d,CID-266,2026-03-05,913.46,PayPal,Completed,SampleGen
99df5fa5-5d1a-42ff-892c-57333e3e5ce5,5c20487d-712d-490a-9e73-6bb517485250,CID-266,2026-03-05,1772.54,VISA,Completed,SampleGen
b563ec3e-19c7-41b1-94f3-44bbf5ad6468,5334144f-64f0-45ce-bd7c-e501aa7e1dbf,CID-267,2026-03-02,326.23,VISA,Completed,SampleGen
33fc505d-6d76-4ba3-ba61-4f4b32b4a0c3,b681e42a-17d4-4638-bff0-5447ed46bb34,CID-267,2026-03-04,293.59,AmEx,Completed,SampleGen
c31f1c82-0368-4a09-8b17-e72c75b44522,854243d5-bde5-4d4e-a93e-190756f26404,CID-268,2026-03-02,282.73,MC,Completed,SampleGen
2fc19837-bc9c-40fe-84a1-e5aff957b3a8,1dbfdef6-9f7a-460a-9963-072cc236a87d,CID-268,2026-03-02,1696.38,VISA,Completed,SampleGen
b078b428-6fad-4241-8fca-27d95672e022,4ea3d93e-81dd-4b63-914a-d853a1ad3b6a,CID-268,2026-03-02,271.84,VISA,Completed,SampleGen
74a5c6fe-89f2-4e49-bb61-37a60fb0df11,fe0342a7-2b19-42e6-8cc8-3ba3aae124a6,CID-268,2026-03-03,576.34,MC,Completed,SampleGen
c501b029-3a42-4bc8-9d10-c46ba184334d,08c18c68-8161-4d7d-bf6a-35f8c769b488,CID-268,2026-03-03,1315.83,VISA,Completed,SampleGen
542f2539-4e4d-47aa-895d-ba6b6c14d559,8979221f-c428-4dea-9689-ed69ab6db441,CID-268,2026-03-04,619.83,Discover,Completed,SampleGen
9275756e-5b2d-46d2-a1bf-fce3527eeeec,a9c55faf-03ed-4c83-a143-48c7c032f980,CID-268,2026-03-04,1718.16,MC,Completed,SampleGen
4afa4b35-5bdc-4fdd-a231-e9248bd513d9,28d29a24-ec68-4b73-97e4-9a4bdf67a08e,CID-268,2026-03-05,86.99,MC,Completed,SampleGen
616b756d-47ea-4802-b99f-1d05ff312ba9,30aab882-3c2e-4138-802b-cc65f2aad5e4,CID-268,2026-03-05,587.21,VISA,Completed,SampleGen
2f7c0ab0-bc0d-4540-b9f1-557c6e4130f9,5f1affd8-0485-473d-b2e6-2b322ab30177,CID-269,2026-03-02,3436.39,PayPal,Completed,SampleGen
32c369fa-ce72-4854-928a-84362478fdbc,e5e62fba-c343-4985-ab27-1cd0e4f01fe0,CID-269,2026-03-02,554.59,MC,Completed,SampleGen
79da82c2-5b64-48b8-a174-bdd580f3d0ad,1e8a8f0f-9d18-45a9-9962-2168b5614a10,CID-269,2026-03-04,1011.29,VISA,Completed,SampleGen
175a07b4-ede0-44b0-9f17-47087667248c,6b3a61cb-7c4c-4f65-8373-46f06b7f75cb,CID-270,2026-03-03,2338.01,VISA,Completed,SampleGen
be88ba77-7e68-4b66-aeb4-1a6fca426f1e,653314f9-2e04-4238-922c-42fd0f996d27,CID-270,2026-03-05,1250.57,MC,Completed,SampleGen
9daad45c-88a0-4b74-ae22-f40697bf8484,f65eaaa9-4cd4-4a3f-adc0-0eb5aae06862,CID-271,2026-03-02,967.83,VISA,Completed,SampleGen
0b637cca-48f2-4d55-9399-01d89cabace0,9face227-42e7-4630-bb12-3daee1cba137,CID-271,2026-03-03,2087.93,MC,Completed,SampleGen
308239ec-d276-4381-9d90-f48a640ac6c6,2b3d4c0d-dd8d-4ddf-bffe-6c14465b9929,CID-271,2026-03-03,282.73,Discover,Completed,SampleGen
e97570fc-03e0-40b2-a8f0-127d51e80ccf,afa00eeb-09c7-4068-9ec7-e2460217f33a,CID-271,2026-03-04,1174.44,PayPal,Completed,SampleGen
63892fdb-a627-4f9d-9258-f64709855850,73e02fc8-f1af-47e4-b3dc-61c9803da96c,CID-271,2026-03-05,239.24,MC,Completed,SampleGen
60bac98b-6a20-4304-a7da-06cbcf75b840,30480937-6b8f-4252-8115-3d490e5a50be,CID-272,2026-03-02,86.99,VISA,Completed,SampleGen
b81d4f72-cf38-4d29-9fd9-9960b17ff3e3,9b231fc0-a661-44b6-a65f-27f83ea05274,CID-272,2026-03-03,326.23,Discover,Completed,SampleGen
90b99f3f-8e08-4758-9a41-531b66062f9a,f154daaf-c34a-425d-b625-17ccd31857e9,CID-272,2026-03-04,1136.33,VISA,Completed,SampleGen
f56b002b-976a-4d11-9ca5-f37301b58baa,d0beaf39-127b-4843-ae6c-8fec30574831,CID-272,2026-03-04,173.99,AmEx,Completed,SampleGen
df5d593c-4267-4baf-aa0f-7c19f41a8612,ffcb5c5b-2b50-451c-a135-c1bc2bf40747,CID-272,2026-03-05,717.72,AmEx,Completed,SampleGen
cd758e88-f2aa-4b86-8197-15b8e1452d56,c68bfba3-5329-491f-99c4-ae1d88065774,CID-273,2026-03-02,913.43,VISA,Completed,SampleGen
e491adbb-5509-4984-8d3a-e5c28368fee3,2ed21cd3-f03d-4b43-9475-b60066bf4f1e,CID-273,2026-03-02,587.22,MC,Completed,SampleGen
eec0a400-3c81-41c1-a4fa-735068621282,5d1827d3-72b4-4862-abde-128467a3bcad,CID-273,2026-03-02,1174.43,MC,Completed,SampleGen
5392a1ef-3858-4318-b0c5-c761c1f9a824,5811cb68-dbd3-430f-a30d-6f56879a5dd8,CID-273,2026-03-02,1217.89,Discover,Completed,SampleGen
f4c59348-bb8b-4f63-b02a-90c4de5534fb,1ffc3e43-c1e2-49c9-ba91-29f5811a3f71,CID-273,2026-03-02,358.83,AmEx,Completed,SampleGen
21cc0f64-a434-4bb7-b1d1-374fba41b3ba,b4d0abfa-cdb4-48c1-ab2d-6c26788665a6,CID-273,2026-03-03,630.71,VISA,Completed,SampleGen
d6d13016-0ce7-4189-b203-a20903dbe76b,a73d68d3-b815-4548-8916-932e7147ba68,CID-273,2026-03-03,391.48,MC,Completed,SampleGen
38172210-c1fe-4ffd-8742-c1b0ccd0632a,47c1d117-5f69-4130-a5aa-d0db08a18726,CID-273,2026-03-04,946.06,MC,Completed,SampleGen
e1cd5c6f-1d45-4821-8f42-3f1cda2b4101,c38ba42c-5f1b-4f78-bbc5-d9b0aabbaaae,CID-273,2026-03-04,1294.07,VISA,Completed,SampleGen
5d06bab7-7982-4343-b1ab-c0fdce97c995,9a38544f-70fa-429b-bd9d-d885a3ae3f7d,CID-273,2026-03-05,1000.43,VISA,Completed,SampleGen
b78a3eb8-3f55-421f-9e63-43b40a82dbf3,97fe2a3b-b258-4cab-a101-951a8926a849,CID-273,2026-03-05,859.06,AmEx,Completed,SampleGen
41110cb3-8294-4131-9e15-7477cf241afd,5f043318-9de4-4b3f-b918-8e37abc15310,CID-274,2026-03-04,1837.81,AmEx,Completed,SampleGen
3a9f4afe-0726-444b-987e-43ec235bd2c9,043841e6-a0da-4ecb-88e0-7bb76fbf1a44,CID-275,2026-03-03,1794.31,PayPal,Completed,SampleGen
47d26822-6d5d-4db4-a4d6-d183f6fc6fcb,926b4329-9363-4145-9c12-820ef2d8474b,CID-275,2026-03-05,184.85,PayPal,Completed,SampleGen
4371d3e5-63e5-4897-b711-4037a6137e88,f2ed2af6-47ec-4718-84b6-53710d614959,CID-276,2026-03-02,2903.53,AmEx,Completed,SampleGen
7257bb2c-64ba-49e1-b21d-9a52fddc7081,3d644b7e-5645-46f1-ae54-9b837cced1d2,CID-276,2026-03-05,619.8,AmEx,Completed,SampleGen
102ffc39-c835-4830-8e64-cc6334bd17af,114ade95-7f99-4486-a55d-415cd008a6f6,CID-276,2026-03-05,576.33,MC,Completed,SampleGen
d2aa8e74-0dbc-406b-a980-5732cff2f933,cd838ccd-4708-4afa-8ddd-9026d72f882a,CID-276,2026-03-05,978.73,AmEx,Completed,SampleGen
a50a6fa7-31fd-45b5-9c01-a6c1be69f8de,c0cd6632-d8d3-400a-8f52-51d338bd843f,CID-277,2026-03-02,1033.04,VISA,Completed,SampleGen
b5dcca72-bf9b-4f63-95ae-5afb24a1e0cb,4de39629-b538-48a7-a867-a61d13d3e26d,CID-277,2026-03-03,1152.71,MC,Completed,SampleGen
d0da7d55-cb5f-4aa0-b3c9-087f9d468007,37db1ddd-67f4-4967-a389-9252c9c128e6,CID-277,2026-03-04,1609.42,MC,Completed,SampleGen
4283b544-03bb-42cf-bb69-34160139f388,d7587c09-5b70-418b-967a-f94ee9e1ad33,CID-277,2026-03-04,424.09,PayPal,Completed,SampleGen
33037ff2-e87d-4412-914e-32d86fec3ded,374cd2b9-2a08-4158-a920-b846c4856e8b,CID-277,2026-03-04,2174.91,MC,Completed,SampleGen
95e59ae9-84fb-48da-bc6a-b95acbc35ddc,2d722adb-0bb4-46f8-828e-e660d71c620c,CID-277,2026-03-05,195.73,MC,Completed,SampleGen
6c7b187a-7d56-4ac8-b754-8a62e35637a3,a98292c4-d04f-4979-8aea-afc355d8c334,CID-277,2026-03-05,478.48,VISA,Completed,SampleGen
d57bca9c-fdf5-4dcb-b628-1a37e35c51aa,b6bdeb5b-06e6-48fa-be95-9b1dad997c37,CID-278,2026-03-05,2327.15,VISA,Completed,SampleGen
41d89c59-b309-416c-a8fc-4450d9935a6e,23b464fc-1c12-4bdb-a42a-f20fed5c7328,CID-278,2026-03-05,859.07,AmEx,Completed,SampleGen
9aab2e94-9f0a-4c70-acc6-d88d9215c0df,cf1dc3a9-0b84-4732-9cf9-8d9627985f91,CID-279,2026-03-02,260.97,VISA,Completed,SampleGen
e5e66d4d-27bf-4711-a1ed-0552ab3895f0,a299565f-9486-4fb9-97b8-3eb7ee2e444f,CID-279,2026-03-03,516.53,VISA,Completed,SampleGen
712356e9-e162-4282-bdd0-1078dcf88aef,f5aa8124-3617-4ced-a906-79a81b13e793,CID-279,2026-03-03,195.73,AmEx,Completed,SampleGen
809b393b-f1f7-4ba0-98b2-6aa550d74497,e05d0a24-cdfe-418f-baed-55dedb263643,CID-280,2026-03-02,1468.09,MC,Completed,SampleGen
1353f8d9-27e7-4181-937e-9ab8cb2bdcc2,e28141da-fe6d-4059-b206-4e8906ccacf3,CID-280,2026-03-03,391.46,MC,Completed,SampleGen
89747d77-8243-4401-b189-30f341df1ee6,e7608cbc-d8ee-4f47-a26d-1441a5809f6f,CID-280,2026-03-03,195.74,Discover,Completed,SampleGen
2b99e3de-f3e9-4f94-950e-7e711902db32,38901c8b-b497-4848-805d-cd049ac7752c,CID-280,2026-03-04,1087.45,MC,Completed,SampleGen
2757ab30-c2f2-4dd7-88fd-7b81d92239a2,322744d8-e02e-4b6d-93cc-25afe581e396,CID-281,2026-03-02,1272.32,MC,Completed,SampleGen
b1238010-3632-41eb-9ff6-af9a3ffa2920,dd65a160-5d6d-42ef-9dbe-ca9837c65453,CID-281,2026-03-02,163.11,MC,Completed,SampleGen
e0235ad0-d03b-44a2-89d8-78be81556fcc,ac5e812b-9edd-4781-a8fb-0e56c48fbcad,CID-281,2026-03-03,424.09,AmEx,Completed,SampleGen
819096a1-9ad9-464b-807f-bcdf2ca4c330,17db406a-0e94-453d-b11b-3ea103a45330,CID-281,2026-03-03,897.12,VISA,Completed,SampleGen
cb11f170-b47a-44eb-b9a2-dd24c948fac8,b7282b76-41ee-4d4a-8a73-6cfcb035a342,CID-281,2026-03-04,1837.8,Discover,Completed,SampleGen
0040dca5-6927-4652-b390-cb9b7a3a148e,a4aa76c7-d0c0-48ca-86c9-3b6361fdd684,CID-281,2026-03-05,750.32,AmEx,Completed,SampleGen
0030fffb-5e0a-47a8-8b5d-7f8015b6851b,d72eafbb-cb2e-4f44-a723-e2481d69cb2e,CID-281,2026-03-05,2414.18,AmEx,Completed,SampleGen
376a0aa4-80c4-4b9f-aa68-03b91b96b568,67c04fc4-e4d2-47b0-b136-6c9efc9bcb3c,CID-282,2026-03-02,761.21,VISA,Completed,SampleGen
cd139e84-b49f-4129-a609-bf66a19e52ee,11853205-882e-4439-8465-9518acc96582,CID-283,2026-03-02,173.99,MC,Completed,SampleGen
e8977620-59fa-4aac-9a1b-96e947b65fb7,937819c8-103a-454c-8138-6e9eaf5ec3da,CID-283,2026-03-02,195.73,VISA,Completed,SampleGen
a33da034-e923-46f0-803c-52035ca63e1e,4133bbed-acb6-40af-922a-95633813323c,CID-283,2026-03-02,772.07,PayPal,Completed,SampleGen
33391ebb-00f1-40cc-8265-304be4f6a2dd,e2c2f682-8998-42c5-ab86-615f37bdf647,CID-283,2026-03-03,1805.16,Discover,Completed,SampleGen
2b99f609-497f-4edc-a627-8c3285cdc755,dd0a9b0b-7572-4cee-a499-2f50f95e1426,CID-283,2026-03-04,978.68,MC,Completed,SampleGen
4cacb797-4151-4cfa-b9e4-1d26b3fec8f6,5bd1a705-2e36-4fcb-8015-7c4762c154d3,CID-283,2026-03-05,195.73,AmEx,Completed,SampleGen
a32e2909-9e78-4399-a5df-ce96ab4a1994,6ff14f2f-accc-4d89-81ab-0b6c4ec874e6,CID-284,2026-03-03,478.47,AmEx,Completed,SampleGen
1854f9d0-940a-43a5-9211-798e21b21d2c,52e93bbe-9699-474c-b6b3-f3da63af2bfa,CID-284,2026-03-03,293.59,VISA,Completed,SampleGen
647be974-e058-4a3c-9b19-68ee718e2b08,c129441c-c918-460d-a00e-fb50e1f4674b,CID-284,2026-03-04,1391.95,VISA,Completed,SampleGen
dea33a81-3192-47a8-8dff-9ea4800734df,42867b0d-13c4-4dda-97c2-27e2cc8fd01a,CID-284,2026-03-05,913.44,VISA,Completed,SampleGen
6fa87d84-433b-4315-a07f-9ee470e4de52,96dd0c19-4075-4fd1-ab97-18df53300961,CID-284,2026-03-05,429.52,AmEx,Completed,SampleGen
90448a69-4408-405e-9f7d-ad9d355079a6,35f37e84-f609-428d-b829-b0dec55d70b1,CID-284,2026-03-05,1065.69,VISA,Completed,SampleGen
b8a14c41-a80f-4972-9cc1-d4c267436fdc,57b7be3b-357e-4abb-b560-d9f786e59250,CID-285,2026-03-03,511.09,VISA,Completed,SampleGen
fe31abe9-ba3f-45c1-9778-fe364c666a87,8f033440-7913-4414-a3ad-c9c01211827c,CID-285,2026-03-05,1315.8,MC,Completed,SampleGen
1ee4cd2e-983a-4df7-b9be-4d0450d3f39c,12d77847-7bb4-4bdb-a14d-d757ec3277a6,CID-285,2026-03-05,358.86,PayPal,Completed,SampleGen
a43bf499-8e9b-43b4-a5b4-29eb155e1362,49ea9007-6ec1-463c-ad20-dbef6219bcb3,CID-285,2026-03-05,326.22,VISA,Completed,SampleGen
935c06e1-96c0-4e79-b99d-84916de2ea35,5af18b0e-3113-4e26-9628-ccbd1d8f25a6,CID-286,2026-03-03,391.48,VISA,Completed,SampleGen
ffe987b5-75a0-40b6-a36a-3dc29942b8ab,916e1f0e-ac04-487b-aec5-e29910ef336f,CID-286,2026-03-05,1468.09,VISA,Completed,SampleGen
cd23acef-19fe-4834-876a-bf8b19fb8dcf,1e5930ba-69a4-4281-ac6e-b8b4ac7387a5,CID-286,2026-03-05,1435.39,VISA,Completed,SampleGen
f9651765-bfcb-4d5e-acea-5fce886ccec7,3060b051-43c7-4d71-8f01-60592967adca,CID-287,2026-03-02,489.34,VISA,Completed,SampleGen
877cfea8-36d9-46bb-bd45-7155608348d3,decabfd7-7a48-44de-8f55-834b30339ff0,CID-287,2026-03-02,2153.17,AmEx,Completed,SampleGen
51b4a08c-1da2-4014-a92c-53b42783b8e2,102282e1-1aca-4862-b54a-a31ee96f06d0,CID-287,2026-03-02,1076.54,AmEx,Completed,SampleGen
99cbc914-c67d-43d3-9bc5-e1d1c5c344c1,e1e0371e-8a95-440b-ac8f-cdb00f108fb3,CID-287,2026-03-02,1381.05,MC,Completed,SampleGen
0da83a7d-4ab1-48e6-be4e-b2f928ed851c,1af2c9d7-e9e7-4bd9-ae97-279f8b7fc5a0,CID-287,2026-03-03,1250.54,VISA,Completed,SampleGen
28e902e5-5328-46ef-94d4-c1c4773c158f,be4803e6-8bc4-43b6-9ef3-cdef630bf454,CID-287,2026-03-03,1549.64,AmEx,Completed,SampleGen
20f1a141-2ec1-497b-b1e5-745400a3017d,dca8dd9e-9dbe-438d-b647-2f1e5cb7e517,CID-287,2026-03-05,1435.41,MC,Completed,SampleGen
207b25ce-2297-448d-b859-92c54de749cf,2c3d630c-eb81-419c-8732-59bb6c9a19be,CID-288,2026-03-02,1696.43,AmEx,Completed,SampleGen
ac699e03-cfaf-499b-98e4-0afc63f37444,4978627c-c60d-4968-b735-abaf77bd8cb7,CID-288,2026-03-02,1207.04,MC,Completed,SampleGen
2a6d6f58-73c2-4c1b-8dab-f1590a3fd363,ec5d5a09-f1ee-49fc-ad2b-84328d4fa8bd,CID-288,2026-03-03,1239.7,Discover,Completed,SampleGen
28912d8e-87ff-4a71-8114-39fbc07b8e5f,af3688c5-7cc9-45e5-a4dd-abb7aaff8775,CID-288,2026-03-04,1359.27,Discover,Completed,SampleGen
5854d316-ded4-467b-92a1-92506e4d2ccb,bc079bac-4ffc-42e9-8b2f-379c97613327,CID-289,2026-03-03,2022.63,MC,Completed,SampleGen
92312885-443c-4906-906c-651f71e693ad,05bc4e2e-4c1a-4fd1-8b21-d81e75e192d7,CID-289,2026-03-03,717.69,VISA,Completed,SampleGen
c5feedff-0f76-47d3-bdb6-d7b6ff506bcc,8b9b78f4-3f53-46f5-8e6a-6c14af7a00de,CID-290,2026-03-03,1272.32,Discover,Completed,SampleGen
07447fab-9762-42f2-90c6-85858b5aa1b6,63abc8e4-5dc5-4bc8-9430-441fef8f5ab5,CID-290,2026-03-03,1185.29,MC,Completed,SampleGen
9c08231b-c51f-4487-82d9-9c246a68f774,7b45c131-9d43-4b0f-892a-70cd1cb0d980,CID-290,2026-03-04,946.07,AmEx,Completed,SampleGen
05f38653-4e4f-4df4-84a4-de26c3be9006,afc1ed9d-c1a1-4935-9aed-91418d40e0a2,CID-291,2026-03-02,848.19,AmEx,Completed,SampleGen
6e7f5702-da41-4aca-a67d-fc5ea01101d8,272d5df8-0dfd-47b5-84c9-81421e9327dc,CID-291,2026-03-02,929.73,MC,Completed,SampleGen
9a55dc25-e8fb-45bc-b6c1-516a2e8ed26f,cc3ac4aa-cf61-4cc7-af4a-ff4ce3d973b0,CID-291,2026-03-03,195.73,VISA,Completed,SampleGen
c2031071-70eb-426e-ba94-1f6d7f92830c,f1c02a93-162c-4bbe-aeaf-f6c934db3418,CID-291,2026-03-04,1217.93,MC,Completed,SampleGen
9743a9aa-b02f-4b71-a7a2-e65ed130186f,19453ae0-705e-488e-a353-c251fa5539b3,CID-292,2026-03-02,2794.77,VISA,Completed,SampleGen
7043697b-d47e-4d5f-a5bc-05423f23be51,ac1a7090-3f21-4d4f-bbe1-e9af6d108746,CID-293,2026-03-03,2305.41,Discover,Completed,SampleGen
522e2545-a80d-4139-a9ad-26f529311f7e,32f9ffe1-f7ef-45b7-ad87-e034c6dac9ba,CID-293,2026-03-03,989.56,MC,Completed,SampleGen
aa78eda0-c756-435d-b806-1a0023534965,0daf525b-39ab-4ddf-b4fc-f5459bdda4f0,CID-293,2026-03-05,1794.29,Discover,Completed,SampleGen
97da8ef0-1e3c-4db0-9603-e6574ba6f6e2,24f3e47f-da3e-4b5a-b751-6eb78d55b3e1,CID-293,2026-03-05,701.34,MC,Completed,SampleGen
a632c103-3c6a-4cee-b596-3c76fe77bf4a,7f2e09ea-d941-4870-b77e-b0a411d1d4a0,CID-293,2026-03-05,1402.77,AmEx,Completed,SampleGen
8b17ce9d-245f-45fc-97bc-45a7da83ffcc,5bc036fd-b819-45ea-acf7-0d9b03e8fa22,CID-294,2026-03-02,1429.95,VISA,Completed,SampleGen
477db0fe-0909-4d2f-8d7e-777f04da9d48,2f3393ac-a687-4cf3-8d4d-223b0770c3fc,CID-294,2026-03-02,184.86,VISA,Completed,SampleGen
c9f65ace-8672-4ecb-9492-4d99409d84d8,8d5c1324-0a32-49b0-99db-63066d62dffd,CID-294,2026-03-03,489.36,MC,Completed,SampleGen
a9a77693-0c7a-40b0-a6e1-684c6c2f4555,9903a179-6eb4-4b87-9a53-6518338fd68c,CID-294,2026-03-04,1065.7,AmEx,Completed,SampleGen
021c9e3c-e922-46ac-ab86-06ba8fd92319,a2d77cea-10cd-45d9-a9ae-db00d3b62b47,CID-294,2026-03-05,717.72,VISA,Completed,SampleGen
150b7baf-3c2b-41bf-aed6-34ed889371a9,4eed57f3-8b80-46cf-9111-ef1a43ccf5a8,CID-295,2026-03-02,1435.44,VISA,Completed,SampleGen
ebd13e7f-a612-4041-a809-3ae2332bce48,2c0db655-46a1-423c-be86-d7b567ccdf45,CID-295,2026-03-03,1957.43,VISA,Completed,SampleGen
37988888-274b-43c4-a854-04327f762d28,b7eeb8ea-62d7-4845-9189-1c4ab274807a,CID-295,2026-03-04,1076.59,Discover,Completed,SampleGen
901a307e-3626-40cc-a040-ad45c3fdb394,33d6742d-ceeb-401d-9088-e0349d1922c4,CID-295,2026-03-04,1120.04,VISA,Completed,SampleGen
4a14a73e-9adc-41fb-8845-8416daa762cd,1bd24816-83a8-469d-a052-eb6374c21685,CID-295,2026-03-04,103.3,MC,Completed,SampleGen
62e0f20e-32ae-469e-be98-a7285f7f8b7a,5cff2d03-c115-44a8-ab53-13334e415222,CID-295,2026-03-05,1642.05,PayPal,Completed,SampleGen
787ca50d-5d05-4a7b-b940-f7ca4e65d564,83a22395-b5c7-4215-b149-125e96ca3b75,CID-295,2026-03-05,1261.46,VISA,Completed,SampleGen
86f6adb4-6460-48d7-b68a-497b39590732,80965ca6-deac-4b75-9848-8ec3063e42d4,CID-295,2026-03-05,587.22,AmEx,Completed,SampleGen
8322ca11-3c41-4c21-bd8c-6fd8879e3b43,b4ece9d9-f7fe-4b55-84c4-edf06cf485d2,CID-296,2026-03-02,1011.32,AmEx,Completed,SampleGen
98ba042f-10ad-4173-993f-85dcef37026b,9686b154-62bd-4da0-b74a-881abbd7ed01,CID-296,2026-03-03,1935.66,VISA,Completed,SampleGen
4c565586-6ebc-441d-843f-c0bd1e249da8,e05155b3-106a-4a1f-99fa-4ee491d02302,CID-296,2026-03-05,1076.59,Discover,Completed,SampleGen
aaded15f-4dc1-482f-a929-ddce02ae0b95,9bc39962-681a-41ef-af76-ddbc0f88f243,CID-297,2026-03-03,478.48,PayPal,Completed,SampleGen
e65393e0-7d4b-41e3-a4c1-0173da5fcfe2,e48381cd-ade3-43b5-afb3-5711ddee0f3a,CID-297,2026-03-04,532.84,VISA,Completed,SampleGen
e1f15597-4c82-417b-839b-3f84be45638b,847fe672-cf16-4f21-b7f7-92c8a8956431,CID-297,2026-03-05,1413.68,Discover,Completed,SampleGen
8e8563cb-afae-492d-9b76-0993de1b1555,d1de4246-2c38-493c-b108-f5847499d95d,CID-298,2026-03-02,761.2,VISA,Completed,SampleGen
1fc22805-e242-4fc5-be5c-9bc36287b880,8a2ce3cc-dad6-4e41-8819-69e346c9e8f6,CID-298,2026-03-04,717.73,AmEx,Completed,SampleGen
eed6425a-04ae-4292-b8c2-f6c97933c247,205cf5d2-82d9-4779-93af-04d45bb1d09b,CID-298,2026-03-04,1076.59,VISA,Completed,SampleGen
286cad91-0b3d-416e-8ef3-61cbdb7c901d,3d58b93d-b3d1-43ad-99ca-44dfca7ab1ad,CID-299,2026-03-02,1391.92,Discover,Completed,SampleGen
1d19b5ea-9c63-4bda-8b3f-13b0e53eef55,4e9f62fa-5912-4cfb-a883-72c9f2b150fc,CID-299,2026-03-04,1625.75,Discover,Completed,SampleGen
4a0c1da1-0138-4e3c-a147-5b1277dd074c,08af07f4-8339-4865-8c54-8daa06c9ca48,CID-300,2026-03-03,1424.55,PayPal,Completed,SampleGen
84e4ea69-66c3-4739-ab59-281cec62966b,ac6ba28f-bee5-4a7c-adbb-4cbf7173403d,CID-300,2026-03-04,761.17,PayPal,Completed,SampleGen
5b38a525-b759-460a-b447-8ab9c39812a6,3413072a-6064-4189-a544-734b0e45858f,CID-301,2026-03-03,1207.04,VISA,Completed,SampleGen
d0253900-c8ff-479d-9d2a-d943b112e25e,120ca516-77fb-4331-bae5-ce02567be628,CID-301,2026-03-03,1750.78,AmEx,Completed,SampleGen
8635365d-217e-4a0e-bd4f-0193b28e781f,2d1af637-4193-4191-91be-a3ca969e617b,CID-301,2026-03-03,1217.91,VISA,Completed,SampleGen
3b6b2be7-5174-4dea-9412-3412879288b2,d9cf8688-6941-4930-b830-481f73fcea1a,CID-301,2026-03-04,478.48,VISA,Completed,SampleGen
2b156a17-9ca6-4098-8d32-e169f3a57da2,e0e0b794-9750-4d91-8569-2d90ea428e5f,CID-301,2026-03-05,456.71,MC,Completed,SampleGen
48b43472-1a81-4ebe-b845-d6874bbf0cb1,7441d42f-e9fe-4f53-8c24-1a5cd23fa563,CID-301,2026-03-05,619.82,VISA,Completed,SampleGen
be8a119e-95c3-47c3-9157-ab643a6a25fc,670536ff-857d-4764-97ce-08541a57861b,CID-302,2026-03-03,413.23,VISA,Completed,SampleGen
12500cc9-b9ae-4ab6-a77b-edcc65fbf2ec,e7ae960c-0cdc-489b-81cb-1e25edc8cfd7,CID-302,2026-03-03,848.18,MC,Completed,SampleGen
d6106fb1-5cf2-4f76-a720-d721c7ba19e6,d91eb510-3c7d-4761-9a31-b0a63761dfd6,CID-302,2026-03-03,1022.19,VISA,Completed,SampleGen
2d7f5122-9b37-4f4e-a20c-7c9f6d78d856,0905f3a5-4807-4396-b7da-b927f5da1904,CID-303,2026-03-02,494.75,MC,Completed,SampleGen
54c90b0c-311d-4e58-8f4e-21e3e5cfbcf3,ef039811-7413-47ba-ba8f-308bac0da0e0,CID-303,2026-03-03,369.73,VISA,Completed,SampleGen
e84c6e62-7678-49c4-9dbf-da021df46935,86a26ebe-e86d-4d80-8d59-17c94170c315,CID-303,2026-03-03,1636.63,Discover,Completed,SampleGen
8c4a156a-1df2-4fab-8c25-034673ca9670,99902afb-4fd5-4da8-b521-09bc6442bff9,CID-303,2026-03-04,978.7,PayPal,Completed,SampleGen
07ba914d-4786-40d7-bdf6-1647fc9aff14,7eaf063f-ed50-40c7-bae1-9c942279b211,CID-304,2026-03-03,1631.17,MC,Completed,SampleGen
6769aaab-edd8-411c-b6f9-1e42ea2cd7a6,e423c3f7-b960-4241-96fc-0edb80542120,CID-304,2026-03-04,587.21,MC,Completed,SampleGen
177821f0-b14a-4f50-9eeb-5cf570580a70,e709266c-2234-400f-881a-08a59bfcf235,CID-305,2026-03-02,1174.45,VISA,Completed,SampleGen
f0d8421d-9e78-4b8c-af53-4771722dc0ec,b0500863-471b-4243-b484-9743ac4d3711,CID-305,2026-03-02,1516.96,AmEx,Completed,SampleGen
4183e766-9d45-4464-b8dc-02d618a8dfcf,28e31c03-7a8c-439c-9694-464cc0228061,CID-306,2026-03-02,2164.03,Discover,Completed,SampleGen
13053f2d-7f6d-4c65-8f19-30318196fae3,4f8c5a06-35c8-4802-8ed6-2a4fd3de4bfc,CID-307,2026-03-04,358.83,VISA,Completed,SampleGen
f2ff6d8f-c865-4644-beef-86b756775675,b5ee4a25-a18e-4c44-9e59-701dd0f70476,CID-307,2026-03-05,902.56,VISA,Completed,SampleGen
f878c336-36c7-4042-a14c-54fc6ec6fe2f,dd519ab5-9b05-427d-89b0-b0e438ee58c1,CID-308,2026-03-03,2196.65,Discover,Completed,SampleGen
2965a13f-8683-424c-9a26-cbaac06fe738,7e6c44f8-6131-4262-a6d1-28cbe2735eeb,CID-308,2026-03-04,1408.22,AmEx,Completed,SampleGen
58956cc0-9ae6-4838-bbe0-eee6b9e29dcc,3a98e819-2cb3-4b54-b4ca-ec0e8270e24f,CID-308,2026-03-05,2234.73,MC,Completed,SampleGen
f121a4ed-5b13-43b3-8373-a89064d79f5f,ac8eed2c-cbcd-441b-a8ac-55f91f8cbe5c,CID-309,2026-03-02,717.72,VISA,Completed,SampleGen
649d488f-6283-4636-af63-2a5438f999a0,3c2cc102-cc47-40e7-95b1-21e4388f367e,CID-309,2026-03-04,989.52,VISA,Completed,SampleGen
c1d40f95-2711-426a-ad6a-b4101a55fa52,cd2e8aca-0d0d-4ee3-8e2f-4e055a628112,CID-309,2026-03-04,1076.59,VISA,Completed,SampleGen
eed1d3ee-ea14-4b5b-9653-00397d6ff400,b4e3b5a8-900d-4465-80b5-d0a7e9c2e777,CID-310,2026-03-03,293.59,AmEx,Completed,SampleGen
58376237-22d8-48d5-8470-01e8b88bd3a7,4b64dcae-1655-419f-a079-f8e82d33b6ce,CID-311,2026-03-04,1881.31,PayPal,Completed,SampleGen
ce50c5fb-fc78-4de4-ac55-aca1f77b747f,016a967d-f0c2-43f7-80c2-e3f7f08103da,CID-311,2026-03-04,717.7,VISA,Completed,SampleGen
6f079f6f-2010-4ec3-84b5-a6c9723100cd,7c153d07-445e-421f-bf09-1d1d43e6c55f,CID-312,2026-03-02,1495.19,VISA,Completed,SampleGen
6e4b1836-375b-4d8c-8d0e-e9ffc082296f,1036b577-be92-44a1-a99b-28fc459f02a3,CID-312,2026-03-04,1315.83,AmEx,Completed,SampleGen
df5eca18-394c-4e13-a104-92e7c54f5128,b566e197-f558-4c05-a4af-c22aea515d5a,CID-313,2026-03-02,1141.82,VISA,Completed,SampleGen
546b470a-28f7-4925-8f6a-e06c41ec98ba,2c1f26ce-26ba-416b-8808-777366cf4439,CID-313,2026-03-02,1033.05,VISA,Completed,SampleGen
aa5083ec-726f-41fa-9bcd-fbcf57c235da,f007462c-0220-4e0c-bade-48ed1d78bf1b,CID-313,2026-03-03,1130.94,VISA,Completed,SampleGen
2c615696-46bd-4afc-90cf-dcd439977d5b,7e79127c-432e-4d59-a07b-b10d1696c7e9,CID-313,2026-03-03,195.73,AmEx,Completed,SampleGen
6e4a6569-c113-4223-82c9-20dd7720d226,558251a3-c807-4ebe-8f00-22ee884ed863,CID-313,2026-03-04,1598.53,Discover,Completed,SampleGen
76f3bd9a-42b1-40dc-a3a7-df3bfd3a4b4a,f232ed9a-7cc4-4951-861f-60dddee5f02d,CID-313,2026-03-05,1381.04,MC,Completed,SampleGen
e89f2cce-20dd-4466-bbd6-fa1d03f8083e,9afc9bed-803b-4359-a1c9-f89f451eee97,CID-313,2026-03-05,1924.79,MC,Completed,SampleGen
f396b9a4-b429-4ed9-9340-bd6213e386c9,cfa05676-a1ab-4514-aae2-79b52072940b,CID-314,2026-03-03,326.23,MC,Completed,SampleGen
07a12712-5636-4364-9a91-d5f83e5a04f4,cd0e176e-ab39-4a0b-abaf-4f1991cb1346,CID-314,2026-03-05,717.73,VISA,Completed,SampleGen
43e564e5-0bf0-4b2b-9da1-b8554074714c,2744105c-4dc7-47d9-b35d-2889a3927906,CID-315,2026-03-04,880.83,Discover,Completed,SampleGen
237d7ed5-e427-46da-919e-f440ba42c93f,7f4341f2-cb8d-4eb0-a1a3-233372566381,CID-315,2026-03-04,97.86,AmEx,Completed,SampleGen
d2b7cee2-7aea-4c7d-9f00-31f8bdf3c426,9becd5af-bec5-4f91-b5cc-ecaf49b9f930,CID-315,2026-03-04,1174.46,PayPal,Completed,SampleGen
a8a1df91-d705-4d15-9e19-4556f6fd22af,c0ab6005-2089-4f11-a44b-f238fefff3e5,CID-316,2026-03-02,619.84,AmEx,Completed,SampleGen
17c5325a-19ae-491c-a00b-65164076aee7,c0c3c3b8-df43-4448-9444-b46df6f18953,CID-316,2026-03-05,603.51,PayPal,Completed,SampleGen
0a7b850c-22da-42f2-88a9-0bd757a416b4,dc05c155-1095-4dd2-8de6-55faeeee2784,CID-317,2026-03-04,891.68,MC,Completed,SampleGen
e6b7648c-5e88-4163-8732-032df775186f,0c61e34e-5e1e-4cda-afee-35ad3309d079,CID-317,2026-03-05,1946.54,AmEx,Completed,SampleGen
7c2fd752-110e-4fb6-82d8-f3325da31df1,2df26792-9b04-41af-babe-249a1590b208,CID-318,2026-03-03,163.11,AmEx,Completed,SampleGen
bf9154c0-f679-47d1-9acc-07cec3e86ca4,8b8541b3-aa40-4fc3-8501-07636799b2cb,CID-318,2026-03-05,1696.43,AmEx,Completed,SampleGen
19e9e7be-ee28-48ee-b820-8cf0cff941e9,d44cba67-68ba-4b5c-b485-333beb5e9211,CID-319,2026-03-04,663.33,VISA,Completed,SampleGen
19102854-6a83-4366-834f-3e4bd9994886,0fc18b56-ed4c-448e-909a-ccc0ed2e4ca1,CID-319,2026-03-04,391.48,PayPal,Completed,SampleGen
a7214700-9f7c-4b26-9c1a-f54e8b50d817,2e5f6232-dcdd-4415-a1f4-6bdbbd504c3b,CID-320,2026-03-02,489.36,VISA,Completed,SampleGen
c7369b38-4d98-4ed1-bc27-5932ba93d02b,a6bc4256-b7b6-4e49-b1d9-cbff6165e859,CID-320,2026-03-02,1712.74,VISA,Completed,SampleGen
4fb32150-e33e-4b7a-8229-3bf2bbdf5ac8,70b42f30-6b38-4e2f-9d48-0727958ee909,CID-321,2026-03-03,554.59,MC,Completed,SampleGen
d4c21ee9-ef44-4ff8-af1b-ef3c1d3632ea,18ac7751-54d3-42f8-9c77-84bcdfb4358c,CID-321,2026-03-05,1870.39,MC,Completed,SampleGen
c1766ce4-5e5d-4d32-8e0d-d8dd20735a01,fe95d290-c872-4b40-aa43-4ed554756ccb,CID-322,2026-03-02,315.36,MC,Completed,SampleGen
e73ebbe1-2b41-4530-b33b-189bf2847bc5,d139a8da-7e53-4e93-b66b-acb326414c36,CID-322,2026-03-03,1500.66,MC,Completed,SampleGen
2064d77a-e40f-4df6-ae3e-41891cc20008,31a67eb3-4889-4ea2-8a12-0712f9a89dfe,CID-322,2026-03-04,331.64,MC,Completed,SampleGen
3e24fcff-6d0c-4af5-ad3d-605e57e1b254,0f5e8e60-c380-4c92-b450-d1e3391a185a,CID-322,2026-03-05,1576.82,Discover,Completed,SampleGen
0eb8ece2-8782-442b-8678-4612fb6f87ce,4fb6ce7d-3922-499d-9ea0-10d8ba42720c,CID-323,2026-03-04,1794.32,VISA,Completed,SampleGen
06bca36c-338c-4a4b-8506-efa1b1169a34,48461994-ca7d-4b55-a856-1d8042945e2e,CID-323,2026-03-05,489.36,AmEx,Completed,SampleGen
b865656f-fef1-4162-8e6d-129ffd46021d,543a97fb-8418-4a23-8366-7e1a02ada9a1,CID-324,2026-03-02,1794.3,MC,Completed,SampleGen
94a92f45-fb36-4355-a9b3-828ca674547a,6886c94d-4f95-4247-b012-2f08bb89f0da,CID-324,2026-03-04,489.34,Discover,Completed,SampleGen
1014a0e3-0119-46fc-9a7f-00e76745f709,296db3ea-a4b7-4479-915a-a0f65a5d75e4,CID-324,2026-03-05,3882.24,AmEx,Completed,SampleGen
0409d8c6-4209-45a2-a1cc-64d80332a8a7,dfb1e8be-6185-4e33-8095-2e631f035209,CID-324,2026-03-05,1288.59,VISA,Completed,SampleGen
bb4f785d-e4fa-42fc-8e9f-e74eb6209ab4,1efc79bc-b99c-4841-82df-40119337cb62,CID-324,2026-03-05,1544.16,MC,Completed,SampleGen
183ad1e9-ca65-421f-a96d-9b999c6a4514,61df3802-df84-40c0-aebc-1ee2465a6fc8,CID-324,2026-03-05,978.73,MC,Completed,SampleGen
00107de6-4475-4c08-a688-9f0177d19bb9,df02be53-3b17-4365-8fda-01fc68858457,CID-324,2026-03-05,195.73,MC,Completed,SampleGen
fe648768-00db-44c4-b730-f38a1e2dda26,e7ec4ad1-b0bc-47b6-aeb8-06d718e0999d,CID-325,2026-03-04,1598.54,MC,Completed,SampleGen
b1396edc-4be0-4f91-a2f0-e68d2dff98ae,022b805e-de96-4c6b-a49c-c9bda94ea59b,CID-326,2026-03-02,1250.54,VISA,Completed,SampleGen
f46d40ce-c291-4654-a691-e2dece8114ee,a18f221f-407c-4c85-91c2-c9440a0c9e55,CID-326,2026-03-02,2000.88,AmEx,Completed,SampleGen
16a05e84-8510-4f8f-82a3-937b556b0d11,615bb667-8fcd-47a8-b941-2554cdcf5cb8,CID-326,2026-03-02,1337.59,PayPal,Completed,SampleGen
ccd66e4b-2b11-4a81-92bb-9e3fcdb020f9,03582380-784d-46bf-92e9-dd170c748d80,CID-327,2026-03-02,549.16,AmEx,Completed,SampleGen
353913b5-19ea-4e91-9a9f-ebf3c59f6565,464713a1-9ecc-449f-bbab-7bfa2f3b1767,CID-327,2026-03-02,2240.15,MC,Completed,SampleGen
a726f4c1-246d-4348-966f-a0c1173a2cd3,41c670fa-d198-4389-b301-5c8bf3b5ebbe,CID-327,2026-03-03,1468.09,AmEx,Completed,SampleGen
954a63b0-3485-4139-8e76-921b90280472,87f8258e-b131-4395-acc8-35e583f448e9,CID-327,2026-03-04,1370.19,PayPal,Completed,SampleGen
e2ac1cd2-bafe-41a4-8b77-ae60e43ca41f,784c5f4f-0142-4abb-8b4d-466d0e568d2a,CID-328,2026-03-02,206.61,Discover,Completed,SampleGen
c10f1792-b3d9-4326-882e-65d7991e6098,45194e99-9eaf-4d0e-9677-97c861e8b8e7,CID-328,2026-03-03,1261.42,MC,Completed,SampleGen
1cefefa8-d7bb-4e5f-9812-9fb921bc62f4,b16250fc-3f7e-4442-957f-eb29f16384c1,CID-329,2026-03-02,293.59,VISA,Completed,SampleGen
e4ecd3e5-4801-4ee5-9049-6759c78a44c8,c7ef97e7-8b1a-4d47-926f-284cad5d2857,CID-329,2026-03-03,1468.09,Discover,Completed,SampleGen
966f882e-6e5b-4dce-8a31-7a38049e0c08,936fca85-05c4-49f5-90e1-dfeb2afcd897,CID-330,2026-03-04,1440.86,Discover,Completed,SampleGen
ebf0272d-b0e6-47ca-8861-8d17cb10bb8f,922d22c9-1d35-4c7f-9a2c-213f5f1a3395,CID-330,2026-03-05,2332.57,PayPal,Completed,SampleGen
28c4f743-2dd6-4e53-ae3a-b1bd835d21e4,a430eea4-a0d0-4ccb-8fb2-a637a79e6412,CID-331,2026-03-02,195.73,MC,Completed,SampleGen
5ea473c9-574e-49e9-bcb0-09820a21c5c1,988166ef-defd-4067-8d12-71e88fe58c3b,CID-331,2026-03-02,815.56,Discover,Completed,SampleGen
de9c41a0-a352-4f6e-81d2-6ff28ccd47d1,6a45baed-3d81-44b7-92a4-d32c62ac0bff,CID-331,2026-03-03,1049.37,MC,Completed,SampleGen
97266cc9-42a1-42ff-8b8c-399ddc658607,ae970dd3-ed43-4f1b-8067-c0eb443c4cb2,CID-331,2026-03-04,1098.32,VISA,Completed,SampleGen
d2a62fea-16a4-4278-9d72-5c4d5869b376,807e29c7-ade1-411c-a751-8ab0d3201ea4,CID-331,2026-03-05,407.78,VISA,Completed,SampleGen
96589dc6-9e93-4301-b677-c57eae5887e4,1373ea26-e569-4cc0-b831-0e67831de88f,CID-331,2026-03-05,1141.8,MC,Completed,SampleGen
99319fc9-6780-4fb6-abb2-d660cae522ed,bd5ab619-0dad-458c-a70a-c09fc3381707,CID-332,2026-03-03,1707.29,MC,Completed,SampleGen
77667389-7bf9-49be-86dc-72d55849b30c,f24ab3ae-4f6b-451d-88be-10ba86cbfc69,CID-332,2026-03-03,1022.18,AmEx,Completed,SampleGen
2b8628be-9dfb-415c-92e9-7690badf16f0,8b827404-8c6a-4be5-9bec-1138c700f098,CID-332,2026-03-03,2251.04,MC,Completed,SampleGen
4cf34476-cae6-42c9-aeeb-5803cbe0e569,05a8a13f-3a18-452f-9108-4cf4f41b8c79,CID-332,2026-03-03,244.65,AmEx,Completed,SampleGen
29236770-8352-4acf-99f2-9afe63b26aa7,2b28e742-07ab-4b57-ac25-f143e5e59a62,CID-332,2026-03-04,918.86,VISA,Completed,SampleGen
8170dcf9-9040-423f-b2b6-4673ea5b0ba7,771a44d8-907a-47e4-89b7-a9a7fa408023,CID-333,2026-03-05,184.86,MC,Completed,SampleGen
b6bb79bd-9020-4e47-8355-a14c453394b9,bfafad1e-6809-4d17-b23d-a6c57ad4d0c4,CID-334,2026-03-04,2169.44,VISA,Completed,SampleGen
5d2ebeea-c9ff-4634-8bc1-6b8f31d0db3a,8ea95f9d-84a4-4874-a6a0-cc55a827bd38,CID-334,2026-03-05,543.72,PayPal,Completed,SampleGen
6312893f-2d69-4dee-bbc9-c202d1add884,ffd32e95-2fdf-4610-b3be-ab654a38ba99,CID-335,2026-03-02,1141.81,VISA,Completed,SampleGen
a5a82c44-f23b-42b8-a0cb-f476c6cd9058,f8fd1ada-9a06-4837-a7c0-73c518fc978c,CID-335,2026-03-03,636.13,MC,Completed,SampleGen
c4f6cf11-f964-401b-8eaa-6629db312595,129c60ae-8cb5-438d-9ca5-42810b060e6d,CID-335,2026-03-03,695.94,MC,Completed,SampleGen
9a037915-4ff6-4ac8-b5fd-68fcae6a9abf,3815e954-973a-4568-b053-05e8adb6e44d,CID-335,2026-03-04,2153.18,MC,Completed,SampleGen
ea58d2a1-9fdb-46cd-939d-fd5ac00f3a19,c38da719-3e2f-4956-82e1-53a96386f545,CID-336,2026-03-03,81.55,VISA,Completed,SampleGen
c07c4a84-8573-4fa5-9b3a-48609c947ed4,0ee1816c-5141-4283-94a9-fc452224ac76,CID-336,2026-03-04,717.73,MC,Completed,SampleGen
34bad299-e03a-4086-8035-7ace7d4ebb07,db1aa84a-5ba6-4fb5-9cd6-52f19ba8f97f,CID-336,2026-03-04,1685.55,VISA,Completed,SampleGen
3bbe7fb3-ad86-4af3-82c8-25a4a922ba52,551d8689-33ba-4268-b379-9bd8146421a3,CID-336,2026-03-05,674.22,Discover,Completed,SampleGen
3ab3ac49-643e-4dc4-aaf6-7a51dafc31ed,0d72ad01-d93b-4369-a5bc-53c2664959d0,CID-337,2026-03-04,717.72,AmEx,Completed,SampleGen
91110e4f-4d9d-4e7d-9a16-57a478c059dd,950e11af-69c1-4bf1-9bd5-84cfcacfeed1,CID-337,2026-03-05,1761.63,VISA,Completed,SampleGen
9d30c95d-a54a-46a2-946c-296a20ee3bb5,1bbcbd66-c51d-419a-9d9a-432201d0d6ad,CID-338,2026-03-02,967.82,VISA,Completed,SampleGen
9fac45fb-2ad6-4481-bce3-0f188b2a1477,7648753e-80ad-4a77-84b6-dc416f6d5858,CID-338,2026-03-02,1196.15,VISA,Completed,SampleGen
b48de5a5-d1f8-4e9d-9815-6c436c5ef07f,bb2a6520-0457-4d42-b48f-2786c477edaa,CID-338,2026-03-02,380.59,MC,Completed,SampleGen
6ce1999c-59fe-4c93-98eb-527ee5ed43cf,83161f2e-e9ed-478b-abb4-bcca3e62d986,CID-338,2026-03-04,260.97,MC,Completed,SampleGen
6d793ff8-de39-487c-a8d0-6b5a71c778db,e96118ce-80df-4b81-931e-a8ac8f13b99e,CID-338,2026-03-05,489.36,VISA,Completed,SampleGen
86847bcb-5a74-49be-a169-278ea306b47f,6994e1f0-ce63-4de5-b2b5-f753a9b62fd8,CID-339,2026-03-02,946.07,MC,Completed,SampleGen
984b6966-7436-4a46-a8a0-de19e66daf44,64c943b2-b75f-428f-b4aa-c414fbfde590,CID-339,2026-03-03,97.86,MC,Completed,SampleGen
b785ea1e-2504-41ff-b63b-a29db4aece76,2a326e05-e0d2-4fb0-bea4-502bf1a6dafb,CID-339,2026-03-04,685.07,PayPal,Completed,SampleGen
3060fe36-1a9e-4ebc-b6a8-1c70e79b8883,7cfc9551-8a8e-46d6-9d35-dae6ef9c8629,CID-339,2026-03-04,2087.93,AmEx,Completed,SampleGen
73264bf9-ef4b-4b13-b86a-f86b8adb18ec,5bc6ae52-7619-4eaf-a64b-b47c4e47e01b,CID-340,2026-03-05,804.7,VISA,Completed,SampleGen
62f65c73-597a-4377-b50b-b58e3266f43a,9d157958-585d-444e-a34a-ab0e0c4ec3fa,CID-341,2026-03-02,1435.43,AmEx,Completed,SampleGen
f6fd9b34-0779-4a28-89a4-ff78459b73ef,4034de99-afc6-4c1c-80a6-7bd1366f2553,CID-341,2026-03-02,97.86,PayPal,Completed,SampleGen
48b2e4cb-dfeb-45c1-ba8f-6cfc893c2d14,87025572-2033-40eb-8808-6a8145114785,CID-341,2026-03-03,739.46,MC,Completed,SampleGen
e7ee79dc-f0fb-4b04-8fff-7e3f126ece16,1734356b-5ced-4752-a52c-9552b753f43f,CID-342,2026-03-02,1489.81,MC,Completed,SampleGen
281726ff-966f-4f06-9835-42f1b5f50d91,f69ef5aa-d7cd-4e16-8b07-1ac612ef566f,CID-342,2026-03-03,260.97,VISA,Completed,SampleGen
363f5023-960c-4f99-b510-07a5d744adeb,426411f6-38f7-43f6-bf54-4802d5108bf9,CID-343,2026-03-02,1315.83,VISA,Completed,SampleGen
3b6a7a92-1045-4f16-a1dd-05a1a1b9b94b,9be2265b-884d-4135-9d0e-c793ecdf4342,CID-344,2026-03-05,380.58,MC,Completed,SampleGen
bf7ed03d-1052-4098-967f-3dd7b8959c70,428183cc-0a70-4533-9baa-f4ffe6edbd5b,CID-345,2026-03-02,1680.1,VISA,Completed,SampleGen
7ad607a0-bb71-43c8-8a2a-855ec3eaddf6,0795d147-ac2d-40ef-859e-f6ecf54c50b6,CID-345,2026-03-03,244.65,AmEx,Completed,SampleGen
fde307be-2317-45c8-b633-e6cdb1f601a3,7b277203-6d02-449b-8b03-acc585aa8000,CID-345,2026-03-04,685.1,AmEx,Completed,SampleGen
20d7f644-d69e-4155-ac7e-d1b4ecff9e4d,6cfc07e7-a9ab-481f-821b-c0e0e99925d3,CID-346,2026-03-03,407.78,VISA,Completed,SampleGen
20411263-5e5d-4863-bf29-750e61d2426a,702d2aaf-e56f-436c-b4f6-b2af6073a1e3,CID-346,2026-03-03,413.22,PayPal,Completed,SampleGen
86647ec2-b0af-4e48-89ba-262e291f2a4c,2c2aac2d-0311-4a7a-b1d3-11ce9e2e481d,CID-346,2026-03-04,750.32,AmEx,Completed,SampleGen
b34b616f-8876-49fb-9ff2-f148fba5fb8f,43630990-dea1-4964-8520-fd64d4fc169a,CID-346,2026-03-05,587.18,AmEx,Completed,SampleGen
f20e9b01-ba0d-48a4-b62a-28b35b6a263d,20abc500-b83d-45dc-9fe1-800286af44f1,CID-347,2026-03-03,1087.44,MC,Completed,SampleGen
3c96067e-1c48-42b0-8ee9-5fff31f2984f,54c0c6cb-d18d-4d13-a615-5c6d2fa99786,CID-347,2026-03-05,2838.3,MC,Completed,SampleGen
cb762aca-952a-4287-b365-19eb472e2907,489df6a3-8896-4c73-a6a6-c0977c528fba,CID-348,2026-03-02,2022.65,MC,Completed,SampleGen
ba214b21-4aa0-4bf3-b8ec-b82d4ecd9c1a,9bfe99f1-3adb-41e5-950b-773204745e4f,CID-348,2026-03-02,195.74,VISA,Completed,SampleGen
600ae3ab-8fb9-4ed5-889b-72322df5ff50,1f21fd98-d7f3-4bff-bf02-e7b28153dca4,CID-349,2026-03-02,326.23,MC,Completed,SampleGen
2cc50f55-3565-4411-b8a1-92335ed7b172,3d5b2a28-4b3e-415a-84b4-28e8e34f9a56,CID-349,2026-03-02,1294.06,VISA,Completed,SampleGen
5327fdfd-5da7-4096-aad8-9c916f2a44d2,2c76b6e6-b4fa-4203-b2ab-1d113ab2c3db,CID-349,2026-03-04,239.24,AmEx,Completed,SampleGen
808b6ac0-1536-4a84-963b-998ec4b1324b,a89ea191-1af1-462d-bb76-6ab58e2737f4,CID-350,2026-03-02,848.19,AmEx,Completed,SampleGen
a58d71d3-92d0-48fb-b5a7-2b8c6968c381,3d66f902-bae7-436f-bd96-7512c68ac1cc,CID-350,2026-03-03,663.33,Discover,Completed,SampleGen
37fa80b5-562d-4556-baa7-e0626fe2b891,0a3605f3-16d4-4630-a6d4-dc36c84650b0,CID-350,2026-03-03,195.73,PayPal,Completed,SampleGen
fd5f26a6-d0b3-43e2-80b4-9b1221d0aaad,2ec3cade-012f-46bb-b783-072a4f0e37a8,CID-351,2026-03-02,1805.17,MC,Completed,SampleGen
be98ebd1-2279-4c77-82ff-61c8d9f23354,dddf4e3b-47d7-454c-9841-1448669c0349,CID-351,2026-03-02,913.42,VISA,Completed,SampleGen
cb1c7342-8434-47af-9f50-2eb4f3186c7b,e4cbd363-97a2-4c09-be36-b81855811bc7,CID-352,2026-03-02,489.36,AmEx,Completed,SampleGen
d6fc729c-d1da-4881-822d-48e4d516203e,5c85b072-593f-4df7-9672-595fdf677ecb,CID-352,2026-03-03,521.95,AmEx,Completed,SampleGen
86450e99-beeb-4d45-bc0b-ccf23144ba49,09afb9e3-f2b1-4f8a-8865-d8fcde5f1835,CID-352,2026-03-04,1892.14,VISA,Completed,SampleGen
dde53306-0347-4f00-bb6a-84dd201678a3,ada52520-2052-4623-82db-9d6cb4a27caa,CID-352,2026-03-04,86.99,AmEx,Completed,SampleGen
fffb358f-9227-4e98-9a32-6562f8dcdb7d,1e3aecf8-5cb5-4b01-bab7-4b0e0661d4cd,CID-353,2026-03-04,369.73,VISA,Completed,SampleGen
b426c79a-92be-4048-b140-bf2218e49ac7,58ca6386-12f8-46ec-ad3b-0777311d4e3c,CID-353,2026-03-04,326.23,VISA,Completed,SampleGen
e151c9ad-5ff5-4985-8d2e-5fce12ee0f54,cd8b4165-a0a4-4338-8948-b292339efe29,CID-353,2026-03-05,1087.43,MC,Completed,SampleGen
5b41ed89-6837-411a-ad41-3e4d726148cc,5b8561ec-65a2-4212-9f3c-120201dee8c9,CID-353,2026-03-05,1272.27,MC,Completed,SampleGen
53e6fa0c-176b-494c-9000-491026efb2cd,912c172a-fc00-430f-95a9-1b503b9e94b6,CID-354,2026-03-04,1565.93,AmEx,Completed,SampleGen
7dd5089b-841d-4fbe-aac1-871a65fff25f,c196bc76-59fe-42e0-bbad-6b4f61d84a63,CID-355,2026-03-03,1391.9,PayPal,Completed,SampleGen
d76578e0-6fa3-4063-8a1a-23f01875aae0,10dded3d-ea2f-4d36-a7e4-c1f22edba737,CID-356,2026-03-02,195.73,VISA,Completed,SampleGen
70d0d163-b092-432e-99ce-b79176c97825,69899d01-0103-46f6-9247-3cf1381accce,CID-356,2026-03-02,2425.01,PayPal,Completed,SampleGen
e869867b-19b0-4757-a989-b203974f472b,464292d0-58b9-4a91-bdf1-47582644d499,CID-356,2026-03-02,1761.66,MC,Completed,SampleGen
febff30a-80e4-46f9-a85d-affa402a2225,ba1ae4da-9aa3-4fa0-9b17-7659349640fe,CID-356,2026-03-03,913.44,Discover,Completed,SampleGen
5792f62d-23b4-44f5-9e9d-fad98898df88,3ad33544-c76a-45b8-951a-8c90f413f652,CID-356,2026-03-04,2261.92,MC,Completed,SampleGen
5c8429e5-0add-42f1-aeb1-b9510fda1be2,cae08e15-b600-47d2-8f7d-0c3fb5f5f095,CID-356,2026-03-05,1212.45,VISA,Completed,SampleGen
b0a0e82c-ff55-4f84-8519-c2c95f362965,bc94c918-c699-4c4b-8105-38df77cbdea7,CID-357,2026-03-02,1533.27,PayPal,Completed,SampleGen
8cf85f08-f539-4e1c-9b5a-f9508acedbde,c81e63b3-ebca-4139-8f8e-efca0dcc717f,CID-357,2026-03-02,1234.21,AmEx,Completed,SampleGen
1a1cbf46-45dc-468d-bac3-60a96234ca4c,8d8c9844-1b63-428d-83ed-b2f38dc32036,CID-357,2026-03-03,685.04,VISA,Completed,SampleGen
c67e2b9e-92e3-48b8-abc5-08ed14a3af39,08fc68a1-8d24-460f-ad2d-5e3a7d006192,CID-358,2026-03-02,2408.72,MC,Completed,SampleGen
5ccee97b-fd02-412b-b89c-6c19add58571,e13e7b99-f8d2-4dd0-94e2-ebd841a3f0c7,CID-358,2026-03-05,337.1,VISA,Completed,SampleGen
575ed7ab-0c03-431e-9753-1e84db6a7dfd,285342a0-3c26-4478-a652-2342dc4a72a9,CID-359,2026-03-02,1130.95,PayPal,Completed,SampleGen
3c921357-c560-41a1-a629-9d41ea04e327,7104a150-78a7-473e-bb6b-10f5c07b0e02,CID-359,2026-03-03,1913.93,VISA,Completed,SampleGen
5fe2a71b-2b10-4c3c-9955-5d731560cabb,5e7d3d23-cf42-4786-95a4-9cb173209207,CID-360,2026-03-02,1478.93,VISA,Completed,SampleGen
55b917a8-0dd4-4941-ad2f-73f6839d49b1,296c8ccd-a188-4401-8da0-a4be67497c97,CID-360,2026-03-04,897.11,VISA,Completed,SampleGen
ef661d9f-515b-4c8b-8eba-b1e36b1addf8,d09b25b6-4298-40d8-85a4-5d6793b134da,CID-360,2026-03-05,1250.56,Discover,Completed,SampleGen
13e43893-5ce1-4111-a79e-b9aa396ec431,0869e1cb-e731-48e7-9de1-14c8da4ff7a1,CID-361,2026-03-02,1794.29,Discover,Completed,SampleGen
46473a18-14e3-4dd1-857a-54f85cf78576,99e270ef-ce66-4cca-a2c3-34ed43dbf38b,CID-361,2026-03-05,695.95,MC,Completed,SampleGen
01387860-8ce3-46dc-bf9d-c890f364c9d5,57961ff3-bbc3-4399-a0db-c5bb945a656a,CID-362,2026-03-04,1783.41,MC,Completed,SampleGen
b5ebfaa0-fd9a-47b9-927e-2bdd46166a09,1b5fdb31-2cf8-4046-ab2f-2c6d7c30c2bd,CID-362,2026-03-05,619.84,AmEx,Completed,SampleGen
b71c559c-3752-4f3b-9b36-f5eeb577d421,21ad3e5f-86c1-468f-8fb5-7d762e5bdc93,CID-363,2026-03-02,1582.21,MC,Completed,SampleGen
7c2ff7d0-31f2-470f-9198-45fb1ee76d6a,dad28ad0-3bf6-4a6d-b9e3-8ecef4fe7639,CID-363,2026-03-05,195.73,VISA,Completed,SampleGen
508a4fe4-2aad-4d0d-a12e-ed7081bb1775,b23b43fc-57cb-424f-a042-03ab0ca18065,CID-364,2026-03-03,103.3,AmEx,Completed,SampleGen
edd2e06a-f83d-41ac-aa7c-dc9bcd40c2eb,31e18765-6203-4a6f-a84e-10e479f58e59,CID-364,2026-03-04,97.86,VISA,Completed,SampleGen
baada3fd-6f15-4ee2-ac52-c9fd8713dd1f,c2169d4e-a0b6-4e64-a3aa-f1c4c2e3e90b,CID-364,2026-03-04,886.25,AmEx,Completed,SampleGen
1c39ed15-42b8-4116-92fd-7af6ed5da65c,ee79cd48-0669-4b71-8884-ede807fa0042,CID-365,2026-03-04,1468.09,Discover,Completed,SampleGen
0cd260db-4689-4037-a8ed-9dfbc5d8289a,c0513fff-faa1-4d87-a0ec-4fb217a7c04c,CID-366,2026-03-05,2066.16,VISA,Completed,SampleGen
48e94aae-370a-44e2-b8f6-25637b261224,84edf73a-fa3a-4e11-aabc-30a437f40bc3,CID-367,2026-03-04,489.36,PayPal,Completed,SampleGen
54f953d9-5289-45f3-950c-38831e814397,b8b61357-d5fb-414b-933e-f4cd15585ccc,CID-368,2026-03-05,86.99,VISA,Completed,SampleGen
f688deaa-d667-4e3d-9733-581cabc7c1ab,abc0b294-16f1-4fae-b20c-ce60644d769a,CID-369,2026-03-04,1468.09,MC,Completed,SampleGen
6ba248b2-de8c-45e2-9a21-ecf1eabd35a9,2585b6d7-8293-403f-98c9-572b35803fd8,CID-369,2026-03-05,739.46,Discover,Completed,SampleGen
1fe7308f-e480-420e-ae0a-59dee0403a39,2ce5bcdf-db56-4f95-b34c-92a9d7e7dcd2,CID-370,2026-03-02,619.84,MC,Completed,SampleGen
158b62c2-5836-4057-a482-f82a081aec82,2f85352f-1994-4392-8ba2-efa0f35b1fc6,CID-370,2026-03-04,2512.04,VISA,Completed,SampleGen
6a772e0d-9a55-4f79-b5a9-c3b28ccbae13,997b54d0-9217-4ba4-92af-f1eb32b60587,CID-371,2026-03-02,347.97,MC,Completed,SampleGen
22e36eca-a775-4f81-b30d-721db598d6c9,e25545a5-b99f-4e1d-98cc-5576ab153304,CID-371,2026-03-05,1217.95,MC,Completed,SampleGen
cb974935-e885-45b0-8921-7e5831ef3187,1a260146-41f6-4c8b-9c63-73378fa0de8b,CID-372,2026-03-02,511.09,VISA,Completed,SampleGen
cf297cad-184a-4651-8076-180fcc9b74e3,982382a1-e6eb-4968-8243-a0d4f0200269,CID-372,2026-03-03,1609.43,AmEx,Completed,SampleGen
ced7a4de-e229-493b-a43a-2255e4b5a715,8f97f83f-4b89-4280-abbf-8bbec765b4c2,CID-372,2026-03-04,2588.18,VISA,Completed,SampleGen
45b0f79c-d532-4805-9309-a7b5a11a10b5,8bb5dbee-1fb9-4e21-b2cc-7458635e4032,CID-373,2026-03-02,1272.32,PayPal,Completed,SampleGen
170121a4-9ece-4918-a838-b060e3235263,ad9b28f6-37d4-415b-ae0d-d322cd1be823,CID-373,2026-03-05,1212.48,VISA,Completed,SampleGen
4cdf8e73-7b1b-4ee7-b371-171b64760e68,48c94b3d-5adb-4dbe-a595-8d2896e758e3,CID-374,2026-03-03,2936.18,VISA,Completed,SampleGen
731020a1-59e8-4c1e-afc4-7f69d3470b6e,1bbb2849-9e3e-454c-b270-726b3642de11,CID-374,2026-03-04,619.84,AmEx,Completed,SampleGen
4f2d61da-3bdf-473d-8a82-77bcc3061324,c5321a25-32bb-4bcb-a875-8601eece4d8d,CID-375,2026-03-05,1000.45,AmEx,Completed,SampleGen
c99d720c-7b62-4c54-a495-f396b62c9b04,eeb4cf4d-1ba1-4af6-88aa-a1a66cfec85b,CID-376,2026-03-02,1555.07,PayPal,Completed,SampleGen
0b20797e-6a90-4c56-a6c6-9dfc65e55467,a4c3968b-10f5-44cb-ab56-8ab63a2ab6c8,CID-376,2026-03-04,358.86,MC,Completed,SampleGen
e7997fe1-4cf7-4477-8b55-609e5a23d539,69e9a5ce-7a60-4fe7-b041-00a100d76ee9,CID-377,2026-03-03,445.85,AmEx,Completed,SampleGen
deb29579-922e-497d-9691-ae155ef94f53,57204a67-b9c9-4bdc-b3be-2afdf6143651,CID-377,2026-03-05,304.47,PayPal,Completed,SampleGen
3a8f1bf4-23e6-4020-95b5-02ba7b5602e4,0d79adf9-7b5b-4086-a3d1-fa61f4c480e5,CID-377,2026-03-05,592.66,VISA,Completed,SampleGen
09ee2dc0-b30e-40d9-9369-728b70140d12,c207c89a-9151-4cb7-a3eb-cef7e5623cc4,CID-378,2026-03-04,1761.68,PayPal,Completed,SampleGen
f9b241fb-9229-41f5-a166-90db16c5d045,9b7b11c3-335b-4d24-9313-a1d8cd106642,CID-378,2026-03-05,1468.04,PayPal,Completed,SampleGen
164bf9e4-5cb1-407a-a967-face04ab3a5f,e31b7f54-cb52-486d-8e1d-f265321ad5c7,CID-378,2026-03-05,451.26,MC,Completed,SampleGen
c86fa555-b4c7-4faa-b81b-02dfc704b30b,488a887e-f2ff-4778-b2bd-6c0d4b0fd36f,CID-379,2026-03-02,1272.29,AmEx,Completed,SampleGen
c187d348-0337-445e-a63c-14607d706ced,2921e44b-cafe-4199-9528-1df2aa5ead1a,CID-379,2026-03-02,717.68,MC,Completed,SampleGen
95ca2608-737e-4a14-b8b0-090eb49a7733,096f733f-605a-4f1d-be1a-fea1f0a80978,CID-379,2026-03-02,603.49,MC,Completed,SampleGen
c5cb792e-f051-4299-b52c-4452951c9eb1,662d57df-2cdd-4c1f-ad0f-48d83029eb13,CID-379,2026-03-02,995.01,Discover,Completed,SampleGen
6234549b-3583-43aa-9539-dac96e8bb46e,0592d6ed-de80-4b25-a76b-b47a58a36abf,CID-379,2026-03-03,717.72,MC,Completed,SampleGen
90551447-1767-417f-be7d-b998fac9cdbc,f4bbad8a-92ac-4c0c-b312-ec16545ddb8b,CID-379,2026-03-03,1424.53,PayPal,Completed,SampleGen
73d6cdeb-d1b2-402e-9127-ab4f13c29e1d,d8677156-927c-4d13-aeee-c42f65fb94f3,CID-379,2026-03-04,1120.06,Discover,Completed,SampleGen
4ced1c98-52c8-4345-be10-3411f3e50f40,a79803da-a9f2-41bc-beb5-87ce33f83af8,CID-380,2026-03-02,755.75,VISA,Completed,SampleGen
728fa2ac-05b4-443d-bcaf-66f5f996b102,45e7b7ed-24a9-4dac-a73c-8f88790e5534,CID-380,2026-03-05,2522.89,VISA,Completed,SampleGen
88df9dc6-f7f4-4046-abd1-b78639a2e1b5,0cdb8ff4-fa8b-4e38-80f4-708b6ee33641,CID-380,2026-03-05,913.45,MC,Completed,SampleGen
2331a767-fb3b-439a-9c1c-f2fc7869fe52,0b96794f-bd30-4c75-a5b9-da5209f2c9cc,CID-380,2026-03-05,1576.79,VISA,Completed,SampleGen
63ba759c-934f-42ec-9602-813778f518be,dcdcb777-26ea-421c-8e93-6ffe85488023,CID-381,2026-03-04,1370.17,MC,Completed,SampleGen
22cf3bcc-a5e6-4f71-bf4c-5d6e1f652697,ac334a2f-eb77-4f09-b719-1f0a2cb8e798,CID-382,2026-03-03,2185.82,VISA,Completed,SampleGen
f2200462-952b-4e98-b410-2fa27c09b6ef,4e548044-30a1-4af7-9731-54d653b76636,CID-382,2026-03-04,1239.65,Discover,Completed,SampleGen
ec0b25ca-b6ee-4697-9032-877b03ea6545,37bcc527-8f9e-4a97-bfbf-d02c56c7fbcb,CID-383,2026-03-04,1011.32,VISA,Completed,SampleGen
f5809cc5-0034-46f4-9738-74f4b2711527,fec029dc-5cc6-4d04-9385-dc03e9fadd1e,CID-384,2026-03-02,995.0,VISA,Completed,SampleGen
1ed13ce5-06ee-4ab1-82d5-a0063b7c4c77,39dfd0c6-5d2f-450a-ae6c-002bccfba1c5,CID-384,2026-03-02,456.7,PayPal,Completed,SampleGen
351b0be1-cb4d-4187-b649-641f52776caa,211f824b-a396-4bf8-a5d0-d91301dc75d0,CID-385,2026-03-02,2653.38,VISA,Completed,SampleGen
5183e6ae-f03b-4fcb-be46-48b29e43efe8,24c029d7-7ee3-4fac-ace0-a50afdf7fa0e,CID-385,2026-03-02,195.74,MC,Completed,SampleGen
bad1f94a-7c02-47d9-a413-a5875abd532a,a47005aa-015f-4056-9ebc-e0c9ec131186,CID-385,2026-03-02,701.37,VISA,Completed,SampleGen
f2616293-c929-446a-9455-aaef73bd41c5,0ea4155e-ec17-4e21-baa3-23408ad02009,CID-385,2026-03-03,1565.93,VISA,Completed,SampleGen
0e26ff09-1316-4a45-a92e-d0a2b3e25c25,6cea5d25-d2b6-4fea-9b7a-22d370bfce45,CID-385,2026-03-03,239.24,PayPal,Completed,SampleGen
d52f064f-5bb5-4226-ab94-af382ea62617,9e52a4ec-8eb3-40a8-8da5-ae3bf3655f05,CID-385,2026-03-04,2223.86,VISA,Completed,SampleGen
15d93265-e225-45e1-9333-74adb48772d0,b5fdc274-962f-43c3-a687-440dd0ef41e4,CID-385,2026-03-04,494.79,AmEx,Completed,SampleGen
d9a47973-b6d4-4459-916f-625853472628,9edf9dce-30d3-48a6-b807-ca43d9b28ef4,CID-385,2026-03-04,576.34,AmEx,Completed,SampleGen
1be77d5b-c48f-49d9-ba58-6da01e9145c6,ba72a057-923d-4e83-8774-6b24523ce732,CID-385,2026-03-04,859.09,VISA,Completed,SampleGen
208766d2-7a2e-4745-9021-aef3ef49a0a7,25bca5ea-fcc6-454f-bff1-8b10eab8689b,CID-385,2026-03-04,1446.27,MC,Completed,SampleGen
ebb85cb5-48c3-4f00-a02e-abcd4304c70b,fcacf07a-c231-4427-986b-523bbc110073,CID-386,2026-03-03,1196.19,MC,Completed,SampleGen
c9d506a0-566f-458e-9331-aa5f738ca884,df1d7374-e3b4-4d2c-97a4-21f4e95d8d84,CID-386,2026-03-03,1794.27,MC,Completed,SampleGen
46927e36-e8f9-43af-9b5b-54e624db7e68,a1a91f9b-008c-442c-88fa-31bff533e199,CID-386,2026-03-04,424.09,AmEx,Completed,SampleGen
2ec0feb2-9647-498a-9285-d12efbc40754,dd488a13-5848-4236-8c57-b97ae1938ff1,CID-386,2026-03-05,239.24,VISA,Completed,SampleGen
3362b70b-ad7d-40d6-875a-7813b124d3e6,3180bac1-d5dc-4fd9-a92b-552d1ba9b8fe,CID-386,2026-03-05,173.98,PayPal,Completed,SampleGen
8f0e1196-ecb1-4250-9672-dac04e4c973d,390367e3-a4f7-4474-82f7-e55682b15f9a,CID-387,2026-03-03,2022.68,AmEx,Completed,SampleGen
4eb97542-67f1-4966-8726-ef87dbd7b5dc,53ae0826-8c1e-42a5-ac50-eb9c0b81e8e2,CID-388,2026-03-05,81.55,MC,Completed,SampleGen
b1196f1c-97dd-415a-b977-e6ad893b3d5b,39ef9f98-e4de-40ef-9c8e-cbca7a9c5ff5,CID-389,2026-03-02,641.59,MC,Completed,SampleGen
93f7d258-1728-41f1-9c0c-393173cee597,07a2f03c-a61c-4551-b427-297e15ffbfbc,CID-389,2026-03-03,1609.45,MC,Completed,SampleGen
a341b462-604d-45b8-87f8-5b6f5b8a0a94,b2641fbc-fc5c-4e02-8ea0-0e12b499c16d,CID-389,2026-03-05,1446.28,MC,Completed,SampleGen
11727fee-fd27-462c-9f1e-33d38c450d2e,f00239fd-b831-4410-908f-92a264d459db,CID-389,2026-03-05,391.45,Discover,Completed,SampleGen
d6fcc776-b3ab-46f8-953e-9e82d241b0ee,e97d8c88-b363-4b41-a69f-1d24d2c72f3b,CID-389,2026-03-05,1250.55,MC,Completed,SampleGen
a25ad89c-bda1-4bd5-9241-9ae4b8bd9779,0f3f847d-9e43-498b-8efa-219226c6afc2,CID-390,2026-03-02,1674.69,VISA,Completed,SampleGen
1fb39f52-a0c3-4c57-acf5-188112b51b59,e9f6d3a7-f865-4fa8-bcf5-4d23cf5138ca,CID-390,2026-03-02,1065.72,VISA,Completed,SampleGen
ae377f67-7859-4f20-ade0-9f0b5713adab,0770612c-bfb2-44dc-9ec1-b26647a21a6a,CID-390,2026-03-03,489.36,Discover,Completed,SampleGen
05b00590-205b-48de-a643-a80d884108fb,b5599585-ff57-4815-a528-8f476da18bf9,CID-390,2026-03-03,1957.43,VISA,Completed,SampleGen
d7437ca7-9778-405c-82d9-c42444959e54,f0d59dcd-b857-4084-b844-71cbe8edbed7,CID-390,2026-03-05,619.84,VISA,Completed,SampleGen
92272a15-6037-4e5e-939a-75fbd64ea628,22261754-48bc-464f-be46-944b6e837cc6,CID-391,2026-03-02,2327.16,VISA,Completed,SampleGen
b917f658-0036-4fcb-953b-a3cbd6397865,44150f5e-4eab-4043-ac8d-02e450e1a9de,CID-392,2026-03-03,2381.51,AmEx,Completed,SampleGen
33c17352-e74e-4e4c-adc8-078ce5a3af38,5f498aff-d3b8-4ac2-873a-d64ef8c7da4d,CID-392,2026-03-03,1217.97,AmEx,Completed,SampleGen
5e45200b-a726-4e84-9e7e-aad63d730501,e37d3f59-708a-4532-a3c3-5538d30abbc0,CID-393,2026-03-02,1304.93,VISA,Completed,SampleGen
726a8776-78d7-4042-aadb-15503775b3c8,8382310d-ba6a-4cb9-9857-8ec7d4b23875,CID-393,2026-03-03,1468.09,VISA,Completed,SampleGen
28c174c3-b751-42ce-bf91-59168a8d6c59,8570f4cb-d3fe-4817-be69-fb0b2fb34527,CID-393,2026-03-03,690.52,Discover,Completed,SampleGen
db34d5d0-bb34-45a4-9a5b-dcd93cb8ffa4,76ff6c0c-e31b-41b3-99be-7cc6fd70db77,CID-393,2026-03-05,2316.29,MC,Completed,SampleGen
9d714cbc-4096-4989-abbf-ebf76a5447d2,92c3479e-6a8c-42f4-9f50-74e4a0792d6c,CID-393,2026-03-05,913.44,Discover,Completed,SampleGen
5cb8c1bb-dad5-4fe7-9a9e-7a2262d0f223,3ed5fa69-ace1-4e9c-b135-62f54e259e1e,CID-394,2026-03-02,1946.55,PayPal,Completed,SampleGen
f1a73005-06e8-43b0-8fd8-971f441f0d4a,c6ac896c-4be2-43af-bab7-6a6a474437cd,CID-394,2026-03-02,956.92,MC,Completed,SampleGen
30c6ad91-01e8-4457-b658-713709abbe67,4a8e6609-945b-4f4f-8733-6d5cab50281d,CID-394,2026-03-03,565.45,AmEx,Completed,SampleGen
2ccec055-96a2-457c-ad46-bf74bc1e5dd2,8cdddb2d-5d6c-49ea-8417-7f6b5b4bf9ff,CID-394,2026-03-03,293.59,MC,Completed,SampleGen
ddf535a6-c207-4f58-bd7d-5c4d7a5776a2,3010f312-f827-460e-941f-794871cb320e,CID-394,2026-03-05,478.48,AmEx,Completed,SampleGen
7873bdb2-886b-4cba-8f54-9a9df7a07fe2,8d52d549-340c-4a27-9235-b9b542070f2f,CID-394,2026-03-05,195.73,MC,Completed,SampleGen
b30db891-7364-4a58-97c2-565b41fe6a56,97316a02-a4c3-4457-a10d-d0bbe9991c53,CID-395,2026-03-02,369.73,MC,Completed,SampleGen
c3708156-422c-445e-a553-56f4916ee052,9262bb3e-e0d2-49a6-829d-c596ec6533e4,CID-395,2026-03-05,521.97,MC,Completed,SampleGen
c8b5fff7-dd8d-41b0-ba3f-9b49da38b17a,87a01e54-ce4c-465a-a119-43c8a5d87c33,CID-396,2026-03-05,489.36,VISA,Completed,SampleGen
4b996c8b-376d-4edc-8597-797bf5336643,36aa55b4-23e7-4904-a0d5-e729b7fe04bf,CID-397,2026-03-02,630.73,MC,Completed,SampleGen
0a217d64-a2c6-4c07-a46d-857ae223e023,30398361-9159-4a2c-bd97-bb7a938611c4,CID-397,2026-03-04,195.74,PayPal,Completed,SampleGen
848a14aa-8825-4a7f-bfa1-7fcc3d47a9aa,22a387a3-9643-4a5a-894e-a9b5160c42a0,CID-397,2026-03-05,902.57,VISA,Completed,SampleGen
98411418-cd31-47fc-b80b-4ca51fd51280,a0324d8e-0671-460b-8a65-914fd8182693,CID-398,2026-03-02,1000.46,PayPal,Completed,SampleGen
600ad853-456b-418b-b782-0f400d68a8f4,5975a491-a3c4-4f14-a6d3-dce2e642879c,CID-398,2026-03-05,195.73,VISA,Completed,SampleGen
d087facc-668a-4418-8522-fa926a0e072c,abe996d9-3d22-4757-932e-f113a3d1a0a2,CID-398,2026-03-05,1370.2,MC,Completed,SampleGen
4ed78759-21dc-4913-bb4c-503d0ad3a010,ca880513-59db-4085-b64c-6dff6aa5d270,CID-399,2026-03-03,173.98,Discover,Completed,SampleGen
efb72aeb-e6d6-42aa-bf3c-da4c9b036e47,017a0c42-bf2c-425f-b744-3374b80f201c,CID-399,2026-03-04,1239.66,VISA,Completed,SampleGen
3ce578c0-61ce-48cc-bc20-6e052f04a390,fbb7611a-b4b0-4108-afa0-9cb64b3074b8,CID-399,2026-03-05,1468.09,PayPal,Completed,SampleGen
5afbf9bc-ba93-4a90-91cd-7e97f01a3992,55d10387-7863-43c8-ac66-a4e4fcf2fcc3,CID-399,2026-03-05,1794.26,MC,Completed,SampleGen
96a2ed0c-112f-4a1c-9f8d-102b6adde689,5a1c1d97-1df6-4e02-93ff-6a4607cdc473,CID-400,2026-03-02,935.2,VISA,Completed,SampleGen
86f81582-9ec7-4187-ac18-20dc9b79ff26,22bf67b1-faeb-4681-9862-10858b81694c,CID-400,2026-03-02,1054.79,VISA,Completed,SampleGen
9b7cb342-e0b2-489c-9b1f-3d7b00fb6238,8b556e07-2561-4896-b17a-f53efcc84822,CID-400,2026-03-03,772.06,VISA,Completed,SampleGen
78bf806b-1bac-4e9d-95a8-441f1625ccc0,ea7bd4b5-7040-4268-a946-a1dd3495bab6,CID-400,2026-03-03,260.97,VISA,Completed,SampleGen
b55880ad-dbc8-475d-95a7-3f048c2ad72c,c20243fe-eea2-4a7c-8a38-edb70feb3932,CID-400,2026-03-03,2479.4,AmEx,Completed,SampleGen
5949906f-baa5-4d1f-837c-db8f9410408c,015b5a9a-0d06-4974-befe-0e27dc34ceb0,CID-400,2026-03-03,2588.18,VISA,Completed,SampleGen
bb3be89c-2e4c-4451-9f19-06409d12b8fb,a029ec35-050f-45b2-b68f-f7bc96ba9ff4,CID-400,2026-03-04,2218.4,PayPal,Completed,SampleGen
1863b790-1513-47e4-8402-9b697b60d6ac,bb164808-48b3-46fd-8d49-b0c30d851a90,CID-400,2026-03-05,1076.59,Discover,Completed,SampleGen
fdf81d44-e9f1-4ff7-a127-32765fff6311,3edea93e-2158-42ae-a94c-e5ee712df70e,CID-400,2026-03-05,1870.44,MC,Completed,SampleGen
f6e5acde-ec82-4fdd-9965-b8cf8b9b7904,8c39ceff-89c8-467d-b38c-1303b1086e66,CID-400,2026-03-05,946.05,VISA,Completed,SampleGen
0d964e8d-906c-4c08-9427-ab0e8278d7b1,79df2faa-d768-4478-946f-57f8a0567c8e,CID-401,2026-03-05,1826.95,VISA,Completed,SampleGen
c915fb9a-452f-4dba-bd13-4688a6072c08,57edef3e-45a2-4218-96d1-49eed35a67f8,CID-401,2026-03-05,2751.29,MC,Completed,SampleGen
f90b2f72-6b07-494f-984b-9e7791d705d9,90dec816-ecb9-48c9-8a50-783b5308ae4f,CID-402,2026-03-03,1489.82,AmEx,Completed,SampleGen
372927d0-c950-4692-b3f8-efe21f7ea44d,66ca2082-b00f-4ef3-a721-d6ccfeeab121,CID-403,2026-03-02,260.97,PayPal,Completed,SampleGen
044caad6-3f4b-415f-874e-b2dc24186edc,5119f36d-1a00-493f-b327-e331de3c8eda,CID-404,2026-03-04,782.93,Discover,Completed,SampleGen
982f5f19-0c88-468a-a823-54f3a2214f58,03e931ad-efe4-4b4e-a260-55d1fa5f52a7,CID-404,2026-03-04,826.43,AmEx,Completed,SampleGen
3f91a850-91aa-479c-9620-e31e09e27927,2c395366-e466-44fd-a183-9b1433db0551,CID-404,2026-03-05,4110.63,VISA,Completed,SampleGen
87ab6c58-69a7-4264-980e-2227d135dbd8,df397f6c-9f15-4db6-a03d-a519d8867349,CID-404,2026-03-05,641.58,MC,Completed,SampleGen
c7392abd-940a-47a1-979e-955735a54f02,91bd58f5-a8e0-43b3-8aa7-8b30bc3a1e08,CID-404,2026-03-05,652.45,MC,Completed,SampleGen
7626d391-b6f6-489a-8e52-bfb9a7c5f769,224ec6a9-555f-4dae-a7b4-6894930c3273,CID-405,2026-03-03,1805.18,MC,Completed,SampleGen
154b5cfb-c699-4d5f-8059-59d9f5561646,33478ce3-f46c-464c-a8dc-2306028413c6,CID-405,2026-03-03,1881.27,MC,Completed,SampleGen
26c8690f-4d92-4bcd-a9d0-52f75c067877,ee3b1451-46ae-49b1-b402-e74509f479c5,CID-405,2026-03-03,163.1,AmEx,Completed,SampleGen
8bfaadeb-70a4-4ed2-83a8-5c8ccf6784c4,991f2f6d-48e7-4f94-a188-3dc433b17939,CID-405,2026-03-05,195.73,MC,Completed,SampleGen
f0f921f8-76bf-430d-bfbb-4627e336032e,ec2f5947-5d66-4616-a51b-a4475c0b399c,CID-405,2026-03-05,478.47,Discover,Completed,SampleGen
0d84f2d2-4cd9-4cfe-81d4-0b65ea80ea1d,40e43fdc-59d3-48e9-8c15-dcce150745f2,CID-406,2026-03-02,2044.45,VISA,Completed,SampleGen
2d5b6bff-2de5-4983-8c40-66dd91c16b2f,a915c9e3-c109-4359-8562-40d7ae70d70a,CID-406,2026-03-03,206.61,VISA,Completed,SampleGen
52db4117-a8b0-4565-b438-648322a3ecad,f91ad407-7ffa-4a2e-bf3a-ffef5fd7fe93,CID-406,2026-03-04,1337.56,VISA,Completed,SampleGen
88e40d9e-d37a-4f04-9142-f1d459f1cff6,cc601569-f1d4-46fe-b68a-84eeb97857d5,CID-406,2026-03-05,516.51,AmEx,Completed,SampleGen
9e134682-a14c-4cd1-b3c9-c2e86fde4732,9b8ac82d-2886-4371-8ffe-08b1f755b5d8,CID-406,2026-03-05,1043.92,MC,Completed,SampleGen
7c02d4a8-748f-48d4-9ea5-de992122a008,57446f26-9a86-4932-bd1a-82f516777092,CID-406,2026-03-05,489.36,PayPal,Completed,SampleGen
bbd35c2f-6038-493b-ab9b-85c40bbef555,4cf2fa40-1d92-4b92-b81c-51b08c33c847,CID-407,2026-03-02,391.48,MC,Completed,SampleGen
2b299a2b-bf59-494c-aac2-690b32de5543,0b03973b-d18c-415a-8c47-7717bf90ca11,CID-408,2026-03-03,532.84,PayPal,Completed,SampleGen
941188d1-bf53-467e-a859-242f048b5da2,37aba7cb-4d68-40c3-9b04-bbb9113d0bda,CID-408,2026-03-03,1304.93,VISA,Completed,SampleGen
e689ac5c-01c3-4755-a083-4a2f66534c52,0889eb9e-90fa-4ab4-82ce-0ba55d91dacf,CID-408,2026-03-05,1174.43,MC,Completed,SampleGen
05247ca4-5d09-46bf-99ba-fe0324040e28,1f42e9cc-d09f-4c93-abd7-9e429b265196,CID-409,2026-03-04,434.95,Discover,Completed,SampleGen
bf8bb9b6-f019-4126-b4fc-8be2e422cb47,957dad5c-3620-41af-ad42-d4f7504502ba,CID-410,2026-03-02,1696.42,MC,Completed,SampleGen
bea3965c-3ab1-4aed-ac97-7ee52e9cb1ec,1681903d-2a75-4fea-9da3-6e24ae7d98b1,CID-410,2026-03-03,1272.32,VISA,Completed,SampleGen
1ccfc57a-f833-4d8d-be2a-9c3845b76975,f974d269-bcae-4dce-836e-f192ea03b8b6,CID-410,2026-03-04,97.86,VISA,Completed,SampleGen
6704b55e-0314-4608-9fcc-827836c6ac9f,e265f984-cef5-445e-a052-cc0a552213d9,CID-410,2026-03-04,1908.43,MC,Completed,SampleGen
d3d03bd4-8dbd-4768-bda9-01f182a8d711,56695147-2098-4b4f-9feb-af5ac6023fb7,CID-410,2026-03-05,598.06,AmEx,Completed,SampleGen
e9d3dd0d-3738-434d-8cde-ef7000777732,f329937f-c58d-4b9d-91f0-45306f118705,CID-410,2026-03-05,369.71,PayPal,Completed,SampleGen
f064a52f-ee63-4c57-a8a3-43d57e7fc33d,c085940c-4999-4844-960d-cfc69d03c3f9,CID-410,2026-03-05,163.11,Discover,Completed,SampleGen
1cafc0ed-dfb1-4fdb-8ea8-22aec29b51df,a5cb45c9-86a2-4868-8138-ac22d542a419,CID-411,2026-03-02,413.23,AmEx,Completed,SampleGen
66b3c5da-947c-468b-a51c-96448c80c084,95868ca4-4e6b-4bb8-b601-bcbc82a86f26,CID-411,2026-03-02,3175.42,PayPal,Completed,SampleGen
e406bc66-7e5b-4ff9-b14b-3270514f2e92,c910a446-beb6-4383-b025-76a01dcf4c52,CID-411,2026-03-03,1081.98,VISA,Completed,SampleGen
98baad30-5c05-4921-a1d6-5ccc680bdd94,01b8ae2f-7f07-443d-bfc5-afeb0c27004d,CID-411,2026-03-03,1370.18,VISA,Completed,SampleGen
c94d6270-9113-4365-a060-f9db62f4deea,1421087b-25b5-4585-9c04-8265e529477e,CID-412,2026-03-03,478.45,VISA,Completed,SampleGen
722e1028-2975-46bb-bdaf-4cabe6d314d0,90704095-7f6d-42bd-ab43-cbf9b70a0845,CID-412,2026-03-04,228.35,VISA,Completed,SampleGen
039ead2c-062b-4a60-b7e6-f3bb4490a751,fad73e76-3f4b-4bcd-887c-fbca8d83bab9,CID-413,2026-03-04,206.61,AmEx,Completed,SampleGen
c8160bba-dbb8-40a2-89c5-1b6c434cff19,b9d352a3-c86d-44a6-85b5-9036001b2584,CID-413,2026-03-04,1663.78,Discover,Completed,SampleGen
455d97be-d747-4e7f-b910-1bbb8407cada,e5a1cc4f-bfc8-41de-9a33-2a1a9a13ec43,CID-414,2026-03-03,1370.15,PayPal,Completed,SampleGen
8160b420-83ed-4c3b-9e89-e8f0b1b04d9e,28fb254e-6e66-4309-89bc-7ddf0ed54997,CID-415,2026-03-02,1576.8,Discover,Completed,SampleGen
3d5e0ee9-84ba-4ea2-b7f0-ab8a88d13a33,eace95fe-7be6-4006-96fe-4d2dc7a0aca5,CID-415,2026-03-04,1163.57,VISA,Completed,SampleGen
9aac01f5-b930-460c-a9b2-ce31ecbab182,6a912c36-b943-45ed-a0df-22a333af3c53,CID-416,2026-03-04,837.32,VISA,Completed,SampleGen
f92e88bf-3df9-4d4b-ac1e-334afbb86fa6,41fdaf2e-5071-4a7d-b3e7-d8e624d2e382,CID-416,2026-03-05,799.24,VISA,Completed,SampleGen
e42be836-948f-4c08-9228-a271ede661e1,124ff857-5dae-4417-a5dc-ae0b38c01703,CID-417,2026-03-04,848.18,MC,Completed,SampleGen
8e399873-c545-4594-9666-3ffce70b3f54,ca87f4f6-f2f3-4442-b6c0-07d2ff3d01d2,CID-418,2026-03-02,239.24,PayPal,Completed,SampleGen
41618999-23cc-43e1-8880-b1709da446c1,9f2bbfa0-3676-4849-8290-166f42ffb8c2,CID-419,2026-03-02,1990.05,MC,Completed,SampleGen
ce0e7b2c-398a-4119-a8d7-cb551eb9ab34,e2aff292-4c6c-4c77-9931-8ad5ad1fadad,CID-419,2026-03-03,494.78,VISA,Completed,SampleGen
53339363-7b9a-4802-8494-e1dce575823b,55249c26-9887-4ee1-ae48-36d2b26fd129,CID-419,2026-03-04,1304.92,MC,Completed,SampleGen
918b9a4a-c336-4635-ad3b-a71718ed01a6,6af4c149-c03a-46ad-90ef-29fae4710ee2,CID-420,2026-03-02,293.59,PayPal,Completed,SampleGen
7be15596-11ad-40cc-ab71-0c03ef5c8918,d0ad85c3-86bf-4090-9918-3580ee8c5ec8,CID-420,2026-03-04,489.36,MC,Completed,SampleGen
9f44e3e2-709a-4782-a17b-21e645e47ba9,ec7d7b40-2492-4239-a99c-b6a31995460e,CID-420,2026-03-04,815.58,VISA,Completed,SampleGen
82db6d91-a71b-482c-8ce5-c04ad25de16e,007caac9-a196-4481-8632-2cc0d9ae655b,CID-420,2026-03-04,1837.75,MC,Completed,SampleGen
288ba249-78ab-468b-b2d4-90eb656e0e90,bdc34d7a-6368-4f6d-a0d2-9eded933de74,CID-420,2026-03-04,2022.65,PayPal,Completed,SampleGen
761b7dbc-8c97-48c0-ac45-aed159a84395,ec1bd8ce-412d-40a8-b94d-c0c4af4d48d0,CID-420,2026-03-04,2588.14,VISA,Completed,SampleGen
e2e745da-0a6e-4ad5-9355-8d5578c6cbf5,998f4155-96b0-47e5-ba75-03754ce9f03d,CID-420,2026-03-05,739.45,Discover,Completed,SampleGen
6495b71a-b9e3-4ddb-8a63-b605df7342cb,c920b422-2c00-4736-87e1-9e50dc1bd786,CID-421,2026-03-03,587.22,MC,Completed,SampleGen
3081dc89-cb0c-4e04-b727-1ffbd6cf5be2,2c25909f-81d5-44b4-bd9b-5c6770ab4472,CID-421,2026-03-03,1587.68,PayPal,Completed,SampleGen
e648da09-84c1-4521-9cd7-682369a2eee2,d404ae13-9a43-4ba0-9271-2cfe063ebbdf,CID-421,2026-03-04,717.73,AmEx,Completed,SampleGen
daf7ac13-967f-4730-83e1-cefa2ded779e,55961959-c48b-46ab-a263-e9a1b2a5acad,CID-422,2026-03-02,1141.83,AmEx,Completed,SampleGen
241541fa-224f-493d-a1c6-8f7371b1d531,33f52d92-333e-4b9a-9fc7-8776fc47a61d,CID-422,2026-03-04,2316.3,Discover,Completed,SampleGen
e6602310-929e-4ac7-ae70-41b11b48d10e,669d4068-f8d2-4656-8ef5-f9e95fb0f368,CID-422,2026-03-04,2033.56,Discover,Completed,SampleGen
369e4712-560f-4751-87bf-b27f590a544b,9478218c-b650-4282-adff-f1cdb180c187,CID-423,2026-03-03,880.79,Discover,Completed,SampleGen
d661b072-6caa-4119-8d16-23ba5090735b,fdc27a1f-10d4-49dc-b726-f0d512e7b21f,CID-424,2026-03-03,1375.61,MC,Completed,SampleGen
726835c4-8abf-4845-bf71-0b11c6569d9a,8e197f7a-b5d3-4778-b21b-8397eee242ac,CID-425,2026-03-02,2223.84,VISA,Completed,SampleGen
9f935993-8e00-4f55-95ce-15687164d524,7dbb148b-9345-44e5-8404-550db4d65295,CID-425,2026-03-04,1391.9,VISA,Completed,SampleGen
b972ebc9-4fc6-4839-a406-d0929b3bedc9,025beab4-fccf-4919-b170-4d8f8f29d377,CID-425,2026-03-04,1087.44,AmEx,Completed,SampleGen
049627a8-1f0c-4f24-aec3-5581173d45d4,ccad7964-2d90-427c-9a56-2cc105bd54dc,CID-425,2026-03-04,173.99,AmEx,Completed,SampleGen
fe732814-f777-468c-b25a-977ea078f2fb,261b234e-de41-4795-8502-bb8e3a4558cf,CID-425,2026-03-04,1718.17,VISA,Completed,SampleGen
401b957e-839f-40b3-98e9-31546b7d5eff,71b5d3ee-d41c-43b1-8d92-23e081d63632,CID-425,2026-03-04,1870.43,VISA,Completed,SampleGen
19209c81-8b4a-4a16-b4e4-2e2d0a03921e,130a0a24-98a7-4dc5-813f-432f05b04606,CID-426,2026-03-04,467.59,VISA,Completed,SampleGen
8d97a551-357b-40d5-ae6a-774599698bfa,5e712265-bb8c-42d7-a357-e367df089b17,CID-427,2026-03-04,2446.79,VISA,Completed,SampleGen
d20722bf-5c2d-4639-a712-9ffe345f9fbe,819f76fe-0b55-4bfc-bda7-db42e5515c89,CID-427,2026-03-05,1794.3,VISA,Completed,SampleGen
0ea27900-82cc-4144-950f-93dac1cde69f,0766de4a-0ede-4fb5-b47b-84fafd3b1e7d,CID-428,2026-03-02,86.99,MC,Completed,SampleGen
fe2343b4-5aa2-43ca-8350-a57b25ec91d4,8fa63fdd-2f25-4d63-8e1c-17227f155996,CID-428,2026-03-03,1468.05,MC,Completed,SampleGen
46816b92-0dd4-4770-8f5e-06b9fe353447,9d3f6a5c-469c-4e1b-9714-4a20e1bfc234,CID-428,2026-03-04,478.45,MC,Completed,SampleGen
deec206c-8d2b-440d-a163-31605c1fdb82,9988dd55-0602-4de8-8c5d-05a99c22d92a,CID-428,2026-03-05,837.32,MC,Completed,SampleGen
d9e72631-1850-4f43-ad88-e761bb3b42b6,16c206c2-2ab5-4a07-88e7-2353bdb66df9,CID-429,2026-03-04,1478.91,AmEx,Completed,SampleGen
b2e7d3ac-832c-44f1-8544-4ffa02eae9a4,715680b9-274b-499c-a15f-315609496b44,CID-429,2026-03-05,1402.82,MC,Completed,SampleGen
7d09fec3-f004-401f-8d60-7785488738fc,3366f0f6-212b-4aeb-820b-e5ff2dfddb3b,CID-429,2026-03-05,1516.96,Discover,Completed,SampleGen
35b62922-b8bd-4deb-974d-2e09f10528fb,b31b5480-49fa-4c34-96d1-645551fdc407,CID-430,2026-03-03,1565.95,MC,Completed,SampleGen
1bf2faaa-62bc-4725-9f65-9a635c15c6e9,7d15c707-7742-4bb1-a581-ac7b850ca7ac,CID-430,2026-03-04,554.58,Discover,Completed,SampleGen
64cfd895-d2db-4e86-9f8f-41c74f67c88b,7620b52e-40dd-43c2-bcaf-6ddb335fffdb,CID-430,2026-03-04,1446.3,MC,Completed,SampleGen
d94ad9e5-5874-47cd-ba9e-703308194f17,c477bca0-3fa2-4d12-801c-66d6af26988e,CID-431,2026-03-02,946.09,Discover,Completed,SampleGen
fb73bc27-f99f-45e4-af45-be6644cdcc62,42bbec8b-ca28-428d-bdf9-14e2a9049f94,CID-431,2026-03-04,1196.17,MC,Completed,SampleGen
c1dc5003-6e03-4a24-9a7f-2d3177342944,23211f11-caae-4588-bb6d-af14ef572fdf,CID-431,2026-03-05,717.73,AmEx,Completed,SampleGen
34d39439-dede-4f06-b1ca-5d69c1e3d048,67429473-998c-4f3b-a83b-c19c30df5689,CID-431,2026-03-05,478.48,VISA,Completed,SampleGen
b59fc1e7-eaa4-4a60-a0ec-0397f789df84,772296e1-4e5a-43ed-9b9f-f38f7dbbbb6d,CID-432,2026-03-03,1794.3,MC,Completed,SampleGen
3d9ab08e-e92a-45d5-9e9c-edab1812700b,f0324110-e524-469b-a210-4211a59a172e,CID-432,2026-03-03,1729.05,VISA,Completed,SampleGen
e8b63bd4-0b02-4705-a77c-5239ef8f7b78,19506d6b-3312-4001-9d25-6546219edc9f,CID-433,2026-03-04,2479.4,MC,Completed,SampleGen
62bef87e-d1e0-47e1-af50-f7f806683278,dddcb30f-781a-47f2-823d-5e4cacb8db07,CID-433,2026-03-05,1794.31,MC,Completed,SampleGen
ed9e3881-f32a-4a5c-9f75-35766cae4809,723056c5-c4a7-4c69-ad88-0ea792d4ef24,CID-434,2026-03-02,2881.79,VISA,Completed,SampleGen
a2c059c8-e889-4e76-94e4-8e9961a87d30,a87e93e7-9d0b-4fdf-ad9b-23bdc61a054c,CID-434,2026-03-02,576.34,AmEx,Completed,SampleGen
ff62422d-0489-45a6-a9ce-8167aac379e9,6c6d79eb-0b48-4311-9e53-e399b1c697c6,CID-435,2026-03-02,1125.47,VISA,Completed,SampleGen
fbb5419c-26a6-4bee-a2b2-f12c64fd1cfa,50316598-9c61-4c2a-bea9-f30caddfdbcd,CID-435,2026-03-02,418.65,AmEx,Completed,SampleGen
5cbb1709-eba1-4f4c-990e-cdb9f14d1960,62d72870-4317-42f7-af29-e0beedb910ed,CID-435,2026-03-02,173.98,PayPal,Completed,SampleGen
52e9d9b7-3fef-45c9-8788-6f2495f4f2de,5e665c4c-fc02-4abb-a437-b9abea6e2168,CID-435,2026-03-04,163.11,VISA,Completed,SampleGen
c5ba27b7-1569-4bdb-a1af-482f7fa2c1de,a1e31990-f08d-4a9f-9b2c-b62d7b782f4f,CID-435,2026-03-05,2087.89,VISA,Completed,SampleGen
42625854-abd3-4b82-b9be-46cd178e7007,17b6ec63-653d-46d4-976c-4608b55c0a29,CID-435,2026-03-05,1011.3,VISA,Completed,SampleGen
182236b9-938b-4257-bb2f-479460a9abdd,f44046e6-5e1a-4722-8705-12bca30aa84a,CID-436,2026-03-03,1196.2,MC,Completed,SampleGen
fc5dcf9f-35b9-4844-8227-669b83cd988b,5672f90c-bb9c-422f-99f6-f73469d35dec,CID-436,2026-03-03,2446.79,Discover,Completed,SampleGen
e0d79a4c-4124-43db-8a31-34afa87edc7b,eb8d897c-1145-45cb-88af-1abacb659607,CID-436,2026-03-03,717.72,VISA,Completed,SampleGen
065e9fd7-7f56-41b1-bed6-7787884afa64,06892813-70ad-45c3-a8d6-b217f3bdd8e6,CID-436,2026-03-04,706.82,Discover,Completed,SampleGen
8d2a52d6-6cef-412f-b8d0-befef574b4e6,c60a57a6-1534-4e23-99bb-f7816de4b3e0,CID-436,2026-03-04,967.84,MC,Completed,SampleGen
509d00d6-103b-42fb-b417-c6ba9fbdd102,43c997f1-2ad2-4095-9ee1-5de1ad7de14f,CID-436,2026-03-05,761.18,MC,Completed,SampleGen
c1e40863-38f6-42bc-bed3-6d87730259a5,59f51980-c15a-4d18-a1f7-c330a4ae6171,CID-436,2026-03-05,456.72,MC,Completed,SampleGen
12e4f49b-28af-44ec-91c2-7e2fb1910a69,7ce304cf-f23b-41b5-b853-c00ee29fddbf,CID-436,2026-03-05,369.73,MC,Completed,SampleGen
fb62b8aa-f3f8-4138-a68f-cc8340635787,b3fb04ee-66e6-4915-9121-4b7cac435161,CID-436,2026-03-05,293.59,VISA,Completed,SampleGen
9df69125-c58c-4f78-bb58-67eb0c2faf21,96152169-1a09-45dd-8416-9b841dd32aa9,CID-436,2026-03-05,244.65,AmEx,Completed,SampleGen
481ab8f9-9c24-42be-98ae-06c00344b1f0,3912c73a-3217-443c-8a6d-f76a01a83bdb,CID-437,2026-03-02,2055.29,PayPal,Completed,SampleGen
e1647378-8a01-44c9-b884-63c9b805e4c5,b7979dd0-caee-444c-bbb5-c0fd65969751,CID-437,2026-03-03,347.98,AmEx,Completed,SampleGen
3e5bf775-fe8f-4d25-8557-41bfc617adee,d413fad4-d1de-4acf-8ad7-41dabc3fb546,CID-438,2026-03-02,935.17,AmEx,Completed,SampleGen
077637ed-55ce-4c14-9469-ac1d6ced238d,f6e0cab9-24f7-4a49-9918-9ae8386cb9b5,CID-438,2026-03-02,1098.29,Discover,Completed,SampleGen
d76afb99-fc4d-4321-bff2-9f6d449a4095,8e3d0bd6-79dc-4318-8f4b-825d4c45a6da,CID-438,2026-03-02,266.4,Discover,Completed,SampleGen
39c11c97-0953-487d-adf1-1afa53d731e7,9c610f36-083f-4a3b-8fc6-9df79b208deb,CID-438,2026-03-03,1196.18,VISA,Completed,SampleGen
8b40760d-4bc3-4ae9-ab91-a794a5e348e3,69d5ffe4-7255-4fca-8da9-cc055fb6d5d9,CID-438,2026-03-03,978.72,VISA,Completed,SampleGen
7c9ed86c-5d8f-4f27-9c90-52974272d029,421e27a5-65d3-46c3-b9dd-4b406a4a0cb7,CID-438,2026-03-04,1707.33,Discover,Completed,SampleGen
ce92a4c5-30e6-413b-87c4-355c1f017ba9,e5de9434-b5fd-4e28-b600-482b79af34a5,CID-439,2026-03-02,799.27,AmEx,Completed,SampleGen
1772d2e7-1d8b-40ea-8aff-ad55a48300a1,0aab8d95-49b2-4ce5-9ea3-185af5afe087,CID-439,2026-03-03,782.95,VISA,Completed,SampleGen
1b01a7ed-c7d7-4fc2-902e-05eedaf2db20,87b7ebc2-5b2a-4030-bf12-e8425451bfa4,CID-439,2026-03-04,2381.55,VISA,Completed,SampleGen
cb6bd19e-cbce-4cef-8a15-f95c69dfd5fd,3b5bfc71-3709-4ffc-b215-ad3cc9944a10,CID-439,2026-03-04,489.34,MC,Completed,SampleGen
56b6f9c3-1cf3-4f72-94f2-cb9a5ddf3049,9c0af172-f6d1-415b-b38f-01a29ebb61a3,CID-439,2026-03-04,1370.18,PayPal,Completed,SampleGen
7bb34df6-b3a9-44a9-b797-acd392166cae,20e15e8a-9bec-45ea-9ce0-e482f2df1da9,CID-440,2026-03-02,815.55,PayPal,Completed,SampleGen
867e57eb-ba31-4f98-bc65-9c32503572f4,e9515280-e43b-404d-9032-a900ac0b3582,CID-440,2026-03-04,978.68,VISA,Completed,SampleGen
bb962f3f-24b1-4e79-8450-c56b07f2a45f,af869295-f691-4990-90ca-27e4c41fcf05,CID-441,2026-03-03,2055.32,Discover,Completed,SampleGen
744faf09-b745-4ee9-be06-c88c66c7eb28,cf620d63-f2e8-4978-bcb8-338615bad975,CID-441,2026-03-04,337.09,VISA,Completed,SampleGen
6b6af4d1-8bff-4817-87c3-9f2f6bbe82aa,9426f70e-d1ef-4c1f-922c-45fe124feb9f,CID-441,2026-03-04,1120.05,PayPal,Completed,SampleGen
a6083033-be91-4c23-bc1c-6fd6583c16fe,eb0ec49a-65fa-4e73-8c30-9808c48d0831,CID-441,2026-03-04,1288.61,VISA,Completed,SampleGen
6bfea646-a756-4494-a9f6-0c1481bc17ad,ebe2bbb8-805c-425b-8e2f-e80b3719f052,CID-441,2026-03-05,1990.01,PayPal,Completed,SampleGen
1eb985b6-4c6f-4aa3-aafb-837ba5a6eb79,b26fdc48-bb1a-4153-b878-a25ed8f5a4c4,CID-442,2026-03-04,135.93,AmEx,Completed,SampleGen
e786a230-48a7-435e-9166-38ff218c2347,54e76c11-a194-49ef-9089-e76ab37e6540,CID-442,2026-03-05,690.49,MC,Completed,SampleGen
fbd061ef-009e-45a4-a633-9952c2e43470,e842abe0-32a0-4710-8a6c-c10fa995a869,CID-443,2026-03-02,2066.18,VISA,Completed,SampleGen
c86ce291-5e8c-4d16-b31c-9d710bb35511,e17a7a0c-13fd-4b84-a5d5-cba5a169d947,CID-444,2026-03-03,369.72,Discover,Completed,SampleGen
44ff4501-36c4-4096-992b-20a66a800900,7f6a124d-12bd-4faf-a987-1aed66699ae5,CID-444,2026-03-03,494.76,VISA,Completed,SampleGen
980ce893-7601-4cf6-a16a-15a02df125e4,0f8905dc-9abb-446b-88d7-d57d3580a7db,CID-444,2026-03-05,195.74,AmEx,Completed,SampleGen
ec10d73a-39fa-44cc-a303-c0dd50668161,79326b21-7d16-4729-91ba-f6a3321fd8be,CID-445,2026-03-02,2468.54,MC,Completed,SampleGen
0c1d575b-88e7-41df-afec-e87987a3a5a3,7455119d-a90d-4dcd-a819-259343646257,CID-445,2026-03-02,521.96,MC,Completed,SampleGen
8e466db2-9e8b-4577-9052-e0b661aa0bc2,80c72fb2-97c3-4b0f-ab58-5919b14ff5e7,CID-445,2026-03-03,1576.82,Discover,Completed,SampleGen
993e3102-6d80-48d8-b5e6-92f820407d28,aae27c26-0f3f-432b-bae1-f4ed5e698504,CID-445,2026-03-03,717.71,VISA,Completed,SampleGen
430fa9db-4178-4054-9dc4-214164ca21ae,480fcb58-af35-40b4-a709-f1251b3c472b,CID-445,2026-03-03,1685.55,VISA,Completed,SampleGen
88c56fd5-2255-4316-a43b-76d6a8a93304,2534a09d-f6f0-4936-9626-af2ee2ac2ae5,CID-446,2026-03-04,1076.59,MC,Completed,SampleGen
ce208d67-5808-4e8a-bfbe-adca807fb733,f7e6e06f-f7ed-4948-8f12-ceb2bdb36bdd,CID-447,2026-03-02,804.71,Discover,Completed,SampleGen
799344ef-9d19-4ea0-a89e-6f8211a8eb11,60451a94-054b-4029-bae4-14171e42b113,CID-447,2026-03-04,679.62,Discover,Completed,SampleGen
9ac21608-3199-4ec3-b70e-06836886163f,cfe13b7f-fe1f-4064-bab2-09253ca12872,CID-448,2026-03-03,1892.18,PayPal,Completed,SampleGen
983e4a6c-61fa-4650-81f8-d74f47073119,0a323f16-6e71-4049-9b16-b44a86f308e6,CID-448,2026-03-03,1141.81,MC,Completed,SampleGen
abf19683-6128-4764-8026-f61f4195f49d,064af26c-042d-4b97-a516-e3e1e037e8d8,CID-448,2026-03-03,304.46,VISA,Completed,SampleGen
315956e9-435a-433f-bbcf-0d5fb3b030e2,15b4ab40-fd39-4ff8-b679-5c030d6d169c,CID-449,2026-03-03,1103.71,VISA,Completed,SampleGen
cb81bf40-4553-402a-8fdd-cc4c17d3a605,22412f80-ccde-45bb-9df3-8bf118ccde5a,CID-449,2026-03-05,576.35,MC,Completed,SampleGen
222dd3d0-e5b3-4f0a-bc12-9be67a9b2c50,a4cf4a79-151b-4d24-9dd4-3efe26fb9b08,CID-450,2026-03-03,886.25,AmEx,Completed,SampleGen
4aa7b388-da17-4002-b4fe-c266bf6badf2,5066a3d8-f0f8-446d-839d-a3f8bd2bdbb4,CID-451,2026-03-02,869.95,MC,Completed,SampleGen
ae1a647d-d845-4116-b85a-f287bc230570,a4baf0e1-7e43-4e67-ae1b-cc360b01a28d,CID-451,2026-03-03,913.42,MC,Completed,SampleGen
40a5cbe6-d930-4ca2-b7f8-43ffc537f82a,3c997c0c-24e6-4160-977a-6ab5f0b7790c,CID-451,2026-03-04,195.73,MC,Completed,SampleGen
3948a5f9-102b-4973-b9e7-ee47403c2b49,8036bccd-248a-4fdb-9727-e7afe7ea8791,CID-451,2026-03-05,489.36,MC,Completed,SampleGen
2c12fa6e-b230-4ac9-8e2f-47e6778a7ddb,783b5441-8904-442c-9c32-dc8158889e4d,CID-452,2026-03-02,761.2,MC,Completed,SampleGen
530d0876-38e7-40c9-8ebc-8d6ba27b4e61,1159f836-7737-42b4-91a9-ff888bdbc76e,CID-452,2026-03-04,1076.59,VISA,Completed,SampleGen
a527e6c7-6979-4153-8563-b2b93810dd65,3bbb99ec-074e-4d58-b008-f7f878af8836,CID-453,2026-03-02,1174.46,MC,Completed,SampleGen
9e7ee239-05d4-47ca-b6b5-c0051033390a,2a46646b-90a0-4d0f-9cdc-7cebbc2ae330,CID-454,2026-03-04,1130.91,PayPal,Completed,SampleGen
af5d056d-9b29-4eac-8cbe-43419998e00d,91d88e24-599b-44d9-a149-0b943820e48b,CID-454,2026-03-05,869.93,AmEx,Completed,SampleGen
91a8675e-3234-4c90-be61-4db80c95d1a9,0b962fb7-d19b-471c-8089-cb4a4c72011a,CID-455,2026-03-04,2066.18,AmEx,Completed,SampleGen
b70eee86-cdf7-4041-90f0-d773da87c342,9785d946-186d-4460-8f18-2fdede94612b,CID-456,2026-03-03,543.69,VISA,Completed,SampleGen
a398cefc-b016-4c43-9cc0-f3cf9a471966,9010e66e-bc1e-46b1-97cf-142b35444cc2,CID-456,2026-03-04,1217.91,MC,Completed,SampleGen
b9919c3a-c95a-4191-8711-b285d6370f6a,724b3516-6956-42bd-ba9e-a9ccbdb61e99,CID-457,2026-03-02,1468.09,VISA,Completed,SampleGen
77d8f446-ba46-4024-b8d6-31df3eb5e2c8,07252ab5-5630-4bb4-8986-204907fb3258,CID-457,2026-03-04,554.59,AmEx,Completed,SampleGen
203615b4-87e8-4d6a-9837-73f2db20a830,bdd5e3e2-9819-4b55-9c98-c10c40b5e431,CID-458,2026-03-03,2169.46,VISA,Completed,SampleGen
b5ecdbe9-42e5-419e-84cb-ad26fb08c8f7,4c44a7ee-b113-47bb-9dda-776ac6a5929d,CID-458,2026-03-04,358.83,MC,Completed,SampleGen
266b1b4c-ad1c-4766-a1a5-463cc26b3413,7289f2ab-6342-4ea0-8a0e-0d4ef8d8185b,CID-459,2026-03-02,2131.42,VISA,Completed,SampleGen
8f0f48ed-8492-45a9-befc-d660a7cc033b,50afb4b6-20cc-4fa8-ab52-e25270054b25,CID-459,2026-03-02,886.23,VISA,Completed,SampleGen
86346a3c-7855-408f-967e-8c9f0f7108ac,f652f68f-b3ea-4a44-824d-a7bc83a84436,CID-459,2026-03-04,1076.59,AmEx,Completed,SampleGen
073df799-5ca4-4f70-8c4d-70f5cd9bda42,34482dbb-f0e2-430c-a958-8d6fdfcd974e,CID-459,2026-03-04,1707.3,PayPal,Completed,SampleGen
b09467db-323b-47a3-a509-dbb0f7a6e061,4c720b4c-75db-4c15-80b0-44b53163ce91,CID-459,2026-03-05,614.36,VISA,Completed,SampleGen
038e4325-7532-41b7-a6fa-0fda0a324dd2,b0103983-b458-404b-92d1-ea255e9fd293,CID-460,2026-03-03,2272.81,VISA,Completed,SampleGen
9ff5ba4f-c12d-4e77-8be5-38ae3eeb7c2e,768cebe2-96a6-48d4-8c7e-2a811c17e46a,CID-460,2026-03-04,2174.91,VISA,Completed,SampleGen
c705d700-1d76-4381-9484-b45ba93f0921,da07fe84-cde8-49bb-9b58-4c3ef3d4af9b,CID-460,2026-03-04,206.61,PayPal,Completed,SampleGen
89ffec2a-ccf2-4826-8eba-cb860d0b8f4b,f3192915-89ba-4f76-a349-98b411af32dc,CID-461,2026-03-02,1533.27,MC,Completed,SampleGen
8fe66dd5-4f49-42b1-8947-931fa770aba3,9fb8f704-7ef0-4799-b919-e45d5f2c6759,CID-461,2026-03-04,1935.68,MC,Completed,SampleGen
5c83e02d-5074-43c6-bf88-2299885f2a89,ef8d4f0f-85b0-4feb-83a5-e40fd94db4e1,CID-462,2026-03-04,1794.32,MC,Completed,SampleGen
38c0b667-bb38-4a57-aef1-98a30a165615,272d5a71-1b12-421e-8f54-de73fad77b88,CID-463,2026-03-02,880.81,VISA,Completed,SampleGen
25f3249c-87c7-4903-9939-5a2cf6ca08d5,8080786e-8a94-4b9f-a9df-65ff4eb56418,CID-463,2026-03-04,1571.33,PayPal,Completed,SampleGen
5e35f5e3-d9cf-4006-92b8-8458c222be20,c33f3a55-ef26-44b2-b07f-165a7fdf8f03,CID-464,2026-03-02,413.23,MC,Completed,SampleGen
81d30813-adc3-48c0-b594-db76cfa61e6c,627536d8-2a1e-48ba-92c4-dfdf4307942d,CID-464,2026-03-02,173.98,VISA,Completed,SampleGen
ea1e4132-c0ad-4101-b25c-29c7180e595b,b8b29e3c-e94d-492d-86ca-c387e2aababc,CID-464,2026-03-05,967.82,MC,Completed,SampleGen
c9f04460-2d51-46c6-a7a9-b0407750a577,8c127074-90e1-44a2-bda3-3fbeb89ed156,CID-465,2026-03-03,293.59,VISA,Completed,SampleGen
35ace19f-27e5-47d1-aac6-099194f3bd6a,fb695ac6-c356-4649-830e-cd5f83fb335d,CID-466,2026-03-02,2370.64,AmEx,Completed,SampleGen
32c2bd8c-a653-42a3-8617-90a8e20e0256,f83a0577-9e92-4fbd-b42b-52929de45d07,CID-466,2026-03-02,1065.7,Discover,Completed,SampleGen
ee0363a4-6ea3-4a24-a3ff-c478cb83ceba,a45d9402-8f5a-4dab-a1e8-13e83b2e1ddf,CID-467,2026-03-03,750.33,AmEx,Completed,SampleGen
0878bdbb-7c13-4afb-b23c-51f8c7e8ea57,124fa683-ac7b-487f-9d58-eff9b737f941,CID-467,2026-03-04,962.37,MC,Completed,SampleGen
25267432-7dad-4d4a-a19e-166c1d1dfb9b,ee26cac4-8632-4d54-bf83-894a8220f1de,CID-468,2026-03-02,2599.05,VISA,Completed,SampleGen
d98ce880-6369-46e1-8983-68e0c40cb68f,8880f156-a07d-4843-adeb-c56f4ffc44c7,CID-468,2026-03-02,2044.44,MC,Completed,SampleGen
49e9f3d6-99c0-40ff-adc3-8fde63b8e915,561160fd-dc75-4422-8650-8672ba5feba7,CID-468,2026-03-04,1903.04,VISA,Completed,SampleGen
55b1d08e-b82a-463b-8112-c44d32c1c2c8,c2e731f4-1753-416d-b1f9-13dad8df2ef1,CID-468,2026-03-04,304.46,VISA,Completed,SampleGen
3a9845e3-694a-415a-a608-3eb8a65b492a,b00ae64a-a7fc-4e22-a196-4a834f27e8e8,CID-468,2026-03-05,1859.52,VISA,Completed,SampleGen
5efc1677-8d84-4d42-ac04-de6c07b35448,13dad81b-031e-4db5-9d71-7218731093ba,CID-469,2026-03-03,946.08,AmEx,Completed,SampleGen
256c6c95-d6d5-4514-afed-68c31ee0b588,2781f756-aa88-4a9f-9bfd-7c5b5f09f7b5,CID-469,2026-03-03,766.62,MC,Completed,SampleGen
7309f877-b106-4b6f-b6b6-8a7e3bc3b2c3,b183c341-ad1c-4d24-92ba-afbb50e5ebf6,CID-469,2026-03-04,750.32,MC,Completed,SampleGen
a9cd8d9d-7208-4fa6-b3ef-051ac32546a6,1a788d7d-2b3c-422b-8087-a035c46ea5cd,CID-469,2026-03-05,195.73,VISA,Completed,SampleGen
1a236d79-3fb1-4589-ab1b-e2f59b6c755c,4fed6422-81a5-4eb8-82a9-8001e5e46c9c,CID-470,2026-03-04,1022.17,MC,Completed,SampleGen
7503cad3-f749-425e-965b-f248e0fbe2a8,a568ab83-5bcb-4b8a-abf5-44e2cae9f4da,CID-470,2026-03-04,315.36,PayPal,Completed,SampleGen
0f1d740d-c9d8-43ef-b403-29a135e10de2,6a39b403-fc2a-48ce-8b2f-8a16535b7a35,CID-471,2026-03-04,1076.56,Discover,Completed,SampleGen
994f2f69-3f86-4cdf-86b7-f1a3bab15284,7972d358-6d21-488a-8047-7fc3ffec8f42,CID-472,2026-03-02,260.97,VISA,Completed,SampleGen
d926d130-42ee-4def-8a2c-01358c5c6861,019050df-359c-48ec-a5bc-711e2a4d6389,CID-473,2026-03-02,2109.66,VISA,Completed,SampleGen
aca799d3-3000-47fd-a95a-4b598ab32973,001684ab-e937-43a3-97f8-41d36ba40f74,CID-473,2026-03-05,358.86,MC,Completed,SampleGen
8dbc99fc-09e3-4429-8376-031c65ca6f44,137409c7-dea7-49da-bc6c-32df814a49a2,CID-474,2026-03-02,135.93,VISA,Completed,SampleGen
1efa0b1a-571a-456a-b8a8-c38155c44fd3,8f643c68-4133-4810-81d2-ab1b4cd396cf,CID-474,2026-03-03,1516.96,VISA,Completed,SampleGen
c5b2b00e-0f5f-4109-ba62-207f23954d8e,4c3a2ece-8b54-4ee6-b8bc-fbc642ab796a,CID-474,2026-03-05,456.7,PayPal,Completed,SampleGen
835970bd-3174-480b-8df8-76656f527ed3,6bd5e51a-0441-42b7-8710-9032ed28d866,CID-474,2026-03-05,1565.9,MC,Completed,SampleGen
adc93bd2-e463-45c3-a24a-fbc099a45fd5,478c377b-7810-4227-835f-b3db57b79b2e,CID-475,2026-03-02,358.86,VISA,Completed,SampleGen
725a7d22-7330-4077-b438-ec93fd2e6c01,5d0ed8ed-abb9-462c-81fe-d6c8fb25c611,CID-475,2026-03-04,2903.53,AmEx,Completed,SampleGen
00ea461b-9597-4bbd-b569-7af601358e9f,edf2b263-9eb3-42bf-99ec-5ffc33a3938d,CID-476,2026-03-04,717.73,AmEx,Completed,SampleGen
3c58a9e0-db1f-45c6-b3f7-e5bc8d917810,8a205f74-051f-435a-9ca1-a02fcbe37736,CID-476,2026-03-05,2457.64,VISA,Completed,SampleGen
b6e9244c-de55-4bf0-ad5a-af6442fc8b5c,62ad27b3-8b1c-451b-9642-27f616dbe502,CID-477,2026-03-02,434.96,MC,Completed,SampleGen
8801aab0-0364-43e2-9ccf-753301760d53,fd322fec-dd20-45e1-94a5-cd5f70c03259,CID-477,2026-03-02,1908.47,VISA,Completed,SampleGen
5fbd7150-c24f-419a-950d-7da618b09299,5965d291-d4af-421a-8269-5cd30d16c150,CID-478,2026-03-02,717.73,VISA,Completed,SampleGen
192ea31a-1efe-49d4-b471-549422526ad8,27dbdc2b-e420-450b-8644-b8c0204927d6,CID-478,2026-03-02,163.1,MC,Completed,SampleGen
9f326f6a-5693-45ec-bd62-6427ee3351f3,304220e0-aee7-47f0-b14e-c789ac1cb3ce,CID-478,2026-03-04,1076.59,MC,Completed,SampleGen
9f352259-c19b-490e-8920-b77dfab68026,2888b7ef-a3b9-4c05-849d-669e7feddd2e,CID-478,2026-03-04,831.87,MC,Completed,SampleGen
89d3ca9b-09d8-49d0-bea7-0c1ea20c3dfd,c2de39f9-29dc-497b-bbf5-32c089ed2555,CID-479,2026-03-03,1516.96,AmEx,Completed,SampleGen
3c23d258-40cb-477c-b831-331fa1ebc33f,a18596a5-9171-4f8a-9a96-f7ed161c5a35,CID-479,2026-03-05,2620.78,AmEx,Completed,SampleGen
516cf41d-e771-4611-b107-65b81112c450,207c3a92-4a84-4886-898c-12dd1d78be05,CID-480,2026-03-04,467.58,VISA,Completed,SampleGen
fbb596ec-6210-423b-b9d5-85736b005697,1a8b5fa8-487b-46c2-9213-769cb4a625b7,CID-481,2026-03-02,978.73,VISA,Completed,SampleGen
e5aef9ba-e445-4310-b44e-bfe9ad082611,63e9b1c7-0b70-4eb5-a390-9babe23d8019,CID-481,2026-03-05,304.47,VISA,Completed,SampleGen
32abf3a6-76fd-4436-8e2d-026b21bf207c,934aff3d-3346-4a66-8267-0fe37eedfe88,CID-481,2026-03-05,1337.56,AmEx,Completed,SampleGen
cc3b9482-063c-45a7-a2e0-ba80cd031ceb,a77ef5a1-d68e-4475-a9b0-eea6189e7732,CID-481,2026-03-05,3023.14,Discover,Completed,SampleGen
d023755d-d024-467c-b816-6baed12cfdbb,793690cf-6a33-4586-8814-265dda560d03,CID-482,2026-03-04,685.09,MC,Completed,SampleGen
be2e6bcf-9dba-4dac-9ab7-38e977b68c31,4c4619f8-a113-48d7-9c8c-069c13495ccc,CID-483,2026-03-04,2098.79,MC,Completed,SampleGen
ce9bf960-860a-4dac-9e93-77429382d4b6,8c4e2e6b-9db0-40a3-9e81-521146b998e4,CID-484,2026-03-02,1272.33,MC,Completed,SampleGen
e0680187-9059-4110-b4fc-7546c891d408,bb3be9df-f7e8-450d-8cbf-2b1f4f7b3434,CID-484,2026-03-03,2153.16,MC,Completed,SampleGen
ebb4c37b-5fe3-44ff-a594-f303a44bac7b,974a4cc6-3be2-4981-8498-81a64e8f5acc,CID-484,2026-03-03,521.95,VISA,Completed,SampleGen
43c4ba60-d323-4874-a8ce-75ba0a2674f5,35dd1baf-97ac-4de2-ac78-e5bf29dae68a,CID-484,2026-03-05,260.97,MC,Completed,SampleGen
8d00ec39-7157-425d-bc20-a426fd862712,8e49275a-ba35-4aa1-a291-3961c944c4bf,CID-485,2026-03-04,560.03,VISA,Completed,SampleGen
6a285645-2ce4-4efd-9d9e-75a9df201a24,2157b78d-f6fb-4b38-8b28-05fa4d1bfa3a,CID-485,2026-03-05,489.36,MC,Completed,SampleGen
fb34ffc6-7ae3-46c3-9d6f-e35a317e3beb,5804d74f-055e-4b53-9a73-e64955f51dec,CID-486,2026-03-03,391.48,MC,Completed,SampleGen
39adae54-b9e9-4176-859f-4c8b1e8c08d5,1480c1ba-c586-4789-88e3-0287bdc6c6b0,CID-486,2026-03-05,500.21,MC,Completed,SampleGen
0e91e318-b14b-4932-b971-14e1b41d7366,11321215-1a4b-43c6-868d-365d8d27cf9b,CID-487,2026-03-02,630.71,AmEx,Completed,SampleGen
5e00efc1-143d-48d7-9840-d809f0ccfa38,ac595f68-36f0-4f13-a497-9a959eb50001,CID-488,2026-03-02,717.73,VISA,Completed,SampleGen
f94115b9-eb88-4382-8850-56c229bb0e40,4e234d4e-677b-4784-8525-e223a1abbb29,CID-488,2026-03-05,1484.34,Discover,Completed,SampleGen
07bb6821-45ce-4d1b-98ea-299db95b5401,4cbd5b18-2ded-4aa7-bf28-88030068e154,CID-489,2026-03-03,978.73,PayPal,Completed,SampleGen
6708c4ff-68d1-4849-aad0-fba08136392d,97b171ff-2a74-455c-b884-084ad925d544,CID-489,2026-03-05,782.93,Discover,Completed,SampleGen
63a3f7d8-17b7-45e1-98a1-c3d470ddde10,04d58258-ea88-40c5-89cc-1c1c83d0c5b5,CID-490,2026-03-02,1468.07,AmEx,Completed,SampleGen
7e6d4c87-c3a7-49ae-bdd6-ec7988b27fca,12797cc0-326f-4e1e-8fc5-60543e22c1f4,CID-490,2026-03-03,1272.3,AmEx,Completed,SampleGen
1d271a62-c4fb-40ff-a2cf-d792073917aa,1b667400-e233-46d1-8b10-a7e49bdfbf1a,CID-490,2026-03-03,848.18,AmEx,Completed,SampleGen
402d21db-9208-46dc-b8ad-89b0c9e66913,ac11910c-6ccb-4c41-b857-df95ab067b19,CID-490,2026-03-03,935.18,VISA,Completed,SampleGen
7dd33c19-bfaf-4c01-9d5b-2ac7b4bd0a6c,ed7e29c3-8cb5-4cde-8a4d-03fe399d02fa,CID-490,2026-03-04,652.45,MC,Completed,SampleGen
5aece212-e651-4f1a-bdae-669b653e3199,c3b4d9f3-2f47-42f1-b875-f6943aecd589,CID-490,2026-03-04,489.34,MC,Completed,SampleGen
f845e49e-4522-4cc3-8b58-5776df8e6898,1ef7fd45-d349-44e9-b6b6-df3a5373512d,CID-490,2026-03-04,543.68,VISA,Completed,SampleGen
dde50515-32c5-4561-9b31-696e00afd858,45cbecd6-d1d9-4c66-9109-7bbfafedfc88,CID-490,2026-03-04,1141.78,MC,Completed,SampleGen
00a57a9c-ee02-4d68-af58-77b4fa0ddd73,bf551b0b-6316-485f-a67f-da4ac883b04f,CID-490,2026-03-05,2490.29,VISA,Completed,SampleGen
301278d2-f8b4-443b-a4c4-7d3563837ee2,f925bc1d-b140-4d76-9677-67a8ae16d9e8,CID-490,2026-03-05,978.7,VISA,Completed,SampleGen
3187808e-f8c1-4801-8048-0da4c63e29e3,a4fbd191-e4b1-421b-b17e-742c97f019ea,CID-491,2026-03-02,1207.07,AmEx,Completed,SampleGen
ae087604-7059-44da-b448-6b45f827b995,05cb3323-ea6b-43cd-b079-caf660778837,CID-491,2026-03-03,913.44,VISA,Completed,SampleGen
52cb39b6-0f08-43d9-ae5a-e2e6735cba76,eaf5a923-4d1b-417b-bbb8-020d3f046b2d,CID-492,2026-03-02,956.94,PayPal,Completed,SampleGen
012dfeac-22da-4e23-89f5-bc22d436a3d3,2846790c-ebea-46ad-821e-859c9e7ca9d8,CID-492,2026-03-04,1185.34,PayPal,Completed,SampleGen
1c3c6047-77b4-45fd-be09-ee527d1cfd57,ed9e822a-8c63-4bc5-be4e-20f52c4d079f,CID-492,2026-03-05,195.73,PayPal,Completed,SampleGen
d2005ff2-840b-4a3b-bbd3-7a92e5a9b9af,a0a4bd4a-96c1-4272-a89b-7b775311cd82,CID-493,2026-03-03,668.74,AmEx,Completed,SampleGen
dfc417b4-7584-473d-a1f4-315935221016,ff573872-d0d8-46c7-b616-f5f2fa55b351,CID-493,2026-03-04,244.65,PayPal,Completed,SampleGen
8c95e651-3a1b-4b09-9bf7-17dcf0533ebc,cdb5bbae-4146-478e-9bc4-786fdd07e584,CID-493,2026-03-04,2990.52,VISA,Completed,SampleGen
732edcbf-18c3-4249-b1e0-a9ebee6dd949,4071afd3-7d75-463d-8fe5-c72c46bcf0e0,CID-493,2026-03-05,636.13,MC,Completed,SampleGen
ac8f786a-0ee4-49f6-8544-bf47c4a8efb7,228514f4-6c1c-420e-9230-cbb2ffa3239d,CID-494,2026-03-03,793.83,PayPal,Completed,SampleGen
5bbbb529-c7fd-4589-a7eb-e32b29b34fcd,a0c48893-3283-4be7-b2a6-b05154bbaf86,CID-494,2026-03-03,772.07,VISA,Completed,SampleGen
9e24f125-7a65-48ca-807d-393cecc9bc7e,726e4fcd-9628-4460-85af-928ffbd12128,CID-494,2026-03-04,1701.88,VISA,Completed,SampleGen
bce142cc-2e9a-4612-964b-6be7b3e07273,2870e0fc-dba4-4615-975f-bddf7accde69,CID-495,2026-03-02,619.84,AmEx,Completed,SampleGen
eb2289aa-19e6-45b2-9be1-0fe55c9d37ea,fc4e193b-ed1b-4bc4-9244-c7245f7b99ff,CID-495,2026-03-02,2675.14,MC,Completed,SampleGen
347e5168-f88d-47f1-bfa7-c8230950f917,40e80f24-0474-4086-a62f-f2ba0f81ffc1,CID-495,2026-03-04,663.31,MC,Completed,SampleGen
bca39dd9-ad86-4861-b6e5-694885e94f51,3064c36f-def0-44d3-874f-8369e04e35c1,CID-495,2026-03-04,663.33,VISA,Completed,SampleGen
5a29d2c7-e0c3-4460-999a-1a2e6b07461e,47952c1d-afd0-43ae-a46a-5c0f9e09538d,CID-496,2026-03-05,2620.77,VISA,Completed,SampleGen
af508bb9-c13c-4567-8ac0-7b75bf8cf819,2a4566cd-601e-4004-a189-0bc8e8625620,CID-496,2026-03-05,2077.04,MC,Completed,SampleGen
a5e9b4fe-26f4-4669-a7c6-a8b8e4e8de52,dc506280-f1a6-4115-bd8f-854534fa0ecc,CID-497,2026-03-02,1892.18,MC,Completed,SampleGen
bd7decfb-2f21-4a6b-9764-e0d7db2f0a43,c8b264dc-2431-4826-8856-43e777d017fd,CID-497,2026-03-03,478.48,MC,Completed,SampleGen
0db8c83b-23d6-40f4-868d-3c8d867028e8,5101ac75-c99c-4da4-aafd-ccaf79b1b244,CID-497,2026-03-03,1457.17,VISA,Completed,SampleGen
ecdcbf13-cefb-4a75-abd7-02df288b4916,3837d14c-5f64-4047-bb71-ba6d5ff8c11c,CID-497,2026-03-04,902.57,Discover,Completed,SampleGen
a608f665-0572-4234-a9ca-4e6a6eee6b56,3ef39712-7852-47d4-b64d-c4fe4e93ad1a,CID-498,2026-03-02,1109.17,MC,Completed,SampleGen
f1e96c65-967a-43d0-ab5c-345a41e664f4,1351c05e-6b23-4da3-909a-2cbb24696415,CID-498,2026-03-02,358.86,MC,Completed,SampleGen
c4bc4e0c-242e-4295-9ffb-806c63f916c8,7217aedb-70d7-45a6-8d0a-91b149073cda,CID-499,2026-03-04,1729.06,VISA,Completed,SampleGen
f6bb9362-724d-41a4-a876-f5b70d26661d,94486b86-4c4a-4c7a-91bc-1120cf1489b8,CID-500,2026-03-02,608.95,VISA,Completed,SampleGen
5126352c-cd26-4f4f-8b6d-6251c6443f19,b4518879-5523-4e23-935e-e9224311d2b9,CID-501,2026-03-05,924.32,MC,Completed,SampleGen
e46c5505-fcd0-491a-8765-d21fe8cbc900,442b439d-b534-420c-b53e-0be41b0b0f08,CID-501,2026-03-05,86.99,VISA,Completed,SampleGen
4a245e39-4611-4820-8f9a-6355acd2d1d0,ecb1d396-3414-42c6-a7d1-ffb77950dd58,CID-502,2026-03-02,206.6,Discover,Completed,SampleGen
3e9c41d6-7c9f-4374-848d-2f5a3bc28bc6,79c84d4e-8157-4e56-b64a-848af528432d,CID-502,2026-03-05,652.46,Discover,Completed,SampleGen
4df5bb6d-fd4f-44d3-bf42-a604853dbc16,d381466b-adf2-468f-97c6-77a048e9dbd8,CID-503,2026-03-02,2180.35,VISA,Completed,SampleGen
5fed20dd-32b2-47be-9ede-2a82980e599e,9f7c9eb3-f0fd-47a6-8604-cff455020698,CID-503,2026-03-03,326.23,AmEx,Completed,SampleGen
cd4c9bf0-4c38-4344-a73e-1ebe165ba2f2,442d69f1-1b14-47dc-8457-736a0dd66d47,CID-503,2026-03-03,293.59,PayPal,Completed,SampleGen
7ef0d80d-7ecb-4e91-9627-e54edadf823b,133fe35d-571d-4608-bdec-732a36bc9735,CID-503,2026-03-04,1663.82,AmEx,Completed,SampleGen
69e433c3-7ac6-4189-88bc-27040aef54d0,db0080da-e89f-4e66-a7e7-b5bfa95a8ea7,CID-503,2026-03-04,391.46,MC,Completed,SampleGen
55561975-8034-40b3-81bd-4da104a9a6cc,6f3ed226-8d40-455e-b753-d9189845fc65,CID-503,2026-03-04,1370.18,PayPal,Completed,SampleGen
d9e4b097-0437-4f44-98ba-6500f6956c97,fcd6f644-dca8-4f55-b338-9ae7f8116d01,CID-503,2026-03-04,826.43,MC,Completed,SampleGen
63e45c11-a220-41a1-a555-311a2e75a6ec,663952d2-2b98-4c67-8c42-7b9a6e64c3f2,CID-503,2026-03-05,195.73,MC,Completed,SampleGen
59becb8c-4b3a-4828-9dfe-d5567cb11de9,5b74a43e-3950-454f-a08c-b9b89ac2a62a,CID-504,2026-03-02,239.22,Discover,Completed,SampleGen
9059d015-b86d-48ff-b3c1-1131b5fedf1d,65935279-bc6d-4627-b4d1-93b773804cb6,CID-504,2026-03-03,565.44,VISA,Completed,SampleGen
686a0ffd-6932-41cc-9733-217b33f7d9a7,65047afc-a271-4dd3-90d9-db7eb18f7db3,CID-505,2026-03-03,1609.41,VISA,Completed,SampleGen
58a7a9ad-0978-40d6-befe-a956d2803661,20b43fef-2ce8-44c3-83f4-2438418735cd,CID-505,2026-03-04,880.79,MC,Completed,SampleGen
98f2330c-b35e-4fcd-b5f6-f1ef76c701ff,353e7e4f-018e-4f93-9c26-4e396ee2663e,CID-506,2026-03-02,2805.64,PayPal,Completed,SampleGen
b5c4d866-86e9-4f09-b404-ec9ae675a41a,ae55b24d-ab05-45cd-9b86-8f231190fe6d,CID-506,2026-03-02,489.36,Discover,Completed,SampleGen
0bf8298e-a47e-4e02-9510-9a403e275a84,edf24eca-81a7-4e4a-bcdb-ceb0c503b1d1,CID-506,2026-03-02,848.17,VISA,Completed,SampleGen
a4060689-43ae-42de-86db-0b7185976d84,1a9b721f-e765-427d-bd8d-03b04146a54c,CID-506,2026-03-03,500.21,AmEx,Completed,SampleGen
271544f3-f46d-4cda-9167-b1b0aa0e1061,72a10579-fc3b-4199-b436-6b8a316f9a84,CID-506,2026-03-03,1783.42,MC,Completed,SampleGen
35f62669-56eb-436a-9006-12584229dc73,6919621b-d73b-42f8-9385-cb641bbe1f6a,CID-506,2026-03-03,1565.91,MC,Completed,SampleGen
61fca5d7-b3d6-45b9-9ac0-78e4dff767ec,7507d64d-3914-4074-83d6-7f377c6566e4,CID-506,2026-03-04,1489.82,VISA,Completed,SampleGen
cc36fcc5-a37d-4d81-bd21-6feaee7b0298,94d8d256-924c-4330-9845-502c9ca45d51,CID-507,2026-03-03,1500.66,MC,Completed,SampleGen
0c8eec5d-db0f-4706-9c6d-0abb74e6a8bf,b985bf49-1ad4-4007-860d-b0e5e2f192db,CID-508,2026-03-02,2490.27,AmEx,Completed,SampleGen
2c59587d-ec00-4962-b655-dab95f3b7eba,bd2b97c0-6ac4-4fc0-adac-558d8bb9fafc,CID-508,2026-03-02,1794.28,VISA,Completed,SampleGen
e5e079c1-f11e-4803-8e47-ec9c03303cd7,4e6c652f-c3c8-4735-94e8-fb15d06cec9b,CID-508,2026-03-02,1555.07,VISA,Completed,SampleGen
2c41e3d7-f78a-4994-83c3-6a2628456f14,86c46e51-7bea-407f-a378-c6c0b477927f,CID-508,2026-03-03,1750.8,MC,Completed,SampleGen
d757c135-dddc-4678-9141-c0ac8dbf1c83,42dc4c63-7d1f-4441-ad00-a0e595a4a803,CID-508,2026-03-03,195.73,AmEx,Completed,SampleGen
3ec2d556-20a6-4bd6-825c-ee645c40b4b5,6d415b0e-d06d-428c-8a90-14107b7173c8,CID-508,2026-03-04,1429.98,MC,Completed,SampleGen
4f9a2ec5-e5ec-4786-ac33-49d71aab7e98,8fd0b9d4-3a07-4f06-ba41-656a104cd34d,CID-508,2026-03-04,2131.42,MC,Completed,SampleGen
ea6cfdcd-bb37-4859-9698-19fe68aac22e,31336238-5857-4845-be05-084333d2dcd3,CID-508,2026-03-04,978.68,AmEx,Completed,SampleGen
7a9ebf6a-999c-4468-a2fd-de60773159f9,6f0f52e1-38b8-4b5a-b6ff-6ecadb42eafb,CID-508,2026-03-05,3311.32,PayPal,Completed,SampleGen
bf6dd8f1-db9e-4354-bad0-c7e8f8a4a125,c3fe3c19-6d3f-4618-b7de-8ba7a78bddbb,CID-509,2026-03-04,380.58,VISA,Completed,SampleGen
5b9476c3-047f-4b85-a150-646ccd6b0be2,981ee4fb-675e-4ee7-ab9d-fcbafd3a732b,CID-510,2026-03-04,554.59,VISA,Completed,SampleGen
7e6b7b02-381a-40fb-8012-39656aca2f64,0e9216a6-ff13-4bc8-ad72-7d1f08c81f8a,CID-510,2026-03-04,1109.2,PayPal,Completed,SampleGen
a30d58e6-6003-42f3-a9ac-66d2dfd921ba,555616a8-4747-4950-95fb-6dafb948f2f6,CID-510,2026-03-04,2087.91,Discover,Completed,SampleGen
3212856e-121b-4dc8-8576-df79a4aa557e,5df755d5-a11b-4b6b-835a-c272072f4548,CID-510,2026-03-04,467.57,Discover,Completed,SampleGen
a7a6c8d9-cf0e-4ccd-a031-cc112e2bd78c,d7d60eff-6b93-4263-96c1-6232dc133ee9,CID-510,2026-03-04,489.36,VISA,Completed,SampleGen
cba84031-1f09-42e3-b318-44b9839d6378,3f3c5bb1-929a-47b3-905d-280fe88957ea,CID-510,2026-03-05,402.35,VISA,Completed,SampleGen
e6c5c1c5-5cab-4a54-8ee3-2cc870285a73,8be6d64e-8fd4-4a28-888b-2abcc4b89e52,CID-510,2026-03-05,1772.51,VISA,Completed,SampleGen
72ab3ab2-4166-4fb6-a954-956c783c723d,3bf73615-931a-4486-8853-6e2cb78ff692,CID-511,2026-03-02,135.93,MC,Completed,SampleGen
e8f952a1-af02-435a-802d-7fdb5953a183,b0e1a655-a4ba-4bb7-ad15-7207786ddd8d,CID-511,2026-03-03,347.98,PayPal,Completed,SampleGen
482ff589-b087-4b7a-bbd3-2bfcdc36c7ee,77c436ae-8da8-4b16-bda6-3a2b7b09013c,CID-511,2026-03-05,701.37,VISA,Completed,SampleGen
ef7bce29-b23c-4e0c-bd1e-fbae0afd6f3f,051b1379-0819-48d6-9b05-6df5918e8541,CID-512,2026-03-02,293.59,MC,Completed,SampleGen
8c275d2e-1a1e-4f58-aad0-b435aee6a2ec,21e8f0a0-ab82-48f7-8c7f-3108899bcb13,CID-512,2026-03-05,1468.09,MC,Completed,SampleGen
c90f1499-508f-4167-b8cd-dc7e00e7c81c,b06e6536-a1a1-4a63-b11f-65255fc2c76e,CID-512,2026-03-05,1990.02,VISA,Completed,SampleGen
ea2e72a1-c75c-40ea-9a95-a715a21700b6,e369e072-2b93-4d20-8959-a38de9fc4d27,CID-512,2026-03-05,1881.29,PayPal,Completed,SampleGen
91060518-0abb-4289-a84f-c68f7ef665d0,84b4dbed-238b-4a0c-87b4-7978ddc537ed,CID-513,2026-03-05,97.86,AmEx,Completed,SampleGen
