PaymentId,InvoiceId,CustomerId,PaymentDate,PaymentAmount,PaymentMethod,PaymentStatus,CreatedBy
PAY-d86e8871-db75-4394-aa7b-d97cc5715d77,INV-d86e8871-db75-4394-aa7b-d97cc5715d77,CID-001,2026-02-28,4349.94,AmEx,Completed,SampleGen
PAY-c3abe47a-fbf6-4cc0-b93f-d6e4aefde472,INV-c3abe47a-fbf6-4cc0-b93f-d6e4aefde472,CID-001,2025-11-04,869.98,VISA,Completed,SampleGen
PAY-0d01fd60-f078-4a3b-b862-e79c676c9281,INV-0d01fd60-f078-4a3b-b862-e79c676c9281,CID-001,2025-10-14,2653.43,MC,Completed,SampleGen
PAY-3accc9aa-98d1-43f6-9906-bd5cba333b92,INV-3accc9aa-98d1-43f6-9906-bd5cba333b92,CID-001,2025-06-02,793.85,AmEx,Completed,SampleGen
PAY-320a8d88-4da6-412b-a870-e214e58a9bf1,INV-320a8d88-4da6-412b-a870-e214e58a9bf1,CID-001,2025-06-08,1391.94,AmEx,Completed,SampleGen
PAY-3bcbfb76-c4bc-4844-95a1-981245acdd52,INV-3bcbfb76-c4bc-4844-95a1-981245acdd52,CID-001,2026-02-22,195.74,MC,Completed,SampleGen
PAY-22739200-1776-4304-ba65-325b3625f174,INV-22739200-1776-4304-ba65-325b3625f174,CID-002,2025-07-16,206.61,AmEx,Completed,SampleGen
PAY-65cfafd5-1094-4d24-8fce-5b98a400e274,INV-65cfafd5-1094-4d24-8fce-5b98a400e274,CID-003,2025-06-11,2555.58,VISA,Completed,SampleGen
PAY-09f4499f-4ba9-48b7-8d1b-4d3520972afd,INV-09f4499f-4ba9-48b7-8d1b-4d3520972afd,CID-003,2025-12-03,489.36,VISA,Completed,SampleGen
PAY-f4672187-b4ac-4ed0-a034-eed5194e0d2e,INV-f4672187-b4ac-4ed0-a034-eed5194e0d2e,CID-003,2025-09-08,1729.06,Discover,Completed,SampleGen
PAY-b40ddf32-661a-40e6-bbd1-6245e3c3cb5b,INV-b40ddf32-661a-40e6-bbd1-6245e3c3cb5b,CID-003,2026-03-08,500.22,MC,Completed,SampleGen
PAY-522e8942-0515-4569-9188-6fb75ff11535,INV-522e8942-0515-4569-9188-6fb75ff11535,CID-003,2025-09-12,434.98,PayPal,Completed,SampleGen
PAY-9fc8d65f-b518-45ac-bb09-01e91d21719a,INV-9fc8d65f-b518-45ac-bb09-01e91d21719a,CID-004,2025-10-15,1315.83,VISA,Completed,SampleGen
PAY-c1abc160-2a92-48cf-9da7-d1887a30e89e,INV-c1abc160-2a92-48cf-9da7-d1887a30e89e,CID-004,2025-09-23,3349.43,MC,Completed,SampleGen
PAY-de8bc549-1a4c-424c-bf29-eec4ce00fce8,INV-de8bc549-1a4c-424c-bf29-eec4ce00fce8,CID-005,2025-11-25,3969.3,AmEx,Completed,SampleGen
PAY-9abeafaa-4ce8-40d0-a5b1-541a72d3ed4f,INV-9abeafaa-4ce8-40d0-a5b1-541a72d3ed4f,CID-005,2025-12-17,3860.57,MC,Completed,SampleGen
PAY-550125e7-5968-4927-8621-5d328c7ed0fc,INV-550125e7-5968-4927-8621-5d328c7ed0fc,CID-005,2026-02-14,978.74,MC,Completed,SampleGen
PAY-f87c06a8-a476-4574-8370-bbcdb7ef924a,INV-f87c06a8-a476-4574-8370-bbcdb7ef924a,CID-005,2026-02-21,924.35,AmEx,Completed,SampleGen
PAY-3e9918a4-d00a-4964-9025-869d444744a5,INV-3e9918a4-d00a-4964-9025-869d444744a5,CID-006,2025-09-09,2261.93,VISA,Completed,SampleGen
PAY-606e81b7-469e-481a-aef1-4f7de8927729,INV-606e81b7-469e-481a-aef1-4f7de8927729,CID-006,2025-07-27,2870.94,PayPal,Completed,SampleGen
PAY-66a0d761-d1b3-4972-a0c8-d541023ccd38,INV-66a0d761-d1b3-4972-a0c8-d541023ccd38,CID-006,2025-07-14,1196.21,MC,Completed,SampleGen
PAY-1f338ca2-6e7e-4b1e-ab14-ae153e3bf264,INV-1f338ca2-6e7e-4b1e-ab14-ae153e3bf264,CID-006,2025-08-12,16.3,PayPal,Completed,SampleGen
PAY-1745d7e2-cf75-4b8d-9749-75d7a83f4451,INV-1745d7e2-cf75-4b8d-9749-75d7a83f4451,CID-006,2026-01-10,2327.2,PayPal,Completed,SampleGen
PAY-81e37c99-dd11-440d-b605-1a5ae1c95391,INV-81e37c99-dd11-440d-b605-1a5ae1c95391,CID-007,2025-09-21,2392.46,PayPal,Completed,SampleGen
PAY-1387efc0-1ef0-4eb4-98a4-d5d09b544017,INV-1387efc0-1ef0-4eb4-98a4-d5d09b544017,CID-007,2025-11-02,2077.08,Discover,Completed,SampleGen
PAY-91a86209-3eea-49a1-acab-0739dcba7af6,INV-91a86209-3eea-49a1-acab-0739dcba7af6,CID-008,2025-11-01,2316.32,AmEx,Completed,SampleGen
PAY-058f3987-33f4-4d79-bdf3-14154d7eddbe,INV-058f3987-33f4-4d79-bdf3-14154d7eddbe,CID-008,2025-08-16,924.33,MC,Completed,SampleGen
PAY-2f629099-dca1-452f-8a56-b4fa0aab9601,INV-2f629099-dca1-452f-8a56-b4fa0aab9601,CID-008,2025-07-01,2544.69,MC,Completed,SampleGen
PAY-c99ee94e-10ae-42ae-8a88-1d80db5b3862,INV-c99ee94e-10ae-42ae-8a88-1d80db5b3862,CID-009,2026-01-17,3392.93,Discover,Completed,SampleGen
PAY-2e6d69a3-c923-43db-9f4c-dacca9900e3a,INV-2e6d69a3-c923-43db-9f4c-dacca9900e3a,CID-010,2025-12-20,2283.72,VISA,Completed,SampleGen
PAY-732b4308-7804-4b06-84e6-f33336b40453,INV-732b4308-7804-4b06-84e6-f33336b40453,CID-010,2025-10-28,130.48,MC,Completed,SampleGen
PAY-6abde94f-5579-4f62-ac09-a220aa4ba81a,INV-6abde94f-5579-4f62-ac09-a220aa4ba81a,CID-010,2025-07-25,1304.94,PayPal,Completed,SampleGen
PAY-ab215aad-b641-41a1-92f2-26d5a5e73a40,INV-ab215aad-b641-41a1-92f2-26d5a5e73a40,CID-010,2025-10-03,652.47,VISA,Completed,SampleGen
PAY-3c2f85f6-0684-47e5-90d7-ffa59f1e9d33,INV-3c2f85f6-0684-47e5-90d7-ffa59f1e9d33,CID-010,2025-06-09,2740.43,MC,Completed,SampleGen
PAY-bb34271c-e1ce-4234-9944-291a9e801bf0,INV-bb34271c-e1ce-4234-9944-291a9e801bf0,CID-010,2026-01-06,2338.08,VISA,Completed,SampleGen
PAY-5776d706-8fcc-4149-8075-35f4dac9974a,INV-5776d706-8fcc-4149-8075-35f4dac9974a,CID-011,2026-03-06,554.57,VISA,Completed,SampleGen
PAY-9883114b-ab98-4a7e-b376-4f2f63b87019,INV-9883114b-ab98-4a7e-b376-4f2f63b87019,CID-011,2025-06-04,2838.3,VISA,Completed,SampleGen
PAY-ea602b0e-9155-40e0-b327-f04307955a8e,INV-ea602b0e-9155-40e0-b327-f04307955a8e,CID-011,2026-01-21,3925.81,AmEx,Completed,SampleGen
PAY-c71e3e81-d336-4512-952f-284cb17e9093,INV-c71e3e81-d336-4512-952f-284cb17e9093,CID-011,2025-06-08,1087.44,MC,Completed,SampleGen
PAY-f02b3e20-cf52-4ffd-a6a0-df86b2f58b9a,INV-f02b3e20-cf52-4ffd-a6a0-df86b2f58b9a,CID-012,2025-12-17,1478.93,VISA,Completed,SampleGen
PAY-8df94fbd-820c-4b91-89e4-46431d5b9cd8,INV-8df94fbd-820c-4b91-89e4-46431d5b9cd8,CID-013,2026-02-16,4404.32,PayPal,Completed,SampleGen
PAY-b2ec21e4-560c-42ac-8754-3f294ff5677d,INV-b2ec21e4-560c-42ac-8754-3f294ff5677d,CID-013,2025-09-16,1979.18,AmEx,Completed,SampleGen
PAY-1c5419ee-c94a-48c9-9d02-bd4bbb05cd2a,INV-1c5419ee-c94a-48c9-9d02-bd4bbb05cd2a,CID-013,2025-12-06,1413.73,MC,Completed,SampleGen
PAY-b7019811-0aa4-4486-b3d1-b1499f68241a,INV-b7019811-0aa4-4486-b3d1-b1499f68241a,CID-013,2025-07-17,489.36,VISA,Completed,SampleGen
PAY-08a590c2-766b-4001-8b5c-b56424da51dc,INV-08a590c2-766b-4001-8b5c-b56424da51dc,CID-013,2025-06-18,1652.95,AmEx,Completed,SampleGen
PAY-2696db35-db1c-45f7-805d-0fa619ab5744,INV-2696db35-db1c-45f7-805d-0fa619ab5744,CID-014,2026-02-07,1468.09,VISA,Completed,SampleGen
PAY-5b393481-acd2-4291-95d1-03f143a97482,INV-5b393481-acd2-4291-95d1-03f143a97482,CID-015,2026-03-18,130.49,AmEx,Completed,SampleGen
PAY-6fe8aca1-1867-4ae5-8782-6440bcaef5ca,INV-6fe8aca1-1867-4ae5-8782-6440bcaef5ca,CID-015,2026-01-26,630.74,AmEx,Completed,SampleGen
PAY-b296169f-40a8-42c0-8963-d3e009b9276d,INV-b296169f-40a8-42c0-8963-d3e009b9276d,CID-016,2025-10-07,1522.42,VISA,Completed,SampleGen
PAY-8061c899-beef-495f-a1f7-301d0acac9e5,INV-8061c899-beef-495f-a1f7-301d0acac9e5,CID-017,2025-06-06,1326.7,VISA,Completed,SampleGen
PAY-f0aaa547-989e-4858-b8ce-2c84b0e64e0e,INV-f0aaa547-989e-4858-b8ce-2c84b0e64e0e,CID-017,2025-07-09,1892.18,PayPal,Completed,SampleGen
PAY-dc2055ec-6717-493c-8be1-c6569c1644dc,INV-dc2055ec-6717-493c-8be1-c6569c1644dc,CID-017,2025-07-20,2240.19,Discover,Completed,SampleGen
PAY-ea78b3d2-fd58-4edf-81be-a86d22b4b778,INV-ea78b3d2-fd58-4edf-81be-a86d22b4b778,CID-017,2026-01-04,2843.76,PayPal,Completed,SampleGen
PAY-e19940ea-7738-47b2-910a-ea898bc746eb,INV-e19940ea-7738-47b2-910a-ea898bc746eb,CID-017,2026-01-14,1261.44,MC,Completed,SampleGen
PAY-3e54fe9e-961a-4c04-8a03-c7de0533025c,INV-3e54fe9e-961a-4c04-8a03-c7de0533025c,CID-018,2025-12-23,1903.1,PayPal,Completed,SampleGen
PAY-01a3cedf-1262-4cd5-ad47-248674a3c6fb,INV-01a3cedf-1262-4cd5-ad47-248674a3c6fb,CID-018,2025-10-07,434.98,PayPal,Completed,SampleGen
PAY-33894b6f-bad6-4ff4-8e84-ee8541ec8e6f,INV-33894b6f-bad6-4ff4-8e84-ee8541ec8e6f,CID-018,2026-03-16,1957.48,PayPal,Completed,SampleGen
PAY-31047959-7f32-4fc2-8f90-fc93eee6255a,INV-31047959-7f32-4fc2-8f90-fc93eee6255a,CID-018,2025-06-04,1685.58,VISA,Completed,SampleGen
PAY-97e3c263-6c38-42f4-ad1e-2b5d026274e9,INV-97e3c263-6c38-42f4-ad1e-2b5d026274e9,CID-019,2026-02-07,1196.22,MC,Completed,SampleGen
PAY-69451c94-371f-4c1f-aacb-3fba6f68f921,INV-69451c94-371f-4c1f-aacb-3fba6f68f921,CID-019,2025-12-13,2022.71,PayPal,Completed,SampleGen
PAY-3a332bac-e0cb-4bbe-acf7-0519a484c558,INV-3a332bac-e0cb-4bbe-acf7-0519a484c558,CID-019,2026-02-11,5491.8,MC,Completed,SampleGen
PAY-dde0700f-0cd5-4130-9bb1-77b85e592cb0,INV-dde0700f-0cd5-4130-9bb1-77b85e592cb0,CID-019,2025-08-28,1913.96,MC,Completed,SampleGen
PAY-1bd840e1-0925-41fa-9253-0bcf40d74aac,INV-1bd840e1-0925-41fa-9253-0bcf40d74aac,CID-020,2026-03-06,717.71,AmEx,Completed,SampleGen
PAY-a3c01f13-2bfd-4069-ae4a-fed9655b11ca,INV-a3c01f13-2bfd-4069-ae4a-fed9655b11ca,CID-020,2026-01-03,1739.96,PayPal,Completed,SampleGen
PAY-b4c10fbf-88b7-4019-9539-d5918d3dca17,INV-b4c10fbf-88b7-4019-9539-d5918d3dca17,CID-020,2025-07-30,880.82,PayPal,Completed,SampleGen
PAY-44d6bfe5-fbb9-49de-9de4-3d0a698ed7fd,INV-44d6bfe5-fbb9-49de-9de4-3d0a698ed7fd,CID-020,2025-08-14,260.98,VISA,Completed,SampleGen
PAY-95285648-b01e-4178-bf30-06af4429cb83,INV-95285648-b01e-4178-bf30-06af4429cb83,CID-020,2025-06-14,337.1,AmEx,Completed,SampleGen
PAY-0fde4638-3f4f-4f97-80d3-1f137aec707f,INV-0fde4638-3f4f-4f97-80d3-1f137aec707f,CID-021,2025-12-20,598.11,VISA,Completed,SampleGen
PAY-99de3bf5-fef5-424a-ad1c-be057a5198cc,INV-99de3bf5-fef5-424a-ad1c-be057a5198cc,CID-021,2025-10-02,2805.68,Discover,Completed,SampleGen
PAY-6b985571-e96d-41bb-b5ab-49ab5637680d,INV-6b985571-e96d-41bb-b5ab-49ab5637680d,CID-022,2026-01-05,3969.31,PayPal,Completed,SampleGen
PAY-f990085c-dd78-4fab-bd37-24b3e49786bc,INV-f990085c-dd78-4fab-bd37-24b3e49786bc,CID-022,2026-01-26,2990.57,Discover,Completed,SampleGen
PAY-6cfd6b29-da3d-4606-b47b-4d902f4c554e,INV-6cfd6b29-da3d-4606-b47b-4d902f4c554e,CID-022,2026-02-27,4730.55,MC,Completed,SampleGen
PAY-9eb6b331-5b8a-4b0d-ada0-dd4b79e9e3ec,INV-9eb6b331-5b8a-4b0d-ada0-dd4b79e9e3ec,CID-022,2025-07-27,2283.72,MC,Completed,SampleGen
PAY-7427946a-9a14-435a-aafb-001f6a94abb4,INV-7427946a-9a14-435a-aafb-001f6a94abb4,CID-023,2025-09-15,1000.45,PayPal,Completed,SampleGen
PAY-f6788b66-689f-4f78-94ae-45791ebcc224,INV-f6788b66-689f-4f78-94ae-45791ebcc224,CID-023,2026-02-11,3697.43,VISA,Completed,SampleGen
PAY-f604e556-2126-4739-920a-6f13d88b3c57,INV-f604e556-2126-4739-920a-6f13d88b3c57,CID-023,2025-10-01,86.99,MC,Completed,SampleGen
PAY-18de284a-a50f-46f8-9a2b-dfd59d37db39,INV-18de284a-a50f-46f8-9a2b-dfd59d37db39,CID-023,2025-12-26,2392.44,PayPal,Completed,SampleGen
PAY-1b132820-c69f-4c43-bacc-a054894e4155,INV-1b132820-c69f-4c43-bacc-a054894e4155,CID-023,2025-11-24,1413.7,VISA,Completed,SampleGen
PAY-43a06fa0-3d76-4a2d-b107-667f05049bc3,INV-43a06fa0-3d76-4a2d-b107-667f05049bc3,CID-023,2025-06-13,1043.97,MC,Completed,SampleGen
PAY-2fb6c68a-b428-42ce-86c0-40baed2f60fa,INV-2fb6c68a-b428-42ce-86c0-40baed2f60fa,CID-023,2025-06-18,739.42,PayPal,Completed,SampleGen
PAY-6808bf07-52be-4816-ae3c-0c12720b2eb4,INV-6808bf07-52be-4816-ae3c-0c12720b2eb4,CID-024,2026-02-25,32.6,MC,Completed,SampleGen
PAY-9461d0b5-6614-4ff4-a200-e48504bb142e,INV-9461d0b5-6614-4ff4-a200-e48504bb142e,CID-024,2025-09-06,380.61,PayPal,Completed,SampleGen
PAY-b16aa277-b75f-49eb-9b27-13c7f05808ad,INV-b16aa277-b75f-49eb-9b27-13c7f05808ad,CID-025,2026-02-24,1413.7,AmEx,Completed,SampleGen
PAY-d2640eac-f12a-45ea-abe7-c3776e69ef15,INV-d2640eac-f12a-45ea-abe7-c3776e69ef15,CID-026,2025-11-26,413.23,MC,Completed,SampleGen
PAY-2042c5cb-e5a0-48ba-b82e-8b3331bcbc99,INV-2042c5cb-e5a0-48ba-b82e-8b3331bcbc99,CID-026,2025-09-26,5035.07,MC,Completed,SampleGen
PAY-61a2a427-1380-4242-a8f3-61b74a76a4dd,INV-61a2a427-1380-4242-a8f3-61b74a76a4dd,CID-026,2025-10-30,3425.58,AmEx,Completed,SampleGen
PAY-6e9c44d4-3aee-4ca1-a259-99495f9578fe,INV-6e9c44d4-3aee-4ca1-a259-99495f9578fe,CID-026,2025-08-31,4328.18,Discover,Completed,SampleGen
PAY-771788d9-ecd0-4d4e-b5ed-2dce903b7904,INV-771788d9-ecd0-4d4e-b5ed-2dce903b7904,CID-027,2026-01-10,2261.95,AmEx,Completed,SampleGen
PAY-927be4b4-6f63-44b4-a350-21fa02ee5754,INV-927be4b4-6f63-44b4-a350-21fa02ee5754,CID-028,2025-08-08,869.99,MC,Completed,SampleGen
PAY-a24af08b-1f1c-4552-869e-4171699e6622,INV-a24af08b-1f1c-4552-869e-4171699e6622,CID-028,2025-08-10,956.95,AmEx,Completed,SampleGen
PAY-1086a95a-f7a5-4cef-a948-4f3c7359e2d7,INV-1086a95a-f7a5-4cef-a948-4f3c7359e2d7,CID-028,2025-06-14,1478.95,AmEx,Completed,SampleGen
PAY-7dec4a75-5e4d-46e0-97be-54feb02dbdad,INV-7dec4a75-5e4d-46e0-97be-54feb02dbdad,CID-029,2025-11-16,1870.44,VISA,Completed,SampleGen
PAY-d1847c4b-f649-40fb-89c7-98e479686bba,INV-d1847c4b-f649-40fb-89c7-98e479686bba,CID-029,2026-03-05,772.07,PayPal,Completed,SampleGen
PAY-05880dcb-c606-4c39-9f0b-6d9526bd1a24,INV-05880dcb-c606-4c39-9f0b-6d9526bd1a24,CID-029,2026-02-10,2555.58,VISA,Completed,SampleGen
PAY-b6f07a31-50a4-4489-a878-c20df0e82e58,INV-b6f07a31-50a4-4489-a878-c20df0e82e58,CID-030,2025-08-11,1190.75,MC,Completed,SampleGen
PAY-8f3a4624-a8ac-4816-9b99-5c43e9903044,INV-8f3a4624-a8ac-4816-9b99-5c43e9903044,CID-030,2026-01-31,3490.81,VISA,Completed,SampleGen
PAY-803772b7-46f1-40ba-b131-e2d84e01f67c,INV-803772b7-46f1-40ba-b131-e2d84e01f67c,CID-031,2025-10-18,2642.57,VISA,Completed,SampleGen
PAY-5b1dab86-2d2f-4daa-abf3-f8007cc8b204,INV-5b1dab86-2d2f-4daa-abf3-f8007cc8b204,CID-031,2025-08-28,1739.98,PayPal,Completed,SampleGen
PAY-da86fed6-5a24-4959-aea6-a2cbddd12c60,INV-da86fed6-5a24-4959-aea6-a2cbddd12c60,CID-031,2026-02-04,630.74,Discover,Completed,SampleGen
PAY-785c87d1-b50d-402e-96bc-2aaa167fdbe7,INV-785c87d1-b50d-402e-96bc-2aaa167fdbe7,CID-032,2026-01-10,4893.68,PayPal,Completed,SampleGen
PAY-220e40c1-3a4f-4279-8a4b-eed1664c4410,INV-220e40c1-3a4f-4279-8a4b-eed1664c4410,CID-032,2026-03-15,2000.93,PayPal,Completed,SampleGen
PAY-70449546-f0c3-4d49-89c8-bfac16db55a1,INV-70449546-f0c3-4d49-89c8-bfac16db55a1,CID-033,2025-10-06,1315.8,AmEx,Completed,SampleGen
PAY-cbe36393-ab1d-4aa4-8c45-a48581be49b6,INV-cbe36393-ab1d-4aa4-8c45-a48581be49b6,CID-034,2025-08-07,598.07,PayPal,Completed,SampleGen
PAY-c200d0a1-e7f8-499a-9726-98a3603cd8a4,INV-c200d0a1-e7f8-499a-9726-98a3603cd8a4,CID-034,2025-08-06,1843.27,VISA,Completed,SampleGen
PAY-641b3867-0340-4817-b4d5-2d6c1e9e104c,INV-641b3867-0340-4817-b4d5-2d6c1e9e104c,CID-035,2025-11-28,1413.73,VISA,Completed,SampleGen
PAY-7093e506-238d-48e1-b149-dbc7207f29e0,INV-7093e506-238d-48e1-b149-dbc7207f29e0,CID-036,2025-09-26,1413.73,AmEx,Completed,SampleGen
PAY-1fe04fe4-0e53-4c47-b6a4-7e4531594323,INV-1fe04fe4-0e53-4c47-b6a4-7e4531594323,CID-036,2025-11-06,4110.69,MC,Completed,SampleGen
PAY-3b31628d-b4c9-4073-a8ee-6c671d4e1b0b,INV-3b31628d-b4c9-4073-a8ee-6c671d4e1b0b,CID-037,2025-07-16,413.23,PayPal,Completed,SampleGen
PAY-662ccfbe-efe6-4fa0-9884-82cd8ef754bb,INV-662ccfbe-efe6-4fa0-9884-82cd8ef754bb,CID-037,2025-10-29,761.21,PayPal,Completed,SampleGen
PAY-6d53ae3a-7e6b-4fd1-a719-a18f162d227e,INV-6d53ae3a-7e6b-4fd1-a719-a18f162d227e,CID-038,2025-12-26,489.35,Discover,Completed,SampleGen
PAY-52d9de81-a3f7-41d2-a711-50a61c8dcf8f,INV-52d9de81-a3f7-41d2-a711-50a61c8dcf8f,CID-038,2026-01-23,2990.57,AmEx,Completed,SampleGen
PAY-79393123-f6e0-4c95-b491-0b4cac2bff38,INV-79393123-f6e0-4c95-b491-0b4cac2bff38,CID-038,2025-06-28,652.48,PayPal,Completed,SampleGen
PAY-63c39d72-ad8e-441a-ba27-f3776d8da057,INV-63c39d72-ad8e-441a-ba27-f3776d8da057,CID-038,2025-10-01,260.98,VISA,Completed,SampleGen
PAY-a6029073-c627-4a75-af03-9746c21887bc,INV-a6029073-c627-4a75-af03-9746c21887bc,CID-039,2026-02-23,271.86,MC,Completed,SampleGen
PAY-eb2885c3-1477-4bab-bd27-088c93ba5a99,INV-eb2885c3-1477-4bab-bd27-088c93ba5a99,CID-039,2025-09-01,130.49,Discover,Completed,SampleGen
PAY-66a9b99f-c96c-4de7-bf50-db454997e6b5,INV-66a9b99f-c96c-4de7-bf50-db454997e6b5,CID-039,2025-12-05,2827.43,Discover,Completed,SampleGen
PAY-6342337c-3481-40d4-b3dc-100393618931,INV-6342337c-3481-40d4-b3dc-100393618931,CID-039,2026-01-15,2718.71,MC,Completed,SampleGen
PAY-bdba2703-4de1-4e96-b78a-5da9ef691c60,INV-bdba2703-4de1-4e96-b78a-5da9ef691c60,CID-040,2025-10-30,902.6,AmEx,Completed,SampleGen
PAY-a92a06bc-ceff-47af-b549-56b0a2ed5624,INV-a92a06bc-ceff-47af-b549-56b0a2ed5624,CID-040,2026-01-25,2609.95,AmEx,Completed,SampleGen
PAY-c749bad9-72dd-46b7-ba05-729a18349f1e,INV-c749bad9-72dd-46b7-ba05-729a18349f1e,CID-040,2025-10-18,1500.7,PayPal,Completed,SampleGen
PAY-b6febd30-1b32-431c-a17f-a864e0bc3170,INV-b6febd30-1b32-431c-a17f-a864e0bc3170,CID-040,2025-11-17,3795.3,VISA,Completed,SampleGen
PAY-d932ec2e-b7b7-4c41-9e6b-9b8a693a63d3,INV-d932ec2e-b7b7-4c41-9e6b-9b8a693a63d3,CID-041,2025-07-17,1250.57,AmEx,Completed,SampleGen
PAY-783a7afd-25c4-4dc5-8da5-f1f2b2b7be83,INV-783a7afd-25c4-4dc5-8da5-f1f2b2b7be83,CID-041,2025-06-09,206.61,VISA,Completed,SampleGen
PAY-4b82051f-dbb7-4aff-ad6f-f0dda1c6a44e,INV-4b82051f-dbb7-4aff-ad6f-f0dda1c6a44e,CID-041,2025-08-13,1098.32,AmEx,Completed,SampleGen
PAY-7b5eff57-228b-4439-9471-819a5f031386,INV-7b5eff57-228b-4439-9471-819a5f031386,CID-041,2025-07-07,260.98,Discover,Completed,SampleGen
PAY-5a67660b-a722-4ad7-abd1-e6acb15601f6,INV-5a67660b-a722-4ad7-abd1-e6acb15601f6,CID-042,2025-10-14,1413.73,VISA,Completed,SampleGen
PAY-40abf18e-d0c5-40b7-8014-fa6424168bb5,INV-40abf18e-d0c5-40b7-8014-fa6424168bb5,CID-042,2026-02-01,1990.07,AmEx,Completed,SampleGen
PAY-a327896c-7f7b-4f26-81f9-5f2ac4c4df43,INV-a327896c-7f7b-4f26-81f9-5f2ac4c4df43,CID-042,2025-12-24,4132.42,AmEx,Completed,SampleGen
PAY-40dac457-42e7-498e-8361-aa4439dfebf8,INV-40dac457-42e7-498e-8361-aa4439dfebf8,CID-042,2025-09-14,978.71,MC,Completed,SampleGen
PAY-0839f241-ece5-43c4-8a48-0c4a75b5c32e,INV-0839f241-ece5-43c4-8a48-0c4a75b5c32e,CID-042,2026-03-20,260.98,MC,Completed,SampleGen
PAY-69945d47-db23-4c67-baf0-0db70e3085a8,INV-69945d47-db23-4c67-baf0-0db70e3085a8,CID-042,2025-06-09,413.23,PayPal,Completed,SampleGen
PAY-247ad21e-30d9-4713-9042-e2302b06ec54,INV-247ad21e-30d9-4713-9042-e2302b06ec54,CID-042,2026-03-27,3751.81,PayPal,Completed,SampleGen
PAY-24b5cc4e-dd2c-4281-a72e-5928228df03d,INV-24b5cc4e-dd2c-4281-a72e-5928228df03d,CID-043,2025-12-24,619.84,AmEx,Completed,SampleGen
PAY-5af0eb0e-d7fa-4844-a2da-ecf60670a360,INV-5af0eb0e-d7fa-4844-a2da-ecf60670a360,CID-044,2025-08-02,445.84,PayPal,Completed,SampleGen
PAY-00d14be7-057f-4557-a8db-7cf28bb820b5,INV-00d14be7-057f-4557-a8db-7cf28bb820b5,CID-044,2025-10-19,663.34,MC,Completed,SampleGen
PAY-3425ab0d-ba62-472d-970c-3ad71616828d,INV-3425ab0d-ba62-472d-970c-3ad71616828d,CID-045,2025-12-01,5285.18,VISA,Completed,SampleGen
PAY-d6845082-83e9-43d0-9c2a-29aafd0e54b0,INV-d6845082-83e9-43d0-9c2a-29aafd0e54b0,CID-046,2025-08-03,1370.21,PayPal,Completed,SampleGen
PAY-7594585f-abb4-40f1-97b5-2fb5610c93fc,INV-7594585f-abb4-40f1-97b5-2fb5610c93fc,CID-046,2025-06-19,1587.69,AmEx,Completed,SampleGen
PAY-8e013b86-03dc-4d27-b4c5-2d0eda0d1231,INV-8e013b86-03dc-4d27-b4c5-2d0eda0d1231,CID-046,2025-11-11,978.7,MC,Completed,SampleGen
PAY-5418f93e-df0c-48d7-88d9-1ff73a40eb13,INV-5418f93e-df0c-48d7-88d9-1ff73a40eb13,CID-046,2025-12-16,32.6,PayPal,Completed,SampleGen
PAY-f101f512-49ce-45a7-bf03-c150c40ebb96,INV-f101f512-49ce-45a7-bf03-c150c40ebb96,CID-047,2025-07-21,587.22,PayPal,Completed,SampleGen
PAY-a27ea98c-8913-4d6c-bdcc-9e6937b54b35,INV-a27ea98c-8913-4d6c-bdcc-9e6937b54b35,CID-047,2026-02-21,434.99,PayPal,Completed,SampleGen
PAY-66c6c8ab-70b1-4fd8-b180-e6ff758bdcb7,INV-66c6c8ab-70b1-4fd8-b180-e6ff758bdcb7,CID-048,2026-02-18,3055.81,MC,Completed,SampleGen
PAY-82f78ad9-7514-4d88-b5a6-cc70d9058be6,INV-82f78ad9-7514-4d88-b5a6-cc70d9058be6,CID-048,2026-03-07,1152.68,AmEx,Completed,SampleGen
PAY-a3a30014-1bee-43c2-85a5-4001a6867a38,INV-a3a30014-1bee-43c2-85a5-4001a6867a38,CID-048,2025-07-17,1022.2,Discover,Completed,SampleGen
PAY-abc0ec2d-c70c-4072-8dc8-f339f9593864,INV-abc0ec2d-c70c-4072-8dc8-f339f9593864,CID-049,2026-01-07,326.24,AmEx,Completed,SampleGen
PAY-b869c6e3-74a4-4cf8-aee8-1d225433c45c,INV-b869c6e3-74a4-4cf8-aee8-1d225433c45c,CID-049,2025-10-28,413.23,MC,Completed,SampleGen
PAY-bf961f40-f198-402d-ae9e-4dd050bfbadb,INV-bf961f40-f198-402d-ae9e-4dd050bfbadb,CID-050,2025-10-03,1348.45,Discover,Completed,SampleGen
PAY-fbd7f51c-a920-4e59-939a-7613b2c33e76,INV-fbd7f51c-a920-4e59-939a-7613b2c33e76,CID-051,2026-02-03,3697.42,AmEx,Completed,SampleGen
PAY-c62eb2db-929c-4b29-a77d-cf9be4362f78,INV-c62eb2db-929c-4b29-a77d-cf9be4362f78,CID-051,2026-03-24,554.59,Discover,Completed,SampleGen
PAY-28f236e5-5b14-4eb8-8a3c-d90736c70a64,INV-28f236e5-5b14-4eb8-8a3c-d90736c70a64,CID-052,2025-07-10,1348.45,MC,Completed,SampleGen
PAY-1f0b14f9-53c7-4cb9-a88b-4f7de3b78477,INV-1f0b14f9-53c7-4cb9-a88b-4f7de3b78477,CID-052,2025-11-01,3262.44,AmEx,Completed,SampleGen
PAY-55abe546-7b23-483d-82cb-2f95b351c5ab,INV-55abe546-7b23-483d-82cb-2f95b351c5ab,CID-053,2026-03-19,271.86,Discover,Completed,SampleGen
PAY-d91ac3ff-d4fb-4831-a954-f588df309bea,INV-d91ac3ff-d4fb-4831-a954-f588df309bea,CID-053,2025-06-11,717.71,AmEx,Completed,SampleGen
PAY-ab56dd58-5002-4aad-873d-995f8307d2ae,INV-ab56dd58-5002-4aad-873d-995f8307d2ae,CID-054,2026-02-23,3012.32,PayPal,Completed,SampleGen
PAY-c2160c9e-5669-4386-bfe2-dfa686c39fdd,INV-c2160c9e-5669-4386-bfe2-dfa686c39fdd,CID-054,2026-03-01,3121.06,PayPal,Completed,SampleGen
PAY-30342b8d-e7f2-4392-add9-05f72133e272,INV-30342b8d-e7f2-4392-add9-05f72133e272,CID-054,2025-06-10,130.49,PayPal,Completed,SampleGen
PAY-d14fd8f2-b703-4068-bbd6-5e26ee5403bb,INV-d14fd8f2-b703-4068-bbd6-5e26ee5403bb,CID-054,2025-07-01,1620.34,MC,Completed,SampleGen
PAY-d7cd0a7c-5530-48c0-b631-d3eed4f3684c,INV-d7cd0a7c-5530-48c0-b631-d3eed4f3684c,CID-055,2025-09-12,3044.95,MC,Completed,SampleGen
PAY-1935e123-61c1-433b-8d9a-2f1858b84542,INV-1935e123-61c1-433b-8d9a-2f1858b84542,CID-057,2026-02-21,3806.17,MC,Completed,SampleGen
PAY-aecc38dd-ccb5-4401-b42f-b8057965da59,INV-aecc38dd-ccb5-4401-b42f-b8057965da59,CID-058,2026-03-28,739.45,PayPal,Completed,SampleGen
PAY-0001ef07-6a56-47a5-b964-eb98e46b5652,INV-0001ef07-6a56-47a5-b964-eb98e46b5652,CID-058,2025-06-07,1674.7,AmEx,Completed,SampleGen
PAY-e2c646f5-5d07-4517-8872-fb2a346d8724,INV-e2c646f5-5d07-4517-8872-fb2a346d8724,CID-059,2025-11-03,1239.71,VISA,Completed,SampleGen
PAY-fb834a8b-b6c5-40d4-9aae-043aa3a3c0fc,INV-fb834a8b-b6c5-40d4-9aae-043aa3a3c0fc,CID-059,2025-09-07,2066.22,VISA,Completed,SampleGen
PAY-9025cab1-9b31-4113-b6dd-b0045e699e37,INV-9025cab1-9b31-4113-b6dd-b0045e699e37,CID-059,2026-01-20,1707.33,PayPal,Completed,SampleGen
PAY-17a3e381-3dd6-444a-bd25-495e57150f9b,INV-17a3e381-3dd6-444a-bd25-495e57150f9b,CID-060,2025-07-19,103.29,VISA,Completed,SampleGen
PAY-d1d0271f-922d-4e9a-9164-1059b314bb04,INV-d1d0271f-922d-4e9a-9164-1059b314bb04,CID-061,2025-06-29,706.86,VISA,Completed,SampleGen
PAY-7ec225c5-019c-4e91-b38e-f890f7a392bc,INV-7ec225c5-019c-4e91-b38e-f890f7a392bc,CID-061,2026-03-25,304.48,VISA,Completed,SampleGen
PAY-e8669208-7ed2-4b70-89c7-b102337bf3b0,INV-e8669208-7ed2-4b70-89c7-b102337bf3b0,CID-062,2026-02-27,4415.18,VISA,Completed,SampleGen
PAY-60afaaf4-1884-4699-aa42-78966771bd43,INV-60afaaf4-1884-4699-aa42-78966771bd43,CID-062,2025-09-13,1359.34,VISA,Completed,SampleGen
PAY-d06991e9-18b0-409b-922a-d283228bbea5,INV-d06991e9-18b0-409b-922a-d283228bbea5,CID-062,2025-06-02,2696.95,VISA,Completed,SampleGen
PAY-af3a4e07-6ad4-4859-946b-d231e45c7d63,INV-af3a4e07-6ad4-4859-946b-d231e45c7d63,CID-062,2025-10-08,1413.71,PayPal,Completed,SampleGen
PAY-ced87c7a-2bd7-4266-a0ba-002aa1123184,INV-ced87c7a-2bd7-4266-a0ba-002aa1123184,CID-062,2025-08-17,565.46,VISA,Completed,SampleGen
PAY-e805a838-d0c8-47b1-a449-f6241774c69d,INV-e805a838-d0c8-47b1-a449-f6241774c69d,CID-062,2025-07-04,424.07,PayPal,Completed,SampleGen
PAY-9e6466c8-8c95-4b5f-9812-6894330a2809,INV-9e6466c8-8c95-4b5f-9812-6894330a2809,CID-063,2025-09-10,663.34,PayPal,Completed,SampleGen
PAY-e8cc41f5-f793-4d71-96b3-7e5a07e6e791,INV-e8cc41f5-f793-4d71-96b3-7e5a07e6e791,CID-063,2025-08-16,652.48,VISA,Completed,SampleGen
PAY-e4bf4e9f-56eb-4321-bd93-6abdc093ee74,INV-e4bf4e9f-56eb-4321-bd93-6abdc093ee74,CID-063,2025-10-09,772.1,VISA,Completed,SampleGen
PAY-d6ec1b7b-ce19-4a1a-89f5-936450119748,INV-d6ec1b7b-ce19-4a1a-89f5-936450119748,CID-063,2025-09-02,598.11,VISA,Completed,SampleGen
PAY-4242eb85-65cf-46b8-b4a5-e583ffb2f53f,INV-4242eb85-65cf-46b8-b4a5-e583ffb2f53f,CID-063,2026-02-04,652.45,VISA,Completed,SampleGen
PAY-86e4ce5a-08c0-469a-b157-b348e150a71f,INV-86e4ce5a-08c0-469a-b157-b348e150a71f,CID-063,2025-11-22,2098.8,AmEx,Completed,SampleGen
PAY-b13476dc-5f5a-4ddc-aa70-51bcf9341a18,INV-b13476dc-5f5a-4ddc-aa70-51bcf9341a18,CID-063,2025-09-01,391.47,MC,Completed,SampleGen
PAY-571a539c-e5e8-44e0-a301-e5f1f5e02cef,INV-571a539c-e5e8-44e0-a301-e5f1f5e02cef,CID-063,2025-06-28,2120.59,VISA,Completed,SampleGen
PAY-707b6b93-862a-49a0-a13c-215f25474750,INV-707b6b93-862a-49a0-a13c-215f25474750,CID-063,2026-01-07,1370.21,MC,Completed,SampleGen
PAY-2753a155-56b1-4eb1-a906-a7e238888e2e,INV-2753a155-56b1-4eb1-a906-a7e238888e2e,CID-063,2026-02-13,978.74,VISA,Completed,SampleGen
PAY-df6c511a-00c7-49b3-8767-852290cef844,INV-df6c511a-00c7-49b3-8767-852290cef844,CID-063,2025-09-01,386.02,MC,Completed,SampleGen
PAY-acd5c86a-11c2-4bea-a861-5df792125c79,INV-acd5c86a-11c2-4bea-a861-5df792125c79,CID-064,2026-03-29,478.46,PayPal,Completed,SampleGen
PAY-f5cbfa28-a2eb-4574-b76d-f33df4e6f6dd,INV-f5cbfa28-a2eb-4574-b76d-f33df4e6f6dd,CID-065,2025-12-22,1957.45,Discover,Completed,SampleGen
PAY-e6b33659-e6b5-4f3e-af5f-eb3815160ba6,INV-e6b33659-e6b5-4f3e-af5f-eb3815160ba6,CID-065,2025-10-01,3479.94,MC,Completed,SampleGen
PAY-31f920bb-dd39-46bd-9eb6-e910f933dc5b,INV-31f920bb-dd39-46bd-9eb6-e910f933dc5b,CID-065,2025-08-07,2185.8,Discover,Completed,SampleGen
PAY-6a9f4cc6-af72-40cb-895f-f2f3d03dc86d,INV-6a9f4cc6-af72-40cb-895f-f2f3d03dc86d,CID-065,2025-06-06,956.97,PayPal,Completed,SampleGen
PAY-5553a436-4841-4a3a-bac3-1378dec841d5,INV-5553a436-4841-4a3a-bac3-1378dec841d5,CID-065,2025-10-01,2066.2,MC,Completed,SampleGen
PAY-6bccc5f1-c367-4019-b9d2-27072b3149e1,INV-6bccc5f1-c367-4019-b9d2-27072b3149e1,CID-066,2026-03-17,1391.96,VISA,Completed,SampleGen
PAY-67e89773-3e09-4654-a920-e618ec3bdcc2,INV-67e89773-3e09-4654-a920-e618ec3bdcc2,CID-066,2025-10-14,3697.45,VISA,Completed,SampleGen
PAY-73a65480-478b-4e9e-9f73-a54f10f8618e,INV-73a65480-478b-4e9e-9f73-a54f10f8618e,CID-066,2025-08-28,2000.96,Discover,Completed,SampleGen
PAY-7350624b-5f60-4d9d-8fdb-811e12bed42f,INV-7350624b-5f60-4d9d-8fdb-811e12bed42f,CID-067,2025-06-26,782.95,MC,Completed,SampleGen
PAY-cd9f04ea-2ab0-4e93-a11e-727a4f71e95c,INV-cd9f04ea-2ab0-4e93-a11e-727a4f71e95c,CID-068,2025-10-24,1761.7,VISA,Completed,SampleGen
PAY-84b27841-f15b-4be0-9966-d7d7cc0fb768,INV-84b27841-f15b-4be0-9966-d7d7cc0fb768,CID-068,2025-06-09,2316.31,VISA,Completed,SampleGen
PAY-2803b00c-5e72-4187-84d0-06d094faa027,INV-2803b00c-5e72-4187-84d0-06d094faa027,CID-068,2025-08-25,173.98,VISA,Completed,SampleGen
PAY-e3fbc083-b5e1-4991-b8b9-f3fc5417f6ea,INV-e3fbc083-b5e1-4991-b8b9-f3fc5417f6ea,CID-068,2025-07-28,869.99,MC,Completed,SampleGen
PAY-6b230631-36a4-436e-8b71-007221ec2840,INV-6b230631-36a4-436e-8b71-007221ec2840,CID-069,2026-03-27,1120.08,VISA,Completed,SampleGen
PAY-24f8608c-d1fe-4bc7-9502-2aec8619572f,INV-24f8608c-d1fe-4bc7-9502-2aec8619572f,CID-069,2026-01-11,554.6,VISA,Completed,SampleGen
PAY-ae4a3455-74b5-4dc8-bd52-3656085c41be,INV-ae4a3455-74b5-4dc8-bd52-3656085c41be,CID-069,2026-03-12,880.82,PayPal,Completed,SampleGen
PAY-0f9df185-8495-446f-89bf-9000772a052c,INV-0f9df185-8495-446f-89bf-9000772a052c,CID-069,2025-12-25,859.09,AmEx,Completed,SampleGen
PAY-c1810dbe-5e99-4eeb-ad09-ea5dc0a34eaa,INV-c1810dbe-5e99-4eeb-ad09-ea5dc0a34eaa,CID-069,2026-02-06,1663.8,MC,Completed,SampleGen
PAY-0b5744b0-e67c-446a-a65c-75177b6e6c03,INV-0b5744b0-e67c-446a-a65c-75177b6e6c03,CID-069,2025-12-03,1587.71,VISA,Completed,SampleGen
PAY-39c88fc1-f344-4f12-bd11-e8ff378495f1,INV-39c88fc1-f344-4f12-bd11-e8ff378495f1,CID-069,2026-01-24,1152.71,VISA,Completed,SampleGen
PAY-bc6daf9b-16e7-4076-88a4-0146dbe5f58b,INV-bc6daf9b-16e7-4076-88a4-0146dbe5f58b,CID-070,2025-08-23,2283.71,Discover,Completed,SampleGen
PAY-8d2a4a0a-1432-41e1-98d3-f69894a5dca1,INV-8d2a4a0a-1432-41e1-98d3-f69894a5dca1,CID-071,2025-06-03,2283.69,MC,Completed,SampleGen
PAY-7f7acec6-4d16-4c8a-b294-5373353ef580,INV-7f7acec6-4d16-4c8a-b294-5373353ef580,CID-071,2026-01-25,1304.97,VISA,Completed,SampleGen
PAY-0d21d6d5-8978-4402-b577-3cbed9065176,INV-0d21d6d5-8978-4402-b577-3cbed9065176,CID-071,2025-10-04,6481.43,VISA,Completed,SampleGen
PAY-47b3c4b3-2115-4b4b-9eda-046e9f0e0f81,INV-47b3c4b3-2115-4b4b-9eda-046e9f0e0f81,CID-072,2025-11-17,1957.48,MC,Completed,SampleGen
PAY-a3dc32e4-3e5e-4edb-98d5-2c8b34a085f7,INV-a3dc32e4-3e5e-4edb-98d5-2c8b34a085f7,CID-072,2025-12-21,5524.44,MC,Completed,SampleGen
PAY-d0422bef-d280-43d0-bbed-d34339d2c999,INV-d0422bef-d280-43d0-bbed-d34339d2c999,CID-072,2025-12-19,956.95,Discover,Completed,SampleGen
PAY-558f59a3-d145-4499-9d62-51ec83f2aee5,INV-558f59a3-d145-4499-9d62-51ec83f2aee5,CID-073,2025-07-02,3349.43,MC,Completed,SampleGen
PAY-35d649c8-c097-4fa3-b411-d39397c19ae6,INV-35d649c8-c097-4fa3-b411-d39397c19ae6,CID-074,2025-09-06,1903.06,AmEx,Completed,SampleGen
PAY-be3a5eb5-9161-4b9c-b6eb-ed24f6769d06,INV-be3a5eb5-9161-4b9c-b6eb-ed24f6769d06,CID-074,2025-11-09,1968.33,PayPal,Completed,SampleGen
PAY-74dbd349-f9f5-468b-9c08-028e09087fa2,INV-74dbd349-f9f5-468b-9c08-028e09087fa2,CID-074,2025-08-24,837.35,Discover,Completed,SampleGen
PAY-e75ec892-96a2-45ec-9f64-e36f95682930,INV-e75ec892-96a2-45ec-9f64-e36f95682930,CID-074,2025-07-26,1315.8,VISA,Completed,SampleGen
PAY-3dcebe1a-3097-4758-b9fd-7d570a7591d6,INV-3dcebe1a-3097-4758-b9fd-7d570a7591d6,CID-074,2026-03-11,619.85,MC,Completed,SampleGen
PAY-2e7ecc48-c01c-4487-a9ac-76697c128e8c,INV-2e7ecc48-c01c-4487-a9ac-76697c128e8c,CID-075,2025-07-17,869.99,Discover,Completed,SampleGen
PAY-3fccf898-612e-463c-96c0-5a1a629007c2,INV-3fccf898-612e-463c-96c0-5a1a629007c2,CID-075,2025-10-19,2675.21,Discover,Completed,SampleGen
PAY-dd6f51d9-5695-4cee-aaa9-ef704cb4f8fe,INV-dd6f51d9-5695-4cee-aaa9-ef704cb4f8fe,CID-075,2025-09-22,1544.23,VISA,Completed,SampleGen
PAY-7311497b-a572-4e60-a279-5cfaec72a9f5,INV-7311497b-a572-4e60-a279-5cfaec72a9f5,CID-076,2025-08-04,1272.31,AmEx,Completed,SampleGen
PAY-ae1b8d61-1d1f-421c-ab21-707f0da3e5a8,INV-ae1b8d61-1d1f-421c-ab21-707f0da3e5a8,CID-076,2026-01-18,1848.69,MC,Completed,SampleGen
PAY-a0770fad-6618-4260-bd5e-eb1800cc6b98,INV-a0770fad-6618-4260-bd5e-eb1800cc6b98,CID-076,2026-03-06,1109.21,AmEx,Completed,SampleGen
PAY-6d4c8463-711a-4f1e-a486-ee4408a6d43e,INV-6d4c8463-711a-4f1e-a486-ee4408a6d43e,CID-076,2025-12-19,2283.69,VISA,Completed,SampleGen
PAY-b38a78c8-4be3-47d1-873d-a3600390923f,INV-b38a78c8-4be3-47d1-873d-a3600390923f,CID-077,2025-06-12,1500.72,VISA,Completed,SampleGen
PAY-81073feb-90a1-4be5-b68d-261b19bc43ca,INV-81073feb-90a1-4be5-b68d-261b19bc43ca,CID-077,2026-01-29,1413.73,AmEx,Completed,SampleGen
PAY-faeff6a1-2c9d-4600-9221-bb822f82c6ef,INV-faeff6a1-2c9d-4600-9221-bb822f82c6ef,CID-078,2025-10-22,2077.07,Discover,Completed,SampleGen
PAY-9afb3bfb-70e7-4dcf-aada-eb46955972dc,INV-9afb3bfb-70e7-4dcf-aada-eb46955972dc,CID-079,2026-03-08,2490.3,MC,Completed,SampleGen
PAY-fa5735ba-7184-438f-ac09-95e0f29067dc,INV-fa5735ba-7184-438f-ac09-95e0f29067dc,CID-079,2025-09-07,1739.96,PayPal,Completed,SampleGen
PAY-e017ebdb-e2d0-4421-ba84-f58ef82aeaeb,INV-e017ebdb-e2d0-4421-ba84-f58ef82aeaeb,CID-079,2025-06-14,3001.46,AmEx,Completed,SampleGen
PAY-e26ba090-f953-46b3-baf9-f9480edfed52,INV-e26ba090-f953-46b3-baf9-f9480edfed52,CID-080,2026-01-14,3697.42,VISA,Completed,SampleGen
PAY-efb4b931-d596-4be1-8728-d46e57c5c2b9,INV-efb4b931-d596-4be1-8728-d46e57c5c2b9,CID-081,2025-06-19,587.21,PayPal,Completed,SampleGen
PAY-6b3678ec-ab34-4511-8160-22297eebd1a0,INV-6b3678ec-ab34-4511-8160-22297eebd1a0,CID-081,2025-12-25,652.48,MC,Completed,SampleGen
PAY-f494fa7c-72c3-4b35-a999-0121d164625f,INV-f494fa7c-72c3-4b35-a999-0121d164625f,CID-082,2025-07-18,1076.55,MC,Completed,SampleGen
PAY-2a71e80f-996a-47b7-b1f1-1d8b1879ee7f,INV-2a71e80f-996a-47b7-b1f1-1d8b1879ee7f,CID-082,2025-06-12,1805.18,VISA,Completed,SampleGen
PAY-99b51712-8727-4824-a297-546337ede707,INV-99b51712-8727-4824-a297-546337ede707,CID-082,2025-11-20,1446.33,Discover,Completed,SampleGen
PAY-9f74c557-8a74-4599-8019-dbaf804b9fd5,INV-9f74c557-8a74-4599-8019-dbaf804b9fd5,CID-082,2025-11-01,2392.44,PayPal,Completed,SampleGen
PAY-427b5405-409e-4040-9433-752afb0bec30,INV-427b5405-409e-4040-9433-752afb0bec30,CID-082,2025-06-12,2675.17,PayPal,Completed,SampleGen
PAY-f19614a3-c9a6-4a70-ab25-eceb2a2f89a5,INV-f19614a3-c9a6-4a70-ab25-eceb2a2f89a5,CID-083,2025-11-01,1739.94,AmEx,Completed,SampleGen
PAY-0103423a-7875-40d8-b5c8-8a64bd6ef0e9,INV-0103423a-7875-40d8-b5c8-8a64bd6ef0e9,CID-083,2026-02-10,130.49,PayPal,Completed,SampleGen
PAY-7ef4eef8-000d-49a4-ab31-aac7ba3af085,INV-7ef4eef8-000d-49a4-ab31-aac7ba3af085,CID-084,2026-01-23,1413.71,AmEx,Completed,SampleGen
PAY-8ab1ea10-5185-433c-b1e7-d6852d6ab119,INV-8ab1ea10-5185-433c-b1e7-d6852d6ab119,CID-084,2026-02-17,489.36,VISA,Completed,SampleGen
PAY-4f5ede29-9aaf-43df-bdd6-8af12e74221f,INV-4f5ede29-9aaf-43df-bdd6-8af12e74221f,CID-085,2025-07-18,978.69,PayPal,Completed,SampleGen
PAY-e3737f83-a3bc-445a-92af-2298089b01c0,INV-e3737f83-a3bc-445a-92af-2298089b01c0,CID-086,2025-08-15,1739.98,AmEx,Completed,SampleGen
PAY-739a5787-0bd0-4ba5-bf30-ffe45789bc4d,INV-739a5787-0bd0-4ba5-bf30-ffe45789bc4d,CID-087,2025-07-31,2207.55,VISA,Completed,SampleGen
PAY-b74c7adc-ab51-4348-bea9-ee0f88f4be6c,INV-b74c7adc-ab51-4348-bea9-ee0f88f4be6c,CID-087,2025-10-29,1228.82,PayPal,Completed,SampleGen
PAY-e4593b24-129b-4d29-901b-6c902ec5d470,INV-e4593b24-129b-4d29-901b-6c902ec5d470,CID-087,2025-10-11,3479.93,VISA,Completed,SampleGen
PAY-88d6e41e-fd7b-4b6f-bee0-2afdd9c294ed,INV-88d6e41e-fd7b-4b6f-bee0-2afdd9c294ed,CID-087,2025-08-27,326.23,VISA,Completed,SampleGen
PAY-8606a9d2-8818-468f-95dc-02c8789eacc3,INV-8606a9d2-8818-468f-95dc-02c8789eacc3,CID-087,2025-12-05,3371.21,VISA,Completed,SampleGen
PAY-91a7fc09-eba4-4358-83ab-42de65536d63,INV-91a7fc09-eba4-4358-83ab-42de65536d63,CID-088,2025-12-28,2800.25,VISA,Completed,SampleGen
PAY-c8c5dbc5-1dbb-4b80-9975-59fe3ecda95d,INV-c8c5dbc5-1dbb-4b80-9975-59fe3ecda95d,CID-089,2025-12-27,2066.21,AmEx,Completed,SampleGen
PAY-6aee425e-578d-41c7-9471-88c00f5cf569,INV-6aee425e-578d-41c7-9471-88c00f5cf569,CID-089,2026-02-07,391.48,Discover,Completed,SampleGen
PAY-71344090-a715-4135-9578-20e5b77a4c8e,INV-71344090-a715-4135-9578-20e5b77a4c8e,CID-089,2025-11-01,130.49,VISA,Completed,SampleGen
PAY-aefd0d25-a1be-4a49-ba68-630840254797,INV-aefd0d25-a1be-4a49-ba68-630840254797,CID-089,2025-11-11,2392.44,VISA,Completed,SampleGen
PAY-104168ad-64e3-4680-b781-5cc17ffccdae,INV-104168ad-64e3-4680-b781-5cc17ffccdae,CID-089,2025-08-27,456.73,MC,Completed,SampleGen
PAY-a1524c52-43f8-4865-9cd7-c575437c569d,INV-a1524c52-43f8-4865-9cd7-c575437c569d,CID-090,2025-07-20,130.48,MC,Completed,SampleGen
PAY-1dabea91-ae13-4d8c-a010-0862a79dc9a9,INV-1dabea91-ae13-4d8c-a010-0862a79dc9a9,CID-091,2025-12-07,4746.88,AmEx,Completed,SampleGen
PAY-36fcdc90-4730-44aa-89a9-6f20bb2e6b9d,INV-36fcdc90-4730-44aa-89a9-6f20bb2e6b9d,CID-092,2025-08-25,891.72,VISA,Completed,SampleGen
PAY-152247a6-755c-4f01-b072-403608430be0,INV-152247a6-755c-4f01-b072-403608430be0,CID-092,2025-10-21,1065.72,AmEx,Completed,SampleGen
PAY-c9142d9f-aedc-4d83-b0cf-d7a83920c2fc,INV-c9142d9f-aedc-4d83-b0cf-d7a83920c2fc,CID-093,2026-01-26,1098.31,VISA,Completed,SampleGen
PAY-1668e6dc-2ea5-4793-bda8-ec37ab52ed70,INV-1668e6dc-2ea5-4793-bda8-ec37ab52ed70,CID-093,2026-03-03,206.61,MC,Completed,SampleGen
PAY-c27674f3-3cc7-4349-84f3-74c7862f2299,INV-c27674f3-3cc7-4349-84f3-74c7862f2299,CID-094,2025-09-23,1391.96,MC,Completed,SampleGen
PAY-2cf8498f-13f6-406d-ba27-547bcd1d255d,INV-2cf8498f-13f6-406d-ba27-547bcd1d255d,CID-095,2025-08-19,647.04,VISA,Completed,SampleGen
PAY-ab6170d4-b20f-4e11-82ea-eada72197475,INV-ab6170d4-b20f-4e11-82ea-eada72197475,CID-095,2025-09-21,2588.2,AmEx,Completed,SampleGen
PAY-db8aa741-c371-4ee9-ae06-29dc90f51c4f,INV-db8aa741-c371-4ee9-ae06-29dc90f51c4f,CID-095,2025-12-24,434.98,AmEx,Completed,SampleGen
PAY-7146b2b5-f674-489d-a03c-dff8a00621be,INV-7146b2b5-f674-489d-a03c-dff8a00621be,CID-096,2025-06-23,260.98,AmEx,Completed,SampleGen
PAY-91fd116a-c793-4860-a34a-9d935dfe46c8,INV-91fd116a-c793-4860-a34a-9d935dfe46c8,CID-096,2026-03-06,1718.2,VISA,Completed,SampleGen
PAY-25bc6741-afef-483b-b672-8983ebfa54ea,INV-25bc6741-afef-483b-b672-8983ebfa54ea,CID-096,2025-11-25,978.72,VISA,Completed,SampleGen
PAY-b0d53a35-4a79-47c1-9573-344a7fb9038d,INV-b0d53a35-4a79-47c1-9573-344a7fb9038d,CID-096,2025-11-28,1609.48,Discover,Completed,SampleGen
PAY-50051dec-225e-4786-acc1-7a834ed54e55,INV-50051dec-225e-4786-acc1-7a834ed54e55,CID-097,2025-07-18,1761.7,MC,Completed,SampleGen
PAY-0b192f99-2025-48fb-a18a-ae5f888cdd50,INV-0b192f99-2025-48fb-a18a-ae5f888cdd50,CID-097,2026-02-03,141.36,VISA,Completed,SampleGen
PAY-d95f4391-989c-4109-99dc-5706894cfd2f,INV-d95f4391-989c-4109-99dc-5706894cfd2f,CID-097,2025-09-23,598.11,AmEx,Completed,SampleGen
PAY-034942a8-9966-4b37-8cbe-fa87a3507098,INV-034942a8-9966-4b37-8cbe-fa87a3507098,CID-097,2025-06-19,260.97,MC,Completed,SampleGen
PAY-d5de4b6f-acef-4d42-9dba-b2f2aa03511b,INV-d5de4b6f-acef-4d42-9dba-b2f2aa03511b,CID-098,2025-06-17,706.82,PayPal,Completed,SampleGen
PAY-3483fdb1-c816-4350-8470-6833cc6dbfba,INV-3483fdb1-c816-4350-8470-6833cc6dbfba,CID-099,2025-11-01,1228.8,MC,Completed,SampleGen
PAY-e82f5b83-4b51-433a-9522-cb0a65d14984,INV-e82f5b83-4b51-433a-9522-cb0a65d14984,CID-099,2026-03-02,2609.95,AmEx,Completed,SampleGen
PAY-453959c4-42c7-410d-a635-856b8c00920e,INV-453959c4-42c7-410d-a635-856b8c00920e,CID-099,2025-09-23,1924.82,PayPal,Completed,SampleGen
PAY-04bf54aa-c3b7-406b-8941-8bb8271a0e48,INV-04bf54aa-c3b7-406b-8941-8bb8271a0e48,CID-100,2025-08-03,304.47,VISA,Completed,SampleGen
PAY-5b301342-32bc-4b53-a967-93862048a711,INV-5b301342-32bc-4b53-a967-93862048a711,CID-100,2026-02-01,1413.71,PayPal,Completed,SampleGen
PAY-6f3d2bb5-c964-4d0f-9a94-29b20241d13a,INV-6f3d2bb5-c964-4d0f-9a94-29b20241d13a,CID-100,2026-01-23,1587.71,AmEx,Completed,SampleGen
PAY-9e6e7669-7f38-440a-b02e-2a926e7575ae,INV-9e6e7669-7f38-440a-b02e-2a926e7575ae,CID-100,2025-10-31,978.73,PayPal,Completed,SampleGen
PAY-3c8d4f03-bdf1-45ef-82f8-2886c51be9aa,INV-3c8d4f03-bdf1-45ef-82f8-2886c51be9aa,CID-101,2025-06-14,380.59,AmEx,Completed,SampleGen
PAY-7e7e04d9-eb05-470d-a42e-dddada817d6f,INV-7e7e04d9-eb05-470d-a42e-dddada817d6f,CID-102,2026-02-06,1120.08,VISA,Completed,SampleGen
PAY-dfafa270-9d05-4f01-83b3-a212711a4495,INV-dfafa270-9d05-4f01-83b3-a212711a4495,CID-102,2025-06-27,2185.83,PayPal,Completed,SampleGen
PAY-7eff3265-f46d-413e-8148-5cbef969d8c3,INV-7eff3265-f46d-413e-8148-5cbef969d8c3,CID-102,2025-10-18,1794.31,VISA,Completed,SampleGen
PAY-24e7394c-591a-405a-871b-8e5b02d88497,INV-24e7394c-591a-405a-871b-8e5b02d88497,CID-102,2026-01-17,1261.48,Discover,Completed,SampleGen
PAY-5a2a2483-f0ca-4c82-b1fc-387bb243d350,INV-5a2a2483-f0ca-4c82-b1fc-387bb243d350,CID-103,2026-03-06,1794.32,VISA,Completed,SampleGen
PAY-33a2b1c0-9ebb-41e6-af7c-0b1e52f6bfb0,INV-33a2b1c0-9ebb-41e6-af7c-0b1e52f6bfb0,CID-103,2026-03-17,1120.07,Discover,Completed,SampleGen
PAY-cceaf34b-5b44-4736-b04f-a8fb96d13ef2,INV-cceaf34b-5b44-4736-b04f-a8fb96d13ef2,CID-103,2025-12-10,4328.18,MC,Completed,SampleGen
PAY-1d1fb99c-b1aa-4b26-a68e-6031a3e97863,INV-1d1fb99c-b1aa-4b26-a68e-6031a3e97863,CID-103,2026-03-22,2044.47,PayPal,Completed,SampleGen
PAY-90bfc966-4a6b-4c58-89a5-11c77a1cd953,INV-90bfc966-4a6b-4c58-89a5-11c77a1cd953,CID-104,2025-12-02,2501.19,Discover,Completed,SampleGen
PAY-f1efbc83-ff85-4dd7-a991-36c9f9aa4022,INV-f1efbc83-ff85-4dd7-a991-36c9f9aa4022,CID-104,2025-11-03,2696.93,PayPal,Completed,SampleGen
PAY-4bd30889-367f-4d78-aa25-9e514c0d711b,INV-4bd30889-367f-4d78-aa25-9e514c0d711b,CID-105,2025-09-23,1881.31,VISA,Completed,SampleGen
PAY-dda75c50-e638-4601-bb97-bb6b6192613c,INV-dda75c50-e638-4601-bb97-bb6b6192613c,CID-105,2025-08-31,1739.98,AmEx,Completed,SampleGen
PAY-c81c0b89-bba5-4c6a-9a26-7686e117faad,INV-c81c0b89-bba5-4c6a-9a26-7686e117faad,CID-106,2025-12-14,1609.46,VISA,Completed,SampleGen
PAY-d6939ded-7148-4684-b315-316fba7ceb4d,INV-d6939ded-7148-4684-b315-316fba7ceb4d,CID-106,2025-07-18,1413.73,VISA,Completed,SampleGen
PAY-1cc8492a-2b6d-4dcd-b6f0-b52a137bb323,INV-1cc8492a-2b6d-4dcd-b6f0-b52a137bb323,CID-106,2025-10-09,326.24,Discover,Completed,SampleGen
PAY-0b77957a-5ea8-437a-8609-0ab72682eabd,INV-0b77957a-5ea8-437a-8609-0ab72682eabd,CID-106,2025-12-16,1957.46,VISA,Completed,SampleGen
PAY-79d85542-3af1-4d87-850f-a18fd75a6043,INV-79d85542-3af1-4d87-850f-a18fd75a6043,CID-107,2025-06-19,869.99,AmEx,Completed,SampleGen
PAY-46ead366-92ef-4915-be8d-6c709a772561,INV-46ead366-92ef-4915-be8d-6c709a772561,CID-107,2025-11-27,163.11,MC,Completed,SampleGen
PAY-4fefd970-cd63-4889-a0fd-38ab1581b050,INV-4fefd970-cd63-4889-a0fd-38ab1581b050,CID-108,2025-06-28,652.48,MC,Completed,SampleGen
PAY-3af17b52-861e-4da8-ac3a-dd8ece5a16c0,INV-3af17b52-861e-4da8-ac3a-dd8ece5a16c0,CID-108,2025-06-04,576.32,VISA,Completed,SampleGen
PAY-e8b61aa4-3f32-457e-b1ea-7f2173d77893,INV-e8b61aa4-3f32-457e-b1ea-7f2173d77893,CID-108,2025-11-05,1424.56,PayPal,Completed,SampleGen
PAY-522548af-7f2d-4e70-81d4-ad23046ac0aa,INV-522548af-7f2d-4e70-81d4-ad23046ac0aa,CID-108,2026-02-17,978.74,VISA,Completed,SampleGen
PAY-9921206e-2051-44c0-9d42-48b8ea63d036,INV-9921206e-2051-44c0-9d42-48b8ea63d036,CID-108,2025-12-05,1087.47,MC,Completed,SampleGen
PAY-f5e95509-d0e5-4171-bee5-25b4ea5a2018,INV-f5e95509-d0e5-4171-bee5-25b4ea5a2018,CID-109,2025-07-19,2522.95,AmEx,Completed,SampleGen
PAY-4809c685-4810-4f0e-9ef8-e231dccd83b0,INV-4809c685-4810-4f0e-9ef8-e231dccd83b0,CID-110,2025-07-25,413.23,VISA,Completed,SampleGen
PAY-4cc8374d-ec64-4737-8d96-c2125b83312d,INV-4cc8374d-ec64-4737-8d96-c2125b83312d,CID-110,2025-11-10,543.73,PayPal,Completed,SampleGen
PAY-409b82b2-aa02-4a7a-9b00-e8a2b7a88116,INV-409b82b2-aa02-4a7a-9b00-e8a2b7a88116,CID-111,2025-10-05,108.74,Discover,Completed,SampleGen
PAY-436a9a60-4627-4331-86d6-7dffdbcae62c,INV-436a9a60-4627-4331-86d6-7dffdbcae62c,CID-111,2026-03-02,1348.42,MC,Completed,SampleGen
PAY-b03f95c7-f9ac-4e84-a56a-d2f83f18e0ce,INV-b03f95c7-f9ac-4e84-a56a-d2f83f18e0ce,CID-111,2026-01-02,1685.56,VISA,Completed,SampleGen
PAY-54ab1fe0-9c04-48d5-a5e0-ac996e128909,INV-54ab1fe0-9c04-48d5-a5e0-ac996e128909,CID-111,2025-07-02,706.82,AmEx,Completed,SampleGen
PAY-9b6a23f6-9f2c-4eac-83fa-2eb6a1fb8669,INV-9b6a23f6-9f2c-4eac-83fa-2eb6a1fb8669,CID-112,2026-03-14,206.61,AmEx,Completed,SampleGen
PAY-010666f0-8b19-45c9-b3cd-49f2d90d334c,INV-010666f0-8b19-45c9-b3cd-49f2d90d334c,CID-112,2025-06-13,652.44,MC,Completed,SampleGen
PAY-46e51a17-139f-40ed-a82e-0cacfb4171ef,INV-46e51a17-139f-40ed-a82e-0cacfb4171ef,CID-112,2025-12-29,2718.68,MC,Completed,SampleGen
PAY-0d7e6efd-9153-4c15-a81e-a38d28c6eea4,INV-0d7e6efd-9153-4c15-a81e-a38d28c6eea4,CID-113,2025-08-11,2348.95,PayPal,Completed,SampleGen
PAY-46a64b32-0fdc-4080-b0e0-b8b2868b8900,INV-46a64b32-0fdc-4080-b0e0-b8b2868b8900,CID-113,2026-03-04,717.71,VISA,Completed,SampleGen
PAY-18806f66-7bfd-4d95-a4d4-d0186e1430e2,INV-18806f66-7bfd-4d95-a4d4-d0186e1430e2,CID-114,2025-11-23,16.3,VISA,Completed,SampleGen
PAY-c0ab46a4-08cd-4ebf-8cc0-5600ae270078,INV-c0ab46a4-08cd-4ebf-8cc0-5600ae270078,CID-114,2025-08-14,65.24,MC,Completed,SampleGen
PAY-081123d4-3d56-4c6e-ae1c-846853e97298,INV-081123d4-3d56-4c6e-ae1c-846853e97298,CID-114,2025-11-30,369.72,VISA,Completed,SampleGen
PAY-55cc6d52-27c3-4553-bca6-c6b6152889d3,INV-55cc6d52-27c3-4553-bca6-c6b6152889d3,CID-114,2026-01-09,271.86,VISA,Completed,SampleGen
PAY-e02f30bd-82e4-4c52-8282-e9765a5bd300,INV-e02f30bd-82e4-4c52-8282-e9765a5bd300,CID-115,2026-01-04,1957.45,VISA,Completed,SampleGen
PAY-c363e327-3801-49cb-acfd-53cb9c04114b,INV-c363e327-3801-49cb-acfd-53cb9c04114b,CID-115,2026-01-02,3512.57,Discover,Completed,SampleGen
PAY-7a837395-b458-4b3d-a7d2-8b9bff8f148b,INV-7a837395-b458-4b3d-a7d2-8b9bff8f148b,CID-115,2026-01-31,5219.94,MC,Completed,SampleGen
PAY-8151e00d-d989-427b-9d17-2e15613f16cd,INV-8151e00d-d989-427b-9d17-2e15613f16cd,CID-116,2026-03-31,1022.2,Discover,Completed,SampleGen
PAY-c72efafe-8dcf-4c6e-b461-42d281e7062d,INV-c72efafe-8dcf-4c6e-b461-42d281e7062d,CID-116,2025-10-12,3099.32,AmEx,Completed,SampleGen
PAY-667c5576-036c-40d8-b425-b912e65b22f6,INV-667c5576-036c-40d8-b425-b912e65b22f6,CID-116,2026-01-10,434.99,MC,Completed,SampleGen
PAY-dfbd5372-8ffe-4867-892e-19f3fe851375,INV-dfbd5372-8ffe-4867-892e-19f3fe851375,CID-116,2026-02-22,5306.93,AmEx,Completed,SampleGen
PAY-d771f69b-af20-4075-a310-a59073b1a62e,INV-d771f69b-af20-4075-a310-a59073b1a62e,CID-116,2025-06-03,456.71,MC,Completed,SampleGen
PAY-0eecdea9-226d-40ae-935f-5f159cd16381,INV-0eecdea9-226d-40ae-935f-5f159cd16381,CID-117,2026-03-14,543.73,VISA,Completed,SampleGen
PAY-1078da90-ba13-42df-9382-6715a48439f7,INV-1078da90-ba13-42df-9382-6715a48439f7,CID-117,2025-09-28,701.4,AmEx,Completed,SampleGen
PAY-1bfeb693-8fb3-4252-b9ea-8e9a638c1ea7,INV-1bfeb693-8fb3-4252-b9ea-8e9a638c1ea7,CID-118,2025-12-18,1794.34,PayPal,Completed,SampleGen
PAY-711f6ed3-8333-405c-9461-b9d230e492d2,INV-711f6ed3-8333-405c-9461-b9d230e492d2,CID-118,2026-01-20,271.86,VISA,Completed,SampleGen
PAY-ac45355c-c157-4992-baec-3f1ef58ba2d7,INV-ac45355c-c157-4992-baec-3f1ef58ba2d7,CID-118,2025-09-10,195.74,MC,Completed,SampleGen
PAY-6bbda916-4ad7-4866-a55a-040276691b8d,INV-6bbda916-4ad7-4866-a55a-040276691b8d,CID-119,2026-03-08,2479.44,AmEx,Completed,SampleGen
PAY-b6393fc7-3ab4-4d5e-b042-9a63f019053a,INV-b6393fc7-3ab4-4d5e-b042-9a63f019053a,CID-119,2025-09-27,4067.19,VISA,Completed,SampleGen
PAY-aaefb96a-aed2-42da-8b23-f7adb0000a45,INV-aaefb96a-aed2-42da-8b23-f7adb0000a45,CID-119,2026-03-06,3969.31,Discover,Completed,SampleGen
PAY-0fba05a7-fc44-4977-b777-91a9de70475a,INV-0fba05a7-fc44-4977-b777-91a9de70475a,CID-119,2025-10-09,326.24,MC,Completed,SampleGen
PAY-07a67f7d-af7e-496c-b32c-1eb67248e3f6,INV-07a67f7d-af7e-496c-b32c-1eb67248e3f6,CID-120,2026-02-14,163.11,MC,Completed,SampleGen
PAY-e68a4ed9-3b28-4546-a9c9-fd560317ea1f,INV-e68a4ed9-3b28-4546-a9c9-fd560317ea1f,CID-120,2026-03-30,587.21,VISA,Completed,SampleGen
PAY-f7a137bc-81cf-47de-b00b-566854d07ecc,INV-f7a137bc-81cf-47de-b00b-566854d07ecc,CID-120,2026-02-23,2348.92,Discover,Completed,SampleGen
PAY-f4e9e617-08ce-4dd4-b06e-f1394b4a5294,INV-f4e9e617-08ce-4dd4-b06e-f1394b4a5294,CID-120,2025-07-10,913.47,AmEx,Completed,SampleGen
PAY-432f859e-9847-465e-8bac-c3604661752f,INV-432f859e-9847-465e-8bac-c3604661752f,CID-121,2026-01-26,2555.57,Discover,Completed,SampleGen
PAY-cc44168d-89a0-4790-881b-6eaa52a373cc,INV-cc44168d-89a0-4790-881b-6eaa52a373cc,CID-121,2025-10-17,4132.44,AmEx,Completed,SampleGen
PAY-7d92f32c-cebf-4d46-9816-4f9020910877,INV-7d92f32c-cebf-4d46-9816-4f9020910877,CID-121,2026-02-09,326.24,VISA,Completed,SampleGen
PAY-06c85b0b-5987-4d86-a574-2c5ceba03e3b,INV-06c85b0b-5987-4d86-a574-2c5ceba03e3b,CID-122,2025-08-23,2381.55,VISA,Completed,SampleGen
PAY-67325f8d-2a85-4c45-b02e-802cfaf2789a,INV-67325f8d-2a85-4c45-b02e-802cfaf2789a,CID-122,2025-11-20,2229.31,AmEx,Completed,SampleGen
PAY-c39b3bf7-405e-4d09-9c83-ad1f63e21dcc,INV-c39b3bf7-405e-4d09-9c83-ad1f63e21dcc,CID-122,2025-10-09,1196.23,MC,Completed,SampleGen
PAY-5a1f8493-dabd-488c-b149-d7e609d1d8c7,INV-5a1f8493-dabd-488c-b149-d7e609d1d8c7,CID-123,2025-09-13,3479.93,MC,Completed,SampleGen
PAY-6757caf5-8bcd-4878-84a2-8bf770c7efab,INV-6757caf5-8bcd-4878-84a2-8bf770c7efab,CID-124,2025-07-21,2783.95,VISA,Completed,SampleGen
PAY-78a2fefe-e14f-476e-86db-ae9daff7dffc,INV-78a2fefe-e14f-476e-86db-ae9daff7dffc,CID-124,2025-10-28,1674.69,VISA,Completed,SampleGen
PAY-afbed696-3340-4931-a23e-f07bebb74ad6,INV-afbed696-3340-4931-a23e-f07bebb74ad6,CID-125,2025-10-28,3806.19,VISA,Completed,SampleGen
PAY-476bbdd0-5459-4c84-82c2-723900f6b390,INV-476bbdd0-5459-4c84-82c2-723900f6b390,CID-125,2025-09-19,1174.47,Discover,Completed,SampleGen
PAY-37f8556e-4971-42c7-b6fa-8e4a385bef11,INV-37f8556e-4971-42c7-b6fa-8e4a385bef11,CID-126,2025-10-31,630.74,MC,Completed,SampleGen
PAY-d564c4cf-5950-43f1-ba8d-0c5d6494dfa2,INV-d564c4cf-5950-43f1-ba8d-0c5d6494dfa2,CID-127,2025-07-27,978.74,VISA,Completed,SampleGen
PAY-78aa8c5e-e952-4c8e-8b9e-242b01ea8fb1,INV-78aa8c5e-e952-4c8e-8b9e-242b01ea8fb1,CID-127,2025-08-21,956.98,PayPal,Completed,SampleGen
PAY-229afd9c-fe94-4ae0-b575-2312781290de,INV-229afd9c-fe94-4ae0-b575-2312781290de,CID-127,2025-09-22,2609.95,PayPal,Completed,SampleGen
PAY-5599b265-4730-43c3-a634-e04ca469abed,INV-5599b265-4730-43c3-a634-e04ca469abed,CID-127,2026-01-05,3425.59,PayPal,Completed,SampleGen
PAY-22b27c46-7014-4505-baf7-762954e27708,INV-22b27c46-7014-4505-baf7-762954e27708,CID-127,2025-08-08,3773.55,PayPal,Completed,SampleGen
PAY-5790e665-7a6f-4bc4-9263-e8ade48458d9,INV-5790e665-7a6f-4bc4-9263-e8ade48458d9,CID-128,2025-09-16,326.23,MC,Completed,SampleGen
PAY-023995e0-22e2-4344-ba3c-6176deb39bea,INV-023995e0-22e2-4344-ba3c-6176deb39bea,CID-128,2025-12-08,326.23,Discover,Completed,SampleGen
PAY-8cf85633-4d64-4125-8ea5-8ee75f3e235b,INV-8cf85633-4d64-4125-8ea5-8ee75f3e235b,CID-128,2025-07-06,1033.1,MC,Completed,SampleGen
PAY-ff0b5874-b821-412f-99a8-597141dd3772,INV-ff0b5874-b821-412f-99a8-597141dd3772,CID-128,2026-03-11,3860.58,Discover,Completed,SampleGen
PAY-53e7cf07-0513-4c09-95c3-8e7b84d49dab,INV-53e7cf07-0513-4c09-95c3-8e7b84d49dab,CID-128,2025-09-05,2762.19,AmEx,Completed,SampleGen
PAY-1e01dc08-e3e4-49a4-ad03-fea96cd4d7fc,INV-1e01dc08-e3e4-49a4-ad03-fea96cd4d7fc,CID-129,2026-03-27,86.99,VISA,Completed,SampleGen
PAY-318db553-5217-4c26-9cf0-17eb14f96426,INV-318db553-5217-4c26-9cf0-17eb14f96426,CID-130,2026-02-21,1413.69,Discover,Completed,SampleGen
PAY-feadf2e2-0d4b-4e5f-85e9-f4885294ebb6,INV-feadf2e2-0d4b-4e5f-85e9-f4885294ebb6,CID-131,2025-12-25,3534.34,MC,Completed,SampleGen
PAY-ac275053-c2a9-459e-987b-82182421b3ab,INV-ac275053-c2a9-459e-987b-82182421b3ab,CID-131,2025-09-21,1772.59,PayPal,Completed,SampleGen
PAY-e6cf5ec8-1411-4d09-a082-4a27e4f3fd2b,INV-e6cf5ec8-1411-4d09-a082-4a27e4f3fd2b,CID-132,2025-07-30,119.59,PayPal,Completed,SampleGen
PAY-0f178d31-ae4f-4829-bdc2-f538c768583f,INV-0f178d31-ae4f-4829-bdc2-f538c768583f,CID-132,2025-07-04,1826.94,AmEx,Completed,SampleGen
PAY-66c6ae6a-7b79-4f5f-a4bc-e6c77bd5f451,INV-66c6ae6a-7b79-4f5f-a4bc-e6c77bd5f451,CID-133,2025-11-21,1968.33,MC,Completed,SampleGen
PAY-23939870-0753-40af-af7c-59edb47d2cba,INV-23939870-0753-40af-af7c-59edb47d2cba,CID-133,2026-03-03,1533.34,VISA,Completed,SampleGen
PAY-f8ab9563-e220-444e-b99b-fe6144c31b1d,INV-f8ab9563-e220-444e-b99b-fe6144c31b1d,CID-133,2026-02-26,282.73,MC,Completed,SampleGen
PAY-eb181bd7-d89e-4f8e-b72f-589bc43fd63b,INV-eb181bd7-d89e-4f8e-b72f-589bc43fd63b,CID-133,2025-10-28,1120.09,MC,Completed,SampleGen
PAY-ab79965b-c6cd-4918-88fa-a4d26b1c8855,INV-ab79965b-c6cd-4918-88fa-a4d26b1c8855,CID-134,2025-06-21,3566.94,AmEx,Completed,SampleGen
PAY-52df17e1-9587-4438-9331-bf98556bf76d,INV-52df17e1-9587-4438-9331-bf98556bf76d,CID-134,2025-06-08,2762.17,MC,Completed,SampleGen
PAY-ecb85e18-e2cd-48f4-99f7-66c5ae27b576,INV-ecb85e18-e2cd-48f4-99f7-66c5ae27b576,CID-135,2026-01-11,1043.97,MC,Completed,SampleGen
PAY-4d5429fc-6859-468c-aa82-e31a3295a336,INV-4d5429fc-6859-468c-aa82-e31a3295a336,CID-136,2025-11-11,750.31,PayPal,Completed,SampleGen
PAY-21dd57a1-1f41-4e60-8aef-21204dd40690,INV-21dd57a1-1f41-4e60-8aef-21204dd40690,CID-136,2025-10-24,1011.31,PayPal,Completed,SampleGen
PAY-8be7c9c1-a1fd-4f9d-b837-16eca39ec6b4,INV-8be7c9c1-a1fd-4f9d-b837-16eca39ec6b4,CID-136,2026-02-11,2773.08,PayPal,Completed,SampleGen
PAY-91314d88-537b-49e3-b849-03e015ea6d30,INV-91314d88-537b-49e3-b849-03e015ea6d30,CID-137,2025-09-11,1924.8,VISA,Completed,SampleGen
PAY-1440985d-3ca9-4b1c-a044-d9cd8a46bb93,INV-1440985d-3ca9-4b1c-a044-d9cd8a46bb93,CID-137,2025-06-26,1892.18,VISA,Completed,SampleGen
PAY-ddf87393-acd7-4d3b-a89a-bc4383656aed,INV-ddf87393-acd7-4d3b-a89a-bc4383656aed,CID-137,2026-01-16,2827.46,AmEx,Completed,SampleGen
PAY-2554a776-9caf-4900-9bf7-c6384c1fbde4,INV-2554a776-9caf-4900-9bf7-c6384c1fbde4,CID-137,2026-01-07,3588.68,VISA,Completed,SampleGen
PAY-2ef8f019-802c-4f8b-9138-2c1c44cfda36,INV-2ef8f019-802c-4f8b-9138-2c1c44cfda36,CID-138,2025-12-08,32.6,Discover,Completed,SampleGen
PAY-1f27feb9-ba44-4038-b3ce-bbe778b6c85a,INV-1f27feb9-ba44-4038-b3ce-bbe778b6c85a,CID-138,2026-01-14,271.86,VISA,Completed,SampleGen
PAY-8dc261d8-1d2e-476b-821c-b3d198ee596a,INV-8dc261d8-1d2e-476b-821c-b3d198ee596a,CID-138,2025-10-08,2338.07,Discover,Completed,SampleGen
PAY-4d81c79d-7198-448b-95ba-6a8bb7381782,INV-4d81c79d-7198-448b-95ba-6a8bb7381782,CID-138,2026-01-30,358.85,AmEx,Completed,SampleGen
PAY-49b8c961-5592-42b0-a39a-bbc492f1a715,INV-49b8c961-5592-42b0-a39a-bbc492f1a715,CID-139,2025-10-20,2066.2,MC,Completed,SampleGen
PAY-0ce95abb-18da-4e61-90e7-0cf39d152d3b,INV-0ce95abb-18da-4e61-90e7-0cf39d152d3b,CID-139,2025-10-26,652.47,Discover,Completed,SampleGen
PAY-c7852e45-b037-4178-af3f-36ef2ea7e40c,INV-c7852e45-b037-4178-af3f-36ef2ea7e40c,CID-139,2025-11-18,217.48,PayPal,Completed,SampleGen
PAY-1aae0f39-bdf8-49ad-a66a-28a15d3782af,INV-1aae0f39-bdf8-49ad-a66a-28a15d3782af,CID-139,2025-08-07,347.97,VISA,Completed,SampleGen
PAY-ea7e846c-12cf-4e6f-852a-cc9f7cf71861,INV-ea7e846c-12cf-4e6f-852a-cc9f7cf71861,CID-140,2025-07-07,391.47,Discover,Completed,SampleGen
PAY-5996ce1f-ad74-404c-89fe-57c9bf1e7cd8,INV-5996ce1f-ad74-404c-89fe-57c9bf1e7cd8,CID-140,2025-08-01,978.72,Discover,Completed,SampleGen
PAY-b202986a-e4ab-4c5f-a61b-9a8ebeff161d,INV-b202986a-e4ab-4c5f-a61b-9a8ebeff161d,CID-141,2026-03-08,1250.58,MC,Completed,SampleGen
PAY-30cae968-2e46-4b53-a965-eadcee352ca8,INV-30cae968-2e46-4b53-a965-eadcee352ca8,CID-141,2025-10-03,4121.55,MC,Completed,SampleGen
PAY-3b14b488-c0ba-458d-83d1-5225ae9ba626,INV-3b14b488-c0ba-458d-83d1-5225ae9ba626,CID-142,2025-07-16,500.22,VISA,Completed,SampleGen
PAY-2ebd6a5f-e39c-45b2-b7d9-4fc95790f46d,INV-2ebd6a5f-e39c-45b2-b7d9-4fc95790f46d,CID-143,2026-01-13,1631.22,AmEx,Completed,SampleGen
PAY-21d9a938-096a-43aa-9003-8983136702c8,INV-21d9a938-096a-43aa-9003-8983136702c8,CID-144,2025-10-20,2218.45,MC,Completed,SampleGen
PAY-aecc97b3-12be-438a-b696-f81b60dd4596,INV-aecc97b3-12be-438a-b696-f81b60dd4596,CID-144,2025-08-14,2403.31,AmEx,Completed,SampleGen
PAY-f971c5fe-e157-4454-8068-c74877e40e9e,INV-f971c5fe-e157-4454-8068-c74877e40e9e,CID-145,2025-10-07,1979.19,Discover,Completed,SampleGen
PAY-4718d271-78a8-404c-ac15-71e108875bc9,INV-4718d271-78a8-404c-ac15-71e108875bc9,CID-146,2025-06-23,1783.43,PayPal,Completed,SampleGen
PAY-4bb868dd-f638-4dbd-bd56-e5299eec5df4,INV-4bb868dd-f638-4dbd-bd56-e5299eec5df4,CID-146,2025-09-08,978.74,AmEx,Completed,SampleGen
PAY-4082d59b-0164-4359-a8b5-e332e0abe80f,INV-4082d59b-0164-4359-a8b5-e332e0abe80f,CID-147,2025-11-05,3458.2,MC,Completed,SampleGen
PAY-026e1c62-9c8c-46f0-a922-cf437aef24a3,INV-026e1c62-9c8c-46f0-a922-cf437aef24a3,CID-147,2025-08-10,2849.19,VISA,Completed,SampleGen
PAY-d480b3cb-515c-49e8-8d29-075daf48f3ef,INV-d480b3cb-515c-49e8-8d29-075daf48f3ef,CID-147,2026-02-13,1011.33,AmEx,Completed,SampleGen
PAY-2609bfee-53ef-4517-adc4-e3544a9b73af,INV-2609bfee-53ef-4517-adc4-e3544a9b73af,CID-148,2025-08-14,190.28,PayPal,Completed,SampleGen
PAY-693f2654-9e84-4edc-bdc7-40eab499cea5,INV-693f2654-9e84-4edc-bdc7-40eab499cea5,CID-148,2025-08-21,1500.72,PayPal,Completed,SampleGen
PAY-e03cef8e-5076-47c3-9ed1-2176dba5fdd3,INV-e03cef8e-5076-47c3-9ed1-2176dba5fdd3,CID-149,2025-07-16,1533.32,AmEx,Completed,SampleGen
PAY-b5850c8d-f6f3-428d-95ec-bb4f2b1da663,INV-b5850c8d-f6f3-428d-95ec-bb4f2b1da663,CID-149,2026-01-07,978.74,VISA,Completed,SampleGen
PAY-1107db2a-ad94-4d2f-a1f7-6612685e145c,INV-1107db2a-ad94-4d2f-a1f7-6612685e145c,CID-149,2026-03-30,1250.6,VISA,Completed,SampleGen
PAY-0b12ab85-5c5b-4d21-88c6-e5fcec11aa3b,INV-0b12ab85-5c5b-4d21-88c6-e5fcec11aa3b,CID-149,2026-02-21,3023.22,VISA,Completed,SampleGen
PAY-ccca41e0-b4a3-4f6d-95ea-5768c953a9f5,INV-ccca41e0-b4a3-4f6d-95ea-5768c953a9f5,CID-149,2026-01-29,2588.2,VISA,Completed,SampleGen
PAY-e07a5a7a-597f-4592-8bec-7397f6365bf4,INV-e07a5a7a-597f-4592-8bec-7397f6365bf4,CID-150,2025-07-29,1739.98,MC,Completed,SampleGen
PAY-098f9959-1443-4bd0-8b22-33d32898ec35,INV-098f9959-1443-4bd0-8b22-33d32898ec35,CID-150,2026-01-10,4828.44,VISA,Completed,SampleGen
PAY-60898c59-241e-4c76-b7ff-18fd6a878489,INV-60898c59-241e-4c76-b7ff-18fd6a878489,CID-150,2026-03-25,1870.45,Discover,Completed,SampleGen
PAY-91ce13f1-c78f-4be9-98c2-8a6da634443c,INV-91ce13f1-c78f-4be9-98c2-8a6da634443c,CID-151,2025-07-03,413.23,VISA,Completed,SampleGen
PAY-367a4f3e-a7a2-416c-9d72-a463fcbdf558,INV-367a4f3e-a7a2-416c-9d72-a463fcbdf558,CID-151,2025-10-23,869.98,MC,Completed,SampleGen
PAY-91061f7a-f805-4157-844c-d46bccdd970d,INV-91061f7a-f805-4157-844c-d46bccdd970d,CID-152,2026-03-09,1631.19,VISA,Completed,SampleGen
PAY-d97b3d31-7864-42db-8067-a7a794ad649e,INV-d97b3d31-7864-42db-8067-a7a794ad649e,CID-153,2026-02-15,3153.71,PayPal,Completed,SampleGen
PAY-45186514-53dc-4616-81cd-ffff2c9da00e,INV-45186514-53dc-4616-81cd-ffff2c9da00e,CID-154,2025-10-01,706.86,Discover,Completed,SampleGen
PAY-9d563ad1-59c7-4b3c-afff-25a12d816283,INV-9d563ad1-59c7-4b3c-afff-25a12d816283,CID-155,2026-02-12,1739.97,MC,Completed,SampleGen
PAY-60a20d51-edb4-4bbb-9524-d4b1ff101a61,INV-60a20d51-edb4-4bbb-9524-d4b1ff101a61,CID-156,2026-01-09,1935.72,MC,Completed,SampleGen
PAY-9a1c162b-bed5-411e-86fd-e1ac12096d4f,INV-9a1c162b-bed5-411e-86fd-e1ac12096d4f,CID-156,2026-03-14,1217.94,AmEx,Completed,SampleGen
PAY-728cce1a-76dd-4198-883c-ed2a036e2444,INV-728cce1a-76dd-4198-883c-ed2a036e2444,CID-157,2026-03-12,1957.48,PayPal,Completed,SampleGen
PAY-bcce6842-1f09-4e5e-a5d4-262ad7e48384,INV-bcce6842-1f09-4e5e-a5d4-262ad7e48384,CID-157,2026-02-05,3327.69,MC,Completed,SampleGen
PAY-a81ba1fc-9690-433b-874c-f99729e03bb6,INV-a81ba1fc-9690-433b-874c-f99729e03bb6,CID-158,2025-10-21,456.73,AmEx,Completed,SampleGen
PAY-f7fb2133-2621-47e8-9cd0-c13747e48221,INV-f7fb2133-2621-47e8-9cd0-c13747e48221,CID-158,2026-01-06,1207.07,MC,Completed,SampleGen
PAY-7c43510c-4178-418b-a2f6-7e33e5053b3a,INV-7c43510c-4178-418b-a2f6-7e33e5053b3a,CID-159,2025-08-20,1685.58,PayPal,Completed,SampleGen
PAY-3937f63c-24e9-421a-aea5-93dbcd6bf7c1,INV-3937f63c-24e9-421a-aea5-93dbcd6bf7c1,CID-159,2026-01-08,3697.46,MC,Completed,SampleGen
PAY-e1e77100-0e7e-420c-879d-a323b7722762,INV-e1e77100-0e7e-420c-879d-a323b7722762,CID-159,2025-09-17,434.99,AmEx,Completed,SampleGen
PAY-d46b9682-0ecb-4e9b-94c7-8dd38773b219,INV-d46b9682-0ecb-4e9b-94c7-8dd38773b219,CID-159,2025-12-08,2827.44,MC,Completed,SampleGen
PAY-1e06b5aa-23a4-4ff9-aad1-5bce2b022064,INV-1e06b5aa-23a4-4ff9-aad1-5bce2b022064,CID-159,2026-01-19,2718.69,AmEx,Completed,SampleGen
PAY-d9b26b97-46a6-4db5-a618-8cbd13956a8d,INV-d9b26b97-46a6-4db5-a618-8cbd13956a8d,CID-160,2025-11-05,652.48,VISA,Completed,SampleGen
PAY-547037da-2e26-4a22-b0e4-0fdce8820572,INV-547037da-2e26-4a22-b0e4-0fdce8820572,CID-160,2026-03-10,163.11,MC,Completed,SampleGen
PAY-2ccac201-f929-4c1b-9696-77287c21af77,INV-2ccac201-f929-4c1b-9696-77287c21af77,CID-160,2025-06-09,739.47,AmEx,Completed,SampleGen
PAY-5da25414-e87f-40cd-b6c4-34d7a935764d,INV-5da25414-e87f-40cd-b6c4-34d7a935764d,CID-160,2025-12-03,5491.81,PayPal,Completed,SampleGen
PAY-826033d3-8451-4038-98d2-4c379d550142,INV-826033d3-8451-4038-98d2-4c379d550142,CID-160,2025-07-11,2164.05,MC,Completed,SampleGen
PAY-c3f31b98-8775-43b3-8a2c-8c095194f03f,INV-c3f31b98-8775-43b3-8a2c-8c095194f03f,CID-161,2025-11-02,141.36,MC,Completed,SampleGen
PAY-9d550c6c-2da1-484f-8de4-f470c59d651e,INV-9d550c6c-2da1-484f-8de4-f470c59d651e,CID-161,2025-08-19,869.99,Discover,Completed,SampleGen
PAY-9228be47-fbdd-4079-adac-818411802452,INV-9228be47-fbdd-4079-adac-818411802452,CID-161,2026-01-20,3512.56,MC,Completed,SampleGen
PAY-30c1fb65-a3d9-406d-9116-72fa3deea12d,INV-30c1fb65-a3d9-406d-9116-72fa3deea12d,CID-162,2025-09-24,1522.48,VISA,Completed,SampleGen
PAY-6ccdf077-3ccd-4422-8caa-5ab68f6d4557,INV-6ccdf077-3ccd-4422-8caa-5ab68f6d4557,CID-163,2025-09-07,1522.46,Discover,Completed,SampleGen
PAY-f8d6bf04-9ce1-4a34-a5d6-4f6d8a8dd3fa,INV-f8d6bf04-9ce1-4a34-a5d6-4f6d8a8dd3fa,CID-163,2025-08-08,1946.59,VISA,Completed,SampleGen
PAY-6d21400a-2760-460a-b490-29f345f529cd,INV-6d21400a-2760-460a-b490-29f345f529cd,CID-163,2025-11-04,413.23,MC,Completed,SampleGen
PAY-c04a0635-1cec-4684-9bd5-9e2ef7cbe586,INV-c04a0635-1cec-4684-9bd5-9e2ef7cbe586,CID-163,2025-10-23,1468.07,AmEx,Completed,SampleGen
PAY-784fe6b8-3fc3-48fc-b5f6-2caa485040e9,INV-784fe6b8-3fc3-48fc-b5f6-2caa485040e9,CID-164,2025-09-30,1250.59,VISA,Completed,SampleGen
PAY-181ce93d-436a-4bd5-90c1-b555c7cdd4c2,INV-181ce93d-436a-4bd5-90c1-b555c7cdd4c2,CID-164,2025-12-25,3425.55,PayPal,Completed,SampleGen
PAY-34334b75-c2a8-4748-8544-e8f715b9cf51,INV-34334b75-c2a8-4748-8544-e8f715b9cf51,CID-165,2025-09-10,1304.96,AmEx,Completed,SampleGen
PAY-833f9081-e779-44f6-9a92-fbc93707f379,INV-833f9081-e779-44f6-9a92-fbc93707f379,CID-166,2025-08-08,576.33,Discover,Completed,SampleGen
PAY-78fc8b3c-2082-45fd-b20a-f9c9229d9574,INV-78fc8b3c-2082-45fd-b20a-f9c9229d9574,CID-166,2025-07-05,826.46,VISA,Completed,SampleGen
PAY-aff6f4e4-cc7c-4a68-8990-53c836ba4de9,INV-aff6f4e4-cc7c-4a68-8990-53c836ba4de9,CID-166,2026-03-14,413.23,AmEx,Completed,SampleGen
PAY-c953a522-a0f8-47b3-b60f-6e7ee6643abd,INV-c953a522-a0f8-47b3-b60f-6e7ee6643abd,CID-166,2025-09-20,1739.93,AmEx,Completed,SampleGen
PAY-a69c37b6-259c-4b4f-a4bd-551c711eb922,INV-a69c37b6-259c-4b4f-a4bd-551c711eb922,CID-166,2025-08-23,1391.93,PayPal,Completed,SampleGen
PAY-6bd3e8f1-f1a2-4b8c-bc95-36cd59f3433a,INV-6bd3e8f1-f1a2-4b8c-bc95-36cd59f3433a,CID-166,2025-12-19,663.34,MC,Completed,SampleGen
PAY-4a3d6da7-dcc4-446f-9625-283729b55a61,INV-4a3d6da7-dcc4-446f-9625-283729b55a61,CID-166,2025-07-27,706.86,VISA,Completed,SampleGen
PAY-110755b6-ae18-4a65-9a64-ff9c5724ff12,INV-110755b6-ae18-4a65-9a64-ff9c5724ff12,CID-166,2025-06-19,2305.45,VISA,Completed,SampleGen
PAY-b25d1cd2-20b0-4ce1-8282-d67569f4ec81,INV-b25d1cd2-20b0-4ce1-8282-d67569f4ec81,CID-166,2026-03-05,1228.83,Discover,Completed,SampleGen
PAY-5c76803c-6c98-4d85-aa48-8f625fa97a2d,INV-5c76803c-6c98-4d85-aa48-8f625fa97a2d,CID-166,2025-08-18,755.77,VISA,Completed,SampleGen
PAY-533b18cf-8e91-4d8c-8491-53525c49e6bf,INV-533b18cf-8e91-4d8c-8491-53525c49e6bf,CID-167,2025-09-03,3474.52,VISA,Completed,SampleGen
PAY-1de06244-df23-40b9-8251-2c49b553d4b3,INV-1de06244-df23-40b9-8251-2c49b553d4b3,CID-167,2025-12-30,2229.33,MC,Completed,SampleGen
PAY-35eb24d5-e9ed-48ba-be48-88402029ecab,INV-35eb24d5-e9ed-48ba-be48-88402029ecab,CID-167,2025-06-03,500.22,VISA,Completed,SampleGen
PAY-d4bd7790-3624-4e17-820b-8834fb1c0d36,INV-d4bd7790-3624-4e17-820b-8834fb1c0d36,CID-167,2026-02-07,848.23,VISA,Completed,SampleGen
PAY-69d6fecb-5227-439c-ae24-2b6318964dd0,INV-69d6fecb-5227-439c-ae24-2b6318964dd0,CID-167,2025-06-30,2696.96,PayPal,Completed,SampleGen
PAY-2dc17caf-00f8-44e3-9305-711ee4ee93bc,INV-2dc17caf-00f8-44e3-9305-711ee4ee93bc,CID-167,2025-08-10,3719.19,MC,Completed,SampleGen
PAY-8e2f90eb-c3dc-4c28-a9d2-732b2bb0d70d,INV-8e2f90eb-c3dc-4c28-a9d2-732b2bb0d70d,CID-167,2025-10-06,1152.7,MC,Completed,SampleGen
PAY-5fe5d7ce-0377-4ba7-ab1a-a76cfbec304a,INV-5fe5d7ce-0377-4ba7-ab1a-a76cfbec304a,CID-168,2025-07-11,652.48,VISA,Completed,SampleGen
PAY-b2f980ac-24b3-4863-9296-a8924873915a,INV-b2f980ac-24b3-4863-9296-a8924873915a,CID-168,2025-10-06,750.34,MC,Completed,SampleGen
PAY-8b72d15a-90a4-404d-aea3-58c8f8a61c06,INV-8b72d15a-90a4-404d-aea3-58c8f8a61c06,CID-168,2026-02-11,2446.82,VISA,Completed,SampleGen
PAY-759020fa-7d0d-4152-8719-8cdb31b4637d,INV-759020fa-7d0d-4152-8719-8cdb31b4637d,CID-169,2025-08-28,86.99,VISA,Completed,SampleGen
PAY-8354dbbb-843d-439f-aded-e3ce45bd74cf,INV-8354dbbb-843d-439f-aded-e3ce45bd74cf,CID-170,2026-03-04,1816.06,VISA,Completed,SampleGen
PAY-622f85ff-dce6-40d7-a205-4e0399f06698,INV-622f85ff-dce6-40d7-a205-4e0399f06698,CID-171,2025-11-06,326.24,AmEx,Completed,SampleGen
PAY-3a1591fd-87ae-4778-914a-9861a19b54c9,INV-3a1591fd-87ae-4778-914a-9861a19b54c9,CID-171,2026-03-11,86.99,PayPal,Completed,SampleGen
PAY-88a2f836-4829-4f48-82e3-0838689f5e8c,INV-88a2f836-4829-4f48-82e3-0838689f5e8c,CID-171,2025-09-10,347.97,Discover,Completed,SampleGen
PAY-7a706869-0b8d-4695-8f1c-6060bdc3eade,INV-7a706869-0b8d-4695-8f1c-6060bdc3eade,CID-172,2025-06-28,1913.96,MC,Completed,SampleGen
PAY-fffcfc7e-1a54-4c30-b20a-dcb640f41a9d,INV-fffcfc7e-1a54-4c30-b20a-dcb640f41a9d,CID-172,2026-01-19,3838.83,MC,Completed,SampleGen
PAY-3fb11dc3-3162-41d2-aa7f-98228e09be8f,INV-3fb11dc3-3162-41d2-aa7f-98228e09be8f,CID-172,2025-09-17,761.23,VISA,Completed,SampleGen
PAY-dbee231c-c382-4246-a82f-ab3ac94e2dc6,INV-dbee231c-c382-4246-a82f-ab3ac94e2dc6,CID-172,2026-01-26,217.48,VISA,Completed,SampleGen
PAY-5e73f538-bf50-44ad-9430-4c506aa4257a,INV-5e73f538-bf50-44ad-9430-4c506aa4257a,CID-173,2025-12-16,1228.83,VISA,Completed,SampleGen
PAY-cb890bbd-a2c1-45ab-8185-3d0d766a55de,INV-cb890bbd-a2c1-45ab-8185-3d0d766a55de,CID-173,2025-07-04,2033.57,PayPal,Completed,SampleGen
PAY-e1a0477a-98ff-4ff1-a530-fc2eccc759b9,INV-e1a0477a-98ff-4ff1-a530-fc2eccc759b9,CID-173,2025-08-28,685.08,PayPal,Completed,SampleGen
PAY-334ba1ff-52bc-4cfe-a3f4-4467db21fcc7,INV-334ba1ff-52bc-4cfe-a3f4-4467db21fcc7,CID-174,2025-06-03,554.58,MC,Completed,SampleGen
PAY-f9878ad5-24b4-4022-b7f0-25a2ea752b78,INV-f9878ad5-24b4-4022-b7f0-25a2ea752b78,CID-174,2025-12-07,4795.8,AmEx,Completed,SampleGen
PAY-a5c954d0-0ef9-4fbb-aa64-fe5fb2eb7ff3,INV-a5c954d0-0ef9-4fbb-aa64-fe5fb2eb7ff3,CID-174,2025-09-13,1620.33,AmEx,Completed,SampleGen
PAY-1cd514a2-22da-4fe3-8d4e-7774d3d84e20,INV-1cd514a2-22da-4fe3-8d4e-7774d3d84e20,CID-174,2025-09-09,1294.07,PayPal,Completed,SampleGen
PAY-72cd5a57-6f16-4d02-ae2c-0ebab3ce9957,INV-72cd5a57-6f16-4d02-ae2c-0ebab3ce9957,CID-175,2025-09-08,1848.71,VISA,Completed,SampleGen
PAY-6b5b30d8-edae-489e-b2a5-2884a70e9b1e,INV-6b5b30d8-edae-489e-b2a5-2884a70e9b1e,CID-176,2025-11-18,967.84,MC,Completed,SampleGen
PAY-49abafb3-1d9a-412f-9ee6-fbeb64855568,INV-49abafb3-1d9a-412f-9ee6-fbeb64855568,CID-176,2026-03-30,1130.94,MC,Completed,SampleGen
PAY-c6c9fd51-7301-4900-bcde-ce91c5a8d389,INV-c6c9fd51-7301-4900-bcde-ce91c5a8d389,CID-177,2025-10-28,2120.57,MC,Completed,SampleGen
PAY-2208c52d-7c03-4378-8967-34b0ff76995a,INV-2208c52d-7c03-4378-8967-34b0ff76995a,CID-178,2026-01-21,1522.47,Discover,Completed,SampleGen
PAY-e186a179-3584-4389-bde6-d2a5802b9076,INV-e186a179-3584-4389-bde6-d2a5802b9076,CID-178,2025-09-30,2066.2,VISA,Completed,SampleGen
PAY-c181aea8-a35e-4f5d-ac2d-d62be497b385,INV-c181aea8-a35e-4f5d-ac2d-d62be497b385,CID-179,2025-09-07,456.72,MC,Completed,SampleGen
PAY-5b891382-8d74-4db2-8597-7d05c213e3f8,INV-5b891382-8d74-4db2-8597-7d05c213e3f8,CID-179,2026-01-15,3175.43,MC,Completed,SampleGen
PAY-ea037627-6603-4752-bde1-92505539f870,INV-ea037627-6603-4752-bde1-92505539f870,CID-180,2025-10-05,1402.81,PayPal,Completed,SampleGen
PAY-4d5ffb7c-aa17-4487-9241-e69c4025966f,INV-4d5ffb7c-aa17-4487-9241-e69c4025966f,CID-180,2026-01-26,141.36,MC,Completed,SampleGen
PAY-6497a1f1-5e89-4566-88eb-781d912a2588,INV-6497a1f1-5e89-4566-88eb-781d912a2588,CID-180,2025-09-09,1413.73,VISA,Completed,SampleGen
PAY-333489d2-30aa-4083-ae21-6335792297ac,INV-333489d2-30aa-4083-ae21-6335792297ac,CID-180,2026-03-23,706.84,VISA,Completed,SampleGen
PAY-2392ae1b-bbe0-41d1-ad5d-9c7bd5d5ba7f,INV-2392ae1b-bbe0-41d1-ad5d-9c7bd5d5ba7f,CID-181,2025-11-22,543.73,VISA,Completed,SampleGen
PAY-f7cb5359-cc50-408a-b540-ab2ca73d4954,INV-f7cb5359-cc50-408a-b540-ab2ca73d4954,CID-181,2025-08-03,587.21,MC,Completed,SampleGen
PAY-97ce86d5-1270-4cf6-a07b-d5d6426e8c4f,INV-97ce86d5-1270-4cf6-a07b-d5d6426e8c4f,CID-182,2025-09-06,130.49,Discover,Completed,SampleGen
PAY-97926e04-d3b8-4a1c-b9bc-e4cafc14bbdd,INV-97926e04-d3b8-4a1c-b9bc-e4cafc14bbdd,CID-183,2025-06-11,511.08,PayPal,Completed,SampleGen
PAY-fa9e66ca-4932-4a07-aead-116fbc543895,INV-fa9e66ca-4932-4a07-aead-116fbc543895,CID-184,2026-02-16,380.61,VISA,Completed,SampleGen
PAY-aff25463-fa45-4ed9-bd32-c77dafd808ea,INV-aff25463-fa45-4ed9-bd32-c77dafd808ea,CID-184,2025-12-30,2381.57,VISA,Completed,SampleGen
PAY-3d34c206-03e2-4e8d-b131-58ac118e28b3,INV-3d34c206-03e2-4e8d-b131-58ac118e28b3,CID-184,2025-12-13,3208.07,PayPal,Completed,SampleGen
PAY-8e476d4b-c660-49b4-89d5-8b37bdefd300,INV-8e476d4b-c660-49b4-89d5-8b37bdefd300,CID-185,2026-03-21,3131.94,Discover,Completed,SampleGen
PAY-ecf8e346-7663-4685-96be-1ddef8d53536,INV-ecf8e346-7663-4685-96be-1ddef8d53536,CID-185,2025-12-08,1609.43,AmEx,Completed,SampleGen
PAY-f5d09aef-03be-49e0-8537-1eb257a5ba0f,INV-f5d09aef-03be-49e0-8537-1eb257a5ba0f,CID-185,2026-03-18,130.49,VISA,Completed,SampleGen
PAY-0fb1c6ea-b45b-4ace-b1ff-34cd34951208,INV-0fb1c6ea-b45b-4ace-b1ff-34cd34951208,CID-185,2025-06-03,1250.56,PayPal,Completed,SampleGen
PAY-07a31ba7-77ae-491a-beed-04a22a821271,INV-07a31ba7-77ae-491a-beed-04a22a821271,CID-186,2025-12-12,2936.19,VISA,Completed,SampleGen
PAY-5a4cd398-59ac-4905-8e17-d202fec33b89,INV-5a4cd398-59ac-4905-8e17-d202fec33b89,CID-186,2025-12-08,3643.08,VISA,Completed,SampleGen
PAY-817886b5-7e3c-45d6-a12f-e48311292a62,INV-817886b5-7e3c-45d6-a12f-e48311292a62,CID-187,2025-09-23,3806.22,AmEx,Completed,SampleGen
PAY-37fe2af3-e736-4b67-adc7-c7a927cc7ebb,INV-37fe2af3-e736-4b67-adc7-c7a927cc7ebb,CID-187,2025-12-30,652.48,MC,Completed,SampleGen
PAY-56a5e95c-83df-4e0e-838d-c16939c4d4f1,INV-56a5e95c-83df-4e0e-838d-c16939c4d4f1,CID-187,2026-02-11,3556.05,MC,Completed,SampleGen
PAY-245ba1d3-c2be-4adc-a177-aa39e07a2ba5,INV-245ba1d3-c2be-4adc-a177-aa39e07a2ba5,CID-187,2026-01-27,347.98,MC,Completed,SampleGen
PAY-a8051396-6f1f-4b69-a51f-4ac23cc768aa,INV-a8051396-6f1f-4b69-a51f-4ac23cc768aa,CID-188,2025-07-31,222.91,MC,Completed,SampleGen
PAY-7b7627e8-8806-436b-ba5b-e66a7374684a,INV-7b7627e8-8806-436b-ba5b-e66a7374684a,CID-188,2026-02-01,3566.95,MC,Completed,SampleGen
PAY-b01485e0-12f1-4d9a-8790-fbba8b811b95,INV-b01485e0-12f1-4d9a-8790-fbba8b811b95,CID-188,2025-07-29,576.34,AmEx,Completed,SampleGen
PAY-f1616b7b-210d-4916-9600-16084abdec65,INV-f1616b7b-210d-4916-9600-16084abdec65,CID-188,2025-10-07,3327.68,AmEx,Completed,SampleGen
PAY-5337c1f6-1904-4bd3-8808-e0ae178d245a,INV-5337c1f6-1904-4bd3-8808-e0ae178d245a,CID-189,2025-06-15,1109.19,MC,Completed,SampleGen
PAY-2d21a7b4-1aa9-48cf-98d3-f6dc2682583e,INV-2d21a7b4-1aa9-48cf-98d3-f6dc2682583e,CID-190,2025-12-09,2936.22,MC,Completed,SampleGen
PAY-a6e0bd7c-a7cc-4806-8cc8-ae8254f3a820,INV-a6e0bd7c-a7cc-4806-8cc8-ae8254f3a820,CID-191,2025-11-02,4513.05,VISA,Completed,SampleGen
PAY-aa9f5896-5287-49c6-a6e4-62fa807fa89e,INV-aa9f5896-5287-49c6-a6e4-62fa807fa89e,CID-191,2025-07-27,1913.97,AmEx,Completed,SampleGen
PAY-b116bb13-2612-4775-99dd-9c80f13d6a57,INV-b116bb13-2612-4775-99dd-9c80f13d6a57,CID-192,2025-06-30,1283.19,VISA,Completed,SampleGen
PAY-e0b192df-023f-41b2-af4b-09fa4c50fbe5,INV-e0b192df-023f-41b2-af4b-09fa4c50fbe5,CID-192,2025-12-07,2011.85,MC,Completed,SampleGen
PAY-9b7e6aac-76bb-4dbd-8cec-20c546f86654,INV-9b7e6aac-76bb-4dbd-8cec-20c546f86654,CID-192,2026-03-09,1587.7,VISA,Completed,SampleGen
PAY-adbf21ce-e683-488e-9fd9-04721a507897,INV-adbf21ce-e683-488e-9fd9-04721a507897,CID-192,2025-11-16,761.23,VISA,Completed,SampleGen
PAY-48eb74e1-f99a-4138-9b96-399e377f6b1a,INV-48eb74e1-f99a-4138-9b96-399e377f6b1a,CID-194,2026-03-06,869.99,AmEx,Completed,SampleGen
PAY-98de4e45-febc-470f-809b-946139e201ad,INV-98de4e45-febc-470f-809b-946139e201ad,CID-195,2026-01-23,304.48,MC,Completed,SampleGen
PAY-a1cad30d-bc56-4897-a72c-ee40001abb81,INV-a1cad30d-bc56-4897-a72c-ee40001abb81,CID-195,2025-07-11,1620.34,PayPal,Completed,SampleGen
PAY-54fafbd7-2d35-4d64-a55d-127ef998b95f,INV-54fafbd7-2d35-4d64-a55d-127ef998b95f,CID-196,2026-02-27,86.99,MC,Completed,SampleGen
PAY-69af2307-bd20-41e3-a615-48dadfc3395f,INV-69af2307-bd20-41e3-a615-48dadfc3395f,CID-197,2026-01-28,2446.82,VISA,Completed,SampleGen
PAY-37b9b2a2-cdc0-402f-ba31-60466061bf12,INV-37b9b2a2-cdc0-402f-ba31-60466061bf12,CID-197,2025-06-23,2696.93,PayPal,Completed,SampleGen
PAY-543963dd-510c-47a5-997f-a8d766398b39,INV-543963dd-510c-47a5-997f-a8d766398b39,CID-197,2026-02-23,3838.83,VISA,Completed,SampleGen
PAY-c1c580e7-0d46-47c6-89f1-0f9d95384fdf,INV-c1c580e7-0d46-47c6-89f1-0f9d95384fdf,CID-197,2025-08-06,1848.71,MC,Completed,SampleGen
PAY-f8d94519-b1ba-4cfd-8a7b-54c2aa51476b,INV-f8d94519-b1ba-4cfd-8a7b-54c2aa51476b,CID-197,2025-11-27,2522.96,MC,Completed,SampleGen
PAY-65df5d7b-e1f0-4a35-8a0f-dc4f4f70edef,INV-65df5d7b-e1f0-4a35-8a0f-dc4f4f70edef,CID-197,2026-02-09,978.73,AmEx,Completed,SampleGen
PAY-fdfc5fc8-b852-4afe-b15d-17b3db9d838e,INV-fdfc5fc8-b852-4afe-b15d-17b3db9d838e,CID-197,2025-12-01,1870.45,Discover,Completed,SampleGen
PAY-d86cc04d-3617-4387-8eda-9fe4600eda4b,INV-d86cc04d-3617-4387-8eda-9fe4600eda4b,CID-197,2025-09-11,1283.2,PayPal,Completed,SampleGen
PAY-80a859c2-cc2b-42ec-a502-ea6326860ab6,INV-80a859c2-cc2b-42ec-a502-ea6326860ab6,CID-197,2025-06-18,206.61,VISA,Completed,SampleGen
PAY-cbfb1ae0-035f-4558-9f23-7fb79c795d09,INV-cbfb1ae0-035f-4558-9f23-7fb79c795d09,CID-198,2025-06-25,1826.94,VISA,Completed,SampleGen
PAY-08490a8f-e4a7-4363-a36c-65256a9fda7e,INV-08490a8f-e4a7-4363-a36c-65256a9fda7e,CID-198,2026-01-07,326.24,MC,Completed,SampleGen
PAY-df7101be-0282-4b09-b985-45e0c69c5694,INV-df7101be-0282-4b09-b985-45e0c69c5694,CID-198,2025-09-04,2675.22,VISA,Completed,SampleGen
PAY-bbe3fc41-7ba5-4d5b-ba9b-6543c61048f8,INV-bbe3fc41-7ba5-4d5b-ba9b-6543c61048f8,CID-198,2025-09-15,1794.33,AmEx,Completed,SampleGen
PAY-99ac739c-a601-467e-9e0b-273ed30dc544,INV-99ac739c-a601-467e-9e0b-273ed30dc544,CID-198,2025-12-03,2609.94,MC,Completed,SampleGen
PAY-c7407394-48e8-4d23-9841-701335e139c5,INV-c7407394-48e8-4d23-9841-701335e139c5,CID-198,2025-12-27,1837.82,PayPal,Completed,SampleGen
PAY-5618a3f2-3e3b-4802-9178-295074f7ffa2,INV-5618a3f2-3e3b-4802-9178-295074f7ffa2,CID-198,2025-12-17,4132.44,VISA,Completed,SampleGen
PAY-0feacbd4-ec7d-4f35-abed-514e5a1686fe,INV-0feacbd4-ec7d-4f35-abed-514e5a1686fe,CID-198,2025-08-02,1261.47,PayPal,Completed,SampleGen
PAY-93ab313d-ea0b-406c-bdc1-a501934e5e8a,INV-93ab313d-ea0b-406c-bdc1-a501934e5e8a,CID-199,2026-03-01,391.48,VISA,Completed,SampleGen
PAY-d01270f5-0c9c-4269-8b72-bc10a4a0a281,INV-d01270f5-0c9c-4269-8b72-bc10a4a0a281,CID-199,2025-06-14,2957.93,VISA,Completed,SampleGen
PAY-6eb1cd2a-bdb7-46f0-b44a-3b2d87d0ba24,INV-6eb1cd2a-bdb7-46f0-b44a-3b2d87d0ba24,CID-199,2025-12-15,761.23,VISA,Completed,SampleGen
PAY-424fed0a-66e4-49d4-bb4c-03d33d3a2ff0,INV-424fed0a-66e4-49d4-bb4c-03d33d3a2ff0,CID-200,2025-07-27,1261.48,MC,Completed,SampleGen
PAY-1c9d7ae2-ed89-4874-a05c-4e1d534c2863,INV-1c9d7ae2-ed89-4874-a05c-4e1d534c2863,CID-200,2025-06-09,1435.47,MC,Completed,SampleGen
PAY-8bb82c45-565b-424c-a12a-5e6a2e7b4781,INV-8bb82c45-565b-424c-a12a-5e6a2e7b4781,CID-200,2025-09-03,2653.45,VISA,Completed,SampleGen
PAY-e9898ae4-d0ad-4782-9959-49f4a12a052d,INV-e9898ae4-d0ad-4782-9959-49f4a12a052d,CID-201,2025-10-19,456.71,MC,Completed,SampleGen
PAY-0afbf1ba-b4be-4acb-a3bf-7f2659389a20,INV-0afbf1ba-b4be-4acb-a3bf-7f2659389a20,CID-201,2025-06-07,739.44,VISA,Completed,SampleGen
PAY-b3306604-383e-4b92-9adb-3e0f8db774c0,INV-b3306604-383e-4b92-9adb-3e0f8db774c0,CID-202,2026-03-10,1663.8,AmEx,Completed,SampleGen
PAY-aa6a0c52-7933-464e-ba7c-867ed8ba72d2,INV-aa6a0c52-7933-464e-ba7c-867ed8ba72d2,CID-203,2025-12-22,2936.2,AmEx,Completed,SampleGen
PAY-b72c4b30-3411-4bf8-bbc0-3d96969e6cb0,INV-b72c4b30-3411-4bf8-bbc0-3d96969e6cb0,CID-203,2026-03-10,1935.69,PayPal,Completed,SampleGen
PAY-5aa91a09-cc7f-4b54-922e-3a1e332bf200,INV-5aa91a09-cc7f-4b54-922e-3a1e332bf200,CID-203,2026-03-23,2468.56,VISA,Completed,SampleGen
PAY-41fbe6bc-abfb-4d2e-a16c-e9f7c6c970a7,INV-41fbe6bc-abfb-4d2e-a16c-e9f7c6c970a7,CID-204,2026-02-22,1261.44,VISA,Completed,SampleGen
PAY-241f04b5-e287-4c63-95e0-7ffb54ecd3ce,INV-241f04b5-e287-4c63-95e0-7ffb54ecd3ce,CID-204,2025-12-31,2522.96,MC,Completed,SampleGen
PAY-a81885d0-518d-4aa6-bd8e-06f5394f6730,INV-a81885d0-518d-4aa6-bd8e-06f5394f6730,CID-204,2025-08-22,1489.82,VISA,Completed,SampleGen
PAY-6e4c3fb8-7b6b-4356-a4b8-a456c7efa1f9,INV-6e4c3fb8-7b6b-4356-a4b8-a456c7efa1f9,CID-204,2025-07-13,86.99,PayPal,Completed,SampleGen
PAY-25f2eebe-d0ad-40af-b00c-38fe3e6d52d4,INV-25f2eebe-d0ad-40af-b00c-38fe3e6d52d4,CID-204,2025-09-14,1239.69,AmEx,Completed,SampleGen
PAY-331fe535-c6a6-4394-b09b-710cb47326f6,INV-331fe535-c6a6-4394-b09b-710cb47326f6,CID-205,2025-08-22,2164.07,VISA,Completed,SampleGen
PAY-6ccb99df-537c-4fe0-910b-0574460f0158,INV-6ccb99df-537c-4fe0-910b-0574460f0158,CID-205,2025-06-13,260.98,AmEx,Completed,SampleGen
PAY-98d37826-756f-4161-8b8e-6acdad7cad72,INV-98d37826-756f-4161-8b8e-6acdad7cad72,CID-205,2025-12-07,1413.7,VISA,Completed,SampleGen
PAY-0434c20c-6145-4d96-adad-827ea2728b34,INV-0434c20c-6145-4d96-adad-827ea2728b34,CID-205,2026-03-20,500.22,MC,Completed,SampleGen
PAY-ffa4a9f5-df85-44c1-94aa-e6cbbbc2f8d6,INV-ffa4a9f5-df85-44c1-94aa-e6cbbbc2f8d6,CID-205,2026-03-26,3762.68,VISA,Completed,SampleGen
PAY-b0d82de8-3585-4c56-8993-9242f6d63028,INV-b0d82de8-3585-4c56-8993-9242f6d63028,CID-205,2025-10-28,1294.07,VISA,Completed,SampleGen
PAY-e1965fed-db54-4713-8d72-668186904458,INV-e1965fed-db54-4713-8d72-668186904458,CID-205,2026-03-26,489.36,AmEx,Completed,SampleGen
PAY-860fa036-33f0-4511-803f-92ab15320217,INV-860fa036-33f0-4511-803f-92ab15320217,CID-206,2025-09-25,1294.07,MC,Completed,SampleGen
PAY-a026cc0e-1378-4221-8856-61e2a2e4b481,INV-a026cc0e-1378-4221-8856-61e2a2e4b481,CID-206,2025-12-06,3371.2,MC,Completed,SampleGen
PAY-c9201042-f42f-4e30-8f07-b1d8722ff90e,INV-c9201042-f42f-4e30-8f07-b1d8722ff90e,CID-207,2025-12-16,1957.48,AmEx,Completed,SampleGen
PAY-2d21f0b3-70e9-446d-8dbf-f47124fc8177,INV-2d21f0b3-70e9-446d-8dbf-f47124fc8177,CID-207,2025-11-06,2827.45,VISA,Completed,SampleGen
PAY-52ac3ac5-48d5-4d27-8654-baeaf971cc7f,INV-52ac3ac5-48d5-4d27-8654-baeaf971cc7f,CID-208,2025-09-12,1674.7,AmEx,Completed,SampleGen
PAY-d521a76c-1bf0-4daf-bdfb-23124f328ef1,INV-d521a76c-1bf0-4daf-bdfb-23124f328ef1,CID-208,2026-01-19,2457.7,MC,Completed,SampleGen
PAY-670dac68-db3d-4722-9df4-94cebc544935,INV-670dac68-db3d-4722-9df4-94cebc544935,CID-208,2026-01-30,1805.22,AmEx,Completed,SampleGen
PAY-06950ff9-2941-4994-9345-0f0890a8cca1,INV-06950ff9-2941-4994-9345-0f0890a8cca1,CID-208,2025-06-17,587.21,MC,Completed,SampleGen
PAY-1d724f89-e532-421e-b4e3-177fa0e4d358,INV-1d724f89-e532-421e-b4e3-177fa0e4d358,CID-209,2025-07-07,1413.73,MC,Completed,SampleGen
PAY-1d08c5c3-084a-4fb9-938c-80d0df19436f,INV-1d08c5c3-084a-4fb9-938c-80d0df19436f,CID-209,2026-02-22,3088.45,AmEx,Completed,SampleGen
PAY-ca58b087-3357-4d1f-b122-b8e504f75617,INV-ca58b087-3357-4d1f-b122-b8e504f75617,CID-210,2025-07-08,260.97,PayPal,Completed,SampleGen
PAY-e62cd19a-9f63-417a-bd32-195a79b8619f,INV-e62cd19a-9f63-417a-bd32-195a79b8619f,CID-210,2025-12-29,2240.19,VISA,Completed,SampleGen
PAY-20f7ffd2-bc92-40e1-b0aa-0d961e6c9458,INV-20f7ffd2-bc92-40e1-b0aa-0d961e6c9458,CID-211,2025-11-04,1913.92,AmEx,Completed,SampleGen
PAY-5c6e141c-8a0d-49a1-845b-cf005571e100,INV-5c6e141c-8a0d-49a1-845b-cf005571e100,CID-211,2025-08-16,239.21,VISA,Completed,SampleGen
PAY-e64d027d-6208-4a42-b4c9-86140326ef62,INV-e64d027d-6208-4a42-b4c9-86140326ef62,CID-211,2025-08-20,2316.31,Discover,Completed,SampleGen
PAY-3496a71a-5ed0-4ab8-a21e-60a5990b443f,INV-3496a71a-5ed0-4ab8-a21e-60a5990b443f,CID-212,2025-06-16,1141.84,PayPal,Completed,SampleGen
PAY-7e8cc180-cc82-4f77-80e5-9179251eb280,INV-7e8cc180-cc82-4f77-80e5-9179251eb280,CID-212,2025-10-30,1087.45,PayPal,Completed,SampleGen
PAY-56ebf883-633b-45f6-b727-5e65a4cb7071,INV-56ebf883-633b-45f6-b727-5e65a4cb7071,CID-212,2025-09-11,2164.07,Discover,Completed,SampleGen
PAY-d0c3c951-6cce-487e-a085-636236e5da98,INV-d0c3c951-6cce-487e-a085-636236e5da98,CID-212,2025-08-23,413.23,VISA,Completed,SampleGen
PAY-906d9da6-f2df-425c-a962-69b39f81fddd,INV-906d9da6-f2df-425c-a962-69b39f81fddd,CID-213,2025-12-22,869.98,MC,Completed,SampleGen
PAY-a456680a-02cf-4b50-b370-368176cedb94,INV-a456680a-02cf-4b50-b370-368176cedb94,CID-213,2025-11-08,761.23,VISA,Completed,SampleGen
PAY-ba47b6b9-698d-44b4-992e-6c624721fee9,INV-ba47b6b9-698d-44b4-992e-6c624721fee9,CID-213,2025-07-14,413.22,MC,Completed,SampleGen
PAY-e4c46392-fef2-4f70-ac30-5def58a77ffa,INV-e4c46392-fef2-4f70-ac30-5def58a77ffa,CID-214,2026-01-30,2718.7,PayPal,Completed,SampleGen
PAY-af90b3ad-3795-4ff9-baf0-05b2a0b43a5b,INV-af90b3ad-3795-4ff9-baf0-05b2a0b43a5b,CID-215,2025-10-28,2446.81,VISA,Completed,SampleGen
PAY-5a502e37-1f29-4d4e-b4f8-30199c9dae92,INV-5a502e37-1f29-4d4e-b4f8-30199c9dae92,CID-215,2025-09-26,1261.48,PayPal,Completed,SampleGen
PAY-9791629c-99c4-4257-90b6-10cdaa8ef8e8,INV-9791629c-99c4-4257-90b6-10cdaa8ef8e8,CID-215,2025-06-26,2827.45,MC,Completed,SampleGen
PAY-bc0164ba-3072-4382-83f3-3a3d9bd78b0b,INV-bc0164ba-3072-4382-83f3-3a3d9bd78b0b,CID-215,2025-07-10,1304.92,VISA,Completed,SampleGen
PAY-fc150655-d8ff-4e9b-855c-2e9bb62acb43,INV-fc150655-d8ff-4e9b-855c-2e9bb62acb43,CID-215,2025-07-21,2000.95,VISA,Completed,SampleGen
PAY-b7c16c90-2cfd-465d-be8d-a43ff50cb0bc,INV-b7c16c90-2cfd-465d-be8d-a43ff50cb0bc,CID-216,2025-07-30,1587.7,VISA,Completed,SampleGen
PAY-91dfcf38-8eee-4c03-b81a-87ff1f5eaf60,INV-91dfcf38-8eee-4c03-b81a-87ff1f5eaf60,CID-217,2025-09-30,1576.82,VISA,Completed,SampleGen
PAY-deeb2fca-391f-4d22-9850-526089f0a8fa,INV-deeb2fca-391f-4d22-9850-526089f0a8fa,CID-217,2025-06-17,1990.07,VISA,Completed,SampleGen
PAY-50cafa87-246e-414e-b7c1-3c8813a15883,INV-50cafa87-246e-414e-b7c1-3c8813a15883,CID-218,2025-06-07,826.46,VISA,Completed,SampleGen
PAY-28917b56-034d-4b0d-9574-9ce50bd9eeec,INV-28917b56-034d-4b0d-9574-9ce50bd9eeec,CID-218,2025-07-15,1826.96,PayPal,Completed,SampleGen
PAY-6825fb14-e232-4e13-8bf4-16a4fcad8aba,INV-6825fb14-e232-4e13-8bf4-16a4fcad8aba,CID-219,2026-03-20,424.09,AmEx,Completed,SampleGen
PAY-69f0fb0a-4855-4a7d-947f-522f18f63e2d,INV-69f0fb0a-4855-4a7d-947f-522f18f63e2d,CID-219,2025-07-08,3621.29,VISA,Completed,SampleGen
PAY-74684f7d-0fec-4fb5-a726-4208620e2c23,INV-74684f7d-0fec-4fb5-a726-4208620e2c23,CID-219,2026-02-09,2718.7,VISA,Completed,SampleGen
PAY-baa8da5c-c8fd-4c05-b9cf-ead0072bd64a,INV-baa8da5c-c8fd-4c05-b9cf-ead0072bd64a,CID-220,2025-11-08,3110.19,VISA,Completed,SampleGen
PAY-94f9dea6-cbaa-4430-bf4b-bf6513c7d508,INV-94f9dea6-cbaa-4430-bf4b-bf6513c7d508,CID-220,2025-09-18,1065.7,MC,Completed,SampleGen
PAY-a01328e1-5ca8-4a77-bc9a-57aa00880826,INV-a01328e1-5ca8-4a77-bc9a-57aa00880826,CID-220,2025-06-04,260.98,VISA,Completed,SampleGen
PAY-82ccee30-692b-438a-8b38-cd43e44f48f3,INV-82ccee30-692b-438a-8b38-cd43e44f48f3,CID-220,2025-06-08,1957.48,VISA,Completed,SampleGen
PAY-415b126d-af50-47ed-8341-3b52b81ad0e0,INV-415b126d-af50-47ed-8341-3b52b81ad0e0,CID-220,2025-08-22,598.07,AmEx,Completed,SampleGen
PAY-63e814dc-dbbd-41a9-9888-a677d241b317,INV-63e814dc-dbbd-41a9-9888-a677d241b317,CID-221,2026-01-22,1555.09,MC,Completed,SampleGen
PAY-409019f8-53e3-4499-8fdd-d66f1b6b3f64,INV-409019f8-53e3-4499-8fdd-d66f1b6b3f64,CID-221,2025-08-16,467.6,VISA,Completed,SampleGen
PAY-a08b943a-d93f-408f-9e34-710a4596d0aa,INV-a08b943a-d93f-408f-9e34-710a4596d0aa,CID-221,2026-02-16,2827.48,MC,Completed,SampleGen
PAY-a168b550-0b23-48a5-9d48-6b143b31cabc,INV-a168b550-0b23-48a5-9d48-6b143b31cabc,CID-222,2025-07-22,1522.47,PayPal,Completed,SampleGen
PAY-7a9e6850-6a6d-4ac2-ac7c-3df69f4155d1,INV-7a9e6850-6a6d-4ac2-ac7c-3df69f4155d1,CID-222,2026-01-18,1957.45,Discover,Completed,SampleGen
PAY-7082aeee-5c6b-4af2-ae0e-44179796e592,INV-7082aeee-5c6b-4af2-ae0e-44179796e592,CID-223,2026-01-17,1413.73,MC,Completed,SampleGen
PAY-a89bdcdf-94e2-436c-8489-1e2b75517751,INV-a89bdcdf-94e2-436c-8489-1e2b75517751,CID-223,2026-03-19,706.86,PayPal,Completed,SampleGen
PAY-e213cdf3-716f-4403-be31-614619e5c0ae,INV-e213cdf3-716f-4403-be31-614619e5c0ae,CID-223,2026-03-30,532.84,PayPal,Completed,SampleGen
PAY-d08a657a-1624-4f87-bfc4-4704a5c45944,INV-d08a657a-1624-4f87-bfc4-4704a5c45944,CID-223,2026-02-06,2066.2,VISA,Completed,SampleGen
PAY-48ae1bed-0267-4d1b-98a8-90419b716369,INV-48ae1bed-0267-4d1b-98a8-90419b716369,CID-223,2025-09-04,1022.2,MC,Completed,SampleGen
PAY-5a756298-bf93-4246-a478-c1b59e2702db,INV-5a756298-bf93-4246-a478-c1b59e2702db,CID-223,2025-06-03,3512.56,MC,Completed,SampleGen
PAY-e7594593-dad3-4cd8-a306-d72a0f7519f0,INV-e7594593-dad3-4cd8-a306-d72a0f7519f0,CID-223,2025-09-20,2762.17,PayPal,Completed,SampleGen
PAY-2b8ff1f3-13e1-4a41-b466-eedbc4504b66,INV-2b8ff1f3-13e1-4a41-b466-eedbc4504b66,CID-224,2025-12-04,2153.2,VISA,Completed,SampleGen
PAY-b0261a10-ca6d-4705-bf34-cc07a5b830b5,INV-b0261a10-ca6d-4705-bf34-cc07a5b830b5,CID-225,2025-09-03,217.48,PayPal,Completed,SampleGen
PAY-ee904f0f-331f-464e-b849-831632461e0d,INV-ee904f0f-331f-464e-b849-831632461e0d,CID-225,2025-09-17,826.46,AmEx,Completed,SampleGen
PAY-34b70ecb-53f3-49e5-90e7-390cee63dd62,INV-34b70ecb-53f3-49e5-90e7-390cee63dd62,CID-226,2026-03-31,717.73,VISA,Completed,SampleGen
PAY-acfa9367-a8fd-43b9-8adc-a273e18d7d57,INV-acfa9367-a8fd-43b9-8adc-a273e18d7d57,CID-227,2025-12-31,1043.96,PayPal,Completed,SampleGen
PAY-4c38de2e-4fe1-43dd-9799-df45d476153b,INV-4c38de2e-4fe1-43dd-9799-df45d476153b,CID-227,2025-09-12,772.1,Discover,Completed,SampleGen
PAY-42fa9388-7bd6-47ab-8111-b1c83f6c9a75,INV-42fa9388-7bd6-47ab-8111-b1c83f6c9a75,CID-228,2025-12-19,1011.34,PayPal,Completed,SampleGen
PAY-75bdd2b5-d59c-49ed-ade5-b19d6cfde928,INV-75bdd2b5-d59c-49ed-ade5-b19d6cfde928,CID-228,2026-02-25,3371.21,MC,Completed,SampleGen
PAY-3ede9947-1d3c-46de-b110-1c8f1f7cc727,INV-3ede9947-1d3c-46de-b110-1c8f1f7cc727,CID-228,2026-03-15,391.48,AmEx,Completed,SampleGen
PAY-d7370e5b-379c-4733-8dd4-7f2680b3927e,INV-d7370e5b-379c-4733-8dd4-7f2680b3927e,CID-229,2026-03-24,1413.74,PayPal,Completed,SampleGen
PAY-4b734f6e-99d8-4105-8575-6b6ac73ccb20,INV-4b734f6e-99d8-4105-8575-6b6ac73ccb20,CID-229,2025-12-16,16.3,AmEx,Completed,SampleGen
PAY-12b0468d-71aa-4af2-a92f-24ea694d2634,INV-12b0468d-71aa-4af2-a92f-24ea694d2634,CID-229,2025-10-10,2066.18,PayPal,Completed,SampleGen
PAY-15f1ccae-2d8a-4235-bbe2-f2b51f8661d2,INV-15f1ccae-2d8a-4235-bbe2-f2b51f8661d2,CID-230,2025-11-20,772.08,PayPal,Completed,SampleGen
PAY-c667473e-a285-40e5-89b2-13f720ba3862,INV-c667473e-a285-40e5-89b2-13f720ba3862,CID-230,2025-08-30,1239.69,Discover,Completed,SampleGen
PAY-7ad120ae-067b-421c-8bd9-106e6ad0cbdc,INV-7ad120ae-067b-421c-8bd9-106e6ad0cbdc,CID-230,2026-02-26,1468.09,AmEx,Completed,SampleGen
PAY-44a88d0b-f7cf-4999-a22c-02311342febc,INV-44a88d0b-f7cf-4999-a22c-02311342febc,CID-230,2026-03-15,1718.19,AmEx,Completed,SampleGen
PAY-28035335-0f4f-4aef-9024-b91b66780726,INV-28035335-0f4f-4aef-9024-b91b66780726,CID-231,2025-12-21,1304.96,PayPal,Completed,SampleGen
PAY-9c7c9d67-43f7-49ad-89a4-c1717032a427,INV-9c7c9d67-43f7-49ad-89a4-c1717032a427,CID-231,2026-02-01,1718.2,MC,Completed,SampleGen
PAY-9270cd4e-c657-497f-b76c-93ff422763b6,INV-9270cd4e-c657-497f-b76c-93ff422763b6,CID-231,2026-02-21,3871.45,VISA,Completed,SampleGen
PAY-0dbd47e5-8ca7-4f79-abfe-90eb915e9300,INV-0dbd47e5-8ca7-4f79-abfe-90eb915e9300,CID-231,2025-07-29,2142.33,PayPal,Completed,SampleGen
PAY-144282e0-e8d6-43fb-ae25-b869399cef4e,INV-144282e0-e8d6-43fb-ae25-b869399cef4e,CID-232,2025-12-23,2446.84,PayPal,Completed,SampleGen
PAY-e21586b3-98bf-4e42-8fd9-2bbb1d7cf4c9,INV-e21586b3-98bf-4e42-8fd9-2bbb1d7cf4c9,CID-232,2025-08-08,1848.68,PayPal,Completed,SampleGen
PAY-67bddca3-fee4-4916-9d90-cdfc77b0c0ab,INV-67bddca3-fee4-4916-9d90-cdfc77b0c0ab,CID-233,2025-09-16,1261.48,PayPal,Completed,SampleGen
PAY-d7b3a8fd-17da-42e1-b983-847d3a25ce13,INV-d7b3a8fd-17da-42e1-b983-847d3a25ce13,CID-233,2025-07-22,173.98,VISA,Completed,SampleGen
PAY-69e65326-ae6a-4c08-9118-749270378025,INV-69e65326-ae6a-4c08-9118-749270378025,CID-233,2025-10-26,869.98,AmEx,Completed,SampleGen
PAY-d0ed2974-a42f-4f3d-8b58-50560ef16e19,INV-d0ed2974-a42f-4f3d-8b58-50560ef16e19,CID-233,2026-01-31,2479.45,PayPal,Completed,SampleGen
PAY-89104a78-cfc4-4e85-a348-e74a2744728b,INV-89104a78-cfc4-4e85-a348-e74a2744728b,CID-233,2025-07-14,1000.48,VISA,Completed,SampleGen
PAY-d2266a9c-9caf-4eff-a864-1e3da6aadb77,INV-d2266a9c-9caf-4eff-a864-1e3da6aadb77,CID-233,2025-12-30,1489.81,PayPal,Completed,SampleGen
PAY-512e7a17-4295-410c-917a-50d2382fa35f,INV-512e7a17-4295-410c-917a-50d2382fa35f,CID-233,2025-11-02,1141.84,AmEx,Completed,SampleGen
PAY-a2ee6d8d-1d10-4a67-81c5-662dfbbe02e6,INV-a2ee6d8d-1d10-4a67-81c5-662dfbbe02e6,CID-234,2025-11-15,543.73,PayPal,Completed,SampleGen
PAY-013826c4-93a6-4915-a2aa-a45d5050bcd7,INV-013826c4-93a6-4915-a2aa-a45d5050bcd7,CID-235,2026-03-03,1000.45,VISA,Completed,SampleGen
PAY-9b19529c-ba8c-4677-a28a-ebd14a7f79b5,INV-9b19529c-ba8c-4677-a28a-ebd14a7f79b5,CID-235,2025-10-27,1261.45,VISA,Completed,SampleGen
PAY-a038a852-0de7-4477-a676-09aa4e5d03b3,INV-a038a852-0de7-4477-a676-09aa4e5d03b3,CID-235,2025-09-28,4523.92,VISA,Completed,SampleGen
PAY-879a3fde-9b02-4d17-92e2-627d62819966,INV-879a3fde-9b02-4d17-92e2-627d62819966,CID-235,2026-01-14,1821.51,MC,Completed,SampleGen
PAY-4ecafccf-9823-44ef-a76a-c5a02efccbf4,INV-4ecafccf-9823-44ef-a76a-c5a02efccbf4,CID-236,2026-02-28,3110.17,MC,Completed,SampleGen
PAY-bd62befd-b4ad-49cd-8990-fdb472013981,INV-bd62befd-b4ad-49cd-8990-fdb472013981,CID-236,2025-12-13,978.74,AmEx,Completed,SampleGen
PAY-fa20a077-cf17-484d-ba40-a6d0e28c33da,INV-fa20a077-cf17-484d-ba40-a6d0e28c33da,CID-236,2025-08-20,1000.45,MC,Completed,SampleGen
PAY-669ff370-9fec-4bc0-8a74-fc3b3e92d4bb,INV-669ff370-9fec-4bc0-8a74-fc3b3e92d4bb,CID-236,2026-02-16,2947.05,AmEx,Completed,SampleGen
PAY-0f58e5c5-9476-4fb5-a7f8-18086cfb76f9,INV-0f58e5c5-9476-4fb5-a7f8-18086cfb76f9,CID-236,2025-09-06,4067.19,MC,Completed,SampleGen
PAY-bb2100a2-02e7-4648-8160-952bd863bab2,INV-bb2100a2-02e7-4648-8160-952bd863bab2,CID-236,2025-06-24,674.21,AmEx,Completed,SampleGen
PAY-8a4df238-3cd1-4e76-8445-87695f01ccb0,INV-8a4df238-3cd1-4e76-8445-87695f01ccb0,CID-236,2026-03-08,108.74,Discover,Completed,SampleGen
PAY-dad5b3f7-31cc-42e5-8ca7-e89aa9b8f127,INV-dad5b3f7-31cc-42e5-8ca7-e89aa9b8f127,CID-236,2025-11-10,3044.95,PayPal,Completed,SampleGen
PAY-31c2fd7d-c3e5-4fb5-90ed-80e376ebcbda,INV-31c2fd7d-c3e5-4fb5-90ed-80e376ebcbda,CID-236,2025-08-21,1152.68,PayPal,Completed,SampleGen
PAY-49c79bc3-372c-4c6e-b032-0090595bb810,INV-49c79bc3-372c-4c6e-b032-0090595bb810,CID-237,2025-11-08,739.46,Discover,Completed,SampleGen
PAY-d9b1442e-d3b9-4782-ad87-54bfe266fe45,INV-d9b1442e-d3b9-4782-ad87-54bfe266fe45,CID-237,2026-01-18,1555.07,VISA,Completed,SampleGen
PAY-b8e84fb6-834a-481d-9345-14444cf7bd25,INV-b8e84fb6-834a-481d-9345-14444cf7bd25,CID-237,2025-11-28,3914.94,PayPal,Completed,SampleGen
PAY-f352c4a1-bf5b-4297-b7c6-5c0c078ab814,INV-f352c4a1-bf5b-4297-b7c6-5c0c078ab814,CID-238,2025-10-20,326.24,VISA,Completed,SampleGen
PAY-4d688e34-fe0d-4e68-a727-6e9189009641,INV-4d688e34-fe0d-4e68-a727-6e9189009641,CID-238,2025-12-27,1087.42,MC,Completed,SampleGen
PAY-7493a12e-df66-43ae-abc0-7a9d85388add,INV-7493a12e-df66-43ae-abc0-7a9d85388add,CID-239,2025-08-07,32.6,VISA,Completed,SampleGen
PAY-f9e92058-9b32-4ece-878a-0b0ab8ea70bb,INV-f9e92058-9b32-4ece-878a-0b0ab8ea70bb,CID-239,2025-12-07,2881.81,AmEx,Completed,SampleGen
PAY-364a2a35-7f39-4834-ad8a-1c7872d7b699,INV-364a2a35-7f39-4834-ad8a-1c7872d7b699,CID-239,2026-03-29,1739.94,MC,Completed,SampleGen
PAY-c2a99867-114d-400d-be1b-2122b4e2689a,INV-c2a99867-114d-400d-be1b-2122b4e2689a,CID-240,2025-07-22,2240.19,AmEx,Completed,SampleGen
PAY-94a05638-fd52-4cb7-9d9c-a694defc5c13,INV-94a05638-fd52-4cb7-9d9c-a694defc5c13,CID-240,2026-01-31,4067.18,VISA,Completed,SampleGen
PAY-80ac96c4-649b-44c5-ad9e-e3331a2bdbd0,INV-80ac96c4-649b-44c5-ad9e-e3331a2bdbd0,CID-240,2025-07-31,1239.68,AmEx,Completed,SampleGen
PAY-06b79eb2-e489-4d74-b685-1f2afd4903f9,INV-06b79eb2-e489-4d74-b685-1f2afd4903f9,CID-240,2026-02-10,1587.71,MC,Completed,SampleGen
PAY-ae149189-04d8-484b-b582-8e9e271ff686,INV-ae149189-04d8-484b-b582-8e9e271ff686,CID-241,2025-10-16,848.22,MC,Completed,SampleGen
PAY-137c49d7-e7cb-4ec3-808b-780168943754,INV-137c49d7-e7cb-4ec3-808b-780168943754,CID-242,2025-11-24,1413.73,PayPal,Completed,SampleGen
PAY-de0f2860-2f20-4620-9741-e4399ca7c9bd,INV-de0f2860-2f20-4620-9741-e4399ca7c9bd,CID-242,2025-09-13,2838.32,AmEx,Completed,SampleGen
PAY-c414e8c9-0645-4883-8ab6-7e0f70e3a754,INV-c414e8c9-0645-4883-8ab6-7e0f70e3a754,CID-243,2025-07-15,543.72,PayPal,Completed,SampleGen
PAY-31687c0a-fa1f-440b-8818-f3a0473ea8a7,INV-31687c0a-fa1f-440b-8818-f3a0473ea8a7,CID-243,2025-06-29,2783.92,Discover,Completed,SampleGen
PAY-6fb136f1-97d8-41d0-ab57-c569e04b5057,INV-6fb136f1-97d8-41d0-ab57-c569e04b5057,CID-244,2025-07-08,233.78,Discover,Completed,SampleGen
PAY-d6a5d0e9-a8cb-40f2-8851-dab7a1703388,INV-d6a5d0e9-a8cb-40f2-8851-dab7a1703388,CID-244,2026-01-02,1723.63,PayPal,Completed,SampleGen
PAY-6df6d7b5-1ede-4003-872b-f2ab67688ad2,INV-6df6d7b5-1ede-4003-872b-f2ab67688ad2,CID-244,2026-02-06,1848.72,MC,Completed,SampleGen
PAY-131bc3f0-0af5-408c-9baf-14ffa6682599,INV-131bc3f0-0af5-408c-9baf-14ffa6682599,CID-245,2025-12-02,2011.83,MC,Completed,SampleGen
PAY-3f3dfe50-1a74-4e55-b5b1-950fd3b34df1,INV-3f3dfe50-1a74-4e55-b5b1-950fd3b34df1,CID-245,2026-03-22,1772.56,AmEx,Completed,SampleGen
PAY-c3e8c878-027f-48d4-a888-0012e7aa2c4e,INV-c3e8c878-027f-48d4-a888-0012e7aa2c4e,CID-247,2025-08-08,859.09,VISA,Completed,SampleGen
PAY-2deca032-1cb8-4d8d-ac3b-b81a92999836,INV-2deca032-1cb8-4d8d-ac3b-b81a92999836,CID-247,2025-12-25,3262.46,Discover,Completed,SampleGen
PAY-0e20359d-9fe5-4e16-a7fa-867dfb3b6f82,INV-0e20359d-9fe5-4e16-a7fa-867dfb3b6f82,CID-248,2025-08-03,2153.21,VISA,Completed,SampleGen
PAY-d63232fc-1058-4cea-906c-fd2a375fb4fc,INV-d63232fc-1058-4cea-906c-fd2a375fb4fc,CID-248,2026-01-14,2925.31,VISA,Completed,SampleGen
PAY-c978ef10-5aff-419d-8927-ebe92111dde9,INV-c978ef10-5aff-419d-8927-ebe92111dde9,CID-249,2025-09-05,652.48,AmEx,Completed,SampleGen
PAY-56c6190f-9ed0-4225-b1de-9cc2ee9f65e0,INV-56c6190f-9ed0-4225-b1de-9cc2ee9f65e0,CID-249,2025-12-26,3262.45,Discover,Completed,SampleGen
PAY-2723f0ba-fac9-4bc0-9846-707cab75e0e5,INV-2723f0ba-fac9-4bc0-9846-707cab75e0e5,CID-250,2025-07-25,1033.1,VISA,Completed,SampleGen
PAY-fa6a2de6-0140-4880-9869-f013ee3d4858,INV-fa6a2de6-0140-4880-9869-f013ee3d4858,CID-250,2026-01-23,4948.05,VISA,Completed,SampleGen
PAY-29d76fa5-2018-426b-8332-dae8411f5e12,INV-29d76fa5-2018-426b-8332-dae8411f5e12,CID-250,2025-10-05,2936.22,MC,Completed,SampleGen
PAY-f7be1753-cf38-4de4-9018-a22247774b79,INV-f7be1753-cf38-4de4-9018-a22247774b79,CID-251,2025-11-28,3262.47,Discover,Completed,SampleGen
PAY-5d3c58aa-6eab-48f8-b5ac-e4d68832d833,INV-5d3c58aa-6eab-48f8-b5ac-e4d68832d833,CID-251,2026-03-31,2707.82,AmEx,Completed,SampleGen
PAY-fff281ed-8ac1-434f-bba2-e59467d14aa4,INV-fff281ed-8ac1-434f-bba2-e59467d14aa4,CID-252,2025-10-16,1990.08,VISA,Completed,SampleGen
PAY-daa1ea34-2f1a-4a59-bf81-90917f78540c,INV-daa1ea34-2f1a-4a59-bf81-90917f78540c,CID-253,2025-07-10,3871.42,VISA,Completed,SampleGen
PAY-086a620d-c805-405c-b650-233a7aa1eecd,INV-086a620d-c805-405c-b650-233a7aa1eecd,CID-253,2025-12-10,880.84,PayPal,Completed,SampleGen
PAY-6009a02a-bb0b-4c83-a200-210c41e677e1,INV-6009a02a-bb0b-4c83-a200-210c41e677e1,CID-253,2025-06-06,206.61,AmEx,Completed,SampleGen
PAY-3d966ee3-85f5-4297-bd15-7ca1d9eb9d23,INV-3d966ee3-85f5-4297-bd15-7ca1d9eb9d23,CID-253,2025-11-21,1087.46,Discover,Completed,SampleGen
PAY-f5cd293e-644f-4aea-a742-c8f78477bfca,INV-f5cd293e-644f-4aea-a742-c8f78477bfca,CID-254,2026-02-05,3458.22,AmEx,Completed,SampleGen
PAY-0309cc46-5abd-475d-a8f7-7435f135cafc,INV-0309cc46-5abd-475d-a8f7-7435f135cafc,CID-254,2025-09-02,1304.96,MC,Completed,SampleGen
PAY-67a415ab-86b9-4ed0-888b-4d82aea7dba5,INV-67a415ab-86b9-4ed0-888b-4d82aea7dba5,CID-255,2025-10-05,902.59,VISA,Completed,SampleGen
PAY-cb104202-28f7-4d15-b738-9b129c4077fa,INV-cb104202-28f7-4d15-b738-9b129c4077fa,CID-255,2025-07-12,1033.05,PayPal,Completed,SampleGen
PAY-0cdb04f4-3f05-4bf2-9fb6-7e354b27ad9c,INV-0cdb04f4-3f05-4bf2-9fb6-7e354b27ad9c,CID-255,2025-08-02,1511.58,MC,Completed,SampleGen
PAY-ad326e65-cc22-4844-83cb-9aaf8001b21e,INV-ad326e65-cc22-4844-83cb-9aaf8001b21e,CID-255,2026-03-20,86.99,VISA,Completed,SampleGen
PAY-fe7a055f-93f1-4a79-894c-de6076cb5c2c,INV-fe7a055f-93f1-4a79-894c-de6076cb5c2c,CID-255,2025-09-03,1152.69,Discover,Completed,SampleGen
PAY-f0b87943-02c2-4d65-92b4-5a6a9b77b03b,INV-f0b87943-02c2-4d65-92b4-5a6a9b77b03b,CID-255,2025-12-25,1859.59,VISA,Completed,SampleGen
PAY-acfc05eb-95bc-4901-90ad-fe2301c0c08a,INV-acfc05eb-95bc-4901-90ad-fe2301c0c08a,CID-255,2026-03-02,326.24,AmEx,Completed,SampleGen
PAY-dd75e93e-b9e1-43f5-a99b-f59387fc5518,INV-dd75e93e-b9e1-43f5-a99b-f59387fc5518,CID-256,2026-01-20,3849.68,AmEx,Completed,SampleGen
PAY-95974d94-e6fd-4493-872b-794e07f34e0a,INV-95974d94-e6fd-4493-872b-794e07f34e0a,CID-257,2025-11-07,1413.73,MC,Completed,SampleGen
PAY-b1a9a7fb-10d8-4759-bbaf-7788318ca14d,INV-b1a9a7fb-10d8-4759-bbaf-7788318ca14d,CID-258,2026-03-08,1261.45,VISA,Completed,SampleGen
PAY-6ce934a7-502f-43cd-bd6a-efd0a555a7da,INV-6ce934a7-502f-43cd-bd6a-efd0a555a7da,CID-259,2025-12-15,3479.94,VISA,Completed,SampleGen
PAY-a5b6a708-0fa4-483f-b289-ac86bda13cf5,INV-a5b6a708-0fa4-483f-b289-ac86bda13cf5,CID-259,2025-07-31,3131.93,AmEx,Completed,SampleGen
PAY-d5a350fe-2748-47f1-af17-0e65726be525,INV-d5a350fe-2748-47f1-af17-0e65726be525,CID-259,2025-09-09,1250.58,AmEx,Completed,SampleGen
PAY-f857d569-e975-4b57-bba0-eb5fd7a9299f,INV-f857d569-e975-4b57-bba0-eb5fd7a9299f,CID-260,2025-10-19,2783.92,MC,Completed,SampleGen
PAY-138a42bf-d7cd-452b-89b4-2ca89a515dea,INV-138a42bf-d7cd-452b-89b4-2ca89a515dea,CID-261,2025-11-29,543.73,AmEx,Completed,SampleGen
PAY-143e255d-8365-4613-ba4a-e66924ff3927,INV-143e255d-8365-4613-ba4a-e66924ff3927,CID-262,2025-08-16,1565.94,AmEx,Completed,SampleGen
PAY-2c5948cc-a4c5-4ae3-a4bd-5792874b1a60,INV-2c5948cc-a4c5-4ae3-a4bd-5792874b1a60,CID-263,2026-02-11,3110.21,AmEx,Completed,SampleGen
PAY-e3f54286-7bf0-4da5-ad42-f64122eb95cb,INV-e3f54286-7bf0-4da5-ad42-f64122eb95cb,CID-263,2025-06-06,1946.55,AmEx,Completed,SampleGen
PAY-fd82d61e-5fd0-441a-8183-f20fea721141,INV-fd82d61e-5fd0-441a-8183-f20fea721141,CID-264,2025-09-24,3914.92,VISA,Completed,SampleGen
PAY-87eb962b-13b5-426b-9aa7-f60ff28f1c7a,INV-87eb962b-13b5-426b-9aa7-f60ff28f1c7a,CID-264,2026-01-09,1402.82,PayPal,Completed,SampleGen
PAY-307fb755-548e-48ea-baa9-49209f4cb76e,INV-307fb755-548e-48ea-baa9-49209f4cb76e,CID-265,2025-12-17,271.86,PayPal,Completed,SampleGen
PAY-40353426-7687-4f22-9188-19df81bfb4ca,INV-40353426-7687-4f22-9188-19df81bfb4ca,CID-265,2025-07-21,260.98,AmEx,Completed,SampleGen
PAY-cb5606b3-91c8-4930-b457-da7e43ed05aa,INV-cb5606b3-91c8-4930-b457-da7e43ed05aa,CID-265,2025-07-09,587.2,PayPal,Completed,SampleGen
PAY-18129129-7647-456c-a4bd-fb6dabe683db,INV-18129129-7647-456c-a4bd-fb6dabe683db,CID-265,2025-11-18,3338.57,Discover,Completed,SampleGen
PAY-053d969d-73d9-4b3e-b48f-3d63272b65fe,INV-053d969d-73d9-4b3e-b48f-3d63272b65fe,CID-265,2026-03-25,880.84,PayPal,Completed,SampleGen
PAY-14bfbe5c-5eba-4ae3-9cd8-9086651b5c2c,INV-14bfbe5c-5eba-4ae3-9cd8-9086651b5c2c,CID-265,2026-03-23,1413.74,Discover,Completed,SampleGen
PAY-feb8c6b5-48bf-4c27-b1d8-c703673029c9,INV-feb8c6b5-48bf-4c27-b1d8-c703673029c9,CID-266,2025-11-22,326.24,AmEx,Completed,SampleGen
PAY-bd3c46b2-9618-4d22-b2a9-46a584ccece3,INV-bd3c46b2-9618-4d22-b2a9-46a584ccece3,CID-266,2026-03-21,1087.47,AmEx,Completed,SampleGen
PAY-3de16aa8-377d-41a5-a6c3-65860cef635d,INV-3de16aa8-377d-41a5-a6c3-65860cef635d,CID-266,2026-02-15,1544.21,Discover,Completed,SampleGen
PAY-91716445-1312-4032-b2a9-6a267d51b0bc,INV-91716445-1312-4032-b2a9-6a267d51b0bc,CID-266,2025-10-24,489.34,MC,Completed,SampleGen
PAY-a88f2ba2-6dc5-4e8d-a169-005c6f4b6cdf,INV-a88f2ba2-6dc5-4e8d-a169-005c6f4b6cdf,CID-266,2025-06-25,1500.69,PayPal,Completed,SampleGen
PAY-ced60bd1-ec19-4514-9b81-982c24e416c8,INV-ced60bd1-ec19-4514-9b81-982c24e416c8,CID-266,2025-07-17,2827.48,MC,Completed,SampleGen
PAY-11680a5a-6ca6-43b9-b1c0-51f96d44dfef,INV-11680a5a-6ca6-43b9-b1c0-51f96d44dfef,CID-266,2025-08-13,1739.98,AmEx,Completed,SampleGen
PAY-2984d39d-adcf-449e-b5ab-f590ed6e672d,INV-2984d39d-adcf-449e-b5ab-f590ed6e672d,CID-267,2025-11-18,978.73,MC,Completed,SampleGen
PAY-6ae17795-4895-47d7-b4ff-cf31cf4719b4,INV-6ae17795-4895-47d7-b4ff-cf31cf4719b4,CID-267,2025-12-03,978.73,VISA,Completed,SampleGen
PAY-14747c93-2aa0-4fd5-9af3-b62b77cf005e,INV-14747c93-2aa0-4fd5-9af3-b62b77cf005e,CID-267,2025-06-14,3490.82,VISA,Completed,SampleGen
PAY-1cd7baa1-5817-4a9a-8136-3db480d4c89d,INV-1cd7baa1-5817-4a9a-8136-3db480d4c89d,CID-267,2026-01-24,1478.97,MC,Completed,SampleGen
PAY-2084de4b-9aa7-4506-b3b4-b8f88a6f2ac3,INV-2084de4b-9aa7-4506-b3b4-b8f88a6f2ac3,CID-268,2026-01-04,5111.19,AmEx,Completed,SampleGen
PAY-79e2b49e-a775-43e2-acb9-31a2216f57e1,INV-79e2b49e-a775-43e2-acb9-31a2216f57e1,CID-268,2025-11-04,3208.09,PayPal,Completed,SampleGen
PAY-34971806-7128-4cb5-af95-419311053c9f,INV-34971806-7128-4cb5-af95-419311053c9f,CID-268,2026-01-29,4697.93,AmEx,Completed,SampleGen
PAY-d534ffdd-35da-4386-aaf9-d1769b32bd30,INV-d534ffdd-35da-4386-aaf9-d1769b32bd30,CID-268,2025-10-14,1712.77,PayPal,Completed,SampleGen
PAY-a936ab4d-0c21-47de-bfdc-2385bcf43780,INV-a936ab4d-0c21-47de-bfdc-2385bcf43780,CID-268,2025-06-11,413.23,PayPal,Completed,SampleGen
PAY-4a241cdf-d80f-433a-93e0-f06f1cc38c65,INV-4a241cdf-d80f-433a-93e0-f06f1cc38c65,CID-268,2025-12-18,4306.43,AmEx,Completed,SampleGen
PAY-7ba44ac8-d936-4ccb-bba7-c32789dc3c2e,INV-7ba44ac8-d936-4ccb-bba7-c32789dc3c2e,CID-268,2026-02-16,924.33,PayPal,Completed,SampleGen
PAY-2cff48cf-8ae5-4436-a6de-f9295ee89a7d,INV-2cff48cf-8ae5-4436-a6de-f9295ee89a7d,CID-268,2025-10-07,2664.34,Discover,Completed,SampleGen
PAY-e098c03d-1255-4ac4-b45f-52dcb4f4f025,INV-e098c03d-1255-4ac4-b45f-52dcb4f4f025,CID-269,2026-01-04,717.72,Discover,Completed,SampleGen
PAY-626b4ba2-230a-4f35-834e-1bd15312917b,INV-626b4ba2-230a-4f35-834e-1bd15312917b,CID-269,2025-06-17,1120.08,AmEx,Completed,SampleGen
PAY-6e3ead77-3216-44e3-bfea-88a76178ff9f,INV-6e3ead77-3216-44e3-bfea-88a76178ff9f,CID-269,2025-12-07,2131.45,MC,Completed,SampleGen
PAY-10a82216-0c21-4bba-9b45-f07f79c651ad,INV-10a82216-0c21-4bba-9b45-f07f79c651ad,CID-270,2026-01-21,978.74,PayPal,Completed,SampleGen
PAY-f4cd9677-301d-4633-a0e7-acbd1cf871a8,INV-f4cd9677-301d-4633-a0e7-acbd1cf871a8,CID-270,2025-11-29,86.99,MC,Completed,SampleGen
PAY-0d8379bc-3ea2-4f86-b592-4c72c6c34161,INV-0d8379bc-3ea2-4f86-b592-4c72c6c34161,CID-271,2025-12-22,1196.23,AmEx,Completed,SampleGen
PAY-94804cd0-4e62-4241-8bc5-952d02d5bd3c,INV-94804cd0-4e62-4241-8bc5-952d02d5bd3c,CID-271,2025-09-20,3610.44,AmEx,Completed,SampleGen
PAY-9b22eb50-ef74-4416-abb4-eabedf7d061c,INV-9b22eb50-ef74-4416-abb4-eabedf7d061c,CID-271,2026-03-23,804.71,Discover,Completed,SampleGen
PAY-f5f35f03-fb37-4d73-b671-88651ee8e141,INV-f5f35f03-fb37-4d73-b671-88651ee8e141,CID-271,2025-12-30,2827.48,AmEx,Completed,SampleGen
PAY-f91b911d-de96-4016-a055-5f8ff19a485f,INV-f91b911d-de96-4016-a055-5f8ff19a485f,CID-271,2025-11-10,141.36,VISA,Completed,SampleGen
PAY-4e983c83-754c-40e8-949c-0713e7e20844,INV-4e983c83-754c-40e8-949c-0713e7e20844,CID-272,2025-10-05,1663.83,PayPal,Completed,SampleGen
PAY-3b6850ee-241f-483b-b809-5e21edfe06b8,INV-3b6850ee-241f-483b-b809-5e21edfe06b8,CID-272,2025-06-16,391.47,Discover,Completed,SampleGen
PAY-61e87c9e-c5ff-453b-8f47-a4fe358ee68c,INV-61e87c9e-c5ff-453b-8f47-a4fe358ee68c,CID-272,2025-07-14,3295.05,VISA,Completed,SampleGen
PAY-d367e6e3-72a1-4dab-8a35-c303295270df,INV-d367e6e3-72a1-4dab-8a35-c303295270df,CID-273,2026-01-05,2675.22,PayPal,Completed,SampleGen
PAY-5def2368-82e3-4490-917b-5cdf9a6fad3f,INV-5def2368-82e3-4490-917b-5cdf9a6fad3f,CID-273,2025-07-18,1261.42,MC,Completed,SampleGen
PAY-a56d1299-b4de-4a7d-b341-6df477d2cee8,INV-a56d1299-b4de-4a7d-b341-6df477d2cee8,CID-273,2025-11-25,2729.56,VISA,Completed,SampleGen
PAY-4cebf0ed-4350-4d7d-9773-1139cb01af7f,INV-4cebf0ed-4350-4d7d-9773-1139cb01af7f,CID-273,2025-11-12,1957.48,AmEx,Completed,SampleGen
PAY-2c061f62-186e-45e5-b132-16ca5a5e3c80,INV-2c061f62-186e-45e5-b132-16ca5a5e3c80,CID-273,2025-11-03,2555.56,MC,Completed,SampleGen
PAY-08b5ab5f-9a13-4cc7-aad5-7e95969db03a,INV-08b5ab5f-9a13-4cc7-aad5-7e95969db03a,CID-273,2025-08-22,391.47,AmEx,Completed,SampleGen
PAY-5d93bca3-14d2-46bd-b5b2-3700c53bb4c9,INV-5d93bca3-14d2-46bd-b5b2-3700c53bb4c9,CID-273,2025-09-04,4893.68,AmEx,Completed,SampleGen
PAY-2b95324d-0a99-4ace-a1ab-d74ff21c438c,INV-2b95324d-0a99-4ace-a1ab-d74ff21c438c,CID-273,2025-12-07,1413.73,AmEx,Completed,SampleGen
PAY-8be92e04-46a6-4693-abf3-addd6b20fc49,INV-8be92e04-46a6-4693-abf3-addd6b20fc49,CID-273,2025-10-18,434.99,MC,Completed,SampleGen
PAY-71af5aa0-01fe-49d6-b178-1d28392300ca,INV-71af5aa0-01fe-49d6-b178-1d28392300ca,CID-274,2025-07-02,173.98,PayPal,Completed,SampleGen
PAY-70af664e-c38a-4ba9-abce-56f8fa2c4902,INV-70af664e-c38a-4ba9-abce-56f8fa2c4902,CID-274,2026-03-27,978.74,VISA,Completed,SampleGen
PAY-af40e9f1-4d32-4b30-b733-a816eec7757f,INV-af40e9f1-4d32-4b30-b733-a816eec7757f,CID-275,2025-11-14,1283.21,PayPal,Completed,SampleGen
PAY-2fff48bf-b3e4-4257-b0a5-842f6e184608,INV-2fff48bf-b3e4-4257-b0a5-842f6e184608,CID-275,2025-09-23,1076.59,VISA,Completed,SampleGen
PAY-a38da734-4390-4515-9fd5-eba929bc1e96,INV-a38da734-4390-4515-9fd5-eba929bc1e96,CID-276,2025-07-18,326.24,VISA,Completed,SampleGen
PAY-91755758-7063-4eec-8de5-340dba67e39d,INV-91755758-7063-4eec-8de5-340dba67e39d,CID-276,2025-08-05,1544.22,Discover,Completed,SampleGen
PAY-1ec2848f-c2c9-41a8-a2f2-1f98adb1ef66,INV-1ec2848f-c2c9-41a8-a2f2-1f98adb1ef66,CID-276,2025-07-14,413.22,AmEx,Completed,SampleGen
PAY-76fd7b77-e166-44f3-84f4-6a8688da19f9,INV-76fd7b77-e166-44f3-84f4-6a8688da19f9,CID-277,2026-03-17,1011.33,PayPal,Completed,SampleGen
PAY-4d265774-ba48-4dc6-8d48-3d91a4a74a90,INV-4d265774-ba48-4dc6-8d48-3d91a4a74a90,CID-277,2025-12-11,342.54,VISA,Completed,SampleGen
PAY-cfdce6f9-119b-4bef-9a32-4dbda6a68836,INV-cfdce6f9-119b-4bef-9a32-4dbda6a68836,CID-277,2025-11-21,1120.07,VISA,Completed,SampleGen
PAY-004cd18d-efba-4be7-92a0-c5d09becd417,INV-004cd18d-efba-4be7-92a0-c5d09becd417,CID-277,2025-07-17,1522.47,Discover,Completed,SampleGen
PAY-9655c0fd-46b0-44d1-a5eb-78615aa0bb64,INV-9655c0fd-46b0-44d1-a5eb-78615aa0bb64,CID-277,2025-07-11,1413.73,PayPal,Completed,SampleGen
PAY-f87c9d4f-d667-40a9-9b88-6df2d8285490,INV-f87c9d4f-d667-40a9-9b88-6df2d8285490,CID-277,2026-03-29,3371.19,VISA,Completed,SampleGen
PAY-7a3d9657-90d1-4570-b4f4-04d15be6fb8b,INV-7a3d9657-90d1-4570-b4f4-04d15be6fb8b,CID-277,2025-12-12,434.99,MC,Completed,SampleGen
PAY-0d75b634-8f38-4e50-9120-dafa3c464e5e,INV-0d75b634-8f38-4e50-9120-dafa3c464e5e,CID-278,2025-09-20,2783.93,MC,Completed,SampleGen
PAY-223cfee4-b39f-4fb3-b14f-1d8644badcac,INV-223cfee4-b39f-4fb3-b14f-1d8644badcac,CID-279,2025-08-14,206.61,PayPal,Completed,SampleGen
PAY-99615668-b56b-48b2-9f4f-88162bba7ab0,INV-99615668-b56b-48b2-9f4f-88162bba7ab0,CID-279,2025-10-01,1587.72,VISA,Completed,SampleGen
PAY-4d8ffe54-1dc0-4f6b-8797-911817804c2d,INV-4d8ffe54-1dc0-4f6b-8797-911817804c2d,CID-280,2026-03-18,1196.23,MC,Completed,SampleGen
PAY-0a88e791-e8d8-4adf-b93f-65852fc53aee,INV-0a88e791-e8d8-4adf-b93f-65852fc53aee,CID-280,2025-09-16,1413.73,VISA,Completed,SampleGen
PAY-114b50e7-c33e-4a3a-af89-fd861283c203,INV-114b50e7-c33e-4a3a-af89-fd861283c203,CID-281,2025-08-12,1739.97,MC,Completed,SampleGen
PAY-7c24bcd5-2448-4688-bc9b-74a04fd8cf9a,INV-7c24bcd5-2448-4688-bc9b-74a04fd8cf9a,CID-281,2026-01-02,1935.71,PayPal,Completed,SampleGen
PAY-c7e76f67-f890-48c8-a71e-ea0c638a531b,INV-c7e76f67-f890-48c8-a71e-ea0c638a531b,CID-281,2025-09-16,706.84,VISA,Completed,SampleGen
PAY-de90b24f-22aa-4081-acf8-ab8b8e34b868,INV-de90b24f-22aa-4081-acf8-ab8b8e34b868,CID-281,2025-08-07,1196.21,VISA,Completed,SampleGen
PAY-c827f70e-4ef2-4546-81c3-c3ccc59c0d85,INV-c827f70e-4ef2-4546-81c3-c3ccc59c0d85,CID-281,2025-10-19,3240.7,VISA,Completed,SampleGen
PAY-521a45cf-5a4f-4401-8945-0c834870ba31,INV-521a45cf-5a4f-4401-8945-0c834870ba31,CID-282,2025-07-21,2131.45,MC,Completed,SampleGen
PAY-02bec6b0-71c9-4fb3-95f4-f945dece8ef6,INV-02bec6b0-71c9-4fb3-95f4-f945dece8ef6,CID-282,2025-09-22,86.99,AmEx,Completed,SampleGen
PAY-2af9e3fb-93cf-4695-9d1a-018552c0f7ed,INV-2af9e3fb-93cf-4695-9d1a-018552c0f7ed,CID-283,2025-11-04,2359.81,PayPal,Completed,SampleGen
PAY-b9b32ac8-ffcd-4d74-96ef-019a67fd945b,INV-b9b32ac8-ffcd-4d74-96ef-019a67fd945b,CID-283,2025-07-08,1207.09,AmEx,Completed,SampleGen
PAY-cf927758-4faa-4ae3-962f-fcafae3938d8,INV-cf927758-4faa-4ae3-962f-fcafae3938d8,CID-283,2025-07-16,837.35,VISA,Completed,SampleGen
PAY-8719b7e1-5d75-4852-9fae-e5d3f82d0894,INV-8719b7e1-5d75-4852-9fae-e5d3f82d0894,CID-283,2025-10-08,271.86,AmEx,Completed,SampleGen
PAY-ea89c38f-10b4-4d07-aed3-1d064032722e,INV-ea89c38f-10b4-4d07-aed3-1d064032722e,CID-283,2025-08-02,2609.97,MC,Completed,SampleGen
PAY-636bfc9a-2bc0-4127-83c3-0f867a723893,INV-636bfc9a-2bc0-4127-83c3-0f867a723893,CID-283,2025-08-08,413.23,VISA,Completed,SampleGen
PAY-a69550ea-17cf-4862-ba2f-eba8e3424e9d,INV-a69550ea-17cf-4862-ba2f-eba8e3424e9d,CID-284,2025-08-03,2044.47,MC,Completed,SampleGen
PAY-08aed2c5-748b-4633-8164-d23b1fd05097,INV-08aed2c5-748b-4633-8164-d23b1fd05097,CID-284,2025-06-15,173.98,VISA,Completed,SampleGen
PAY-b8d02cef-23ef-4e4f-a340-f6ddc438bcf9,INV-b8d02cef-23ef-4e4f-a340-f6ddc438bcf9,CID-284,2025-12-27,2990.59,AmEx,Completed,SampleGen
PAY-6685bc99-5eeb-4c88-b052-0126a38a217a,INV-6685bc99-5eeb-4c88-b052-0126a38a217a,CID-285,2026-01-27,2370.67,VISA,Completed,SampleGen
PAY-8fe39b99-a636-4829-b704-e276b590b5b6,INV-8fe39b99-a636-4829-b704-e276b590b5b6,CID-285,2026-01-20,869.98,AmEx,Completed,SampleGen
PAY-0de55455-cc39-467d-a019-4b54b9f444c4,INV-0de55455-cc39-467d-a019-4b54b9f444c4,CID-285,2025-08-22,260.98,MC,Completed,SampleGen
PAY-22dac63b-70c7-41d7-ac05-98710eeff0c6,INV-22dac63b-70c7-41d7-ac05-98710eeff0c6,CID-286,2025-09-13,2098.83,VISA,Completed,SampleGen
PAY-ab26a2de-44d1-4ea4-81e1-f1b5db55e377,INV-ab26a2de-44d1-4ea4-81e1-f1b5db55e377,CID-286,2025-09-22,2990.57,VISA,Completed,SampleGen
PAY-3e2e51e2-1f19-4a06-9f5b-57eea3107a7f,INV-3e2e51e2-1f19-4a06-9f5b-57eea3107a7f,CID-286,2025-11-28,489.34,VISA,Completed,SampleGen
PAY-21f7d2ed-37aa-4225-83eb-856f724cfb59,INV-21f7d2ed-37aa-4225-83eb-856f724cfb59,CID-286,2025-10-07,2783.95,VISA,Completed,SampleGen
PAY-caa2e58d-d67c-44dc-92a0-2475cd57f8c7,INV-caa2e58d-d67c-44dc-92a0-2475cd57f8c7,CID-287,2025-11-16,652.48,MC,Completed,SampleGen
PAY-0226fac8-0606-4c0a-9f1e-2c1cf3792f3f,INV-0226fac8-0606-4c0a-9f1e-2c1cf3792f3f,CID-287,2025-12-19,2359.8,Discover,Completed,SampleGen
PAY-94aa649a-713f-46f3-8181-9be4eb37ead4,INV-94aa649a-713f-46f3-8181-9be4eb37ead4,CID-287,2025-06-13,1043.98,AmEx,Completed,SampleGen
PAY-886f2ecc-32e3-4179-bda0-7fffff7b0931,INV-886f2ecc-32e3-4179-bda0-7fffff7b0931,CID-287,2025-11-14,2555.55,VISA,Completed,SampleGen
PAY-c6a78347-5672-45df-b664-33eeece99a52,INV-c6a78347-5672-45df-b664-33eeece99a52,CID-287,2026-02-15,434.99,VISA,Completed,SampleGen
PAY-793c14ef-1b95-49cd-97e2-e6391305b670,INV-793c14ef-1b95-49cd-97e2-e6391305b670,CID-287,2026-01-19,978.73,MC,Completed,SampleGen
PAY-ac0b4cf5-1f88-46d3-b34c-4822eacf6093,INV-ac0b4cf5-1f88-46d3-b34c-4822eacf6093,CID-288,2025-09-02,1424.59,AmEx,Completed,SampleGen
PAY-122ae543-b201-4ac1-8e01-d41cd1dcb5ce,INV-122ae543-b201-4ac1-8e01-d41cd1dcb5ce,CID-288,2026-03-09,2316.32,AmEx,Completed,SampleGen
PAY-983a73a8-acb9-4048-9e27-9bca1fe2c2be,INV-983a73a8-acb9-4048-9e27-9bca1fe2c2be,CID-289,2026-03-15,3479.96,VISA,Completed,SampleGen
PAY-990400e7-3a96-4800-b1cb-6198e587d7d3,INV-990400e7-3a96-4800-b1cb-6198e587d7d3,CID-289,2026-02-21,2501.18,AmEx,Completed,SampleGen
PAY-ef5699d2-4feb-443f-92ff-3dca9af705d6,INV-ef5699d2-4feb-443f-92ff-3dca9af705d6,CID-290,2025-09-26,978.71,MC,Completed,SampleGen
PAY-9794e3d8-251d-4c17-b316-5d6725478760,INV-9794e3d8-251d-4c17-b316-5d6725478760,CID-290,2025-11-03,217.49,MC,Completed,SampleGen
PAY-4e290832-cef4-40bc-b842-ded8eb493bf1,INV-4e290832-cef4-40bc-b842-ded8eb493bf1,CID-291,2025-06-29,1109.17,AmEx,Completed,SampleGen
PAY-58db0fc6-f2b7-4271-87b8-5a86c2896f85,INV-58db0fc6-f2b7-4271-87b8-5a86c2896f85,CID-291,2026-01-28,1304.98,VISA,Completed,SampleGen
PAY-f2e89d33-2e5c-402d-85e2-57454ed5f37c,INV-f2e89d33-2e5c-402d-85e2-57454ed5f37c,CID-291,2025-06-10,1478.98,AmEx,Completed,SampleGen
PAY-4c649aac-0175-40ad-89d0-52270dff06ba,INV-4c649aac-0175-40ad-89d0-52270dff06ba,CID-292,2025-12-29,1391.95,VISA,Completed,SampleGen
PAY-e31c3d46-21ac-49f3-93b3-c1e917fcb778,INV-e31c3d46-21ac-49f3-93b3-c1e917fcb778,CID-293,2025-07-19,1130.96,VISA,Completed,SampleGen
PAY-533a8ef0-a4a5-4d74-866f-05dd6d95894e,INV-533a8ef0-a4a5-4d74-866f-05dd6d95894e,CID-293,2025-07-18,293.6,PayPal,Completed,SampleGen
PAY-f7e4555e-4c71-4f55-acee-7d5363a772e2,INV-f7e4555e-4c71-4f55-acee-7d5363a772e2,CID-293,2025-08-14,326.24,AmEx,Completed,SampleGen
PAY-e8252f63-07d1-4e75-b897-4e121371ac67,INV-e8252f63-07d1-4e75-b897-4e121371ac67,CID-293,2025-06-21,739.47,VISA,Completed,SampleGen
PAY-78db8e58-823f-4d2b-8520-df7a06c2e8a8,INV-78db8e58-823f-4d2b-8520-df7a06c2e8a8,CID-293,2025-07-24,130.49,AmEx,Completed,SampleGen
PAY-4a1873cc-67fb-4af3-83b1-8ef871ed0cbe,INV-4a1873cc-67fb-4af3-83b1-8ef871ed0cbe,CID-293,2025-07-09,2120.55,VISA,Completed,SampleGen
PAY-6603822d-7dd5-44f1-bde0-d916b4be65fe,INV-6603822d-7dd5-44f1-bde0-d916b4be65fe,CID-293,2026-01-06,1805.21,MC,Completed,SampleGen
PAY-4b90a214-6fef-454c-b2e4-42dc9459a749,INV-4b90a214-6fef-454c-b2e4-42dc9459a749,CID-293,2025-06-12,3566.94,MC,Completed,SampleGen
PAY-058f6b58-3bdb-4a7b-aca1-ae660ca5ce11,INV-058f6b58-3bdb-4a7b-aca1-ae660ca5ce11,CID-293,2025-10-19,2860.08,PayPal,Completed,SampleGen
PAY-448f13d7-b6d3-499f-b477-e40c6e4098db,INV-448f13d7-b6d3-499f-b477-e40c6e4098db,CID-294,2025-09-09,1011.34,MC,Completed,SampleGen
PAY-684da156-1d32-4d4a-b840-2e6ba6bedb05,INV-684da156-1d32-4d4a-b840-2e6ba6bedb05,CID-294,2025-08-16,2773.06,VISA,Completed,SampleGen
PAY-42b3f718-2fe3-42ae-a6c7-91b99fb14e19,INV-42b3f718-2fe3-42ae-a6c7-91b99fb14e19,CID-294,2025-08-05,1859.55,MC,Completed,SampleGen
PAY-b69c5457-6eb5-47eb-8676-9b02fb442897,INV-b69c5457-6eb5-47eb-8676-9b02fb442897,CID-294,2025-12-14,1098.33,Discover,Completed,SampleGen
PAY-83a569c9-7d3b-40ce-ad48-9f81a1d220e2,INV-83a569c9-7d3b-40ce-ad48-9f81a1d220e2,CID-295,2025-10-06,924.34,AmEx,Completed,SampleGen
PAY-dd9de863-da0d-46d8-bf9a-05553e5b0d0d,INV-dd9de863-da0d-46d8-bf9a-05553e5b0d0d,CID-295,2025-08-28,277.27,VISA,Completed,SampleGen
PAY-b1ffe24b-9267-44a4-b270-581af7f5a563,INV-b1ffe24b-9267-44a4-b270-581af7f5a563,CID-295,2025-08-11,1000.45,VISA,Completed,SampleGen
PAY-8f3cd81b-aa07-443f-a588-9797b56f14d0,INV-8f3cd81b-aa07-443f-a588-9797b56f14d0,CID-295,2025-12-23,3077.57,AmEx,Completed,SampleGen
PAY-394b2414-0fbb-4ae3-8e5c-4b303093c37d,INV-394b2414-0fbb-4ae3-8e5c-4b303093c37d,CID-295,2026-02-06,1413.74,Discover,Completed,SampleGen
PAY-86d7bd55-f544-4ff0-98c1-ce7e9a87c3cd,INV-86d7bd55-f544-4ff0-98c1-ce7e9a87c3cd,CID-296,2026-03-04,402.34,Discover,Completed,SampleGen
PAY-c4ed3e82-6110-41d7-be5e-372394059f6c,INV-c4ed3e82-6110-41d7-be5e-372394059f6c,CID-296,2025-06-19,1370.19,AmEx,Completed,SampleGen
PAY-bf2e46ea-82d9-461f-9e71-c29fb329337c,INV-bf2e46ea-82d9-461f-9e71-c29fb329337c,CID-296,2025-07-11,956.94,AmEx,Completed,SampleGen
PAY-40ac1647-9d91-4a23-87ad-001968ac1d93,INV-40ac1647-9d91-4a23-87ad-001968ac1d93,CID-296,2025-11-10,489.36,MC,Completed,SampleGen
PAY-fa629607-0068-4491-a308-491880fe88d9,INV-fa629607-0068-4491-a308-491880fe88d9,CID-297,2025-12-31,3534.31,PayPal,Completed,SampleGen
PAY-3f61dcbd-dda9-4bf2-9e3c-6b5ec5f5f746,INV-3f61dcbd-dda9-4bf2-9e3c-6b5ec5f5f746,CID-297,2025-08-27,913.45,MC,Completed,SampleGen
PAY-68b27b49-e82b-4fe0-adcb-14a9fd32115d,INV-68b27b49-e82b-4fe0-adcb-14a9fd32115d,CID-297,2025-08-08,2675.21,VISA,Completed,SampleGen
PAY-5eefd78d-c5d3-445d-bb59-8af0bf0ae323,INV-5eefd78d-c5d3-445d-bb59-8af0bf0ae323,CID-297,2026-03-11,668.78,VISA,Completed,SampleGen
PAY-e9d9ff32-8bc0-432a-b900-4dd49c7a87e2,INV-e9d9ff32-8bc0-432a-b900-4dd49c7a87e2,CID-298,2025-12-11,869.98,VISA,Completed,SampleGen
PAY-398afb18-22de-4f97-96a0-76185358fe33,INV-398afb18-22de-4f97-96a0-76185358fe33,CID-298,2025-12-01,3762.69,PayPal,Completed,SampleGen
PAY-07384023-2c8f-47b5-a07a-1f2a3c842b17,INV-07384023-2c8f-47b5-a07a-1f2a3c842b17,CID-298,2025-11-06,880.84,VISA,Completed,SampleGen
PAY-a68005e2-417f-40de-b981-33d934123e3b,INV-a68005e2-417f-40de-b981-33d934123e3b,CID-298,2025-06-20,1413.73,AmEx,Completed,SampleGen
PAY-90996f26-eee7-4605-a4d3-2a09b17fa675,INV-90996f26-eee7-4605-a4d3-2a09b17fa675,CID-298,2026-01-03,869.98,AmEx,Completed,SampleGen
PAY-a7045c9e-1737-4811-bec2-e6998316d85b,INV-a7045c9e-1737-4811-bec2-e6998316d85b,CID-299,2026-01-16,630.74,MC,Completed,SampleGen
PAY-11c5a6c7-539e-40b5-b511-467f3c18c60a,INV-11c5a6c7-539e-40b5-b511-467f3c18c60a,CID-299,2026-02-13,4023.7,MC,Completed,SampleGen
PAY-30197cde-639d-414f-b1b3-5be805699e07,INV-30197cde-639d-414f-b1b3-5be805699e07,CID-299,2026-02-11,2174.95,MC,Completed,SampleGen
PAY-9654de9d-f69a-472d-b710-8aee569f0d17,INV-9654de9d-f69a-472d-b710-8aee569f0d17,CID-299,2025-07-06,1212.51,MC,Completed,SampleGen
PAY-dff1bd0d-7a4a-46aa-a18e-51c982e686c5,INV-dff1bd0d-7a4a-46aa-a18e-51c982e686c5,CID-300,2025-11-27,1935.69,AmEx,Completed,SampleGen
PAY-c854cc7d-13ab-45a1-95e5-3f3657100a06,INV-c854cc7d-13ab-45a1-95e5-3f3657100a06,CID-300,2025-08-24,815.6,AmEx,Completed,SampleGen
PAY-984eeaed-84c4-4e72-96e3-caa702669ec0,INV-984eeaed-84c4-4e72-96e3-caa702669ec0,CID-301,2026-02-25,3588.68,PayPal,Completed,SampleGen
PAY-4a12815e-d5d8-4e9f-b5f2-5d8d79acfdf6,INV-4a12815e-d5d8-4e9f-b5f2-5d8d79acfdf6,CID-301,2026-03-10,4067.18,PayPal,Completed,SampleGen
PAY-da3c87dd-bff2-4dd6-be1d-db051074a447,INV-da3c87dd-bff2-4dd6-be1d-db051074a447,CID-301,2026-01-29,4349.94,PayPal,Completed,SampleGen
PAY-2de3b1b1-6b1e-4df9-afd1-c51a5c85af47,INV-2de3b1b1-6b1e-4df9-afd1-c51a5c85af47,CID-301,2025-06-29,130.49,MC,Completed,SampleGen
PAY-ca55e833-4a5e-442b-850b-bcaf164130c7,INV-ca55e833-4a5e-442b-850b-bcaf164130c7,CID-301,2025-07-01,217.48,AmEx,Completed,SampleGen
PAY-c56831eb-a6ae-48bc-9d71-749461b1630d,INV-c56831eb-a6ae-48bc-9d71-749461b1630d,CID-302,2026-01-12,2751.32,VISA,Completed,SampleGen
PAY-0708e012-077e-4fab-b52f-f48194b4e9d7,INV-0708e012-077e-4fab-b52f-f48194b4e9d7,CID-302,2025-06-20,282.72,VISA,Completed,SampleGen
PAY-4105fceb-5340-4786-9ed9-9b45af5b982a,INV-4105fceb-5340-4786-9ed9-9b45af5b982a,CID-302,2026-02-12,869.98,AmEx,Completed,SampleGen
PAY-a83e0535-0830-4763-920b-efb6c3731539,INV-a83e0535-0830-4763-920b-efb6c3731539,CID-302,2026-02-20,2087.93,VISA,Completed,SampleGen
PAY-004ba4f1-5296-4278-b376-c677b91a7049,INV-004ba4f1-5296-4278-b376-c677b91a7049,CID-303,2026-01-20,2240.22,MC,Completed,SampleGen
PAY-221d4d99-883e-4674-aa8f-e32e12bc6f53,INV-221d4d99-883e-4674-aa8f-e32e12bc6f53,CID-303,2025-06-11,3958.44,VISA,Completed,SampleGen
PAY-b91311b0-b353-4ba6-b94f-fa25b9073065,INV-b91311b0-b353-4ba6-b94f-fa25b9073065,CID-304,2026-03-03,489.36,VISA,Completed,SampleGen
PAY-ef26317c-024e-4fea-979b-62b176e7bb41,INV-ef26317c-024e-4fea-979b-62b176e7bb41,CID-304,2025-11-08,434.99,VISA,Completed,SampleGen
PAY-3cb8a282-762d-476c-beac-044e10f420ab,INV-3cb8a282-762d-476c-beac-044e10f420ab,CID-305,2025-10-24,434.99,MC,Completed,SampleGen
PAY-8564518b-61ab-424d-a335-0d1fe985f210,INV-8564518b-61ab-424d-a335-0d1fe985f210,CID-305,2026-01-21,1642.06,MC,Completed,SampleGen
PAY-c767cc88-238c-4423-a583-656ba581a78b,INV-c767cc88-238c-4423-a583-656ba581a78b,CID-305,2026-02-22,608.97,VISA,Completed,SampleGen
PAY-a463b1b0-1ad3-41f1-8dad-305a5cc68839,INV-a463b1b0-1ad3-41f1-8dad-305a5cc68839,CID-306,2025-11-16,1185.35,AmEx,Completed,SampleGen
PAY-1aaa8c90-8c53-489b-8105-0a638918f9d8,INV-1aaa8c90-8c53-489b-8105-0a638918f9d8,CID-307,2025-09-05,2348.94,Discover,Completed,SampleGen
PAY-de684c5d-c5e5-4879-bbfa-47e04f6f064b,INV-de684c5d-c5e5-4879-bbfa-47e04f6f064b,CID-308,2025-12-19,434.99,VISA,Completed,SampleGen
PAY-e05c0ea9-59f2-48d9-afb9-7fe485425f20,INV-e05c0ea9-59f2-48d9-afb9-7fe485425f20,CID-308,2025-09-24,1087.46,VISA,Completed,SampleGen
PAY-2380fe9e-9884-4b95-98a9-d471fb2977cb,INV-2380fe9e-9884-4b95-98a9-d471fb2977cb,CID-308,2025-12-31,4186.82,PayPal,Completed,SampleGen
PAY-43666d6c-7c39-4f9d-8bb5-bafe536a47f2,INV-43666d6c-7c39-4f9d-8bb5-bafe536a47f2,CID-309,2025-06-26,772.07,VISA,Completed,SampleGen
PAY-af02b106-1860-438f-a57f-857ebe413dbf,INV-af02b106-1860-438f-a57f-857ebe413dbf,CID-309,2026-01-23,4110.7,VISA,Completed,SampleGen
PAY-a38a102e-0877-4055-8bef-fccdaf2ad8b9,INV-a38a102e-0877-4055-8bef-fccdaf2ad8b9,CID-309,2026-02-21,598.11,AmEx,Completed,SampleGen
PAY-d49ea17e-01a8-4f55-bb1c-f7325093cfb3,INV-d49ea17e-01a8-4f55-bb1c-f7325093cfb3,CID-309,2025-08-08,1707.3,VISA,Completed,SampleGen
PAY-02773fd2-10a9-46a9-bf5c-c699116b8609,INV-02773fd2-10a9-46a9-bf5c-c699116b8609,CID-310,2026-03-22,2827.48,MC,Completed,SampleGen
PAY-2190e83f-77df-4647-9e9c-5e73d6a3c953,INV-2190e83f-77df-4647-9e9c-5e73d6a3c953,CID-310,2025-09-27,8264.92,VISA,Completed,SampleGen
PAY-1aedf8ea-a6b6-4086-8c81-a74f9fc63e0b,INV-1aedf8ea-a6b6-4086-8c81-a74f9fc63e0b,CID-311,2025-06-18,2696.94,AmEx,Completed,SampleGen
PAY-b0b1bb5f-adcf-4e78-a025-e5075a12bb07,INV-b0b1bb5f-adcf-4e78-a025-e5075a12bb07,CID-312,2025-10-17,1413.73,PayPal,Completed,SampleGen
PAY-fe5c19a8-d1bd-4376-8109-306a6ec1824e,INV-fe5c19a8-d1bd-4376-8109-306a6ec1824e,CID-312,2025-12-16,434.99,PayPal,Completed,SampleGen
PAY-592695de-ddbc-456b-b368-6b7820f8d69e,INV-592695de-ddbc-456b-b368-6b7820f8d69e,CID-312,2026-01-09,2457.71,PayPal,Completed,SampleGen
PAY-63114e2e-9357-4213-aa62-bc09f1e9ad57,INV-63114e2e-9357-4213-aa62-bc09f1e9ad57,CID-313,2026-03-06,706.86,VISA,Completed,SampleGen
PAY-af00fff7-9179-47d6-b6d1-f9e3fcbaaa46,INV-af00fff7-9179-47d6-b6d1-f9e3fcbaaa46,CID-313,2026-01-15,434.99,AmEx,Completed,SampleGen
PAY-3e897556-d6e0-4348-a073-4dbc85c521f5,INV-3e897556-d6e0-4348-a073-4dbc85c521f5,CID-313,2025-07-25,130.49,VISA,Completed,SampleGen
PAY-d27389fc-a21d-4a0d-984a-946a68cb3bae,INV-d27389fc-a21d-4a0d-984a-946a68cb3bae,CID-313,2025-10-26,978.74,PayPal,Completed,SampleGen
PAY-ec84eac6-58f8-4b9c-b185-dce949a042d9,INV-ec84eac6-58f8-4b9c-b185-dce949a042d9,CID-313,2026-03-15,1468.08,AmEx,Completed,SampleGen
PAY-73ccb514-f536-4756-89c3-4e7e20ac4a98,INV-73ccb514-f536-4756-89c3-4e7e20ac4a98,CID-313,2025-11-09,2555.57,VISA,Completed,SampleGen
PAY-24f51751-90e3-4742-b36f-be88ac2fdb48,INV-24f51751-90e3-4742-b36f-be88ac2fdb48,CID-313,2025-08-17,2522.93,AmEx,Completed,SampleGen
PAY-c9e4fd35-efc6-433d-8800-55c138458ed2,INV-c9e4fd35-efc6-433d-8800-55c138458ed2,CID-314,2025-07-06,674.2,AmEx,Completed,SampleGen
PAY-54955761-171b-4cf3-b3b5-c13792f1917a,INV-54955761-171b-4cf3-b3b5-c13792f1917a,CID-314,2025-10-24,2261.95,VISA,Completed,SampleGen
PAY-a41ae28a-3b2c-4bca-8a53-9fb43dba4d2d,INV-a41ae28a-3b2c-4bca-8a53-9fb43dba4d2d,CID-315,2025-08-01,2327.19,MC,Completed,SampleGen
PAY-5789697f-540b-4837-a443-dcdd76f163c3,INV-5789697f-540b-4837-a443-dcdd76f163c3,CID-315,2026-03-15,1261.45,AmEx,Completed,SampleGen
PAY-e1b2fa70-383e-4ca3-a86f-78cb6551f3f9,INV-e1b2fa70-383e-4ca3-a86f-78cb6551f3f9,CID-315,2025-07-09,1337.56,MC,Completed,SampleGen
PAY-5a16d1b7-f032-41ce-8f2c-ccc9431294f0,INV-5a16d1b7-f032-41ce-8f2c-ccc9431294f0,CID-315,2025-12-07,1957.48,VISA,Completed,SampleGen
PAY-9123d747-bd28-426f-b256-3aca1584b8c6,INV-9123d747-bd28-426f-b256-3aca1584b8c6,CID-315,2026-03-27,1054.82,VISA,Completed,SampleGen
PAY-88559c39-b5ee-4d4f-a8a2-4682263cb33e,INV-88559c39-b5ee-4d4f-a8a2-4682263cb33e,CID-316,2026-03-31,761.22,MC,Completed,SampleGen
PAY-991bcf85-53db-47d6-a2e9-8a9b1fc6ad71,INV-991bcf85-53db-47d6-a2e9-8a9b1fc6ad71,CID-316,2025-11-17,924.35,MC,Completed,SampleGen
PAY-e0d2f224-aed5-4132-995a-c4ed77c99bec,INV-e0d2f224-aed5-4132-995a-c4ed77c99bec,CID-316,2026-03-13,869.99,MC,Completed,SampleGen
PAY-93aaedb4-cd12-4adf-829d-6b39976e7abb,INV-93aaedb4-cd12-4adf-829d-6b39976e7abb,CID-316,2025-11-06,2229.34,AmEx,Completed,SampleGen
PAY-3787f829-d65a-4805-8b80-b6c27c38ea0b,INV-3787f829-d65a-4805-8b80-b6c27c38ea0b,CID-317,2025-07-30,173.99,AmEx,Completed,SampleGen
PAY-4861d1ce-003b-48bb-9624-778faffcaa13,INV-4861d1ce-003b-48bb-9624-778faffcaa13,CID-317,2025-12-13,217.49,MC,Completed,SampleGen
PAY-98ca8669-78cd-4469-8a43-b84c3f70457f,INV-98ca8669-78cd-4469-8a43-b84c3f70457f,CID-317,2025-06-11,1805.2,PayPal,Completed,SampleGen
PAY-aa49f550-2cc1-4cc7-b1cf-af5697103230,INV-aa49f550-2cc1-4cc7-b1cf-af5697103230,CID-318,2025-06-30,1544.23,AmEx,Completed,SampleGen
PAY-7f0bfaa5-45d2-4c20-a8bd-e09c77552e41,INV-7f0bfaa5-45d2-4c20-a8bd-e09c77552e41,CID-319,2025-10-31,108.74,PayPal,Completed,SampleGen
PAY-40c3c297-67f8-4618-abf0-d8712965fe74,INV-40c3c297-67f8-4618-abf0-d8712965fe74,CID-319,2025-06-05,456.71,PayPal,Completed,SampleGen
PAY-2417317b-10eb-4859-82ec-6315259f034f,INV-2417317b-10eb-4859-82ec-6315259f034f,CID-319,2025-08-24,4915.43,PayPal,Completed,SampleGen
PAY-5b38b19e-49f6-4e06-a39b-f085610292b6,INV-5b38b19e-49f6-4e06-a39b-f085610292b6,CID-319,2025-10-12,1587.71,PayPal,Completed,SampleGen
PAY-a67d7720-9ac9-4f29-9df1-7553da9e7bc1,INV-a67d7720-9ac9-4f29-9df1-7553da9e7bc1,CID-320,2026-02-18,108.74,VISA,Completed,SampleGen
PAY-63e2a451-07f3-4c3c-8eea-df13c945dd13,INV-63e2a451-07f3-4c3c-8eea-df13c945dd13,CID-320,2026-03-19,869.99,Discover,Completed,SampleGen
PAY-0e300a79-dda9-473f-a7c8-3c504cfb9f6f,INV-0e300a79-dda9-473f-a7c8-3c504cfb9f6f,CID-321,2026-03-04,2533.8,AmEx,Completed,SampleGen
PAY-f004039f-5be4-4133-8888-823401c6a75c,INV-f004039f-5be4-4133-8888-823401c6a75c,CID-321,2025-07-04,413.23,AmEx,Completed,SampleGen
PAY-4af29983-e526-48f9-9e43-d4ae73e83305,INV-4af29983-e526-48f9-9e43-d4ae73e83305,CID-322,2025-10-14,1326.69,VISA,Completed,SampleGen
PAY-80a80438-dd4d-4e7a-a726-3ba08e84b99d,INV-80a80438-dd4d-4e7a-a726-3ba08e84b99d,CID-322,2025-07-12,989.58,AmEx,Completed,SampleGen
PAY-f5756d92-29c8-4318-97d7-264232eb463c,INV-f5756d92-29c8-4318-97d7-264232eb463c,CID-322,2026-03-16,587.21,MC,Completed,SampleGen
PAY-2a4f45f6-7e0a-455f-8e3b-f0e56ab0a47e,INV-2a4f45f6-7e0a-455f-8e3b-f0e56ab0a47e,CID-323,2025-09-04,543.73,VISA,Completed,SampleGen
PAY-2f30a5b8-6236-4564-8fe1-9bb79f337179,INV-2f30a5b8-6236-4564-8fe1-9bb79f337179,CID-323,2025-10-21,2305.43,VISA,Completed,SampleGen
PAY-564b7c13-989d-4226-8846-b76838669a43,INV-564b7c13-989d-4226-8846-b76838669a43,CID-324,2026-01-21,4056.33,AmEx,Completed,SampleGen
PAY-0f203afe-56da-4547-a8d4-e4f34f165cd3,INV-0f203afe-56da-4547-a8d4-e4f34f165cd3,CID-324,2025-07-02,86.99,Discover,Completed,SampleGen
PAY-dce9963f-f9e5-4fd6-a49e-b15180ac4578,INV-dce9963f-f9e5-4fd6-a49e-b15180ac4578,CID-324,2025-11-22,2359.8,VISA,Completed,SampleGen
PAY-43fd1863-274e-4ac5-ae7a-1f33b35f12e6,INV-43fd1863-274e-4ac5-ae7a-1f33b35f12e6,CID-325,2025-06-11,587.22,MC,Completed,SampleGen
PAY-43139c91-2772-41c3-99c4-c63976f2e81f,INV-43139c91-2772-41c3-99c4-c63976f2e81f,CID-326,2025-09-26,3653.94,MC,Completed,SampleGen
PAY-59092813-bff2-46e9-b9a7-e39a808a957d,INV-59092813-bff2-46e9-b9a7-e39a808a957d,CID-326,2025-06-04,86.99,AmEx,Completed,SampleGen
PAY-eb52953b-82a0-40ca-8932-d860d87a6832,INV-eb52953b-82a0-40ca-8932-d860d87a6832,CID-326,2025-10-12,576.33,PayPal,Completed,SampleGen
PAY-8fbf8731-0129-41fd-8751-be2c4c0e916c,INV-8fbf8731-0129-41fd-8751-be2c4c0e916c,CID-326,2026-02-05,2827.46,AmEx,Completed,SampleGen
PAY-a566a972-295c-4746-9ae6-a06d9b5a1a27,INV-a566a972-295c-4746-9ae6-a06d9b5a1a27,CID-326,2025-07-25,1881.3,VISA,Completed,SampleGen
PAY-943536a2-3230-4462-916d-e0237fb152f0,INV-943536a2-3230-4462-916d-e0237fb152f0,CID-327,2025-07-23,304.47,VISA,Completed,SampleGen
PAY-14d938a0-469f-4ad7-934c-e47c5e7e4fe4,INV-14d938a0-469f-4ad7-934c-e47c5e7e4fe4,CID-327,2025-10-27,2164.09,MC,Completed,SampleGen
PAY-2d13b5b0-0844-42da-9c44-d9d738a10b6f,INV-2d13b5b0-0844-42da-9c44-d9d738a10b6f,CID-328,2025-08-31,500.22,VISA,Completed,SampleGen
PAY-47706f17-0fb3-422b-8f0c-6472a958a309,INV-47706f17-0fb3-422b-8f0c-6472a958a309,CID-328,2026-03-16,173.98,VISA,Completed,SampleGen
PAY-94934cf7-e1c4-44d3-a01b-9d52a4bae86c,INV-94934cf7-e1c4-44d3-a01b-9d52a4bae86c,CID-329,2025-10-08,2370.7,Discover,Completed,SampleGen
PAY-6a7d7506-8cdb-4161-bda7-ad2b151c9900,INV-6a7d7506-8cdb-4161-bda7-ad2b151c9900,CID-329,2025-07-12,260.98,VISA,Completed,SampleGen
PAY-370e3b61-a277-4faa-8361-b4c5b436894b,INV-370e3b61-a277-4faa-8361-b4c5b436894b,CID-329,2025-07-06,1500.71,MC,Completed,SampleGen
PAY-54c84679-abc5-47a1-a57c-513bb3059649,INV-54c84679-abc5-47a1-a57c-513bb3059649,CID-329,2025-09-22,2566.45,Discover,Completed,SampleGen
PAY-904a07e0-a078-48e8-8e98-356ba8ddc9c7,INV-904a07e0-a078-48e8-8e98-356ba8ddc9c7,CID-330,2025-11-17,1000.46,VISA,Completed,SampleGen
PAY-5a62d6c2-8101-4599-ac9c-9e8f9a0e7e6f,INV-5a62d6c2-8101-4599-ac9c-9e8f9a0e7e6f,CID-331,2025-07-03,837.35,VISA,Completed,SampleGen
PAY-8f858923-accd-40fd-a643-c3a45320c330,INV-8f858923-accd-40fd-a643-c3a45320c330,CID-331,2026-03-17,761.22,MC,Completed,SampleGen
PAY-fba6d1a1-3dc7-425c-826b-bf6ff22d189c,INV-fba6d1a1-3dc7-425c-826b-bf6ff22d189c,CID-331,2026-01-12,630.74,VISA,Completed,SampleGen
PAY-153c3237-0e04-441e-a5b7-bf5422e04426,INV-153c3237-0e04-441e-a5b7-bf5422e04426,CID-331,2025-09-08,1141.82,VISA,Completed,SampleGen
PAY-c7bc5953-e6b3-46ae-afad-b5b669151063,INV-c7bc5953-e6b3-46ae-afad-b5b669151063,CID-331,2026-01-29,1413.73,MC,Completed,SampleGen
PAY-06f3a930-a692-48d9-9f88-3c8c4fe817f1,INV-06f3a930-a692-48d9-9f88-3c8c4fe817f1,CID-331,2026-02-04,108.74,MC,Completed,SampleGen
PAY-7451a83b-ac29-4f02-829e-18651c87304d,INV-7451a83b-ac29-4f02-829e-18651c87304d,CID-332,2025-07-25,1848.71,Discover,Completed,SampleGen
PAY-2b70eaae-1822-481d-a835-06e8a1ee1b0d,INV-2b70eaae-1822-481d-a835-06e8a1ee1b0d,CID-332,2025-10-18,1631.23,PayPal,Completed,SampleGen
PAY-73807965-592e-4149-8277-6697a654e27f,INV-73807965-592e-4149-8277-6697a654e27f,CID-333,2026-02-22,3697.45,MC,Completed,SampleGen
PAY-fa54e366-bde4-4588-b55e-a7ae5c26f579,INV-fa54e366-bde4-4588-b55e-a7ae5c26f579,CID-333,2026-03-03,2044.45,VISA,Completed,SampleGen
PAY-68ebc169-8c5b-4543-96c4-92955d52c8d8,INV-68ebc169-8c5b-4543-96c4-92955d52c8d8,CID-334,2025-08-05,130.49,Discover,Completed,SampleGen
PAY-7bf0cec3-1adf-4a7d-8aeb-b365d0381a46,INV-7bf0cec3-1adf-4a7d-8aeb-b365d0381a46,CID-334,2025-09-20,3305.93,AmEx,Completed,SampleGen
PAY-6bc82dbf-6c06-4ff5-b67a-4d3045569591,INV-6bc82dbf-6c06-4ff5-b67a-4d3045569591,CID-335,2025-09-07,3588.7,MC,Completed,SampleGen
PAY-ff578fc5-f7c7-4650-aec1-fecaf64b0237,INV-ff578fc5-f7c7-4650-aec1-fecaf64b0237,CID-335,2025-08-27,1826.96,Discover,Completed,SampleGen
PAY-92feba76-2617-4736-8c75-36a4a5598230,INV-92feba76-2617-4736-8c75-36a4a5598230,CID-335,2026-02-09,1957.47,PayPal,Completed,SampleGen
PAY-37e65507-7396-4cf5-ab33-0684d0511240,INV-37e65507-7396-4cf5-ab33-0684d0511240,CID-335,2026-01-29,500.22,AmEx,Completed,SampleGen
PAY-1cb79241-240b-4cb0-ae4c-16d599afe293,INV-1cb79241-240b-4cb0-ae4c-16d599afe293,CID-335,2026-03-15,413.23,Discover,Completed,SampleGen
PAY-7e0b574f-3921-41c7-bc07-9563cfcff856,INV-7e0b574f-3921-41c7-bc07-9563cfcff856,CID-335,2026-01-16,1576.81,VISA,Completed,SampleGen
PAY-4a5d6afe-b8b8-4c9e-baaf-0562b22b11cc,INV-4a5d6afe-b8b8-4c9e-baaf-0562b22b11cc,CID-335,2025-08-24,3773.56,MC,Completed,SampleGen
PAY-4b7e10c1-463f-4856-a45c-c8d900acf936,INV-4b7e10c1-463f-4856-a45c-c8d900acf936,CID-336,2026-03-02,1957.48,MC,Completed,SampleGen
PAY-ba1c255a-e307-4d61-87ff-0ccf04669422,INV-ba1c255a-e307-4d61-87ff-0ccf04669422,CID-336,2025-12-30,3360.32,MC,Completed,SampleGen
PAY-6ba62f5f-ec34-4a91-9e56-d4a04efb4067,INV-6ba62f5f-ec34-4a91-9e56-d4a04efb4067,CID-337,2025-06-19,1620.35,MC,Completed,SampleGen
PAY-6b04c405-310d-4a3b-bc14-d09eb49301f0,INV-6b04c405-310d-4a3b-bc14-d09eb49301f0,CID-337,2025-06-02,3262.45,MC,Completed,SampleGen
PAY-dc272640-e2ce-477f-9cb6-194a7812f2ce,INV-dc272640-e2ce-477f-9cb6-194a7812f2ce,CID-337,2025-06-19,826.44,MC,Completed,SampleGen
PAY-46fd0d46-d992-4175-ba23-9fa5ae6c6db9,INV-46fd0d46-d992-4175-ba23-9fa5ae6c6db9,CID-338,2025-09-07,4197.69,AmEx,Completed,SampleGen
PAY-3d029ca6-26d8-4a92-b11f-dd1f4f331b94,INV-3d029ca6-26d8-4a92-b11f-dd1f4f331b94,CID-338,2026-03-08,326.23,Discover,Completed,SampleGen
PAY-4853fc3d-d43b-4911-9497-3af792e82954,INV-4853fc3d-d43b-4911-9497-3af792e82954,CID-338,2025-06-28,3240.7,MC,Completed,SampleGen
PAY-cc77b0fc-dc8c-46ff-a8c8-dfccb4ce6f0c,INV-cc77b0fc-dc8c-46ff-a8c8-dfccb4ce6f0c,CID-339,2025-11-22,1663.81,AmEx,Completed,SampleGen
PAY-9f26e2c9-0fc7-4c54-92fe-ecb325d30295,INV-9f26e2c9-0fc7-4c54-92fe-ecb325d30295,CID-339,2026-01-03,1196.23,Discover,Completed,SampleGen
PAY-08395892-c413-4693-b161-b9ad5307c75e,INV-08395892-c413-4693-b161-b9ad5307c75e,CID-339,2025-10-08,326.24,MC,Completed,SampleGen
PAY-bc52695e-fc1f-41e4-b2fe-fc4442917345,INV-bc52695e-fc1f-41e4-b2fe-fc4442917345,CID-340,2025-06-13,706.86,VISA,Completed,SampleGen
PAY-db5b7ff6-730a-49f3-b477-dea2d881a051,INV-db5b7ff6-730a-49f3-b477-dea2d881a051,CID-340,2025-08-16,130.49,AmEx,Completed,SampleGen
PAY-40a46e6c-978a-4d37-9dba-bf102bd65ab5,INV-40a46e6c-978a-4d37-9dba-bf102bd65ab5,CID-341,2025-10-15,706.86,VISA,Completed,SampleGen
PAY-860df625-3eee-4728-b172-2c781bd076fb,INV-860df625-3eee-4728-b172-2c781bd076fb,CID-341,2025-10-20,1805.21,VISA,Completed,SampleGen
PAY-d923abdf-ec96-4614-8c1f-b46a3df8145c,INV-d923abdf-ec96-4614-8c1f-b46a3df8145c,CID-341,2025-08-01,1207.08,MC,Completed,SampleGen
PAY-04410539-b860-4798-ba5a-f5f2d2db8585,INV-04410539-b860-4798-ba5a-f5f2d2db8585,CID-341,2025-10-11,1413.71,AmEx,Completed,SampleGen
PAY-95c14cab-721e-492c-a076-033541335eda,INV-95c14cab-721e-492c-a076-033541335eda,CID-341,2025-07-23,326.24,Discover,Completed,SampleGen
PAY-54dbc64c-fc05-406c-bb93-3e128f4b1565,INV-54dbc64c-fc05-406c-bb93-3e128f4b1565,CID-342,2025-12-13,2588.2,PayPal,Completed,SampleGen
PAY-21cc8df2-9478-46c7-affb-c235dbf27367,INV-21cc8df2-9478-46c7-affb-c235dbf27367,CID-342,2025-10-05,2620.81,PayPal,Completed,SampleGen
PAY-f6ef5c80-cc8f-44f8-a310-96c4971177bf,INV-f6ef5c80-cc8f-44f8-a310-96c4971177bf,CID-343,2026-03-25,967.84,AmEx,Completed,SampleGen
PAY-8d412a40-a7b6-485e-a018-2d1ef8d5949f,INV-8d412a40-a7b6-485e-a018-2d1ef8d5949f,CID-343,2025-08-22,1500.7,AmEx,Completed,SampleGen
PAY-34e811d1-d915-452e-9a10-db30169e534f,INV-34e811d1-d915-452e-9a10-db30169e534f,CID-344,2025-10-18,1522.48,MC,Completed,SampleGen
PAY-95045ff7-816c-41e5-8ee3-75c76827b88c,INV-95045ff7-816c-41e5-8ee3-75c76827b88c,CID-345,2025-07-09,1674.7,AmEx,Completed,SampleGen
PAY-a7f2b0f1-26b9-4a73-b60e-a74f414cc994,INV-a7f2b0f1-26b9-4a73-b60e-a74f414cc994,CID-345,2026-03-22,554.59,AmEx,Completed,SampleGen
PAY-946c6ebc-af49-4613-a118-1f27c491ee85,INV-946c6ebc-af49-4613-a118-1f27c491ee85,CID-346,2026-01-10,4088.96,VISA,Completed,SampleGen
PAY-fcba1c2a-922c-451e-9dba-bbabc6b77e7b,INV-fcba1c2a-922c-451e-9dba-bbabc6b77e7b,CID-346,2025-10-06,630.74,PayPal,Completed,SampleGen
PAY-7b26062b-5cd2-4811-aac0-fefdbd64cf9f,INV-7b26062b-5cd2-4811-aac0-fefdbd64cf9f,CID-346,2025-07-08,3034.09,VISA,Completed,SampleGen
PAY-8a8de76f-5594-4a06-b8f1-eaff93d32ad2,INV-8a8de76f-5594-4a06-b8f1-eaff93d32ad2,CID-347,2025-10-06,2305.44,MC,Completed,SampleGen
PAY-efee0e82-34db-4ae0-901b-00b351b6bcd2,INV-efee0e82-34db-4ae0-901b-00b351b6bcd2,CID-347,2025-10-19,282.72,VISA,Completed,SampleGen
PAY-2d9fc63a-2bb7-4dba-a3d4-0db7bca690ff,INV-2d9fc63a-2bb7-4dba-a3d4-0db7bca690ff,CID-348,2026-03-24,978.73,Discover,Completed,SampleGen
PAY-2bf3887b-1d1e-4dcb-a734-424acf178bde,INV-2bf3887b-1d1e-4dcb-a734-424acf178bde,CID-348,2025-08-19,146.79,AmEx,Completed,SampleGen
PAY-b00a4fba-60c5-44e2-a33a-37865307fe89,INV-b00a4fba-60c5-44e2-a33a-37865307fe89,CID-349,2025-07-12,902.55,MC,Completed,SampleGen
PAY-59145abc-0626-48ab-abda-9cf3c48070c1,INV-59145abc-0626-48ab-abda-9cf3c48070c1,CID-349,2025-10-04,217.48,AmEx,Completed,SampleGen
PAY-f48ba524-e686-44e6-819c-5575b0eedd2d,INV-f48ba524-e686-44e6-819c-5575b0eedd2d,CID-349,2026-02-11,1277.78,MC,Completed,SampleGen
PAY-037539d0-cca7-4ac1-a2b5-8abf6429b70b,INV-037539d0-cca7-4ac1-a2b5-8abf6429b70b,CID-350,2025-06-27,1413.69,AmEx,Completed,SampleGen
PAY-905219b9-3dd8-4065-9539-c8541e020552,INV-905219b9-3dd8-4065-9539-c8541e020552,CID-350,2025-06-17,16.3,VISA,Completed,SampleGen
PAY-a1594812-75dc-44c8-ac28-0e9ee7eb8d19,INV-a1594812-75dc-44c8-ac28-0e9ee7eb8d19,CID-351,2025-06-19,130.49,AmEx,Completed,SampleGen
PAY-0e9c6c82-85bc-4c6d-8341-2591d72d951f,INV-0e9c6c82-85bc-4c6d-8341-2591d72d951f,CID-352,2025-11-12,434.97,MC,Completed,SampleGen
PAY-8b218890-acb1-4fbb-b942-6b5d028f27ec,INV-8b218890-acb1-4fbb-b942-6b5d028f27ec,CID-352,2026-03-25,445.84,AmEx,Completed,SampleGen
PAY-1ed35f7f-3ab6-4570-a095-461f628374ba,INV-1ed35f7f-3ab6-4570-a095-461f628374ba,CID-353,2026-02-06,2370.71,MC,Completed,SampleGen
PAY-2fc9e31c-10bc-43aa-b458-f44db35a45f5,INV-2fc9e31c-10bc-43aa-b458-f44db35a45f5,CID-353,2026-02-05,2620.81,AmEx,Completed,SampleGen
PAY-c15057db-fce5-4c7b-ba70-f18a365005b3,INV-c15057db-fce5-4c7b-ba70-f18a365005b3,CID-354,2025-09-08,1783.46,VISA,Completed,SampleGen
PAY-21c5632e-0025-40ab-9990-debdebf68f48,INV-21c5632e-0025-40ab-9990-debdebf68f48,CID-355,2026-03-26,1544.22,MC,Completed,SampleGen
PAY-04708ede-80f8-4956-a836-caff55f0f847,INV-04708ede-80f8-4956-a836-caff55f0f847,CID-356,2025-07-12,2566.44,VISA,Completed,SampleGen
PAY-9a6b6549-521e-430a-9074-d3827e11f97b,INV-9a6b6549-521e-430a-9074-d3827e11f97b,CID-356,2025-10-02,3197.19,VISA,Completed,SampleGen
PAY-b7f3b9c8-769c-4339-ba99-4c91c04d4f06,INV-b7f3b9c8-769c-4339-ba99-4c91c04d4f06,CID-356,2025-08-24,1065.71,AmEx,Completed,SampleGen
PAY-f1b786b4-5971-41cc-b4e0-670afd6c7f57,INV-f1b786b4-5971-41cc-b4e0-670afd6c7f57,CID-356,2026-02-13,434.99,MC,Completed,SampleGen
PAY-f2726697-38c3-4467-bf79-49eb13fe1a4c,INV-f2726697-38c3-4467-bf79-49eb13fe1a4c,CID-357,2026-01-19,434.99,VISA,Completed,SampleGen
PAY-cb5c7199-2452-475a-832e-25d132621e97,INV-cb5c7199-2452-475a-832e-25d132621e97,CID-357,2025-07-09,3686.57,PayPal,Completed,SampleGen
PAY-6bc3649c-b348-4b79-ac1f-d59055b68be4,INV-6bc3649c-b348-4b79-ac1f-d59055b68be4,CID-357,2025-12-07,1413.74,VISA,Completed,SampleGen
PAY-740f842c-cf41-43bf-9958-8ecbe98469ec,INV-740f842c-cf41-43bf-9958-8ecbe98469ec,CID-357,2025-09-01,652.48,VISA,Completed,SampleGen
PAY-82ed347b-8c1a-4526-9cc3-1e40eda3627b,INV-82ed347b-8c1a-4526-9cc3-1e40eda3627b,CID-357,2026-02-05,3577.81,VISA,Completed,SampleGen
PAY-fc98ad5e-96ad-4dfc-86d2-aa49c1e39c21,INV-fc98ad5e-96ad-4dfc-86d2-aa49c1e39c21,CID-357,2026-03-16,2381.58,MC,Completed,SampleGen
PAY-f94b9035-f776-4649-8a65-c919fc4e1bc4,INV-f94b9035-f776-4649-8a65-c919fc4e1bc4,CID-357,2025-12-21,5143.82,VISA,Completed,SampleGen
PAY-4c4ca49d-2441-4f23-94aa-8bfa28f9f34f,INV-4c4ca49d-2441-4f23-94aa-8bfa28f9f34f,CID-358,2025-07-01,2131.44,VISA,Completed,SampleGen
PAY-55b7bbdd-a3a0-4698-961a-76fa58c9f3e9,INV-55b7bbdd-a3a0-4698-961a-76fa58c9f3e9,CID-359,2025-08-11,326.21,Discover,Completed,SampleGen
PAY-28e03e1f-e303-45db-9c0a-1d5dc58f10de,INV-28e03e1f-e303-45db-9c0a-1d5dc58f10de,CID-360,2025-08-20,1598.56,VISA,Completed,SampleGen
PAY-e2762b73-6ed6-4dbf-937e-c8f5bb1f82b3,INV-e2762b73-6ed6-4dbf-937e-c8f5bb1f82b3,CID-360,2025-08-30,1375.62,VISA,Completed,SampleGen
PAY-3292e9d9-a674-48f2-b20d-1df6a23cafff,INV-3292e9d9-a674-48f2-b20d-1df6a23cafff,CID-360,2026-02-15,2392.46,AmEx,Completed,SampleGen
PAY-86ad7f7b-1b47-433c-9a9f-a283d5effac0,INV-86ad7f7b-1b47-433c-9a9f-a283d5effac0,CID-361,2026-01-31,1522.46,AmEx,Completed,SampleGen
PAY-37cceddd-776b-464e-8f05-d5f643f9e0e8,INV-37cceddd-776b-464e-8f05-d5f643f9e0e8,CID-362,2025-06-25,2000.96,VISA,Completed,SampleGen
PAY-4897df14-016b-42da-a712-11dabfa6057e,INV-4897df14-016b-42da-a712-11dabfa6057e,CID-362,2025-12-18,2860.06,AmEx,Completed,SampleGen
PAY-daae77be-b248-4cc7-a3ce-81686232cc1d,INV-daae77be-b248-4cc7-a3ce-81686232cc1d,CID-363,2026-03-12,761.23,MC,Completed,SampleGen
PAY-139bcbc8-0fa3-4896-8618-3b57037db836,INV-139bcbc8-0fa3-4896-8618-3b57037db836,CID-364,2025-12-20,8482.43,MC,Completed,SampleGen
PAY-09b5d526-e95c-4f95-bb17-d9765be0589b,INV-09b5d526-e95c-4f95-bb17-d9765be0589b,CID-364,2025-10-09,869.98,VISA,Completed,SampleGen
PAY-f6d5c3ac-9bd5-404f-b26f-5425d8720066,INV-f6d5c3ac-9bd5-404f-b26f-5425d8720066,CID-364,2026-02-13,2011.84,MC,Completed,SampleGen
PAY-7bad6788-fda0-4eb2-bddc-62cc3622c381,INV-7bad6788-fda0-4eb2-bddc-62cc3622c381,CID-364,2025-12-18,2174.95,MC,Completed,SampleGen
PAY-40819202-d9e6-4785-b506-e99da500ef9d,INV-40819202-d9e6-4785-b506-e99da500ef9d,CID-365,2025-07-23,1522.44,VISA,Completed,SampleGen
PAY-76a73780-9a8f-4cfd-9cec-1a2d216b93d8,INV-76a73780-9a8f-4cfd-9cec-1a2d216b93d8,CID-366,2025-08-22,4545.67,AmEx,Completed,SampleGen
PAY-660df5fb-191c-4ed0-99dd-099218e4d591,INV-660df5fb-191c-4ed0-99dd-099218e4d591,CID-366,2025-08-07,2762.18,MC,Completed,SampleGen
PAY-cb5524cc-f4e2-426a-989d-46690cfe7f30,INV-cb5524cc-f4e2-426a-989d-46690cfe7f30,CID-367,2025-10-15,1304.97,PayPal,Completed,SampleGen
PAY-10e4b592-5b20-4669-8d4b-c33e4f64237d,INV-10e4b592-5b20-4669-8d4b-c33e4f64237d,CID-368,2026-02-07,815.59,MC,Completed,SampleGen
PAY-1bc78703-233a-43e4-bf77-0debf24c4bda,INV-1bc78703-233a-43e4-bf77-0debf24c4bda,CID-368,2026-01-05,782.96,VISA,Completed,SampleGen
PAY-bd5c4797-112c-4007-91d4-6f5e5addc72d,INV-bd5c4797-112c-4007-91d4-6f5e5addc72d,CID-369,2025-08-05,848.22,MC,Completed,SampleGen
PAY-8b7ffd94-6087-4177-9a92-d8a3c7d55ea3,INV-8b7ffd94-6087-4177-9a92-d8a3c7d55ea3,CID-369,2025-09-20,3806.22,AmEx,Completed,SampleGen
PAY-2851e67c-ac01-473b-be40-14565d029c72,INV-2851e67c-ac01-473b-be40-14565d029c72,CID-369,2026-02-14,2174.96,Discover,Completed,SampleGen
PAY-3b1a56a8-dcf7-4b40-a32b-cb69fb4cdcf7,INV-3b1a56a8-dcf7-4b40-a32b-cb69fb4cdcf7,CID-369,2026-03-21,608.97,Discover,Completed,SampleGen
PAY-3748ec98-cc95-4277-89e5-4c641de98da3,INV-3748ec98-cc95-4277-89e5-4c641de98da3,CID-370,2025-06-06,2860.07,PayPal,Completed,SampleGen
PAY-29c2e193-dbac-43d9-88c4-fb75c86ca327,INV-29c2e193-dbac-43d9-88c4-fb75c86ca327,CID-370,2025-10-04,3240.71,MC,Completed,SampleGen
PAY-9f0d9aa0-6c97-4004-bdbf-71b3e4f89454,INV-9f0d9aa0-6c97-4004-bdbf-71b3e4f89454,CID-371,2026-02-18,4958.93,VISA,Completed,SampleGen
PAY-cb3c1373-ddfe-4185-a091-722aaa4e1471,INV-cb3c1373-ddfe-4185-a091-722aaa4e1471,CID-372,2025-08-20,1065.71,Discover,Completed,SampleGen
PAY-3efd121d-feb4-4c07-ac18-32b8f3005cf2,INV-3efd121d-feb4-4c07-ac18-32b8f3005cf2,CID-372,2025-11-25,2751.33,AmEx,Completed,SampleGen
PAY-1a6cb736-5e98-49cc-9ac9-8f2cebb867a7,INV-1a6cb736-5e98-49cc-9ac9-8f2cebb867a7,CID-372,2026-02-28,2392.47,VISA,Completed,SampleGen
PAY-3778f54e-f770-444c-a4c6-a2b37a7422db,INV-3778f54e-f770-444c-a4c6-a2b37a7422db,CID-372,2025-09-05,3501.7,PayPal,Completed,SampleGen
PAY-81a02142-6111-4c10-bca7-f8fa005fb46e,INV-81a02142-6111-4c10-bca7-f8fa005fb46e,CID-373,2025-08-01,1098.32,AmEx,Completed,SampleGen
PAY-f641aa48-3b6b-4ea0-9fcc-e64f217821eb,INV-f641aa48-3b6b-4ea0-9fcc-e64f217821eb,CID-374,2026-02-13,2664.32,VISA,Completed,SampleGen
PAY-053f8d72-583c-4013-9310-260b8bfda1ca,INV-053f8d72-583c-4013-9310-260b8bfda1ca,CID-374,2026-01-13,6198.68,VISA,Completed,SampleGen
PAY-4cfa7c67-8788-454e-b34a-2c8667a93843,INV-4cfa7c67-8788-454e-b34a-2c8667a93843,CID-375,2026-03-03,1739.98,MC,Completed,SampleGen
PAY-cf3fe023-8fad-487a-8969-408e9c705233,INV-cf3fe023-8fad-487a-8969-408e9c705233,CID-375,2026-02-09,1631.22,PayPal,Completed,SampleGen
PAY-688526fa-1ec8-498a-a025-f83a50c71e97,INV-688526fa-1ec8-498a-a025-f83a50c71e97,CID-376,2025-06-19,1348.47,MC,Completed,SampleGen
PAY-7fa7fdd7-11d6-4fd8-b98b-48c386e6795b,INV-7fa7fdd7-11d6-4fd8-b98b-48c386e6795b,CID-376,2025-06-08,2332.62,MC,Completed,SampleGen
PAY-6a8d6533-747b-455a-a902-f49f1859263f,INV-6a8d6533-747b-455a-a902-f49f1859263f,CID-377,2026-01-24,3914.96,MC,Completed,SampleGen
PAY-c424a35b-1653-4f78-9b7e-63f046d97f68,INV-c424a35b-1653-4f78-9b7e-63f046d97f68,CID-377,2025-12-26,3458.2,VISA,Completed,SampleGen
PAY-f6d2f7c1-a4aa-47b4-9f5a-5fefac602eb7,INV-f6d2f7c1-a4aa-47b4-9f5a-5fefac602eb7,CID-377,2025-10-13,761.23,PayPal,Completed,SampleGen
PAY-1dfa1e04-7fea-4e92-be66-79602dc9a9c5,INV-1dfa1e04-7fea-4e92-be66-79602dc9a9c5,CID-378,2025-12-06,489.35,VISA,Completed,SampleGen
PAY-923d84ad-55d9-4007-b6f1-113b672b0310,INV-923d84ad-55d9-4007-b6f1-113b672b0310,CID-378,2026-03-01,2664.32,MC,Completed,SampleGen
PAY-3f1815bf-339f-4bcb-a9ca-543b0dd6fdd3,INV-3f1815bf-339f-4bcb-a9ca-543b0dd6fdd3,CID-378,2026-02-20,1685.59,MC,Completed,SampleGen
PAY-5524b882-0cb1-4f2c-9019-6cf9ce273933,INV-5524b882-0cb1-4f2c-9019-6cf9ce273933,CID-379,2025-09-26,4654.43,AmEx,Completed,SampleGen
PAY-ba2630f4-fca5-4411-98b3-addbeab50838,INV-ba2630f4-fca5-4411-98b3-addbeab50838,CID-379,2026-02-28,7612.42,VISA,Completed,SampleGen
PAY-2e8a9fd4-282b-4e22-aceb-bef4e07a53e0,INV-2e8a9fd4-282b-4e22-aceb-bef4e07a53e0,CID-379,2025-11-15,271.86,AmEx,Completed,SampleGen
PAY-2d3c05b5-8246-4fde-889f-99f6abfd79d5,INV-2d3c05b5-8246-4fde-889f-99f6abfd79d5,CID-379,2025-12-12,456.72,Discover,Completed,SampleGen
PAY-91514080-b0a7-4851-9c4d-8887971ffbde,INV-91514080-b0a7-4851-9c4d-8887971ffbde,CID-380,2026-03-17,3534.33,VISA,Completed,SampleGen
PAY-27c2e201-b664-4ab4-8d70-8607a7a772c3,INV-27c2e201-b664-4ab4-8d70-8607a7a772c3,CID-380,2025-10-20,282.73,VISA,Completed,SampleGen
PAY-46cc44a5-1510-4756-b4e1-64e9af53e214,INV-46cc44a5-1510-4756-b4e1-64e9af53e214,CID-380,2025-09-12,2892.69,VISA,Completed,SampleGen
PAY-73f41fbe-fb72-4226-8a88-c2050c813438,INV-73f41fbe-fb72-4226-8a88-c2050c813438,CID-381,2025-12-26,3436.43,PayPal,Completed,SampleGen
PAY-34aeed74-64c2-47cc-a40e-559ba1e7dddd,INV-34aeed74-64c2-47cc-a40e-559ba1e7dddd,CID-382,2026-03-16,750.34,AmEx,Completed,SampleGen
PAY-9a79bde9-3914-4a61-b199-99c21cf311ac,INV-9a79bde9-3914-4a61-b199-99c21cf311ac,CID-382,2025-07-14,1261.48,VISA,Completed,SampleGen
PAY-b184f2c7-e7c5-442a-9538-bb03de60c1bb,INV-b184f2c7-e7c5-442a-9538-bb03de60c1bb,CID-382,2025-09-12,260.98,AmEx,Completed,SampleGen
PAY-da245e0a-5373-4525-a6ac-2e2cefa15bc4,INV-da245e0a-5373-4525-a6ac-2e2cefa15bc4,CID-382,2026-01-06,3262.44,VISA,Completed,SampleGen
PAY-598f3742-e642-4d9f-a0dc-48a7bfa0cc05,INV-598f3742-e642-4d9f-a0dc-48a7bfa0cc05,CID-383,2025-08-21,869.99,VISA,Completed,SampleGen
PAY-958d59f2-1ba9-4aad-be94-0b677ea94420,INV-958d59f2-1ba9-4aad-be94-0b677ea94420,CID-384,2026-02-19,2555.56,VISA,Completed,SampleGen
PAY-50f5dfa6-a722-4722-b25f-bd8b1965c5e9,INV-50f5dfa6-a722-4722-b25f-bd8b1965c5e9,CID-384,2025-12-31,695.98,AmEx,Completed,SampleGen
PAY-7b6bc4fb-695b-412a-9022-3c0ac32348d0,INV-7b6bc4fb-695b-412a-9022-3c0ac32348d0,CID-384,2026-01-02,1413.74,VISA,Completed,SampleGen
PAY-fb526d1a-4a42-42a3-9e72-eb25d9758cdf,INV-fb526d1a-4a42-42a3-9e72-eb25d9758cdf,CID-384,2025-12-09,2174.97,PayPal,Completed,SampleGen
PAY-263ef299-932f-45da-b387-9e0d4fe1828d,INV-263ef299-932f-45da-b387-9e0d4fe1828d,CID-385,2025-12-13,2098.84,Discover,Completed,SampleGen
PAY-b93ff800-fde4-41c2-87a2-fcca8dcfb3dc,INV-b93ff800-fde4-41c2-87a2-fcca8dcfb3dc,CID-385,2025-08-24,32.6,MC,Completed,SampleGen
PAY-b57eae13-31ab-4373-a13d-ae4a20192a07,INV-b57eae13-31ab-4373-a13d-ae4a20192a07,CID-385,2025-11-19,1228.81,AmEx,Completed,SampleGen
PAY-3d52304c-0005-40ce-a5ff-a3aabc330f47,INV-3d52304c-0005-40ce-a5ff-a3aabc330f47,CID-385,2025-09-11,2077.05,AmEx,Completed,SampleGen
PAY-b07bdc62-7c22-4bb9-943c-41886fd3c584,INV-b07bdc62-7c22-4bb9-943c-41886fd3c584,CID-385,2025-10-15,326.24,VISA,Completed,SampleGen
PAY-b9ebfa59-5165-4863-b70e-bf5846c2f8cc,INV-b9ebfa59-5165-4863-b70e-bf5846c2f8cc,CID-385,2025-07-03,326.24,MC,Completed,SampleGen
PAY-6edfeba7-b068-431c-bc59-cd440b00dcee,INV-6edfeba7-b068-431c-bc59-cd440b00dcee,CID-386,2025-11-10,1826.96,PayPal,Completed,SampleGen
PAY-b3b6e463-f4a1-4a71-bdd7-b0060a6078c8,INV-b3b6e463-f4a1-4a71-bdd7-b0060a6078c8,CID-386,2025-11-03,1359.34,VISA,Completed,SampleGen
PAY-2970cbc0-8895-46ab-b60e-bfcf44063a04,INV-2970cbc0-8895-46ab-b60e-bfcf44063a04,CID-386,2025-10-19,2990.56,Discover,Completed,SampleGen
PAY-73f543d5-416c-4776-ba2a-e12a2938bd83,INV-73f543d5-416c-4776-ba2a-e12a2938bd83,CID-386,2026-01-24,489.36,MC,Completed,SampleGen
PAY-248eb8ed-a734-4938-a112-b738309c306c,INV-248eb8ed-a734-4938-a112-b738309c306c,CID-387,2025-09-11,1413.74,AmEx,Completed,SampleGen
PAY-439d51d2-ecc2-4bd3-93b4-735bc90c8996,INV-439d51d2-ecc2-4bd3-93b4-735bc90c8996,CID-388,2025-10-26,2805.69,VISA,Completed,SampleGen
PAY-5b82532b-0100-438e-9e26-2d9c65737dd6,INV-5b82532b-0100-438e-9e26-2d9c65737dd6,CID-389,2025-12-29,5111.18,AmEx,Completed,SampleGen
PAY-e9193e11-502e-4b63-be0c-0ed9a455e6f0,INV-e9193e11-502e-4b63-be0c-0ed9a455e6f0,CID-389,2025-11-22,521.97,Discover,Completed,SampleGen
PAY-996f0bb5-9006-4c91-9642-3e7c963c6946,INV-996f0bb5-9006-4c91-9642-3e7c963c6946,CID-389,2025-10-27,4284.7,PayPal,Completed,SampleGen
PAY-1f7e78b4-99e7-4c9a-afe5-37693db70a74,INV-1f7e78b4-99e7-4c9a-afe5-37693db70a74,CID-390,2025-06-30,956.98,VISA,Completed,SampleGen
PAY-465acd15-b196-490d-ae8a-82e1ad9e3c64,INV-465acd15-b196-490d-ae8a-82e1ad9e3c64,CID-390,2025-07-09,793.85,VISA,Completed,SampleGen
PAY-16722b5c-6e23-414a-8a4c-ffb2a7080f13,INV-16722b5c-6e23-414a-8a4c-ffb2a7080f13,CID-390,2026-01-31,5165.55,VISA,Completed,SampleGen
PAY-e02c68bd-1b59-42cc-9fa5-e573e359f694,INV-e02c68bd-1b59-42cc-9fa5-e573e359f694,CID-390,2026-02-17,674.21,AmEx,Completed,SampleGen
PAY-79660694-cf27-44b1-a8bb-052161a54636,INV-79660694-cf27-44b1-a8bb-052161a54636,CID-391,2026-02-23,3697.46,VISA,Completed,SampleGen
PAY-fea26a6f-6de0-416f-8a39-ebb0d94ebe9f,INV-fea26a6f-6de0-416f-8a39-ebb0d94ebe9f,CID-392,2025-12-13,2066.21,PayPal,Completed,SampleGen
PAY-0b05a416-e73c-4c37-a42a-a6e2139340f5,INV-0b05a416-e73c-4c37-a42a-a6e2139340f5,CID-392,2025-10-05,902.6,MC,Completed,SampleGen
PAY-c71d5299-714d-4308-b520-14ae643ec816,INV-c71d5299-714d-4308-b520-14ae643ec816,CID-393,2025-10-28,337.1,MC,Completed,SampleGen
PAY-358430e6-09f5-4030-92ea-ff5d8211f0e8,INV-358430e6-09f5-4030-92ea-ff5d8211f0e8,CID-393,2025-08-06,1848.68,Discover,Completed,SampleGen
PAY-4cdb012b-296a-4617-b22b-4c7df0dcdc2f,INV-4cdb012b-296a-4617-b22b-4c7df0dcdc2f,CID-393,2025-11-17,1565.95,MC,Completed,SampleGen
PAY-44b3e3e2-e5f4-4153-987f-9fb6c65205e5,INV-44b3e3e2-e5f4-4153-987f-9fb6c65205e5,CID-394,2025-08-08,500.22,MC,Completed,SampleGen
PAY-e174cf40-7926-4237-b08a-461a9c2ab3e0,INV-e174cf40-7926-4237-b08a-461a9c2ab3e0,CID-394,2025-12-03,2044.46,AmEx,Completed,SampleGen
PAY-bb661b20-e651-4d65-9514-8e91e3c2604a,INV-bb661b20-e651-4d65-9514-8e91e3c2604a,CID-394,2025-09-23,1750.84,MC,Completed,SampleGen
PAY-97a5a3a1-f113-4294-8376-13b19204e972,INV-97a5a3a1-f113-4294-8376-13b19204e972,CID-394,2025-11-26,1848.68,VISA,Completed,SampleGen
PAY-98733b0f-6dab-4f5a-868f-8a09762bdf89,INV-98733b0f-6dab-4f5a-868f-8a09762bdf89,CID-395,2026-02-24,1522.45,Discover,Completed,SampleGen
PAY-b384d671-2b58-4ee5-ac58-30d813fa02a5,INV-b384d671-2b58-4ee5-ac58-30d813fa02a5,CID-395,2025-06-06,271.85,MC,Completed,SampleGen
PAY-3d87a836-78e6-409c-8f8d-122bd9c1309c,INV-3d87a836-78e6-409c-8f8d-122bd9c1309c,CID-396,2025-09-24,1250.58,VISA,Completed,SampleGen
PAY-b380bccd-2fae-40a9-a34d-5fe77e059c6d,INV-b380bccd-2fae-40a9-a34d-5fe77e059c6d,CID-396,2025-08-28,2077.06,VISA,Completed,SampleGen
PAY-754d70c5-737e-4314-8afb-78720adac054,INV-754d70c5-737e-4314-8afb-78720adac054,CID-397,2025-08-10,995.03,AmEx,Completed,SampleGen
PAY-2c977f4e-1049-481c-ab94-5fc0adf5ba72,INV-2c977f4e-1049-481c-ab94-5fc0adf5ba72,CID-397,2026-01-02,108.74,MC,Completed,SampleGen
PAY-ea871f15-574d-4308-84dc-681a1491023c,INV-ea871f15-574d-4308-84dc-681a1491023c,CID-397,2025-07-10,2131.44,Discover,Completed,SampleGen
PAY-83a559d7-5f3f-4f25-b530-a9aa6f87db2f,INV-83a559d7-5f3f-4f25-b530-a9aa6f87db2f,CID-397,2025-09-16,1913.96,MC,Completed,SampleGen
PAY-012592c1-2b2d-4eca-ad4b-16a0b942d233,INV-012592c1-2b2d-4eca-ad4b-16a0b942d233,CID-398,2025-06-15,554.58,AmEx,Completed,SampleGen
PAY-4a8d0a0a-9eda-493d-8960-d6142e341877,INV-4a8d0a0a-9eda-493d-8960-d6142e341877,CID-398,2025-10-15,1294.08,MC,Completed,SampleGen
PAY-5f2dd4eb-30af-4f90-89f3-5e57e17704b9,INV-5f2dd4eb-30af-4f90-89f3-5e57e17704b9,CID-398,2025-11-27,3153.68,AmEx,Completed,SampleGen
PAY-e39bba84-3d7d-4307-8891-91c2740a4b7d,INV-e39bba84-3d7d-4307-8891-91c2740a4b7d,CID-399,2025-06-29,924.33,AmEx,Completed,SampleGen
PAY-e9b67fb1-43d3-4c5a-84e5-2d8c3bc467a8,INV-e9b67fb1-43d3-4c5a-84e5-2d8c3bc467a8,CID-399,2025-12-21,2718.71,VISA,Completed,SampleGen
PAY-0e8ac7fd-0f82-4401-8d91-9aa4e9e320fb,INV-0e8ac7fd-0f82-4401-8d91-9aa4e9e320fb,CID-399,2025-07-04,1413.74,MC,Completed,SampleGen
PAY-1bba1a3b-3a8e-4c90-92c8-08ba327b6799,INV-1bba1a3b-3a8e-4c90-92c8-08ba327b6799,CID-399,2025-06-19,1544.22,VISA,Completed,SampleGen
PAY-65c5de48-70a6-40fc-a57c-4ac81c184da5,INV-65c5de48-70a6-40fc-a57c-4ac81c184da5,CID-399,2025-10-18,380.6,VISA,Completed,SampleGen
PAY-5106c881-5bf7-47b6-96ed-d4c8dc576da7,INV-5106c881-5bf7-47b6-96ed-d4c8dc576da7,CID-400,2025-11-10,1304.96,PayPal,Completed,SampleGen
PAY-d045978d-4f8e-4d71-a80d-03def94c86c9,INV-d045978d-4f8e-4d71-a80d-03def94c86c9,CID-400,2025-12-12,1500.7,VISA,Completed,SampleGen
PAY-c1cb217a-488d-4bda-88ef-33fe4429ca09,INV-c1cb217a-488d-4bda-88ef-33fe4429ca09,CID-400,2025-08-14,2490.32,VISA,Completed,SampleGen
PAY-3d4212fd-4665-4779-8f5c-8a658ea0abfa,INV-3d4212fd-4665-4779-8f5c-8a658ea0abfa,CID-400,2025-07-05,2724.12,AmEx,Completed,SampleGen
PAY-02880b7c-256b-4111-9790-4e28f51fac26,INV-02880b7c-256b-4111-9790-4e28f51fac26,CID-400,2026-02-04,2555.57,Discover,Completed,SampleGen
PAY-05e371c9-1681-4800-85d4-6e6389803e85,INV-05e371c9-1681-4800-85d4-6e6389803e85,CID-400,2025-07-28,32.6,AmEx,Completed,SampleGen
PAY-5eb18ae9-8bff-44ef-a06c-9516aaf08496,INV-5eb18ae9-8bff-44ef-a06c-9516aaf08496,CID-400,2025-07-21,2425.05,VISA,Completed,SampleGen
PAY-d39f5b5a-f5a6-4bd2-954c-80f55e28765b,INV-d39f5b5a-f5a6-4bd2-954c-80f55e28765b,CID-401,2025-06-19,1087.44,MC,Completed,SampleGen
PAY-a42c5890-744b-46c2-adba-8e17eb8729b7,INV-a42c5890-744b-46c2-adba-8e17eb8729b7,CID-402,2026-02-03,413.23,VISA,Completed,SampleGen
PAY-43b55d7f-9b86-4387-8935-2c3f31fc87c1,INV-43b55d7f-9b86-4387-8935-2c3f31fc87c1,CID-403,2026-03-10,3969.32,PayPal,Completed,SampleGen
PAY-4e06b3f6-c105-4d3a-93e7-0a40a28b0b07,INV-4e06b3f6-c105-4d3a-93e7-0a40a28b0b07,CID-403,2025-08-10,1837.82,MC,Completed,SampleGen
PAY-20066d73-6e29-4a90-9b5c-c17f16c4f341,INV-20066d73-6e29-4a90-9b5c-c17f16c4f341,CID-404,2026-01-19,3425.56,MC,Completed,SampleGen
PAY-364aea1e-e500-4e1d-a0b2-91faac1b1968,INV-364aea1e-e500-4e1d-a0b2-91faac1b1968,CID-404,2025-09-05,891.7,VISA,Completed,SampleGen
PAY-bb5dc612-a1c9-4cbb-bb05-d3fd171aa0ec,INV-bb5dc612-a1c9-4cbb-bb05-d3fd171aa0ec,CID-404,2025-08-21,206.61,VISA,Completed,SampleGen
PAY-d9f559b4-7c35-415a-b7a7-a085c1848a21,INV-d9f559b4-7c35-415a-b7a7-a085c1848a21,CID-404,2025-06-15,3860.57,VISA,Completed,SampleGen
PAY-5dbb2d70-8777-4d21-bef7-39badc6bf3ef,INV-5dbb2d70-8777-4d21-bef7-39badc6bf3ef,CID-404,2025-12-13,1957.48,Discover,Completed,SampleGen
PAY-9bf95043-eeaf-4a1e-8cf0-dae2c686fac8,INV-9bf95043-eeaf-4a1e-8cf0-dae2c686fac8,CID-405,2026-03-05,1739.98,Discover,Completed,SampleGen
PAY-9befa6b5-4599-406f-a80a-a57ddd4b199d,INV-9befa6b5-4599-406f-a80a-a57ddd4b199d,CID-405,2025-11-28,1576.82,MC,Completed,SampleGen
PAY-4983f96b-fa32-49a5-bccd-9c2c680db493,INV-4983f96b-fa32-49a5-bccd-9c2c680db493,CID-405,2025-11-09,2414.18,AmEx,Completed,SampleGen
PAY-dbe49495-2e8b-46c7-a5c4-ef8337da4fac,INV-dbe49495-2e8b-46c7-a5c4-ef8337da4fac,CID-405,2025-09-22,3806.2,VISA,Completed,SampleGen
PAY-be1d6c25-dddf-40e2-9ab4-1e870350d7d6,INV-be1d6c25-dddf-40e2-9ab4-1e870350d7d6,CID-405,2025-09-17,2283.7,VISA,Completed,SampleGen
PAY-8e3e2e3b-ff7a-4248-8212-b3028fa5e56a,INV-8e3e2e3b-ff7a-4248-8212-b3028fa5e56a,CID-405,2025-12-07,4295.58,MC,Completed,SampleGen
PAY-b1d051bf-c657-4ecd-8a2d-ee1f6e26f596,INV-b1d051bf-c657-4ecd-8a2d-ee1f6e26f596,CID-406,2025-11-18,163.11,AmEx,Completed,SampleGen
PAY-96e11b22-6866-43b7-bca8-a95eace2ad17,INV-96e11b22-6866-43b7-bca8-a95eace2ad17,CID-406,2025-12-14,1957.48,MC,Completed,SampleGen
PAY-fda77bcc-8a4e-40ce-99f0-759b7f3b945f,INV-fda77bcc-8a4e-40ce-99f0-759b7f3b945f,CID-406,2026-03-24,663.32,AmEx,Completed,SampleGen
PAY-ca3728b6-65ee-4da9-ac22-cb74cee9d883,INV-ca3728b6-65ee-4da9-ac22-cb74cee9d883,CID-406,2025-08-05,978.71,AmEx,Completed,SampleGen
PAY-a5510e0d-7031-421a-b0c0-25fc9b724c8b,INV-a5510e0d-7031-421a-b0c0-25fc9b724c8b,CID-406,2025-09-05,978.74,VISA,Completed,SampleGen
PAY-ab972fa8-51c3-44a4-9096-15af13a98935,INV-ab972fa8-51c3-44a4-9096-15af13a98935,CID-406,2025-06-20,282.72,AmEx,Completed,SampleGen
PAY-5624da51-468d-45b1-93a5-92565289c3b6,INV-5624da51-468d-45b1-93a5-92565289c3b6,CID-406,2025-09-17,3251.55,VISA,Completed,SampleGen
PAY-b7fc674a-6f57-4854-9b44-8a4dfc4f4a99,INV-b7fc674a-6f57-4854-9b44-8a4dfc4f4a99,CID-406,2025-11-15,630.71,VISA,Completed,SampleGen
PAY-6cdda69e-8766-479f-b016-7ab7876fa58a,INV-6cdda69e-8766-479f-b016-7ab7876fa58a,CID-407,2025-06-19,413.23,MC,Completed,SampleGen
PAY-c41525b5-897d-4b27-ad8b-875a2bb136ef,INV-c41525b5-897d-4b27-ad8b-875a2bb136ef,CID-407,2025-09-20,2446.84,VISA,Completed,SampleGen
PAY-abd15982-084d-4338-b7d1-05bd42285dbc,INV-abd15982-084d-4338-b7d1-05bd42285dbc,CID-408,2025-09-29,1957.44,VISA,Completed,SampleGen
PAY-170bae34-b159-4573-b85b-097a9081debb,INV-170bae34-b159-4573-b85b-097a9081debb,CID-408,2025-12-06,2044.45,VISA,Completed,SampleGen
PAY-aa8fc24b-1c0a-4658-bdde-4ff0a3863e05,INV-aa8fc24b-1c0a-4658-bdde-4ff0a3863e05,CID-408,2025-10-04,1500.72,VISA,Completed,SampleGen
PAY-3b834b43-fac6-4eb8-ba7a-3517944f938d,INV-3b834b43-fac6-4eb8-ba7a-3517944f938d,CID-408,2025-06-04,2011.82,AmEx,Completed,SampleGen
PAY-5de7b649-3242-47c7-a41c-940947ab8786,INV-5de7b649-3242-47c7-a41c-940947ab8786,CID-409,2025-07-15,587.22,VISA,Completed,SampleGen
PAY-645cd581-63d0-4e37-86db-49e3133e0490,INV-645cd581-63d0-4e37-86db-49e3133e0490,CID-409,2025-07-25,391.48,PayPal,Completed,SampleGen
PAY-7243a1a4-c574-4058-97f7-d993cf4a99be,INV-7243a1a4-c574-4058-97f7-d993cf4a99be,CID-410,2025-09-09,206.61,AmEx,Completed,SampleGen
PAY-b885c5be-aada-410a-99a7-0d625229cd73,INV-b885c5be-aada-410a-99a7-0d625229cd73,CID-410,2026-01-15,1576.8,VISA,Completed,SampleGen
PAY-d63286a0-7984-49a6-9a1e-1852fe4f0b86,INV-d63286a0-7984-49a6-9a1e-1852fe4f0b86,CID-410,2025-11-23,978.73,AmEx,Completed,SampleGen
PAY-ba5a5ad2-fc52-41bd-9800-ef787aa4ba24,INV-ba5a5ad2-fc52-41bd-9800-ef787aa4ba24,CID-411,2025-11-23,2892.7,MC,Completed,SampleGen
PAY-e13badeb-910a-4a63-ae78-da37ac1752f1,INV-e13badeb-910a-4a63-ae78-da37ac1752f1,CID-411,2025-11-28,1315.82,AmEx,Completed,SampleGen
PAY-7c808976-ef2a-42b0-a4a5-e24ae10405de,INV-7c808976-ef2a-42b0-a4a5-e24ae10405de,CID-411,2026-02-07,304.47,MC,Completed,SampleGen
PAY-edd98c26-851d-4d36-b95e-f11e473f01c1,INV-edd98c26-851d-4d36-b95e-f11e473f01c1,CID-411,2026-01-17,2827.46,Discover,Completed,SampleGen
PAY-6e2548cd-2ce2-4776-9fbe-62203181355a,INV-6e2548cd-2ce2-4776-9fbe-62203181355a,CID-412,2025-11-03,543.73,PayPal,Completed,SampleGen
PAY-b57670a9-a1b8-4394-98db-88872d1f3a63,INV-b57670a9-a1b8-4394-98db-88872d1f3a63,CID-412,2025-06-09,826.46,MC,Completed,SampleGen
PAY-911f97bc-774b-431f-9d98-a6e3ec370fba,INV-911f97bc-774b-431f-9d98-a6e3ec370fba,CID-413,2026-02-21,1739.97,VISA,Completed,SampleGen
PAY-a4c9dd2a-7c86-4cf0-9833-f0ddf1e4b442,INV-a4c9dd2a-7c86-4cf0-9833-f0ddf1e4b442,CID-413,2026-01-14,3893.21,VISA,Completed,SampleGen
PAY-287ba417-3fc7-43e1-a246-2890efca4b85,INV-287ba417-3fc7-43e1-a246-2890efca4b85,CID-414,2025-08-06,3088.43,MC,Completed,SampleGen
PAY-8a84e616-d7f8-4380-b3ac-2a7c308d25e9,INV-8a84e616-d7f8-4380-b3ac-2a7c308d25e9,CID-414,2026-01-11,1881.33,Discover,Completed,SampleGen
PAY-4cc13bbd-a80d-40bd-9df2-9af9b2b1919e,INV-4cc13bbd-a80d-40bd-9df2-9af9b2b1919e,CID-415,2026-03-21,761.21,Discover,Completed,SampleGen
PAY-ade8ef51-851b-4e1e-b690-2112bb9a6520,INV-ade8ef51-851b-4e1e-b690-2112bb9a6520,CID-415,2025-12-05,1391.95,MC,Completed,SampleGen
PAY-4f5c81d3-8713-4364-831c-eafd3565476a,INV-4f5c81d3-8713-4364-831c-eafd3565476a,CID-415,2026-01-07,1130.96,MC,Completed,SampleGen
PAY-3b0e0044-c99a-4a7f-88f0-e9b4ca54bf6d,INV-3b0e0044-c99a-4a7f-88f0-e9b4ca54bf6d,CID-415,2026-01-13,1794.32,VISA,Completed,SampleGen
PAY-eb8a5399-9b31-4cec-bb8f-881fe7ded952,INV-eb8a5399-9b31-4cec-bb8f-881fe7ded952,CID-416,2025-10-07,1881.31,MC,Completed,SampleGen
PAY-0280522f-1613-46b4-a06b-1c73fb3815ef,INV-0280522f-1613-46b4-a06b-1c73fb3815ef,CID-416,2025-10-15,1587.7,Discover,Completed,SampleGen
PAY-7eb02d45-ca2e-45ca-a389-270e8864fc5e,INV-7eb02d45-ca2e-45ca-a389-270e8864fc5e,CID-416,2025-07-22,2087.94,PayPal,Completed,SampleGen
PAY-40210112-119a-4e58-a70f-6e1314fe3450,INV-40210112-119a-4e58-a70f-6e1314fe3450,CID-417,2025-09-21,1957.46,AmEx,Completed,SampleGen
PAY-bf259a2b-4fa8-400c-babe-4be0a9982712,INV-bf259a2b-4fa8-400c-babe-4be0a9982712,CID-417,2025-11-07,1826.94,PayPal,Completed,SampleGen
PAY-5be8f767-82cb-4cd5-aced-ad2717b08451,INV-5be8f767-82cb-4cd5-aced-ad2717b08451,CID-418,2025-12-28,2718.7,VISA,Completed,SampleGen
PAY-3f90931d-d283-4817-8dcf-64f0410da0b7,INV-3f90931d-d283-4817-8dcf-64f0410da0b7,CID-418,2026-01-09,195.71,VISA,Completed,SampleGen
PAY-2c4ab345-0b8f-49aa-b503-5366a0f64fff,INV-2c4ab345-0b8f-49aa-b503-5366a0f64fff,CID-419,2025-09-21,1587.71,VISA,Completed,SampleGen
PAY-fea600fd-dfcc-4b03-8730-74fcdb668114,INV-fea600fd-dfcc-4b03-8730-74fcdb668114,CID-419,2025-06-04,956.98,PayPal,Completed,SampleGen
PAY-f34bc45b-7fe7-4cdd-b113-cb6ad75a0428,INV-f34bc45b-7fe7-4cdd-b113-cb6ad75a0428,CID-419,2025-08-19,2153.2,VISA,Completed,SampleGen
PAY-d7d5adcc-dff6-47fd-940b-f9e5d50d871d,INV-d7d5adcc-dff6-47fd-940b-f9e5d50d871d,CID-419,2026-03-30,1903.05,AmEx,Completed,SampleGen
PAY-047eb8bc-9716-4648-b74d-8b71c34bae57,INV-047eb8bc-9716-4648-b74d-8b71c34bae57,CID-420,2025-10-09,1000.47,MC,Completed,SampleGen
PAY-c6f177b1-46ae-446f-bcc1-5c4a09bf3fc2,INV-c6f177b1-46ae-446f-bcc1-5c4a09bf3fc2,CID-420,2025-09-03,3382.06,MC,Completed,SampleGen
PAY-be8a3023-a177-490b-aeed-4ef7f7457606,INV-be8a3023-a177-490b-aeed-4ef7f7457606,CID-420,2025-09-15,2414.18,AmEx,Completed,SampleGen
PAY-10517f8b-eff5-4aa5-9256-3b4623b96aa8,INV-10517f8b-eff5-4aa5-9256-3b4623b96aa8,CID-420,2025-11-07,424.09,AmEx,Completed,SampleGen
PAY-e33fe95c-b620-4ce4-8f7a-6535605f7fa6,INV-e33fe95c-b620-4ce4-8f7a-6535605f7fa6,CID-420,2025-08-08,2718.68,AmEx,Completed,SampleGen
PAY-9378a699-ef9c-47f8-bf55-bb29a0c49da1,INV-9378a699-ef9c-47f8-bf55-bb29a0c49da1,CID-420,2025-10-18,2055.32,PayPal,Completed,SampleGen
PAY-868eae1c-a15b-4292-8b99-ad8eecc57d0a,INV-868eae1c-a15b-4292-8b99-ad8eecc57d0a,CID-420,2025-12-15,630.74,Discover,Completed,SampleGen
PAY-2709c005-5344-4c96-9634-2850a872a908,INV-2709c005-5344-4c96-9634-2850a872a908,CID-420,2026-01-21,2729.56,AmEx,Completed,SampleGen
PAY-ec578596-b3c4-494e-a0a5-e1796bf6d645,INV-ec578596-b3c4-494e-a0a5-e1796bf6d645,CID-421,2025-10-25,1957.48,MC,Completed,SampleGen
PAY-a9004c43-96b4-4fab-8986-84c6b4fe95be,INV-a9004c43-96b4-4fab-8986-84c6b4fe95be,CID-421,2025-09-10,1576.85,MC,Completed,SampleGen
PAY-286baf54-9ac5-419b-8eef-fefe53794b24,INV-286baf54-9ac5-419b-8eef-fefe53794b24,CID-421,2025-12-07,2120.57,PayPal,Completed,SampleGen
PAY-4a0c20c7-9e68-4376-b51e-b6f9435fc9ed,INV-4a0c20c7-9e68-4376-b51e-b6f9435fc9ed,CID-422,2025-10-05,782.94,AmEx,Completed,SampleGen
PAY-eed438f8-2500-4405-98e5-5f4baac08a3c,INV-eed438f8-2500-4405-98e5-5f4baac08a3c,CID-422,2026-02-12,956.98,PayPal,Completed,SampleGen
PAY-d50256ae-ea05-4d7f-b38e-735d6f8a41c4,INV-d50256ae-ea05-4d7f-b38e-735d6f8a41c4,CID-422,2026-01-15,1098.34,PayPal,Completed,SampleGen
PAY-88370d92-53ef-4281-914e-e71fe137e037,INV-88370d92-53ef-4281-914e-e71fe137e037,CID-422,2025-07-15,935.23,Discover,Completed,SampleGen
PAY-c2116326-8e79-4719-bd5f-e674689c7b27,INV-c2116326-8e79-4719-bd5f-e674689c7b27,CID-422,2025-09-11,2039.0,PayPal,Completed,SampleGen
PAY-451acd68-c7ce-4e86-86ff-f7a76c2ffc91,INV-451acd68-c7ce-4e86-86ff-f7a76c2ffc91,CID-423,2026-03-11,1109.23,VISA,Completed,SampleGen
PAY-f898389b-7d12-47f3-8ef7-b3de83ee2e65,INV-f898389b-7d12-47f3-8ef7-b3de83ee2e65,CID-424,2025-11-26,3534.33,MC,Completed,SampleGen
PAY-9a4bf38e-3cea-4742-8fe1-02f86b1ccb61,INV-9a4bf38e-3cea-4742-8fe1-02f86b1ccb61,CID-424,2025-09-21,4241.17,Discover,Completed,SampleGen
PAY-b322d8a3-6e5f-4ff6-b3ab-f8354d81c54e,INV-b322d8a3-6e5f-4ff6-b3ab-f8354d81c54e,CID-425,2025-08-26,4001.92,VISA,Completed,SampleGen
PAY-57e6f59b-029d-486e-9ac5-3c89bde74ba2,INV-57e6f59b-029d-486e-9ac5-3c89bde74ba2,CID-425,2026-01-25,3273.31,PayPal,Completed,SampleGen
PAY-72f7427b-be41-4441-b100-daf5858ebdbc,INV-72f7427b-be41-4441-b100-daf5858ebdbc,CID-425,2026-03-12,2925.32,MC,Completed,SampleGen
PAY-a98afb0a-bc4c-4df5-8220-600200bcc664,INV-a98afb0a-bc4c-4df5-8220-600200bcc664,CID-425,2025-06-13,293.58,MC,Completed,SampleGen
PAY-35bc64b7-7df6-4db7-ac79-42b677e0b59f,INV-35bc64b7-7df6-4db7-ac79-42b677e0b59f,CID-425,2025-07-30,1272.32,MC,Completed,SampleGen
PAY-df812cae-e859-4366-8d4d-27d6357da862,INV-df812cae-e859-4366-8d4d-27d6357da862,CID-425,2025-06-25,1761.7,PayPal,Completed,SampleGen
PAY-d4577615-4ce7-4573-ad8c-d9dbd80bd0c3,INV-d4577615-4ce7-4573-ad8c-d9dbd80bd0c3,CID-426,2025-09-09,2827.44,AmEx,Completed,SampleGen
PAY-68883733-400f-4d6d-8a72-63dc174fe79a,INV-68883733-400f-4d6d-8a72-63dc174fe79a,CID-426,2026-02-14,1304.98,AmEx,Completed,SampleGen
PAY-94858e51-bbc2-48e2-8fa7-4102986a7df2,INV-94858e51-bbc2-48e2-8fa7-4102986a7df2,CID-427,2025-07-12,598.08,AmEx,Completed,SampleGen
PAY-4bb488b2-29a6-4333-8669-8cd8cc414f63,INV-4bb488b2-29a6-4333-8669-8cd8cc414f63,CID-427,2025-08-05,500.22,VISA,Completed,SampleGen
PAY-7550161f-ddca-462f-b741-d8ff18a77bcb,INV-7550161f-ddca-462f-b741-d8ff18a77bcb,CID-427,2025-07-23,619.84,VISA,Completed,SampleGen
PAY-6a140870-9b35-4b1b-96ad-0df0468aaaf1,INV-6a140870-9b35-4b1b-96ad-0df0468aaaf1,CID-428,2026-03-15,652.48,MC,Completed,SampleGen
PAY-f6471a7a-f32e-4679-8f39-1490ae642bb1,INV-f6471a7a-f32e-4679-8f39-1490ae642bb1,CID-428,2026-02-06,1707.31,MC,Completed,SampleGen
PAY-52e30a1e-ad40-4117-af53-8684ccba2181,INV-52e30a1e-ad40-4117-af53-8684ccba2181,CID-429,2026-01-25,1848.7,VISA,Completed,SampleGen
PAY-0a75b22f-17b4-4e65-8b95-36be4f1269a6,INV-0a75b22f-17b4-4e65-8b95-36be4f1269a6,CID-429,2026-02-12,1685.58,AmEx,Completed,SampleGen
PAY-20e41435-1e90-41b0-b8eb-9fc0ff8ae84f,INV-20e41435-1e90-41b0-b8eb-9fc0ff8ae84f,CID-430,2025-07-17,2142.33,Discover,Completed,SampleGen
PAY-0a84fb4d-7b10-44af-b0f5-b4d82d834b33,INV-0a84fb4d-7b10-44af-b0f5-b4d82d834b33,CID-430,2025-09-01,2338.07,Discover,Completed,SampleGen
PAY-f4654918-c99b-431d-aae6-65da3f0f2b94,INV-f4654918-c99b-431d-aae6-65da3f0f2b94,CID-430,2026-01-10,3305.95,MC,Completed,SampleGen
PAY-1ef9f0ba-f36f-49c6-9d9d-f1a49f98f14c,INV-1ef9f0ba-f36f-49c6-9d9d-f1a49f98f14c,CID-430,2026-03-08,2783.92,VISA,Completed,SampleGen
PAY-99e6e22f-5e5c-472b-a18f-daefb5f3f7b6,INV-99e6e22f-5e5c-472b-a18f-daefb5f3f7b6,CID-431,2026-03-07,967.84,MC,Completed,SampleGen
PAY-2a6f4b7a-0321-418b-808e-8ba759a1803e,INV-2a6f4b7a-0321-418b-808e-8ba759a1803e,CID-431,2026-03-12,4328.2,AmEx,Completed,SampleGen
PAY-f9692a95-e58f-40b9-bdaa-787b5fcc237c,INV-f9692a95-e58f-40b9-bdaa-787b5fcc237c,CID-432,2026-02-08,2457.71,VISA,Completed,SampleGen
PAY-0ef074f4-4384-4834-8d6f-11ea78ab195f,INV-0ef074f4-4384-4834-8d6f-11ea78ab195f,CID-432,2026-01-01,391.48,MC,Completed,SampleGen
PAY-88f293b8-8048-43fb-806d-43ba8cbeb625,INV-88f293b8-8048-43fb-806d-43ba8cbeb625,CID-433,2025-11-06,978.72,PayPal,Completed,SampleGen
PAY-e8c655ef-771b-49bf-a56f-e14c186d1918,INV-e8c655ef-771b-49bf-a56f-e14c186d1918,CID-434,2025-09-06,2174.96,MC,Completed,SampleGen
PAY-a6769034-2cdd-4b28-ac6c-ef29365e191c,INV-a6769034-2cdd-4b28-ac6c-ef29365e191c,CID-434,2025-06-16,2990.55,AmEx,Completed,SampleGen
PAY-2299e1c7-7c7b-42a1-889a-ae3d6333a827,INV-2299e1c7-7c7b-42a1-889a-ae3d6333a827,CID-435,2025-06-02,3088.46,VISA,Completed,SampleGen
PAY-0cb30dc2-a8d8-4c72-b958-994ef9c1a6da,INV-0cb30dc2-a8d8-4c72-b958-994ef9c1a6da,CID-435,2025-10-10,1631.2,AmEx,Completed,SampleGen
PAY-a82f9ccd-08c5-4d59-83bb-98a3a9bf8529,INV-a82f9ccd-08c5-4d59-83bb-98a3a9bf8529,CID-435,2025-11-28,1631.19,Discover,Completed,SampleGen
PAY-1c97f56d-d6a5-4b84-b82f-300fca863037,INV-1c97f56d-d6a5-4b84-b82f-300fca863037,CID-435,2026-01-15,3371.2,MC,Completed,SampleGen
PAY-ba608bcc-1f7c-4876-9013-91f30df74620,INV-ba608bcc-1f7c-4876-9013-91f30df74620,CID-436,2025-09-25,717.72,VISA,Completed,SampleGen
PAY-88ffcdf1-96bb-40a4-a7a0-1d44944cbf55,INV-88ffcdf1-96bb-40a4-a7a0-1d44944cbf55,CID-436,2025-09-03,3490.8,PayPal,Completed,SampleGen
PAY-a0028010-67e0-40ae-af50-920e5d216919,INV-a0028010-67e0-40ae-af50-920e5d216919,CID-436,2025-09-13,1120.06,AmEx,Completed,SampleGen
PAY-422b0faf-6c50-45ee-8d1b-40979ea9dfce,INV-422b0faf-6c50-45ee-8d1b-40979ea9dfce,CID-436,2025-11-18,608.96,VISA,Completed,SampleGen
PAY-018defc7-bd39-4886-897d-f0b51cc0e4ec,INV-018defc7-bd39-4886-897d-f0b51cc0e4ec,CID-436,2026-01-02,2827.46,VISA,Completed,SampleGen
PAY-39009b05-554e-4c1f-8b48-6cc2a9bf397b,INV-39009b05-554e-4c1f-8b48-6cc2a9bf397b,CID-437,2026-02-24,2512.05,AmEx,Completed,SampleGen
PAY-631b14d7-485b-495f-905f-60aadcf0ce42,INV-631b14d7-485b-495f-905f-60aadcf0ce42,CID-437,2025-12-02,500.23,MC,Completed,SampleGen
PAY-a602b203-ab24-4db3-a394-e071717e4f98,INV-a602b203-ab24-4db3-a394-e071717e4f98,CID-437,2025-10-11,1413.73,MC,Completed,SampleGen
PAY-3b42ef14-8143-4413-98af-61299c9b8fef,INV-3b42ef14-8143-4413-98af-61299c9b8fef,CID-437,2026-01-06,706.85,VISA,Completed,SampleGen
PAY-decb6a8e-2308-4536-aa65-85f438ba5a52,INV-decb6a8e-2308-4536-aa65-85f438ba5a52,CID-438,2025-10-01,2816.57,VISA,Completed,SampleGen
PAY-0f552777-4f21-4864-a193-0a7ccd5e46cd,INV-0f552777-4f21-4864-a193-0a7ccd5e46cd,CID-438,2025-07-09,2066.21,Discover,Completed,SampleGen
PAY-b9b89809-9983-45f2-b526-214a8361864a,INV-b9b89809-9983-45f2-b526-214a8361864a,CID-438,2026-01-23,1805.19,Discover,Completed,SampleGen
PAY-d2dabd6e-abc8-4dc0-8eb8-d54a571579cc,INV-d2dabd6e-abc8-4dc0-8eb8-d54a571579cc,CID-438,2025-09-10,282.73,AmEx,Completed,SampleGen
PAY-8b9fca22-187b-4b72-aebc-54cacee4457e,INV-8b9fca22-187b-4b72-aebc-54cacee4457e,CID-438,2025-06-17,190.28,MC,Completed,SampleGen
PAY-762252f9-90cf-4448-a3dc-8581cce106cf,INV-762252f9-90cf-4448-a3dc-8581cce106cf,CID-438,2025-08-04,1239.7,MC,Completed,SampleGen
PAY-adbb4e6b-377e-4ecb-bb07-a6c08fb29f44,INV-adbb4e6b-377e-4ecb-bb07-a6c08fb29f44,CID-438,2026-01-10,1413.73,MC,Completed,SampleGen
PAY-f3b4c5dc-f7cf-4ed7-8ab1-0fea14aa01d7,INV-f3b4c5dc-f7cf-4ed7-8ab1-0fea14aa01d7,CID-438,2025-06-18,1457.2,MC,Completed,SampleGen
PAY-f62d184f-3575-418a-9c28-9d010a3988d1,INV-f62d184f-3575-418a-9c28-9d010a3988d1,CID-439,2025-07-23,2000.95,AmEx,Completed,SampleGen
PAY-5a017ebe-1323-4509-a226-0deaaec29ec1,INV-5a017ebe-1323-4509-a226-0deaaec29ec1,CID-439,2026-03-04,1435.46,PayPal,Completed,SampleGen
PAY-4a8df5f3-4bbd-47b0-9eff-a5f86d2dfaa3,INV-4a8df5f3-4bbd-47b0-9eff-a5f86d2dfaa3,CID-439,2026-03-16,956.96,VISA,Completed,SampleGen
PAY-dce4d8ef-d1d2-4cd0-b7e8-324052934637,INV-dce4d8ef-d1d2-4cd0-b7e8-324052934637,CID-439,2025-10-25,3643.06,VISA,Completed,SampleGen
PAY-d9f7962a-89ec-443a-b3c0-6f204a83215b,INV-d9f7962a-89ec-443a-b3c0-6f204a83215b,CID-439,2025-11-06,3110.19,PayPal,Completed,SampleGen
PAY-01a59dd3-5ae7-4a80-9e6a-cbc315afa886,INV-01a59dd3-5ae7-4a80-9e6a-cbc315afa886,CID-440,2026-02-03,2446.84,AmEx,Completed,SampleGen
PAY-7f16b618-52cc-4c29-a815-aca86ccee0d4,INV-7f16b618-52cc-4c29-a815-aca86ccee0d4,CID-441,2025-07-25,869.98,MC,Completed,SampleGen
PAY-15477b4b-155f-4102-83c6-146b3fcfae8c,INV-15477b4b-155f-4102-83c6-146b3fcfae8c,CID-441,2025-09-07,1109.19,PayPal,Completed,SampleGen
PAY-576882b7-ab47-4c0b-8229-5af9a872a8fd,INV-576882b7-ab47-4c0b-8229-5af9a872a8fd,CID-441,2025-12-30,1739.97,MC,Completed,SampleGen
PAY-40fa2dbf-9f68-4824-b5b0-6763c297c4df,INV-40fa2dbf-9f68-4824-b5b0-6763c297c4df,CID-441,2026-01-01,1174.47,VISA,Completed,SampleGen
PAY-578ca211-9acc-46ce-9dea-e83fcaeeb0c0,INV-578ca211-9acc-46ce-9dea-e83fcaeeb0c0,CID-441,2026-03-24,1587.72,MC,Completed,SampleGen
PAY-3b7eaac9-e09d-45ab-af1a-ebcda487135d,INV-3b7eaac9-e09d-45ab-af1a-ebcda487135d,CID-441,2026-01-18,902.58,MC,Completed,SampleGen
PAY-383cf95b-abfe-4238-83d3-98469f195c7a,INV-383cf95b-abfe-4238-83d3-98469f195c7a,CID-442,2025-09-06,837.35,VISA,Completed,SampleGen
PAY-5fae97a4-5254-4f01-b8e3-f8545243aa52,INV-5fae97a4-5254-4f01-b8e3-f8545243aa52,CID-442,2025-07-08,652.48,Discover,Completed,SampleGen
PAY-c6eaa94c-d669-411f-81ca-fe26581f14e2,INV-c6eaa94c-d669-411f-81ca-fe26581f14e2,CID-443,2025-12-02,380.61,AmEx,Completed,SampleGen
PAY-bc2e0bf4-aba3-41f8-914e-5be5f808c21d,INV-bc2e0bf4-aba3-41f8-914e-5be5f808c21d,CID-444,2026-01-23,4654.44,AmEx,Completed,SampleGen
PAY-61fe24da-1719-4b75-be51-5a38fad31fb4,INV-61fe24da-1719-4b75-be51-5a38fad31fb4,CID-444,2026-01-22,1718.19,VISA,Completed,SampleGen
PAY-47cffe57-ad6a-4c1f-a2d6-f2a79342a47e,INV-47cffe57-ad6a-4c1f-a2d6-f2a79342a47e,CID-444,2026-01-29,2827.48,Discover,Completed,SampleGen
PAY-b0a674e3-3da8-4fbd-8512-185cb6f51f9b,INV-b0a674e3-3da8-4fbd-8512-185cb6f51f9b,CID-444,2025-11-19,1337.56,MC,Completed,SampleGen
PAY-348586fe-e556-4a81-9010-10cbd282f3a0,INV-348586fe-e556-4a81-9010-10cbd282f3a0,CID-445,2026-03-02,434.98,MC,Completed,SampleGen
PAY-e140412e-eeed-4419-b51f-eae810303baf,INV-e140412e-eeed-4419-b51f-eae810303baf,CID-445,2025-07-05,1370.2,PayPal,Completed,SampleGen
PAY-a3981374-7a6c-4321-a937-8ccaf1f9a3e2,INV-a3981374-7a6c-4321-a937-8ccaf1f9a3e2,CID-445,2026-03-23,86.99,AmEx,Completed,SampleGen
PAY-7653f2c1-6d79-4f84-a173-9d71d2e5534b,INV-7653f2c1-6d79-4f84-a173-9d71d2e5534b,CID-446,2025-12-01,978.72,PayPal,Completed,SampleGen
PAY-c4ce58d4-d29d-4954-9199-163f59f4402f,INV-c4ce58d4-d29d-4954-9199-163f59f4402f,CID-446,2025-06-02,130.49,AmEx,Completed,SampleGen
PAY-980c8748-6f45-4e72-8924-bd75093a3773,INV-980c8748-6f45-4e72-8924-bd75093a3773,CID-447,2025-09-25,3577.82,MC,Completed,SampleGen
PAY-c7166ed7-d38a-4aa6-825e-dd0b67bc53ad,INV-c7166ed7-d38a-4aa6-825e-dd0b67bc53ad,CID-447,2025-12-31,141.36,MC,Completed,SampleGen
PAY-f18d3f09-ef01-4bc4-bfa0-85e4ee2d3bd1,INV-f18d3f09-ef01-4bc4-bfa0-85e4ee2d3bd1,CID-448,2025-12-19,3479.96,Discover,Completed,SampleGen
PAY-731d7f17-a7c8-47e7-a319-84ff66aed5d7,INV-731d7f17-a7c8-47e7-a319-84ff66aed5d7,CID-448,2026-03-13,380.61,VISA,Completed,SampleGen
PAY-e2e1d517-98db-4f70-82cf-c31d2c3d5e2d,INV-e2e1d517-98db-4f70-82cf-c31d2c3d5e2d,CID-448,2025-08-20,1174.42,VISA,Completed,SampleGen
PAY-6cd9ec6f-6f69-4f93-bcba-98d3b6a67191,INV-6cd9ec6f-6f69-4f93-bcba-98d3b6a67191,CID-448,2025-10-13,271.86,VISA,Completed,SampleGen
PAY-423aa4c1-924f-4941-94b4-d63999641f16,INV-423aa4c1-924f-4941-94b4-d63999641f16,CID-448,2025-11-21,652.48,AmEx,Completed,SampleGen
PAY-909e72dd-0633-4f99-a326-a69b2f98871e,INV-909e72dd-0633-4f99-a326-a69b2f98871e,CID-449,2025-08-23,2131.43,MC,Completed,SampleGen
PAY-00481bbc-63b0-45fd-bfd2-a080ba43b33f,INV-00481bbc-63b0-45fd-bfd2-a080ba43b33f,CID-449,2025-11-27,3044.94,MC,Completed,SampleGen
PAY-174eb981-5e2d-4c09-a93c-c0dec2ed9af4,INV-174eb981-5e2d-4c09-a93c-c0dec2ed9af4,CID-450,2025-11-20,4784.94,VISA,Completed,SampleGen
PAY-9cda1493-7cad-49c5-bad3-2c6579df1d1b,INV-9cda1493-7cad-49c5-bad3-2c6579df1d1b,CID-451,2025-06-25,206.61,PayPal,Completed,SampleGen
PAY-fd475c95-c13c-4a74-a25d-0d3308028f7a,INV-fd475c95-c13c-4a74-a25d-0d3308028f7a,CID-451,2025-08-25,326.24,PayPal,Completed,SampleGen
PAY-ab245f83-ee43-41b3-bd21-aa9e20e750b3,INV-ab245f83-ee43-41b3-bd21-aa9e20e750b3,CID-451,2025-07-20,1500.72,PayPal,Completed,SampleGen
PAY-a481825e-3be8-4a0a-9495-fb4c429be8ef,INV-a481825e-3be8-4a0a-9495-fb4c429be8ef,CID-451,2025-09-20,2609.96,VISA,Completed,SampleGen
PAY-6f974f32-19c2-499c-acdc-a077ff300d18,INV-6f974f32-19c2-499c-acdc-a077ff300d18,CID-451,2025-11-27,608.96,VISA,Completed,SampleGen
PAY-09705cfd-2f10-4360-8c9a-ab4594131935,INV-09705cfd-2f10-4360-8c9a-ab4594131935,CID-452,2026-01-24,2087.96,VISA,Completed,SampleGen
PAY-45924c26-60cc-457c-ab43-463e37c2026a,INV-45924c26-60cc-457c-ab43-463e37c2026a,CID-453,2026-03-17,750.32,VISA,Completed,SampleGen
PAY-acdfabf9-166e-4419-9c27-7b342b40d43c,INV-acdfabf9-166e-4419-9c27-7b342b40d43c,CID-453,2025-10-11,2609.96,VISA,Completed,SampleGen
PAY-877738cb-a61c-4a3a-beba-cdf178f6270c,INV-877738cb-a61c-4a3a-beba-cdf178f6270c,CID-454,2025-07-26,1772.58,VISA,Completed,SampleGen
PAY-017f9ad7-e732-42c4-914b-65fa116b9eb8,INV-017f9ad7-e732-42c4-914b-65fa116b9eb8,CID-455,2026-03-27,4404.32,Discover,Completed,SampleGen
PAY-7302810e-2521-4d07-8c4c-22f994b7458a,INV-7302810e-2521-4d07-8c4c-22f994b7458a,CID-455,2026-01-24,1739.98,PayPal,Completed,SampleGen
PAY-514deec5-8e1d-41e5-a28f-8f4490d88b4f,INV-514deec5-8e1d-41e5-a28f-8f4490d88b4f,CID-456,2026-03-13,413.22,Discover,Completed,SampleGen
PAY-fa4a2514-7296-44d0-a75e-b3f8a6058340,INV-fa4a2514-7296-44d0-a75e-b3f8a6058340,CID-456,2025-06-08,2762.19,PayPal,Completed,SampleGen
PAY-7242409e-ceb9-4ac0-aadf-aa22ff4198ac,INV-7242409e-ceb9-4ac0-aadf-aa22ff4198ac,CID-456,2025-06-06,1054.83,MC,Completed,SampleGen
PAY-9e802ce8-6702-4584-a718-d46ffcf0143e,INV-9e802ce8-6702-4584-a718-d46ffcf0143e,CID-456,2025-12-17,413.23,AmEx,Completed,SampleGen
PAY-76682c68-3ba8-46c6-a49a-07c5fb19a685,INV-76682c68-3ba8-46c6-a49a-07c5fb19a685,CID-457,2025-09-16,1968.31,PayPal,Completed,SampleGen
PAY-168b6bb8-02b6-4d8f-a5c5-286508dd32fc,INV-168b6bb8-02b6-4d8f-a5c5-286508dd32fc,CID-457,2025-08-16,956.98,VISA,Completed,SampleGen
PAY-18f37fe4-6f02-4840-87cd-a4e261db5c23,INV-18f37fe4-6f02-4840-87cd-a4e261db5c23,CID-458,2025-12-07,2044.48,VISA,Completed,SampleGen
PAY-dcd2f1c7-4a60-4cee-84ef-47d5e7865f2f,INV-dcd2f1c7-4a60-4cee-84ef-47d5e7865f2f,CID-458,2025-08-19,587.2,VISA,Completed,SampleGen
PAY-548c4702-b9c5-4f39-b372-375009118973,INV-548c4702-b9c5-4f39-b372-375009118973,CID-459,2025-08-14,1696.45,Discover,Completed,SampleGen
PAY-3c9cf169-5056-4dc8-bd81-a931f77f6eb2,INV-3c9cf169-5056-4dc8-bd81-a931f77f6eb2,CID-459,2025-12-28,1511.55,Discover,Completed,SampleGen
PAY-23b0de75-5607-4fa5-8293-e1da05094f0e,INV-23b0de75-5607-4fa5-8293-e1da05094f0e,CID-459,2026-01-10,4154.18,AmEx,Completed,SampleGen
PAY-f3cc00a3-0781-44ae-9807-92122710d62c,INV-f3cc00a3-0781-44ae-9807-92122710d62c,CID-459,2025-12-09,130.48,AmEx,Completed,SampleGen
PAY-c5fbb846-6092-4fa3-b2dd-3937a30d302a,INV-c5fbb846-6092-4fa3-b2dd-3937a30d302a,CID-460,2025-10-01,271.86,VISA,Completed,SampleGen
PAY-a8b2733d-4f1d-4b9b-90cd-6132e2244013,INV-a8b2733d-4f1d-4b9b-90cd-6132e2244013,CID-460,2025-11-18,2028.14,PayPal,Completed,SampleGen
PAY-03756434-a84a-4715-833d-91f68513509d,INV-03756434-a84a-4715-833d-91f68513509d,CID-460,2025-07-21,1000.48,VISA,Completed,SampleGen
PAY-3271969b-03e7-4587-87f5-fadf2e144831,INV-3271969b-03e7-4587-87f5-fadf2e144831,CID-460,2025-08-18,3034.07,Discover,Completed,SampleGen
PAY-04302ec2-7303-4165-902d-53ca710f936b,INV-04302ec2-7303-4165-902d-53ca710f936b,CID-461,2025-12-04,598.11,Discover,Completed,SampleGen
PAY-0884cf09-013a-444f-a31a-fd8536b5d9d7,INV-0884cf09-013a-444f-a31a-fd8536b5d9d7,CID-461,2025-12-04,5056.8,VISA,Completed,SampleGen
PAY-246dd90c-ada8-4ce7-a3a0-6624e2e23807,INV-246dd90c-ada8-4ce7-a3a0-6624e2e23807,CID-462,2025-12-04,5546.18,VISA,Completed,SampleGen
PAY-c00808e3-5701-4a04-ac90-212a8a454dc1,INV-c00808e3-5701-4a04-ac90-212a8a454dc1,CID-462,2025-10-04,1370.2,PayPal,Completed,SampleGen
PAY-c7baa02a-a237-4f60-973e-c489d40b88e6,INV-c7baa02a-a237-4f60-973e-c489d40b88e6,CID-463,2026-01-04,782.96,VISA,Completed,SampleGen
PAY-99c8cafa-b65f-46e9-9f66-a0f9c252c238,INV-99c8cafa-b65f-46e9-9f66-a0f9c252c238,CID-463,2025-09-09,3806.18,AmEx,Completed,SampleGen
PAY-760c9b29-f663-4389-9740-404b89a5aea5,INV-760c9b29-f663-4389-9740-404b89a5aea5,CID-464,2025-12-23,815.6,MC,Completed,SampleGen
PAY-57b8bcac-7ae1-4ab0-a1a5-6994699e9f9f,INV-57b8bcac-7ae1-4ab0-a1a5-6994699e9f9f,CID-464,2025-09-07,652.48,MC,Completed,SampleGen
PAY-c97d9ac5-87ed-49c0-b812-19759206056b,INV-c97d9ac5-87ed-49c0-b812-19759206056b,CID-464,2025-12-19,1337.6,VISA,Completed,SampleGen
PAY-db5078ff-3fbb-4b0a-b892-12eae4aa459b,INV-db5078ff-3fbb-4b0a-b892-12eae4aa459b,CID-465,2025-12-21,5774.56,MC,Completed,SampleGen
PAY-8788dca6-8531-4d09-91a3-75dc89312040,INV-8788dca6-8531-4d09-91a3-75dc89312040,CID-465,2026-01-19,3697.45,MC,Completed,SampleGen
PAY-232459ad-55c4-4cc1-bbad-9cfd5d6ab63e,INV-232459ad-55c4-4cc1-bbad-9cfd5d6ab63e,CID-466,2026-01-20,489.34,VISA,Completed,SampleGen
PAY-ab702b6c-f62a-49dc-9d76-f3212d9467b9,INV-ab702b6c-f62a-49dc-9d76-f3212d9467b9,CID-466,2026-02-27,543.73,AmEx,Completed,SampleGen
PAY-95c7229a-2f49-43e3-a497-43c9aaa3a069,INV-95c7229a-2f49-43e3-a497-43c9aaa3a069,CID-467,2025-06-28,706.86,AmEx,Completed,SampleGen
PAY-459be9ee-5482-460b-9ebc-8110c8bc3635,INV-459be9ee-5482-460b-9ebc-8110c8bc3635,CID-467,2025-08-02,3153.7,VISA,Completed,SampleGen
PAY-08ddb827-cbb3-42d5-9c4f-5f771dfb3b9b,INV-08ddb827-cbb3-42d5-9c4f-5f771dfb3b9b,CID-467,2025-09-19,2066.18,MC,Completed,SampleGen
PAY-bd50c118-dfca-4c2f-bc6b-4f2ae9255404,INV-bd50c118-dfca-4c2f-bc6b-4f2ae9255404,CID-467,2025-08-02,2408.76,MC,Completed,SampleGen
PAY-7ea24ab8-28fa-4f64-922d-4f6f1bb0e0c4,INV-7ea24ab8-28fa-4f64-922d-4f6f1bb0e0c4,CID-468,2026-02-03,739.44,PayPal,Completed,SampleGen
PAY-f663034d-dacd-43ae-a198-fb8f6e5bb070,INV-f663034d-dacd-43ae-a198-fb8f6e5bb070,CID-468,2026-02-17,3240.69,VISA,Completed,SampleGen
PAY-ca9ebec4-94e5-4b4c-9b2a-d2199ef90213,INV-ca9ebec4-94e5-4b4c-9b2a-d2199ef90213,CID-468,2026-02-13,5654.96,AmEx,Completed,SampleGen
PAY-d7b0f50a-3749-4f4c-9210-0a84f8ebe784,INV-d7b0f50a-3749-4f4c-9210-0a84f8ebe784,CID-468,2025-07-15,1870.44,AmEx,Completed,SampleGen
PAY-db455f86-0a75-4761-ba99-df09bde4c8f4,INV-db455f86-0a75-4761-ba99-df09bde4c8f4,CID-469,2026-01-12,869.98,VISA,Completed,SampleGen
PAY-aba9169e-761b-4fde-8294-50d1f19e558a,INV-aba9169e-761b-4fde-8294-50d1f19e558a,CID-469,2025-07-14,956.98,Discover,Completed,SampleGen
PAY-5f205d9b-ef95-4ce6-a36e-610d4d22efdf,INV-5f205d9b-ef95-4ce6-a36e-610d4d22efdf,CID-470,2025-10-22,3740.93,AmEx,Completed,SampleGen
PAY-fe3d9fdb-650c-4629-9012-47c8e4a277e0,INV-fe3d9fdb-650c-4629-9012-47c8e4a277e0,CID-471,2026-01-06,1120.09,AmEx,Completed,SampleGen
PAY-4242959f-24b5-4395-9e0e-a9afca505c4a,INV-4242959f-24b5-4395-9e0e-a9afca505c4a,CID-472,2025-08-03,2435.94,PayPal,Completed,SampleGen
PAY-70c1aba0-f63e-4e25-9310-0ad2973fecb5,INV-70c1aba0-f63e-4e25-9310-0ad2973fecb5,CID-473,2025-10-27,2294.58,VISA,Completed,SampleGen
PAY-96b71c68-f654-4c1c-9dd9-69cf2f9ea8c8,INV-96b71c68-f654-4c1c-9dd9-69cf2f9ea8c8,CID-473,2025-06-27,1859.58,VISA,Completed,SampleGen
PAY-8be4ee57-628e-4dea-8476-85dbfb590789,INV-8be4ee57-628e-4dea-8476-85dbfb590789,CID-474,2025-09-16,1304.96,AmEx,Completed,SampleGen
PAY-ab12b4ff-1493-4f1a-ad16-d4f3133e6be5,INV-ab12b4ff-1493-4f1a-ad16-d4f3133e6be5,CID-474,2025-12-02,2609.96,MC,Completed,SampleGen
PAY-23fbcf49-d86c-4be7-b9d4-ac592a209d15,INV-23fbcf49-d86c-4be7-b9d4-ac592a209d15,CID-474,2025-06-10,3197.18,VISA,Completed,SampleGen
PAY-723820fe-5437-4e1f-9761-44b4e0152d3e,INV-723820fe-5437-4e1f-9761-44b4e0152d3e,CID-474,2025-06-29,750.33,AmEx,Completed,SampleGen
PAY-59012b5a-606a-49c7-8384-be919c1687c1,INV-59012b5a-606a-49c7-8384-be919c1687c1,CID-474,2025-11-13,1087.46,PayPal,Completed,SampleGen
PAY-fa8592c0-7ad6-4f54-bed6-084006249f91,INV-fa8592c0-7ad6-4f54-bed6-084006249f91,CID-474,2026-01-10,1957.48,PayPal,Completed,SampleGen
PAY-14b85356-2292-4bc0-b99c-f4bfa31bae11,INV-14b85356-2292-4bc0-b99c-f4bfa31bae11,CID-474,2025-07-29,3229.81,PayPal,Completed,SampleGen
PAY-f12054b0-ccd2-405f-9253-718906cc5a71,INV-f12054b0-ccd2-405f-9253-718906cc5a71,CID-474,2025-06-05,206.61,PayPal,Completed,SampleGen
PAY-b360318c-02b4-449b-9c38-6f4bfcb7b55f,INV-b360318c-02b4-449b-9c38-6f4bfcb7b55f,CID-474,2025-09-01,869.99,MC,Completed,SampleGen
PAY-0ba061b7-8070-4805-ae28-a674bc4e91e5,INV-0ba061b7-8070-4805-ae28-a674bc4e91e5,CID-475,2025-06-21,434.99,VISA,Completed,SampleGen
PAY-1bcc2f8b-fd68-405e-9131-99cab6bc59e9,INV-1bcc2f8b-fd68-405e-9131-99cab6bc59e9,CID-476,2025-06-23,1848.67,PayPal,Completed,SampleGen
PAY-b242f615-999c-4157-8827-be37b479438e,INV-b242f615-999c-4157-8827-be37b479438e,CID-477,2025-06-28,391.48,VISA,Completed,SampleGen
PAY-4bbac17c-323b-4e7b-a047-3da67d136e9b,INV-4bbac17c-323b-4e7b-a047-3da67d136e9b,CID-477,2025-11-26,1000.46,AmEx,Completed,SampleGen
PAY-3d480c22-8272-4c36-917d-de1e247d4334,INV-3d480c22-8272-4c36-917d-de1e247d4334,CID-478,2025-08-16,2022.71,PayPal,Completed,SampleGen
PAY-55ba9b5f-4bf6-4391-8a4f-1e8561c3e542,INV-55ba9b5f-4bf6-4391-8a4f-1e8561c3e542,CID-478,2025-10-11,1337.56,AmEx,Completed,SampleGen
PAY-b102dea9-4d5b-46e2-b0c1-a6dafc9dfbb2,INV-b102dea9-4d5b-46e2-b0c1-a6dafc9dfbb2,CID-478,2025-09-17,195.74,PayPal,Completed,SampleGen
PAY-08f4d3ef-b8e0-46c4-af02-8928572b8c67,INV-08f4d3ef-b8e0-46c4-af02-8928572b8c67,CID-478,2025-10-18,347.96,VISA,Completed,SampleGen
PAY-8434fb3f-26d8-4e5e-bb32-5ba76d04e5c4,INV-8434fb3f-26d8-4e5e-bb32-5ba76d04e5c4,CID-479,2025-12-26,5274.31,VISA,Completed,SampleGen
PAY-3b8b71bd-da60-45f4-8509-d3ad4e2c3c4c,INV-3b8b71bd-da60-45f4-8509-d3ad4e2c3c4c,CID-480,2025-07-03,282.72,Discover,Completed,SampleGen
PAY-e395643b-07bf-4829-ad4f-f5bf0d042dab,INV-e395643b-07bf-4829-ad4f-f5bf0d042dab,CID-481,2025-07-12,434.99,AmEx,Completed,SampleGen
PAY-803aa875-e034-4c42-9e65-8e7aa07d5144,INV-803aa875-e034-4c42-9e65-8e7aa07d5144,CID-481,2026-03-03,391.47,PayPal,Completed,SampleGen
PAY-b179e0d3-ec0c-4d7f-bed1-b0c2ef02e8e0,INV-b179e0d3-ec0c-4d7f-bed1-b0c2ef02e8e0,CID-481,2025-08-06,4001.93,MC,Completed,SampleGen
PAY-c7dfe585-c47c-4480-9901-44797a8b04ac,INV-c7dfe585-c47c-4480-9901-44797a8b04ac,CID-482,2025-09-19,3316.82,MC,Completed,SampleGen
PAY-3f5f8c48-9062-4050-96c5-1a240a35e44c,INV-3f5f8c48-9062-4050-96c5-1a240a35e44c,CID-482,2025-09-02,1304.96,AmEx,Completed,SampleGen
PAY-7ce29cd1-8b9e-44c6-a379-a019e20187cf,INV-7ce29cd1-8b9e-44c6-a379-a019e20187cf,CID-483,2025-10-18,929.76,Discover,Completed,SampleGen
PAY-48384c6d-9616-463a-b1a7-b12c075515e0,INV-48384c6d-9616-463a-b1a7-b12c075515e0,CID-483,2025-07-22,652.48,MC,Completed,SampleGen
PAY-3a67b9da-81fb-4476-890b-fdf66754b902,INV-3a67b9da-81fb-4476-890b-fdf66754b902,CID-484,2025-11-08,1696.47,AmEx,Completed,SampleGen
PAY-18d80fac-a3b0-4baa-b13f-4fbdeb3a73c6,INV-18d80fac-a3b0-4baa-b13f-4fbdeb3a73c6,CID-484,2025-10-26,326.23,PayPal,Completed,SampleGen
PAY-f72923fe-2300-46ad-90e5-58d41b5f32f8,INV-f72923fe-2300-46ad-90e5-58d41b5f32f8,CID-484,2025-12-22,2316.3,MC,Completed,SampleGen
PAY-e3b7c54f-2cae-45f6-ba28-fe73f97fd7ef,INV-e3b7c54f-2cae-45f6-ba28-fe73f97fd7ef,CID-485,2025-09-27,1430.04,VISA,Completed,SampleGen
PAY-298dba30-9304-4106-8e6a-d665ecee10eb,INV-298dba30-9304-4106-8e6a-d665ecee10eb,CID-487,2025-10-14,1957.48,PayPal,Completed,SampleGen
PAY-510032f3-412a-4425-8882-82ed3e7fc7a0,INV-510032f3-412a-4425-8882-82ed3e7fc7a0,CID-488,2025-12-10,869.98,PayPal,Completed,SampleGen
PAY-9604cb41-e160-44b0-a909-5c1809327e3c,INV-9604cb41-e160-44b0-a909-5c1809327e3c,CID-488,2025-06-11,2000.96,Discover,Completed,SampleGen
PAY-0d87c7b8-a9a6-4542-aaf9-fc7c21657698,INV-0d87c7b8-a9a6-4542-aaf9-fc7c21657698,CID-489,2025-08-25,86.99,PayPal,Completed,SampleGen
PAY-6a8c448f-82cb-49d2-979b-99c93b8ca585,INV-6a8c448f-82cb-49d2-979b-99c93b8ca585,CID-490,2026-03-02,445.84,VISA,Completed,SampleGen
PAY-97ad3ade-8ce6-480d-9441-a5570d2477b9,INV-97ad3ade-8ce6-480d-9441-a5570d2477b9,CID-490,2025-12-23,489.36,AmEx,Completed,SampleGen
PAY-2a61b1eb-2c2c-439f-a3b8-4fecd9be3393,INV-2a61b1eb-2c2c-439f-a3b8-4fecd9be3393,CID-490,2025-08-07,587.21,AmEx,Completed,SampleGen
PAY-c9a17a4f-5cfd-44d0-ad20-37f8838fff0b,INV-c9a17a4f-5cfd-44d0-ad20-37f8838fff0b,CID-490,2025-09-25,1261.48,VISA,Completed,SampleGen
PAY-74a7193c-bffa-4983-bc6f-4480449cfa8d,INV-74a7193c-bffa-4983-bc6f-4480449cfa8d,CID-491,2025-12-10,1049.39,VISA,Completed,SampleGen
PAY-cdf15b49-ce85-4f9a-bb49-75f069a1b465,INV-cdf15b49-ce85-4f9a-bb49-75f069a1b465,CID-491,2026-02-15,4241.21,Discover,Completed,SampleGen
PAY-ac8df029-b943-4658-8a38-ca93a3af0243,INV-ac8df029-b943-4658-8a38-ca93a3af0243,CID-491,2025-11-09,761.22,VISA,Completed,SampleGen
PAY-fab756a0-f6f3-42d1-a697-8d6610f683ec,INV-fab756a0-f6f3-42d1-a697-8d6610f683ec,CID-491,2025-09-04,1087.47,VISA,Completed,SampleGen
PAY-566b2e68-bbea-46ff-835f-ceeb16196e0e,INV-566b2e68-bbea-46ff-835f-ceeb16196e0e,CID-492,2026-02-04,1033.09,AmEx,Completed,SampleGen
PAY-bd169c93-6f53-4ca6-9886-365c3a5e72f6,INV-bd169c93-6f53-4ca6-9886-365c3a5e72f6,CID-492,2025-08-12,206.61,VISA,Completed,SampleGen
PAY-5ef47b25-346b-4720-8bf9-8ee519b946ec,INV-5ef47b25-346b-4720-8bf9-8ee519b946ec,CID-493,2025-09-18,1033.09,AmEx,Completed,SampleGen
PAY-7182ed93-cea9-4452-809c-13cee73fa50d,INV-7182ed93-cea9-4452-809c-13cee73fa50d,CID-493,2025-10-14,260.98,PayPal,Completed,SampleGen
PAY-ab75918c-ce09-4913-b5a7-bf5f7bbdb121,INV-ab75918c-ce09-4913-b5a7-bf5f7bbdb121,CID-493,2025-07-08,2609.94,VISA,Completed,SampleGen
PAY-c3c6f43b-2a9e-4228-9cc7-35990bdc14d7,INV-c3c6f43b-2a9e-4228-9cc7-35990bdc14d7,CID-494,2026-03-19,4523.92,MC,Completed,SampleGen
PAY-f4ad275b-9008-4b8c-9ab2-3719993f7391,INV-f4ad275b-9008-4b8c-9ab2-3719993f7391,CID-494,2025-07-15,978.74,VISA,Completed,SampleGen
PAY-df55c2c2-bc9c-47e6-bcff-946a44d49cdd,INV-df55c2c2-bc9c-47e6-bcff-946a44d49cdd,CID-494,2025-09-19,2392.43,AmEx,Completed,SampleGen
PAY-e377918f-d031-4988-9f1a-9a0e2fa2e7d1,INV-e377918f-d031-4988-9f1a-9a0e2fa2e7d1,CID-494,2025-11-30,1478.96,AmEx,Completed,SampleGen
PAY-45ddf40e-7100-4044-9cad-b19bb8352cec,INV-45ddf40e-7100-4044-9cad-b19bb8352cec,CID-495,2026-02-11,1522.44,Discover,Completed,SampleGen
PAY-6eb840a6-63e6-4621-aeaa-50c11519607f,INV-6eb840a6-63e6-4621-aeaa-50c11519607f,CID-495,2025-06-03,1674.7,AmEx,Completed,SampleGen
PAY-54905da7-3949-4ba3-ad14-f32f3de63601,INV-54905da7-3949-4ba3-ad14-f32f3de63601,CID-496,2025-06-13,173.98,MC,Completed,SampleGen
PAY-dab6327d-84e6-487a-83e5-7f7bf55d154f,INV-dab6327d-84e6-487a-83e5-7f7bf55d154f,CID-497,2025-09-30,2120.58,MC,Completed,SampleGen
PAY-81bc38a3-0b9e-43d3-9609-4451321ecab9,INV-81bc38a3-0b9e-43d3-9609-4451321ecab9,CID-497,2025-11-11,108.74,VISA,Completed,SampleGen
PAY-507f5dc7-09bb-4fa3-8c50-46b44e8fd598,INV-507f5dc7-09bb-4fa3-8c50-46b44e8fd598,CID-498,2025-11-14,2131.45,MC,Completed,SampleGen
PAY-d31f9f36-a1aa-4538-a830-22c532924129,INV-d31f9f36-a1aa-4538-a830-22c532924129,CID-498,2025-07-06,326.23,MC,Completed,SampleGen
PAY-f9719418-5fab-4cbe-bc76-f25cf730cd02,INV-f9719418-5fab-4cbe-bc76-f25cf730cd02,CID-501,2025-12-26,869.97,MC,Completed,SampleGen
PAY-82c56c07-08d9-4f39-86f5-56040c740d65,INV-82c56c07-08d9-4f39-86f5-56040c740d65,CID-501,2025-08-15,1881.32,Discover,Completed,SampleGen
PAY-793d9458-33f7-4fe4-99f7-fc61b5757d93,INV-793d9458-33f7-4fe4-99f7-fc61b5757d93,CID-502,2025-10-14,1772.58,VISA,Completed,SampleGen
PAY-3e9d3d94-af4a-4580-bdde-08f9f1467bfc,INV-3e9d3d94-af4a-4580-bdde-08f9f1467bfc,CID-502,2026-01-14,543.73,VISA,Completed,SampleGen
PAY-988593e2-5a52-403b-9d45-46788ceb9ac3,INV-988593e2-5a52-403b-9d45-46788ceb9ac3,CID-502,2025-11-11,413.23,MC,Completed,SampleGen
PAY-14104d89-2412-40c5-a056-81058a865b08,INV-14104d89-2412-40c5-a056-81058a865b08,CID-502,2025-09-05,630.74,AmEx,Completed,SampleGen
PAY-ec4228da-bf9a-4304-b173-6bc4a82b6e37,INV-ec4228da-bf9a-4304-b173-6bc4a82b6e37,CID-503,2025-06-26,1261.46,PayPal,Completed,SampleGen
PAY-86240ed5-455a-4954-b565-18bca500061a,INV-86240ed5-455a-4954-b565-18bca500061a,CID-503,2026-01-13,5763.68,MC,Completed,SampleGen
PAY-1312801b-3110-4138-948b-0f2aec726de7,INV-1312801b-3110-4138-948b-0f2aec726de7,CID-503,2025-07-22,630.71,MC,Completed,SampleGen
PAY-be0f7db8-aac4-4afc-8c7e-4bd15b0d69bd,INV-be0f7db8-aac4-4afc-8c7e-4bd15b0d69bd,CID-503,2026-03-30,2490.32,VISA,Completed,SampleGen
PAY-9f112cb1-5973-4138-a828-5712c404f092,INV-9f112cb1-5973-4138-a828-5712c404f092,CID-504,2026-02-25,5992.05,AmEx,Completed,SampleGen
PAY-5212ca86-7718-480e-9aa3-a948908b6a95,INV-5212ca86-7718-480e-9aa3-a948908b6a95,CID-504,2025-06-23,130.49,VISA,Completed,SampleGen
PAY-57f331b4-1cfc-4f4e-81a9-61514025b5c6,INV-57f331b4-1cfc-4f4e-81a9-61514025b5c6,CID-504,2026-01-29,5589.68,AmEx,Completed,SampleGen
PAY-46094650-bcde-4376-bc09-575e05bba723,INV-46094650-bcde-4376-bc09-575e05bba723,CID-504,2026-01-01,2609.94,MC,Completed,SampleGen
PAY-6ce65d4a-63a2-484b-bb9b-517a7951e1bc,INV-6ce65d4a-63a2-484b-bb9b-517a7951e1bc,CID-504,2026-03-05,391.48,VISA,Completed,SampleGen
PAY-1bd6a5ec-e68e-4d26-acfd-f31a195db811,INV-1bd6a5ec-e68e-4d26-acfd-f31a195db811,CID-505,2026-03-27,163.11,AmEx,Completed,SampleGen
PAY-26e3ab49-ec8f-4b50-9f63-e5a7dc4bc64e,INV-26e3ab49-ec8f-4b50-9f63-e5a7dc4bc64e,CID-505,2025-11-18,271.85,PayPal,Completed,SampleGen
PAY-1face438-6894-412d-8f70-b37a3fc930ec,INV-1face438-6894-412d-8f70-b37a3fc930ec,CID-505,2025-08-25,1076.6,PayPal,Completed,SampleGen
PAY-9e72f1c0-55ff-443f-8a4c-ed4a5611f3cf,INV-9e72f1c0-55ff-443f-8a4c-ed4a5611f3cf,CID-505,2025-07-28,1821.5,Discover,Completed,SampleGen
PAY-2e15558c-4ded-4530-b4d7-560f077d1430,INV-2e15558c-4ded-4530-b4d7-560f077d1430,CID-506,2025-11-28,978.74,VISA,Completed,SampleGen
PAY-bc052831-0dc6-473d-8439-b3e66ea68617,INV-bc052831-0dc6-473d-8439-b3e66ea68617,CID-506,2026-01-01,1304.96,MC,Completed,SampleGen
PAY-a29224c8-3f6b-4736-86d4-b48627b8c898,INV-a29224c8-3f6b-4736-86d4-b48627b8c898,CID-506,2026-01-31,380.61,VISA,Completed,SampleGen
PAY-79795026-9b7a-4406-bdac-8963d85cd99a,INV-79795026-9b7a-4406-bdac-8963d85cd99a,CID-506,2025-08-31,1130.96,MC,Completed,SampleGen
PAY-ead43698-827d-4c3d-b487-fb1992fb2925,INV-ead43698-827d-4c3d-b487-fb1992fb2925,CID-506,2025-10-09,2098.83,Discover,Completed,SampleGen
PAY-a086906f-c8b2-4ed9-8543-d6a2be60370a,INV-a086906f-c8b2-4ed9-8543-d6a2be60370a,CID-506,2025-08-27,913.46,Discover,Completed,SampleGen
PAY-29a56161-31df-4665-9f92-f5ed50312a63,INV-29a56161-31df-4665-9f92-f5ed50312a63,CID-506,2025-09-26,1957.48,MC,Completed,SampleGen
PAY-491240c2-0fa9-406f-a858-455a746aec3c,INV-491240c2-0fa9-406f-a858-455a746aec3c,CID-507,2025-09-08,869.98,PayPal,Completed,SampleGen
PAY-81364f3f-9506-4190-b87e-69c800b9d414,INV-81364f3f-9506-4190-b87e-69c800b9d414,CID-507,2025-07-20,1826.96,AmEx,Completed,SampleGen
PAY-b114e122-e396-4105-93ea-12e0958d60a1,INV-b114e122-e396-4105-93ea-12e0958d60a1,CID-508,2026-01-15,6416.18,VISA,Completed,SampleGen
PAY-1bc701d7-89c6-4bbb-9a70-a71bc24d3590,INV-1bc701d7-89c6-4bbb-9a70-a71bc24d3590,CID-508,2025-10-16,598.1,AmEx,Completed,SampleGen
PAY-b44c896a-2411-4471-824f-271b1a2cec53,INV-b44c896a-2411-4471-824f-271b1a2cec53,CID-508,2025-06-02,2512.07,VISA,Completed,SampleGen
PAY-4b5a037d-7964-4de8-8664-f4180252982e,INV-4b5a037d-7964-4de8-8664-f4180252982e,CID-508,2025-12-27,217.48,AmEx,Completed,SampleGen
PAY-5cd41577-3908-4c22-a664-83a6537fbb8c,INV-5cd41577-3908-4c22-a664-83a6537fbb8c,CID-508,2025-06-06,413.23,VISA,Completed,SampleGen
PAY-1a8eadef-df67-4fb5-a729-65f16379b39b,INV-1a8eadef-df67-4fb5-a729-65f16379b39b,CID-508,2025-07-02,674.21,MC,Completed,SampleGen
PAY-c1276c86-5dd3-4aa5-8d9c-d0282087db72,INV-c1276c86-5dd3-4aa5-8d9c-d0282087db72,CID-508,2025-09-28,2174.97,MC,Completed,SampleGen
PAY-be40b8b8-a8cd-48be-8455-abd54a8ec8de,INV-be40b8b8-a8cd-48be-8455-abd54a8ec8de,CID-508,2025-10-16,2827.48,VISA,Completed,SampleGen
PAY-9902a85c-3a1d-4f2e-a0c4-12c6f2770af0,INV-9902a85c-3a1d-4f2e-a0c4-12c6f2770af0,CID-508,2026-03-24,86.99,VISA,Completed,SampleGen
PAY-18304e50-555b-4e78-8323-59fb4d31b5bf,INV-18304e50-555b-4e78-8323-59fb4d31b5bf,CID-509,2025-09-03,2392.46,Discover,Completed,SampleGen
PAY-04118aec-ac34-48c3-990d-9f42b7e65782,INV-04118aec-ac34-48c3-990d-9f42b7e65782,CID-510,2025-10-19,1739.97,VISA,Completed,SampleGen
PAY-8f4fd18f-5706-419c-9b8d-e00faad3593c,INV-8f4fd18f-5706-419c-9b8d-e00faad3593c,CID-510,2025-10-06,543.72,Discover,Completed,SampleGen
PAY-b1550759-1bee-42bd-8944-a05d993c4b43,INV-b1550759-1bee-42bd-8944-a05d993c4b43,CID-510,2025-10-16,434.99,MC,Completed,SampleGen
PAY-a24ea3cd-16d8-4944-9b6b-f9f90dbc81bc,INV-a24ea3cd-16d8-4944-9b6b-f9f90dbc81bc,CID-510,2025-08-11,173.98,VISA,Completed,SampleGen
PAY-5e5f925f-d21e-4849-8171-8e3c0e187e53,INV-5e5f925f-d21e-4849-8171-8e3c0e187e53,CID-510,2025-10-15,3588.7,MC,Completed,SampleGen
PAY-48312a91-8a6f-4c41-ab37-618dd02aa8c6,INV-48312a91-8a6f-4c41-ab37-618dd02aa8c6,CID-511,2025-10-28,1261.48,MC,Completed,SampleGen
PAY-e00eb5eb-4229-42b6-9ad7-16d2c9f18df4,INV-e00eb5eb-4229-42b6-9ad7-16d2c9f18df4,CID-511,2025-08-02,793.85,PayPal,Completed,SampleGen
PAY-4c81934e-3499-4571-9177-77f7ac332d07,INV-4c81934e-3499-4571-9177-77f7ac332d07,CID-511,2025-12-07,1663.82,VISA,Completed,SampleGen
PAY-a3ae918b-da18-4e96-90fe-c03d6dfde158,INV-a3ae918b-da18-4e96-90fe-c03d6dfde158,CID-511,2025-11-15,141.36,MC,Completed,SampleGen
PAY-011f9f34-0427-44e4-a6c8-89430407ba63,INV-011f9f34-0427-44e4-a6c8-89430407ba63,CID-512,2025-10-21,2740.45,PayPal,Completed,SampleGen
PAY-573e0822-d510-4d3d-a93e-9568b8b16db9,INV-573e0822-d510-4d3d-a93e-9568b8b16db9,CID-512,2025-06-11,1979.2,PayPal,Completed,SampleGen
PAY-f21c0e98-ed03-44a2-ba93-75c9a05dfa55,INV-f21c0e98-ed03-44a2-ba93-75c9a05dfa55,CID-512,2025-06-05,86.99,VISA,Completed,SampleGen
PAY-ccf06b8f-ed7c-4959-833b-46f61aec42b4,INV-ccf06b8f-ed7c-4959-833b-46f61aec42b4,CID-512,2025-07-01,1065.71,MC,Completed,SampleGen
PAY-25855a14-6a4f-4963-9dee-d0822d2e7362,INV-25855a14-6a4f-4963-9dee-d0822d2e7362,CID-512,2025-07-14,706.86,MC,Completed,SampleGen
PAY-fd137048-76df-4a88-ba85-c5c08eb16da0,INV-fd137048-76df-4a88-ba85-c5c08eb16da0,CID-512,2025-09-26,1141.81,MC,Completed,SampleGen
PAY-2041d2eb-bca7-44f4-b41d-b1a7b676fa0e,INV-2041d2eb-bca7-44f4-b41d-b1a7b676fa0e,CID-512,2025-10-11,1631.22,MC,Completed,SampleGen
PAY-08964d84-1409-40f6-bf25-b460ffb7b8d0,INV-08964d84-1409-40f6-bf25-b460ffb7b8d0,CID-513,2026-02-04,4349.94,MC,Completed,SampleGen
PAY-3fde6fac-9176-4b3d-98c0-5882d8df756d,INV-3fde6fac-9176-4b3d-98c0-5882d8df756d,CID-513,2025-10-25,1538.75,PayPal,Completed,SampleGen
